t,valid,conf,lat_mm,head_deg,bandas,contraste,larg_mm,vx,wz,odom_vx,odom_vy,odom_wz,x_m,y_m,yaw_deg,volts,servo,f_valid,f_conf,f_lat_mm,f_head_deg,f_curv,f_curv_ok,f_bandas,fl,fr,rl,rr
0.021,1,0.786,-2.25,0.25,5,72.7,20.56,0.0209,0.0138,0.0,0.0,0.001,-1.478,-2.907,-117.4,12.25,0.0,1,0.837,22.78,33.07,0.0,0,5,0.0,0.0,0.0,0.0
0.056,1,0.785,-2.25,0.28,5,72.6,20.46,0.035,0.0159,0.0,0.0,0.004,-1.478,-2.907,-117.4,12.25,0.0,1,0.822,19.87,34.48,0.0,0,5,0.0,0.0,0.0,0.0
0.091,1,0.789,-2.25,0.25,5,72.6,20.56,0.0489,0.0154,0.002,0.001,-0.003,-1.478,-2.908,-117.4,12.25,3.13,1,0.697,6.79,17.22,0.0,0,5,0.0018,0.0037,0.0018,0.0
0.124,1,0.785,-2.25,0.24,5,72.6,20.56,0.0559,0.0158,0.006,0.003,-0.001,-1.478,-2.908,-117.4,12.25,3.13,1,0.697,6.79,17.22,0.0,0,5,0.0036,0.0146,0.0036,0.0036
0.154,1,0.798,-1.75,0.01,5,72.5,20.46,0.07,0.0159,0.014,0.004,0.04,-1.478,-2.909,-117.34,12.25,3.13,1,0.829,0.48,4.56,3.351,1,5,0.0127,0.0273,0.0073,0.0073
0.19,1,0.797,-1.75,-0.04,5,72.4,20.04,0.07,0.0138,0.017,0.003,0.006,-1.479,-2.909,-117.28,12.25,3.13,1,0.86,-0.48,-5.97,-1.065,1,5,0.0146,0.0329,0.0073,0.0146
0.26,1,0.812,-1.75,0.72,5,72.4,19.85,0.07,0.0158,0.042,0.0,0.011,-1.48,-2.913,-117.28,12.25,3.13,1,0.86,-4.36,-10.2,-1.867,1,5,0.035,0.0386,0.0294,0.035
0.324,1,0.78,-1.75,0.76,5,72.6,20.46,0.07,0.0027,0.061,0.0,0.007,-1.482,-2.916,-117.23,12.25,5.3,1,0.881,-4.36,-9.79,-2.807,1,5,0.0591,0.061,0.0628,0.0628
0.353,1,0.777,-1.75,0.64,5,73.3,20.46,0.07,0.0023,0.067,-0.0,-0.009,-1.483,-2.917,-117.23,12.25,5.3,1,0.878,-4.36,-9.79,-2.836,1,5,0.0647,0.0665,0.0665,0.0702
0.422,1,0.804,-1.75,0.08,5,72.2,19.85,0.07,0.0043,0.078,0.001,-0.002,-1.486,-2.923,-117.28,12.25,5.3,1,0.882,-4.36,-11.63,-3.11,1,5,0.0758,0.0776,0.0812,0.0776
0.456,1,0.793,-1.75,-0.22,5,71.8,20.44,0.07,0.0143,0.077,0.002,-0.028,-1.486,-2.925,-117.28,12.25,5.3,1,0.879,-4.36,-11.14,-4.044,1,5,0.074,0.0776,0.0812,0.0758
0.525,1,0.783,-1.75,-1.16,5,71.9,20.0,0.07,0.0195,0.077,0.003,-0.009,-1.489,-2.93,-117.34,12.23,2.32,1,0.883,-4.36,-11.63,-3.113,1,5,0.0774,0.0792,0.0811,0.07
0.558,1,0.786,-1.75,-1.14,5,72.0,20.0,0.07,0.0359,0.079,0.003,-0.032,-1.49,-2.932,-117.4,12.23,2.32,1,0.854,-0.97,-10.9,-2.094,1,5,0.0811,0.0792,0.0847,0.07
0.623,1,0.798,-2.25,0.25,5,71.6,20.46,0.07,0.0357,0.079,0.0,-0.02,-1.493,-2.937,-117.57,12.23,2.32,1,0.868,0.48,-1.93,-0.123,1,5,0.0813,0.072,0.0868,0.0776
0.657,1,0.798,-2.0,-0.17,5,71.3,20.04,0.07,0.0172,0.078,-0.001,-0.011,-1.493,-2.939,-117.57,12.23,2.32,1,0.868,0.48,-1.93,-0.123,1,5,0.0812,0.072,0.0831,0.0775
0.725,1,0.807,-1.75,0.09,5,71.8,19.59,0.07,0.0211,0.076,-0.003,0.006,-1.496,-2.944,-117.51,12.23,-0.8,1,0.859,3.39,2.3,-2.754,1,5,0.0776,0.0739,0.0721,0.0813
0.757,1,0.813,-1.75,0.09,5,72.3,19.59,0.07,0.0136,0.078,-0.002,0.037,-1.497,-2.946,-117.51,12.23,-0.8,1,0.862,3.39,3.28,-0.549,1,5,0.0777,0.0777,0.074,0.0814
0.79,1,0.828,-1.75,0.43,5,72.5,19.59,0.07,0.0137,0.079,-0.0,0.003,-1.498,-2.948,-117.46,12.23,-0.8,1,0.862,3.39,3.28,-0.549,1,5,0.0758,0.0795,0.0776,0.0832
0.825,1,0.831,-1.75,0.43,5,73.0,20.04,0.07,0.008,0.079,0.002,0.007,-1.5,-2.951,-117.46,12.23,-0.8,1,0.864,5.33,1.71,-1.907,1,5,0.074,0.0814,0.0795,0.0795
0.858,1,0.834,-1.75,0.7,5,73.3,20.2,0.07,0.0081,0.077,0.001,-0.003,-1.501,-2.952,-117.46,12.23,-0.8,1,0.851,8.72,8.34,-1.69,1,5,0.0721,0.0777,0.0777,0.0795
0.923,1,0.821,-1.75,0.68,5,73.6,20.2,0.07,0.0034,0.076,0.001,0.003,-1.503,-2.958,-117.4,12.22,-1.71,1,0.872,8.72,12.15,1.177,1,5,0.0812,0.0793,0.0756,0.0682
0.955,1,0.802,-1.75,0.47,5,73.6,20.2,0.07,0.0038,0.078,0.001,-0.006,-1.504,-2.96,-117.4,12.22,-1.71,1,0.872,8.72,12.15,1.177,1,5,0.083,0.0811,0.0774,0.07
1.025,1,0.814,-2.0,0.86,5,73.4,20.2,0.07,0.0076,0.079,-0.003,-0.019,-1.507,-2.965,-117.46,12.22,-1.71,1,0.869,8.24,11.25,-1.072,1,5,0.0813,0.0739,0.0776,0.0831
1.053,1,0.819,-2.0,1.05,5,73.2,20.2,0.07,0.0037,0.078,-0.003,-0.012,-1.508,-2.966,-117.46,12.22,-1.71,1,0.871,8.24,11.25,-1.074,1,5,0.0795,0.0739,0.0758,0.0832
1.126,1,0.811,-2.99,1.66,5,73.0,19.59,0.07,-0.0001,0.074,0.002,0.003,-1.51,-2.972,-117.51,12.22,-0.05,1,0.875,8.24,10.19,0.0,1,5,0.0721,0.0758,0.0758,0.0721
1.154,1,0.809,-2.75,1.31,5,73.2,20.56,0.07,0.0017,0.072,0.003,-0.017,-1.511,-2.973,-117.51,12.22,-0.05,1,0.876,8.24,10.19,-1.536,1,5,0.0684,0.074,0.0758,0.0703
1.223,1,0.818,-2.99,1.5,5,73.6,20.0,0.07,0.0033,0.069,0.005,-0.007,-1.513,-2.978,-117.51,12.22,-0.05,1,0.866,6.79,11.18,0.812,1,5,0.0647,0.074,0.074,0.0629
1.254,1,0.834,-2.75,1.24,5,73.6,20.56,0.07,0.0024,0.069,0.003,-0.016,-1.514,-2.979,-117.57,12.22,-0.05,1,0.867,4.36,4.31,1.177,1,5,0.0703,0.0703,0.074,0.0629
1.291,1,0.837,-2.25,1.2,5,73.6,20.56,0.07,0.0033,0.073,0.0,-0.009,-1.515,-2.982,-117.57,12.22,1.8,1,0.867,4.36,4.31,1.177,1,5,0.0777,0.0721,0.074,0.0666
1.325,1,0.848,-2.25,1.49,5,73.7,20.56,0.07,-0.0022,0.076,-0.002,-0.033,-1.517,-2.985,-117.63,12.22,1.8,1,0.867,4.36,4.31,1.177,1,5,0.0806,0.0696,0.077,0.0751
1.352,1,0.855,-2.25,1.33,5,73.7,20.56,0.07,-0.0067,0.076,-0.002,-0.053,-1.518,-2.986,-117.69,12.22,1.8,1,0.877,3.39,2.97,-2.931,1,5,0.0788,0.0697,0.077,0.077
1.389,1,0.852,-1.75,0.67,5,73.5,20.56,0.07,-0.0038,0.074,-0.003,0.019,-1.519,-2.988,-117.74,12.22,1.8,1,0.872,3.39,2.96,-1.292,1,5,0.0782,0.0654,0.0764,0.0764
1.453,1,0.848,-1.75,0.63,5,73.2,20.56,0.07,0.0027,0.075,0.002,0.023,-1.521,-2.993,-117.74,12.22,1.8,1,0.88,3.88,2.46,-1.802,1,5,0.0734,0.0734,0.0807,0.0715
1.556,1,0.841,-1.5,0.79,5,72.1,20.2,0.07,0.0042,0.068,0.002,0.028,-1.524,-2.999,-117.69,12.22,2.29,1,0.887,4.36,1.97,-2.287,1,5,0.0593,0.0704,0.0685,0.0722
1.653,1,0.824,-1.25,0.37,5,71.0,20.46,0.07,-0.0008,0.068,0.002,-0.003,-1.527,-3.005,-117.63,12.22,2.29,1,0.885,4.36,2.61,-0.866,1,5,0.0703,0.0722,0.0685,0.0629
1.754,1,0.826,-1.75,0.18,5,71.3,20.2,0.07,0.0042,0.071,-0.001,-0.026,-1.53,-3.011,-117.8,12.22,1.96,1,0.883,4.36,1.94,-0.643,1,5,0.0737,0.0664,0.0737,0.07
1.852,1,0.83,-1.25,-0.12,5,72.3,20.44,0.07,0.0132,0.071,0.003,0.017,-1.534,-3.018,-117.74,12.22,1.96,1,0.881,4.36,1.97,-2.295,1,5,0.063,0.0759,0.0722,0.0741
1.889,1,0.827,-1.0,0.13,5,72.5,20.2,0.07,0.0121,0.068,0.003,0.054,-1.535,-3.02,-117.57,12.22,1.96,1,0.883,4.36,1.96,-2.307,1,5,0.0574,0.0759,0.0648,0.0722
1.922,1,0.832,-0.75,0.09,5,72.9,20.04,0.07,0.0051,0.067,0.0,0.039,-1.536,-3.022,-117.51,12.21,1.64,1,0.875,5.33,1.59,1.455,1,5,0.0592,0.074,0.0592,0.074
1.953,1,0.838,-0.75,0.47,5,72.9,20.44,0.07,0.0033,0.066,-0.001,0.055,-1.537,-3.023,-117.46,12.21,1.64,1,0.875,5.33,1.59,1.455,1,5,0.0611,0.0722,0.0574,0.074
1.99,1,0.841,-0.75,0.76,5,72.9,20.44,0.07,-0.0029,0.068,-0.002,0.04,-1.538,-3.026,-117.34,12.21,1.64,1,0.88,5.33,3.18,-2.278,1,5,0.0641,0.0732,0.0586,0.0769
2.021,1,0.846,-0.5,0.52,5,73.2,20.04,0.07,-0.0074,0.068,-0.002,0.04,-1.539,-3.028,-117.23,12.21,1.64,1,0.88,5.33,3.18,-2.278,1,5,0.066,0.0733,0.0586,0.0733
2.053,1,0.845,-0.5,0.54,5,73.2,20.0,0.07,-0.0058,0.068,-0.002,0.021,-1.54,-3.03,-117.23,12.21,1.64,1,0.872,5.82,3.9,-3.9,1,5,0.0678,0.0733,0.0586,0.0733
2.152,1,0.85,-0.75,0.88,5,74.1,20.46,0.07,-0.0054,0.073,-0.006,-0.014,-1.544,-3.036,-117.28,12.21,1.71,1,0.875,5.33,3.81,-0.846,1,5,0.0776,0.0591,0.0739,0.0813
2.222,1,0.853,-1.0,0.82,5,74.7,20.57,0.07,-0.0083,0.077,-0.002,0.031,-1.547,-3.041,-117.28,12.21,1.71,1,0.882,5.33,3.81,-0.838,1,5,0.0777,0.0777,0.0722,0.0796
2.256,1,0.855,-0.75,0.88,5,74.9,20.46,0.07,-0.0044,0.077,0.0,0.012,-1.548,-3.043,-117.28,12.21,1.71,1,0.882,5.33,3.81,-0.838,1,5,0.0759,0.0814,0.074,0.0777
2.324,1,0.858,-1.25,1.32,5,74.9,20.46,0.07,-0.0087,0.071,0.001,0.012,-1.55,-3.048,-117.23,12.21,1.71,1,0.88,5.33,3.81,-0.84,1,5,0.0648,0.0703,0.074,0.074
2.352,1,0.851,-1.25,1.33,5,75.2,20.46,0.07,-0.0105,0.07,0.0,0.007,-1.551,-3.049,-117.23,12.21,1.71,1,0.885,5.33,3.81,-0.833,1,5,0.0667,0.0704,0.0704,0.0722
2.451,1,0.866,-1.75,1.22,5,75.5,20.46,0.07,-0.0116,0.069,-0.003,-0.029,-1.554,-3.055,-117.28,12.21,1.71,1,0.891,5.33,4.12,-0.068,1,5,0.0739,0.0628,0.0683,0.0702
2.552,1,0.825,-2.25,1.09,5,75.6,20.04,0.07,-0.0047,0.072,-0.009,-0.002,-1.558,-3.061,-117.46,12.19,2.12,1,0.886,4.36,2.91,-0.077,1,5,0.0833,0.0629,0.0629,0.0796
2.652,1,0.867,-2.25,1.18,5,76.3,20.46,0.07,0.0022,0.075,-0.002,0.006,-1.562,-3.067,-117.34,12.19,2.12,1,0.882,4.36,3.06,-1.826,1,5,0.0758,0.0739,0.0721,0.0776
2.687,1,0.872,-2.25,1.18,5,76.4,20.46,0.07,0.0005,0.073,-0.001,0.001,-1.563,-3.07,-117.34,12.19,2.12,1,0.884,4.36,4.49,-2.184,1,5,0.0703,0.074,0.0703,0.0777
2.753,1,0.863,-2.25,0.88,5,75.7,20.46,0.07,-0.0,0.073,0.001,0.002,-1.565,-3.074,-117.34,12.19,2.12,1,0.879,4.36,4.5,-2.182,1,5,0.0684,0.074,0.074,0.074
2.823,1,0.861,-2.75,0.97,5,75.5,20.46,0.07,0.005,0.077,-0.002,-0.009,-1.568,-3.079,-117.4,12.19,2.12,1,0.887,4.36,2.91,-0.076,1,5,0.0813,0.0739,0.0757,0.0776
2.851,1,0.861,-2.75,0.96,5,75.5,20.04,0.07,0.0093,0.077,-0.005,0.001,-1.569,-3.081,-117.4,12.19,2.12,1,0.887,4.36,2.91,-0.076,1,5,0.0832,0.0702,0.0739,0.0813
2.89,1,0.856,-2.75,0.72,5,75.1,20.2,0.07,0.0092,0.078,-0.009,0.009,-1.571,-3.083,-117.4,12.19,2.12,1,0.889,3.39,3.93,-0.745,1,5,0.085,0.0684,0.0684,0.0887
2.924,1,0.857,-2.75,0.71,5,75.3,20.2,0.07,0.0128,0.077,-0.008,0.034,-1.573,-3.086,-117.4,12.17,1.76,1,0.889,3.39,3.0,-2.931,1,5,0.0813,0.0721,0.0647,0.0887
2.951,1,0.854,-2.75,0.69,5,75.4,20.2,0.07,0.0127,0.077,-0.006,0.015,-1.573,-3.087,-117.34,12.17,1.76,1,0.89,3.39,3.0,-2.927,1,5,0.0794,0.0776,0.0646,0.0849
3.052,1,0.86,-2.5,1.02,5,75.2,20.04,0.105,0.0128,0.078,-0.002,0.018,-1.577,-3.094,-117.11,12.17,1.76,1,0.882,4.36,4.78,-1.446,1,5,0.0739,0.0813,0.0702,0.0849
3.091,1,0.862,-2.25,0.78,5,75.5,20.2,0.112,0.0034,0.08,-0.0,0.001,-1.579,-3.097,-117.06,12.17,1.76,1,0.89,4.36,4.48,-2.19,1,5,0.0757,0.0831,0.0757,0.0849
3.123,1,0.856,-2.25,0.79,5,75.7,20.2,0.1261,0.0033,0.088,-0.002,-0.018,-1.581,-3.101,-117.11,12.17,1.36,1,0.889,4.36,4.48,-2.194,1,5,0.0886,0.0867,0.0849,0.0904
3.152,1,0.822,-2.25,0.85,5,75.9,20.2,0.14,0.0021,0.094,-0.003,-0.019,-1.582,-3.102,-117.11,12.17,1.36,1,0.889,4.36,4.48,-2.194,1,5,0.096,0.0886,0.0942,0.0979
3.186,1,0.836,-2.25,0.46,5,76.1,20.46,0.1469,0.0,0.108,-0.004,-0.015,-1.584,-3.107,-117.11,12.17,1.36,1,0.889,4.36,4.16,-2.866,1,5,0.1139,0.101,0.1084,0.1102
3.222,1,0.833,-2.25,0.78,5,76.3,20.2,0.1553,0.0087,0.124,-0.003,-0.023,-1.587,-3.112,-117.17,12.17,1.36,1,0.888,4.36,4.47,-2.2,1,5,0.1279,0.1187,0.1242,0.126
3.255,1,0.841,-2.5,1.1,5,76.3,20.2,0.1506,0.0018,0.133,-0.001,-0.018,-1.588,-3.114,-117.17,12.17,1.36,1,0.89,4.36,4.17,-2.86,1,5,0.1352,0.1315,0.1315,0.1334
3.287,1,0.827,-2.25,0.49,5,76.5,20.04,0.1575,-0.0035,0.149,0.004,0.078,-1.591,-3.12,-117.11,12.17,1.36,1,0.891,4.36,4.47,-2.2,1,5,0.1459,0.1532,0.1513,0.1441
3.319,1,0.851,-2.5,1.07,5,76.1,20.2,0.1651,0.0076,0.158,0.004,-0.008,-1.593,-3.126,-117.17,12.17,0.99,1,0.888,4.36,4.48,-2.196,1,5,0.1539,0.1612,0.1631,0.1539
3.352,1,0.839,-2.25,0.59,5,76.1,20.46,0.1641,-0.0038,0.163,0.003,0.019,-1.595,-3.129,-117.17,12.17,0.99,1,0.888,4.85,4.62,-1.246,1,5,0.1608,0.1627,0.17,0.159
3.388,1,0.861,-2.0,0.74,5,75.7,20.57,0.1711,0.0045,0.169,-0.003,0.03,-1.598,-3.134,-117.17,12.17,0.99,1,0.888,4.85,4.62,-1.246,1,5,0.1713,0.1623,0.1713,0.1731
3.451,1,0.845,-1.75,0.67,5,74.9,20.04,0.1941,-0.0039,0.178,-0.0,0.023,-1.603,-3.144,-117.11,12.17,0.99,1,0.884,4.36,5.43,0.0,1,5,0.176,0.176,0.1795,0.1813
3.487,1,0.806,-1.75,0.6,5,74.7,20.46,0.1823,-0.0038,0.181,0.003,-0.023,-1.606,-3.151,-117.23,12.17,0.99,1,0.884,2.91,1.26,-1.793,1,5,0.1765,0.182,0.1857,0.1802
3.52,1,0.841,-1.75,0.5,5,74.5,20.44,0.1633,-0.0,0.191,0.002,-0.046,-1.61,-3.158,-117.28,12.19,0.71,1,0.888,2.42,0.18,-2.48,1,5,0.1887,0.1869,0.198,0.1887
3.551,1,0.842,-1.75,0.49,5,74.2,20.44,0.165,0.0027,0.193,-0.003,0.024,-1.612,-3.161,-117.28,12.19,0.71,1,0.89,2.91,-0.64,-2.115,1,5,0.1945,0.1815,0.1982,0.1982
3.59,1,0.838,-1.25,0.6,5,73.9,20.44,0.1531,0.0037,0.196,-0.001,0.07,-1.615,-3.168,-117.17,12.19,0.71,1,0.897,3.39,-0.19,-2.89,1,5,0.1944,0.187,0.2018,0.1999
3.619,1,0.852,-1.75,1.2,5,74.0,20.46,0.1438,-0.004,0.19,0.001,-0.036,-1.619,-3.175,-117.17,12.19,0.71,1,0.892,3.39,0.44,-3.047,1,5,0.1867,0.1886,0.1941,0.1923
3.652,1,0.842,-1.5,0.55,5,73.6,20.2,0.1508,-0.012,0.189,0.002,0.028,-1.62,-3.178,-117.17,12.19,0.71,1,0.896,3.39,0.75,-2.33,1,5,0.1866,0.1922,0.1903,0.1885
3.719,1,0.84,-1.25,0.72,5,73.4,20.04,0.1629,-0.0006,0.179,-0.005,-0.075,-1.627,-3.19,-117.28,12.19,-0.11,1,0.88,6.3,4.42,-2.284,1,5,0.1871,0.1723,0.176,0.1797
3.752,1,0.825,-2.25,1.04,5,73.1,20.46,0.1548,-0.007,0.173,-0.003,-0.045,-1.629,-3.193,-117.34,12.19,-0.11,1,0.892,6.3,5.31,-0.124,1,5,0.1815,0.1667,0.1741,0.1704
3.786,1,0.828,-2.25,0.75,5,73.5,20.2,0.1484,-0.0009,0.167,0.001,-0.081,-1.632,-3.199,-117.46,12.19,-0.11,1,0.88,4.36,5.41,1.701,1,5,0.1704,0.163,0.1741,0.1612
3.821,1,0.828,-2.25,0.37,5,73.4,20.04,0.1546,0.0041,0.167,0.001,-0.027,-1.635,-3.205,-117.57,12.19,-0.11,1,0.88,4.36,5.41,1.701,1,5,0.1702,0.1573,0.1795,0.1628
3.851,1,0.818,-1.75,-0.16,5,73.4,20.04,0.1574,0.0123,0.167,0.0,-0.003,-1.636,-3.208,-117.63,12.19,-0.11,1,0.896,4.36,1.97,-2.33,1,5,0.172,0.1553,0.1793,0.1627
3.886,1,0.823,-1.75,0.21,5,73.6,20.44,0.1455,0.0186,0.166,0.0,0.011,-1.639,-3.214,-117.57,12.19,-0.11,1,0.893,4.36,1.97,-2.342,1,5,0.17,0.1552,0.1774,0.1608
3.921,1,0.819,-1.75,0.29,5,73.9,20.2,0.1338,0.0108,0.162,0.005,-0.064,-1.642,-3.22,-117.69,12.17,-0.38,1,0.893,4.36,1.97,-2.342,1,5,0.159,0.1609,0.1738,0.1553
3.953,1,0.815,-2.25,0.09,5,74.0,20.44,0.1376,0.0091,0.162,0.006,-0.022,-1.643,-3.223,-117.74,12.17,-0.38,1,0.893,4.36,1.97,-2.342,1,5,0.1553,0.1609,0.1738,0.1572
3.988,1,0.842,-2.0,0.16,5,74.4,20.04,0.1257,0.0198,0.16,0.005,-0.047,-1.646,-3.229,-117.86,12.17,-0.38,1,0.893,4.36,1.97,-2.342,1,5,0.1534,0.1571,0.1737,0.1571
4.022,1,0.848,-2.0,-0.12,5,74.9,20.2,0.1322,0.0147,0.155,-0.001,0.061,-1.649,-3.234,-117.8,12.17,-0.38,1,0.89,3.88,0.88,-1.447,1,5,0.157,0.144,0.1625,0.1551
4.05,1,0.862,-1.75,0.22,5,75.0,20.46,0.1461,0.0207,0.152,-0.002,0.03,-1.651,-3.236,-117.74,12.17,-0.38,1,0.891,4.36,-0.57,-2.516,1,5,0.1551,0.1422,0.157,0.1533
4.085,1,0.873,-2.25,0.39,5,74.7,20.44,0.153,0.0097,0.145,-0.001,-0.012,-1.653,-3.241,-117.74,12.17,-0.38,1,0.896,4.36,2.0,-2.312,1,5,0.1459,0.1459,0.1422,0.1459
4.12,1,0.869,-2.25,-0.16,5,74.8,20.46,0.1622,0.0113,0.141,0.001,0.023,-1.656,-3.246,-117.8,12.17,-0.38,1,0.896,4.36,2.0,-2.312,1,5,0.1402,0.1457,0.1383,0.1402
4.15,1,0.85,-2.25,0.1,5,75.1,20.46,0.1617,0.0248,0.142,0.001,0.007,-1.657,-3.249,-117.8,12.17,-0.38,1,0.892,3.39,0.77,-2.333,1,5,0.142,0.1476,0.1383,0.1402
4.185,1,0.874,-2.25,0.12,5,74.8,20.44,0.1686,0.0182,0.147,-0.001,0.009,-1.66,-3.254,-117.74,12.17,-0.38,1,0.887,3.39,1.38,-0.853,1,5,0.1476,0.1458,0.1458,0.1476
4.22,1,0.876,-2.0,0.17,5,74.5,20.44,0.1828,0.0173,0.154,-0.0,0.076,-1.663,-3.26,-117.69,12.17,-0.38,1,0.887,3.39,1.38,-0.853,1,5,0.1496,0.1533,0.1533,0.1588
4.25,1,0.834,-1.25,-0.05,5,73.9,20.46,0.1897,0.0126,0.156,0.002,0.084,-1.664,-3.263,-117.57,12.17,-0.38,1,0.9,4.36,1.03,-2.795,1,5,0.1459,0.1588,0.157,0.1607
4.288,1,0.862,-1.75,0.43,5,73.6,20.46,0.1658,0.0094,0.162,0.005,0.006,-1.667,-3.269,-117.57,12.17,-0.38,1,0.894,5.33,2.21,-2.751,1,5,0.1494,0.1678,0.166,0.166
4.319,1,0.87,-1.25,0.08,5,73.7,20.46,0.1601,0.0046,0.172,0.004,0.034,-1.671,-3.276,-117.57,12.17,-1.1,1,0.888,4.36,2.0,-2.305,1,5,0.1626,0.1774,0.1737,0.1737
4.352,1,0.85,-0.75,-0.18,5,73.6,20.46,0.1503,0.0076,0.176,-0.0,0.033,-1.673,-3.279,-117.51,12.17,-1.1,1,0.895,4.36,1.04,-4.436,1,5,0.172,0.1775,0.1738,0.1793
4.385,1,0.85,-0.75,0.21,5,73.4,20.46,0.1384,0.0075,0.176,-0.004,0.02,-1.676,-3.285,-117.51,12.17,-1.1,1,0.895,4.36,1.04,-4.436,1,5,0.1796,0.1777,0.1666,0.1796
4.421,1,0.862,-1.25,0.67,5,73.3,20.0,0.1143,0.0009,0.171,-0.0,-0.014,-1.679,-3.291,-117.51,12.17,-1.1,1,0.895,4.36,1.04,-4.436,1,5,0.1692,0.171,0.1692,0.1729
4.454,1,0.859,-1.25,0.35,5,73.5,20.46,0.1091,-0.0004,0.166,0.001,-0.078,-1.68,-3.294,-117.57,12.17,-1.1,1,0.895,4.36,1.04,-4.436,1,5,0.1599,0.1654,0.1691,0.1691
4.49,1,0.863,-1.75,0.25,5,74.0,20.44,0.1091,0.0052,0.161,0.001,-0.006,-1.683,-3.299,-117.63,12.17,-1.1,1,0.895,4.36,1.04,-4.436,1,5,0.1506,0.1543,0.1708,0.169
4.518,1,0.856,-1.5,0.01,5,73.4,20.44,0.116,0.0129,0.154,-0.006,0.035,-1.686,-3.304,-117.63,12.19,-2.01,1,0.901,4.36,0.99,-2.779,1,5,0.1533,0.144,0.1533,0.1662
4.551,1,0.859,-1.25,-0.23,5,73.2,20.44,0.1109,0.0138,0.152,-0.007,0.082,-1.688,-3.307,-117.51,12.19,-2.01,1,0.898,4.36,0.99,-4.488,1,5,0.1565,0.1436,0.1473,0.162
4.586,1,0.865,-1.75,0.54,5,73.9,20.44,0.1078,0.0147,0.144,-0.006,-0.036,-1.69,-3.312,-117.46,12.19,-2.01,1,0.898,4.36,0.99,-4.488,1,5,0.1509,0.1435,0.1343,0.149
4.618,1,0.873,-1.75,0.25,5,74.4,20.46,0.1078,0.0074,0.137,-0.003,0.039,-1.693,-3.316,-117.46,12.19,-2.01,1,0.898,4.36,0.99,-4.488,1,5,0.1407,0.1407,0.1279,0.1388
4.684,1,0.88,-1.75,0.15,5,74.6,20.2,0.1217,0.0114,0.128,-0.005,-0.016,-1.697,-3.323,-117.46,12.19,-2.01,1,0.863,13.09,17.44,0.0,0,5,0.1322,0.1231,0.1231,0.1322
4.723,1,0.892,-2.25,0.4,5,74.9,20.44,0.1358,0.013,0.122,-0.006,-0.044,-1.699,-3.327,-117.51,12.19,-3.21,1,0.863,13.09,17.44,0.0,0,5,0.1295,0.1166,0.1166,0.1258
4.75,1,0.887,-2.25,0.13,5,74.2,20.44,0.144,0.0129,0.12,-0.006,0.002,-1.701,-3.329,-117.57,12.19,-3.21,1,0.887,12.12,14.22,-1.296,1,5,0.1294,0.1146,0.1128,0.1239
4.784,1,0.872,-2.0,0.06,5,73.8,19.97,0.1321,0.0188,0.119,-0.001,0.093,-1.702,-3.334,-117.46,12.19,-3.21,1,0.891,11.15,14.26,-3.604,1,5,0.1203,0.1203,0.1147,0.1203
4.819,1,0.869,-2.0,0.21,5,73.9,19.97,0.1299,0.0168,0.121,0.003,-0.023,-1.703,-3.336,-117.4,12.19,-3.21,1,0.891,11.15,14.26,-3.604,1,5,0.1147,0.1295,0.1184,0.1203
4.852,1,0.891,-2.25,0.22,5,74.0,20.46,0.1299,0.0137,0.12,0.006,-0.038,-1.704,-3.338,-117.46,12.19,-3.21,1,0.891,11.15,14.26,-3.604,1,5,0.1109,0.1294,0.122,0.1183
4.886,1,0.878,-2.25,0.4,5,74.4,20.44,0.1368,0.0163,0.12,0.005,0.029,-1.707,-3.344,-117.46,12.19,-3.21,1,0.889,11.15,11.69,-0.939,1,5,0.1079,0.1276,0.1222,0.1204
4.917,1,0.882,-1.75,-0.05,5,74.6,20.46,0.1474,0.0117,0.119,0.001,0.035,-1.709,-3.346,-117.4,12.17,-1.73,1,0.891,11.15,13.85,-2.903,1,5,0.1128,0.1217,0.1182,0.1235
4.951,1,0.891,-1.75,0.64,5,75.0,20.04,0.1354,0.0157,0.119,-0.003,0.058,-1.71,-3.348,-117.34,12.17,-1.73,1,0.889,11.15,12.53,-4.016,1,5,0.118,0.118,0.1144,0.1252
4.986,1,0.89,-1.25,0.08,5,74.8,20.46,0.1423,0.0008,0.121,-0.004,0.068,-1.713,-3.354,-117.23,12.17,-1.73,1,0.873,10.66,13.54,-0.794,1,5,0.1231,0.1249,0.1102,0.1267
5.018,1,0.893,-0.75,0.2,5,75.1,20.0,0.1374,0.0076,0.124,0.003,-0.045,-1.715,-3.359,-117.17,12.17,-1.73,1,0.879,8.24,8.16,-4.631,1,5,0.1164,0.133,0.122,0.1257
5.05,1,0.888,-1.25,0.46,5,74.9,20.44,0.1153,0.0005,0.124,0.003,-0.045,-1.715,-3.359,-117.17,12.17,-1.73,1,0.894,9.21,7.1,-4.19,1,5,0.1164,0.133,0.122,0.1257
5.083,1,0.883,-1.0,0.44,5,74.9,19.97,0.1222,0.0019,0.131,0.006,-0.048,-1.719,-3.366,-117.28,12.17,-1.73,1,0.888,8.24,6.83,-2.218,1,5,0.12,0.1329,0.1403,0.131
5.118,1,0.882,-1.0,0.52,5,74.8,19.97,0.1363,-0.0014,0.131,0.003,0.016,-1.72,-3.369,-117.28,12.17,-0.7,1,0.888,8.24,6.83,-2.218,1,5,0.1237,0.1292,0.1384,0.1329
5.152,1,0.871,-1.25,0.27,5,74.4,20.04,0.1503,-0.0037,0.131,0.001,-0.019,-1.721,-3.371,-117.28,12.17,-0.7,1,0.888,8.24,6.83,-2.218,1,5,0.1273,0.1273,0.1366,0.1329
5.185,1,0.856,-1.25,0.38,5,74.3,20.46,0.1465,0.0055,0.125,-0.003,0.016,-1.725,-3.377,-117.34,12.17,-0.7,1,0.892,8.24,6.54,-2.941,1,5,0.1276,0.122,0.122,0.1276
5.222,1,0.865,-0.5,-0.12,5,73.9,19.97,0.1465,0.0027,0.126,0.001,0.06,-1.727,-3.382,-117.23,12.17,-0.7,1,0.892,8.24,6.54,-2.941,1,5,0.1277,0.1277,0.1277,0.1221
5.252,1,0.871,-0.25,0.33,5,74.1,19.85,0.1465,0.0054,0.13,0.004,-0.006,-1.728,-3.385,-117.17,12.17,-0.7,1,0.892,8.24,6.54,-2.941,1,5,0.1296,0.1333,0.1333,0.1222
5.287,1,0.874,-0.25,0.25,5,73.8,20.04,0.1347,-0.0071,0.137,0.006,-0.007,-1.73,-3.39,-117.23,12.17,-0.7,1,0.907,9.21,6.79,-4.889,1,5,0.1332,0.1443,0.1406,0.1295
5.319,1,0.873,-0.25,0.6,5,73.3,20.46,0.1104,-0.0036,0.14,0.006,-0.004,-1.732,-3.392,-117.23,12.17,-0.78,1,0.901,9.21,5.74,-5.419,1,5,0.1332,0.1443,0.1462,0.1351
5.353,1,0.87,-0.25,0.32,5,73.9,20.0,0.0865,-0.0093,0.141,0.0,-0.017,-1.733,-3.395,-117.28,12.17,-0.78,1,0.901,9.21,5.74,-5.419,1,5,0.1368,0.1405,0.1424,0.1442
5.383,1,0.866,-0.25,0.32,5,74.1,20.46,0.0845,-0.0041,0.135,-0.005,-0.016,-1.737,-3.402,-117.34,12.17,-0.78,1,0.901,9.21,5.74,-5.419,1,5,0.1404,0.1293,0.1312,0.1386
5.417,1,0.866,-0.25,0.25,5,73.9,20.0,0.0845,-0.0039,0.131,-0.006,0.05,-1.738,-3.404,-117.28,12.17,-0.78,1,0.89,9.21,4.38,-5.14,1,5,0.1404,0.1293,0.1312,0.1386
5.45,1,0.855,-0.75,0.57,5,73.3,20.46,0.0845,-0.0025,0.127,-0.002,0.004,-1.739,-3.406,-117.28,12.17,-0.78,1,0.89,9.21,4.38,-5.14,1,5,0.1368,0.1294,0.1202,0.1202
5.483,1,0.868,-1.5,0.32,5,73.9,19.97,0.0845,-0.0017,0.117,0.007,-0.031,-1.742,-3.412,-117.51,12.17,-0.78,1,0.881,8.24,5.86,-4.878,1,5,0.1142,0.1216,0.1271,0.1068
5.519,1,0.881,-1.5,-0.07,5,74.4,20.44,0.0845,0.0109,0.115,0.008,-0.079,-1.743,-3.414,-117.63,12.2,-1.49,1,0.883,7.27,3.57,-3.835,1,5,0.1142,0.1216,0.1271,0.1068
5.55,1,0.883,-1.75,0.22,5,74.8,20.2,0.0845,0.0171,0.11,0.003,-0.054,-1.745,-3.418,-117.74,12.2,-1.49,1,0.875,7.27,4.8,-4.898,1,5,0.1068,0.0976,0.129,0.1068
5.583,1,0.877,-1.75,-0.44,5,75.3,20.46,0.0845,0.0144,0.103,-0.001,-0.035,-1.747,-3.422,-117.86,12.2,-1.49,1,0.875,7.27,2.32,-5.246,1,5,0.1124,0.0866,0.1161,0.0958
5.619,1,0.864,-2.0,0.25,5,75.5,20.2,0.0845,0.0249,0.095,-0.008,-0.044,-1.749,-3.425,-117.91,12.2,-1.49,1,0.875,7.27,2.32,-5.246,1,5,0.116,0.081,0.0939,0.0902
5.648,1,0.876,-2.25,-0.3,5,75.8,20.46,0.0845,0.0158,0.095,-0.008,-0.044,-1.749,-3.425,-117.91,12.2,-1.49,1,0.861,6.3,4.08,-3.982,1,5,0.116,0.081,0.0939,0.0902
5.684,1,0.877,-2.5,-0.43,5,76.1,20.2,0.0845,0.0278,0.091,-0.005,0.068,-1.752,-3.429,-117.91,12.2,-1.49,1,0.847,7.76,2.13,-3.247,1,5,0.1016,0.0832,0.0887,0.0887
5.721,1,0.876,-2.5,-0.32,5,76.1,20.44,0.0845,0.0321,0.086,0.004,-0.01,-1.753,-3.432,-117.86,12.2,-3.63,1,0.847,7.76,2.13,-3.247,1,5,0.0794,0.0886,0.0923,0.0849
5.75,1,0.875,-2.25,-0.56,5,76.0,20.46,0.0845,0.0298,0.086,0.004,-0.01,-1.753,-3.432,-117.86,12.2,-3.63,1,0.847,7.76,2.13,-3.247,1,5,0.0794,0.0886,0.0923,0.0849
5.784,1,0.872,-2.75,-0.04,5,75.8,20.46,0.0845,0.0302,0.081,0.005,-0.026,-1.755,-3.437,-117.97,12.2,-3.63,1,0.841,10.18,9.72,-1.441,1,5,0.0684,0.0868,0.085,0.085
5.819,1,0.866,-2.75,-0.57,5,75.7,20.46,0.0845,0.0269,0.08,0.001,0.01,-1.756,-3.438,-117.91,12.2,-3.63,1,0.841,10.18,9.72,-1.441,1,5,0.0721,0.0813,0.0813,0.085
5.852,1,0.864,-2.75,-0.68,5,75.6,20.46,0.0845,0.0359,0.079,-0.0,-0.018,-1.757,-3.439,-117.97,12.2,-3.63,1,0.841,10.18,9.72,-1.441,1,5,0.0777,0.0777,0.0795,0.0814
5.882,1,0.868,-2.99,-0.44,5,75.7,20.44,0.0845,0.0374,0.074,-0.003,-0.001,-1.759,-3.443,-117.97,12.2,-3.63,1,0.833,9.69,10.65,-1.871,1,5,0.0807,0.0715,0.0697,0.0733
5.92,1,0.878,-2.75,-0.68,5,75.7,20.46,0.0845,0.0358,0.073,-0.002,0.008,-1.759,-3.445,-117.97,12.2,-4.01,1,0.747,9.21,8.6,0.0,0,4,0.0807,0.0715,0.0697,0.0733
5.949,1,0.886,-2.75,-0.68,5,75.7,20.46,0.0845,0.0367,0.071,-0.002,0.015,-1.76,-3.446,-117.97,12.2,-4.01,1,0.747,9.21,8.6,0.0,0,4,0.0732,0.0732,0.0659,0.0732
5.985,1,0.884,-2.75,-0.56,5,75.3,20.46,0.0845,0.0367,0.069,-0.001,0.047,-1.762,-3.449,-117.86,12.2,-4.01,1,0.746,9.21,8.59,0.0,0,4,0.068,0.0772,0.0588,0.0735
6.023,1,0.879,-2.25,-0.56,5,75.2,20.46,0.0845,0.0346,0.068,0.0,0.124,-1.763,-3.452,-117.63,12.2,-4.01,1,0.746,9.21,8.59,0.0,0,4,0.0606,0.0771,0.0606,0.0753
6.047,1,0.876,-1.75,-0.44,5,75.0,20.46,0.0845,0.0283,0.068,0.0,0.124,-1.763,-3.452,-117.63,12.2,-4.01,1,0.751,10.18,9.36,-5.612,1,4,0.0606,0.0771,0.0606,0.0753
6.084,1,0.88,-1.75,-0.05,5,75.0,20.46,0.0797,0.0205,0.069,0.005,-0.024,-1.764,-3.455,-117.51,12.2,-4.01,1,0.752,11.15,10.84,-3.537,1,4,0.0548,0.0822,0.0657,0.0749
6.118,1,0.879,-1.25,-0.28,5,74.5,20.2,0.0797,0.0148,0.07,0.005,0.059,-1.766,-3.457,-117.4,12.2,-2.86,1,0.752,11.15,10.84,-3.537,1,4,0.055,0.0844,0.0679,0.0734
6.152,1,0.878,-1.25,0.07,5,74.4,20.46,0.0797,0.0135,0.07,0.004,0.001,-1.766,-3.458,-117.4,12.2,-2.86,1,0.752,11.15,10.84,-3.537,1,4,0.0606,0.0845,0.0624,0.0716
6.182,1,0.876,-1.25,0.07,5,74.1,20.0,0.0797,0.0079,0.066,0.001,0.021,-1.767,-3.461,-117.34,12.2,-2.86,1,0.74,11.63,11.43,-3.517,1,4,0.0609,0.0739,0.0609,0.0683
6.219,1,0.865,-1.25,0.39,5,73.9,20.0,0.0797,0.0088,0.063,0.0,0.005,-1.768,-3.463,-117.34,12.2,-2.86,1,0.744,11.15,10.83,-3.533,1,4,0.0591,0.0664,0.0591,0.0701
6.25,1,0.869,-1.25,0.08,5,73.8,20.46,0.0797,0.0033,0.064,0.0,0.016,-1.769,-3.464,-117.34,12.2,-2.86,1,0.74,11.15,10.83,-3.535,1,4,0.0609,0.0646,0.0627,0.0664
6.283,1,0.873,-1.25,0.08,5,73.9,20.46,0.0797,0.0092,0.066,-0.002,0.007,-1.771,-3.466,-117.34,12.2,-2.86,1,0.74,11.15,10.83,-3.535,1,4,0.0664,0.0646,0.0627,0.0701
6.319,1,0.874,-1.25,0.08,5,73.9,20.46,0.0797,0.0094,0.069,-0.003,0.022,-1.772,-3.469,-117.28,12.2,-1.56,1,0.74,11.15,10.83,-3.535,1,4,0.0683,0.0665,0.0646,0.0702
6.351,1,0.873,-1.25,0.46,5,74.0,20.44,0.0797,0.0095,0.068,-0.003,0.034,-1.773,-3.47,-117.23,12.2,-1.56,1,0.74,11.15,10.83,-3.535,1,4,0.0684,0.0684,0.0629,0.074
6.388,1,0.87,-0.75,0.09,5,74.0,20.46,0.0797,0.003,0.066,-0.003,0.04,-1.774,-3.472,-117.17,12.2,-1.56,1,0.74,11.15,10.83,-3.535,1,4,0.0647,0.0665,0.0591,0.0739
6.416,1,0.867,-0.25,0.09,5,74.0,20.44,0.0797,0.0033,0.066,-0.002,0.049,-1.774,-3.473,-117.11,12.2,-1.56,1,0.729,12.12,10.68,-1.79,1,4,0.0633,0.0669,0.0596,0.0723
6.45,1,0.853,-0.25,0.81,5,74.0,20.46,0.0797,-0.0026,0.065,-0.002,0.038,-1.775,-3.475,-117.06,12.2,-1.56,1,0.729,12.12,10.68,-1.79,1,4,0.0612,0.0684,0.0576,0.072
6.485,1,0.847,-0.25,1.09,5,73.8,20.46,0.0797,-0.0139,0.068,0.0,0.044,-1.777,-3.478,-116.88,12.2,-1.56,1,0.717,10.18,6.98,0.087,1,4,0.0648,0.0756,0.0612,0.0702
6.518,1,0.856,-0.25,0.33,5,73.6,20.46,0.0797,-0.0181,0.069,0.001,-0.01,-1.778,-3.48,-116.88,12.23,-0.37,1,0.717,10.18,6.98,0.087,1,4,0.0646,0.0757,0.0646,0.072
6.549,1,0.839,-0.25,0.75,5,72.8,20.46,0.0797,-0.0043,0.069,0.001,-0.03,-1.778,-3.482,-116.94,12.23,-0.37,1,0.718,9.21,6.82,-4.197,1,4,0.0627,0.0719,0.0682,0.0737
6.585,1,0.842,-0.25,0.58,5,72.6,20.46,0.0797,-0.0115,0.068,0.0,0.01,-1.78,-3.484,-116.94,12.23,-0.37,1,0.721,9.21,5.88,-5.066,1,4,0.0591,0.0646,0.072,0.0757
6.619,1,0.839,-0.25,0.71,5,72.6,20.46,0.0797,-0.0083,0.067,0.0,0.005,-1.781,-3.486,-116.94,12.23,-0.37,1,0.721,9.21,5.88,-5.066,1,4,0.0629,0.0666,0.0684,0.0703
6.65,1,0.843,-0.25,0.72,5,72.7,20.0,0.0797,-0.0104,0.067,0.0,-0.014,-1.782,-3.488,-116.94,12.23,-0.37,1,0.721,9.21,5.88,-5.066,1,4,0.0642,0.0678,0.0678,0.0697
6.685,1,0.838,-0.25,0.65,5,73.0,20.46,0.0797,-0.0105,0.07,-0.001,0.009,-1.783,-3.49,-116.94,12.23,-0.37,1,0.716,9.21,5.88,-5.046,1,4,0.0714,0.0696,0.0678,0.0696
6.718,1,0.831,-0.25,0.79,5,73.2,20.46,0.0797,-0.0092,0.074,-0.003,0.022,-1.785,-3.493,-116.94,12.23,-0.37,1,0.715,9.21,5.87,-5.049,1,4,0.0732,0.0713,0.0713,0.075
6.751,1,0.84,0.25,0.49,5,73.3,20.46,0.0797,-0.0116,0.075,-0.004,0.048,-1.785,-3.494,-116.88,12.23,-0.37,1,0.715,9.21,5.87,-5.049,1,4,0.0808,0.0698,0.0716,0.0771
6.784,1,0.842,0.0,0.69,5,73.3,20.0,0.0797,-0.0127,0.075,-0.004,0.001,-1.787,-3.497,-116.88,12.23,-0.37,1,0.715,9.21,5.87,-5.049,1,4,0.0809,0.0735,0.0698,0.0772
6.817,1,0.855,0.25,0.29,5,73.5,20.46,0.0797,-0.0125,0.074,-0.003,0.01,-1.787,-3.498,-116.88,12.23,-0.37,1,0.706,9.69,6.06,-2.342,1,4,0.0791,0.0754,0.0662,0.0736
6.849,1,0.866,0.25,0.33,5,73.7,20.46,0.0797,-0.0085,0.074,0.0,0.035,-1.789,-3.501,-116.77,12.23,-0.37,1,0.706,9.69,6.06,-2.342,1,4,0.0771,0.0808,0.0679,0.0698
6.884,1,0.87,0.25,0.8,5,74.1,20.2,0.0797,-0.0089,0.075,0.004,0.005,-1.79,-3.504,-116.77,12.23,-0.37,1,0.706,9.69,6.06,-2.342,1,4,0.0716,0.0826,0.0753,0.0698
6.915,1,0.864,0.25,0.44,5,73.9,20.0,0.0797,-0.0166,0.075,0.003,-0.04,-1.79,-3.505,-116.77,12.26,-1.32,1,0.706,9.69,6.06,-2.342,1,4,0.0679,0.077,0.0789,0.0752
6.951,1,0.848,0.25,0.52,5,73.7,20.44,0.0797,-0.0103,0.074,0.004,-0.011,-1.792,-3.508,-116.83,12.26,-1.32,1,0.695,10.18,5.54,-5.555,1,4,0.0591,0.0739,0.0813,0.0813
6.986,1,0.84,0.25,0.69,5,73.5,20.46,0.0797,-0.0115,0.073,0.002,0.013,-1.793,-3.51,-116.83,12.26,-1.32,1,0.695,10.18,5.54,-5.555,1,4,0.0609,0.072,0.0776,0.0813
7.014,1,0.836,0.5,1.23,5,73.4,20.44,0.0797,-0.0145,0.075,0.003,0.016,-1.794,-3.512,-116.83,12.26,-1.32,1,0.684,10.18,5.67,-5.579,1,4,0.0665,0.0776,0.0776,0.0776
7.05,1,0.831,0.25,0.74,5,72.9,20.46,0.0797,-0.0269,0.077,-0.0,-0.013,-1.795,-3.515,-116.83,12.26,-1.32,1,0.684,10.18,5.67,-5.579,1,4,0.0776,0.0776,0.0757,0.0776
7.084,1,0.824,0.25,0.77,5,73.2,20.46,0.0797,-0.0149,0.079,-0.002,0.004,-1.797,-3.517,-116.83,12.26,-1.32,1,0.662,10.18,6.0,-3.041,1,4,0.0814,0.0777,0.0758,0.0814
7.117,1,0.836,0.25,0.88,5,73.7,20.46,0.0797,-0.0156,0.08,-0.003,-0.005,-1.798,-3.519,-116.83,12.26,-1.69,1,0.653,9.69,6.97,-4.895,1,4,0.0814,0.0777,0.0758,0.0851
7.148,1,0.847,0.25,1.12,5,73.9,20.46,0.0797,-0.0175,0.081,-0.002,0.027,-1.799,-3.522,-116.77,12.26,-1.69,1,0.645,10.18,5.48,2.319,1,4,0.0815,0.0815,0.0759,0.0852
7.184,1,0.843,0.5,1.24,5,73.9,20.96,0.0797,-0.0218,0.081,-0.001,0.028,-1.8,-3.525,-116.71,12.26,-1.69,1,0.645,10.18,5.48,2.319,1,4,0.0814,0.0869,0.0721,0.0832
7.215,1,0.85,0.75,0.83,5,74.0,20.46,0.0797,-0.0268,0.081,-0.0,0.021,-1.801,-3.526,-116.65,12.26,-1.69,1,0.645,10.18,5.48,2.319,1,4,0.0814,0.0888,0.0722,0.0814
7.25,1,0.855,0.75,0.79,5,73.9,20.46,0.0797,-0.0225,0.081,0.001,0.01,-1.803,-3.529,-116.65,12.26,-1.69,1,0.645,10.18,5.48,2.319,1,4,0.0777,0.0851,0.0795,0.0832
7.284,1,0.854,0.75,0.82,5,73.3,20.46,0.0797,-0.0214,0.081,-0.0,-0.004,-1.804,-3.532,-116.65,12.26,-1.69,1,0.645,10.18,7.53,-0.124,1,4,0.0758,0.0777,0.0851,0.0869
7.316,1,0.826,0.75,0.86,5,73.1,20.46,0.0797,-0.0217,0.08,0.0,0.017,-1.805,-3.533,-116.65,12.26,-1.2,1,0.62,10.18,9.25,0.0,0,4,0.0739,0.0758,0.085,0.085
7.351,1,0.832,0.75,0.96,5,73.1,20.46,0.0797,-0.0221,0.078,0.0,-0.005,-1.806,-3.536,-116.65,12.26,-1.2,1,0.62,10.18,9.25,0.0,0,4,0.0758,0.0776,0.0795,0.0795
7.385,1,0.831,0.75,0.93,5,73.4,20.46,0.0797,-0.0238,0.079,0.0,-0.014,-1.808,-3.539,-116.65,12.26,-1.2,1,0.62,10.18,9.25,0.0,0,4,0.0795,0.0777,0.0795,0.0777
7.417,1,0.827,0.25,0.79,5,73.6,20.46,0.0797,-0.0232,0.08,-0.001,-0.023,-1.809,-3.54,-116.71,12.26,-1.2,1,0.549,10.18,7.08,0.0,0,3,0.0814,0.0777,0.0814,0.0814
7.45,1,0.829,0.25,0.67,5,73.7,20.46,0.0797,-0.0144,0.082,-0.004,-0.013,-1.81,-3.543,-116.71,12.26,-1.2,1,0.549,10.18,7.08,0.0,0,3,0.087,0.074,0.0833,0.0851
7.484,1,0.838,0.0,0.88,5,74.0,20.56,0.0797,-0.013,0.084,-0.005,-0.023,-1.812,-3.546,-116.77,12.26,-1.2,1,0.547,9.21,7.73,0.0,0,3,0.0926,0.0778,0.0796,0.0852
7.518,1,0.842,0.0,0.31,5,73.8,20.2,0.0797,-0.0141,0.082,-0.004,-0.017,-1.813,-3.548,-116.77,12.27,0.12,1,0.54,9.21,5.9,0.0,0,3,0.0925,0.0796,0.0777,0.0796
7.547,1,0.849,-0.25,0.4,5,73.8,20.46,0.0797,-0.0044,0.082,0.0,-0.042,-1.814,-3.551,-116.83,12.27,0.12,1,0.545,9.21,5.9,0.0,0,3,0.0906,0.0887,0.0758,0.074
7.583,1,0.846,-0.25,0.46,5,73.8,20.46,0.0797,-0.0033,0.08,0.005,-0.026,-1.815,-3.554,-116.88,12.27,0.12,1,0.514,6.79,6.56,0.0,0,3,0.0814,0.0851,0.0851,0.0703
7.62,1,0.839,-0.25,0.57,5,73.8,20.46,0.0797,-0.0049,0.08,0.004,-0.044,-1.816,-3.556,-116.94,12.27,0.12,1,0.514,6.79,6.56,0.0,0,3,0.0722,0.0759,0.0925,0.0796
7.65,1,0.842,-0.25,0.65,5,73.8,20.46,0.0797,-0.007,0.077,0.004,0.02,-1.817,-3.558,-116.94,12.27,0.12,1,0.514,6.79,6.56,0.0,0,3,0.0666,0.0721,0.0906,0.0795
7.684,1,0.848,-0.25,0.54,5,73.8,20.46,0.0797,-0.0087,0.076,0.001,0.01,-1.818,-3.56,-116.94,12.27,0.12,1,0.514,6.79,6.56,0.0,0,3,0.0701,0.0738,0.0812,0.0794
7.715,1,0.832,-0.25,0.37,5,73.7,20.46,0.0797,-0.0068,0.077,-0.001,0.002,-1.819,-3.562,-116.94,12.27,1.35,1,0.574,4.36,21.14,0.0,0,4,0.0775,0.0738,0.0775,0.0793
7.749,1,0.838,-0.25,0.62,5,73.9,20.46,0.07,-0.004,0.079,-0.003,0.016,-1.821,-3.565,-116.88,12.27,1.35,1,0.575,4.36,33.2,0.0,0,4,0.0849,0.0757,0.0757,0.0794
7.785,1,0.841,-0.25,0.61,5,73.9,20.46,0.07,-0.0085,0.078,-0.003,0.004,-1.822,-3.567,-116.88,12.27,1.35,1,0.575,4.36,33.2,0.0,0,4,0.0831,0.0739,0.0757,0.0794
7.814,1,0.843,-0.25,0.59,5,74.0,20.46,0.07,-0.0084,0.076,-0.004,0.034,-1.823,-3.569,-116.88,12.27,1.35,1,0.547,4.36,38.19,0.0,0,4,0.0813,0.0721,0.0721,0.0795
7.848,1,0.845,-0.25,0.57,5,74.0,20.46,0.07,-0.008,0.073,-0.003,0.017,-1.825,-3.571,-116.83,12.27,1.35,1,0.523,3.39,47.59,0.0,0,4,0.0794,0.0739,0.0665,0.0739
7.884,1,0.843,-0.25,-0.08,5,73.8,20.2,0.07,-0.0076,0.073,-0.002,-0.024,-1.826,-3.574,-116.88,12.27,1.35,1,0.523,3.39,47.59,0.0,0,4,0.0793,0.0756,0.0664,0.0719
7.915,1,0.841,-0.5,0.07,5,73.9,20.2,0.07,0.0037,0.072,-0.0,-0.02,-1.827,-3.575,-116.94,12.27,5.8,1,0.501,-1.45,55.02,0.0,0,4,0.0756,0.0738,0.0701,0.0701
7.95,1,0.831,-0.75,0.4,5,73.8,20.44,0.07,0.0042,0.069,0.003,-0.027,-1.827,-3.577,-117.0,12.27,5.8,1,0.501,-1.45,55.02,0.0,0,4,0.0646,0.0646,0.0794,0.0683
7.984,1,0.822,-0.75,-0.14,5,74.0,20.46,0.07,0.0012,0.062,0.004,-0.022,-1.828,-3.58,-117.06,12.27,5.8,1,0.462,-6.3,57.68,0.0,0,4,0.0537,0.0574,0.074,0.0611
8.016,1,0.825,-0.75,-0.13,5,74.2,20.46,0.07,0.0101,0.06,0.005,0.009,-1.829,-3.581,-117.06,12.27,5.8,1,0.462,-6.3,57.68,0.0,0,4,0.0518,0.0573,0.0721,0.0592
8.048,1,0.843,-0.75,-0.07,5,74.4,20.46,0.07,0.0098,0.061,0.001,0.008,-1.83,-3.583,-117.06,12.27,5.8,1,0.462,-6.3,57.68,0.0,0,4,0.0573,0.061,0.0629,0.061
8.083,1,0.842,-0.75,0.02,5,74.5,20.46,0.07,0.0084,0.064,-0.0,0.006,-1.831,-3.585,-117.06,12.27,5.8,1,0.462,-6.3,57.68,0.0,0,4,0.0628,0.0628,0.0647,0.0665
8.114,1,0.84,-0.75,-0.39,5,74.6,20.46,0.07,0.0067,0.066,-0.0,-0.009,-1.832,-3.587,-117.06,12.27,12.9,1,0.455,-15.99,60.37,0.0,0,4,0.0665,0.0665,0.0647,0.0665
8.15,1,0.861,-0.75,-0.81,5,75.0,20.44,0.07,0.0138,0.066,-0.0,-0.01,-1.833,-3.589,-117.06,12.27,12.9,1,0.455,-15.99,60.37,0.0,0,4,0.0664,0.0646,0.0664,0.0664
8.182,1,0.861,-0.75,-0.59,5,75.0,20.46,0.07,0.0211,0.066,-0.001,0.004,-1.834,-3.591,-117.06,12.27,12.9,1,0.461,-23.75,59.74,0.0,0,4,0.0665,0.0646,0.0665,0.0683
8.214,1,0.864,-0.75,-0.8,5,75.5,20.0,0.07,0.0172,0.065,-0.002,0.008,-1.835,-3.592,-117.06,12.27,12.9,1,0.461,-23.75,59.74,0.0,0,4,0.0646,0.0628,0.0628,0.0683
8.252,1,0.868,-0.5,-0.54,5,75.1,20.2,0.07,0.0207,0.065,-0.003,0.04,-1.836,-3.594,-117.0,12.27,12.9,1,0.461,-23.75,59.74,0.0,0,4,0.0647,0.0665,0.0573,0.0702
8.286,1,0.858,-0.25,-0.35,5,75.4,20.44,0.07,0.013,0.066,-0.001,0.077,-1.838,-3.597,-116.83,12.27,12.9,1,0.461,-23.75,59.74,0.0,0,4,0.0662,0.0717,0.0588,0.068
8.314,1,0.834,-0.25,-0.1,5,75.4,20.2,0.07,0.0071,0.067,0.0,0.006,-1.838,-3.598,-116.83,12.27,19.61,1,0.47,-34.41,59.03,0.0,0,4,0.0662,0.0754,0.0588,0.0662
8.349,1,0.828,-0.25,-0.18,5,75.4,20.2,0.07,0.0029,0.069,0.003,0.006,-1.839,-3.601,-116.77,12.27,19.61,1,0.47,-34.41,59.03,0.0,0,4,0.0681,0.0773,0.0681,0.0644
8.382,1,0.855,-0.25,-0.36,5,75.6,20.2,0.07,0.0048,0.069,0.001,-0.025,-1.841,-3.603,-116.83,12.27,19.61,1,0.47,-34.41,59.03,0.0,0,4,0.0647,0.0702,0.0702,0.0702
8.413,1,0.876,-0.25,-0.71,5,75.5,20.44,0.07,0.0082,0.07,-0.0,0.007,-1.841,-3.604,-116.83,12.27,19.61,1,0.487,-39.26,59.79,0.0,0,4,0.0646,0.0665,0.072,0.0757
8.451,1,0.897,-0.25,-1.03,5,75.4,20.44,0.07,0.0143,0.068,-0.001,0.014,-1.842,-3.607,-116.83,12.27,19.61,1,0.487,-39.26,59.79,0.0,0,4,0.0635,0.0653,0.069,0.0744
8.483,1,0.885,-0.25,-0.76,5,75.4,20.44,0.07,0.0201,0.069,-0.0,-0.001,-1.844,-3.61,-116.83,12.27,19.61,1,0.545,-42.65,68.27,0.0,0,5,0.0669,0.0688,0.0688,0.0724
8.516,1,0.879,-0.5,-0.77,5,75.1,20.04,0.07,0.0154,0.069,0.0,0.003,-1.844,-3.611,-116.83,12.26,24.99,1,0.545,-42.65,68.27,0.0,0,5,0.0686,0.0686,0.0686,0.0686
8.548,1,0.873,-0.25,-1.01,5,75.1,20.44,0.07,0.0187,0.07,-0.0,0.023,-1.846,-3.613,-116.83,12.26,24.99,1,0.545,-42.65,68.27,0.0,0,5,0.0709,0.0691,0.0691,0.0691
8.582,1,0.878,-0.25,-0.53,5,74.9,20.0,0.07,0.0195,0.068,-0.0,-0.005,-1.847,-3.616,-116.77,12.26,24.99,1,0.545,-42.65,68.27,0.0,0,5,0.0712,0.0694,0.0657,0.0657
8.648,1,0.902,-0.25,-0.44,5,75.1,20.0,0.07,0.0113,0.067,0.002,-0.001,-1.849,-3.619,-116.77,12.26,24.99,1,0.465,-56.22,67.26,0.0,0,5,0.0703,0.074,0.0629,0.0592
8.683,1,0.893,-0.25,-0.74,5,74.8,20.46,0.07,0.0098,0.068,0.002,-0.022,-1.85,-3.622,-116.77,12.26,24.99,1,0.465,-56.22,67.26,0.0,0,5,0.0702,0.0776,0.0628,0.061
8.718,1,0.861,-0.25,-0.15,5,74.8,20.2,0.07,0.0151,0.069,0.002,0.003,-1.851,-3.624,-116.77,12.26,29.87,1,0.465,-56.22,67.26,0.0,0,5,0.0684,0.0721,0.0703,0.0666
8.751,1,0.854,-0.25,-0.12,5,74.7,20.2,0.07,0.0048,0.069,0.002,-0.035,-1.852,-3.626,-116.77,12.26,29.87,1,0.465,-56.22,67.26,0.0,0,5,0.0647,0.0702,0.0721,0.0702
8.782,1,0.856,-0.25,-0.07,5,74.5,20.2,0.07,0.0043,0.066,0.003,-0.005,-1.853,-3.628,-116.83,12.26,29.87,1,0.465,-56.22,67.26,0.0,0,5,0.0573,0.0647,0.0721,0.0684
8.814,1,0.871,-0.25,-0.03,5,74.5,20.44,0.07,0.0034,0.065,0.004,-0.011,-1.853,-3.629,-116.83,12.26,29.87,1,0.465,-56.22,67.26,0.0,0,5,0.0536,0.0647,0.0721,0.0684
8.848,1,0.874,-0.25,-0.25,5,74.3,20.44,0.07,0.0028,0.064,0.004,0.01,-1.854,-3.632,-116.83,12.26,29.87,1,0.465,-56.22,67.26,0.0,0,5,0.0537,0.0666,0.0703,0.0666
8.883,1,0.868,-0.5,-0.11,5,74.3,19.97,0.07,0.0065,0.068,0.001,0.004,-1.855,-3.634,-116.83,12.26,29.87,1,0.465,-56.22,67.26,0.0,0,5,0.0648,0.0666,0.0703,0.0685
8.911,1,0.868,-0.5,-0.81,5,74.3,19.97,0.07,0.0072,0.069,0.0,0.006,-1.856,-3.635,-116.83,12.25,33.33,1,0.426,-60.59,68.06,0.0,0,5,0.0684,0.0684,0.0703,0.0703
8.947,1,0.873,-0.5,-1.19,5,74.5,19.97,0.07,0.0192,0.072,-0.002,-0.005,-1.857,-3.638,-116.83,12.25,33.33,1,0.407,-60.1,66.97,0.0,0,5,0.0758,0.0703,0.0703,0.0721
8.985,1,0.878,-0.5,-0.91,5,74.5,19.85,0.07,0.0257,0.074,-0.001,0.017,-1.859,-3.641,-116.77,12.25,33.33,1,0.407,-60.1,66.97,0.0,0,5,0.074,0.0703,0.074,0.0759
9.012,1,0.885,-0.25,-0.84,5,74.3,20.44,0.07,0.0205,0.072,-0.002,0.001,-1.86,-3.642,-116.77,12.25,33.33,1,0.427,-55.74,66.67,0.0,0,5,0.0722,0.0685,0.0722,0.0759
9.046,1,0.879,-0.25,-0.84,5,74.1,20.44,0.07,0.0162,0.073,-0.001,0.043,-1.861,-3.644,-116.71,12.25,33.33,1,0.439,-53.32,66.5,0.0,0,5,0.0722,0.074,0.0685,0.0759
9.113,1,0.863,0.0,-1.02,5,73.2,20.0,0.07,0.0166,0.075,0.004,0.01,-1.863,-3.649,-116.65,12.25,36.08,1,0.441,-49.92,65.12,0.0,0,5,0.0755,0.0884,0.07,0.0663
9.148,1,0.855,0.0,-1.15,5,73.1,20.0,0.07,0.0167,0.075,0.003,-0.02,-1.864,-3.651,-116.71,12.25,36.08,1,0.441,-49.92,65.12,0.0,0,5,0.0736,0.0792,0.0773,0.07
9.183,1,0.813,-0.25,-0.32,5,72.6,20.44,0.07,0.0194,0.072,-0.001,-0.031,-1.865,-3.654,-116.77,12.25,36.08,1,0.441,-49.92,65.12,0.0,0,5,0.0666,0.0648,0.0777,0.0796
9.216,1,0.798,-0.5,-0.2,5,72.5,20.44,0.07,0.008,0.072,-0.002,0.013,-1.866,-3.655,-116.71,12.25,36.08,1,0.528,-47.01,63.67,0.0,0,5,0.0666,0.0647,0.0758,0.0814
9.282,1,0.792,-0.5,-0.69,5,71.4,20.2,0.07,0.0087,0.071,-0.0,-0.015,-1.869,-3.66,-116.77,12.25,36.08,1,0.559,-44.59,63.8,0.0,0,5,0.0721,0.0703,0.0703,0.0703
9.313,1,0.826,-0.75,-0.13,5,71.0,20.2,0.07,0.0171,0.071,-0.0,-0.007,-1.869,-3.661,-116.77,12.25,39.39,1,0.559,-44.59,63.8,0.0,0,5,0.0722,0.0685,0.0722,0.0703
9.348,1,0.811,-0.75,-0.48,5,72.0,20.2,0.07,0.0103,0.073,-0.001,0.021,-1.871,-3.664,-116.71,12.25,39.39,1,0.552,-41.68,61.95,0.0,0,5,0.0739,0.0684,0.0739,0.0739
9.383,1,0.8,-0.5,-0.7,5,72.5,20.2,0.07,0.016,0.073,-0.001,-0.017,-1.872,-3.667,-116.71,12.25,39.39,1,0.593,-39.74,61.86,0.0,0,5,0.0703,0.0703,0.0722,0.0777
9.414,1,0.808,-0.5,-0.38,5,72.6,20.2,0.07,0.0166,0.073,-0.001,-0.001,-1.873,-3.668,-116.71,12.25,39.39,1,0.582,-38.78,61.58,0.0,0,5,0.0703,0.074,0.0703,0.0778
9.447,1,0.816,-0.75,-1.16,5,72.6,20.46,0.07,0.011,0.072,0.0,0.028,-1.874,-3.67,-116.65,12.25,39.39,1,0.59,-37.81,60.13,0.0,0,5,0.0722,0.0815,0.063,0.0704
9.484,1,0.838,-0.75,-1.41,5,72.8,20.46,0.07,0.0276,0.071,0.002,0.026,-1.875,-3.673,-116.6,12.25,39.39,1,0.59,-37.81,60.13,0.0,0,5,0.0759,0.0834,0.063,0.063
9.512,1,0.849,-0.75,-1.48,5,72.8,20.46,0.07,0.0316,0.07,0.002,0.005,-1.876,-3.674,-116.6,12.23,41.96,1,0.635,-34.41,59.01,0.0,0,5,0.074,0.0796,0.0648,0.0629
9.584,1,0.798,-0.75,-1.27,5,72.8,20.46,0.07,0.0328,0.07,-0.002,0.025,-1.878,-3.679,-116.54,12.23,41.96,1,0.602,-33.44,57.72,0.0,0,5,0.063,0.0686,0.0667,0.0816
9.613,1,0.793,-0.5,-0.82,5,73.2,20.0,0.07,0.0291,0.069,-0.001,0.035,-1.879,-3.68,-116.48,12.23,41.96,1,0.644,-32.47,57.17,0.0,0,5,0.0612,0.0704,0.0649,0.0778
9.712,1,0.741,-0.5,-0.4,5,74.2,20.57,0.07,0.0184,0.068,-0.001,-0.004,-1.882,-3.687,-116.43,12.23,44.34,1,0.646,-29.08,55.39,0.0,0,5,0.0666,0.0685,0.0666,0.0722
9.813,1,0.618,0.0,-1.2,4,73.9,20.27,0.07,0.0114,0.069,-0.003,-0.006,-1.885,-3.693,-116.2,12.23,44.34,1,0.706,-23.27,55.11,0.0,0,5,0.0683,0.072,0.0609,0.0757
9.848,1,0.593,0.0,0.88,4,72.8,24.05,0.07,0.019,0.07,-0.003,0.011,-1.887,-3.695,-116.2,12.23,44.34,1,0.706,-23.27,55.11,0.0,0,5,0.0701,0.0775,0.0572,0.0757
9.88,1,0.55,-0.25,1.72,4,72.8,25.37,0.07,-0.0165,0.07,-0.003,0.004,-1.888,-3.697,-116.25,12.23,44.34,1,0.684,-19.39,55.0,0.0,0,5,0.0702,0.072,0.0628,0.0757
9.915,1,0.53,-0.25,0.85,4,72.8,21.95,0.07,-0.0278,0.067,-0.002,0.017,-1.888,-3.699,-116.2,12.21,45.0,1,0.684,-19.39,55.0,0.0,0,5,0.0665,0.0665,0.0647,0.0721
10.012,1,0.467,-0.25,-3.08,3,73.9,22.68,0.07,-0.0127,0.066,-0.0,-0.008,-1.891,-3.705,-116.2,12.21,45.0,1,0.695,-11.63,54.63,0.0,0,5,0.0628,0.0628,0.0684,0.0702
10.053,1,0.437,-0.5,1.23,3,74.5,25.31,0.07,0.056,0.067,0.0,0.005,-1.893,-3.707,-116.2,12.21,45.0,1,0.695,-11.63,54.63,0.0,0,5,0.0665,0.0665,0.0683,0.0683
10.082,1,0.391,-0.5,3.67,3,74.7,26.37,0.07,-0.0161,0.069,-0.0,0.005,-1.894,-3.71,-116.2,12.21,45.0,1,0.694,-7.76,54.48,0.0,0,5,0.0684,0.0684,0.0684,0.0702
10.113,1,0.34,-0.5,4.54,3,74.6,26.37,0.07,-0.059,0.069,-0.001,0.033,-1.895,-3.711,-116.2,12.21,45.0,1,0.694,-7.76,54.48,0.0,0,5,0.0702,0.0684,0.0684,0.0702
10.211,1,0.257,-1.5,0.0,2,77.8,27.04,0.07,-0.0746,0.069,-0.0,-0.06,-1.898,-3.717,-116.14,12.21,45.0,1,0.71,0.97,54.93,0.0,0,5,0.0752,0.0697,0.0678,0.0623
10.311,1,0.161,-2.25,0.0,1,77.3,23.46,0.07,0.015,0.067,0.003,-0.009,-1.9,-3.723,-116.37,12.21,45.0,1,0.718,5.82,54.06,0.0,0,5,0.068,0.0624,0.0771,0.0588
10.347,1,0.15,-1.5,0.0,1,75.7,24.96,0.07,0.024,0.067,0.002,0.005,-1.902,-3.726,-116.37,12.21,45.0,1,0.726,7.76,54.1,0.0,0,5,0.0606,0.0643,0.0753,0.0698
10.411,1,0.088,2.0,0.0,1,72.4,32.94,0.07,0.0137,0.067,0.002,0.021,-1.903,-3.729,-116.31,12.21,45.0,1,0.729,12.12,53.91,0.0,0,5,0.0536,0.0715,0.0661,0.0751
10.448,1,0.068,4.24,0.0,1,70.0,36.44,0.0581,0.0137,0.068,0.001,0.024,-1.904,-3.731,-116.2,12.21,45.0,1,0.742,14.06,53.96,0.0,0,5,0.0573,0.0751,0.0644,0.0769
10.48,1,0.056,6.99,0.0,1,65.9,37.93,0.035,0.0137,0.069,-0.002,0.014,-1.906,-3.734,-116.2,12.21,45.0,1,0.737,15.99,53.87,0.0,0,5,0.0662,0.0715,0.0626,0.0769
10.512,1,0.049,10.23,0.0,1,63.4,39.43,0.035,0.0137,0.069,-0.004,0.046,-1.906,-3.735,-116.14,12.21,45.0,1,0.747,17.93,53.86,0.0,0,5,0.0684,0.0684,0.061,0.0777
10.548,1,0.043,13.73,0.0,1,62.8,40.43,0.035,0.0137,0.063,-0.006,0.076,-1.908,-3.737,-115.97,12.21,43.52,1,0.762,19.87,54.52,0.0,0,5,0.0647,0.0628,0.0517,0.0721
10.581,1,0.047,16.97,0.0,1,60.2,36.94,0.035,0.0137,0.057,-0.006,0.039,-1.909,-3.739,-115.85,12.21,43.52,1,0.757,22.78,54.28,0.0,0,5,0.0573,0.0629,0.0388,0.0684
10.61,1,0.022,32.17,0.0,1,59.2,20.04,0.035,0.0137,0.056,-0.006,0.025,-1.909,-3.74,-115.79,12.21,43.52,1,0.754,24.72,55.01,0.0,0,5,0.0537,0.0648,0.0333,0.0703
10.679,1,0.03,34.54,0.0,1,60.0,15.29,0.0,-0.3447,0.045,-0.004,0.057,-1.911,-3.743,-115.62,12.21,43.52,1,0.766,30.54,56.12,0.0,0,5,0.0389,0.05,0.0333,0.0593
10.711,1,0.026,35.33,0.0,1,60.4,13.71,0.0,-0.5843,0.039,-0.002,-0.032,-1.911,-3.743,-115.68,12.21,43.52,1,0.742,32.96,57.04,0.0,0,5,0.0333,0.0389,0.0352,0.0481
10.747,1,0.022,35.86,0.0,1,60.2,12.66,0.0,-0.6,0.021,0.001,-0.175,-1.911,-3.743,-115.97,12.21,42.77,1,0.724,33.44,57.5,0.0,0,5,0.0333,0.0074,0.037,0.0074
10.777,1,0.031,34.28,0.0,1,58.5,15.82,0.0,-0.6,0.003,0.001,-0.401,-1.911,-3.743,-116.83,12.21,42.77,1,0.76,31.02,57.36,0.0,0,5,0.037,-0.0166,0.0425,-0.0148
10.811,1,0.034,32.7,0.0,1,57.7,18.99,0.0,-0.6,-0.004,0.001,-0.493,-1.911,-3.743,-117.4,12.21,42.77,1,0.734,27.14,55.05,0.0,0,5,0.0555,-0.0666,0.0611,-0.0666
10.846,1,0.033,31.12,0.0,1,57.6,22.15,0.0,-0.6,-0.01,0.002,-0.595,-1.911,-3.742,-118.6,12.21,42.77,1,0.736,24.23,53.49,0.0,0,5,0.0758,-0.0961,0.0795,-0.0998
10.88,1,0.051,30.59,0.0,2,58.7,17.99,0.0,-0.6,-0.013,0.0,-0.596,-1.91,-3.742,-119.98,12.21,42.77,1,0.736,24.23,53.49,0.0,0,5,0.0887,-0.109,0.0832,-0.1146
10.911,1,0.113,10.98,0.0,2,57.7,25.58,0.0,-0.6,-0.012,-0.001,-0.588,-1.91,-3.742,-120.61,12.21,42.77,1,0.756,16.96,50.41,0.0,0,5,0.0924,-0.1127,0.085,-0.1146
10.946,1,0.202,6.74,45.19,3,63.5,28.48,0.0,-0.6,-0.01,-0.005,-0.627,-1.911,-3.741,-122.04,12.21,42.77,1,0.782,12.12,48.46,0.0,0,5,0.0981,-0.1184,0.0888,-0.1073
10.979,1,0.298,2.25,48.49,3,66.6,31.12,0.0,-0.6,-0.006,-0.007,-0.628,-1.911,-3.741,-123.53,12.21,42.77,1,0.782,12.12,48.46,0.0,0,5,0.1072,-0.1202,0.0943,-0.1054
11.011,1,0.337,-2.0,49.76,3,68.3,31.64,0.0138,-0.0839,-0.005,-0.008,-0.602,-1.911,-3.741,-124.22,12.21,42.77,1,0.803,3.39,42.91,0.0,0,5,0.1109,-0.122,0.0961,-0.1035
11.047,1,0.398,-4.74,48.68,3,70.3,32.44,0.0208,-0.1258,-0.006,-0.004,-0.594,-1.911,-3.74,-125.59,12.21,42.77,1,0.86,-0.97,40.45,0.0,0,5,0.1072,-0.1183,0.0979,-0.1109
11.08,1,0.513,-6.99,47.19,4,72.6,30.75,0.0349,-0.2116,-0.008,0.0,-0.515,-1.91,-3.74,-126.8,12.21,42.77,1,0.865,-5.33,36.42,0.0,0,5,0.0998,-0.1072,0.0924,-0.1165
11.11,1,0.541,-9.48,46.9,4,73.1,30.3,0.0488,-0.2957,-0.006,0.002,-0.506,-1.91,-3.74,-127.37,12.21,42.77,1,0.855,-9.21,32.15,0.0,0,5,0.0944,-0.0962,0.0888,-0.111
11.145,1,0.626,-11.73,46.69,4,75.0,29.32,0.0557,-0.3378,-0.001,-0.001,-0.409,-1.911,-3.74,-128.29,12.21,45.0,1,0.852,-12.6,28.55,0.0,0,5,0.0851,-0.0814,0.0777,-0.0851
11.179,1,0.707,-13.48,45.81,5,76.2,28.48,0.0699,-0.4239,0.01,-0.008,-0.302,-1.912,-3.741,-129.03,12.21,45.0,1,0.859,-15.99,25.94,0.0,0,5,0.0814,-0.0666,0.0703,-0.0463
11.214,1,0.737,-14.23,45.3,5,76.8,28.45,0.07,-0.4242,0.016,-0.011,-0.357,-1.912,-3.741,-129.43,12.21,45.0,1,0.87,-17.93,22.07,0.0,0,5,0.0869,-0.0592,0.0684,-0.0333
11.246,1,0.75,-14.72,44.77,5,76.6,28.45,0.07,-0.4242,0.036,-0.012,-0.353,-1.914,-3.742,-130.29,12.21,45.0,1,0.87,-17.93,22.07,0.0,0,5,0.109,-0.037,0.085,-0.0148
11.283,1,0.755,-14.23,43.95,5,76.8,28.34,0.07,-0.4242,0.057,-0.006,-0.408,-1.916,-3.745,-131.15,12.21,45.0,1,0.87,-17.93,22.07,0.0,0,5,0.1312,-0.0111,0.1127,-0.0055
11.31,1,0.753,-13.48,43.27,5,76.8,27.44,0.07,-0.4242,0.065,-0.002,-0.396,-1.917,-3.746,-131.61,12.21,45.0,1,0.87,-17.93,22.07,0.0,0,5,0.1367,-0.0018,0.1274,-0.0037
11.345,1,0.755,-12.98,42.7,5,76.6,26.95,0.07,-0.4242,0.072,0.002,-0.46,-1.918,-3.748,-132.58,12.21,45.0,1,0.887,-23.27,11.53,0.0,0,5,0.1403,0.0074,0.1403,0.0
11.378,1,0.808,-12.98,42.69,5,76.5,26.86,0.07,-0.4242,0.073,0.003,-0.383,-1.92,-3.75,-133.56,12.21,45.0,1,0.912,-24.72,8.38,0.0,0,5,0.1386,0.0037,0.1478,0.0
11.41,1,0.821,-13.23,42.47,5,76.2,26.86,0.07,-0.4242,0.073,0.003,-0.401,-1.921,-3.751,-133.96,12.21,45.0,1,0.909,-25.69,4.72,0.0,0,5,0.1386,0.0018,0.1497,0.0018
11.48,1,0.839,-12.98,41.34,5,75.1,26.27,0.07,-0.4242,0.075,0.0,-0.426,-1.926,-3.755,-135.91,12.21,45.0,1,0.924,-28.6,-2.61,0.0,0,5,0.1479,0.0,0.1498,0.0018
11.515,1,0.839,-12.48,40.17,5,74.6,25.69,0.07,-0.4242,0.075,-0.001,-0.447,-1.927,-3.757,-136.42,12.21,45.0,1,0.924,-28.6,-2.61,0.0,0,5,0.1517,0.0,0.148,0.0
11.547,1,0.844,-12.48,39.52,5,74.3,25.71,0.07,-0.4242,0.075,-0.002,-0.404,-1.929,-3.759,-137.45,12.19,45.0,1,0.924,-31.5,-10.66,5.249,1,5,0.1542,0.0,0.1468,0.0
11.578,1,0.837,-12.73,39.09,5,74.1,25.11,0.07,-0.4242,0.075,-0.0,-0.429,-1.931,-3.761,-138.43,12.19,45.0,1,0.943,-33.44,-14.85,2.592,1,5,0.1492,0.0,0.151,0.0018
11.611,1,0.837,-12.73,38.03,5,74.2,25.11,0.07,-0.4242,0.075,-0.0,-0.418,-1.932,-3.762,-138.88,12.19,45.0,1,0.953,-34.9,-18.45,0.0,0,5,0.149,0.0,0.1508,0.0018
11.645,1,0.841,-13.23,37.46,5,74.2,24.52,0.07,-0.4242,0.075,-0.0,-0.405,-1.935,-3.764,-139.8,12.19,45.0,1,0.953,-34.9,-18.45,0.0,0,5,0.1483,0.0,0.1502,0.0018
11.679,1,0.849,-13.23,36.67,5,74.2,24.52,0.07,-0.4242,0.074,-0.002,-0.438,-1.937,-3.765,-140.78,12.19,45.0,1,0.953,-34.9,-18.45,0.0,0,5,0.1524,0.0,0.1451,0.0
11.714,1,0.849,-13.98,36.2,5,74.2,24.52,0.07,-0.4242,0.073,-0.002,-0.462,-1.938,-3.766,-141.29,12.19,45.0,1,0.953,-34.9,-18.45,0.0,0,5,0.149,0.0,0.1417,0.0
11.746,1,0.844,-14.47,35.32,5,74.1,23.87,0.07,-0.4242,0.073,0.002,-0.418,-1.94,-3.768,-142.32,12.19,45.0,1,0.953,-34.9,-18.45,0.0,0,5,0.1415,0.0,0.1489,0.0
11.778,1,0.846,-14.47,34.52,5,74.1,23.87,0.07,-0.4242,0.073,0.003,-0.407,-1.943,-3.77,-143.3,12.19,45.0,1,0.953,-34.9,-18.45,0.0,0,5,0.1405,0.0,0.1516,0.0
11.813,1,0.848,-14.97,33.84,5,74.4,23.35,0.07,-0.4242,0.074,0.003,-0.402,-1.944,-3.771,-143.76,12.19,45.0,1,0.914,-45.08,-35.82,0.0,0,5,0.1423,0.0,0.1552,0.0
11.845,1,0.853,-14.47,32.6,5,74.4,23.34,0.07,-0.4242,0.075,0.0,-0.441,-1.946,-3.773,-144.73,12.19,45.0,1,0.914,-45.08,-35.82,0.0,0,5,0.1499,0.0,0.1499,0.0
11.879,1,0.857,-15.22,32.07,5,74.2,23.26,0.07,-0.4242,0.074,-0.0,-0.436,-1.948,-3.774,-145.19,12.19,45.0,1,0.953,-48.95,-40.49,0.0,0,5,0.1498,0.0,0.1479,0.0
11.911,1,0.858,-15.72,30.98,5,73.8,23.26,0.07,-0.4201,0.074,-0.0,-0.472,-1.949,-3.775,-145.76,12.19,45.0,1,0.947,-50.89,-42.48,0.0,0,5,0.1493,0.0,0.1475,0.0
11.946,1,0.863,-16.22,30.19,5,73.8,22.78,0.0725,-0.3953,0.075,0.001,-0.385,-1.951,-3.776,-146.73,12.19,45.0,1,0.947,-50.89,-42.48,0.0,0,5,0.1474,0.0,0.1511,0.0
11.98,1,0.864,-16.47,28.91,5,74.0,22.78,0.0763,-0.377,0.075,0.002,-0.426,-1.954,-3.778,-147.71,12.19,45.0,1,0.947,-50.89,-42.48,0.0,0,5,0.1458,0.0,0.1531,0.0
12.011,1,0.868,-17.47,28.72,5,74.6,22.65,0.0824,-0.3531,0.073,0.002,-0.388,-1.955,-3.779,-148.17,12.19,45.0,1,0.928,-57.19,-48.15,0.0,0,5,0.1424,0.0,0.1516,0.0
12.044,1,0.869,-17.22,27.2,5,74.5,22.22,0.0833,-0.338,0.072,0.001,-0.403,-1.957,-3.78,-149.08,12.19,45.0,1,0.891,-58.65,-49.75,0.0,0,5,0.1406,0.0,0.1462,0.0
12.077,1,0.879,-17.72,25.93,5,75.1,22.22,0.0905,-0.3166,0.071,-0.001,-0.419,-1.96,-3.782,-150.0,12.19,45.0,1,0.881,-59.62,-51.04,0.0,0,5,0.1407,0.0019,0.1388,0.0037
12.11,1,0.869,-18.47,25.19,5,75.4,22.19,0.0966,-0.2896,0.073,-0.001,-0.424,-1.961,-3.782,-150.52,12.19,45.0,1,0.849,-58.65,-51.05,0.0,0,5,0.1443,0.0037,0.1388,0.0037
12.143,1,0.87,-18.97,24.24,5,75.7,21.96,0.1001,-0.268,0.079,-0.003,-0.337,-1.964,-3.784,-151.32,12.19,36.04,1,0.866,-56.71,-49.26,0.0,0,5,0.1444,0.0074,0.1444,0.0185
12.18,1,0.871,-18.97,23.19,5,75.8,21.67,0.1046,-0.2476,0.086,-0.003,-0.263,-1.968,-3.785,-152.01,12.19,36.04,1,0.912,-52.35,-47.5,0.0,0,5,0.1443,0.0185,0.1462,0.0333
12.212,1,0.881,-18.72,23.27,5,75.7,21.67,0.1096,-0.234,0.09,-0.004,-0.239,-1.969,-3.786,-152.29,12.19,36.04,1,0.912,-52.35,-47.5,0.0,0,5,0.1444,0.0259,0.1462,0.0426
12.245,1,0.872,-18.47,22.2,5,75.5,21.67,0.1092,-0.2378,0.097,-0.004,-0.237,-1.973,-3.788,-152.81,12.19,36.04,1,0.869,-44.11,-41.12,0.0,0,5,0.1461,0.0462,0.1387,0.0555
12.28,1,0.864,-18.22,21.88,5,74.9,21.46,0.1143,-0.2396,0.103,-0.004,-0.243,-1.977,-3.79,-153.32,12.19,36.04,1,0.926,-39.26,-35.01,0.0,0,5,0.1477,0.0591,0.1385,0.0665
12.312,1,0.855,-18.22,21.37,5,74.4,21.6,0.1158,-0.2418,0.106,-0.004,-0.231,-1.979,-3.791,-153.61,12.19,36.04,1,0.926,-39.26,-35.01,0.0,0,5,0.1478,0.0628,0.1404,0.0721
12.346,1,0.841,-17.72,20.72,5,74.0,21.46,0.1183,-0.2398,0.111,-0.001,-0.22,-1.983,-3.793,-154.07,12.19,24.04,1,0.935,-32.96,-30.24,0.0,0,5,0.148,0.0703,0.1499,0.0777
12.381,1,0.84,-17.22,20.42,5,73.3,21.46,0.1214,-0.2426,0.118,-0.001,-0.14,-1.988,-3.795,-154.53,12.19,24.04,1,0.925,-28.11,-21.43,0.0,0,5,0.1518,0.0759,0.1574,0.0852
12.41,1,0.844,-16.22,20.28,5,72.7,21.67,0.1228,-0.2469,0.121,-0.001,-0.142,-1.99,-3.796,-154.64,12.19,24.04,1,0.932,-25.2,-15.82,3.929,1,5,0.1555,0.0815,0.1592,0.0889
12.446,1,0.855,-15.72,20.57,5,72.4,21.67,0.1235,-0.2575,0.125,0.002,-0.26,-1.994,-3.798,-155.16,12.19,24.04,1,0.917,-20.84,-12.08,3.193,1,5,0.1573,0.0962,0.1573,0.0888
12.479,1,0.858,-15.72,20.48,5,72.3,21.67,0.1221,-0.263,0.129,0.005,-0.16,-1.999,-3.801,-155.62,12.19,24.04,1,0.885,-15.99,-6.85,2.3,1,5,0.1568,0.1033,0.1642,0.0904
12.51,1,0.854,-15.72,20.55,5,72.7,21.67,0.1225,-0.2616,0.129,0.006,-0.23,-2.002,-3.802,-155.84,12.19,24.04,1,0.886,-11.63,2.91,6.684,1,5,0.1547,0.1032,0.1676,0.0921
12.544,1,0.857,-15.22,19.71,5,73.0,21.67,0.1222,-0.2606,0.131,0.001,-0.187,-2.006,-3.804,-156.36,12.19,12.04,1,0.895,-9.69,7.44,7.672,1,5,0.162,0.0921,0.1731,0.0976
12.58,1,0.852,-15.22,19.94,5,73.3,21.11,0.1262,-0.2605,0.134,-0.004,-0.25,-2.012,-3.806,-156.88,12.19,12.04,1,0.895,-9.69,7.44,7.672,1,5,0.1733,0.0903,0.1696,0.1014
12.611,1,0.847,-14.23,18.52,5,72.9,20.56,0.1251,-0.2609,0.135,-0.005,-0.325,-2.014,-3.807,-157.22,12.19,12.04,1,0.829,-0.97,18.98,0.0,0,5,0.1788,0.0922,0.1677,0.1014
12.643,1,0.837,-14.23,18.27,5,72.3,21.11,0.1319,-0.2623,0.14,-0.007,-0.177,-2.02,-3.809,-157.74,12.19,12.04,1,0.862,1.45,24.1,0.0,0,5,0.1881,0.0941,0.1715,0.1051
12.68,1,0.818,-14.47,18.66,5,71.6,21.1,0.1331,-0.2582,0.14,-0.004,-0.196,-2.025,-3.811,-158.19,12.19,12.04,1,0.863,1.45,23.57,0.0,0,5,0.1848,0.0942,0.1755,0.1072
12.712,1,0.81,-12.48,18.0,5,71.3,21.11,0.1312,-0.2576,0.141,-0.003,-0.204,-2.028,-3.812,-158.42,12.19,12.04,1,0.861,0.97,22.7,0.0,0,5,0.1793,0.0961,0.1812,0.1091
12.743,1,0.827,-11.98,16.63,5,71.6,20.96,0.1343,-0.2764,0.143,-0.0,-0.243,-2.033,-3.814,-158.94,12.19,9.62,1,0.85,0.97,21.25,0.0,0,5,0.1755,0.1035,0.1811,0.1109
12.777,1,0.827,-11.98,15.84,5,71.5,20.56,0.1409,-0.265,0.144,-0.001,-0.189,-2.038,-3.816,-159.51,12.19,9.62,1,0.837,0.0,19.43,0.0,0,5,0.1795,0.1073,0.1758,0.1092
12.812,1,0.817,-11.73,15.72,5,72.1,20.81,0.1446,-0.2532,0.145,0.0,-0.153,-2.041,-3.817,-159.68,12.19,9.62,1,0.837,0.0,19.43,0.0,0,5,0.1847,0.1071,0.1828,0.1034
12.843,1,0.818,-11.73,14.89,5,72.2,20.81,0.1452,-0.2539,0.143,0.0,-0.256,-2.047,-3.819,-160.26,12.19,9.62,1,0.825,-0.97,16.18,4.547,1,5,0.1864,0.1034,0.1846,0.0997
12.878,1,0.805,-12.23,14.3,5,71.8,21.02,0.1491,-0.2413,0.148,-0.001,-0.292,-2.052,-3.821,-160.89,12.19,9.62,1,0.825,-0.97,16.18,4.547,1,5,0.1938,0.1015,0.1919,0.1034
12.909,1,0.8,-12.98,14.43,5,70.8,20.44,0.1519,-0.2261,0.149,-0.004,-0.306,-2.055,-3.822,-161.23,12.19,9.62,1,0.787,-2.91,12.31,0.0,0,5,0.1975,0.0997,0.1901,0.107
12.943,1,0.785,-13.48,14.33,5,69.5,20.57,0.1513,-0.2185,0.152,0.001,-0.157,-2.061,-3.824,-161.69,12.19,11.08,1,0.766,-3.88,10.22,0.0,0,5,0.194,0.1072,0.1977,0.1072
12.981,1,0.791,-13.98,13.85,5,69.7,21.02,0.1518,-0.212,0.155,0.005,-0.203,-2.067,-3.826,-162.15,12.19,11.08,1,0.766,-3.88,10.22,0.0,0,5,0.1847,0.1219,0.1976,0.1145
13.01,1,0.778,-11.98,12.36,5,71.2,20.57,0.1429,-0.1797,0.157,0.006,-0.168,-2.07,-3.827,-162.32,12.19,11.08,1,0.766,-3.88,10.22,0.0,0,5,0.1829,0.1275,0.1977,0.1183
13.044,1,0.805,-9.23,10.64,5,71.7,20.44,0.1498,-0.1833,0.157,0.001,-0.192,-2.076,-3.829,-162.78,12.19,11.08,1,0.803,-5.33,8.25,0.0,0,5,0.1847,0.1274,0.1884,0.1256
13.078,1,0.815,-10.48,11.14,5,71.1,20.44,0.1639,-0.1932,0.153,-0.0,-0.159,-2.082,-3.831,-163.18,12.19,11.08,1,0.803,-5.33,8.25,0.0,0,5,0.1864,0.1255,0.1846,0.1218
13.113,1,0.815,-10.48,10.99,5,71.3,20.56,0.167,-0.1914,0.152,-0.0,-0.176,-2.085,-3.832,-163.41,12.19,11.08,1,0.729,-6.3,0.89,-1.594,1,4,0.1871,0.1174,0.1853,0.1174
13.143,1,0.788,-11.98,11.44,5,72.7,20.56,0.1677,-0.1878,0.157,-0.001,-0.221,-2.091,-3.834,-163.81,12.19,9.9,1,0.729,-6.3,0.89,-1.594,1,4,0.1891,0.1193,0.1927,0.1267
13.178,1,0.809,-10.23,10.49,5,72.6,20.56,0.1655,-0.1778,0.163,0.002,-0.178,-2.098,-3.836,-164.27,12.19,9.9,1,0.776,-7.27,3.12,0.0,0,5,0.1903,0.1299,0.1995,0.1318
13.245,1,0.786,-10.98,10.18,5,70.3,20.81,0.1701,-0.1805,0.168,0.008,-0.152,-2.107,-3.839,-164.95,12.19,9.9,1,0.812,-8.24,9.96,0.0,0,5,0.1874,0.1419,0.2092,0.1328
13.28,1,0.773,-11.73,10.31,5,68.8,20.56,0.1715,-0.1646,0.172,0.006,-0.126,-2.114,-3.841,-165.24,12.19,9.9,1,0.812,-8.24,9.96,0.0,0,5,0.1948,0.1433,0.2132,0.1378
13.313,1,0.764,-13.23,11.23,5,68.0,21.02,0.1709,-0.1584,0.173,0.004,-0.149,-2.118,-3.842,-165.36,12.19,9.9,1,0.812,-8.24,9.96,0.0,0,5,0.1986,0.1434,0.2115,0.1398
13.345,1,0.761,-13.98,11.22,5,68.8,21.02,0.1591,-0.1477,0.178,0.001,-0.188,-2.125,-3.844,-165.81,12.19,9.72,1,0.812,-8.24,9.96,0.0,0,5,0.2055,0.1518,0.2055,0.1481
13.379,1,0.761,-11.23,9.31,5,69.4,21.02,0.1349,-0.1057,0.182,0.006,-0.091,-2.132,-3.846,-166.16,12.19,9.72,1,0.765,-9.21,17.99,0.0,0,5,0.1982,0.1593,0.2149,0.1537
13.41,1,0.758,-8.49,7.28,5,69.7,21.02,0.1488,-0.1173,0.181,0.008,-0.15,-2.135,-3.847,-166.33,12.19,9.72,1,0.765,-9.21,17.99,0.0,0,5,0.1931,0.1603,0.2186,0.153
13.443,1,0.75,-7.99,7.06,5,68.7,20.44,0.1557,-0.1105,0.175,0.009,-0.128,-2.142,-3.849,-166.56,12.19,9.72,1,0.752,-9.69,25.9,0.0,0,5,0.1892,0.1564,0.211,0.1419
13.48,1,0.741,-7.74,6.88,5,67.9,20.44,0.1698,-0.119,0.166,0.005,-0.148,-2.148,-3.85,-166.9,12.19,9.72,1,0.752,-9.69,25.9,0.0,0,5,0.1873,0.1491,0.1927,0.1364
13.51,1,0.752,-7.74,6.69,5,68.5,20.44,0.1811,-0.1231,0.163,0.005,-0.126,-2.151,-3.851,-167.02,12.19,9.72,1,0.752,-9.69,25.9,0.0,0,5,0.1829,0.1478,0.1885,0.133
13.543,1,0.708,-10.73,7.62,5,68.7,20.56,0.1828,-0.118,0.165,0.005,-0.076,-2.158,-3.853,-167.25,12.19,8.43,1,0.743,-8.72,34.55,0.0,0,5,0.1775,0.1479,0.1923,0.1442
13.581,1,0.324,-5.8,6.33,4,69.3,20.5,0.1654,-0.0903,0.167,0.004,-0.102,-2.164,-3.854,-167.48,12.19,8.43,1,0.743,-8.72,34.55,0.0,0,5,0.1793,0.1516,0.1904,0.1479
13.61,1,0.767,-7.24,5.89,5,68.9,20.44,0.1416,-0.0855,0.171,0.002,-0.078,-2.168,-3.855,-167.59,12.19,8.43,1,0.743,-8.72,34.55,0.0,0,5,0.1832,0.1554,0.1906,0.1554
13.645,1,0.774,-6.99,5.91,5,68.4,20.2,0.1485,-0.074,0.17,0.004,-0.022,-2.174,-3.857,-167.65,12.19,8.43,1,0.72,-8.24,44.95,0.0,0,5,0.1815,0.1574,0.1908,0.1519
13.68,1,0.784,-6.49,5.71,5,68.8,20.44,0.1626,-0.0868,0.166,0.003,-0.158,-2.181,-3.858,-167.88,12.19,8.43,1,0.695,-8.24,48.89,0.0,0,5,0.1706,0.1502,0.1892,0.1558
13.714,1,0.788,-6.74,5.34,5,69.2,20.56,0.1766,-0.0962,0.163,0.002,-0.131,-2.184,-3.859,-168.05,12.19,8.43,1,0.695,-8.24,48.89,0.0,0,5,0.1704,0.1463,0.1852,0.1519
13.745,1,0.784,-6.99,5.18,5,70.2,20.56,0.1835,-0.0871,0.165,-0.001,-0.032,-2.191,-3.86,-168.16,12.19,12.23,1,0.657,-9.21,53.02,0.0,0,5,0.1777,0.1499,0.1777,0.1536
13.779,1,0.778,-6.74,5.34,5,70.5,20.04,0.1876,-0.0815,0.168,0.001,-0.055,-2.197,-3.862,-168.28,12.19,12.23,1,0.678,-14.06,55.88,0.0,0,5,0.1795,0.1573,0.1813,0.1536
13.807,1,0.783,-5.74,4.65,5,70.4,20.2,0.1867,-0.0883,0.17,0.002,-0.052,-2.2,-3.863,-168.39,12.19,12.23,1,0.678,-14.06,55.88,0.0,0,5,0.1778,0.1612,0.1834,0.1574
13.842,1,0.774,-5.74,4.48,5,70.1,20.44,0.1874,-0.081,0.172,0.001,-0.066,-2.207,-3.864,-168.45,12.19,12.23,1,0.626,-18.42,55.46,0.0,0,5,0.1759,0.1611,0.1851,0.1648
13.876,1,0.779,-5.24,4.16,5,70.6,20.44,0.1861,-0.0745,0.174,-0.0,-0.131,-2.211,-3.865,-168.62,12.19,12.23,1,0.631,-20.84,54.96,0.0,0,5,0.1814,0.1629,0.1851,0.1685
13.911,1,0.78,-5.24,3.83,5,70.8,20.56,0.1869,-0.071,0.184,0.0,-0.056,-2.219,-3.866,-168.85,12.19,12.23,1,0.659,-22.78,56.44,0.0,0,5,0.1945,0.1741,0.1945,0.1723
13.945,1,0.793,-5.24,3.5,5,71.1,20.44,0.187,-0.0613,0.19,0.004,-0.054,-2.226,-3.868,-168.91,12.18,18.42,1,0.621,-26.66,54.52,0.0,0,5,0.1944,0.1833,0.2036,0.1777
13.981,1,0.798,-5.24,3.67,5,71.1,20.04,0.189,-0.0522,0.187,0.001,-0.008,-2.233,-3.869,-168.97,12.18,18.42,1,0.628,-30.54,54.3,0.0,0,5,0.1943,0.1776,0.1998,0.1776
14.012,1,0.787,-4.49,3.45,5,70.7,20.44,0.1897,-0.0566,0.187,-0.0,-0.077,-2.237,-3.87,-168.97,12.18,18.42,1,0.646,-30.54,54.62,0.0,0,5,0.1923,0.1775,0.196,0.183
14.044,1,0.782,-4.49,3.44,5,70.6,20.44,0.1881,-0.059,0.19,-0.003,-0.014,-2.245,-3.871,-169.19,12.18,18.42,1,0.646,-30.54,54.62,0.0,0,5,0.2001,0.1778,0.1963,0.1852
14.08,1,0.769,-3.99,3.09,5,70.5,20.44,0.1873,-0.0573,0.195,0.001,-0.055,-2.252,-3.873,-169.25,12.18,18.42,1,0.646,-30.54,54.62,0.0,0,5,0.1963,0.1852,0.2075,0.1908
14.11,1,0.773,-4.49,3.29,5,70.2,20.2,0.1854,-0.0519,0.195,0.001,-0.017,-2.256,-3.874,-169.25,12.18,18.42,1,0.646,-30.54,54.62,0.0,0,5,0.1963,0.1852,0.2075,0.1908
14.142,1,0.776,-4.24,2.96,5,70.0,20.44,0.186,-0.0509,0.193,-0.002,-0.098,-2.264,-3.875,-169.37,12.18,24.08,1,0.646,-30.54,54.62,0.0,0,5,0.1978,0.1812,0.1997,0.1923
14.18,1,0.788,-3.99,2.77,5,70.0,20.44,0.1864,-0.0447,0.194,-0.006,0.003,-2.272,-3.876,-169.42,12.18,24.08,1,0.646,-30.54,54.62,0.0,0,5,0.2049,0.1809,0.1956,0.1938
14.212,1,0.793,-3.49,2.94,5,70.6,20.04,0.1882,-0.0426,0.194,-0.005,-0.038,-2.275,-3.877,-169.48,12.18,24.08,1,0.646,-30.54,54.62,0.0,0,5,0.203,0.1809,0.1975,0.1938
14.245,1,0.794,-3.49,2.94,5,70.3,20.04,0.189,-0.0537,0.192,0.001,0.017,-2.283,-3.878,-169.48,12.18,24.08,1,0.646,-30.54,54.62,0.0,0,5,0.1938,0.1864,0.2012,0.1882
14.279,1,0.789,-3.49,2.9,5,70.7,20.44,0.1891,-0.0527,0.189,0.002,-0.108,-2.29,-3.88,-169.65,12.18,24.08,1,0.636,-25.2,43.33,0.0,0,5,0.1903,0.1885,0.194,0.1829
14.31,1,0.782,-3.49,3.97,5,71.7,20.56,0.1883,-0.0505,0.19,0.0,-0.005,-2.294,-3.88,-169.71,12.18,24.08,1,0.751,-22.78,41.2,0.0,0,5,0.1959,0.1866,0.194,0.1829
14.343,1,0.747,-2.99,5.7,5,71.8,20.04,0.1868,-0.0795,0.194,0.0,-0.042,-2.302,-3.882,-169.71,12.18,29.29,1,0.771,-19.87,40.54,0.0,0,5,0.1978,0.1867,0.2015,0.1886
14.379,1,0.739,-2.99,9.69,5,71.9,20.56,0.1626,-0.1164,0.195,0.0,-0.019,-2.309,-3.883,-169.82,12.18,29.29,1,0.765,-18.9,38.5,0.0,0,5,0.196,0.183,0.2071,0.1923
14.412,1,0.595,-2.99,15.86,4,72.4,20.56,0.1385,-0.1847,0.193,0.001,-0.051,-2.313,-3.884,-169.88,12.18,29.29,1,0.783,-15.99,35.55,0.0,0,5,0.1961,0.1832,0.2054,0.1887
14.444,1,0.602,-2.99,20.53,4,73.3,20.3,0.1268,-0.2929,0.188,-0.002,-0.044,-2.321,-3.885,-170.05,12.18,29.29,1,0.783,-15.99,35.55,0.0,0,5,0.2018,0.1777,0.1944,0.1796
14.475,1,0.602,-2.99,26.18,5,75.0,26.32,0.1026,-0.3321,0.188,-0.003,-0.095,-2.324,-3.886,-170.11,12.18,29.29,1,0.794,-15.51,30.91,0.0,0,5,0.2036,0.1759,0.1944,0.1777
14.509,1,0.665,-3.74,30.22,5,75.8,25.1,0.0907,-0.4306,0.182,0.0,-0.11,-2.331,-3.887,-170.4,12.18,29.29,1,0.794,-16.48,26.15,0.0,0,5,0.1907,0.1703,0.1944,0.174
14.544,1,0.727,-4.49,32.94,5,76.0,25.1,0.07,-0.4242,0.176,-0.0,-0.043,-2.338,-3.888,-170.57,12.19,39.92,1,0.794,-16.48,26.15,0.0,0,5,0.1828,0.1551,0.1958,0.1699
14.576,1,0.773,-4.49,34.19,5,74.9,24.48,0.07,-0.4242,0.17,-0.002,-0.04,-2.341,-3.888,-170.63,12.19,39.92,1,0.776,-21.33,9.46,0.0,0,5,0.1811,0.146,0.1903,0.1645
14.643,1,0.814,-0.25,34.53,5,75.1,24.26,0.07,-0.4242,0.15,-0.008,-0.2,-2.353,-3.89,-171.26,12.19,39.92,1,0.783,-23.27,-5.73,0.0,0,5,0.185,0.1184,0.1647,0.1314
14.679,1,0.847,2.0,33.48,5,74.9,24.26,0.07,-0.4242,0.14,-0.007,-0.241,-2.358,-3.89,-171.77,12.19,39.92,1,0.783,-23.27,-5.73,0.0,0,5,0.1755,0.1053,0.1608,0.1183
14.712,1,0.808,3.49,31.81,5,75.1,24.26,0.07,-0.4242,0.136,-0.006,-0.267,-2.361,-3.891,-172.06,12.19,39.92,1,0.783,-23.27,-5.73,0.0,0,5,0.1718,0.0998,0.1608,0.1109
14.744,1,0.802,4.74,30.8,5,74.9,24.26,0.07,-0.4242,0.128,-0.008,-0.179,-2.366,-3.891,-172.57,12.19,45.0,1,0.806,-28.6,-25.42,0.0,0,5,0.1721,0.0806,0.1593,0.0989
14.776,1,0.803,5.74,30.69,5,74.5,24.26,0.0734,-0.4447,0.123,-0.009,-0.229,-2.368,-3.891,-172.86,12.19,45.0,1,0.806,-28.6,-25.42,0.0,0,5,0.1721,0.0714,0.1575,0.0916
14.81,1,0.805,6.49,30.43,5,74.5,24.26,0.0739,-0.4479,0.111,-0.012,-0.263,-2.372,-3.891,-173.49,12.19,45.0,1,0.806,-28.6,-25.42,0.0,0,5,0.1692,0.0546,0.1437,0.0764
14.846,1,0.805,6.99,29.89,5,74.7,23.96,0.0751,-0.4554,0.1,-0.01,-0.301,-2.376,-3.891,-174.12,12.19,45.0,1,0.806,-28.6,-25.42,0.0,0,5,0.1595,0.0403,0.1393,0.0605
14.877,1,0.805,6.74,29.3,5,75.1,23.73,0.0777,-0.4711,0.095,-0.01,-0.344,-2.378,-3.891,-174.52,12.19,45.0,1,0.823,-29.57,-31.74,0.0,0,5,0.1565,0.0309,0.1383,0.0546
14.909,1,0.798,6.74,28.29,5,75.1,23.46,0.0805,-0.4879,0.09,-0.012,-0.38,-2.38,-3.891,-174.98,12.19,45.0,1,0.823,-29.57,-31.74,0.0,0,5,0.1539,0.0197,0.1378,0.0501
14.946,1,0.854,6.24,28.81,5,75.6,23.46,0.0853,-0.5172,0.081,-0.009,-0.325,-2.383,-3.891,-175.84,12.17,45.0,1,0.823,-29.57,-31.74,0.0,0,5,0.1458,0.0054,0.1368,0.0342
14.975,1,0.869,5.49,28.05,5,75.8,23.89,0.0829,-0.5023,0.076,-0.009,-0.342,-2.384,-3.891,-176.24,12.17,45.0,1,0.817,-34.41,-37.82,0.0,0,5,0.1422,0.0,0.135,0.027
15.011,1,0.868,4.74,27.61,5,76.0,23.26,0.0865,-0.5242,0.07,-0.005,-0.372,-2.387,-3.891,-177.1,12.17,45.0,1,0.817,-34.41,-37.82,0.0,0,5,0.1367,-0.0018,0.1311,0.0129
15.042,1,0.872,3.49,26.93,5,75.9,23.34,0.0886,-0.5209,0.069,-0.004,-0.417,-2.39,-3.891,-178.08,12.17,45.0,1,0.817,-34.41,-37.82,0.0,0,5,0.1404,-0.0037,0.1349,0.0055
15.076,1,0.901,2.75,26.57,5,76.2,22.78,0.0918,-0.4956,0.072,-0.004,-0.426,-2.391,-3.891,-178.59,12.17,45.0,1,0.809,-40.23,-42.96,0.0,0,5,0.148,-0.0019,0.1388,0.0037
15.112,1,0.907,2.25,25.58,5,76.3,22.78,0.0936,-0.4825,0.077,-0.003,-0.454,-2.394,-3.89,-179.56,12.17,45.0,1,0.809,-40.23,-42.96,0.0,0,5,0.161,0.0,0.148,0.0
15.144,1,0.91,1.25,24.92,5,76.2,22.77,0.0983,-0.4602,0.08,-0.002,-0.443,-2.398,-3.89,179.34,12.17,35.87,1,0.809,-40.23,-42.96,0.0,0,5,0.1646,0.0018,0.1535,0.0
15.178,1,0.909,0.5,24.68,5,76.3,22.78,0.1014,-0.4393,0.08,-0.001,-0.421,-2.399,-3.891,178.88,12.17,35.87,1,0.809,-40.23,-42.96,0.0,0,5,0.1609,0.0018,0.1553,0.0
15.242,1,0.901,-1.75,23.21,5,76.3,22.22,0.1025,-0.4301,0.084,0.005,-0.411,-2.406,-3.891,176.76,12.17,35.87,1,0.789,-34.9,-39.41,0.0,0,5,0.1534,0.0148,0.1626,0.0037
15.277,1,0.923,-2.25,22.43,5,76.4,22.19,0.1095,-0.3825,0.087,0.003,-0.442,-2.408,-3.89,176.3,12.17,35.87,1,0.797,-27.63,-31.82,0.0,0,5,0.1569,0.0185,0.1606,0.0111
15.344,1,0.905,-2.99,21.01,5,77.0,21.67,0.1132,-0.3804,0.098,-0.002,-0.331,-2.416,-3.89,174.64,12.17,23.87,1,0.821,-25.69,-27.36,0.0,0,5,0.1606,0.0314,0.1606,0.0406
15.373,1,0.916,-2.99,20.26,5,77.1,21.11,0.12,-0.369,0.102,-0.002,-0.279,-2.418,-3.889,174.35,12.17,23.87,1,0.813,-20.36,-23.14,0.0,0,5,0.1587,0.0388,0.1606,0.048
15.409,1,0.913,-2.99,19.32,5,77.3,21.67,0.1235,-0.3672,0.107,-0.003,-0.267,-2.423,-3.889,173.66,12.17,23.87,1,0.832,-17.93,-16.47,3.505,1,5,0.1608,0.0499,0.1589,0.0591
15.442,1,0.911,-2.5,18.7,5,76.9,21.11,0.1281,-0.3617,0.115,-0.003,-0.306,-2.427,-3.888,172.98,12.17,23.87,1,0.798,-14.06,-15.69,1.187,1,5,0.1683,0.061,0.1627,0.0666
15.478,1,0.918,-2.0,18.05,5,76.7,21.42,0.131,-0.3638,0.117,-0.002,-0.257,-2.43,-3.888,172.69,12.17,23.87,1,0.798,-14.06,-15.69,1.187,1,5,0.1702,0.0648,0.1647,0.0666
15.512,1,0.918,-1.25,17.7,5,76.5,21.11,0.1341,-0.3641,0.123,0.006,-0.169,-2.435,-3.888,172.29,12.17,23.87,1,0.798,-14.06,-15.69,1.187,1,5,0.1664,0.0851,0.1738,0.0684
15.543,1,0.916,-0.5,16.9,5,76.2,21.11,0.1358,-0.3699,0.13,0.012,-0.243,-2.44,-3.888,171.77,12.15,14.18,1,0.798,-14.06,-15.69,1.187,1,5,0.161,0.1036,0.1795,0.074
15.579,1,0.917,0.25,16.18,5,75.7,21.46,0.1396,-0.3691,0.134,0.015,-0.233,-2.443,-3.887,171.49,12.15,14.18,1,0.798,-14.06,-15.69,1.187,1,5,0.1647,0.111,0.1869,0.074
15.612,1,0.912,0.5,16.34,5,75.5,20.96,0.143,-0.3681,0.139,0.01,-0.32,-2.449,-3.887,170.8,12.15,14.18,1,0.798,-14.06,-15.69,1.187,1,5,0.1795,0.1092,0.1887,0.0796
15.642,1,0.91,0.5,16.07,5,75.0,21.11,0.1422,-0.3722,0.141,0.008,-0.287,-2.454,-3.886,170.17,12.15,14.18,1,0.798,-14.06,-15.69,1.187,1,5,0.1886,0.098,0.1997,0.0777
15.678,1,0.913,0.5,14.86,5,74.7,21.11,0.1435,-0.3671,0.14,0.005,-0.355,-2.46,-3.885,169.37,12.15,14.18,1,0.798,-14.06,-15.69,1.187,1,5,0.1885,0.0924,0.1996,0.0813
15.713,1,0.909,0.0,14.54,5,74.4,21.11,0.1493,-0.3502,0.141,0.004,-0.367,-2.463,-3.885,168.91,12.15,14.18,1,0.677,6.3,15.88,4.102,1,5,0.1866,0.0813,0.2088,0.0887
15.742,1,0.899,0.25,13.64,5,73.8,21.1,0.1508,-0.339,0.146,-0.001,-0.337,-2.469,-3.883,168.16,12.15,9.36,1,0.677,6.3,15.88,4.102,1,5,0.1977,0.0832,0.2051,0.0961
15.775,1,0.909,0.0,13.01,5,73.9,21.1,0.1551,-0.3285,0.147,-0.001,-0.27,-2.472,-3.883,167.82,12.15,9.36,1,0.814,7.76,14.26,5.11,1,5,0.1997,0.0851,0.2052,0.0961
15.811,1,0.896,-0.25,12.18,5,73.7,21.11,0.1581,-0.3152,0.153,0.004,-0.311,-2.478,-3.882,167.19,12.15,9.36,1,0.826,8.72,20.32,0.0,0,5,0.2017,0.1036,0.2091,0.0962
15.844,1,0.901,-0.5,11.59,5,73.7,20.96,0.162,-0.2981,0.157,0.005,-0.265,-2.484,-3.88,166.44,12.15,9.36,1,0.826,8.72,20.32,0.0,0,5,0.2035,0.1092,0.2146,0.1018
15.876,1,0.904,-0.5,11.56,5,73.5,20.81,0.1648,-0.2849,0.16,0.003,-0.291,-2.487,-3.879,166.1,12.15,9.36,1,0.826,8.72,20.32,0.0,0,5,0.2109,0.111,0.2165,0.1036
15.91,1,0.89,-1.0,10.8,5,72.8,20.96,0.165,-0.2846,0.161,0.0,-0.308,-2.494,-3.878,165.47,12.15,9.36,1,0.823,5.82,15.11,7.485,1,5,0.2182,0.1091,0.2145,0.1035
15.942,1,0.892,-1.75,10.33,5,72.8,20.81,0.1686,-0.2645,0.162,0.0,-0.345,-2.5,-3.876,164.67,12.16,9.42,1,0.823,5.82,15.11,7.485,1,5,0.2128,0.1073,0.2165,0.111
15.976,1,0.899,-1.75,9.57,5,72.8,20.57,0.1708,-0.2473,0.164,-0.0,-0.257,-2.503,-3.875,164.32,12.16,9.42,1,0.823,5.82,15.11,7.485,1,5,0.2103,0.107,0.2195,0.118
16.009,1,0.9,-1.25,9.14,5,72.6,20.56,0.1744,-0.2326,0.169,-0.003,-0.227,-2.51,-3.873,163.81,12.16,9.42,1,0.829,2.91,9.42,4.056,1,5,0.2122,0.1089,0.2233,0.131
16.042,1,0.896,-1.75,9.06,5,72.3,20.57,0.1765,-0.2305,0.175,0.003,-0.224,-2.517,-3.872,163.29,12.16,9.42,1,0.829,2.91,9.42,4.056,1,5,0.2104,0.131,0.2252,0.1329
16.073,1,0.885,-1.75,8.12,5,72.1,20.57,0.1769,-0.2232,0.176,0.006,-0.222,-2.52,-3.871,163.06,12.16,9.42,1,0.825,1.45,6.12,2.275,1,5,0.2056,0.1408,0.2223,0.1334
16.11,1,0.879,-1.75,7.58,5,72.1,20.57,0.1813,-0.2027,0.179,0.006,-0.2,-2.527,-3.869,162.61,12.16,9.42,1,0.825,1.45,6.12,2.275,1,5,0.2073,0.1518,0.2184,0.1388
16.142,1,0.878,-2.0,7.32,5,72.1,20.56,0.1839,-0.1909,0.181,-0.001,-0.186,-2.534,-3.866,162.2,12.16,10.73,1,0.825,1.45,6.12,2.275,1,5,0.2146,0.1443,0.2165,0.1499
16.177,1,0.873,-2.25,6.99,5,72.2,20.57,0.1852,-0.1822,0.184,-0.003,-0.172,-2.538,-3.865,162.03,12.16,10.73,1,0.825,1.45,6.12,2.275,1,5,0.22,0.1442,0.2182,0.1553
16.212,1,0.874,-2.25,6.76,5,72.5,20.57,0.1867,-0.1718,0.186,-0.004,-0.188,-2.545,-3.862,161.57,12.16,10.73,1,0.825,1.45,6.12,2.275,1,5,0.2162,0.1429,0.2199,0.1631
16.243,1,0.878,-1.75,6.03,5,73.1,20.46,0.1878,-0.1667,0.189,-0.001,-0.187,-2.552,-3.86,161.17,12.16,10.73,1,0.825,1.45,6.12,2.275,1,5,0.2162,0.1576,0.218,0.1631
16.273,1,0.883,-1.75,5.93,5,73.9,20.46,0.1913,-0.1551,0.19,0.001,-0.105,-2.556,-3.859,161.06,12.16,10.73,1,0.845,-4.36,-10.28,-1.867,1,5,0.2161,0.163,0.2179,0.1611
16.311,1,0.894,-2.0,5.89,5,74.5,20.56,0.191,-0.1517,0.191,0.004,-0.153,-2.563,-3.857,160.71,12.16,10.73,1,0.845,-4.36,-10.28,-1.867,1,5,0.2145,0.1701,0.22,0.1609
16.342,1,0.889,-2.0,5.5,5,75.0,20.2,0.1911,-0.1476,0.192,0.001,-0.107,-2.571,-3.854,160.31,12.16,11.11,1,0.867,-5.33,-11.93,0.708,1,5,0.2107,0.1626,0.2236,0.1718
16.374,1,0.895,-1.25,4.86,5,75.1,20.81,0.1832,-0.1319,0.191,-0.002,-0.063,-2.574,-3.852,160.26,12.16,11.11,1,0.867,-5.33,-11.93,0.708,1,5,0.2125,0.1571,0.2217,0.1737
16.409,1,0.894,-1.0,5.06,5,75.3,20.2,0.1848,-0.1248,0.194,-0.003,-0.161,-2.58,-3.85,160.03,12.16,11.11,1,0.867,-5.33,-11.93,0.708,1,5,0.2151,0.1631,0.2187,0.1792
16.441,1,0.892,-1.5,5.02,5,75.5,20.2,0.1862,-0.1333,0.193,0.003,-0.15,-2.588,-3.848,159.68,12.16,11.11,1,0.854,-5.33,-13.77,-3.488,1,5,0.2099,0.1743,0.2188,0.1708
16.478,1,0.902,-1.75,4.46,5,75.9,20.2,0.1927,-0.1291,0.191,0.004,-0.197,-2.595,-3.845,159.34,12.16,11.11,1,0.854,-5.33,-13.77,-3.488,1,5,0.2031,0.1728,0.2174,0.1711
16.507,1,0.891,-1.25,4.0,5,76.0,20.46,0.1906,-0.109,0.189,0.001,-0.063,-2.598,-3.844,159.17,12.16,11.11,1,0.838,-6.3,-17.7,0.0,0,5,0.2036,0.1669,0.2146,0.1724
16.543,1,0.897,-1.25,4.78,5,76.1,20.46,0.1879,-0.1014,0.192,0.0,-0.093,-2.606,-3.841,159.0,12.16,8.08,1,0.838,-6.3,-17.7,0.0,0,5,0.2052,0.1664,0.2182,0.1775
16.577,1,0.888,-1.0,4.18,5,76.0,20.81,0.19,-0.1238,0.193,0.004,-0.095,-2.61,-3.84,158.88,12.16,8.08,1,0.843,-4.85,-16.57,-0.795,1,5,0.2033,0.1737,0.2199,0.1755
16.612,1,0.875,-0.75,2.72,5,75.7,20.57,0.2001,-0.1144,0.195,0.008,-0.11,-2.617,-3.837,158.77,12.16,8.08,1,0.822,-1.94,-16.3,-4.686,1,5,0.2035,0.1887,0.2165,0.1702
16.644,1,0.882,-0.25,3.4,5,75.6,20.46,0.1942,-0.0728,0.193,0.003,-0.07,-2.624,-3.834,158.48,12.16,8.08,1,0.822,-1.94,-16.3,-4.686,1,5,0.2091,0.1832,0.2091,0.1721
16.673,1,0.859,-0.25,3.2,5,75.7,20.81,0.1793,-0.0917,0.196,0.003,-0.085,-2.628,-3.833,158.37,12.16,8.08,1,0.822,-1.94,-16.3,-4.686,1,5,0.211,0.1833,0.2147,0.1759
16.707,1,0.871,0.0,3.07,5,75.0,20.81,0.1677,-0.0812,0.2,0.003,-0.106,-2.636,-3.83,158.14,12.16,8.08,1,0.834,1.94,-7.9,-3.319,1,5,0.2073,0.1814,0.224,0.187
16.741,1,0.866,0.25,2.97,5,74.9,20.81,0.1439,-0.0709,0.199,0.005,-0.09,-2.643,-3.828,158.02,12.16,3.69,1,0.834,1.94,-7.9,-3.319,1,5,0.2036,0.187,0.2203,0.1833
16.772,1,0.86,0.75,2.56,5,74.0,20.57,0.1249,-0.0631,0.196,0.003,-0.112,-2.646,-3.826,157.91,12.16,3.69,1,0.823,4.36,-6.61,-5.557,1,5,0.2055,0.187,0.211,0.1814
16.808,1,0.833,1.0,2.25,5,73.3,20.96,0.1131,-0.0565,0.191,0.0,-0.055,-2.653,-3.823,157.74,12.16,3.69,1,0.86,6.3,0.97,-2.81,1,5,0.2091,0.1813,0.2017,0.1721
16.84,1,0.823,1.25,2.58,5,72.7,20.57,0.089,-0.0513,0.188,0.001,-0.095,-2.66,-3.821,157.56,12.16,3.69,1,0.859,6.3,0.47,-2.129,1,5,0.1998,0.1776,0.2017,0.1739
16.876,1,0.828,0.25,2.88,5,72.2,20.81,0.0748,-0.0589,0.185,0.004,-0.127,-2.664,-3.819,157.45,12.16,3.69,1,0.845,8.24,-0.3,-5.81,1,5,0.1887,0.1776,0.2017,0.1739
16.94,1,0.81,0.75,2.08,5,72.1,20.81,0.0748,-0.0516,0.165,0.003,-0.092,-2.676,-3.814,157.22,12.16,1.14,1,0.854,9.69,5.75,-1.507,1,5,0.1702,0.1591,0.1776,0.1536
16.972,1,0.821,1.25,1.69,5,71.9,20.81,0.0748,-0.0438,0.158,0.0,-0.087,-2.678,-3.813,157.11,12.16,1.14,1,0.852,9.21,4.88,-5.746,1,5,0.1683,0.1442,0.172,0.1479
17.009,1,0.816,1.25,1.71,5,72.3,20.81,0.0748,-0.0431,0.144,-0.003,-0.063,-2.683,-3.811,156.99,12.16,1.14,1,0.852,9.21,4.88,-5.746,1,5,0.1517,0.1203,0.1628,0.1425
17.041,1,0.82,0.75,1.65,5,72.5,20.81,0.0748,-0.0426,0.131,-0.002,-0.085,-2.688,-3.809,156.76,12.16,1.14,1,0.835,9.69,3.42,-4.826,1,5,0.1369,0.111,0.148,0.1295
17.075,1,0.838,0.75,1.43,5,72.6,20.57,0.0748,-0.0351,0.127,-0.001,0.011,-2.69,-3.808,156.7,12.16,1.14,1,0.835,9.69,3.42,-4.826,1,5,0.1369,0.111,0.1406,0.1184
17.142,1,0.862,0.75,1.33,5,73.3,20.81,0.0748,-0.0315,0.111,0.001,-0.04,-2.698,-3.805,156.53,12.16,-1.2,1,0.828,10.18,10.67,-2.261,1,5,0.1331,0.1091,0.1146,0.0869
17.177,1,0.871,0.25,1.28,5,73.5,20.81,0.0748,-0.0298,0.106,0.0,-0.104,-2.7,-3.804,156.42,12.16,-1.2,1,0.828,10.18,10.67,-2.261,1,5,0.124,0.1018,0.111,0.087
17.209,1,0.878,0.25,1.07,5,73.7,20.46,0.0748,-0.0227,0.095,-0.001,-0.076,-2.703,-3.803,156.19,12.16,-1.2,1,0.828,10.18,10.67,-2.261,1,5,0.0998,0.0795,0.1072,0.0924
17.241,1,0.881,0.25,0.93,5,73.7,20.46,0.0748,-0.0196,0.084,0.0,-0.04,-2.706,-3.801,156.13,12.16,-1.2,1,0.834,8.72,7.94,-4.355,1,5,0.0833,0.0611,0.1073,0.0851
17.274,1,0.891,0.0,1.0,5,73.9,20.57,0.0748,-0.0178,0.08,0.001,-0.112,-2.707,-3.801,156.02,12.16,-1.2,1,0.834,8.72,7.94,-4.355,1,5,0.0776,0.0591,0.1035,0.0813
17.31,1,0.891,0.0,0.63,5,73.8,20.57,0.0748,-0.016,0.073,0.003,-0.064,-2.71,-3.8,155.9,12.16,-1.2,1,0.834,8.72,7.94,-4.355,1,5,0.0758,0.0628,0.0905,0.0647
17.372,1,0.888,0.25,0.4,5,73.9,20.57,0.0748,-0.0103,0.071,0.005,-0.045,-2.714,-3.798,155.84,12.16,-1.85,1,0.842,12.12,12.13,-0.957,1,5,0.0795,0.0758,0.0758,0.0517
17.471,1,0.88,0.25,0.6,5,73.6,20.81,0.0748,-0.0094,0.054,0.003,-0.025,-2.719,-3.796,155.79,12.16,-1.85,1,0.834,12.12,12.13,-0.96,1,5,0.0536,0.0536,0.0592,0.0481
17.541,1,0.87,0.25,0.48,5,73.5,20.81,0.0748,-0.0128,0.04,0.001,0.028,-2.722,-3.795,155.84,12.16,-1.24,1,0.832,12.12,12.13,-0.964,1,5,0.037,0.0407,0.0407,0.0407
17.572,1,0.871,0.25,0.77,5,73.4,20.46,0.0748,-0.0108,0.037,-0.0,-0.003,-2.722,-3.795,155.84,12.16,-1.24,1,0.832,12.12,12.13,-0.964,1,5,0.0352,0.0389,0.0352,0.0407
17.641,1,0.864,0.5,0.47,5,73.2,20.2,0.0748,-0.0157,0.032,0.0,0.013,-2.725,-3.794,155.84,12.16,-1.24,1,0.831,12.6,12.23,-3.345,1,5,0.0296,0.0333,0.0315,0.0333
17.675,1,0.858,0.75,0.31,5,73.0,20.57,0.0748,-0.0133,0.031,0.001,-0.001,-2.725,-3.794,155.84,12.16,-1.24,1,0.833,12.6,12.32,-4.729,1,5,0.0296,0.0333,0.0315,0.0296
17.775,1,0.851,0.75,0.53,5,72.8,20.81,0.0748,-0.0127,0.033,0.001,0.007,-2.728,-3.792,155.84,12.16,-0.31,1,0.839,13.09,11.83,-3.808,1,5,0.0273,0.0327,0.0345,0.0364
17.842,1,0.84,1.0,0.41,5,72.5,20.57,0.0748,-0.0163,0.041,-0.001,-0.025,-2.731,-3.791,155.9,12.16,-0.31,1,0.841,13.09,12.43,-2.785,1,5,0.0406,0.0406,0.0388,0.0424
17.871,1,0.836,1.0,0.38,5,72.5,20.57,0.0748,-0.017,0.042,-0.001,0.008,-2.732,-3.791,155.9,12.16,-0.31,1,0.842,13.09,12.42,-2.785,1,5,0.0423,0.0423,0.0386,0.0441
17.971,1,0.83,1.25,0.85,5,72.5,20.57,0.0748,-0.0159,0.055,-0.001,-0.002,-2.737,-3.788,155.9,12.16,0.3,1,0.847,13.57,11.9,-1.752,1,5,0.0546,0.0564,0.051,0.0564
18.074,1,0.827,1.25,1.02,5,72.4,20.57,0.0748,-0.0265,0.058,0.001,-0.005,-2.743,-3.786,155.96,12.16,0.3,1,0.841,7.76,3.47,-3.271,1,5,0.0554,0.0591,0.0591,0.0572
18.172,1,0.822,1.0,1.38,5,72.1,20.96,0.0748,-0.0291,0.055,-0.001,0.0,-2.748,-3.784,155.9,12.16,1.89,1,0.85,8.24,2.09,-5.545,1,5,0.0554,0.0517,0.0554,0.0554
18.209,1,0.825,1.25,1.15,5,72.1,20.57,0.0748,-0.0323,0.054,0.0,-0.016,-2.75,-3.783,155.9,12.16,1.89,1,0.847,8.24,2.08,-5.567,1,5,0.0555,0.0518,0.0555,0.0518
18.241,1,0.827,1.0,1.32,5,71.9,20.57,0.0748,-0.0317,0.053,-0.0,-0.034,-2.751,-3.782,155.84,12.16,1.89,1,0.845,8.24,1.2,-4.249,1,5,0.0537,0.05,0.0555,0.0537
18.272,1,0.826,1.0,1.4,5,71.7,21.1,0.0748,-0.0315,0.052,-0.0,-0.012,-2.752,-3.782,155.84,12.16,1.89,1,0.845,8.24,1.2,-4.249,1,5,0.0537,0.0481,0.0555,0.0518
18.372,1,0.823,1.25,1.2,5,71.3,20.46,0.0748,-0.0332,0.057,-0.002,-0.009,-2.758,-3.779,155.84,12.16,0.61,1,0.843,8.24,1.64,-4.941,1,5,0.0572,0.0517,0.0591,0.0609
18.442,1,0.813,1.25,1.46,5,71.1,20.57,0.0748,-0.0326,0.067,-0.0,0.021,-2.763,-3.777,155.84,12.16,0.61,1,0.846,8.24,1.2,-4.259,1,5,0.0703,0.0684,0.0666,0.0647
18.471,1,0.831,1.5,1.37,5,71.3,20.57,0.07,-0.037,0.07,0.0,0.008,-2.764,-3.776,155.84,12.16,0.61,1,0.839,8.72,1.34,-6.852,1,5,0.0703,0.0703,0.0703,0.0685
18.508,1,0.836,1.5,1.37,5,71.3,20.57,0.07,-0.0385,0.073,0.002,-0.015,-2.767,-3.775,155.79,12.16,0.61,1,0.844,10.18,2.95,-3.742,1,5,0.0703,0.0722,0.0778,0.0722
18.541,1,0.835,1.75,1.09,5,71.2,20.57,0.07,-0.0381,0.072,0.001,-0.008,-2.769,-3.774,155.79,12.16,-1.1,1,0.844,10.18,2.97,-3.742,1,5,0.0703,0.0703,0.0759,0.0703
18.572,1,0.828,1.75,1.1,5,71.3,20.57,0.07,-0.0359,0.069,0.001,-0.006,-2.77,-3.773,155.79,12.16,-1.1,1,0.844,10.18,2.97,-3.742,1,5,0.0703,0.0685,0.0722,0.0666
18.608,1,0.823,1.5,1.23,5,71.4,20.57,0.07,-0.0359,0.064,0.0,0.002,-2.773,-3.772,155.79,12.16,-1.1,1,0.847,10.18,2.98,-3.742,1,5,0.0666,0.0629,0.0648,0.0611
18.672,1,0.842,1.5,1.1,5,72.2,20.04,0.07,-0.0349,0.06,-0.001,-0.046,-2.776,-3.771,155.67,12.16,-1.1,1,0.818,14.54,11.05,-4.656,1,5,0.0629,0.0573,0.061,0.0592
18.711,1,0.846,1.25,1.28,5,72.3,20.46,0.07,-0.0326,0.06,-0.001,-0.029,-2.778,-3.77,155.62,12.16,-1.1,1,0.818,14.54,11.05,-4.656,1,5,0.0629,0.0555,0.0629,0.0592
18.739,1,0.841,1.25,0.93,5,72.5,20.46,0.07,-0.0326,0.059,-0.001,-0.039,-2.78,-3.769,155.5,12.16,-1.9,1,0.852,14.06,11.2,-2.97,1,5,0.0629,0.0537,0.0611,0.0574
18.771,1,0.839,1.25,0.91,5,72.5,20.46,0.07,-0.0268,0.058,-0.002,-0.017,-2.781,-3.768,155.5,12.16,-1.9,1,0.857,14.06,11.2,-2.971,1,5,0.0648,0.0519,0.0611,0.0556
18.807,1,0.836,1.25,0.99,5,72.5,20.57,0.07,-0.0266,0.06,-0.003,-0.023,-2.783,-3.767,155.5,12.16,-1.9,1,0.851,14.06,11.12,-1.498,1,5,0.0648,0.0518,0.0629,0.0611
18.84,1,0.849,1.0,1.16,5,72.5,20.57,0.07,-0.0282,0.064,-0.002,0.0,-2.786,-3.766,155.5,12.16,-1.9,1,0.851,14.06,11.12,-1.498,1,5,0.0667,0.0574,0.0667,0.0667
18.872,1,0.849,1.0,1.08,5,72.7,20.57,0.07,-0.0284,0.068,-0.002,0.01,-2.787,-3.765,155.5,12.16,-1.9,1,0.84,14.06,10.92,0.017,1,5,0.0685,0.0629,0.0685,0.0703
18.905,1,0.843,1.25,1.04,5,72.6,21.62,0.07,-0.0271,0.071,-0.004,-0.009,-2.79,-3.764,155.5,12.16,-1.9,1,0.84,14.06,10.91,0.008,1,5,0.0778,0.0685,0.0648,0.0722
18.941,1,0.845,0.75,1.32,5,72.6,20.46,0.07,-0.0297,0.072,-0.003,-0.02,-2.792,-3.763,155.44,12.16,-1.37,1,0.84,14.06,10.91,0.008,1,5,0.0796,0.0722,0.0648,0.0703
18.971,1,0.838,0.75,0.84,5,72.8,20.46,0.07,-0.0286,0.069,-0.003,-0.007,-2.793,-3.762,155.44,12.16,-1.37,1,0.848,13.09,10.88,-1.106,1,5,0.0777,0.0685,0.0648,0.0666
19.006,1,0.836,0.75,0.82,5,72.7,20.46,0.07,-0.0203,0.065,0.0,-0.01,-2.796,-3.761,155.39,12.16,-1.37,1,0.843,13.09,10.05,-2.995,1,5,0.0666,0.0648,0.0666,0.0629
19.043,1,0.825,0.75,0.4,5,72.5,20.46,0.07,-0.0203,0.063,0.0,0.01,-2.798,-3.76,155.39,12.16,-1.37,1,0.843,13.09,10.05,-2.995,1,5,0.0647,0.061,0.0647,0.061
19.074,1,0.848,0.75,0.66,5,72.5,20.57,0.07,-0.0133,0.064,0.0,-0.023,-2.799,-3.759,155.39,12.16,-1.37,1,0.834,13.09,10.03,-2.968,1,5,0.0647,0.0628,0.0647,0.0628
19.107,1,0.85,0.5,0.91,5,72.4,20.57,0.07,-0.0179,0.064,-0.001,-0.088,-2.801,-3.758,155.27,12.16,-1.37,1,0.833,13.09,9.96,-1.493,1,5,0.0684,0.061,0.0647,0.0629
19.144,1,0.848,0.5,0.53,5,72.4,20.57,0.07,-0.0194,0.064,-0.001,0.015,-2.804,-3.757,155.21,12.16,0.1,1,0.833,13.09,9.96,-1.493,1,5,0.0666,0.0592,0.0666,0.0648
19.171,1,0.838,0.5,0.57,5,72.3,20.2,0.07,-0.0131,0.064,-0.002,-0.032,-2.805,-3.757,155.16,12.16,0.1,1,0.829,12.6,8.3,-1.955,1,5,0.0667,0.0575,0.0667,0.0667
19.207,1,0.83,0.5,0.62,5,72.2,21.62,0.07,-0.0139,0.066,-0.002,0.007,-2.807,-3.755,155.16,12.16,0.1,1,0.831,12.12,8.85,-3.023,1,5,0.0666,0.0573,0.0703,0.0703
19.24,1,0.822,0.75,0.58,5,72.1,22.15,0.07,-0.0149,0.069,-0.004,0.018,-2.81,-3.754,155.21,12.16,0.1,1,0.819,11.15,10.34,-0.576,1,5,0.0702,0.0573,0.0721,0.0758
19.271,1,0.825,0.25,1.02,5,72.3,20.57,0.07,-0.0173,0.07,-0.004,-0.003,-2.811,-3.753,155.21,12.16,0.1,1,0.819,11.15,10.34,-0.576,1,5,0.0702,0.0609,0.072,0.0776
19.308,1,0.825,0.5,0.7,5,72.2,21.1,0.07,-0.0187,0.072,-0.002,0.018,-2.814,-3.752,155.27,12.16,0.1,1,0.828,6.3,-0.73,-3.376,1,5,0.0702,0.0702,0.0683,0.0776
19.339,1,0.839,0.75,1.12,5,72.2,20.46,0.07,-0.0168,0.072,-0.001,0.009,-2.816,-3.751,155.27,12.16,1.24,1,0.842,7.27,-0.25,-2.874,1,5,0.0701,0.0757,0.0664,0.0775
19.371,1,0.834,0.75,1.31,5,72.1,22.19,0.07,-0.0271,0.073,-0.0,-0.008,-2.818,-3.75,155.27,12.16,1.24,1,0.867,7.27,0.54,-0.81,1,5,0.0713,0.075,0.0695,0.075
19.404,1,0.818,0.75,1.27,5,71.2,22.19,0.07,-0.0302,0.071,-0.001,-0.014,-2.819,-3.749,155.27,12.16,1.24,1,0.869,7.27,0.54,-0.821,1,5,0.0713,0.0695,0.0695,0.0732
19.439,1,0.809,0.5,0.93,5,71.1,22.77,0.07,-0.0292,0.069,-0.001,-0.011,-2.822,-3.748,155.21,12.16,1.24,1,0.868,7.27,-1.18,-3.293,1,5,0.0728,0.0655,0.0709,0.0673
19.471,1,0.808,0.25,1.08,5,71.7,23.2,0.07,-0.0203,0.067,-0.001,-0.051,-2.823,-3.748,155.16,12.16,1.24,1,0.871,6.3,-0.76,-3.406,1,5,0.0727,0.0618,0.0709,0.0636
19.541,1,0.833,0.0,0.55,5,71.8,21.1,0.07,-0.0202,0.066,-0.001,-0.038,-2.828,-3.745,154.81,12.15,0.65,1,0.853,5.33,-0.61,-3.685,1,5,0.0732,0.0568,0.0732,0.0604
19.571,1,0.839,-0.25,1.02,5,71.6,21.02,0.07,-0.0083,0.067,-0.0,-0.052,-2.829,-3.745,154.81,12.15,0.65,1,0.853,5.33,-0.61,-3.685,1,5,0.0733,0.0586,0.0751,0.0605
19.605,1,0.833,-0.25,0.65,5,71.7,21.02,0.07,-0.0136,0.066,-0.0,-0.009,-2.831,-3.744,154.7,12.15,0.65,1,0.842,4.85,-1.39,-2.077,1,5,0.0752,0.0605,0.0715,0.0587
19.638,1,0.835,-0.75,1.02,5,71.8,20.46,0.07,-0.0079,0.069,-0.002,0.031,-2.834,-3.742,154.76,12.15,0.65,1,0.839,4.85,-1.4,-2.075,1,5,0.0757,0.0609,0.0739,0.0665
19.67,1,0.842,-0.75,0.68,5,72.5,20.04,0.07,-0.0089,0.07,-0.005,-0.031,-2.835,-3.741,154.76,12.15,0.65,1,0.838,4.85,-1.4,-2.067,1,5,0.0776,0.0591,0.072,0.072
19.705,1,0.847,-0.75,-0.1,5,72.4,20.57,0.07,-0.0035,0.073,-0.004,0.007,-2.838,-3.74,154.7,12.15,0.65,1,0.833,4.36,-0.93,0.215,1,5,0.0758,0.0628,0.0739,0.0776
19.739,1,0.853,-0.75,0.38,5,72.1,20.46,0.07,0.0095,0.072,-0.003,0.005,-2.84,-3.739,154.7,12.15,-0.6,1,0.833,4.36,-0.93,0.215,1,5,0.074,0.0666,0.0703,0.0759
19.771,1,0.849,-0.5,0.56,5,72.0,20.04,0.07,0.0007,0.072,0.0,0.006,-2.841,-3.738,154.76,12.15,-0.6,1,0.852,4.36,-2.23,-2.885,1,5,0.0703,0.0722,0.0722,0.074
19.807,1,0.841,-0.25,0.33,5,72.2,20.46,0.07,-0.0055,0.072,0.002,0.008,-2.844,-3.737,154.76,12.15,-0.6,1,0.86,4.85,-1.4,-0.369,1,5,0.0685,0.0759,0.0722,0.0722
19.837,1,0.839,-0.25,0.31,5,72.2,20.46,0.07,-0.0044,0.072,0.003,-0.003,-2.847,-3.736,154.81,12.15,-0.6,1,0.856,4.85,-1.33,-2.064,1,5,0.0684,0.0758,0.0721,0.0703
19.869,1,0.84,-0.25,0.45,5,72.4,20.46,0.07,-0.0037,0.072,0.001,-0.046,-2.848,-3.735,154.76,12.15,-0.6,1,0.857,4.85,-1.34,-2.069,1,5,0.0702,0.0758,0.0702,0.0702
19.906,1,0.846,-0.25,0.54,5,72.5,20.46,0.07,-0.0061,0.071,-0.0,-0.017,-2.851,-3.734,154.64,12.15,-0.6,1,0.855,4.36,-0.82,-1.569,1,5,0.0706,0.0688,0.0725,0.0706
19.939,1,0.852,-0.25,0.55,5,72.7,20.46,0.07,-0.0076,0.07,-0.001,-0.002,-2.853,-3.733,154.58,12.16,-1.43,1,0.86,4.36,-3.12,-3.313,1,5,0.0706,0.0688,0.0706,0.0688
19.972,1,0.855,-0.25,0.47,5,72.6,20.46,0.07,-0.0076,0.07,-0.001,-0.001,-2.854,-3.732,154.58,12.16,-1.43,1,0.869,4.36,-3.65,-2.598,1,5,0.0737,0.0648,0.0719,0.0683
20.003,1,0.857,-0.25,0.57,5,72.7,20.46,0.07,-0.0061,0.072,-0.001,0.04,-2.857,-3.731,154.64,12.16,-1.43,1,0.873,4.36,-3.67,-2.617,1,5,0.077,0.0697,0.0734,0.0697
20.038,1,0.855,-0.25,0.57,5,72.8,20.46,0.07,-0.0079,0.073,-0.002,0.015,-2.86,-3.73,154.7,12.16,-1.43,1,0.858,5.82,-2.65,-2.209,1,5,0.0721,0.0684,0.0721,0.0776
20.07,1,0.854,-0.25,0.66,5,72.6,20.46,0.07,-0.0078,0.073,-0.002,0.009,-2.861,-3.729,154.7,12.16,-1.43,1,0.837,9.69,5.01,-3.525,1,5,0.0721,0.0721,0.0703,0.0777
20.103,1,0.851,-0.25,0.66,5,72.7,20.46,0.07,-0.0093,0.07,-0.001,-0.004,-2.864,-3.728,154.7,12.16,-1.43,1,0.849,10.18,10.02,1.523,1,5,0.0684,0.0703,0.0684,0.074
20.144,1,0.855,-0.25,0.58,5,72.7,20.46,0.07,-0.0093,0.072,0.0,-0.007,-2.866,-3.727,154.64,12.16,-2.47,1,0.849,10.18,7.26,-1.117,1,5,0.0721,0.0721,0.0721,0.0703
20.17,1,0.853,-0.25,0.31,5,71.8,20.46,0.07,-0.0079,0.07,0.001,-0.01,-2.867,-3.726,154.64,12.16,-2.47,1,0.842,10.18,8.13,0.951,1,5,0.0722,0.0685,0.074,0.0666
20.207,1,0.861,-0.25,0.1,5,71.2,20.56,0.07,-0.0032,0.071,0.0,0.012,-2.87,-3.725,154.64,12.16,-2.47,1,0.847,10.18,7.25,-1.108,1,5,0.074,0.0703,0.0721,0.0666
20.239,1,0.837,-0.25,0.19,5,71.2,20.46,0.07,0.0004,0.068,0.002,-0.056,-2.873,-3.724,154.58,12.16,-2.47,1,0.845,10.18,7.21,0.624,1,5,0.0703,0.0684,0.0721,0.0629
20.27,1,0.822,-0.25,-0.14,5,71.2,20.0,0.07,-0.001,0.068,0.001,-0.071,-2.874,-3.723,154.47,12.16,-2.47,1,0.84,10.18,6.33,-1.462,1,5,0.0684,0.0666,0.0721,0.0666
20.307,1,0.822,-0.5,-0.1,5,71.0,19.97,0.07,0.0047,0.065,0.002,-0.055,-2.876,-3.722,154.35,12.16,-2.47,1,0.854,9.69,7.46,0.622,1,5,0.0648,0.0629,0.0722,0.0611
20.34,1,0.822,-0.25,-1.16,5,71.1,20.46,0.07,0.0069,0.066,0.001,0.0,-2.878,-3.721,154.35,12.16,-1.32,1,0.854,9.21,7.47,0.181,1,5,0.0685,0.0629,0.0703,0.0611
20.369,1,0.843,-0.25,-0.96,5,71.2,20.57,0.07,0.0222,0.066,0.0,-0.02,-2.88,-3.72,154.3,12.16,-1.32,1,0.86,9.21,6.97,0.816,1,5,0.0703,0.0629,0.0685,0.0611
20.404,1,0.858,-0.75,-0.59,5,71.2,20.57,0.07,0.0188,0.07,-0.0,0.046,-2.882,-3.719,154.35,12.16,-1.32,1,0.867,9.21,6.05,0.526,1,5,0.0703,0.0666,0.0722,0.0703
20.442,1,0.854,-0.25,-0.47,5,71.0,20.44,0.07,0.0182,0.07,-0.001,0.028,-2.885,-3.718,154.41,12.16,-1.32,1,0.861,9.21,6.96,0.792,1,5,0.0666,0.0684,0.0703,0.0758
20.471,1,0.839,-0.25,-0.47,5,70.9,20.44,0.07,0.0099,0.072,0.001,0.031,-2.886,-3.717,154.47,12.16,-1.32,1,0.86,9.21,7.48,0.152,1,5,0.0665,0.0739,0.072,0.0757
20.504,1,0.816,-0.25,-0.21,5,70.8,20.46,0.07,0.0099,0.071,-0.0,0.014,-2.889,-3.716,154.47,12.16,-1.32,1,0.86,9.21,7.48,0.152,1,5,0.0664,0.0737,0.0682,0.0756
20.539,1,0.816,-0.25,-0.14,5,70.7,20.46,0.07,0.0057,0.074,0.002,-0.0,-2.892,-3.715,154.47,12.17,0.01,1,0.86,9.21,7.48,0.152,1,5,0.07,0.0793,0.0719,0.0737
20.573,1,0.818,-0.25,-0.12,5,70.8,20.46,0.07,0.0046,0.073,0.002,-0.008,-2.893,-3.714,154.47,12.17,0.01,1,0.86,9.21,7.48,0.152,1,5,0.0682,0.0775,0.0738,0.0738
20.608,1,0.841,-0.25,-0.27,5,70.9,20.46,0.07,0.0042,0.074,0.002,0.002,-2.896,-3.713,154.47,12.17,0.01,1,0.86,9.21,7.97,-0.507,1,5,0.0733,0.0788,0.0733,0.0696
20.638,1,0.841,-0.25,-0.08,5,70.9,20.46,0.07,0.0068,0.069,0.001,-0.047,-2.898,-3.712,154.35,12.17,0.01,1,0.86,9.21,7.97,-0.507,1,5,0.0691,0.0691,0.0709,0.0673
20.668,1,0.823,-0.25,-0.19,5,70.9,20.46,0.07,0.0035,0.068,-0.0,-0.06,-2.899,-3.711,154.24,12.17,0.01,1,0.847,4.36,-1.72,0.487,1,5,0.0709,0.0655,0.0691,0.0655
20.704,1,0.81,-0.25,-0.52,5,70.9,20.46,0.07,0.0054,0.065,-0.001,-0.009,-2.902,-3.71,154.24,12.17,0.01,1,0.857,4.36,-2.58,-1.559,1,5,0.0679,0.0605,0.0679,0.0642
20.741,1,0.8,-0.5,-0.53,5,70.6,20.96,0.07,0.0114,0.067,-0.001,0.017,-2.904,-3.709,154.24,12.17,1.58,1,0.857,4.36,-2.58,-1.559,1,5,0.0703,0.0629,0.0685,0.0648
20.768,1,0.809,-0.75,-0.35,5,70.1,21.02,0.07,0.0146,0.067,-0.001,0.001,-2.905,-3.708,154.24,12.17,1.58,1,0.864,3.88,-2.55,-2.119,1,5,0.0685,0.0648,0.0666,0.0666
20.803,1,0.808,-0.25,-0.54,5,69.6,20.46,0.07,0.0143,0.068,-0.003,0.031,-2.908,-3.707,154.3,12.17,1.58,1,0.865,3.88,-2.55,-2.121,1,5,0.0703,0.0666,0.0648,0.0722
20.84,1,0.79,-0.25,-0.58,5,69.2,22.19,0.07,0.0112,0.068,-0.002,0.02,-2.91,-3.706,154.35,12.17,1.58,1,0.865,4.36,-2.03,-0.351,1,5,0.0703,0.0666,0.0648,0.0703
20.87,1,0.756,-0.25,-0.47,5,68.8,21.6,0.07,0.0121,0.067,-0.002,0.012,-2.911,-3.705,154.35,12.17,1.58,1,0.865,4.36,-2.03,-0.351,1,5,0.0685,0.0648,0.0648,0.0703
20.904,1,0.734,0.0,-0.74,5,68.7,20.96,0.07,0.0102,0.068,0.001,0.007,-2.914,-3.704,154.35,12.17,1.58,1,0.866,4.36,-0.89,-1.592,1,5,0.0648,0.0666,0.0722,0.0703
20.941,1,0.739,0.0,-0.76,5,68.6,21.1,0.07,0.0121,0.071,0.003,-0.004,-2.917,-3.703,154.35,12.17,1.14,1,0.866,4.36,-0.89,-1.592,1,5,0.0666,0.074,0.074,0.0703
20.97,1,0.771,0.0,-0.42,5,68.3,21.02,0.07,0.0126,0.073,0.003,0.007,-2.918,-3.702,154.35,12.17,1.14,1,0.866,4.36,-0.89,-1.592,1,5,0.0697,0.077,0.0752,0.0697
21.004,1,0.783,-0.25,0.26,5,68.0,21.02,0.07,0.0069,0.072,0.005,-0.019,-2.921,-3.701,154.3,12.17,1.14,1,0.869,4.36,-0.89,-1.598,1,5,0.0715,0.077,0.0752,0.0623
21.037,1,0.735,-0.25,0.46,5,67.7,23.35,0.07,-0.002,0.071,0.005,-0.064,-2.922,-3.701,154.24,12.17,1.14,1,0.867,4.36,-0.88,-1.594,1,5,0.0697,0.0752,0.077,0.0623
21.069,1,0.737,-0.25,0.24,5,67.7,19.85,0.07,-0.0054,0.069,0.005,-0.034,-2.924,-3.7,154.07,12.17,1.14,1,0.863,4.36,-2.2,1.188,1,5,0.0667,0.0685,0.0797,0.063
21.107,1,0.763,-0.25,-0.26,5,67.8,20.46,0.07,-0.0017,0.072,0.002,0.005,-2.927,-3.698,154.07,12.17,1.14,1,0.867,3.39,-2.1,-1.604,1,5,0.0722,0.0666,0.0815,0.0666
21.14,1,0.777,-0.75,-0.0,5,69.4,20.46,0.07,0.0069,0.073,0.001,-0.036,-2.93,-3.697,154.01,12.17,1.03,1,0.869,3.39,-2.09,-1.61,1,5,0.0777,0.0666,0.0814,0.0666
21.171,1,0.801,-0.75,-0.55,5,70.4,20.46,0.07,0.0082,0.074,0.0,-0.004,-2.931,-3.696,153.95,12.17,1.03,1,0.869,3.39,-2.09,-1.61,1,5,0.0777,0.0666,0.0814,0.0703
21.205,1,0.814,-0.75,-0.7,5,70.2,20.46,0.07,0.0175,0.073,-0.002,-0.01,-2.934,-3.695,153.95,12.17,1.03,1,0.861,3.39,-3.23,-0.371,1,5,0.0759,0.0648,0.0777,0.074
21.24,1,0.823,-0.75,-0.61,5,70.3,20.46,0.07,0.0197,0.073,-0.001,-0.002,-2.936,-3.694,153.95,12.17,1.03,1,0.863,3.39,-3.71,0.291,1,5,0.0759,0.0629,0.0759,0.074
21.269,1,0.807,-0.75,-0.63,5,69.5,20.46,0.07,0.018,0.073,-0.001,-0.009,-2.938,-3.693,153.95,12.17,1.03,1,0.862,3.39,-3.23,-0.377,1,5,0.0741,0.0685,0.0759,0.0741
21.303,1,0.796,-0.75,-0.89,5,69.3,20.44,0.07,0.0182,0.073,0.002,0.002,-2.94,-3.692,153.95,12.17,1.03,1,0.859,3.39,-2.37,1.646,1,5,0.0704,0.0741,0.076,0.0704
21.339,1,0.795,-0.75,-0.54,5,69.6,20.44,0.07,0.0225,0.072,0.004,-0.003,-2.943,-3.691,153.95,12.17,-0.22,1,0.859,3.39,-2.37,1.646,1,5,0.0704,0.0778,0.0741,0.0667
21.373,1,0.801,-0.75,-0.62,5,69.4,20.46,0.07,0.0163,0.072,0.006,0.002,-2.944,-3.69,153.95,12.17,-0.22,1,0.859,3.39,-2.37,1.646,1,5,0.0703,0.0815,0.074,0.0629
21.406,1,0.804,-0.75,-0.71,5,69.2,20.46,0.0769,0.0177,0.07,0.004,-0.007,-2.947,-3.689,153.95,12.17,-0.22,1,0.862,3.39,-2.16,0.065,1,5,0.0666,0.0759,0.0722,0.0666
21.438,1,0.789,-0.75,-1.34,5,69.1,20.46,0.091,0.0192,0.07,0.002,0.005,-2.948,-3.689,153.95,12.17,-0.22,1,0.868,3.39,-2.06,-1.625,1,5,0.0666,0.074,0.0703,0.0685
21.47,1,0.773,-0.75,-1.01,5,68.9,20.46,0.105,0.0302,0.068,-0.0,-0.048,-2.95,-3.687,153.9,12.17,-0.22,1,0.86,3.39,-2.15,0.068,1,5,0.0648,0.0685,0.0667,0.0704
21.512,1,0.776,-0.5,-1.14,5,68.8,20.57,0.1119,0.0249,0.072,0.001,0.012,-2.953,-3.686,153.95,12.17,-0.22,1,0.86,3.39,-2.15,0.068,1,5,0.0704,0.0741,0.0722,0.0722
21.537,1,0.793,-0.75,-0.4,5,68.3,20.46,0.126,0.0265,0.077,0.001,0.02,-2.955,-3.685,153.95,12.17,-0.22,1,0.86,3.39,-1.77,-0.683,1,5,0.0741,0.0778,0.0778,0.0778
21.572,1,0.783,-0.5,-0.55,5,67.7,20.44,0.14,0.0156,0.09,0.002,0.011,-2.959,-3.684,154.01,12.16,-1.05,1,0.86,3.39,-1.77,-0.683,1,5,0.0833,0.0907,0.0944,0.0925
21.606,1,0.738,-0.25,-0.03,5,67.1,21.02,0.1469,0.0162,0.104,0.003,0.025,-2.963,-3.682,154.07,12.16,-1.05,1,0.86,3.39,-1.77,-0.683,1,5,0.0944,0.1073,0.1073,0.1073
21.638,1,0.786,-0.25,-0.16,5,67.8,20.46,0.1478,0.0019,0.112,0.004,0.017,-2.965,-3.681,154.13,12.16,-1.05,1,0.86,3.39,-1.77,-0.683,1,5,0.1018,0.1184,0.1147,0.1147
21.672,1,0.803,-0.25,-0.32,5,69.9,20.46,0.1618,0.0054,0.129,0.005,0.018,-2.97,-3.678,154.13,12.16,-1.05,1,0.86,3.39,-1.77,-0.683,1,5,0.1205,0.1409,0.126,0.1279
21.705,1,0.794,-0.25,-0.84,5,69.5,22.15,0.1555,0.0094,0.142,0.003,-0.066,-2.976,-3.676,154.13,12.16,-1.05,1,0.865,4.36,-2.51,0.288,1,5,0.1372,0.1538,0.1372,0.1409
21.737,1,0.8,-0.25,-0.96,5,69.7,21.6,0.1609,0.0225,0.149,0.001,-0.042,-2.979,-3.674,154.01,12.16,-1.05,1,0.86,4.36,-1.16,1.645,1,5,0.1464,0.1557,0.1446,0.1483
21.805,1,0.779,0.5,-0.65,5,69.8,20.96,0.1725,0.027,0.167,0.004,0.061,-2.991,-3.669,154.18,12.16,-0.53,1,0.871,4.36,-3.09,-0.79,1,5,0.1575,0.1687,0.1742,0.1687
21.841,1,0.776,1.25,-0.26,5,70.3,20.46,0.1483,0.0083,0.172,0.008,0.048,-2.998,-3.666,154.35,12.16,-0.53,1,0.869,5.33,-1.88,-0.829,1,5,0.1521,0.1855,0.1743,0.1762
21.868,1,0.774,1.25,-0.28,5,71.0,22.77,0.1363,-0.0101,0.175,0.006,-0.041,-3.001,-3.665,154.35,12.16,-0.53,1,0.868,5.82,-0.19,-0.38,1,5,0.1576,0.1929,0.1706,0.1799
21.905,1,0.8,1.25,-0.2,5,72.0,23.35,0.1149,-0.0089,0.179,0.003,0.082,-3.007,-3.661,154.47,12.16,-0.53,1,0.868,5.82,-0.19,-0.38,1,5,0.1667,0.1926,0.1704,0.1852
21.937,1,0.797,1.25,0.05,5,72.8,22.77,0.1283,-0.0089,0.18,0.001,0.045,-3.01,-3.66,154.53,12.16,-0.53,1,0.867,6.3,-0.94,-1.767,1,5,0.174,0.1888,0.1722,0.1833
21.971,1,0.822,1.5,0.51,5,74.3,21.6,0.128,-0.0134,0.178,-0.001,0.003,-3.017,-3.657,154.58,12.16,-0.33,1,0.871,6.79,1.02,-0.375,1,5,0.1739,0.1758,0.1776,0.1832
22.004,1,0.853,1.25,0.42,5,75.5,21.02,0.1271,-0.0256,0.17,0.0,-0.096,-3.023,-3.654,154.53,12.16,-0.33,1,0.871,6.79,1.02,-0.375,1,5,0.1649,0.1723,0.1686,0.1741
22.038,1,0.842,0.75,0.26,5,76.7,20.46,0.1391,-0.0208,0.16,0.001,0.037,-3.028,-3.652,154.41,12.16,-0.33,1,0.871,6.79,1.02,-0.375,1,5,0.1519,0.1667,0.1556,0.1649
22.072,1,0.845,1.25,-0.07,5,76.1,20.46,0.1351,-0.0112,0.154,0.0,0.121,-3.031,-3.65,154.53,12.16,-0.33,1,0.871,6.79,1.02,-0.375,1,5,0.1482,0.1593,0.1482,0.1593
22.104,1,0.838,1.75,0.56,5,76.2,20.46,0.1275,-0.0106,0.151,-0.001,-0.005,-3.036,-3.648,154.58,12.16,-0.33,1,0.864,6.3,0.5,-2.088,1,5,0.1482,0.1463,0.1519,0.1556
22.138,1,0.842,1.0,0.63,5,76.1,20.96,0.1155,-0.0279,0.152,-0.002,-0.061,-3.039,-3.646,154.53,12.16,-0.29,1,0.869,7.27,2.2,-2.732,1,5,0.1501,0.1446,0.1538,0.1575
22.173,1,0.855,0.75,0.61,5,76.4,20.46,0.1295,-0.0209,0.15,-0.002,0.0,-3.044,-3.644,154.53,12.16,-0.29,1,0.869,7.27,2.2,-2.732,1,5,0.1518,0.1444,0.1518,0.1518
22.206,1,0.864,0.75,0.2,5,76.4,20.46,0.1295,-0.0178,0.144,-0.004,-0.085,-3.049,-3.641,154.35,12.16,-0.29,1,0.872,6.3,1.0,-2.745,1,5,0.1517,0.1406,0.1388,0.1443
22.236,1,0.864,0.75,0.27,5,76.3,20.46,0.138,-0.0101,0.141,-0.005,-0.021,-3.052,-3.64,154.3,12.16,-0.29,1,0.873,5.33,0.36,-1.62,1,5,0.1516,0.1368,0.135,0.1387
22.272,1,0.856,0.75,0.31,5,76.0,20.46,0.1346,-0.0118,0.134,-0.002,0.036,-3.056,-3.638,154.35,12.16,-0.29,1,0.873,5.33,0.36,-1.62,1,5,0.1408,0.126,0.1371,0.1315
22.306,1,0.862,0.25,0.32,5,75.6,20.46,0.1254,-0.0124,0.135,-0.001,-0.029,-3.061,-3.635,154.35,12.16,-0.29,1,0.873,5.33,0.36,-1.62,1,5,0.1388,0.1259,0.1425,0.1333
22.338,1,0.869,0.25,0.25,5,75.1,20.46,0.1395,-0.0074,0.136,-0.001,-0.018,-3.064,-3.634,154.3,12.16,-0.29,1,0.872,5.33,0.36,-1.605,1,5,0.137,0.1259,0.1444,0.137
22.371,1,0.856,0.25,0.39,5,74.7,20.46,0.1513,-0.007,0.137,-0.001,-0.004,-3.069,-3.631,154.3,12.16,-0.51,1,0.872,5.33,0.36,-1.605,1,5,0.1387,0.1313,0.1405,0.1368
22.402,1,0.851,0.25,0.02,5,74.6,20.46,0.1447,-0.0101,0.134,0.0,-0.039,-3.073,-3.629,154.18,12.16,-0.51,1,0.873,5.33,0.65,-0.689,1,5,0.135,0.135,0.1331,0.1331
22.437,1,0.842,0.25,0.0,5,74.1,20.46,0.1381,-0.0021,0.134,0.0,-0.008,-3.076,-3.628,154.13,12.16,-0.51,1,0.873,5.33,0.65,-0.689,1,5,0.1351,0.1351,0.1332,0.1314
22.473,1,0.857,0.25,0.08,5,74.4,20.46,0.1438,-0.002,0.139,0.001,0.037,-3.081,-3.626,154.18,12.16,-0.51,1,0.873,5.33,0.65,-0.689,1,5,0.1388,0.1388,0.1425,0.1369
22.503,1,0.875,0.0,-0.06,5,75.1,20.96,0.1496,-0.0038,0.146,0.0,0.002,-3.087,-3.623,154.18,12.16,-0.51,1,0.868,5.33,0.67,-0.675,1,5,0.1461,0.1405,0.1516,0.1442
22.537,1,0.869,0.25,-0.49,5,75.5,20.46,0.1638,0.0024,0.148,0.0,-0.008,-3.089,-3.621,154.18,12.16,-0.51,1,0.868,5.33,0.67,-0.675,1,5,0.1498,0.1442,0.1535,0.1461
22.569,1,0.871,0.0,0.09,5,75.3,20.44,0.1599,0.0096,0.147,-0.001,-0.014,-3.095,-3.619,154.18,12.15,-1.21,1,0.868,5.33,0.67,-0.675,1,5,0.1499,0.1462,0.1462,0.1462
22.604,1,0.868,0.25,0.02,5,74.8,20.46,0.1597,-0.0014,0.148,-0.001,-0.014,-3.1,-3.616,154.07,12.15,-1.21,1,0.868,5.33,0.67,-0.675,1,5,0.1499,0.148,0.1462,0.148
22.637,1,0.856,0.25,-0.07,5,73.5,20.46,0.1551,-0.0028,0.153,0.0,0.029,-3.106,-3.614,154.18,12.15,-1.21,1,0.868,5.33,0.67,-0.675,1,5,0.1517,0.1536,0.1517,0.1536
22.671,1,0.854,0.0,0.08,5,73.1,20.44,0.131,-0.0008,0.157,0.0,0.025,-3.109,-3.612,154.18,12.15,-1.21,1,0.85,7.27,-0.26,-5.394,1,5,0.1535,0.1553,0.159,0.159
22.705,1,0.861,-0.25,0.06,5,73.2,20.46,0.1193,-0.0007,0.162,0.002,-0.025,-3.115,-3.609,154.13,12.15,-1.21,1,0.85,7.27,-0.26,-5.394,1,5,0.1574,0.1629,0.1648,0.1629
22.736,1,0.86,-0.25,-0.32,5,73.2,20.46,0.0951,0.0023,0.163,0.001,-0.002,-3.118,-3.608,154.13,12.15,-1.21,1,0.871,8.24,6.06,-4.04,1,5,0.1612,0.163,0.1649,0.163
22.77,1,0.86,-0.25,-0.42,5,73.2,20.46,0.0852,0.0087,0.157,-0.001,-0.04,-3.123,-3.605,154.01,12.15,-1.59,1,0.871,8.24,6.06,-4.04,1,5,0.1574,0.1593,0.1519,0.1593
22.804,1,0.856,-0.5,-0.21,5,73.3,20.44,0.0852,0.0101,0.148,-0.002,0.002,-3.128,-3.603,154.01,12.15,-1.59,1,0.871,8.24,6.06,-4.04,1,5,0.15,0.1445,0.1463,0.15
22.839,1,0.868,-0.5,-0.3,5,74.4,20.44,0.0852,0.0092,0.14,-0.004,0.01,-3.133,-3.6,154.01,12.15,-1.59,1,0.873,8.24,4.1,-3.206,1,5,0.1406,0.124,0.148,0.1462
22.873,1,0.867,-0.5,-0.12,5,74.8,20.44,0.0852,0.0104,0.137,-0.004,-0.055,-3.135,-3.599,154.01,12.15,-1.59,1,0.873,8.24,4.1,-3.206,1,5,0.1405,0.1165,0.1498,0.1424
22.904,1,0.871,-0.75,0.31,5,75.0,20.46,0.0852,0.0071,0.132,-0.001,-0.08,-3.14,-3.597,153.84,12.15,-1.59,1,0.873,8.24,4.1,-3.206,1,5,0.1375,0.1173,0.143,0.1283
22.938,1,0.872,-1.5,-0.37,5,75.5,20.44,0.0766,0.0024,0.128,0.001,-0.097,-3.142,-3.596,153.72,12.15,-1.59,1,0.874,8.72,4.39,-5.737,1,5,0.1374,0.1209,0.1374,0.1173
22.97,1,0.879,-1.75,-0.92,5,76.4,20.46,0.0766,0.0235,0.119,0.003,-0.056,-3.146,-3.594,153.55,12.18,-2.57,1,0.874,8.72,4.39,-5.737,1,5,0.133,0.1184,0.1257,0.1002
23.005,1,0.881,-2.25,-0.44,5,77.6,20.46,0.0766,0.0348,0.111,0.002,-0.038,-3.15,-3.592,153.38,12.18,-2.57,1,0.874,8.72,4.39,-5.737,1,5,0.1228,0.1045,0.1228,0.0953
23.037,1,0.881,-2.75,-0.76,5,77.9,20.46,0.0766,0.0313,0.108,0.001,-0.044,-3.152,-3.591,153.38,12.18,-2.57,1,0.868,10.18,11.89,0.567,1,5,0.1166,0.0947,0.1238,0.0965
23.072,1,0.879,-2.75,-0.72,5,78.0,20.46,0.0766,0.0415,0.103,-0.001,-0.058,-3.155,-3.589,153.21,12.18,-2.57,1,0.868,10.18,11.89,0.567,1,5,0.108,0.0824,0.1209,0.0989
23.106,1,0.879,-2.75,-1.06,5,78.2,20.46,0.0766,0.0401,0.097,-0.003,-0.067,-3.159,-3.587,153.09,12.18,-2.57,1,0.88,9.21,10.55,-1.92,1,5,0.1039,0.0747,0.1148,0.0966
23.137,1,0.881,-3.24,-0.51,5,78.4,20.46,0.0766,0.045,0.094,-0.003,-0.042,-3.16,-3.586,153.04,12.18,-2.57,1,0.876,9.21,9.38,-0.794,1,5,0.1027,0.077,0.1064,0.0917
23.168,1,0.878,-3.24,-0.9,5,78.4,20.46,0.0766,0.0413,0.092,0.0,-0.047,-3.162,-3.586,153.04,12.18,-3.67,1,0.876,9.21,9.38,-0.794,1,5,0.0991,0.0808,0.1046,0.0844
23.204,1,0.873,-3.24,-1.2,5,78.3,20.46,0.0766,0.047,0.084,0.008,-0.02,-3.167,-3.584,152.92,12.18,-3.67,1,0.876,9.21,9.38,-0.794,1,5,0.0849,0.0941,0.0886,0.0664
23.237,1,0.873,-3.24,-1.29,5,78.1,20.46,0.0766,0.0515,0.081,0.01,0.028,-3.168,-3.584,152.92,12.18,-3.67,1,0.876,9.21,9.38,-0.794,1,5,0.0849,0.0941,0.0886,0.0664
23.272,1,0.871,-3.24,-1.17,5,77.9,20.46,0.0766,0.0525,0.079,0.009,0.007,-3.169,-3.583,152.92,12.18,-3.67,1,0.876,9.21,9.38,-0.794,1,5,0.0772,0.0919,0.0827,0.0625
23.303,1,0.866,-3.24,-1.11,5,77.7,20.46,0.0766,0.0502,0.074,0.006,-0.035,-3.172,-3.582,152.92,12.18,-3.67,1,0.876,9.21,9.38,-0.794,1,5,0.0699,0.0809,0.0809,0.0662
23.336,1,0.869,-3.49,-0.77,5,77.6,20.44,0.0766,0.0489,0.073,0.004,-0.057,-3.173,-3.581,152.87,12.18,-3.67,1,0.876,9.21,9.38,-0.794,1,5,0.0681,0.0718,0.0829,0.07
23.402,1,0.874,-3.74,-1.14,5,77.7,20.46,0.0766,0.0457,0.067,0.001,-0.005,-3.178,-3.579,152.69,12.18,-2.8,1,0.883,7.76,7.33,-1.675,1,5,0.0685,0.0592,0.0759,0.0629
23.437,1,0.874,-3.74,-1.15,5,77.6,20.46,0.0766,0.0548,0.065,0.001,0.002,-3.179,-3.578,152.69,12.18,-2.8,1,0.882,7.76,7.34,-1.663,1,5,0.066,0.0605,0.0715,0.0623
23.503,1,0.88,-3.74,-0.45,5,77.3,20.46,0.0766,0.0544,0.06,0.0,0.023,-3.183,-3.576,152.87,12.18,-2.8,1,0.889,8.24,6.87,-2.145,1,5,0.0531,0.0641,0.0549,0.0659
23.536,1,0.881,-3.24,-0.99,5,77.2,20.46,0.0766,0.042,0.059,-0.0,0.053,-3.184,-3.575,152.92,12.18,-2.8,1,0.877,8.24,7.1,-3.55,1,5,0.0536,0.0647,0.0518,0.0647
23.57,1,0.877,-2.75,-0.97,5,76.8,20.46,0.0766,0.0451,0.058,0.001,0.067,-3.187,-3.574,153.04,12.19,-2.12,1,0.877,8.24,7.1,-3.55,1,5,0.048,0.0721,0.0462,0.0665
23.603,1,0.889,-2.75,-0.28,5,76.7,20.46,0.0766,0.039,0.057,0.0,0.041,-3.189,-3.573,153.15,12.19,-2.12,1,0.877,8.24,7.1,-3.55,1,5,0.0481,0.074,0.0407,0.0666
23.637,1,0.886,-2.25,-0.85,5,76.7,20.46,0.0766,0.028,0.057,-0.001,0.041,-3.19,-3.573,153.21,12.19,-2.12,1,0.877,8.24,7.1,-3.55,1,5,0.048,0.0739,0.0388,0.0684
23.704,1,0.888,-2.25,-0.07,5,76.5,20.46,0.0766,0.033,0.058,0.002,0.088,-3.194,-3.571,153.5,12.19,-2.12,1,0.881,5.33,0.96,-3.906,1,5,0.0518,0.0722,0.0481,0.0592
23.736,1,0.882,-2.0,-0.22,5,76.3,20.44,0.0766,0.0201,0.058,0.004,0.032,-3.195,-3.57,153.55,12.19,-2.12,1,0.881,5.33,0.96,-3.906,1,5,0.05,0.0722,0.0519,0.0593
23.769,1,0.882,-2.0,0.01,5,76.2,20.44,0.0766,0.0199,0.057,0.001,0.025,-3.197,-3.569,153.61,12.19,-1.4,1,0.881,5.33,0.96,-3.906,1,5,0.0482,0.0648,0.0519,0.063
23.807,1,0.889,-1.75,-0.04,5,76.0,20.46,0.0766,0.0166,0.058,-0.002,0.039,-3.199,-3.568,153.67,12.19,-1.4,1,0.881,5.33,0.96,-3.906,1,5,0.05,0.0574,0.0537,0.0704
23.836,1,0.897,-1.75,-0.22,5,75.7,20.46,0.0766,0.015,0.057,-0.002,0.007,-3.2,-3.568,153.72,12.19,-1.4,1,0.886,7.27,1.15,-5.529,1,5,0.0519,0.0574,0.0537,0.0667
23.906,1,0.885,-1.25,-0.21,5,75.7,20.46,0.0766,0.0188,0.06,-0.001,0.047,-3.204,-3.565,153.78,12.19,-1.4,1,0.888,7.27,1.18,-5.517,1,5,0.0592,0.0574,0.0592,0.0629
23.935,1,0.872,-1.25,0.26,5,75.5,20.46,0.0766,0.0131,0.06,-0.002,0.027,-3.205,-3.565,153.84,12.19,-1.4,1,0.891,7.27,2.91,-3.289,1,5,0.0573,0.0554,0.061,0.0665
23.972,1,0.875,-0.75,0.13,5,75.4,20.46,0.0766,0.0055,0.063,0.001,0.046,-3.208,-3.564,153.9,12.2,-2.03,1,0.891,7.27,2.91,-3.289,1,5,0.0554,0.0665,0.0628,0.0683
24.004,1,0.874,-0.25,0.16,5,75.3,20.46,0.0766,0.0018,0.065,0.003,0.043,-3.21,-3.563,154.01,12.2,-2.03,1,0.891,7.27,2.91,-3.289,1,5,0.0535,0.0757,0.0591,0.0701
24.035,1,0.861,0.0,0.76,5,75.0,19.97,0.0766,-0.0036,0.066,0.003,0.057,-3.211,-3.562,154.07,12.2,-2.03,1,0.885,9.21,2.69,-1.772,1,5,0.0554,0.0812,0.0572,0.0701
24.072,1,0.862,0.25,0.88,5,75.1,20.46,0.0766,-0.016,0.065,0.003,0.036,-3.214,-3.561,154.13,12.2,-2.03,1,0.885,9.21,2.69,-1.772,1,5,0.0554,0.0794,0.0554,0.0683
24.104,1,0.873,0.25,0.97,5,75.1,20.46,0.0766,-0.0206,0.063,0.001,0.039,-3.216,-3.56,154.24,12.2,-2.03,1,0.885,9.21,2.69,-1.772,1,5,0.0609,0.0775,0.0517,0.0627
24.133,1,0.87,0.25,0.85,5,75.1,20.46,0.0766,-0.0211,0.063,0.0,0.008,-3.217,-3.559,154.24,12.2,-2.03,1,0.887,9.69,4.75,-2.053,1,5,0.0628,0.0757,0.0499,0.0628
24.169,1,0.87,0.25,1.2,5,75.1,20.46,0.0766,-0.0187,0.062,-0.0,0.018,-3.219,-3.558,154.3,12.2,-1.96,1,0.887,9.69,4.75,-2.053,1,5,0.0609,0.0701,0.0535,0.0646
24.204,1,0.866,0.5,1.04,5,75.1,19.97,0.0766,-0.0242,0.063,-0.0,0.039,-3.222,-3.557,154.35,12.2,-1.96,1,0.887,9.69,4.75,-2.053,1,5,0.0572,0.0646,0.0609,0.0702
24.232,1,0.867,0.25,1.47,5,75.3,20.46,0.0766,-0.0239,0.064,0.001,0.022,-3.223,-3.557,154.35,12.2,-1.96,1,0.89,10.18,4.21,-4.849,1,5,0.0554,0.0646,0.0665,0.0702
24.304,1,0.872,0.5,0.92,5,75.1,20.96,0.0766,-0.028,0.064,0.0,0.016,-3.227,-3.555,154.35,12.2,-1.96,1,0.886,10.18,4.11,-3.305,1,5,0.0611,0.063,0.0648,0.0667
24.333,1,0.865,0.5,1.14,5,75.0,20.96,0.0766,-0.0213,0.064,-0.002,0.006,-3.229,-3.554,154.35,12.2,-1.96,1,0.889,10.18,4.1,-3.344,1,5,0.0649,0.0593,0.0649,0.0667
24.373,1,0.857,0.5,1.33,5,75.0,20.96,0.0766,-0.0249,0.07,-0.002,0.011,-3.231,-3.553,154.35,12.2,-1.96,1,0.889,10.18,4.1,-3.344,1,5,0.0722,0.0648,0.0703,0.0722
24.404,1,0.863,0.75,1.08,5,75.2,20.46,0.0766,-0.0281,0.074,-0.003,-0.016,-3.234,-3.551,154.35,12.2,-1.96,1,0.888,10.18,4.2,-4.855,1,5,0.0814,0.0703,0.0721,0.074
24.436,1,0.866,0.25,1.49,5,75.2,20.46,0.0766,-0.0266,0.075,-0.002,-0.043,-3.235,-3.55,154.3,12.2,-1.96,1,0.89,10.18,4.7,-5.458,1,5,0.0813,0.0739,0.0721,0.0721
24.503,1,0.869,0.25,1.26,5,75.9,20.46,0.0766,-0.0277,0.07,0.002,-0.029,-3.24,-3.548,154.3,12.2,-1.96,1,0.883,10.18,3.89,-1.753,1,5,0.0739,0.0776,0.0665,0.061
24.541,1,0.872,0.25,1.37,5,75.8,20.46,0.0766,-0.0238,0.067,0.001,-0.031,-3.243,-3.547,154.24,12.22,-2.87,1,0.883,10.18,3.89,-1.753,1,5,0.07,0.0719,0.0645,0.0627
24.605,1,0.871,0.25,1.39,5,75.6,20.46,0.0733,-0.0259,0.067,0.0,0.042,-3.247,-3.545,154.24,12.22,-2.87,1,0.89,9.69,3.1,-5.869,1,5,0.0621,0.0621,0.0713,0.0713
24.637,1,0.87,0.25,1.37,5,75.7,20.46,0.0733,-0.0263,0.065,0.001,-0.012,-3.248,-3.545,154.3,12.22,-2.87,1,0.89,9.69,3.1,-5.869,1,5,0.0581,0.0617,0.0708,0.0708
24.734,1,0.883,0.5,1.09,5,75.8,19.97,0.0733,-0.0262,0.067,-0.003,-0.016,-3.254,-3.542,154.3,12.22,-2.87,1,0.885,14.06,13.01,-2.333,1,5,0.0666,0.0592,0.0703,0.074
24.774,1,0.864,0.5,1.04,5,76.0,19.97,0.0733,-0.0242,0.074,-0.002,0.0,-3.257,-3.54,154.24,12.22,-2.76,1,0.885,14.06,13.01,-2.333,1,5,0.0755,0.0663,0.0773,0.0773
24.8,1,0.86,0.5,1.14,5,75.7,19.97,0.0733,-0.0231,0.078,0.003,-0.028,-3.26,-3.539,154.24,12.22,-2.76,1,0.881,14.06,11.72,-3.512,1,5,0.0773,0.081,0.081,0.0736
24.836,1,0.869,0.25,1.28,5,75.8,20.46,0.0733,-0.0247,0.079,0.004,-0.007,-3.261,-3.538,154.24,12.22,-2.76,1,0.881,14.06,11.72,-3.51,1,5,0.0773,0.0829,0.0829,0.0736
24.903,1,0.869,0.25,1.33,5,76.5,20.46,0.0733,-0.0242,0.075,0.002,-0.06,-3.266,-3.536,154.18,12.22,-2.76,1,0.89,14.06,11.22,-2.984,1,5,0.0778,0.0759,0.0778,0.0666
24.932,1,0.867,0.25,0.91,5,76.8,20.46,0.0733,-0.0252,0.072,0.0,-0.059,-3.267,-3.536,154.07,12.22,-2.76,1,0.886,14.06,11.14,-1.502,1,5,0.0787,0.0698,0.0734,0.0644
25.033,1,0.858,0.0,1.04,5,77.2,19.97,0.0733,-0.0181,0.067,0.0,0.003,-3.273,-3.533,154.07,12.23,-1.65,1,0.883,13.09,10.54,-3.578,1,5,0.0629,0.0611,0.074,0.0703
25.102,1,0.862,-0.25,0.93,5,77.0,20.46,0.0733,-0.0176,0.068,-0.001,-0.025,-3.278,-3.53,154.01,12.23,-1.65,1,0.885,13.09,11.36,-1.765,1,5,0.0721,0.0647,0.0703,0.0666
25.134,1,0.862,-0.75,1.15,5,77.1,20.46,0.0733,-0.0129,0.071,-0.003,-0.042,-3.279,-3.529,153.95,12.23,-1.65,1,0.861,10.66,9.25,0.083,1,5,0.0776,0.0647,0.0702,0.0702
25.235,1,0.842,-0.75,1.08,5,77.2,20.46,0.0733,-0.0123,0.08,-0.0,-0.01,-3.287,-3.526,153.95,12.23,-0.97,1,0.892,9.21,5.31,-3.187,1,5,0.0831,0.0775,0.0812,0.0775
25.269,1,0.836,-0.25,0.63,5,77.2,20.46,0.0733,-0.0112,0.076,0.0,-0.016,-3.289,-3.524,153.9,12.23,-0.97,1,0.892,9.21,5.31,-3.187,1,5,0.0775,0.0812,0.072,0.0738
25.301,1,0.848,-0.25,0.49,5,77.2,20.46,0.0733,-0.0099,0.074,-0.001,0.008,-3.292,-3.523,153.9,12.23,-0.97,1,0.891,9.21,4.36,-3.554,1,5,0.0776,0.0794,0.0665,0.072
25.338,1,0.844,-0.25,0.51,5,77.2,20.46,0.0733,-0.0071,0.073,-0.001,0.023,-3.293,-3.522,153.9,12.23,-0.97,1,0.891,9.21,4.36,-3.554,1,5,0.0739,0.0776,0.0665,0.0739
25.372,1,0.84,-0.25,0.57,5,77.6,20.46,0.0733,-0.0072,0.074,-0.0,0.018,-3.296,-3.521,153.95,12.23,-1.39,1,0.887,9.21,5.3,-3.193,1,5,0.0685,0.0703,0.0759,0.0796
25.432,1,0.836,-0.5,1.04,5,77.9,19.97,0.0733,-0.008,0.073,0.0,0.003,-3.3,-3.519,153.95,12.23,-1.39,1,0.885,9.21,5.3,-3.186,1,5,0.0684,0.0702,0.0758,0.0776
25.469,1,0.836,-0.5,0.79,5,78.0,20.2,0.0733,-0.013,0.075,-0.002,0.01,-3.303,-3.518,153.95,12.23,-1.39,1,0.885,9.21,5.3,-3.186,1,5,0.0757,0.072,0.0739,0.0776
25.532,1,0.846,-0.25,0.86,5,78.1,20.46,0.0733,-0.0091,0.079,-0.002,-0.004,-3.307,-3.515,154.01,12.23,-1.39,1,0.885,9.21,5.28,-3.181,1,5,0.0814,0.0777,0.0758,0.0795
25.632,1,0.86,-0.25,0.73,5,78.2,20.46,0.0733,-0.0131,0.073,-0.001,-0.055,-3.313,-3.512,153.95,12.23,-1.39,1,0.886,9.21,5.27,-3.173,1,5,0.0777,0.074,0.0703,0.0703
25.733,1,0.857,-0.25,0.89,5,78.0,20.46,0.0733,-0.0105,0.068,0.001,0.01,-3.319,-3.509,153.84,12.23,-1.39,1,0.877,9.21,2.79,-3.416,1,5,0.0658,0.0658,0.0713,0.0676
25.833,1,0.876,-0.75,0.57,5,78.0,20.46,0.0733,-0.0134,0.072,-0.001,-0.012,-3.326,-3.506,153.9,12.23,-1.39,1,0.882,9.21,3.56,0.31,1,5,0.0699,0.0699,0.0717,0.0754
25.932,1,0.883,-0.75,0.39,5,78.0,20.46,0.0733,-0.0026,0.079,0.001,-0.015,-3.333,-3.503,153.9,12.23,-1.39,1,0.889,9.21,3.82,1.228,1,5,0.0758,0.0795,0.0795,0.0795
26.032,1,0.887,-1.0,0.05,5,77.9,20.44,0.0733,0.0001,0.072,-0.003,-0.037,-3.339,-3.499,153.78,12.24,-1.39,1,0.898,8.24,3.99,-1.611,1,5,0.0775,0.0756,0.0627,0.0738
26.099,1,0.89,-1.0,-0.09,5,77.5,20.44,0.0733,0.0088,0.069,0.001,0.014,-3.344,-3.497,153.78,12.24,-1.39,1,0.89,8.24,4.0,-1.602,1,5,0.0667,0.0667,0.0741,0.0704
26.131,1,0.888,-1.0,0.21,5,77.6,20.44,0.0733,0.011,0.07,0.002,0.002,-3.346,-3.496,153.78,12.24,-1.39,1,0.897,8.24,3.99,-1.603,1,5,0.0649,0.0667,0.0778,0.0704
26.171,1,0.89,-1.0,0.01,5,77.7,20.44,0.0733,0.0056,0.072,0.001,-0.011,-3.348,-3.495,153.78,12.24,-1.06,1,0.897,8.24,3.99,-1.603,1,5,0.0704,0.0704,0.0759,0.0704
26.2,1,0.891,-1.0,-0.12,5,77.8,19.97,0.0733,0.0091,0.074,-0.002,0.03,-3.351,-3.493,153.78,12.24,-1.06,1,0.892,8.24,3.99,-1.579,1,5,0.0778,0.0685,0.0741,0.0741
26.232,1,0.887,-0.75,-0.01,5,77.5,20.46,0.0733,0.0113,0.075,-0.005,0.042,-3.352,-3.492,153.78,12.24,-1.06,1,0.892,8.24,3.99,-1.579,1,5,0.0833,0.0666,0.074,0.0759
26.268,1,0.885,-0.75,0.43,5,77.4,20.46,0.0733,0.0061,0.079,-0.005,-0.005,-3.355,-3.491,153.84,12.24,-1.06,1,0.895,8.24,4.86,0.481,1,5,0.0852,0.0704,0.0778,0.0834
26.333,1,0.867,-0.75,0.45,5,77.6,20.46,0.0733,-0.0012,0.083,0.002,-0.0,-3.36,-3.489,153.84,12.24,-1.06,1,0.898,8.24,4.86,0.482,1,5,0.0797,0.0889,0.0815,0.0834
26.367,1,0.876,-0.75,0.43,5,77.3,20.46,0.0733,-0.0014,0.08,0.002,-0.051,-3.363,-3.488,153.84,12.24,-0.32,1,0.898,8.24,4.86,0.482,1,5,0.0777,0.0888,0.0759,0.0777
26.4,1,0.889,-0.75,-0.15,5,77.5,20.46,0.0733,-0.0009,0.075,0.0,-0.006,-3.365,-3.486,153.72,12.24,-0.32,1,0.896,8.24,4.0,-1.588,1,5,0.0758,0.0814,0.0703,0.074
26.432,1,0.891,-1.0,-0.32,5,77.5,19.97,0.0733,0.0092,0.073,0.001,-0.007,-3.367,-3.486,153.67,12.24,-0.32,1,0.896,8.24,4.0,-1.588,1,5,0.0721,0.0777,0.0721,0.0721
26.468,1,0.887,-1.0,-0.13,5,77.6,19.97,0.0733,0.0154,0.073,0.003,0.013,-3.369,-3.485,153.72,12.24,-0.32,1,0.895,8.24,2.83,-0.378,1,5,0.0666,0.0703,0.0815,0.074
26.502,1,0.877,-1.0,0.03,5,77.9,19.97,0.0733,0.0118,0.075,0.004,-0.02,-3.372,-3.483,153.72,12.24,-0.32,1,0.892,8.24,3.78,0.004,1,5,0.0683,0.0702,0.0868,0.0739
26.531,1,0.885,-1.0,-0.06,5,77.9,19.97,0.0733,0.0087,0.075,0.001,0.001,-3.373,-3.483,153.72,12.24,-0.32,1,0.894,8.24,3.7,1.703,1,5,0.0721,0.0684,0.085,0.0758
26.569,1,0.884,-1.25,0.11,5,77.8,20.46,0.0733,0.0103,0.078,-0.002,-0.001,-3.376,-3.481,153.72,12.24,0.09,1,0.894,8.24,3.7,1.703,1,5,0.0813,0.0702,0.0813,0.0776
26.601,1,0.879,-1.25,-0.12,5,77.5,20.46,0.0733,0.0102,0.08,-0.003,-0.014,-3.379,-3.479,153.67,12.24,0.09,1,0.892,7.76,3.38,-1.58,1,5,0.0852,0.0741,0.0797,0.0815
26.632,1,0.889,-1.25,-0.17,5,76.9,20.46,0.0733,0.0138,0.082,-0.001,0.017,-3.381,-3.479,153.72,12.24,0.09,1,0.892,7.76,3.38,-1.58,1,5,0.0848,0.0793,0.0812,0.0812
26.667,1,0.889,-1.25,-0.2,5,76.6,20.46,0.0733,0.0146,0.083,0.003,0.007,-3.384,-3.478,153.72,12.24,0.09,1,0.892,7.27,4.13,-0.249,1,5,0.0812,0.0885,0.083,0.0775
26.699,1,0.882,-1.25,-0.15,5,76.5,20.46,0.0733,0.0149,0.079,0.003,-0.01,-3.387,-3.476,153.72,12.24,0.09,1,0.86,3.39,2.54,1.873,1,5,0.0794,0.0886,0.0757,0.0738
26.731,1,0.878,-1.25,-0.1,5,76.6,20.46,0.0733,0.0141,0.077,0.0,-0.067,-3.388,-3.475,153.67,12.24,0.09,1,0.884,1.45,-7.07,-0.087,1,5,0.0797,0.0834,0.0723,0.0741
26.767,1,0.882,-1.5,-0.3,5,76.8,20.44,0.0733,0.0132,0.072,-0.003,0.014,-3.39,-3.474,153.61,12.24,0.8,1,0.907,1.45,-7.66,-1.257,1,5,0.0759,0.0741,0.0648,0.0741
26.799,1,0.886,-1.5,-0.33,5,76.8,20.44,0.0733,0.0195,0.071,-0.001,0.03,-3.393,-3.473,153.67,12.24,0.8,1,0.905,1.45,-7.66,-1.253,1,5,0.0703,0.0703,0.0703,0.074
26.833,1,0.887,-1.5,-0.07,5,76.8,20.44,0.0733,0.0197,0.072,0.002,0.015,-3.394,-3.472,153.67,12.24,0.8,1,0.905,1.45,-7.66,-1.253,1,5,0.0666,0.0722,0.0759,0.074
26.866,1,0.882,-1.5,-0.31,5,77.0,20.44,0.0733,0.0151,0.073,0.004,-0.017,-3.397,-3.471,153.67,12.24,0.8,1,0.905,1.45,-7.66,-1.253,1,5,0.0648,0.0703,0.0833,0.074
26.899,1,0.886,-1.5,-0.23,5,77.1,20.44,0.0733,0.0192,0.074,0.001,-0.002,-3.4,-3.47,153.67,12.24,0.8,1,0.905,1.45,-6.98,-1.713,1,5,0.0722,0.0685,0.0815,0.0741
26.932,1,0.885,-1.5,-0.19,5,77.1,20.44,0.0733,0.0177,0.074,-0.0,-0.016,-3.401,-3.469,153.67,12.24,0.8,1,0.905,1.45,-6.98,-1.713,1,5,0.0758,0.0703,0.0777,0.074
26.965,1,0.887,-1.5,-0.58,5,77.1,20.2,0.0733,0.0169,0.078,0.0,0.022,-3.404,-3.468,153.67,12.24,-0.13,1,0.906,1.45,-6.78,0.813,1,5,0.0777,0.0777,0.0777,0.0777
27.002,1,0.89,-1.5,-0.19,5,77.0,20.44,0.0733,0.0237,0.078,0.002,0.011,-3.407,-3.466,153.72,12.24,-0.13,1,0.905,1.45,-7.06,-0.065,1,5,0.0721,0.0814,0.0777,0.0795
27.032,1,0.888,-1.5,0.13,5,77.0,20.44,0.0733,0.0169,0.077,0.002,0.011,-3.408,-3.466,153.72,12.24,-0.13,1,0.905,1.45,-7.06,-0.065,1,5,0.0703,0.0815,0.0778,0.0796
27.066,1,0.884,-1.5,-0.48,5,77.3,20.2,0.0733,0.0113,0.074,0.001,-0.02,-3.411,-3.465,153.72,12.24,-0.13,1,0.905,1.45,-7.06,-0.065,1,5,0.074,0.0814,0.0685,0.0722
27.099,1,0.882,-1.5,-0.59,5,77.5,20.44,0.0733,0.0219,0.071,-0.001,-0.054,-3.413,-3.463,153.61,12.24,-0.13,1,0.905,1.45,-7.06,-0.065,1,5,0.0759,0.0778,0.0611,0.0685
27.132,1,0.889,-1.75,-0.47,5,77.6,20.44,0.0733,0.0238,0.069,-0.003,-0.019,-3.414,-3.462,153.55,12.24,-0.13,1,0.918,0.97,-7.11,-2.457,1,5,0.074,0.074,0.0592,0.0703
27.168,1,0.888,-2.0,-0.28,5,77.4,20.44,0.0733,0.0248,0.067,-0.001,0.024,-3.417,-3.461,153.61,12.24,-1.56,1,0.917,0.48,-6.76,-2.066,1,5,0.0666,0.0666,0.0648,0.0703
27.198,1,0.879,-1.5,-0.7,5,77.5,20.44,0.0733,0.0244,0.069,0.001,0.028,-3.419,-3.46,153.67,12.24,-1.56,1,0.917,0.97,-7.13,-2.451,1,5,0.0628,0.0684,0.0721,0.0721
27.231,1,0.877,-1.5,-0.74,5,77.8,20.44,0.0733,0.0253,0.069,0.002,0.007,-3.42,-3.46,153.67,12.24,-1.56,1,0.877,3.88,-5.96,-2.587,1,5,0.0647,0.0665,0.0758,0.0684
27.268,1,0.883,-2.0,-0.34,5,77.8,20.44,0.0733,0.026,0.072,0.001,-0.011,-3.423,-3.458,153.67,12.24,-1.56,1,0.889,6.3,2.93,-0.215,1,5,0.0703,0.0685,0.0777,0.0703
27.299,1,0.887,-2.0,-0.27,5,77.8,20.44,0.0733,0.0254,0.073,-0.001,0.031,-3.426,-3.457,153.67,12.24,-1.56,1,0.898,6.3,3.79,1.836,1,5,0.0759,0.063,0.0797,0.0722
27.331,1,0.878,-1.5,-0.67,5,77.9,20.44,0.0733,0.0237,0.075,-0.002,0.002,-3.427,-3.456,153.72,12.24,-1.56,1,0.877,8.72,3.43,-0.394,1,5,0.0778,0.0666,0.0796,0.0759
27.364,1,0.873,-1.5,-0.38,5,77.7,20.44,0.0802,0.0242,0.078,-0.001,0.022,-3.43,-3.455,153.72,12.24,-2.54,1,0.883,11.15,11.52,0.751,1,5,0.0758,0.0758,0.0777,0.0832
27.4,1,0.866,-1.25,-0.23,5,77.6,20.46,0.0943,0.0195,0.08,0.004,0.054,-3.433,-3.454,153.84,12.24,-2.54,1,0.904,10.66,9.74,-0.497,1,5,0.0703,0.0924,0.0758,0.0832
27.43,1,0.859,-1.0,-0.29,5,77.1,20.44,0.1083,0.0141,0.079,0.005,0.039,-3.434,-3.453,153.9,12.24,-2.54,1,0.896,10.66,10.57,1.493,1,5,0.0684,0.0961,0.0703,0.0795
27.468,1,0.869,-1.0,-0.09,5,77.1,20.44,0.1152,0.0126,0.079,0.003,-0.015,-3.437,-3.452,153.9,12.24,-2.54,1,0.903,11.15,11.25,-0.149,1,5,0.0722,0.0962,0.0666,0.0796
27.498,1,0.868,-0.5,-0.16,5,76.4,20.2,0.1293,0.0097,0.083,0.001,0.056,-3.441,-3.45,154.01,12.24,-2.54,1,0.904,11.15,11.25,-0.15,1,5,0.0775,0.096,0.072,0.0849
27.532,1,0.83,0.0,-0.31,5,76.7,20.81,0.1433,0.006,0.089,0.002,0.057,-3.443,-3.449,154.07,12.24,-2.54,1,0.889,9.21,10.32,-0.435,1,5,0.0794,0.0997,0.0831,0.0941
27.566,1,0.815,0.0,-0.05,5,77.0,20.44,0.1314,0.003,0.101,0.003,-0.002,-3.447,-3.447,154.13,12.24,0.08,1,0.9,7.76,4.86,-1.877,1,5,0.0885,0.107,0.1014,0.107
27.598,1,0.839,0.0,-0.13,5,77.3,20.44,0.1073,-0.0012,0.117,0.0,0.01,-3.451,-3.445,154.13,12.24,0.08,1,0.902,8.24,5.35,-0.226,1,5,0.1109,0.1183,0.1164,0.122
27.63,1,0.854,0.0,-0.13,5,76.9,20.44,0.1153,0.001,0.124,-0.002,0.024,-3.454,-3.444,154.18,12.24,0.08,1,0.904,8.24,5.34,-0.234,1,5,0.1221,0.1221,0.1221,0.1295
27.667,1,0.849,0.0,0.1,5,76.6,21.02,0.1223,0.0013,0.133,0.0,0.004,-3.459,-3.442,154.18,12.24,0.08,1,0.886,6.3,5.33,-0.132,1,5,0.137,0.137,0.1296,0.1296
27.698,1,0.885,-0.25,0.03,5,75.8,20.46,0.1246,-0.0026,0.134,0.001,-0.091,-3.461,-3.441,154.13,12.24,0.08,1,0.894,3.39,-2.04,-3.344,1,5,0.1389,0.1408,0.1297,0.126
27.733,1,0.886,-0.25,-0.29,5,75.3,20.81,0.1364,0.0018,0.129,0.003,0.004,-3.465,-3.438,154.07,12.24,0.08,1,0.894,3.39,-2.04,-3.344,1,5,0.1297,0.1409,0.1242,0.1223
27.766,1,0.878,0.0,-0.46,5,75.0,20.81,0.1364,0.0087,0.128,0.003,0.027,-3.47,-3.436,154.13,12.24,0.87,1,0.894,3.39,-2.04,-3.344,1,5,0.1194,0.1322,0.1286,0.1304
27.799,1,0.878,0.0,-0.16,5,75.2,20.44,0.1243,0.0084,0.131,0.002,0.028,-3.475,-3.434,154.18,12.24,0.87,1,0.925,2.91,-4.37,-5.828,1,5,0.1174,0.1284,0.1339,0.1357
27.832,1,0.865,0.0,0.09,5,75.4,21.02,0.1004,0.0024,0.133,0.002,-0.003,-3.478,-3.433,154.18,12.24,0.87,1,0.925,2.91,-4.37,-5.828,1,5,0.1236,0.1291,0.14,0.1382
27.87,1,0.87,-0.25,0.23,5,75.8,21.02,0.0885,-0.0019,0.137,0.003,0.008,-3.483,-3.43,154.18,12.24,0.87,1,0.925,2.91,-4.37,-5.828,1,5,0.1338,0.1375,0.1412,0.1338
27.899,1,0.87,-0.25,-0.12,5,76.1,20.81,0.07,-0.0011,0.137,0.002,-0.043,-3.485,-3.429,154.13,12.24,0.87,1,0.928,3.39,-4.3,-6.96,1,5,0.1386,0.1404,0.1368,0.1313
27.931,1,0.884,-0.5,0.05,5,75.5,21.02,0.07,0.0047,0.136,0.002,-0.064,-3.488,-3.428,154.07,12.24,0.87,1,0.928,3.39,-4.3,-6.96,1,5,0.14,0.1418,0.1345,0.1273
27.965,1,0.891,-0.5,-0.23,5,75.4,21.02,0.07,0.0048,0.132,0.002,0.006,-3.492,-3.426,154.01,12.22,-0.89,1,0.947,2.91,-4.73,-2.499,1,5,0.1345,0.1327,0.1345,0.1254
28.001,1,0.89,-0.5,-0.19,5,76.0,21.02,0.07,0.0092,0.125,0.0,-0.013,-3.497,-3.424,154.01,12.22,-0.89,1,0.947,2.91,-4.73,-2.499,1,5,0.1235,0.1162,0.1344,0.1271
28.031,1,0.898,-0.75,-0.44,5,75.5,20.81,0.07,0.0084,0.122,0.0,-0.063,-3.499,-3.423,153.95,12.22,-0.89,1,0.951,2.42,-4.2,-3.692,1,5,0.1174,0.1101,0.1339,0.1247
28.064,1,0.902,-1.25,-0.47,5,75.7,21.02,0.07,0.0156,0.116,0.001,-0.013,-3.503,-3.421,153.9,12.22,-0.89,1,0.909,4.36,-6.49,-7.289,1,5,0.1137,0.1045,0.1302,0.1173
28.098,1,0.9,-1.25,-0.54,5,76.0,20.81,0.07,0.0217,0.114,0.002,-0.02,-3.507,-3.419,153.84,12.22,-0.89,1,0.909,4.36,-6.49,-7.289,1,5,0.12,0.109,0.1237,0.1053
28.132,1,0.891,-1.5,-0.36,5,76.3,21.02,0.07,0.022,0.114,0.001,-0.039,-3.509,-3.418,153.84,12.22,-0.89,1,0.909,4.36,-6.49,-7.289,1,5,0.1237,0.1108,0.1182,0.1016
28.164,1,0.907,-1.75,-0.87,5,76.3,20.81,0.07,0.0218,0.11,0.001,-0.039,-3.513,-3.416,153.67,12.22,-4.15,1,0.909,4.36,-6.49,-7.289,1,5,0.122,0.1146,0.1072,0.0961
28.2,1,0.908,-1.75,-0.83,5,76.3,21.02,0.07,0.0329,0.102,0.003,0.019,-3.517,-3.414,153.72,12.22,-4.15,1,0.909,4.36,-6.49,-7.289,1,5,0.1018,0.1073,0.1018,0.0962
28.23,1,0.903,-1.5,-1.29,5,76.4,21.02,0.07,0.0318,0.099,0.004,0.021,-3.518,-3.414,153.78,12.22,-4.15,1,0.906,10.18,8.08,-4.757,1,5,0.0925,0.1018,0.1036,0.0981
28.264,1,0.902,-1.75,-0.98,5,76.5,20.81,0.07,0.0361,0.093,0.003,-0.002,-3.522,-3.412,153.72,12.22,-4.15,1,0.914,11.63,9.87,-4.639,1,5,0.0814,0.087,0.1055,0.0999
28.299,1,0.9,-1.75,-1.07,5,76.5,21.02,0.07,0.0336,0.092,-0.001,-0.032,-3.525,-3.41,153.72,12.22,-4.15,1,0.919,13.57,13.88,-3.959,1,5,0.0887,0.0832,0.098,0.0961
28.331,1,0.912,-2.25,-0.79,5,76.5,21.02,0.07,0.0349,0.09,-0.002,-0.039,-3.526,-3.409,153.67,12.22,-4.15,1,0.919,13.57,13.88,-3.959,1,5,0.0924,0.0832,0.0924,0.0924
28.368,1,0.913,-2.25,-0.7,5,76.4,21.02,0.07,0.0361,0.088,-0.003,0.007,-3.529,-3.408,153.67,12.22,-6.26,1,0.929,13.09,14.18,-2.198,1,5,0.0998,0.085,0.085,0.0832
28.401,1,0.913,-2.25,-0.99,5,76.6,21.02,0.07,0.0338,0.082,-0.002,-0.035,-3.532,-3.406,153.61,12.22,-6.26,1,0.934,13.09,14.33,-4.844,1,5,0.0943,0.0832,0.0758,0.074
28.43,1,0.908,-2.25,-0.93,5,76.7,20.81,0.07,0.0384,0.078,-0.001,-0.015,-3.533,-3.406,153.61,12.22,-6.26,1,0.937,13.09,13.79,-3.012,1,5,0.0907,0.0814,0.0722,0.0685
28.466,1,0.909,-2.25,-0.97,5,77.0,20.81,0.07,0.0371,0.072,0.001,-0.016,-3.536,-3.405,153.55,12.22,-6.26,1,0.943,12.6,14.23,-2.558,1,5,0.0815,0.0778,0.0685,0.0611
28.498,1,0.915,-2.25,-1.16,5,77.0,21.02,0.07,0.0375,0.069,0.001,-0.023,-3.538,-3.403,153.44,12.22,-6.26,1,0.948,12.6,14.07,-1.23,1,5,0.0703,0.0666,0.074,0.0648
28.528,1,0.917,-2.5,-0.94,5,77.0,21.02,0.07,0.0408,0.068,0.003,-0.002,-3.54,-3.403,153.44,12.22,-6.26,1,0.963,12.6,12.65,-4.165,1,5,0.0611,0.063,0.0797,0.0685
28.566,1,0.924,-2.5,-1.22,5,77.1,21.02,0.07,0.04,0.062,0.004,-0.001,-3.542,-3.402,153.5,12.21,-5.41,1,0.963,12.6,12.65,-4.165,1,5,0.0444,0.0555,0.0759,0.0703
28.598,1,0.922,-2.5,-1.17,5,77.5,21.02,0.07,0.0445,0.06,0.005,0.028,-3.544,-3.401,153.55,12.21,-5.41,1,0.98,12.6,12.3,-4.826,1,5,0.0444,0.0611,0.0685,0.0666
28.631,1,0.918,-2.25,-1.21,5,77.4,21.02,0.07,0.0433,0.059,0.003,0.034,-3.545,-3.401,153.55,12.21,-5.41,1,0.973,12.6,12.33,-4.81,1,5,0.0499,0.0628,0.061,0.0628
28.664,1,0.916,-2.25,-1.21,5,77.4,21.02,0.07,0.0408,0.061,-0.002,0.01,-3.547,-3.399,153.61,12.21,-5.41,1,0.972,13.09,13.25,-0.834,1,5,0.0628,0.0628,0.0554,0.0628
28.699,1,0.916,-2.25,-1.2,5,77.4,21.02,0.07,0.0409,0.061,-0.004,0.016,-3.549,-3.398,153.61,12.21,-5.41,1,0.972,13.09,13.25,-0.834,1,5,0.0665,0.061,0.0536,0.0628
28.73,1,0.919,-2.25,-1.18,5,77.5,21.02,0.07,0.0409,0.061,-0.002,0.032,-3.55,-3.398,153.61,12.21,-5.41,1,0.972,13.09,13.25,-0.834,1,5,0.0647,0.0629,0.0555,0.0629
28.766,1,0.921,-2.25,-1.05,5,77.4,20.81,0.07,0.0407,0.062,0.002,0.012,-3.553,-3.397,153.67,12.21,-4.13,1,0.981,13.09,13.73,-3.022,1,5,0.0573,0.0702,0.0573,0.0628
28.797,1,0.926,-2.25,-0.88,5,77.5,20.46,0.07,0.0385,0.059,0.003,0.038,-3.555,-3.396,153.72,12.21,-4.13,1,0.984,13.09,13.72,-3.022,1,5,0.0536,0.0702,0.0554,0.0628
28.83,1,0.921,-2.25,-0.79,5,77.2,21.02,0.07,0.0355,0.056,0.002,0.039,-3.556,-3.395,153.78,12.21,-4.13,1,0.984,13.09,13.72,-3.022,1,5,0.0517,0.0665,0.0499,0.0573
28.863,1,0.92,-2.25,-0.61,5,77.4,21.02,0.07,0.0339,0.053,0.0,0.008,-3.557,-3.394,153.84,12.21,-4.13,1,0.987,13.57,13.38,-4.749,1,5,0.05,0.0629,0.0426,0.0555
28.897,1,0.913,-2.25,-0.42,5,76.7,21.02,0.07,0.0308,0.049,-0.002,-0.003,-3.559,-3.393,153.84,12.21,-4.13,1,0.987,13.57,13.38,-4.749,1,5,0.05,0.0574,0.0389,0.0537
28.928,1,0.908,-2.0,-0.51,5,76.9,20.81,0.07,0.0276,0.049,-0.002,0.004,-3.56,-3.393,153.84,12.21,-4.13,1,0.981,13.57,13.44,-4.734,1,5,0.048,0.0554,0.037,0.0536
28.963,1,0.911,-1.75,-0.36,5,77.3,21.02,0.07,0.026,0.047,-0.001,0.042,-3.562,-3.392,153.9,12.21,-2.52,1,0.979,14.06,13.52,-2.695,1,5,0.0425,0.0499,0.0406,0.0536
29.002,1,0.907,-1.25,-0.5,5,77.1,20.56,0.07,0.0208,0.048,0.001,0.057,-3.563,-3.391,154.07,12.21,-2.52,1,0.981,14.06,13.53,-4.051,1,5,0.0352,0.05,0.0481,0.0574
29.031,1,0.906,-1.25,-0.13,5,77.0,21.02,0.07,0.0177,0.048,0.002,0.046,-3.564,-3.391,154.13,12.21,-2.52,1,0.981,14.06,13.53,-4.051,1,5,0.0333,0.0518,0.0481,0.0574
29.064,1,0.903,-0.75,-0.05,5,76.8,20.46,0.07,0.0116,0.046,0.002,0.048,-3.566,-3.39,154.18,12.21,-2.52,1,0.981,14.06,13.53,-4.051,1,5,0.0352,0.05,0.0463,0.0537
29.1,1,0.897,-0.5,0.42,5,76.6,20.44,0.07,0.0051,0.047,0.001,0.057,-3.568,-3.389,154.35,12.21,-2.52,1,0.981,14.06,13.53,-4.051,1,5,0.0352,0.05,0.0463,0.0537
29.13,1,0.901,-0.25,0.22,5,76.5,21.02,0.07,-0.0052,0.048,0.001,0.038,-3.569,-3.389,154.35,12.21,-2.52,1,0.981,14.06,13.53,-4.051,1,5,0.0368,0.0534,0.046,0.057
29.164,1,0.903,0.0,0.61,5,76.4,20.44,0.07,-0.0043,0.053,0.001,0.015,-3.571,-3.388,154.41,12.21,-0.59,1,0.953,10.66,9.54,-4.36,1,5,0.0442,0.0589,0.0497,0.0589
29.199,1,0.901,-0.25,0.86,5,76.2,20.46,0.07,-0.0131,0.057,0.001,-0.012,-3.573,-3.387,154.41,12.21,-0.59,1,0.953,10.66,9.54,-4.36,1,5,0.0537,0.0629,0.0537,0.0574
29.228,1,0.904,-0.25,0.36,5,76.4,21.02,0.07,-0.0138,0.058,0.0,-0.016,-3.574,-3.387,154.35,12.21,-0.59,1,0.95,9.21,3.43,-7.025,1,5,0.0611,0.0611,0.0555,0.0555
29.264,1,0.909,-0.25,0.3,5,76.4,21.02,0.07,-0.0047,0.063,-0.001,0.002,-3.576,-3.385,154.35,12.21,-0.59,1,0.952,9.21,3.35,-5.555,1,5,0.0684,0.0629,0.061,0.0592
29.297,1,0.91,-0.25,0.31,5,76.4,21.02,0.07,-0.0035,0.064,-0.001,-0.001,-3.579,-3.384,154.35,12.21,-0.59,1,0.959,9.21,2.86,-4.845,1,5,0.0714,0.0623,0.0641,0.0586
29.33,1,0.906,-0.25,0.26,5,76.6,20.81,0.07,-0.0035,0.065,0.001,0.007,-3.58,-3.384,154.35,12.21,-0.59,1,0.959,9.21,2.86,-4.845,1,5,0.069,0.0654,0.0672,0.0581
29.366,1,0.911,-0.25,0.2,5,75.9,20.81,0.07,-0.0025,0.063,0.003,-0.015,-3.582,-3.383,154.35,12.21,-1.24,1,0.947,9.21,3.36,-5.553,1,5,0.0666,0.0648,0.0684,0.054
29.399,1,0.916,-0.25,-0.16,5,76.1,20.46,0.07,-0.0013,0.062,0.003,-0.059,-3.585,-3.382,154.24,12.21,-1.24,1,0.949,9.21,3.35,-5.544,1,5,0.0649,0.0649,0.0649,0.0541
29.432,1,0.914,-0.25,-0.09,5,76.1,20.46,0.07,0.005,0.061,0.001,-0.033,-3.586,-3.381,154.18,12.21,-1.24,1,0.949,9.21,3.35,-5.544,1,5,0.0654,0.0618,0.0618,0.0545
29.463,1,0.912,-0.25,-0.04,5,76.2,20.46,0.07,0.0037,0.058,0.001,0.029,-3.588,-3.38,154.18,12.21,-1.24,1,0.957,9.21,1.48,-6.135,1,5,0.0587,0.0587,0.0587,0.055
29.499,1,0.911,-0.25,0.19,5,76.0,20.46,0.07,0.003,0.057,0.002,0.065,-3.59,-3.379,154.3,12.21,-1.24,1,0.957,9.21,1.48,-6.135,1,5,0.05,0.0555,0.0629,0.0592
29.53,1,0.912,0.0,0.55,5,75.8,20.44,0.07,-0.0011,0.057,0.002,0.007,-3.591,-3.379,154.35,12.21,-1.24,1,0.957,9.21,1.48,-6.135,1,5,0.0463,0.0556,0.063,0.063
29.564,1,0.907,0.0,0.43,5,75.4,20.44,0.07,-0.0105,0.056,0.001,-0.007,-3.593,-3.378,154.41,12.2,-3.35,1,0.929,13.57,9.26,-4.255,1,5,0.0445,0.0556,0.0593,0.0667
29.599,1,0.909,0.0,0.57,5,75.1,20.44,0.07,-0.008,0.057,-0.001,0.017,-3.595,-3.377,154.41,12.2,-3.35,1,0.929,13.57,9.26,-4.255,1,5,0.0497,0.0589,0.0534,0.0663
29.63,1,0.905,0.0,0.55,5,74.8,20.44,0.07,-0.0103,0.059,-0.001,0.015,-3.596,-3.376,154.41,12.2,-3.35,1,0.929,13.57,9.26,-4.255,1,5,0.0552,0.0607,0.0552,0.0662
29.665,1,0.909,0.0,0.4,5,74.6,20.44,0.07,-0.0099,0.065,-0.0,0.021,-3.599,-3.375,154.41,12.2,-3.35,1,0.929,13.57,9.26,-4.255,1,5,0.0644,0.0662,0.0626,0.0662
29.7,1,0.904,0.0,0.37,5,74.2,20.44,0.07,-0.0073,0.069,0.001,-0.0,-3.601,-3.374,154.41,12.2,-3.35,1,0.941,13.09,9.03,-3.406,1,5,0.0703,0.0703,0.0703,0.0666
29.729,1,0.901,0.0,0.42,5,74.0,20.44,0.07,-0.0067,0.07,0.002,0.016,-3.603,-3.373,154.41,12.2,-3.35,1,0.941,13.09,9.03,-3.406,1,5,0.0684,0.0721,0.0721,0.0666
29.764,1,0.901,0.0,0.66,5,74.2,20.0,0.07,-0.0075,0.069,0.004,-0.004,-3.605,-3.372,154.47,12.2,-3.97,1,0.941,13.09,9.03,-3.406,1,5,0.0684,0.0721,0.074,0.0629
29.8,1,0.9,0.0,0.4,5,74.2,20.44,0.07,-0.0116,0.066,0.001,-0.061,-3.607,-3.371,154.35,12.2,-3.97,1,0.941,13.09,9.03,-3.406,1,5,0.0703,0.0666,0.0684,0.0592
29.829,1,0.897,-0.5,0.61,5,74.1,20.44,0.07,-0.007,0.064,0.0,-0.05,-3.608,-3.371,154.3,12.2,-3.97,1,0.941,13.09,9.03,-3.406,1,5,0.0721,0.0628,0.0647,0.0554
29.863,1,0.898,-0.5,0.7,5,74.3,19.97,0.07,-0.0045,0.061,-0.003,-0.029,-3.611,-3.369,154.24,12.2,-3.97,1,0.948,13.09,7.45,-1.65,1,5,0.0721,0.0591,0.0573,0.0554
29.896,1,0.893,-0.75,0.59,5,74.4,20.2,0.07,-0.0066,0.06,-0.004,-0.03,-3.612,-3.369,154.18,12.2,-3.97,1,0.953,12.6,7.38,-3.934,1,5,0.0685,0.0555,0.0555,0.0592
29.931,1,0.909,-0.5,-0.01,5,74.3,20.0,0.07,-0.0017,0.062,-0.001,0.034,-3.614,-3.368,154.24,12.2,-3.97,1,0.953,12.6,7.38,-3.934,1,5,0.0611,0.0574,0.0629,0.0648
29.968,1,0.899,-0.5,0.63,5,74.1,19.97,0.07,0.0049,0.063,0.0,-0.0,-3.616,-3.367,154.3,12.2,-3.97,1,0.953,12.6,7.38,-3.934,1,5,0.0555,0.0574,0.0685,0.0703
30.001,1,0.897,-0.5,0.72,5,74.0,19.97,0.07,-0.0063,0.063,0.001,-0.005,-3.619,-3.366,154.3,12.2,-3.97,1,0.951,12.6,8.27,-2.005,1,5,0.0555,0.061,0.0684,0.0666
30.033,1,0.894,-0.5,0.75,5,74.1,19.97,0.07,-0.008,0.063,0.001,0.01,-3.62,-3.365,154.3,12.2,-3.97,1,0.951,12.6,8.27,-2.005,1,5,0.0574,0.0648,0.0629,0.0666
30.067,1,0.897,-0.5,0.69,5,74.1,19.97,0.07,-0.0086,0.066,0.001,0.01,-3.622,-3.364,154.35,12.2,-3.97,1,0.955,12.6,7.38,-3.952,1,5,0.063,0.0722,0.0611,0.0667
30.098,1,0.899,-0.5,0.77,5,74.1,19.97,0.07,-0.0076,0.068,-0.001,-0.0,-3.623,-3.363,154.35,12.2,-3.97,1,0.955,13.09,7.75,-0.896,1,5,0.0666,0.0722,0.0629,0.0722
30.13,1,0.897,-0.25,0.37,5,74.2,19.85,0.07,-0.0089,0.073,0.0,0.018,-3.626,-3.362,154.41,12.2,-3.97,1,0.955,13.09,7.75,-0.896,1,5,0.0722,0.0777,0.0685,0.074
30.166,1,0.892,0.0,0.6,5,74.2,20.44,0.07,-0.0051,0.074,0.001,0.045,-3.629,-3.361,154.47,12.2,-3.28,1,0.955,13.09,7.75,-0.896,1,5,0.0703,0.0777,0.074,0.0758
30.199,1,0.885,0.0,0.92,5,74.1,20.0,0.07,-0.0117,0.073,0.001,-0.008,-3.632,-3.36,154.53,12.2,-3.28,1,0.955,13.09,7.75,-0.896,1,5,0.0703,0.0796,0.0685,0.0722
30.23,1,0.885,0.0,1.03,5,74.3,19.97,0.07,-0.017,0.071,-0.0,-0.048,-3.633,-3.359,154.47,12.2,-3.28,1,0.955,13.09,7.75,-0.896,1,5,0.0703,0.0759,0.0648,0.0722
30.261,1,0.901,-0.25,0.63,5,74.8,20.44,0.07,-0.0187,0.068,-0.005,0.007,-3.635,-3.357,154.41,12.2,-3.28,1,0.955,13.09,7.75,-0.896,1,5,0.074,0.0685,0.0574,0.0722
30.296,1,0.906,0.0,0.32,5,74.9,20.44,0.07,-0.0085,0.067,-0.003,0.014,-3.637,-3.356,154.41,12.2,-3.28,1,0.949,13.09,7.75,-0.893,1,5,0.0722,0.0666,0.0592,0.074
30.327,1,0.912,0.0,0.23,5,75.0,20.44,0.07,-0.0063,0.068,-0.001,0.012,-3.639,-3.356,154.41,12.2,-3.28,1,0.951,13.09,7.75,-0.888,1,5,0.0666,0.0648,0.0685,0.0703
30.367,1,0.907,0.0,0.7,5,74.9,19.97,0.07,-0.0044,0.068,0.004,0.014,-3.641,-3.355,154.47,12.2,-2.43,1,0.951,13.09,7.75,-0.888,1,5,0.0611,0.0666,0.0759,0.0666
30.398,1,0.903,0.25,0.51,5,74.7,19.85,0.07,-0.0125,0.07,0.003,-0.009,-3.644,-3.354,154.47,12.2,-2.43,1,0.947,13.09,7.45,-1.648,1,5,0.0611,0.0666,0.0796,0.0666
30.43,1,0.9,0.25,0.31,5,74.3,19.85,0.07,-0.0122,0.069,0.003,0.008,-3.645,-3.353,154.47,12.2,-2.43,1,0.947,13.09,7.45,-1.648,1,5,0.0647,0.0684,0.0758,0.0684
30.463,1,0.9,0.25,0.78,5,74.8,20.44,0.07,-0.0084,0.072,0.0,-0.005,-3.648,-3.352,154.47,12.2,-2.43,1,0.943,13.09,7.21,-4.005,1,5,0.0702,0.0721,0.0721,0.0721
30.495,1,0.91,0.25,1.01,5,74.9,20.2,0.07,-0.0162,0.072,-0.0,-0.017,-3.649,-3.351,154.47,12.2,-2.43,1,0.943,13.09,7.62,-3.107,1,5,0.0721,0.0721,0.0702,0.0721
30.529,1,0.916,-0.25,0.94,5,75.5,20.44,0.07,-0.0202,0.074,-0.0,0.018,-3.652,-3.35,154.41,12.2,-2.43,1,0.943,13.09,7.62,-3.107,1,5,0.0777,0.0759,0.0722,0.0722
30.563,1,0.915,-0.25,1.03,5,75.5,20.44,0.07,-0.0127,0.074,-0.0,0.024,-3.654,-3.349,154.47,12.2,-1.08,1,0.943,13.09,7.62,-3.107,1,5,0.0796,0.0759,0.0722,0.0685
30.597,1,0.922,-0.25,0.66,5,75.3,20.44,0.07,-0.0148,0.073,-0.0,-0.02,-3.656,-3.348,154.47,12.2,-1.08,1,0.943,13.09,7.62,-3.107,1,5,0.0797,0.0759,0.0704,0.0667
30.63,1,0.923,-0.25,0.66,5,75.3,20.44,0.07,-0.0084,0.068,-0.002,-0.015,-3.658,-3.347,154.41,12.2,-1.08,1,0.943,13.09,7.62,-3.107,1,5,0.074,0.0722,0.0611,0.0666
30.665,1,0.925,0.0,0.84,5,75.1,19.97,0.07,-0.0088,0.067,-0.003,0.02,-3.66,-3.345,154.41,12.2,-1.08,1,0.943,13.09,7.62,-3.107,1,5,0.0685,0.0703,0.0574,0.0703
30.695,1,0.913,0.25,0.71,5,74.2,19.85,0.07,-0.015,0.065,-0.001,0.033,-3.662,-3.345,154.41,12.2,-1.08,1,0.936,8.24,-1.1,-1.891,1,5,0.0648,0.0685,0.0592,0.0685
30.727,1,0.916,0.25,0.5,5,74.3,20.44,0.07,-0.0159,0.065,0.001,0.021,-3.664,-3.344,154.47,12.2,-1.08,1,0.953,8.24,-0.12,-3.425,1,5,0.0592,0.0666,0.0666,0.0685
30.764,1,0.923,0.5,0.78,5,73.7,19.97,0.07,-0.0117,0.065,0.004,-0.001,-3.666,-3.343,154.53,12.2,-0.75,1,0.957,8.24,-0.03,-5.084,1,5,0.0555,0.0648,0.074,0.0666
30.795,1,0.914,0.5,0.85,5,72.9,20.44,0.07,-0.0192,0.065,0.003,0.005,-3.668,-3.343,154.53,12.2,-0.75,1,0.957,8.24,-0.03,-5.084,1,5,0.0573,0.0647,0.0721,0.0666
30.829,1,0.902,0.75,0.42,5,72.4,20.44,0.07,-0.0203,0.067,0.003,0.0,-3.67,-3.341,154.53,12.2,-0.75,1,0.957,8.24,-0.03,-5.084,1,5,0.0591,0.0647,0.0739,0.0684
30.864,1,0.9,0.5,0.6,5,72.4,19.97,0.07,-0.0156,0.07,0.002,-0.032,-3.673,-3.34,154.47,12.2,-0.75,1,0.957,8.24,-0.03,-5.084,1,5,0.0684,0.0721,0.0721,0.0665
30.896,1,0.894,0.5,0.3,5,71.9,19.97,0.07,-0.0151,0.071,0.003,-0.015,-3.674,-3.34,154.47,12.2,-0.75,1,0.959,8.24,0.53,-3.795,1,5,0.0703,0.0758,0.0721,0.0666
30.932,1,0.895,0.5,0.24,5,71.4,20.44,0.07,-0.01,0.073,0.002,-0.027,-3.677,-3.338,154.41,12.2,-0.75,1,0.959,8.24,0.53,-3.795,1,5,0.0813,0.0776,0.072,0.0609
30.965,1,0.897,0.25,-0.08,5,69.6,19.85,0.07,-0.0088,0.073,0.0,-0.036,-3.68,-3.337,154.35,12.19,-2.32,1,0.949,8.24,-0.08,-3.401,1,5,0.0831,0.0757,0.072,0.0628
31.0,1,0.913,0.0,-0.44,5,70.3,20.2,0.07,-0.0003,0.074,-0.0,-0.021,-3.682,-3.336,154.3,12.19,-2.32,1,0.949,8.24,-0.08,-3.401,1,5,0.0813,0.0739,0.0739,0.0684
31.032,1,0.915,0.0,-0.43,5,70.3,20.2,0.07,0.0087,0.075,-0.001,-0.008,-3.684,-3.335,154.3,12.19,-2.32,1,0.949,8.24,-0.08,-3.401,1,5,0.0776,0.0739,0.0739,0.0739
31.065,1,0.909,0.0,-0.41,5,69.5,20.0,0.07,0.0085,0.071,0.0,0.042,-3.686,-3.334,154.3,12.19,-2.32,1,0.949,8.24,-0.08,-3.401,1,5,0.066,0.0678,0.0752,0.0752
31.097,1,0.91,0.5,-0.83,5,69.1,20.2,0.07,0.0078,0.07,0.003,0.049,-3.687,-3.334,154.35,12.19,-2.32,1,0.949,8.24,-0.08,-3.401,1,5,0.0605,0.0697,0.0752,0.0733
31.128,1,0.91,0.75,-0.88,5,69.0,20.44,0.07,0.0086,0.064,0.003,0.043,-3.69,-3.333,154.41,12.19,-2.32,1,0.909,13.09,8.81,-0.361,1,5,0.0532,0.0642,0.0697,0.0697
31.166,1,0.9,1.25,-0.75,5,68.5,20.44,0.07,0.0069,0.063,0.002,0.059,-3.692,-3.331,154.58,12.19,-3.92,1,0.909,13.09,8.81,-0.361,1,5,0.0499,0.0665,0.0647,0.0721
31.2,1,0.847,1.75,-0.63,5,64.4,20.44,0.07,-0.0006,0.065,0.002,0.032,-3.694,-3.33,154.7,12.19,-3.92,1,0.917,14.06,8.03,-1.23,1,5,0.0517,0.0665,0.0628,0.0739
31.229,1,0.827,2.0,-0.46,5,63.6,20.2,0.07,-0.0085,0.068,0.002,0.024,-3.696,-3.33,154.7,12.19,-3.92,1,0.908,14.06,10.27,-3.35,1,5,0.0555,0.0759,0.0648,0.0759
31.266,1,0.811,2.0,0.42,5,64.0,20.44,0.07,-0.0132,0.072,0.003,0.025,-3.699,-3.329,154.76,12.19,-3.92,1,0.912,14.54,9.76,-2.305,1,5,0.0664,0.0812,0.0683,0.072
31.295,1,0.811,2.25,0.2,5,64.1,20.46,0.07,-0.0275,0.072,0.003,0.002,-3.7,-3.328,154.76,12.19,-3.92,1,0.91,14.54,9.76,-2.307,1,5,0.0677,0.0805,0.0695,0.0695
31.331,1,0.81,2.25,-0.12,5,63.5,20.46,0.07,-0.0257,0.073,0.002,-0.002,-3.703,-3.327,154.76,12.19,-3.92,1,0.91,14.54,9.76,-2.307,1,5,0.0768,0.0768,0.0731,0.0658
31.364,1,0.802,2.0,0.03,5,63.2,20.44,0.07,-0.0198,0.072,0.001,-0.018,-3.705,-3.326,154.7,12.19,-3.92,1,0.91,14.54,9.76,-2.307,1,5,0.0788,0.0733,0.0733,0.0641
31.395,1,0.79,2.0,-0.45,5,62.2,20.2,0.07,-0.0189,0.073,0.0,-0.023,-3.707,-3.325,154.7,12.19,-2.36,1,0.906,14.06,10.29,-3.341,1,5,0.0795,0.0739,0.0739,0.0665
31.428,1,0.8,1.5,0.13,5,62.4,20.44,0.07,-0.0104,0.073,-0.001,-0.047,-3.708,-3.324,154.64,12.19,-2.36,1,0.906,14.06,10.29,-3.341,1,5,0.0784,0.0711,0.0729,0.0711
31.467,1,0.8,1.5,-0.03,5,62.6,20.44,0.07,-0.0142,0.071,-0.003,0.03,-3.71,-3.323,154.58,12.19,-2.36,1,0.906,14.06,10.29,-3.341,1,5,0.0711,0.0656,0.0711,0.0765
31.494,1,0.795,1.75,-0.17,5,62.4,20.44,0.07,-0.0119,0.068,-0.002,0.022,-3.711,-3.322,154.64,12.19,-2.36,1,0.894,14.06,8.95,-0.839,1,5,0.0674,0.062,0.0711,0.0729
31.526,1,0.798,2.0,-0.32,5,62.9,20.44,0.07,-0.0129,0.064,-0.0,-0.002,-3.714,-3.321,154.64,12.19,-2.36,1,0.888,14.06,8.94,-0.837,1,5,0.061,0.0573,0.0702,0.0684
31.564,1,0.8,1.75,-0.04,5,63.1,20.44,0.07,-0.0131,0.063,0.001,-0.005,-3.716,-3.32,154.64,12.19,-2.36,1,0.886,14.06,8.94,-0.843,1,5,0.0611,0.0592,0.0685,0.0629
31.601,1,0.802,1.75,-0.01,5,63.3,20.44,0.07,-0.0148,0.064,0.001,0.016,-3.719,-3.319,154.64,12.19,-1.59,1,0.882,14.06,8.94,-0.841,1,5,0.0611,0.0666,0.0648,0.0648
31.631,1,0.797,1.75,0.15,5,63.0,20.2,0.07,-0.0154,0.065,0.001,0.002,-3.72,-3.319,154.64,12.19,-1.59,1,0.882,14.06,8.94,-0.841,1,5,0.0629,0.0685,0.0648,0.0648
31.663,1,0.796,1.75,0.24,5,63.1,20.2,0.07,-0.0183,0.067,0.002,-0.004,-3.722,-3.318,154.64,12.19,-1.59,1,0.882,14.06,8.94,-0.841,1,5,0.0628,0.0702,0.0665,0.0665
31.692,1,0.798,1.75,0.24,5,63.4,20.2,0.07,-0.0198,0.067,0.001,-0.006,-3.723,-3.317,154.64,12.19,-1.59,1,0.875,9.21,3.88,-2.952,1,5,0.0646,0.0683,0.0683,0.0665
31.762,1,0.799,1.0,0.01,5,63.2,20.44,0.07,-0.0199,0.07,-0.001,-0.082,-3.729,-3.314,154.47,12.19,-1.59,1,0.89,9.21,2.79,-3.449,1,5,0.0813,0.0683,0.0702,0.0609
31.798,1,0.806,1.0,-0.67,5,63.7,20.44,0.07,-0.007,0.07,-0.002,-0.045,-3.73,-3.314,154.41,12.19,0.08,1,0.89,9.21,2.79,-3.449,1,5,0.0851,0.0684,0.0684,0.0592
31.83,1,0.809,0.5,-0.36,5,63.6,20.44,0.07,0.0044,0.075,-0.004,-0.035,-3.733,-3.312,154.35,12.19,0.08,1,0.89,9.21,2.79,-3.449,1,5,0.0925,0.0703,0.0722,0.0666
31.863,1,0.805,1.0,-1.33,5,63.4,20.44,0.07,0.0046,0.076,-0.001,0.023,-3.735,-3.311,154.3,12.19,0.08,1,0.89,9.21,2.79,-3.449,1,5,0.0796,0.0685,0.0815,0.0759
31.896,1,0.787,1.0,-0.56,5,62.3,20.44,0.07,0.0147,0.077,0.002,0.019,-3.737,-3.311,154.35,12.19,0.08,1,0.89,9.21,2.79,-3.449,1,5,0.074,0.0703,0.0869,0.0758
31.931,1,0.784,1.0,-0.75,5,62.2,20.56,0.07,0.001,0.072,0.005,0.005,-3.739,-3.31,154.35,12.19,0.08,1,0.897,8.24,2.11,-4.084,1,5,0.0591,0.0683,0.0849,0.0739
31.962,1,0.787,1.0,-0.49,5,62.3,20.44,0.07,0.0044,0.07,0.004,0.002,-3.742,-3.308,154.41,12.19,0.08,1,0.897,8.24,2.11,-4.084,1,5,0.0609,0.0739,0.0739,0.0702
31.999,1,0.786,1.0,-0.54,5,62.4,20.44,0.07,-0.0003,0.069,0.002,0.015,-3.744,-3.307,154.47,12.19,-0.6,1,0.902,8.24,2.59,-2.915,1,5,0.061,0.0758,0.0665,0.0721
32.031,1,0.792,1.0,-0.42,5,62.5,20.44,0.07,0.0005,0.069,0.002,0.002,-3.746,-3.307,154.47,12.19,-0.6,1,0.902,8.24,2.59,-2.915,1,5,0.0647,0.0758,0.0665,0.0702
32.063,1,0.8,1.0,-0.85,5,62.7,20.44,0.07,-0.0016,0.07,0.0,-0.009,-3.748,-3.305,154.41,12.19,-0.6,1,0.902,8.24,2.59,-2.915,1,5,0.0684,0.0721,0.0684,0.0703
32.097,1,0.802,0.75,-0.59,5,62.8,20.46,0.07,0.0059,0.07,0.0,-0.025,-3.751,-3.304,154.35,12.19,-0.6,1,0.902,8.24,2.59,-2.915,1,5,0.0722,0.0703,0.0703,0.0666
32.134,1,0.802,0.5,-0.55,5,62.5,20.44,0.07,0.0044,0.069,-0.001,-0.008,-3.752,-3.304,154.35,12.19,-0.6,1,0.902,8.24,2.59,-2.915,1,5,0.074,0.0685,0.0685,0.0666
32.194,1,0.798,0.75,-0.43,5,62.8,20.56,0.07,0.006,0.068,-0.003,0.013,-3.756,-3.302,154.35,12.19,-1.32,1,0.903,8.24,1.18,-6.072,1,5,0.0722,0.0685,0.0629,0.0703
32.23,1,0.802,0.75,-0.64,5,63.1,20.44,0.07,0.0006,0.066,-0.001,-0.008,-3.758,-3.301,154.35,12.19,-1.32,1,0.903,8.24,1.18,-6.072,1,5,0.0666,0.0666,0.0629,0.0684
32.264,1,0.804,0.75,-0.85,5,62.8,20.44,0.07,0.0044,0.064,0.001,0.011,-3.76,-3.3,154.35,12.19,-1.32,1,0.904,8.24,1.21,-6.056,1,5,0.0627,0.0627,0.0664,0.0627
32.293,1,0.814,0.5,-0.74,5,63.4,20.44,0.07,0.0081,0.062,0.002,0.005,-3.761,-3.299,154.35,12.19,-1.32,1,0.904,8.24,1.22,-6.051,1,5,0.0591,0.0609,0.0664,0.0609
32.364,1,0.819,0.5,-0.69,5,63.7,20.56,0.07,0.009,0.063,0.0,0.012,-3.766,-3.297,154.41,12.19,-1.32,1,0.887,9.69,0.98,-3.464,1,5,0.0591,0.0628,0.0628,0.0665
32.395,1,0.823,0.5,-0.59,5,64.0,20.56,0.07,0.008,0.064,0.001,0.009,-3.767,-3.296,154.41,12.19,-3.55,1,0.876,12.12,6.96,-3.882,1,5,0.0592,0.0666,0.0629,0.0666
32.493,1,0.852,0.5,-1.26,5,65.0,20.44,0.07,0.0059,0.071,0.001,0.028,-3.773,-3.293,154.47,12.19,-3.55,1,0.886,12.12,8.3,-2.545,1,5,0.0683,0.0776,0.0665,0.072
32.56,1,0.871,0.0,-1.08,5,66.6,20.44,0.07,0.0175,0.07,-0.004,0.003,-3.778,-3.291,154.47,12.19,-3.55,1,0.883,11.63,8.35,-3.174,1,5,0.0736,0.0699,0.0626,0.0736
32.595,1,0.871,0.0,-1.36,5,67.0,20.56,0.07,0.0203,0.069,-0.004,-0.013,-3.78,-3.29,154.47,12.17,-4.4,1,0.88,11.63,8.38,-3.196,1,5,0.0736,0.0699,0.0607,0.0718
32.63,1,0.868,0.0,-1.62,5,66.8,20.44,0.07,0.0246,0.068,-0.004,-0.007,-3.782,-3.289,154.47,12.17,-4.4,1,0.88,11.63,8.38,-3.196,1,5,0.0718,0.0681,0.0589,0.0718
32.664,1,0.874,0.0,-1.62,5,67.1,20.44,0.07,0.029,0.068,-0.003,0.014,-3.784,-3.287,154.41,12.17,-4.4,1,0.88,11.63,8.38,-3.196,1,5,0.0682,0.0664,0.0627,0.0738
32.696,1,0.88,0.0,-1.62,5,67.4,20.44,0.07,0.0287,0.068,-0.002,0.04,-3.786,-3.287,154.47,12.17,-4.4,1,0.88,11.63,8.38,-3.196,1,5,0.0646,0.0627,0.0683,0.0757
32.792,1,0.885,0.5,-1.5,5,68.2,20.2,0.07,0.0284,0.071,0.002,0.002,-3.792,-3.284,154.64,12.17,-4.4,1,0.858,12.12,9.14,-0.569,1,5,0.0633,0.0759,0.0705,0.0759
32.892,1,0.902,0.0,-1.08,5,69.6,20.44,0.07,0.0211,0.075,0.0,-0.013,-3.799,-3.281,154.58,12.17,-4.4,1,0.85,12.12,9.17,-0.539,1,5,0.0758,0.0739,0.0776,0.0739
32.928,1,0.91,-0.25,-1.17,5,70.1,20.46,0.07,0.0201,0.078,-0.0,-0.009,-3.802,-3.279,154.53,12.17,-4.4,1,0.837,11.63,9.85,-1.802,1,5,0.0838,0.0747,0.0802,0.0729
32.995,1,0.903,-0.5,-1.47,5,69.7,20.56,0.07,0.0237,0.079,-0.002,-0.09,-3.806,-3.277,154.41,12.16,-2.13,1,0.821,11.15,10.03,0.969,1,5,0.0893,0.0766,0.0766,0.0729
33.092,1,0.905,-0.25,-1.3,5,69.8,20.56,0.07,0.0308,0.075,0.0,-0.021,-3.813,-3.274,154.53,12.16,-2.13,1,0.741,11.63,8.51,-2.498,1,4,0.0703,0.0703,0.0815,0.0796
33.13,1,0.909,0.0,-1.38,5,70.0,20.44,0.07,0.0246,0.075,0.001,0.001,-3.816,-3.273,154.53,12.16,-2.13,1,0.741,11.63,8.51,-2.498,1,4,0.0666,0.074,0.0796,0.0814
33.164,1,0.916,-0.5,-1.08,5,70.4,20.56,0.07,0.0231,0.074,0.001,0.012,-3.819,-3.271,154.58,12.16,-2.13,1,0.741,11.63,8.51,-2.498,1,4,0.0647,0.0777,0.0721,0.0814
33.192,1,0.909,-0.5,-1.08,5,70.1,20.56,0.07,0.0241,0.075,0.003,0.013,-3.82,-3.271,154.58,12.16,-0.6,1,0.731,5.82,-1.29,-3.834,1,4,0.0647,0.0814,0.074,0.0795
33.265,1,0.898,-0.5,-1.21,5,69.2,20.44,0.07,0.0237,0.079,0.001,0.004,-3.826,-3.268,154.64,12.16,-0.6,1,0.744,5.82,-0.36,-3.332,1,4,0.0796,0.0814,0.0796,0.0759
33.292,1,0.899,-0.75,-1.25,5,69.1,20.56,0.07,0.0258,0.079,-0.001,-0.004,-3.827,-3.267,154.64,12.16,-0.6,1,0.74,5.82,-0.36,-3.326,1,4,0.0852,0.0796,0.0759,0.074
33.329,1,0.911,-1.0,-1.21,5,70.0,20.56,0.07,0.0297,0.076,-0.003,-0.067,-3.83,-3.266,154.53,12.16,-0.6,1,0.743,5.33,-0.5,-5.858,1,4,0.0889,0.0778,0.0685,0.0704
33.362,1,0.92,-1.0,-1.32,5,70.7,20.2,0.07,0.0316,0.075,-0.005,0.004,-3.832,-3.264,154.47,12.16,-0.6,1,0.743,5.33,-0.5,-5.858,1,4,0.0834,0.0741,0.0667,0.0759
33.391,1,0.917,-1.25,-1.1,5,70.4,20.46,0.07,0.0331,0.075,-0.004,0.041,-3.834,-3.264,154.53,12.16,-1.04,1,0.742,4.85,-1.13,-5.887,1,4,0.0778,0.0722,0.0703,0.0796
33.493,1,0.914,-1.0,-0.8,5,70.3,20.56,0.07,0.0312,0.073,0.0,0.023,-3.84,-3.261,154.76,12.16,-1.04,1,0.745,5.82,1.75,-5.13,1,4,0.063,0.0778,0.0685,0.0834
33.592,1,0.925,-1.0,-1.08,5,71.3,20.44,0.07,0.0227,0.072,-0.001,0.046,-3.847,-3.257,154.93,12.16,-2.86,1,0.699,9.69,3.4,-6.488,1,4,0.0685,0.0777,0.0629,0.0777
33.694,1,0.918,-1.25,-0.72,5,70.8,20.57,0.07,0.0278,0.064,-0.005,0.009,-3.853,-3.254,155.04,12.16,-2.86,1,0.737,11.63,10.14,-1.802,1,4,0.0631,0.0668,0.0519,0.0742
33.792,1,0.912,-1.0,-0.65,5,69.7,20.04,0.07,0.0241,0.059,-0.007,0.059,-3.858,-3.251,155.27,12.16,-2.57,1,0.734,11.63,11.31,1.355,1,4,0.0574,0.0592,0.0444,0.074
33.862,1,0.902,-0.5,-0.41,5,69.3,20.44,0.07,0.0199,0.064,-0.002,0.096,-3.862,-3.249,155.56,12.16,-2.57,1,0.731,12.6,11.31,-1.778,1,4,0.0574,0.0685,0.0556,0.0741
33.893,1,0.886,-0.25,-0.46,5,68.2,20.57,0.07,0.0099,0.065,-0.0,0.094,-3.864,-3.248,155.67,12.16,-2.57,1,0.731,12.6,11.31,-1.778,1,4,0.0556,0.0704,0.0593,0.0759
33.959,1,0.884,0.0,-0.15,5,68.1,20.56,0.07,0.0089,0.065,-0.004,0.05,-3.868,-3.246,155.9,12.16,-2.57,1,0.707,12.12,14.6,-2.423,1,4,0.0575,0.0704,0.0519,0.0797
33.993,1,0.889,0.0,0.11,5,68.5,20.57,0.07,0.0011,0.065,-0.004,0.029,-3.869,-3.245,155.9,12.16,-0.61,1,0.708,9.69,8.91,1.322,1,4,0.0611,0.0704,0.0519,0.0778
34.027,1,0.884,0.0,0.11,5,68.0,20.57,0.07,-0.0033,0.064,-0.003,-0.016,-3.872,-3.244,155.9,12.16,-0.61,1,0.71,10.18,8.07,3.418,1,4,0.0611,0.0666,0.0555,0.0722
34.063,1,0.885,0.0,0.12,5,68.1,20.57,0.07,-0.0028,0.064,-0.003,0.011,-3.874,-3.243,155.9,12.16,-0.61,1,0.71,10.18,8.07,3.418,1,4,0.0648,0.0611,0.0611,0.0685
34.093,1,0.883,0.0,0.12,5,68.1,20.57,0.07,-0.0026,0.065,-0.001,0.002,-3.875,-3.243,155.9,12.16,-0.61,1,0.693,9.69,8.87,1.28,1,4,0.0648,0.0629,0.0648,0.0685
34.127,1,0.88,0.0,0.12,5,67.5,20.57,0.07,-0.0025,0.066,-0.002,-0.012,-3.878,-3.241,155.9,12.16,-0.61,1,0.668,8.24,7.06,1.217,1,4,0.0703,0.0629,0.0648,0.0666
34.164,1,0.868,0.0,0.12,5,66.5,20.57,0.07,-0.0023,0.068,-0.001,0.003,-3.88,-3.24,155.9,12.16,-0.61,1,0.668,8.24,7.06,1.217,1,4,0.0685,0.0667,0.0667,0.0685
34.193,1,0.854,0.0,0.0,5,65.5,20.81,0.07,-0.0022,0.066,-0.002,0.017,-3.881,-3.24,155.96,12.16,2.56,1,0.671,5.82,0.61,-0.876,1,4,0.0685,0.0611,0.0666,0.0685
34.262,1,0.848,0.25,0.15,5,65.7,20.81,0.07,-0.0001,0.069,-0.003,0.002,-3.886,-3.237,155.9,12.16,2.56,1,0.638,1.94,-1.89,2.681,1,4,0.074,0.0703,0.0611,0.0703
34.291,1,0.857,0.0,0.4,5,66.0,20.81,0.07,-0.0057,0.07,-0.002,-0.002,-3.887,-3.237,155.9,12.16,2.56,1,0.656,1.45,-6.58,0.841,1,4,0.0723,0.076,0.0593,0.0704
34.364,1,0.863,0.0,0.5,5,65.9,20.44,0.07,-0.0068,0.066,-0.002,0.045,-3.892,-3.234,156.19,12.16,2.56,1,0.624,1.94,-3.3,4.604,1,4,0.0611,0.0722,0.0556,0.0741
34.392,1,0.855,0.0,0.87,5,65.5,20.56,0.07,-0.0086,0.064,-0.004,0.024,-3.893,-3.234,156.19,12.16,3.72,1,0.555,2.42,-4.4,0.0,0,3,0.0611,0.0703,0.05,0.0759
34.427,1,0.854,0.25,0.76,5,65.6,20.56,0.07,-0.015,0.061,-0.006,0.031,-3.895,-3.233,156.25,12.16,3.72,1,0.615,2.42,-0.38,0.0,0,4,0.0592,0.0666,0.0444,0.074
34.492,1,0.858,0.25,0.87,5,65.9,21.02,0.07,-0.016,0.065,-0.004,0.01,-3.899,-3.231,156.36,12.16,3.72,1,0.557,2.91,-3.8,0.0,0,3,0.0611,0.0629,0.0592,0.0777
34.525,1,0.858,0.25,0.77,5,65.8,20.81,0.07,-0.0178,0.067,-0.005,0.027,-3.901,-3.229,156.42,12.16,3.72,1,0.558,2.91,-3.74,0.0,0,3,0.0666,0.0611,0.0629,0.0759
34.56,1,0.848,0.5,0.64,5,65.2,21.02,0.07,-0.0159,0.067,-0.006,0.026,-3.904,-3.228,156.47,12.16,3.72,1,0.558,2.91,-3.81,0.0,0,3,0.0758,0.061,0.0591,0.0702
34.594,1,0.847,0.75,0.86,5,65.1,20.56,0.07,-0.0165,0.067,-0.007,-0.008,-3.905,-3.227,156.47,12.15,4.26,1,0.62,3.39,10.71,0.0,0,4,0.0776,0.0591,0.061,0.0702
34.627,1,0.833,0.75,1.16,5,64.2,20.81,0.07,-0.0234,0.069,-0.006,-0.024,-3.908,-3.226,156.47,12.15,4.26,1,0.62,3.39,10.71,0.0,0,4,0.0777,0.0647,0.061,0.074
34.662,1,0.835,0.75,0.95,5,64.2,20.56,0.07,-0.028,0.07,-0.003,0.011,-3.91,-3.225,156.47,12.15,4.26,1,0.62,3.39,10.71,0.0,0,4,0.0721,0.0684,0.0647,0.074
34.691,1,0.831,0.75,0.89,5,63.7,21.02,0.07,-0.0239,0.072,-0.001,0.029,-3.911,-3.224,156.53,12.15,4.26,1,0.613,3.88,19.29,0.0,0,4,0.0721,0.074,0.0666,0.074
34.727,1,0.842,0.75,0.58,5,64.3,20.81,0.07,-0.0227,0.072,0.002,-0.01,-3.914,-3.223,156.53,12.15,4.26,1,0.611,3.88,23.73,0.0,0,4,0.0702,0.0776,0.0702,0.0684
34.76,1,0.848,0.75,0.69,5,64.7,21.02,0.07,-0.0172,0.07,0.001,-0.018,-3.917,-3.222,156.47,12.15,4.26,1,0.611,3.88,23.73,0.0,0,4,0.0722,0.0722,0.0703,0.0666
34.792,1,0.852,0.75,0.8,5,65.1,20.81,0.07,-0.0189,0.068,0.0,-0.019,-3.918,-3.222,156.47,12.15,5.26,1,0.596,0.48,29.57,0.0,0,4,0.0703,0.0666,0.0703,0.0666
34.827,1,0.852,0.25,1.33,5,65.0,20.56,0.07,-0.0208,0.066,-0.004,-0.021,-3.92,-3.22,156.42,12.15,5.26,1,0.642,-1.94,23.77,0.0,0,4,0.0666,0.0555,0.0685,0.074
34.864,1,0.835,0.25,0.77,5,64.0,21.02,0.07,-0.0242,0.065,-0.003,-0.042,-3.922,-3.219,156.36,12.15,5.26,1,0.642,-1.94,23.77,0.0,0,4,0.0661,0.0569,0.0661,0.0698
34.893,1,0.83,-0.25,1.19,5,63.7,21.02,0.07,-0.0149,0.065,-0.004,-0.031,-3.924,-3.219,156.3,12.15,5.26,1,0.638,-1.94,22.38,0.0,0,4,0.068,0.0551,0.0661,0.0698
34.926,1,0.824,-0.25,0.74,5,63.3,20.81,0.07,-0.0161,0.064,-0.004,-0.023,-3.925,-3.218,156.3,12.15,5.26,1,0.638,-1.94,22.38,0.0,0,4,0.0716,0.0569,0.0643,0.0643
34.96,1,0.82,-0.5,0.66,5,63.0,20.96,0.07,-0.0091,0.067,-0.002,-0.022,-3.927,-3.217,156.25,12.15,5.26,1,0.638,-1.94,22.38,0.0,0,4,0.0736,0.0588,0.0717,0.0644
34.993,1,0.82,-0.75,0.87,5,63.0,20.81,0.07,-0.0054,0.067,-0.001,-0.024,-3.93,-3.216,156.19,12.16,7.89,1,0.638,-1.94,22.38,0.0,0,4,0.0721,0.061,0.0721,0.0647
35.026,1,0.828,-0.75,0.88,5,63.6,21.11,0.07,-0.0062,0.067,-0.002,-0.018,-3.932,-3.215,156.13,12.16,7.89,1,0.583,-7.76,34.02,0.0,0,4,0.0717,0.0588,0.0699,0.0662
35.059,1,0.837,-0.75,0.61,5,64.2,21.02,0.07,-0.0072,0.066,-0.001,-0.023,-3.933,-3.214,156.13,12.16,7.89,1,0.583,-7.76,34.02,0.0,0,4,0.0712,0.0602,0.0694,0.0639
35.094,1,0.842,-0.75,0.42,5,64.3,21.02,0.07,-0.0031,0.066,-0.002,-0.009,-3.935,-3.213,156.13,12.16,7.89,1,0.583,-7.76,34.02,0.0,0,4,0.0712,0.0603,0.0676,0.0658
35.125,1,0.843,-0.75,0.42,5,64.2,21.02,0.07,0.0002,0.067,-0.001,-0.019,-3.937,-3.212,156.07,12.16,7.89,1,0.53,-10.18,45.79,0.0,0,4,0.0715,0.0679,0.0642,0.066
35.161,1,0.838,-0.25,-0.08,5,64.0,21.1,0.07,-0.0002,0.067,-0.001,0.054,-3.94,-3.211,156.19,12.16,7.89,1,0.53,-10.18,45.79,0.0,0,4,0.0703,0.0721,0.0592,0.0647
35.191,1,0.848,-0.25,0.44,5,64.6,21.02,0.07,0.0026,0.067,-0.001,0.055,-3.942,-3.21,156.3,12.16,11.11,1,0.53,-10.18,45.79,0.0,0,4,0.0648,0.0722,0.0592,0.0703
35.226,1,0.836,-0.25,0.92,5,63.9,21.11,0.07,-0.0063,0.067,-0.0,0.031,-3.943,-3.21,156.36,12.16,11.11,1,0.518,-13.09,54.38,0.0,0,4,0.0608,0.07,0.0627,0.0737
35.26,1,0.842,-0.25,0.92,5,64.3,21.11,0.07,-0.0143,0.068,-0.003,0.063,-3.946,-3.208,156.36,12.16,11.11,1,0.518,-13.09,54.38,0.0,0,4,0.059,0.0645,0.0645,0.083
35.294,1,0.843,-0.25,0.71,5,64.1,21.11,0.07,-0.0142,0.069,-0.006,0.031,-3.948,-3.207,156.42,12.16,11.11,1,0.498,-17.93,59.59,0.0,0,4,0.0681,0.0644,0.0608,0.081
35.327,1,0.841,-0.25,0.6,5,63.7,21.11,0.07,-0.0105,0.07,-0.004,0.016,-3.951,-3.206,156.47,12.16,11.11,1,0.498,-17.93,59.59,0.0,0,4,0.0739,0.0702,0.061,0.0739
35.358,1,0.839,-0.25,0.72,5,63.4,21.1,0.07,-0.0085,0.072,-0.004,0.007,-3.952,-3.205,156.47,12.16,11.11,1,0.498,-17.93,59.59,0.0,0,4,0.0757,0.072,0.0628,0.0757
35.391,1,0.835,-0.25,0.34,5,63.1,21.02,0.07,-0.0105,0.072,-0.004,-0.008,-3.953,-3.204,156.47,12.16,17.18,1,0.478,-28.11,59.7,0.0,0,4,0.0739,0.0702,0.0646,0.0776
35.425,1,0.832,-0.25,0.49,5,62.8,21.1,0.07,-0.0037,0.072,-0.003,0.002,-3.956,-3.203,156.53,12.16,17.18,1,0.484,-28.6,59.61,0.0,0,4,0.0708,0.069,0.069,0.0798
35.462,1,0.834,-0.25,0.49,5,63.0,21.1,0.07,-0.0064,0.071,-0.001,0.004,-3.959,-3.202,156.47,12.16,17.18,1,0.484,-28.6,59.61,0.0,0,4,0.0708,0.069,0.0708,0.0744
35.492,1,0.846,-0.25,0.62,5,64.0,21.11,0.07,-0.0063,0.07,0.0,-0.005,-3.96,-3.202,156.47,12.16,17.18,1,0.484,-28.6,59.61,0.0,0,4,0.0691,0.0709,0.0709,0.0709
35.527,1,0.848,0.0,0.4,5,64.5,21.11,0.07,-0.0086,0.068,0.002,-0.015,-3.962,-3.201,156.47,12.16,17.18,1,0.481,-33.44,59.55,0.0,0,4,0.0703,0.074,0.0666,0.061
35.559,1,0.842,0.0,0.0,5,63.7,21.02,0.07,-0.0077,0.068,0.001,-0.043,-3.964,-3.2,156.42,12.16,17.18,1,0.54,-36.35,66.38,0.0,0,5,0.0722,0.074,0.0629,0.0611
35.592,1,0.854,0.0,0.0,5,64.7,21.02,0.07,-0.0005,0.068,-0.0,-0.029,-3.966,-3.199,156.36,12.15,23.07,1,0.54,-36.35,66.38,0.0,0,5,0.0718,0.07,0.0663,0.0645
35.63,1,0.853,0.0,0.0,5,64.7,21.02,0.07,-0.0004,0.069,0.001,0.011,-3.969,-3.198,156.36,12.15,23.07,1,0.54,-36.35,66.38,0.0,0,5,0.0676,0.0621,0.0767,0.0676
35.66,1,0.838,0.0,0.4,5,63.6,21.11,0.07,-0.0002,0.069,0.001,0.021,-3.971,-3.197,156.42,12.15,23.07,1,0.476,-41.2,69.42,0.0,0,5,0.0693,0.0639,0.0766,0.0675
35.692,1,0.855,0.25,0.45,5,65.1,21.1,0.07,-0.0071,0.068,0.0,-0.013,-3.973,-3.196,156.42,12.15,23.07,1,0.469,-44.11,70.35,0.0,0,5,0.0696,0.0641,0.0733,0.066
35.724,1,0.862,0.25,0.57,5,65.6,21.02,0.07,-0.011,0.068,-0.001,0.014,-3.975,-3.195,156.42,12.15,23.07,1,0.397,-49.44,68.95,0.0,0,5,0.0703,0.0685,0.0648,0.0685
35.759,1,0.863,0.25,0.44,5,65.7,20.81,0.07,-0.0129,0.068,0.001,-0.009,-3.978,-3.194,156.42,12.15,23.07,1,0.397,-49.44,68.95,0.0,0,5,0.0685,0.0666,0.0648,0.0666
35.791,1,0.877,0.25,0.45,5,66.9,20.56,0.07,-0.0104,0.067,0.0,-0.008,-3.979,-3.193,156.36,12.15,26.21,1,0.397,-49.44,68.95,0.0,0,5,0.0666,0.0648,0.0685,0.0666
35.826,1,0.897,0.25,0.33,5,69.2,20.81,0.07,-0.0104,0.067,0.001,-0.013,-3.981,-3.192,156.36,12.15,26.21,1,0.397,-49.44,68.95,0.0,0,5,0.0682,0.0645,0.0719,0.0645
35.861,1,0.896,0.25,0.06,5,68.7,21.02,0.07,-0.0082,0.067,-0.0,-0.016,-3.984,-3.191,156.3,12.15,26.21,1,0.397,-49.44,68.95,0.0,0,5,0.07,0.0627,0.07,0.0645
35.892,1,0.896,0.25,-0.22,5,68.4,21.02,0.07,-0.0034,0.067,0.001,-0.031,-3.985,-3.191,156.3,12.15,26.21,1,0.397,-49.44,68.95,0.0,0,5,0.07,0.0664,0.07,0.0627
35.925,1,0.894,0.25,-0.22,5,68.2,21.02,0.07,0.0014,0.066,0.0,-0.014,-3.987,-3.19,156.25,12.15,26.21,1,0.397,-49.44,68.95,0.0,0,5,0.0721,0.0703,0.0629,0.0592
35.959,1,0.885,0.0,0.0,5,67.4,20.96,0.07,0.0015,0.065,0.003,-0.068,-3.99,-3.189,156.19,12.15,26.21,1,0.397,-49.44,68.95,0.0,0,5,0.0697,0.0734,0.0624,0.055
35.992,1,0.879,-0.25,-0.19,5,66.5,20.56,0.07,0.0006,0.066,0.003,-0.043,-3.991,-3.188,156.07,12.14,22.4,1,0.451,-47.01,70.8,0.0,0,5,0.0679,0.0734,0.0642,0.0587
36.026,1,0.872,-0.25,-0.35,5,66.0,20.81,0.07,0.007,0.068,0.003,-0.035,-3.994,-3.187,156.07,12.14,22.4,1,0.416,-46.05,71.03,0.0,0,5,0.0642,0.066,0.077,0.066
36.058,1,0.871,-0.5,-0.12,5,66.0,21.02,0.07,0.0092,0.067,0.0,-0.008,-3.996,-3.186,156.02,12.14,22.4,1,0.416,-46.05,71.03,0.0,0,5,0.066,0.0587,0.077,0.0678
36.092,1,0.868,-0.5,-0.12,5,65.7,21.02,0.07,0.0079,0.066,0.0,-0.016,-3.997,-3.186,156.02,12.14,22.4,1,0.402,-44.11,71.31,0.0,0,5,0.066,0.0586,0.0751,0.066
36.124,1,0.866,-0.5,-0.01,5,65.4,20.96,0.07,0.0077,0.064,0.0,0.002,-4.0,-3.185,156.02,12.14,22.4,1,0.389,-41.2,71.45,0.0,0,5,0.0655,0.0619,0.0673,0.0619
36.157,1,0.867,-0.5,-0.0,5,65.6,20.96,0.07,0.0052,0.065,0.001,0.015,-4.002,-3.184,156.02,12.14,22.4,1,0.393,-40.71,71.57,0.0,0,5,0.0642,0.0661,0.0661,0.0642
36.19,1,0.866,-0.25,-0.22,5,65.7,20.81,0.07,0.005,0.065,0.0,0.005,-4.003,-3.183,156.02,12.14,25.05,1,0.395,-38.78,70.87,0.0,0,5,0.0642,0.0642,0.0661,0.0661
36.226,1,0.869,-0.25,-0.62,5,66.0,20.46,0.07,0.0055,0.064,-0.0,0.007,-4.006,-3.182,156.02,12.14,25.05,1,0.374,-36.84,70.77,0.0,0,5,0.0647,0.0629,0.0647,0.0647
36.261,1,0.869,-0.75,-0.19,5,65.8,20.46,0.07,0.0127,0.064,0.0,-0.006,-4.008,-3.181,155.96,12.14,25.05,1,0.374,-36.84,70.77,0.0,0,5,0.0648,0.0629,0.0648,0.0629
36.293,1,0.857,-0.5,-0.52,5,64.8,20.2,0.07,0.0112,0.062,-0.0,-0.006,-4.009,-3.18,155.96,12.14,25.05,1,0.374,-36.84,70.77,0.0,0,5,0.0648,0.0611,0.0629,0.0611
36.324,1,0.856,-0.25,-0.59,5,65.0,20.57,0.07,0.0137,0.063,-0.0,-0.009,-4.011,-3.179,155.96,12.14,25.05,1,0.417,-29.57,71.11,0.0,0,5,0.0648,0.063,0.0611,0.0611
36.359,1,0.852,-0.25,-0.46,5,64.3,20.57,0.07,0.0119,0.063,0.001,0.056,-4.014,-3.178,156.02,12.14,25.05,1,0.457,-24.72,72.02,0.0,0,5,0.0648,0.0648,0.0593,0.0593
36.393,1,0.851,-0.25,-0.06,5,64.0,20.46,0.07,0.0099,0.066,0.003,0.033,-4.015,-3.178,156.07,12.14,23.64,1,0.42,-21.81,71.96,0.0,0,5,0.0649,0.0741,0.063,0.0612
36.426,1,0.855,-0.25,-0.06,5,64.4,20.46,0.07,0.003,0.069,0.003,-0.011,-4.017,-3.177,156.07,12.14,23.64,1,0.402,-19.87,71.79,0.0,0,5,0.0667,0.0776,0.0667,0.0649
36.459,1,0.866,-0.25,-0.33,5,65.5,20.56,0.07,0.0031,0.071,0.0,-0.025,-4.02,-3.176,156.02,12.14,23.64,1,0.397,-17.93,71.83,0.0,0,5,0.0682,0.0754,0.07,0.07
36.49,1,0.87,-0.25,-0.46,5,66.0,20.81,0.07,0.0079,0.072,-0.001,-0.001,-4.021,-3.175,156.02,12.14,23.64,1,0.397,-17.93,71.83,0.0,0,5,0.0716,0.0681,0.0734,0.0734
36.527,1,0.868,-0.25,-0.19,5,65.7,20.57,0.07,0.0102,0.071,-0.003,-0.009,-4.024,-3.174,156.02,12.14,23.64,1,0.403,-16.96,70.71,0.0,0,5,0.0772,0.0662,0.0699,0.0717
36.561,1,0.865,-0.25,-0.19,5,65.5,20.57,0.07,0.0055,0.072,-0.002,0.004,-4.026,-3.173,156.02,12.14,23.64,1,0.403,-16.96,70.71,0.0,0,5,0.0776,0.0702,0.0702,0.0702
36.594,1,0.867,-0.25,-0.19,5,65.7,20.56,0.07,0.0055,0.072,-0.002,0.002,-4.028,-3.172,156.02,12.15,26.31,1,0.412,-12.12,70.69,0.0,0,5,0.0759,0.0703,0.0703,0.0722
36.624,1,0.868,-0.25,-0.59,5,65.5,20.46,0.07,0.0055,0.071,0.0,0.003,-4.03,-3.171,156.02,12.15,26.31,1,0.412,-12.12,70.69,0.0,0,5,0.0718,0.0682,0.0737,0.07
36.659,1,0.88,-0.25,-0.32,5,66.5,20.46,0.07,0.0125,0.07,0.0,0.003,-4.032,-3.17,156.02,12.15,26.31,1,0.412,-12.12,70.69,0.0,0,5,0.07,0.0682,0.0718,0.07
36.694,1,0.897,0.0,-0.28,5,68.3,20.44,0.07,0.0078,0.067,0.0,0.026,-4.034,-3.169,156.02,12.15,26.31,1,0.412,-12.12,70.69,0.0,0,5,0.0682,0.0645,0.07,0.0663
36.724,1,0.893,-0.25,0.97,5,69.5,20.56,0.07,0.0039,0.066,0.003,-0.049,-4.036,-3.168,156.02,12.15,26.31,1,0.412,-12.12,70.69,0.0,0,5,0.0629,0.0703,0.0666,0.0629
36.759,1,0.878,-0.25,1.96,5,70.4,20.46,0.07,-0.0146,0.067,0.004,-0.013,-4.039,-3.167,155.9,12.15,26.31,1,0.412,-12.12,70.69,0.0,0,5,0.0647,0.074,0.0666,0.061
36.791,1,0.854,-0.25,2.44,5,71.0,20.56,0.07,-0.0319,0.068,0.003,0.01,-4.04,-3.167,155.96,12.15,32.97,1,0.412,-12.12,70.69,0.0,0,5,0.0666,0.0758,0.0666,0.0629
36.825,1,0.831,-0.25,2.2,5,72.3,20.46,0.07,-0.0403,0.073,0.002,0.008,-4.043,-3.166,155.96,12.15,32.97,1,0.412,-12.12,70.69,0.0,0,5,0.0722,0.074,0.0759,0.0703
36.862,1,0.806,-0.25,1.24,5,72.6,20.56,0.07,-0.0361,0.077,0.002,-0.057,-4.046,-3.164,155.84,12.15,32.97,1,0.412,-12.12,70.69,0.0,0,5,0.074,0.0703,0.0889,0.0759
36.89,1,0.74,-0.75,-0.19,4,72.9,20.51,0.07,-0.0193,0.078,0.003,-0.042,-4.048,-3.164,155.79,12.15,32.97,1,0.412,-12.12,70.69,0.0,0,5,0.0758,0.0703,0.0906,0.074
36.925,1,0.743,-0.75,0.34,4,72.8,20.51,0.07,0.0118,0.075,0.001,-0.051,-4.05,-3.163,155.67,12.15,32.97,1,0.412,-12.12,70.69,0.0,0,5,0.0777,0.0666,0.0869,0.0703
36.96,1,0.719,-1.0,2.22,4,73.6,20.56,0.07,0.002,0.073,0.001,-0.023,-4.053,-3.162,155.62,12.15,32.97,1,0.412,-12.12,70.69,0.0,0,5,0.0776,0.0684,0.0813,0.0665
36.992,1,0.685,-1.0,3.81,4,73.7,20.56,0.07,-0.0283,0.073,0.0,-0.018,-4.054,-3.161,155.62,12.15,37.83,1,0.412,-12.12,70.69,0.0,0,5,0.0777,0.0666,0.0796,0.0666
37.024,1,0.655,-1.0,4.12,4,73.4,20.56,0.07,-0.0563,0.073,0.001,-0.007,-4.057,-3.16,155.56,12.15,37.83,1,0.39,-4.85,62.53,0.0,0,5,0.074,0.0703,0.0777,0.0684
37.059,1,0.623,-1.0,3.35,4,72.8,20.56,0.07,-0.0621,0.071,0.0,-0.022,-4.058,-3.159,155.56,12.15,37.83,1,0.554,-4.85,62.2,0.0,0,5,0.074,0.0685,0.074,0.0666
37.092,1,0.548,-1.25,-0.27,3,72.9,20.46,0.07,-0.049,0.069,-0.0,-0.041,-4.061,-3.158,155.44,12.15,37.83,1,0.554,-4.85,62.2,0.0,0,5,0.074,0.0703,0.0666,0.0648
37.125,1,0.54,-1.5,2.76,3,72.9,20.04,0.07,0.0172,0.068,0.0,-0.016,-4.063,-3.157,155.39,12.15,37.83,1,0.554,-4.85,62.2,0.0,0,5,0.0759,0.0703,0.0666,0.0592
37.161,1,0.505,-1.5,5.97,3,72.3,20.04,0.07,-0.0331,0.071,0.005,-0.006,-4.066,-3.156,155.39,12.15,37.83,1,0.554,-4.85,62.2,0.0,0,5,0.0751,0.0751,0.077,0.055
37.193,1,0.471,-1.5,8.65,3,70.8,20.04,0.07,-0.0898,0.072,0.006,-0.001,-4.067,-3.155,155.39,12.15,40.22,1,0.554,-4.85,62.2,0.0,0,5,0.0733,0.0733,0.0825,0.0586
37.223,1,0.44,-1.5,9.18,3,69.5,20.57,0.07,-0.1367,0.075,0.005,-0.064,-4.07,-3.154,155.33,12.15,40.22,1,0.554,-4.85,62.2,0.0,0,5,0.0732,0.0732,0.0879,0.0659
37.259,1,0.416,-2.0,9.91,3,68.5,20.57,0.07,-0.1463,0.078,0.002,-0.079,-4.073,-3.153,155.1,12.15,40.22,1,0.584,0.48,58.82,0.0,0,5,0.0776,0.0683,0.0905,0.0739
37.289,1,0.389,-2.5,12.4,3,67.7,23.2,0.07,-0.1529,0.076,0.001,-0.078,-4.074,-3.152,154.99,12.15,40.22,1,0.584,0.48,58.82,0.0,0,5,0.0789,0.066,0.0881,0.0715
37.322,1,0.378,-2.99,23.77,3,66.9,26.9,0.07,-0.1908,0.073,-0.002,-0.093,-4.077,-3.151,154.81,12.15,40.22,1,0.65,-0.97,55.69,0.0,0,5,0.0862,0.0569,0.0844,0.0642
37.359,1,0.429,-3.99,39.88,4,64.7,27.58,0.07,-0.3845,0.068,-0.005,-0.102,-4.079,-3.15,154.58,12.15,40.22,1,0.657,-0.97,52.99,0.0,0,5,0.0893,0.0492,0.082,0.0583
37.39,1,0.475,-4.99,44.96,4,63.8,29.14,0.07,-0.4242,0.068,-0.006,-0.124,-4.08,-3.149,154.41,12.15,44.72,1,0.657,-0.97,52.99,0.0,0,5,0.0946,0.0437,0.08,0.0546
37.423,1,0.456,-5.74,47.44,4,62.7,29.17,0.07,-0.4242,0.068,-0.007,-0.209,-4.082,-3.148,154.07,12.15,44.72,1,0.657,-0.97,52.99,0.0,0,5,0.0979,0.0356,0.0854,0.0516
37.46,1,0.447,-5.99,47.98,4,60.3,28.93,0.07,-0.4242,0.07,-0.007,-0.279,-4.085,-3.146,153.38,12.15,44.72,1,0.657,-0.97,52.99,0.0,0,5,0.1143,0.0214,0.1036,0.0393
37.492,1,0.442,-5.99,48.23,4,57.9,30.09,0.07,-0.4242,0.07,-0.005,-0.328,-4.086,-3.145,152.98,12.15,44.72,1,0.657,-0.97,52.99,0.0,0,5,0.1215,0.0143,0.1144,0.0286
37.523,1,0.414,-6.24,49.11,4,55.2,31.56,0.07,-0.4242,0.07,0.0,-0.374,-4.089,-3.144,152.12,12.15,44.72,1,0.657,-0.97,52.99,0.0,0,5,0.1326,0.0037,0.1381,0.0074
37.555,1,0.292,-13.23,52.47,3,55.2,30.56,0.07,-0.4242,0.07,0.002,-0.393,-4.09,-3.144,151.66,12.15,44.72,1,0.683,1.45,46.12,0.0,0,5,0.1367,0.0,0.1441,0.0
37.59,1,0.12,11.07,0.0,2,54.2,31.35,0.07,-0.4242,0.071,0.002,-0.418,-4.092,-3.142,150.69,12.15,44.72,1,0.683,1.45,46.12,0.0,0,5,0.1424,0.0,0.1461,-0.0037
37.623,1,0.361,-2.75,48.0,3,53.6,31.44,0.0582,-0.3527,0.069,0.0,-0.401,-4.095,-3.141,149.77,12.15,44.72,1,0.683,1.45,46.12,0.0,0,5,0.1377,0.0,0.1396,0.0
37.659,1,0.377,-1.75,47.82,3,53.5,30.56,0.07,-0.4242,0.067,0.002,-0.404,-4.097,-3.14,148.91,12.15,44.72,1,0.683,1.45,46.12,0.0,0,5,0.1304,0.0,0.1377,0.0
37.69,1,0.379,-0.75,46.8,3,52.6,30.56,0.07,-0.4242,0.066,0.002,-0.375,-4.098,-3.139,148.45,12.15,44.72,1,0.683,1.45,46.12,0.0,0,5,0.1267,0.0,0.1359,0.0
37.722,1,0.413,0.5,45.33,4,51.7,29.98,0.07,-0.4242,0.066,0.001,-0.357,-4.101,-3.138,147.59,12.15,44.72,1,0.745,-2.91,37.55,0.0,0,5,0.1293,0.0,0.1349,0.0
37.759,1,0.42,1.0,45.2,4,51.2,29.98,0.07,-0.4242,0.067,0.0,-0.389,-4.103,-3.136,146.73,12.15,44.72,1,0.745,-2.91,37.55,0.0,0,5,0.133,0.0,0.1349,0.0
37.791,1,0.429,1.75,44.34,4,51.2,29.73,0.07,-0.4242,0.067,-0.001,-0.377,-4.104,-3.135,146.28,12.15,45.0,1,0.745,-2.91,37.55,0.0,0,5,0.1367,0.0,0.133,0.0
37.823,1,0.437,2.25,43.78,4,52.0,28.95,0.07,-0.4242,0.067,-0.002,-0.381,-4.106,-3.134,145.36,12.15,45.0,1,0.745,-2.91,37.55,0.0,0,5,0.1387,0.0,0.1294,0.0
37.857,1,0.443,2.5,43.55,4,51.7,28.92,0.07,-0.4242,0.067,-0.002,-0.379,-4.107,-3.133,144.96,12.15,45.0,1,0.745,-2.91,37.55,0.0,0,5,0.1386,0.0,0.1293,0.0
37.889,1,0.451,2.75,42.44,4,51.1,28.39,0.07,-0.4242,0.067,-0.0,-0.444,-4.109,-3.131,143.98,12.15,45.0,1,0.745,-2.91,37.55,0.0,0,5,0.1349,0.0,0.133,0.0
37.927,1,0.448,3.24,42.1,4,51.2,28.14,0.07,-0.4242,0.069,0.001,-0.373,-4.112,-3.13,143.12,12.15,45.0,1,0.745,-2.91,37.55,0.0,0,5,0.1349,0.0,0.1404,0.0
37.956,1,0.448,3.99,41.17,4,50.9,27.95,0.07,-0.4242,0.069,0.002,-0.39,-4.113,-3.129,142.67,12.15,45.0,1,0.819,-9.21,19.5,0.0,0,5,0.1349,0.0,0.1423,0.0
37.994,1,0.44,4.24,40.7,4,49.7,27.62,0.07,-0.4242,0.07,0.001,-0.422,-4.115,-3.127,141.75,12.14,45.0,1,0.888,-10.18,16.51,0.0,0,5,0.1367,0.0,0.1423,0.0
38.024,1,0.445,4.74,39.51,4,49.0,27.06,0.07,-0.4242,0.069,0.0,-0.374,-4.117,-3.126,140.78,12.14,45.0,1,0.888,-10.18,16.51,0.0,0,5,0.1385,0.0,0.1385,0.0
38.056,1,0.458,4.49,39.31,4,50.0,26.78,0.07,-0.4242,0.069,0.0,-0.356,-4.118,-3.125,140.37,12.14,45.0,1,0.888,-10.18,16.51,0.0,0,5,0.1367,0.0,0.1386,0.0
38.091,1,0.486,4.24,38.6,4,53.8,26.56,0.07,-0.4242,0.069,-0.001,-0.412,-4.12,-3.123,139.4,12.14,45.0,1,0.888,-10.18,16.51,0.0,0,5,0.1392,0.0,0.1355,0.0
38.125,1,0.473,4.74,37.12,4,54.1,26.41,0.07,-0.4242,0.07,0.001,-0.373,-4.123,-3.121,138.54,12.14,45.0,1,0.888,-10.18,16.51,0.0,0,5,0.1374,0.0,0.1411,0.0
38.158,1,0.429,4.99,34.91,4,54.1,26.16,0.07,-0.4242,0.07,0.0,-0.412,-4.125,-3.119,137.62,12.14,45.0,1,0.866,-16.96,-0.16,5.602,1,5,0.1402,0.0,0.1402,0.0
38.191,1,0.456,4.99,34.87,4,53.2,25.9,0.07,-0.4242,0.07,0.002,-0.43,-4.126,-3.118,137.11,12.14,45.0,1,0.866,-16.96,-0.16,5.602,1,5,0.1367,0.0,0.144,0.0
38.225,1,0.516,5.24,34.83,5,53.1,25.46,0.07,-0.4242,0.069,0.0,-0.368,-4.128,-3.116,136.19,12.14,45.0,1,0.866,-16.96,-0.16,5.602,1,5,0.1387,0.0,0.1387,0.0
38.257,1,0.585,4.74,35.99,5,53.6,25.31,0.07,-0.4242,0.069,0.001,-0.364,-4.129,-3.115,135.79,12.14,45.0,1,0.887,-20.84,-10.51,0.06,1,5,0.1359,0.0,0.1396,0.0
38.293,1,0.581,4.24,35.56,5,54.2,25.46,0.07,-0.4242,0.068,-0.001,-0.386,-4.131,-3.113,134.82,12.14,45.0,1,0.887,-20.84,-10.51,0.06,1,5,0.1388,0.0,0.1351,0.0
38.323,1,0.536,4.49,35.21,5,53.9,24.52,0.07,-0.4242,0.069,0.002,-0.393,-4.133,-3.112,133.96,12.14,45.0,1,0.887,-20.84,-10.51,0.06,1,5,0.1351,0.0019,0.1406,0.0
38.357,1,0.55,4.24,35.2,5,54.2,24.46,0.07,-0.4242,0.07,0.002,-0.416,-4.134,-3.111,133.5,12.14,45.0,1,0.887,-20.84,-10.51,0.06,1,5,0.1351,0.0037,0.1406,0.0
38.393,1,0.603,3.99,34.48,5,56.1,24.52,0.07,-0.4242,0.071,0.002,-0.404,-4.136,-3.108,132.58,12.14,45.0,1,0.887,-20.84,-10.51,0.06,1,5,0.1369,0.0037,0.1425,0.0
38.424,1,0.623,3.49,33.6,5,58.0,23.96,0.07,-0.4242,0.07,-0.0,-0.375,-4.137,-3.107,131.84,12.14,45.0,1,0.894,-28.11,-25.36,0.0,0,5,0.1406,0.0018,0.137,0.0
38.456,1,0.619,2.5,33.49,5,59.0,23.96,0.07,-0.4242,0.069,-0.002,-0.358,-4.138,-3.106,131.38,12.14,45.0,1,0.919,-30.05,-28.02,0.0,0,5,0.1419,0.0,0.1347,0.0
38.491,1,0.714,1.75,33.02,5,60.9,23.46,0.07,-0.4242,0.068,-0.001,-0.404,-4.14,-3.104,130.46,12.14,45.0,1,0.919,-30.05,-28.02,0.0,0,5,0.1383,0.0,0.1329,0.0
38.524,1,0.745,1.25,31.64,5,62.1,23.46,0.07,-0.4242,0.07,0.0,-0.407,-4.142,-3.101,129.55,12.14,45.0,1,0.919,-30.05,-28.02,0.0,0,5,0.1382,0.0,0.14,0.0
38.559,1,0.756,0.5,31.05,5,60.8,23.35,0.07,-0.4242,0.071,-0.001,-0.43,-4.144,-3.099,128.57,12.14,45.0,1,0.919,-30.05,-28.02,0.0,0,5,0.1405,0.0,0.1405,0.0
38.622,1,0.763,0.0,29.09,5,60.4,22.78,0.0722,-0.4376,0.072,-0.001,-0.4,-4.146,-3.096,127.08,12.13,45.0,1,0.871,-40.23,-40.89,0.0,0,5,0.145,0.0,0.1413,0.0
38.658,1,0.752,-0.75,28.91,5,58.4,22.77,0.0815,-0.4942,0.071,-0.0,-0.374,-4.147,-3.095,126.62,12.13,45.0,1,0.871,-40.23,-40.89,0.0,0,5,0.1432,0.0,0.1413,0.0
38.692,1,0.754,-0.25,27.12,5,58.4,22.77,0.0824,-0.493,0.072,-0.0,-0.416,-4.149,-3.092,125.65,12.13,45.0,1,0.871,-40.23,-40.89,0.0,0,5,0.1447,0.0,0.1429,0.0
38.723,1,0.779,-0.75,26.72,5,60.5,22.68,0.0893,-0.469,0.077,-0.001,-0.447,-4.151,-3.089,124.68,12.13,45.0,1,0.871,-40.23,-40.89,0.0,0,5,0.155,0.0,0.1513,0.0
38.756,1,0.783,-2.75,26.63,5,62.1,22.65,0.0928,-0.4569,0.079,-0.002,-0.495,-4.152,-3.088,124.1,12.13,45.0,1,0.871,-40.23,-40.89,0.0,0,5,0.1624,0.0,0.155,0.0
38.793,1,0.793,-3.99,25.83,5,63.0,22.15,0.0932,-0.4328,0.083,-0.001,-0.494,-4.153,-3.085,122.96,12.13,45.0,1,0.871,-40.23,-40.89,0.0,0,5,0.1664,0.0,0.1646,0.0018
38.823,1,0.806,-5.74,25.16,5,64.0,22.15,0.0971,-0.4046,0.085,0.001,-0.468,-4.155,-3.082,121.87,12.13,45.0,1,0.871,-40.23,-40.89,0.0,0,5,0.1638,0.0,0.1711,0.0037
38.855,1,0.83,-6.24,23.82,5,65.2,21.67,0.1002,-0.3761,0.085,0.001,-0.479,-4.156,-3.081,121.3,12.13,45.0,1,0.871,-40.23,-40.89,0.0,0,5,0.1637,0.0,0.1729,0.0037
38.892,1,0.836,-6.99,22.81,5,65.3,21.62,0.1066,-0.3487,0.088,0.004,-0.484,-4.158,-3.078,120.21,12.13,45.0,1,0.871,-40.23,-40.89,0.0,0,5,0.1638,0.0074,0.1766,0.0055
38.926,1,0.838,-7.49,21.88,5,65.7,21.11,0.1114,-0.3349,0.095,0.004,-0.419,-4.161,-3.074,119.12,12.13,45.0,1,0.871,-40.23,-40.89,0.0,0,5,0.1683,0.0222,0.1757,0.0148
38.957,1,0.834,-7.99,20.94,5,65.6,21.6,0.1159,-0.3303,0.097,0.005,-0.35,-4.162,-3.073,118.72,12.13,45.0,1,0.792,-56.71,-55.92,0.0,0,5,0.1647,0.0296,0.1739,0.0185
38.993,1,0.842,-8.24,20.45,5,66.6,21.02,0.1203,-0.3235,0.103,0.003,-0.297,-4.164,-3.069,117.97,12.13,33.99,1,0.792,-56.71,-55.92,0.0,0,5,0.1635,0.04,0.1726,0.0363
39.022,1,0.843,-8.49,19.4,5,66.9,21.02,0.1227,-0.319,0.109,0.002,-0.28,-4.166,-3.065,117.28,12.13,33.99,1,0.792,-56.71,-55.92,0.0,0,5,0.1618,0.0509,0.1709,0.0509
39.056,1,0.843,-7.99,19.07,5,66.6,21.02,0.1277,-0.3115,0.114,0.002,-0.287,-4.167,-3.062,116.94,12.13,33.99,1,0.792,-56.71,-55.92,0.0,0,5,0.1658,0.0577,0.173,0.0577
39.09,1,0.837,-7.49,18.44,5,66.1,21.02,0.1292,-0.3161,0.121,0.003,-0.225,-4.17,-3.058,116.37,12.13,33.99,1,0.669,-41.2,-44.37,0.0,0,5,0.1685,0.0769,0.1721,0.0678
39.121,1,0.837,-7.24,18.12,5,65.7,20.81,0.1322,-0.3178,0.128,0.005,-0.246,-4.172,-3.053,115.91,12.13,33.99,1,0.908,-38.78,-45.21,0.0,0,5,0.1649,0.0934,0.1741,0.0806
39.158,1,0.834,-6.99,17.8,5,65.2,21.02,0.1338,-0.3176,0.132,-0.0,-0.266,-4.174,-3.048,115.34,12.13,33.99,1,0.908,-38.78,-45.21,0.0,0,5,0.1646,0.0961,0.172,0.0887
39.222,1,0.83,-6.74,16.57,5,64.4,20.57,0.1353,-0.3169,0.137,-0.003,-0.289,-4.178,-3.041,114.31,12.13,21.99,1,0.846,-27.63,-36.67,0.0,0,5,0.1846,0.0849,0.1846,0.096
39.255,1,0.826,-6.74,15.95,5,64.1,20.56,0.1411,-0.3064,0.14,-0.003,-0.273,-4.179,-3.038,114.02,12.13,21.99,1,0.846,-27.63,-36.67,0.0,0,5,0.1901,0.0867,0.1882,0.096
39.288,1,0.82,-7.24,15.7,5,63.6,20.56,0.1441,-0.2987,0.141,-0.003,-0.306,-4.181,-3.033,113.39,12.13,21.99,1,0.846,-27.63,-36.67,0.0,0,5,0.1918,0.0885,0.1881,0.0959
39.323,1,0.818,-7.24,14.83,5,63.4,20.46,0.1453,-0.2888,0.143,-0.005,-0.249,-4.183,-3.027,112.76,12.13,21.99,1,0.846,-27.63,-36.67,0.0,0,5,0.196,0.0869,0.1904,0.0998
39.353,1,0.814,-6.99,14.36,5,62.5,20.57,0.1494,-0.2775,0.145,-0.003,-0.236,-4.185,-3.024,112.47,12.13,21.99,1,0.813,-13.09,-14.3,-3.454,1,5,0.1961,0.0888,0.1961,0.0999
39.422,1,0.796,-6.74,13.64,5,61.0,20.44,0.1516,-0.274,0.159,0.003,-0.307,-4.19,-3.012,111.33,12.13,9.99,1,0.89,-4.85,-2.09,-0.206,1,5,0.195,0.1239,0.2005,0.1166
39.456,1,0.79,-7.24,12.99,5,60.8,20.46,0.1551,-0.2659,0.159,0.0,-0.232,-4.191,-3.009,111.04,12.13,9.99,1,0.89,-4.85,-2.09,-0.206,1,5,0.1931,0.122,0.1967,0.1238
39.526,1,0.789,-7.24,12.12,5,61.4,20.04,0.1582,-0.2494,0.162,-0.005,-0.239,-4.195,-2.997,109.89,12.13,9.99,1,0.823,5.82,15.26,2.344,1,5,0.2071,0.1109,0.2034,0.1257
39.555,1,0.778,-7.24,11.6,5,61.2,20.44,0.1623,-0.2348,0.166,-0.003,-0.184,-4.196,-2.994,109.66,12.13,9.99,1,0.835,10.66,19.93,0.0,0,5,0.2109,0.1184,0.2072,0.1258
39.623,1,0.797,-7.24,10.4,5,62.3,20.44,0.1407,-0.19,0.172,-0.003,-0.268,-4.2,-2.981,108.75,12.13,1.44,1,0.855,11.63,28.58,0.0,0,5,0.2165,0.1332,0.2054,0.1332
39.653,1,0.795,-6.74,10.13,5,61.7,20.46,0.1163,-0.128,0.173,-0.001,-0.256,-4.202,-2.977,108.46,12.13,1.44,1,0.847,12.12,26.3,0.0,0,5,0.2126,0.1387,0.2052,0.1368
39.691,1,0.769,-6.99,9.93,5,59.0,20.2,0.1047,-0.1178,0.174,0.003,-0.126,-4.204,-2.971,108.06,12.13,1.44,1,0.847,12.12,26.3,0.0,0,5,0.1994,0.1459,0.2087,0.1422
39.722,1,0.742,-7.24,9.59,5,56.5,20.44,0.084,-0.1106,0.169,0.002,-0.16,-4.206,-2.965,107.66,12.13,1.44,1,0.847,12.12,26.3,0.0,0,5,0.1923,0.1368,0.2052,0.1405
39.757,1,0.722,-6.99,9.27,5,54.9,20.0,0.084,-0.1017,0.165,-0.001,-0.172,-4.207,-2.961,107.49,12.13,1.44,1,0.847,12.12,26.3,0.0,0,5,0.1923,0.1276,0.1997,0.1405
39.822,1,0.697,-7.24,8.26,5,52.4,20.2,0.084,-0.0992,0.151,-0.006,-0.095,-4.21,-2.95,106.86,12.13,3.14,1,0.862,8.24,21.74,0.0,0,5,0.183,0.1257,0.1646,0.1294
39.853,1,0.706,-7.24,8.26,5,53.1,20.2,0.084,-0.0785,0.147,-0.003,-0.162,-4.211,-2.947,106.74,12.13,3.14,1,0.862,8.24,21.74,0.0,0,5,0.1739,0.1295,0.1573,0.1258
39.889,1,0.712,-6.74,7.84,5,53.8,20.46,0.084,-0.0787,0.141,-0.002,-0.062,-4.212,-2.942,106.57,12.13,3.14,1,0.862,8.24,21.74,0.0,0,5,0.1555,0.1277,0.1499,0.1314
39.922,1,0.727,-6.74,7.6,5,54.8,20.46,0.084,-0.0778,0.137,-0.004,-0.09,-4.213,-2.937,106.4,12.13,3.14,1,0.862,8.24,21.74,0.0,0,5,0.1482,0.1167,0.1482,0.1334
39.954,1,0.734,-6.74,7.73,5,55.4,20.2,0.084,-0.073,0.134,-0.005,-0.117,-4.214,-2.934,106.23,12.13,3.14,1,0.862,8.24,21.74,0.0,0,5,0.1481,0.1111,0.1462,0.1296
39.992,1,0.749,-6.99,7.53,5,56.7,20.0,0.084,-0.0748,0.127,-0.006,-0.072,-4.215,-2.93,106.05,12.14,5.89,1,0.862,8.24,21.74,0.0,0,5,0.146,0.1053,0.1367,0.1183
40.024,1,0.768,-6.99,7.29,5,58.4,20.2,0.084,-0.0681,0.118,-0.004,-0.085,-4.216,-2.925,105.88,12.14,5.89,1,0.862,8.24,21.74,0.0,0,5,0.1385,0.0997,0.1274,0.1053
40.057,1,0.771,-6.74,6.81,5,58.8,20.56,0.084,-0.064,0.114,-0.004,-0.029,-4.217,-2.923,105.83,12.14,5.89,1,0.855,0.48,7.97,2.04,1,5,0.133,0.0979,0.1237,0.1034
40.088,1,0.769,-6.24,6.93,5,58.8,20.46,0.084,-0.0589,0.111,-0.004,-0.078,-4.218,-2.919,105.77,12.14,5.89,1,0.877,-0.97,5.99,3.705,1,5,0.1237,0.096,0.1182,0.1053
40.152,1,0.773,-6.24,6.25,5,58.8,20.44,0.084,-0.0662,0.105,-0.005,-0.053,-4.219,-2.913,105.54,12.14,5.89,1,0.889,-1.45,2.59,4.383,1,5,0.1163,0.0904,0.1089,0.1034
40.254,1,0.781,-6.74,6.4,5,59.3,20.2,0.084,-0.0533,0.087,-0.0,-0.042,-4.221,-2.904,105.25,12.14,8.51,1,0.877,-5.82,-4.95,3.327,1,5,0.0926,0.0759,0.0981,0.0833
40.323,1,0.771,-6.74,5.73,5,58.4,20.2,0.084,-0.0502,0.079,-0.004,-0.08,-4.223,-2.898,104.97,12.14,8.51,1,0.889,-6.79,-7.3,-1.181,1,5,0.0886,0.0627,0.0867,0.0775
40.353,1,0.773,-6.74,5.61,5,58.6,20.2,0.084,-0.0388,0.079,-0.005,-0.075,-4.223,-2.897,104.91,12.14,8.51,1,0.898,-6.79,-7.05,1.268,1,5,0.0923,0.0627,0.0849,0.0757
40.422,1,0.776,-6.49,5.12,5,58.6,19.97,0.084,-0.0369,0.074,0.0,-0.033,-4.225,-2.891,104.68,12.14,7.91,1,0.899,-7.27,-8.97,-1.604,1,5,0.0814,0.0648,0.0833,0.0666
40.453,1,0.78,-6.49,5.24,5,58.9,19.97,0.084,-0.0314,0.072,0.002,-0.052,-4.225,-2.89,104.62,12.14,7.91,1,0.899,-7.27,-8.97,-1.604,1,5,0.0778,0.0666,0.0815,0.0629
40.557,1,0.773,-6.99,4.73,5,58.8,20.0,0.084,-0.0333,0.067,-0.002,-0.037,-4.227,-2.883,104.34,12.14,7.91,1,0.908,-8.24,-9.22,0.449,1,5,0.0726,0.0581,0.0708,0.0654
40.653,1,0.77,-7.49,4.76,5,58.7,19.97,0.084,-0.019,0.06,-0.003,-0.029,-4.228,-2.877,104.22,12.14,5.68,1,0.896,-5.82,-4.93,3.328,1,5,0.0684,0.0517,0.0628,0.0573
40.69,1,0.773,-7.49,4.61,5,58.8,20.0,0.084,-0.0133,0.06,-0.002,-0.018,-4.228,-2.876,104.22,12.14,5.68,1,0.906,-6.3,-5.33,0.1,1,5,0.0664,0.0517,0.0627,0.0572
40.72,1,0.776,-7.49,4.48,5,58.9,20.0,0.084,-0.0116,0.061,-0.001,-0.026,-4.229,-2.872,104.11,12.14,5.68,1,0.907,-6.3,-5.75,0.962,1,5,0.0683,0.0536,0.0665,0.0572
40.752,1,0.775,-7.49,4.48,5,58.7,20.0,0.084,-0.0098,0.061,-0.001,-0.052,-4.229,-2.871,104.05,12.14,5.68,1,0.907,-6.3,-5.47,1.782,1,5,0.0683,0.0535,0.0664,0.0572
40.787,1,0.774,-7.49,4.48,5,58.6,20.0,0.084,-0.01,0.062,-0.003,-0.046,-4.229,-2.87,103.99,12.14,5.68,1,0.907,-6.3,-5.47,1.782,1,5,0.0702,0.0499,0.0683,0.0591
40.853,1,0.772,-6.99,3.93,5,58.4,20.0,0.084,-0.0104,0.068,-0.0,-0.012,-4.231,-2.864,103.88,12.14,3.76,1,0.878,-1.94,1.09,0.653,1,5,0.0721,0.0592,0.0758,0.0647
40.922,1,0.781,-6.74,3.99,5,59.1,20.0,0.084,-0.0066,0.072,-0.001,-0.02,-4.232,-2.859,103.88,12.14,3.76,1,0.89,-1.94,1.1,0.674,1,5,0.0736,0.0754,0.0664,0.0718
40.952,1,0.789,-6.74,3.99,5,59.9,20.0,0.084,-0.0103,0.074,-0.001,-0.016,-4.232,-2.858,103.88,12.14,3.76,1,0.89,-1.94,1.1,0.674,1,5,0.0736,0.079,0.0664,0.0754
40.985,1,0.792,-6.49,4.06,5,60.3,20.0,0.084,-0.0101,0.073,-0.002,0.068,-4.233,-2.856,103.93,12.14,3.76,1,0.889,-1.94,1.07,2.228,1,5,0.0736,0.0772,0.0646,0.0754
41.053,1,0.788,-6.24,3.84,5,59.8,20.04,0.084,-0.0133,0.07,-0.005,0.026,-4.234,-2.851,104.16,12.14,3.15,1,0.887,-1.45,1.66,2.233,1,5,0.0701,0.0701,0.0609,0.0793
41.152,1,0.776,-5.99,4.17,5,58.6,20.0,0.084,-0.0116,0.072,-0.001,-0.035,-4.235,-2.844,104.11,12.14,3.15,1,0.886,-0.97,2.3,0.662,1,5,0.074,0.0666,0.074,0.0722
41.184,1,0.775,-5.74,3.96,5,58.4,20.46,0.084,-0.0203,0.072,-0.003,-0.03,-4.235,-2.842,104.05,12.14,3.15,1,0.882,-0.97,2.25,2.225,1,5,0.0778,0.0629,0.074,0.0722
41.22,1,0.776,-5.49,3.75,5,58.2,20.0,0.084,-0.019,0.076,-0.001,-0.011,-4.237,-2.838,103.99,12.14,3.9,1,0.883,-0.97,1.38,-1.51,1,5,0.0777,0.0685,0.0814,0.0777
41.252,1,0.782,-5.24,4.07,5,58.9,20.04,0.084,-0.0178,0.077,-0.002,0.01,-4.237,-2.836,103.99,12.14,3.9,1,0.886,-0.97,1.39,-1.517,1,5,0.0796,0.0703,0.0796,0.0777
41.352,1,0.789,-4.74,3.8,5,59.6,20.04,0.084,-0.0248,0.08,-0.002,-0.003,-4.239,-2.828,103.93,12.14,3.9,1,0.875,-0.48,1.65,1.735,1,5,0.0832,0.0851,0.0721,0.0814
41.386,1,0.79,-4.74,3.81,5,59.6,20.0,0.084,-0.0262,0.081,-0.003,0.02,-4.239,-2.827,103.93,12.14,3.9,1,0.872,-0.48,0.87,-0.324,1,5,0.0833,0.0815,0.074,0.0833
41.455,1,0.793,-4.24,3.78,5,59.8,20.2,0.084,-0.0249,0.082,-0.004,-0.029,-4.24,-2.82,104.05,12.14,4.4,1,0.854,0.48,1.32,2.003,1,5,0.087,0.0778,0.0778,0.0852
41.554,1,0.8,-4.24,4.21,5,60.9,20.46,0.084,-0.0288,0.08,-0.0,-0.015,-4.242,-2.812,103.88,12.14,4.4,1,0.83,0.0,1.08,0.605,1,5,0.0815,0.0703,0.0889,0.0796
41.586,1,0.798,-3.74,3.9,5,60.8,20.46,0.084,-0.0362,0.081,0.001,-0.033,-4.243,-2.811,103.82,12.14,4.4,1,0.83,0.0,1.08,0.605,1,5,0.0815,0.074,0.0907,0.0796
41.652,1,0.804,-4.74,3.54,5,61.2,20.2,0.084,-0.0355,0.079,0.0,-0.004,-4.244,-2.805,103.59,12.13,5.14,1,0.821,-0.48,1.17,3.446,1,5,0.08,0.08,0.0782,0.0764
41.689,1,0.804,-4.74,3.54,5,61.1,20.2,0.084,-0.0166,0.08,-0.001,-0.012,-4.244,-2.803,103.59,12.13,5.14,1,0.821,-0.48,1.17,3.446,1,5,0.0837,0.0764,0.08,0.0782
41.72,1,0.803,-4.74,3.54,5,61.0,20.2,0.084,-0.0175,0.084,-0.003,0.007,-4.245,-2.798,103.59,12.13,5.14,1,0.811,-0.97,-0.06,5.215,1,5,0.0895,0.0749,0.0876,0.084
41.753,1,0.805,-4.74,3.42,5,61.3,20.44,0.084,-0.0181,0.084,-0.002,-0.02,-4.246,-2.796,103.53,12.13,5.14,1,0.811,-0.97,-0.06,5.215,1,5,0.0898,0.077,0.088,0.0825
41.786,1,0.811,-4.74,3.42,5,61.8,20.44,0.084,-0.0162,0.083,-0.002,0.008,-4.246,-2.795,103.59,12.13,5.14,1,0.811,-0.97,-0.06,5.215,1,5,0.0881,0.077,0.0844,0.0826
41.821,1,0.813,-4.74,3.54,5,62.1,20.2,0.084,-0.0165,0.08,-0.001,-0.025,-4.247,-2.79,103.53,12.13,6.04,1,0.811,-0.97,-0.06,5.215,1,5,0.0851,0.0777,0.0814,0.0777
41.853,1,0.821,-4.24,3.1,5,62.9,20.46,0.0896,-0.0187,0.081,-0.001,-0.035,-4.248,-2.788,103.48,12.13,6.04,1,0.811,-0.97,-0.06,5.215,1,5,0.0851,0.0758,0.0832,0.0795
41.923,1,0.828,-3.74,3.23,5,63.9,20.46,0.0896,-0.0169,0.08,-0.001,0.032,-4.249,-2.784,103.48,12.13,6.04,1,0.72,-0.97,-1.56,-2.553,1,4,0.0814,0.0721,0.0851,0.0814
41.953,1,0.823,-3.74,3.39,5,63.6,20.44,0.0896,-0.0246,0.08,-0.001,0.008,-4.249,-2.782,103.48,12.13,6.04,1,0.705,-3.39,-2.85,-2.068,1,4,0.0795,0.0758,0.0832,0.0832
41.987,1,0.817,-3.74,3.39,5,62.9,20.44,0.0896,-0.0271,0.085,-0.0,-0.058,-4.25,-2.779,103.42,12.13,6.04,1,0.705,-3.39,-2.85,-2.068,1,4,0.085,0.0832,0.085,0.085
42.02,1,0.809,-3.24,2.95,5,62.1,20.44,0.0896,-0.0266,0.088,0.0,0.001,-4.251,-2.775,103.42,12.14,6.85,1,0.733,-5.82,-10.22,1.363,1,4,0.0886,0.0923,0.0831,0.0868
42.053,1,0.804,-3.49,3.45,5,61.5,20.44,0.0896,-0.0244,0.088,-0.0,0.047,-4.251,-2.773,103.42,12.14,6.85,1,0.733,-5.82,-10.22,1.363,1,4,0.0905,0.0886,0.0868,0.0868
42.084,1,0.808,-3.24,3.23,5,61.9,20.44,0.0896,-0.0296,0.089,-0.0,-0.028,-4.252,-2.77,103.48,12.14,6.85,1,0.732,-5.33,-10.43,-4.633,1,4,0.0905,0.0887,0.0887,0.0868
42.121,1,0.814,-3.24,3.35,5,62.5,20.46,0.0896,-0.0284,0.089,-0.001,-0.01,-4.253,-2.766,103.48,12.14,6.85,1,0.73,-5.33,-10.42,-4.65,1,4,0.0904,0.0848,0.0904,0.0885
42.153,1,0.814,-3.24,3.24,5,62.6,20.2,0.0776,-0.0301,0.09,-0.001,-0.022,-4.253,-2.765,103.48,12.14,6.85,1,0.729,-5.33,-10.65,-7.29,1,4,0.0919,0.0883,0.0901,0.0901
42.189,1,0.813,-2.99,2.9,5,62.7,20.56,0.07,-0.0279,0.088,-0.003,-0.031,-4.254,-2.761,103.36,12.14,6.85,1,0.733,-5.33,-10.66,-7.292,1,4,0.0901,0.0809,0.0901,0.0919
42.22,1,0.817,-2.99,3.02,5,62.9,20.44,0.07,-0.0248,0.087,-0.0,-0.003,-4.255,-2.758,103.36,12.14,4.49,1,0.729,-4.85,-11.44,-5.21,1,4,0.0885,0.0812,0.0922,0.0867
42.252,1,0.82,-2.99,3.58,5,63.2,20.44,0.07,-0.0265,0.085,-0.001,-0.013,-4.255,-2.756,103.36,12.14,4.49,1,0.774,-1.94,1.46,0.0,0,5,0.0851,0.0777,0.0888,0.087
42.286,1,0.822,-3.24,3.35,5,63.3,20.46,0.07,-0.0361,0.081,-0.002,-0.068,-4.255,-2.753,103.19,12.14,4.49,1,0.79,0.97,12.79,0.0,0,5,0.0833,0.0777,0.0814,0.0833
42.322,1,0.817,-3.49,2.9,5,62.9,20.44,0.07,-0.0289,0.081,-0.005,0.001,-4.256,-2.75,103.13,12.14,4.49,1,0.79,0.97,12.79,0.0,0,5,0.0869,0.0777,0.0758,0.0851
42.352,1,0.816,-3.24,2.95,5,62.9,20.46,0.07,-0.0183,0.082,-0.005,0.069,-4.256,-2.748,103.19,12.14,4.49,1,0.79,0.97,12.79,0.0,0,5,0.0924,0.0777,0.0758,0.0814
42.387,1,0.817,-3.24,3.23,5,62.7,20.46,0.07,-0.0224,0.081,-0.004,0.023,-4.257,-2.745,103.25,12.14,4.49,1,0.79,0.97,12.79,0.0,0,5,0.0885,0.0775,0.0756,0.0812
42.42,1,0.813,-2.99,2.9,5,62.4,20.56,0.07,-0.0273,0.078,-0.002,0.018,-4.257,-2.743,103.3,12.14,1.48,1,0.785,4.85,21.25,0.0,0,5,0.0812,0.0775,0.0738,0.0793
42.455,1,0.81,-2.99,2.9,5,62.3,20.56,0.07,-0.0244,0.074,-0.003,-0.011,-4.258,-2.741,103.3,12.14,1.48,1,0.786,4.85,25.09,0.0,0,5,0.077,0.0734,0.0699,0.077
42.485,1,0.807,-2.99,3.02,5,62.0,20.56,0.07,-0.0242,0.069,-0.001,-0.012,-4.258,-2.739,103.25,12.14,1.48,1,0.759,4.85,19.14,0.0,0,5,0.0718,0.0682,0.0682,0.0682
42.521,1,0.809,-2.99,2.9,5,62.0,20.56,0.07,-0.0261,0.066,-0.001,-0.037,-4.259,-2.736,103.19,12.14,1.48,1,0.759,4.85,19.14,0.0,0,5,0.0682,0.0628,0.0664,0.0664
42.553,1,0.805,-2.75,2.8,5,61.7,20.46,0.07,-0.024,0.064,-0.0,-0.026,-4.259,-2.735,103.19,12.14,1.48,1,0.759,4.85,19.14,0.0,0,5,0.0647,0.0592,0.0684,0.0647
42.618,1,0.791,-2.5,2.93,5,61.1,20.56,0.07,-0.0248,0.06,-0.0,0.013,-4.26,-2.73,103.19,12.12,3.21,1,0.751,4.85,26.74,0.0,0,5,0.0608,0.0534,0.0663,0.0608
42.651,1,0.781,-2.75,3.25,5,60.9,20.46,0.07,-0.0297,0.06,-0.002,-0.025,-4.26,-2.729,103.19,12.12,3.21,1,0.735,4.85,29.0,0.0,0,5,0.0608,0.0534,0.0626,0.0626
42.718,1,0.776,-2.5,2.94,5,60.8,20.56,0.07,-0.0321,0.068,-0.002,-0.025,-4.262,-2.724,103.08,12.12,3.21,1,0.727,3.39,33.97,0.0,0,5,0.0685,0.0685,0.0629,0.0703
42.75,1,0.779,-2.5,2.94,5,60.8,20.96,0.07,-0.0296,0.069,-0.0,-0.025,-4.262,-2.722,103.02,12.12,3.21,1,0.73,-0.48,36.13,0.0,0,5,0.0702,0.0684,0.0684,0.0684
42.787,1,0.789,-2.75,2.69,5,60.7,20.46,0.07,-0.0295,0.069,-0.001,-0.013,-4.262,-2.72,103.02,12.12,3.21,1,0.733,-1.94,29.12,0.0,0,5,0.0732,0.0623,0.0732,0.0678
42.818,1,0.796,-2.75,2.81,5,60.7,20.44,0.07,-0.0218,0.064,0.0,-0.022,-4.263,-2.717,102.96,12.12,7.52,1,0.723,-2.42,32.15,0.0,0,5,0.0672,0.0581,0.0708,0.0617
42.852,1,0.791,-2.75,2.81,5,60.8,20.44,0.07,-0.0239,0.064,0.0,-0.001,-4.263,-2.716,102.96,12.12,7.52,1,0.742,-5.82,32.39,0.0,0,5,0.069,0.0599,0.069,0.0581
42.886,1,0.788,-2.75,2.68,5,60.9,20.46,0.07,-0.024,0.062,0.001,-0.038,-4.264,-2.713,102.85,12.12,7.52,1,0.717,-8.24,29.2,0.0,0,5,0.0701,0.0591,0.0664,0.0517
42.919,1,0.789,-2.99,2.78,5,60.9,20.56,0.07,-0.0219,0.061,0.0,-0.078,-4.264,-2.711,102.79,12.12,7.52,1,0.719,-9.69,27.64,0.0,0,5,0.0702,0.0572,0.0665,0.0517
42.952,1,0.787,-2.99,2.35,5,60.2,20.44,0.07,-0.0207,0.061,-0.001,-0.073,-4.265,-2.71,102.67,12.12,7.52,1,0.717,-9.69,26.84,0.0,0,5,0.0684,0.0517,0.0684,0.0554
42.986,1,0.798,-2.99,2.34,5,60.6,20.57,0.07,-0.0134,0.061,0.0,-0.048,-4.265,-2.708,102.56,12.12,7.52,1,0.717,-9.69,26.84,0.0,0,5,0.0665,0.0517,0.0721,0.0554
43.019,1,0.798,-3.24,2.43,5,60.8,20.46,0.07,-0.0135,0.06,0.001,-0.06,-4.266,-2.705,102.44,12.13,11.17,1,0.718,-12.12,32.6,0.0,0,5,0.0664,0.0498,0.072,0.0517
43.05,1,0.793,-3.24,2.15,5,60.9,20.46,0.07,-0.0123,0.06,0.002,-0.058,-4.266,-2.704,102.33,12.13,11.17,1,0.718,-12.12,32.6,0.0,0,5,0.0664,0.0535,0.0701,0.0498
43.086,1,0.789,-3.24,2.15,5,61.0,20.46,0.07,-0.0076,0.06,-0.0,-0.035,-4.267,-2.702,102.27,12.13,11.17,1,0.731,-16.96,30.45,0.0,0,5,0.0701,0.0535,0.0664,0.0517
43.12,1,0.799,-3.24,1.88,5,61.6,20.46,0.07,-0.0079,0.066,-0.001,0.006,-4.267,-2.699,102.22,12.13,11.17,1,0.731,-16.96,30.45,0.0,0,5,0.074,0.061,0.0684,0.0592
43.153,1,0.807,-2.99,1.93,5,61.8,20.44,0.07,-0.0034,0.068,-0.002,0.008,-4.267,-2.698,102.27,12.13,11.17,1,0.731,-16.96,30.45,0.0,0,5,0.0777,0.0647,0.0684,0.0629
43.187,1,0.807,-2.99,2.1,5,61.9,20.44,0.07,-0.0073,0.072,-0.001,0.009,-4.268,-2.695,102.27,12.13,11.17,1,0.731,-16.96,30.45,0.0,0,5,0.0758,0.0684,0.0739,0.0702
43.217,1,0.799,-2.99,2.12,5,62.0,20.44,0.07,-0.0102,0.072,-0.001,-0.011,-4.269,-2.692,102.22,12.13,13.26,1,0.737,-19.39,26.37,0.0,0,5,0.072,0.0665,0.0757,0.0739
43.252,1,0.803,-2.99,2.22,5,62.3,20.56,0.07,-0.0102,0.07,-0.0,0.01,-4.269,-2.691,102.22,12.13,13.26,1,0.738,-19.87,28.73,0.0,0,5,0.0681,0.0663,0.0736,0.0736
43.288,1,0.818,-2.99,2.23,5,63.2,20.56,0.07,-0.012,0.07,0.0,0.011,-4.27,-2.688,102.27,12.13,13.26,1,0.747,-23.27,28.53,0.0,0,5,0.07,0.07,0.0718,0.07
43.32,1,0.832,-2.99,2.23,5,63.7,20.56,0.07,-0.012,0.07,0.001,-0.018,-4.27,-2.685,102.27,12.13,13.26,1,0.754,-23.27,25.61,0.0,0,5,0.0718,0.0718,0.07,0.07
43.352,1,0.837,-2.75,2.28,5,64.1,20.56,0.07,-0.0121,0.069,0.001,-0.011,-4.27,-2.684,102.27,12.13,13.26,1,0.754,-23.27,25.61,0.0,0,5,0.0702,0.0702,0.0702,0.0665
43.385,1,0.845,-2.5,2.05,5,64.6,20.56,0.07,-0.0159,0.068,0.0,-0.039,-4.271,-2.681,102.16,12.13,13.26,1,0.75,-23.27,28.0,0.0,0,5,0.0666,0.0666,0.0703,0.0703
43.419,1,0.848,-2.99,2.23,5,64.9,20.56,0.07,-0.0147,0.065,0.001,-0.044,-4.272,-2.679,102.1,12.13,15.47,1,0.747,-23.27,30.51,0.0,0,5,0.0629,0.0629,0.0703,0.0666
43.452,1,0.853,-2.75,2.01,5,65.3,20.46,0.07,-0.0114,0.065,0.002,-0.013,-4.272,-2.678,102.1,12.13,15.47,1,0.747,-23.27,30.51,0.0,0,5,0.0608,0.0626,0.0715,0.0644
43.486,1,0.853,-2.99,1.69,5,65.5,20.44,0.07,-0.0108,0.065,0.001,-0.068,-4.272,-2.675,101.99,12.13,15.47,1,0.742,-27.63,33.95,0.0,0,5,0.0679,0.0626,0.0697,0.059
43.518,1,0.853,-2.99,1.81,5,65.8,20.44,0.07,-0.0022,0.068,-0.0,-0.04,-4.273,-2.672,101.87,12.13,15.47,1,0.738,-28.6,33.41,0.0,0,5,0.0768,0.0643,0.0715,0.0608
43.55,1,0.844,-2.99,1.54,5,65.0,20.56,0.07,-0.0044,0.07,-0.001,-0.016,-4.273,-2.671,101.87,12.13,15.47,1,0.726,-29.08,35.91,0.0,0,5,0.0775,0.0664,0.072,0.0646
43.583,1,0.844,-2.99,1.8,5,64.9,20.56,0.07,0.0002,0.072,0.0,-0.009,-4.274,-2.668,101.87,12.13,15.47,1,0.722,-28.6,37.07,0.0,0,5,0.0738,0.0664,0.0794,0.0701
43.618,1,0.843,-2.75,1.47,5,64.7,20.44,0.07,-0.0044,0.074,0.002,-0.02,-4.275,-2.665,101.87,12.14,17.19,1,0.718,-28.6,39.91,0.0,0,5,0.07,0.07,0.0829,0.0736
43.652,1,0.844,-2.75,1.74,5,64.7,20.46,0.07,-0.0015,0.073,0.002,0.009,-4.275,-2.664,101.87,12.14,17.19,1,0.703,-28.6,41.76,0.0,0,5,0.07,0.07,0.0811,0.0718
43.684,1,0.85,-2.5,1.65,5,65.2,20.56,0.07,-0.0061,0.072,0.003,0.009,-4.276,-2.661,101.87,12.14,17.19,1,0.73,-30.54,44.14,0.0,0,5,0.0701,0.0738,0.0756,0.0682
43.718,1,0.856,-2.5,1.65,5,65.8,20.56,0.07,-0.0073,0.068,0.003,-0.015,-4.276,-2.658,101.87,12.14,17.19,1,0.73,-30.54,44.14,0.0,0,5,0.0703,0.074,0.0685,0.0611
43.749,1,0.86,-2.5,1.65,5,66.1,20.56,0.07,-0.0072,0.068,0.003,-0.015,-4.277,-2.657,101.87,12.14,17.19,1,0.713,-33.44,42.58,0.0,0,5,0.0703,0.0721,0.0703,0.0592
43.785,1,0.866,-2.5,1.79,5,66.3,20.56,0.07,-0.0069,0.066,0.002,-0.044,-4.277,-2.655,101.81,12.14,17.19,1,0.736,-35.38,44.39,0.0,0,5,0.0696,0.0659,0.0696,0.0586
43.821,1,0.863,-2.75,1.48,5,66.0,20.44,0.07,-0.009,0.066,-0.0,-0.093,-4.278,-2.652,101.64,12.14,20.44,1,0.736,-35.38,44.39,0.0,0,5,0.0673,0.0618,0.0691,0.0655
43.851,1,0.866,-2.75,1.21,5,66.0,20.44,0.07,-0.0004,0.064,-0.001,-0.032,-4.278,-2.651,101.59,12.14,20.44,1,0.736,-35.38,44.39,0.0,0,5,0.0655,0.0601,0.0655,0.0655
43.885,1,0.864,-2.75,1.21,5,65.7,20.44,0.07,0.0039,0.066,-0.001,-0.022,-4.279,-2.648,101.59,12.14,20.44,1,0.72,-37.32,42.45,0.0,0,5,0.068,0.0624,0.0661,0.0661
43.918,1,0.868,-2.99,1.43,5,66.0,20.56,0.07,0.0038,0.067,-0.0,-0.004,-4.279,-2.645,101.53,12.14,20.44,1,0.767,-39.26,45.92,0.0,0,5,0.0698,0.0625,0.068,0.0625
43.952,1,0.863,-2.99,1.55,5,65.8,20.56,0.07,0.0028,0.07,0.001,-0.002,-4.28,-2.644,101.53,12.14,20.44,1,0.73,-41.2,42.72,0.0,0,5,0.0717,0.0662,0.0753,0.0662
43.985,1,0.862,-2.99,1.55,5,65.7,20.56,0.07,0.0006,0.071,0.001,-0.011,-4.28,-2.641,101.53,12.14,20.44,1,0.749,-41.2,43.35,0.0,0,5,0.0698,0.0698,0.0735,0.0698
44.019,1,0.86,-2.99,1.66,5,65.6,20.56,0.07,0.0004,0.071,0.001,0.008,-4.281,-2.638,101.53,12.14,23.74,1,0.749,-41.2,43.35,0.0,0,5,0.068,0.0735,0.0735,0.0735
44.052,1,0.872,-2.99,1.66,5,66.5,20.56,0.07,-0.0018,0.07,-0.0,-0.003,-4.281,-2.637,101.53,12.14,23.74,1,0.749,-41.2,43.35,0.0,0,5,0.0703,0.0703,0.0685,0.0703
44.085,1,0.879,-2.75,1.32,5,67.1,20.44,0.07,-0.0018,0.068,0.001,-0.004,-4.282,-2.634,101.53,12.14,23.74,1,0.791,-49.92,44.61,0.0,0,5,0.0684,0.0703,0.0684,0.0666
44.117,1,0.884,-2.75,1.21,5,67.4,20.44,0.07,0.0011,0.065,0.002,0.014,-4.282,-2.632,101.53,12.14,23.74,1,0.729,-51.86,40.81,0.0,0,5,0.0684,0.0666,0.0666,0.0629
44.152,1,0.884,-2.75,1.21,5,67.3,20.44,0.07,0.0033,0.064,0.004,0.002,-4.283,-2.631,101.53,12.14,23.74,1,0.737,-51.38,40.33,0.0,0,5,0.0646,0.0702,0.0646,0.0554
44.182,1,0.886,-2.75,1.47,5,67.3,20.44,0.07,0.0033,0.062,0.003,-0.014,-4.283,-2.628,101.53,12.14,23.74,1,0.732,-51.38,41.42,0.0,0,5,0.0647,0.0666,0.0629,0.0536
44.22,1,0.887,-2.75,1.21,5,67.4,20.44,0.07,-0.0011,0.062,-0.001,-0.06,-4.283,-2.626,101.41,12.14,26.08,1,0.745,-51.86,43.22,0.0,0,5,0.0647,0.061,0.061,0.061
44.251,1,0.889,-2.75,1.21,5,67.5,20.44,0.07,0.0035,0.062,-0.003,-0.044,-4.283,-2.625,101.36,12.14,26.08,1,0.728,-51.86,43.48,0.0,0,5,0.0666,0.0573,0.061,0.0629
44.284,1,0.888,-2.75,1.21,5,67.4,20.44,0.07,0.0035,0.061,-0.001,-0.021,-4.284,-2.622,101.36,12.14,26.08,1,0.764,-53.8,44.91,0.0,0,5,0.0684,0.0573,0.0628,0.0573
44.318,1,0.888,-2.75,1.2,5,67.5,20.46,0.07,0.0036,0.063,0.0,0.006,-4.285,-2.62,101.3,12.14,26.08,1,0.764,-53.8,44.91,0.0,0,5,0.0685,0.0574,0.0648,0.0574
44.357,1,0.886,-2.5,0.99,5,67.4,20.56,0.07,0.0037,0.064,0.0,0.025,-4.285,-2.618,101.36,12.14,26.08,1,0.742,-55.74,43.02,0.0,0,5,0.0685,0.0592,0.0703,0.0592
44.383,1,0.891,-2.25,0.79,5,67.9,20.2,0.07,0.0043,0.069,0.0,0.017,-4.285,-2.615,101.36,12.14,26.08,1,0.749,-54.77,43.8,0.0,0,5,0.0667,0.063,0.0741,0.0704
44.42,1,0.895,-2.25,0.9,5,68.4,20.46,0.07,0.0052,0.07,0.0,-0.0,-4.286,-2.613,101.36,12.14,27.86,1,0.752,-54.77,45.09,0.0,0,5,0.0646,0.0683,0.072,0.0738
44.453,1,0.899,-2.25,1.07,5,68.9,20.56,0.07,0.0037,0.07,0.001,0.005,-4.286,-2.612,101.36,12.14,27.86,1,0.752,-54.77,45.09,0.0,0,5,0.0643,0.0714,0.0714,0.0732
44.486,1,0.9,-2.25,1.33,5,69.1,20.44,0.07,0.0009,0.07,0.0,0.015,-4.287,-2.609,101.36,12.14,27.86,1,0.742,-53.8,45.47,0.0,0,5,0.0677,0.0713,0.0695,0.0713
44.52,1,0.9,-2.0,1.11,5,69.2,20.44,0.07,-0.0034,0.066,0.002,0.009,-4.288,-2.607,101.41,12.14,27.86,1,0.742,-54.29,46.53,0.0,0,5,0.0677,0.0713,0.066,0.0606
44.55,1,0.898,-2.0,1.11,5,69.1,20.44,0.07,-0.0026,0.065,0.003,-0.005,-4.288,-2.605,101.41,12.14,27.86,1,0.742,-54.29,46.53,0.0,0,5,0.0682,0.07,0.0663,0.0571
44.583,1,0.898,-2.0,1.11,5,69.1,20.44,0.07,-0.0022,0.064,0.003,-0.038,-4.288,-2.603,101.3,12.14,27.86,1,0.727,-51.86,42.93,0.0,0,5,0.0664,0.0682,0.0646,0.0553
44.622,1,0.893,-2.0,1.11,5,68.6,20.44,0.07,-0.0019,0.064,-0.0,-0.034,-4.289,-2.6,101.24,12.18,30.14,1,0.727,-51.86,42.93,0.0,0,5,0.0683,0.0627,0.0646,0.0609
44.648,1,0.887,-2.0,0.85,5,67.9,20.44,0.07,-0.0018,0.064,0.0,-0.024,-4.289,-2.599,101.24,12.18,30.14,1,0.736,-49.92,43.16,0.0,0,5,0.0664,0.0646,0.0627,0.0609
44.684,1,0.883,-2.0,0.85,5,67.3,20.44,0.07,0.0029,0.064,0.0,-0.029,-4.29,-2.597,101.18,12.18,30.14,1,0.736,-49.92,43.16,0.0,0,5,0.0681,0.0626,0.0663,0.0589
44.72,1,0.878,-2.0,0.59,5,67.1,20.56,0.07,0.003,0.066,0.0,0.008,-4.29,-2.594,101.13,12.18,30.14,1,0.739,-50.89,38.37,0.0,0,5,0.0677,0.0622,0.0714,0.0641
44.75,1,0.868,-1.5,0.72,5,66.5,20.44,0.07,0.0076,0.069,-0.001,0.078,-4.29,-2.592,101.24,12.18,30.14,1,0.739,-50.89,38.37,0.0,0,5,0.0714,0.0604,0.075,0.0677
44.784,1,0.873,-1.5,1.23,5,66.8,20.44,0.07,-0.0008,0.07,-0.002,-0.024,-4.291,-2.59,101.24,12.18,30.14,1,0.739,-50.89,38.37,0.0,0,5,0.0709,0.0637,0.0709,0.0728
44.819,1,0.878,-1.5,1.24,5,67.4,20.56,0.07,-0.0092,0.07,-0.0,-0.012,-4.291,-2.587,101.24,12.18,31.05,1,0.739,-50.89,38.37,0.0,0,5,0.0709,0.0691,0.0691,0.0691
44.852,1,0.884,-1.5,1.12,5,68.2,20.56,0.07,-0.0089,0.069,0.0,-0.0,-4.292,-2.585,101.24,12.18,31.05,1,0.739,-50.89,38.37,0.0,0,5,0.0671,0.0708,0.0671,0.0708
44.884,1,0.892,-1.25,0.79,5,69.0,20.46,0.07,-0.0067,0.069,0.002,-0.001,-4.292,-2.583,101.3,12.18,31.05,1,0.739,-50.89,38.37,0.0,0,5,0.0658,0.0731,0.0695,0.0695
44.917,1,0.898,-1.25,0.92,5,69.5,20.46,0.07,-0.0036,0.068,0.0,-0.009,-4.293,-2.58,101.24,12.18,31.05,1,0.739,-50.89,38.37,0.0,0,5,0.0676,0.0713,0.0676,0.0731
44.948,1,0.897,-1.25,0.92,5,69.4,20.46,0.07,-0.0057,0.067,0.002,-0.002,-4.293,-2.579,101.24,12.18,31.05,1,0.76,-41.2,37.56,0.0,0,5,0.0665,0.0702,0.0684,0.0647
44.983,1,0.892,-1.25,0.92,5,68.8,20.46,0.07,-0.0054,0.065,0.002,-0.007,-4.294,-2.576,101.24,12.18,31.05,1,0.795,-39.74,37.4,0.0,0,5,0.0666,0.0666,0.0666,0.0592
45.089,1,0.879,-1.5,0.97,5,67.5,20.44,0.07,-0.005,0.063,0.002,-0.039,-4.295,-2.571,101.13,12.19,32.4,1,0.795,-39.74,37.4,0.0,0,5,0.0646,0.0646,0.0646,0.0572
45.131,1,0.875,-1.75,0.52,5,67.3,20.46,0.07,-0.003,0.07,-0.001,-0.039,-4.296,-2.567,101.01,12.19,32.4,1,0.795,-39.74,37.4,0.0,0,5,0.0702,0.061,0.0758,0.0721
45.183,1,0.896,-1.75,0.52,5,68.7,20.46,0.07,0.0077,0.07,0.001,-0.014,-4.297,-2.563,101.01,12.19,32.4,1,0.814,-36.35,29.76,0.0,0,5,0.0647,0.0628,0.0795,0.0739
45.217,1,0.897,-1.75,0.52,5,69.2,20.46,0.07,0.0074,0.071,0.003,-0.019,-4.297,-2.56,101.01,12.19,33.08,1,0.827,-35.38,30.03,0.0,0,5,0.0646,0.0665,0.0776,0.072
45.251,1,0.901,-2.0,1.5,5,70.2,20.96,0.07,0.0072,0.07,0.004,0.008,-4.298,-2.559,101.01,12.19,33.08,1,0.827,-35.38,30.03,0.0,0,5,0.0665,0.0758,0.0721,0.0665
45.284,1,0.891,-1.5,1.74,5,70.3,20.96,0.07,-0.0071,0.069,0.001,0.012,-4.298,-2.556,101.01,12.19,33.08,1,0.827,-35.38,30.03,0.0,0,5,0.0683,0.072,0.0683,0.0665
45.315,1,0.87,-1.5,2.17,5,69.5,20.57,0.07,-0.0175,0.068,0.0,0.01,-4.298,-2.555,101.01,12.19,33.08,1,0.828,-31.5,30.28,0.0,0,5,0.0664,0.0701,0.0664,0.0683
45.355,1,0.857,-1.5,2.96,5,69.1,20.57,0.07,-0.0248,0.065,0.0,-0.002,-4.299,-2.552,101.01,12.19,33.08,1,0.828,-31.5,30.28,0.0,0,5,0.0646,0.0665,0.0646,0.0646
45.392,1,0.841,-1.5,3.05,5,69.3,20.57,0.07,-0.0384,0.065,0.001,0.004,-4.299,-2.55,101.01,12.19,33.08,1,0.828,-31.5,30.28,0.0,0,5,0.0646,0.0665,0.0646,0.0628
45.417,1,0.844,-1.5,5.1,5,69.7,20.57,0.07,-0.0399,0.063,0.002,0.003,-4.3,-2.549,101.01,12.19,33.78,1,0.822,-27.14,29.69,0.0,0,5,0.0665,0.0665,0.0646,0.0554
45.449,1,0.849,-1.5,6.71,5,70.3,20.57,0.07,-0.0758,0.064,0.002,-0.035,-4.3,-2.546,101.01,12.19,33.78,1,0.822,-27.14,29.69,0.0,0,5,0.0696,0.0696,0.0624,0.0535
45.483,1,0.855,-2.0,9.68,5,70.6,20.96,0.07,-0.1037,0.066,-0.0,-0.046,-4.3,-2.544,100.9,12.19,33.78,1,0.823,-24.72,29.83,0.0,0,5,0.0751,0.0661,0.0643,0.0572
45.521,1,0.848,-2.0,11.42,5,71.1,20.96,0.07,-0.1496,0.07,-0.002,-0.037,-4.301,-2.541,100.78,12.19,33.78,1,0.818,-23.75,29.05,0.0,0,5,0.0806,0.0627,0.0734,0.0644
45.549,1,0.834,-2.0,13.24,5,71.3,20.96,0.07,-0.1803,0.072,-0.003,-0.024,-4.301,-2.539,100.73,12.19,33.78,1,0.818,-23.75,29.05,0.0,0,5,0.0796,0.0555,0.0815,0.0703
45.585,1,0.82,-2.25,15.33,5,71.7,20.57,0.07,-0.2125,0.072,-0.003,-0.049,-4.302,-2.537,100.67,12.19,33.78,1,0.818,-23.75,29.05,0.0,0,5,0.0777,0.05,0.0888,0.0722
45.622,1,0.793,-2.5,17.43,5,71.5,20.96,0.07,-0.2461,0.074,-0.003,-0.088,-4.302,-2.533,100.5,12.16,40.19,1,0.818,-23.75,29.05,0.0,0,5,0.083,0.0535,0.0885,0.0701
45.653,1,0.812,-3.24,20.68,5,71.6,21.11,0.07,-0.2803,0.075,-0.001,-0.109,-4.302,-2.532,100.38,12.16,40.19,1,0.818,-23.75,29.05,0.0,0,5,0.0867,0.0572,0.0904,0.0664
45.717,1,0.822,-4.99,25.11,5,72.5,23.35,0.07,-0.3294,0.081,0.001,-0.154,-4.303,-2.527,99.87,12.16,40.19,1,0.802,-36.35,-6.65,0.0,0,5,0.1013,0.0644,0.1013,0.0589
45.749,1,0.802,-5.99,27.36,5,72.5,23.35,0.07,-0.3853,0.079,0.001,-0.237,-4.304,-2.524,99.35,12.16,40.19,1,0.802,-36.35,-6.65,0.0,0,5,0.1086,0.0534,0.1068,0.0479
45.816,1,0.798,-8.49,30.43,5,72.7,23.35,0.07,-0.4181,0.079,0.004,-0.23,-4.305,-2.519,98.49,12.16,45.0,1,0.942,-41.2,-19.93,0.0,0,5,0.1213,0.0404,0.125,0.0294
45.853,1,0.803,-9.48,31.94,5,72.5,23.34,0.07,-0.4242,0.082,0.006,-0.248,-4.306,-2.516,97.98,12.16,45.0,1,0.95,-41.2,-21.06,0.0,0,5,0.1287,0.0386,0.1361,0.0239
45.884,1,0.683,-11.23,33.03,4,70.4,23.3,0.07,-0.4242,0.08,0.006,-0.392,-4.306,-2.513,97.17,12.16,45.0,1,0.95,-41.2,-21.06,0.0,0,5,0.1323,0.0331,0.1397,0.0147
45.919,1,0.711,-13.23,33.52,5,70.8,23.26,0.07,-0.4242,0.078,0.002,-0.416,-4.307,-2.51,96.26,12.16,45.0,1,0.953,-43.14,-25.15,0.0,0,5,0.1369,0.0278,0.1406,0.0167
45.95,1,0.672,-15.22,33.4,4,70.6,23.36,0.07,-0.4242,0.075,0.0,-0.459,-4.307,-2.508,95.74,12.16,45.0,1,0.953,-43.14,-25.15,0.0,0,5,0.1405,0.0111,0.1405,0.0092
45.985,1,0.679,-16.72,33.25,4,70.2,23.53,0.07,-0.4242,0.074,-0.001,-0.386,-4.307,-2.505,94.82,12.16,45.0,1,0.941,-47.01,-32.75,0.0,0,5,0.1442,0.0018,0.1442,0.0074
46.016,1,0.724,-17.97,33.34,5,68.6,22.78,0.07,-0.4143,0.073,-0.0,-0.422,-4.307,-2.504,94.31,12.17,45.0,1,0.936,-48.95,-34.28,0.0,0,5,0.1458,-0.0018,0.1476,0.0018
46.05,1,0.763,-18.72,32.27,5,68.5,22.65,0.07,-0.4067,0.077,0.0,-0.421,-4.307,-2.501,93.33,12.17,45.0,1,0.936,-48.95,-34.28,0.0,0,5,0.1532,0.0,0.1532,0.0
46.084,1,0.796,-17.22,30.32,5,70.5,22.68,0.07,-0.3813,0.076,0.0,-0.43,-4.307,-2.498,92.36,12.17,45.0,1,0.94,-52.83,-38.68,0.0,0,5,0.1512,0.0018,0.1512,0.0
46.119,1,0.812,-17.47,29.24,5,71.5,22.68,0.0757,-0.3699,0.073,-0.0,-0.419,-4.307,-2.495,91.39,12.17,45.0,1,0.931,-54.77,-40.74,0.0,0,5,0.1477,0.0018,0.144,0.0
46.15,1,0.812,-17.97,28.55,5,70.9,22.22,0.0808,-0.3487,0.072,-0.001,-0.373,-4.307,-2.494,90.93,12.17,45.0,1,0.931,-54.77,-40.74,0.0,0,5,0.146,0.0018,0.1404,0.0
46.186,1,0.81,-18.97,28.11,5,70.1,22.22,0.0841,-0.332,0.073,-0.0,-0.386,-4.308,-2.491,90.07,12.17,45.0,1,0.931,-52.35,-41.69,0.0,0,5,0.1443,0.0037,0.1425,0.0019
46.218,1,0.818,-19.47,27.15,5,70.0,22.15,0.0862,-0.3142,0.074,-0.001,-0.404,-4.307,-2.489,89.61,12.17,36.32,1,0.89,-50.89,-37.99,0.0,0,5,0.1462,0.0037,0.1425,0.0037
46.251,1,0.824,-19.72,26.08,5,70.5,21.67,0.0908,-0.2936,0.076,-0.002,-0.402,-4.307,-2.486,88.69,12.17,36.32,1,0.89,-50.89,-37.99,0.0,0,5,0.1516,0.0037,0.1442,0.0037
46.285,1,0.829,-19.97,25.63,5,71.5,21.67,0.0959,-0.2728,0.078,-0.002,-0.312,-4.307,-2.483,87.89,12.17,36.32,1,0.89,-50.89,-37.99,0.0,0,5,0.148,0.0111,0.1406,0.013
46.314,1,0.825,-20.21,24.86,5,71.4,21.67,0.098,-0.2637,0.079,0.0,-0.339,-4.307,-2.481,87.55,12.17,36.32,1,0.873,-42.17,-28.29,0.0,0,5,0.1425,0.0185,0.1388,0.0148
46.349,1,0.828,-20.21,24.21,5,71.7,21.67,0.1017,-0.2479,0.084,0.001,-0.25,-4.307,-2.478,86.86,12.17,36.32,1,0.93,-39.26,-25.87,0.0,0,5,0.135,0.0314,0.1387,0.0296
46.382,1,0.824,-19.97,23.77,5,71.2,21.96,0.1048,-0.238,0.092,0.003,-0.215,-4.307,-2.473,86.29,12.17,36.32,1,0.925,-35.87,-20.04,0.0,0,5,0.1367,0.0443,0.146,0.0425
46.417,1,0.815,-19.47,23.21,5,71.2,21.96,0.1068,-0.2343,0.097,0.0,-0.244,-4.307,-2.471,86.06,12.17,24.32,1,0.926,-32.96,-16.45,5.387,1,5,0.1405,0.0481,0.1461,0.0518
46.45,1,0.802,-18.97,22.67,5,70.0,21.96,0.1095,-0.2335,0.104,0.0,-0.244,-4.306,-2.467,85.49,12.17,24.32,1,0.926,-32.96,-16.45,5.387,1,5,0.1406,0.0592,0.1499,0.0666
46.489,1,0.802,-18.47,22.1,5,69.1,21.42,0.1121,-0.2389,0.105,-0.003,-0.22,-4.306,-2.463,84.97,12.17,24.32,1,0.857,-23.27,-3.46,7.738,1,5,0.1443,0.0592,0.1443,0.0722
46.514,1,0.8,-17.97,21.62,5,68.2,21.42,0.1148,-0.243,0.106,-0.002,-0.259,-4.306,-2.461,84.68,12.17,24.32,1,0.857,-23.27,-3.46,7.738,1,5,0.1424,0.0629,0.1461,0.074
46.552,1,0.8,-17.47,21.1,5,68.9,21.42,0.1171,-0.247,0.11,-0.001,-0.184,-4.305,-2.456,84.17,12.17,24.32,1,0.857,-23.27,-3.46,7.738,1,5,0.1496,0.0683,0.1496,0.0739
46.584,1,0.789,-16.97,20.61,5,68.6,21.42,0.1196,-0.2496,0.117,0.002,-0.192,-4.305,-2.451,83.71,12.17,24.32,1,0.81,-13.09,11.28,0.0,0,5,0.1492,0.0811,0.1584,0.0811
46.652,1,0.792,-15.47,19.83,5,69.2,21.11,0.1219,-0.2499,0.123,0.003,-0.203,-4.304,-2.444,83.02,12.17,14.03,1,0.825,-8.24,22.5,0.0,0,5,0.1529,0.0921,0.1603,0.0866
46.716,1,0.653,-14.47,17.75,4,70.4,21.37,0.1256,-0.2607,0.124,0.003,-0.179,-4.303,-2.436,82.33,12.17,14.03,1,0.827,-4.36,22.57,0.0,0,5,0.1625,0.0923,0.1607,0.0794
46.75,1,0.652,-14.23,17.47,4,71.5,21.28,0.1325,-0.2478,0.126,0.003,-0.211,-4.303,-2.431,81.88,12.17,14.03,1,0.827,-4.36,22.57,0.0,0,5,0.1679,0.0904,0.1679,0.0794
46.783,1,0.654,-13.73,17.65,4,72.4,21.29,0.1368,-0.2529,0.131,-0.002,-0.266,-4.302,-2.426,81.3,12.17,14.03,1,0.83,-5.33,21.93,0.0,0,5,0.1752,0.0848,0.1734,0.0922
46.817,1,0.669,-13.23,16.58,4,72.7,21.01,0.136,-0.2586,0.133,-0.004,-0.294,-4.301,-2.423,80.96,12.17,12.4,1,0.83,-5.33,21.93,0.0,0,5,0.1752,0.0812,0.1771,0.0996
46.847,1,0.679,-13.23,16.61,4,73.5,21.01,0.1411,-0.2524,0.138,-0.004,-0.264,-4.3,-2.417,80.39,12.17,12.4,1,0.841,-6.3,18.59,0.0,0,5,0.1789,0.0885,0.1789,0.1051
46.885,1,0.68,-12.73,15.83,4,73.7,20.83,0.1409,-0.2507,0.141,0.001,-0.2,-4.299,-2.412,79.87,12.17,12.4,1,0.841,-6.3,18.59,0.0,0,5,0.1773,0.0979,0.1865,0.1034
46.914,1,0.675,-11.98,15.26,4,73.8,21.06,0.1447,-0.2458,0.144,0.003,-0.202,-4.299,-2.409,79.64,12.17,12.4,1,0.855,-7.27,13.36,0.0,0,5,0.1791,0.1053,0.1884,0.1016
46.949,1,0.68,-11.73,15.28,4,74.1,21.1,0.1474,-0.247,0.148,0.004,-0.265,-4.298,-2.402,79.07,12.17,12.4,1,0.855,-7.27,13.36,0.0,0,5,0.1836,0.1098,0.1944,0.1062
46.985,1,0.678,-11.48,14.14,4,74.4,20.76,0.1473,-0.2484,0.149,0.004,-0.223,-4.297,-2.397,78.44,12.17,12.4,1,0.855,-7.27,13.36,0.0,0,5,0.1907,0.1133,0.1925,0.1007
47.019,1,0.674,-11.48,13.89,4,75.0,20.99,0.1527,-0.2335,0.149,0.002,-0.242,-4.296,-2.394,78.15,12.17,13.02,1,0.85,-8.24,9.26,0.0,0,5,0.1945,0.1098,0.1927,0.1008
47.085,1,0.8,-10.73,13.81,5,74.5,21.1,0.1539,-0.228,0.155,0.001,-0.232,-4.294,-2.381,77.06,12.17,13.02,1,0.856,-10.18,4.71,5.903,1,5,0.1908,0.1101,0.2036,0.1174
47.116,1,0.804,-10.23,13.21,5,74.0,21.11,0.1543,-0.2349,0.157,0.002,-0.252,-4.293,-2.378,76.78,12.17,13.02,1,0.85,-9.69,3.76,7.837,1,5,0.1892,0.1164,0.2019,0.1219
47.149,1,0.682,-10.23,12.52,4,75.3,21.01,0.1571,-0.2311,0.16,0.003,-0.188,-4.291,-2.372,76.32,12.17,13.02,1,0.853,-10.18,1.55,5.908,1,5,0.1943,0.1265,0.1998,0.121
47.184,1,0.673,-9.73,11.92,4,76.4,21.1,0.1604,-0.2181,0.161,0.001,-0.204,-4.29,-2.365,75.86,12.17,13.02,1,0.856,-10.18,-0.3,5.478,1,5,0.2,0.1247,0.2,0.1211
47.212,1,0.799,-9.73,12.04,5,76.3,20.56,0.1633,-0.2123,0.164,0.001,-0.229,-4.289,-2.362,75.63,12.17,13.44,1,0.859,-11.15,-1.52,5.424,1,5,0.2033,0.1275,0.2033,0.122
47.249,1,0.674,-9.73,10.92,4,76.5,21.1,0.1627,-0.2139,0.165,-0.0,-0.265,-4.287,-2.355,75.0,12.17,13.44,1,0.859,-11.15,-1.52,5.424,1,5,0.2051,0.1257,0.2033,0.1257
47.284,1,0.675,-9.73,10.2,4,76.7,21.01,0.168,-0.1923,0.168,-0.0,-0.167,-4.286,-2.349,74.54,12.17,13.44,1,0.859,-11.15,-1.52,5.424,1,5,0.205,0.1256,0.2087,0.1311
47.313,1,0.802,-9.23,10.52,5,75.9,21.1,0.1712,-0.1772,0.167,0.0,-0.161,-4.285,-2.346,74.37,12.17,13.44,1,0.859,-11.15,-1.52,5.424,1,5,0.2015,0.1257,0.2089,0.1331
47.349,1,0.683,-8.98,9.88,4,76.6,20.76,0.1699,-0.19,0.172,0.001,-0.202,-4.283,-2.339,73.91,12.17,13.44,1,0.856,-14.06,-9.59,2.55,1,5,0.2012,0.1366,0.2086,0.1403
47.384,1,0.676,-8.49,9.76,4,77.4,20.56,0.1725,-0.1789,0.173,0.002,-0.131,-4.281,-2.332,73.57,12.17,13.44,1,0.856,-14.06,-9.59,2.55,1,5,0.1993,0.1476,0.2012,0.1421
47.414,1,0.785,-8.24,9.99,5,77.2,20.81,0.1714,-0.1793,0.175,0.003,-0.126,-4.28,-2.329,73.4,12.17,13.24,1,0.868,-14.06,-12.39,3.202,1,5,0.203,0.1532,0.203,0.1403
47.483,1,0.677,-7.99,8.63,4,77.7,20.76,0.1725,-0.1878,0.182,0.001,-0.237,-4.276,-2.315,72.48,12.17,13.24,1,0.88,-15.03,-15.91,1.517,1,5,0.2112,0.15,0.2149,0.15
47.516,1,0.791,-7.74,8.62,5,76.5,20.56,0.1716,-0.1539,0.18,-0.0,-0.148,-4.275,-2.311,72.31,12.17,13.24,1,0.875,-15.99,-17.36,0.0,0,5,0.2092,0.1481,0.2129,0.1518
47.55,1,0.686,-7.99,7.62,4,76.7,20.76,0.1785,-0.1633,0.182,0.002,-0.139,-4.273,-2.304,71.91,12.17,13.24,1,0.875,-15.99,-17.36,0.0,0,5,0.2107,0.1571,0.2125,0.1497
47.583,1,0.792,-7.49,7.93,5,77.4,20.81,0.1729,-0.1275,0.181,0.001,-0.191,-4.27,-2.297,71.56,12.17,13.24,1,0.875,-15.99,-17.36,0.0,0,5,0.2179,0.157,0.2087,0.1422
47.648,1,0.802,-7.49,7.1,5,75.8,20.56,0.1822,-0.1497,0.183,0.0,-0.193,-4.267,-2.287,70.87,12.16,10.22,1,0.849,-9.21,-11.78,2.501,1,5,0.2153,0.1527,0.2134,0.1509
47.686,1,0.792,-7.99,7.08,5,77.2,20.56,0.1862,-0.1297,0.185,0.002,-0.162,-4.264,-2.28,70.47,12.16,10.22,1,0.849,-9.21,-11.78,2.501,1,5,0.208,0.1547,0.2209,0.1583
47.713,1,0.649,-7.99,6.09,4,78.8,20.76,0.1863,-0.1231,0.189,0.001,-0.129,-4.263,-2.276,70.3,12.16,10.22,1,0.875,-10.18,-11.12,-0.479,1,5,0.2125,0.1552,0.2254,0.1626
47.818,1,0.774,-8.49,5.95,5,76.6,20.81,0.1674,-0.0826,0.189,-0.0,-0.149,-4.255,-2.254,69.33,12.16,5.72,1,0.863,-7.27,-6.61,1.692,1,5,0.2165,0.1665,0.2146,0.1628
47.888,1,0.786,-7.49,5.15,5,75.1,20.2,0.1846,-0.0858,0.191,0.002,-0.068,-4.251,-2.243,68.93,12.16,5.72,1,0.842,-2.42,-1.58,1.307,1,5,0.2031,0.1684,0.2178,0.1757
47.912,1,0.691,-7.49,5.14,4,74.5,20.38,0.1878,-0.0778,0.191,0.004,-0.094,-4.25,-2.24,68.81,12.16,5.72,1,0.85,-3.39,-1.71,0.172,1,5,0.1996,0.1721,0.2179,0.174
47.981,1,0.692,-7.49,4.53,4,75.4,20.38,0.1737,-0.0682,0.188,0.001,-0.142,-4.245,-2.227,68.41,12.16,5.72,1,0.832,-2.42,-4.09,1.114,1,5,0.204,0.1773,0.2004,0.1703
48.011,1,0.696,-7.49,4.22,4,75.3,20.29,0.1737,-0.0518,0.189,-0.002,-0.145,-4.243,-2.223,68.24,12.17,4.06,1,0.831,-0.48,1.45,1.069,1,5,0.2074,0.1772,0.1967,0.1737
48.047,1,0.688,-7.49,4.15,4,75.4,20.56,0.1744,-0.0439,0.187,-0.003,-0.051,-4.24,-2.216,68.12,12.17,4.06,1,0.825,-0.97,1.32,0.142,1,5,0.2011,0.1755,0.1938,0.1791
48.084,1,0.689,-7.74,4.16,4,75.4,20.33,0.1732,-0.0412,0.184,-0.0,-0.023,-4.238,-2.21,68.07,12.17,4.06,1,0.825,-0.97,1.32,0.142,1,5,0.1943,0.1723,0.1943,0.1742
48.113,1,0.687,-7.24,3.96,4,74.9,20.23,0.1734,-0.0386,0.181,-0.003,-0.007,-4.236,-2.206,68.01,12.17,4.06,1,0.832,-1.45,0.64,1.775,1,5,0.196,0.1649,0.1906,0.1722
48.147,1,0.669,-6.99,4.26,4,76.6,20.56,0.1731,-0.0396,0.18,-0.008,-0.112,-4.233,-2.2,67.9,12.17,4.06,1,0.832,-1.45,0.64,1.775,1,5,0.1996,0.1626,0.1811,0.1755
48.215,1,0.681,-6.99,4.02,4,74.7,20.76,0.164,-0.0446,0.18,-0.005,0.062,-4.229,-2.19,67.9,12.17,3.4,1,0.831,-0.97,-0.23,2.242,1,5,0.1851,0.174,0.1759,0.1833
48.251,1,0.68,-6.99,4.02,4,75.2,20.76,0.164,-0.0384,0.178,-0.002,-0.043,-4.226,-2.183,67.84,12.17,3.4,1,0.831,-0.97,-0.23,2.242,1,5,0.1793,0.1738,0.1793,0.1812
48.283,1,0.529,-6.74,3.77,3,78.4,20.46,0.1638,-0.0379,0.175,-0.006,-0.046,-4.223,-2.177,67.72,12.17,3.4,1,0.823,-0.97,-0.24,2.247,1,5,0.183,0.159,0.1793,0.1775
48.313,1,0.53,-6.24,2.75,3,78.4,20.46,0.1493,-0.0275,0.173,-0.006,-0.065,-4.222,-2.174,67.67,12.17,3.4,1,0.823,-0.48,-1.09,2.687,1,5,0.1832,0.1591,0.1758,0.1739
48.382,1,0.677,-6.24,3.8,4,76.3,20.51,0.1495,-0.0093,0.17,-0.001,0.039,-4.217,-2.161,67.67,12.17,3.4,1,0.836,-0.48,-2.67,-1.124,1,5,0.1758,0.1702,0.1684,0.1665
48.412,1,0.672,-5.99,3.93,4,77.6,20.69,0.1635,-0.0396,0.169,-0.002,0.006,-4.215,-2.158,67.67,12.17,3.24,1,0.832,-0.48,-3.02,-1.773,1,5,0.1757,0.1683,0.1664,0.1664
48.447,1,0.527,-5.49,3.51,3,78.2,20.04,0.1704,-0.0491,0.162,-0.003,-0.052,-4.213,-2.153,67.67,12.17,3.24,1,0.825,0.48,-3.97,-1.241,1,5,0.1684,0.1554,0.1628,0.1628
48.512,1,0.588,-4.99,6.47,4,78.2,20.56,0.149,-0.0332,0.16,-0.004,0.029,-4.209,-2.144,67.55,12.17,3.24,1,0.831,0.48,-2.89,-2.391,1,5,0.1626,0.1552,0.1571,0.1645
48.546,1,0.58,-4.74,6.83,4,79.5,20.25,0.1366,-0.0969,0.16,-0.001,-0.008,-4.206,-2.138,67.55,12.17,3.24,1,0.834,0.48,-2.29,-0.812,1,5,0.1647,0.1591,0.1591,0.1591
48.62,1,0.664,-4.74,3.55,4,78.2,20.12,0.0888,-0.0782,0.154,-0.005,-0.048,-4.202,-2.13,67.44,12.15,5.3,1,0.833,0.48,-2.29,-0.791,1,5,0.165,0.1427,0.1557,0.152
48.648,1,0.645,-5.24,6.38,4,78.6,20.56,0.0957,-0.0206,0.146,-0.009,-0.117,-4.2,-2.125,67.21,12.15,5.3,1,0.83,0.48,-1.93,-0.171,1,5,0.1574,0.126,0.1482,0.1519
48.712,1,0.529,-5.24,2.36,3,79.4,20.56,0.1238,-0.0777,0.133,-0.007,-0.043,-4.197,-2.118,67.15,12.15,5.3,1,0.84,-0.48,-3.49,-0.837,1,5,0.1461,0.1146,0.1368,0.135
48.748,1,0.67,-5.74,3.6,4,79.0,20.56,0.1307,-0.001,0.129,-0.004,-0.065,-4.194,-2.113,66.98,12.15,5.3,1,0.836,-0.48,-3.5,-0.817,1,5,0.1461,0.1183,0.1313,0.1202
48.781,1,0.667,-5.99,3.56,4,79.5,20.77,0.1447,-0.0275,0.126,-0.004,-0.081,-4.192,-2.108,66.86,12.15,5.3,1,0.846,-1.45,-4.27,-1.752,1,5,0.1405,0.1146,0.1294,0.1183
48.815,1,0.676,-5.99,2.94,4,79.5,20.56,0.1588,-0.0308,0.124,-0.002,-0.04,-4.191,-2.106,66.81,12.15,2.64,1,0.844,-1.45,-4.72,-0.82,1,5,0.1369,0.1147,0.1295,0.1166
48.848,1,0.674,-5.99,3.26,4,79.3,20.69,0.1657,-0.0186,0.123,-0.002,-0.015,-4.189,-2.102,66.75,12.15,2.64,1,0.844,-1.45,-4.72,-0.82,1,5,0.1295,0.1147,0.1277,0.1203
48.881,1,0.527,-5.74,2.23,3,78.8,20.56,0.16,-0.0249,0.127,-0.002,0.027,-4.187,-2.097,66.75,12.15,2.64,1,0.803,1.94,-3.93,-3.26,1,5,0.1314,0.1222,0.1277,0.1259
48.912,1,0.528,-5.49,2.29,3,78.5,20.96,0.1491,0.0001,0.133,-0.002,0.032,-4.186,-2.094,66.75,12.15,2.64,1,0.826,3.39,4.23,0.0,1,5,0.1388,0.1296,0.1333,0.1314
49.012,1,0.665,-4.99,3.8,4,78.3,20.77,0.1491,-0.0039,0.148,-0.002,-0.074,-4.18,-2.08,66.63,12.15,0.02,1,0.821,7.27,7.63,-1.285,1,5,0.1534,0.1441,0.1478,0.1478
49.085,1,0.579,-4.74,5.28,4,78.7,20.84,0.1698,-0.0541,0.146,0.002,0.016,-4.175,-2.069,66.46,12.15,0.02,1,0.831,6.3,7.86,-1.628,1,5,0.1445,0.1389,0.1574,0.1445
49.111,1,0.644,-4.49,3.46,4,78.7,21.03,0.1457,-0.0787,0.147,0.002,-0.031,-4.174,-2.067,66.46,12.15,0.02,1,0.832,6.3,10.16,1.715,1,5,0.1464,0.1446,0.1538,0.1446
49.214,1,0.679,-4.74,2.23,4,77.9,20.52,0.1547,-0.0427,0.155,0.002,-0.143,-4.168,-2.052,66.06,12.15,2.06,1,0.806,0.97,3.52,3.472,1,5,0.1612,0.1519,0.1612,0.1445
49.25,1,0.683,-4.74,1.9,4,77.2,20.69,0.1427,-0.0068,0.152,-0.002,0.025,-4.165,-2.047,66.0,12.15,2.06,1,0.806,0.97,3.52,3.472,1,5,0.1649,0.1389,0.1612,0.1445
49.312,1,0.684,-4.49,1.64,4,77.0,20.89,0.1496,-0.0014,0.158,-0.001,-0.006,-4.162,-2.038,65.95,12.15,2.06,1,0.833,0.48,0.64,-1.679,1,5,0.1627,0.1442,0.1701,0.1553
49.412,1,0.667,-3.99,1.29,4,77.4,20.77,0.1726,-0.0025,0.152,0.003,-0.019,-4.156,-2.024,65.72,12.15,1.77,1,0.851,0.48,-2.28,-0.854,1,5,0.1553,0.1535,0.1553,0.1424
49.446,1,0.665,-3.74,1.38,4,78.0,20.69,0.1701,0.0007,0.154,0.0,0.045,-4.153,-2.018,65.78,12.15,1.77,1,0.85,0.48,-2.28,-0.856,1,5,0.1554,0.1499,0.1591,0.1517
49.512,1,0.644,-3.24,3.57,4,78.1,20.84,0.1697,-0.0029,0.162,0.002,-0.001,-4.149,-2.009,65.78,12.15,1.77,1,0.849,1.45,-3.13,-0.237,1,5,0.159,0.1609,0.1664,0.1609
49.58,1,0.678,-3.24,1.5,4,78.4,20.69,0.1665,-0.063,0.165,-0.001,0.058,-4.144,-1.997,65.72,12.15,1.77,1,0.854,1.45,-3.13,-0.196,1,5,0.1664,0.1627,0.1646,0.1646
49.613,1,0.685,-2.99,1.95,4,78.4,21.03,0.1718,-0.0109,0.167,-0.002,0.054,-4.142,-1.994,65.78,12.16,2.54,1,0.854,1.45,-3.13,-0.196,1,5,0.1702,0.1628,0.1665,0.1665
49.645,1,0.638,-2.75,4.3,4,78.6,20.84,0.1602,-0.0226,0.171,-0.002,-0.076,-4.139,-1.988,65.66,12.16,2.54,1,0.856,1.94,-3.52,-4.143,1,5,0.1738,0.1646,0.172,0.172
49.711,1,0.662,-3.24,1.56,4,79.1,20.56,0.131,-0.0654,0.167,0.003,-0.139,-4.135,-1.978,65.43,12.16,2.54,1,0.856,1.45,-4.23,-0.785,1,5,0.1692,0.1692,0.171,0.1581
49.749,1,0.681,-3.49,1.2,4,78.5,20.69,0.119,0.0003,0.159,0.001,0.018,-4.133,-1.973,65.32,12.16,2.54,1,0.854,0.48,-4.7,-4.355,1,5,0.1637,0.1526,0.1673,0.1508
49.779,1,0.675,-3.49,1.2,4,79.0,20.69,0.1181,0.0103,0.155,-0.002,-0.061,-4.13,-1.967,65.26,12.16,2.54,1,0.858,0.48,-5.43,-0.777,1,5,0.16,0.1361,0.1692,0.1545
49.811,1,0.681,-3.49,1.19,4,78.8,20.69,0.132,0.0074,0.157,-0.004,-0.036,-4.128,-1.964,65.2,12.16,0.93,1,0.861,0.48,-4.34,-0.165,1,5,0.1628,0.1332,0.1721,0.1591
49.849,1,0.681,-3.74,1.11,4,79.4,20.51,0.1389,0.0063,0.153,0.001,-0.038,-4.126,-1.959,65.15,12.16,0.93,1,0.862,0.48,-6.4,-2.975,1,5,0.1554,0.1406,0.1665,0.148
49.879,1,0.672,-3.74,0.73,4,78.5,20.69,0.1526,0.0086,0.144,0.004,-0.095,-4.124,-1.954,64.97,12.16,0.93,1,0.834,3.39,-1.72,-2.446,1,5,0.1479,0.1479,0.1479,0.1331
49.912,1,0.666,-3.74,0.8,4,77.6,20.95,0.1589,0.0168,0.139,0.003,-0.045,-4.123,-1.952,64.92,12.16,0.93,1,0.834,3.39,-1.72,-2.446,1,5,0.1441,0.1423,0.1404,0.1275
49.95,1,0.673,-3.74,0.73,4,78.3,20.69,0.1589,0.0148,0.139,0.0,-0.02,-4.12,-1.946,64.86,12.16,0.93,1,0.834,3.39,-1.72,-2.446,1,5,0.1449,0.1357,0.1413,0.1321
49.979,1,0.668,-3.49,0.48,4,78.5,20.89,0.1659,0.0157,0.142,-0.001,-0.009,-4.118,-1.941,64.92,12.16,0.93,1,0.85,3.88,-0.11,-1.917,1,5,0.1402,0.133,0.1493,0.1457
50.013,1,0.667,-3.24,0.61,4,78.5,20.51,0.1579,0.0194,0.145,0.001,0.013,-4.117,-1.938,64.97,12.17,-1.95,1,0.831,7.76,6.71,-2.879,1,5,0.1403,0.1403,0.1513,0.1476
50.046,1,0.668,-3.49,0.79,4,78.2,20.77,0.148,0.0139,0.15,0.002,0.018,-4.114,-1.933,64.92,12.17,-1.95,1,0.831,7.76,6.71,-2.879,1,5,0.1431,0.1559,0.1468,0.1523
50.081,1,0.665,-3.49,0.8,4,78.1,20.77,0.148,0.0131,0.151,-0.0,-0.004,-4.111,-1.927,64.92,12.17,-1.95,1,0.831,7.76,6.71,-2.879,1,5,0.1516,0.1609,0.1405,0.1516
50.113,1,0.677,-3.24,0.24,4,78.3,20.69,0.148,0.0129,0.151,-0.003,0.07,-4.11,-1.925,64.97,12.17,-1.95,1,0.831,7.76,6.71,-2.879,1,5,0.1533,0.1551,0.1403,0.1551
50.18,1,0.688,-2.75,0.66,4,76.3,20.51,0.1692,0.0224,0.151,-0.003,0.004,-4.105,-1.913,65.15,12.17,-1.95,1,0.84,8.24,10.22,-1.56,1,5,0.145,0.1432,0.1542,0.1634
50.215,1,0.68,-2.75,0.98,4,76.2,20.69,0.1717,0.0057,0.152,-0.0,0.023,-4.103,-1.911,65.15,12.17,-2.77,1,0.844,8.24,10.15,1.625,1,5,0.145,0.1505,0.1524,0.1597
50.246,1,0.67,-2.5,0.78,4,77.0,20.69,0.172,-0.0021,0.153,-0.0,-0.047,-4.101,-1.905,65.15,12.17,-2.77,1,0.824,10.66,8.37,-1.824,1,5,0.1506,0.1561,0.1488,0.1561
50.28,1,0.649,-2.5,0.78,4,78.5,20.69,0.1582,0.0018,0.155,-0.0,0.05,-4.098,-1.899,65.09,12.17,-2.77,1,0.823,12.6,17.44,0.0,0,5,0.1507,0.1544,0.147,0.1562
50.312,1,0.58,-2.5,1.05,4,76.9,20.89,0.137,0.0047,0.155,-0.0,0.05,-4.098,-1.899,65.09,12.17,-2.77,1,0.823,12.6,17.44,0.0,0,5,0.1544,0.158,0.1507,0.1562
50.345,1,0.609,-2.25,1.29,4,75.5,20.52,0.1251,0.0008,0.161,0.002,-0.015,-4.094,-1.89,65.15,12.17,-2.77,1,0.841,9.21,10.82,2.493,1,5,0.155,0.1587,0.1679,0.1643
50.378,1,0.666,-2.25,0.76,4,76.4,20.52,0.1007,-0.0035,0.163,0.003,0.011,-4.093,-1.887,65.15,12.17,-2.77,1,0.848,9.21,11.38,-1.552,1,5,0.1562,0.1617,0.1709,0.1636
50.412,1,0.655,-2.25,1.09,4,77.6,20.69,0.1146,0.0055,0.163,0.002,0.014,-4.091,-1.884,65.15,12.17,0.4,1,0.846,9.21,11.37,-1.57,1,5,0.1563,0.1618,0.1673,0.1655
50.445,1,0.603,-1.75,0.56,4,75.7,20.52,0.1215,-0.0016,0.157,0.0,0.005,-4.089,-1.879,65.09,12.17,0.4,1,0.846,9.21,11.37,-1.57,1,5,0.1543,0.158,0.1562,0.1598
50.479,1,0.675,-2.0,0.57,4,75.2,20.77,0.0973,0.0041,0.149,-0.002,-0.006,-4.086,-1.873,65.09,12.17,0.4,1,0.851,10.18,10.07,-0.144,1,5,0.1513,0.1458,0.1476,0.1513
50.51,1,0.688,-2.0,0.52,4,75.0,20.77,0.1112,0.0073,0.146,-0.003,-0.014,-4.085,-1.871,65.09,12.17,0.4,1,0.847,9.21,11.36,-1.603,1,5,0.1494,0.1385,0.1476,0.1476
50.546,1,0.688,-1.75,0.61,4,75.1,20.69,0.1181,0.0078,0.142,-0.002,0.002,-4.082,-1.866,65.09,12.17,0.4,1,0.84,7.76,11.89,1.682,1,5,0.1476,0.131,0.1476,0.1403
50.578,1,0.688,-2.0,0.52,4,76.2,20.77,0.1323,0.0021,0.139,0.0,-0.04,-4.08,-1.861,64.97,12.17,0.4,1,0.84,7.76,11.89,1.682,1,5,0.1421,0.131,0.1476,0.1347
50.613,1,0.665,-2.5,1.0,4,77.1,20.89,0.1462,0.0062,0.135,0.004,-0.123,-4.08,-1.858,64.92,12.18,1.52,1,0.84,2.42,-1.25,-2.256,1,5,0.1366,0.1329,0.1458,0.1255
50.647,1,0.681,-2.5,0.4,4,77.1,20.77,0.1531,0.0006,0.127,0.006,-0.027,-4.078,-1.854,64.69,12.18,1.52,1,0.861,2.42,-1.91,-0.171,1,5,0.1256,0.1256,0.1422,0.1163
50.679,1,0.693,-2.5,0.42,4,77.4,20.76,0.1484,0.0145,0.126,0.006,-0.001,-4.076,-1.849,64.63,12.18,1.52,1,0.867,1.94,-3.94,-3.228,1,5,0.1238,0.122,0.1423,0.1146
50.711,1,0.69,-2.5,0.34,4,77.5,20.56,0.1463,0.0136,0.127,0.003,-0.019,-4.074,-1.847,64.63,12.18,1.52,1,0.864,1.94,-2.52,-1.921,1,5,0.1275,0.1183,0.1423,0.122
50.744,1,0.684,-2.25,0.15,4,77.5,20.52,0.1532,0.0151,0.134,0.002,-0.001,-4.072,-1.842,64.63,12.18,1.52,1,0.868,2.42,-3.02,-0.789,1,5,0.133,0.133,0.1404,0.1312
50.78,1,0.68,-2.25,0.47,4,77.6,20.69,0.1674,0.0161,0.136,0.003,-0.014,-4.07,-1.837,64.63,12.18,1.52,1,0.868,2.42,-3.02,-0.789,1,5,0.1312,0.1423,0.1349,0.1349
50.814,1,0.676,-2.25,0.79,4,77.4,20.84,0.172,0.0078,0.136,0.005,0.028,-4.069,-1.834,64.63,12.18,0.96,1,0.868,2.42,-3.02,-0.789,1,5,0.1294,0.1479,0.135,0.1331
50.844,1,0.682,-2.25,0.21,4,77.2,20.51,0.1714,-0.0004,0.136,0.003,-0.004,-4.066,-1.829,64.63,12.18,0.96,1,0.876,2.42,-3.03,-0.782,1,5,0.1314,0.1443,0.1332,0.1351
50.88,1,0.68,-2.25,0.54,4,76.5,20.56,0.1723,0.0146,0.143,0.001,0.023,-4.064,-1.824,64.69,12.18,0.96,1,0.876,2.42,-3.03,-0.782,1,5,0.137,0.1444,0.1425,0.1462
50.911,1,0.68,-1.75,-0.05,4,77.3,20.69,0.172,0.0062,0.146,0.001,0.041,-4.063,-1.821,64.69,12.18,0.96,1,0.876,2.42,-3.03,-0.782,1,5,0.1388,0.1462,0.148,0.1517
50.944,1,0.687,-1.5,0.32,4,77.9,20.89,0.168,0.0151,0.157,0.003,0.018,-4.06,-1.815,64.8,12.18,0.96,1,0.874,3.39,-3.28,-2.079,1,5,0.1425,0.1554,0.1647,0.1647
50.98,1,0.687,-1.25,0.07,4,77.4,20.69,0.168,0.0034,0.163,0.005,0.006,-4.057,-1.809,64.8,12.18,0.96,1,0.874,3.39,-3.28,-2.079,1,5,0.1517,0.1684,0.1665,0.1647
51.01,1,0.668,-1.25,0.43,4,75.5,20.69,0.1731,0.0074,0.163,0.003,-0.025,-4.056,-1.806,64.8,12.19,-0.08,1,0.852,3.39,-2.16,-1.464,1,5,0.1574,0.1703,0.1629,0.1629
51.043,1,0.696,-1.25,0.08,4,75.2,20.69,0.1612,-0.0009,0.164,0.0,0.011,-4.053,-1.8,64.74,12.19,-0.08,1,0.86,3.39,-1.45,-1.587,1,5,0.1647,0.1684,0.1591,0.1628
51.08,1,0.683,-1.25,0.72,4,76.1,20.84,0.1745,0.0082,0.163,-0.003,0.035,-4.05,-1.794,64.8,12.19,-0.08,1,0.86,3.39,-1.45,-1.587,1,5,0.1666,0.1574,0.1629,0.1666
51.111,1,0.679,-1.0,0.44,4,76.5,20.89,0.1725,-0.0082,0.166,-0.003,0.001,-4.049,-1.791,64.8,12.19,-0.08,1,0.86,3.39,-1.45,-1.587,1,5,0.1647,0.1573,0.1684,0.1739
51.15,1,0.648,-0.75,0.66,4,74.6,20.69,0.1718,-0.0038,0.169,0.0,-0.003,-4.046,-1.785,64.8,12.19,-0.08,1,0.86,3.88,-1.56,-1.507,1,5,0.1649,0.1686,0.1704,0.1723
51.181,1,0.686,-0.75,0.52,4,75.5,20.84,0.1601,-0.0112,0.168,0.001,-0.001,-4.043,-1.779,64.8,12.19,-0.08,1,0.853,3.88,-1.56,-1.501,1,5,0.1627,0.172,0.1664,0.1701
51.209,1,0.676,-1.0,0.46,4,76.6,20.89,0.167,-0.0079,0.166,0.001,-0.034,-4.042,-1.776,64.74,12.19,-0.57,1,0.86,3.88,-1.55,-1.504,1,5,0.1626,0.17,0.1645,0.1663
51.245,1,0.65,-0.5,0.31,4,77.8,21.26,0.161,-0.0024,0.166,-0.002,0.088,-4.039,-1.77,64.86,12.19,-0.57,1,0.869,3.39,-1.7,-2.404,1,5,0.1662,0.1607,0.1662,0.1699
51.278,1,0.628,-0.5,0.93,4,78.5,20.89,0.1669,-0.0048,0.168,-0.0,-0.047,-4.036,-1.764,64.86,12.19,-0.57,1,0.879,4.85,-2.53,-0.856,1,5,0.1663,0.1663,0.1682,0.17
51.31,1,0.65,-0.5,0.79,4,77.6,20.89,0.143,-0.0172,0.168,0.001,-0.037,-4.035,-1.76,64.8,12.19,-0.57,1,0.89,4.85,-0.31,-3.163,1,5,0.1664,0.1738,0.1646,0.1664
51.344,1,0.654,-0.75,0.27,4,76.8,20.69,0.1499,-0.0146,0.16,0.004,-0.029,-4.032,-1.755,64.8,12.19,-0.57,1,0.881,4.36,-1.06,0.235,1,5,0.1594,0.1741,0.1539,0.1539
51.381,1,0.667,-0.75,0.2,4,77.3,20.69,0.164,0.0003,0.156,0.001,0.02,-4.029,-1.749,64.8,12.19,-0.57,1,0.881,4.36,-1.06,0.235,1,5,0.1558,0.1595,0.154,0.154
51.412,1,0.656,-0.75,0.61,4,77.5,21.26,0.17,0.0018,0.153,-0.001,0.04,-4.028,-1.746,64.8,12.19,-0.57,1,0.881,4.36,-1.06,0.235,1,5,0.153,0.1475,0.1566,0.1566
51.445,1,0.64,-0.25,0.69,4,78.5,20.95,0.1684,-0.0088,0.157,-0.001,-0.038,-4.025,-1.741,64.8,12.19,-1.46,1,0.881,4.36,-1.06,0.235,1,5,0.1508,0.1471,0.1637,0.1655
51.478,1,0.633,-0.5,0.58,4,79.3,21.26,0.1621,-0.016,0.158,0.0,-0.013,-4.022,-1.735,64.8,12.19,-1.46,1,0.871,4.36,0.52,-0.455,1,5,0.1544,0.158,0.158,0.1617
51.511,1,0.661,-0.25,0.32,4,79.6,20.69,0.1457,-0.0087,0.158,0.0,-0.046,-4.021,-1.732,64.74,12.19,-1.46,1,0.874,4.36,-1.89,-3.88,1,5,0.1573,0.1628,0.1536,0.1591
51.546,1,0.678,-0.25,0.32,4,79.4,20.69,0.1527,-0.0063,0.157,-0.001,0.049,-4.018,-1.726,64.8,12.19,-1.46,1,0.873,4.36,0.51,-0.418,1,5,0.159,0.159,0.1535,0.1572
51.581,1,0.68,-0.25,0.32,4,79.8,20.69,0.1473,-0.0057,0.155,-0.002,0.009,-4.016,-1.721,64.8,12.19,-1.46,1,0.894,4.85,-2.23,-4.403,1,5,0.1572,0.1553,0.1572,0.1572
51.611,1,0.659,-0.25,0.58,4,80.0,20.69,0.1236,-0.0045,0.156,-0.002,-0.023,-4.014,-1.718,64.8,12.19,-1.46,1,0.894,4.85,-2.23,-4.403,1,5,0.1534,0.146,0.1626,0.1626
51.646,1,0.675,-0.5,0.64,4,79.2,21.03,0.1117,-0.0085,0.156,-0.002,-0.024,-4.011,-1.712,64.74,12.2,-1.86,1,0.894,4.85,-2.23,-4.403,1,5,0.1553,0.1516,0.1553,0.1609
51.679,1,0.589,-0.5,0.16,4,79.0,21.03,0.1156,-0.0068,0.15,-0.0,-0.017,-4.009,-1.707,64.74,12.2,-1.86,1,0.85,8.72,0.15,-4.178,1,5,0.1536,0.1591,0.1406,0.148
51.711,1,0.57,-0.5,0.54,4,78.8,21.26,0.0917,0.002,0.146,-0.0,-0.003,-4.008,-1.705,64.69,12.2,-1.86,1,0.874,10.18,9.12,-2.344,1,5,0.15,0.1556,0.1371,0.1426
51.747,1,0.519,0.0,0.0,3,79.4,20.96,0.0798,-0.0046,0.138,-0.0,0.059,-4.005,-1.7,64.86,12.2,-1.86,1,0.897,9.69,8.54,-0.593,1,5,0.1388,0.137,0.1388,0.1388
51.78,1,0.51,0.0,0.36,3,79.5,21.1,0.094,-0.0012,0.133,-0.004,-0.025,-4.003,-1.695,64.8,12.2,-1.86,1,0.874,11.63,7.25,-1.591,1,5,0.1294,0.1146,0.1424,0.1442
51.811,1,0.564,0.0,0.93,4,79.8,21.03,0.101,-0.0072,0.13,-0.005,-0.002,-4.002,-1.693,64.8,12.2,-1.86,1,0.873,14.54,13.05,-1.725,1,5,0.1276,0.1109,0.1387,0.1424
51.843,1,0.569,-0.25,0.49,4,80.0,20.95,0.096,-0.0169,0.12,-0.002,-0.034,-4.0,-1.689,64.74,12.2,-2.26,1,0.873,14.54,13.05,-1.725,1,5,0.1202,0.1109,0.1239,0.1239
51.88,1,0.574,-0.25,0.53,4,79.0,20.69,0.0718,-0.0061,0.108,0.001,-0.067,-3.999,-1.685,64.69,12.2,-2.26,1,0.873,14.54,13.05,-1.725,1,5,0.1109,0.1109,0.1072,0.1017
51.912,1,0.6,-0.25,0.66,4,78.7,20.69,0.07,-0.0068,0.101,0.003,-0.074,-3.998,-1.684,64.57,12.2,-2.26,1,0.873,14.54,13.05,-1.725,1,5,0.1035,0.1072,0.0998,0.0924
51.945,1,0.597,-0.25,0.32,4,78.7,21.0,0.0769,-0.0092,0.089,0.003,0.046,-3.997,-1.681,64.57,12.2,-2.26,1,0.873,14.54,13.05,-1.725,1,5,0.0868,0.0887,0.0942,0.085
51.978,1,0.573,-0.25,0.52,4,78.9,20.69,0.0848,-0.0033,0.081,0.002,-0.026,-3.995,-1.678,64.57,12.2,-2.26,1,0.885,9.21,6.95,0.456,1,5,0.0813,0.0813,0.0924,0.0868
52.01,1,0.569,-0.25,0.22,4,78.9,21.0,0.073,-0.0068,0.078,0.002,0.0,-3.995,-1.677,64.57,12.2,-2.26,1,0.902,9.21,7.42,-2.818,1,5,0.074,0.0703,0.0887,0.0777
52.044,1,0.566,-0.5,0.13,4,78.9,21.03,0.07,-0.0016,0.074,-0.001,-0.041,-3.993,-1.674,64.52,12.21,-0.87,1,0.905,9.21,7.4,-2.813,1,5,0.0758,0.0666,0.0795,0.074
52.079,1,0.515,-0.5,-0.12,3,78.8,20.96,0.07,0.0029,0.07,-0.001,-0.018,-3.992,-1.672,64.46,12.21,-0.87,1,0.905,9.21,7.4,-2.813,1,5,0.0759,0.0648,0.074,0.0666
52.113,1,0.522,-0.75,0.17,3,78.7,20.57,0.084,0.0071,0.069,-0.001,-0.016,-3.992,-1.671,64.46,12.21,-0.87,1,0.91,9.21,6.92,-2.823,1,5,0.0722,0.0629,0.0722,0.0685
52.147,1,0.526,-0.5,-0.06,3,78.4,20.81,0.0909,0.0051,0.063,0.002,0.016,-3.991,-1.668,64.46,12.21,-0.87,1,0.91,9.21,6.92,-2.823,1,5,0.0629,0.0629,0.0666,0.0592
52.179,1,0.525,-0.5,-0.12,3,78.9,20.96,0.105,0.0057,0.058,0.002,0.031,-3.99,-1.666,64.52,12.21,-0.87,1,0.929,9.21,6.99,-2.725,1,5,0.0573,0.0628,0.0573,0.0554
52.209,1,0.522,-0.25,-0.06,3,78.7,20.57,0.112,0.0068,0.057,0.002,0.014,-3.989,-1.665,64.52,12.21,-0.87,1,0.935,9.21,6.7,-4.878,1,5,0.0554,0.0647,0.0536,0.0536
52.243,1,0.525,-0.25,0.29,3,78.7,20.57,0.0981,0.0025,0.06,0.0,0.018,-3.988,-1.663,64.57,12.21,-0.87,1,0.942,9.69,8.05,0.251,1,5,0.0591,0.0684,0.0517,0.0591
52.28,1,0.527,-0.25,0.23,3,78.5,20.81,0.0981,-0.0034,0.066,-0.0,-0.02,-3.987,-1.66,64.57,12.21,-0.87,1,0.938,10.18,7.56,1.398,1,5,0.0647,0.0721,0.0592,0.0684
52.312,1,0.531,0.0,0.0,3,78.1,20.96,0.0981,-0.0021,0.07,0.0,0.009,-3.986,-1.659,64.57,12.21,-0.87,1,0.938,10.18,7.56,1.398,1,5,0.0684,0.0758,0.0647,0.0721
52.343,1,0.533,0.25,-0.29,3,78.4,20.57,0.0981,-0.0011,0.074,0.0,0.023,-3.985,-1.656,64.63,12.21,-0.87,1,0.938,10.18,7.56,1.398,1,5,0.0703,0.0758,0.074,0.0777
52.376,1,0.535,0.25,0.42,3,78.3,20.57,0.0981,0.0014,0.078,0.001,0.002,-3.984,-1.653,64.63,12.21,-0.87,1,0.938,10.18,7.56,1.398,1,5,0.0702,0.0758,0.0758,0.0795
52.412,1,0.54,0.25,0.06,3,77.0,20.46,0.0981,-0.0105,0.079,0.001,-0.006,-3.983,-1.652,64.63,12.21,-0.87,1,0.935,10.18,7.78,-1.834,1,5,0.0759,0.0777,0.0833,0.0796
52.445,1,0.539,0.25,0.06,3,77.4,20.46,0.0981,-0.0041,0.085,0.0,0.039,-3.981,-1.648,64.63,12.21,0.02,1,0.935,10.18,7.78,-1.834,1,5,0.087,0.0833,0.087,0.0833
52.478,1,0.528,0.5,0.12,3,76.9,20.96,0.0981,-0.0038,0.088,0.0,-0.001,-3.98,-1.645,64.63,12.21,0.02,1,0.922,9.21,8.88,-0.174,1,5,0.0907,0.087,0.087,0.0833
52.514,1,0.531,0.5,-0.23,3,75.4,20.96,0.0981,-0.0077,0.088,0.0,0.015,-3.979,-1.644,64.69,12.21,0.02,1,0.922,9.21,8.88,-0.174,1,5,0.0887,0.0887,0.0869,0.0869
52.544,1,0.526,0.5,0.12,3,73.2,20.96,0.0981,-0.0013,0.086,0.002,0.011,-3.978,-1.64,64.69,12.21,0.02,1,0.905,5.33,-1.4,0.245,1,5,0.085,0.0905,0.0868,0.0832
52.58,1,0.509,0.75,0.19,3,71.6,20.46,0.0981,-0.0072,0.083,0.003,-0.017,-3.977,-1.638,64.69,12.21,0.02,1,0.904,5.82,-0.89,-2.343,1,5,0.0813,0.0887,0.0832,0.0776
52.645,1,0.463,1.0,-0.08,3,72.2,20.57,0.0981,-0.0108,0.08,0.002,-0.016,-3.975,-1.633,64.57,12.22,1.15,1,0.885,6.3,-0.63,-0.951,1,5,0.0759,0.0833,0.0796,0.0796
52.679,1,0.475,1.0,0.23,3,72.3,20.57,0.0981,-0.0087,0.082,0.005,-0.019,-3.974,-1.63,64.57,12.22,1.15,1,0.878,6.3,-0.62,-0.953,1,5,0.0759,0.0833,0.0851,0.0814
52.711,1,0.499,1.0,-0.1,3,72.9,20.96,0.0981,-0.0139,0.082,0.007,-0.013,-3.973,-1.628,64.57,12.22,1.15,1,0.878,6.3,-0.62,-0.953,1,5,0.0685,0.0815,0.0963,0.0815
52.745,1,0.512,0.75,0.12,3,71.4,20.46,0.0981,-0.0078,0.088,0.006,-0.013,-3.971,-1.625,64.52,12.22,1.15,1,0.878,6.3,-0.62,-0.953,1,5,0.0814,0.0851,0.1018,0.0833
52.778,1,0.618,0.75,0.19,4,70.1,20.33,0.0981,-0.0086,0.091,0.002,-0.025,-3.97,-1.622,64.46,12.22,1.15,1,0.856,5.82,-0.68,-2.133,1,5,0.0925,0.087,0.0981,0.0851
52.812,1,0.512,0.75,-0.17,3,69.4,20.46,0.0981,-0.0098,0.092,0.0,-0.04,-3.969,-1.62,64.4,12.22,1.15,1,0.843,5.33,0.48,-1.725,1,5,0.0962,0.0888,0.0962,0.087
52.843,1,0.515,0.75,-0.53,3,69.5,20.46,0.0981,-0.0036,0.093,0.004,-0.02,-3.968,-1.616,64.34,12.22,1.16,1,0.843,5.33,0.48,-1.725,1,5,0.0944,0.0962,0.0981,0.0851
52.88,1,0.629,0.75,-0.35,4,70.2,20.52,0.0981,0.0025,0.091,0.005,-0.039,-3.966,-1.613,64.29,12.22,1.16,1,0.843,5.33,0.48,-1.725,1,5,0.0907,0.0963,0.0944,0.0815
52.912,1,0.53,0.75,-0.53,3,71.7,20.46,0.0981,-0.0005,0.09,0.006,0.003,-3.966,-1.612,64.29,12.22,1.16,1,0.807,5.33,-1.36,0.615,1,5,0.0926,0.0981,0.0944,0.0759
52.944,1,0.583,0.75,0.05,4,71.0,20.78,0.0981,0.0025,0.087,0.005,-0.012,-3.964,-1.608,64.29,12.22,1.16,1,0.807,5.33,-1.36,0.615,1,5,0.087,0.0926,0.0907,0.0778
52.976,1,0.701,0.75,-0.37,5,70.8,20.2,0.0739,-0.0075,0.089,0.004,-0.037,-3.963,-1.605,64.23,12.22,1.16,1,0.797,5.33,-1.29,0.907,1,5,0.087,0.0925,0.0925,0.0814
53.01,1,0.636,0.75,-0.49,4,70.5,20.33,0.07,-0.0003,0.089,0.003,-0.015,-3.962,-1.603,64.17,12.22,1.16,1,0.744,5.33,-1.68,-1.365,1,4,0.0832,0.0868,0.0979,0.0887
53.042,1,0.638,0.75,-0.79,4,70.3,20.24,0.0768,0.0018,0.09,0.004,-0.042,-3.961,-1.6,64.11,12.22,0.81,1,0.739,5.33,-1.68,-1.348,1,4,0.087,0.0833,0.1036,0.0851
53.078,1,0.612,0.5,-0.85,4,69.4,20.03,0.0744,0.007,0.086,0.002,-0.019,-3.959,-1.597,64.06,12.22,0.81,1,0.736,4.36,-1.83,-5.824,1,4,0.0869,0.0777,0.1035,0.0832
53.112,1,0.598,0.5,-0.85,4,68.2,20.03,0.0744,0.0111,0.084,0.002,-0.015,-3.959,-1.596,64.06,12.22,0.81,1,0.736,4.36,-1.83,-5.824,1,4,0.0851,0.074,0.0981,0.0796
53.144,1,0.612,0.5,-0.85,4,67.6,20.03,0.0744,0.0109,0.079,0.001,-0.018,-3.957,-1.593,64.0,12.22,0.81,1,0.736,4.36,-1.83,-5.824,1,4,0.0795,0.0758,0.085,0.0776
53.179,1,0.616,0.5,-0.84,4,66.3,20.08,0.0744,0.0107,0.075,0.002,0.005,-3.956,-1.59,64.0,12.22,0.81,1,0.728,4.36,-2.22,-2.967,1,4,0.074,0.0796,0.074,0.0703
53.211,1,0.601,0.75,-0.86,4,67.0,19.72,0.0744,0.0105,0.072,0.002,0.028,-3.956,-1.589,64.0,12.22,0.81,1,0.728,4.36,-2.22,-2.967,1,4,0.0722,0.0796,0.0685,0.0666
53.244,1,0.581,0.5,-0.46,4,67.1,20.32,0.0744,0.0076,0.067,0.002,0.031,-3.955,-1.587,64.17,12.22,-1.07,1,0.728,4.36,-2.22,-2.967,1,4,0.0666,0.074,0.0648,0.0629
53.282,1,0.587,0.75,-0.63,4,67.9,20.32,0.0744,0.0038,0.067,0.002,0.024,-3.953,-1.584,64.17,12.22,-1.07,1,0.728,4.36,-2.22,-2.967,1,4,0.0629,0.0703,0.0684,0.0666
53.311,1,0.621,0.5,-0.35,4,69.9,20.08,0.0744,0.0036,0.067,0.002,-0.021,-3.953,-1.583,64.11,12.22,-1.07,1,0.728,4.36,-2.22,-2.967,1,4,0.0629,0.0684,0.0684,0.0666
53.343,1,0.658,0.75,-0.5,4,71.5,20.33,0.0744,0.0021,0.065,0.001,-0.044,-3.952,-1.581,64.06,12.22,-1.07,1,0.722,5.33,-1.67,-1.32,1,4,0.0611,0.0629,0.0703,0.0666
53.378,1,0.69,0.75,-0.58,4,74.0,20.33,0.0744,0.0017,0.064,0.001,-0.01,-3.951,-1.578,64.06,12.22,-1.07,1,0.719,5.82,-3.04,-4.338,1,4,0.0629,0.0629,0.0703,0.0648
53.409,1,0.699,0.75,-0.88,4,75.3,19.95,0.0744,0.0031,0.064,0.0,-0.019,-3.95,-1.577,64.06,12.22,-1.07,1,0.719,5.82,-3.04,-4.338,1,4,0.0648,0.0611,0.0685,0.063
53.444,1,0.704,0.25,-0.32,4,75.0,20.16,0.0744,0.0083,0.068,-0.001,-0.011,-3.949,-1.575,64.0,12.22,-2.26,1,0.719,5.82,-3.04,-4.338,1,4,0.0721,0.0647,0.0702,0.0665
53.481,1,0.707,0.25,-0.6,4,75.1,20.33,0.0744,0.0046,0.069,-0.002,0.004,-3.948,-1.572,64.0,12.22,-2.26,1,0.719,5.82,-3.04,-4.338,1,4,0.0738,0.0646,0.0701,0.0683
53.513,1,0.702,0.75,-0.78,4,73.9,20.24,0.0744,0.0091,0.07,-0.002,0.002,-3.947,-1.571,64.0,12.22,-2.26,1,0.719,5.82,-3.04,-4.338,1,4,0.0719,0.0664,0.07,0.0719
53.547,1,0.698,0.75,-0.86,4,73.4,20.45,0.0744,0.0057,0.07,-0.0,0.004,-3.946,-1.568,64.06,12.22,-2.26,1,0.753,12.6,19.3,0.0,0,5,0.0702,0.0739,0.0647,0.0702
53.577,1,0.702,0.75,-0.86,4,73.8,20.45,0.0744,0.0076,0.069,-0.0,0.013,-3.945,-1.567,64.06,12.22,-2.26,1,0.701,13.09,13.03,1.38,1,4,0.0665,0.0757,0.0609,0.072
53.612,1,0.709,0.75,-0.58,4,74.5,20.45,0.0744,0.0079,0.068,0.0,0.019,-3.944,-1.565,64.11,12.22,-2.26,1,0.701,13.09,13.03,1.38,1,4,0.0665,0.0776,0.0591,0.0702
53.644,1,0.71,0.75,-0.59,4,75.5,20.45,0.0744,0.0031,0.066,0.0,0.068,-3.943,-1.562,64.23,12.21,-2.99,1,0.701,13.09,13.03,1.38,1,4,0.061,0.0702,0.0628,0.0702
53.678,1,0.708,0.75,-0.48,4,76.1,20.33,0.0744,0.0032,0.065,0.001,0.014,-3.942,-1.56,64.29,12.21,-2.99,1,0.701,13.09,13.03,1.38,1,4,0.061,0.0703,0.0647,0.0703
53.712,1,0.713,0.75,-0.2,4,76.0,20.16,0.0744,0.0014,0.065,0.0,-0.008,-3.941,-1.559,64.29,12.21,-2.99,1,0.703,14.06,11.86,-4.674,1,4,0.0624,0.0698,0.0606,0.0661
53.744,1,0.717,0.75,-0.2,4,76.0,20.16,0.0744,-0.0034,0.064,-0.001,-0.033,-3.94,-1.557,64.23,12.21,-2.99,1,0.703,14.06,11.86,-4.674,1,4,0.0642,0.066,0.0587,0.066
53.777,1,0.719,0.75,-0.66,4,75.9,19.95,0.0744,-0.0033,0.064,-0.003,-0.031,-3.939,-1.555,64.17,12.21,-2.99,1,0.703,14.06,11.86,-4.674,1,4,0.066,0.0641,0.0586,0.0678
53.811,1,0.71,0.75,-0.85,4,73.8,20.45,0.0744,0.0047,0.066,-0.0,0.01,-3.938,-1.553,64.17,12.21,-2.99,1,0.703,14.06,11.86,-4.674,1,4,0.0646,0.0627,0.0683,0.0683
53.843,1,0.702,0.75,-0.85,4,73.3,20.45,0.0744,0.0081,0.069,0.0,-0.009,-3.937,-1.55,64.17,12.21,-1.02,1,0.69,12.12,13.02,4.655,1,4,0.0682,0.0646,0.0738,0.0701
53.877,1,0.699,0.75,-0.85,4,73.2,20.45,0.0744,0.0081,0.07,0.0,0.047,-3.936,-1.549,64.23,12.21,-1.02,1,0.69,12.12,13.02,4.655,1,4,0.0702,0.0665,0.0739,0.0683
53.913,1,0.701,1.0,-0.52,4,73.3,19.91,0.0744,0.0081,0.073,-0.002,-0.06,-3.935,-1.546,64.23,12.21,-1.02,1,0.69,12.12,13.02,4.655,1,4,0.0775,0.0738,0.0683,0.072
53.942,1,0.699,0.75,-0.47,4,73.9,20.33,0.0744,-0.0008,0.072,-0.002,-0.008,-3.934,-1.545,64.17,12.21,-1.02,1,0.753,10.18,18.55,0.0,0,5,0.0795,0.0777,0.0614,0.0687
53.976,1,0.701,0.75,-0.47,4,74.6,20.16,0.0744,0.0016,0.072,-0.002,0.012,-3.933,-1.544,64.23,12.21,-1.02,1,0.753,10.18,18.55,0.0,0,5,0.0795,0.0813,0.0578,0.0687
54.012,1,0.699,0.75,-0.47,4,75.0,20.16,0.0744,0.0015,0.07,-0.001,0.027,-3.932,-1.541,64.23,12.21,-1.02,1,0.753,10.18,18.55,0.0,0,5,0.0722,0.0795,0.0578,0.0686
54.043,1,0.666,0.75,-0.69,4,75.3,20.16,0.0744,0.0015,0.07,0.0,0.065,-3.931,-1.539,64.34,12.2,1.65,1,0.753,10.18,18.55,0.0,0,5,0.0678,0.0732,0.0678,0.0732
54.077,1,0.654,0.75,-0.71,4,75.6,20.16,0.0744,0.0054,0.069,0.002,0.055,-3.931,-1.537,64.4,12.2,1.65,1,0.753,10.18,18.55,0.0,0,5,0.0623,0.0714,0.0696,0.0714
54.11,1,0.64,0.75,-0.69,4,75.4,20.16,0.0744,0.0056,0.066,0.0,0.009,-3.929,-1.535,64.46,12.2,1.65,1,0.705,4.36,11.54,0.0,0,5,0.0623,0.0696,0.0641,0.0696
54.142,1,0.639,0.75,-0.68,4,75.0,20.16,0.0744,0.0054,0.065,-0.003,0.01,-3.928,-1.533,64.46,12.2,1.65,1,0.734,4.36,21.03,0.0,0,5,0.0628,0.0665,0.0573,0.0739
54.177,1,0.553,0.75,-0.17,3,75.2,19.85,0.0744,0.0052,0.067,-0.004,0.03,-3.927,-1.532,64.52,12.2,1.65,1,0.734,4.36,21.03,0.0,0,5,0.0647,0.0665,0.0591,0.0758
54.213,1,0.642,0.75,-0.65,4,75.8,20.16,0.0744,-0.0038,0.069,-0.002,-0.0,-3.926,-1.529,64.52,12.2,1.65,1,0.734,4.36,21.03,0.0,0,5,0.0665,0.0665,0.0665,0.0757
54.245,1,0.653,1.0,-0.93,4,75.8,19.78,0.0744,0.0045,0.07,-0.002,0.017,-3.925,-1.527,64.57,12.2,4.18,1,0.734,4.36,21.03,0.0,0,5,0.0702,0.0665,0.0702,0.0739
54.274,1,0.65,1.25,-0.6,4,75.3,20.16,0.0744,0.0066,0.07,-0.002,0.027,-3.924,-1.525,64.57,12.2,4.18,1,0.724,1.94,25.88,0.0,0,5,0.0702,0.0647,0.0721,0.0739
54.311,1,0.603,1.25,-0.44,4,74.1,20.16,0.0744,-0.0018,0.074,-0.0,-0.004,-3.923,-1.522,64.57,12.2,4.18,1,0.724,1.94,25.88,0.0,0,5,0.0722,0.0722,0.074,0.0759
54.345,1,0.628,1.25,-0.67,4,73.2,20.16,0.07,-0.0044,0.075,0.0,-0.023,-3.921,-1.52,64.57,12.2,4.18,1,0.718,-2.42,20.54,0.0,0,5,0.074,0.0778,0.074,0.0759
54.376,1,0.64,1.25,-1.3,4,72.8,20.03,0.0744,-0.0001,0.075,0.0,-0.023,-3.921,-1.518,64.57,12.2,4.18,1,0.724,-2.42,18.14,0.0,0,5,0.0759,0.0796,0.0722,0.074
54.41,1,0.672,1.0,-1.04,4,73.4,19.91,0.0744,0.011,0.072,-0.003,-0.017,-3.92,-1.516,64.52,12.2,4.18,1,0.724,-2.42,18.14,0.0,0,5,0.0795,0.0739,0.0647,0.0702
54.443,1,0.671,0.75,-0.74,4,74.0,20.03,0.0744,0.0097,0.069,-0.002,0.011,-3.918,-1.514,64.52,12.2,6.72,1,0.722,-3.88,24.7,0.0,0,5,0.0757,0.072,0.0628,0.0665
54.477,1,0.663,1.0,-0.77,4,75.1,19.62,0.0744,0.0073,0.068,-0.002,0.029,-3.918,-1.512,64.52,12.2,6.72,1,0.722,-3.88,24.7,0.0,0,5,0.0739,0.0702,0.0628,0.0665
54.511,1,0.662,1.0,-0.72,4,75.4,19.62,0.0744,0.0045,0.071,0.001,0.026,-3.917,-1.51,64.63,12.2,6.72,1,0.711,-7.27,21.45,0.0,0,5,0.0647,0.0703,0.074,0.074
54.542,1,0.672,1.0,-0.55,4,76.7,19.62,0.0744,0.0035,0.072,-0.002,0.012,-3.915,-1.507,64.63,12.2,6.72,1,0.711,-7.27,21.45,0.0,0,5,0.0647,0.0666,0.0721,0.0832
54.578,1,0.678,1.0,-0.45,4,76.8,19.62,0.0744,0.0006,0.072,-0.003,0.005,-3.914,-1.505,64.63,12.2,6.72,1,0.711,-7.27,21.45,0.0,0,5,0.0665,0.0684,0.0684,0.0832
54.612,1,0.544,1.25,-0.31,3,76.1,19.85,0.0744,-0.0012,0.071,-0.005,0.032,-3.913,-1.503,64.69,12.2,6.72,1,0.711,-7.27,21.45,0.0,0,5,0.0702,0.0684,0.0647,0.0813
54.644,1,0.634,1.5,-0.56,4,76.4,19.62,0.0744,-0.0067,0.072,-0.0,0.004,-3.912,-1.501,64.74,12.2,9.14,1,0.711,-7.27,21.45,0.0,0,5,0.0665,0.0702,0.0721,0.0776
54.677,1,0.645,1.5,-0.63,4,76.3,19.62,0.0744,-0.0049,0.073,-0.001,0.003,-3.911,-1.499,64.74,12.2,9.14,1,0.701,-9.21,26.2,0.0,0,5,0.0703,0.0721,0.0703,0.0777
54.71,1,0.693,1.25,0.24,4,75.8,19.65,0.0744,-0.0034,0.075,-0.0,-0.009,-3.91,-1.496,64.74,12.2,9.14,1,0.701,-9.21,26.2,0.0,0,5,0.0721,0.0776,0.0721,0.0795
54.743,1,0.697,1.25,-0.07,4,74.6,20.16,0.0744,-0.0151,0.077,-0.003,0.02,-3.908,-1.494,64.74,12.2,9.14,1,0.689,-9.21,24.3,0.0,0,5,0.0832,0.0832,0.0647,0.0758
54.774,1,0.652,1.25,-0.59,4,73.8,20.16,0.0744,-0.0098,0.075,-0.002,-0.003,-3.908,-1.493,64.74,12.2,9.14,1,0.689,-9.21,24.3,0.0,0,5,0.0813,0.0813,0.0647,0.0739
54.811,1,0.647,1.0,-0.33,4,73.4,19.91,0.0744,-0.0009,0.074,-0.002,0.011,-3.906,-1.49,64.74,12.2,9.14,1,0.7,-9.21,29.55,0.0,0,5,0.0832,0.0795,0.0647,0.0702
54.844,1,0.686,1.0,0.18,4,73.7,19.91,0.0744,-0.0023,0.072,-0.0,0.02,-3.905,-1.487,64.8,12.2,11.58,1,0.7,-9.21,29.55,0.0,0,5,0.0739,0.0739,0.0702,0.072
54.873,1,0.688,1.0,0.04,4,74.0,19.91,0.0744,-0.0114,0.074,-0.002,0.004,-3.904,-1.486,64.8,12.2,11.58,1,0.724,-17.45,25.49,0.0,0,5,0.0739,0.072,0.072,0.0776
54.908,1,0.622,1.0,-0.22,4,74.1,19.91,0.0744,-0.0092,0.073,-0.005,0.034,-3.903,-1.483,64.86,12.2,11.58,1,0.716,-17.45,20.04,0.0,0,5,0.0685,0.0666,0.0703,0.087
54.943,1,0.638,1.0,-0.33,4,74.0,19.91,0.0744,-0.0049,0.074,-0.005,0.007,-3.902,-1.481,64.86,12.2,11.58,1,0.716,-17.45,20.04,0.0,0,5,0.0723,0.0686,0.0686,0.0853
54.976,1,0.64,1.5,-0.42,4,74.1,20.08,0.0744,-0.0031,0.073,-0.005,0.064,-3.901,-1.48,64.92,12.2,11.58,1,0.716,-17.45,20.04,0.0,0,5,0.0741,0.0685,0.0667,0.0815
55.01,1,0.668,1.5,-0.07,4,74.8,19.91,0.0744,-0.0077,0.073,-0.004,-0.016,-3.899,-1.477,64.92,12.2,11.58,1,0.716,-17.45,20.04,0.0,0,5,0.0759,0.0685,0.0703,0.0778
55.042,1,0.678,1.5,-0.01,4,75.4,19.91,0.0744,-0.0132,0.076,-0.003,-0.002,-3.898,-1.474,64.92,12.19,13.24,1,0.716,-17.45,20.04,0.0,0,5,0.0796,0.0722,0.074,0.0777
55.077,1,0.659,1.75,-0.39,4,75.4,20.03,0.0744,-0.014,0.078,0.002,0.023,-3.897,-1.471,64.97,12.19,13.24,1,0.722,-17.45,27.04,0.0,0,5,0.0778,0.074,0.0778,0.0778
55.109,1,0.649,1.75,-0.35,4,75.2,20.03,0.0744,-0.0104,0.079,0.002,0.013,-3.896,-1.47,64.97,12.19,13.24,1,0.722,-17.45,27.04,0.0,0,5,0.0795,0.0832,0.0776,0.0739
55.144,1,0.655,1.75,-0.43,4,75.4,20.16,0.0744,-0.0105,0.077,0.0,-0.055,-3.895,-1.467,64.92,12.19,13.24,1,0.722,-17.45,27.04,0.0,0,5,0.0813,0.0813,0.0739,0.0721
55.175,1,0.692,1.5,0.3,4,76.3,19.91,0.0744,-0.0087,0.078,-0.001,-0.066,-3.894,-1.466,64.8,12.19,13.24,1,0.71,-21.81,26.75,0.0,0,5,0.0851,0.0814,0.0721,0.0721
55.215,1,0.69,1.5,-0.16,4,76.5,19.91,0.0744,-0.0183,0.077,-0.003,-0.017,-3.893,-1.463,64.74,12.19,13.24,1,0.703,-21.81,27.03,0.0,0,5,0.0871,0.076,0.0723,0.0741
55.243,1,0.551,1.5,-0.34,3,77.1,19.85,0.0744,-0.0104,0.077,-0.001,0.023,-3.891,-1.46,64.74,12.19,14.68,1,0.704,-21.81,27.99,0.0,0,5,0.079,0.0698,0.0808,0.0771
55.276,1,0.553,1.25,-0.05,3,76.7,19.85,0.0744,-0.0073,0.076,-0.001,-0.013,-3.891,-1.459,64.74,12.19,14.68,1,0.704,-21.81,27.99,0.0,0,5,0.0753,0.0698,0.0808,0.079
55.311,1,0.613,1.0,-0.17,4,76.2,19.91,0.0744,-0.0094,0.074,-0.001,-0.03,-3.889,-1.456,64.69,12.19,14.68,1,0.704,-21.81,27.99,0.0,0,5,0.0735,0.0661,0.0808,0.0771
55.343,1,0.643,1.0,-1.25,4,76.4,19.91,0.07,-0.0046,0.075,-0.003,-0.003,-3.888,-1.453,64.69,12.19,14.68,1,0.689,-22.78,34.07,0.0,0,5,0.0772,0.068,0.0772,0.079
55.377,1,0.651,1.0,-0.59,4,76.9,19.78,0.0744,0.0139,0.076,-0.002,-0.022,-3.887,-1.452,64.63,12.19,14.68,1,0.689,-22.78,34.07,0.0,0,5,0.0784,0.0674,0.0802,0.0765
55.411,1,0.64,1.0,-1.17,4,77.9,19.91,0.0744,0.0019,0.077,-0.0,-0.006,-3.886,-1.449,64.63,12.19,14.68,1,0.689,-22.78,34.07,0.0,0,5,0.0783,0.0729,0.082,0.0765
55.443,1,0.545,1.0,-0.47,3,77.7,19.85,0.0744,0.0119,0.077,0.002,0.021,-3.885,-1.446,64.63,12.19,15.58,1,0.698,-27.63,33.79,0.0,0,5,0.0783,0.0783,0.0801,0.071
55.476,1,0.549,1.0,0.25,3,77.7,19.85,0.0744,-0.0005,0.077,0.002,0.009,-3.884,-1.445,64.63,12.19,15.58,1,0.698,-27.63,33.79,0.0,0,5,0.0789,0.0826,0.0752,0.0697
55.51,1,0.555,1.25,-0.05,3,76.7,19.85,0.0744,-0.0131,0.077,-0.0,-0.025,-3.883,-1.442,64.57,12.19,15.58,1,0.698,-27.63,33.79,0.0,0,5,0.0807,0.0825,0.0697,0.0733
55.54,1,0.553,1.25,-0.4,3,76.1,20.44,0.0744,-0.0111,0.076,-0.002,-0.015,-3.881,-1.439,64.52,12.19,15.58,1,0.703,-27.63,36.64,0.0,0,5,0.0814,0.0796,0.0685,0.0759
55.572,1,0.55,1.25,-0.57,3,77.5,19.85,0.0744,-0.0046,0.076,-0.004,0.025,-3.881,-1.438,64.52,12.19,15.58,1,0.704,-27.63,37.39,0.0,0,5,0.0796,0.074,0.0703,0.0796
55.609,1,0.546,1.25,-0.05,3,78.4,19.85,0.0744,-0.0017,0.077,0.001,0.027,-3.879,-1.435,64.57,12.19,15.58,1,0.739,-30.05,39.73,0.0,0,5,0.074,0.074,0.0814,0.0777
55.672,1,0.551,1.25,-0.05,3,76.9,19.85,0.0744,-0.0106,0.079,0.002,-0.003,-3.877,-1.431,64.57,12.18,18.25,1,0.699,-31.5,38.38,0.0,0,5,0.0777,0.0777,0.0833,0.0759
55.744,1,0.549,1.25,-0.05,3,76.0,19.85,0.0744,-0.0105,0.081,-0.002,-0.014,-3.875,-1.425,64.57,12.18,18.25,1,0.735,-33.44,41.73,0.0,0,5,0.087,0.0778,0.0796,0.0778
55.772,1,0.544,1.25,-0.05,3,75.8,19.85,0.0744,-0.0105,0.081,-0.0,-0.01,-3.874,-1.423,64.57,12.18,18.25,1,0.746,-38.78,40.08,0.0,0,5,0.0833,0.0796,0.0815,0.0796
55.873,1,0.545,1.25,-0.05,3,76.4,19.85,0.0744,-0.0104,0.077,0.002,-0.075,-3.871,-1.416,64.46,12.18,21.29,1,0.741,-39.26,39.65,0.0,0,5,0.0816,0.0816,0.0778,0.0686
55.907,1,0.539,1.25,-0.4,3,76.7,20.44,0.0744,-0.0104,0.076,0.0,-0.032,-3.869,-1.414,64.29,12.18,21.29,1,0.751,-39.26,40.6,0.0,0,5,0.0815,0.0759,0.0778,0.0703
55.941,1,0.537,0.75,-0.17,3,76.9,19.85,0.0814,-0.0042,0.076,-0.0,-0.024,-3.868,-1.411,64.23,12.18,21.29,1,0.751,-39.26,40.6,0.0,0,5,0.0759,0.0666,0.0852,0.0778
55.973,1,0.538,0.75,-0.53,3,75.8,20.44,0.0954,-0.0024,0.077,0.004,-0.037,-3.868,-1.409,64.17,12.18,21.29,1,0.744,-40.71,37.3,0.0,0,5,0.0722,0.0685,0.0925,0.074
56.042,1,0.546,0.5,-0.59,3,75.2,19.85,0.1164,0.0038,0.084,0.001,-0.02,-3.865,-1.403,64.06,12.17,23.36,1,0.764,-40.71,39.11,0.0,0,5,0.0868,0.0795,0.0905,0.0776
56.073,1,0.663,0.25,-0.98,4,76.7,20.33,0.1305,0.0088,0.088,-0.002,-0.012,-3.864,-1.401,64.06,12.17,23.36,1,0.764,-40.71,39.11,0.0,0,5,0.0942,0.0832,0.0887,0.085
56.172,1,0.667,0.25,-1.1,4,76.5,20.45,0.1654,0.0232,0.116,0.003,-0.037,-3.859,-1.391,64.0,12.17,23.36,1,0.77,-44.11,34.64,0.0,0,5,0.1165,0.1239,0.1146,0.1109
56.275,1,0.541,0.25,-1.18,3,77.5,20.44,0.1634,0.0253,0.155,0.002,0.01,-3.852,-1.377,63.94,12.17,24.39,1,0.8,-38.29,30.86,0.0,0,5,0.1497,0.1552,0.1589,0.1571
56.343,1,0.466,0.25,-3.46,3,78.8,21.02,0.1511,0.0254,0.173,0.005,-0.047,-3.846,-1.364,64.0,12.17,24.39,1,0.789,-33.44,32.14,0.0,0,5,0.1701,0.1849,0.172,0.1664
56.373,1,0.495,0.25,-3.01,3,79.2,21.02,0.1268,0.0674,0.173,0.004,-0.065,-3.845,-1.361,63.88,12.17,24.39,1,0.793,-27.14,28.15,0.0,0,5,0.172,0.1849,0.1701,0.1664
56.41,1,0.52,0.25,-2.53,4,80.0,26.24,0.1336,0.0613,0.174,0.002,-0.02,-3.842,-1.354,63.83,12.17,24.39,1,0.793,-27.14,28.15,0.0,0,5,0.1774,0.1792,0.1737,0.1663
56.476,1,0.456,0.5,1.07,3,81.5,24.52,0.1047,0.0419,0.172,0.003,-0.021,-3.838,-1.345,63.83,12.17,23.09,1,0.819,-19.39,27.83,0.0,0,5,0.1682,0.1626,0.1866,0.17
56.543,1,0.515,0.25,5.64,4,81.8,26.06,0.07,-0.0237,0.164,0.008,-0.048,-3.833,-1.333,63.71,12.17,23.09,1,0.822,-14.54,28.2,0.0,0,5,0.1554,0.1684,0.1758,0.1554
56.575,1,0.473,0.0,8.01,4,81.8,29.39,0.0841,-0.1003,0.16,0.009,-0.066,-3.831,-1.33,63.66,12.17,23.09,1,0.811,-13.09,27.37,0.0,0,5,0.1518,0.1629,0.174,0.1499
56.673,1,0.363,-3.49,23.17,4,83.9,30.99,0.07,-0.1394,0.137,-0.0,-0.059,-3.825,-1.318,63.37,12.15,29.74,1,0.859,-12.6,18.0,0.0,0,5,0.148,0.1351,0.1388,0.1258
56.709,1,0.574,-2.75,25.19,5,83.9,30.95,0.07,-0.2582,0.128,0.008,-0.011,-3.823,-1.314,63.25,12.15,29.74,1,0.859,-12.6,18.0,0.0,0,5,0.1331,0.1368,0.135,0.1072
56.74,1,0.582,-1.25,25.63,5,84.4,32.11,0.07,-0.4095,0.12,0.008,-0.087,-3.821,-1.309,63.14,12.15,29.74,1,0.857,-15.51,6.42,0.0,0,5,0.1202,0.122,0.135,0.1035
56.772,1,0.565,0.0,26.26,5,85.7,34.45,0.07,-0.4242,0.119,0.006,-0.112,-3.82,-1.307,62.97,12.15,29.74,1,0.87,-16.48,3.56,0.0,0,5,0.1203,0.1129,0.1369,0.1073
56.812,1,0.61,1.0,27.87,5,85.3,26.95,0.07,-0.4242,0.115,-0.003,-0.097,-3.818,-1.303,62.85,12.15,29.74,1,0.871,-17.93,-3.24,7.845,1,5,0.126,0.0908,0.1334,0.1111
56.84,1,0.647,1.0,29.15,5,85.4,28.95,0.0768,-0.4657,0.11,-0.005,-0.105,-3.816,-1.3,62.57,12.15,39.4,1,0.852,-21.33,-9.55,7.642,1,5,0.1308,0.0811,0.129,0.0976
56.871,1,0.634,1.25,29.75,5,84.8,30.45,0.0812,-0.4923,0.105,-0.004,-0.132,-3.815,-1.298,62.4,12.15,39.4,1,0.863,-25.2,-19.29,0.0,0,5,0.1307,0.0773,0.1252,0.0865
56.941,1,0.684,0.5,30.37,5,83.5,30.0,0.0784,-0.4751,0.097,0.002,-0.246,-3.812,-1.291,61.48,12.15,39.4,1,0.862,-31.5,-30.42,0.0,0,5,0.133,0.0665,0.1311,0.0572
56.972,1,0.664,-0.25,30.13,5,83.0,33.89,0.0754,-0.4571,0.096,0.0,-0.282,-3.811,-1.289,61.19,12.15,39.4,1,0.862,-31.5,-30.42,0.0,0,5,0.1385,0.0591,0.133,0.0517
57.075,1,0.731,0.25,26.78,5,82.9,23.73,0.0766,-0.4641,0.079,-0.013,-0.359,-3.805,-1.283,59.01,12.14,43.95,1,0.862,-45.56,-48.73,0.0,0,5,0.158,0.0,0.1304,0.0257
57.14,1,0.682,-4.74,26.02,5,81.3,23.73,0.0925,-0.4701,0.071,-0.001,-0.392,-3.802,-1.278,57.18,12.14,43.95,1,0.832,-49.44,-51.19,0.0,0,5,0.1451,0.0,0.1397,0.0
57.171,1,0.672,-4.74,24.04,5,81.1,30.06,0.0961,-0.3979,0.073,-0.001,-0.376,-3.801,-1.277,56.78,12.14,43.95,1,0.832,-49.44,-51.19,0.0,0,5,0.1407,0.0018,0.1407,0.0073
57.208,1,0.686,-0.5,19.85,5,81.7,22.77,0.0843,-0.3659,0.077,-0.003,-0.358,-3.799,-1.274,55.92,12.14,43.95,1,0.811,-45.08,-49.43,0.0,0,5,0.1459,0.0055,0.1422,0.0148
57.243,1,0.705,-1.5,20.08,5,81.8,22.77,0.0793,-0.3469,0.079,-0.003,-0.431,-3.798,-1.273,55.46,12.14,32.72,1,0.829,-43.62,-47.11,0.0,0,5,0.1463,0.0128,0.139,0.0183
57.274,1,0.706,-2.0,19.24,5,82.2,22.04,0.0932,-0.3372,0.081,-0.004,-0.291,-3.797,-1.272,55.06,12.14,32.72,1,0.86,-39.26,-45.4,0.0,0,5,0.1464,0.0183,0.1354,0.022
57.306,1,0.706,-3.24,18.95,5,81.6,22.65,0.093,-0.3163,0.08,-0.004,-0.353,-3.796,-1.269,54.32,12.14,32.72,1,0.849,-36.35,-40.28,0.0,0,5,0.1465,0.022,0.13,0.0201
57.371,1,0.685,-3.99,17.35,5,81.4,22.19,0.0953,-0.2986,0.082,-0.002,-0.3,-3.793,-1.265,53.29,12.14,32.72,1,0.888,-32.47,-36.08,0.0,0,5,0.1332,0.0222,0.1388,0.0352
57.41,1,0.697,-4.24,16.99,5,81.1,21.6,0.0834,-0.262,0.086,0.001,-0.246,-3.791,-1.262,52.71,12.14,32.72,1,0.893,-29.08,-31.96,0.0,0,5,0.1276,0.0333,0.1424,0.0425
57.444,1,0.69,-4.24,16.35,5,80.6,21.6,0.0706,-0.2544,0.088,0.003,-0.262,-3.788,-1.259,52.08,12.13,20.72,1,0.896,-25.69,-29.57,0.0,0,5,0.1259,0.0474,0.1332,0.0438
57.473,1,0.676,-4.24,15.62,5,79.9,21.6,0.07,-0.2447,0.087,-0.0,-0.225,-3.787,-1.258,51.8,12.13,20.72,1,0.881,-21.81,-22.32,0.0,0,5,0.1295,0.0474,0.1258,0.0438
57.509,1,0.682,-4.24,15.72,5,79.7,21.6,0.07,-0.2324,0.084,-0.003,-0.146,-3.785,-1.256,51.39,12.13,20.72,1,0.881,-21.81,-22.32,0.0,0,5,0.1255,0.0455,0.1164,0.0473
57.54,1,0.694,-4.24,15.59,5,80.0,21.6,0.07,-0.2349,0.081,-0.002,-0.146,-3.783,-1.253,51.11,12.13,20.72,1,0.822,-12.6,-11.28,0.639,1,5,0.116,0.0423,0.116,0.0516
57.57,1,0.676,-4.49,15.04,5,80.2,21.96,0.07,-0.2331,0.082,-0.002,-0.18,-3.782,-1.252,50.94,12.13,20.72,1,0.853,-9.21,-3.24,1.86,1,5,0.1105,0.0442,0.1142,0.0571
57.606,1,0.68,-4.24,14.85,5,79.9,21.6,0.07,-0.2205,0.083,-0.004,-0.106,-3.78,-1.249,50.59,12.13,20.72,1,0.831,-4.85,3.7,3.841,1,5,0.1109,0.0481,0.1091,0.0629
57.671,1,0.694,-3.74,14.28,5,79.3,21.46,0.07,-0.221,0.081,-0.005,-0.088,-3.776,-1.246,50.25,12.13,8.72,1,0.779,3.39,11.84,1.142,1,5,0.1091,0.0555,0.098,0.0629
57.706,1,0.723,-3.24,14.55,5,78.6,21.46,0.07,-0.2173,0.08,-0.0,-0.092,-3.774,-1.243,50.02,12.13,8.72,1,0.79,9.21,24.2,0.0,0,5,0.0998,0.0647,0.0942,0.061
57.744,1,0.71,-2.75,13.94,5,78.3,21.46,0.0842,-0.2273,0.079,0.004,-0.141,-3.773,-1.241,49.79,12.13,8.72,1,0.79,9.21,24.2,0.0,0,5,0.0943,0.0721,0.0943,0.0555
57.772,1,0.689,-2.75,13.85,5,78.2,21.46,0.07,-0.2216,0.08,0.006,-0.122,-3.772,-1.239,49.62,12.13,8.72,1,0.814,16.96,34.41,0.0,0,5,0.0924,0.0777,0.0943,0.0536
57.812,1,0.688,-2.5,13.54,5,79.9,21.96,0.07,-0.2194,0.082,0.006,-0.079,-3.769,-1.237,49.45,12.13,8.72,1,0.814,16.96,34.41,0.0,0,5,0.098,0.0777,0.0998,0.0536
57.842,1,0.711,-2.75,13.43,5,80.7,21.46,0.07,-0.2162,0.085,0.0,-0.106,-3.767,-1.234,49.22,12.13,7.91,1,0.841,15.03,35.26,0.0,0,5,0.1018,0.0666,0.1036,0.0666
57.871,1,0.75,-2.25,12.83,5,80.6,21.46,0.07,-0.2106,0.084,-0.003,-0.066,-3.766,-1.233,49.16,12.13,7.91,1,0.841,15.03,35.26,0.0,0,5,0.1018,0.0592,0.1037,0.0722
57.907,1,0.755,-1.75,13.03,5,80.0,21.46,0.07,-0.206,0.084,-0.007,-0.089,-3.763,-1.231,48.93,12.13,7.91,1,0.852,14.54,32.41,0.0,0,5,0.1,0.0518,0.1018,0.0833
57.939,1,0.781,-1.25,13.33,5,79.6,21.11,0.07,-0.2145,0.083,-0.006,-0.069,-3.761,-1.228,48.76,12.13,7.91,1,0.835,12.12,29.92,0.0,0,5,0.0981,0.0574,0.0981,0.0796
57.974,1,0.734,-1.0,13.26,5,79.8,20.96,0.07,-0.2247,0.083,-0.006,-0.068,-3.76,-1.227,48.7,12.13,7.91,1,0.835,12.12,29.92,0.0,0,5,0.0998,0.0591,0.0961,0.0776
58.039,1,0.675,-0.75,11.99,5,81.1,21.46,0.07,-0.2247,0.08,-0.004,-0.076,-3.756,-1.223,48.19,12.14,13.28,1,0.821,6.3,22.54,0.0,0,5,0.098,0.0647,0.0869,0.0684
58.07,1,0.692,-0.5,11.66,5,82.5,20.96,0.07,-0.2047,0.08,-0.003,-0.064,-3.755,-1.221,48.13,12.14,13.28,1,0.841,2.91,11.06,-4.494,1,5,0.0963,0.0666,0.087,0.0685
58.106,1,0.712,-0.5,11.87,5,83.0,21.02,0.07,-0.2015,0.081,0.001,-0.084,-3.752,-1.219,47.96,12.14,13.28,1,0.853,1.94,9.3,-3.993,1,5,0.0961,0.0684,0.0961,0.0647
58.139,1,0.774,0.0,11.83,5,82.0,21.02,0.07,-0.2044,0.082,0.004,-0.041,-3.75,-1.216,47.78,12.14,13.28,1,0.836,-1.45,4.27,-4.444,1,5,0.0943,0.0703,0.1017,0.0629
58.172,1,0.806,0.25,12.76,5,81.9,21.11,0.07,-0.2089,0.082,0.005,-0.085,-3.749,-1.215,47.73,12.14,13.28,1,0.856,-1.45,-0.82,-6.749,1,5,0.0942,0.0702,0.1034,0.0609
58.205,1,0.813,0.0,12.77,5,81.4,20.56,0.07,-0.2277,0.08,0.001,-0.098,-3.747,-1.213,47.56,12.14,13.28,1,0.857,-1.45,-0.47,-4.454,1,5,0.0961,0.0684,0.0942,0.061
58.243,1,0.793,0.0,11.83,5,80.1,20.96,0.07,-0.224,0.079,-0.003,-0.102,-3.745,-1.211,47.33,12.14,13.59,1,0.862,-1.94,-2.52,0.0,0,5,0.0961,0.0629,0.0887,0.0666
58.271,1,0.778,0.0,11.62,5,79.6,20.96,0.07,-0.2073,0.077,-0.006,-0.13,-3.744,-1.21,47.15,12.14,13.59,1,0.862,-1.94,-2.52,0.0,0,5,0.0962,0.0574,0.0851,0.0703
58.306,1,0.751,-0.25,11.86,5,79.6,20.81,0.07,-0.2034,0.075,-0.006,-0.114,-3.741,-1.208,46.87,12.14,13.59,1,0.862,-1.94,-2.52,0.0,0,5,0.0961,0.048,0.0887,0.0665
58.337,1,0.734,-0.25,11.01,5,79.0,20.46,0.07,-0.2045,0.071,-0.005,-0.126,-3.74,-1.206,46.58,12.14,13.59,1,0.861,-3.39,-5.7,0.0,0,5,0.0961,0.0462,0.0868,0.0554
58.372,1,0.751,-0.5,11.71,5,78.8,20.57,0.07,-0.1897,0.071,-0.003,-0.13,-3.739,-1.205,46.41,12.14,13.59,1,0.861,-3.39,-5.7,0.0,0,5,0.0961,0.0462,0.0887,0.0518
58.407,1,0.787,-1.0,11.67,5,79.2,20.44,0.07,-0.1988,0.071,-0.001,-0.154,-3.736,-1.203,46.07,12.14,13.59,1,0.861,-3.39,-5.7,0.0,0,5,0.0963,0.0445,0.0945,0.0482
58.439,1,0.77,-1.0,10.34,5,78.4,20.96,0.07,-0.1926,0.071,0.0,-0.136,-3.736,-1.202,45.89,12.14,13.59,1,0.86,-5.33,-10.36,0.0,0,5,0.0944,0.0407,0.1018,0.0481
58.472,1,0.784,-0.75,10.48,5,78.1,20.56,0.07,-0.1702,0.071,-0.0,-0.148,-3.733,-1.2,45.61,12.12,10.71,1,0.847,-2.42,-11.27,0.0,0,5,0.0945,0.0363,0.1054,0.0491
58.505,1,0.794,-1.25,10.46,5,78.2,20.46,0.07,-0.176,0.071,0.002,-0.177,-3.732,-1.197,45.26,12.12,10.71,1,0.847,-2.42,-11.27,0.0,0,5,0.0945,0.0436,0.1017,0.0436
58.54,1,0.8,-1.5,10.2,5,77.6,20.44,0.07,-0.1699,0.07,0.003,-0.178,-3.73,-1.195,44.86,12.12,10.71,1,0.847,-2.42,-11.27,0.0,0,5,0.0972,0.0513,0.0953,0.0367
58.571,1,0.749,-2.0,10.03,5,77.9,20.44,0.07,-0.1629,0.068,0.005,-0.145,-3.729,-1.194,44.63,12.12,10.71,1,0.854,0.0,-7.35,0.0,0,5,0.0945,0.0519,0.0926,0.0315
58.607,1,0.736,-1.75,9.89,5,78.4,20.46,0.07,-0.1541,0.066,0.006,-0.145,-3.727,-1.192,44.35,12.12,10.71,1,0.844,2.42,-1.66,0.0,0,5,0.0871,0.0519,0.0908,0.0333
58.639,1,0.689,-1.5,8.45,5,78.8,20.96,0.07,-0.1556,0.063,0.006,-0.112,-3.726,-1.19,44.06,12.12,7.89,1,0.862,2.42,1.3,0.0,0,5,0.0815,0.0444,0.0944,0.0333
58.672,1,0.673,-2.0,8.32,5,78.8,20.96,0.07,-0.134,0.065,0.006,-0.121,-3.725,-1.189,43.89,12.12,7.89,1,0.859,3.39,0.29,0.0,0,5,0.0796,0.0444,0.0981,0.037
58.707,1,0.681,-2.5,8.26,5,77.3,20.96,0.07,-0.1254,0.064,0.004,-0.176,-3.723,-1.188,43.49,12.12,7.89,1,0.859,3.39,0.29,0.0,0,5,0.0868,0.037,0.0979,0.0333
58.741,1,0.695,-2.5,7.65,5,77.2,20.96,0.07,-0.1191,0.062,0.003,-0.136,-3.721,-1.186,43.14,12.12,7.89,1,0.861,2.91,0.89,0.0,0,5,0.0923,0.0351,0.096,0.0259
58.774,1,0.712,-2.75,7.58,5,76.9,20.81,0.07,-0.1095,0.063,0.001,-0.163,-3.72,-1.185,42.97,12.12,7.89,1,0.861,2.91,0.89,0.0,0,5,0.0979,0.0351,0.0942,0.0259
58.807,1,0.703,-3.24,7.32,5,76.4,20.81,0.07,-0.1053,0.064,0.001,-0.199,-3.718,-1.183,42.57,12.12,7.89,1,0.861,2.91,0.89,0.0,0,5,0.0961,0.0388,0.0924,0.0296
58.844,1,0.703,-3.74,6.73,5,76.4,20.46,0.07,-0.0957,0.061,0.003,-0.168,-3.717,-1.181,42.17,12.12,5.96,1,0.852,3.88,-0.95,0.0,0,5,0.0906,0.0425,0.0869,0.0259
58.903,1,0.688,-4.24,6.51,5,77.1,20.46,0.07,-0.0812,0.054,0.006,-0.12,-3.715,-1.179,41.65,12.12,5.96,1,0.854,4.36,4.01,0.0,0,5,0.0758,0.037,0.0832,0.0185
58.943,1,0.667,-4.24,5.86,5,77.3,20.46,0.07,-0.0724,0.054,0.005,-0.122,-3.713,-1.177,41.37,12.12,5.96,1,0.854,4.36,4.01,0.0,0,5,0.0688,0.0326,0.087,0.029
58.973,1,0.604,-4.74,5.82,4,77.4,20.45,0.07,-0.0621,0.055,0.006,-0.152,-3.712,-1.176,41.25,12.12,5.96,1,0.858,2.91,0.37,0.0,0,5,0.0652,0.0326,0.0888,0.0326
59.009,1,0.617,-5.49,5.74,4,77.4,20.89,0.07,-0.0556,0.053,0.002,-0.122,-3.711,-1.175,40.91,12.12,5.96,1,0.86,1.94,-0.81,0.0,0,5,0.0671,0.0272,0.0834,0.0363
59.04,1,0.622,-5.99,5.41,4,77.0,20.58,0.07,-0.0461,0.054,0.0,-0.092,-3.709,-1.174,40.62,12.15,4.56,1,0.864,0.97,-2.04,0.0,0,5,0.0718,0.0313,0.0774,0.0368
59.071,1,0.605,-5.99,5.19,4,77.2,20.89,0.07,-0.0361,0.053,-0.002,-0.096,-3.708,-1.173,40.57,12.15,4.56,1,0.855,0.48,-3.76,0.0,0,5,0.0755,0.0313,0.0718,0.035
59.107,1,0.602,-6.24,5.01,4,77.9,20.45,0.07,-0.0331,0.056,0.0,-0.075,-3.707,-1.172,40.34,12.15,4.56,1,0.856,-0.48,-3.62,0.0,0,5,0.0719,0.0406,0.0719,0.0387
59.138,1,0.603,-6.24,4.76,4,77.3,20.64,0.07,-0.0284,0.056,0.0,-0.066,-3.705,-1.17,40.22,12.15,4.56,1,0.855,-0.48,-5.3,0.0,0,5,0.0703,0.0426,0.0703,0.0426
59.171,1,0.61,-6.24,4.46,4,76.7,20.45,0.07,-0.025,0.058,0.0,-0.064,-3.704,-1.169,40.11,12.15,4.56,1,0.855,-0.48,-5.3,0.0,0,5,0.0685,0.0463,0.0703,0.0463
59.206,1,0.615,-6.24,4.66,4,76.5,20.64,0.07,-0.0202,0.061,0.0,-0.073,-3.702,-1.168,39.99,12.15,4.56,1,0.844,3.39,-0.39,0.0,0,5,0.0703,0.0518,0.0703,0.05
59.238,1,0.624,-6.24,4.34,4,76.4,20.45,0.07,-0.0241,0.062,0.001,-0.032,-3.7,-1.166,39.88,12.15,3.11,1,0.861,2.91,0.33,0.0,0,5,0.0703,0.0592,0.0666,0.05
59.27,1,0.629,-6.24,4.32,4,77.4,20.45,0.07,-0.019,0.062,0.001,-0.018,-3.699,-1.165,39.88,12.15,3.11,1,0.857,2.91,-0.03,0.0,0,5,0.0703,0.0592,0.0666,0.0518
59.305,1,0.641,-6.24,4.91,4,77.8,20.45,0.07,-0.0187,0.063,0.002,-0.028,-3.697,-1.163,39.82,12.15,3.11,1,0.857,2.91,-0.03,0.0,0,5,0.0666,0.0592,0.0703,0.0555
59.34,1,0.642,-6.24,4.67,4,77.8,20.64,0.07,-0.0293,0.063,0.001,-0.049,-3.695,-1.162,39.76,12.15,3.11,1,0.857,2.91,-0.03,0.0,0,5,0.0647,0.0536,0.0758,0.0592
59.37,1,0.689,-6.24,4.25,5,78.0,20.46,0.07,-0.0251,0.064,0.001,-0.037,-3.694,-1.161,39.71,12.15,3.11,1,0.857,2.91,-0.03,0.0,0,5,0.0665,0.0536,0.0758,0.0591
59.404,1,0.662,-6.24,4.14,5,78.1,20.46,0.07,-0.0179,0.064,0.002,-0.061,-3.692,-1.159,39.53,12.15,3.11,1,0.864,2.91,-2.52,0.0,0,5,0.0721,0.0555,0.0758,0.0518
59.439,1,0.661,-6.24,3.97,5,78.3,20.46,0.07,-0.016,0.066,0.001,-0.071,-3.69,-1.157,39.42,12.17,2.67,1,0.864,2.91,-2.52,0.0,0,5,0.0814,0.0573,0.0758,0.0481
59.471,1,0.657,-6.74,3.95,5,78.3,20.46,0.07,-0.0131,0.068,0.002,-0.092,-3.689,-1.156,39.3,12.17,2.67,1,0.864,2.91,-2.52,0.0,0,5,0.0833,0.0592,0.0815,0.0481
59.506,1,0.65,-6.74,4.03,5,77.9,20.46,0.07,-0.0064,0.069,0.001,-0.114,-3.687,-1.155,39.08,12.17,2.67,1,0.867,1.45,-3.21,0.0,0,5,0.0833,0.0555,0.0852,0.0518
59.539,1,0.647,-6.74,3.52,5,77.6,20.46,0.07,-0.0085,0.069,0.003,-0.093,-3.685,-1.153,38.79,12.17,2.67,1,0.873,1.45,-5.78,0.0,0,5,0.0833,0.0555,0.087,0.0537
59.571,1,0.646,-6.74,3.47,5,77.5,20.46,0.07,-0.0,0.067,0.003,-0.057,-3.684,-1.152,38.67,12.17,2.67,1,0.873,1.45,-5.78,0.0,0,5,0.0777,0.0537,0.0851,0.05
59.608,1,0.651,-6.99,3.54,5,76.9,20.96,0.07,0.0007,0.066,0.001,-0.046,-3.682,-1.15,38.62,12.17,2.67,1,0.853,4.36,-3.96,0.0,0,5,0.0776,0.0573,0.0776,0.0517
59.638,1,0.657,-7.24,3.29,5,76.9,20.46,0.07,0.0024,0.066,-0.0,-0.02,-3.681,-1.15,38.56,12.17,1.81,1,0.859,4.36,-1.86,0.0,0,5,0.0758,0.0573,0.0739,0.0573
59.67,1,0.667,-7.24,3.28,5,77.0,20.46,0.07,0.0096,0.067,-0.003,-0.0,-3.679,-1.148,38.56,12.17,1.81,1,0.865,4.36,-2.16,0.0,0,5,0.074,0.0573,0.0721,0.0666
59.705,1,0.693,-7.24,3.22,5,77.2,20.46,0.07,0.0092,0.068,-0.003,-0.03,-3.676,-1.146,38.5,12.17,1.81,1,0.86,4.36,-2.15,0.0,0,5,0.0722,0.0574,0.0722,0.0703
59.738,1,0.686,-7.24,3.06,5,77.0,20.46,0.07,0.0097,0.068,-0.002,0.006,-3.674,-1.145,38.45,12.17,1.81,1,0.853,3.88,-2.04,0.0,0,5,0.0722,0.0611,0.0704,0.0667
59.77,1,0.678,-6.99,2.99,5,77.0,20.96,0.07,0.0122,0.07,-0.002,-0.007,-3.673,-1.144,38.45,12.17,1.81,1,0.861,3.88,-4.09,0.0,0,5,0.0759,0.0648,0.0704,0.0685
59.804,1,0.68,-6.99,2.98,5,76.9,20.96,0.07,0.0102,0.07,0.0,-0.029,-3.671,-1.142,38.39,12.17,1.81,1,0.853,4.36,-3.48,0.0,0,5,0.074,0.0703,0.0703,0.0648
59.839,1,0.674,-6.99,3.0,5,77.0,20.96,0.07,0.0106,0.069,0.001,-0.019,-3.669,-1.14,38.33,12.17,1.44,1,0.853,4.36,-3.48,0.0,0,5,0.074,0.0703,0.0703,0.0629
59.871,1,0.69,-6.99,2.89,5,77.1,20.96,0.07,0.0104,0.068,0.001,-0.03,-3.668,-1.14,38.27,12.17,1.44,1,0.853,4.36,-3.48,0.0,0,5,0.0722,0.0666,0.0703,0.0611
59.904,1,0.705,-6.99,2.91,5,77.9,20.96,0.07,0.0123,0.066,-0.0,-0.012,-3.666,-1.138,38.27,12.17,1.44,1,0.853,3.88,-4.13,0.0,0,5,0.0722,0.063,0.0685,0.0611
59.939,1,0.715,-6.99,2.98,5,77.9,20.96,0.07,0.0119,0.064,-0.001,-0.038,-3.665,-1.137,38.22,12.17,1.44,1,0.853,3.88,-4.13,0.0,0,5,0.0723,0.063,0.063,0.0593
59.973,1,0.73,-6.99,2.98,5,78.1,20.96,0.07,0.0108,0.063,-0.003,-0.04,-3.663,-1.136,38.1,12.17,1.44,1,0.853,3.88,-4.13,0.0,0,5,0.0741,0.063,0.0575,0.0575
60.005,1,0.743,-6.99,3.29,5,78.2,20.96,0.07,0.0109,0.064,-0.004,0.006,-3.661,-1.134,38.1,12.17,1.44,1,0.863,3.39,-5.79,-7.816,1,5,0.0723,0.0612,0.0593,0.063
60.041,1,0.713,-6.99,2.89,5,78.5,20.96,0.07,0.0054,0.065,-0.002,0.006,-3.658,-1.133,38.1,12.19,0.62,1,0.863,3.39,-5.79,-7.816,1,5,0.0648,0.0555,0.0703,0.0703
60.073,1,0.699,-7.24,2.86,5,78.2,20.81,0.07,0.0124,0.065,-0.002,-0.043,-3.657,-1.132,38.04,12.19,0.62,1,0.873,3.88,-6.31,-6.738,1,5,0.0629,0.0555,0.0703,0.0703
60.105,1,0.7,-7.24,2.57,5,78.4,20.46,0.07,0.0161,0.064,-0.003,-0.003,-3.655,-1.13,38.04,12.19,0.62,1,0.873,3.88,-6.31,-6.738,1,5,0.0643,0.0533,0.0698,0.0698
60.138,1,0.703,-6.99,3.0,5,78.5,20.96,0.07,0.0208,0.063,-0.002,0.002,-3.653,-1.129,38.04,12.19,0.62,1,0.865,4.36,-7.18,-7.991,1,5,0.0644,0.057,0.0644,0.0662
60.169,1,0.706,-6.74,2.77,5,78.8,20.46,0.07,0.0101,0.065,-0.002,0.003,-3.652,-1.128,38.04,12.19,0.62,1,0.865,4.36,-7.18,-7.991,1,5,0.0643,0.0588,0.0661,0.0698
60.204,1,0.713,-6.49,2.88,5,79.1,20.96,0.07,0.0112,0.066,0.0,0.009,-3.65,-1.126,38.04,12.19,0.62,1,0.856,7.27,-0.76,-6.971,1,5,0.0647,0.0665,0.0665,0.0665
60.24,1,0.708,-6.49,2.92,5,79.5,20.96,0.07,0.0066,0.069,0.001,-0.022,-3.648,-1.125,38.04,12.19,-2.8,1,0.856,7.27,-0.76,-6.971,1,5,0.0662,0.0698,0.068,0.068
60.271,1,0.772,-6.24,2.68,5,79.7,20.46,0.07,0.0065,0.069,0.002,-0.005,-3.647,-1.124,37.99,12.19,-2.8,1,0.856,7.27,-0.76,-6.971,1,5,0.0717,0.0717,0.0717,0.0625
60.305,1,0.745,-6.24,2.69,5,79.0,20.46,0.07,0.0077,0.069,0.002,-0.027,-3.645,-1.122,37.99,12.19,-2.8,1,0.856,7.27,-0.76,-6.971,1,5,0.0736,0.0699,0.0718,0.0589
60.337,1,0.728,-6.24,2.76,5,79.2,20.46,0.07,0.0081,0.068,0.002,-0.064,-3.644,-1.121,37.93,12.19,-2.8,1,0.839,14.54,16.26,-1.132,1,5,0.0753,0.0698,0.0698,0.057
60.369,1,0.715,-6.24,2.77,5,79.3,20.46,0.07,0.0072,0.068,-0.0,-0.035,-3.641,-1.119,37.82,12.19,-2.8,1,0.839,14.54,16.26,-1.132,1,5,0.0772,0.068,0.0662,0.0588
60.406,1,0.741,-6.24,2.77,5,79.5,20.46,0.07,0.0072,0.069,-0.003,-0.029,-3.639,-1.118,37.76,12.19,-2.8,1,0.839,14.54,16.26,-1.132,1,5,0.0771,0.0661,0.0661,0.0661
60.438,1,0.747,-6.24,2.78,5,78.7,20.46,0.07,0.0075,0.069,-0.003,-0.0,-3.638,-1.117,37.76,12.18,-4.52,1,0.872,15.99,19.23,0.0,0,5,0.0776,0.0647,0.0684,0.0665
60.471,1,0.72,-6.24,2.5,5,78.1,20.81,0.07,0.0074,0.071,-0.001,-0.001,-3.636,-1.116,37.76,12.18,-4.52,1,0.872,15.99,19.23,0.0,0,5,0.0697,0.0643,0.0751,0.0733
60.507,1,0.716,-5.99,2.51,5,77.8,20.96,0.07,0.0123,0.07,-0.0,-0.002,-3.634,-1.114,37.7,12.18,-4.52,1,0.872,15.99,19.23,0.0,0,5,0.0698,0.0644,0.0751,0.0716
60.539,1,0.711,-5.49,2.09,5,77.3,20.96,0.07,0.0093,0.069,-0.003,0.001,-3.632,-1.112,37.82,12.18,-4.52,1,0.871,15.99,19.23,0.0,0,5,0.0722,0.0629,0.0703,0.0722
60.572,1,0.715,-5.49,2.56,5,77.2,20.96,0.07,0.011,0.068,-0.003,-0.003,-3.63,-1.112,37.76,12.18,-4.52,1,0.871,15.99,19.23,0.0,0,5,0.0722,0.0629,0.0685,0.0703
60.603,1,0.722,-5.24,2.54,5,77.4,20.46,0.07,0.0033,0.071,-0.003,-0.011,-3.628,-1.11,37.76,12.18,-4.52,1,0.864,16.48,18.47,0.0,0,5,0.074,0.0666,0.0703,0.074
60.67,1,0.721,-4.99,2.59,5,78.0,20.96,0.07,0.0014,0.075,0.001,-0.012,-3.625,-1.107,37.76,12.18,-2.36,1,0.864,16.48,18.47,0.0,0,5,0.0759,0.0759,0.0777,0.0722
60.707,1,0.748,-4.74,2.58,5,78.7,20.46,0.07,-0.002,0.075,0.002,-0.003,-3.622,-1.105,37.7,12.18,-2.36,1,0.862,12.6,17.54,0.0,0,5,0.0758,0.0758,0.0777,0.0703
60.773,1,0.755,-4.49,3.1,5,79.1,20.96,0.07,-0.0036,0.069,0.002,-0.026,-3.619,-1.102,37.7,12.18,-2.36,1,0.873,12.12,12.4,-0.137,1,5,0.074,0.074,0.0685,0.0611
60.803,1,0.722,-4.49,3.07,5,79.3,20.96,0.07,-0.0155,0.067,0.002,-0.033,-3.617,-1.101,37.64,12.18,-2.36,1,0.867,8.24,7.37,-0.89,1,5,0.0667,0.0704,0.0667,0.063
60.841,1,0.639,-4.49,4.81,5,79.4,20.96,0.07,-0.0143,0.068,0.001,-0.018,-3.615,-1.099,37.53,12.18,1.21,1,0.876,8.24,6.44,-2.934,1,5,0.063,0.0611,0.0759,0.0704
60.872,1,0.618,-4.49,4.37,5,79.5,20.96,0.07,-0.0442,0.069,0.003,-0.033,-3.614,-1.098,37.53,12.18,1.21,1,0.876,8.24,6.44,-2.934,1,5,0.0611,0.0611,0.0815,0.0704
60.904,1,0.62,-4.49,4.22,5,79.3,20.96,0.07,-0.0364,0.071,0.003,-0.04,-3.612,-1.096,37.41,12.18,1.21,1,0.861,3.39,-0.71,-0.201,1,5,0.0704,0.0611,0.0871,0.0667
60.939,1,0.643,-4.49,4.23,5,79.1,20.96,0.07,-0.0336,0.072,0.002,-0.04,-3.609,-1.094,37.3,12.18,1.21,1,0.871,2.91,-2.41,-0.768,1,5,0.0778,0.0629,0.0852,0.0611
60.97,1,0.747,-4.49,1.91,5,79.1,20.96,0.07,-0.0336,0.072,0.001,-0.055,-3.608,-1.094,37.24,12.18,1.21,1,0.871,2.91,-2.41,-0.768,1,5,0.0795,0.0629,0.0832,0.0629
61.005,1,0.749,-4.49,1.77,5,79.3,20.96,0.07,0.0069,0.072,0.002,-0.05,-3.606,-1.092,37.13,12.18,1.21,1,0.87,-1.45,-12.9,-3.322,1,5,0.0777,0.0629,0.0851,0.061
61.039,1,0.759,-4.49,1.76,5,79.3,20.96,0.07,0.0094,0.073,0.003,-0.058,-3.605,-1.091,37.07,12.15,0.99,1,0.87,-1.45,-12.9,-3.322,1,5,0.0776,0.0665,0.085,0.0628
61.071,1,0.681,-4.49,1.49,5,79.0,20.96,0.07,0.0095,0.074,0.005,-0.073,-3.603,-1.089,36.9,12.15,0.99,1,0.87,-1.45,-12.9,-3.322,1,5,0.0792,0.0718,0.0847,0.0589
61.104,1,0.703,-4.49,1.39,5,78.2,20.96,0.07,0.0143,0.072,0.006,-0.025,-3.601,-1.087,36.84,12.15,0.99,1,0.87,-1.45,-12.9,-3.322,1,5,0.0772,0.0754,0.0791,0.0552
61.135,1,0.674,-3.99,1.15,5,77.7,20.96,0.07,0.0161,0.071,0.006,0.022,-3.599,-1.086,36.84,12.15,0.99,1,0.864,0.97,-12.16,-6.914,1,5,0.0773,0.0754,0.0773,0.0534
61.172,1,0.804,-3.99,1.29,5,77.7,20.96,0.07,0.0144,0.068,0.005,-0.004,-3.597,-1.084,36.9,12.15,0.99,1,0.864,0.97,-12.16,-6.914,1,5,0.0684,0.0721,0.0739,0.0573
61.205,1,0.849,-3.99,0.95,5,77.4,20.56,0.07,0.0123,0.07,0.004,0.012,-3.595,-1.082,36.9,12.15,0.99,1,0.864,0.97,-12.16,-6.914,1,5,0.0648,0.0722,0.0759,0.0685
61.24,1,0.799,-3.99,0.43,5,76.8,20.96,0.07,0.0186,0.07,0.001,-0.016,-3.593,-1.081,36.84,12.15,-2.24,1,0.866,3.88,-5.9,-6.025,1,5,0.0679,0.066,0.077,0.0697
61.303,1,0.758,-3.74,-0.28,5,76.2,19.85,0.07,0.0281,0.069,-0.0,0.019,-3.589,-1.078,36.78,12.15,-2.24,1,0.866,3.88,-5.9,-6.025,1,5,0.0697,0.0642,0.0734,0.0697
61.369,1,0.844,-2.99,-0.68,5,76.7,20.56,0.07,0.0378,0.07,-0.001,0.034,-3.586,-1.076,36.96,12.15,-2.24,1,0.874,11.63,10.44,0.254,1,5,0.0642,0.0679,0.0698,0.0771
61.402,1,0.848,-2.5,-1.35,5,76.9,20.56,0.07,0.0357,0.07,0.0,0.025,-3.584,-1.074,37.01,12.15,-2.24,1,0.874,11.63,10.44,0.254,1,5,0.0624,0.0753,0.0643,0.0771
61.471,1,0.825,-1.5,-1.59,5,77.3,19.85,0.07,0.0438,0.069,-0.001,0.043,-3.582,-1.072,37.13,12.16,-5.28,1,0.87,14.54,16.3,-1.152,1,5,0.0625,0.0809,0.0551,0.0772
61.503,1,0.837,-1.25,-1.1,5,76.9,20.46,0.07,0.0359,0.068,-0.001,0.057,-3.579,-1.071,37.24,12.16,-5.28,1,0.87,14.54,16.3,-1.152,1,5,0.0625,0.0845,0.0478,0.0753
61.538,1,0.814,-1.0,-1.59,5,76.4,20.56,0.07,0.0264,0.068,-0.001,0.048,-3.577,-1.069,37.41,12.16,-5.28,1,0.87,14.54,16.3,-1.152,1,5,0.0625,0.0845,0.0478,0.0735
61.571,1,0.767,2.99,-2.55,5,76.3,20.2,0.07,0.0325,0.068,-0.0,0.009,-3.576,-1.068,37.41,12.16,-5.28,1,0.87,14.54,16.3,-1.152,1,5,0.0624,0.0826,0.0532,0.0753
61.605,1,0.763,3.49,-2.74,5,75.9,20.44,0.07,0.0008,0.068,-0.001,0.016,-3.574,-1.067,37.47,12.16,-5.28,1,0.87,14.54,16.3,-1.152,1,5,0.0625,0.0735,0.0606,0.0753
61.639,1,0.801,-0.75,-1.43,5,76.1,20.56,0.07,0.0044,0.068,-0.001,0.022,-3.572,-1.065,37.47,12.16,-5.28,1,0.87,14.54,16.3,-1.152,1,5,0.0625,0.0698,0.0625,0.0772
61.672,1,0.795,-0.75,-1.27,5,76.8,20.56,0.07,0.0359,0.067,0.0,0.009,-3.571,-1.064,37.47,12.16,-4.57,1,0.87,15.99,18.22,0.0,0,5,0.0643,0.0661,0.068,0.0698
61.705,1,0.794,-1.0,-1.09,5,77.3,20.56,0.07,0.0323,0.069,0.0,-0.012,-3.568,-1.062,37.47,12.16,-4.57,1,0.87,15.99,18.22,0.0,0,5,0.0683,0.0646,0.0739,0.0702
61.772,1,0.788,-0.5,-1.45,5,77.9,20.96,0.07,0.0298,0.074,-0.003,0.002,-3.565,-1.06,37.47,12.16,-4.57,1,0.875,15.99,18.22,0.0,0,5,0.0757,0.0665,0.0757,0.0776
61.804,1,0.783,-0.5,-1.12,5,77.7,20.81,0.07,0.0295,0.077,-0.001,0.022,-3.562,-1.058,37.59,12.16,-4.57,1,0.875,15.99,18.22,0.0,0,5,0.0739,0.0776,0.0739,0.0813
61.839,1,0.787,0.0,-1.35,5,77.8,20.96,0.07,0.0239,0.078,0.002,0.036,-3.56,-1.056,37.64,12.16,-1.81,1,0.875,15.99,18.22,0.0,0,5,0.0721,0.0868,0.0721,0.0795
61.869,1,0.787,0.0,-1.25,5,77.6,20.96,0.07,0.0217,0.077,0.004,0.05,-3.559,-1.055,37.64,12.16,-1.81,1,0.875,15.99,18.22,0.0,0,5,0.0721,0.0924,0.0702,0.0739
61.903,1,0.79,0.0,-1.3,5,77.9,20.96,0.07,0.0206,0.077,0.004,0.016,-3.556,-1.053,37.7,12.16,-1.81,1,0.875,12.12,12.08,-0.818,1,5,0.0739,0.0924,0.0684,0.0721
61.936,1,0.788,0.0,-1.33,5,78.6,20.96,0.07,0.0219,0.077,0.003,-0.009,-3.555,-1.052,37.7,12.16,-1.81,1,0.875,12.12,12.08,-0.818,1,5,0.0739,0.0887,0.0702,0.0739
61.971,1,0.791,0.0,-1.33,5,79.2,20.96,0.07,0.0228,0.075,0.0,-0.009,-3.553,-1.05,37.7,12.16,-1.81,1,0.875,12.12,12.08,-0.818,1,5,0.0738,0.081,0.0702,0.0756
62.004,1,0.779,0.0,-1.48,5,79.2,20.96,0.07,0.0227,0.075,-0.001,0.004,-3.551,-1.049,37.64,12.16,-1.81,1,0.875,12.12,12.08,-0.818,1,5,0.0702,0.072,0.0756,0.081
62.072,1,0.795,0.25,-0.92,5,79.4,20.46,0.07,0.0257,0.073,0.001,0.028,-3.547,-1.046,37.76,12.19,1.09,1,0.848,5.33,2.69,-1.634,1,5,0.0661,0.0661,0.0808,0.0771
62.103,1,0.803,0.0,-0.97,5,79.1,20.81,0.07,0.0128,0.073,-0.002,-0.008,-3.545,-1.044,37.76,12.19,1.09,1,0.868,4.85,-2.28,-2.503,1,5,0.0716,0.0624,0.079,0.0771
62.136,1,0.799,0.0,-0.93,5,79.2,20.81,0.07,0.017,0.075,-0.003,-0.016,-3.544,-1.043,37.7,12.19,1.09,1,0.864,4.36,-1.75,-3.672,1,5,0.0771,0.068,0.0753,0.079
62.17,1,0.8,0.0,-0.61,5,79.1,20.96,0.07,0.0164,0.077,-0.005,0.015,-3.541,-1.042,37.76,12.19,1.09,1,0.864,4.36,-1.75,-3.672,1,5,0.0869,0.074,0.0703,0.0777
62.206,1,0.786,0.0,-0.89,5,78.7,20.96,0.07,0.0106,0.077,-0.004,0.015,-3.539,-1.04,37.76,12.19,1.09,1,0.864,4.36,-1.75,-3.672,1,5,0.0851,0.0814,0.0648,0.0777
62.304,1,0.802,0.5,-1.26,5,78.5,20.96,0.07,0.0155,0.068,0.0,0.0,-3.533,-1.036,37.93,12.19,1.46,1,0.851,5.33,-1.06,-2.974,1,5,0.0642,0.0734,0.0624,0.0715
62.336,1,0.805,0.5,-1.33,5,78.2,20.96,0.07,0.016,0.066,-0.0,0.006,-3.532,-1.035,37.93,12.19,1.46,1,0.847,5.33,-0.41,-3.579,1,5,0.0605,0.0697,0.0624,0.0734
62.37,1,0.801,0.0,-0.75,5,78.1,20.56,0.07,0.0177,0.063,0.0,-0.021,-3.53,-1.033,37.93,12.19,1.46,1,0.847,5.33,-0.41,-3.579,1,5,0.057,0.0625,0.0643,0.0698
62.405,1,0.805,0.0,-1.43,5,78.6,20.96,0.07,0.0141,0.062,0.002,-0.002,-3.528,-1.032,37.87,12.19,1.46,1,0.847,5.33,-0.41,-3.579,1,5,0.0551,0.0606,0.0679,0.0661
62.436,1,0.768,0.0,-1.18,5,78.8,20.96,0.07,0.0256,0.065,0.001,0.039,-3.527,-1.031,37.87,12.19,1.46,1,0.835,4.85,-1.03,0.753,1,5,0.0587,0.0624,0.0698,0.0679
62.471,1,0.804,0.0,-1.06,5,79.0,20.96,0.07,0.0212,0.069,-0.001,0.007,-3.525,-1.029,37.93,12.17,-0.49,1,0.835,4.85,-1.03,0.753,1,5,0.0665,0.0647,0.0721,0.0739
62.503,1,0.808,0.0,-1.01,5,79.4,20.96,0.07,0.0189,0.074,-0.001,0.016,-3.522,-1.027,37.93,12.17,-0.49,1,0.825,5.33,-0.03,1.9,1,5,0.0722,0.0722,0.0722,0.0777
62.537,1,0.807,0.0,-0.93,5,79.6,20.96,0.07,0.0178,0.074,-0.001,0.005,-3.521,-1.026,37.93,12.17,-0.49,1,0.825,5.33,-0.03,1.9,1,5,0.0737,0.0737,0.0719,0.0774
62.567,1,0.82,0.0,-0.65,5,79.9,20.56,0.07,0.0165,0.075,0.0,0.035,-3.519,-1.024,37.99,12.17,-0.49,1,0.827,5.33,1.87,5.239,1,5,0.072,0.0794,0.0701,0.0775
62.605,1,0.81,0.0,-0.59,5,80.1,20.96,0.07,0.0114,0.074,-0.0,0.025,-3.516,-1.023,38.1,12.17,-0.49,1,0.827,5.33,1.87,5.239,1,5,0.0719,0.0812,0.0664,0.0775
62.639,1,0.816,0.0,-0.65,5,80.1,20.96,0.07,0.0104,0.071,-0.001,0.003,-3.514,-1.021,38.16,12.17,-0.49,1,0.827,5.33,1.87,5.239,1,5,0.0703,0.0796,0.0611,0.074
62.703,1,0.822,0.5,-1.22,5,81.2,20.96,0.07,0.0114,0.068,-0.003,0.028,-3.511,-1.019,38.16,12.17,-0.02,1,0.814,5.33,4.3,0.0,0,5,0.0662,0.0698,0.0606,0.0753
62.769,1,0.831,0.5,-0.41,5,81.1,20.56,0.07,0.0157,0.066,0.002,0.011,-3.508,-1.016,38.22,12.17,-0.02,1,0.814,5.82,4.5,0.0,0,5,0.0588,0.0662,0.0698,0.0698
62.803,1,0.832,1.0,-1.02,5,81.2,20.44,0.07,0.002,0.067,0.002,0.033,-3.506,-1.014,38.27,12.17,-0.02,1,0.814,5.82,4.5,0.0,0,5,0.061,0.0684,0.0702,0.0684
62.837,1,0.84,1.0,-0.62,5,81.2,20.56,0.07,0.0069,0.067,0.002,0.041,-3.505,-1.013,38.33,12.17,-0.02,1,0.814,5.82,4.5,0.0,0,5,0.061,0.0702,0.0684,0.0702
62.906,1,0.836,1.0,-0.24,5,80.6,20.56,0.07,0.001,0.072,0.001,0.018,-3.5,-1.01,38.39,12.17,1.69,1,0.809,6.79,7.32,0.0,0,5,0.0684,0.0758,0.0702,0.0739
62.932,1,0.838,1.25,-0.61,5,79.6,21.11,0.07,-0.0054,0.073,0.0,0.011,-3.499,-1.009,38.39,12.17,1.69,1,0.804,7.27,6.9,0.0,0,5,0.072,0.0757,0.072,0.0739
62.967,1,0.826,1.25,-0.63,5,79.3,20.56,0.07,-0.002,0.073,0.001,0.023,-3.497,-1.007,38.45,12.17,1.69,1,0.807,7.27,8.22,0.0,0,5,0.0736,0.0772,0.0718,0.07
63.005,1,0.833,1.5,-0.97,5,78.8,20.56,0.07,-0.0011,0.073,-0.0,-0.01,-3.495,-1.005,38.45,12.17,1.69,1,0.807,7.27,8.22,0.0,0,5,0.0737,0.0755,0.0701,0.0737
63.036,1,0.817,1.5,-0.94,5,78.6,20.56,0.07,0.0021,0.072,-0.001,-0.008,-3.494,-1.005,38.45,12.17,1.69,1,0.807,7.27,8.22,0.0,0,5,0.0738,0.0756,0.0648,0.072
63.102,1,0.811,1.5,-1.01,5,78.9,20.44,0.07,0.0022,0.066,-0.005,-0.007,-3.489,-1.002,38.45,12.16,2.41,1,0.81,7.27,9.77,0.0,0,5,0.0686,0.0667,0.0556,0.0723
63.135,1,0.805,1.5,-0.92,5,79.3,20.2,0.07,0.0037,0.066,-0.003,0.035,-3.488,-1.001,38.45,12.16,2.41,1,0.81,7.27,9.77,0.0,0,5,0.0649,0.0649,0.0612,0.0741
63.165,1,0.802,1.5,-0.34,5,79.6,20.2,0.07,0.0022,0.065,-0.0,0.012,-3.486,-0.999,38.5,12.16,2.41,1,0.81,7.27,9.77,0.0,0,5,0.0593,0.0612,0.0686,0.0723
63.201,1,0.801,1.5,-0.24,5,79.2,20.2,0.07,-0.0077,0.067,0.001,0.0,-3.484,-0.997,38.56,12.16,2.41,1,0.806,3.88,5.62,0.0,0,5,0.0612,0.0649,0.0723,0.0704
63.237,1,0.805,1.5,-0.22,5,79.1,20.2,0.07,-0.0094,0.067,0.0,0.003,-3.483,-0.997,38.56,12.16,2.41,1,0.806,3.88,5.62,0.0,0,5,0.063,0.0648,0.0704,0.0704
63.304,1,0.8,1.5,-0.57,5,78.4,20.81,0.07,-0.0096,0.068,-0.002,0.029,-3.479,-0.993,38.62,12.16,4.09,1,0.812,3.88,7.66,0.0,0,5,0.0703,0.0684,0.0629,0.0703
63.333,1,0.806,1.75,-0.54,5,78.3,20.56,0.07,-0.0036,0.07,-0.003,0.02,-3.477,-0.992,38.62,12.16,4.09,1,0.812,3.88,7.66,0.0,0,5,0.074,0.0721,0.0629,0.0721
63.402,1,0.794,1.5,-0.33,5,78.3,20.56,0.07,-0.0069,0.071,-0.001,0.011,-3.473,-0.989,38.73,12.16,4.09,1,0.808,0.0,9.28,0.0,0,5,0.071,0.0764,0.0619,0.0728
63.437,1,0.8,1.5,-0.3,5,78.4,20.56,0.07,-0.0074,0.069,-0.001,-0.019,-3.472,-0.988,38.73,12.16,4.09,1,0.808,0.0,9.28,0.0,0,5,0.0691,0.0745,0.06,0.0709
63.502,1,0.807,1.5,-0.64,5,77.8,20.81,0.07,-0.008,0.066,-0.007,0.012,-3.467,-0.985,38.67,12.2,4.77,1,0.816,-1.45,0.82,0.0,0,5,0.072,0.0627,0.0535,0.0738
63.541,1,0.809,1.5,-0.65,5,77.7,20.81,0.07,-0.0022,0.066,-0.005,0.022,-3.465,-0.984,38.67,12.2,4.77,1,0.816,-1.45,0.82,0.0,0,5,0.0684,0.0629,0.0592,0.074
63.601,1,0.805,1.5,-0.37,5,78.0,20.2,0.07,-0.0021,0.065,-0.001,0.012,-3.462,-0.981,38.73,12.2,4.77,1,0.83,-1.45,3.42,0.0,0,5,0.0627,0.0591,0.0683,0.0683
63.633,1,0.799,1.5,-0.37,5,78.0,20.2,0.07,-0.0069,0.064,-0.001,0.029,-3.461,-0.981,38.73,12.2,4.77,1,0.83,-1.45,3.42,0.0,0,5,0.0628,0.0609,0.0646,0.0683
63.733,1,0.802,2.0,-0.63,5,77.8,20.81,0.07,-0.0071,0.068,-0.002,0.039,-3.456,-0.977,38.96,12.2,5.23,1,0.818,-0.48,6.51,0.0,0,5,0.0666,0.074,0.0592,0.074
63.766,1,0.804,1.5,-0.05,5,77.8,20.81,0.07,-0.0088,0.069,-0.001,-0.033,-3.453,-0.975,39.02,12.2,5.23,1,0.818,-0.48,6.51,0.0,0,5,0.0685,0.0759,0.0611,0.0722
63.802,1,0.803,1.5,-0.04,5,79.1,20.81,0.07,-0.0124,0.069,-0.001,-0.016,-3.451,-0.973,38.96,12.2,5.23,1,0.818,-0.48,6.51,0.0,0,5,0.0701,0.072,0.0627,0.0701
63.832,1,0.804,1.25,-0.05,5,79.1,20.44,0.07,-0.0126,0.068,-0.002,-0.021,-3.45,-0.972,38.96,12.2,5.23,1,0.798,-0.48,7.36,0.0,0,5,0.0701,0.0664,0.0646,0.0701
63.934,1,0.783,1.25,-0.38,5,78.5,20.56,0.07,-0.0099,0.066,-0.004,-0.034,-3.445,-0.969,38.85,12.2,5.68,1,0.787,-0.97,8.28,0.0,0,5,0.0703,0.0629,0.0611,0.0685
63.97,1,0.785,1.25,-0.49,5,78.5,20.56,0.07,-0.0043,0.065,-0.003,-0.006,-3.443,-0.967,38.85,12.2,5.68,1,0.787,-0.97,8.28,0.0,0,5,0.0703,0.0666,0.0574,0.0666
64.007,1,0.794,1.5,-0.34,5,78.3,20.56,0.07,-0.0025,0.066,-0.005,0.033,-3.44,-0.966,38.9,12.2,5.68,1,0.778,-0.97,10.52,0.0,0,5,0.0703,0.0647,0.0573,0.0703
64.033,1,0.803,1.5,-0.39,5,78.4,20.56,0.07,-0.0081,0.067,-0.004,0.048,-3.439,-0.965,38.96,12.2,5.68,1,0.758,-0.48,10.39,0.0,0,5,0.0684,0.0629,0.0629,0.0721
64.134,1,0.779,2.0,-0.11,5,77.4,20.96,0.07,-0.0068,0.071,-0.003,-0.004,-3.434,-0.96,39.13,12.21,5.68,1,0.771,0.0,14.66,0.0,0,5,0.0721,0.0721,0.0647,0.0758
64.171,1,0.788,2.0,-0.12,5,76.6,20.96,0.07,-0.0175,0.071,-0.002,0.003,-3.431,-0.958,39.13,12.21,5.68,1,0.771,0.0,14.66,0.0,0,5,0.074,0.074,0.0648,0.0722
64.2,1,0.806,2.0,-0.11,5,76.8,20.96,0.0769,-0.017,0.072,0.0,-0.018,-3.429,-0.957,39.08,12.21,5.68,1,0.759,0.0,14.72,0.0,0,5,0.0736,0.0718,0.0718,0.07
64.232,1,0.81,1.75,0.09,5,77.7,20.46,0.091,-0.0168,0.073,0.0,-0.036,-3.428,-0.956,39.02,12.21,5.68,1,0.759,-0.48,15.12,0.0,0,5,0.0736,0.0718,0.0754,0.0718
64.27,1,0.805,1.5,0.01,5,77.5,20.81,0.0978,-0.017,0.073,-0.002,-0.003,-3.426,-0.954,38.96,12.21,7.06,1,0.774,-2.42,18.3,0.0,0,5,0.0753,0.0643,0.0772,0.0735
64.332,1,0.779,1.5,0.32,5,77.1,20.81,0.1027,-0.013,0.075,-0.003,-0.012,-3.422,-0.951,38.9,12.21,7.06,1,0.754,-4.36,7.58,0.0,0,5,0.0777,0.0703,0.074,0.0777
64.434,1,0.802,1.75,-0.28,5,77.4,20.56,0.1005,-0.0189,0.098,-0.001,0.03,-3.414,-0.945,38.9,12.21,7.06,1,0.679,-4.36,0.36,0.0,0,4,0.1035,0.0961,0.098,0.0943
64.469,1,0.789,1.5,0.22,5,77.5,20.81,0.1005,-0.0116,0.105,0.001,-0.048,-3.411,-0.942,38.85,12.22,8.0,1,0.679,-4.36,0.36,0.0,0,4,0.1064,0.1046,0.1082,0.1028
64.535,1,0.795,1.25,-0.31,5,76.4,20.46,0.0876,-0.017,0.109,0.001,-0.039,-3.406,-0.938,38.67,12.22,8.0,1,0.682,-5.33,5.54,0.0,0,4,0.1118,0.1046,0.1154,0.1028
64.632,1,0.807,0.75,-0.49,5,76.6,20.56,0.0944,-0.0054,0.102,-0.004,-0.019,-3.397,-0.932,38.45,12.22,8.0,1,0.668,-5.82,11.3,0.0,0,4,0.1075,0.0945,0.1019,0.1038
64.733,1,0.832,1.25,-0.43,5,77.3,21.02,0.0968,0.0027,0.1,-0.0,-0.006,-3.389,-0.926,38.73,12.22,7.24,1,0.659,-5.33,19.88,0.0,0,4,0.0981,0.1018,0.0981,0.1036
64.802,1,0.861,1.5,-0.19,5,77.4,20.56,0.1024,-0.0044,0.1,0.0,-0.005,-3.383,-0.921,38.62,12.22,7.24,1,0.666,-5.33,24.7,0.0,0,4,0.098,0.0998,0.1017,0.1017
64.835,1,0.855,1.75,-0.43,5,77.4,20.46,0.1024,-0.0113,0.1,-0.0,-0.014,-3.382,-0.919,38.62,12.22,7.24,1,0.666,-5.33,24.7,0.0,0,4,0.1,0.0963,0.1018,0.1
64.899,1,0.824,3.74,-2.77,5,75.7,20.56,0.1235,-0.0083,0.098,-0.003,-0.005,-3.375,-0.915,38.62,12.22,8.05,1,0.656,-5.33,30.68,0.0,0,4,0.1037,0.1,0.0907,0.0981
64.932,1,0.814,4.49,-3.58,5,75.0,20.56,0.1374,0.0196,0.099,-0.003,-0.006,-3.374,-0.913,38.62,12.22,8.05,1,0.662,-7.27,31.33,0.0,0,4,0.1055,0.1018,0.0907,0.0999
64.966,1,0.825,4.74,-3.4,5,74.6,20.56,0.1432,0.0319,0.104,-0.002,0.084,-3.37,-0.91,38.73,12.22,8.05,1,0.669,-7.27,31.94,0.0,0,4,0.1072,0.1036,0.0999,0.1054
65.004,1,0.826,3.74,-2.01,5,74.4,20.56,0.1472,0.0295,0.116,0.003,-0.033,-3.366,-0.907,38.79,12.22,8.05,1,0.678,-6.79,33.52,0.0,0,4,0.1116,0.1207,0.1171,0.1152
65.034,1,0.808,5.74,-3.92,5,74.5,20.0,0.1437,0.0104,0.123,0.004,0.006,-3.364,-0.905,38.79,12.22,8.05,1,0.678,-6.79,33.52,0.0,0,4,0.1171,0.1297,0.1243,0.1225
65.1,1,0.838,5.49,-2.84,5,74.1,20.2,0.1417,0.0303,0.142,-0.002,-0.043,-3.355,-0.898,38.79,12.22,9.7,1,0.64,-6.79,37.51,0.0,0,4,0.1381,0.1454,0.1344,0.1491
65.134,1,0.849,5.49,-2.6,5,74.2,20.44,0.1556,0.0162,0.143,-0.003,0.007,-3.353,-0.896,38.79,12.22,9.7,1,0.636,-9.69,38.42,0.0,0,4,0.1399,0.1454,0.1344,0.151
65.165,1,0.879,4.49,-0.31,5,74.8,20.56,0.1625,0.013,0.145,-0.004,0.145,-3.348,-0.893,39.13,12.22,9.7,1,0.622,-10.18,36.14,0.0,0,4,0.1491,0.1491,0.1344,0.1491
65.202,1,0.874,5.24,-0.3,5,74.7,20.56,0.1767,-0.0307,0.153,-0.0,0.004,-3.343,-0.889,39.02,12.22,9.7,1,0.63,-10.18,39.73,0.0,0,4,0.1512,0.1548,0.1493,0.1548
65.234,1,0.885,4.24,0.51,5,75.0,20.46,0.1894,-0.0398,0.157,0.0,0.007,-3.34,-0.886,39.08,12.22,9.7,1,0.642,-13.57,36.93,0.0,0,4,0.1548,0.1567,0.1567,0.1585
65.265,1,0.873,4.24,0.51,5,73.9,20.2,0.1964,-0.0503,0.165,0.002,-0.041,-3.335,-0.882,39.02,12.22,15.78,1,0.636,-15.51,33.79,0.0,0,4,0.1604,0.1659,0.1677,0.1659
65.301,1,0.835,6.99,-1.82,5,73.4,20.56,0.201,-0.0514,0.174,-0.0,-0.039,-3.329,-0.878,38.85,12.22,15.78,1,0.636,-15.51,33.79,0.0,0,4,0.1758,0.1702,0.1776,0.1739
65.332,1,0.848,5.99,-2.29,5,74.8,20.2,0.1769,-0.0213,0.181,0.0,0.017,-3.326,-0.875,38.85,12.22,15.78,1,0.6,-17.93,26.94,0.0,0,4,0.1833,0.1759,0.187,0.1777
65.4,1,0.838,6.49,-2.46,5,74.7,20.2,0.1835,0.0074,0.205,0.004,-0.036,-3.313,-0.864,38.56,12.22,15.78,1,0.65,-18.42,22.84,0.0,0,4,0.2073,0.1981,0.2203,0.1962
65.431,1,0.855,5.74,-2.15,5,75.2,20.56,0.1819,0.0063,0.206,0.004,-0.055,-3.31,-0.862,38.5,12.22,15.78,1,0.65,-18.42,22.84,0.0,0,4,0.2089,0.2034,0.2163,0.196
65.468,1,0.857,5.99,-1.93,5,74.9,20.81,0.1889,0.0094,0.205,0.003,0.043,-3.305,-0.857,38.56,12.23,17.22,1,0.644,-13.57,25.09,0.0,0,4,0.2096,0.2043,0.2114,0.1936
65.5,1,0.846,4.99,0.54,5,74.7,21.96,0.1897,-0.0001,0.203,0.004,-0.06,-3.299,-0.852,38.45,12.23,17.22,1,0.63,-11.63,30.06,0.0,0,4,0.2077,0.2042,0.2095,0.19
65.532,1,0.846,5.49,2.58,5,75.0,22.04,0.1659,-0.0558,0.203,0.004,-0.1,-3.295,-0.85,38.33,12.23,17.22,1,0.636,-9.69,33.45,0.0,0,4,0.206,0.2024,0.2113,0.1935
65.567,1,0.842,4.49,6.22,5,74.9,22.04,0.154,-0.1104,0.201,0.006,-0.022,-3.289,-0.844,38.22,12.23,17.22,1,0.594,-7.27,40.92,0.0,0,4,0.1982,0.2001,0.2148,0.1927
65.602,1,0.836,4.74,9.56,5,75.0,22.04,0.1297,-0.1649,0.201,0.006,-0.031,-3.283,-0.839,38.22,12.23,17.22,1,0.563,-5.33,46.26,0.0,0,4,0.2002,0.1965,0.2167,0.1892
65.631,1,0.837,4.24,13.19,5,75.8,22.19,0.1059,-0.2084,0.198,0.007,-0.071,-3.28,-0.837,38.16,12.23,17.22,1,0.509,-4.85,54.66,0.0,0,4,0.2002,0.1947,0.2167,0.1818
65.666,1,0.83,5.49,14.82,5,75.9,22.22,0.094,-0.2657,0.192,0.007,-0.178,-3.275,-0.832,37.82,12.23,24.08,1,0.578,-7.27,65.71,0.0,0,5,0.1975,0.1882,0.2104,0.1735
65.702,1,0.851,4.99,17.11,5,75.0,22.04,0.0828,-0.3108,0.181,0.005,-0.084,-3.269,-0.827,37.59,12.23,24.08,1,0.47,-10.66,68.52,0.0,0,5,0.1906,0.1759,0.1979,0.1612
65.731,1,0.859,3.74,19.13,5,75.6,22.04,0.0967,-0.3438,0.177,0.004,-0.076,-3.266,-0.825,37.47,12.23,24.08,1,0.468,-14.54,66.15,0.0,0,5,0.1888,0.1668,0.1943,0.1577
65.766,1,0.857,5.74,19.35,5,76.9,22.04,0.1036,-0.3634,0.166,0.004,-0.057,-3.261,-0.821,37.3,12.23,24.08,1,0.492,-17.45,64.88,0.0,0,5,0.1801,0.147,0.193,0.1433
65.8,1,0.855,6.74,19.66,5,77.5,21.67,0.1179,-0.4186,0.156,0.006,-0.222,-3.257,-0.817,36.9,12.23,24.08,1,0.503,-18.42,64.46,0.0,0,5,0.1703,0.1333,0.1888,0.1296
65.83,1,0.854,7.74,19.31,5,77.6,21.6,0.1264,-0.4594,0.151,0.007,-0.204,-3.255,-0.816,36.67,12.23,24.08,1,0.511,-21.81,63.74,0.0,0,5,0.1684,0.1314,0.185,0.1203
65.866,1,0.856,8.24,19.14,5,77.8,21.46,0.1281,-0.4685,0.146,0.006,-0.191,-3.25,-0.812,36.15,12.23,36.08,1,0.558,-28.11,62.28,0.0,0,5,0.1738,0.1257,0.1793,0.1054
65.898,1,0.856,8.98,18.43,5,77.9,21.42,0.1289,-0.4704,0.142,0.007,-0.3,-3.246,-0.808,35.58,12.23,36.08,1,0.509,-32.96,60.43,0.0,0,5,0.1775,0.1109,0.1867,0.0924
65.93,1,0.854,8.98,18.48,5,77.5,21.02,0.1323,-0.4713,0.14,0.005,-0.31,-3.244,-0.807,35.24,12.23,36.08,1,0.584,-37.32,60.26,0.0,0,5,0.1793,0.0998,0.1904,0.0906
65.967,1,0.857,8.73,18.15,5,77.3,21.46,0.1321,-0.4705,0.135,0.004,-0.399,-3.239,-0.804,34.38,12.23,36.08,1,0.65,-42.65,59.15,0.0,0,5,0.1829,0.0813,0.1959,0.0795
65.999,1,0.869,7.99,16.93,5,76.9,21.11,0.1336,-0.4629,0.133,0.001,-0.365,-3.235,-0.801,33.46,12.23,36.08,1,0.581,-45.56,72.01,0.0,0,5,0.1829,0.0739,0.1977,0.0758
66.031,1,0.872,7.24,16.12,5,76.5,21.11,0.1394,-0.4409,0.132,0.002,-0.434,-3.233,-0.799,32.95,12.23,36.08,1,0.459,-51.86,78.45,0.0,0,5,0.1962,0.0623,0.2053,0.0623
66.066,1,0.868,6.49,15.28,5,76.3,21.02,0.1433,-0.4223,0.132,-0.0,-0.428,-3.228,-0.796,31.91,12.23,45.0,1,0.455,-54.77,77.71,0.0,0,5,0.2037,0.0509,0.2128,0.06
66.1,1,0.874,5.49,13.94,5,74.9,21.11,0.1473,-0.4038,0.129,0.002,-0.477,-3.224,-0.794,30.83,12.23,45.0,1,0.485,-55.74,76.2,0.0,0,5,0.2039,0.051,0.2111,0.051
66.13,1,0.864,4.49,13.17,5,73.9,21.02,0.1537,-0.3743,0.129,0.002,-0.446,-3.222,-0.792,30.31,12.23,45.0,1,0.494,-54.29,75.41,0.0,0,5,0.2055,0.0514,0.211,0.0477
66.164,1,0.866,3.49,12.29,5,73.8,21.11,0.1573,-0.3508,0.129,0.008,-0.435,-3.217,-0.789,29.28,12.23,45.0,1,0.496,-53.32,74.8,0.0,0,5,0.2017,0.0592,0.2146,0.0407
66.199,1,0.866,2.5,11.68,5,72.8,20.96,0.1615,-0.3271,0.134,0.008,-0.433,-3.213,-0.786,28.3,12.23,45.0,1,0.496,-53.32,74.8,0.0,0,5,0.2055,0.0666,0.2184,0.0463
66.231,1,0.847,1.5,10.39,5,71.6,20.96,0.1644,-0.3071,0.137,0.008,-0.416,-3.21,-0.785,27.85,12.23,45.0,1,0.496,-53.32,74.8,0.0,0,5,0.2056,0.0704,0.2204,0.0519
66.265,1,0.847,0.25,9.5,5,71.3,21.02,0.1667,-0.2668,0.141,0.004,-0.43,-3.205,-0.782,26.87,12.23,44.44,1,0.479,-49.92,73.13,0.0,0,5,0.2101,0.0719,0.2194,0.0645
66.302,1,0.85,-0.75,8.47,5,71.9,21.02,0.162,-0.2275,0.145,0.003,-0.405,-3.2,-0.779,25.95,12.23,44.44,1,0.479,-49.92,73.13,0.0,0,5,0.2117,0.0736,0.2209,0.0718
66.333,1,0.837,-1.75,7.35,5,70.7,20.81,0.1472,-0.178,0.146,0.001,-0.377,-3.197,-0.778,25.5,12.23,44.44,1,0.478,-47.5,71.39,0.0,0,5,0.2115,0.0772,0.217,0.0772
66.368,1,0.819,-2.75,6.75,5,69.7,20.46,0.1353,-0.13,0.149,0.003,-0.322,-3.192,-0.775,24.75,12.23,44.44,1,0.478,-47.5,71.39,0.0,0,5,0.207,0.0905,0.2125,0.085
66.4,1,0.649,-3.24,5.66,4,68.8,20.79,0.1182,-0.093,0.15,0.003,-0.234,-3.186,-0.773,24.12,12.23,44.44,1,0.47,-42.65,69.9,0.0,0,5,0.1976,0.0979,0.2068,0.096
66.434,1,0.648,-3.74,5.03,4,68.4,21.07,0.121,-0.0723,0.15,0.003,-0.201,-3.183,-0.772,23.89,12.23,44.44,1,0.486,-40.71,69.04,0.0,0,5,0.194,0.0998,0.2051,0.0998
66.469,1,0.773,-3.74,11.27,5,68.2,20.56,0.1091,-0.0466,0.148,0.004,-0.25,-3.178,-0.769,23.32,12.24,42.54,1,0.486,-40.71,69.04,0.0,0,5,0.1876,0.1082,0.1948,0.101
66.499,1,0.595,-4.24,15.21,4,68.3,24.05,0.085,-0.158,0.141,0.008,-0.176,-3.173,-0.766,22.92,12.24,42.54,1,0.482,-35.38,67.53,0.0,0,5,0.1752,0.1174,0.1806,0.0921
66.531,1,0.562,-4.74,17.56,4,68.4,25.32,0.07,-0.2226,0.136,0.011,-0.18,-3.171,-0.765,22.69,12.24,42.54,1,0.482,-35.38,67.53,0.0,0,5,0.1645,0.1193,0.1753,0.0867
66.565,1,0.708,-5.49,21.01,5,69.2,20.56,0.07,-0.2584,0.129,0.011,-0.197,-3.166,-0.763,22.29,12.24,42.54,1,0.496,-31.5,65.53,0.0,0,5,0.1481,0.1092,0.1703,0.087
66.601,1,0.54,-5.49,23.76,4,69.1,27.06,0.07,-0.3118,0.122,0.005,-0.113,-3.162,-0.761,21.89,12.24,42.54,1,0.496,-31.5,65.53,0.0,0,5,0.1406,0.0888,0.1647,0.0944
66.632,1,0.5,-5.49,27.76,4,68.4,28.98,0.07,-0.3616,0.117,0.001,-0.165,-3.16,-0.76,21.72,12.24,42.54,1,0.532,-28.11,62.71,0.0,0,5,0.1388,0.0796,0.1573,0.0925
66.666,1,0.594,-5.74,30.79,5,67.9,28.16,0.07,-0.4242,0.107,-0.0,-0.125,-3.156,-0.759,21.37,12.24,44.96,1,0.532,-28.11,62.71,0.0,0,5,0.1314,0.0722,0.1407,0.0833
66.699,1,0.591,-6.24,32.78,5,66.8,27.44,0.07,-0.4242,0.1,0.005,-0.094,-3.153,-0.757,21.08,12.24,44.96,1,0.532,-28.11,62.71,0.0,0,5,0.1185,0.0796,0.1296,0.0722
66.731,1,0.536,-6.74,31.53,5,62.1,23.94,0.07,-0.4242,0.099,0.006,-0.148,-3.151,-0.756,20.97,12.24,44.96,1,0.532,-28.11,62.71,0.0,0,5,0.1156,0.0808,0.1285,0.0698
66.766,1,0.459,-7.24,34.52,4,59.5,24.58,0.07,-0.4242,0.092,0.006,-0.201,-3.148,-0.755,20.51,12.24,44.96,1,0.51,-22.78,58.45,0.0,0,5,0.1146,0.0746,0.1219,0.0582
66.797,1,0.445,-8.24,36.94,4,63.2,25.82,0.07,-0.4242,0.084,0.002,-0.261,-3.145,-0.754,19.88,12.24,44.96,1,0.572,-21.81,56.72,0.0,0,5,0.1263,0.0559,0.1173,0.0379
66.831,1,0.192,2.37,40.34,3,67.8,28.89,0.07,-0.4242,0.084,0.002,-0.261,-3.145,-0.754,19.88,12.24,44.96,1,0.582,-21.33,55.43,0.0,0,5,0.1263,0.0559,0.1173,0.0379
66.865,1,0.203,0.53,42.35,3,73.8,28.89,0.07,-0.4242,0.074,-0.0,-0.311,-3.141,-0.752,18.79,12.24,44.96,1,0.586,-20.84,53.95,0.0,0,5,0.1338,0.0238,0.1228,0.0147
66.898,1,0.209,-1.05,43.7,3,74.8,28.34,0.07,-0.4242,0.071,-0.001,-0.305,-3.139,-0.752,18.45,12.24,44.96,1,0.586,-20.84,53.95,0.0,0,5,0.1302,0.0128,0.1266,0.0128
66.931,1,0.213,-1.05,43.33,3,72.7,27.78,0.07,-0.4242,0.067,-0.001,-0.301,-3.138,-0.752,18.11,12.24,44.96,1,0.586,-20.84,53.95,0.0,0,5,0.1257,0.0037,0.1294,0.0111
66.965,1,0.626,-8.73,40.87,5,71.6,26.32,0.07,-0.4242,0.062,-0.002,-0.342,-3.136,-0.751,17.25,12.24,44.96,1,0.6,-23.75,50.7,0.0,0,5,0.1203,-0.0056,0.1258,0.0074
66.998,1,0.673,-10.98,40.68,5,71.5,27.55,0.07,-0.4242,0.061,-0.002,-0.32,-3.134,-0.75,16.44,12.24,44.96,1,0.6,-23.75,50.7,0.0,0,5,0.1259,-0.0019,0.1185,0.0
67.03,1,0.696,-12.23,41.09,5,70.8,27.23,0.07,-0.4242,0.061,-0.004,-0.336,-3.132,-0.75,16.1,12.24,44.96,1,0.627,-25.69,47.52,0.0,0,5,0.1296,0.0,0.1148,0.0
67.065,1,0.704,-12.73,41.12,5,70.6,27.23,0.07,-0.4242,0.06,-0.004,-0.348,-3.13,-0.75,15.3,12.26,44.96,1,0.66,-26.66,46.43,0.0,0,5,0.1277,0.0,0.111,0.0
67.101,1,0.713,-12.73,40.6,5,72.4,27.23,0.07,-0.4242,0.058,-0.004,-0.333,-3.128,-0.749,14.55,12.26,44.96,1,0.66,-26.66,46.43,0.0,0,5,0.1238,0.0,0.1072,0.0
67.132,1,0.715,-12.48,39.98,5,72.1,26.67,0.07,-0.4242,0.058,-0.003,-0.332,-3.127,-0.749,14.15,12.26,44.96,1,0.66,-26.66,46.43,0.0,0,5,0.122,0.0,0.1091,0.0
67.165,1,0.723,-12.48,39.83,5,72.8,26.11,0.07,-0.4242,0.058,-0.001,-0.321,-3.124,-0.748,13.41,12.26,44.96,1,0.66,-26.66,46.43,0.0,0,5,0.1185,0.0,0.1148,0.0
67.198,1,0.728,-12.23,39.37,5,73.9,26.11,0.07,-0.4242,0.06,0.001,-0.344,-3.122,-0.748,12.61,12.26,44.96,1,0.663,-31.5,40.71,0.0,0,5,0.1168,0.0,0.1224,0.0
67.232,1,0.761,-12.23,39.48,5,74.3,26.11,0.07,-0.4242,0.06,0.001,-0.342,-3.121,-0.747,12.2,12.26,44.96,1,0.712,-33.44,39.6,0.0,0,5,0.1168,0.0,0.1224,0.0
67.266,1,0.771,-12.23,38.62,5,74.3,25.69,0.07,-0.4242,0.062,0.0,-0.346,-3.118,-0.747,11.4,12.26,44.96,1,0.712,-33.44,39.6,0.0,0,5,0.1223,0.0,0.1242,0.0
67.298,1,0.759,-11.98,37.22,5,73.9,25.56,0.07,-0.4242,0.062,-0.002,-0.372,-3.116,-0.747,10.54,12.26,44.96,1,0.71,-35.38,35.18,0.0,0,5,0.124,0.0,0.1222,0.0
67.33,1,0.761,-12.23,36.85,5,74.1,25.56,0.07,-0.4242,0.062,-0.004,-0.368,-3.115,-0.747,10.14,12.26,44.96,1,0.71,-35.38,35.18,0.0,0,5,0.1313,0.0,0.1165,0.0
67.363,1,0.768,-12.48,36.49,5,74.2,25.0,0.07,-0.4242,0.063,-0.004,-0.359,-3.112,-0.746,9.28,12.26,44.96,1,0.723,-38.29,31.02,0.0,0,5,0.1351,0.0,0.1184,0.0
67.398,1,0.771,-12.73,35.99,5,74.1,25.0,0.07,-0.4242,0.065,-0.001,-0.358,-3.11,-0.746,8.48,12.26,44.96,1,0.735,-40.23,12.33,0.0,0,5,0.1314,0.0,0.1277,0.0
67.432,1,0.763,-12.73,35.41,5,74.0,24.52,0.07,-0.4242,0.066,0.001,-0.362,-3.108,-0.746,8.02,12.26,44.96,1,0.735,-40.23,12.33,0.0,0,5,0.1297,0.0,0.1334,0.0
67.468,1,0.762,-12.98,34.74,5,74.2,24.45,0.07,-0.4242,0.067,0.0,-0.364,-3.105,-0.745,7.22,12.25,44.96,1,0.735,-40.23,12.33,0.0,0,5,0.1332,0.0,0.1351,0.0
67.499,1,0.751,-13.48,34.54,5,74.4,24.52,0.07,-0.4242,0.067,-0.002,-0.374,-3.103,-0.745,6.36,12.25,44.96,1,0.753,-44.11,-30.98,0.0,0,5,0.1389,0.0,0.1297,0.0
67.53,1,0.743,-13.73,33.83,5,74.4,23.94,0.07,-0.4242,0.066,-0.004,-0.391,-3.102,-0.745,5.9,12.25,44.96,1,0.771,-46.05,-33.21,0.0,0,5,0.1407,-0.0019,0.1259,0.0
67.564,1,0.735,-13.98,33.36,5,74.3,23.94,0.07,-0.4242,0.064,-0.005,-0.375,-3.099,-0.745,5.04,12.25,44.96,1,0.769,-47.98,-35.39,0.0,0,5,0.1371,-0.0019,0.1204,0.0
67.605,1,0.717,-14.47,32.41,5,74.3,23.89,0.07,-0.4242,0.064,-0.001,-0.385,-3.097,-0.745,4.13,12.25,44.96,1,0.769,-47.98,-35.39,0.0,0,5,0.1296,-0.0019,0.1277,0.0
67.633,1,0.712,-14.97,31.75,5,74.4,23.89,0.07,-0.4242,0.065,0.001,-0.345,-3.095,-0.744,3.72,12.25,44.96,1,0.775,-51.86,-39.18,0.0,0,5,0.1278,0.0,0.1334,0.0
67.667,1,0.704,-15.47,31.26,5,73.8,23.35,0.07,-0.4152,0.067,0.004,-0.381,-3.092,-0.744,2.86,12.25,44.96,1,0.773,-52.83,-41.71,0.0,0,5,0.1259,0.0,0.1425,0.0
67.697,1,0.699,-15.97,30.53,5,73.7,23.89,0.07,-0.4024,0.068,0.001,-0.401,-3.09,-0.744,2.01,12.25,44.96,1,0.764,-54.77,-43.19,0.0,0,5,0.1331,0.0,0.1387,0.0
67.731,1,0.701,-16.47,29.79,5,73.8,23.35,0.07,-0.3851,0.068,-0.0,-0.411,-3.088,-0.744,1.55,12.25,44.96,1,0.755,-56.71,-44.73,0.0,0,5,0.1368,0.0,0.135,0.0
67.769,1,0.698,-16.97,28.99,5,74.0,23.34,0.07,-0.3668,0.067,-0.003,-0.384,-3.086,-0.744,0.63,12.25,44.96,1,0.755,-56.71,-44.73,0.0,0,5,0.1406,0.0019,0.1258,0.0
67.797,1,0.682,-17.72,27.96,5,73.6,23.34,0.07,-0.3487,0.067,-0.001,-0.375,-3.083,-0.744,-0.23,12.25,44.96,1,0.74,-61.07,-48.51,0.0,0,5,0.1389,0.0019,0.126,0.0
67.832,1,0.676,-18.47,27.37,5,73.6,22.78,0.07,-0.3235,0.067,0.0,-0.348,-3.082,-0.744,-0.63,12.25,44.96,1,0.74,-61.07,-48.51,0.0,0,5,0.1334,0.0019,0.1315,0.0
67.866,1,0.671,-19.22,26.81,5,73.6,22.78,0.07,-0.3048,0.069,0.001,-0.372,-3.079,-0.744,-1.49,12.25,43.84,1,0.74,-61.07,-48.51,0.0,0,5,0.1295,0.0,0.1406,0.0074
67.896,1,0.684,-19.72,26.55,5,73.7,22.68,0.07,-0.2887,0.071,-0.0,-0.361,-3.077,-0.744,-1.89,12.25,43.84,1,0.684,-67.37,-52.58,0.0,0,5,0.1295,0.0019,0.1406,0.013
67.932,1,0.683,-20.21,25.57,5,73.6,22.68,0.07,-0.2804,0.07,-0.001,-0.345,-3.075,-0.744,-2.69,12.25,43.84,1,0.684,-67.37,-52.58,0.0,0,5,0.1276,0.0055,0.1313,0.0148
67.965,1,0.681,-20.96,24.57,5,73.8,22.68,0.07,-0.2582,0.065,-0.004,-0.346,-3.072,-0.745,-3.5,12.25,43.84,1,0.684,-67.37,-52.58,0.0,0,5,0.1277,0.0074,0.1147,0.0093
67.999,1,0.679,-21.96,23.76,5,73.1,22.19,0.07,-0.2342,0.062,-0.004,-0.261,-3.07,-0.745,-4.13,12.25,43.84,1,0.664,-62.52,-49.92,0.0,0,5,0.122,0.0055,0.1109,0.0111
68.03,1,0.734,-22.46,21.96,5,73.3,21.96,0.07,-0.2087,0.063,-0.005,-0.204,-3.068,-0.745,-4.35,12.25,43.84,1,0.699,-60.1,-49.24,0.0,0,5,0.1202,0.0074,0.1091,0.0148
68.098,1,0.743,-23.21,21.28,5,73.4,22.04,0.091,-0.1765,0.069,-0.007,-0.17,-3.063,-0.746,-5.27,12.25,31.84,1,0.656,-50.89,-39.53,0.0,0,5,0.1147,0.0185,0.1055,0.0333
68.133,1,0.747,-23.21,20.55,5,73.3,21.6,0.105,-0.1576,0.069,-0.008,-0.169,-3.061,-0.747,-5.44,12.25,31.84,1,0.656,-50.89,-39.53,0.0,0,5,0.1111,0.0278,0.0944,0.0444
68.164,1,0.754,-23.21,20.53,5,73.4,21.6,0.1118,-0.1553,0.07,-0.008,-0.146,-3.059,-0.747,-5.79,12.25,31.84,1,0.71,-43.62,-32.25,0.0,0,5,0.1055,0.0352,0.0888,0.0518
68.197,1,0.756,-22.71,19.96,5,73.3,21.6,0.1223,-0.188,0.071,-0.006,-0.162,-3.057,-0.748,-5.96,12.25,31.84,1,0.732,-39.74,-26.5,0.0,0,5,0.1036,0.0407,0.0888,0.0518
68.233,1,0.745,-22.21,19.39,5,73.0,21.6,0.125,-0.1915,0.079,-0.006,-0.106,-3.054,-0.748,-6.3,12.25,31.84,1,0.732,-39.74,-26.5,0.0,0,5,0.1055,0.0518,0.0944,0.0648
68.265,1,0.685,-21.71,20.47,5,73.0,21.62,0.1277,-0.1938,0.094,-0.003,-0.102,-3.049,-0.749,-6.53,12.25,19.84,1,0.732,-39.74,-26.5,0.0,0,5,0.1166,0.0703,0.1111,0.0778
68.301,1,0.692,-21.21,20.6,5,73.7,21.62,0.1035,-0.1643,0.108,-0.003,-0.126,-3.045,-0.749,-6.82,12.25,19.84,1,0.732,-39.74,-26.5,0.0,0,5,0.1314,0.0815,0.1277,0.0907
68.33,1,0.684,-20.46,20.96,5,73.1,22.19,0.0917,-0.1722,0.114,-0.006,-0.047,-3.042,-0.75,-6.93,12.25,19.84,1,0.732,-39.74,-26.5,0.0,0,5,0.1425,0.0833,0.1333,0.0963
68.364,1,0.691,-19.22,20.62,5,73.7,21.67,0.07,-0.1867,0.121,-0.008,-0.16,-3.037,-0.751,-7.16,12.25,19.84,1,0.407,-16.48,23.02,0.0,0,5,0.1536,0.0907,0.1351,0.1036
68.399,1,0.691,-18.72,20.75,5,73.3,21.67,0.07,-0.1936,0.122,-0.003,-0.139,-3.033,-0.751,-7.51,12.25,19.84,1,0.407,-16.48,23.02,0.0,0,5,0.1508,0.103,0.1342,0.0993
68.434,1,0.678,-18.47,20.62,5,72.5,21.67,0.07,-0.1993,0.12,0.0,-0.13,-3.03,-0.752,-7.62,12.25,19.84,1,0.407,-16.48,23.02,0.0,0,5,0.1416,0.1085,0.1324,0.0975
68.465,1,0.649,-17.72,19.33,5,72.2,21.67,0.07,-0.1992,0.114,0.003,-0.116,-3.026,-0.752,-7.85,12.26,7.84,1,0.181,-1.8,41.83,0.0,0,4,0.1306,0.103,0.1306,0.092
68.498,1,0.66,-16.97,18.86,5,72.1,22.19,0.07,-0.1835,0.111,0.001,-0.098,-3.024,-0.753,-7.96,12.26,7.84,1,0.181,-1.8,41.83,0.0,0,4,0.1287,0.0975,0.1269,0.0901
68.532,1,0.666,-16.47,19.06,5,72.0,22.19,0.07,-0.1821,0.104,-0.003,-0.05,-3.02,-0.753,-8.14,12.26,7.84,1,0.5,6.3,50.34,0.0,0,5,0.1167,0.0778,0.1241,0.0963
68.567,1,0.65,-15.72,20.95,5,72.1,28.61,0.07,-0.1908,0.096,-0.008,-0.041,-3.017,-0.754,-8.31,12.26,7.84,1,0.5,6.3,50.34,0.0,0,5,0.1105,0.0626,0.1124,0.0976
68.597,1,0.673,-15.47,21.15,5,72.0,28.03,0.07,-0.2303,0.093,-0.008,-0.091,-3.015,-0.755,-8.42,12.26,7.84,1,0.632,19.39,46.44,0.0,0,5,0.1051,0.059,0.1106,0.0959
68.631,1,0.701,-15.47,19.23,5,72.2,21.67,0.07,-0.2346,0.087,-0.009,-0.117,-3.012,-0.755,-8.65,12.26,7.84,1,0.632,19.39,46.44,0.0,0,5,0.1069,0.059,0.0959,0.0848
68.663,1,0.669,-15.22,20.5,5,72.1,27.44,0.07,-0.2001,0.081,-0.007,-0.12,-3.009,-0.756,-8.94,12.26,9.93,1,0.632,19.39,46.44,0.0,0,5,0.108,0.0641,0.0842,0.0678
68.697,1,0.69,-14.97,20.05,5,72.0,26.86,0.07,-0.2238,0.078,-0.006,-0.093,-3.007,-0.756,-9.05,12.26,9.93,1,0.591,6.79,46.26,0.0,0,5,0.1071,0.0617,0.0817,0.0617
68.731,1,0.687,-14.97,20.27,5,72.1,26.9,0.07,-0.2184,0.076,-0.004,-0.069,-3.004,-0.757,-9.17,12.26,9.93,1,0.591,6.79,46.26,0.0,0,5,0.1051,0.0598,0.0834,0.0544
68.764,1,0.669,-15.22,20.21,5,72.2,26.37,0.07,-0.2212,0.076,-0.003,-0.1,-3.001,-0.758,-9.45,12.26,9.93,1,0.591,6.79,46.26,0.0,0,5,0.101,0.0551,0.0899,0.0569
68.798,1,0.676,-15.47,20.59,5,72.1,24.79,0.07,-0.2164,0.076,-0.008,-0.161,-2.998,-0.759,-9.74,12.26,9.93,1,0.506,-5.33,38.33,0.0,0,5,0.1055,0.0518,0.0888,0.0592
68.831,1,0.669,-15.72,20.37,5,72.1,23.73,0.07,-0.2199,0.074,-0.009,-0.14,-2.997,-0.759,-9.91,12.26,9.93,1,0.506,-5.33,38.33,0.0,0,5,0.1037,0.0426,0.087,0.0629
68.865,1,0.659,-15.97,17.73,5,72.1,23.94,0.07,-0.2129,0.071,-0.011,-0.146,-2.994,-0.76,-10.26,12.26,17.24,1,0.516,-12.12,31.14,0.0,0,5,0.1018,0.0333,0.087,0.0611
68.9,1,0.657,-16.72,16.51,5,72.0,21.67,0.07,-0.1644,0.066,-0.009,-0.158,-2.992,-0.761,-10.66,12.26,17.24,1,0.516,-16.48,25.49,0.0,0,5,0.0976,0.0295,0.0866,0.0571
68.93,1,0.647,-17.47,16.09,5,71.8,21.67,0.07,-0.1339,0.064,-0.011,-0.184,-2.991,-0.761,-10.89,12.26,17.24,1,0.516,-16.48,25.49,0.0,0,5,0.1014,0.0221,0.0848,0.0479
68.965,1,0.658,-18.47,16.72,5,71.3,21.67,0.07,-0.1185,0.06,-0.012,-0.185,-2.988,-0.762,-11.34,12.26,17.24,1,0.516,-16.48,25.49,0.0,0,5,0.1021,0.0182,0.0784,0.0419
68.996,1,0.665,-18.97,16.16,5,70.5,21.11,0.07,-0.1197,0.06,-0.012,-0.17,-2.987,-0.763,-11.52,12.26,17.24,1,0.592,-23.75,3.11,0.0,0,5,0.1024,0.0201,0.0749,0.042
69.03,1,0.665,-19.47,15.97,5,70.1,21.62,0.07,-0.1048,0.061,-0.012,-0.095,-2.985,-0.764,-11.8,12.26,17.24,1,0.592,-23.75,3.11,0.0,0,5,0.1024,0.0256,0.0731,0.0439
69.065,1,0.662,-19.97,15.66,5,69.4,21.67,0.07,-0.0975,0.06,-0.012,-0.122,-2.983,-0.765,-12.09,12.27,17.1,1,0.592,-23.75,3.11,0.0,0,5,0.0978,0.0277,0.0701,0.0461
69.099,1,0.689,-20.46,13.68,5,69.2,21.42,0.07,-0.0885,0.059,-0.01,-0.083,-2.981,-0.766,-12.26,12.27,17.1,1,0.63,-26.66,-0.97,0.0,0,5,0.0868,0.0296,0.0684,0.0517
69.133,1,0.696,-20.46,13.43,5,68.5,21.6,0.07,-0.05,0.056,-0.009,-0.069,-2.979,-0.766,-12.32,12.27,17.1,1,0.63,-26.66,-0.97,0.0,0,5,0.0813,0.0295,0.0646,0.0499
69.165,1,0.688,-20.71,13.29,5,68.0,21.02,0.07,-0.0464,0.057,-0.007,-0.072,-2.977,-0.767,-12.55,12.27,17.1,1,0.63,-26.66,-0.97,0.0,0,5,0.0776,0.0351,0.0647,0.0517
69.199,1,0.627,-20.71,14.81,5,67.2,21.67,0.07,-0.0423,0.058,-0.005,-0.06,-2.975,-0.767,-12.66,12.27,17.1,1,0.649,-27.63,-5.23,0.0,0,5,0.0759,0.0389,0.0611,0.0518
69.229,1,0.633,-20.71,14.76,5,67.5,21.67,0.07,-0.0696,0.057,-0.006,-0.058,-2.974,-0.768,-12.72,12.27,17.1,1,0.62,-25.69,-3.7,0.0,0,5,0.074,0.0407,0.0629,0.0518
69.268,1,0.634,-20.71,15.04,5,67.4,21.6,0.07,-0.0696,0.058,-0.003,-0.043,-2.972,-0.768,-12.83,12.27,15.07,1,0.62,-25.69,-3.7,0.0,0,5,0.0703,0.0444,0.0648,0.0518
69.296,1,0.628,-20.21,14.64,5,67.7,21.11,0.07,-0.075,0.058,-0.003,-0.048,-2.971,-0.769,-12.89,12.27,15.07,1,0.628,-25.69,-2.21,0.0,0,5,0.0722,0.0426,0.0666,0.05
69.331,1,0.621,-20.21,14.64,5,67.5,21.11,0.07,-0.0745,0.059,-0.0,-0.061,-2.968,-0.769,-13.01,12.27,15.07,1,0.628,-25.69,-2.21,0.0,0,5,0.0722,0.0482,0.0685,0.0463
69.368,1,0.617,-20.21,14.54,5,67.2,21.11,0.07,-0.0743,0.059,-0.001,-0.096,-2.966,-0.77,-13.18,12.27,15.07,1,0.628,-25.69,-2.21,0.0,0,5,0.076,0.0482,0.0686,0.0445
69.395,1,0.613,-20.21,14.27,5,67.0,21.11,0.07,-0.0722,0.062,-0.001,-0.121,-2.965,-0.77,-13.35,12.27,15.07,1,0.617,-26.17,-2.73,0.0,0,5,0.0797,0.0519,0.0686,0.0463
69.43,1,0.614,-19.97,14.07,5,67.3,21.11,0.07,-0.0674,0.064,-0.003,-0.088,-2.962,-0.771,-13.58,12.27,15.07,1,0.617,-26.17,-2.73,0.0,0,5,0.0815,0.0519,0.0704,0.0537
69.467,1,0.599,-19.72,13.82,5,66.4,21.67,0.07,-0.067,0.069,-0.0,0.014,-2.959,-0.771,-13.58,12.26,12.48,1,0.617,-26.17,-2.73,0.0,0,5,0.0796,0.0592,0.0778,0.0592
69.495,1,0.595,-19.22,13.88,5,66.9,21.62,0.07,-0.0652,0.07,0.001,-0.038,-2.958,-0.772,-13.64,12.26,12.48,1,0.54,-21.81,11.77,0.0,0,5,0.0741,0.0611,0.0815,0.063
69.529,1,0.551,-18.72,13.17,5,66.5,21.6,0.07,-0.0722,0.07,0.001,-0.017,-2.955,-0.772,-13.69,12.26,12.48,1,0.54,-21.81,11.77,0.0,0,5,0.0722,0.0648,0.0778,0.0666
69.565,1,0.556,-18.72,13.31,5,66.4,21.6,0.07,-0.065,0.07,-0.002,-0.026,-2.952,-0.773,-13.75,12.26,12.48,1,0.54,-21.81,11.77,0.0,0,5,0.074,0.0629,0.0722,0.0703
69.594,1,0.221,-10.81,12.97,4,66.5,26.11,0.07,-0.0662,0.069,-0.004,-0.033,-2.951,-0.774,-13.75,12.26,12.48,1,0.549,-20.84,13.8,0.0,0,5,0.0759,0.0611,0.0703,0.0703
69.629,1,0.224,-11.07,13.08,4,67.4,25.85,0.07,-0.1586,0.069,-0.002,-0.041,-2.949,-0.774,-13.87,12.26,12.48,1,0.516,-19.87,16.06,3.013,1,5,0.076,0.0593,0.0741,0.0649
69.662,1,0.235,-15.29,16.74,4,67.5,21.64,0.07,-0.1468,0.068,-0.002,-0.057,-2.946,-0.775,-13.98,12.26,11.43,1,0.494,-16.48,16.71,-0.852,1,5,0.0778,0.0574,0.074,0.0629
69.695,1,0.243,-15.56,16.96,4,68.5,21.07,0.07,-0.1543,0.067,-0.001,-0.082,-2.945,-0.775,-14.09,12.26,11.43,1,0.513,-15.99,21.33,0.0,0,5,0.0795,0.0573,0.0758,0.0573
69.731,1,0.247,-15.82,17.0,4,68.0,21.1,0.07,-0.1549,0.069,-0.004,-0.099,-2.942,-0.776,-14.32,12.26,11.43,1,0.513,-15.99,21.33,0.0,0,5,0.0904,0.0498,0.0794,0.0554
69.765,1,0.256,-15.82,17.03,4,70.8,21.1,0.07,-0.1526,0.069,-0.004,-0.146,-2.939,-0.777,-14.67,12.26,11.43,1,0.513,-15.99,21.33,0.0,0,5,0.1016,0.0499,0.0794,0.0443
69.795,1,0.262,-15.82,16.89,4,72.4,21.1,0.07,-0.1539,0.068,-0.003,-0.112,-2.938,-0.777,-14.78,12.26,11.43,1,0.484,-20.36,15.45,-1.127,1,5,0.1035,0.048,0.0832,0.0388
69.832,1,0.262,-16.08,16.52,4,71.9,21.61,0.07,-0.1518,0.068,0.001,-0.135,-2.935,-0.778,-15.07,12.26,11.43,1,0.484,-20.36,15.45,-1.127,1,5,0.0999,0.0518,0.087,0.0333
69.867,1,0.264,-16.08,15.92,4,72.4,21.37,0.07,-0.1421,0.067,0.003,-0.138,-2.933,-0.779,-15.36,12.26,14.21,1,0.484,-20.36,15.45,-1.127,1,5,0.0907,0.0463,0.0926,0.037
69.894,1,0.268,-16.35,15.3,4,72.8,21.1,0.07,-0.1321,0.068,0.001,-0.13,-2.931,-0.779,-15.47,12.26,14.21,1,0.533,-23.75,7.22,0.0,0,5,0.0889,0.0463,0.0907,0.0444
69.931,1,0.269,-16.35,14.58,4,73.0,21.1,0.07,-0.1181,0.068,0.0,-0.144,-2.929,-0.78,-15.81,12.26,14.21,1,0.533,-23.75,7.22,0.0,0,5,0.0851,0.0444,0.0925,0.0518
69.966,1,0.635,-21.46,15.16,5,73.1,21.1,0.07,-0.1062,0.069,0.0,-0.124,-2.926,-0.781,-16.1,12.26,14.21,1,0.544,-24.72,4.32,0.0,0,5,0.0832,0.0425,0.0961,0.0554
69.999,1,0.59,-23.21,15.12,5,72.7,21.11,0.07,-0.0565,0.066,0.0,-0.121,-2.924,-0.781,-16.44,12.26,14.21,1,0.546,-25.2,2.61,0.0,0,5,0.0832,0.0425,0.0961,0.0518
70.031,1,0.638,-22.21,14.29,5,72.5,21.11,0.07,-0.0405,0.067,-0.001,-0.111,-2.922,-0.782,-16.56,12.26,14.21,1,0.546,-25.2,2.61,0.0,0,5,0.0887,0.0407,0.0906,0.0462
70.065,1,0.68,-19.97,11.04,5,72.2,21.1,0.07,-0.0414,0.067,-0.003,-0.138,-2.92,-0.783,-16.84,12.26,12.23,1,0.541,-26.66,1.74,0.0,0,5,0.0924,0.0481,0.0795,0.0462
70.097,1,0.712,-19.97,8.36,5,72.5,20.81,0.07,-0.014,0.067,-0.006,-0.076,-2.918,-0.783,-16.9,12.26,12.23,1,0.541,-26.66,1.74,0.0,0,5,0.0942,0.048,0.0758,0.0517
70.132,1,0.723,-19.97,8.17,5,72.2,21.02,0.07,0.033,0.069,-0.003,0.005,-2.916,-0.784,-16.96,12.26,12.23,1,0.541,-26.66,1.74,0.0,0,5,0.0845,0.0551,0.0772,0.0606
70.165,1,0.682,-19.72,10.08,5,71.9,21.1,0.07,0.0365,0.068,-0.001,-0.016,-2.913,-0.785,-17.02,12.26,12.23,1,0.541,-26.66,1.74,0.0,0,5,0.0736,0.057,0.0754,0.0644
70.193,1,0.682,-19.47,10.53,5,71.6,21.1,0.07,0.0005,0.067,0.0,-0.007,-2.912,-0.785,-17.02,12.26,12.23,1,0.432,-17.45,9.15,-3.238,1,5,0.0681,0.0607,0.0736,0.0662
70.228,1,0.68,-18.97,10.89,5,71.3,21.1,0.07,-0.0103,0.067,-0.001,0.02,-2.909,-0.786,-16.96,12.26,12.23,1,0.492,-15.03,19.17,0.0,0,5,0.0648,0.0648,0.0666,0.0703
70.264,1,0.642,-20.46,13.25,5,71.7,21.11,0.07,-0.0222,0.068,0.0,0.0,-2.907,-0.787,-16.96,12.26,7.96,1,0.492,-15.03,19.17,0.0,0,5,0.066,0.0678,0.0696,0.0696
70.297,1,0.267,-16.35,14.39,4,72.4,21.1,0.07,-0.0448,0.068,0.002,-0.009,-2.905,-0.787,-16.96,12.26,7.96,1,0.492,-15.03,19.17,0.0,0,5,0.066,0.0697,0.0715,0.066
70.331,1,0.268,-16.35,14.56,4,72.7,21.1,0.07,-0.1139,0.068,0.003,-0.047,-2.903,-0.788,-17.07,12.26,7.96,1,0.532,-14.06,21.43,0.0,0,5,0.0728,0.0673,0.0746,0.0564
70.363,1,0.274,-16.35,14.74,4,73.3,21.1,0.07,-0.115,0.07,0.003,-0.098,-2.9,-0.789,-17.25,12.26,7.96,1,0.532,-14.06,21.43,0.0,0,5,0.0786,0.0658,0.0805,0.0549
70.396,1,0.618,-21.46,14.39,5,73.6,21.1,0.07,-0.1153,0.071,0.001,-0.106,-2.898,-0.789,-17.36,12.26,7.96,1,0.531,-14.06,20.15,0.0,0,5,0.0819,0.0619,0.0819,0.0582
70.43,1,0.684,-17.97,11.04,5,73.0,21.1,0.07,-0.0441,0.073,0.0,-0.086,-2.896,-0.79,-17.65,12.26,7.96,1,0.531,-14.06,20.15,0.0,0,5,0.0843,0.0623,0.0843,0.0605
70.465,1,0.661,-18.47,10.98,5,72.5,21.11,0.07,-0.0343,0.073,0.002,-0.107,-2.894,-0.79,-17.76,12.26,11.5,1,0.525,-17.93,13.9,-0.953,1,5,0.0867,0.0632,0.0867,0.056
70.494,1,0.642,-18.47,10.0,5,73.0,21.02,0.07,-0.0263,0.072,0.001,-0.058,-2.893,-0.791,-17.88,12.26,11.5,1,0.512,-18.42,13.31,-1.452,1,5,0.0881,0.0612,0.0863,0.054
70.531,1,0.652,-18.47,10.0,5,72.9,21.02,0.07,-0.0089,0.07,0.001,-0.07,-2.89,-0.792,-17.99,12.26,11.5,1,0.514,-18.42,12.71,0.65,1,5,0.0867,0.0578,0.0849,0.0524
70.563,1,0.668,-18.22,9.62,5,72.8,21.1,0.07,-0.0088,0.068,-0.0,-0.047,-2.887,-0.792,-18.11,12.26,11.5,1,0.513,-18.9,12.12,0.564,1,5,0.0769,0.0549,0.0806,0.0604
70.597,1,0.683,-18.22,9.65,5,72.6,21.1,0.07,-0.0049,0.066,-0.001,-0.022,-2.886,-0.793,-18.16,12.26,11.5,1,0.476,-15.51,10.6,-3.127,1,5,0.0717,0.0552,0.0754,0.0625
70.629,1,0.678,-17.97,9.29,5,72.6,21.02,0.07,-0.0052,0.065,0.001,-0.012,-2.884,-0.794,-18.16,12.26,11.5,1,0.476,-15.51,10.6,-3.127,1,5,0.0662,0.0607,0.0717,0.0625
70.665,1,0.679,-17.97,10.12,5,72.9,21.02,0.07,-0.0019,0.063,0.0,-0.0,-2.881,-0.794,-18.22,12.26,8.37,1,0.476,-15.51,10.6,-3.127,1,5,0.0647,0.061,0.0665,0.061
70.695,1,0.646,-19.47,12.1,5,73.2,21.02,0.07,-0.0158,0.065,0.0,-0.003,-2.88,-0.795,-18.22,12.26,8.37,1,0.213,-21.63,13.38,0.0,0,4,0.0666,0.0629,0.0666,0.0629
70.732,1,0.645,-20.21,13.08,5,73.4,20.57,0.07,-0.0314,0.063,0.001,-0.001,-2.878,-0.795,-18.22,12.26,8.37,1,0.213,-21.63,13.38,0.0,0,4,0.0683,0.0628,0.0665,0.0554
70.764,1,0.646,-20.21,13.14,5,74.0,21.02,0.07,-0.0408,0.062,0.0,-0.035,-2.875,-0.796,-18.22,12.26,8.37,1,0.213,-21.63,13.38,0.0,0,4,0.0703,0.061,0.0647,0.0536
70.795,1,0.298,-15.03,12.36,4,74.2,21.07,0.07,-0.0439,0.061,0.0,-0.059,-2.874,-0.797,-18.28,12.26,8.37,1,0.517,-12.12,19.04,0.0,0,5,0.0703,0.0592,0.0647,0.0518
70.863,1,0.302,-14.5,11.59,4,75.1,21.07,0.07,-0.0903,0.063,0.004,-0.026,-2.869,-0.798,-18.51,12.26,10.29,1,0.564,-6.3,8.7,0.0,0,5,0.0666,0.0592,0.074,0.0518
70.893,1,0.73,-15.72,9.6,5,75.2,20.56,0.07,-0.0796,0.064,0.006,-0.026,-2.868,-0.798,-18.56,12.26,10.29,1,0.564,-6.3,8.7,0.0,0,5,0.0648,0.0592,0.0796,0.0518
70.961,1,0.729,-15.72,9.19,5,73.8,21.02,0.07,-0.0272,0.066,0.003,-0.045,-2.863,-0.8,-18.79,12.26,10.29,1,0.544,-7.27,4.15,0.0,0,5,0.0703,0.0592,0.0795,0.0555
70.994,1,0.729,-15.47,9.27,5,73.2,21.02,0.07,-0.0197,0.066,0.002,-0.046,-2.862,-0.8,-18.85,12.26,10.29,1,0.52,-15.03,13.19,0.943,1,5,0.0721,0.0592,0.0758,0.0555
71.029,1,0.724,-15.47,9.73,5,73.4,21.11,0.07,-0.0241,0.067,0.001,-0.026,-2.859,-0.801,-18.91,12.26,10.29,1,0.52,-15.03,13.19,0.943,1,5,0.0721,0.061,0.074,0.0592
71.065,1,0.718,-14.97,9.78,5,73.1,21.11,0.07,-0.0315,0.068,0.001,-0.011,-2.856,-0.802,-18.96,12.26,8.74,1,0.562,-7.76,4.3,0.0,0,5,0.0685,0.063,0.0741,0.0648
71.095,1,0.718,-14.97,10.32,5,72.7,21.1,0.07,-0.0379,0.069,0.0,-0.018,-2.855,-0.802,-18.96,12.26,8.74,1,0.562,-7.76,4.3,0.0,0,5,0.0704,0.0667,0.0723,0.0667
71.128,1,0.717,-14.97,9.87,5,72.7,21.1,0.07,-0.047,0.071,-0.001,-0.029,-2.852,-0.803,-19.02,12.26,8.74,1,0.565,-7.27,0.55,0.0,0,5,0.076,0.0668,0.0723,0.0686
71.162,1,0.699,-14.47,10.6,5,72.2,21.11,0.07,-0.0385,0.073,-0.004,-0.034,-2.85,-0.805,-19.08,12.26,8.74,1,0.565,-7.27,0.55,0.0,0,5,0.0871,0.0686,0.0686,0.0667
71.195,1,0.707,-14.47,10.17,5,72.0,21.1,0.07,-0.0568,0.073,-0.004,-0.05,-2.848,-0.805,-19.14,12.26,8.74,1,0.565,-7.27,0.55,0.0,0,5,0.0871,0.0667,0.0704,0.0667
71.264,1,0.701,-13.98,10.4,5,71.7,21.11,0.07,-0.0482,0.07,0.004,-0.049,-2.843,-0.807,-19.25,12.26,9.58,1,0.606,-8.24,-8.08,-6.103,1,5,0.0778,0.0686,0.0797,0.0538
71.296,1,0.696,-13.73,10.69,5,71.6,21.11,0.07,-0.0577,0.07,0.005,-0.034,-2.842,-0.807,-19.25,12.26,9.58,1,0.588,-8.72,0.57,0.0,0,5,0.0741,0.0685,0.0815,0.0556
71.394,1,0.704,-13.48,10.4,5,71.3,21.11,0.07,-0.064,0.069,0.001,-0.048,-2.835,-0.809,-19.6,12.26,9.58,1,0.605,-9.21,-9.88,0.0,0,5,0.0723,0.0593,0.0816,0.063
71.465,1,0.705,-13.48,10.19,5,71.1,21.11,0.07,-0.0612,0.07,0.0,-0.09,-2.83,-0.811,-19.88,12.26,7.8,1,0.595,-10.18,-4.12,5.601,1,5,0.0796,0.0629,0.0778,0.0592
71.493,1,0.708,-13.73,9.85,5,70.7,21.1,0.07,-0.0573,0.07,-0.0,-0.082,-2.828,-0.812,-20.0,12.26,7.8,1,0.595,-10.18,-4.12,5.601,1,5,0.0815,0.0611,0.0778,0.0592
71.532,1,0.715,-13.73,9.59,5,70.5,21.1,0.07,-0.0481,0.072,0.0,-0.047,-2.826,-0.812,-20.11,12.26,7.8,1,0.595,-10.18,-4.12,5.601,1,5,0.0832,0.0629,0.0814,0.0592
71.561,1,0.715,-13.98,9.71,5,70.5,21.1,0.07,-0.0436,0.071,0.001,-0.048,-2.823,-0.813,-20.23,12.26,7.8,1,0.614,-10.66,-13.32,0.0,0,5,0.0814,0.0629,0.0814,0.0592
71.595,1,0.719,-13.73,9.35,5,70.5,21.1,0.07,-0.0429,0.071,0.002,-0.009,-2.822,-0.814,-20.28,12.26,7.8,1,0.614,-10.66,-13.32,0.0,0,5,0.0795,0.0629,0.0832,0.0592
71.694,1,0.713,-13.73,9.82,5,70.1,20.57,0.1049,-0.0397,0.068,0.001,-0.029,-2.815,-0.816,-20.34,12.26,6.16,1,0.623,-10.66,-13.19,0.0,0,5,0.074,0.0629,0.074,0.0592
71.792,1,0.734,-13.73,8.85,5,70.4,20.57,0.135,-0.0852,0.086,0.004,-0.068,-2.807,-0.819,-20.8,12.26,6.16,1,0.62,-7.27,-3.2,0.0,0,5,0.0939,0.081,0.0994,0.07
71.865,1,0.747,-13.73,8.09,5,71.1,21.11,0.1475,-0.0792,0.116,0.005,-0.059,-2.798,-0.822,-21.2,12.26,3.9,1,0.622,-8.24,-5.68,0.0,0,5,0.126,0.1041,0.137,0.095
71.892,1,0.761,-13.73,7.55,5,71.3,20.57,0.1534,-0.0679,0.124,0.004,-0.121,-2.795,-0.823,-21.31,12.26,3.9,1,0.622,-8.24,-5.68,0.0,0,5,0.134,0.1101,0.1468,0.1065
71.994,1,0.767,-13.73,7.24,5,71.9,20.57,0.1545,-0.0562,0.153,0.0,-0.126,-2.78,-0.829,-21.77,12.26,3.9,1,0.628,-3.88,-1.13,0.0,0,5,0.173,0.1369,0.1694,0.1315
72.03,1,0.76,-13.73,7.02,5,72.2,21.11,0.1545,-0.0487,0.161,0.001,-0.017,-2.774,-0.831,-22.0,12.26,3.9,1,0.628,-3.88,-1.13,0.0,0,5,0.1777,0.1487,0.1741,0.1415
72.065,1,0.768,-13.73,6.8,5,72.7,21.11,0.1429,-0.033,0.166,0.004,-0.064,-2.768,-0.833,-22.12,12.26,2.36,1,0.615,-0.48,5.29,-5.875,1,5,0.1721,0.1554,0.1832,0.1517
72.094,1,0.786,-13.98,7.0,5,73.3,20.57,0.1188,-0.0054,0.165,0.004,-0.064,-2.765,-0.835,-22.23,12.26,2.36,1,0.615,-0.48,5.29,-5.875,1,5,0.1684,0.1536,0.1832,0.1536
72.127,1,0.79,-13.98,6.46,5,73.6,20.57,0.1069,0.0045,0.161,0.001,-0.021,-2.759,-0.837,-22.35,12.26,2.36,1,0.615,-0.48,5.29,-5.875,1,5,0.1699,0.1477,0.1773,0.1496
72.165,1,0.807,-13.48,5.82,5,73.9,20.56,0.0828,0.0135,0.154,-0.001,-0.033,-2.754,-0.839,-22.4,12.26,2.36,1,0.615,-0.48,5.29,-5.875,1,5,0.1697,0.1457,0.1605,0.1402
72.192,1,0.785,-13.98,6.66,5,73.9,21.11,0.07,0.0186,0.152,-0.001,-0.087,-2.751,-0.84,-22.46,12.26,2.36,1,0.637,-1.45,4.82,-7.774,1,5,0.166,0.1457,0.1568,0.1402
72.262,1,0.78,-14.72,6.46,5,74.5,20.57,0.07,0.0102,0.143,-0.001,-0.067,-2.74,-0.845,-22.8,12.26,0.12,1,0.629,-0.97,1.62,0.0,0,5,0.148,0.1314,0.1536,0.1406
72.294,1,0.76,-14.47,6.94,5,75.2,20.57,0.07,0.0223,0.136,-0.001,-0.027,-2.738,-0.846,-22.86,12.26,0.12,1,0.629,-0.97,1.62,0.0,0,5,0.1425,0.1203,0.1499,0.1332
72.332,1,0.763,-13.98,6.59,5,75.2,21.11,0.07,0.0103,0.12,-0.003,-0.058,-2.734,-0.848,-22.92,12.26,0.12,1,0.649,0.0,10.9,-3.444,1,5,0.1294,0.1017,0.1331,0.1165
72.391,1,0.76,-14.47,7.07,5,75.2,20.57,0.07,0.0101,0.105,-0.0,-0.063,-2.729,-0.85,-23.03,12.26,0.12,1,0.657,0.0,8.75,-6.536,1,5,0.12,0.0997,0.109,0.0905
72.491,1,0.735,-14.47,6.44,5,74.5,21.11,0.07,0.0074,0.08,0.008,-0.088,-2.721,-0.852,-23.38,12.28,-0.2,1,0.658,-1.45,7.71,0.0,0,5,0.0702,0.0757,0.1016,0.0739
72.592,1,0.72,-14.47,6.7,5,74.1,21.11,0.07,0.018,0.065,0.001,-0.034,-2.715,-0.855,-23.55,12.28,-0.2,1,0.664,-1.94,6.2,0.0,0,5,0.0703,0.0629,0.0703,0.0573
72.626,1,0.731,-14.47,6.49,5,74.1,20.57,0.07,0.0135,0.062,-0.001,-0.054,-2.713,-0.856,-23.66,12.28,-0.2,1,0.658,-2.91,7.16,0.0,0,5,0.0721,0.0573,0.0647,0.0555
72.693,1,0.735,-14.47,6.33,5,74.2,21.11,0.07,0.017,0.058,0.002,0.028,-2.709,-0.857,-23.66,12.28,-0.24,1,0.666,-2.42,5.37,-7.422,1,5,0.0592,0.0592,0.061,0.0536
72.765,1,0.737,-13.98,6.39,5,74.0,20.56,0.07,0.0199,0.054,0.003,0.022,-2.705,-0.859,-23.49,12.28,-0.24,1,0.664,-1.94,6.05,0.0,0,5,0.0463,0.0574,0.0574,0.0555
72.79,1,0.735,-13.73,6.12,5,73.8,21.11,0.07,0.0129,0.052,0.003,0.042,-2.704,-0.859,-23.49,12.28,-0.24,1,0.667,-1.94,6.02,0.0,0,5,0.0463,0.0555,0.0537,0.0518
72.828,1,0.749,-13.48,6.19,5,73.7,21.11,0.07,0.0147,0.052,0.003,0.022,-2.702,-0.86,-23.38,12.28,-0.24,1,0.668,-1.45,5.15,0.0,0,5,0.0463,0.0592,0.05,0.0518
72.86,1,0.755,-12.98,5.81,5,73.5,20.57,0.07,0.0111,0.055,0.005,0.009,-2.7,-0.86,-23.38,12.28,-0.78,1,0.661,-1.45,7.33,0.0,0,5,0.0463,0.0648,0.0537,0.0537
72.89,1,0.761,-12.73,5.64,5,73.6,21.11,0.07,0.0126,0.055,0.005,-0.017,-2.699,-0.861,-23.38,12.28,-0.78,1,0.663,-0.97,7.77,0.0,0,5,0.0463,0.0648,0.0555,0.0537
72.927,1,0.764,-12.48,5.77,5,73.6,20.57,0.07,0.013,0.053,0.006,-0.012,-2.697,-0.861,-23.38,12.28,-0.78,1,0.663,-0.48,7.34,-7.655,1,5,0.0444,0.0592,0.0574,0.05
72.959,1,0.762,-12.48,5.79,5,73.6,20.56,0.07,0.0089,0.05,0.005,0.007,-2.695,-0.862,-23.38,12.28,-0.78,1,0.662,-0.48,6.81,-7.71,1,5,0.0444,0.0537,0.0574,0.0463
72.991,1,0.765,-12.23,5.75,5,73.6,21.11,0.07,0.0096,0.051,0.005,0.006,-2.694,-0.862,-23.38,12.28,-0.78,1,0.66,-0.48,7.02,0.0,0,5,0.0444,0.0555,0.0574,0.0481
73.027,1,0.769,-11.98,5.55,5,73.6,20.57,0.07,0.0075,0.052,0.004,0.012,-2.692,-0.863,-23.38,12.28,-0.78,1,0.664,0.0,6.5,-7.934,1,5,0.0444,0.0592,0.0536,0.0518
73.063,1,0.768,-11.98,5.74,5,73.5,20.56,0.07,0.0089,0.055,0.004,0.03,-2.69,-0.864,-23.32,12.25,-0.66,1,0.664,0.0,6.5,-7.934,1,5,0.0463,0.0629,0.0537,0.0555
73.094,1,0.774,-11.48,5.52,5,73.4,20.57,0.07,0.0062,0.055,0.002,0.022,-2.689,-0.864,-23.26,12.25,-0.66,1,0.656,0.48,7.21,-6.088,1,5,0.0481,0.0611,0.0537,0.0574
73.126,1,0.771,-11.48,5.96,5,73.3,20.57,0.07,0.0042,0.058,0.001,-0.0,-2.687,-0.865,-23.26,12.25,-0.66,1,0.656,0.48,7.21,-6.088,1,5,0.0555,0.0629,0.0555,0.0592
73.163,1,0.771,-11.48,5.77,5,73.3,20.57,0.07,-0.0025,0.06,-0.001,-0.041,-2.685,-0.866,-23.38,12.25,-0.66,1,0.656,0.48,7.21,-6.088,1,5,0.0629,0.0629,0.0555,0.0592
73.192,1,0.768,-11.73,5.87,5,73.2,20.57,0.07,0.0015,0.061,-0.0,-0.039,-2.683,-0.867,-23.38,12.25,-0.66,1,0.656,0.48,7.21,-6.088,1,5,0.0666,0.0647,0.0573,0.0573
73.225,1,0.771,-11.73,5.38,5,73.1,21.11,0.07,0.003,0.063,0.001,0.027,-2.681,-0.867,-23.43,12.25,-0.66,1,0.651,2.42,15.6,-6.76,1,5,0.0685,0.0648,0.0629,0.0555
73.261,1,0.776,-11.48,5.38,5,73.0,20.57,0.07,0.0117,0.066,0.004,0.006,-2.678,-0.868,-23.32,12.25,-2.28,1,0.651,2.42,15.6,-6.76,1,5,0.0648,0.0685,0.0722,0.0592
73.291,1,0.777,-11.23,5.19,5,72.8,20.56,0.07,0.0087,0.067,0.005,0.004,-2.677,-0.869,-23.32,12.25,-2.28,1,0.658,2.42,15.85,-6.837,1,5,0.0611,0.0685,0.0759,0.0629
73.325,1,0.782,-11.23,4.96,5,72.5,20.56,0.07,0.0091,0.067,0.005,-0.011,-2.675,-0.87,-23.38,12.25,-2.28,1,0.656,3.39,14.85,-6.668,1,5,0.0611,0.0685,0.0759,0.0629
73.36,1,0.801,-11.23,3.97,5,72.5,20.57,0.07,0.0135,0.064,0.003,-0.032,-2.672,-0.871,-23.38,12.25,-2.28,1,0.656,3.39,14.85,-6.668,1,5,0.0605,0.0642,0.0697,0.0624
73.391,1,0.792,-10.98,4.01,5,72.5,20.57,0.07,0.0312,0.061,0.002,-0.046,-2.671,-0.871,-23.43,12.25,-2.28,1,0.656,3.39,14.85,-6.668,1,5,0.0606,0.0606,0.0661,0.0587
73.429,1,0.792,-10.98,4.35,5,73.0,20.57,0.07,0.0275,0.06,0.003,-0.026,-2.669,-0.872,-23.43,12.25,-2.28,1,0.649,5.33,24.34,0.0,0,5,0.0565,0.0601,0.0656,0.0583
73.458,1,0.8,-10.98,4.49,5,73.0,20.56,0.07,0.022,0.06,0.003,-0.013,-2.668,-0.872,-23.49,12.25,-4.5,1,0.67,7.27,23.59,0.0,0,5,0.0584,0.0602,0.0655,0.0566
73.49,1,0.805,-10.48,4.31,5,73.0,20.56,0.07,0.0198,0.06,0.004,0.017,-2.666,-0.873,-23.43,12.25,-4.5,1,0.669,9.21,27.0,0.0,0,5,0.0551,0.064,0.064,0.0551
73.527,1,0.81,-10.48,4.21,5,73.1,20.04,0.07,0.0169,0.06,0.004,0.034,-2.664,-0.874,-23.38,12.25,-4.5,1,0.67,9.21,27.91,0.0,0,5,0.0537,0.068,0.059,0.059
73.562,1,0.822,-9.98,4.11,5,73.1,20.57,0.07,0.0194,0.061,0.002,0.019,-2.661,-0.875,-23.32,12.25,-4.5,1,0.67,9.21,27.91,0.0,0,5,0.0555,0.0703,0.0555,0.061
73.593,1,0.821,-9.98,4.61,5,73.0,20.04,0.07,0.0158,0.062,0.001,-0.005,-2.66,-0.875,-23.32,12.25,-4.5,1,0.67,9.21,27.91,0.0,0,5,0.0574,0.0703,0.0555,0.0629
73.625,1,0.82,-9.98,4.64,5,73.0,20.56,0.07,0.0076,0.065,-0.001,-0.011,-2.658,-0.876,-23.32,12.25,-4.5,1,0.676,9.21,27.09,0.0,0,5,0.0666,0.0722,0.0555,0.0666
73.66,1,0.81,-9.98,4.33,5,72.9,20.57,0.07,0.0078,0.07,-0.0,-0.024,-2.655,-0.878,-23.38,12.25,0.36,1,0.676,9.21,27.09,0.0,0,5,0.0722,0.0778,0.0611,0.0685
73.691,1,0.813,-9.98,4.32,5,72.9,20.56,0.07,0.0134,0.072,-0.0,0.052,-2.654,-0.878,-23.32,12.25,0.36,1,0.676,9.21,27.09,0.0,0,5,0.074,0.0778,0.0648,0.0703
73.728,1,0.814,-9.98,4.75,5,72.9,20.56,0.07,0.0138,0.073,0.004,0.087,-2.651,-0.879,-23.2,12.25,0.36,1,0.659,3.88,13.99,-4.748,1,5,0.0704,0.0797,0.0741,0.0685
73.76,1,0.815,-9.73,4.78,5,72.8,20.56,0.07,0.0065,0.071,0.003,-0.013,-2.648,-0.88,-23.15,12.25,0.36,1,0.648,1.94,11.99,-2.926,1,5,0.0647,0.074,0.074,0.0703
73.791,1,0.816,-9.48,4.42,5,72.7,20.57,0.07,0.0032,0.069,0.003,-0.013,-2.647,-0.881,-23.15,12.25,0.36,1,0.654,0.97,5.55,-5.981,1,5,0.0629,0.074,0.0703,0.0703
73.825,1,0.822,-9.48,4.75,5,72.9,20.57,0.07,0.0066,0.066,0.002,-0.013,-2.645,-0.881,-23.15,12.25,0.36,1,0.647,0.97,4.96,-6.967,1,5,0.061,0.0684,0.0665,0.0665
73.861,1,0.835,-9.23,4.19,5,73.0,20.56,0.07,0.0014,0.064,0.003,0.011,-2.642,-0.882,-23.15,12.25,2.09,1,0.647,0.97,4.96,-6.967,1,5,0.0592,0.0685,0.0666,0.0629
73.891,1,0.842,-8.98,3.84,5,73.1,20.57,0.07,0.0087,0.063,0.005,-0.001,-2.641,-0.883,-23.15,12.25,2.09,1,0.639,-1.45,-1.46,-7.603,1,5,0.0574,0.0666,0.0685,0.0592
73.926,1,0.852,-8.98,3.99,5,73.1,20.57,0.07,0.0118,0.064,0.003,-0.008,-2.639,-0.884,-23.15,12.25,2.09,1,0.643,-1.45,-1.42,0.0,0,5,0.0574,0.0704,0.0648,0.0648
73.96,1,0.857,-8.73,3.81,5,73.2,20.56,0.07,0.01,0.064,0.0,0.028,-2.636,-0.885,-23.15,12.25,2.09,1,0.643,-1.45,-1.42,0.0,0,5,0.0611,0.0703,0.0592,0.0666
73.991,1,0.863,-8.49,3.34,5,73.0,20.57,0.07,0.0107,0.065,0.0,0.031,-2.635,-0.885,-23.09,12.25,2.09,1,0.64,-1.45,-1.38,0.0,0,5,0.0611,0.0722,0.0574,0.0685
74.027,1,0.868,-8.49,3.61,5,73.1,20.0,0.07,0.016,0.067,0.0,-0.009,-2.632,-0.886,-23.09,12.25,2.09,1,0.64,-1.45,-1.38,0.0,0,5,0.0648,0.074,0.0611,0.0685
74.063,1,0.858,-8.24,3.77,5,73.0,20.57,0.07,0.0121,0.071,0.001,0.053,-2.63,-0.887,-23.03,12.24,-0.11,1,0.64,-1.45,-1.38,0.0,0,5,0.0685,0.0759,0.0685,0.0703
74.092,1,0.869,-8.24,3.8,5,73.0,20.57,0.07,0.0067,0.073,0.001,0.033,-2.628,-0.888,-22.98,12.24,-0.11,1,0.64,-1.45,-1.38,0.0,0,5,0.074,0.0777,0.0703,0.0684
74.127,1,0.87,-7.99,3.84,5,73.0,20.57,0.07,0.0065,0.072,0.001,0.012,-2.626,-0.889,-22.92,12.24,-0.11,1,0.639,2.42,8.08,0.0,0,5,0.074,0.0778,0.0685,0.0685
74.16,1,0.884,-7.74,3.34,5,73.1,20.46,0.07,0.0034,0.068,0.001,-0.005,-2.623,-0.89,-22.92,12.24,-0.11,1,0.639,2.42,8.08,0.0,0,5,0.0685,0.074,0.0648,0.0666
74.189,1,0.881,-7.74,3.92,5,73.2,20.56,0.07,0.0092,0.067,0.001,-0.024,-2.622,-0.89,-22.92,12.24,-0.11,1,0.65,2.42,9.06,-7.138,1,5,0.0648,0.0703,0.0648,0.0666
74.226,1,0.884,-7.74,3.92,5,73.4,20.56,0.07,-0.0,0.062,0.002,-0.013,-2.62,-0.891,-23.03,12.24,-0.11,1,0.644,1.94,9.67,0.0,0,5,0.0592,0.0629,0.0666,0.061
74.258,1,0.891,-7.49,3.15,5,73.4,20.44,0.07,0.0004,0.061,0.004,0.019,-2.618,-0.892,-23.03,12.24,-0.12,1,0.647,1.94,8.25,0.0,0,5,0.0574,0.0629,0.0666,0.0555
74.291,1,0.887,-6.99,3.07,5,73.0,20.44,0.07,0.0112,0.059,0.005,0.018,-2.617,-0.892,-22.98,12.24,-0.12,1,0.642,1.94,8.33,0.0,0,5,0.0537,0.0629,0.0648,0.0555
74.324,1,0.888,-6.99,3.49,5,73.0,20.44,0.07,0.0066,0.06,0.003,0.019,-2.614,-0.893,-22.92,12.24,-0.12,1,0.645,1.45,9.36,0.0,0,5,0.0518,0.0666,0.0592,0.0611
74.36,1,0.893,-6.49,2.92,5,73.2,20.04,0.07,0.0003,0.062,0.001,0.027,-2.612,-0.894,-22.86,12.24,-0.12,1,0.645,1.45,9.36,0.0,0,5,0.0537,0.0703,0.0555,0.0666
74.394,1,0.916,-6.49,2.28,5,73.3,20.04,0.07,0.0049,0.064,0.001,0.034,-2.611,-0.895,-22.8,12.24,-0.12,1,0.645,1.45,9.36,0.0,0,5,0.0555,0.074,0.0555,0.0703
74.426,1,0.904,-6.49,3.51,5,73.4,20.04,0.07,0.0165,0.069,0.001,0.026,-2.608,-0.896,-22.8,12.24,-0.12,1,0.648,2.42,8.42,0.0,0,5,0.0611,0.0777,0.0629,0.074
74.462,1,0.911,-6.24,3.07,5,73.5,20.44,0.07,-0.0041,0.074,0.002,0.013,-2.605,-0.897,-22.75,12.22,0.07,1,0.648,2.42,8.42,0.0,0,5,0.0666,0.0814,0.0703,0.0777
74.489,1,0.911,-5.99,2.85,5,73.8,20.04,0.07,0.0006,0.076,0.001,0.014,-2.603,-0.898,-22.75,12.22,0.07,1,0.654,2.42,8.06,0.0,0,5,0.0721,0.0795,0.0758,0.0776
74.525,1,0.912,-5.99,3.0,5,73.8,20.04,0.07,0.002,0.079,0.002,0.036,-2.6,-0.899,-22.69,12.22,0.07,1,0.654,2.42,9.0,0.0,0,5,0.0759,0.0796,0.0814,0.0777
74.559,1,0.913,-5.99,2.86,5,73.8,20.44,0.07,0.0001,0.078,0.001,-0.019,-2.598,-0.9,-22.69,12.22,0.07,1,0.654,2.42,9.0,0.0,0,5,0.0759,0.0759,0.0833,0.0778
74.593,1,0.914,-5.99,2.81,5,73.8,20.04,0.07,0.0031,0.078,0.002,-0.041,-2.596,-0.9,-22.75,12.22,0.07,1,0.654,2.42,9.0,0.0,0,5,0.0741,0.0759,0.0834,0.0778
74.624,1,0.914,-5.99,2.8,5,73.9,20.04,0.07,0.0041,0.074,-0.0,-0.0,-2.594,-0.902,-22.8,12.22,0.07,1,0.652,2.42,8.31,-6.088,1,5,0.0722,0.0703,0.0777,0.0759
74.658,1,0.905,-5.99,3.4,5,74.0,20.56,0.07,0.0045,0.07,-0.0,0.001,-2.591,-0.903,-22.8,12.22,1.49,1,0.652,2.42,8.31,-6.088,1,5,0.0703,0.0685,0.0703,0.0703
74.69,1,0.92,-5.99,3.2,5,74.3,20.04,0.07,-0.0057,0.067,-0.001,0.016,-2.59,-0.903,-22.8,12.22,1.49,1,0.653,2.42,7.79,0.0,0,5,0.0684,0.0684,0.0647,0.0684
74.724,1,0.936,-5.49,1.72,5,74.3,20.04,0.07,-0.0021,0.066,-0.002,0.032,-2.588,-0.904,-22.75,12.22,1.49,1,0.65,2.91,7.89,-7.736,1,5,0.0666,0.0703,0.0574,0.0703
74.758,1,0.932,-5.49,2.41,5,74.4,20.04,0.07,0.0179,0.068,-0.001,0.008,-2.585,-0.905,-22.69,12.22,1.49,1,0.65,2.91,7.89,-7.736,1,5,0.0648,0.074,0.0592,0.0722
74.791,1,0.941,-5.49,2.41,5,74.3,20.04,0.07,0.0064,0.069,0.001,0.007,-2.584,-0.906,-22.69,12.22,1.49,1,0.65,2.91,7.89,-7.736,1,5,0.063,0.0778,0.063,0.0722
74.826,1,0.944,-4.99,1.84,5,74.4,20.04,0.07,0.0066,0.07,0.003,0.041,-2.581,-0.907,-22.57,12.22,1.49,1,0.65,2.91,7.89,-7.736,1,5,0.0629,0.0795,0.0666,0.0703
74.862,1,0.945,-4.99,2.14,5,74.4,20.0,0.07,0.0109,0.072,0.002,0.05,-2.578,-0.908,-22.52,12.22,1.08,1,0.652,3.88,8.34,0.0,0,5,0.0647,0.0795,0.0684,0.0758
74.893,1,0.946,-4.99,2.14,5,74.4,20.04,0.07,0.0064,0.073,-0.0,0.032,-2.577,-0.909,-22.46,12.22,1.08,1,0.652,3.88,8.34,0.0,0,5,0.0684,0.0758,0.0684,0.0776
74.924,1,0.945,-4.99,2.13,5,74.2,20.56,0.07,0.0066,0.075,-0.002,-0.0,-2.574,-0.91,-22.46,12.22,1.08,1,0.66,4.85,9.24,0.0,0,5,0.0759,0.0759,0.0704,0.0778
74.957,1,0.946,-4.99,2.13,5,74.2,20.56,0.07,0.0072,0.076,-0.001,-0.006,-2.571,-0.911,-22.46,12.22,1.08,1,0.661,4.36,10.01,0.0,0,5,0.0791,0.0754,0.0736,0.0754
74.992,1,0.942,-4.99,1.73,5,74.0,20.44,0.07,0.0074,0.076,-0.002,-0.019,-2.57,-0.912,-22.52,12.22,1.08,1,0.659,4.36,10.32,0.0,0,5,0.0784,0.0729,0.0748,0.0766
75.025,1,0.943,-4.74,1.9,5,73.9,20.56,0.07,0.0144,0.074,-0.001,0.003,-2.567,-0.913,-22.52,12.22,1.08,1,0.662,4.36,9.62,0.0,0,5,0.0728,0.071,0.0746,0.0764
75.058,1,0.95,-4.49,1.97,5,74.1,20.04,0.07,0.0086,0.072,-0.002,0.024,-2.566,-0.913,-22.46,12.22,1.11,1,0.662,4.36,9.62,0.0,0,5,0.0723,0.0687,0.0723,0.0759
75.089,1,0.952,-4.24,1.9,5,73.9,20.46,0.07,0.0045,0.07,-0.004,0.033,-2.565,-0.914,-22.46,12.22,1.11,1,0.66,4.85,9.14,0.0,0,5,0.0688,0.0651,0.0669,0.0778
75.123,1,0.957,-3.99,2.09,5,74.1,20.04,0.07,0.0031,0.068,-0.005,0.026,-2.562,-0.915,-22.4,12.22,1.11,1,0.659,5.33,9.35,-7.412,1,5,0.0673,0.0692,0.0582,0.0783
75.157,1,0.955,-3.99,2.09,5,74.2,20.04,0.07,-0.0025,0.072,-0.003,0.031,-2.559,-0.916,-22.35,12.22,1.11,1,0.659,5.33,9.35,-7.412,1,5,0.0692,0.0729,0.0583,0.0802
75.191,1,0.949,-3.99,2.25,5,73.9,20.56,0.07,-0.0018,0.072,-0.001,0.051,-2.558,-0.917,-22.29,12.22,1.11,1,0.66,5.33,9.09,0.0,0,5,0.0683,0.0794,0.0627,0.0775
75.224,1,0.95,-3.99,2.25,5,73.8,20.56,0.07,-0.0043,0.073,-0.0,0.053,-2.556,-0.918,-22.23,12.22,1.11,1,0.663,5.33,9.38,-7.514,1,5,0.0685,0.0778,0.0666,0.0778
75.259,1,0.951,-3.99,2.38,5,73.9,20.56,0.07,-0.0039,0.068,-0.004,0.054,-2.553,-0.919,-22.06,12.22,1.99,1,0.663,5.33,9.38,-7.514,1,5,0.0703,0.0703,0.0592,0.074
75.29,1,0.951,-3.99,2.36,5,73.9,20.44,0.07,-0.006,0.068,-0.005,0.01,-2.552,-0.92,-22.06,12.22,1.99,1,0.663,5.33,9.38,-7.514,1,5,0.0702,0.0684,0.0573,0.0758
75.325,1,0.95,-3.99,2.24,5,73.9,20.56,0.07,-0.0055,0.068,-0.004,0.013,-2.549,-0.921,-22.06,12.22,1.99,1,0.664,6.3,9.72,-4.604,1,5,0.0683,0.0701,0.0572,0.0757
75.359,1,0.95,-3.74,2.55,5,73.6,20.46,0.07,-0.0034,0.069,-0.006,0.017,-2.547,-0.923,-22.0,12.22,1.99,1,0.664,6.3,9.72,-4.604,1,5,0.0684,0.0647,0.061,0.0814
75.39,1,0.951,-3.99,2.78,5,73.6,20.2,0.07,-0.0118,0.068,-0.004,0.002,-2.546,-0.923,-22.0,12.22,1.99,1,0.664,6.3,9.72,-4.604,1,5,0.0685,0.0666,0.0611,0.0759
75.423,1,0.952,-3.74,2.7,5,73.6,20.44,0.07,-0.0124,0.065,-0.006,0.013,-2.544,-0.924,-21.94,12.22,1.99,1,0.672,6.3,10.44,-4.932,1,5,0.0686,0.0593,0.0593,0.0741
75.459,1,0.955,-3.49,2.63,5,73.7,20.44,0.07,-0.0139,0.063,-0.003,0.03,-2.541,-0.925,-21.89,12.22,1.99,1,0.672,6.3,10.44,-4.932,1,5,0.0626,0.0607,0.0589,0.0699
75.49,1,0.958,-3.49,2.77,5,73.9,20.2,0.07,-0.0155,0.064,-0.005,0.019,-2.54,-0.926,-21.89,12.22,1.61,1,0.669,6.79,11.08,-6.283,1,5,0.0644,0.0588,0.0588,0.0736
75.522,1,0.956,-3.24,2.94,5,73.7,20.46,0.07,-0.0177,0.066,-0.004,0.03,-2.537,-0.927,-21.77,12.22,1.61,1,0.671,7.27,10.59,-5.468,1,5,0.0642,0.066,0.0587,0.077
75.556,1,0.96,-3.24,2.84,5,73.9,20.46,0.07,-0.0234,0.067,-0.004,0.025,-2.536,-0.928,-21.77,12.22,1.61,1,0.675,7.27,11.64,-5.015,1,5,0.0661,0.068,0.0588,0.0771
75.591,1,0.962,-3.49,3.17,5,73.8,20.44,0.07,-0.0213,0.071,-0.002,-0.035,-2.534,-0.929,-21.77,12.22,1.61,1,0.68,7.27,11.64,-5.009,1,5,0.0684,0.0776,0.0591,0.0776
75.626,1,0.963,-3.49,3.02,5,73.9,20.2,0.07,-0.0236,0.069,-0.002,-0.015,-2.531,-0.93,-21.83,12.22,1.61,1,0.68,7.27,11.64,-5.009,1,5,0.0722,0.074,0.0592,0.0703
75.661,1,0.96,-3.74,3.24,5,74.0,20.44,0.07,-0.021,0.07,-0.002,0.019,-2.528,-0.931,-21.83,12.22,1.25,1,0.68,7.27,11.64,-5.009,1,5,0.0777,0.074,0.061,0.0666
75.693,1,0.956,-3.74,2.71,5,73.8,20.46,0.07,-0.022,0.07,-0.003,-0.004,-2.527,-0.932,-21.83,12.22,1.25,1,0.68,7.27,11.64,-5.009,1,5,0.0796,0.0666,0.0666,0.0666
75.725,1,0.958,-3.99,3.05,5,74.1,20.44,0.07,-0.013,0.07,-0.004,-0.045,-2.525,-0.933,-21.89,12.22,1.25,1,0.68,7.27,11.64,-5.009,1,5,0.0778,0.0629,0.0703,0.0703
75.758,1,0.96,-4.24,3.39,5,74.0,20.46,0.07,-0.016,0.071,-0.005,-0.038,-2.523,-0.934,-21.89,12.22,1.25,1,0.681,6.3,10.91,-7.77,1,5,0.0759,0.0593,0.0722,0.0759
75.791,1,0.957,-4.24,2.99,5,73.9,20.46,0.07,-0.0195,0.068,-0.006,-0.004,-2.521,-0.935,-21.94,12.22,1.25,1,0.681,6.3,10.91,-7.77,1,5,0.0703,0.0555,0.0666,0.0778
75.822,1,0.956,-4.24,2.99,5,74.3,20.46,0.07,-0.0128,0.067,-0.006,-0.017,-2.519,-0.936,-21.94,12.22,1.25,1,0.676,6.3,10.55,-5.991,1,5,0.0722,0.0574,0.0648,0.074
75.859,1,0.949,-3.99,3.03,5,74.4,20.56,0.07,-0.0132,0.066,-0.005,0.004,-2.516,-0.937,-22.0,12.22,1.25,1,0.678,7.27,10.28,-5.281,1,5,0.0722,0.0574,0.0666,0.0703
75.892,1,0.951,-3.99,3.04,5,74.4,20.44,0.07,-0.0171,0.066,-0.004,-0.009,-2.515,-0.938,-22.0,12.22,-0.2,1,0.678,7.27,10.28,-5.281,1,5,0.0721,0.0555,0.0684,0.0684
75.956,1,0.957,-3.74,2.57,5,74.2,20.44,0.07,-0.0173,0.068,-0.003,-0.008,-2.511,-0.939,-22.0,12.22,-0.2,1,0.677,7.76,10.56,-5.576,1,5,0.0721,0.0629,0.0684,0.0703
75.992,1,0.954,-3.74,2.97,5,74.3,20.57,0.07,-0.0119,0.071,0.0,0.002,-2.508,-0.94,-22.0,12.22,-0.2,1,0.677,7.76,10.56,-5.576,1,5,0.0722,0.0741,0.0685,0.0704
76.024,1,0.952,-3.74,2.56,5,74.2,20.44,0.07,-0.0187,0.071,-0.001,-0.013,-2.506,-0.941,-22.12,12.22,-0.2,1,0.677,7.76,10.56,-5.576,1,5,0.0778,0.074,0.0648,0.0666
76.058,1,0.948,-3.74,2.85,5,74.3,20.56,0.07,-0.0115,0.072,-0.002,0.004,-2.505,-0.942,-22.12,12.22,-0.2,1,0.682,6.3,11.48,0.0,0,5,0.0815,0.0722,0.0667,0.0667
76.096,1,0.945,-3.74,2.55,5,74.2,20.46,0.07,-0.0162,0.071,-0.005,-0.039,-2.502,-0.943,-22.17,12.23,-1.22,1,0.682,6.3,11.48,0.0,0,5,0.0832,0.0629,0.0684,0.0684
76.124,1,0.941,-3.74,2.55,5,74.0,20.46,0.07,-0.011,0.069,-0.004,-0.02,-2.5,-0.944,-22.23,12.23,-1.22,1,0.679,5.82,11.0,0.0,0,5,0.0759,0.0592,0.0722,0.0703
76.188,1,0.938,-3.99,2.37,5,74.1,20.57,0.07,-0.0109,0.065,-0.001,-0.03,-2.496,-0.946,-22.29,12.23,-1.22,1,0.678,5.82,11.24,0.0,0,5,0.0685,0.0593,0.0685,0.063
76.223,1,0.941,-3.99,2.5,5,74.3,20.56,0.07,-0.0047,0.067,-0.002,-0.024,-2.494,-0.947,-22.35,12.23,-1.22,1,0.678,5.82,11.24,0.0,0,5,0.0703,0.0611,0.0685,0.0666
76.26,1,0.939,-3.99,2.23,5,74.3,20.56,0.07,-0.0071,0.068,-0.002,-0.023,-2.491,-0.948,-22.35,12.23,-1.22,1,0.678,5.82,11.24,0.0,0,5,0.0722,0.0629,0.0703,0.0703
76.288,1,0.938,-3.99,2.34,5,74.1,20.2,0.07,-0.0026,0.071,-0.001,-0.016,-2.49,-0.949,-22.4,12.23,-0.43,1,0.678,5.82,11.24,0.0,0,5,0.074,0.0666,0.0721,0.0703
76.324,1,0.936,-3.99,2.23,5,74.0,20.44,0.07,-0.0047,0.069,-0.002,-0.016,-2.487,-0.95,-22.4,12.23,-0.43,1,0.667,5.33,11.67,0.0,0,5,0.0721,0.0628,0.0721,0.0702
76.36,1,0.935,-4.24,2.44,5,74.0,20.46,0.07,-0.0028,0.07,0.0,-0.017,-2.484,-0.951,-22.46,12.23,-0.43,1,0.67,5.33,11.65,-8.0,1,5,0.0685,0.0666,0.074,0.0703
76.39,1,0.935,-4.24,2.43,5,73.9,20.2,0.07,-0.0037,0.069,0.001,0.002,-2.483,-0.951,-22.46,12.23,-0.43,1,0.67,5.33,11.65,-8.0,1,5,0.0703,0.0666,0.074,0.0666
76.422,1,0.932,-4.24,2.71,5,73.8,20.56,0.07,-0.0036,0.074,0.001,-0.037,-2.48,-0.953,-22.52,12.23,-0.43,1,0.678,5.33,9.69,0.0,0,5,0.0778,0.0778,0.0723,0.0667
76.46,1,0.929,-3.74,2.27,5,73.3,20.56,0.07,-0.0088,0.076,-0.001,0.02,-2.477,-0.954,-22.52,12.23,0.53,1,0.678,5.33,9.69,0.0,0,5,0.0834,0.0797,0.0704,0.0704
76.493,1,0.926,-3.74,2.5,5,73.3,20.56,0.07,-0.007,0.077,-0.001,0.029,-2.476,-0.954,-22.46,12.23,0.53,1,0.678,5.33,9.69,0.0,0,5,0.0797,0.0797,0.0723,0.076
76.525,1,0.926,-3.74,2.52,5,73.4,20.46,0.07,-0.0109,0.077,0.0,-0.02,-2.473,-0.956,-22.46,12.23,0.53,1,0.678,5.33,9.69,0.0,0,5,0.0723,0.0741,0.0816,0.0816
76.558,1,0.923,-3.74,2.77,5,73.2,20.04,0.07,-0.0109,0.077,0.0,0.001,-2.472,-0.956,-22.46,12.23,0.53,1,0.678,5.33,9.69,0.0,0,5,0.0704,0.0704,0.0834,0.0834
76.591,1,0.922,-3.49,2.18,5,73.1,20.04,0.07,-0.0152,0.075,-0.0,0.002,-2.469,-0.957,-22.46,12.23,0.53,1,0.667,5.82,10.32,0.0,0,5,0.0722,0.0704,0.0797,0.0797
76.624,1,0.918,-3.49,2.59,5,73.1,20.04,0.07,-0.0078,0.073,-0.001,0.003,-2.466,-0.959,-22.52,12.23,0.53,1,0.667,5.82,10.32,0.0,0,5,0.0741,0.0704,0.0722,0.0741
76.661,1,0.932,-3.49,2.07,5,73.6,20.04,0.07,-0.0146,0.074,0.0,-0.012,-2.464,-0.96,-22.52,12.23,1.58,1,0.667,5.33,10.78,0.0,0,5,0.0759,0.0722,0.0759,0.0722
76.69,1,0.937,-3.49,2.45,5,74.0,20.04,0.07,-0.0053,0.073,0.0,-0.008,-2.462,-0.96,-22.52,12.23,1.58,1,0.667,5.33,10.78,0.0,0,5,0.0741,0.0723,0.0741,0.0723
76.724,1,0.939,-3.49,2.44,5,73.8,20.04,0.07,-0.0116,0.073,0.002,-0.022,-2.46,-0.961,-22.57,12.23,1.58,1,0.667,5.33,10.78,0.0,0,5,0.0722,0.0722,0.0778,0.0685
76.757,1,0.947,-3.24,2.1,5,73.8,20.46,0.07,-0.0113,0.072,0.002,-0.034,-2.457,-0.962,-22.57,12.23,1.58,1,0.667,5.33,10.78,0.0,0,5,0.074,0.074,0.0759,0.0666
76.788,1,0.949,-3.49,2.26,5,74.4,20.04,0.07,-0.0085,0.072,-0.0,-0.068,-2.456,-0.963,-22.69,12.23,1.58,1,0.675,5.33,10.04,0.0,0,5,0.0789,0.0734,0.0697,0.066
76.826,1,0.946,-3.49,2.15,5,74.5,20.56,0.07,-0.0079,0.073,-0.003,-0.01,-2.453,-0.964,-22.75,12.23,1.58,1,0.679,5.33,9.56,0.0,0,5,0.0844,0.0734,0.0679,0.0679
76.891,1,0.942,-3.49,2.08,5,74.9,20.04,0.07,-0.006,0.073,0.0,-0.026,-2.449,-0.966,-22.69,12.23,2.74,1,0.678,4.85,10.41,0.0,0,5,0.0722,0.0666,0.0796,0.074
76.922,1,0.943,-3.49,1.82,5,75.0,20.04,0.07,-0.0049,0.072,-0.0,-0.009,-2.446,-0.967,-22.75,12.23,2.74,1,0.678,4.85,10.41,0.0,0,5,0.0681,0.0644,0.0792,0.0773
76.957,1,0.945,-3.49,1.82,5,75.2,20.04,0.07,-0.0003,0.071,-0.0,0.006,-2.445,-0.968,-22.75,12.23,2.74,1,0.672,0.97,2.34,0.0,0,5,0.0675,0.0657,0.0766,0.0748
76.992,1,0.953,-3.24,1.75,5,75.1,20.46,0.07,-0.0003,0.07,-0.001,-0.002,-2.442,-0.969,-22.75,12.23,2.74,1,0.672,0.97,2.34,0.0,0,5,0.0712,0.0657,0.0712,0.0712
77.023,1,0.954,-3.24,1.62,5,75.1,20.56,0.07,-0.0021,0.07,0.0,0.007,-2.44,-0.97,-22.75,12.23,2.74,1,0.671,1.45,2.87,0.0,0,5,0.0697,0.0697,0.0697,0.0697
77.057,1,0.952,-3.24,1.62,5,75.3,20.56,0.07,0.0003,0.071,-0.001,-0.011,-2.438,-0.97,-22.8,12.23,2.74,1,0.671,1.45,2.87,0.0,0,5,0.0722,0.0685,0.0703,0.0722
77.091,1,0.949,-3.24,1.62,5,75.5,20.56,0.07,0.0006,0.071,0.0,0.0,-2.436,-0.971,-22.8,12.21,3.81,1,0.672,1.45,2.45,0.0,0,5,0.0703,0.0703,0.0722,0.0703
77.124,1,0.954,-2.99,1.56,5,75.0,20.2,0.07,0.0007,0.071,0.0,-0.004,-2.433,-0.973,-22.8,12.21,3.81,1,0.672,1.45,2.45,0.0,0,5,0.0721,0.0703,0.0721,0.0703
77.155,1,0.954,-2.99,1.68,5,74.9,20.44,0.07,-0.0011,0.071,0.0,-0.011,-2.432,-0.973,-22.8,12.21,3.81,1,0.672,1.45,2.45,0.0,0,5,0.0739,0.0721,0.0702,0.0665
77.192,1,0.948,-2.75,1.62,5,74.5,20.57,0.07,-0.0029,0.072,0.001,0.006,-2.429,-0.974,-22.8,12.21,3.81,1,0.672,1.45,2.45,0.0,0,5,0.0777,0.0777,0.0684,0.0647
77.224,1,0.95,-2.99,1.82,5,75.6,20.44,0.07,-0.0048,0.072,0.003,0.055,-2.426,-0.975,-22.75,12.21,3.81,1,0.672,1.45,2.45,0.0,0,5,0.0756,0.0793,0.0719,0.0627
77.26,1,0.96,-2.75,1.73,5,75.3,20.46,0.07,-0.005,0.071,0.002,-0.016,-2.424,-0.976,-22.75,12.21,3.81,1,0.672,1.45,2.45,0.0,0,5,0.0702,0.0739,0.072,0.0683
77.293,1,0.967,-2.75,1.6,5,75.2,20.57,0.07,-0.0063,0.071,-0.0,-0.015,-2.422,-0.977,-22.75,12.21,4.12,1,0.672,1.45,2.45,0.0,0,5,0.0683,0.0683,0.072,0.0739
77.324,1,0.964,-2.75,1.6,5,75.3,20.57,0.07,-0.0039,0.069,-0.003,-0.003,-2.42,-0.978,-22.8,12.21,4.12,1,0.672,1.45,2.45,0.0,0,5,0.0666,0.0629,0.0684,0.0777
77.357,1,0.96,-2.75,1.59,5,75.5,20.57,0.07,-0.0036,0.07,-0.001,-0.006,-2.419,-0.979,-22.8,12.21,4.12,1,0.672,1.45,2.45,0.0,0,5,0.0684,0.0666,0.0703,0.074
77.389,1,0.958,-2.75,1.71,5,75.4,20.46,0.07,-0.0034,0.07,-0.0,-0.018,-2.416,-0.98,-22.8,12.21,4.12,1,0.672,1.45,2.45,0.0,0,5,0.0683,0.0665,0.072,0.072
77.422,1,0.959,-2.75,1.46,5,75.5,20.2,0.07,-0.0053,0.069,0.0,-0.027,-2.414,-0.981,-22.86,12.21,4.12,1,0.672,1.45,2.45,0.0,0,5,0.0703,0.0666,0.0721,0.0666
77.457,1,0.967,-2.75,1.31,5,75.4,20.44,0.07,-0.0009,0.068,-0.0,-0.01,-2.412,-0.981,-22.92,12.21,4.12,1,0.668,1.45,1.19,0.0,0,5,0.0685,0.0629,0.0722,0.0685
77.493,1,0.969,-2.75,1.35,5,75.6,20.56,0.07,0.0017,0.068,-0.001,-0.004,-2.41,-0.982,-22.92,12.2,4.52,1,0.663,1.45,1.17,0.0,0,5,0.0722,0.0629,0.0722,0.0666
77.524,1,0.969,-2.75,1.22,5,75.9,20.44,0.07,0.001,0.07,-0.001,0.01,-2.407,-0.984,-22.98,12.2,4.52,1,0.663,1.45,1.17,0.0,0,5,0.0795,0.0666,0.0721,0.0629
77.553,1,0.965,-2.25,1.18,5,76.0,20.46,0.07,0.0034,0.073,-0.0,0.053,-2.406,-0.984,-22.92,12.2,4.52,1,0.631,-2.91,-7.41,0.0,0,5,0.085,0.0721,0.0721,0.061
77.59,1,0.963,-2.25,1.07,5,75.9,20.56,0.07,-0.0021,0.074,0.0,-0.014,-2.403,-0.985,-22.98,12.2,4.52,1,0.631,-2.91,-7.41,0.0,0,5,0.0851,0.0758,0.074,0.0629
77.625,1,0.965,-2.25,1.34,5,75.7,20.46,0.07,0.0004,0.075,0.002,-0.04,-2.4,-0.986,-23.03,12.2,4.52,1,0.631,-2.91,-7.41,0.0,0,5,0.0759,0.0777,0.0777,0.0703
77.654,1,0.96,-2.25,1.06,5,75.7,20.56,0.07,-0.0039,0.074,0.001,-0.009,-2.399,-0.987,-23.03,12.2,4.52,1,0.631,-2.91,-7.41,0.0,0,5,0.0721,0.0721,0.0777,0.074
77.724,1,0.958,-2.25,1.48,5,75.4,20.56,0.07,0.0013,0.068,0.0,-0.01,-2.394,-0.989,-23.03,12.2,4.09,1,0.664,-2.42,-8.88,0.0,0,5,0.0684,0.0665,0.0702,0.0665
77.756,1,0.96,-1.75,1.03,5,75.3,20.56,0.07,-0.0058,0.068,0.001,-0.002,-2.392,-0.989,-23.03,12.2,4.09,1,0.668,-2.42,-8.99,0.0,0,5,0.0665,0.0684,0.0702,0.0665
77.824,1,0.966,-1.75,1.3,5,75.2,20.46,0.07,-0.0035,0.068,0.0,0.003,-2.387,-0.992,-23.03,12.2,4.09,1,0.67,-2.42,-8.92,0.0,0,5,0.0648,0.0666,0.0703,0.0703
77.856,1,0.962,-1.75,1.3,5,75.1,20.56,0.07,-0.0078,0.068,-0.0,-0.006,-2.386,-0.992,-23.03,12.2,4.09,1,0.666,-2.42,-9.19,0.0,0,5,0.0667,0.0667,0.0686,0.0704
77.891,1,0.957,-1.75,1.18,5,75.0,20.56,0.07,-0.0075,0.07,-0.003,0.005,-2.384,-0.993,-23.09,12.2,2.74,1,0.666,-2.42,-9.19,0.0,0,5,0.0705,0.0668,0.0668,0.0742
77.923,1,0.943,-1.5,0.97,5,74.4,20.81,0.07,-0.0053,0.071,-0.001,0.029,-2.381,-0.994,-23.03,12.2,2.74,1,0.666,-2.42,-9.74,0.0,0,5,0.0741,0.0741,0.0667,0.0704
77.957,1,0.935,-1.25,0.89,5,74.0,20.57,0.07,-0.0044,0.072,0.003,0.021,-2.378,-0.995,-22.98,12.2,2.74,1,0.666,-2.42,-9.74,0.0,0,5,0.0722,0.0759,0.0704,0.0704
77.989,1,0.93,-1.25,1.41,5,73.6,20.57,0.07,-0.006,0.073,0.004,-0.007,-2.377,-0.996,-22.98,12.2,2.74,1,0.666,-2.42,-9.74,0.0,0,5,0.0704,0.0778,0.0759,0.0667
78.022,1,0.922,-1.25,1.29,5,73.1,20.81,0.07,-0.0144,0.069,0.002,-0.012,-2.374,-0.997,-23.03,12.2,2.74,1,0.666,-2.42,-9.74,0.0,0,5,0.0667,0.0685,0.0741,0.0685
78.054,1,0.918,-1.25,1.4,5,72.7,20.57,0.07,-0.012,0.068,0.001,-0.028,-2.373,-0.998,-23.09,12.2,2.74,1,0.666,-2.42,-9.74,0.0,0,5,0.0666,0.0666,0.0722,0.0685
78.093,1,0.914,-1.5,1.38,5,72.3,20.57,0.07,-0.0137,0.066,-0.0,-0.005,-2.371,-0.999,-23.09,12.21,1.35,1,0.666,-2.42,-9.74,0.0,0,5,0.0666,0.0611,0.0703,0.0666
78.124,1,0.906,-1.25,1.15,5,71.5,20.56,0.07,-0.01,0.066,-0.0,-0.009,-2.368,-1.0,-23.15,12.21,1.35,1,0.666,-2.42,-9.74,0.0,0,5,0.0684,0.061,0.0702,0.0647
78.154,1,0.897,-1.5,1.38,5,70.9,20.57,0.07,-0.0091,0.066,-0.0,-0.003,-2.367,-1.0,-23.15,12.21,1.35,1,0.668,2.91,-1.92,0.0,0,5,0.0684,0.0628,0.0684,0.0647
78.187,1,0.886,-1.25,1.03,5,70.6,20.56,0.07,-0.01,0.066,0.0,0.003,-2.365,-1.001,-23.15,12.21,1.35,1,0.678,2.91,-2.18,0.0,0,5,0.0664,0.0646,0.0683,0.0664
78.225,1,0.876,-1.25,1.03,5,70.7,20.56,0.07,-0.0071,0.067,-0.001,0.003,-2.362,-1.002,-23.15,12.21,1.35,1,0.678,2.91,-2.18,0.0,0,5,0.0666,0.0647,0.0666,0.0684
78.257,1,0.872,-1.25,1.03,5,70.7,20.56,0.07,-0.0069,0.066,-0.001,0.001,-2.361,-1.003,-23.15,12.21,1.35,1,0.678,2.91,-2.18,0.0,0,5,0.0684,0.0629,0.0666,0.0666
78.291,1,0.879,-1.25,1.03,5,70.7,20.56,0.07,-0.0068,0.068,-0.004,-0.022,-2.359,-1.004,-23.2,12.21,0.16,1,0.678,2.91,-2.18,0.0,0,5,0.074,0.0648,0.0629,0.0703
78.324,1,0.89,-1.25,0.78,5,70.5,20.81,0.07,-0.0068,0.07,-0.002,0.015,-2.356,-1.005,-23.2,12.21,0.16,1,0.669,6.3,3.91,0.0,0,5,0.0778,0.0722,0.0648,0.0666
78.353,1,0.9,-1.25,1.19,5,70.3,20.57,0.07,-0.0025,0.071,0.0,0.046,-2.354,-1.006,-23.15,12.21,0.16,1,0.672,6.3,3.05,0.0,0,5,0.0759,0.0759,0.0666,0.0666
78.389,1,0.902,-1.25,1.43,5,70.0,20.56,0.07,-0.0096,0.072,0.005,0.001,-2.352,-1.007,-23.09,12.21,0.16,1,0.672,6.3,3.05,0.0,0,5,0.0721,0.0814,0.0721,0.0629
78.422,1,0.893,-1.25,1.42,5,69.7,20.56,0.07,-0.0137,0.071,0.001,-0.028,-2.349,-1.008,-23.15,12.21,0.16,1,0.675,6.79,4.63,-6.816,1,5,0.0666,0.0721,0.0721,0.0721
78.454,1,0.891,-1.25,1.13,5,70.0,20.46,0.07,-0.0136,0.07,0.0,0.006,-2.348,-1.008,-23.15,12.21,0.16,1,0.675,6.79,4.63,-6.816,1,5,0.0666,0.0684,0.0721,0.0721
78.49,1,0.889,-1.25,1.13,5,70.0,20.46,0.07,-0.0085,0.067,-0.002,-0.019,-2.346,-1.009,-23.2,12.2,0.16,1,0.675,6.79,4.63,-6.816,1,5,0.0666,0.0611,0.0685,0.0703
78.554,1,0.907,-1.25,1.04,5,70.1,20.56,0.07,-0.0085,0.066,-0.0,-0.009,-2.342,-1.011,-23.2,12.2,0.16,1,0.678,6.3,3.61,-7.203,1,5,0.0684,0.0647,0.0666,0.0647
78.591,1,0.914,-1.25,1.15,5,70.1,20.56,0.07,-0.0069,0.066,-0.001,-0.001,-2.34,-1.012,-23.2,12.2,0.16,1,0.678,6.3,3.61,-7.203,1,5,0.0684,0.0629,0.0666,0.0666
78.627,1,0.908,-1.5,1.24,5,70.2,20.56,0.07,-0.0089,0.068,-0.002,-0.028,-2.337,-1.013,-23.26,12.2,0.16,1,0.678,6.3,3.61,-7.203,1,5,0.0703,0.0611,0.0703,0.0703
78.652,1,0.893,-1.5,0.97,5,69.9,20.57,0.07,-0.0075,0.066,-0.003,-0.008,-2.336,-1.014,-23.26,12.2,0.16,1,0.686,6.3,3.63,-1.954,1,5,0.0703,0.0574,0.0685,0.0685
78.723,1,0.911,-1.5,0.98,5,70.2,20.57,0.07,-0.0032,0.071,-0.003,0.058,-2.331,-1.016,-23.32,12.2,-1.47,1,0.69,6.3,3.87,-1.072,1,5,0.0814,0.0721,0.0647,0.0666
78.753,1,0.923,-1.25,0.65,5,70.4,20.57,0.07,-0.0034,0.073,0.0,0.069,-2.329,-1.017,-23.2,12.2,-1.47,1,0.685,6.79,2.35,-4.861,1,5,0.0776,0.0776,0.0684,0.0665
78.821,1,0.905,-1.25,1.43,5,70.5,20.46,0.07,-0.0006,0.069,-0.0,-0.024,-2.324,-1.019,-23.2,12.2,-1.47,1,0.677,11.15,12.88,3.092,1,5,0.0648,0.0703,0.0666,0.074
78.854,1,0.903,-1.25,1.16,5,70.8,20.44,0.07,-0.014,0.068,-0.004,0.003,-2.323,-1.02,-23.2,12.2,-1.47,1,0.677,11.15,12.88,3.092,1,5,0.0666,0.0647,0.0629,0.0777
78.921,1,0.933,-1.25,1.04,5,71.7,20.56,0.07,-0.0091,0.066,-0.002,0.003,-2.318,-1.022,-23.2,12.2,-1.64,1,0.691,10.18,10.24,-1.708,1,5,0.0666,0.0629,0.0647,0.0684
78.956,1,0.927,-1.25,1.04,5,72.2,20.56,0.07,-0.007,0.066,0.0,-0.011,-2.317,-1.022,-23.2,12.2,-1.64,1,0.691,10.18,10.24,-1.708,1,5,0.0665,0.0665,0.0665,0.0647
79.053,1,0.936,-1.75,1.19,5,73.6,20.56,0.07,-0.007,0.067,-0.004,-0.015,-2.311,-1.026,-23.32,12.2,-1.64,1,0.683,10.18,10.74,-0.102,1,5,0.0711,0.0565,0.0692,0.0711
79.092,1,0.945,-2.0,0.98,5,74.9,20.96,0.07,-0.0036,0.068,-0.006,-0.051,-2.308,-1.027,-23.43,12.23,-0.49,1,0.683,10.18,10.74,-0.102,1,5,0.0783,0.0583,0.0656,0.071
79.123,1,0.942,-2.25,0.93,5,75.6,20.56,0.07,0.0029,0.071,-0.005,-0.002,-2.306,-1.028,-23.43,12.23,-0.49,1,0.681,9.21,10.07,-2.288,1,5,0.0827,0.0662,0.0662,0.068
79.152,1,0.941,-2.25,1.2,5,75.5,20.57,0.07,0.006,0.072,-0.0,0.048,-2.304,-1.028,-23.43,12.23,-0.49,1,0.682,9.21,10.04,-2.422,1,5,0.0809,0.0753,0.068,0.0643
79.257,1,0.938,-2.25,1.06,5,76.9,20.57,0.07,-0.0001,0.075,0.003,-0.046,-2.299,-1.031,-23.38,12.23,-0.49,1,0.684,9.21,12.04,0.094,1,5,0.0721,0.0814,0.0758,0.0721
79.287,1,0.936,-2.25,1.14,5,76.7,20.57,0.07,0.0023,0.073,-0.001,-0.01,-2.296,-1.032,-23.49,12.23,0.79,1,0.682,9.21,10.01,-0.936,1,5,0.0721,0.0721,0.0721,0.0777
79.321,1,0.931,-2.75,0.93,5,76.8,20.57,0.07,0.0007,0.071,-0.003,-0.018,-2.294,-1.033,-23.55,12.23,0.79,1,0.68,8.24,10.86,0.001,1,5,0.074,0.0647,0.0721,0.074
79.355,1,0.928,-2.75,1.15,5,77.0,20.57,0.07,0.0102,0.069,-0.004,-0.019,-2.292,-1.034,-23.55,12.23,0.79,1,0.676,5.33,6.83,-1.606,1,5,0.0755,0.059,0.07,0.07
79.389,1,0.922,-2.75,0.76,5,77.5,20.57,0.07,0.0058,0.067,-0.003,-0.008,-2.29,-1.035,-23.61,12.23,0.79,1,0.676,5.33,6.83,-1.606,1,5,0.0737,0.059,0.07,0.0663
79.452,1,0.931,-2.75,0.66,5,77.8,20.57,0.07,0.0119,0.067,-0.005,0.031,-2.286,-1.037,-23.66,12.23,0.79,1,0.681,4.36,4.46,-3.378,1,5,0.0758,0.0573,0.0684,0.0684
79.49,1,0.931,-2.99,0.88,5,78.0,20.96,0.07,0.0135,0.066,-0.006,-0.071,-2.284,-1.038,-23.66,12.21,1.55,1,0.677,4.36,4.25,-4.169,1,5,0.0772,0.0588,0.0625,0.0662
79.524,1,0.928,-2.75,0.64,5,78.2,20.57,0.07,0.0128,0.068,-0.004,-0.01,-2.281,-1.039,-23.72,12.21,1.55,1,0.677,4.36,4.25,-4.169,1,5,0.0791,0.0644,0.0644,0.0662
79.553,1,0.931,-2.75,0.42,5,78.4,20.46,0.07,0.0135,0.069,-0.001,0.013,-2.28,-1.04,-23.66,12.21,1.55,1,0.677,3.39,3.63,-4.08,1,5,0.0754,0.0717,0.0644,0.0662
79.654,1,0.926,-2.75,0.7,5,78.3,20.46,0.07,0.0174,0.073,0.0,-0.013,-2.273,-1.043,-23.66,12.21,1.55,1,0.675,3.39,3.38,-4.931,1,5,0.0684,0.0721,0.0739,0.0776
79.753,1,0.922,-3.24,0.68,5,77.8,20.44,0.07,0.0125,0.072,-0.0,-0.01,-2.267,-1.046,-23.78,12.21,0.04,1,0.681,3.39,2.57,-4.403,1,5,0.0702,0.0684,0.0739,0.0739
79.821,1,0.926,-3.24,0.29,5,77.6,20.46,0.07,0.0184,0.073,-0.004,-0.006,-2.262,-1.049,-23.78,12.21,0.04,1,0.684,2.91,2.78,-4.76,1,5,0.0777,0.0684,0.0703,0.0758
79.854,1,0.926,-3.24,0.41,5,77.4,20.44,0.07,0.0248,0.073,-0.005,0.013,-2.26,-1.049,-23.78,12.21,0.04,1,0.684,2.91,2.78,-4.76,1,5,0.0796,0.0666,0.0703,0.0759
79.925,1,0.921,-3.24,0.28,5,77.4,20.46,0.07,0.0224,0.071,-0.003,0.052,-2.255,-1.052,-23.78,12.21,-2.23,1,0.685,4.36,0.48,-6.748,1,5,0.0758,0.0721,0.0647,0.0721
79.954,1,0.918,-3.24,0.68,5,77.7,20.44,0.07,0.0245,0.071,-0.001,0.045,-2.254,-1.052,-23.72,12.21,-2.23,1,0.681,7.76,6.9,-1.776,1,5,0.072,0.0757,0.0646,0.072
80.052,1,0.928,-2.75,0.67,5,78.1,20.2,0.07,0.0174,0.075,-0.002,0.02,-2.247,-1.055,-23.55,12.21,-2.23,1,0.686,12.12,17.67,0.0,0,5,0.0667,0.0759,0.0704,0.0871
80.091,1,0.928,-2.75,0.81,5,78.1,20.44,0.07,0.0113,0.076,-0.002,0.017,-2.244,-1.057,-23.49,12.18,-2.03,1,0.682,12.12,18.32,0.0,0,5,0.0704,0.0778,0.0704,0.0871
80.153,1,0.923,-2.5,0.74,5,78.3,20.44,0.07,0.0098,0.076,0.002,0.012,-2.24,-1.058,-23.49,12.18,-2.03,1,0.68,13.09,17.36,0.0,0,5,0.0685,0.0815,0.0759,0.0797
80.253,1,0.926,-2.25,0.4,5,78.3,20.44,0.07,0.009,0.073,-0.0,-0.002,-2.233,-1.061,-23.43,12.18,-2.03,1,0.673,8.24,10.23,-2.103,1,5,0.074,0.074,0.0721,0.074
80.324,1,0.92,-2.0,0.35,5,78.6,20.0,0.07,0.0125,0.069,-0.002,0.009,-2.228,-1.064,-23.43,12.18,0.79,1,0.678,6.79,10.48,-1.567,1,5,0.074,0.0777,0.0573,0.0684
80.352,1,0.917,-1.75,0.39,5,78.7,20.04,0.07,0.0106,0.071,-0.0,0.006,-2.227,-1.064,-23.43,12.18,0.79,1,0.683,4.36,5.11,-1.411,1,5,0.0722,0.0777,0.0629,0.0703
80.42,1,0.925,-1.5,0.42,5,78.7,19.97,0.07,0.0078,0.07,0.001,0.016,-2.222,-1.066,-23.38,12.18,0.79,1,0.683,4.36,2.78,-4.861,1,5,0.0629,0.0666,0.0759,0.074
80.452,1,0.926,-1.5,0.59,5,78.7,20.0,0.07,0.0048,0.069,0.0,0.019,-2.22,-1.067,-23.38,12.18,0.79,1,0.683,4.85,2.81,-1.102,1,5,0.0629,0.0666,0.0722,0.074
80.52,1,0.921,-1.0,0.54,5,78.5,19.97,0.07,0.0025,0.068,0.001,0.018,-2.215,-1.069,-23.26,12.16,1.13,1,0.69,5.33,1.79,-1.907,1,5,0.0611,0.0722,0.0666,0.074
80.551,1,0.917,-1.0,0.69,5,78.5,20.2,0.07,-0.0023,0.068,0.001,-0.001,-2.214,-1.069,-23.26,12.16,1.13,1,0.69,5.33,1.79,-1.907,1,5,0.0611,0.0703,0.0685,0.0722
80.586,1,0.916,-0.75,0.37,5,78.4,20.04,0.07,-0.0046,0.069,0.001,0.031,-2.211,-1.071,-23.2,12.16,1.13,1,0.684,5.33,2.59,-2.481,1,5,0.0685,0.0722,0.0685,0.0685
80.619,1,0.915,-0.5,0.54,5,78.5,20.04,0.07,-0.0014,0.07,0.0,0.037,-2.209,-1.072,-23.15,12.16,1.13,1,0.683,6.3,1.47,-0.07,1,5,0.0685,0.0741,0.0667,0.0704
80.653,1,0.913,-0.25,0.58,5,78.4,20.46,0.07,-0.0067,0.071,-0.0,0.037,-2.207,-1.072,-23.09,12.16,1.13,1,0.683,6.3,1.47,-0.07,1,5,0.0704,0.0778,0.063,0.0722
80.72,1,0.914,-0.25,0.9,5,78.2,20.44,0.07,-0.0093,0.07,-0.0,-0.043,-2.202,-1.074,-23.2,12.16,0.46,1,0.68,6.3,2.27,-2.239,1,5,0.0705,0.0779,0.0612,0.0705
80.752,1,0.912,-0.25,0.5,5,77.8,20.04,0.07,-0.0144,0.069,0.0,0.026,-2.201,-1.075,-23.2,12.16,0.46,1,0.68,6.3,2.27,-2.239,1,5,0.0686,0.0742,0.0649,0.0686
80.823,1,0.906,0.0,0.67,5,77.7,20.04,0.07,-0.0069,0.068,0.002,0.011,-2.196,-1.077,-23.15,12.16,0.46,1,0.688,6.3,1.95,-1.364,1,5,0.0637,0.0673,0.0728,0.0691
80.852,1,0.904,0.0,0.56,5,77.5,20.44,0.07,-0.0127,0.068,0.001,-0.0,-2.195,-1.077,-23.15,12.16,0.46,1,0.684,6.3,2.43,-3.742,1,5,0.0636,0.0673,0.0709,0.0691
80.919,1,0.903,0.0,0.67,5,77.4,20.04,0.07,-0.0104,0.066,0.001,-0.015,-2.19,-1.08,-23.15,12.16,0.46,1,0.685,6.3,2.47,-3.751,1,5,0.0643,0.0661,0.068,0.0661
80.951,1,0.904,0.0,0.67,5,77.5,20.04,0.07,-0.012,0.068,0.0,0.011,-2.188,-1.08,-23.15,12.16,0.46,1,0.686,6.3,2.62,-1.234,1,5,0.0662,0.0662,0.0698,0.068
80.984,1,0.906,0.25,0.63,5,77.5,20.04,0.07,-0.0119,0.069,-0.001,0.063,-2.186,-1.081,-23.09,12.16,0.46,1,0.684,6.3,2.4,-2.104,1,5,0.0726,0.0653,0.0708,0.0671
81.019,1,0.901,0.75,0.37,5,77.5,20.46,0.07,-0.014,0.07,-0.002,-0.079,-2.183,-1.083,-23.09,12.16,0.46,1,0.684,6.3,2.4,-2.104,1,5,0.0799,0.069,0.0672,0.0654
81.051,1,0.896,0.75,0.44,5,77.7,20.57,0.07,-0.0151,0.07,-0.0,-0.026,-2.182,-1.083,-23.15,12.16,0.46,1,0.685,8.24,2.11,-0.578,1,5,0.0799,0.0744,0.0654,0.0617
81.12,1,0.906,1.25,0.27,5,77.9,20.46,0.07,-0.0154,0.071,0.005,-0.035,-2.176,-1.085,-23.32,12.14,-0.23,1,0.684,7.27,1.5,-2.931,1,5,0.0703,0.074,0.0778,0.0629
81.15,1,0.915,0.75,0.85,5,78.8,20.44,0.07,-0.018,0.07,0.005,0.008,-2.175,-1.085,-23.32,12.14,-0.23,1,0.686,7.27,1.32,-1.332,1,5,0.0685,0.0666,0.0833,0.0629
81.185,1,0.919,1.25,0.31,5,78.9,20.46,0.07,-0.0215,0.069,0.003,-0.003,-2.173,-1.086,-23.32,12.14,-0.23,1,0.687,7.27,0.9,-0.563,1,5,0.0686,0.0649,0.0797,0.0631
81.219,1,0.916,1.25,0.58,5,79.0,20.46,0.07,-0.018,0.067,0.002,-0.001,-2.17,-1.087,-23.32,12.14,-0.23,1,0.687,7.27,0.9,-0.563,1,5,0.0666,0.0648,0.0722,0.0629
81.251,1,0.901,1.25,0.32,5,79.0,20.57,0.07,-0.0222,0.066,0.001,-0.005,-2.169,-1.088,-23.32,12.14,-0.23,1,0.685,7.27,1.11,-2.212,1,5,0.0647,0.0666,0.0666,0.0647
81.288,1,0.893,1.25,0.17,5,78.9,20.57,0.07,-0.0174,0.066,0.001,-0.002,-2.167,-1.089,-23.32,12.14,0.22,1,0.686,7.27,1.3,-1.245,1,5,0.0628,0.0665,0.0683,0.0665
81.318,1,0.899,1.25,0.17,5,78.8,20.46,0.07,-0.0147,0.067,0.001,-0.005,-2.164,-1.09,-23.38,12.14,0.22,1,0.682,7.27,0.91,-0.485,1,5,0.0666,0.0666,0.0703,0.0666
81.351,1,0.901,1.25,-0.24,5,78.8,20.46,0.07,-0.0145,0.068,-0.0,-0.006,-2.163,-1.091,-23.38,12.14,0.22,1,0.681,7.27,0.91,-0.478,1,5,0.0685,0.0666,0.0703,0.0685
81.387,1,0.903,1.25,-0.37,5,78.6,20.56,0.07,-0.0073,0.069,-0.002,0.009,-2.16,-1.092,-23.38,12.14,0.22,1,0.678,7.27,1.13,0.478,1,5,0.0722,0.0648,0.0703,0.0703
81.419,1,0.901,1.25,-0.12,5,78.5,20.56,0.07,-0.0049,0.068,-0.003,-0.022,-2.158,-1.093,-23.43,12.14,0.22,1,0.678,7.27,1.13,0.478,1,5,0.0721,0.0647,0.0647,0.0703
81.452,1,0.893,1.25,-0.12,5,78.5,20.57,0.07,-0.0092,0.07,-0.002,0.004,-2.156,-1.094,-23.38,12.14,0.22,1,0.679,7.27,0.92,-0.4,1,5,0.074,0.0684,0.0666,0.0703
81.519,1,0.894,1.25,0.04,5,78.4,20.46,0.07,-0.0091,0.07,0.001,0.006,-2.151,-1.096,-23.43,12.12,-0.42,1,0.679,7.27,0.77,-4.055,1,5,0.0685,0.0703,0.0722,0.0703
81.553,1,0.899,1.25,0.09,5,78.5,20.46,0.07,-0.0119,0.068,0.001,0.007,-2.15,-1.096,-23.43,12.12,-0.42,1,0.679,7.27,0.77,-4.055,1,5,0.0648,0.0648,0.074,0.0703
81.585,1,0.9,1.75,-0.35,5,78.1,20.46,0.07,-0.0128,0.066,0.001,0.007,-2.148,-1.097,-23.43,12.12,-0.42,1,0.675,7.27,0.15,1.35,1,5,0.0629,0.0629,0.0703,0.0666
81.619,1,0.9,1.75,0.05,5,77.9,20.46,0.07,-0.0111,0.064,0.001,-0.007,-2.145,-1.098,-23.43,12.12,-0.42,1,0.675,7.27,0.15,1.35,1,5,0.061,0.0628,0.0684,0.0647
81.651,1,0.896,1.75,0.35,5,77.7,20.2,0.07,-0.0175,0.064,0.001,-0.005,-2.144,-1.099,-23.43,12.12,-0.42,1,0.676,7.27,1.12,3.51,1,5,0.0628,0.0647,0.0647,0.0628
81.686,1,0.895,1.75,0.35,5,77.0,20.2,0.07,-0.0225,0.067,0.001,0.003,-2.142,-1.1,-23.43,12.12,-0.1,1,0.67,7.27,0.7,5.763,1,5,0.0666,0.0666,0.0684,0.0647
81.719,1,0.897,1.75,0.27,5,77.0,20.46,0.07,-0.0223,0.068,-0.0,-0.003,-2.139,-1.101,-23.43,12.12,-0.1,1,0.67,7.27,0.7,5.763,1,5,0.0684,0.0666,0.0684,0.0684
81.75,1,0.897,1.75,0.26,5,77.2,20.46,0.07,-0.0207,0.069,0.0,-0.01,-2.138,-1.101,-23.43,12.12,-0.1,1,0.672,7.27,1.07,5.063,1,5,0.0703,0.0684,0.0703,0.0684
81.784,1,0.901,1.5,0.5,5,76.9,20.2,0.07,-0.0205,0.071,-0.002,-0.013,-2.135,-1.103,-23.49,12.12,-0.1,1,0.67,7.27,1.43,4.296,1,5,0.074,0.0666,0.0721,0.0721
81.817,1,0.907,1.75,0.28,5,77.0,20.46,0.07,-0.0216,0.072,-0.002,-0.02,-2.133,-1.104,-23.49,12.12,-0.1,1,0.67,7.27,1.43,4.291,1,5,0.0758,0.0665,0.0721,0.0721
81.849,1,0.907,1.75,0.3,5,77.1,20.46,0.07,-0.021,0.071,-0.003,-0.001,-2.131,-1.105,-23.49,12.12,-0.1,1,0.669,7.27,0.46,2.187,1,5,0.0758,0.0666,0.0703,0.0721
81.885,1,0.901,1.75,0.31,5,77.5,20.2,0.07,-0.0213,0.072,-0.0,-0.028,-2.128,-1.106,-23.55,12.12,2.68,1,0.669,7.27,0.46,2.19,1,5,0.0739,0.0721,0.0702,0.0702
81.919,1,0.897,1.75,0.41,5,77.6,20.2,0.07,-0.0214,0.071,0.002,-0.014,-2.126,-1.107,-23.61,12.12,2.68,1,0.671,5.82,0.05,1.961,1,5,0.0702,0.0721,0.0739,0.0684
81.955,1,0.899,1.75,0.41,5,77.6,20.04,0.07,-0.0229,0.071,0.004,-0.014,-2.125,-1.107,-23.61,12.12,2.68,1,0.672,3.39,-6.24,-1.751,1,5,0.0684,0.0703,0.0795,0.0666
81.987,1,0.906,1.75,0.02,5,77.4,20.44,0.07,-0.023,0.068,0.004,-0.026,-2.122,-1.108,-23.66,12.12,2.68,1,0.679,3.39,-7.56,-3.173,1,5,0.0684,0.0647,0.0795,0.061
82.018,1,0.911,1.75,0.02,5,77.4,20.44,0.07,-0.0161,0.069,0.003,-0.022,-2.119,-1.109,-23.72,12.12,2.68,1,0.679,3.39,-5.94,-4.056,1,5,0.0703,0.0647,0.0795,0.061
82.051,1,0.906,1.5,-0.36,5,77.3,20.2,0.07,-0.016,0.069,0.002,-0.02,-2.118,-1.11,-23.72,12.12,2.68,1,0.679,3.39,-5.94,-4.056,1,5,0.0702,0.0665,0.0758,0.0628
82.086,1,0.907,1.25,-0.14,5,77.3,20.46,0.07,-0.0063,0.072,0.001,-0.015,-2.115,-1.111,-23.78,12.12,2.29,1,0.682,3.39,-7.24,-5.457,1,5,0.0702,0.0684,0.0776,0.0702
82.119,1,0.913,1.25,0.07,5,77.3,20.56,0.07,-0.0076,0.075,0.0,-0.038,-2.113,-1.112,-23.84,12.12,2.29,1,0.681,2.91,-7.07,-5.939,1,5,0.0777,0.0721,0.0777,0.0721
82.15,1,0.919,1.25,0.31,5,77.7,20.46,0.07,-0.0116,0.076,-0.001,-0.023,-2.111,-1.113,-23.89,12.12,2.29,1,0.685,2.42,-6.5,-7.132,1,5,0.0833,0.0722,0.0777,0.0722
82.185,1,0.92,1.5,0.09,5,77.9,20.44,0.07,-0.016,0.075,-0.002,-0.013,-2.109,-1.114,-23.95,12.12,2.29,1,0.686,2.42,-6.45,-2.858,1,5,0.087,0.0722,0.074,0.0666
82.221,1,0.909,1.75,-0.39,5,78.3,20.46,0.07,-0.0153,0.073,0.001,0.01,-2.106,-1.115,-23.89,12.12,2.29,1,0.686,2.42,-6.45,-2.858,1,5,0.0814,0.0721,0.0758,0.0629
82.253,1,0.906,1.75,-0.01,5,78.5,20.57,0.07,-0.0098,0.073,0.004,0.015,-2.104,-1.115,-23.89,12.12,2.29,1,0.676,5.82,-7.41,-4.155,1,5,0.0755,0.0755,0.0773,0.0626
82.288,1,0.902,1.75,-0.12,5,79.0,20.57,0.07,-0.0162,0.077,0.006,-0.005,-2.101,-1.117,-23.89,12.12,-1.39,1,0.676,5.82,-7.41,-4.155,1,5,0.0713,0.0805,0.086,0.0695
82.319,1,0.897,1.75,0.05,5,79.1,20.57,0.07,-0.0142,0.075,0.005,-0.032,-2.099,-1.118,-24.01,12.12,-1.39,1,0.688,7.27,-1.01,1.028,1,5,0.0677,0.0769,0.0824,0.0732
82.352,1,0.899,2.25,-0.68,5,79.3,20.57,0.07,-0.0168,0.074,0.004,-0.022,-2.097,-1.118,-24.01,12.12,-1.39,1,0.688,7.27,-1.01,1.028,1,5,0.0693,0.073,0.0821,0.0712
82.386,1,0.9,2.0,-0.45,5,79.2,20.96,0.07,-0.0103,0.069,0.003,-0.04,-2.095,-1.119,-24.06,12.12,-1.39,1,0.674,9.21,-0.74,0.181,1,5,0.0661,0.0661,0.0771,0.0661
82.422,1,0.91,1.75,0.04,5,79.4,20.46,0.07,-0.0106,0.067,0.005,-0.016,-2.092,-1.12,-24.12,12.12,-1.39,1,0.676,12.12,5.21,1.952,1,5,0.0623,0.0678,0.077,0.0623
82.454,1,0.909,1.75,0.04,5,79.3,20.46,0.07,-0.016,0.067,0.004,0.008,-2.092,-1.12,-24.12,12.12,-1.39,1,0.676,12.12,5.21,1.952,1,5,0.0627,0.0664,0.0757,0.0646
82.486,1,0.904,1.75,0.01,5,79.4,20.46,0.07,-0.0161,0.069,0.001,0.005,-2.09,-1.121,-24.12,12.14,-1.52,1,0.676,12.12,5.21,1.952,1,5,0.0662,0.068,0.0734,0.0698
82.52,1,0.899,1.75,-0.27,5,79.6,20.46,0.07,-0.0157,0.072,-0.003,-0.039,-2.086,-1.123,-24.18,12.14,-1.52,1,0.69,12.12,7.66,1.851,1,5,0.0752,0.0699,0.0681,0.0752
82.55,1,0.901,1.75,-0.3,5,79.6,20.46,0.07,-0.0109,0.074,-0.004,-0.02,-2.085,-1.124,-24.18,12.14,-1.52,1,0.69,12.12,7.66,1.851,1,5,0.0825,0.0717,0.0681,0.0735
82.587,1,0.902,1.75,-0.55,5,79.6,20.46,0.07,-0.0105,0.075,-0.004,0.006,-2.082,-1.125,-24.18,12.14,-1.52,1,0.687,11.63,6.22,2.346,1,5,0.0853,0.0704,0.0704,0.0723
82.618,1,0.9,1.75,-0.69,5,79.6,20.56,0.07,-0.006,0.076,0.001,-0.01,-2.079,-1.126,-24.18,12.14,-1.52,1,0.681,11.15,6.65,2.665,1,5,0.0833,0.0759,0.0796,0.0666
82.651,1,0.895,1.75,-0.69,5,79.5,20.56,0.07,-0.0037,0.079,0.005,-0.007,-2.077,-1.127,-24.18,12.14,-1.52,1,0.681,11.15,6.65,2.665,1,5,0.0796,0.0815,0.087,0.0685
82.684,1,0.896,1.75,-0.6,5,79.5,20.56,0.07,-0.0036,0.081,0.007,-0.026,-2.076,-1.127,-24.24,12.14,-0.12,1,0.681,11.63,6.22,2.382,1,5,0.0759,0.0852,0.0907,0.0722
82.716,1,0.896,1.75,-0.68,5,79.2,20.57,0.07,-0.0053,0.079,0.006,0.013,-2.073,-1.128,-24.24,12.14,-0.12,1,0.682,11.15,6.79,1.172,1,5,0.0685,0.0833,0.0852,0.0778
82.748,1,0.9,2.0,-0.59,5,79.1,20.57,0.07,-0.0038,0.074,0.003,0.03,-2.07,-1.129,-24.24,12.14,-0.12,1,0.678,11.63,5.79,0.776,1,5,0.0648,0.0777,0.0777,0.0777
82.785,1,0.901,2.0,-0.49,5,78.7,20.57,0.07,-0.0085,0.07,0.002,0.008,-2.068,-1.13,-24.24,12.14,-0.12,1,0.674,9.21,6.01,2.197,1,5,0.0648,0.0722,0.0722,0.0704
82.819,1,0.894,2.25,-0.47,5,78.6,20.46,0.07,-0.01,0.07,0.003,0.007,-2.065,-1.132,-24.24,12.14,-0.12,1,0.674,9.21,6.01,2.197,1,5,0.0666,0.074,0.0722,0.0685
82.849,1,0.891,2.25,-0.82,5,78.6,20.46,0.07,-0.0134,0.07,0.001,-0.023,-2.064,-1.132,-24.24,12.14,-0.12,1,0.679,6.3,-4.52,-2.306,1,5,0.0685,0.0722,0.0703,0.0685
82.885,1,0.893,2.0,-0.63,5,78.7,20.57,0.07,-0.0067,0.07,-0.001,-0.027,-2.063,-1.133,-24.29,12.14,2.48,1,0.684,6.3,-4.52,-2.307,1,5,0.0722,0.0703,0.0685,0.0703
82.918,1,0.893,2.0,-0.63,5,78.6,20.57,0.07,-0.0067,0.073,-0.005,-0.015,-2.059,-1.135,-24.41,12.14,2.48,1,0.684,5.82,-3.74,-2.61,1,5,0.0851,0.0685,0.0685,0.0703
82.95,1,0.894,2.25,-1.07,5,78.4,21.02,0.07,-0.0068,0.074,-0.004,0.077,-2.057,-1.136,-24.35,12.14,2.48,1,0.686,5.33,-3.53,-1.419,1,5,0.0888,0.0685,0.0722,0.0685
82.985,1,0.89,2.5,-0.51,5,78.3,20.57,0.07,-0.0024,0.076,0.0,0.023,-2.054,-1.137,-24.29,12.14,2.48,1,0.681,6.3,-4.38,0.316,1,5,0.0813,0.0702,0.0832,0.0702
83.018,1,0.881,2.75,-0.97,5,78.3,21.1,0.07,-0.0147,0.078,0.006,-0.053,-2.051,-1.138,-24.29,12.14,2.48,1,0.681,6.3,-4.38,0.316,1,5,0.0776,0.0721,0.0868,0.0684
83.052,1,0.882,2.5,-0.75,5,78.3,20.96,0.07,-0.0092,0.077,0.006,0.013,-2.05,-1.138,-24.35,12.14,2.48,1,0.681,6.3,-4.38,0.316,1,5,0.0702,0.0813,0.0849,0.072
83.088,1,0.884,2.5,-0.53,5,78.4,20.57,0.07,-0.0097,0.073,0.004,-0.046,-2.048,-1.139,-24.35,12.13,1.31,1,0.685,6.3,-2.7,-0.588,1,5,0.0683,0.0776,0.0776,0.0702
83.12,1,0.885,2.25,-0.29,5,78.4,20.46,0.07,-0.0135,0.068,0.002,-0.057,-2.045,-1.14,-24.47,12.13,1.31,1,0.688,6.3,-2.33,-1.381,1,5,0.0665,0.0721,0.0739,0.0721
83.15,1,0.892,2.25,-0.87,5,78.3,20.46,0.07,-0.0145,0.066,0.003,-0.029,-2.044,-1.141,-24.52,12.13,1.31,1,0.688,6.3,-2.33,-1.381,1,5,0.061,0.061,0.0758,0.0647
83.185,1,0.892,2.0,-0.62,5,78.5,20.57,0.07,-0.0046,0.065,0.003,-0.023,-2.041,-1.142,-24.58,12.13,1.31,1,0.687,5.82,-3.67,-2.635,1,5,0.0647,0.061,0.0758,0.0592
83.219,1,0.887,2.0,-0.62,5,78.7,20.57,0.07,-0.0061,0.067,0.001,-0.037,-2.039,-1.143,-24.64,12.13,1.31,1,0.688,5.33,-3.16,-2.207,1,5,0.0665,0.0628,0.0739,0.0591
83.248,1,0.882,1.75,-0.86,5,78.5,20.46,0.07,-0.0063,0.068,-0.0,-0.063,-2.038,-1.144,-24.69,12.13,1.31,1,0.69,5.33,-4.48,-3.512,1,5,0.0758,0.0647,0.0702,0.061
83.285,1,0.878,1.5,-1.04,5,78.7,20.81,0.07,0.0006,0.069,-0.003,-0.025,-2.035,-1.145,-24.81,12.13,0.41,1,0.692,5.33,-5.2,-4.814,1,5,0.0814,0.0647,0.0684,0.0629
83.32,1,0.89,1.5,-1.15,5,78.6,20.56,0.07,0.0062,0.071,-0.002,-0.005,-2.033,-1.146,-24.87,12.13,0.41,1,0.692,5.33,-5.2,-4.814,1,5,0.0832,0.0647,0.0703,0.0629
83.348,1,0.89,1.25,-0.92,5,78.6,20.46,0.07,0.0079,0.072,-0.0,0.007,-2.031,-1.147,-24.87,12.13,0.41,1,0.694,4.36,-4.52,-0.476,1,5,0.0759,0.0666,0.0777,0.0685
83.384,1,0.887,1.5,-1.15,5,78.5,20.56,0.07,0.0064,0.074,0.003,-0.022,-2.028,-1.148,-24.81,12.13,0.41,1,0.694,4.36,-4.52,-0.476,1,5,0.0685,0.0703,0.0851,0.074
83.418,1,0.885,1.5,-1.24,5,78.5,20.57,0.07,0.007,0.072,0.006,0.029,-2.026,-1.149,-24.81,12.13,0.41,1,0.694,4.36,-4.52,-0.473,1,5,0.0666,0.0758,0.0795,0.0666
83.451,1,0.888,1.5,-0.69,5,78.5,20.56,0.07,0.0084,0.071,0.006,0.0,-2.024,-1.149,-24.81,12.13,0.41,1,0.694,4.85,-4.69,-0.18,1,5,0.0666,0.0777,0.0777,0.0629
83.484,1,0.888,1.75,-1.13,5,78.5,20.56,0.07,-0.0013,0.068,0.004,-0.022,-2.022,-1.15,-24.81,12.13,-1.45,1,0.694,4.85,-4.69,-0.18,1,5,0.0666,0.0759,0.0685,0.0629
83.519,1,0.885,1.5,-1.01,5,78.5,20.96,0.07,0.0034,0.069,0.003,-0.04,-2.021,-1.151,-24.81,12.13,-1.45,1,0.694,4.85,-5.04,-5.142,1,5,0.0648,0.074,0.0703,0.0666
83.549,1,0.885,1.5,-1.0,5,78.5,20.96,0.07,0.0045,0.066,0.001,-0.047,-2.018,-1.152,-24.92,12.13,-1.45,1,0.694,4.85,-5.04,-5.142,1,5,0.0629,0.0648,0.0703,0.0666
83.585,1,0.884,1.5,-1.67,5,78.6,20.57,0.07,0.0043,0.066,0.002,-0.029,-2.016,-1.153,-24.98,12.13,-1.45,1,0.694,4.85,-5.04,-5.142,1,5,0.0648,0.0629,0.0722,0.0629
83.62,1,0.884,1.5,-1.88,5,78.7,20.57,0.07,0.0159,0.066,0.001,-0.041,-2.013,-1.154,-25.04,12.13,-1.45,1,0.679,9.69,0.03,-1.45,1,5,0.0685,0.0666,0.0685,0.0611
83.649,1,0.886,1.25,-1.48,5,78.5,20.57,0.07,0.0194,0.068,-0.001,-0.022,-2.012,-1.155,-25.1,12.13,-1.45,1,0.679,9.69,0.03,-1.45,1,5,0.074,0.0684,0.0647,0.0647
83.683,1,0.884,1.0,-1.8,5,78.6,20.96,0.07,0.0155,0.07,-0.002,0.019,-2.01,-1.156,-25.1,12.13,-3.56,1,0.679,9.69,0.03,-1.45,1,5,0.077,0.0715,0.0642,0.0678
83.717,1,0.884,1.25,-1.96,5,78.5,20.57,0.07,0.0237,0.072,-0.0,0.046,-2.007,-1.157,-24.98,12.13,-3.56,1,0.676,13.09,8.8,3.801,1,5,0.0752,0.0733,0.0642,0.0733
83.752,1,0.888,1.25,-1.32,5,77.9,20.57,0.07,0.0232,0.073,0.002,0.04,-2.005,-1.158,-24.98,12.13,-3.56,1,0.676,13.09,8.8,3.801,1,5,0.0674,0.0729,0.0765,0.0747
83.783,1,0.874,1.5,-1.97,5,77.6,20.96,0.07,0.012,0.072,0.004,0.029,-2.003,-1.159,-24.87,12.13,-3.56,1,0.676,13.09,8.8,3.801,1,5,0.0606,0.0735,0.0771,0.0753
83.819,1,0.878,1.5,-1.87,5,77.5,20.96,0.07,0.0202,0.069,0.005,0.034,-2.0,-1.16,-24.81,12.13,-3.56,1,0.682,13.09,8.51,2.96,1,5,0.0601,0.0765,0.0747,0.0692
83.851,1,0.875,1.75,-1.53,5,77.5,20.57,0.07,0.0187,0.067,0.006,0.007,-1.999,-1.16,-24.81,12.13,-3.56,1,0.682,13.09,8.51,2.96,1,5,0.0606,0.0771,0.0679,0.0624
83.884,1,0.878,1.75,-1.62,5,77.5,20.57,0.07,0.0098,0.067,0.004,-0.011,-1.998,-1.161,-24.81,12.13,-3.56,1,0.682,13.09,8.51,2.96,1,5,0.0624,0.0734,0.0679,0.0624
83.918,1,0.876,1.75,-1.52,5,77.5,20.57,0.07,0.0118,0.064,0.002,-0.054,-1.994,-1.162,-24.92,12.13,-2.02,1,0.682,13.09,8.51,2.96,1,5,0.0611,0.0629,0.0703,0.0629
83.95,1,0.87,1.75,-1.71,5,77.5,20.57,0.07,0.0102,0.064,0.002,-0.054,-1.994,-1.162,-24.92,12.13,-2.02,1,0.682,13.09,8.51,2.96,1,5,0.0611,0.0629,0.0703,0.0629
83.983,1,0.876,1.75,-1.51,5,77.5,20.57,0.07,0.0138,0.063,0.004,-0.015,-1.992,-1.163,-24.98,12.13,-2.02,1,0.682,13.09,8.51,2.96,1,5,0.06,0.0637,0.0691,0.0582
84.016,1,0.881,1.75,-1.19,5,77.6,20.46,0.07,0.0104,0.061,0.002,-0.016,-1.991,-1.164,-24.98,12.13,-2.02,1,0.682,9.21,1.26,-3.014,1,5,0.06,0.0618,0.0654,0.0582
84.048,1,0.887,1.75,-1.26,5,77.6,20.46,0.07,0.0049,0.062,0.001,-0.012,-1.988,-1.165,-25.04,12.13,-2.02,1,0.685,9.21,3.19,1.216,1,5,0.0636,0.0654,0.06,0.0582
84.083,1,0.89,1.75,-1.25,5,78.0,20.46,0.07,0.0062,0.066,-0.003,-0.002,-1.986,-1.166,-25.04,12.13,-2.02,1,0.683,9.21,2.14,0.732,1,5,0.0721,0.0684,0.0573,0.0647
84.117,1,0.889,1.75,-1.62,5,78.1,20.46,0.07,0.0061,0.068,-0.003,0.008,-1.985,-1.167,-25.04,12.15,0.33,1,0.683,9.21,1.19,-1.406,1,5,0.0739,0.0684,0.061,0.0684
84.149,1,0.884,1.75,-1.1,5,78.2,20.46,0.07,0.0125,0.073,-0.001,0.004,-1.982,-1.168,-24.98,12.15,0.33,1,0.686,9.21,3.6,0.293,1,5,0.074,0.0721,0.0703,0.074
84.185,1,0.888,1.75,-1.2,5,78.2,21.02,0.07,0.0034,0.074,0.002,0.004,-1.979,-1.169,-24.98,12.15,0.33,1,0.686,9.21,3.6,0.293,1,5,0.0684,0.074,0.0795,0.0758
84.219,1,0.891,1.75,-1.08,5,78.4,20.46,0.07,0.0052,0.075,0.005,0.009,-1.978,-1.169,-24.98,12.15,0.33,1,0.69,9.69,2.56,-0.177,1,5,0.0666,0.0796,0.0814,0.074
84.252,1,0.894,2.0,-1.4,5,78.3,20.57,0.07,0.0031,0.073,0.006,0.007,-1.975,-1.171,-24.92,12.15,0.33,1,0.69,9.69,2.56,-0.177,1,5,0.0665,0.0794,0.0794,0.0683
84.284,1,0.9,2.25,-1.51,5,78.2,20.57,0.07,0.0056,0.069,0.006,0.034,-1.973,-1.171,-24.87,12.15,0.33,1,0.682,5.33,-1.12,-1.383,1,5,0.0646,0.0794,0.072,0.0609
84.319,1,0.89,2.25,-1.24,5,78.1,20.57,0.07,0.0048,0.067,0.006,-0.003,-1.97,-1.172,-24.87,12.15,0.87,1,0.689,4.36,-7.24,-1.522,1,5,0.0628,0.0776,0.0683,0.0609
84.35,1,0.883,2.25,-1.26,5,78.1,20.57,0.07,0.0005,0.067,0.005,-0.021,-1.969,-1.173,-24.87,12.15,0.87,1,0.689,4.36,-7.24,-1.522,1,5,0.061,0.0758,0.0665,0.0628
84.384,1,0.881,2.25,-1.46,5,78.0,20.57,0.07,0.0011,0.067,0.003,-0.01,-1.966,-1.174,-24.92,12.15,0.87,1,0.694,4.36,-7.17,-3.322,1,5,0.0629,0.0721,0.0684,0.0666
84.416,1,0.886,2.5,-1.8,5,78.5,20.96,0.07,0.0048,0.067,0.003,-0.011,-1.965,-1.174,-24.98,12.15,0.87,1,0.693,4.36,-8.49,-4.725,1,5,0.0629,0.0722,0.0685,0.0648
84.448,1,0.9,2.25,-1.31,5,78.4,20.46,0.07,0.0078,0.068,0.002,0.001,-1.962,-1.176,-24.98,12.15,0.87,1,0.697,4.36,-7.54,-2.572,1,5,0.0666,0.0703,0.0703,0.0648
84.481,1,0.903,2.25,-1.11,5,78.4,20.46,0.07,0.0027,0.071,0.001,-0.015,-1.96,-1.177,-24.98,12.15,0.87,1,0.691,4.36,-8.84,-4.051,1,5,0.0719,0.07,0.0737,0.0682
84.52,1,0.892,2.5,-1.45,5,78.8,20.96,0.07,-0.0007,0.075,-0.002,0.051,-1.957,-1.178,-24.98,12.15,-0.68,1,0.691,4.36,-8.84,-4.051,1,5,0.0755,0.0682,0.0774,0.0718
84.551,1,0.876,2.75,-1.12,5,78.5,20.46,0.07,0.002,0.077,-0.002,0.033,-1.956,-1.179,-24.92,12.15,-0.68,1,0.691,4.36,-8.84,-4.051,1,5,0.0811,0.07,0.0792,0.0774
84.584,1,0.874,2.75,-1.04,5,78.7,20.46,0.07,-0.0066,0.077,0.001,0.023,-1.953,-1.18,-24.92,12.15,-0.68,1,0.691,4.36,-8.84,-4.051,1,5,0.0777,0.0777,0.0795,0.074
84.617,1,0.881,2.99,-1.26,5,78.9,20.57,0.07,-0.0075,0.076,0.003,0.004,-1.951,-1.181,-24.87,12.15,-0.68,1,0.691,4.36,-8.84,-4.051,1,5,0.074,0.0815,0.0778,0.0722
84.652,1,0.882,2.99,-1.31,5,78.1,21.1,0.07,-0.0062,0.073,0.008,0.025,-1.949,-1.181,-24.87,12.15,-0.68,1,0.691,4.36,-8.84,-4.051,1,5,0.0667,0.0871,0.0741,0.063
84.687,1,0.873,3.24,-1.91,5,78.2,21.1,0.07,-0.0051,0.07,0.005,-0.012,-1.946,-1.183,-24.87,12.15,-0.68,1,0.691,4.36,-8.84,-4.051,1,5,0.0649,0.0797,0.0704,0.0649
84.718,1,0.878,3.24,-1.93,5,78.2,20.56,0.07,0.0028,0.067,0.004,-0.031,-1.944,-1.183,-24.92,12.15,-2.89,1,0.679,11.15,2.34,2.599,1,5,0.0649,0.076,0.0704,0.0649
84.75,1,0.877,2.99,-0.99,5,78.0,20.56,0.07,0.0034,0.066,0.003,-0.08,-1.942,-1.184,-24.98,12.15,-2.89,1,0.679,11.15,2.34,2.599,1,5,0.063,0.0704,0.0685,0.063
84.784,1,0.872,2.75,-1.32,5,78.0,20.44,0.07,-0.0094,0.064,0.004,-0.04,-1.94,-1.185,-25.1,12.15,-2.89,1,0.679,11.15,2.34,2.599,1,5,0.0611,0.0685,0.0685,0.0593
84.815,1,0.859,2.99,-1.57,5,78.1,20.57,0.07,-0.0008,0.064,0.004,0.004,-1.939,-1.185,-25.1,12.15,-2.89,1,0.682,14.06,6.3,5.219,1,5,0.0611,0.0648,0.0704,0.0593
84.885,1,0.873,2.75,-1.69,5,77.9,20.57,0.07,0.0004,0.073,0.002,-0.011,-1.933,-1.188,-25.1,12.15,-2.89,1,0.682,14.06,6.3,5.219,1,5,0.0703,0.0666,0.0833,0.0703
84.916,1,0.869,2.5,-1.55,5,77.8,20.96,0.07,0.0054,0.074,0.003,-0.034,-1.932,-1.188,-25.15,12.15,-2.71,1,0.682,14.06,5.81,0.0,0,5,0.0722,0.0703,0.0833,0.0703
84.953,1,0.87,2.5,-1.88,5,77.9,20.96,0.07,0.0057,0.075,0.001,-0.028,-1.929,-1.19,-25.21,12.15,-2.71,1,0.682,14.06,5.81,0.0,0,5,0.0759,0.0704,0.0815,0.0704
84.983,1,0.883,2.25,-1.52,5,77.8,20.57,0.07,0.0112,0.076,0.001,-0.009,-1.926,-1.191,-25.21,12.15,-2.71,1,0.682,14.06,5.81,0.0,0,5,0.0778,0.0741,0.0797,0.0723
85.015,1,0.885,2.25,-1.41,5,78.1,20.46,0.0841,0.0076,0.076,0.0,0.001,-1.925,-1.192,-25.21,12.15,-2.71,1,0.682,14.06,5.81,0.0,0,5,0.0778,0.0759,0.0778,0.074
85.05,1,0.881,2.25,-1.42,5,78.0,20.46,0.091,0.0055,0.075,0.001,0.005,-1.922,-1.193,-25.21,12.15,-2.71,1,0.682,14.06,5.81,0.0,0,5,0.074,0.0777,0.0758,0.074
85.084,1,0.874,2.75,-2.05,5,77.3,20.46,0.105,0.0051,0.074,0.004,0.042,-1.92,-1.194,-25.1,12.15,-2.71,1,0.682,14.06,5.81,0.0,0,5,0.0702,0.0813,0.0739,0.0702
85.117,1,0.884,2.75,-1.73,5,77.1,20.57,0.1191,0.0132,0.074,0.004,0.038,-1.918,-1.194,-25.04,12.16,-0.8,1,0.691,10.18,0.56,1.124,1,5,0.0702,0.0832,0.0721,0.0702
85.15,1,0.876,2.75,-1.43,5,77.2,21.62,0.126,0.0091,0.079,0.003,-0.019,-1.915,-1.196,-25.04,12.16,-0.8,1,0.691,10.18,0.56,1.124,1,5,0.0721,0.0887,0.0758,0.0813
85.184,1,0.868,2.75,-1.18,5,77.3,22.15,0.14,0.0061,0.09,0.001,0.044,-1.911,-1.198,-24.98,12.16,-0.8,1,0.703,10.18,1.94,1.072,1,5,0.0831,0.096,0.0868,0.096
85.218,1,0.87,2.75,-1.19,5,77.2,22.15,0.1541,0.003,0.098,0.002,0.009,-1.909,-1.198,-24.98,12.16,-0.8,1,0.703,10.18,1.94,1.072,1,5,0.0886,0.1016,0.0979,0.1034
85.249,1,0.878,2.5,-1.4,5,77.3,21.1,0.161,0.0042,0.115,0.001,-0.032,-1.904,-1.201,-24.98,12.16,-0.8,1,0.698,10.66,1.93,-2.026,1,5,0.1146,0.1183,0.1146,0.1146
85.285,1,0.881,2.25,-0.85,5,77.8,20.46,0.1693,0.014,0.134,0.001,-0.001,-1.899,-1.203,-25.04,12.16,-0.8,1,0.698,10.66,1.93,-2.026,1,5,0.1339,0.1357,0.1357,0.1321
85.314,1,0.886,2.25,-1.11,5,78.0,20.46,0.1761,0.0034,0.144,0.0,0.011,-1.896,-1.205,-24.98,12.16,0.61,1,0.686,4.85,-3.91,-0.539,1,5,0.145,0.145,0.1432,0.1432
85.35,1,0.894,2.25,-1.52,5,77.9,21.1,0.183,0.0111,0.159,0.001,-0.034,-1.89,-1.207,-25.04,12.16,0.61,1,0.69,5.33,-6.72,-0.37,1,5,0.1583,0.1601,0.1601,0.1583
85.386,1,0.89,1.75,-1.72,5,77.9,21.1,0.188,0.0226,0.171,-0.002,0.064,-1.883,-1.211,-25.04,12.16,0.61,1,0.69,5.33,-6.72,-0.37,1,5,0.1706,0.1688,0.1688,0.1761
85.415,1,0.897,2.0,-1.15,5,78.3,20.96,0.1819,0.0327,0.177,-0.003,0.051,-1.88,-1.212,-24.92,12.16,0.61,1,0.688,5.33,-5.32,-0.749,1,5,0.1777,0.1722,0.1759,0.1832
85.449,1,0.917,1.75,-1.07,5,77.1,20.46,0.1816,0.0137,0.187,-0.002,0.044,-1.873,-1.216,-24.98,12.16,0.61,1,0.688,5.33,-5.32,-0.749,1,5,0.1864,0.1846,0.1864,0.1919
85.483,1,0.913,1.75,-0.95,5,77.5,20.46,0.1698,0.013,0.193,0.001,-0.006,-1.867,-1.218,-24.92,12.16,0.61,1,0.689,5.33,-4.45,-2.319,1,5,0.1903,0.1975,0.1903,0.1921
85.516,1,0.928,1.75,-1.33,5,78.0,20.46,0.162,0.0085,0.194,0.001,-0.059,-1.863,-1.22,-24.98,12.16,0.21,1,0.689,5.33,-4.45,-2.319,1,5,0.1884,0.201,0.1884,0.1974
85.55,1,0.92,1.5,-1.15,5,78.4,20.56,0.162,0.0178,0.193,-0.004,0.055,-1.856,-1.223,-24.98,12.16,0.21,1,0.689,5.33,-4.45,-2.319,1,5,0.1923,0.1905,0.1887,0.2013
85.582,1,0.933,1.0,-1.1,5,79.3,20.57,0.162,0.0163,0.195,-0.005,0.013,-1.849,-1.227,-24.98,12.16,0.21,1,0.689,5.33,-4.45,-2.319,1,5,0.1947,0.1892,0.191,0.2039
85.651,1,0.927,0.75,-1.57,5,79.8,20.81,0.15,0.0184,0.19,-0.0,-0.031,-1.839,-1.232,-25.04,12.16,0.21,1,0.693,3.88,-3.96,-5.559,1,5,0.1911,0.1893,0.1893,0.1893
85.684,1,0.924,0.75,-1.27,5,79.7,20.57,0.1261,0.0267,0.182,-0.003,0.058,-1.833,-1.235,-24.98,12.16,0.21,1,0.693,3.88,-3.96,-5.559,1,5,0.185,0.1776,0.1813,0.185
85.715,1,0.916,1.25,-1.46,5,80.4,20.81,0.1019,0.0167,0.179,-0.004,0.002,-1.829,-1.236,-24.98,12.16,-1.48,1,0.682,4.36,-3.71,-4.548,1,5,0.1812,0.172,0.1775,0.1849
85.75,1,0.918,1.0,-1.11,5,80.3,21.02,0.0901,0.0135,0.176,0.0,0.007,-1.823,-1.239,-24.98,12.16,-1.48,1,0.686,4.36,-4.1,-6.351,1,5,0.1737,0.1737,0.1792,0.1792
85.784,1,0.9,0.5,-0.85,5,81.9,20.96,0.07,0.0109,0.169,0.007,-0.138,-1.817,-1.241,-25.1,12.16,-1.48,1,0.686,4.36,-4.1,-6.351,1,5,0.1626,0.1737,0.1792,0.1608
85.814,1,0.901,0.5,-1.65,5,82.3,20.96,0.07,0.012,0.161,0.008,-0.076,-1.814,-1.242,-25.21,12.16,-1.48,1,0.686,4.36,-4.1,-6.351,1,5,0.1535,0.1646,0.1738,0.1516
85.849,1,0.892,0.5,-1.53,5,83.5,21.02,0.07,0.0256,0.15,0.006,-0.023,-1.809,-1.245,-25.27,12.16,-1.48,1,0.686,4.36,-4.1,-6.351,1,5,0.1424,0.1405,0.172,0.1442
85.884,1,0.889,0.0,-1.37,5,83.5,21.02,0.07,0.0231,0.142,0.003,-0.076,-1.804,-1.247,-25.38,12.16,-1.48,1,0.686,4.36,-4.1,-6.351,1,5,0.1385,0.1256,0.1644,0.1403
85.913,1,0.889,0.0,-1.66,5,83.7,21.02,0.07,0.0258,0.141,0.002,-0.034,-1.802,-1.248,-25.44,12.16,-3.98,1,0.671,11.15,7.67,1.205,1,5,0.1402,0.1254,0.1605,0.1365
85.951,1,0.893,-0.5,-1.3,5,82.5,20.96,0.07,0.0305,0.133,0.004,-0.022,-1.797,-1.25,-25.5,12.16,-3.98,1,0.671,11.15,7.67,1.205,1,5,0.1402,0.1291,0.1439,0.118
85.983,1,0.887,-1.0,-1.44,5,82.3,20.96,0.07,0.0299,0.121,0.005,-0.127,-1.793,-1.252,-25.73,12.16,-3.98,1,0.684,11.15,8.43,0.688,1,5,0.1312,0.1257,0.1257,0.1016
86.019,1,0.89,-1.0,-1.9,5,82.5,21.02,0.07,0.0373,0.11,0.005,-0.033,-1.789,-1.254,-25.78,12.16,-3.98,1,0.684,11.15,8.43,0.688,1,5,0.1183,0.1109,0.1183,0.0924
86.05,1,0.889,-1.25,-1.8,5,82.5,20.46,0.07,0.0446,0.106,0.004,-0.052,-1.787,-1.255,-25.84,12.16,-3.98,1,0.689,11.63,7.61,-0.434,1,5,0.1109,0.1035,0.1165,0.0943
86.083,1,0.886,-1.5,-2.03,5,82.6,21.02,0.07,0.0452,0.1,0.004,-0.032,-1.784,-1.256,-25.95,12.16,-3.98,1,0.686,11.15,12.17,0.512,1,5,0.0997,0.0886,0.12,0.0923
86.114,1,0.885,-2.0,-1.96,5,82.6,20.96,0.07,0.0512,0.097,0.003,-0.047,-1.782,-1.257,-26.01,12.18,-4.2,1,0.688,11.15,9.72,0.317,1,5,0.096,0.0831,0.1163,0.0923
86.148,1,0.886,-2.0,-1.85,5,82.7,20.96,0.07,0.0557,0.09,0.003,-0.022,-1.779,-1.258,-26.01,12.18,-4.2,1,0.688,11.15,9.72,0.317,1,5,0.0905,0.0813,0.1053,0.0832
86.184,1,0.89,-2.0,-2.14,5,83.1,21.02,0.07,0.0526,0.085,0.001,-0.015,-1.776,-1.26,-26.07,12.18,-4.2,1,0.688,11.15,9.72,0.317,1,5,0.0869,0.0832,0.0887,0.0814
86.212,1,0.887,-2.0,-2.27,5,83.2,20.96,0.07,0.0568,0.082,0.002,0.017,-1.775,-1.26,-26.07,12.18,-4.2,1,0.692,10.18,9.19,-2.153,1,5,0.0832,0.0851,0.0832,0.0777
86.282,1,0.878,-2.0,-2.26,5,83.4,20.96,0.07,0.0583,0.062,-0.001,0.045,-1.77,-1.263,-25.95,12.18,-4.2,1,0.694,10.18,9.18,-2.142,1,5,0.0628,0.0702,0.0517,0.0628
86.313,1,0.885,-2.0,-2.13,5,83.1,21.02,0.07,0.0579,0.058,-0.001,0.052,-1.769,-1.263,-25.9,12.18,-3.03,1,0.694,10.18,9.18,-2.142,1,5,0.0554,0.0664,0.048,0.0627
86.346,1,0.888,-1.75,-2.07,5,83.2,20.81,0.07,0.0556,0.05,-0.001,0.064,-1.768,-1.264,-25.73,12.18,-3.03,1,0.697,11.15,9.35,-2.459,1,5,0.0407,0.0591,0.0388,0.0628
86.385,1,0.888,-1.5,-2.01,5,83.0,21.02,0.07,0.0514,0.044,-0.002,0.042,-1.766,-1.265,-25.55,12.18,-3.03,1,0.692,11.63,9.95,-2.443,1,5,0.0277,0.0499,0.0333,0.0647
86.413,1,0.89,-1.25,-1.55,5,82.9,21.02,0.07,0.0475,0.04,-0.002,0.084,-1.766,-1.265,-25.44,12.18,-3.03,1,0.695,12.12,10.52,-2.429,1,5,0.024,0.0462,0.0296,0.061
86.45,1,0.885,-0.75,-1.43,5,82.4,21.02,0.07,0.0367,0.036,0.0,0.098,-1.765,-1.265,-25.21,12.18,-3.03,1,0.695,12.12,10.52,-2.429,1,5,0.0185,0.048,0.024,0.0517
86.483,1,0.883,-0.25,-1.1,5,82.2,21.02,0.07,0.0288,0.032,0.0,0.049,-1.763,-1.266,-25.1,12.18,-3.03,1,0.692,10.66,7.04,-3.13,1,5,0.0182,0.0472,0.0182,0.0454
86.517,1,0.881,0.0,-1.3,5,81.8,20.96,0.07,0.0183,0.033,-0.004,0.094,-1.762,-1.267,-24.92,12.21,-1.25,1,0.692,10.66,7.04,-3.13,1,5,0.02,0.0473,0.0146,0.0455
86.55,1,0.874,0.25,-0.85,5,81.8,20.46,0.07,0.0193,0.034,-0.005,0.108,-1.762,-1.267,-24.75,12.21,-1.25,1,0.692,10.66,7.04,-3.13,1,5,0.0273,0.0474,0.0091,0.051
86.585,1,0.865,0.5,-0.65,5,81.8,20.96,0.07,0.0095,0.04,-0.007,0.092,-1.76,-1.268,-24.58,12.21,-1.25,1,0.692,10.66,7.04,-3.13,1,5,0.0315,0.0482,0.0185,0.063
86.617,1,0.856,0.5,-0.45,5,81.7,21.02,0.07,0.0043,0.043,-0.006,0.059,-1.759,-1.269,-24.47,12.21,-1.25,1,0.68,7.27,0.73,-4.142,1,5,0.0352,0.05,0.0241,0.0629
86.65,1,0.854,0.5,-0.3,5,81.8,20.96,0.07,0.0012,0.048,-0.004,0.022,-1.757,-1.27,-24.41,12.21,-1.25,1,0.68,7.27,0.73,-4.142,1,5,0.0406,0.0517,0.0369,0.0646
86.683,1,0.852,0.5,-0.29,5,81.8,20.96,0.07,-0.0007,0.05,-0.002,0.021,-1.756,-1.271,-24.35,12.21,-1.25,1,0.68,7.27,0.73,-4.142,1,5,0.048,0.0554,0.0406,0.0554
86.712,1,0.856,0.5,-0.06,5,81.9,20.96,0.07,-0.0002,0.052,-0.001,0.003,-1.755,-1.271,-24.35,12.21,-0.26,1,0.683,8.24,1.91,-4.122,1,5,0.0497,0.057,0.0442,0.0552
86.782,1,0.87,0.5,-0.26,5,82.0,21.02,0.07,-0.0039,0.052,0.001,0.02,-1.751,-1.273,-24.29,12.21,-0.26,1,0.677,8.24,2.27,-4.786,1,5,0.0497,0.0571,0.0497,0.0516
86.817,1,0.887,0.5,-0.01,5,81.9,20.96,0.07,-0.0003,0.051,-0.0,0.018,-1.75,-1.273,-24.29,12.21,-0.26,1,0.677,8.24,2.27,-4.786,1,5,0.0499,0.0536,0.0481,0.0518
86.912,1,0.861,0.5,-0.5,5,81.4,20.96,0.07,-0.0045,0.051,-0.003,-0.015,-1.745,-1.276,-24.29,12.21,-1.27,1,0.675,8.24,2.25,-4.777,1,5,0.05,0.05,0.0463,0.0593
87.013,1,0.863,1.0,-0.29,5,81.0,20.96,0.07,0.0042,0.051,-0.002,0.024,-1.741,-1.278,-24.18,12.21,-1.27,1,0.679,8.24,2.0,-5.576,1,5,0.049,0.0526,0.0453,0.0562
87.048,1,0.866,1.25,-0.31,5,81.0,20.46,0.07,-0.0057,0.053,0.0,0.03,-1.739,-1.279,-24.12,12.21,-1.27,1,0.679,8.24,2.0,-5.576,1,5,0.0471,0.0562,0.0508,0.0598
87.113,1,0.871,1.5,0.01,5,81.1,20.96,0.07,-0.0071,0.057,0.003,0.025,-1.735,-1.28,-24.01,12.23,-3.07,1,0.656,14.06,13.26,-4.231,1,5,0.0481,0.0629,0.0573,0.061
87.151,1,0.861,1.5,0.17,5,81.2,20.96,0.07,-0.0155,0.059,0.0,0.031,-1.733,-1.281,-23.95,12.23,-3.07,1,0.656,14.06,13.26,-4.231,1,5,0.0537,0.0648,0.0537,0.0648
87.212,1,0.846,1.5,0.61,5,81.2,20.96,0.07,-0.0173,0.062,-0.002,0.015,-1.73,-1.283,-23.84,12.23,-3.07,1,0.679,15.03,14.58,-4.734,1,5,0.0666,0.0666,0.0537,0.0629
87.314,1,0.875,1.5,0.57,5,80.8,20.56,0.07,-0.0244,0.061,0.0,-0.043,-1.724,-1.285,-23.95,12.23,-2.38,1,0.678,15.03,13.16,-3.173,1,5,0.063,0.0593,0.063,0.0593
87.347,1,0.853,1.5,0.3,5,80.9,20.96,0.07,-0.0237,0.058,0.0,-0.017,-1.722,-1.286,-24.01,12.23,-2.38,1,0.678,15.03,13.16,-3.173,1,5,0.0593,0.0556,0.0611,0.0574
87.412,1,0.833,1.25,0.55,5,80.8,20.46,0.07,-0.0189,0.056,0.0,0.001,-1.719,-1.287,-23.95,12.23,-2.38,1,0.677,15.03,12.51,-4.355,1,5,0.0556,0.0556,0.0556,0.0556
87.481,1,0.857,1.5,0.32,5,80.2,20.96,0.07,-0.0203,0.058,-0.003,0.008,-1.715,-1.29,-23.95,12.23,-2.38,1,0.673,15.03,12.21,-4.909,1,5,0.0592,0.0592,0.0518,0.0629
87.514,1,0.852,1.75,0.38,5,79.4,20.46,0.07,-0.0195,0.061,-0.002,0.006,-1.713,-1.29,-23.95,12.23,-1.55,1,0.676,15.03,13.53,-3.829,1,5,0.061,0.0628,0.0554,0.0665
87.612,1,0.843,1.75,0.83,5,79.7,20.46,0.07,-0.0229,0.069,0.002,-0.024,-1.707,-1.293,-23.84,12.23,-1.55,1,0.677,15.03,14.27,-5.311,1,5,0.0648,0.0703,0.0722,0.0703
87.683,1,0.853,1.5,0.65,5,81.2,20.96,0.07,-0.0305,0.07,0.001,-0.036,-1.702,-1.295,-23.89,12.23,-1.55,1,0.681,11.63,11.68,-4.514,1,5,0.0741,0.0686,0.0723,0.063
87.719,1,0.858,1.25,0.62,5,81.5,20.46,0.07,-0.0244,0.069,0.001,-0.045,-1.699,-1.296,-24.01,12.23,-0.69,1,0.684,9.21,5.73,0.0,0,5,0.0741,0.0686,0.0741,0.0593
87.747,1,0.86,1.25,0.66,5,81.6,20.46,0.07,-0.0208,0.068,0.0,-0.035,-1.698,-1.296,-24.06,12.23,-0.69,1,0.689,9.21,5.75,-6.572,1,5,0.0723,0.063,0.0741,0.063
87.782,1,0.866,1.0,0.44,5,81.7,20.96,0.07,-0.0219,0.066,0.0,-0.027,-1.696,-1.298,-24.12,12.23,-0.69,1,0.689,9.21,5.75,-6.572,1,5,0.0685,0.0592,0.074,0.0629
87.811,1,0.867,1.0,0.16,5,81.9,20.96,0.07,-0.0154,0.065,-0.0,-0.02,-1.695,-1.298,-24.18,12.23,-0.69,1,0.684,9.21,4.65,-6.927,1,5,0.0685,0.0574,0.0722,0.0629
87.851,1,0.869,1.0,0.06,5,81.9,20.96,0.07,-0.0108,0.063,-0.001,0.003,-1.692,-1.299,-24.18,12.23,-0.69,1,0.684,9.21,3.52,-7.298,1,5,0.0665,0.0572,0.0665,0.0628
87.911,1,0.871,1.0,0.07,5,82.0,20.96,0.07,-0.0097,0.064,-0.001,0.019,-1.689,-1.301,-24.18,12.23,-2.27,1,0.686,9.21,3.51,-7.245,1,5,0.0665,0.0665,0.0591,0.0646
87.983,1,0.881,1.0,0.36,5,82.1,20.96,0.07,-0.01,0.07,-0.0,0.018,-1.684,-1.303,-24.01,12.23,-2.27,1,0.674,11.63,5.25,-7.029,1,5,0.0665,0.0739,0.0647,0.0739
88.012,1,0.879,0.75,0.24,5,82.2,20.46,0.07,-0.0151,0.073,-0.001,-0.028,-1.682,-1.304,-24.06,12.23,-2.27,1,0.674,14.54,11.63,-4.772,1,5,0.0721,0.0739,0.0702,0.0758
88.05,1,0.885,0.5,0.22,5,82.1,20.56,0.07,-0.01,0.074,-0.001,-0.014,-1.679,-1.305,-24.12,12.23,-2.27,1,0.687,14.06,13.84,-1.693,1,5,0.0777,0.0703,0.0758,0.0721
88.086,1,0.891,0.5,0.17,5,81.9,20.56,0.07,-0.0069,0.073,-0.0,-0.025,-1.677,-1.306,-24.12,12.23,-2.27,1,0.685,14.06,11.49,-4.699,1,5,0.0814,0.0703,0.0758,0.0666
88.113,1,0.89,0.25,0.02,5,81.7,20.46,0.07,-0.0066,0.072,0.001,-0.006,-1.675,-1.307,-24.12,12.24,-3.58,1,0.68,13.09,12.77,-5.726,1,5,0.0777,0.0703,0.0758,0.0629
88.18,1,0.884,0.25,0.03,5,81.9,20.0,0.07,-0.0015,0.071,0.0,-0.039,-1.67,-1.309,-24.35,12.24,-3.58,1,0.683,13.09,12.45,-2.543,1,5,0.074,0.0648,0.0777,0.0666
88.213,1,0.888,0.25,-0.79,5,82.0,20.46,0.07,-0.0021,0.07,0.0,-0.052,-1.669,-1.31,-24.41,12.24,-3.58,1,0.683,13.09,12.45,-2.543,1,5,0.074,0.0629,0.0778,0.0666
88.247,1,0.887,0.0,-0.68,5,82.0,19.97,0.07,0.0121,0.067,-0.001,0.003,-1.667,-1.311,-24.41,12.24,-3.58,1,0.678,12.12,11.83,-4.98,1,5,0.0703,0.0592,0.0722,0.0648
88.312,1,0.892,0.25,-0.51,5,82.1,20.46,0.07,0.0126,0.07,-0.003,0.044,-1.663,-1.313,-24.35,12.24,-3.58,1,0.676,12.12,11.89,-6.25,1,5,0.0698,0.0661,0.068,0.0753
88.346,1,0.895,0.25,-0.61,5,82.3,20.46,0.07,0.0064,0.074,-0.001,0.006,-1.66,-1.314,-24.24,12.24,-4.05,1,0.676,13.09,10.99,-5.749,1,5,0.0716,0.0753,0.0698,0.079
88.412,1,0.888,0.25,-0.62,5,82.6,20.46,0.07,0.0082,0.075,-0.001,0.002,-1.656,-1.316,-24.24,12.24,-4.05,1,0.677,13.09,12.99,-2.362,1,5,0.0752,0.0807,0.0678,0.077
88.484,1,0.892,0.25,-0.49,5,83.1,20.46,0.07,0.0085,0.075,0.001,-0.03,-1.652,-1.318,-24.18,12.24,-4.05,1,0.679,13.09,12.73,-1.88,1,5,0.0775,0.0793,0.0738,0.0701
88.51,1,0.893,0.25,-0.5,5,83.1,20.46,0.07,0.0063,0.074,0.001,0.002,-1.65,-1.318,-24.18,12.24,-4.05,1,0.678,13.09,12.97,-2.41,1,5,0.0776,0.0776,0.0739,0.0683
88.546,1,0.886,0.25,-0.5,5,83.4,20.46,0.07,0.0065,0.072,0.0,-0.028,-1.648,-1.32,-24.24,12.23,-3.71,1,0.679,13.09,12.72,-1.881,1,5,0.0718,0.07,0.0737,0.0718
88.579,1,0.88,0.25,-0.76,5,83.4,20.46,0.07,0.0065,0.068,-0.001,-0.013,-1.645,-1.321,-24.29,12.23,-3.71,1,0.679,13.09,12.72,-1.881,1,5,0.0682,0.0646,0.0701,0.0701
88.612,1,0.881,0.25,-0.65,5,83.4,20.46,0.07,0.011,0.068,0.0,-0.011,-1.644,-1.321,-24.29,12.23,-3.71,1,0.675,12.6,12.53,-4.847,1,5,0.0664,0.0664,0.07,0.0682
88.679,1,0.888,0.25,-0.5,5,83.1,20.46,0.07,0.0091,0.066,-0.003,0.027,-1.64,-1.324,-24.24,12.23,-3.71,1,0.684,13.09,11.19,-2.551,1,5,0.0628,0.0665,0.0591,0.0757
88.711,1,0.888,0.25,-0.33,5,82.9,20.46,0.07,0.0065,0.067,-0.004,0.04,-1.638,-1.324,-24.18,12.23,-3.71,1,0.688,13.09,11.23,-2.563,1,5,0.0646,0.0664,0.0591,0.0775
88.746,1,0.881,0.25,-0.24,5,83.0,20.0,0.07,0.0035,0.072,-0.002,0.023,-1.635,-1.326,-24.12,12.23,-2.54,1,0.691,13.09,12.17,-0.742,1,5,0.0665,0.0758,0.0647,0.0813
88.782,1,0.878,0.0,-0.4,5,83.0,20.56,0.07,0.0019,0.077,0.001,0.042,-1.632,-1.327,-24.12,12.23,-2.54,1,0.694,13.09,12.18,-0.741,1,5,0.0758,0.0832,0.0721,0.0758
88.813,1,0.883,0.0,-0.14,5,83.0,20.56,0.07,0.0076,0.079,0.002,0.001,-1.631,-1.327,-24.06,12.23,-2.54,1,0.694,13.09,12.18,-0.741,1,5,0.0776,0.085,0.0758,0.0758
88.846,1,0.892,-0.25,-0.16,5,82.9,20.46,0.07,0.003,0.077,0.002,-0.006,-1.628,-1.329,-24.12,12.23,-2.54,1,0.691,12.6,12.98,-2.341,1,5,0.0794,0.0794,0.0794,0.0702
88.881,1,0.894,-0.25,-0.06,5,83.0,20.46,0.07,0.0062,0.075,0.001,-0.009,-1.626,-1.33,-24.12,12.23,-2.54,1,0.691,12.6,12.98,-2.341,1,5,0.0757,0.0739,0.0776,0.072
88.912,1,0.889,-0.25,-0.06,5,83.0,20.46,0.07,0.004,0.073,-0.0,-0.024,-1.624,-1.33,-24.12,12.23,-2.54,1,0.691,12.6,12.98,-2.341,1,5,0.0739,0.0702,0.0758,0.0721
88.945,1,0.888,-0.25,-0.34,5,83.0,20.46,0.07,0.0039,0.071,-0.001,-0.002,-1.622,-1.332,-24.18,12.23,-0.72,1,0.691,12.6,12.98,-2.341,1,5,0.0703,0.0666,0.074,0.074
88.98,1,0.89,-0.25,-0.33,5,83.0,20.46,0.07,0.0084,0.068,-0.001,0.0,-1.619,-1.333,-24.24,12.23,-0.72,1,0.691,12.6,12.98,-2.341,1,5,0.07,0.0628,0.07,0.0682
89.012,1,0.893,-0.25,-0.06,5,83.0,20.46,0.07,0.0083,0.067,-0.001,0.003,-1.618,-1.333,-24.24,12.23,-0.72,1,0.691,12.6,12.98,-2.341,1,5,0.0682,0.0628,0.0682,0.0682
89.047,1,0.891,0.25,-0.6,5,83.0,20.46,0.07,0.0035,0.066,-0.003,0.018,-1.616,-1.335,-24.18,12.23,-0.72,1,0.668,8.24,6.71,-4.527,1,5,0.0664,0.0628,0.0628,0.07
89.08,1,0.891,0.25,-0.6,5,82.9,20.46,0.07,0.007,0.069,-0.003,0.007,-1.613,-1.336,-24.12,12.23,-0.72,1,0.668,8.24,6.71,-4.527,1,5,0.0685,0.0703,0.0629,0.0759
89.111,1,0.891,0.0,-0.49,5,82.7,20.44,0.07,0.0074,0.07,-0.002,0.018,-1.612,-1.336,-24.12,12.23,-0.72,1,0.668,8.24,6.71,-4.527,1,5,0.0685,0.0722,0.0629,0.0759
89.147,1,0.892,0.25,-0.62,5,82.5,20.46,0.07,0.0088,0.073,-0.0,0.029,-1.609,-1.338,-24.06,12.24,0.47,1,0.667,9.21,5.99,-5.716,1,5,0.0722,0.074,0.0703,0.074
89.178,1,0.892,0.25,-0.2,5,82.3,20.46,0.07,0.0081,0.073,-0.0,-0.002,-1.606,-1.339,-24.01,12.24,0.47,1,0.663,9.21,8.04,-3.157,1,5,0.074,0.0721,0.0721,0.0721
89.213,1,0.889,0.25,-0.36,5,82.2,20.46,0.07,0.0008,0.072,-0.0,-0.001,-1.605,-1.339,-24.01,12.24,0.47,1,0.679,9.21,7.23,-1.658,1,5,0.0721,0.0703,0.0721,0.0721
89.246,1,0.892,0.25,-0.62,5,82.0,20.46,0.07,0.0037,0.069,-0.001,-0.01,-1.603,-1.341,-24.01,12.24,0.47,1,0.667,9.21,8.02,-3.158,1,5,0.0703,0.0684,0.0684,0.0703
89.282,1,0.896,0.25,-0.62,5,81.9,20.46,0.07,0.0084,0.068,-0.0,-0.042,-1.6,-1.342,-24.12,12.24,0.47,1,0.666,9.21,8.29,-2.298,1,5,0.0666,0.0648,0.0703,0.0703
89.311,1,0.901,0.0,-0.39,5,81.8,20.44,0.07,0.0085,0.068,-0.0,-0.019,-1.599,-1.342,-24.12,12.24,0.47,1,0.666,9.21,8.29,-2.298,1,5,0.0703,0.0629,0.0722,0.0666
89.344,1,0.899,-0.25,-0.16,5,81.6,20.46,0.07,0.0077,0.067,0.0,-0.008,-1.597,-1.343,-24.18,12.24,0.47,1,0.662,8.72,6.98,-6.875,1,5,0.0685,0.0629,0.0722,0.0648
89.38,1,0.898,-0.25,-0.28,5,81.4,20.46,0.07,0.0062,0.065,-0.0,-0.005,-1.594,-1.344,-24.18,12.24,0.47,1,0.659,9.21,6.12,-4.008,1,5,0.0647,0.0628,0.0665,0.0647
89.411,1,0.902,-0.25,-0.56,5,81.3,20.46,0.07,0.008,0.065,-0.0,-0.009,-1.593,-1.345,-24.18,12.24,0.47,1,0.659,9.21,6.12,-4.008,1,5,0.0629,0.0666,0.0629,0.0684
89.446,1,0.906,-0.25,-0.56,5,81.1,20.46,0.07,0.0125,0.064,-0.002,-0.007,-1.591,-1.346,-24.18,12.24,0.47,1,0.657,8.24,7.52,-3.564,1,5,0.0605,0.066,0.0569,0.0715
89.477,1,0.908,-0.25,-0.72,5,80.9,20.46,0.07,0.0125,0.068,-0.002,0.059,-1.588,-1.347,-24.12,12.24,0.47,1,0.657,8.24,7.55,-3.457,1,5,0.0656,0.0711,0.0602,0.0748
89.509,1,0.908,0.0,-0.4,5,80.6,20.56,0.07,0.0152,0.069,-0.003,0.053,-1.587,-1.348,-24.01,12.24,0.47,1,0.649,8.72,7.25,-5.071,1,5,0.0656,0.0711,0.062,0.0784
89.543,1,0.91,0.25,-0.62,5,80.3,20.46,0.07,0.0064,0.074,-0.001,0.014,-1.584,-1.349,-23.95,12.23,-0.26,1,0.653,9.21,8.87,-2.145,1,5,0.068,0.0772,0.0698,0.0827
89.578,1,0.912,0.0,-0.17,5,80.0,20.56,0.07,0.0075,0.074,-0.001,-0.003,-1.581,-1.351,-23.95,12.23,-0.26,1,0.656,9.21,9.32,-2.652,1,5,0.0699,0.0754,0.0699,0.0809
89.614,1,0.916,0.0,-0.18,5,80.1,20.56,0.07,0.0029,0.074,-0.001,0.001,-1.58,-1.351,-23.95,12.23,-0.26,1,0.65,9.21,8.93,-2.009,1,5,0.0717,0.0753,0.0698,0.0772
89.645,1,0.915,-0.25,-0.23,5,79.9,20.81,0.07,0.0031,0.072,-0.001,-0.03,-1.577,-1.352,-23.95,12.23,-0.26,1,0.65,9.21,8.93,-2.009,1,5,0.0735,0.0698,0.0717,0.0735
89.682,1,0.917,-0.25,-0.62,5,79.9,20.46,0.07,0.0069,0.07,-0.0,-0.004,-1.575,-1.353,-24.01,12.23,-0.26,1,0.65,9.21,8.93,-2.009,1,5,0.0702,0.0665,0.072,0.0702
89.711,1,0.915,-0.25,-0.62,5,79.5,20.46,0.07,0.0135,0.07,0.0,-0.014,-1.574,-1.354,-24.01,12.23,-0.26,1,0.638,8.24,8.56,-1.64,1,5,0.0683,0.0664,0.0738,0.0701
89.745,1,0.918,-0.25,-0.62,5,79.2,20.46,0.07,0.0135,0.069,-0.0,0.011,-1.571,-1.355,-24.01,12.23,-0.26,1,0.632,8.24,9.31,-2.094,1,5,0.0681,0.0681,0.0681,0.0699
89.777,1,0.918,-0.25,-0.62,5,79.1,20.46,0.07,0.0133,0.069,0.0,0.007,-1.57,-1.356,-24.01,12.23,-0.26,1,0.631,8.24,11.33,0.627,1,5,0.0663,0.07,0.0682,0.07
89.812,1,0.916,-0.25,-0.09,5,79.3,20.46,0.07,0.0132,0.07,-0.001,-0.008,-1.567,-1.357,-23.95,12.23,-0.26,1,0.631,8.24,11.33,0.627,1,5,0.0682,0.0719,0.0664,0.0737
89.845,1,0.919,-0.25,-0.62,5,78.9,20.46,0.07,0.004,0.07,-0.001,0.006,-1.565,-1.358,-24.01,12.23,-0.26,1,0.63,8.72,12.27,3.438,1,5,0.0685,0.0759,0.0629,0.074
89.877,1,0.92,-0.25,-0.06,5,79.0,20.46,0.07,0.0131,0.071,-0.002,0.04,-1.562,-1.359,-23.89,12.23,-0.26,1,0.625,8.72,12.62,0.0,0,5,0.0721,0.0777,0.0592,0.074
89.912,1,0.919,-0.25,-0.06,5,79.1,20.46,0.07,0.0034,0.071,-0.002,0.052,-1.561,-1.36,-23.84,12.23,-0.26,1,0.63,8.72,13.33,7.778,1,5,0.0721,0.0776,0.061,0.0739
89.944,1,0.916,-0.25,-0.06,5,79.0,20.46,0.07,0.0034,0.072,-0.0,0.014,-1.558,-1.361,-23.78,12.23,1.17,1,0.63,8.72,13.33,7.778,1,5,0.0701,0.0738,0.0683,0.0738
89.979,1,0.915,-0.25,-0.06,5,78.9,20.46,0.07,0.0033,0.069,-0.0,-0.037,-1.556,-1.362,-23.78,12.23,1.17,1,0.63,8.72,13.33,7.778,1,5,0.0661,0.0679,0.0698,0.0734
90.018,1,0.912,-0.5,-0.25,5,79.1,20.96,0.07,0.0034,0.069,-0.001,-0.008,-1.554,-1.363,-23.78,12.23,1.17,1,0.63,8.72,13.33,7.778,1,5,0.068,0.068,0.068,0.0735
90.044,1,0.914,-0.75,-0.28,5,78.9,20.46,0.07,0.0098,0.068,-0.003,0.003,-1.552,-1.364,-23.84,12.23,1.17,1,0.612,0.0,3.03,0.0,0,5,0.068,0.0624,0.068,0.0735
90.078,1,0.915,-0.75,-0.28,5,79.1,20.46,0.07,0.0129,0.067,-0.002,0.013,-1.549,-1.365,-23.84,12.23,1.17,1,0.63,0.0,-0.48,0.0,0,5,0.0684,0.0628,0.0684,0.0702
90.11,1,0.918,-0.5,-0.52,5,78.9,20.44,0.07,0.0127,0.067,-0.001,-0.007,-1.548,-1.366,-23.84,12.23,1.17,1,0.617,-0.48,3.98,0.0,0,5,0.0665,0.0628,0.0684,0.0702
90.143,1,0.921,-0.25,-0.76,5,78.9,20.46,0.07,0.0134,0.067,-0.002,0.007,-1.546,-1.367,-23.78,12.22,4.63,1,0.622,-3.88,-1.59,0.0,0,5,0.0684,0.0666,0.0647,0.0703
90.177,1,0.915,-0.25,-0.75,5,78.8,20.46,0.07,0.0146,0.067,-0.002,0.018,-1.544,-1.368,-23.78,12.22,4.63,1,0.624,-3.88,-6.5,0.0,0,5,0.0684,0.0665,0.0647,0.0702
90.212,1,0.912,-0.25,-0.36,5,78.5,20.46,0.07,0.0148,0.068,-0.002,0.007,-1.542,-1.369,-23.72,12.22,4.63,1,0.624,-3.88,-6.5,0.0,0,5,0.0665,0.0683,0.0628,0.0739
90.243,1,0.911,-0.25,0.04,5,78.3,20.46,0.07,0.008,0.067,-0.002,0.007,-1.54,-1.37,-23.72,12.22,4.63,1,0.616,-4.36,-1.22,0.0,0,5,0.0664,0.0719,0.059,0.0719
90.281,1,0.92,-0.25,0.04,5,78.8,20.46,0.07,0.0012,0.067,-0.002,-0.003,-1.537,-1.371,-23.72,12.22,4.63,1,0.617,-3.88,-1.26,0.0,0,5,0.0682,0.0756,0.0535,0.07
90.311,1,0.926,-0.25,-0.35,5,78.9,20.46,0.07,0.0013,0.068,-0.002,0.083,-1.536,-1.372,-23.66,12.22,4.63,1,0.623,-4.36,-0.66,0.0,0,5,0.07,0.0756,0.0553,0.07
90.344,1,0.922,-0.25,0.04,5,79.3,20.46,0.07,0.0083,0.067,-0.0,0.031,-1.533,-1.373,-23.49,12.22,4.59,1,0.62,-3.88,-1.24,0.0,0,5,0.0646,0.0738,0.059,0.0701
90.379,1,0.914,-0.5,0.15,5,79.6,20.2,0.07,0.0015,0.066,-0.003,-0.006,-1.531,-1.374,-23.49,12.22,4.59,1,0.62,-3.88,-1.24,0.0,0,5,0.0646,0.0665,0.0591,0.0739
90.409,1,0.911,-0.75,0.37,5,79.6,20.46,0.07,0.0027,0.064,-0.003,0.005,-1.53,-1.375,-23.49,12.22,4.59,1,0.614,-3.88,1.3,0.0,0,5,0.061,0.0628,0.0591,0.0739
90.445,1,0.908,-0.75,-0.17,5,79.9,20.46,0.07,0.0016,0.064,-0.005,0.017,-1.528,-1.376,-23.49,12.22,4.59,1,0.614,-3.39,1.38,0.0,0,5,0.0647,0.061,0.0573,0.0721
90.479,1,0.907,-0.75,0.22,5,80.3,20.46,0.07,0.0107,0.064,-0.001,0.006,-1.525,-1.377,-23.49,12.22,4.59,1,0.614,-3.39,1.38,0.0,0,5,0.0628,0.061,0.0647,0.0665
90.511,1,0.902,-0.75,0.1,5,80.9,20.46,0.07,0.0035,0.064,-0.0,0.006,-1.524,-1.377,-23.49,12.22,4.59,1,0.614,-3.39,1.38,0.0,0,5,0.0647,0.0628,0.0647,0.0647
90.545,1,0.899,-0.75,0.1,5,81.2,20.46,0.07,0.0054,0.067,0.0,0.019,-1.522,-1.378,-23.49,12.22,3.65,1,0.622,-3.88,4.43,0.0,0,5,0.0666,0.0648,0.0685,0.0666
90.58,1,0.902,-0.25,-0.08,5,81.3,20.46,0.07,0.0053,0.069,0.0,0.022,-1.519,-1.379,-23.43,12.22,3.65,1,0.622,-3.88,4.43,0.0,0,5,0.0667,0.0667,0.0667,0.0704
90.611,1,0.902,-0.25,-0.16,5,81.4,20.46,0.07,0.0025,0.069,-0.0,0.033,-1.518,-1.38,-23.38,12.22,3.65,1,0.624,-1.94,3.21,0.0,0,5,0.0649,0.0668,0.0705,0.0723
90.643,1,0.9,0.25,0.16,5,81.8,20.46,0.07,0.0041,0.07,0.001,-0.015,-1.515,-1.381,-23.38,12.22,3.65,1,0.623,-1.94,5.63,0.0,0,5,0.063,0.0723,0.0704,0.0741
90.677,1,0.901,0.25,-0.07,5,81.7,20.46,0.07,-0.007,0.071,0.002,-0.017,-1.512,-1.382,-23.43,12.22,3.65,1,0.623,-2.42,7.62,0.0,0,5,0.0648,0.0759,0.0704,0.0741
90.743,1,0.893,0.25,-0.37,5,81.2,20.46,0.07,-0.0021,0.074,-0.0,0.004,-1.508,-1.384,-23.43,12.22,3.65,1,0.63,-1.94,7.83,0.0,0,5,0.0833,0.0777,0.0703,0.0666
90.778,1,0.894,0.25,0.16,5,81.5,20.46,0.07,0.0035,0.076,-0.001,-0.05,-1.505,-1.385,-23.49,12.22,3.65,1,0.625,-1.94,7.41,0.0,0,5,0.0852,0.0722,0.0778,0.0703
90.81,1,0.891,0.25,-0.37,5,81.8,20.81,0.07,-0.0054,0.076,-0.001,-0.036,-1.504,-1.386,-23.49,12.22,3.65,1,0.624,-2.42,8.49,0.0,0,5,0.0815,0.0685,0.0815,0.0722
90.843,1,0.894,0.25,-0.62,5,81.5,20.46,0.07,0.0038,0.074,-0.001,-0.006,-1.502,-1.387,-23.55,12.22,3.65,1,0.624,-2.91,7.5,0.0,0,5,0.0759,0.0685,0.0778,0.074
90.877,1,0.892,0.0,-0.39,5,81.7,20.44,0.07,0.0084,0.071,-0.0,0.004,-1.499,-1.388,-23.55,12.22,3.65,1,0.624,-2.91,7.5,0.0,0,5,0.0703,0.0666,0.0759,0.074
90.91,1,0.886,0.25,-0.37,5,82.8,20.46,0.07,0.0076,0.071,0.0,0.009,-1.498,-1.389,-23.55,12.22,3.65,1,0.614,-2.91,9.63,0.0,0,5,0.0703,0.0703,0.0721,0.0721
90.952,1,0.887,0.25,-0.46,5,82.9,20.46,0.07,0.0038,0.069,0.0,0.031,-1.495,-1.39,-23.49,12.22,3.82,1,0.6,-2.91,6.79,0.0,0,5,0.0666,0.0685,0.0703,0.0722
90.978,1,0.884,0.75,-0.5,5,82.9,20.46,0.07,0.0056,0.07,-0.001,-0.011,-1.493,-1.391,-23.43,12.22,3.82,1,0.605,-2.91,9.02,0.0,0,5,0.0685,0.0703,0.0685,0.0759
91.012,1,0.883,0.75,-0.5,5,83.0,20.46,0.07,0.0004,0.07,-0.001,-0.018,-1.491,-1.392,-23.49,12.22,3.82,1,0.605,-2.91,9.02,0.0,0,5,0.0666,0.0722,0.0666,0.0759
91.043,1,0.882,0.75,-0.5,5,83.0,20.46,0.07,0.0007,0.072,0.001,0.022,-1.488,-1.393,-23.43,12.22,3.82,1,0.607,-2.91,9.97,0.0,0,5,0.0666,0.0796,0.0666,0.0759
91.08,1,0.881,0.75,-0.5,5,83.2,20.46,0.07,0.0012,0.075,0.002,-0.012,-1.485,-1.394,-23.43,12.22,3.82,1,0.607,-2.91,9.97,0.0,0,5,0.0722,0.0852,0.0703,0.074
91.113,1,0.881,0.5,-0.26,5,83.0,20.96,0.07,0.0014,0.075,0.003,0.034,-1.484,-1.394,-23.43,12.22,3.82,1,0.609,-2.91,10.62,0.0,0,5,0.074,0.0833,0.074,0.0703
91.144,1,0.881,0.5,-0.26,5,83.1,20.96,0.07,0.0006,0.078,0.004,-0.003,-1.481,-1.395,-23.38,12.22,4.6,1,0.609,-2.91,10.62,0.0,0,5,0.0777,0.0796,0.0833,0.0703
91.175,1,0.88,0.25,-0.03,5,83.2,20.46,0.07,0.0004,0.077,0.003,-0.04,-1.48,-1.396,-23.43,12.22,4.6,1,0.603,-2.91,8.81,0.0,0,5,0.0759,0.0759,0.0852,0.0722
91.209,1,0.883,0.25,-0.04,5,83.2,20.46,0.07,-0.0006,0.075,-0.0,-0.006,-1.477,-1.397,-23.49,12.22,4.6,1,0.587,-2.91,5.92,0.0,0,5,0.0723,0.0667,0.0816,0.0778
91.242,1,0.885,0.25,-0.31,5,83.0,20.81,0.07,-0.0009,0.071,-0.0,0.002,-1.475,-1.398,-23.49,12.22,4.6,1,0.592,-2.91,9.53,0.0,0,5,0.0698,0.0661,0.0753,0.0735
91.277,1,0.886,0.25,-0.33,5,83.2,20.57,0.07,0.0036,0.069,-0.0,-0.006,-1.472,-1.399,-23.55,12.22,4.6,1,0.592,-2.91,9.53,0.0,0,5,0.0698,0.0661,0.0716,0.0698
91.308,1,0.88,0.25,-0.5,5,83.2,20.46,0.07,0.0039,0.069,0.0,0.019,-1.471,-1.4,-23.55,12.22,4.6,1,0.567,-3.39,5.26,0.0,0,5,0.0692,0.0674,0.071,0.0692
91.346,1,0.876,0.5,-0.57,5,83.2,20.81,0.07,0.0068,0.069,-0.002,-0.012,-1.468,-1.401,-23.55,12.22,5.34,1,0.564,-3.39,5.69,0.0,0,5,0.0698,0.0643,0.0698,0.0717
91.378,1,0.876,0.25,-0.7,5,83.2,20.46,0.07,0.0049,0.07,-0.0,-0.001,-1.466,-1.402,-23.55,12.22,5.34,1,0.524,-3.39,-1.06,0.0,0,4,0.0711,0.0693,0.0693,0.0693
91.411,1,0.884,0.25,-0.34,5,82.5,20.57,0.07,0.0103,0.07,-0.001,-0.01,-1.464,-1.403,-23.55,12.22,5.34,1,0.524,-3.39,-1.06,0.0,0,4,0.0716,0.0716,0.0661,0.0698
91.444,1,0.89,0.25,-0.23,5,82.5,20.81,0.07,0.0039,0.071,-0.001,-0.027,-1.462,-1.404,-23.61,12.22,5.34,1,0.529,-2.91,-0.92,0.0,0,4,0.077,0.0788,0.0605,0.0678
91.478,1,0.893,0.0,-0.29,5,82.5,20.56,0.07,0.002,0.069,-0.002,0.039,-1.46,-1.405,-23.55,12.22,5.34,1,0.529,-2.91,-0.92,0.0,0,4,0.0793,0.0757,0.0595,0.0631
91.509,1,0.885,0.0,-0.3,5,82.4,20.81,0.07,0.0061,0.069,-0.001,0.033,-1.458,-1.406,-23.55,12.22,5.34,1,0.529,-2.91,-0.92,0.0,0,4,0.0774,0.0756,0.0594,0.063
91.576,1,0.884,-0.25,-0.1,5,82.3,21.02,0.07,0.0057,0.068,-0.001,-0.024,-1.455,-1.407,-23.55,12.2,5.0,1,0.534,-3.39,2.57,0.0,0,4,0.068,0.0607,0.0717,0.0699
91.613,1,0.877,-0.25,-0.49,5,82.6,20.46,0.07,0.0049,0.066,-0.002,-0.002,-1.452,-1.408,-23.55,12.2,5.0,1,0.534,-3.88,2.78,0.0,0,4,0.0646,0.0591,0.0702,0.072
91.679,1,0.884,-0.75,-0.19,5,83.1,20.46,0.07,0.0112,0.065,-0.002,-0.012,-1.448,-1.411,-23.55,12.2,5.0,1,0.534,-3.39,4.37,0.0,0,4,0.0682,0.0627,0.0645,0.0664
91.711,1,0.889,-0.75,-0.19,5,83.3,20.46,0.07,0.0117,0.066,-0.003,0.01,-1.446,-1.411,-23.55,12.2,5.0,1,0.534,-3.39,4.37,0.0,0,4,0.0682,0.0608,0.0664,0.07
91.78,1,0.893,-0.75,-0.19,5,85.0,20.46,0.07,0.0109,0.069,-0.003,-0.012,-1.441,-1.414,-23.55,12.2,4.48,1,0.53,-3.39,8.79,0.0,0,4,0.0703,0.0648,0.0685,0.074
91.81,1,0.884,-0.75,-0.47,5,85.5,20.56,0.07,0.0106,0.069,-0.002,-0.015,-1.44,-1.414,-23.61,12.2,4.48,1,0.537,-3.88,9.97,0.0,0,4,0.0722,0.0685,0.0648,0.0703
91.845,1,0.88,-0.75,-0.58,5,85.7,20.56,0.07,0.0155,0.072,-0.002,0.058,-1.437,-1.416,-23.49,12.2,4.48,1,0.537,-3.88,9.97,0.0,0,4,0.0777,0.0796,0.0611,0.0703
91.879,1,0.886,-0.5,-0.52,5,86.2,20.44,0.07,0.0172,0.074,-0.001,-0.028,-1.435,-1.417,-23.49,12.2,4.48,1,0.534,-3.39,9.6,0.0,0,4,0.0814,0.0833,0.0629,0.0703
91.909,1,0.89,-0.75,-0.29,5,86.1,20.46,0.07,0.013,0.076,-0.0,0.018,-1.433,-1.417,-23.49,12.2,4.48,1,0.533,-3.39,12.08,0.0,0,4,0.0796,0.0833,0.0685,0.074
91.946,1,0.896,-0.75,-0.3,5,86.4,20.46,0.07,0.0122,0.074,-0.0,-0.003,-1.431,-1.419,-23.43,12.2,4.48,1,0.533,-3.88,9.73,0.0,0,4,0.0685,0.0722,0.074,0.0796
91.975,1,0.893,-0.75,-0.29,5,86.6,20.46,0.07,0.0123,0.071,-0.001,0.026,-1.43,-1.419,-23.43,12.2,4.48,1,0.525,-3.39,10.38,0.0,0,4,0.0647,0.0666,0.0721,0.0795
92.043,1,0.886,-0.75,-0.19,5,87.0,20.46,0.07,0.012,0.063,-0.002,-0.003,-1.425,-1.421,-23.38,12.2,4.48,1,0.526,-3.39,11.41,0.0,0,4,0.0648,0.0629,0.0592,0.0666
92.109,1,0.892,-0.75,-0.19,5,87.4,20.46,0.07,0.0101,0.065,-0.002,0.016,-1.421,-1.423,-23.38,12.2,4.48,1,0.513,-3.39,13.69,0.0,0,4,0.0649,0.0612,0.0649,0.0704
92.144,1,0.895,-0.75,-0.3,5,87.6,20.46,0.07,0.01,0.066,-0.002,0.004,-1.419,-1.424,-23.32,12.22,5.32,1,0.513,-3.39,13.69,0.0,0,4,0.0649,0.0631,0.0649,0.0705
92.176,1,0.894,-0.75,-0.03,5,87.2,20.46,0.07,0.012,0.066,-0.002,0.006,-1.418,-1.425,-23.32,12.22,5.32,1,0.565,-3.39,40.99,0.0,0,5,0.0649,0.0631,0.0649,0.0705
92.21,1,0.892,-0.75,0.34,5,87.4,20.46,0.07,0.0073,0.067,0.0,0.018,-1.415,-1.426,-23.26,12.22,5.32,1,0.565,-3.39,40.99,0.0,0,5,0.0631,0.0705,0.0631,0.0705
92.244,1,0.896,-0.75,0.34,5,87.5,20.46,0.07,0.0009,0.069,-0.0,0.031,-1.413,-1.427,-23.2,12.22,5.32,1,0.505,-2.91,29.77,0.0,0,4,0.0666,0.0778,0.0592,0.0722
92.279,1,0.899,-0.75,0.61,5,87.3,20.46,0.07,0.0009,0.072,-0.003,-0.013,-1.41,-1.428,-23.15,12.22,5.32,1,0.505,-2.91,29.77,0.0,0,4,0.0758,0.0832,0.0555,0.074
92.312,1,0.901,-0.75,0.62,5,87.2,20.46,0.07,-0.0039,0.073,-0.002,-0.021,-1.408,-1.429,-23.2,12.22,5.32,1,0.581,-5.82,45.04,0.0,0,5,0.0777,0.0832,0.0592,0.074
92.343,1,0.894,-0.75,0.34,5,87.2,20.46,0.07,-0.0041,0.076,-0.001,-0.013,-1.406,-1.43,-23.26,12.22,8.37,1,0.581,-5.82,45.04,0.0,0,5,0.0757,0.0776,0.072,0.0794
92.377,1,0.887,-1.0,0.68,5,87.2,20.44,0.07,0.0009,0.077,0.0,0.035,-1.404,-1.431,-23.2,12.22,8.37,1,0.586,-8.24,48.43,0.0,0,5,0.0702,0.0721,0.0813,0.0832
92.411,1,0.892,-1.25,0.63,5,87.5,20.46,0.07,-0.0021,0.073,0.0,0.022,-1.402,-1.432,-23.2,12.22,8.37,1,0.586,-8.24,48.43,0.0,0,5,0.0684,0.0665,0.0813,0.0776
92.445,1,0.899,-1.25,0.88,5,87.8,20.46,0.07,0.0016,0.069,0.0,0.009,-1.399,-1.433,-23.2,12.22,8.37,1,0.567,-10.66,44.4,0.0,0,5,0.0685,0.0648,0.0722,0.0685
92.477,1,0.892,-1.0,0.69,5,88.6,20.56,0.07,-0.0033,0.067,-0.0,-0.003,-1.398,-1.433,-23.2,12.22,8.37,1,0.567,-10.66,44.4,0.0,0,5,0.0685,0.0648,0.0685,0.0666
92.544,1,0.888,-0.75,0.58,5,88.5,20.46,0.07,-0.0031,0.066,-0.001,0.001,-1.393,-1.436,-23.2,12.2,14.33,1,0.567,-10.66,44.4,0.0,0,5,0.0646,0.0609,0.0683,0.0701
92.576,1,0.887,-0.75,0.59,5,88.3,20.46,0.07,-0.0042,0.066,-0.002,0.002,-1.392,-1.436,-23.2,12.2,14.33,1,0.596,-20.84,41.66,0.0,0,5,0.0664,0.0627,0.0664,0.0701
92.611,1,0.887,-0.75,0.48,5,88.0,20.46,0.07,-0.0041,0.067,0.0,0.018,-1.389,-1.437,-23.15,12.2,14.33,1,0.592,-21.81,30.78,0.0,0,5,0.0679,0.0716,0.0642,0.0661
92.644,1,0.887,-0.75,1.14,5,87.5,20.46,0.07,-0.0021,0.069,-0.002,-0.008,-1.387,-1.438,-23.15,12.2,14.33,1,0.592,-21.81,30.78,0.0,0,5,0.0753,0.0771,0.0569,0.0661
92.679,1,0.886,-0.75,1.03,5,87.2,20.46,0.07,-0.0133,0.069,-0.003,-0.023,-1.386,-1.439,-23.15,12.2,14.33,1,0.584,-25.2,32.24,0.0,0,5,0.0772,0.0753,0.057,0.0662
92.707,1,0.885,-0.75,1.16,5,87.1,20.46,0.07,-0.0115,0.072,-0.005,-0.06,-1.383,-1.44,-23.26,12.2,14.33,1,0.591,-26.66,32.9,0.0,0,5,0.0814,0.0721,0.0629,0.0721
92.745,1,0.889,-0.75,0.6,5,86.7,20.46,0.07,-0.0136,0.073,-0.004,0.014,-1.38,-1.442,-23.26,12.2,19.08,1,0.591,-26.66,32.9,0.0,0,5,0.0792,0.0626,0.0755,0.0736
92.777,1,0.889,-1.0,0.7,5,86.3,20.56,0.07,-0.0039,0.072,-0.002,-0.028,-1.379,-1.442,-23.26,12.2,19.08,1,0.59,-31.02,30.52,0.0,0,5,0.0748,0.0639,0.0766,0.073
92.812,1,0.891,-1.25,0.9,5,86.1,20.46,0.07,-0.0024,0.068,-0.001,-0.022,-1.377,-1.443,-23.26,12.2,19.08,1,0.597,-31.5,35.51,0.0,0,5,0.0694,0.0602,0.073,0.0675
92.843,1,0.892,-1.25,0.89,5,85.8,20.46,0.07,-0.003,0.065,-0.0,0.005,-1.374,-1.444,-23.32,12.2,19.08,1,0.597,-31.5,35.51,0.0,0,5,0.0641,0.0623,0.066,0.066
92.877,1,0.889,-1.25,0.79,5,85.5,20.46,0.07,-0.0035,0.064,-0.001,-0.003,-1.373,-1.445,-23.32,12.2,19.08,1,0.597,-31.5,35.51,0.0,0,5,0.0666,0.0611,0.0648,0.0629
92.908,1,0.883,-1.25,0.8,5,85.5,20.46,0.07,-0.0019,0.065,-0.001,-0.007,-1.372,-1.445,-23.32,12.2,19.08,1,0.597,-31.5,35.51,0.0,0,5,0.0648,0.0629,0.0648,0.0666
92.945,1,0.879,-1.25,0.94,5,85.1,20.46,0.07,-0.0022,0.066,-0.001,-0.024,-1.368,-1.447,-23.32,12.2,20.59,1,0.597,-31.5,35.51,0.0,0,5,0.0662,0.0625,0.0662,0.068
92.977,1,0.882,-1.25,0.49,5,84.0,20.46,0.07,-0.0048,0.066,-0.001,-0.024,-1.368,-1.447,-23.32,12.2,20.59,1,0.572,-33.93,27.77,0.0,0,5,0.0662,0.0625,0.0662,0.068
93.043,1,0.885,-1.25,0.34,5,83.4,20.46,0.07,0.0029,0.069,0.001,0.003,-1.363,-1.449,-23.38,12.2,20.59,1,0.522,-33.93,20.47,0.0,0,4,0.0706,0.0706,0.0706,0.0652
93.075,1,0.885,-1.5,0.58,5,83.1,20.2,0.07,0.0055,0.071,0.001,-0.045,-1.362,-1.45,-23.38,12.2,20.59,1,0.522,-33.93,20.47,0.0,0,4,0.0742,0.076,0.0688,0.0669
93.111,1,0.882,-1.5,0.29,5,83.0,20.56,0.07,0.0042,0.073,-0.003,-0.028,-1.359,-1.451,-23.49,12.2,20.59,1,0.522,-33.93,20.47,0.0,0,4,0.0832,0.0758,0.0647,0.0703
93.144,1,0.884,-1.5,0.29,5,83.1,20.56,0.07,0.0091,0.076,0.0,0.042,-1.356,-1.452,-23.49,12.19,21.38,1,0.522,-33.93,20.47,0.0,0,4,0.0756,0.0775,0.0756,0.0756
93.177,1,0.889,-1.25,0.36,5,83.2,20.46,0.07,0.0087,0.076,0.001,0.013,-1.354,-1.453,-23.49,12.19,21.38,1,0.518,-32.96,26.91,0.0,0,4,0.072,0.072,0.0831,0.0775
93.211,1,0.889,-1.25,0.25,5,83.4,20.46,0.07,0.0045,0.076,0.005,-0.01,-1.352,-1.454,-23.49,12.19,21.38,1,0.522,-31.99,27.6,0.0,0,4,0.0682,0.0738,0.0867,0.0738
93.244,1,0.887,-1.25,0.36,5,83.6,20.46,0.07,0.0065,0.074,0.002,-0.003,-1.349,-1.455,-23.49,12.19,21.38,1,0.522,-31.99,27.6,0.0,0,4,0.0722,0.0722,0.0796,0.0722
93.274,1,0.885,-1.25,0.48,5,83.7,20.46,0.07,0.0047,0.074,0.0,0.012,-1.348,-1.456,-23.49,12.19,21.38,1,0.523,-30.54,34.74,0.0,0,4,0.074,0.074,0.074,0.0722
93.312,1,0.888,-1.25,0.48,5,83.7,20.46,0.07,0.0028,0.074,0.0,-0.006,-1.345,-1.457,-23.49,12.19,21.38,1,0.533,-29.57,36.05,0.0,0,4,0.074,0.0722,0.0759,0.074
93.349,1,0.895,-1.25,0.34,5,83.7,20.46,0.07,0.0028,0.073,0.0,-0.012,-1.342,-1.458,-23.55,12.19,21.76,1,0.533,-29.57,36.05,0.0,0,4,0.0721,0.0721,0.0758,0.074
93.374,1,0.891,-1.25,0.48,5,83.8,20.46,0.07,0.0052,0.073,0.002,0.005,-1.341,-1.458,-23.55,12.19,21.76,1,0.541,-29.57,37.61,0.0,0,4,0.0703,0.0721,0.0777,0.0721
93.409,1,0.888,-1.25,0.48,5,83.6,20.46,0.07,0.0029,0.074,0.001,0.009,-1.338,-1.46,-23.49,12.19,21.76,1,0.541,-29.57,37.61,0.0,0,4,0.074,0.0778,0.0722,0.0703
93.444,1,0.89,-1.25,0.48,5,83.2,20.46,0.07,0.0028,0.074,-0.001,-0.032,-1.335,-1.461,-23.55,12.19,21.76,1,0.541,-29.57,37.61,0.0,0,4,0.0796,0.0815,0.0648,0.0703
93.477,1,0.894,-1.25,0.35,5,83.2,20.56,0.07,0.0028,0.074,-0.003,-0.027,-1.334,-1.462,-23.55,12.19,21.76,1,0.541,-29.57,37.61,0.0,0,4,0.0833,0.0814,0.0611,0.0703
93.543,1,0.893,-1.25,0.47,5,83.0,20.46,0.07,0.0051,0.075,-0.002,0.034,-1.329,-1.464,-23.43,12.19,23.33,1,0.548,-26.66,37.65,0.0,0,4,0.0685,0.0703,0.0759,0.0851
93.577,1,0.887,-1.25,0.47,5,82.9,20.46,0.07,0.003,0.074,-0.001,0.018,-1.327,-1.465,-23.43,12.19,23.33,1,0.55,-25.69,38.66,0.0,0,4,0.0648,0.0685,0.0759,0.0852
93.611,1,0.888,-1.0,0.41,5,82.8,20.56,0.07,0.0029,0.07,-0.001,0.019,-1.325,-1.466,-23.38,12.19,23.33,1,0.55,-25.69,38.66,0.0,0,4,0.0648,0.0685,0.0703,0.0777
93.643,1,0.89,-0.75,0.18,5,83.0,20.56,0.07,0.001,0.068,0.0,0.022,-1.322,-1.467,-23.32,12.19,23.33,1,0.572,-25.69,40.97,0.0,0,4,0.0649,0.0704,0.0649,0.0704
93.677,1,0.893,-0.75,0.5,5,83.3,20.46,0.07,0.0023,0.069,0.001,0.019,-1.321,-1.467,-23.32,12.19,23.33,1,0.572,-25.69,40.97,0.0,0,4,0.0648,0.0722,0.0667,0.0704
93.71,1,0.893,-0.5,0.55,5,83.5,20.56,0.07,-0.0029,0.068,0.002,0.022,-1.319,-1.468,-23.26,12.19,23.33,1,0.568,-27.63,38.27,0.0,0,4,0.0611,0.0722,0.0685,0.0722
93.745,1,0.89,-0.25,0.33,5,83.6,20.56,0.07,-0.0066,0.068,0.001,0.029,-1.316,-1.469,-23.26,12.19,25.9,1,0.573,-29.08,36.32,0.0,0,4,0.0629,0.0722,0.0648,0.0703
93.774,1,0.884,-0.25,1.15,5,83.9,21.1,0.07,-0.0052,0.067,0.001,0.027,-1.315,-1.47,-23.2,12.19,25.9,1,0.586,-28.6,36.07,0.0,0,4,0.0629,0.074,0.0629,0.0685
93.809,1,0.885,-0.25,1.92,5,84.4,21.1,0.07,-0.0191,0.066,0.0,-0.012,-1.312,-1.471,-23.15,12.19,25.9,1,0.593,-27.63,37.0,0.0,0,4,0.0666,0.074,0.0592,0.0648
93.845,1,0.881,-0.5,2.73,5,84.5,21.02,0.07,-0.0322,0.068,-0.001,-0.028,-1.31,-1.472,-23.26,12.19,25.9,1,0.59,-27.14,38.65,0.0,0,4,0.074,0.0759,0.0574,0.0629
93.874,1,0.876,-0.25,3.1,5,84.6,20.57,0.07,-0.043,0.067,-0.003,-0.03,-1.309,-1.473,-23.32,12.19,25.9,1,0.602,-28.11,39.15,0.0,0,4,0.0759,0.0703,0.0574,0.0648
93.91,1,0.878,-0.25,3.89,5,84.5,20.56,0.07,-0.0526,0.068,-0.002,0.007,-1.306,-1.474,-23.32,12.19,25.9,1,0.604,-29.08,37.6,0.0,0,4,0.074,0.0666,0.0666,0.0666
93.942,1,0.882,-0.25,4.74,5,84.4,20.57,0.07,-0.0661,0.067,0.001,-0.004,-1.304,-1.475,-23.32,12.19,29.85,1,0.604,-29.08,37.6,0.0,0,4,0.0648,0.0592,0.0778,0.0666
93.976,1,0.881,-0.25,5.34,5,84.3,21.1,0.07,-0.0808,0.066,0.003,-0.032,-1.303,-1.475,-23.38,12.19,29.85,1,0.604,-29.08,37.6,0.0,0,4,0.0629,0.0592,0.0777,0.0629
94.012,1,0.872,-0.75,6.55,5,84.3,21.11,0.07,-0.0911,0.064,0.0,-0.032,-1.3,-1.476,-23.43,12.19,29.85,1,0.604,-29.08,37.6,0.0,0,4,0.0647,0.0573,0.0721,0.0629
94.044,1,0.857,-0.75,7.03,5,84.1,20.57,0.07,-0.1059,0.064,-0.001,-0.029,-1.298,-1.477,-23.49,12.19,29.85,1,0.604,-29.08,37.6,0.0,0,4,0.0697,0.0568,0.0678,0.0605
94.073,1,0.846,-1.0,7.94,5,84.1,21.11,0.07,-0.115,0.065,-0.002,-0.039,-1.297,-1.478,-23.55,12.19,29.85,1,0.622,-33.93,34.63,0.0,0,4,0.0715,0.0568,0.0678,0.0623
94.111,1,0.851,-1.25,8.98,5,83.9,21.11,0.07,-0.1282,0.065,-0.003,-0.032,-1.294,-1.479,-23.66,12.19,29.85,1,0.629,-33.93,34.23,0.0,0,4,0.0734,0.0532,0.0715,0.0624
94.173,1,0.852,-2.25,11.58,5,84.1,22.19,0.07,-0.1442,0.068,-0.002,-0.075,-1.291,-1.481,-23.84,12.2,34.94,1,0.615,-37.81,31.6,0.0,0,4,0.0791,0.0533,0.0772,0.0607
94.21,1,0.842,-2.25,12.37,5,84.0,22.19,0.07,-0.1773,0.07,-0.003,-0.055,-1.288,-1.482,-24.01,12.2,34.94,1,0.615,-37.81,31.6,0.0,0,4,0.0931,0.0566,0.0785,0.0529
94.274,1,0.835,-3.24,14.33,5,83.9,22.19,0.07,-0.1939,0.073,-0.001,-0.085,-1.284,-1.484,-24.41,12.2,34.94,1,0.583,-42.17,23.18,0.0,0,4,0.0992,0.0606,0.0826,0.0496
94.312,1,0.835,-3.74,15.14,5,83.8,22.77,0.07,-0.2169,0.071,0.002,-0.161,-1.281,-1.485,-24.75,12.2,34.94,1,0.583,-42.17,23.18,0.0,0,4,0.087,0.0518,0.0944,0.05
94.376,1,0.826,-5.24,17.11,5,83.5,22.68,0.07,-0.2274,0.065,0.004,-0.173,-1.278,-1.486,-25.32,12.2,38.28,1,0.574,-46.05,17.99,0.0,0,4,0.087,0.037,0.0999,0.0352
94.41,1,0.83,-6.24,17.17,5,83.4,22.22,0.07,-0.2437,0.063,0.003,-0.21,-1.275,-1.487,-25.84,12.2,38.28,1,0.574,-46.05,17.99,0.0,0,4,0.094,0.0332,0.0995,0.0258
94.441,1,0.832,-7.49,17.67,5,83.4,22.19,0.07,-0.235,0.064,0.005,-0.259,-1.273,-1.488,-26.41,12.2,38.28,1,0.566,-47.98,18.94,0.0,0,4,0.0959,0.0295,0.107,0.0221
94.473,1,0.836,-9.23,19.02,5,83.8,22.22,0.07,-0.2322,0.064,0.002,-0.278,-1.272,-1.489,-26.76,12.2,38.28,1,0.566,-47.98,18.94,0.0,0,4,0.0995,0.0253,0.1068,0.0235
94.513,1,0.843,-9.98,19.01,5,83.9,22.68,0.07,-0.2384,0.065,0.003,-0.215,-1.269,-1.49,-27.27,12.2,38.28,1,0.566,-47.98,18.94,0.0,0,4,0.1036,0.0255,0.1091,0.02
94.543,1,0.841,-9.98,18.49,5,83.5,22.22,0.07,-0.2308,0.069,0.003,-0.183,-1.267,-1.491,-27.73,12.2,39.78,1,0.585,-50.41,13.82,0.0,0,4,0.1054,0.0291,0.1145,0.0255
94.573,1,0.829,-10.48,18.62,5,83.0,22.15,0.07,-0.2257,0.069,0.004,-0.256,-1.266,-1.492,-28.02,12.2,39.78,1,0.592,-50.89,13.18,0.0,0,4,0.1038,0.0315,0.1131,0.0259
94.674,1,0.849,-10.73,17.41,5,81.9,21.67,0.07,-0.2276,0.068,-0.0,-0.205,-1.26,-1.495,-29.16,12.2,39.78,1,0.611,-51.38,14.16,0.0,0,4,0.1037,0.0315,0.1037,0.0333
94.71,1,0.854,-10.73,16.92,5,81.6,22.15,0.07,-0.2047,0.07,-0.003,-0.209,-1.257,-1.497,-29.62,12.2,39.78,1,0.611,-51.38,14.16,0.0,0,4,0.1093,0.0315,0.1019,0.037
94.743,1,0.845,-11.23,16.72,5,81.4,22.22,0.07,-0.1965,0.071,-0.006,-0.213,-1.255,-1.499,-30.14,12.2,35.48,1,0.614,-51.38,12.07,0.0,0,4,0.1147,0.0315,0.0999,0.0389
94.774,1,0.842,-11.23,16.53,5,81.2,22.15,0.07,-0.1879,0.071,-0.006,-0.178,-1.254,-1.499,-30.37,12.2,35.48,1,0.69,-50.89,34.64,0.0,0,5,0.1148,0.0315,0.0981,0.0407
94.808,1,0.849,-11.23,15.91,5,81.3,21.67,0.07,-0.1852,0.073,-0.004,-0.134,-1.251,-1.501,-30.71,12.2,35.48,1,0.69,-50.89,34.64,0.0,0,5,0.111,0.0352,0.1036,0.0426
94.841,1,0.846,-11.23,15.67,5,81.2,21.62,0.07,-0.1752,0.073,-0.003,-0.136,-1.249,-1.503,-31.0,12.2,35.48,1,0.709,-43.14,51.75,0.0,0,5,0.1036,0.0389,0.1018,0.0481
94.876,1,0.842,-11.23,15.27,5,81.3,21.67,0.07,-0.1715,0.074,-0.002,-0.129,-1.247,-1.503,-31.17,12.2,35.48,1,0.547,-40.23,34.96,0.0,0,4,0.1018,0.0426,0.1018,0.0518
94.908,1,0.846,-10.98,15.12,5,81.4,21.67,0.07,-0.1647,0.074,-0.003,-0.105,-1.245,-1.505,-31.46,12.2,35.48,1,0.547,-40.23,34.96,0.0,0,4,0.098,0.0481,0.0943,0.0555
94.942,1,0.85,-10.73,14.44,5,81.1,21.67,0.07,-0.1655,0.075,0.001,-0.076,-1.242,-1.507,-31.63,12.2,33.15,1,0.547,-40.23,34.96,0.0,0,4,0.0925,0.0592,0.0925,0.0555
94.972,1,0.848,-10.23,13.98,5,80.6,22.19,0.07,-0.1565,0.076,-0.001,-0.055,-1.241,-1.507,-31.74,12.2,33.15,1,0.604,-38.29,32.61,0.0,0,4,0.0942,0.0591,0.0905,0.0591
95.043,1,0.825,-9.23,13.34,5,80.2,21.67,0.07,-0.1535,0.079,-0.001,-0.062,-1.236,-1.511,-32.2,12.2,33.15,1,0.601,-36.84,35.19,0.0,0,4,0.0961,0.0628,0.0924,0.0647
95.076,1,0.826,-8.98,13.29,5,80.0,21.62,0.07,-0.1535,0.077,0.001,-0.113,-1.234,-1.511,-32.37,12.2,33.15,1,0.597,-35.87,34.83,0.0,0,4,0.0925,0.0629,0.0944,0.0592
95.109,1,0.827,-8.73,13.03,5,79.8,21.46,0.07,-0.155,0.073,0.0,-0.129,-1.232,-1.513,-32.6,12.2,33.15,1,0.631,-35.87,46.72,0.0,0,5,0.0924,0.0518,0.0961,0.0536
95.172,1,0.818,-9.23,12.77,5,79.1,21.62,0.077,-0.151,0.069,-0.004,-0.131,-1.229,-1.516,-33.06,12.19,33.16,1,0.573,-35.38,53.31,0.0,0,5,0.0942,0.0425,0.0887,0.0517
95.24,1,0.78,-9.73,12.29,5,78.3,21.62,0.098,-0.1398,0.071,-0.004,-0.147,-1.224,-1.519,-33.8,12.19,33.16,1,0.537,-34.9,58.15,0.0,0,5,0.0979,0.0388,0.0942,0.0517
95.271,1,0.772,-9.98,12.13,5,78.0,21.6,0.112,-0.1316,0.074,-0.005,-0.151,-1.223,-1.52,-33.98,12.19,33.16,1,0.535,-35.38,58.55,0.0,0,5,0.1018,0.0389,0.0981,0.0555
95.372,1,0.791,-9.98,14.23,5,75.7,23.26,0.147,-0.1863,0.097,-0.001,-0.098,-1.215,-1.526,-34.84,12.19,36.49,1,0.5,-39.26,63.3,0.0,0,5,0.1273,0.0701,0.1218,0.0701
95.475,1,0.786,-9.48,18.6,5,74.1,21.67,0.0869,-0.1583,0.133,0.003,-0.191,-1.204,-1.533,-35.87,12.19,36.49,1,0.547,-42.65,62.03,0.0,0,5,0.1593,0.1074,0.1649,0.1019
95.511,1,0.786,-9.23,20.78,5,74.2,23.26,0.07,-0.2404,0.138,-0.0,-0.231,-1.199,-1.537,-36.33,12.19,36.49,1,0.547,-42.65,62.03,0.0,0,5,0.1741,0.1074,0.1686,0.1037
95.577,1,0.851,-9.23,25.56,5,75.0,22.68,0.07,-0.2808,0.128,-0.001,-0.146,-1.194,-1.541,-36.96,12.2,43.35,1,0.58,-46.53,61.01,0.0,0,5,0.1649,0.0926,0.1612,0.0945
95.672,1,0.876,-10.98,27.0,5,75.1,22.19,0.0946,-0.3633,0.106,-0.007,-0.222,-1.185,-1.548,-38.22,12.2,43.35,1,0.59,-52.35,58.77,0.0,0,5,0.145,0.0551,0.1432,0.0808
95.772,1,0.858,-11.98,26.12,5,74.5,22.15,0.0915,-0.37,0.103,-0.015,-0.327,-1.178,-1.556,-39.82,12.2,44.85,1,0.606,-54.29,58.47,0.0,0,5,0.1634,0.0385,0.1377,0.0734
95.873,1,0.876,-10.23,23.71,5,75.4,22.22,0.0956,-0.3459,0.107,0.004,-0.268,-1.17,-1.563,-41.42,12.2,44.85,1,0.634,-50.41,56.03,0.0,0,5,0.1506,0.068,0.1524,0.0551
95.971,1,0.905,-8.73,22.94,5,76.9,21.67,0.1071,-0.324,0.109,0.014,-0.294,-1.163,-1.568,-42.57,12.2,44.85,1,0.642,-45.08,53.77,0.0,0,5,0.1423,0.0813,0.1645,0.048
96.008,1,0.908,-8.98,22.64,5,76.2,21.67,0.1108,-0.3356,0.111,0.004,-0.329,-1.159,-1.571,-43.32,12.2,44.85,1,0.642,-45.08,53.77,0.0,0,5,0.1565,0.0619,0.1675,0.0564
96.043,1,0.916,-9.23,21.64,5,75.9,21.46,0.1122,-0.3298,0.109,-0.006,-0.349,-1.157,-1.574,-44.12,12.2,44.85,1,0.642,-45.08,53.77,0.0,0,5,0.1692,0.0455,0.1601,0.0618
96.072,1,0.912,-9.48,20.75,5,75.9,21.6,0.117,-0.3229,0.109,-0.008,-0.32,-1.155,-1.576,-44.46,12.2,44.85,1,0.642,-45.08,53.77,0.0,0,5,0.1745,0.0436,0.1582,0.0582
96.108,1,0.902,-10.23,20.45,5,75.6,21.46,0.1212,-0.3156,0.107,-0.006,-0.333,-1.152,-1.579,-45.15,12.2,44.85,1,0.672,-41.2,49.63,0.0,0,5,0.1752,0.0406,0.1605,0.0516
96.171,1,0.875,-11.73,18.99,5,76.2,21.6,0.1227,-0.3057,0.111,-0.009,-0.353,-1.148,-1.584,-46.35,12.2,44.85,1,0.696,-40.23,46.94,0.0,0,5,0.1811,0.0407,0.1645,0.0591
96.208,1,0.885,-11.98,18.27,5,76.5,21.02,0.1296,-0.2773,0.12,-0.012,-0.38,-1.145,-1.588,-47.21,12.2,44.85,1,0.696,-40.23,46.94,0.0,0,5,0.1924,0.05,0.1665,0.0722
96.271,1,0.813,-12.48,18.46,5,77.5,21.67,0.133,-0.2722,0.123,-0.006,-0.29,-1.14,-1.594,-48.19,12.2,44.85,1,0.73,-36.84,43.09,0.0,0,5,0.1812,0.0629,0.172,0.0758
96.341,1,0.807,-12.48,19.57,5,78.6,21.62,0.1128,-0.2184,0.129,0.005,-0.314,-1.133,-1.601,-49.5,12.2,44.85,1,0.763,-34.41,42.06,0.0,0,5,0.1701,0.0869,0.1793,0.0777
96.371,1,0.767,-12.48,22.72,5,78.7,25.0,0.089,-0.2276,0.13,0.004,-0.297,-1.131,-1.604,-49.9,12.2,44.85,1,0.763,-34.41,42.06,0.0,0,5,0.1737,0.0887,0.1792,0.0795
96.407,1,0.755,-12.48,26.49,5,78.6,21.62,0.0771,-0.2829,0.127,0.002,-0.242,-1.128,-1.607,-50.48,12.2,44.85,1,0.775,-31.5,38.81,0.0,0,5,0.1755,0.0832,0.1755,0.0758
96.441,1,0.765,-12.98,30.48,5,78.7,23.73,0.07,-0.3491,0.122,0.001,-0.268,-1.125,-1.611,-50.99,12.2,44.85,1,0.795,-30.05,37.35,0.0,0,5,0.1663,0.0758,0.17,0.0758
96.472,1,0.793,-13.23,33.87,5,76.9,25.84,0.07,-0.4131,0.117,-0.0,-0.225,-1.124,-1.613,-51.28,12.2,44.85,1,0.804,-28.6,36.0,0.0,0,5,0.1626,0.0684,0.1645,0.0721
96.508,1,0.794,-13.73,36.53,5,77.0,28.77,0.07,-0.4242,0.107,-0.006,-0.216,-1.122,-1.616,-51.74,12.2,44.85,1,0.804,-28.6,36.0,0.0,0,5,0.157,0.0517,0.1496,0.0702
96.539,1,0.809,-15.97,39.38,5,77.4,28.16,0.07,-0.4242,0.098,-0.013,-0.339,-1.12,-1.619,-52.48,12.19,44.85,1,0.822,-26.66,34.71,0.0,0,5,0.1587,0.0369,0.1329,0.0627
96.572,1,0.821,-17.72,41.27,5,77.6,28.16,0.07,-0.4242,0.095,-0.013,-0.348,-1.119,-1.621,-52.88,12.19,44.85,1,0.822,-26.66,34.71,0.0,0,5,0.1552,0.0314,0.1312,0.061
96.608,1,0.817,-17.97,42.72,5,78.2,28.03,0.07,-0.4242,0.088,-0.01,-0.364,-1.117,-1.624,-53.69,12.19,44.85,1,0.822,-26.66,34.71,0.0,0,5,0.1499,0.0204,0.1369,0.0463
96.639,1,0.819,-19.22,43.47,5,79.2,28.03,0.07,-0.4242,0.08,-0.006,-0.324,-1.115,-1.626,-54.49,12.19,44.85,1,0.822,-26.66,34.71,0.0,0,5,0.1462,0.0074,0.1388,0.0259
96.672,1,0.817,-20.71,43.69,5,79.4,28.03,0.07,-0.4242,0.075,-0.006,-0.393,-1.115,-1.627,-54.95,12.19,44.85,1,0.822,-26.66,34.71,0.0,0,5,0.1481,0.0037,0.1351,0.0148
96.705,1,0.811,-22.46,43.58,5,79.9,27.44,0.07,-0.4242,0.069,-0.004,-0.399,-1.113,-1.63,-55.86,12.19,44.85,1,0.82,-30.54,23.96,0.0,0,5,0.1463,0.0,0.1315,0.0
96.739,1,0.832,-23.96,43.26,5,79.7,26.93,0.07,-0.4242,0.068,-0.001,-0.403,-1.112,-1.632,-56.84,12.19,44.85,1,0.847,-31.5,21.19,0.0,0,5,0.1427,0.0,0.1334,-0.0037
96.807,1,0.818,-25.7,43.1,5,79.7,26.32,0.07,-0.4242,0.068,0.0,-0.43,-1.109,-1.635,-58.16,12.19,44.85,1,0.86,-33.93,15.6,0.0,0,5,0.1351,0.0,0.1369,0.0
96.838,1,0.812,-25.7,42.48,5,79.5,26.32,0.07,-0.4242,0.067,0.001,-0.399,-1.108,-1.638,-59.07,12.19,44.85,1,0.856,-35.38,12.77,0.0,0,5,0.1331,0.0,0.1368,0.0
96.88,1,0.813,-25.21,41.6,5,79.1,25.71,0.07,-0.4242,0.067,0.0,-0.382,-1.107,-1.64,-59.93,12.19,44.85,1,0.865,-37.32,9.9,0.0,0,5,0.1332,0.0,0.1332,0.0
96.905,1,0.819,-24.71,40.65,5,78.6,25.56,0.07,-0.4242,0.067,-0.0,-0.381,-1.106,-1.641,-60.39,12.19,44.85,1,0.865,-37.32,9.9,0.0,0,5,0.1351,0.0,0.1332,0.0
96.942,1,0.826,-24.71,39.92,5,78.3,25.69,0.07,-0.4242,0.068,-0.002,-0.415,-1.105,-1.644,-61.31,12.19,44.85,1,0.865,-37.32,9.9,0.0,0,5,0.1388,0.0,0.1314,0.0
96.971,1,0.825,-24.46,39.04,5,78.1,25.1,0.07,-0.4242,0.068,-0.001,-0.366,-1.104,-1.645,-61.76,12.19,44.85,1,0.86,-41.2,-0.33,0.0,0,5,0.1387,0.0,0.1331,0.0
97.009,1,0.826,-24.46,38.47,5,78.2,24.96,0.07,-0.4242,0.068,-0.0,-0.395,-1.103,-1.647,-62.62,12.19,44.85,1,0.87,-43.14,-2.13,0.0,0,5,0.1369,0.0,0.1351,0.0
97.043,1,0.829,-24.21,37.65,5,78.1,25.0,0.07,-0.4242,0.069,-0.001,-0.36,-1.102,-1.65,-63.43,12.19,44.85,1,0.872,-44.11,-6.15,0.0,0,5,0.1389,0.0,0.1352,0.0
97.071,1,0.836,-24.21,37.05,5,77.9,24.52,0.07,-0.4242,0.07,-0.002,-0.412,-1.101,-1.651,-63.94,12.19,44.85,1,0.87,-45.56,-9.53,0.0,0,5,0.1427,0.0,0.1353,0.0
97.104,1,0.842,-24.21,36.28,5,77.7,24.48,0.07,-0.4242,0.07,-0.002,-0.39,-1.1,-1.653,-64.8,12.19,44.85,1,0.865,-47.01,-11.87,0.0,0,5,0.1446,0.0,0.1353,0.0
97.143,1,0.844,-24.21,35.49,5,77.1,24.45,0.07,-0.4158,0.07,-0.001,-0.412,-1.099,-1.656,-65.78,12.18,44.85,1,0.865,-47.98,-15.8,0.0,0,5,0.1427,0.0,0.139,0.0
97.172,1,0.837,-24.46,35.01,5,76.8,23.94,0.07,-0.4019,0.069,0.0,-0.36,-1.098,-1.657,-66.18,12.18,44.85,1,0.87,-49.92,-17.11,0.0,0,5,0.1389,0.0,0.1389,0.0
97.206,1,0.84,-24.96,34.41,5,76.5,23.94,0.07,-0.3903,0.068,0.0,-0.426,-1.097,-1.66,-67.09,12.18,44.85,1,0.864,-51.86,-19.33,0.0,0,5,0.1353,0.0,0.1372,0.0
97.241,1,0.849,-24.96,33.29,5,76.6,23.94,0.07,-0.3741,0.068,-0.001,-0.378,-1.096,-1.662,-67.95,12.18,44.85,1,0.864,-51.86,-19.33,0.0,0,5,0.1351,0.0,0.1351,0.0037
97.273,1,0.851,-25.21,32.59,5,76.6,23.35,0.07,-0.3552,0.07,-0.002,-0.406,-1.096,-1.664,-68.41,12.18,44.85,1,0.864,-51.86,-19.33,0.0,0,5,0.1389,0.0,0.1352,0.0056
97.306,1,0.835,-25.7,31.93,5,77.7,23.73,0.07,-0.3402,0.071,-0.001,-0.373,-1.095,-1.666,-69.33,12.18,44.85,1,0.848,-56.71,-27.74,0.0,0,5,0.1408,0.0,0.1389,0.0037
97.339,1,0.818,-25.95,31.2,5,78.9,23.35,0.07,-0.3233,0.068,-0.0,-0.398,-1.094,-1.669,-70.24,12.18,44.85,1,0.85,-58.65,-29.07,0.0,0,5,0.1372,0.0,0.1354,0.0
97.373,1,0.803,-26.2,30.36,5,79.7,23.35,0.0715,-0.3086,0.065,0.001,-0.349,-1.093,-1.67,-70.65,12.18,44.85,1,0.85,-58.65,-29.07,0.0,0,5,0.1297,0.0,0.1334,-0.0019
97.407,1,0.791,-26.95,30.02,5,80.5,23.34,0.0755,-0.2913,0.064,-0.0,-0.352,-1.092,-1.672,-71.45,12.18,44.85,1,0.85,-58.65,-29.07,0.0,0,5,0.1241,0.0,0.1278,0.0037
97.442,1,0.788,-27.2,29.06,5,81.2,23.2,0.0771,-0.2775,0.065,-0.002,-0.309,-1.092,-1.675,-72.25,12.18,44.85,1,0.83,-64.46,-35.02,0.0,0,5,0.1192,0.0,0.1266,0.0147
97.47,1,0.788,-27.45,28.67,5,81.6,22.78,0.0817,-0.2592,0.065,-0.002,-0.305,-1.091,-1.676,-72.59,12.18,44.85,1,0.841,-65.43,-36.27,0.0,0,5,0.1182,0.0018,0.1236,0.0164
97.506,1,0.772,-27.7,27.82,5,82.1,22.77,0.0835,-0.25,0.067,-0.004,-0.299,-1.091,-1.679,-73.34,12.18,44.85,1,0.841,-65.43,-36.27,0.0,0,5,0.1202,0.0072,0.1184,0.0215
97.539,1,0.76,-27.7,27.13,5,82.7,22.77,0.0876,-0.2334,0.067,-0.001,-0.268,-1.09,-1.682,-73.91,12.16,36.06,1,0.841,-65.43,-36.27,0.0,0,5,0.119,0.0162,0.1154,0.0162
97.57,1,0.774,-27.2,26.6,5,82.8,22.77,0.0908,-0.2219,0.07,-0.001,-0.294,-1.09,-1.683,-74.26,12.16,36.06,1,0.841,-65.43,-36.27,0.0,0,5,0.1183,0.02,0.1165,0.0237
97.605,1,0.788,-26.95,25.95,5,82.7,22.68,0.0934,-0.2197,0.075,0.001,-0.193,-1.089,-1.686,-74.77,12.16,36.06,1,0.796,-55.25,-25.98,0.0,0,5,0.1175,0.0331,0.1194,0.0294
97.64,1,0.787,-26.7,25.76,5,82.3,22.77,0.0965,-0.2112,0.083,0.001,-0.166,-1.088,-1.69,-75.11,12.16,36.06,1,0.796,-55.25,-25.98,0.0,0,5,0.1142,0.0461,0.1216,0.0497
97.67,1,0.798,-26.2,25.34,5,82.1,22.22,0.0974,-0.2105,0.087,0.002,-0.18,-1.087,-1.692,-75.34,12.16,36.06,1,0.796,-55.25,-25.98,0.0,0,5,0.1178,0.0552,0.1215,0.0516
97.704,1,0.814,-25.46,24.88,5,81.4,22.77,0.0994,-0.2093,0.094,0.001,-0.145,-1.086,-1.695,-75.69,12.16,36.06,1,0.773,-41.68,-8.24,0.0,0,5,0.1214,0.0662,0.1233,0.0644
97.741,1,0.817,-24.46,24.58,5,81.3,22.19,0.1016,-0.2089,0.096,0.002,-0.175,-1.085,-1.697,-75.92,12.16,36.06,1,0.773,-41.68,-8.24,0.0,0,5,0.1234,0.07,0.1252,0.0644
97.77,1,0.81,-23.46,24.26,5,81.1,22.15,0.103,-0.2154,0.099,0.002,-0.17,-1.084,-1.701,-76.26,12.16,24.06,1,0.773,-41.68,-8.24,0.0,0,5,0.1234,0.0737,0.129,0.07
97.804,1,0.816,-22.71,24.05,5,81.1,22.19,0.1045,-0.22,0.099,0.003,-0.169,-1.083,-1.705,-76.66,12.16,24.06,1,0.764,-28.6,9.55,0.0,0,5,0.1242,0.0741,0.1297,0.0686
97.84,1,0.82,-21.96,23.63,5,81.0,21.67,0.1055,-0.2223,0.1,0.003,-0.136,-1.082,-1.709,-77.01,12.16,24.06,1,0.764,-28.6,9.55,0.0,0,5,0.1243,0.0705,0.1354,0.0686
97.871,1,0.819,-21.96,23.83,5,81.1,22.04,0.1075,-0.2213,0.1,0.001,-0.178,-1.082,-1.711,-77.23,12.16,24.06,1,0.764,-28.6,9.55,0.0,0,5,0.1261,0.0668,0.1354,0.0705
97.905,1,0.813,-21.71,23.35,5,80.7,22.19,0.1066,-0.2235,0.102,-0.006,-0.182,-1.082,-1.715,-77.64,12.16,24.06,1,0.746,-18.9,24.8,0.0,0,5,0.1372,0.0612,0.1316,0.0778
97.943,1,0.817,-21.46,23.07,5,80.7,21.67,0.1089,-0.2166,0.107,-0.012,-0.188,-1.081,-1.72,-78.09,12.16,17.2,1,0.746,-18.9,24.8,0.0,0,5,0.1517,0.0611,0.1277,0.087
97.97,1,0.814,-20.96,22.96,5,80.7,22.04,0.1102,-0.2187,0.107,-0.011,-0.205,-1.081,-1.722,-78.32,12.16,17.2,1,0.764,-13.57,31.93,0.0,0,5,0.1522,0.0623,0.1302,0.0825
98.008,1,0.816,-20.21,22.33,5,80.3,21.62,0.1107,-0.2233,0.107,-0.005,-0.221,-1.08,-1.726,-78.78,12.16,17.2,1,0.746,-11.15,35.84,0.0,0,5,0.1447,0.0659,0.1373,0.0806
98.037,1,0.819,-20.21,22.52,5,79.9,21.6,0.1137,-0.2294,0.108,-0.0,-0.164,-1.079,-1.73,-79.24,12.16,17.2,1,0.736,-11.15,34.82,0.0,0,5,0.1392,0.0696,0.141,0.0806
98.071,1,0.821,-19.97,22.38,5,79.5,21.42,0.1128,-0.2281,0.113,-0.002,-0.195,-1.079,-1.733,-79.41,12.16,17.2,1,0.739,-11.63,35.96,0.0,0,5,0.1423,0.0739,0.1478,0.0868
98.107,1,0.83,-19.72,22.14,5,78.3,21.46,0.1135,-0.2303,0.119,-0.0,-0.168,-1.078,-1.738,-79.81,12.16,17.2,1,0.727,-12.12,35.41,0.0,0,5,0.1461,0.0832,0.1535,0.0924
98.138,1,0.827,-19.22,22.15,5,77.2,22.19,0.1146,-0.2314,0.123,0.001,-0.159,-1.077,-1.743,-80.21,12.16,18.62,1,0.732,-12.12,35.31,0.0,0,5,0.148,0.087,0.1573,0.0925
98.169,1,0.838,-17.47,20.9,5,76.8,21.1,0.1146,-0.2371,0.122,0.003,-0.122,-1.076,-1.745,-80.39,12.16,18.62,1,0.751,-13.09,33.22,0.0,0,5,0.1499,0.0962,0.1536,0.0888
98.203,1,0.847,-17.47,21.32,5,76.8,21.62,0.1205,-0.2528,0.12,-0.001,-0.134,-1.076,-1.749,-80.67,12.16,18.62,1,0.743,-13.57,30.45,0.0,0,5,0.1499,0.0889,0.1499,0.0926
98.24,1,0.847,-16.47,20.56,5,76.5,21.6,0.1185,-0.2516,0.119,-0.006,-0.227,-1.075,-1.754,-81.13,12.16,18.62,1,0.743,-13.57,30.45,0.0,0,5,0.1499,0.0777,0.148,0.1018
98.27,1,0.849,-16.47,20.31,5,76.1,21.6,0.1221,-0.2577,0.12,-0.006,-0.17,-1.075,-1.757,-81.36,12.16,18.62,1,0.743,-13.57,30.45,0.0,0,5,0.1499,0.074,0.1536,0.1036
98.305,1,0.851,-15.97,19.87,5,75.4,21.1,0.1233,-0.2551,0.123,-0.001,-0.17,-1.074,-1.762,-81.76,12.16,18.62,1,0.733,-18.42,23.74,0.0,0,5,0.1518,0.0815,0.1611,0.0963
98.339,1,0.842,-14.97,19.69,5,76.2,21.6,0.1254,-0.2564,0.124,0.005,-0.207,-1.073,-1.767,-82.28,12.16,21.16,1,0.755,-17.93,23.1,0.0,0,5,0.1517,0.0925,0.1665,0.087
98.403,1,0.842,-12.98,18.38,5,74.8,21.02,0.1263,-0.2642,0.128,0.011,-0.185,-1.071,-1.774,-82.96,12.16,21.16,1,0.741,-17.93,24.59,0.0,0,5,0.1495,0.1015,0.1772,0.0849
98.438,1,0.836,-12.23,18.1,5,74.2,21.02,0.1325,-0.2758,0.128,0.012,-0.192,-1.07,-1.779,-83.42,12.16,21.16,1,0.745,-18.9,25.38,0.0,0,5,0.1513,0.0997,0.1809,0.0794
98.469,1,0.828,-11.23,17.55,5,73.9,21.1,0.1338,-0.281,0.13,0.012,-0.21,-1.07,-1.782,-83.65,12.16,21.16,1,0.739,-19.87,21.85,0.0,0,5,0.157,0.1016,0.1828,0.0776
98.505,1,0.824,-10.73,17.88,5,74.0,21.1,0.1365,-0.2847,0.133,0.012,-0.287,-1.069,-1.787,-84.22,12.16,21.16,1,0.738,-19.87,22.19,0.0,0,5,0.1663,0.1035,0.1848,0.0758
98.54,1,0.821,-11.73,18.23,5,74.6,20.57,0.1349,-0.2904,0.135,0.011,-0.33,-1.068,-1.79,-84.57,12.17,21.9,1,0.738,-19.87,22.19,0.0,0,5,0.1702,0.1036,0.1869,0.0777
98.573,1,0.787,-12.98,17.67,5,75.4,20.57,0.1332,-0.2792,0.138,0.012,-0.259,-1.067,-1.796,-85.31,12.17,21.9,1,0.738,-19.87,22.19,0.0,0,5,0.1734,0.1014,0.1992,0.0775
98.605,1,0.76,-13.48,17.06,5,75.6,20.81,0.1359,-0.2578,0.137,0.012,-0.275,-1.066,-1.801,-86.0,12.17,21.9,1,0.738,-19.87,22.19,0.0,0,5,0.1714,0.094,0.2046,0.0774
98.639,1,0.348,-6.06,15.96,4,75.8,20.84,0.1388,-0.2466,0.136,0.012,-0.288,-1.065,-1.807,-86.63,12.17,21.9,1,0.738,-19.87,22.19,0.0,0,5,0.1713,0.094,0.2045,0.0774
98.674,1,0.352,-5.54,15.51,4,75.3,20.79,0.1221,-0.2426,0.14,0.012,-0.268,-1.065,-1.81,-86.92,12.17,21.9,1,0.738,-19.87,22.19,0.0,0,5,0.1738,0.1017,0.2015,0.0814
98.704,1,0.756,-11.98,15.75,5,74.6,21.02,0.1228,-0.2382,0.144,0.016,-0.269,-1.064,-1.815,-87.55,12.17,21.9,1,0.738,-19.87,22.19,0.0,0,5,0.1722,0.1166,0.2036,0.0833
98.738,1,0.755,-11.98,15.3,5,74.4,20.57,0.1368,-0.2234,0.145,0.017,-0.249,-1.063,-1.818,-87.83,12.17,21.86,1,0.738,-19.87,22.19,0.0,0,5,0.1722,0.1203,0.2036,0.0852
98.771,1,0.83,-7.99,13.82,5,73.8,20.81,0.1472,-0.2373,0.142,0.015,-0.256,-1.063,-1.824,-88.41,12.17,21.86,1,0.738,-19.87,22.19,0.0,0,5,0.1721,0.1184,0.1961,0.0814
98.803,1,0.825,-7.99,14.1,5,73.8,20.81,0.1541,-0.2667,0.14,0.009,-0.187,-1.062,-1.83,-88.81,12.17,21.86,1,0.724,-23.75,14.91,0.0,0,5,0.1781,0.109,0.189,0.0836
98.842,1,0.304,-4.48,16.59,4,74.1,21.36,0.1529,-0.2675,0.143,0.008,-0.259,-1.062,-1.836,-89.38,12.17,21.86,1,0.724,-23.75,14.91,0.0,0,5,0.1765,0.108,0.1927,0.0936
98.869,1,0.692,-10.73,17.52,5,74.7,21.02,0.141,-0.3092,0.145,0.005,-0.325,-1.062,-1.839,-89.78,12.17,21.86,1,0.733,-24.72,16.8,0.0,0,5,0.18,0.1044,0.1962,0.1008
98.906,1,0.345,-5.8,13.71,4,75.3,21.21,0.1171,-0.2204,0.151,0.001,-0.244,-1.062,-1.845,-90.41,12.17,21.86,1,0.733,-24.72,16.8,0.0,0,5,0.1885,0.1043,0.1995,0.1116
98.942,1,0.352,-5.8,13.19,4,75.4,21.22,0.1218,-0.194,0.151,-0.0,-0.226,-1.062,-1.848,-90.64,12.17,23.67,1,0.733,-24.72,16.8,0.0,0,5,0.1902,0.1016,0.1994,0.1108
98.969,1,0.61,-11.98,13.05,4,76.1,20.58,0.1229,-0.1841,0.151,-0.0,-0.223,-1.062,-1.851,-90.93,12.17,23.67,1,0.734,-28.6,17.17,0.0,0,5,0.1912,0.1011,0.2004,0.1122
99.006,1,0.627,-11.73,13.25,4,76.4,20.79,0.1298,-0.1417,0.15,0.004,-0.27,-1.062,-1.856,-91.39,12.17,23.67,1,0.736,-32.47,13.09,0.0,0,5,0.1817,0.1069,0.2013,0.1087
99.037,1,0.843,-9.48,12.62,5,76.1,20.81,0.1439,-0.1807,0.146,0.006,-0.189,-1.062,-1.862,-91.79,12.17,23.67,1,0.734,-31.99,11.16,0.0,0,5,0.1763,0.1104,0.1959,0.1068
99.072,1,0.764,-8.24,12.46,5,76.0,21.02,0.1579,-0.2197,0.144,0.006,-0.182,-1.062,-1.864,-92.02,12.17,23.67,1,0.734,-31.99,11.16,0.0,0,5,0.1718,0.1163,0.1843,0.1038
99.104,1,0.672,-9.73,13.26,4,75.4,20.79,0.1461,-0.2129,0.138,0.005,-0.125,-1.062,-1.87,-92.3,12.17,23.67,1,0.734,-31.99,11.16,0.0,0,5,0.1627,0.1146,0.1701,0.1035
99.14,1,0.352,-5.27,11.67,4,76.2,21.07,0.1569,-0.2304,0.14,0.006,-0.203,-1.062,-1.876,-92.7,12.17,23.67,1,0.734,-31.99,11.16,0.0,0,5,0.1609,0.1146,0.172,0.1035
99.171,1,0.847,-7.24,10.47,5,74.6,20.81,0.145,-0.2063,0.141,0.006,-0.19,-1.062,-1.879,-92.93,12.15,19.7,1,0.734,-31.99,11.16,0.0,0,5,0.159,0.1146,0.1812,0.1109
99.203,1,0.811,-9.23,11.26,5,74.7,20.81,0.1397,-0.1661,0.145,0.006,-0.209,-1.062,-1.884,-93.39,12.15,19.7,1,0.734,-31.99,11.16,0.0,0,5,0.1683,0.1146,0.1867,0.1109
99.241,1,0.677,-9.48,11.15,4,75.2,20.79,0.1539,-0.1798,0.145,0.004,-0.222,-1.062,-1.89,-93.91,12.15,19.7,1,0.734,-30.54,10.36,0.0,0,5,0.1774,0.1127,0.1848,0.1053
99.271,1,0.686,-8.49,10.1,4,75.3,20.53,0.1607,-0.1846,0.146,0.002,-0.149,-1.063,-1.893,-94.08,12.15,19.7,1,0.728,-28.6,18.06,0.0,0,5,0.1792,0.1109,0.1848,0.1072
99.308,1,0.705,-6.74,8.2,4,74.8,20.56,0.1719,-0.1867,0.149,0.005,-0.146,-1.063,-1.899,-94.42,12.15,19.7,1,0.726,-26.17,16.93,0.0,0,5,0.1772,0.1163,0.1919,0.1126
99.339,1,0.711,-6.99,8.52,4,74.8,20.53,0.1757,-0.1612,0.152,0.008,-0.209,-1.063,-1.905,-94.88,12.15,16.99,1,0.711,-25.2,16.76,0.0,0,5,0.1716,0.1255,0.1938,0.1163
99.371,1,0.714,-7.49,8.01,4,74.8,20.24,0.1766,-0.1665,0.154,0.008,-0.168,-1.063,-1.909,-95.11,12.15,16.99,1,0.716,-25.2,15.55,0.0,0,5,0.1763,0.1322,0.1928,0.1157
99.404,1,0.704,-7.49,7.62,4,74.7,20.53,0.1771,-0.1458,0.161,0.004,-0.203,-1.064,-1.916,-95.57,12.15,16.99,1,0.716,-25.2,15.55,0.0,0,5,0.1892,0.1377,0.1928,0.1249
99.438,1,0.686,-7.24,7.02,4,74.1,20.53,0.1756,-0.134,0.173,0.003,-0.143,-1.064,-1.923,-95.86,12.15,16.99,1,0.716,-25.2,15.55,0.0,0,5,0.2001,0.1505,0.2019,0.1413
99.47,1,0.694,-7.24,6.64,4,74.5,20.5,0.1729,-0.119,0.177,0.002,-0.186,-1.064,-1.927,-96.09,12.15,16.99,1,0.725,-17.45,16.54,0.0,0,5,0.2012,0.1532,0.2049,0.1476
99.503,1,0.692,-7.49,6.63,4,75.3,20.56,0.1741,-0.1097,0.178,0.002,-0.094,-1.065,-1.933,-96.37,12.15,16.99,1,0.737,-13.57,18.68,0.0,0,5,0.1977,0.1552,0.2051,0.1534
99.538,1,0.683,-7.99,6.75,4,75.9,20.24,0.1738,-0.106,0.177,-0.001,-0.089,-1.066,-1.941,-96.54,12.15,14.72,1,0.737,-13.57,18.68,0.0,0,5,0.2017,0.148,0.2035,0.1554
99.569,1,0.692,-7.24,5.75,4,75.5,20.31,0.1724,-0.1019,0.179,-0.001,-0.154,-1.067,-1.944,-96.72,12.16,14.72,1,0.711,-11.63,21.07,0.0,0,5,0.2015,0.1516,0.2052,0.159
99.605,1,0.672,-7.99,7.1,4,75.8,20.58,0.1739,-0.0869,0.187,0.001,-0.142,-1.067,-1.952,-97.06,12.16,14.72,1,0.703,-9.69,20.98,0.0,0,5,0.2019,0.167,0.2093,0.1689
99.672,1,0.69,-6.24,9.0,4,76.6,20.85,0.1708,-0.1106,0.186,0.001,-0.036,-1.069,-1.963,-97.29,12.16,14.72,1,0.659,-3.39,18.65,0.0,0,5,0.1998,0.1742,0.1998,0.1705
99.704,1,0.762,-5.99,14.82,5,75.7,21.6,0.1589,-0.1687,0.183,-0.001,-0.079,-1.07,-1.97,-97.4,12.16,14.72,1,0.659,-3.39,18.65,0.0,0,5,0.203,0.1661,0.1975,0.1661
99.739,1,0.756,-6.49,18.59,5,76.5,21.67,0.1347,-0.2644,0.184,-0.001,-0.197,-1.071,-1.978,-97.8,12.16,14.72,1,0.659,-3.39,18.65,0.0,0,5,0.2013,0.1662,0.1994,0.1699
99.773,1,0.781,-6.74,19.52,5,76.7,21.67,0.1106,-0.2727,0.185,-0.0,-0.06,-1.071,-1.982,-97.92,12.16,16.99,1,0.659,-3.39,18.65,0.0,0,5,0.2014,0.17,0.1996,0.17
99.803,1,0.788,-6.24,19.64,5,75.2,21.67,0.099,-0.2803,0.179,0.0,-0.017,-1.072,-1.988,-97.98,12.16,16.99,1,0.659,-3.39,18.65,0.0,0,5,0.1959,0.1645,0.194,0.1626
99.837,1,0.771,-3.99,17.73,5,73.6,21.62,0.1131,-0.301,0.172,-0.004,-0.128,-1.074,-1.995,-98.2,12.16,16.99,1,0.723,-6.3,9.65,5.966,1,5,0.1971,0.1547,0.1916,0.1603
99.87,1,0.739,-2.99,20.21,5,73.0,21.67,0.12,-0.3122,0.169,-0.006,-0.121,-1.074,-1.998,-98.32,12.16,16.99,1,0.723,-6.3,9.65,5.966,1,5,0.1915,0.1399,0.1878,0.1583
99.903,1,0.804,-1.5,17.41,5,73.0,21.67,0.1238,-0.38,0.167,-0.008,-0.087,-1.075,-2.005,-98.61,12.16,16.99,1,0.715,-12.12,-9.06,2.158,1,5,0.1878,0.1362,0.1804,0.162
99.971,1,0.831,1.25,16.46,5,73.6,21.67,0.1371,-0.3677,0.16,0.001,-0.08,-1.077,-2.014,-98.78,12.16,26.96,1,0.707,-18.9,-26.12,0.0,0,5,0.1718,0.1497,0.1718,0.146
100.007,1,0.823,2.25,15.9,5,73.6,21.6,0.1416,-0.3904,0.157,0.004,-0.168,-1.077,-2.021,-99.12,12.16,26.96,1,0.707,-18.9,-26.12,0.0,0,5,0.174,0.1447,0.1776,0.1318
100.037,1,0.858,2.75,14.71,5,73.0,21.6,0.1443,-0.3899,0.156,0.0,-0.225,-1.079,-2.027,-99.64,12.16,26.96,1,0.707,-18.9,-26.12,0.0,0,5,0.1795,0.1355,0.1831,0.13
100.07,1,0.842,2.5,14.86,5,72.6,21.1,0.15,-0.3756,0.154,-0.003,-0.243,-1.079,-2.03,-99.92,12.16,26.96,1,0.707,-18.9,-26.12,0.0,0,5,0.196,0.1154,0.1869,0.1173
100.105,1,0.853,2.25,14.96,5,71.8,21.46,0.1492,-0.3728,0.152,-0.005,-0.323,-1.081,-2.036,-100.67,12.16,26.96,1,0.707,-18.9,-26.12,0.0,0,5,0.2067,0.1015,0.1938,0.107
100.139,1,0.845,2.99,13.65,5,71.7,20.96,0.1488,-0.3688,0.155,-0.005,-0.314,-1.082,-2.042,-101.36,12.16,26.96,1,0.721,-18.9,-34.88,0.0,0,5,0.2122,0.0941,0.1975,0.1052
100.172,1,0.873,2.99,14.42,5,71.5,21.1,0.155,-0.3571,0.156,0.0,-0.313,-1.082,-2.045,-101.7,12.17,22.14,1,0.721,-18.9,-34.88,0.0,0,5,0.2086,0.1015,0.2104,0.1034
100.205,1,0.834,2.5,11.86,5,71.6,21.1,0.1514,-0.3679,0.155,0.006,-0.28,-1.083,-2.051,-102.5,12.17,22.14,1,0.721,-18.9,-34.88,0.0,0,5,0.2014,0.1072,0.2162,0.0961
100.238,1,0.818,2.5,11.06,5,71.4,20.96,0.1635,-0.3191,0.152,0.009,-0.31,-1.084,-2.057,-103.13,12.17,22.14,1,0.721,-18.9,-34.88,0.0,0,5,0.1959,0.1035,0.218,0.0887
100.271,1,0.797,2.5,10.75,5,71.7,20.96,0.1511,-0.2814,0.152,0.006,-0.376,-1.085,-2.06,-103.59,12.17,22.14,1,0.721,-18.9,-34.88,0.0,0,5,0.2031,0.0979,0.2179,0.0886
100.304,1,0.792,1.5,10.67,5,72.5,20.96,0.158,-0.2836,0.155,0.003,-0.406,-1.086,-2.066,-104.56,12.17,22.14,1,0.721,-18.9,-34.88,0.0,0,5,0.2143,0.0979,0.218,0.0887
100.337,1,0.793,0.5,10.34,5,71.9,20.96,0.1692,-0.2844,0.155,0.003,-0.298,-1.087,-2.069,-104.91,12.17,22.14,1,0.71,-14.54,-29.27,0.0,0,5,0.2179,0.0979,0.2179,0.0849
100.372,1,0.794,0.0,9.73,5,71.8,20.56,0.1708,-0.2671,0.152,0.001,-0.354,-1.089,-2.075,-105.65,12.17,14.08,1,0.71,-14.54,-29.27,0.0,0,5,0.2121,0.0922,0.214,0.0885
100.405,1,0.795,-0.25,8.95,5,72.2,20.46,0.1737,-0.2493,0.15,0.0,-0.373,-1.09,-2.081,-106.57,12.17,14.08,1,0.71,-14.54,-29.27,0.0,0,5,0.2047,0.0867,0.214,0.0941
100.439,1,0.806,-0.75,8.92,5,72.6,20.46,0.1774,-0.2318,0.152,0.004,-0.339,-1.092,-2.087,-107.31,12.17,14.08,1,0.71,-14.54,-29.27,0.0,0,5,0.201,0.0904,0.214,0.0959
100.507,1,0.8,-2.25,7.66,5,75.1,20.57,0.1775,-0.2276,0.16,0.004,-0.279,-1.095,-2.096,-108.35,12.17,14.08,1,0.71,-14.54,-29.27,0.0,0,5,0.2103,0.107,0.2195,0.1014
100.57,1,0.798,-4.24,7.32,5,75.8,20.46,0.1716,-0.1734,0.164,-0.001,-0.266,-1.098,-2.106,-109.38,12.19,7.27,1,0.646,-1.94,-5.11,-3.663,1,5,0.2128,0.111,0.2146,0.1166
100.603,1,0.795,-5.24,7.04,5,75.9,20.56,0.1475,-0.1192,0.166,-0.006,-0.253,-1.101,-2.112,-109.89,12.19,7.27,1,0.646,-1.94,-5.11,-3.663,1,5,0.2216,0.1145,0.2068,0.1219
100.639,1,0.808,-5.99,7.34,5,76.0,20.57,0.1284,-0.0866,0.171,-0.01,-0.261,-1.104,-2.118,-110.47,12.19,7.27,1,0.646,-1.94,-5.11,-3.663,1,5,0.2253,0.1219,0.2013,0.1367
100.705,1,0.782,-7.99,7.17,5,76.7,20.57,0.1284,-0.0889,0.168,-0.007,-0.142,-1.107,-2.127,-111.21,12.19,7.27,1,0.646,-1.94,-5.11,-3.663,1,5,0.2052,0.1257,0.196,0.1442
100.736,1,0.791,-8.73,6.77,5,77.6,20.46,0.1104,-0.0454,0.165,-0.006,-0.178,-1.109,-2.13,-111.44,12.19,7.27,1,0.735,0.48,4.63,2.971,1,5,0.198,0.124,0.1943,0.1425
100.77,1,0.787,-8.73,6.04,5,77.7,20.46,0.0947,-0.0312,0.155,-0.004,-0.118,-1.111,-2.136,-111.67,12.19,1.55,1,0.717,2.91,7.56,-0.361,1,5,0.1888,0.1166,0.1851,0.1296
100.803,1,0.783,-9.73,6.51,5,77.8,20.46,0.0928,-0.0201,0.15,-0.008,-0.16,-1.114,-2.141,-112.01,12.19,1.55,1,0.717,2.91,7.56,-0.361,1,5,0.1863,0.1107,0.1734,0.1291
100.835,1,0.781,-10.23,6.04,5,78.4,20.56,0.0982,-0.0189,0.146,-0.008,-0.173,-1.115,-2.144,-112.19,12.19,1.55,1,0.718,1.45,10.28,2.531,1,5,0.1806,0.1088,0.1677,0.1272
100.871,1,0.768,-11.23,5.72,5,78.4,20.56,0.0864,-0.0059,0.141,-0.009,-0.118,-1.117,-2.149,-112.47,12.19,1.55,1,0.718,1.45,10.28,2.531,1,5,0.1733,0.1088,0.1548,0.1272
100.905,1,0.773,-11.73,5.37,5,78.7,20.56,0.0771,0.0095,0.136,-0.01,-0.106,-1.12,-2.153,-112.7,12.19,1.55,1,0.718,1.45,10.28,2.531,1,5,0.1647,0.1073,0.1443,0.1258
100.934,1,0.781,-12.23,5.3,5,78.7,20.56,0.07,0.0184,0.132,-0.009,-0.098,-1.121,-2.156,-112.82,12.19,1.55,1,0.731,0.0,14.59,6.822,1,5,0.159,0.1054,0.1405,0.1239
100.975,1,0.787,-12.48,5.13,5,78.9,20.57,0.07,0.0233,0.126,-0.007,-0.069,-1.123,-2.16,-112.99,12.19,0.55,1,0.733,-0.97,13.83,5.659,1,5,0.1461,0.0998,0.1387,0.1202
101.005,1,0.782,-12.98,4.92,5,79.6,20.57,0.07,0.0282,0.119,-0.003,-0.095,-1.125,-2.164,-113.16,12.19,0.55,1,0.742,-1.45,12.7,3.407,1,5,0.1312,0.0979,0.1349,0.1127
101.036,1,0.779,-13.48,4.97,5,80.0,20.56,0.07,0.0358,0.116,-0.003,-0.086,-1.126,-2.166,-113.27,12.19,0.55,1,0.732,-1.94,12.59,5.695,1,5,0.1276,0.0943,0.1313,0.1091
101.104,1,0.831,-13.48,3.96,5,80.0,20.56,0.07,0.0381,0.099,-0.006,-0.016,-1.129,-2.173,-113.45,12.19,0.55,1,0.736,-2.42,11.84,0.0,0,5,0.1129,0.0759,0.1092,0.0962
101.139,1,0.775,-13.73,4.46,5,80.7,20.57,0.07,0.0545,0.094,-0.007,-0.026,-1.131,-2.176,-113.5,12.19,0.55,1,0.736,-2.42,11.84,0.0,0,5,0.1074,0.0759,0.1037,0.0963
101.167,1,0.773,-13.73,4.21,5,80.5,21.1,0.07,0.0484,0.092,-0.006,0.002,-1.132,-2.178,-113.5,12.17,3.67,1,0.709,-7.27,6.14,7.647,1,5,0.0982,0.0778,0.0926,0.0982
101.203,1,0.782,-13.73,4.04,5,80.2,20.57,0.07,0.0518,0.086,-0.003,-0.012,-1.133,-2.181,-113.5,12.17,3.67,1,0.709,-7.27,6.14,7.647,1,5,0.087,0.0851,0.0814,0.0925
101.236,1,0.793,-13.73,4.05,5,79.8,20.57,0.07,0.0541,0.084,-0.003,-0.006,-1.134,-2.182,-113.5,12.17,3.67,1,0.709,-7.27,6.14,7.647,1,5,0.0851,0.0851,0.0777,0.0888
101.334,1,0.771,-13.73,3.78,5,80.1,20.57,0.07,0.0531,0.067,0.0,0.018,-1.136,-2.189,-113.45,12.17,3.67,1,0.757,-12.12,-5.25,6.274,1,5,0.0623,0.0678,0.0659,0.0714
101.37,1,0.771,-13.73,4.18,5,80.3,20.57,0.07,0.0578,0.06,-0.002,0.003,-1.137,-2.191,-113.45,12.17,6.47,1,0.757,-12.12,-5.25,6.274,1,5,0.0586,0.0604,0.0567,0.0659
101.406,1,0.772,-13.73,3.8,5,80.4,20.57,0.07,0.0507,0.054,-0.003,-0.033,-1.138,-2.192,-113.5,12.17,6.47,1,0.756,-12.12,-5.21,6.29,1,5,0.0586,0.0513,0.0513,0.055
101.435,1,0.77,-13.73,3.47,5,80.7,20.56,0.07,0.0574,0.051,-0.004,-0.017,-1.139,-2.193,-113.56,12.17,6.47,1,0.747,-12.6,-5.4,5.292,1,5,0.0555,0.0444,0.0499,0.0536
101.503,1,0.774,-13.48,4.22,5,80.7,20.56,0.07,0.063,0.039,-0.001,0.026,-1.14,-2.196,-113.45,12.17,6.47,1,0.749,-16.48,-15.14,1.667,1,5,0.0357,0.0375,0.0393,0.0446
101.537,1,0.775,-13.23,3.77,5,80.5,20.56,0.07,0.047,0.037,-0.002,0.044,-1.14,-2.196,-113.39,12.17,6.47,1,0.749,-16.48,-15.14,1.667,1,5,0.0339,0.0375,0.0321,0.0428
101.569,1,0.781,-13.23,4.54,5,80.2,20.46,0.07,0.0518,0.034,-0.001,0.068,-1.141,-2.197,-113.27,12.17,7.95,1,0.749,-16.48,-15.14,1.667,1,5,0.0269,0.0395,0.0251,0.043
101.602,1,0.792,-12.73,4.5,5,79.9,20.57,0.07,0.0388,0.03,-0.004,0.131,-1.141,-2.198,-113.04,12.17,7.95,1,0.757,-14.54,-13.8,2.553,1,5,0.0222,0.0407,0.0129,0.0462
101.636,1,0.798,-12.73,4.93,5,79.7,20.56,0.07,0.034,0.03,-0.005,0.089,-1.142,-2.199,-112.87,12.17,7.95,1,0.757,-14.06,-13.25,2.582,1,5,0.0203,0.0407,0.0092,0.0499
101.676,1,0.808,-12.23,5.19,5,79.4,20.56,0.07,0.0273,0.029,-0.007,0.14,-1.143,-2.2,-112.64,12.17,7.95,1,0.757,-14.06,-13.25,2.582,1,5,0.0167,0.0444,-0.0019,0.0555
101.702,1,0.816,-11.73,5.34,5,79.1,20.46,0.07,0.0167,0.03,-0.009,0.086,-1.143,-2.201,-112.36,12.17,7.95,1,0.754,-12.6,-11.49,2.638,1,5,0.0166,0.0444,-0.0018,0.061
101.733,1,0.816,-12.23,5.8,5,79.2,20.56,0.07,0.0093,0.03,-0.008,0.058,-1.144,-2.201,-112.3,12.17,7.95,1,0.761,-12.12,-9.42,3.769,1,5,0.0185,0.0462,-0.0018,0.0573
101.766,1,0.846,-11.98,5.15,5,78.9,20.56,0.07,0.008,0.029,-0.008,0.079,-1.144,-2.202,-112.07,12.17,7.9,1,0.758,-12.6,-9.01,2.907,1,5,0.0221,0.0406,0.0018,0.0517
101.801,1,0.853,-11.73,5.15,5,78.7,20.57,0.07,0.0168,0.029,-0.006,0.066,-1.145,-2.203,-111.96,12.17,7.9,1,0.755,-12.12,-8.96,2.237,1,5,0.0239,0.0367,0.0092,0.0459
101.835,1,0.871,-11.73,4.24,5,78.6,20.56,0.07,0.0143,0.029,-0.005,0.034,-1.145,-2.204,-111.9,12.17,7.9,1,0.76,-11.63,-7.82,2.945,1,5,0.0239,0.0331,0.0165,0.0441
101.872,1,0.871,-11.73,4.12,5,78.6,20.46,0.07,0.0307,0.034,-0.003,0.001,-1.146,-2.205,-111.84,12.17,7.9,1,0.76,-11.63,-7.82,2.945,1,5,0.0295,0.035,0.0258,0.0442
101.903,1,0.866,-11.73,4.01,5,78.6,20.56,0.07,0.0329,0.038,-0.002,-0.011,-1.147,-2.207,-111.84,12.17,7.9,1,0.76,-11.63,-7.82,2.945,1,5,0.0371,0.0371,0.0352,0.0426
101.936,1,0.855,-11.73,4.69,5,78.9,20.46,0.07,0.0351,0.041,-0.003,-0.029,-1.147,-2.208,-111.9,12.17,7.9,1,0.76,-11.63,-7.82,2.945,1,5,0.0426,0.0389,0.037,0.0445
102.002,1,0.811,-11.73,5.68,5,79.3,20.56,0.07,0.0234,0.047,-0.002,0.002,-1.149,-2.211,-111.96,12.17,6.03,1,0.759,-11.63,-7.75,2.927,1,5,0.048,0.0406,0.048,0.0498
102.033,1,0.806,-11.48,5.54,5,79.2,20.44,0.07,0.0062,0.048,-0.002,-0.008,-1.149,-2.212,-111.96,12.17,6.03,1,0.758,-11.63,-7.73,2.918,1,5,0.048,0.0424,0.048,0.0517
102.072,1,0.816,-11.48,5.61,5,79.1,20.44,0.07,0.0059,0.05,-0.001,-0.002,-1.15,-2.214,-111.96,12.17,6.03,1,0.758,-11.15,-8.06,3.751,1,5,0.0518,0.0481,0.0499,0.0518
102.135,1,0.83,-11.23,5.56,5,79.1,20.46,0.07,0.0051,0.054,-0.002,-0.008,-1.151,-2.217,-112.01,12.17,6.03,1,0.759,-11.63,-7.73,2.91,1,5,0.0554,0.048,0.0554,0.0554
102.233,1,0.834,-10.73,5.61,5,78.6,20.44,0.07,0.0035,0.062,-0.005,-0.005,-1.154,-2.222,-111.96,12.17,6.65,1,0.763,-11.15,-8.85,0.031,1,5,0.0702,0.0573,0.0573,0.0628
102.27,1,0.829,-10.73,6.08,5,78.8,20.56,0.07,-0.0036,0.062,-0.001,0.015,-1.155,-2.225,-111.96,12.17,6.65,1,0.763,-11.15,-8.85,0.031,1,5,0.0666,0.0647,0.0573,0.061
102.302,1,0.828,-10.23,5.6,5,78.9,20.57,0.07,-0.0109,0.063,-0.0,0.012,-1.156,-2.227,-111.9,12.17,6.65,1,0.763,-10.66,-8.13,1.824,1,5,0.0629,0.0648,0.0611,0.0629
102.333,1,0.82,-10.23,5.68,5,78.9,20.46,0.07,-0.0079,0.063,0.001,0.01,-1.156,-2.228,-111.9,12.17,6.65,1,0.767,-10.18,-7.52,1.834,1,5,0.0592,0.0666,0.0629,0.0648
102.44,1,0.857,-10.23,4.91,5,78.4,20.46,0.07,-0.0078,0.062,-0.001,-0.033,-1.159,-2.234,-112.07,12.17,5.52,1,0.768,-10.66,-6.53,2.959,1,5,0.0665,0.0572,0.0646,0.0609
102.474,1,0.846,-10.48,5.33,5,78.3,20.56,0.07,0.006,0.064,-0.003,-0.039,-1.16,-2.236,-112.13,12.17,5.52,1,0.764,-10.66,-8.12,1.824,1,5,0.0684,0.0555,0.0666,0.0647
102.504,1,0.829,-10.48,5.55,5,78.2,20.56,0.07,0.0018,0.066,-0.003,-0.015,-1.161,-2.239,-112.19,12.17,5.52,1,0.772,-11.15,-9.32,-0.287,1,5,0.0666,0.0573,0.0684,0.0721
102.535,1,0.827,-10.73,5.6,5,78.3,20.56,0.07,-0.0022,0.066,-0.002,-0.02,-1.161,-2.24,-112.19,12.17,5.52,1,0.777,-11.15,-9.31,-0.272,1,5,0.0666,0.0592,0.0684,0.0703
102.632,1,0.858,-10.23,4.95,5,77.4,20.57,0.07,-0.0007,0.072,-0.004,-0.02,-1.165,-2.247,-112.24,12.19,4.46,1,0.772,-4.36,4.73,2.009,1,5,0.0751,0.0641,0.0715,0.077
102.669,1,0.831,-10.23,5.16,5,77.6,20.56,0.07,0.0044,0.073,-0.005,0.015,-1.166,-2.249,-112.24,12.19,4.46,1,0.772,-4.36,4.51,6.84,1,5,0.0781,0.0672,0.069,0.0763
102.704,1,0.819,-9.73,5.24,5,77.5,20.57,0.07,0.0011,0.072,0.0,0.1,-1.167,-2.252,-112.07,12.19,4.46,1,0.772,-4.36,4.51,6.84,1,5,0.0708,0.0744,0.0708,0.0726
102.734,1,0.818,-9.73,5.73,5,77.4,20.56,0.07,-0.0058,0.071,0.001,0.02,-1.167,-2.253,-112.01,12.19,4.46,1,0.772,-4.36,4.51,6.84,1,5,0.0678,0.077,0.0678,0.0733
102.803,1,0.836,-9.73,5.33,5,77.0,20.57,0.07,-0.0135,0.066,-0.003,-0.021,-1.169,-2.258,-112.13,12.19,5.2,1,0.773,-5.33,2.07,4.423,1,5,0.0699,0.0681,0.0589,0.0681
102.835,1,0.846,-9.73,4.82,5,76.8,21.1,0.07,-0.0061,0.066,-0.003,-0.016,-1.17,-2.26,-112.13,12.19,5.2,1,0.773,-5.33,2.07,4.423,1,5,0.0699,0.0644,0.0626,0.0681
102.902,1,0.846,-9.73,5.27,5,76.7,21.1,0.07,0.0031,0.069,-0.0,-0.011,-1.172,-2.265,-112.19,12.19,5.2,1,0.785,-5.82,-1.19,0.845,1,5,0.0666,0.0629,0.074,0.0721
102.934,1,0.831,-9.48,4.97,5,76.6,21.1,0.07,-0.0046,0.069,-0.001,-0.013,-1.173,-2.266,-112.19,12.19,5.2,1,0.785,-5.82,-1.19,0.845,1,5,0.0684,0.0629,0.074,0.0721
103.033,1,0.875,-9.48,3.59,5,75.4,20.81,0.07,-0.0019,0.068,-0.006,-0.018,-1.176,-2.272,-112.24,12.19,6.94,1,0.777,-8.24,-2.83,5.22,1,5,0.075,0.0567,0.0658,0.0732
103.131,1,0.864,-8.98,3.94,5,75.1,20.96,0.07,0.0226,0.064,-0.0,0.067,-1.178,-2.278,-112.07,12.19,6.94,1,0.791,-9.21,-6.45,1.853,1,5,0.0666,0.0722,0.0555,0.0629
103.232,1,0.874,-8.49,3.38,5,74.6,20.96,0.07,0.0113,0.062,-0.003,0.013,-1.181,-2.284,-112.01,12.18,6.15,1,0.795,-8.24,-7.32,0.668,1,5,0.0591,0.0591,0.0591,0.0702
103.268,1,0.879,-8.49,3.84,5,74.7,20.81,0.07,0.0149,0.061,-0.001,-0.003,-1.182,-2.286,-112.01,12.18,6.15,1,0.792,-8.24,-6.69,2.344,1,5,0.0591,0.0591,0.0591,0.0647
103.332,1,0.864,-7.99,4.65,5,74.7,21.02,0.07,0.0083,0.059,-0.001,0.014,-1.183,-2.289,-112.01,12.18,6.15,1,0.785,-8.24,-7.13,0.14,1,5,0.0592,0.0592,0.0574,0.0611
103.367,1,0.86,-7.99,4.77,5,74.8,21.02,0.07,-0.0117,0.061,-0.002,0.012,-1.184,-2.291,-112.01,12.18,4.97,1,0.788,-7.76,-6.06,2.356,1,5,0.0629,0.0592,0.0573,0.0629
103.432,1,0.856,-7.99,5.04,5,74.6,21.1,0.07,-0.0124,0.063,-0.003,0.008,-1.186,-2.295,-111.96,12.18,4.97,1,0.795,-7.27,-6.09,0.622,1,5,0.0665,0.061,0.0591,0.0665
103.501,1,0.879,-7.74,3.63,5,74.6,20.56,0.07,-0.0166,0.062,-0.002,0.017,-1.188,-2.299,-111.9,12.18,4.97,1,0.801,-7.27,-6.08,0.588,1,5,0.0648,0.0611,0.0593,0.063
103.532,1,0.882,-7.24,3.19,5,74.6,20.81,0.07,0.0053,0.059,0.0,0.008,-1.188,-2.3,-111.9,12.18,4.97,1,0.801,-7.27,-6.52,0.111,1,5,0.0611,0.0629,0.0555,0.0574
103.566,1,0.885,-7.24,4.44,5,74.7,20.56,0.07,0.0068,0.059,0.0,-0.011,-1.189,-2.303,-111.9,12.17,3.82,1,0.794,-7.27,-5.44,2.421,1,5,0.0629,0.0666,0.0518,0.0555
103.632,1,0.883,-6.74,4.13,5,74.3,20.56,0.07,-0.0134,0.063,-0.0,0.05,-1.191,-2.306,-111.84,12.17,3.82,1,0.76,-4.36,-5.97,-2.266,1,5,0.0593,0.063,0.0611,0.0667
103.668,1,0.885,-6.49,3.95,5,74.0,21.02,0.07,-0.014,0.063,0.003,-0.041,-1.191,-2.309,-111.84,12.17,3.82,1,0.77,-0.97,2.32,0.706,1,5,0.0538,0.0612,0.0704,0.0667
103.699,1,0.889,-6.49,4.39,5,73.9,20.81,0.07,-0.013,0.062,0.002,-0.012,-1.192,-2.311,-111.9,12.17,3.82,1,0.79,-0.97,3.89,1.92,1,5,0.0555,0.0592,0.0703,0.0648
103.734,1,0.891,-6.24,3.8,5,74.1,20.56,0.07,-0.0199,0.062,0.002,-0.014,-1.193,-2.312,-111.9,12.17,3.82,1,0.79,-0.97,3.89,1.92,1,5,0.0574,0.0611,0.0685,0.0629
103.767,1,0.891,-6.24,3.79,5,74.2,20.56,0.07,-0.0123,0.064,0.001,-0.021,-1.194,-2.315,-111.96,12.17,3.92,1,0.795,-0.48,2.4,0.516,1,5,0.0629,0.0629,0.0666,0.0629
103.832,1,0.888,-5.99,3.68,5,74.0,20.81,0.07,-0.011,0.066,0.0,-0.024,-1.195,-2.318,-111.96,12.17,3.92,1,0.798,-0.48,2.38,0.544,1,5,0.0683,0.0646,0.0683,0.0628
103.87,1,0.888,-5.99,3.82,5,74.1,20.96,0.07,-0.0119,0.069,-0.001,-0.028,-1.196,-2.321,-112.01,12.17,3.92,1,0.796,-0.48,1.95,1.776,1,5,0.074,0.0647,0.0703,0.0666
103.899,1,0.879,-5.99,4.45,5,74.2,21.02,0.07,-0.0138,0.072,-0.001,0.028,-1.197,-2.324,-112.01,12.17,3.92,1,0.794,-0.48,1.95,1.783,1,5,0.0777,0.0703,0.0703,0.0685
103.933,1,0.881,-5.49,4.83,5,74.2,21.02,0.07,-0.0244,0.072,-0.002,0.007,-1.198,-2.325,-112.01,12.17,3.92,1,0.794,-0.48,1.94,1.777,1,5,0.0778,0.0704,0.0685,0.0704
103.968,1,0.888,-5.24,4.28,5,74.2,20.56,0.07,-0.0372,0.069,0.0,0.063,-1.199,-2.327,-111.96,12.17,4.67,1,0.794,-0.48,1.94,1.777,1,5,0.074,0.0759,0.0629,0.0629
104.0,1,0.893,-4.74,3.93,5,74.2,20.56,0.07,-0.0298,0.066,0.005,0.043,-1.199,-2.33,-111.84,12.17,4.67,1,0.791,0.48,1.72,2.404,1,5,0.0648,0.0778,0.0629,0.0574
104.032,1,0.893,-4.49,4.05,5,74.2,20.81,0.07,-0.0289,0.064,0.006,-0.026,-1.2,-2.331,-111.84,12.17,4.67,1,0.792,-0.48,2.38,0.547,1,5,0.061,0.0758,0.0647,0.0555
104.07,1,0.893,-4.24,3.76,5,74.4,20.56,0.07,-0.0335,0.063,0.004,-0.041,-1.201,-2.333,-111.9,12.17,4.67,1,0.792,-0.48,2.38,0.547,1,5,0.0554,0.0647,0.0702,0.0628
104.099,1,0.889,-4.24,3.9,5,74.5,20.56,0.07,-0.0303,0.062,0.002,-0.033,-1.202,-2.336,-112.01,12.17,4.67,1,0.789,-0.48,0.41,0.617,1,5,0.0554,0.0572,0.0701,0.0646
104.131,1,0.881,-4.24,3.36,5,74.3,21.1,0.07,-0.0318,0.061,0.003,-0.027,-1.202,-2.337,-112.01,12.17,4.67,1,0.79,-0.48,0.42,0.625,1,5,0.0535,0.0572,0.0701,0.0627
104.171,1,0.878,-4.24,3.2,5,74.4,20.56,0.07,-0.022,0.062,0.003,-0.022,-1.203,-2.339,-112.07,12.16,5.13,1,0.794,-0.48,-0.61,-0.0,1,5,0.0591,0.0609,0.0683,0.0591
104.199,1,0.883,-4.24,3.89,5,74.5,20.57,0.07,-0.0187,0.065,0.0,-0.015,-1.204,-2.342,-112.13,12.16,5.13,1,0.796,-0.48,-0.61,-0.0,1,5,0.0665,0.061,0.0702,0.0628
104.232,1,0.879,-4.24,3.38,5,74.6,20.46,0.07,-0.0303,0.068,-0.001,-0.027,-1.205,-2.343,-112.13,12.16,5.13,1,0.796,-0.48,-0.61,-0.0,1,5,0.0721,0.0629,0.0703,0.0666
104.267,1,0.869,-4.24,2.45,5,74.8,20.57,0.07,-0.0212,0.069,-0.001,-0.028,-1.206,-2.346,-112.19,12.16,5.13,1,0.796,-0.48,-0.49,1.761,1,5,0.0759,0.0648,0.0703,0.0648
104.3,1,0.867,-4.24,2.04,5,74.6,20.56,0.07,-0.0049,0.069,-0.001,-0.013,-1.207,-2.348,-112.3,12.16,5.13,1,0.796,-0.48,-0.49,1.761,1,5,0.0776,0.0665,0.0702,0.0628
104.334,1,0.87,-3.99,2.2,5,74.5,20.57,0.07,0.0023,0.068,-0.0,-0.009,-1.207,-2.35,-112.3,12.16,5.13,1,0.796,-0.48,-0.49,1.761,1,5,0.0776,0.0665,0.0702,0.0591
104.366,1,0.866,-3.99,2.21,5,74.6,20.57,0.07,-0.0034,0.069,0.002,-0.016,-1.208,-2.352,-112.36,12.16,4.18,1,0.796,-0.48,-0.49,1.761,1,5,0.0756,0.0701,0.0719,0.0572
104.402,1,0.867,-3.74,2.26,5,74.7,20.56,0.07,-0.0033,0.069,0.005,0.031,-1.209,-2.355,-112.24,12.16,4.18,1,0.796,-0.48,-0.49,1.761,1,5,0.0666,0.074,0.074,0.0629
104.432,1,0.869,-3.49,2.02,5,74.6,20.57,0.07,-0.0068,0.07,0.006,-0.001,-1.209,-2.356,-112.24,12.16,4.18,1,0.796,-0.48,-0.49,1.761,1,5,0.0628,0.0776,0.0739,0.0646
104.465,1,0.881,-3.49,3.39,5,74.6,20.56,0.07,-0.0056,0.068,0.005,-0.021,-1.21,-2.358,-112.3,12.16,4.18,1,0.804,-0.48,-1.79,-4.16,1,5,0.0604,0.0787,0.0678,0.0659
104.504,1,0.881,-2.99,3.2,5,74.5,20.57,0.07,-0.0289,0.063,0.003,0.014,-1.211,-2.361,-112.24,12.16,4.18,1,0.804,-0.48,-1.79,-4.16,1,5,0.06,0.0691,0.0636,0.06
104.532,1,0.884,-2.99,3.53,5,74.7,20.56,0.07,-0.031,0.061,0.002,0.002,-1.211,-2.362,-112.24,12.16,4.18,1,0.822,0.48,-1.92,-0.119,1,5,0.0619,0.0637,0.0619,0.0564
104.566,1,0.879,-2.75,2.72,5,74.6,20.56,0.07,-0.0363,0.061,0.001,-0.014,-1.212,-2.363,-112.24,12.18,4.44,1,0.823,0.48,-1.92,-0.123,1,5,0.0606,0.0606,0.0643,0.0588
104.6,1,0.871,-2.75,2.23,5,74.8,20.56,0.07,-0.0246,0.064,0.0,-0.022,-1.213,-2.367,-112.3,12.18,4.44,1,0.823,0.48,-1.92,-0.123,1,5,0.0666,0.0629,0.0666,0.061
104.631,1,0.856,-2.75,1.65,5,75.0,20.56,0.07,-0.0154,0.067,-0.001,-0.014,-1.214,-2.368,-112.36,12.18,4.44,1,0.823,0.48,-1.92,-0.123,1,5,0.0684,0.0647,0.0665,0.0665
104.667,1,0.868,-2.99,2.27,5,75.1,20.57,0.07,-0.0051,0.071,-0.002,-0.041,-1.215,-2.371,-112.41,12.18,4.44,1,0.828,0.48,-1.92,-0.126,1,5,0.0796,0.0666,0.0722,0.0666
104.698,1,0.866,-2.99,2.14,5,75.2,20.57,0.07,-0.0126,0.074,-0.004,-0.011,-1.217,-2.374,-112.47,12.18,4.44,1,0.822,0.48,-2.99,-2.47,1,5,0.0811,0.0645,0.0737,0.07
104.73,1,0.862,-2.99,1.91,5,75.4,20.96,0.07,-0.0104,0.074,-0.004,-0.02,-1.217,-2.375,-112.47,12.18,4.44,1,0.83,0.0,-2.1,-1.304,1,5,0.083,0.0664,0.0737,0.0719
104.767,1,0.853,-2.5,1.34,5,75.3,20.96,0.07,-0.0063,0.075,-0.004,0.01,-1.218,-2.376,-112.47,12.18,3.09,1,0.835,0.48,-2.93,-0.737,1,5,0.0811,0.07,0.0718,0.0755
104.799,1,0.864,-2.5,2.13,5,75.7,20.57,0.07,-0.0022,0.073,-0.002,0.003,-1.219,-2.379,-112.47,12.18,3.09,1,0.839,0.48,-2.99,-2.437,1,5,0.0758,0.0721,0.0702,0.0758
104.832,1,0.86,-2.5,2.05,5,75.8,20.57,0.07,-0.0156,0.075,-0.001,0.009,-1.22,-2.381,-112.47,12.18,3.09,1,0.839,0.48,-2.99,-2.437,1,5,0.0736,0.0754,0.0718,0.0773
104.866,1,0.846,-2.25,1.46,5,75.8,20.56,0.07,-0.0141,0.075,0.003,0.014,-1.221,-2.383,-112.47,12.18,3.09,1,0.839,0.48,-2.99,-2.437,1,5,0.0718,0.0773,0.0792,0.0736
104.898,1,0.845,-2.25,1.44,5,75.7,20.56,0.07,-0.0065,0.073,0.004,-0.061,-1.221,-2.386,-112.59,12.18,3.09,1,0.839,0.48,-2.99,-2.437,1,5,0.0682,0.0718,0.0811,0.07
104.932,1,0.848,-2.25,1.03,5,75.6,20.56,0.07,-0.0057,0.07,0.005,-0.023,-1.222,-2.387,-112.59,12.18,3.09,1,0.839,0.48,-2.99,-2.437,1,5,0.0666,0.0685,0.0814,0.0648
104.965,1,0.85,-2.25,0.96,5,75.4,20.56,0.07,0.0017,0.068,0.003,-0.031,-1.223,-2.39,-112.7,12.18,1.12,1,0.82,6.3,7.44,-0.606,1,5,0.0684,0.0629,0.0795,0.0629
105.0,1,0.853,-2.25,1.06,5,75.4,20.56,0.07,0.0031,0.07,0.001,-0.023,-1.224,-2.393,-112.76,12.18,1.12,1,0.82,6.3,7.44,-0.606,1,5,0.0738,0.0648,0.0774,0.0648
105.031,1,0.85,-2.25,1.06,5,75.3,20.46,0.07,0.0016,0.071,-0.002,-0.028,-1.225,-2.394,-112.76,12.18,1.12,1,0.82,6.3,7.44,-0.606,1,5,0.0774,0.0648,0.0738,0.0684
105.065,1,0.835,-2.25,0.74,5,75.4,20.46,0.07,0.0015,0.074,-0.003,-0.007,-1.226,-2.397,-112.82,12.18,1.12,1,0.83,6.3,6.41,0.461,1,5,0.0811,0.0703,0.0721,0.0721
105.098,1,0.84,-2.0,0.68,5,75.2,20.57,0.07,0.0071,0.075,-0.005,0.008,-1.228,-2.399,-112.76,12.18,1.12,1,0.834,6.3,6.78,1.108,1,5,0.0834,0.0722,0.0667,0.0759
105.131,1,0.869,-1.5,1.8,5,74.7,20.96,0.07,0.0054,0.074,-0.004,0.014,-1.228,-2.401,-112.76,12.18,1.12,1,0.84,6.3,7.44,-0.636,1,5,0.0796,0.074,0.0666,0.0759
105.164,1,0.853,-1.5,0.92,5,74.6,20.96,0.07,-0.0204,0.074,-0.003,0.045,-1.229,-2.404,-112.64,12.18,0.79,1,0.839,6.79,7.0,0.459,1,5,0.0758,0.074,0.0684,0.0777
105.2,1,0.848,-1.25,0.95,5,74.9,20.56,0.07,-0.004,0.075,0.002,0.007,-1.23,-2.406,-112.53,12.18,0.79,1,0.839,6.79,7.0,0.459,1,5,0.0716,0.0808,0.0734,0.0753
105.233,1,0.862,-1.25,3.14,5,74.7,20.44,0.07,-0.007,0.076,0.001,0.021,-1.231,-2.408,-112.53,12.18,0.79,1,0.839,6.79,7.0,0.459,1,5,0.0735,0.0808,0.0735,0.0753
105.266,1,0.859,-1.0,2.78,5,74.1,20.44,0.07,-0.0449,0.075,0.0,-0.009,-1.232,-2.411,-112.53,12.18,0.79,1,0.839,6.79,7.0,0.459,1,5,0.0717,0.079,0.0717,0.0772
105.298,1,0.857,-1.0,2.78,5,73.9,20.44,0.07,-0.0413,0.072,-0.0,-0.02,-1.233,-2.413,-112.59,12.18,0.79,1,0.837,7.27,8.62,-0.6,1,5,0.0666,0.0703,0.074,0.0778
105.332,1,0.856,-1.0,2.78,5,73.8,20.44,0.07,-0.0406,0.072,0.001,-0.005,-1.234,-2.414,-112.59,12.18,0.79,1,0.831,7.27,7.6,0.437,1,5,0.0666,0.0703,0.0759,0.0759
105.365,1,0.859,-1.0,3.0,5,73.7,20.44,0.07,-0.0404,0.071,0.0,-0.024,-1.235,-2.417,-112.64,12.18,3.75,1,0.831,7.27,7.6,0.437,1,5,0.0722,0.0666,0.0759,0.0703
105.398,1,0.865,-1.25,2.78,5,74.1,20.0,0.07,-0.044,0.073,-0.002,-0.022,-1.236,-2.42,-112.7,12.18,3.75,1,0.831,7.27,7.6,0.437,1,5,0.0793,0.0682,0.0738,0.0719
105.431,1,0.862,-1.5,2.98,5,73.8,20.56,0.07,-0.0369,0.074,-0.004,-0.009,-1.237,-2.421,-112.7,12.18,3.75,1,0.846,6.3,5.33,-0.048,1,5,0.0812,0.0664,0.0738,0.0738
105.464,1,0.863,-1.5,2.98,5,73.7,20.56,0.07,-0.0374,0.072,-0.004,-0.036,-1.238,-2.424,-112.76,12.18,3.75,1,0.843,6.3,4.35,-0.696,1,5,0.0793,0.0664,0.0701,0.0738
105.498,1,0.866,-1.25,2.73,5,73.6,20.46,0.07,-0.0378,0.071,-0.003,0.004,-1.239,-2.426,-112.82,12.18,3.75,1,0.849,6.3,4.34,-0.701,1,5,0.0795,0.0666,0.0684,0.0684
105.531,1,0.87,-1.25,2.73,5,73.8,20.46,0.07,-0.0367,0.07,-0.001,0.047,-1.24,-2.428,-112.76,12.18,3.75,1,0.849,6.3,4.34,-0.701,1,5,0.0777,0.0684,0.0703,0.0647
105.566,1,0.873,-1.25,2.73,5,74.2,20.46,0.07,-0.0366,0.07,0.001,-0.019,-1.241,-2.43,-112.76,12.19,4.65,1,0.818,1.94,1.33,1.165,1,5,0.0739,0.0702,0.0721,0.0628
105.6,1,0.871,-1.5,3.09,5,74.4,20.56,0.07,-0.0366,0.071,0.002,-0.055,-1.242,-2.433,-112.87,12.19,4.65,1,0.842,0.48,-4.38,-1.918,1,5,0.0733,0.0715,0.0751,0.066
105.63,1,0.872,-1.75,2.55,5,74.7,20.0,0.07,-0.0396,0.07,0.0,-0.027,-1.242,-2.434,-112.93,12.19,4.65,1,0.835,0.48,-5.36,-4.183,1,5,0.0714,0.0678,0.0714,0.0678
105.665,1,0.877,-1.75,2.55,5,75.1,20.0,0.07,-0.0274,0.071,0.0,-0.055,-1.243,-2.437,-112.99,12.19,4.65,1,0.835,0.48,-5.36,-4.183,1,5,0.0733,0.066,0.0752,0.0678
105.7,1,0.88,-1.75,2.43,5,75.0,20.44,0.07,-0.0279,0.068,-0.001,-0.032,-1.245,-2.439,-113.1,12.19,4.65,1,0.839,0.48,-5.42,0.831,1,5,0.0717,0.0606,0.0735,0.0662
105.732,1,0.872,-1.75,1.55,5,74.9,20.56,0.077,-0.026,0.069,0.0,-0.02,-1.245,-2.441,-113.1,12.19,4.65,1,0.839,0.48,-5.42,0.831,1,5,0.0736,0.0625,0.0754,0.0644
105.766,1,0.876,-2.0,2.49,5,75.1,20.56,0.084,-0.011,0.07,-0.004,0.0,-1.247,-2.443,-113.16,12.19,3.54,1,0.839,0.48,-5.42,0.831,1,5,0.079,0.0625,0.0698,0.068
105.799,1,0.865,-1.75,2.24,5,74.6,20.46,0.0981,-0.0245,0.072,-0.005,-0.021,-1.248,-2.446,-113.22,12.19,3.54,1,0.84,-0.48,-5.58,-1.913,1,5,0.0809,0.0662,0.0699,0.068
105.831,1,0.856,-1.75,2.14,5,74.6,20.46,0.112,-0.0246,0.073,-0.005,-0.014,-1.248,-2.447,-113.22,12.19,3.54,1,0.84,-0.48,-5.58,-1.913,1,5,0.0827,0.068,0.068,0.0735
105.863,1,0.851,-1.75,2.15,5,74.3,20.46,0.119,-0.0249,0.079,-0.002,-0.007,-1.25,-2.45,-113.22,12.19,3.54,1,0.84,-0.48,-5.57,-1.913,1,5,0.0846,0.0754,0.0772,0.0772
105.9,1,0.856,-1.75,2.14,5,74.2,20.46,0.1331,-0.0293,0.09,0.0,-0.017,-1.251,-2.454,-113.27,12.19,3.54,1,0.841,-0.48,-5.56,-1.913,1,5,0.0926,0.0852,0.0945,0.0871
105.931,1,0.86,-1.75,2.14,5,74.2,20.2,0.147,-0.0332,0.096,0.0,-0.025,-1.252,-2.456,-113.33,12.19,3.54,1,0.844,-0.48,-5.56,-1.913,1,5,0.1,0.0908,0.1019,0.0926
105.964,1,0.857,-1.75,2.15,5,74.8,20.46,0.154,-0.035,0.11,0.003,-0.074,-1.254,-2.461,-113.39,12.19,1.75,1,0.821,1.94,-6.48,-1.562,1,5,0.1111,0.1093,0.1167,0.1037
105.997,1,0.864,-2.0,2.47,5,75.3,20.44,0.1489,-0.0339,0.122,0.002,-0.056,-1.256,-2.465,-113.5,12.19,1.75,1,0.815,5.33,2.82,-3.037,1,5,0.1151,0.1133,0.1205,0.1097
106.03,1,0.834,-2.25,1.47,5,75.0,20.46,0.1511,-0.0391,0.133,0.0,-0.09,-1.257,-2.468,-113.62,12.19,1.75,1,0.836,5.33,4.13,1.563,1,5,0.1361,0.1271,0.1396,0.1289
106.065,1,0.844,-2.25,1.8,5,74.7,20.0,0.1392,-0.0103,0.148,0.0,-0.058,-1.26,-2.473,-113.73,12.19,1.75,1,0.848,4.36,2.93,1.561,1,5,0.1522,0.1396,0.1557,0.1432
106.1,1,0.855,-2.25,1.9,5,75.0,20.0,0.1534,-0.0214,0.157,-0.0,-0.006,-1.262,-2.479,-113.79,12.19,1.75,1,0.848,4.36,2.93,1.561,1,5,0.1603,0.1419,0.1621,0.1474
106.133,1,0.865,-2.25,1.81,5,74.9,20.0,0.1673,-0.0276,0.157,0.0,-0.024,-1.263,-2.482,-113.79,12.19,1.75,1,0.848,4.36,2.93,1.561,1,5,0.1647,0.148,0.1665,0.148
106.165,1,0.831,-3.24,1.51,5,75.1,20.04,0.1742,-0.0269,0.158,0.0,-0.151,-1.266,-2.488,-114.02,12.21,0.99,1,0.849,3.88,2.78,-1.085,1,5,0.1645,0.1515,0.1663,0.1515
106.199,1,0.833,-3.24,0.99,5,76.0,20.46,0.1525,-0.0034,0.164,-0.001,-0.083,-1.269,-2.494,-114.13,12.21,0.99,1,0.852,2.91,2.51,1.168,1,5,0.1711,0.1546,0.1711,0.1582
106.23,1,0.825,-3.24,0.41,5,76.5,20.04,0.1286,0.0111,0.167,-0.001,-0.038,-1.27,-2.497,-114.19,12.21,0.99,1,0.852,2.91,2.51,1.168,1,5,0.1748,0.1601,0.173,0.1619
106.265,1,0.838,-2.99,0.36,5,76.5,19.97,0.1196,0.0229,0.172,-0.001,0.017,-1.273,-2.504,-114.19,12.21,0.99,1,0.846,2.91,1.26,-1.821,1,5,0.1784,0.1637,0.1784,0.1692
106.297,1,0.849,-2.25,0.55,5,76.4,19.59,0.1337,0.0196,0.168,-0.001,-0.0,-1.276,-2.51,-114.08,12.21,0.99,1,0.839,2.91,0.77,-0.886,1,5,0.1753,0.1643,0.1772,0.1698
106.333,1,0.858,-2.75,1.59,5,75.5,20.04,0.1284,0.0071,0.165,-0.002,-0.101,-1.277,-2.513,-114.13,12.21,0.99,1,0.829,4.36,-0.39,-4.087,1,5,0.1677,0.1585,0.1677,0.1659
106.365,1,0.835,-2.99,0.31,5,75.3,20.0,0.1354,-0.009,0.158,-0.003,0.019,-1.28,-2.518,-114.31,12.21,0.3,1,0.836,4.85,3.68,-1.798,1,5,0.1641,0.1493,0.1604,0.1585
106.399,1,0.845,-2.75,0.46,5,74.9,20.04,0.1337,0.0213,0.154,-0.004,-0.005,-1.283,-2.524,-114.31,12.21,0.3,1,0.836,4.85,3.68,-1.798,1,5,0.1641,0.1475,0.153,0.153
106.429,1,0.851,-2.5,0.57,5,74.6,19.97,0.1321,0.0149,0.152,-0.002,0.016,-1.284,-2.526,-114.25,12.21,0.3,1,0.833,5.82,4.72,-0.089,1,5,0.1568,0.1476,0.1512,0.1512
106.464,1,0.852,-2.25,1.1,5,73.9,20.04,0.1391,0.009,0.146,0.001,0.092,-1.286,-2.532,-114.13,12.21,0.3,1,0.833,5.82,4.72,-0.089,1,5,0.1422,0.1477,0.1477,0.1477
106.499,1,0.849,-2.25,1.73,5,73.8,19.85,0.1532,-0.0071,0.141,0.003,-0.023,-1.288,-2.537,-114.13,12.21,0.3,1,0.833,5.82,4.72,-0.089,1,5,0.1367,0.1478,0.1423,0.1441
106.533,1,0.848,-2.25,1.47,5,74.1,20.0,0.1671,-0.0246,0.141,0.001,-0.091,-1.29,-2.539,-114.19,12.21,0.3,1,0.833,5.82,4.72,-0.089,1,5,0.1387,0.1442,0.1405,0.1405
106.564,1,0.84,-2.25,0.78,5,74.7,20.04,0.1741,-0.019,0.141,0.0,-0.0,-1.292,-2.545,-114.31,12.21,1.1,1,0.833,5.82,4.72,-0.089,1,5,0.1464,0.1427,0.1409,0.1354
106.601,1,0.825,-2.0,0.31,5,74.6,20.0,0.1498,0.0017,0.15,0.003,-0.016,-1.294,-2.551,-114.36,12.21,1.1,1,0.833,5.82,4.72,-0.089,1,5,0.1501,0.1501,0.1556,0.1427
106.633,1,0.844,-2.0,1.03,5,74.2,19.97,0.1365,0.0102,0.154,0.006,-0.024,-1.295,-2.554,-114.36,12.21,1.1,1,0.833,5.82,4.72,-0.089,1,5,0.1509,0.1563,0.1636,0.1454
106.664,1,0.838,-2.25,1.15,5,73.7,19.45,0.1434,-0.0059,0.158,0.008,0.003,-1.298,-2.56,-114.48,12.21,1.1,1,0.833,5.82,4.72,-0.089,1,5,0.1505,0.1615,0.1707,0.1505
106.697,1,0.828,-2.25,0.14,5,74.2,20.04,0.1575,-0.0073,0.158,0.007,-0.079,-1.3,-2.566,-114.59,12.21,1.1,1,0.823,5.82,2.67,-1.209,1,5,0.1524,0.1615,0.1707,0.1468
106.733,1,0.848,-2.5,0.42,5,74.6,19.97,0.1625,0.0168,0.157,0.004,-0.101,-1.302,-2.569,-114.71,12.21,1.1,1,0.823,5.82,2.67,-1.209,1,5,0.1599,0.1562,0.1654,0.147
106.764,1,0.839,-2.25,-0.08,5,74.4,20.04,0.1685,0.0126,0.16,0.001,-0.034,-1.304,-2.574,-114.82,12.21,0.03,1,0.823,5.82,2.67,-1.209,1,5,0.1673,0.1581,0.1655,0.1508
106.798,1,0.83,-2.25,-0.19,5,74.5,20.04,0.1474,0.0219,0.162,0.001,0.006,-1.306,-2.578,-114.82,12.21,0.03,1,0.823,5.82,2.67,-1.209,1,5,0.1679,0.1587,0.1679,0.1551
106.83,1,0.816,-2.0,0.17,5,74.0,19.97,0.143,0.0243,0.164,0.006,0.026,-1.308,-2.584,-114.71,12.21,0.03,1,0.823,5.82,2.67,-1.209,1,5,0.1597,0.167,0.1725,0.156
106.865,1,0.836,-2.0,1.11,5,74.5,19.27,0.1385,0.0133,0.165,0.008,-0.072,-1.311,-2.59,-114.82,12.21,0.03,1,0.831,5.33,3.11,-2.35,1,5,0.1596,0.1761,0.1706,0.1541
106.899,1,0.83,-2.25,0.09,5,74.7,20.04,0.1452,-0.0077,0.164,0.004,-0.04,-1.313,-2.596,-114.94,12.21,0.03,1,0.829,4.85,2.08,-2.992,1,5,0.1663,0.1718,0.1645,0.1534
106.931,1,0.837,-2.25,0.24,5,75.1,20.0,0.1452,0.0185,0.164,0.002,0.05,-1.315,-2.599,-114.88,12.21,0.03,1,0.829,4.85,2.08,-2.992,1,5,0.1701,0.1701,0.1609,0.1535
106.964,1,0.83,-2.25,1.12,5,75.0,20.04,0.1482,0.0149,0.162,0.0,-0.021,-1.317,-2.605,-114.94,12.21,-0.2,1,0.83,5.33,1.25,0.828,1,5,0.1666,0.1592,0.1648,0.1555
106.996,1,0.796,-2.75,1.2,5,75.2,20.04,0.1624,-0.0073,0.161,0.001,-0.003,-1.319,-2.608,-114.94,12.21,-0.2,1,0.823,4.85,1.69,-0.319,1,5,0.1601,0.1583,0.1655,0.1583
107.031,1,0.792,-2.5,0.25,5,75.5,20.0,0.1644,-0.0034,0.161,0.002,-0.052,-1.322,-2.614,-115.05,12.21,-0.2,1,0.828,4.85,1.04,-1.911,1,5,0.1583,0.1564,0.171,0.1601
107.064,1,0.793,-2.25,-0.14,5,75.9,20.04,0.1713,0.0163,0.162,-0.0,-0.109,-1.324,-2.62,-115.16,12.21,-0.2,1,0.828,4.85,1.04,-1.911,1,5,0.1638,0.1565,0.1656,0.1602
107.097,1,0.812,-2.25,-0.36,5,75.8,20.46,0.1661,0.0232,0.163,-0.001,0.022,-1.326,-2.623,-115.16,12.21,-0.2,1,0.832,4.36,0.05,-0.982,1,5,0.1686,0.1593,0.1649,0.1593
107.131,1,0.837,-2.25,0.77,5,75.6,20.2,0.1541,0.0284,0.166,0.001,0.003,-1.329,-2.629,-115.11,12.21,-0.2,1,0.828,4.36,0.03,-2.686,1,5,0.1667,0.1649,0.1704,0.163
107.166,1,0.829,-2.25,-0.28,5,75.7,20.56,0.1528,0.0017,0.169,0.006,-0.006,-1.331,-2.635,-115.16,12.2,-0.38,1,0.828,4.36,0.03,-2.686,1,5,0.1593,0.1704,0.1797,0.1686
107.197,1,0.832,-2.25,-0.27,5,75.6,20.46,0.1528,0.0267,0.169,0.006,0.012,-1.333,-2.638,-115.11,12.2,-0.38,1,0.828,4.36,0.03,-2.686,1,5,0.1593,0.1704,0.1797,0.1686
107.23,1,0.829,-2.25,-0.42,5,76.0,20.56,0.1409,0.026,0.167,0.003,-0.014,-1.335,-2.644,-115.22,12.2,-0.38,1,0.831,4.36,0.4,-3.609,1,5,0.1649,0.1704,0.1686,0.163
107.266,1,0.835,-2.25,0.67,5,76.7,20.44,0.1367,0.0291,0.166,-0.0,-0.005,-1.338,-2.65,-115.16,12.2,-0.38,1,0.838,4.36,0.06,0.867,1,5,0.1684,0.1665,0.1647,0.1647
107.297,1,0.825,-2.25,-0.13,5,76.5,20.46,0.1435,0.0051,0.166,-0.001,0.064,-1.34,-2.653,-115.11,12.2,-0.38,1,0.832,5.33,-0.46,-3.06,1,5,0.1665,0.1628,0.1665,0.1665
107.334,1,0.837,-2.25,0.26,5,76.0,20.56,0.1435,0.0232,0.162,-0.002,0.004,-1.342,-2.659,-115.11,12.2,-0.38,1,0.832,5.33,-0.46,-3.06,1,5,0.1535,0.1553,0.1646,0.1738
107.364,1,0.833,-2.75,0.47,5,76.4,20.56,0.1503,0.014,0.155,-0.002,-0.032,-1.345,-2.664,-115.11,12.2,-1.12,1,0.844,5.33,1.66,1.511,1,5,0.1514,0.157,0.1496,0.1625
107.397,1,0.833,-2.75,0.04,5,77.0,20.56,0.1452,0.0154,0.151,-0.005,0.083,-1.348,-2.67,-114.99,12.2,-1.12,1,0.842,4.36,1.49,-2.998,1,5,0.1533,0.157,0.1385,0.1588
107.429,1,0.828,-2.5,0.17,5,77.0,20.96,0.1451,0.025,0.151,-0.006,0.09,-1.349,-2.672,-114.94,12.2,-1.12,1,0.84,4.36,-0.01,-2.545,1,5,0.1607,0.157,0.1311,0.1533
107.465,1,0.829,-2.25,0.15,5,77.2,20.56,0.1519,0.0184,0.149,-0.01,0.036,-1.352,-2.677,-114.82,12.2,-1.12,1,0.84,4.36,-0.01,-2.545,1,5,0.1553,0.1461,0.1313,0.1627
107.5,1,0.808,-1.75,-0.05,5,76.7,21.1,0.1581,0.0158,0.148,-0.008,0.047,-1.355,-2.683,-114.59,12.2,-1.12,1,0.835,5.82,3.3,0.472,1,5,0.1443,0.1425,0.1369,0.1665
107.532,1,0.811,-1.75,0.68,5,77.3,21.1,0.1341,0.015,0.148,-0.006,-0.017,-1.356,-2.686,-114.59,12.2,-1.12,1,0.835,5.82,3.3,0.472,1,5,0.1406,0.148,0.1369,0.1684
107.566,1,0.809,-1.75,0.07,5,77.5,20.56,0.1239,0.0008,0.151,-0.006,0.034,-1.359,-2.691,-114.53,12.21,-1.15,1,0.847,6.79,4.96,0.693,1,5,0.1461,0.1516,0.1387,0.1664
107.599,1,0.836,-1.75,1.47,5,77.4,20.46,0.128,0.0134,0.154,-0.008,0.085,-1.362,-2.696,-114.42,12.21,-1.15,1,0.844,6.79,2.06,0.04,1,5,0.1515,0.1589,0.1367,0.1682
107.633,1,0.842,-1.75,1.47,5,77.1,20.46,0.142,-0.0175,0.151,-0.01,0.131,-1.363,-2.699,-114.31,12.21,-1.15,1,0.844,6.79,2.06,0.04,1,5,0.1533,0.1477,0.1348,0.1699
107.664,1,0.843,-1.75,1.54,5,76.9,20.46,0.1488,-0.0187,0.145,-0.012,0.014,-1.366,-2.704,-114.13,12.21,-1.15,1,0.829,7.27,5.13,-1.426,1,5,0.1441,0.1386,0.1257,0.17
107.697,1,0.841,-2.0,1.86,5,76.5,20.56,0.163,-0.0228,0.143,-0.011,-0.018,-1.369,-2.709,-114.19,12.21,-1.15,1,0.834,7.27,6.14,-0.647,1,5,0.1403,0.1348,0.1237,0.168
107.727,1,0.809,-2.5,1.3,5,77.1,20.96,0.1699,-0.0291,0.144,-0.012,0.054,-1.371,-2.712,-114.13,12.21,-1.15,1,0.821,6.79,7.4,1.08,1,5,0.1476,0.1366,0.1273,0.1661
107.764,1,0.834,-2.5,1.73,5,77.1,20.96,0.1838,-0.0111,0.152,-0.011,0.009,-1.374,-2.717,-114.13,12.21,0.96,1,0.825,6.79,4.91,-0.718,1,5,0.1564,0.1454,0.138,0.1693
107.797,1,0.822,-2.5,0.73,5,76.9,20.96,0.1952,-0.0257,0.156,-0.009,-0.009,-1.375,-2.72,-114.13,12.21,0.96,1,0.825,6.79,4.91,-0.718,1,5,0.1602,0.1491,0.1454,0.1694
107.832,1,0.843,-2.25,1.44,5,76.6,20.46,0.1712,0.0044,0.163,-0.006,0.052,-1.378,-2.726,-114.13,12.21,0.96,1,0.825,6.79,4.91,-0.718,1,5,0.1676,0.1547,0.1584,0.1713
107.866,1,0.854,-1.75,1.48,5,76.7,20.46,0.1781,-0.0184,0.173,-0.003,-0.043,-1.381,-2.733,-114.08,12.21,0.96,1,0.825,6.79,4.91,-0.718,1,5,0.1792,0.1663,0.1737,0.1737
107.897,1,0.856,-1.75,1.48,5,76.8,20.46,0.1794,-0.0254,0.177,-0.003,-0.022,-1.382,-2.736,-114.13,12.21,0.96,1,0.851,7.76,6.39,1.623,1,5,0.1828,0.1699,0.1791,0.1773
107.931,1,0.814,-1.5,0.58,5,76.6,20.57,0.1794,-0.0249,0.183,-0.003,-0.037,-1.386,-2.743,-114.19,12.21,0.96,1,0.851,7.76,6.39,1.623,1,5,0.1885,0.1792,0.1811,0.1829
107.964,1,0.812,-1.75,0.66,5,76.3,20.57,0.1675,-0.0028,0.185,-0.005,-0.032,-1.387,-2.747,-114.19,12.21,0.96,1,0.851,7.76,6.39,1.623,1,5,0.1924,0.1796,0.1814,0.1869
107.996,1,0.806,-1.75,0.73,5,76.4,20.56,0.1431,0.0006,0.184,-0.006,0.061,-1.391,-2.753,-114.13,12.21,1.95,1,0.862,5.82,7.91,-3.196,1,5,0.1923,0.174,0.1813,0.1868
108.027,1,0.81,-2.25,1.78,5,76.8,20.57,0.14,-0.0006,0.183,-0.007,-0.001,-1.394,-2.76,-114.19,12.21,1.95,1,0.862,5.82,7.9,-3.201,1,5,0.1912,0.1694,0.1839,0.1894
108.067,1,0.825,-2.0,1.69,5,75.9,20.96,0.1467,-0.0192,0.183,-0.008,-0.007,-1.397,-2.766,-114.19,12.21,1.95,1,0.852,5.33,8.31,0.391,1,5,0.1911,0.1691,0.1819,0.1911
108.098,1,0.829,-1.75,0.76,5,76.2,20.57,0.1469,-0.0206,0.179,-0.01,-0.067,-1.401,-2.773,-114.31,12.21,1.95,1,0.857,7.27,4.56,-2.923,1,5,0.1912,0.1673,0.1784,0.1912
108.132,1,0.832,-2.0,0.77,5,75.4,20.57,0.1469,-0.0023,0.175,-0.007,-0.01,-1.402,-2.776,-114.31,12.21,1.95,1,0.857,7.27,4.56,-2.923,1,5,0.1855,0.1671,0.169,0.18
108.163,1,0.834,-2.5,0.77,5,74.8,20.57,0.1404,0.0014,0.17,-0.004,0.014,-1.403,-2.779,-114.31,12.21,1.95,1,0.857,7.27,4.56,-2.923,1,5,0.1783,0.1654,0.1672,0.1691
108.195,1,0.834,-2.75,-0.64,5,74.2,20.56,0.1278,0.0086,0.162,-0.0,-0.067,-1.406,-2.784,-114.36,12.21,1.93,1,0.861,2.42,-1.5,-2.945,1,5,0.1653,0.1561,0.1671,0.158
108.231,1,0.844,-2.99,0.18,5,73.3,20.56,0.1347,0.0404,0.159,-0.002,-0.057,-1.409,-2.79,-114.53,12.21,1.93,1,0.861,2.42,-1.5,-2.945,1,5,0.1626,0.146,0.1682,0.1589
108.263,1,0.831,-2.75,-0.49,5,72.7,20.46,0.1464,0.025,0.159,-0.006,-0.048,-1.41,-2.793,-114.59,12.21,1.93,1,0.861,2.42,-1.5,-2.945,1,5,0.1682,0.1423,0.1645,0.1608
108.297,1,0.815,-2.99,-0.66,5,72.3,20.56,0.1464,0.0367,0.158,-0.008,-0.037,-1.412,-2.796,-114.59,12.21,1.93,1,0.861,2.42,-1.5,-2.945,1,5,0.1718,0.1423,0.1571,0.1589
108.331,1,0.815,-2.99,0.5,5,71.7,20.0,0.1464,0.0432,0.152,-0.004,0.031,-1.414,-2.801,-114.59,12.21,1.93,1,0.861,2.42,-1.5,-2.945,1,5,0.1646,0.1479,0.1479,0.1479
108.362,1,0.803,-2.5,0.03,5,71.3,19.59,0.1464,0.0166,0.146,-0.0,0.019,-1.416,-2.806,-114.53,12.21,1.93,1,0.861,2.42,-1.5,-2.945,1,5,0.1535,0.1461,0.1442,0.1387
108.395,1,0.788,-2.5,0.67,5,71.6,19.59,0.1534,0.021,0.145,0.003,0.028,-1.419,-2.812,-114.48,12.21,0.06,1,0.864,6.3,5.65,0.58,1,5,0.1424,0.1479,0.1479,0.1424
108.427,1,0.792,-2.25,0.85,5,71.2,19.59,0.1495,0.0063,0.146,0.002,-0.019,-1.42,-2.814,-114.48,12.21,0.06,1,0.858,6.3,5.74,-2.707,1,5,0.1424,0.1498,0.1461,0.1461
108.462,1,0.799,-1.75,1.55,5,71.8,19.59,0.1559,-0.0015,0.146,0.001,-0.014,-1.422,-2.82,-114.48,12.21,0.06,1,0.86,6.79,4.82,-0.563,1,5,0.1386,0.1515,0.1423,0.1515
108.5,1,0.789,-1.75,1.64,5,72.1,19.59,0.1569,-0.0238,0.143,0.0,0.045,-1.425,-2.825,-114.42,12.21,0.06,1,0.86,6.79,4.82,-0.563,1,5,0.1378,0.1468,0.1396,0.1486
108.53,1,0.799,-2.99,3.0,5,72.4,19.59,0.1534,-0.0245,0.141,0.0,0.027,-1.426,-2.828,-114.36,12.21,0.06,1,0.866,6.79,6.03,-1.794,1,5,0.1378,0.1432,0.1396,0.1432
108.566,1,0.788,-2.5,2.69,5,72.6,19.59,0.1603,-0.0434,0.142,0.0,-0.011,-1.428,-2.833,-114.31,12.21,0.06,1,0.866,6.79,6.03,-1.794,1,5,0.1434,0.1416,0.1434,0.1416
108.596,1,0.792,-2.99,3.17,5,73.1,19.59,0.1625,-0.0437,0.145,-0.0,-0.071,-1.43,-2.836,-114.42,12.22,1.76,1,0.86,7.27,6.14,-2.299,1,5,0.1441,0.1423,0.146,0.146
108.631,1,0.785,-2.99,2.89,5,72.8,19.85,0.1481,-0.0441,0.149,-0.001,0.001,-1.432,-2.841,-114.48,12.22,1.76,1,0.858,6.3,6.52,-2.876,1,5,0.1497,0.1441,0.1515,0.1515
108.664,1,0.808,-1.75,1.86,5,72.7,19.85,0.1481,-0.038,0.15,0.001,-0.026,-1.434,-2.847,-114.59,12.22,1.76,1,0.858,6.3,6.52,-2.876,1,5,0.1512,0.1494,0.1531,0.1476
108.697,1,0.81,-1.75,1.58,5,73.1,20.0,0.1552,-0.0312,0.15,0.003,0.026,-1.436,-2.849,-114.59,12.22,1.76,1,0.843,1.94,-2.46,-1.921,1,5,0.1531,0.1512,0.1549,0.142
108.729,1,0.81,-1.75,1.21,5,73.1,20.44,0.162,-0.0254,0.148,0.006,-0.023,-1.438,-2.855,-114.59,12.22,1.76,1,0.843,1.94,-2.46,-1.921,1,5,0.1513,0.1476,0.1587,0.1329
108.763,1,0.787,-1.75,0.52,5,72.5,20.46,0.172,-0.017,0.148,0.003,-0.084,-1.44,-2.86,-114.76,12.22,1.76,1,0.843,1.94,-2.46,-1.921,1,5,0.1497,0.1423,0.1589,0.1404
108.798,1,0.813,-1.25,0.81,5,73.0,20.0,0.1477,0.0029,0.148,0.001,-0.003,-1.442,-2.863,-114.76,12.22,1.68,1,0.843,1.94,-2.46,-1.921,1,5,0.1497,0.1404,0.1589,0.1441
108.828,1,0.782,-1.25,0.46,5,73.3,20.46,0.1546,-0.0105,0.151,0.0,0.012,-1.444,-2.869,-114.76,12.22,1.68,1,0.843,1.94,-2.46,-1.921,1,5,0.1514,0.1477,0.1551,0.1514
108.865,1,0.81,-1.25,0.79,5,72.8,20.0,0.1686,-0.002,0.152,0.005,-0.001,-1.446,-2.874,-114.76,12.22,1.68,1,0.843,1.94,-2.46,-1.921,1,5,0.1495,0.1569,0.1569,0.144
108.896,1,0.779,-1.25,-0.59,5,72.4,20.46,0.1598,-0.009,0.152,0.006,-0.013,-1.447,-2.877,-114.76,12.22,1.68,1,0.869,2.42,-4.88,-5.219,1,5,0.1514,0.1588,0.1588,0.1403
108.928,1,0.789,-0.75,-0.9,5,72.2,20.0,0.1481,0.024,0.156,0.005,-0.014,-1.45,-2.883,-114.76,12.22,1.68,1,0.872,2.91,-4.81,-2.59,1,5,0.1571,0.1589,0.1626,0.1441
108.963,1,0.8,-0.75,0.49,5,71.5,20.04,0.124,0.0222,0.16,0.003,-0.091,-1.453,-2.889,-115.05,12.22,1.68,1,0.872,2.91,-4.81,-2.59,1,5,0.1626,0.1608,0.1663,0.1515
108.998,1,0.805,-0.75,0.34,5,71.7,20.0,0.0999,-0.0032,0.159,0.002,-0.03,-1.455,-2.895,-115.05,12.21,-0.94,1,0.872,2.91,-4.81,-2.59,1,5,0.159,0.159,0.1627,0.1553
109.029,1,0.809,-0.75,0.33,5,72.1,19.59,0.0895,-0.0004,0.154,0.005,-0.004,-1.456,-2.897,-115.05,12.21,-0.94,1,0.872,2.91,-4.81,-2.59,1,5,0.1498,0.1572,0.1609,0.1498
109.065,1,0.828,-1.25,0.93,5,72.6,20.04,0.0895,0.0003,0.146,0.007,0.015,-1.458,-2.903,-115.05,12.21,-0.94,1,0.859,6.3,3.43,-4.394,1,5,0.1369,0.148,0.1573,0.1406
109.094,1,0.814,-0.75,0.4,5,73.2,19.59,0.0895,-0.0041,0.143,0.006,0.021,-1.46,-2.905,-115.05,12.21,-0.94,1,0.874,6.3,0.55,-3.712,1,5,0.135,0.1424,0.1553,0.1405
109.13,1,0.799,-0.75,0.47,5,73.3,19.59,0.0895,-0.001,0.141,-0.0,-0.097,-1.462,-2.91,-115.16,12.21,-0.94,1,0.872,6.79,2.09,-3.113,1,5,0.1405,0.1276,0.1535,0.1424
109.164,1,0.805,-1.25,0.35,5,73.4,20.0,0.0895,-0.0021,0.136,-0.006,-0.048,-1.465,-2.915,-115.34,12.21,-0.94,1,0.872,6.79,2.09,-3.113,1,5,0.1473,0.1178,0.1436,0.1362
109.197,1,0.818,-2.0,1.06,5,73.1,20.2,0.0895,0.0061,0.133,-0.005,-0.054,-1.466,-2.917,-115.39,12.21,-1.83,1,0.872,6.79,2.09,-3.113,1,5,0.1454,0.1178,0.1381,0.1289
109.232,1,0.812,-2.99,1.12,5,73.1,20.2,0.0895,0.0023,0.124,-0.0,-0.053,-1.468,-2.921,-115.51,12.21,-1.83,1,0.861,7.76,1.32,-4.129,1,5,0.1344,0.1178,0.1289,0.1141
109.265,1,0.811,-3.24,1.29,5,73.2,20.56,0.0895,0.0131,0.117,0.002,-0.035,-1.47,-2.926,-115.51,12.21,-1.83,1,0.867,8.24,7.4,-0.833,1,5,0.122,0.1128,0.1257,0.1072
109.294,1,0.811,-3.74,1.24,5,73.3,20.56,0.0895,0.0111,0.115,0.002,-0.056,-1.471,-2.928,-115.62,12.21,-1.83,1,0.878,8.24,7.71,-0.095,1,5,0.1183,0.1091,0.1239,0.1072
109.335,1,0.836,-2.99,0.73,5,73.8,20.56,0.0895,0.0162,0.109,-0.002,-0.021,-1.473,-2.931,-115.68,12.21,-1.83,1,0.878,8.24,7.71,-0.095,1,5,0.1183,0.0961,0.1183,0.1035
109.364,1,0.847,-2.99,1.0,5,73.8,20.57,0.0895,0.015,0.104,-0.006,-0.11,-1.475,-2.935,-115.85,12.21,-1.83,1,0.865,7.27,8.06,-0.529,1,5,0.1162,0.089,0.1071,0.1053
109.394,1,0.851,-3.24,0.86,5,74.0,20.46,0.0895,0.0099,0.1,-0.007,-0.037,-1.476,-2.937,-115.91,12.21,-2.24,1,0.865,7.27,8.06,-0.529,1,5,0.1134,0.0882,0.099,0.1008
109.428,1,0.847,-3.74,0.6,5,74.0,20.56,0.0895,0.0154,0.095,-0.004,-0.01,-1.477,-2.94,-115.97,12.21,-2.24,1,0.875,6.3,5.02,-0.854,1,5,0.1044,0.0918,0.09,0.0936
109.466,1,0.849,-3.74,0.51,5,74.0,20.56,0.0895,0.0257,0.088,0.0,0.009,-1.479,-2.943,-115.97,12.21,-2.24,1,0.875,6.3,5.02,-0.854,1,5,0.0917,0.088,0.088,0.0843
109.493,1,0.852,-3.74,0.01,5,73.8,20.46,0.0895,0.0265,0.086,0.001,0.007,-1.479,-2.944,-115.97,12.21,-2.24,1,0.882,6.3,5.32,-0.107,1,5,0.0873,0.0855,0.0891,0.082
109.531,1,0.849,-3.49,-0.3,5,73.4,20.2,0.0895,0.0348,0.079,0.001,0.024,-1.48,-2.947,-115.91,12.21,-2.24,1,0.881,6.3,5.32,-0.116,1,5,0.077,0.0788,0.0823,0.0788
109.596,1,0.846,-3.49,0.19,5,72.8,20.44,0.0895,0.0367,0.07,0.0,0.015,-1.482,-2.95,-115.85,12.21,-1.89,1,0.866,6.3,6.89,-2.1,1,5,0.0736,0.0736,0.0681,0.0663
109.631,1,0.844,-3.49,0.19,5,72.4,20.44,0.0895,0.0281,0.07,-0.001,0.021,-1.484,-2.953,-115.79,12.21,-1.89,1,0.868,6.3,6.89,-2.105,1,5,0.0739,0.0739,0.0646,0.0683
109.662,1,0.837,-3.24,-0.12,5,71.9,20.44,0.0895,0.0281,0.07,0.0,0.013,-1.485,-2.955,-115.74,12.21,-1.89,1,0.868,6.3,6.89,-2.105,1,5,0.0646,0.0739,0.0665,0.0739
109.693,1,0.813,-2.25,-0.33,5,71.1,20.56,0.0895,0.0306,0.069,-0.0,0.077,-1.485,-2.957,-115.68,12.21,-1.89,1,0.868,6.3,6.89,-2.105,1,5,0.0591,0.072,0.0646,0.0794
109.727,1,0.789,-1.75,-0.06,5,70.8,20.2,0.0895,0.0219,0.062,0.003,0.072,-1.486,-2.959,-115.51,12.21,-1.89,1,0.872,8.24,6.79,-2.219,1,5,0.0425,0.0721,0.0591,0.0758
109.766,1,0.801,-1.25,-0.04,5,70.8,20.2,0.0895,0.0127,0.059,0.005,0.067,-1.487,-2.961,-115.34,12.21,-1.89,1,0.872,8.24,6.79,-2.219,1,5,0.0407,0.0776,0.0499,0.0684
109.795,1,0.823,-0.75,0.44,5,71.1,20.2,0.0895,0.0079,0.058,0.006,0.068,-1.487,-2.962,-115.28,12.21,-1.08,1,0.878,9.69,7.14,-1.844,1,5,0.0388,0.0795,0.048,0.0647
109.83,1,0.823,-0.25,0.28,5,71.4,20.2,0.0895,-0.0058,0.058,0.005,0.047,-1.488,-2.964,-115.11,12.21,-1.08,1,0.878,9.69,7.14,-1.844,1,5,0.0443,0.0795,0.0462,0.0628
109.867,1,0.836,0.25,0.35,5,71.8,20.46,0.0895,-0.0075,0.057,0.003,0.045,-1.489,-2.966,-115.05,12.21,-1.08,1,0.878,9.69,7.14,-1.844,1,5,0.0443,0.0739,0.0462,0.0647
109.894,1,0.834,0.5,0.35,5,72.3,20.2,0.0895,-0.0129,0.059,0.003,0.038,-1.489,-2.967,-114.99,12.21,-1.08,1,0.874,11.15,8.92,-1.813,1,5,0.0462,0.0739,0.0499,0.0646
109.994,1,0.826,1.0,0.84,5,73.0,20.04,0.0895,-0.0124,0.063,0.003,0.025,-1.492,-2.973,-114.71,12.21,-0.05,1,0.874,12.12,10.53,-2.607,1,5,0.0555,0.0703,0.0629,0.0647
110.066,1,0.846,1.0,0.83,5,73.2,20.44,0.0895,-0.0257,0.069,-0.0,-0.012,-1.494,-2.978,-114.71,12.21,-0.05,1,0.872,12.12,10.55,-2.631,1,5,0.0682,0.07,0.0663,0.07
110.1,1,0.846,1.0,0.78,5,73.3,20.44,0.0895,-0.0247,0.07,-0.001,-0.01,-1.495,-2.981,-114.71,12.21,-0.05,1,0.872,12.12,10.57,-4.036,1,5,0.0736,0.0681,0.07,0.07
110.164,1,0.847,0.75,1.14,5,74.0,20.46,0.0895,-0.0232,0.076,-0.001,-0.034,-1.497,-2.985,-114.76,12.21,-0.05,1,0.852,6.79,3.11,-1.058,1,5,0.0796,0.074,0.0759,0.074
110.193,1,0.851,0.75,0.96,5,74.3,20.46,0.0895,-0.0264,0.076,-0.001,-0.025,-1.498,-2.987,-114.82,12.21,0.94,1,0.852,6.79,3.11,-1.058,1,5,0.0796,0.0759,0.074,0.0759
110.265,1,0.852,1.0,1.0,5,74.6,20.04,0.0895,-0.0234,0.078,-0.0,0.005,-1.501,-2.992,-114.76,12.21,0.94,1,0.881,6.3,0.53,-3.729,1,5,0.077,0.0807,0.0752,0.0807
110.295,1,0.856,1.0,0.92,5,74.6,20.56,0.0895,-0.027,0.079,0.0,0.017,-1.501,-2.994,-114.76,12.21,0.94,1,0.88,7.27,-0.46,-3.051,1,5,0.0764,0.08,0.0782,0.0818
110.331,1,0.857,1.25,0.69,5,74.7,20.46,0.0895,-0.0256,0.079,0.001,0.022,-1.503,-2.997,-114.71,12.21,0.94,1,0.88,7.27,-0.77,-3.815,1,5,0.0746,0.08,0.08,0.08
110.36,1,0.859,1.25,0.69,5,74.8,20.46,0.0895,-0.0245,0.078,0.001,0.03,-1.504,-3.0,-114.65,12.21,0.94,1,0.876,7.27,0.2,-1.619,1,5,0.077,0.0807,0.077,0.077
110.392,1,0.853,1.25,1.25,5,75.0,20.46,0.0895,-0.0241,0.078,0.001,0.013,-1.505,-3.001,-114.65,12.21,0.86,1,0.875,7.27,0.2,-1.615,1,5,0.0777,0.0833,0.0759,0.0759
110.494,1,0.871,0.75,1.32,5,74.8,20.46,0.0895,-0.0332,0.085,-0.005,-0.008,-1.509,-3.009,-114.65,12.21,0.86,1,0.879,7.27,0.21,-3.24,1,5,0.0887,0.0813,0.0795,0.0905
110.593,1,0.837,0.75,1.06,5,75.2,20.46,0.0885,-0.0292,0.086,-0.007,0.006,-1.513,-3.016,-114.71,12.23,0.25,1,0.889,6.3,0.55,-5.26,1,5,0.0905,0.0813,0.0776,0.0961
110.628,1,0.839,0.75,0.76,5,75.2,20.46,0.0885,-0.0247,0.085,-0.003,0.038,-1.514,-3.019,-114.65,12.23,0.25,1,0.889,6.3,0.55,-5.26,1,5,0.0869,0.0851,0.0795,0.0887
110.692,1,0.876,0.75,1.24,5,75.3,20.0,0.0885,-0.0199,0.082,0.0,0.022,-1.516,-3.024,-114.53,12.23,0.25,1,0.886,7.27,1.79,-5.214,1,5,0.0851,0.0851,0.0795,0.0777
110.73,1,0.873,0.75,1.35,5,75.4,20.0,0.0885,-0.0282,0.082,-0.0,-0.023,-1.518,-3.027,-114.53,12.23,0.25,1,0.886,7.27,1.79,-5.214,1,5,0.0869,0.0814,0.0832,0.0777
110.763,1,0.866,0.75,1.35,5,75.2,20.0,0.0885,-0.0302,0.088,-0.002,0.002,-1.519,-3.03,-114.59,12.23,0.25,1,0.872,9.21,1.63,-2.218,1,5,0.0924,0.0851,0.0869,0.0869
110.793,1,0.868,0.75,1.36,5,75.0,20.46,0.0885,-0.0302,0.089,-0.001,-0.001,-1.52,-3.032,-114.59,12.23,-1.5,1,0.852,13.09,8.47,-4.565,1,5,0.0925,0.087,0.0888,0.0888
110.892,1,0.858,0.25,1.14,5,74.6,20.0,0.0885,-0.0304,0.093,-0.003,-0.034,-1.524,-3.04,-114.71,12.23,-1.5,1,0.881,12.12,10.11,-1.79,1,5,0.0963,0.0907,0.0889,0.0963
110.994,1,0.844,-0.25,0.82,5,75.0,20.44,0.0885,-0.0214,0.086,-0.002,-0.026,-1.528,-3.048,-114.76,12.22,-1.86,1,0.882,11.15,10.32,-2.159,1,5,0.0924,0.0814,0.0869,0.0851
111.092,1,0.822,-0.25,0.93,5,76.2,20.44,0.0885,-0.0112,0.093,-0.007,-0.009,-1.533,-3.056,-114.76,12.22,-1.86,1,0.879,11.15,10.01,-2.807,1,5,0.1017,0.0832,0.0887,0.0998
111.192,1,0.835,-0.5,0.81,5,76.4,20.2,0.0885,-0.0136,0.091,-0.006,-0.015,-1.537,-3.064,-114.82,12.22,-1.1,1,0.881,11.15,9.36,-2.684,1,5,0.0925,0.0888,0.0814,0.1018
111.234,1,0.839,-0.75,1.13,5,76.4,20.2,0.0885,-0.0087,0.091,-0.004,0.031,-1.539,-3.068,-114.76,12.22,-1.1,1,0.881,11.15,9.35,-2.671,1,5,0.0924,0.0905,0.0832,0.0961
111.263,1,0.854,-0.75,0.9,5,76.5,20.04,0.0885,-0.0113,0.089,0.0,0.038,-1.54,-3.071,-114.71,12.22,-1.1,1,0.883,11.15,9.35,-2.666,1,5,0.0905,0.0905,0.0868,0.0868
111.294,1,0.829,-1.0,1.17,5,76.4,19.97,0.0885,-0.008,0.088,0.0,-0.007,-1.541,-3.072,-114.71,12.22,-1.1,1,0.883,11.15,9.35,-2.666,1,5,0.0905,0.0887,0.0887,0.085
111.359,1,0.858,-1.0,1.06,5,76.1,20.44,0.0885,-0.0104,0.09,-0.007,-0.012,-1.544,-3.079,-114.71,12.22,-1.1,1,0.884,11.15,9.37,-2.673,1,5,0.0924,0.0776,0.0887,0.1016
111.392,1,0.853,-0.75,0.83,5,76.2,20.46,0.0885,-0.0088,0.092,-0.007,-0.003,-1.545,-3.08,-114.71,12.22,-0.31,1,0.879,10.66,9.41,-2.832,1,5,0.0924,0.0813,0.0887,0.1053
111.491,1,0.864,-0.75,1.06,5,75.7,20.46,0.0885,-0.0078,0.092,-0.001,0.0,-1.549,-3.089,-114.65,12.22,-0.31,1,0.885,11.15,9.37,-2.679,1,5,0.0924,0.0961,0.0868,0.0942
111.561,1,0.859,-0.75,1.06,5,75.4,20.46,0.0885,-0.0119,0.085,0.001,0.021,-1.552,-3.095,-114.53,12.22,-0.31,1,0.885,11.15,9.37,-2.686,1,5,0.0887,0.0887,0.0832,0.0795
111.593,1,0.85,-0.75,1.44,5,75.2,20.04,0.0885,-0.0118,0.083,0.001,-0.003,-1.553,-3.096,-114.59,12.21,0.42,1,0.885,11.15,9.37,-2.686,1,5,0.085,0.085,0.0832,0.0795
111.628,1,0.807,-0.25,0.85,5,75.0,20.44,0.0885,-0.0185,0.083,-0.002,0.013,-1.554,-3.099,-114.53,12.21,0.42,1,0.885,11.15,9.37,-2.686,1,5,0.0851,0.0795,0.0832,0.0851
111.662,1,0.818,-0.25,0.83,5,75.1,20.44,0.0885,-0.0143,0.085,-0.005,-0.001,-1.556,-3.103,-114.53,12.21,0.42,1,0.885,11.15,9.37,-2.686,1,5,0.0869,0.0777,0.0814,0.0924
111.693,1,0.829,-0.25,0.93,5,74.8,20.46,0.0885,-0.0134,0.088,-0.005,-0.027,-1.557,-3.104,-114.59,12.21,0.42,1,0.885,11.15,9.37,-2.686,1,5,0.0887,0.0814,0.0851,0.0961
111.73,1,0.835,-0.25,0.85,5,74.7,20.44,0.0885,-0.0149,0.09,-0.003,-0.004,-1.558,-3.108,-114.59,12.21,0.42,1,0.885,11.15,9.37,-2.686,1,5,0.0887,0.085,0.0887,0.0961
111.76,1,0.842,-0.25,0.87,5,74.6,20.44,0.0885,-0.0131,0.091,-0.0,-0.015,-1.56,-3.111,-114.65,12.21,0.42,1,0.878,7.76,3.81,-4.027,1,5,0.0886,0.0923,0.0886,0.0942
111.79,1,0.85,-0.25,0.94,5,74.6,20.04,0.0885,-0.0133,0.089,-0.0,0.004,-1.56,-3.112,-114.65,12.21,1.13,1,0.89,7.27,4.61,-2.837,1,5,0.0904,0.0904,0.0867,0.0886
111.827,1,0.847,-0.75,1.12,5,74.5,20.2,0.0885,-0.0145,0.087,0.0,-0.023,-1.562,-3.116,-114.71,12.21,1.13,1,0.886,7.27,2.74,-3.131,1,5,0.0886,0.0905,0.0849,0.0849
111.859,1,0.843,-0.75,0.84,5,74.3,20.04,0.0885,-0.0116,0.084,0.003,0.021,-1.563,-3.119,-114.71,12.21,1.13,1,0.891,7.27,2.74,-3.12,1,5,0.0868,0.085,0.0887,0.0739
111.89,1,0.832,-0.75,0.83,5,74.3,20.04,0.0885,-0.0072,0.084,0.003,0.003,-1.564,-3.12,-114.71,12.21,1.13,1,0.891,7.27,2.74,-3.108,1,5,0.0868,0.085,0.0887,0.0758
111.927,1,0.845,-0.75,0.85,5,74.4,20.04,0.0885,-0.0071,0.083,0.002,-0.021,-1.565,-3.123,-114.71,12.21,1.13,1,0.891,7.27,2.74,-3.124,1,5,0.0867,0.0812,0.0904,0.0756
111.963,1,0.858,-0.75,0.88,5,74.3,20.0,0.0885,-0.0076,0.084,-0.004,0.004,-1.567,-3.126,-114.76,12.21,1.13,1,0.891,7.27,2.74,-3.124,1,5,0.0885,0.0756,0.0848,0.0867
111.991,1,0.858,-0.75,0.88,5,74.3,20.0,0.0885,-0.0084,0.084,-0.005,-0.002,-1.568,-3.128,-114.76,12.2,0.42,1,0.887,7.27,2.73,-1.498,1,5,0.0868,0.072,0.0868,0.0905
112.025,1,0.843,-0.75,1.03,5,74.0,20.46,0.0885,-0.0084,0.087,-0.004,-0.015,-1.569,-3.131,-114.76,12.2,0.42,1,0.89,7.27,2.74,-3.124,1,5,0.0887,0.0776,0.0887,0.0942
112.06,1,0.84,-0.25,0.56,5,73.6,20.46,0.0885,-0.0112,0.092,-0.002,-0.026,-1.571,-3.135,-114.76,12.2,0.42,1,0.888,7.27,2.75,-3.129,1,5,0.0904,0.0886,0.0923,0.0978
112.091,1,0.826,-0.75,0.84,5,73.4,20.04,0.0885,-0.0088,0.094,-0.0,-0.025,-1.572,-3.136,-114.82,12.2,0.42,1,0.886,7.27,2.75,-3.13,1,5,0.0922,0.0941,0.0941,0.0959
112.125,1,0.832,-0.75,0.84,5,73.5,20.04,0.0885,-0.0073,0.094,0.0,-0.026,-1.573,-3.14,-114.88,12.2,0.42,1,0.885,7.27,1.83,-3.65,1,5,0.0942,0.0923,0.096,0.0923
112.159,1,0.841,-0.75,0.82,5,73.4,20.46,0.0885,-0.0074,0.092,0.001,0.016,-1.575,-3.143,-114.88,12.2,0.42,1,0.885,7.27,1.83,-3.65,1,5,0.0958,0.0884,0.0976,0.0847
112.192,1,0.84,-0.75,0.82,5,73.3,20.46,0.0885,-0.0074,0.089,0.003,-0.006,-1.575,-3.145,-114.88,12.2,-0.1,1,0.885,7.27,1.83,-3.65,1,5,0.0931,0.0876,0.0967,0.0803
112.229,1,0.828,-1.0,0.66,5,73.3,19.97,0.0885,-0.0074,0.087,0.001,-0.044,-1.577,-3.148,-114.99,12.2,-0.1,1,0.885,7.27,1.83,-3.65,1,5,0.0887,0.0833,0.0923,0.0833
112.262,1,0.828,-1.0,0.66,5,73.5,19.97,0.0885,-0.0017,0.084,-0.001,-0.017,-1.578,-3.151,-115.05,12.2,-0.1,1,0.888,6.3,1.56,-3.17,1,5,0.0835,0.0781,0.089,0.0872
112.29,1,0.83,-0.75,0.16,5,73.7,20.46,0.0885,-0.0021,0.085,-0.004,0.012,-1.579,-3.152,-114.99,12.2,-0.1,1,0.892,6.3,1.56,-3.165,1,5,0.0862,0.0752,0.088,0.0917
112.326,1,0.836,-0.75,0.45,5,73.8,20.46,0.0885,0.0035,0.087,-0.002,0.004,-1.581,-3.156,-114.99,12.2,-0.1,1,0.889,6.3,1.56,-3.17,1,5,0.0887,0.0795,0.0905,0.0887
112.361,1,0.836,-0.75,0.64,5,74.0,20.04,0.0885,-0.0013,0.091,0.0,-0.045,-1.582,-3.159,-115.05,12.2,-0.1,1,0.889,6.3,1.56,-3.17,1,5,0.0942,0.0887,0.0942,0.0868
112.394,1,0.826,-0.75,0.45,5,73.9,20.46,0.0885,-0.0046,0.091,0.0,-0.045,-1.582,-3.159,-115.05,12.2,-0.1,1,0.889,6.3,1.56,-3.17,1,5,0.0942,0.0887,0.0942,0.0868
112.428,1,0.828,-1.0,0.41,5,73.9,19.97,0.0885,-0.0012,0.094,0.001,-0.037,-1.585,-3.164,-115.16,12.2,-1.68,1,0.889,6.3,1.56,-3.17,1,5,0.0978,0.0941,0.0959,0.0885
112.463,1,0.837,-1.25,0.72,5,74.2,20.04,0.087,0.0026,0.095,0.0,0.011,-1.585,-3.166,-115.16,12.2,-1.68,1,0.863,10.18,6.95,-5.321,1,5,0.0978,0.0941,0.0959,0.0885
112.495,1,0.835,-1.0,0.38,5,74.5,20.04,0.087,-0.0002,0.09,0.001,0.022,-1.587,-3.169,-115.11,12.2,-1.68,1,0.881,10.18,9.16,-0.596,1,5,0.0933,0.0897,0.0915,0.0842
112.527,1,0.831,-1.0,0.5,5,74.7,19.97,0.087,0.0024,0.087,0.001,-0.039,-1.588,-3.171,-115.11,12.2,-1.68,1,0.881,10.18,9.17,-2.212,1,5,0.0897,0.0878,0.0897,0.0824
112.559,1,0.824,-1.0,0.39,5,74.4,20.04,0.087,0.0003,0.087,0.001,-0.055,-1.589,-3.174,-115.22,12.2,-1.68,1,0.881,10.18,9.17,-2.212,1,5,0.0851,0.0814,0.0944,0.087
112.59,1,0.817,-1.25,0.34,5,74.4,20.44,0.087,0.0022,0.086,0.0,-0.015,-1.59,-3.175,-115.28,12.2,-1.68,1,0.881,10.18,7.75,-1.834,1,5,0.0833,0.0796,0.0944,0.0888
112.625,1,0.819,-0.75,0.15,5,74.6,20.44,0.087,0.0062,0.083,-0.001,0.015,-1.591,-3.178,-115.22,12.19,-2.09,1,0.878,10.18,6.36,-3.076,1,5,0.0832,0.0758,0.0887,0.0851
112.659,1,0.822,-0.75,0.36,5,74.4,20.2,0.087,0.0034,0.081,-0.0,-0.005,-1.593,-3.181,-115.22,12.19,-2.09,1,0.887,10.18,8.23,-2.643,1,5,0.0832,0.0776,0.085,0.0795
112.69,1,0.846,-0.5,0.24,5,74.6,19.97,0.087,-0.0001,0.083,0.0,0.01,-1.593,-3.183,-115.22,12.19,-2.09,1,0.892,10.18,8.26,-2.674,1,5,0.0831,0.0813,0.0849,0.0813
112.725,1,0.848,-0.5,0.15,5,74.9,20.04,0.087,-0.0011,0.086,0.0,0.002,-1.595,-3.186,-115.16,12.19,-2.09,1,0.891,10.18,8.27,-4.197,1,5,0.083,0.0885,0.0848,0.0885
112.757,1,0.855,-0.5,0.14,5,75.0,20.04,0.087,0.0011,0.086,0.0,-0.014,-1.595,-3.188,-115.22,12.19,-2.09,1,0.891,10.18,8.26,-2.677,1,5,0.0812,0.0904,0.0812,0.0904
112.794,1,0.863,-0.5,0.25,5,75.0,20.2,0.087,0.0015,0.083,0.0,0.034,-1.597,-3.191,-115.16,12.19,-2.09,1,0.888,10.18,8.25,-2.651,1,5,0.0831,0.0886,0.0775,0.0831
112.86,1,0.868,-0.5,0.25,5,74.8,20.2,0.087,-0.0001,0.083,0.003,-0.001,-1.599,-3.197,-115.16,12.19,-1.76,1,0.887,10.18,8.27,-4.186,1,5,0.0869,0.0832,0.0887,0.0721
112.892,1,0.878,-0.25,-0.06,5,74.8,20.46,0.087,-0.0,0.083,0.003,-0.069,-1.6,-3.198,-115.22,12.19,-1.76,1,0.887,10.18,8.27,-4.186,1,5,0.0869,0.0814,0.0906,0.074
112.925,1,0.854,-0.25,-0.07,5,74.5,20.46,0.087,0.0023,0.082,0.001,-0.028,-1.601,-3.201,-115.34,12.19,-1.76,1,0.882,10.18,8.23,-2.663,1,5,0.0813,0.0739,0.0924,0.0813
112.958,1,0.854,-0.25,0.02,5,74.8,20.44,0.087,0.0028,0.08,0.0,0.002,-1.603,-3.204,-115.34,12.19,-1.76,1,0.878,10.18,7.75,-1.834,1,5,0.0794,0.0757,0.0849,0.0794
112.991,1,0.863,-0.25,-0.08,5,75.2,20.46,0.087,0.0014,0.078,0.001,0.003,-1.603,-3.205,-115.34,12.19,-1.76,1,0.878,10.18,6.36,-3.074,1,5,0.0757,0.0739,0.0849,0.0776
113.024,1,0.878,-0.25,0.2,5,75.4,20.46,0.087,0.0034,0.079,0.002,-0.015,-1.605,-3.208,-115.39,12.18,-1.76,1,0.879,10.18,6.36,-3.081,1,5,0.0794,0.0812,0.0812,0.0757
113.059,1,0.89,-0.25,0.33,5,75.1,20.0,0.087,-0.0015,0.081,0.002,-0.044,-1.606,-3.211,-115.39,12.18,-1.76,1,0.881,10.18,6.37,-3.084,1,5,0.0775,0.0849,0.0812,0.0812
113.095,1,0.886,-0.25,0.21,5,74.8,20.44,0.087,-0.0036,0.081,0.001,-0.017,-1.607,-3.213,-115.45,12.18,-1.76,1,0.885,10.18,6.37,-3.078,1,5,0.0776,0.085,0.0795,0.0813
113.125,1,0.874,-0.25,0.33,5,74.5,20.46,0.087,-0.0015,0.083,0.003,0.072,-1.608,-3.216,-115.39,12.18,-1.76,1,0.885,10.18,6.37,-3.078,1,5,0.0777,0.0888,0.0833,0.0814
113.159,1,0.838,-0.25,0.32,5,74.4,20.46,0.087,-0.0036,0.083,0.005,-0.011,-1.609,-3.219,-115.34,12.18,-1.76,1,0.885,10.18,6.37,-3.078,1,5,0.0814,0.0888,0.087,0.074
113.192,1,0.865,-0.25,0.21,5,74.0,20.46,0.087,-0.0034,0.085,0.005,-0.038,-1.61,-3.221,-115.34,12.18,-1.76,1,0.885,10.18,6.37,-3.078,1,5,0.0833,0.0907,0.0888,0.0777
113.225,1,0.875,-0.25,0.21,5,73.7,20.46,0.087,-0.0014,0.085,0.003,-0.034,-1.611,-3.224,-115.45,12.18,-1.37,1,0.885,10.18,6.39,-3.088,1,5,0.0851,0.0851,0.0906,0.0795
113.257,1,0.875,-0.25,-0.06,5,73.5,20.46,0.087,-0.0015,0.087,0.0,-0.025,-1.613,-3.227,-115.51,12.18,-1.37,1,0.885,10.18,6.39,-3.088,1,5,0.0851,0.0814,0.0925,0.0888
113.292,1,0.874,-0.25,-0.06,5,73.5,20.46,0.087,0.0033,0.086,0.0,0.012,-1.614,-3.229,-115.51,12.18,-1.37,1,0.889,10.18,5.43,-3.528,1,5,0.0851,0.0814,0.0925,0.087
113.326,1,0.875,0.0,0.0,5,73.3,20.04,0.087,0.0033,0.086,0.0,0.004,-1.615,-3.232,-115.45,12.18,-1.37,1,0.889,10.18,5.43,-3.528,1,5,0.085,0.0868,0.0868,0.0868
113.359,1,0.835,0.25,-0.31,5,73.1,20.46,0.087,-0.0007,0.086,0.001,-0.016,-1.617,-3.235,-115.45,12.18,-1.37,1,0.886,10.18,6.38,-3.102,1,5,0.0832,0.0924,0.0814,0.0851
113.391,1,0.839,0.25,-0.04,5,73.2,20.46,0.087,0.0021,0.087,0.001,0.015,-1.617,-3.236,-115.45,12.18,-1.37,1,0.89,10.18,5.46,-5.085,1,5,0.085,0.0942,0.0813,0.0868
113.425,1,0.848,0.25,0.18,5,73.2,20.46,0.087,-0.0025,0.086,0.003,0.02,-1.619,-3.24,-115.39,12.18,-1.37,1,0.883,10.66,5.86,-2.046,1,5,0.0832,0.0924,0.0851,0.0832
113.459,1,0.861,0.25,0.45,5,72.9,20.0,0.087,-0.0061,0.086,0.004,0.014,-1.62,-3.243,-115.34,12.18,-1.37,1,0.883,10.66,5.86,-2.046,1,5,0.0868,0.0905,0.0905,0.0776
113.493,1,0.862,0.25,0.45,5,73.1,20.0,0.0844,-0.0105,0.086,0.005,-0.019,-1.621,-3.245,-115.39,12.18,-1.37,1,0.883,11.15,5.71,-5.423,1,5,0.085,0.0887,0.0942,0.0776
113.523,1,0.857,0.25,0.06,5,73.0,20.46,0.0844,-0.0104,0.089,0.003,-0.021,-1.622,-3.248,-115.39,12.18,-1.37,1,0.881,11.15,6.24,-2.524,1,5,0.0906,0.0906,0.0943,0.0814
113.561,1,0.859,0.25,0.06,5,73.5,20.46,0.0844,-0.0035,0.089,0.0,-0.011,-1.624,-3.251,-115.45,12.18,-1.37,1,0.881,11.15,6.24,-2.524,1,5,0.0887,0.0868,0.0924,0.0887
113.589,1,0.858,0.25,0.06,5,73.7,20.46,0.0844,-0.0035,0.088,-0.0,0.006,-1.624,-3.252,-115.45,12.18,-1.37,1,0.893,10.18,5.45,-5.083,1,5,0.0887,0.085,0.0905,0.0887
113.623,1,0.856,0.25,-0.01,5,73.7,20.44,0.0844,-0.0034,0.088,-0.002,0.005,-1.626,-3.256,-115.45,12.15,-1.91,1,0.89,10.18,5.44,-5.085,1,5,0.0868,0.0849,0.0868,0.0923
113.661,1,0.863,0.25,0.17,5,73.5,20.46,0.0844,-0.0021,0.088,0.0,-0.034,-1.627,-3.259,-115.45,12.15,-1.91,1,0.89,10.18,5.44,-5.085,1,5,0.0869,0.0924,0.0851,0.0887
113.691,1,0.869,0.25,-0.24,5,74.1,20.04,0.0844,-0.0053,0.089,0.001,-0.026,-1.628,-3.261,-115.51,12.15,-1.91,1,0.89,10.18,5.44,-5.085,1,5,0.0868,0.0961,0.0832,0.0887
113.724,1,0.873,0.25,-0.24,5,74.3,20.0,0.0814,0.002,0.087,0.0,0.008,-1.63,-3.264,-115.51,12.15,-1.91,1,0.894,10.18,4.52,-5.543,1,5,0.0887,0.0942,0.0813,0.085
113.764,1,0.868,0.25,-0.11,5,74.4,20.44,0.0814,0.0019,0.087,-0.001,0.039,-1.631,-3.267,-115.39,12.15,-1.91,1,0.894,10.18,4.52,-5.543,1,5,0.088,0.088,0.0843,0.088
113.789,1,0.872,0.0,0.01,5,74.2,19.97,0.0814,-0.0003,0.088,0.0,0.029,-1.632,-3.269,-115.39,12.15,-1.91,1,0.899,10.18,5.45,-5.063,1,5,0.088,0.088,0.088,0.088
113.826,1,0.865,0.25,-0.09,5,74.0,20.44,0.0814,0.0006,0.089,-0.001,0.012,-1.634,-3.272,-115.39,12.15,-2.89,1,0.899,10.18,5.45,-5.063,1,5,0.0891,0.0854,0.0909,0.0909
113.858,1,0.87,0.25,-0.09,5,74.4,20.44,0.0814,-0.0008,0.087,-0.002,-0.033,-1.635,-3.275,-115.45,12.15,-2.89,1,0.873,14.06,12.68,-4.477,1,5,0.0872,0.0836,0.0872,0.0908
113.891,1,0.887,0.25,-0.24,5,74.6,20.04,0.0814,-0.0007,0.085,-0.003,0.021,-1.636,-3.276,-115.45,12.15,-2.89,1,0.884,14.06,12.03,-4.288,1,5,0.0872,0.0799,0.0854,0.089
113.923,1,0.858,0.25,-0.0,5,73.7,20.44,0.0814,0.0018,0.082,-0.002,0.022,-1.637,-3.279,-115.39,12.15,-2.89,1,0.886,14.06,12.0,-4.312,1,5,0.0807,0.077,0.0826,0.0862
113.957,1,0.878,0.25,-0.02,5,73.9,20.44,0.0798,-0.0023,0.081,-0.0,-0.032,-1.639,-3.282,-115.45,12.15,-2.89,1,0.885,14.06,12.04,-5.607,1,5,0.0777,0.0758,0.0832,0.0851
113.99,1,0.884,0.25,-0.24,5,74.0,20.04,0.0798,-0.0019,0.081,-0.001,-0.03,-1.64,-3.284,-115.51,12.15,-2.89,1,0.885,14.06,12.04,-5.607,1,5,0.0819,0.0837,0.0764,0.0819
114.058,1,0.875,0.0,-0.38,5,73.6,20.2,0.0798,0.0019,0.08,0.001,0.047,-1.642,-3.29,-115.45,12.15,-3.23,1,0.878,14.06,11.08,-1.421,1,5,0.0802,0.0857,0.0748,0.0766
114.09,1,0.842,0.0,0.04,5,73.7,19.97,0.0798,0.0074,0.08,0.003,0.073,-1.643,-3.291,-115.39,12.15,-3.23,1,0.878,14.06,11.08,-1.421,1,5,0.0774,0.0829,0.0829,0.0774
114.122,1,0.874,0.0,0.12,5,74.1,19.97,0.0798,-0.0002,0.08,0.001,-0.008,-1.644,-3.294,-115.39,12.15,-3.23,1,0.886,14.06,12.01,-4.281,1,5,0.0791,0.081,0.0828,0.0791
114.159,1,0.886,-0.25,-0.05,5,74.1,20.46,0.0798,-0.0017,0.08,0.0,-0.008,-1.646,-3.297,-115.39,12.15,-3.23,1,0.878,14.06,11.12,-2.928,1,5,0.0809,0.0791,0.0809,0.0791
114.19,1,0.893,-0.25,-0.06,5,74.2,20.46,0.0798,0.004,0.078,-0.001,-0.025,-1.646,-3.298,-115.39,12.15,-3.23,1,0.878,14.06,11.12,-2.928,1,5,0.0777,0.0758,0.0777,0.0814
114.226,1,0.879,0.0,-0.02,5,74.3,20.44,0.0798,0.0041,0.076,-0.001,0.016,-1.648,-3.301,-115.39,12.15,-2.68,1,0.88,14.06,11.13,-2.925,1,5,0.0739,0.072,0.0776,0.0813
114.259,1,0.884,0.25,-0.32,5,74.5,20.0,0.0798,0.0001,0.074,-0.001,0.004,-1.649,-3.304,-115.34,12.15,-2.68,1,0.88,14.06,11.13,-2.925,1,5,0.0738,0.0701,0.0775,0.0812
114.293,1,0.89,0.25,0.06,5,75.0,20.46,0.0798,0.0025,0.076,-0.001,0.006,-1.65,-3.305,-115.34,12.15,-2.68,1,0.88,14.06,11.13,-2.925,1,5,0.074,0.0758,0.074,0.0795
114.328,1,0.893,0.25,0.06,5,75.2,20.46,0.0798,-0.004,0.077,-0.001,-0.002,-1.651,-3.308,-115.34,12.15,-2.68,1,0.88,14.06,11.13,-2.925,1,5,0.0759,0.0796,0.0722,0.0796
114.357,1,0.894,0.25,-0.05,5,75.2,20.46,0.0798,-0.0038,0.077,-0.0,0.008,-1.652,-3.311,-115.34,12.15,-2.68,1,0.884,14.06,12.06,-5.594,1,5,0.0778,0.0834,0.0667,0.0778
114.39,1,0.891,0.25,-0.17,5,75.0,20.46,0.0798,-0.0016,0.076,-0.0,0.034,-1.653,-3.312,-115.28,12.15,-2.68,1,0.884,14.06,12.06,-5.594,1,5,0.0777,0.0795,0.0721,0.0758
114.425,1,0.891,0.25,-0.24,5,75.3,20.0,0.0798,0.0004,0.077,0.002,0.011,-1.654,-3.315,-115.28,12.15,-1.69,1,0.882,14.06,12.04,-4.291,1,5,0.0795,0.0814,0.0758,0.0703
114.457,1,0.891,0.25,-0.25,5,75.3,20.0,0.0798,0.0018,0.079,0.003,0.012,-1.655,-3.318,-115.28,12.15,-1.69,1,0.883,14.06,12.07,-5.587,1,5,0.0795,0.0813,0.0813,0.0702
114.489,1,0.89,0.25,0.18,5,75.3,20.2,0.0798,0.002,0.08,0.003,-0.004,-1.656,-3.319,-115.28,12.15,-1.69,1,0.883,14.06,12.07,-5.587,1,5,0.0832,0.0814,0.0832,0.0703
114.557,1,0.881,0.25,-0.09,5,75.1,20.46,0.0797,-0.0054,0.08,-0.0,-0.012,-1.658,-3.324,-115.34,12.15,-1.69,1,0.885,14.06,12.1,-5.599,1,5,0.0794,0.0757,0.0831,0.0813
114.592,1,0.884,0.25,0.06,5,75.1,20.46,0.0797,-0.0007,0.079,-0.004,0.019,-1.66,-3.326,-115.28,12.15,-1.69,1,0.885,14.06,12.1,-5.599,1,5,0.0775,0.0738,0.0775,0.0886
114.626,1,0.881,0.25,0.1,5,74.8,20.2,0.0797,-0.0034,0.079,-0.003,0.016,-1.661,-3.329,-115.28,12.15,-1.69,1,0.885,14.06,12.1,-5.599,1,5,0.0775,0.0757,0.0775,0.0867
114.657,1,0.852,0.25,0.21,5,74.5,20.46,0.0797,-0.004,0.082,-0.002,-0.041,-1.663,-3.332,-115.34,12.15,-1.69,1,0.885,14.06,12.1,-5.599,1,5,0.0813,0.085,0.0758,0.0868
114.692,1,0.847,0.0,0.12,5,74.3,19.97,0.0797,-0.0059,0.083,-0.001,-0.029,-1.664,-3.334,-115.34,12.15,-1.69,1,0.885,14.06,12.1,-5.599,1,5,0.0832,0.0887,0.0758,0.085
114.723,1,0.869,-0.25,-0.09,5,74.4,20.04,0.0797,-0.0012,0.084,-0.0,0.004,-1.665,-3.337,-115.39,12.15,-1.69,1,0.885,14.06,12.1,-5.599,1,5,0.0832,0.0887,0.0777,0.0851
114.759,1,0.87,-0.25,-0.06,5,74.2,20.46,0.0797,0.0051,0.084,0.001,0.046,-1.666,-3.339,-115.34,12.15,-1.69,1,0.885,14.06,12.1,-5.599,1,5,0.0832,0.0887,0.0813,0.0813
114.79,1,0.873,-0.25,-0.05,5,74.3,20.44,0.0797,0.0043,0.085,0.003,-0.003,-1.667,-3.342,-115.34,12.15,-1.69,1,0.891,14.06,10.22,-4.781,1,5,0.085,0.085,0.0905,0.0776
114.825,1,0.875,-0.25,-0.37,5,74.0,20.0,0.0797,0.0038,0.085,0.003,-0.019,-1.668,-3.345,-115.39,12.15,-1.99,1,0.891,14.06,10.22,-4.781,1,5,0.0868,0.0832,0.0924,0.0776
114.859,1,0.878,-0.5,-0.12,5,73.9,19.97,0.0797,0.009,0.084,0.0,-0.049,-1.67,-3.348,-115.45,12.15,-1.99,1,0.891,14.06,10.22,-4.781,1,5,0.0868,0.0813,0.0905,0.0795
114.89,1,0.873,-0.75,0.11,5,73.2,20.0,0.0797,0.0079,0.084,-0.002,-0.042,-1.671,-3.349,-115.51,12.15,-1.99,1,0.885,13.09,11.01,-5.687,1,5,0.0868,0.0776,0.0868,0.085
114.924,1,0.873,-0.5,-0.4,5,73.2,20.0,0.0778,0.0064,0.084,-0.003,0.018,-1.672,-3.352,-115.51,12.15,-1.99,1,0.885,13.09,11.01,-5.687,1,5,0.0849,0.0739,0.0868,0.0886
114.958,1,0.872,-0.25,-0.36,5,73.6,20.0,0.0778,0.0118,0.084,-0.002,0.011,-1.674,-3.355,-115.45,12.15,-1.99,1,0.885,13.09,11.01,-5.687,1,5,0.0812,0.0775,0.0867,0.0923
114.989,1,0.866,-0.25,-0.38,5,73.9,20.04,0.0778,0.008,0.083,-0.001,-0.02,-1.674,-3.357,-115.45,12.15,-1.99,1,0.875,13.09,10.63,-5.086,1,5,0.0776,0.0813,0.0832,0.0905
115.025,1,0.866,-0.5,-0.06,5,74.0,19.97,0.0778,0.0085,0.083,0.0,0.025,-1.676,-3.36,-115.45,12.15,-2.53,1,0.875,13.09,10.63,-5.086,1,5,0.0795,0.0906,0.0758,0.0851
115.059,1,0.868,-0.5,-0.12,5,74.1,19.97,0.0778,0.006,0.081,0.002,0.037,-1.677,-3.363,-115.45,12.15,-2.53,1,0.875,13.09,9.29,-4.867,1,5,0.0814,0.0906,0.0758,0.0777
115.091,1,0.867,-0.5,-0.12,5,73.9,19.97,0.0778,0.007,0.082,0.001,0.041,-1.678,-3.364,-115.39,12.15,-2.53,1,0.875,13.09,9.29,-4.867,1,5,0.0832,0.0887,0.0776,0.0776
115.125,1,0.864,-0.5,-0.12,5,73.6,19.97,0.0778,0.0069,0.082,0.002,-0.02,-1.679,-3.367,-115.34,12.15,-2.53,1,0.875,13.09,9.29,-4.867,1,5,0.0813,0.0849,0.0831,0.0776
115.157,1,0.866,-0.75,0.19,5,73.6,20.0,0.0778,0.0068,0.081,0.0,-0.024,-1.68,-3.369,-115.34,12.15,-2.53,1,0.875,13.09,9.29,-4.867,1,5,0.0813,0.0813,0.0813,0.0813
115.193,1,0.872,-0.75,-0.19,5,73.9,20.46,0.0778,0.0042,0.081,-0.001,-0.024,-1.681,-3.372,-115.39,12.15,-2.53,1,0.875,13.09,9.29,-4.867,1,5,0.0789,0.0771,0.0826,0.0863
115.224,1,0.879,-0.75,-0.19,5,74.2,20.46,0.0778,0.0106,0.079,-0.004,0.016,-1.683,-3.374,-115.39,12.15,-2.53,1,0.875,13.09,9.29,-4.867,1,5,0.079,0.0717,0.079,0.0882
115.255,1,0.883,-0.75,-0.08,5,74.7,20.2,0.0778,0.0104,0.078,-0.002,0.007,-1.684,-3.376,-115.39,12.15,-2.53,1,0.862,13.09,9.55,-4.858,1,5,0.0771,0.0716,0.0808,0.0844
115.291,1,0.88,-0.75,-0.08,5,74.8,20.2,0.0778,0.0084,0.079,-0.0,-0.002,-1.685,-3.379,-115.39,12.15,-2.53,1,0.862,13.09,9.55,-4.858,1,5,0.0772,0.0772,0.079,0.0809
115.322,1,0.874,-0.75,-0.07,5,74.9,20.46,0.0778,0.0083,0.08,0.0,-0.022,-1.686,-3.382,-115.39,12.15,-2.53,1,0.857,13.09,9.63,-4.856,1,5,0.079,0.0827,0.0772,0.0809
115.355,1,0.855,-0.75,0.36,5,74.9,20.46,0.0778,0.0081,0.08,-0.001,-0.045,-1.687,-3.383,-115.45,12.15,-2.53,1,0.851,13.09,9.67,-4.853,1,5,0.081,0.0846,0.0736,0.0828
115.389,1,0.877,-0.75,-0.19,5,75.3,20.46,0.0778,0.0006,0.079,-0.002,0.032,-1.688,-3.386,-115.39,12.15,-2.53,1,0.849,13.09,9.52,-3.193,1,5,0.0851,0.0851,0.0684,0.0777
115.423,1,0.877,-0.75,-0.19,5,75.5,20.46,0.0778,0.0101,0.077,0.001,0.022,-1.69,-3.389,-115.34,12.15,-2.86,1,0.855,13.09,9.57,-3.167,1,5,0.0812,0.0849,0.072,0.0701
115.459,1,0.875,-0.75,-0.19,5,75.6,20.46,0.0778,0.01,0.075,0.003,-0.015,-1.691,-3.391,-115.39,12.15,-2.86,1,0.855,13.09,9.57,-3.167,1,5,0.0791,0.0828,0.0754,0.0681
115.49,1,0.876,-0.75,-0.57,5,75.4,20.46,0.0778,0.01,0.076,0.002,-0.016,-1.691,-3.392,-115.39,12.15,-2.86,1,0.855,13.09,9.57,-3.167,1,5,0.0771,0.0753,0.0807,0.0699
115.527,1,0.875,-1.0,-0.18,5,75.1,20.56,0.0778,0.0168,0.075,0.0,-0.036,-1.693,-3.395,-115.45,12.15,-2.86,1,0.855,13.09,9.57,-3.167,1,5,0.0768,0.0697,0.0822,0.0732
115.555,1,0.867,-1.25,-0.31,5,74.9,20.46,0.0778,0.0129,0.076,-0.0,-0.027,-1.693,-3.396,-115.51,12.15,-2.86,1,0.795,12.12,12.43,-0.284,1,5,0.0771,0.0681,0.0824,0.0753
115.59,1,0.864,-0.75,-0.76,5,74.9,20.46,0.0778,0.0178,0.072,-0.002,0.012,-1.695,-3.399,-115.51,12.15,-2.86,1,0.795,12.12,12.43,-0.284,1,5,0.0737,0.0645,0.0755,0.0755
115.623,1,0.865,-0.75,-0.46,5,74.9,20.46,0.0778,0.0192,0.071,-0.0,0.031,-1.696,-3.401,-115.45,12.14,-2.86,1,0.795,12.12,12.43,-0.284,1,5,0.0684,0.0666,0.074,0.074
115.658,1,0.875,-0.5,-0.39,5,75.2,20.0,0.0778,0.0142,0.072,0.0,0.02,-1.697,-3.404,-115.39,12.14,-2.86,1,0.795,12.12,12.43,-0.284,1,5,0.0666,0.0685,0.0703,0.074
115.69,1,0.886,-0.25,-0.45,5,75.1,20.0,0.0778,0.0101,0.073,0.002,0.014,-1.698,-3.405,-115.34,12.14,-2.86,1,0.795,12.12,12.43,-0.284,1,5,0.0666,0.0777,0.0722,0.0759
115.725,1,0.887,-0.25,-0.45,5,75.1,20.0,0.0778,0.0083,0.075,0.001,-0.006,-1.699,-3.408,-115.39,12.14,-2.86,1,0.795,12.12,12.43,-0.284,1,5,0.0685,0.0815,0.0703,0.0796
115.757,1,0.881,-0.25,-0.45,5,75.0,20.0,0.0778,0.009,0.075,0.0,-0.001,-1.7,-3.41,-115.39,12.14,-2.86,1,0.76,13.09,10.23,-2.165,1,4,0.0703,0.0796,0.0722,0.0796
115.791,1,0.876,-0.25,-0.37,5,74.7,20.0,0.0778,0.0093,0.074,0.0,0.002,-1.701,-3.412,-115.39,12.14,-2.86,1,0.76,13.09,10.23,-2.165,1,4,0.074,0.0796,0.0685,0.074
115.824,1,0.874,-0.25,-0.37,5,74.4,20.0,0.0778,0.0081,0.073,0.003,0.016,-1.702,-3.415,-115.34,12.14,-1.41,1,0.76,13.09,10.23,-2.165,1,4,0.0777,0.0777,0.074,0.0629
115.859,1,0.873,-0.75,-0.08,5,74.1,20.2,0.0778,0.0083,0.075,0.004,-0.031,-1.703,-3.418,-115.45,12.14,-1.41,1,0.76,13.09,10.23,-2.165,1,4,0.0796,0.0759,0.0814,0.0629
115.887,1,0.87,-0.75,-0.19,5,73.7,20.46,0.0778,0.0096,0.077,0.004,-0.012,-1.704,-3.419,-115.45,12.14,-1.41,1,0.731,8.24,1.76,0.0,0,4,0.0814,0.074,0.087,0.0648
115.924,1,0.867,-0.25,-0.69,5,73.4,20.44,0.0778,0.0109,0.078,0.0,-0.069,-1.705,-3.422,-115.57,12.14,-1.41,1,0.731,8.24,1.76,0.0,0,4,0.0814,0.0703,0.0851,0.074
115.958,1,0.856,-0.25,-0.36,5,73.1,20.46,0.0778,0.0135,0.073,-0.0,0.001,-1.706,-3.424,-115.57,12.14,-1.41,1,0.735,8.24,1.74,0.0,0,4,0.0758,0.0665,0.0795,0.0721
115.99,1,0.862,-0.25,-0.74,5,73.1,20.44,0.0778,0.0079,0.07,0.001,0.013,-1.707,-3.426,-115.51,12.14,-1.41,1,0.731,8.24,1.72,0.0,0,4,0.0683,0.0665,0.0757,0.0702
116.025,1,0.865,-0.25,-0.44,5,73.1,20.0,0.0778,0.0148,0.068,0.002,0.011,-1.708,-3.428,-115.51,12.13,-0.19,1,0.731,8.24,1.72,0.0,0,4,0.0628,0.0702,0.0702,0.0684
116.055,1,0.865,0.0,-0.3,5,73.3,20.44,0.0778,0.0097,0.068,0.002,0.018,-1.708,-3.43,-115.51,12.13,-0.19,1,0.731,8.24,1.72,0.0,0,4,0.061,0.0721,0.0684,0.0721
116.089,1,0.864,0.25,-0.56,5,73.3,20.44,0.0778,0.0042,0.07,0.002,-0.013,-1.71,-3.432,-115.51,12.13,-0.19,1,0.731,8.24,1.72,0.0,0,4,0.0628,0.0776,0.0665,0.0739
116.124,1,0.858,0.25,-0.25,5,73.4,20.44,0.0778,0.006,0.069,0.004,-0.011,-1.711,-3.435,-115.51,12.13,-0.19,1,0.722,9.21,2.85,-3.771,1,4,0.0591,0.0776,0.0684,0.0721
116.155,1,0.844,0.25,-0.05,5,73.3,20.46,0.0778,0.0011,0.069,0.005,0.027,-1.711,-3.436,-115.51,12.13,-0.19,1,0.723,9.21,0.19,-5.197,1,4,0.0611,0.0777,0.0703,0.0685
116.189,1,0.842,0.25,-0.05,5,73.1,20.2,0.0778,-0.0022,0.071,0.006,0.033,-1.712,-3.439,-115.39,12.13,-0.19,1,0.723,9.21,0.19,-5.197,1,4,0.0629,0.0777,0.0759,0.0666
116.224,1,0.84,0.25,-0.09,5,73.0,20.2,0.0778,-0.002,0.073,0.004,-0.004,-1.713,-3.442,-115.39,12.13,0.28,1,0.723,9.21,0.19,-5.197,1,4,0.074,0.0795,0.0758,0.0647
116.258,1,0.837,0.25,-0.2,5,72.7,20.46,0.0778,-0.0011,0.074,0.001,-0.03,-1.715,-3.444,-115.45,12.13,0.28,1,0.723,9.21,0.19,-5.197,1,4,0.0776,0.0795,0.0739,0.0665
116.292,1,0.846,-0.25,-0.15,5,72.9,20.46,0.0778,0.001,0.076,0.0,-0.029,-1.715,-3.446,-115.45,12.13,0.28,1,0.723,9.21,0.19,-5.197,1,4,0.0813,0.0739,0.0776,0.0702
116.324,1,0.844,-0.25,-0.05,5,72.7,20.0,0.0778,0.0065,0.078,0.0,-0.038,-1.717,-3.449,-115.57,12.13,0.28,1,0.723,9.21,0.19,-5.197,1,4,0.0757,0.072,0.0849,0.0794
116.358,1,0.845,0.25,-0.41,5,73.0,20.46,0.07,0.0041,0.078,0.002,0.019,-1.717,-3.45,-115.51,12.13,0.28,1,0.717,8.24,1.28,-6.272,1,4,0.0738,0.072,0.0867,0.0775
116.389,1,0.839,0.25,-0.34,5,73.3,20.46,0.07,0.004,0.078,0.002,0.019,-1.719,-3.453,-115.51,12.13,0.28,1,0.713,8.72,0.92,-7.041,1,4,0.0739,0.0776,0.0813,0.0776
116.424,1,0.832,0.25,-0.08,5,73.1,20.44,0.07,0.0031,0.076,0.0,-0.022,-1.72,-3.456,-115.51,12.13,-1.31,1,0.713,8.72,0.92,-7.041,1,4,0.0758,0.0814,0.0721,0.0758
116.453,1,0.836,0.25,-0.17,5,73.2,20.44,0.07,-0.0013,0.076,-0.001,0.007,-1.721,-3.457,-115.51,12.13,-1.31,1,0.714,9.21,0.2,-5.153,1,4,0.0758,0.0813,0.0684,0.0776
116.523,1,0.862,0.25,-0.44,5,73.6,20.2,0.07,0.0005,0.072,0.003,0.055,-1.723,-3.462,-115.39,12.13,-1.31,1,0.705,9.21,0.24,-5.165,1,4,0.0683,0.0757,0.0739,0.0683
116.553,1,0.867,0.25,-0.45,5,73.6,20.46,0.07,0.0053,0.071,0.005,0.03,-1.723,-3.463,-115.39,12.13,-1.31,1,0.701,9.21,1.51,-1.806,1,4,0.0683,0.0757,0.0757,0.0646
116.587,1,0.868,0.25,-0.61,5,73.7,20.46,0.07,0.0055,0.069,0.005,-0.009,-1.724,-3.466,-115.39,12.13,-1.31,1,0.698,9.21,1.52,-1.801,1,4,0.0683,0.0739,0.0739,0.0591
116.627,1,0.861,0.25,-0.59,5,73.5,20.2,0.07,0.0083,0.07,0.001,-0.01,-1.726,-3.469,-115.39,12.12,-3.08,1,0.698,9.21,1.52,-1.801,1,4,0.0735,0.0717,0.0717,0.0643
116.654,1,0.848,0.25,-0.12,5,73.4,20.44,0.07,0.008,0.071,-0.0,-0.014,-1.726,-3.47,-115.45,12.12,-3.08,1,0.682,13.09,9.22,-5.366,1,4,0.0734,0.0697,0.0715,0.0679
116.689,1,0.838,0.25,0.05,5,73.3,20.46,0.07,-0.0001,0.073,-0.002,-0.013,-1.728,-3.473,-115.45,12.12,-3.08,1,0.682,13.09,9.22,-5.366,1,4,0.0748,0.0693,0.0729,0.0766
116.725,1,0.834,0.25,0.08,5,72.9,20.46,0.07,-0.0031,0.072,-0.002,0.0,-1.729,-3.475,-115.45,12.12,-3.08,1,0.682,13.09,9.22,-5.366,1,4,0.0715,0.0678,0.0715,0.077
116.755,1,0.831,0.25,0.03,5,73.1,20.46,0.07,-0.0036,0.072,-0.001,-0.004,-1.73,-3.477,-115.45,12.12,-3.08,1,0.682,13.09,9.22,-5.366,1,4,0.0712,0.0712,0.0712,0.0748
116.79,1,0.823,0.25,0.05,5,73.2,20.46,0.07,-0.0027,0.072,0.001,-0.035,-1.731,-3.479,-115.51,12.12,-3.08,1,0.682,13.09,9.22,-5.366,1,4,0.0715,0.077,0.0679,0.0697
116.824,1,0.834,-0.25,0.09,5,73.7,20.46,0.07,-0.0031,0.071,0.001,-0.023,-1.732,-3.482,-115.51,12.12,-3.4,1,0.682,13.09,9.22,-5.366,1,4,0.0735,0.079,0.0643,0.0661
116.853,1,0.842,-0.25,-0.13,5,74.0,20.46,0.07,0.0021,0.071,-0.0,0.0,-1.733,-3.483,-115.51,12.12,-3.4,1,0.659,12.12,8.42,-5.531,1,4,0.074,0.0777,0.0629,0.0684
116.888,1,0.849,-0.25,-0.14,5,73.9,20.46,0.07,0.0056,0.071,-0.0,-0.01,-1.733,-3.484,-115.51,12.12,-3.4,1,0.653,12.12,7.69,-0.675,1,4,0.074,0.0758,0.0647,0.0684
116.925,1,0.854,-0.25,-0.37,5,74.0,20.46,0.07,0.0054,0.074,0.0,0.047,-1.735,-3.488,-115.51,12.12,-3.4,1,0.653,12.12,7.69,-0.675,1,4,0.0719,0.0737,0.0756,0.0756
116.956,1,0.85,-0.25,-0.16,5,74.0,20.46,0.07,0.0092,0.074,0.0,0.047,-1.735,-3.488,-115.51,12.12,-3.4,1,0.653,12.12,7.69,-0.675,1,4,0.0719,0.0737,0.0756,0.0756
116.991,1,0.855,-0.75,-0.14,5,73.6,20.46,0.07,0.0055,0.076,0.0,-0.014,-1.737,-3.491,-115.45,12.12,-3.4,1,0.653,12.12,7.69,-0.675,1,4,0.0731,0.0731,0.0804,0.0786
117.023,1,0.852,-0.75,-0.26,5,73.2,20.46,0.07,0.0112,0.078,-0.003,0.027,-1.738,-3.494,-115.45,12.14,-3.4,1,0.614,11.15,11.9,0.0,0,4,0.0796,0.0724,0.0778,0.0832
117.055,1,0.838,-0.25,-0.64,5,73.2,20.46,0.07,0.0126,0.078,-0.005,0.005,-1.739,-3.495,-115.45,12.14,-3.4,1,0.597,12.12,9.61,0.0,0,4,0.0815,0.0706,0.076,0.0833
117.088,1,0.838,-0.25,-0.58,5,73.2,20.46,0.07,0.0127,0.076,-0.005,0.03,-1.74,-3.498,-115.45,12.14,-3.4,1,0.555,12.12,7.61,0.0,0,3,0.0785,0.0675,0.0748,0.0839
117.122,1,0.839,-0.25,-0.33,5,73.9,20.46,0.07,0.0119,0.074,-0.002,0.009,-1.742,-3.501,-115.39,12.14,-3.4,1,0.557,12.12,7.62,0.0,0,3,0.0739,0.0702,0.0739,0.0794
117.153,1,0.832,-0.5,-0.38,5,73.7,20.56,0.07,0.0077,0.073,-0.0,-0.016,-1.742,-3.502,-115.45,12.14,-3.4,1,0.555,12.12,7.62,0.0,0,3,0.0701,0.0738,0.072,0.0775
117.188,1,0.832,-0.5,-0.57,5,73.9,20.56,0.07,0.0118,0.073,0.0,-0.016,-1.744,-3.505,-115.45,12.14,-3.4,1,0.555,11.15,10.09,0.0,0,3,0.0738,0.0794,0.0664,0.072
117.223,1,0.84,-0.5,-0.62,5,74.1,20.56,0.07,0.0148,0.072,-0.002,0.006,-1.745,-3.507,-115.45,12.14,-2.14,1,0.555,11.15,10.09,0.0,0,3,0.0739,0.0776,0.061,0.0739
117.252,1,0.843,-0.75,-0.45,5,74.2,20.44,0.07,0.0155,0.072,-0.002,0.006,-1.746,-3.508,-115.45,12.14,-2.14,1,0.561,11.15,8.28,0.0,0,3,0.074,0.0758,0.0629,0.074
117.289,1,0.842,-0.75,-0.46,5,74.1,20.44,0.07,0.0156,0.07,0.0,0.05,-1.747,-3.511,-115.39,12.14,-2.14,1,0.559,11.15,8.29,0.0,0,3,0.0647,0.0739,0.0665,0.0758
117.321,1,0.851,-0.5,-0.52,5,74.2,20.56,0.07,0.0154,0.072,0.005,0.051,-1.748,-3.514,-115.22,12.14,-2.14,1,0.605,11.15,19.42,0.0,0,4,0.0646,0.0775,0.0757,0.0701
117.355,1,0.845,-0.5,-0.43,5,74.1,20.56,0.07,0.0134,0.071,0.005,0.009,-1.748,-3.515,-115.22,12.14,-2.14,1,0.605,11.15,19.42,0.0,0,4,0.0646,0.0775,0.0738,0.0683
117.389,1,0.846,-0.75,-0.13,5,74.1,20.2,0.07,0.0119,0.07,0.002,-0.021,-1.749,-3.517,-115.22,12.14,-2.14,1,0.605,11.15,19.42,0.0,0,4,0.0702,0.0739,0.0702,0.0665
117.455,1,0.84,-0.5,-0.37,5,74.0,20.56,0.07,0.0094,0.069,-0.002,-0.002,-1.751,-3.521,-115.22,12.14,0.26,1,0.576,6.3,21.02,0.0,0,4,0.0665,0.0628,0.0702,0.0757
117.52,1,0.841,-0.25,-0.67,5,74.2,20.46,0.07,0.0106,0.069,-0.002,0.032,-1.754,-3.526,-115.11,12.14,0.26,1,0.568,2.42,33.59,0.0,0,4,0.0666,0.0684,0.0666,0.0758
117.553,1,0.844,-0.25,-0.6,5,74.2,20.46,0.07,0.013,0.069,-0.001,0.021,-1.754,-3.527,-115.11,12.14,0.26,1,0.568,2.42,33.59,0.0,0,4,0.0666,0.0722,0.0629,0.074
117.621,1,0.844,-0.25,-0.41,5,74.1,20.46,0.07,0.0122,0.067,-0.003,0.014,-1.757,-3.532,-115.05,12.15,3.28,1,0.527,2.91,42.78,0.0,0,4,0.07,0.0718,0.0571,0.07
117.654,1,0.848,-0.25,-0.44,5,74.2,20.46,0.07,0.0092,0.067,-0.002,0.026,-1.757,-3.534,-115.05,12.15,3.28,1,0.527,2.91,42.78,0.0,0,4,0.0681,0.0718,0.0589,0.0699
117.756,1,0.825,-0.25,-0.35,5,74.2,20.44,0.07,0.0098,0.066,-0.0,-0.0,-1.76,-3.54,-114.82,12.15,3.28,1,0.483,-5.33,57.83,0.0,0,4,0.0641,0.0696,0.0605,0.0678
117.789,1,0.826,-0.25,-0.34,5,74.2,20.44,0.07,0.0083,0.067,-0.002,0.009,-1.761,-3.542,-114.82,12.15,3.28,1,0.464,-7.76,57.53,0.0,0,4,0.0639,0.0657,0.0639,0.0748
117.853,1,0.843,0.0,0.0,5,74.5,19.97,0.07,0.0081,0.064,-0.001,0.003,-1.763,-3.545,-114.76,12.15,9.87,1,0.47,-11.63,58.76,0.0,0,4,0.0606,0.0624,0.0643,0.0698
117.89,1,0.837,0.0,-0.18,5,74.7,19.97,0.07,-0.001,0.065,0.0,-0.012,-1.764,-3.548,-114.82,12.15,9.87,1,0.47,-11.63,58.76,0.0,0,4,0.0627,0.0664,0.0646,0.0664
117.922,1,0.842,-0.25,-0.13,5,74.8,20.46,0.07,0.0026,0.068,0.001,-0.009,-1.765,-3.551,-114.82,12.15,9.87,1,0.462,-18.9,60.1,0.0,0,4,0.068,0.0717,0.0662,0.0662
117.952,1,0.862,-0.25,-0.76,5,75.0,20.0,0.07,0.0049,0.07,0.0,0.021,-1.766,-3.552,-114.82,12.15,9.87,1,0.46,-23.27,59.16,0.0,0,4,0.0717,0.0736,0.068,0.068
118.056,1,0.864,-0.25,-0.44,5,75.4,20.44,0.07,0.0157,0.068,-0.002,-0.009,-1.769,-3.558,-114.76,12.17,17.03,1,0.473,-31.02,58.88,0.0,0,4,0.0697,0.0715,0.0608,0.0715
118.153,1,0.854,-0.5,-0.61,5,75.6,19.97,0.07,0.0099,0.072,0.002,0.001,-1.772,-3.564,-114.65,12.17,17.03,1,0.501,-36.35,60.85,0.0,0,4,0.0666,0.0759,0.0722,0.0722
118.189,1,0.878,-0.75,-0.23,5,75.5,19.85,0.07,0.0161,0.071,0.0,-0.025,-1.773,-3.567,-114.71,12.17,17.03,1,0.501,-36.35,60.85,0.0,0,4,0.0721,0.0703,0.0721,0.0684
118.222,1,0.898,-0.25,-1.07,5,75.5,20.0,0.07,0.0123,0.071,-0.002,0.018,-1.774,-3.569,-114.71,12.17,23.17,1,0.533,-41.68,68.21,0.0,0,5,0.0721,0.0629,0.0758,0.074
118.253,1,0.885,-0.25,-1.11,5,75.5,20.44,0.07,0.0204,0.071,-0.003,0.003,-1.775,-3.571,-114.65,12.17,23.17,1,0.427,-43.14,69.17,0.0,0,5,0.0702,0.0628,0.0739,0.0776
118.354,1,0.884,-0.25,-1.14,5,75.2,20.04,0.07,0.0214,0.077,0.0,0.004,-1.778,-3.578,-114.65,12.17,23.17,1,0.428,-54.77,67.11,0.0,0,5,0.0739,0.0813,0.0739,0.0794
118.453,1,0.878,-0.5,-1.1,5,74.9,20.2,0.07,0.0221,0.072,-0.001,0.016,-1.781,-3.584,-114.65,12.17,27.41,1,0.449,-57.68,67.62,0.0,0,5,0.074,0.0759,0.0666,0.0722
118.555,1,0.869,-0.5,-0.11,5,74.7,19.97,0.07,0.0241,0.072,0.001,0.012,-1.784,-3.591,-114.48,12.17,27.41,1,0.43,-60.1,67.69,0.0,0,5,0.0666,0.074,0.0722,0.0759
118.653,1,0.869,-0.25,-0.73,5,74.4,20.2,0.07,0.0065,0.071,-0.0,-0.003,-1.787,-3.597,-114.36,12.18,31.56,1,0.417,-58.65,68.5,0.0,0,5,0.0648,0.0703,0.0703,0.0777
118.721,1,0.877,-0.5,-0.81,5,74.7,20.0,0.07,0.0145,0.073,0.0,0.01,-1.789,-3.603,-114.36,12.18,31.56,1,0.415,-55.74,67.64,0.0,0,5,0.0721,0.0795,0.0684,0.074
118.751,1,0.887,-0.5,-0.81,5,74.6,20.0,0.07,0.019,0.073,0.0,0.011,-1.79,-3.604,-114.36,12.18,31.56,1,0.434,-55.25,67.51,0.0,0,5,0.0722,0.0777,0.0685,0.074
118.852,1,0.867,-0.5,-0.87,5,73.6,19.97,0.07,0.0187,0.069,-0.002,0.012,-1.793,-3.61,-114.31,12.18,34.07,1,0.447,-48.95,66.31,0.0,0,5,0.0757,0.0757,0.0572,0.0665
118.952,1,0.805,-0.75,-0.42,5,72.4,20.44,0.07,0.0198,0.07,-0.002,0.014,-1.796,-3.617,-114.36,12.18,34.07,1,0.467,-45.56,65.34,0.0,0,5,0.0695,0.0641,0.0732,0.075
119.053,1,0.807,-0.25,-0.19,5,71.1,20.46,0.07,0.0144,0.071,0.002,0.004,-1.799,-3.623,-114.25,12.2,37.43,1,0.557,-42.17,63.5,0.0,0,5,0.064,0.0732,0.0732,0.075
119.087,1,0.818,-0.25,-0.41,5,71.6,20.44,0.07,0.0042,0.072,0.001,0.028,-1.8,-3.626,-114.19,12.2,37.43,1,0.557,-42.17,63.5,0.0,0,5,0.064,0.0786,0.0677,0.0768
119.152,1,0.803,-0.25,-0.23,5,72.7,20.2,0.07,0.0088,0.068,-0.001,0.017,-1.802,-3.629,-114.13,12.2,37.43,1,0.593,-38.78,61.59,0.0,0,5,0.0666,0.0703,0.0629,0.0703
119.22,1,0.822,-0.25,-1.04,5,72.7,20.46,0.07,0.0059,0.063,0.0,-0.019,-1.804,-3.634,-114.08,12.2,40.86,1,0.606,-35.87,61.28,0.0,0,5,0.0664,0.0682,0.0572,0.059
119.25,1,0.843,-0.5,-0.95,5,73.0,20.44,0.07,0.0202,0.062,-0.0,-0.032,-1.804,-3.635,-114.13,12.2,40.86,1,0.59,-35.87,60.35,0.0,0,5,0.0646,0.0664,0.0572,0.059
119.289,1,0.852,-0.75,-1.36,5,73.0,20.46,0.07,0.0218,0.061,-0.002,-0.03,-1.806,-3.637,-114.19,12.2,40.86,1,0.615,-33.93,59.69,0.0,0,5,0.0628,0.061,0.0573,0.0628
119.321,1,0.818,-0.75,-1.23,5,72.9,20.46,0.07,0.0318,0.062,-0.0,-0.016,-1.807,-3.64,-114.25,12.2,40.86,1,0.627,-33.93,59.61,0.0,0,5,0.0612,0.0575,0.0649,0.063
119.353,1,0.798,-0.75,-1.25,5,72.8,20.46,0.07,0.0291,0.064,-0.0,-0.012,-1.807,-3.641,-114.25,12.2,40.86,1,0.627,-33.93,59.61,0.0,0,5,0.0631,0.0556,0.0705,0.0649
119.419,1,0.769,-0.75,0.08,5,73.2,20.56,0.07,0.029,0.069,0.0,0.045,-1.809,-3.646,-114.19,12.2,43.38,1,0.664,-31.99,56.93,0.0,0,5,0.07,0.0663,0.0718,0.0682
119.454,1,0.767,-0.25,-0.26,5,73.8,20.57,0.07,0.0056,0.07,0.0,0.002,-1.81,-3.647,-114.13,12.2,43.38,1,0.674,-29.57,56.48,0.0,0,5,0.07,0.0737,0.0682,0.07
119.487,1,0.752,-0.25,-0.49,5,74.1,20.57,0.07,0.0053,0.07,0.0,0.02,-1.811,-3.65,-114.08,12.2,43.38,1,0.674,-29.57,56.48,0.0,0,5,0.0669,0.0759,0.0633,0.0723
119.519,1,0.722,0.0,-0.29,5,74.3,20.57,0.07,0.0099,0.069,0.0,0.036,-1.812,-3.652,-113.96,12.2,43.38,1,0.668,-28.11,55.38,0.0,0,5,0.0617,0.0762,0.0617,0.0744
119.552,1,0.688,0.0,-0.37,5,74.4,20.04,0.07,0.0037,0.068,-0.0,0.032,-1.813,-3.654,-113.96,12.2,43.38,1,0.668,-28.11,55.38,0.0,0,5,0.0617,0.0725,0.0617,0.0744
119.587,1,0.621,0.0,-1.7,4,74.1,20.0,0.07,0.0054,0.065,0.001,0.066,-1.814,-3.656,-113.85,12.2,43.38,1,0.668,-28.11,55.38,0.0,0,5,0.0611,0.074,0.0574,0.0666
119.618,1,0.609,0.25,0.51,4,73.4,22.36,0.07,0.0291,0.063,0.002,-0.004,-1.815,-3.658,-113.79,12.22,44.61,1,0.694,-22.3,54.65,0.0,0,5,0.0592,0.074,0.0555,0.0629
119.654,1,0.585,0.25,1.09,4,72.7,24.03,0.07,-0.0122,0.061,0.002,-0.029,-1.815,-3.659,-113.79,12.22,44.61,1,0.69,-19.87,54.67,0.0,0,5,0.0574,0.0722,0.0537,0.0592
119.686,1,0.533,0.0,1.85,4,72.7,24.84,0.07,-0.0223,0.062,0.001,-0.006,-1.816,-3.662,-113.85,12.22,44.61,1,0.69,-17.93,54.54,0.0,0,5,0.0553,0.0682,0.0572,0.0664
119.72,1,0.521,0.0,0.78,4,72.8,21.41,0.07,-0.0322,0.065,0.001,-0.007,-1.817,-3.664,-113.85,12.22,44.61,1,0.695,-16.48,54.82,0.0,0,5,0.0572,0.0646,0.0664,0.0701
119.752,1,0.511,0.25,1.46,4,73.1,21.9,0.07,-0.0135,0.067,0.0,0.026,-1.818,-3.665,-113.79,12.22,44.61,1,0.695,-16.48,54.82,0.0,0,5,0.059,0.0646,0.0701,0.0738
119.784,1,0.509,0.25,0.5,4,73.5,22.18,0.07,-0.0285,0.069,0.0,-0.01,-1.819,-3.668,-113.85,12.22,44.61,1,0.703,-12.6,54.64,0.0,0,5,0.0666,0.0647,0.074,0.0703
119.819,1,0.448,0.0,-0.69,3,74.4,24.26,0.07,-0.0115,0.069,0.0,-0.013,-1.82,-3.671,-113.85,12.22,45.0,1,0.707,-10.66,54.66,0.0,0,5,0.0702,0.0665,0.072,0.0665
119.85,1,0.411,-0.25,2.47,3,74.7,25.84,0.07,0.0124,0.069,0.0,-0.022,-1.821,-3.672,-113.85,12.22,45.0,1,0.71,-8.72,54.88,0.0,0,5,0.072,0.0664,0.072,0.0664
119.919,1,0.323,-0.5,4.36,3,74.7,26.9,0.07,-0.0401,0.07,-0.001,0.001,-1.823,-3.677,-113.9,12.22,45.0,1,0.703,-4.85,54.76,0.0,0,5,0.0721,0.0684,0.0703,0.0703
119.951,1,0.325,-1.25,11.44,3,75.3,27.42,0.07,-0.0704,0.069,0.001,0.018,-1.823,-3.678,-113.9,12.22,45.0,1,0.711,-2.91,54.77,0.0,0,5,0.0703,0.0703,0.0703,0.0648
120.05,1,0.236,-2.25,0.0,2,77.9,29.4,0.07,-0.1869,0.066,0.0,-0.114,-1.826,-3.684,-114.19,12.2,45.0,1,0.716,2.91,54.35,0.0,0,5,0.0757,0.0609,0.072,0.0572
120.088,1,0.223,-2.75,0.0,2,77.8,30.45,0.07,-0.0681,0.068,0.001,-0.123,-1.827,-3.687,-114.42,12.2,45.0,1,0.698,4.36,53.73,0.0,0,5,0.0795,0.0555,0.0832,0.0555
120.123,1,0.219,-3.74,0.0,2,77.7,30.45,0.07,0.0291,0.069,0.0,-0.124,-1.828,-3.689,-114.71,12.2,45.0,1,0.719,5.82,53.12,0.0,0,5,0.0888,0.0463,0.0925,0.05
120.15,1,0.198,-2.99,0.0,2,76.1,20.77,0.07,0.0393,0.069,0.001,-0.143,-1.829,-3.691,-114.88,12.2,45.0,1,0.724,6.79,52.91,0.0,0,5,0.0888,0.0463,0.0944,0.0481
120.185,1,0.111,-1.5,0.0,1,74.0,30.95,0.07,0.0288,0.069,-0.001,-0.032,-1.83,-3.693,-114.99,12.2,45.0,1,0.725,7.76,52.48,0.0,0,5,0.0886,0.0499,0.0849,0.0517
120.219,1,0.082,0.5,0.0,1,72.1,34.94,0.0457,0.0288,0.069,-0.0,-0.0,-1.831,-3.696,-114.94,12.2,44.66,1,0.725,7.76,52.48,0.0,0,5,0.0757,0.0628,0.0739,0.0628
120.251,1,0.066,2.75,0.0,1,69.8,37.43,0.035,0.0288,0.07,0.0,0.002,-1.832,-3.697,-114.94,12.2,44.66,1,0.725,7.76,52.48,0.0,0,5,0.0739,0.0702,0.0702,0.0665
120.284,1,0.06,5.99,0.0,1,64.5,37.93,0.035,0.0288,0.071,0.001,-0.008,-1.833,-3.7,-114.94,12.2,44.66,1,0.755,13.09,52.24,0.0,0,5,0.0665,0.0758,0.0684,0.0739
120.317,1,0.053,8.24,0.0,1,61.8,39.43,0.035,0.0288,0.066,-0.001,-0.012,-1.834,-3.702,-114.99,12.2,44.66,1,0.77,15.03,52.25,0.0,0,5,0.0665,0.0739,0.0665,0.0702
120.35,1,0.052,11.48,0.0,1,62.0,38.93,0.035,0.0288,0.063,-0.002,-0.009,-1.835,-3.703,-114.99,12.2,44.66,1,0.756,17.45,52.12,0.0,0,5,0.0645,0.0626,0.059,0.0663
120.417,1,0.054,17.22,0.0,1,60.5,35.44,0.0109,-0.2126,0.05,-0.003,-0.009,-1.836,-3.706,-114.99,12.2,39.54,1,0.775,23.75,54.26,0.0,0,5,0.0569,0.0496,0.0441,0.0569
120.45,1,0.107,18.97,0.0,2,59.7,27.28,0.0,-0.4523,0.047,-0.003,0.001,-1.837,-3.707,-115.05,12.2,39.54,1,0.752,25.69,54.55,0.0,0,5,0.0493,0.0475,0.0402,0.0493
120.484,1,0.035,32.17,0.0,1,59.7,20.04,0.0,-0.5713,0.035,-0.001,-0.045,-1.837,-3.708,-115.11,12.2,39.54,1,0.751,26.66,54.96,0.0,0,5,0.044,0.0275,0.0403,0.0275
120.52,1,0.035,32.43,0.0,1,59.6,19.51,0.0,-0.6,0.019,-0.001,-0.279,-1.837,-3.708,-115.62,12.2,39.54,1,0.751,26.66,54.96,0.0,0,5,0.048,-0.0111,0.048,-0.0074
120.55,1,0.111,19.22,0.0,2,58.6,27.53,0.0,-0.6,0.012,-0.0,-0.392,-1.837,-3.708,-116.08,12.2,39.54,1,0.765,26.66,54.9,0.0,0,5,0.0535,-0.0332,0.0554,-0.0295
120.584,1,0.126,16.97,0.0,2,59.0,29.31,0.0,-0.6,0.0,-0.004,-0.488,-1.838,-3.708,-117.23,12.2,39.54,1,0.757,23.75,54.18,0.0,0,5,0.0739,-0.0776,0.0702,-0.0646
120.618,1,0.111,13.48,0.0,2,57.7,24.69,0.0,-0.6,-0.005,-0.006,-0.514,-1.838,-3.707,-118.43,12.21,39.54,1,0.757,23.75,54.18,0.0,0,5,0.0848,-0.0904,0.0756,-0.0775
120.649,1,0.142,10.23,0.0,2,57.9,25.89,0.0,-0.6,-0.006,-0.004,-0.573,-1.837,-3.707,-119.12,12.21,39.54,1,0.748,16.96,50.74,0.0,0,5,0.0959,-0.1033,0.083,-0.1014
120.685,1,0.212,6.99,45.02,3,64.2,29.53,0.0,-0.6,-0.008,-0.001,-0.562,-1.837,-3.707,-120.38,12.21,39.54,1,0.785,13.09,48.7,0.0,0,5,0.094,-0.1032,0.0848,-0.1069
120.722,1,0.303,3.24,47.45,3,66.2,30.59,0.0,-0.6,-0.008,0.0,-0.594,-1.837,-3.707,-121.07,12.21,39.54,1,0.785,13.09,48.7,0.0,0,5,0.0904,-0.1052,0.0904,-0.107
120.754,1,0.328,-1.25,48.73,3,68.3,33.44,0.014,-0.0847,-0.008,0.002,-0.584,-1.837,-3.707,-121.75,12.21,39.54,1,0.796,4.85,44.57,0.0,0,5,0.0867,-0.1034,0.0923,-0.107
120.786,1,0.442,-4.49,48.12,4,70.0,31.75,0.0209,-0.1268,-0.01,0.004,-0.578,-1.837,-3.706,-123.07,12.21,39.54,1,0.85,0.97,41.95,0.0,0,5,0.0868,-0.1071,0.0942,-0.1145
120.821,1,0.515,-7.49,47.18,4,72.4,30.75,0.035,-0.2122,-0.012,0.001,-0.581,-1.836,-3.706,-124.45,12.21,42.54,1,0.85,0.97,41.95,0.0,0,5,0.0886,-0.1071,0.0849,-0.1145
120.85,1,0.555,-9.48,46.55,4,74.1,29.98,0.049,-0.2969,-0.011,-0.002,-0.442,-1.837,-3.706,-125.02,12.21,42.54,1,0.85,0.97,41.95,0.0,0,5,0.0903,-0.1069,0.0811,-0.1069
120.885,1,0.63,-11.98,46.58,4,75.1,29.86,0.0559,-0.3389,-0.002,-0.012,-0.406,-1.837,-3.705,-125.94,12.21,42.54,1,0.786,-11.63,31.55,0.0,0,5,0.0921,-0.0976,0.07,-0.0737
120.92,1,0.711,-13.48,45.71,5,75.8,28.95,0.07,-0.4242,0.009,-0.017,-0.332,-1.838,-3.706,-126.68,12.21,42.54,1,0.858,-15.51,26.02,0.0,0,5,0.0884,-0.0811,0.0663,-0.0368
120.95,1,0.737,-14.23,45.15,5,76.4,28.45,0.07,-0.4242,0.016,-0.017,-0.283,-1.839,-3.706,-126.97,12.21,42.54,1,0.871,-17.93,21.98,0.0,0,5,0.0886,-0.0664,0.0646,-0.0221
120.986,1,0.748,-14.23,44.68,5,76.9,28.34,0.07,-0.4242,0.032,-0.014,-0.33,-1.841,-3.707,-127.71,12.21,42.54,1,0.878,-19.87,20.54,0.0,0,5,0.0996,-0.0387,0.0738,-0.0074
121.02,1,0.755,-13.98,44.12,5,77.1,27.95,0.07,-0.4242,0.056,-0.007,-0.371,-1.843,-3.71,-128.8,12.22,45.0,1,0.896,-20.84,16.57,0.0,0,5,0.1249,-0.0089,0.1071,0.0
121.051,1,0.754,-13.48,43.43,5,77.0,27.95,0.07,-0.4242,0.056,-0.007,-0.371,-1.843,-3.71,-128.8,12.22,45.0,1,0.897,-22.78,13.2,0.0,0,5,0.1249,-0.0089,0.1071,0.0
121.084,1,0.754,-12.73,42.72,5,76.8,27.42,0.07,-0.4242,0.065,-0.001,-0.387,-1.844,-3.712,-129.72,12.22,45.0,1,0.903,-23.75,10.76,0.0,0,5,0.1322,-0.0018,0.1305,0.0
121.118,1,0.757,-12.73,42.45,5,76.6,26.86,0.07,-0.4242,0.069,0.0,-0.444,-1.846,-3.714,-130.69,12.22,45.0,1,0.903,-23.75,10.76,0.0,0,5,0.1377,0.0,0.1377,0.0
121.152,1,0.811,-12.48,42.31,5,76.3,26.86,0.07,-0.4242,0.07,-0.0,-0.386,-1.847,-3.715,-131.15,12.22,45.0,1,0.903,-23.75,10.76,0.0,0,5,0.1404,0.0,0.1386,0.0
121.187,1,0.821,-12.98,41.97,5,75.8,26.86,0.07,-0.4242,0.073,-0.001,-0.446,-1.849,-3.718,-132.07,12.22,45.0,1,0.903,-23.75,10.76,0.0,0,5,0.1476,0.0,0.144,0.0
121.22,1,0.837,-12.98,41.32,5,75.4,26.27,0.07,-0.4242,0.073,0.0,-0.396,-1.851,-3.72,-133.04,12.22,45.0,1,0.907,-28.6,-3.61,6.25,1,5,0.1457,0.0,0.1457,0.0
121.249,1,0.842,-12.23,40.3,5,75.1,25.84,0.07,-0.4242,0.072,0.001,-0.415,-1.852,-3.721,-133.5,12.22,45.0,1,0.927,-29.57,-7.26,5.897,1,5,0.142,0.0,0.1476,0.0
121.283,1,0.846,-12.48,39.67,5,74.6,25.56,0.07,-0.4242,0.07,0.002,-0.459,-1.854,-3.723,-134.53,12.22,45.0,1,0.933,-31.5,-10.77,1.743,1,5,0.1367,0.0,0.144,0.0
121.318,1,0.84,-12.73,39.02,5,74.3,25.11,0.07,-0.4242,0.072,0.002,-0.41,-1.856,-3.725,-135.5,12.22,45.0,1,0.933,-31.5,-10.77,1.743,1,5,0.1405,0.0,0.1479,0.0
121.351,1,0.836,-12.48,38.24,5,74.3,25.11,0.07,-0.4242,0.074,0.001,-0.382,-1.857,-3.726,-135.96,12.22,45.0,1,0.933,-31.5,-10.77,1.743,1,5,0.1462,0.0,0.1499,0.0
121.383,1,0.842,-12.98,37.57,5,74.3,25.1,0.07,-0.4242,0.076,0.0,-0.431,-1.859,-3.728,-136.99,12.22,45.0,1,0.94,-35.87,-21.33,0.0,0,5,0.1523,0.0,0.1523,0.0
121.418,1,0.848,-12.98,36.9,5,74.4,24.48,0.07,-0.4242,0.076,0.001,-0.429,-1.862,-3.73,-137.97,12.22,45.0,1,0.959,-37.32,-23.96,0.0,0,5,0.1523,0.0,0.1523,0.0
121.453,1,0.851,-13.48,36.22,5,74.4,24.48,0.07,-0.4242,0.074,0.002,-0.429,-1.863,-3.731,-138.43,12.22,45.0,1,0.959,-37.32,-23.96,0.0,0,5,0.143,0.0,0.1522,0.0
121.486,1,0.843,-13.98,35.74,5,74.1,24.48,0.07,-0.4242,0.072,0.002,-0.425,-1.865,-3.733,-139.4,12.22,45.0,1,0.959,-37.32,-23.96,0.0,0,5,0.1388,0.0,0.148,0.0
121.518,1,0.844,-13.73,34.53,5,74.2,23.94,0.07,-0.4242,0.072,0.0,-0.376,-1.867,-3.735,-140.37,12.22,45.0,1,0.96,-42.65,-32.8,0.0,0,5,0.1435,0.0,0.1454,0.0
121.549,1,0.841,-14.23,34.16,5,74.0,23.35,0.07,-0.4242,0.073,0.001,-0.37,-1.868,-3.736,-140.78,12.22,45.0,1,0.969,-44.11,-35.96,0.0,0,5,0.1436,0.0,0.1491,0.0
121.583,1,0.844,-14.23,33.22,5,74.2,23.26,0.07,-0.4242,0.073,0.0,-0.378,-1.87,-3.738,-141.69,12.22,45.0,1,0.957,-46.05,-38.21,0.0,0,5,0.1453,0.0,0.1471,0.0
121.618,1,0.846,-14.47,32.4,5,73.9,23.26,0.07,-0.4242,0.072,0.003,-0.421,-1.873,-3.74,-142.67,12.22,45.0,1,0.956,-47.98,-40.69,0.0,0,5,0.1393,0.0018,0.1485,0.0
121.65,1,0.848,-14.72,31.65,5,73.6,23.26,0.07,-0.4242,0.072,0.002,-0.428,-1.874,-3.741,-143.12,12.25,45.0,1,0.945,-49.92,-42.6,0.0,0,5,0.1412,0.0037,0.1448,0.0
121.684,1,0.851,-14.97,30.52,5,73.2,22.78,0.07,-0.4175,0.072,0.002,-0.43,-1.876,-3.742,-144.16,12.25,45.0,1,0.934,-51.86,-44.44,0.0,0,5,0.1412,0.0037,0.1448,0.0
121.718,1,0.855,-15.72,30.18,5,73.4,22.65,0.0747,-0.3958,0.073,0.001,-0.389,-1.878,-3.744,-145.07,12.25,45.0,1,0.934,-51.86,-44.44,0.0,0,5,0.144,0.0018,0.1459,0.0
121.749,1,0.856,-16.22,29.07,5,73.6,22.65,0.0763,-0.3809,0.072,0.001,-0.397,-1.88,-3.745,-145.53,12.25,45.0,1,0.934,-51.86,-44.44,0.0,0,5,0.1423,0.0,0.146,0.0
121.784,1,0.86,-16.97,28.6,5,74.2,22.22,0.0816,-0.3568,0.073,0.001,-0.393,-1.882,-3.747,-146.45,12.25,45.0,1,0.905,-57.68,-50.05,0.0,0,5,0.1406,0.0019,0.1462,0.0037
121.819,1,0.869,-16.72,26.66,5,74.2,22.22,0.0839,-0.3414,0.072,-0.0,-0.407,-1.884,-3.748,-147.36,12.25,45.0,1,0.905,-57.68,-50.05,0.0,0,5,0.1385,0.0018,0.144,0.0037
121.851,1,0.875,-17.47,25.76,5,75.0,22.04,0.0907,-0.3116,0.071,-0.001,-0.423,-1.886,-3.749,-147.88,12.25,38.51,1,0.905,-57.68,-50.05,0.0,0,5,0.14,0.0037,0.1363,0.0055
121.885,1,0.87,-17.47,24.44,5,75.4,22.04,0.0974,-0.2878,0.073,-0.003,-0.326,-1.888,-3.75,-148.74,12.25,38.51,1,0.905,-57.68,-50.05,0.0,0,5,0.1436,0.0037,0.1362,0.0074
121.918,1,0.873,-17.72,23.81,5,75.8,21.6,0.1037,-0.2663,0.083,-0.003,-0.303,-1.892,-3.752,-149.43,12.25,38.51,1,0.856,-51.86,-45.49,0.0,0,5,0.1494,0.0184,0.142,0.0221
121.95,1,0.877,-17.97,23.49,5,75.8,21.67,0.1067,-0.2528,0.087,-0.001,-0.32,-1.893,-3.753,-149.77,12.25,38.51,1,0.902,-47.5,-43.89,0.0,0,5,0.1497,0.0296,0.1423,0.0277
121.985,1,0.88,-17.72,22.82,5,75.9,21.67,0.1082,-0.2453,0.094,0.001,-0.264,-1.897,-3.755,-150.34,12.25,38.51,1,0.902,-47.5,-43.89,0.0,0,5,0.1459,0.048,0.1422,0.0406
122.021,1,0.87,-17.47,21.9,5,75.2,21.6,0.1114,-0.2467,0.095,0.001,-0.254,-1.899,-3.757,-150.8,12.26,26.51,1,0.902,-47.5,-43.89,0.0,0,5,0.1421,0.0522,0.1403,0.0468
122.053,1,0.859,-17.72,21.39,5,74.6,21.6,0.1157,-0.248,0.097,-0.001,-0.285,-1.901,-3.758,-151.15,12.26,26.51,1,0.902,-47.5,-43.89,0.0,0,5,0.143,0.0519,0.1413,0.0536
122.082,1,0.854,-17.72,20.86,5,74.4,21.42,0.1182,-0.2431,0.102,-0.002,-0.239,-1.905,-3.76,-151.78,12.26,26.51,1,0.902,-47.5,-43.89,0.0,0,5,0.1449,0.0573,0.1431,0.0626
122.116,1,0.842,-17.47,20.4,5,73.9,21.11,0.1207,-0.2411,0.111,-0.004,-0.304,-1.909,-3.762,-152.35,12.26,26.51,1,0.797,-30.54,-24.71,0.0,0,5,0.156,0.0606,0.1542,0.0734
122.151,1,0.849,-16.97,19.61,5,73.5,21.02,0.1229,-0.2419,0.114,-0.003,-0.282,-1.912,-3.763,-152.69,12.26,26.51,1,0.797,-30.54,-24.71,0.0,0,5,0.1589,0.0628,0.1589,0.0739
122.184,1,0.851,-16.72,18.98,5,73.2,21.11,0.1266,-0.2431,0.118,-0.001,-0.249,-1.916,-3.765,-153.27,12.26,26.51,1,0.797,-30.54,-24.71,0.0,0,5,0.1621,0.0682,0.1658,0.0774
122.223,1,0.866,-16.72,19.18,5,73.0,21.11,0.1297,-0.2406,0.119,-0.001,-0.275,-1.92,-3.767,-153.9,12.26,14.51,1,0.797,-30.54,-24.71,0.0,0,5,0.1604,0.0737,0.1622,0.0793
122.253,1,0.865,-17.22,18.84,5,73.1,21.11,0.1287,-0.2414,0.122,-0.001,-0.221,-1.923,-3.768,-154.13,12.26,14.51,1,0.797,-30.54,-24.71,0.0,0,5,0.164,0.0792,0.1621,0.0811
122.283,1,0.875,-16.72,18.62,5,73.8,21.11,0.1303,-0.2323,0.13,-0.003,-0.224,-1.928,-3.771,-154.64,12.26,14.51,1,0.797,-30.54,-24.71,0.0,0,5,0.1758,0.0851,0.1684,0.0907
122.318,1,0.876,-16.47,18.26,5,74.1,21.11,0.1314,-0.2366,0.136,-0.004,-0.175,-1.933,-3.773,-155.1,12.26,14.51,1,0.797,-30.54,-24.71,0.0,0,5,0.1814,0.0926,0.1722,0.0981
122.35,1,0.867,-16.22,18.3,5,74.0,20.81,0.1331,-0.2364,0.138,-0.003,-0.151,-1.935,-3.774,-155.27,12.26,14.51,1,0.629,-3.88,10.69,6.171,1,5,0.1796,0.0963,0.174,0.1018
122.384,1,0.861,-15.47,17.27,5,73.8,20.96,0.1329,-0.2392,0.138,0.002,-0.314,-1.94,-3.777,-155.9,12.26,14.51,1,0.629,-3.88,10.69,6.171,1,5,0.1704,0.1081,0.1722,0.1026
122.416,1,0.853,-15.72,17.2,5,73.1,21.11,0.1378,-0.2373,0.14,0.003,-0.186,-1.943,-3.778,-156.13,12.26,14.51,1,0.629,-3.88,10.69,6.171,1,5,0.1722,0.1118,0.1741,0.1026
122.45,1,0.836,-15.22,17.21,5,72.6,21.11,0.126,-0.204,0.143,0.001,-0.215,-1.948,-3.78,-156.59,12.26,2.51,1,0.629,-3.88,10.69,6.171,1,5,0.1832,0.1099,0.1796,0.1008
122.483,1,0.84,-14.47,16.1,5,72.5,21.02,0.1021,-0.1662,0.146,-0.004,-0.255,-1.954,-3.782,-157.22,12.26,2.51,1,0.681,11.63,39.3,0.0,0,5,0.1923,0.0998,0.183,0.1072
122.52,1,0.854,-14.23,15.11,5,72.5,20.46,0.0779,-0.1546,0.141,-0.007,-0.225,-1.959,-3.784,-157.74,12.26,2.51,1,0.681,11.63,39.3,0.0,0,5,0.1805,0.0893,0.1787,0.1167
122.55,1,0.846,-14.23,14.74,5,72.5,20.81,0.07,-0.1397,0.138,-0.008,-0.201,-1.962,-3.785,-157.96,12.26,2.51,1,0.681,11.63,39.3,0.0,0,5,0.1752,0.0858,0.1752,0.1168
122.585,1,0.845,-13.98,14.75,5,73.2,20.96,0.07,-0.1319,0.134,-0.007,-0.133,-1.967,-3.787,-158.31,12.26,2.51,1,0.626,18.42,44.51,0.0,0,4,0.1698,0.0876,0.1661,0.1114
122.618,1,0.84,-13.73,14.13,5,73.0,20.56,0.07,-0.1341,0.135,-0.003,-0.156,-1.972,-3.789,-158.54,12.26,2.51,1,0.642,21.33,44.86,0.0,0,4,0.1683,0.1054,0.1572,0.1072
122.65,1,0.826,-13.98,13.8,5,72.5,20.44,0.07,-0.1258,0.134,-0.0,-0.161,-1.974,-3.79,-158.71,12.24,-1.95,1,0.642,21.33,44.86,0.0,0,4,0.1645,0.1127,0.1534,0.1035
122.684,1,0.818,-14.47,14.0,5,71.7,20.44,0.07,-0.116,0.126,-0.001,-0.153,-1.979,-3.791,-159.0,12.24,-1.95,1,0.642,21.33,44.86,0.0,0,4,0.1514,0.109,0.1403,0.1016
122.719,1,0.814,-14.72,13.97,5,71.3,20.81,0.07,-0.1132,0.115,-0.006,-0.122,-1.983,-3.792,-159.34,12.24,-1.95,1,0.642,21.33,44.86,0.0,0,4,0.1405,0.0906,0.1257,0.1017
122.75,1,0.805,-13.98,13.09,5,70.4,21.1,0.07,-0.1098,0.111,-0.011,-0.052,-1.985,-3.793,-159.45,12.24,-1.95,1,0.642,21.33,44.86,0.0,0,4,0.1405,0.0814,0.1202,0.1035
122.785,1,0.808,-14.47,13.24,5,70.2,20.56,0.07,-0.1043,0.105,-0.012,-0.082,-1.989,-3.794,-159.57,12.24,-1.95,1,0.642,21.33,44.86,0.0,0,4,0.135,0.0721,0.1146,0.0998
122.851,1,0.797,-13.73,12.83,5,72.2,20.57,0.07,-0.1005,0.096,-0.005,-0.111,-1.994,-3.796,-159.86,12.24,4.64,1,0.614,11.63,38.13,0.0,0,4,0.1143,0.07,0.1124,0.0885
122.882,1,0.814,-10.73,11.07,5,72.9,20.81,0.07,-0.1029,0.089,-0.0,-0.012,-1.997,-3.797,-159.97,12.24,4.64,1,0.656,4.85,27.07,0.0,0,4,0.1014,0.0738,0.1051,0.0775
122.952,1,0.807,-10.73,11.25,5,71.0,21.02,0.07,-0.103,0.081,0.002,-0.074,-2.002,-3.799,-160.14,12.24,4.64,1,0.696,2.42,23.26,0.0,0,4,0.0884,0.0811,0.0847,0.0682
122.985,1,0.812,-10.73,11.76,5,70.5,20.56,0.07,-0.1048,0.079,0.0,-0.003,-2.005,-3.8,-160.2,12.24,4.64,1,0.696,2.42,23.26,0.0,0,4,0.0847,0.0847,0.0736,0.0718
123.019,1,0.811,-10.73,11.51,5,70.7,21.02,0.07,-0.1119,0.075,0.0,-0.023,-2.006,-3.8,-160.2,12.26,9.61,1,0.704,1.94,18.95,0.0,0,4,0.0777,0.0759,0.0741,0.0723
123.053,1,0.809,-10.23,11.58,5,70.5,20.46,0.07,-0.1064,0.071,-0.002,-0.016,-2.009,-3.801,-160.31,12.26,9.61,1,0.769,-0.97,28.79,0.0,0,5,0.0719,0.0648,0.0737,0.0737
123.085,1,0.808,-10.23,11.88,5,70.8,20.56,0.07,-0.1134,0.064,0.0,-0.042,-2.011,-3.802,-160.43,12.26,9.61,1,0.769,-0.97,28.79,0.0,0,5,0.0647,0.0521,0.0755,0.0629
123.116,1,0.808,-10.48,11.73,5,71.5,20.44,0.07,-0.1174,0.062,-0.001,-0.063,-2.012,-3.802,-160.49,12.26,9.61,1,0.693,-4.36,10.4,4.207,1,4,0.0678,0.0513,0.0715,0.0586
123.151,1,0.808,-10.73,11.51,5,72.5,21.02,0.07,-0.1113,0.059,-0.003,-0.075,-2.014,-3.803,-160.66,12.26,9.61,1,0.693,-4.36,10.4,4.207,1,4,0.0721,0.0444,0.0684,0.0518
123.185,1,0.797,-12.23,12.05,5,72.6,20.56,0.07,-0.1041,0.059,-0.007,-0.094,-2.017,-3.803,-160.83,12.26,9.61,1,0.693,-4.36,10.4,4.207,1,4,0.0759,0.037,0.0666,0.0555
123.22,1,0.815,-12.73,12.31,5,72.8,20.44,0.07,-0.0958,0.059,-0.007,-0.112,-2.019,-3.804,-161.06,12.26,13.36,1,0.716,-13.09,-7.26,1.038,1,4,0.0778,0.0333,0.0685,0.0555
123.251,1,0.829,-11.98,11.21,5,72.8,20.44,0.07,-0.095,0.06,-0.007,-0.075,-2.02,-3.804,-161.17,12.26,13.36,1,0.716,-13.09,-7.26,1.038,1,4,0.0796,0.0333,0.0722,0.0537
123.284,1,0.82,-11.73,10.63,5,72.5,20.81,0.07,-0.0871,0.06,-0.006,-0.085,-2.023,-3.804,-161.34,12.26,13.36,1,0.716,-13.09,-7.26,1.038,1,4,0.0811,0.0387,0.07,0.0516
123.318,1,0.82,-11.98,10.59,5,72.3,20.56,0.07,-0.0802,0.059,-0.004,-0.074,-2.024,-3.805,-161.4,12.26,13.36,1,0.771,-16.48,-3.16,0.0,0,5,0.0792,0.0405,0.07,0.0479
123.349,1,0.819,-12.48,10.94,5,72.0,20.81,0.07,-0.0763,0.058,-0.003,-0.063,-2.026,-3.805,-161.57,12.26,13.36,1,0.771,-16.48,-3.16,0.0,0,5,0.0775,0.0443,0.0664,0.0443
123.385,1,0.816,-12.73,10.74,5,71.7,21.1,0.07,-0.0765,0.057,-0.001,-0.085,-2.028,-3.806,-161.75,12.26,13.36,1,0.771,-16.48,-3.16,0.0,0,5,0.0759,0.0463,0.0666,0.0407
123.416,1,0.819,-12.73,10.34,5,71.7,20.81,0.07,-0.0708,0.058,-0.0,-0.1,-2.029,-3.807,-161.86,12.26,13.36,1,0.771,-16.48,-3.16,0.0,0,5,0.0759,0.05,0.0648,0.0407
123.45,1,0.818,-12.48,10.16,5,71.5,20.81,0.07,-0.0642,0.061,0.001,-0.037,-2.032,-3.807,-161.98,12.26,12.96,1,0.771,-16.48,-3.16,0.0,0,5,0.0721,0.0554,0.0684,0.0462
123.484,1,0.817,-12.98,10.51,5,71.2,21.1,0.07,-0.0648,0.063,0.003,-0.057,-2.034,-3.808,-162.09,12.26,12.96,1,0.771,-16.48,-3.16,0.0,0,5,0.0678,0.0568,0.0751,0.0513
123.516,1,0.811,-12.73,10.03,5,70.7,21.1,0.07,-0.0651,0.061,0.002,-0.053,-2.035,-3.809,-162.15,12.26,12.96,1,0.785,-19.87,4.16,0.0,0,5,0.066,0.0531,0.0733,0.0531
123.552,1,0.813,-13.98,10.88,5,70.6,20.56,0.07,-0.0603,0.057,0.001,-0.058,-2.037,-3.809,-162.26,12.26,12.96,1,0.785,-19.87,4.16,0.0,0,5,0.06,0.0473,0.0691,0.0509
123.585,1,0.8,-12.48,9.76,5,70.6,20.81,0.07,-0.0596,0.053,0.001,-0.049,-2.039,-3.81,-162.38,12.26,12.96,1,0.785,-19.87,4.16,0.0,0,5,0.0587,0.044,0.0642,0.0459
123.619,1,0.789,-13.23,10.47,5,70.7,20.44,0.07,-0.0593,0.055,0.002,-0.04,-2.04,-3.811,-162.43,12.26,12.96,1,0.769,-19.87,5.93,0.0,0,5,0.0587,0.0477,0.0661,0.0459
123.65,1,0.803,-12.73,10.08,5,71.0,20.44,0.07,-0.062,0.055,0.003,-0.049,-2.042,-3.811,-162.55,12.27,12.01,1,0.769,-19.87,5.93,0.0,0,5,0.0592,0.0481,0.0666,0.0444
123.684,1,0.799,-12.98,10.12,5,70.8,20.44,0.07,-0.0621,0.056,0.002,-0.024,-2.044,-3.812,-162.61,12.27,12.01,1,0.769,-19.87,5.93,0.0,0,5,0.0611,0.05,0.0648,0.0463
123.716,1,0.797,-13.48,10.37,5,71.1,20.44,0.07,-0.0596,0.055,0.001,-0.038,-2.046,-3.812,-162.66,12.27,12.01,1,0.754,-15.03,15.2,0.0,0,5,0.0608,0.0479,0.0645,0.0479
123.75,1,0.804,-13.98,10.88,5,70.6,20.44,0.07,-0.0578,0.058,0.0,-0.049,-2.048,-3.813,-162.78,12.27,12.01,1,0.754,-15.03,15.2,0.0,0,5,0.0664,0.0516,0.0646,0.0498
123.784,1,0.798,-13.23,10.22,5,70.7,21.02,0.07,-0.0611,0.059,-0.002,-0.022,-2.05,-3.814,-162.83,12.27,12.01,1,0.745,-15.51,20.62,0.0,0,5,0.0682,0.0498,0.0645,0.0535
123.816,1,0.796,-12.73,10.22,5,70.9,20.81,0.07,-0.0596,0.06,-0.002,-0.051,-2.051,-3.814,-162.89,12.27,12.01,1,0.745,-15.51,20.62,0.0,0,5,0.0703,0.0518,0.0648,0.0537
123.849,1,0.799,-12.73,10.24,5,71.2,21.1,0.07,-0.0656,0.06,-0.002,-0.036,-2.054,-3.815,-163.01,12.27,11.63,1,0.745,-15.51,20.62,0.0,0,5,0.0702,0.048,0.0665,0.0536
123.883,1,0.793,-10.23,8.77,5,71.3,20.44,0.07,-0.0653,0.062,0.002,-0.012,-2.056,-3.816,-163.06,12.27,11.63,1,0.745,-15.51,20.62,0.0,0,5,0.0665,0.0554,0.0739,0.0536
123.914,1,0.791,-9.98,8.73,5,71.0,20.56,0.07,-0.0687,0.061,0.004,-0.037,-2.057,-3.816,-163.06,12.27,11.63,1,0.745,-15.51,20.62,0.0,0,5,0.0647,0.0555,0.074,0.0499
123.949,1,0.782,-9.48,8.54,5,70.7,20.44,0.07,-0.0696,0.062,0.006,-0.047,-2.06,-3.817,-163.12,12.27,11.63,1,0.745,-15.51,20.62,0.0,0,5,0.0647,0.061,0.0758,0.048
123.985,1,0.783,-9.23,8.26,5,70.4,20.56,0.07,-0.07,0.061,0.005,-0.073,-2.062,-3.818,-163.35,12.27,11.63,1,0.745,-15.51,20.62,0.0,0,5,0.0684,0.0592,0.0721,0.0444
124.018,1,0.78,-9.48,8.0,5,70.0,20.56,0.07,-0.0658,0.062,0.003,-0.088,-2.063,-3.818,-163.41,12.27,11.04,1,0.745,-15.03,28.4,0.0,0,5,0.0702,0.0554,0.0739,0.048
124.049,1,0.758,-12.48,9.18,5,71.6,20.56,0.07,-0.0572,0.062,0.0,-0.08,-2.065,-3.819,-163.64,12.27,11.04,1,0.745,-15.03,28.4,0.0,0,5,0.0722,0.05,0.0759,0.0518
124.082,1,0.744,-13.23,8.88,5,71.5,20.56,0.07,-0.0393,0.061,-0.002,-0.094,-2.068,-3.819,-163.81,12.27,11.04,1,0.745,-15.03,28.4,0.0,0,5,0.0721,0.0443,0.0739,0.0554
124.12,1,0.752,-12.73,8.78,5,70.9,20.81,0.07,-0.0283,0.06,-0.002,-0.071,-2.07,-3.82,-163.98,12.27,11.04,1,0.745,-15.03,28.4,0.0,0,5,0.0721,0.0444,0.0721,0.0518
124.15,1,0.754,-12.48,8.39,5,70.5,20.44,0.07,-0.0344,0.061,-0.001,-0.063,-2.071,-3.82,-164.04,12.27,11.04,1,0.745,-15.03,28.4,0.0,0,5,0.0721,0.0481,0.0703,0.0518
124.184,1,0.779,-10.23,7.63,5,70.1,20.57,0.07,-0.0322,0.062,-0.0,-0.038,-2.074,-3.821,-164.15,12.27,11.04,1,0.745,-15.03,28.4,0.0,0,5,0.0759,0.0537,0.0685,0.0481
124.217,1,0.781,-10.48,7.88,5,69.7,20.44,0.07,-0.0462,0.062,-0.0,-0.023,-2.075,-3.821,-164.15,12.27,11.04,1,0.745,-15.03,28.4,0.0,0,5,0.074,0.0574,0.0666,0.0518
124.251,1,0.733,-12.73,8.32,5,70.2,21.02,0.07,-0.0463,0.063,0.0,-0.005,-2.077,-3.822,-164.21,12.27,12.01,1,0.745,-15.03,28.4,0.0,0,5,0.0703,0.0592,0.0685,0.0555
124.284,1,0.74,-11.98,7.79,5,70.2,20.44,0.07,-0.0248,0.063,0.002,-0.037,-2.08,-3.823,-164.21,12.27,12.01,1,0.745,-15.03,28.4,0.0,0,5,0.063,0.0574,0.0722,0.0593
124.317,1,0.731,-12.23,8.04,5,70.1,20.44,0.07,-0.0264,0.062,0.001,-0.012,-2.081,-3.823,-164.27,12.27,12.01,1,0.732,-16.48,33.64,0.0,0,5,0.0611,0.0556,0.0704,0.0593
124.352,1,0.723,-11.98,7.8,5,70.1,20.2,0.07,-0.0285,0.061,0.002,-0.029,-2.083,-3.824,-164.27,12.27,12.01,1,0.732,-16.48,33.64,0.0,0,5,0.0611,0.0574,0.0685,0.0574
124.383,1,0.332,-6.86,6.86,4,70.2,20.5,0.07,-0.0277,0.062,0.0,-0.012,-2.086,-3.825,-164.27,12.27,12.01,1,0.732,-16.48,33.64,0.0,0,5,0.0611,0.0574,0.0666,0.0611
124.419,1,0.736,-11.23,8.17,5,70.5,20.44,0.07,-0.072,0.063,0.001,-0.027,-2.087,-3.825,-164.32,12.27,12.01,1,0.732,-16.48,33.64,0.0,0,5,0.0611,0.0592,0.0703,0.0629
124.448,1,0.778,-9.73,7.62,5,70.7,20.2,0.07,-0.0374,0.063,0.003,-0.025,-2.089,-3.826,-164.38,12.27,13.56,1,0.747,-18.9,42.17,0.0,0,5,0.0592,0.0629,0.0703,0.0611
124.518,1,0.797,-8.73,6.93,5,70.4,20.44,0.07,-0.0471,0.065,0.0,-0.073,-2.094,-3.827,-164.61,12.27,13.56,1,0.708,-21.33,40.25,0.0,0,5,0.074,0.0648,0.0703,0.0555
124.55,1,0.796,-8.49,6.36,5,69.7,20.2,0.07,-0.0472,0.066,-0.002,-0.086,-2.096,-3.828,-164.67,12.27,13.56,1,0.705,-21.33,40.02,0.0,0,5,0.0778,0.0593,0.0685,0.0593
124.585,1,0.792,-8.24,6.12,5,69.3,20.46,0.07,-0.0386,0.067,-0.002,-0.051,-2.098,-3.828,-164.84,12.27,13.56,1,0.705,-21.33,40.02,0.0,0,5,0.0759,0.0574,0.0722,0.0611
124.648,1,0.797,-7.99,5.94,5,69.3,20.44,0.07,-0.0353,0.066,0.002,-0.032,-2.102,-3.83,-164.95,12.27,16.8,1,0.7,-26.66,39.65,0.0,0,5,0.0701,0.0572,0.0793,0.059
124.683,1,0.802,-8.24,6.24,5,69.7,20.56,0.07,-0.0344,0.064,0.002,-0.014,-2.105,-3.83,-164.95,12.27,16.8,1,0.7,-26.66,39.65,0.0,0,5,0.0646,0.059,0.0738,0.059
124.713,1,0.805,-7.99,6.39,5,69.9,20.2,0.07,-0.0357,0.063,0.001,-0.009,-2.106,-3.831,-164.95,12.27,16.8,1,0.726,-28.11,41.77,0.0,0,5,0.0629,0.0592,0.0703,0.0611
124.748,1,0.794,-9.23,6.85,5,70.5,20.2,0.07,-0.0413,0.062,-0.0,-0.023,-2.108,-3.831,-165.01,12.27,16.8,1,0.706,-31.02,41.25,0.0,0,5,0.0629,0.0592,0.0648,0.0611
124.782,1,0.801,-8.98,6.69,5,71.2,20.2,0.07,-0.0331,0.063,-0.002,-0.014,-2.111,-3.832,-165.07,12.27,16.8,1,0.706,-31.02,41.25,0.0,0,5,0.0666,0.0555,0.0666,0.0648
124.815,1,0.8,-8.24,6.28,5,71.0,20.2,0.07,-0.0345,0.064,-0.002,-0.006,-2.112,-3.832,-165.07,12.27,16.8,1,0.728,-32.47,41.96,0.0,0,5,0.0685,0.0555,0.0685,0.0648
124.848,1,0.791,-8.24,6.21,5,71.0,20.2,0.07,-0.037,0.066,-0.003,-0.016,-2.115,-3.833,-165.07,12.27,20.92,1,0.711,-33.93,41.41,0.0,0,5,0.0703,0.0555,0.0703,0.0666
124.886,1,0.782,-8.49,6.75,5,71.2,20.2,0.07,-0.0353,0.067,0.0,-0.004,-2.117,-3.833,-165.13,12.27,20.92,1,0.711,-33.93,41.41,0.0,0,5,0.0703,0.0629,0.0703,0.0629
124.914,1,0.757,-9.23,6.72,5,71.8,20.44,0.07,-0.0413,0.067,0.001,-0.038,-2.118,-3.834,-165.13,12.27,20.92,1,0.748,-35.38,42.94,0.0,0,5,0.0722,0.0666,0.0685,0.0592
124.949,1,0.799,-7.24,5.73,5,71.0,20.44,0.07,-0.0315,0.068,0.0,-0.093,-2.121,-3.834,-165.3,12.27,20.92,1,0.748,-35.38,42.94,0.0,0,5,0.0777,0.0666,0.0685,0.0574
124.982,1,0.797,-7.24,5.27,5,70.7,20.56,0.07,-0.0402,0.07,-0.004,-0.077,-2.124,-3.835,-165.53,12.27,20.92,1,0.736,-38.78,42.47,0.0,0,5,0.0868,0.0591,0.0721,0.061
125.018,1,0.793,-7.49,5.11,5,70.7,20.44,0.07,-0.0303,0.072,-0.005,-0.065,-2.126,-3.835,-165.58,12.27,20.92,1,0.736,-38.78,42.47,0.0,0,5,0.0868,0.0554,0.0776,0.0665
125.049,1,0.792,-7.74,5.27,5,70.7,20.44,0.07,-0.0237,0.072,0.0,-0.042,-2.128,-3.836,-165.7,12.24,23.59,1,0.736,-38.78,42.47,0.0,0,5,0.0795,0.0554,0.0887,0.0628
125.082,1,0.793,-7.49,5.11,5,71.0,20.44,0.07,-0.0227,0.067,0.003,-0.032,-2.131,-3.837,-165.81,12.24,23.59,1,0.736,-38.78,42.47,0.0,0,5,0.0703,0.0555,0.0851,0.0592
125.113,1,0.799,-7.24,5.03,5,71.1,20.2,0.07,-0.0227,0.065,0.004,-0.04,-2.132,-3.837,-165.87,12.24,23.59,1,0.707,-46.53,38.53,0.0,0,5,0.0666,0.0555,0.0814,0.0555
125.151,1,0.798,-7.24,4.78,5,70.9,20.44,0.07,-0.0239,0.063,-0.0,-0.041,-2.134,-3.838,-165.93,12.24,23.59,1,0.707,-46.53,38.53,0.0,0,5,0.0685,0.0555,0.0703,0.0592
125.185,1,0.797,-7.49,4.61,5,70.8,20.44,0.07,-0.0194,0.063,-0.0,-0.027,-2.137,-3.838,-165.99,12.24,23.59,1,0.741,-49.44,39.19,0.0,0,5,0.0666,0.0555,0.0703,0.0611
125.214,1,0.797,-7.49,4.61,5,70.9,20.44,0.07,-0.013,0.064,-0.002,-0.027,-2.138,-3.838,-166.04,12.24,23.59,1,0.724,-50.41,37.59,0.0,0,5,0.0703,0.0555,0.0685,0.0629
125.251,1,0.803,-7.49,4.61,5,71.2,20.44,0.07,-0.013,0.065,-0.002,-0.033,-2.141,-3.839,-166.1,12.24,25.86,1,0.724,-50.41,37.59,0.0,0,5,0.0722,0.0555,0.0703,0.0629
125.282,1,0.811,-7.49,4.63,5,71.6,20.2,0.07,-0.013,0.068,-0.003,-0.066,-2.143,-3.84,-166.22,12.24,25.86,1,0.735,-50.41,39.1,0.0,0,5,0.0778,0.0592,0.0703,0.0648
125.32,1,0.81,-7.74,4.41,5,71.9,20.57,0.07,-0.0134,0.069,-0.001,-0.031,-2.146,-3.84,-166.33,12.24,25.86,1,0.729,-50.89,41.42,0.0,0,5,0.0814,0.0629,0.0721,0.0592
125.348,1,0.809,-7.49,4.22,5,71.7,20.57,0.07,-0.0064,0.07,0.0,0.028,-2.148,-3.841,-166.33,12.24,25.86,1,0.729,-50.89,41.42,0.0,0,5,0.0814,0.0666,0.074,0.0574
125.381,1,0.815,-7.24,4.11,5,71.8,20.44,0.07,-0.0063,0.07,0.004,0.022,-2.15,-3.842,-166.33,12.24,25.86,1,0.759,-52.35,42.09,0.0,0,5,0.0776,0.0702,0.0776,0.0554
125.42,1,0.812,-6.99,3.95,5,71.5,20.44,0.07,-0.0075,0.071,0.004,-0.032,-2.152,-3.842,-166.33,12.24,25.86,1,0.747,-53.8,41.56,0.0,0,5,0.0739,0.0721,0.0776,0.061
125.452,1,0.805,-6.74,3.94,5,71.5,20.44,0.07,-0.0075,0.069,0.002,-0.019,-2.154,-3.843,-166.39,12.24,26.6,1,0.741,-53.8,41.45,0.0,0,5,0.0666,0.0666,0.0759,0.0685
125.516,1,0.803,-6.49,4.07,5,71.5,20.44,0.07,-0.0094,0.065,-0.001,0.012,-2.158,-3.843,-166.39,12.24,26.6,1,0.751,-53.32,42.23,0.0,0,5,0.0648,0.0611,0.0666,0.0685
125.583,1,0.801,-6.24,3.99,5,71.1,20.2,0.07,-0.0138,0.067,0.0,-0.005,-2.163,-3.845,-166.33,12.24,26.6,1,0.746,-51.38,43.28,0.0,0,5,0.0629,0.0684,0.0647,0.0703
125.613,1,0.797,-6.24,3.99,5,71.0,20.2,0.07,-0.0149,0.068,-0.0,-0.003,-2.165,-3.845,-166.33,12.24,26.6,1,0.734,-49.92,43.49,0.0,0,5,0.0611,0.0685,0.0666,0.0759
125.712,1,0.786,-5.99,3.78,5,70.5,19.97,0.07,-0.0139,0.074,-0.003,0.009,-2.172,-3.846,-166.39,12.23,28.25,1,0.715,-48.47,40.3,0.0,0,5,0.0844,0.0734,0.0698,0.0698
125.747,1,0.787,-5.99,3.88,5,70.3,20.44,0.07,-0.0134,0.074,-0.001,0.013,-2.175,-3.847,-166.39,12.23,28.25,1,0.756,-47.5,39.57,0.0,0,5,0.0843,0.0733,0.0733,0.066
125.787,1,0.791,-5.99,4.19,5,70.4,20.44,0.07,-0.0146,0.073,0.001,-0.028,-2.178,-3.848,-166.44,12.23,28.25,1,0.756,-47.5,39.57,0.0,0,5,0.077,0.0696,0.0788,0.066
125.814,1,0.79,-5.99,4.19,5,70.5,20.44,0.07,-0.0198,0.073,0.001,-0.07,-2.179,-3.848,-166.5,12.23,28.25,1,0.769,-45.08,40.34,0.0,0,5,0.0739,0.0683,0.0794,0.0702
125.85,1,0.789,-5.74,4.01,5,70.4,20.46,0.07,-0.0197,0.069,0.001,-0.043,-2.182,-3.849,-166.56,12.23,30.12,1,0.769,-45.08,40.34,0.0,0,5,0.0685,0.0629,0.0778,0.0685
125.88,1,0.791,-5.49,3.83,5,70.2,20.44,0.07,-0.0195,0.067,0.002,-0.032,-2.184,-3.85,-166.62,12.23,30.12,1,0.801,-45.08,39.71,0.0,0,5,0.0682,0.0627,0.0756,0.0627
125.913,1,0.796,-5.49,3.68,5,70.2,20.2,0.07,-0.0188,0.067,0.002,-0.013,-2.186,-3.85,-166.62,12.23,30.12,1,0.801,-45.08,39.71,0.0,0,5,0.0682,0.0645,0.0737,0.0627
125.95,1,0.801,-5.24,3.41,5,70.2,20.2,0.0767,-0.0159,0.069,0.001,-0.007,-2.188,-3.851,-166.62,12.23,30.12,1,0.776,-43.62,34.69,0.0,0,5,0.0695,0.0676,0.0713,0.0658
126.016,1,0.804,-4.99,3.63,5,70.6,20.44,0.1049,-0.0134,0.071,0.0,-0.005,-2.191,-3.851,-166.67,12.23,30.12,1,0.79,-41.2,34.26,0.0,0,5,0.0685,0.0703,0.0721,0.0721
126.115,1,0.8,-4.49,3.35,5,70.3,20.2,0.1399,-0.0352,0.091,-0.001,0.008,-2.2,-3.853,-166.73,12.21,30.87,1,0.799,-36.35,33.73,0.0,0,5,0.1014,0.0867,0.0922,0.083
126.184,1,0.797,-4.49,3.61,5,71.1,20.04,0.1608,-0.0434,0.118,0.006,-0.082,-2.21,-3.856,-166.9,12.21,30.87,1,0.797,-32.47,33.88,0.0,0,5,0.1181,0.1181,0.1292,0.1052
126.214,1,0.786,-3.99,4.09,5,71.7,20.04,0.1748,-0.0554,0.124,0.006,-0.085,-2.212,-3.857,-167.02,12.21,30.87,1,0.789,-30.54,34.09,0.0,0,5,0.122,0.122,0.1386,0.1127
126.281,1,0.756,-4.24,7.84,5,71.6,20.44,0.1879,-0.0795,0.155,0.004,-0.015,-2.225,-3.86,-167.3,12.21,31.37,1,0.796,-25.69,31.82,0.0,0,5,0.1569,0.144,0.1735,0.144
126.312,1,0.735,-3.99,12.14,5,71.6,20.04,0.1638,-0.158,0.164,0.005,-0.07,-2.228,-3.861,-167.36,12.21,31.37,1,0.796,-25.69,31.82,0.0,0,5,0.1677,0.1548,0.1825,0.1512
126.412,1,0.433,-4.74,26.92,3,75.3,20.04,0.1039,-0.1764,0.195,0.005,-0.164,-2.247,-3.866,-168.11,12.21,31.37,1,0.806,-18.9,24.7,0.0,0,5,0.2089,0.1812,0.2182,0.1701
126.512,1,0.704,-4.99,35.03,5,75.0,24.48,0.07,-0.4242,0.185,-0.001,-0.206,-2.266,-3.869,-168.97,12.21,38.18,1,0.807,-21.81,1.97,0.0,0,5,0.2103,0.1457,0.2213,0.1623
126.554,1,0.838,-1.5,33.76,5,74.2,24.26,0.07,-0.4242,0.178,0.0,-0.16,-2.272,-3.87,-169.37,12.21,38.18,1,0.807,-21.81,1.97,0.0,0,5,0.2049,0.144,0.2122,0.1495
126.613,1,0.819,3.24,32.06,5,74.6,24.26,0.07,-0.4242,0.161,-0.002,-0.258,-2.281,-3.872,-170.11,12.21,38.18,1,0.814,-26.66,-17.31,0.0,0,5,0.1998,0.124,0.1943,0.1277
126.647,1,0.804,4.49,30.67,5,74.6,23.96,0.07,-0.4242,0.148,-0.006,-0.31,-2.287,-3.872,-170.74,12.2,45.0,1,0.814,-26.66,-17.31,0.0,0,5,0.194,0.0998,0.1848,0.1146
126.713,1,0.803,6.24,29.8,5,74.4,23.46,0.074,-0.4486,0.128,-0.012,-0.171,-2.294,-3.873,-171.6,12.2,45.0,1,0.824,-29.57,-31.03,0.0,0,5,0.1867,0.0666,0.1646,0.0924
126.812,1,0.841,6.49,28.42,5,75.4,23.2,0.0782,-0.4737,0.108,-0.015,-0.405,-2.305,-3.873,-173.43,12.2,45.0,1,0.817,-31.5,-35.53,0.0,0,5,0.1797,0.0408,0.1463,0.0667
126.88,1,0.848,5.99,27.4,5,75.6,23.26,0.0847,-0.5136,0.091,-0.01,-0.413,-2.312,-3.873,-175.15,12.2,45.0,1,0.811,-34.41,-40.31,0.0,0,5,0.1554,0.013,0.148,0.0463
126.913,1,0.88,5.24,26.75,5,75.5,23.26,0.0896,-0.5331,0.086,-0.01,-0.403,-2.314,-3.873,-175.61,12.2,45.0,1,0.811,-34.41,-40.31,0.0,0,5,0.1535,0.0055,0.1461,0.0388
126.98,1,0.896,3.49,25.41,5,76.4,23.34,0.0927,-0.5129,0.079,-0.003,-0.462,-2.32,-3.873,-177.62,12.2,45.0,1,0.808,-35.87,-44.24,0.0,0,5,0.1625,-0.0018,0.1533,0.0018
127.013,1,0.906,2.99,25.0,5,76.1,22.78,0.0991,-0.4692,0.079,-0.001,-0.483,-2.322,-3.873,-178.19,12.2,45.0,1,0.797,-33.44,-40.36,0.0,0,5,0.1625,0.0,0.1551,-0.0018
127.051,1,0.914,2.5,24.25,5,76.0,22.78,0.101,-0.457,0.083,0.001,-0.434,-2.325,-3.873,-179.22,12.2,32.78,1,0.799,-30.54,-38.27,0.0,0,5,0.1644,0.0037,0.1644,0.0
127.08,1,0.923,1.25,23.68,5,76.4,22.22,0.1046,-0.44,0.086,0.003,-0.433,-2.329,-3.873,179.74,12.2,32.78,1,0.811,-26.66,-33.74,0.0,0,5,0.1626,0.0129,0.1663,0.0037
127.114,1,0.922,0.75,22.81,5,76.5,21.67,0.1073,-0.4173,0.087,0.005,-0.388,-2.331,-3.873,179.34,12.2,32.78,1,0.811,-26.66,-33.74,0.0,0,5,0.1627,0.0166,0.1683,0.0018
127.146,1,0.91,-0.25,22.06,5,76.1,22.22,0.1114,-0.4066,0.088,0.006,-0.433,-2.334,-3.873,178.3,12.2,32.78,1,0.817,-22.78,-29.94,0.0,0,5,0.1572,0.0185,0.1683,0.0074
127.18,1,0.92,-0.25,20.96,5,76.3,21.67,0.115,-0.3952,0.093,-0.001,-0.407,-2.338,-3.873,177.33,12.2,32.78,1,0.817,-22.78,-29.94,0.0,0,5,0.1624,0.0185,0.1661,0.0258
127.212,1,0.927,-0.75,20.83,5,76.5,21.67,0.1202,-0.3941,0.096,-0.001,-0.296,-2.34,-3.873,176.99,12.2,32.78,1,0.826,-19.87,-22.21,0.0,0,5,0.1643,0.0221,0.1679,0.0314
127.246,1,0.915,-1.5,20.1,5,76.4,21.67,0.1208,-0.3883,0.103,-0.005,-0.354,-2.345,-3.872,176.13,12.2,22.28,1,0.826,-19.87,-22.21,0.0,0,5,0.1695,0.031,0.164,0.0456
127.281,1,0.913,-1.5,19.14,5,76.3,21.67,0.1243,-0.3776,0.11,-0.003,-0.366,-2.35,-3.872,175.33,12.2,22.28,1,0.786,-12.6,-12.06,0.52,1,5,0.1719,0.0416,0.1719,0.0543
127.311,1,0.915,-2.0,18.4,5,76.6,21.11,0.1289,-0.3731,0.112,-0.005,-0.35,-2.352,-3.872,174.92,12.2,22.28,1,0.819,-10.18,-6.32,4.429,1,5,0.1751,0.0433,0.1715,0.0596
127.347,1,0.913,-2.5,17.92,5,76.5,21.11,0.1324,-0.3615,0.119,-0.005,-0.313,-2.357,-3.871,174.12,12.2,22.28,1,0.793,-6.79,-1.71,3.902,1,5,0.1847,0.053,0.1756,0.064
127.378,1,0.904,-2.99,17.32,5,76.5,21.42,0.1347,-0.3526,0.124,-0.006,-0.334,-2.362,-3.87,173.43,12.2,22.28,1,0.819,-6.3,4.57,7.318,1,5,0.1918,0.0609,0.1752,0.0682
127.414,1,0.902,-3.49,16.69,5,76.1,21.11,0.1375,-0.3424,0.126,-0.008,-0.298,-2.364,-3.869,173.09,12.2,22.28,1,0.819,-6.3,4.57,7.318,1,5,0.1941,0.0629,0.1738,0.074
127.446,1,0.893,-3.99,16.45,5,75.9,21.11,0.1406,-0.3301,0.135,-0.01,-0.319,-2.37,-3.868,172.4,12.2,13.78,1,0.81,-2.42,10.77,6.858,1,5,0.1997,0.0666,0.183,0.0887
127.482,1,0.893,-3.99,15.57,5,75.6,21.1,0.1417,-0.3235,0.142,-0.012,-0.377,-2.376,-3.867,171.6,12.2,13.78,1,0.81,-2.42,10.77,6.858,1,5,0.2091,0.0703,0.1887,0.0981
127.512,1,0.9,-3.99,14.6,5,75.2,21.11,0.1459,-0.3144,0.146,-0.011,-0.259,-2.379,-3.866,171.26,12.2,13.78,1,0.81,-2.42,10.77,6.858,1,5,0.2127,0.077,0.1925,0.1027
127.547,1,0.9,-3.99,14.24,5,74.9,20.96,0.1505,-0.3017,0.149,-0.004,-0.27,-2.385,-3.866,170.68,12.2,13.78,1,0.81,-2.42,10.77,6.858,1,5,0.2036,0.0917,0.1981,0.1027
127.582,1,0.89,-3.99,13.6,5,74.3,20.96,0.1522,-0.2973,0.151,0.002,-0.259,-2.391,-3.865,170.05,12.2,13.78,1,0.81,-2.42,10.77,6.858,1,5,0.1925,0.1045,0.2017,0.1045
127.612,1,0.894,-3.99,13.22,5,73.9,21.11,0.1553,-0.2881,0.154,0.005,-0.295,-2.394,-3.864,169.77,12.2,13.78,1,0.81,-2.42,10.77,6.858,1,5,0.1906,0.111,0.2072,0.1073
127.646,1,0.895,-3.74,12.51,5,74.3,21.1,0.1571,-0.2822,0.159,0.004,-0.215,-2.401,-3.863,169.19,12.19,13.21,1,0.81,-2.42,10.77,6.858,1,5,0.1998,0.1166,0.2091,0.111
127.679,1,0.896,-3.74,12.09,5,74.2,21.02,0.1604,-0.2737,0.161,0.004,-0.259,-2.407,-3.862,168.56,12.19,13.21,1,0.81,-2.42,10.77,6.858,1,5,0.2039,0.1168,0.2131,0.1112
127.713,1,0.899,-3.99,11.65,5,74.4,20.96,0.1624,-0.2663,0.161,0.003,-0.269,-2.41,-3.862,168.22,12.19,13.21,1,0.823,-6.79,-1.16,3.576,1,5,0.2057,0.1149,0.2131,0.1094
127.746,1,0.897,-3.99,11.0,5,74.2,20.96,0.1646,-0.2552,0.163,0.0,-0.342,-2.417,-3.86,167.53,12.19,13.21,1,0.823,-6.79,-1.16,3.576,1,5,0.2112,0.1111,0.2149,0.1148
127.781,1,0.9,-3.74,10.15,5,74.0,20.81,0.1676,-0.2433,0.169,0.001,-0.214,-2.424,-3.859,166.96,12.19,13.21,1,0.823,-6.79,-1.16,3.576,1,5,0.2147,0.1203,0.2203,0.1222
127.813,1,0.902,-3.49,9.69,5,73.9,20.96,0.1717,-0.2298,0.172,0.003,-0.18,-2.427,-3.858,166.73,12.19,13.21,1,0.823,-6.79,-1.16,3.576,1,5,0.2109,0.1258,0.2239,0.1258
127.845,1,0.897,-3.24,9.59,5,73.1,21.02,0.1739,-0.2235,0.176,0.008,-0.262,-2.434,-3.857,166.22,12.19,13.0,1,0.823,-6.79,-1.16,3.576,1,5,0.2055,0.1425,0.2258,0.1314
127.88,1,0.895,-3.24,8.72,5,72.9,20.57,0.1743,-0.224,0.177,0.005,-0.19,-2.441,-3.855,165.76,12.19,13.0,1,0.844,-10.18,-11.99,-2.506,1,5,0.2092,0.1462,0.2184,0.1351
127.945,1,0.886,-3.24,8.18,5,73.0,20.81,0.1785,-0.2048,0.177,-0.001,-0.26,-2.451,-3.852,165.07,12.19,13.0,1,0.854,-11.15,-13.64,-1.662,1,5,0.2113,0.1372,0.215,0.1446
127.979,1,0.892,-3.24,7.9,5,73.5,20.56,0.181,-0.1925,0.18,-0.002,-0.152,-2.458,-3.85,164.61,12.19,13.0,1,0.854,-11.15,-13.64,-1.662,1,5,0.2076,0.1353,0.2206,0.1557
128.016,1,0.878,-2.25,7.08,5,73.0,20.56,0.1824,-0.186,0.182,-0.001,-0.128,-2.462,-3.849,164.5,12.19,13.0,1,0.847,-12.12,-19.29,0.0,0,5,0.2093,0.1408,0.2204,0.1556
128.045,1,0.884,-2.25,6.96,5,73.2,20.56,0.1863,-0.1793,0.185,0.006,-0.175,-2.469,-3.848,164.04,12.18,10.52,1,0.847,-12.12,-19.29,0.0,0,5,0.2075,0.1574,0.2241,0.1519
128.081,1,0.883,-2.5,6.79,5,73.8,20.2,0.1869,-0.175,0.185,0.008,-0.192,-2.476,-3.846,163.64,12.18,10.52,1,0.847,-12.12,-19.29,0.0,0,5,0.2073,0.1629,0.2221,0.1462
128.111,1,0.886,-2.99,6.68,5,74.2,20.2,0.1877,-0.1673,0.182,0.006,-0.273,-2.48,-3.845,163.35,12.18,10.52,1,0.847,-12.12,-19.29,0.0,0,5,0.2035,0.1573,0.2202,0.148
128.144,1,0.895,-2.75,5.82,5,75.0,20.46,0.1882,-0.1582,0.184,0.001,-0.134,-2.487,-3.843,162.95,12.18,10.52,1,0.859,-5.33,-9.48,-0.864,1,5,0.2108,0.1498,0.22,0.1535
128.179,1,0.891,-2.5,5.59,5,75.3,20.2,0.1923,-0.1403,0.189,0.003,-0.176,-2.495,-3.841,162.55,12.18,10.52,1,0.859,-5.33,-9.48,-0.864,1,5,0.2109,0.1591,0.2257,0.161
128.212,1,0.9,-2.25,5.24,5,74.7,20.56,0.1934,-0.1374,0.192,0.005,-0.128,-2.498,-3.84,162.43,12.18,10.52,1,0.859,-5.33,-9.48,-0.864,1,5,0.213,0.1667,0.2278,0.1612
128.247,1,0.9,-2.25,5.15,5,74.9,20.2,0.195,-0.1312,0.193,0.007,-0.125,-2.506,-3.838,162.09,12.18,6.05,1,0.857,-1.45,-4.83,0.622,1,5,0.2113,0.1779,0.2224,0.1594
128.278,1,0.899,-1.75,4.7,5,75.1,20.56,0.1838,-0.1216,0.194,0.006,-0.18,-2.513,-3.835,161.75,12.18,6.05,1,0.871,-0.48,-8.43,-2.726,1,5,0.2142,0.1773,0.2216,0.1625
128.311,1,0.906,-1.5,4.24,5,75.4,20.2,0.1784,-0.1118,0.196,0.006,-0.134,-2.517,-3.834,161.57,12.18,6.05,1,0.841,2.91,1.25,-1.666,1,5,0.2122,0.179,0.2252,0.1661
128.344,1,0.896,-1.25,4.79,5,75.7,20.46,0.1665,-0.0964,0.196,0.008,-0.145,-2.525,-3.832,161.34,12.18,6.05,1,0.884,3.39,2.72,2.22,1,5,0.2029,0.1789,0.2306,0.1734
128.382,1,0.909,-1.25,4.5,5,75.6,20.56,0.1645,-0.111,0.193,0.008,-0.053,-2.532,-3.83,161.12,12.18,6.05,1,0.884,3.39,2.72,2.22,1,5,0.1982,0.1778,0.2241,0.1704
128.412,1,0.881,-0.75,3.17,5,75.3,21.11,0.1715,-0.1068,0.191,0.007,-0.005,-2.536,-3.829,161.06,12.18,6.05,1,0.899,6.79,3.51,-0.114,1,5,0.1999,0.1777,0.2184,0.1666
128.443,1,0.88,-0.5,3.08,5,75.5,20.56,0.1597,-0.0738,0.187,0.005,-0.191,-2.543,-3.827,160.89,12.18,4.6,1,0.899,7.27,6.31,4.922,1,5,0.2055,0.1759,0.2092,0.1592
128.484,1,0.885,-0.75,3.99,5,75.6,20.56,0.1355,-0.0636,0.183,0.006,-0.141,-2.549,-3.824,160.43,12.18,4.6,1,0.899,7.27,6.31,4.922,1,5,0.196,0.1738,0.2034,0.1572
128.512,1,0.87,-0.5,2.98,5,75.6,20.81,0.1115,-0.0655,0.179,0.006,-0.078,-2.553,-3.823,160.31,12.18,4.6,1,0.88,4.85,1.09,-0.155,1,5,0.1906,0.1702,0.1998,0.1554
128.545,1,0.878,-0.25,2.75,5,75.1,20.81,0.0996,-0.0491,0.175,0.007,-0.042,-2.559,-3.821,160.2,12.18,4.6,1,0.876,4.85,-0.0,1.049,1,5,0.1833,0.1629,0.2018,0.1536
128.58,1,0.878,-0.25,3.27,5,74.8,20.46,0.097,-0.0475,0.168,0.006,-0.071,-2.565,-3.819,160.03,12.18,4.6,1,0.876,4.85,-0.0,1.049,1,5,0.1798,0.1557,0.1928,0.1446
128.613,1,0.879,-0.25,3.28,5,74.5,20.46,0.097,-0.0559,0.164,0.004,-0.068,-2.568,-3.818,159.97,12.18,4.6,1,0.859,4.85,-0.5,-0.265,1,5,0.1761,0.1483,0.1872,0.1427
128.644,1,0.862,0.0,2.72,5,74.0,20.57,0.097,-0.0559,0.152,-0.001,-0.14,-2.574,-3.816,159.63,12.18,4.75,1,0.859,4.85,-0.5,-0.265,1,5,0.1702,0.1369,0.1647,0.1369
128.678,1,0.845,-0.25,2.46,5,73.5,20.46,0.097,-0.0488,0.147,-0.004,-0.06,-2.579,-3.814,159.4,12.18,4.75,1,0.859,4.85,-0.5,-0.265,1,5,0.1682,0.1275,0.1589,0.1349
128.712,1,0.847,-0.25,2.55,5,72.9,20.46,0.097,-0.0408,0.147,-0.003,-0.039,-2.582,-3.813,159.4,12.18,4.75,1,0.839,3.39,-3.18,-2.131,1,5,0.168,0.1293,0.1588,0.133
128.743,1,0.84,-0.25,2.51,5,72.6,20.46,0.085,-0.0424,0.142,0.001,-0.068,-2.587,-3.811,159.22,12.18,4.75,1,0.84,3.39,-4.9,-6.323,1,5,0.1554,0.1295,0.1573,0.1277
128.78,1,0.838,-0.25,2.05,5,72.7,20.81,0.07,-0.0415,0.13,0.005,-0.032,-2.592,-3.81,159.17,12.18,4.75,1,0.835,2.91,-4.47,-5.794,1,5,0.1368,0.1257,0.1442,0.1146
128.811,1,0.845,-0.25,1.86,5,72.5,20.57,0.07,-0.0336,0.121,0.005,-0.09,-2.594,-3.809,159.05,12.18,4.75,1,0.834,2.91,-5.07,-3.275,1,5,0.1258,0.1184,0.1332,0.1073
128.843,1,0.835,-0.25,1.8,5,72.5,20.57,0.07,-0.0303,0.11,0.005,-0.054,-2.598,-3.808,158.94,12.18,2.89,1,0.835,2.42,-3.87,-2.859,1,5,0.1146,0.109,0.1201,0.0961
128.883,1,0.847,-0.25,1.53,5,72.7,20.56,0.07,-0.0292,0.107,0.002,-0.038,-2.602,-3.806,158.82,12.18,2.89,1,0.841,2.42,-6.19,-6.367,1,5,0.1129,0.1018,0.1166,0.0962
128.912,1,0.854,0.0,1.58,5,73.0,20.2,0.07,-0.0244,0.108,0.002,-0.066,-2.604,-3.805,158.77,12.18,2.89,1,0.842,2.42,-6.19,-6.36,1,5,0.1129,0.0999,0.1203,0.0999
128.944,1,0.847,0.0,1.43,5,72.9,20.81,0.07,-0.0285,0.101,0.002,-0.037,-2.607,-3.804,158.65,12.18,2.89,1,0.842,2.42,-6.19,-6.36,1,5,0.1019,0.0889,0.1167,0.0963
128.978,1,0.845,0.25,1.39,5,72.9,20.46,0.07,-0.0256,0.097,0.001,-0.01,-2.609,-3.803,158.65,12.18,2.89,1,0.842,2.42,-6.19,-6.36,1,5,0.0963,0.0852,0.1111,0.0963
129.044,1,0.863,-0.25,1.42,5,73.3,20.57,0.07,-0.0273,0.08,-0.001,-0.027,-2.614,-3.801,158.54,12.18,-0.78,1,0.822,7.76,1.53,-5.626,1,5,0.0851,0.0758,0.0814,0.0777
129.081,1,0.875,-0.25,1.51,5,73.5,20.46,0.07,-0.0217,0.071,-0.002,-0.031,-2.617,-3.8,158.48,12.18,-0.78,1,0.822,7.76,1.53,-5.626,1,5,0.0734,0.0679,0.0697,0.0715
129.111,1,0.875,-0.25,1.53,5,73.8,20.46,0.07,-0.0235,0.066,-0.002,-0.01,-2.618,-3.799,158.42,12.18,-0.78,1,0.822,7.76,1.53,-5.626,1,5,0.0715,0.0642,0.0642,0.0642
129.144,1,0.88,-0.25,1.55,5,73.7,20.57,0.07,-0.024,0.06,-0.001,-0.002,-2.62,-3.799,158.48,12.18,-0.78,1,0.822,7.76,1.53,-5.626,1,5,0.0659,0.0586,0.0586,0.0549
129.222,1,0.885,-0.25,1.34,5,73.9,20.81,0.07,-0.0246,0.055,0.001,-0.029,-2.623,-3.798,158.42,12.18,-3.24,1,0.823,13.57,15.5,-0.487,1,5,0.0587,0.0514,0.0606,0.0477
129.245,1,0.889,-0.25,1.06,5,73.9,20.46,0.07,-0.0209,0.053,0.001,-0.041,-2.625,-3.797,158.31,12.18,-3.24,1,0.842,16.48,19.92,0.0,0,5,0.053,0.0457,0.0621,0.0511
129.277,1,0.883,-0.25,0.94,5,73.8,20.46,0.07,-0.0161,0.05,0.0,-0.016,-2.627,-3.796,158.31,12.18,-3.24,1,0.842,16.48,19.92,0.0,0,5,0.0495,0.0422,0.0587,0.055
129.31,1,0.887,-0.25,0.94,5,73.8,20.46,0.07,-0.0142,0.049,0.001,-0.011,-2.628,-3.796,158.25,12.18,-3.24,1,0.852,15.99,21.51,0.0,0,5,0.0478,0.0478,0.0514,0.0478
129.344,1,0.891,-0.25,0.82,5,74.0,20.46,0.07,-0.0142,0.045,0.0,-0.005,-2.628,-3.796,158.25,12.18,-3.24,1,0.85,15.99,21.51,0.0,0,5,0.0441,0.0441,0.0459,0.0441
129.379,1,0.896,-0.25,1.05,5,73.9,20.46,0.07,-0.0121,0.04,0.002,0.018,-2.63,-3.795,158.31,12.18,-3.24,1,0.85,15.99,21.51,0.0,0,5,0.0388,0.0462,0.0388,0.037
129.411,1,0.897,-0.25,0.95,5,73.9,20.57,0.07,-0.0161,0.038,0.001,0.01,-2.63,-3.795,158.31,12.18,-3.24,1,0.844,16.48,20.77,0.0,0,5,0.037,0.0425,0.0351,0.037
129.443,1,0.897,0.25,0.78,5,73.9,20.57,0.07,-0.0144,0.035,-0.001,0.024,-2.632,-3.794,158.37,12.18,-0.86,1,0.846,16.96,20.37,0.0,0,5,0.0314,0.0388,0.0296,0.0407
129.479,1,0.897,0.25,0.97,5,73.9,20.46,0.07,-0.0172,0.034,-0.0,0.038,-2.632,-3.794,158.42,12.18,-0.86,1,0.846,16.96,20.37,0.0,0,5,0.0296,0.037,0.0296,0.0389
129.513,1,0.889,0.25,0.98,5,73.9,20.46,0.07,-0.0201,0.034,-0.001,0.051,-2.634,-3.793,158.48,12.18,-0.86,1,0.846,16.96,20.37,0.0,0,5,0.0273,0.0382,0.0273,0.0418
129.543,1,0.884,0.5,0.93,5,73.7,20.81,0.07,-0.0201,0.034,-0.0,0.051,-2.635,-3.793,158.54,12.18,-0.86,1,0.826,13.09,15.1,-1.811,1,5,0.0291,0.0381,0.0291,0.0399
129.58,1,0.879,0.75,1.0,5,73.8,20.57,0.07,-0.0219,0.034,-0.002,0.022,-2.636,-3.792,158.59,12.18,-0.86,1,0.826,13.09,15.1,-1.811,1,5,0.0292,0.0365,0.0274,0.042
129.615,1,0.875,0.75,0.91,5,73.7,20.46,0.07,-0.0256,0.035,-0.002,0.013,-2.637,-3.792,158.65,12.18,-0.86,1,0.826,13.09,15.1,-1.811,1,5,0.0332,0.0369,0.0295,0.0406
129.643,1,0.875,0.75,0.91,5,73.7,20.46,0.07,-0.0238,0.038,-0.001,0.022,-2.638,-3.791,158.65,12.18,2.68,1,0.826,13.09,15.1,-1.811,1,5,0.0351,0.0407,0.0333,0.0425
129.683,1,0.869,0.75,0.83,5,73.7,20.46,0.07,-0.0234,0.041,-0.001,0.003,-2.64,-3.791,158.65,12.18,2.68,1,0.828,7.76,6.24,-2.188,1,5,0.0388,0.0407,0.0351,0.0425
129.713,1,0.868,0.75,1.41,5,73.6,20.46,0.07,-0.0218,0.042,-0.001,0.028,-2.641,-3.79,158.71,12.18,2.68,1,0.828,7.76,6.24,-2.188,1,5,0.0405,0.0442,0.0387,0.0461
129.743,1,0.869,1.0,1.37,5,73.5,20.2,0.07,-0.0317,0.042,-0.002,0.018,-2.642,-3.79,158.71,12.18,2.68,1,0.828,7.76,6.24,-2.188,1,5,0.0442,0.0405,0.0405,0.0442
129.78,1,0.86,1.25,0.96,5,73.4,20.57,0.07,-0.0338,0.042,-0.001,0.024,-2.644,-3.789,158.71,12.18,2.68,1,0.828,7.76,6.24,-2.188,1,5,0.0425,0.0425,0.0407,0.0443
129.843,1,0.851,1.25,0.84,5,73.3,20.46,0.07,-0.029,0.046,-0.001,-0.017,-2.646,-3.788,158.71,12.18,4.41,1,0.832,6.79,1.72,-5.854,1,5,0.0481,0.0426,0.0463,0.0463
129.879,1,0.851,1.25,0.91,5,73.2,20.46,0.07,-0.0265,0.05,-0.001,-0.01,-2.648,-3.787,158.65,12.18,4.41,1,0.832,6.79,1.72,-5.854,1,5,0.0517,0.0443,0.0536,0.0517
129.908,1,0.85,1.25,0.89,5,73.0,20.46,0.07,-0.0277,0.051,0.0,-0.003,-2.65,-3.787,158.65,12.18,4.41,1,0.832,6.79,1.72,-5.854,1,5,0.0499,0.0443,0.0591,0.0517
129.946,1,0.842,1.25,1.13,5,72.9,20.81,0.07,-0.0272,0.055,0.001,0.003,-2.652,-3.786,158.59,12.18,4.41,1,0.835,6.79,1.28,-5.26,1,5,0.0535,0.0498,0.0627,0.0535
129.976,1,0.828,1.25,1.06,5,72.8,20.81,0.07,-0.0312,0.057,0.002,-0.01,-2.653,-3.785,158.59,12.18,4.41,1,0.84,6.79,-0.1,-6.599,1,5,0.0552,0.0533,0.0644,0.0552
130.011,1,0.827,1.5,0.79,5,72.7,20.81,0.07,-0.0299,0.059,-0.0,-0.011,-2.655,-3.785,158.59,12.18,4.41,1,0.839,6.79,1.3,-5.26,1,5,0.0626,0.0589,0.0589,0.0552
130.045,1,0.825,1.5,1.08,5,72.6,20.57,0.07,-0.0283,0.061,0.0,-0.008,-2.657,-3.784,158.59,12.17,3.29,1,0.839,6.79,1.3,-5.26,1,5,0.0607,0.0625,0.0588,0.0607
130.078,1,0.819,1.75,0.96,5,72.4,21.1,0.07,-0.0329,0.06,0.0,-0.0,-2.658,-3.783,158.59,12.17,3.29,1,0.839,6.79,1.3,-5.26,1,5,0.0591,0.061,0.0591,0.0591
130.11,1,0.824,1.75,0.98,5,72.7,20.57,0.07,-0.0339,0.059,0.0,-0.006,-2.661,-3.782,158.59,12.17,3.29,1,0.839,6.79,1.3,-5.26,1,5,0.0573,0.0591,0.0591,0.0591
130.15,1,0.828,1.5,1.44,5,72.6,20.57,0.07,-0.0337,0.056,0.0,-0.019,-2.663,-3.782,158.54,12.17,3.29,1,0.851,7.27,0.32,-3.479,1,5,0.0574,0.0555,0.0574,0.0555
130.179,1,0.829,1.75,1.25,5,72.5,20.57,0.07,-0.0385,0.055,-0.0,-0.002,-2.665,-3.781,158.54,12.17,3.29,1,0.85,7.27,0.32,-3.474,1,5,0.0554,0.0536,0.0554,0.0554
130.209,1,0.821,1.75,1.08,5,72.4,20.57,0.07,-0.0383,0.054,-0.0,0.004,-2.666,-3.78,158.59,12.17,3.29,1,0.852,7.27,0.32,-3.467,1,5,0.0536,0.0536,0.0536,0.0555
130.244,1,0.82,1.75,1.16,5,72.3,20.57,0.07,-0.0351,0.053,0.0,-0.0,-2.668,-3.78,158.54,12.17,1.56,1,0.852,7.27,0.32,-3.47,1,5,0.0518,0.0518,0.0536,0.0536
130.281,1,0.818,1.75,1.19,5,72.0,20.57,0.07,-0.0364,0.053,0.001,-0.006,-2.67,-3.779,158.54,12.17,1.56,1,0.852,7.27,0.0,-4.319,1,5,0.0518,0.0537,0.0537,0.0518
130.312,1,0.816,1.75,1.48,5,72.0,20.57,0.07,-0.0366,0.052,0.0,0.004,-2.671,-3.779,158.54,12.17,1.56,1,0.852,7.27,0.0,-4.319,1,5,0.0518,0.0499,0.0555,0.0518
130.344,1,0.814,1.75,1.77,5,71.9,20.57,0.07,-0.0417,0.055,0.001,-0.02,-2.673,-3.778,158.48,12.17,1.56,1,0.852,7.27,0.0,-4.319,1,5,0.0537,0.05,0.0611,0.0537
130.377,1,0.818,1.5,2.0,5,71.8,20.57,0.07,-0.0468,0.058,0.0,-0.043,-2.675,-3.777,158.42,12.17,1.56,1,0.835,8.24,-0.44,-5.824,1,5,0.0574,0.05,0.0666,0.0574
130.409,1,0.824,1.5,1.37,5,71.6,20.57,0.07,-0.0477,0.059,0.001,-0.039,-2.676,-3.777,158.37,12.17,1.56,1,0.827,11.15,4.2,-3.709,1,5,0.0592,0.0518,0.0684,0.0555
130.443,1,0.825,1.75,1.39,5,71.7,20.81,0.07,-0.0369,0.064,0.001,-0.014,-2.679,-3.776,158.31,12.17,0.17,1,0.827,11.15,4.2,-3.709,1,5,0.066,0.0587,0.0715,0.0587
130.475,1,0.823,1.75,1.71,5,71.5,20.46,0.07,-0.0404,0.064,0.001,0.002,-2.68,-3.775,158.31,12.17,0.17,1,0.841,11.15,6.62,-3.547,1,5,0.0678,0.0623,0.0678,0.0568
130.512,1,0.821,1.75,1.63,5,71.5,20.57,0.07,-0.0459,0.069,0.002,-0.042,-2.683,-3.774,158.25,12.17,0.17,1,0.841,11.15,6.62,-3.547,1,5,0.0729,0.0711,0.0711,0.062
130.543,1,0.824,1.75,1.05,5,71.6,20.57,0.07,-0.0444,0.068,0.0,-0.027,-2.685,-3.773,158.25,12.17,0.17,1,0.841,11.15,6.62,-3.547,1,5,0.0717,0.0698,0.0662,0.0625
130.576,1,0.828,1.75,1.09,5,71.6,20.57,0.07,-0.0341,0.068,0.0,-0.015,-2.686,-3.773,158.25,12.17,0.17,1,0.841,11.15,6.62,-3.547,1,5,0.0698,0.068,0.068,0.0643
130.613,1,0.835,1.75,1.06,5,71.6,20.46,0.07,-0.0348,0.065,0.0,-0.015,-2.689,-3.772,158.19,12.17,0.17,1,0.841,11.15,6.62,-3.547,1,5,0.0662,0.0644,0.0662,0.0625
130.643,1,0.84,1.5,1.38,5,71.5,20.57,0.07,-0.0342,0.063,0.0,-0.038,-2.691,-3.771,158.14,12.16,-1.25,1,0.841,11.15,6.62,-3.547,1,5,0.0643,0.0606,0.0662,0.0606
130.678,1,0.834,1.25,1.56,5,71.6,20.57,0.07,-0.037,0.061,-0.0,-0.03,-2.693,-3.77,158.02,12.16,-1.25,1,0.841,11.15,5.07,-1.706,1,5,0.0638,0.0584,0.0638,0.0584
130.71,1,0.826,1.75,1.05,5,71.6,20.57,0.07,-0.037,0.061,-0.001,0.03,-2.694,-3.769,158.02,12.16,-1.25,1,0.841,11.15,5.07,-1.706,1,5,0.0642,0.055,0.0642,0.0587
130.745,1,0.828,1.5,1.25,5,71.6,20.57,0.07,-0.0348,0.061,-0.0,-0.011,-2.697,-3.768,158.08,12.16,-1.25,1,0.832,12.12,3.78,-5.822,1,5,0.0642,0.055,0.0679,0.0587
130.777,1,0.837,1.25,1.33,5,71.8,20.46,0.07,-0.0351,0.063,-0.001,-0.062,-2.698,-3.768,157.96,12.16,-1.25,1,0.83,15.03,11.47,-3.337,1,5,0.0666,0.0555,0.0684,0.061
130.811,1,0.844,1.25,1.02,5,71.9,20.57,0.07,-0.0336,0.065,-0.002,-0.057,-2.7,-3.767,157.91,12.16,-1.25,1,0.845,14.06,12.04,-1.076,1,5,0.0703,0.0555,0.0703,0.0648
130.845,1,0.843,1.0,1.22,5,72.1,20.57,0.07,-0.0283,0.068,-0.002,-0.026,-2.703,-3.766,157.79,12.16,-1.64,1,0.845,14.06,12.04,-1.076,1,5,0.0722,0.0592,0.0722,0.0685
130.876,1,0.837,1.25,1.0,5,72.2,20.57,0.07,-0.0292,0.069,-0.0,-0.021,-2.704,-3.765,157.79,12.16,-1.64,1,0.845,13.57,9.21,-2.779,1,5,0.0722,0.0629,0.074,0.0666
130.911,1,0.841,1.25,1.13,5,72.1,20.57,0.07,-0.0287,0.069,0.002,-0.03,-2.707,-3.764,157.74,12.16,-1.64,1,0.845,13.57,9.21,-2.779,1,5,0.0702,0.0665,0.0758,0.0647
130.942,1,0.842,1.25,1.14,5,72.2,20.57,0.07,-0.031,0.069,0.002,-0.035,-2.71,-3.763,157.68,12.16,-1.64,1,0.853,13.57,9.48,-1.946,1,5,0.072,0.0701,0.072,0.0627
130.974,1,0.849,1.25,0.94,5,72.3,20.57,0.07,-0.0311,0.069,0.0,-0.032,-2.711,-3.763,157.62,12.16,-1.64,1,0.853,13.09,10.02,-3.008,1,5,0.072,0.0665,0.072,0.0665
131.011,1,0.846,0.75,1.02,5,72.3,20.57,0.07,-0.0276,0.068,-0.001,-0.046,-2.713,-3.762,157.56,12.16,-1.64,1,0.853,13.09,10.02,-3.008,1,5,0.0722,0.065,0.0686,0.065
131.043,1,0.842,0.75,0.64,5,72.4,20.57,0.07,-0.0229,0.064,-0.003,-0.034,-2.715,-3.761,157.45,12.17,-0.89,1,0.853,13.09,10.02,-3.008,1,5,0.0737,0.0575,0.0647,0.0611
131.078,1,0.844,0.25,0.79,5,72.6,20.46,0.07,-0.0169,0.063,-0.003,-0.044,-2.716,-3.76,157.39,12.17,-0.89,1,0.853,13.09,10.02,-3.008,1,5,0.0716,0.0555,0.0644,0.0609
131.11,1,0.843,0.25,0.51,5,72.6,20.57,0.07,-0.0134,0.062,-0.003,-0.033,-2.718,-3.759,157.33,12.17,-0.89,1,0.853,13.09,10.02,-3.008,1,5,0.0715,0.0532,0.066,0.0587
131.145,1,0.843,0.25,0.51,5,72.4,20.57,0.07,-0.0094,0.065,-0.001,-0.016,-2.721,-3.758,157.28,12.17,-0.89,1,0.853,13.09,10.02,-3.008,1,5,0.0718,0.0553,0.0718,0.0608
131.176,1,0.847,-0.25,0.61,5,72.4,20.46,0.07,-0.0101,0.065,-0.001,-0.032,-2.722,-3.757,157.22,12.17,-0.89,1,0.831,11.15,7.67,-3.076,1,5,0.074,0.0555,0.0721,0.0592
131.211,1,0.852,-0.25,0.43,5,72.3,20.57,0.07,-0.0057,0.067,-0.003,-0.001,-2.724,-3.756,157.22,12.17,-0.89,1,0.836,11.15,7.65,-3.044,1,5,0.0759,0.0555,0.0722,0.0629
131.245,1,0.855,-0.25,0.59,5,72.4,20.57,0.07,-0.0035,0.069,-0.003,-0.04,-2.727,-3.755,157.11,12.17,-0.89,1,0.836,11.15,7.65,-3.044,1,5,0.0771,0.0587,0.0734,0.0661
131.277,1,0.845,-0.25,0.07,5,72.3,20.57,0.07,-0.007,0.069,-0.002,-0.047,-2.728,-3.754,157.11,12.17,-0.89,1,0.836,11.15,7.65,-3.044,1,5,0.0734,0.0606,0.0734,0.0698
131.309,1,0.839,-0.25,0.42,5,72.1,22.15,0.07,0.0019,0.071,0.0,-0.001,-2.731,-3.753,157.05,12.17,-0.89,1,0.836,11.15,7.65,-3.044,1,5,0.071,0.0674,0.0747,0.071
131.344,1,0.841,-0.25,0.68,5,72.1,21.1,0.07,-0.0045,0.069,0.0,0.0,-2.734,-3.752,157.05,12.17,-0.89,1,0.816,11.15,6.72,0.5,1,5,0.0674,0.0674,0.0711,0.0711
131.377,1,0.834,-0.25,0.7,5,72.1,20.57,0.07,-0.0093,0.071,0.0,-0.0,-2.735,-3.752,157.05,12.17,-0.89,1,0.825,11.15,7.55,2.586,1,5,0.0692,0.0711,0.0711,0.0711
131.411,1,0.828,0.0,0.76,5,71.5,20.57,0.07,-0.0097,0.069,0.0,0.001,-2.738,-3.751,157.11,12.17,-0.89,1,0.825,11.15,7.55,2.586,1,5,0.0661,0.0698,0.0698,0.0716
131.444,1,0.836,0.0,0.66,5,71.4,20.44,0.07,-0.0139,0.068,0.001,-0.035,-2.74,-3.75,157.05,12.17,0.13,1,0.825,11.15,7.55,2.586,1,5,0.0648,0.0703,0.0666,0.0685
131.476,1,0.835,0.0,0.66,5,71.4,21.6,0.07,-0.012,0.066,0.0,-0.009,-2.741,-3.749,156.99,12.17,0.13,1,0.854,11.15,5.92,-1.464,1,5,0.0666,0.0685,0.0648,0.0648
131.51,1,0.831,0.25,0.7,5,71.5,22.19,0.07,-0.0119,0.069,0.001,0.068,-2.744,-3.748,157.11,12.17,0.13,1,0.854,11.15,5.92,-1.464,1,5,0.0685,0.0704,0.0685,0.0667
131.542,1,0.813,0.0,1.19,5,71.3,22.77,0.07,-0.0156,0.071,0.0,-0.001,-2.747,-3.747,157.16,12.17,0.13,1,0.854,11.15,5.92,-1.464,1,5,0.0723,0.0723,0.0704,0.0686
131.577,1,0.814,0.25,0.41,5,71.9,22.77,0.07,-0.0208,0.073,0.0,0.007,-2.748,-3.746,157.16,12.17,0.13,1,0.854,11.15,5.92,-1.464,1,5,0.0721,0.0739,0.0721,0.0739
131.608,1,0.816,0.25,0.85,5,71.7,21.6,0.07,-0.0103,0.072,-0.002,-0.022,-2.751,-3.745,157.16,12.17,0.13,1,0.855,7.27,0.54,-0.848,1,5,0.075,0.0714,0.0695,0.0732
131.642,1,0.826,0.25,0.9,5,71.5,21.62,0.07,-0.0177,0.073,-0.002,-0.036,-2.753,-3.744,157.11,12.14,1.96,1,0.857,7.27,0.53,-0.863,1,5,0.075,0.0695,0.0732,0.075
131.675,1,0.831,0.25,1.06,5,71.3,22.68,0.07,-0.0183,0.072,-0.002,-0.011,-2.755,-3.743,157.11,12.14,1.96,1,0.85,7.27,0.53,-0.884,1,5,0.0734,0.066,0.0734,0.0734
131.71,1,0.818,0.5,1.15,5,71.2,22.19,0.07,-0.0211,0.071,-0.0,-0.0,-2.757,-3.742,157.11,12.14,1.96,1,0.844,6.79,1.03,-2.055,1,5,0.0721,0.0684,0.0721,0.0703
131.743,1,0.809,0.75,0.65,5,71.1,22.19,0.07,-0.0256,0.071,0.001,-0.007,-2.76,-3.741,157.11,12.14,1.96,1,0.844,6.79,1.03,-2.055,1,5,0.0702,0.0702,0.0739,0.0702
131.777,1,0.822,0.5,0.51,5,71.7,20.57,0.07,-0.0195,0.073,0.0,-0.02,-2.761,-3.741,157.05,12.14,1.96,1,0.844,6.79,1.03,-2.055,1,5,0.0739,0.0739,0.0721,0.0702
131.814,1,0.833,0.25,0.54,5,71.7,20.46,0.07,-0.0136,0.071,-0.001,-0.043,-2.764,-3.739,156.99,12.14,1.96,1,0.844,6.79,1.03,-2.055,1,5,0.074,0.0703,0.0703,0.0703
131.846,1,0.84,0.25,0.26,5,71.6,20.57,0.07,-0.0109,0.07,-0.001,-0.018,-2.766,-3.738,156.93,12.14,1.96,1,0.834,6.3,-0.74,-4.955,1,5,0.0741,0.0704,0.0685,0.0685
131.874,1,0.835,0.25,0.36,5,71.5,20.46,0.07,-0.0063,0.071,0.0,0.04,-2.768,-3.738,156.93,12.14,1.96,1,0.853,6.3,-1.22,-2.488,1,5,0.0722,0.0704,0.0722,0.0704
131.912,1,0.831,0.25,0.45,5,71.8,20.46,0.07,-0.0082,0.072,0.001,-0.007,-2.77,-3.737,156.99,12.14,1.96,1,0.857,6.3,-1.2,-2.516,1,5,0.0701,0.0701,0.0775,0.0719
131.944,1,0.829,0.25,0.6,5,71.8,20.46,0.07,-0.0098,0.072,0.0,-0.01,-2.773,-3.736,156.99,12.14,1.96,1,0.857,6.3,-1.2,-2.516,1,5,0.0719,0.0682,0.0756,0.0719
131.977,1,0.833,0.25,0.66,5,72.1,20.46,0.07,-0.0126,0.07,-0.0,-0.003,-2.774,-3.735,156.99,12.14,1.96,1,0.857,6.3,-1.2,-2.516,1,5,0.0718,0.0663,0.0737,0.07
132.012,1,0.84,0.25,0.75,5,72.2,20.46,0.07,-0.0137,0.07,0.0,-0.038,-2.777,-3.734,156.88,12.14,1.96,1,0.857,6.3,-1.2,-2.516,1,5,0.0726,0.0671,0.0726,0.0671
132.044,1,0.842,0.25,0.86,5,72.3,20.46,0.07,-0.0152,0.071,0.0,-0.035,-2.78,-3.733,156.82,12.14,0.63,1,0.857,6.3,-1.2,-2.516,1,5,0.0725,0.0653,0.0761,0.0689
132.076,1,0.845,0.25,0.67,5,72.2,20.46,0.07,-0.0173,0.07,0.001,-0.026,-2.781,-3.732,156.76,12.14,0.63,1,0.857,6.3,-1.2,-2.516,1,5,0.0707,0.0653,0.0762,0.0671
132.109,1,0.846,0.25,0.39,5,72.4,20.46,0.07,-0.014,0.071,0.001,-0.01,-2.784,-3.731,156.76,12.14,0.63,1,0.857,6.3,-1.2,-2.516,1,5,0.0702,0.0683,0.0757,0.0702
132.146,1,0.849,0.25,0.03,5,72.4,20.46,0.07,-0.0091,0.072,0.002,-0.044,-2.786,-3.73,156.7,12.14,0.63,1,0.857,6.3,-1.2,-2.516,1,5,0.0703,0.074,0.074,0.0684
132.172,1,0.853,-0.25,0.66,5,72.6,20.46,0.07,-0.0027,0.072,0.001,-0.012,-2.788,-3.729,156.65,12.14,0.63,1,0.868,5.33,-0.53,-3.666,1,5,0.0722,0.074,0.0722,0.0685
132.214,1,0.849,-0.25,0.65,5,72.5,20.46,0.07,-0.0078,0.07,-0.0,-0.023,-2.79,-3.728,156.59,12.14,0.63,1,0.868,5.33,-0.53,-3.666,1,5,0.074,0.0703,0.0685,0.0666
132.243,1,0.86,-0.25,0.19,5,72.8,20.44,0.07,-0.008,0.068,-0.001,0.033,-2.793,-3.727,156.65,12.14,-0.98,1,0.858,5.33,-1.9,-0.926,1,5,0.0703,0.0648,0.0685,0.0685
132.277,1,0.862,-0.25,0.03,5,71.6,20.46,0.07,-0.0004,0.068,-0.001,-0.001,-2.794,-3.727,156.65,12.14,-0.98,1,0.858,5.33,-1.9,-0.926,1,5,0.0684,0.0647,0.0703,0.0703
132.31,1,0.849,-0.25,-0.08,5,71.3,20.46,0.07,0.0023,0.068,-0.001,0.014,-2.796,-3.726,156.65,12.14,-0.98,1,0.858,5.33,-1.9,-0.926,1,5,0.0685,0.0666,0.0685,0.0703
132.344,1,0.84,-0.25,0.19,5,71.4,20.46,0.07,0.0041,0.068,-0.001,-0.013,-2.799,-3.724,156.65,12.14,-0.98,1,0.851,5.33,-1.9,-0.969,1,5,0.0722,0.0666,0.0666,0.0666
132.374,1,0.82,-0.25,0.03,5,71.4,20.46,0.07,-0.0008,0.069,-0.002,-0.002,-2.8,-3.724,156.65,12.14,-0.98,1,0.844,5.33,-1.37,-1.705,1,5,0.0741,0.0667,0.0667,0.0667
132.407,1,0.819,-0.25,-0.24,5,71.3,20.04,0.07,0.0018,0.07,-0.001,-0.034,-2.803,-3.723,156.59,12.14,-0.98,1,0.847,5.33,-2.09,-3.177,1,5,0.0759,0.0648,0.0722,0.0666
132.443,1,0.823,-0.25,-1.05,5,71.3,20.46,0.07,0.0065,0.07,-0.001,0.015,-2.805,-3.722,156.53,12.14,-2.15,1,0.847,5.33,-2.09,-3.177,1,5,0.0722,0.0629,0.0759,0.0703
132.477,1,0.841,-0.25,-0.84,5,71.2,20.57,0.07,0.0206,0.07,-0.001,0.003,-2.806,-3.721,156.53,12.14,-2.15,1,0.849,10.18,9.16,-0.482,1,5,0.0722,0.063,0.0741,0.0704
132.511,1,0.855,0.25,-0.73,5,71.3,20.46,0.07,0.017,0.069,0.0,-0.001,-2.809,-3.72,156.59,12.14,-2.15,1,0.869,10.18,9.15,-0.494,1,5,0.0648,0.0648,0.074,0.074
132.541,1,0.849,0.25,-0.34,5,71.1,20.46,0.07,0.0089,0.071,0.002,-0.018,-2.812,-3.719,156.59,12.14,-2.15,1,0.869,10.18,9.15,-0.494,1,5,0.0647,0.0758,0.0703,0.074
132.574,1,0.831,0.25,-0.26,5,71.0,20.46,0.07,0.0026,0.071,0.003,-0.029,-2.813,-3.718,156.53,12.14,-2.15,1,0.847,13.09,11.38,-1.765,1,5,0.061,0.0795,0.0684,0.0739
132.644,1,0.816,0.25,0.02,5,71.0,20.46,0.07,0.0017,0.071,0.0,-0.0,-2.818,-3.716,156.65,12.14,-1.38,1,0.855,13.09,14.35,1.745,1,5,0.0684,0.0721,0.0703,0.074
132.676,1,0.821,0.25,-0.25,5,70.9,20.46,0.07,-0.003,0.072,-0.0,-0.006,-2.82,-3.715,156.59,12.14,-1.38,1,0.856,13.09,14.39,1.772,1,5,0.0722,0.0703,0.074,0.0722
132.741,1,0.837,-0.25,-0.17,5,71.0,20.46,0.07,0.0019,0.071,0.001,-0.039,-2.825,-3.713,156.53,12.14,-1.38,1,0.844,9.69,10.81,1.191,1,5,0.0769,0.0695,0.075,0.0641
132.775,1,0.824,-0.25,0.0,5,71.2,20.46,0.07,0.0065,0.072,0.0,-0.059,-2.827,-3.713,156.47,12.14,-1.38,1,0.844,9.69,10.81,1.191,1,5,0.078,0.069,0.0762,0.0653
132.81,1,0.803,-0.25,-0.0,5,71.0,21.02,0.07,0.0032,0.072,0.001,0.002,-2.829,-3.712,156.36,12.14,-1.38,1,0.844,9.69,10.81,1.191,1,5,0.0743,0.0653,0.0816,0.0671
132.842,1,0.797,0.0,-0.33,5,70.4,21.6,0.07,0.0029,0.07,0.002,-0.043,-2.83,-3.711,156.36,12.14,1.26,1,0.863,8.24,6.78,-0.498,1,5,0.0713,0.0621,0.0823,0.0658
132.877,1,0.8,0.0,-0.22,5,69.9,20.44,0.07,0.0055,0.07,0.002,-0.01,-2.832,-3.711,156.3,12.14,1.26,1,0.863,8.24,6.78,-0.498,1,5,0.0689,0.0616,0.0816,0.0671
132.943,1,0.757,0.0,-0.75,5,69.0,21.6,0.07,0.0037,0.072,0.0,-0.01,-2.837,-3.708,156.3,12.14,1.26,1,0.858,4.36,-3.09,-0.883,1,5,0.071,0.0729,0.0729,0.0729
132.973,1,0.737,-0.25,-0.59,5,68.9,20.44,0.07,0.013,0.073,0.001,-0.009,-2.839,-3.708,156.3,12.14,1.26,1,0.868,4.36,-3.09,-0.884,1,5,0.0698,0.0753,0.0735,0.0735
133.042,1,0.768,-0.25,-0.17,5,68.5,21.02,0.0908,0.013,0.071,0.001,0.01,-2.843,-3.706,156.42,12.14,2.13,1,0.864,4.36,-2.2,1.171,1,5,0.0643,0.0732,0.0714,0.075
133.075,1,0.783,-0.25,0.16,5,68.2,21.02,0.1049,0.0056,0.071,-0.0,0.03,-2.845,-3.705,156.42,12.14,2.13,1,0.862,4.36,-2.03,-0.359,1,5,0.0679,0.0733,0.0679,0.0751
133.107,1,0.744,-0.5,0.76,5,67.9,22.77,0.1118,-0.0003,0.074,-0.0,-0.006,-2.848,-3.704,156.42,12.14,2.13,1,0.862,4.36,-2.03,-0.359,1,5,0.0734,0.0734,0.0734,0.0751
133.143,1,0.739,-0.25,0.87,5,67.7,20.44,0.1258,-0.0095,0.08,-0.001,-0.016,-2.851,-3.702,156.42,12.14,2.13,1,0.862,4.36,-2.03,-0.359,1,5,0.0832,0.0795,0.0795,0.0795
133.173,1,0.77,-0.25,0.02,5,68.6,20.46,0.1373,-0.0165,0.086,-0.0,-0.023,-2.853,-3.701,156.42,12.14,2.13,1,0.862,4.36,-2.03,-0.359,1,5,0.0869,0.0832,0.0887,0.0851
133.207,1,0.788,-0.25,0.15,5,70.0,20.46,0.1361,0.0019,0.097,-0.0,0.003,-2.856,-3.7,156.36,12.14,2.13,1,0.862,4.36,-2.03,-0.359,1,5,0.0961,0.0924,0.1016,0.0998
133.274,1,0.799,-0.25,-0.33,5,69.8,20.44,0.1469,-0.0012,0.119,0.003,-0.04,-2.864,-3.697,156.3,12.14,2.16,1,0.856,-0.48,-8.4,-1.46,1,5,0.1146,0.1201,0.1238,0.1183
133.306,1,0.787,-0.25,-0.23,5,69.2,20.2,0.1538,0.0101,0.134,0.004,0.006,-2.869,-3.695,156.3,12.14,2.16,1,0.856,-0.48,-8.4,-1.46,1,5,0.1293,0.1386,0.1367,0.1293
133.345,1,0.791,-0.25,-0.88,5,68.9,20.46,0.1678,0.0081,0.144,0.002,0.015,-2.874,-3.692,156.3,12.14,2.16,1,0.869,0.48,-7.88,-0.802,1,5,0.1453,0.1453,0.1471,0.1398
133.372,1,0.759,-0.25,-1.18,5,68.2,20.44,0.1576,0.0235,0.148,0.0,-0.019,-2.877,-3.691,156.3,12.14,2.16,1,0.869,0.48,-7.88,-0.802,1,5,0.1507,0.147,0.1507,0.1452
133.444,1,0.741,-0.25,0.23,5,67.2,21.02,0.1481,0.0294,0.163,0.002,-0.041,-2.89,-3.686,156.25,12.14,0.26,1,0.868,0.48,-7.89,-0.803,1,5,0.1562,0.1617,0.1672,0.1654
133.476,1,0.804,-0.25,-0.14,5,69.0,20.46,0.1429,-0.0028,0.165,0.003,0.008,-2.893,-3.684,156.25,12.14,0.26,1,0.865,0.97,-8.9,-3.082,1,5,0.1563,0.1673,0.1692,0.1692
133.543,1,0.793,0.25,-0.99,5,70.1,22.15,0.1499,0.0054,0.168,0.003,-0.069,-2.905,-3.679,156.3,12.14,0.26,1,0.849,5.82,1.56,2.021,1,5,0.1665,0.1702,0.1721,0.1628
133.577,1,0.792,0.25,-0.36,5,69.8,20.46,0.1549,0.02,0.165,0.001,-0.086,-2.908,-3.678,156.19,12.14,0.26,1,0.871,5.33,1.3,-1.201,1,5,0.1663,0.1626,0.17,0.1608
133.673,1,0.801,-0.25,-0.13,5,71.2,20.46,0.1458,0.0054,0.161,0.009,0.063,-2.923,-3.672,156.19,12.14,-0.14,1,0.868,5.33,-0.53,0.536,1,5,0.1455,0.1713,0.1676,0.1584
133.711,1,0.797,-0.25,-0.55,5,71.9,23.35,0.138,0.0064,0.162,0.004,-0.004,-2.929,-3.669,156.19,12.14,-0.14,1,0.867,5.33,0.56,1.013,1,5,0.1566,0.1695,0.1621,0.1603
133.773,1,0.839,0.0,-0.81,5,73.9,21.6,0.1438,0.0152,0.157,-0.005,0.016,-2.937,-3.665,156.07,12.14,-0.14,1,0.871,5.33,-1.02,1.22,1,5,0.1625,0.1514,0.1533,0.1607
133.807,1,0.855,-0.25,0.08,5,75.5,20.46,0.1508,0.0185,0.157,0.001,0.032,-2.943,-3.663,156.13,12.14,-0.14,1,0.871,5.33,-1.02,1.22,1,5,0.1514,0.1551,0.1607,0.1607
133.843,1,0.864,-0.25,-0.31,5,76.3,20.46,0.153,0.0007,0.155,0.004,-0.009,-2.949,-3.661,156.13,12.14,-0.14,1,0.871,5.33,-1.02,1.22,1,5,0.1459,0.1551,0.1625,0.1551
133.872,1,0.857,-0.25,-0.33,5,76.7,20.46,0.1587,0.0101,0.154,0.004,0.014,-2.952,-3.659,156.13,12.14,0.31,1,0.868,5.33,-0.03,-0.154,1,5,0.1497,0.1552,0.1608,0.1515
133.972,1,0.86,-0.25,-0.19,5,77.1,20.46,0.1451,0.0099,0.155,-0.001,0.035,-2.966,-3.653,156.02,12.14,0.31,1,0.87,5.33,-0.04,-0.152,1,5,0.1552,0.1552,0.1515,0.1571
134.074,1,0.87,-0.25,-0.17,5,76.7,20.46,0.1462,0.0066,0.159,0.002,-0.009,-2.981,-3.647,156.13,12.13,0.31,1,0.878,5.33,0.65,-0.696,1,5,0.1553,0.159,0.1627,0.1572
134.109,1,0.869,-0.25,-0.34,5,76.4,20.46,0.1468,0.0062,0.159,-0.003,-0.042,-2.986,-3.644,156.02,12.13,0.31,1,0.878,5.33,0.65,-0.696,1,5,0.1664,0.1572,0.1535,0.1572
134.172,1,0.864,-0.25,-0.01,5,75.5,20.46,0.1513,0.0103,0.155,-0.0,0.019,-2.995,-3.64,156.07,12.13,0.31,1,0.866,4.85,1.22,-1.911,1,5,0.1553,0.1553,0.1535,0.1553
134.271,1,0.883,-0.75,-0.56,5,75.4,20.46,0.1398,0.0025,0.154,-0.002,-0.071,-3.009,-3.634,155.96,12.13,-0.05,1,0.868,4.85,1.53,-0.952,1,5,0.1553,0.1516,0.1535,0.1572
134.372,1,0.876,-0.75,-0.38,5,75.2,20.46,0.1093,0.0173,0.148,0.002,0.023,-3.022,-3.628,156.02,12.13,-0.05,1,0.869,4.36,0.3,-4.553,1,5,0.1443,0.1517,0.148,0.148
134.443,1,0.865,-0.25,-0.21,5,74.2,20.46,0.1303,0.0149,0.14,-0.003,-0.028,-3.033,-3.623,156.07,12.13,-0.05,1,0.87,5.33,0.66,-0.679,1,5,0.1454,0.1326,0.1418,0.1418
134.472,1,0.865,-0.25,-0.46,5,73.8,20.46,0.1382,0.0057,0.139,-0.004,-0.071,-3.035,-3.622,155.96,12.13,-0.89,1,0.87,5.33,0.49,-3.272,1,5,0.1455,0.1326,0.1382,0.14
134.54,1,0.869,-0.75,-0.86,5,73.5,20.44,0.1263,0.0109,0.135,0.005,0.048,-3.045,-3.618,155.96,12.13,-0.89,1,0.881,4.85,0.39,-3.951,1,5,0.1258,0.1425,0.1369,0.1351
134.572,1,0.866,-0.75,-0.54,5,73.5,20.46,0.1282,0.0251,0.135,0.005,0.008,-3.048,-3.617,155.96,12.13,-0.89,1,0.871,4.85,-0.81,-2.75,1,5,0.1257,0.1405,0.1387,0.1331
134.639,1,0.863,-0.75,-0.55,5,73.3,20.46,0.1303,0.0184,0.134,-0.002,-0.074,-3.057,-3.612,155.84,12.13,-0.89,1,0.868,7.76,1.22,-4.956,1,5,0.1386,0.1257,0.1367,0.133
134.673,1,0.867,-0.75,-0.74,5,74.0,20.46,0.1062,0.0166,0.134,-0.001,-0.049,-3.06,-3.611,155.79,12.14,-2.31,1,0.868,7.76,1.22,-4.956,1,5,0.1367,0.1293,0.1367,0.1349
134.71,1,0.87,-1.0,-0.33,5,74.5,20.44,0.0961,0.02,0.136,0.001,0.047,-3.065,-3.609,155.84,12.14,-2.31,1,0.874,8.24,4.59,-3.839,1,5,0.133,0.1349,0.1404,0.1367
134.739,1,0.882,-1.25,0.09,5,75.5,20.46,0.0961,0.0157,0.135,0.003,-0.013,-3.07,-3.607,155.9,12.14,-2.31,1,0.875,8.24,5.17,-4.434,1,5,0.1258,0.1406,0.1351,0.1369
134.771,1,0.876,-1.25,-0.23,5,76.5,20.46,0.0961,0.0109,0.132,0.003,0.005,-3.072,-3.606,155.9,12.14,-2.31,1,0.853,10.66,7.17,-3.164,1,5,0.124,0.1369,0.1332,0.1351
134.809,1,0.876,-1.25,-0.31,5,76.7,20.46,0.0961,0.0163,0.125,-0.0,-0.007,-3.077,-3.604,155.9,12.14,-2.31,1,0.866,12.12,14.03,-1.819,1,5,0.122,0.1239,0.1257,0.1294
134.839,1,0.881,-1.75,-0.4,5,77.0,20.46,0.0961,0.0173,0.123,-0.003,-0.063,-3.081,-3.602,155.73,12.14,-2.31,1,0.877,12.12,12.41,-0.152,1,5,0.1293,0.1146,0.1257,0.122
134.871,1,0.87,-1.5,-0.29,5,77.2,20.44,0.0961,0.0245,0.121,-0.003,-0.015,-3.083,-3.601,155.73,12.14,-2.8,1,0.877,11.15,12.58,-2.659,1,5,0.1293,0.1109,0.1238,0.1183
134.906,1,0.876,-1.75,-0.01,5,77.4,20.46,0.0961,0.0191,0.115,-0.0,0.003,-3.087,-3.599,155.73,12.14,-2.8,1,0.879,11.15,12.58,-2.658,1,5,0.1202,0.1109,0.1183,0.1109
134.941,1,0.874,-1.75,-0.07,5,77.5,20.46,0.0961,0.017,0.109,0.001,-0.017,-3.091,-3.598,155.73,12.14,-2.8,1,0.872,11.15,12.88,-1.848,1,5,0.1072,0.1091,0.1109,0.1072
134.972,1,0.875,-1.75,-0.35,5,77.5,20.46,0.0961,0.0176,0.105,0.002,-0.0,-3.093,-3.597,155.67,12.14,-2.8,1,0.872,11.15,12.88,-1.848,1,5,0.1017,0.1072,0.1072,0.1054
135.009,1,0.87,-1.75,-0.26,5,77.1,20.46,0.0961,0.0224,0.101,0.0,0.003,-3.096,-3.595,155.73,12.14,-2.8,1,0.876,11.15,11.56,-3.108,1,5,0.0979,0.1016,0.0998,0.1035
135.041,1,0.87,-2.25,-0.15,5,77.0,20.46,0.0961,0.0205,0.095,0.0,0.014,-3.1,-3.594,155.73,12.14,-2.8,1,0.87,11.15,12.39,-1.312,1,5,0.0979,0.0942,0.0961,0.0924
135.073,1,0.867,-2.0,0.07,5,76.8,19.97,0.0961,0.0245,0.094,-0.001,0.014,-3.101,-3.593,155.73,12.13,-1.64,1,0.87,11.15,12.39,-1.312,1,5,0.0998,0.0905,0.0942,0.0905
135.109,1,0.867,-2.25,0.38,5,76.7,20.46,0.0961,0.0172,0.093,-0.002,-0.086,-3.105,-3.591,155.62,12.13,-1.64,1,0.87,11.15,12.39,-1.312,1,5,0.0981,0.087,0.0944,0.0907
135.139,1,0.866,-2.0,-0.1,5,76.7,20.2,0.0961,0.0147,0.091,-0.001,0.008,-3.108,-3.59,155.62,12.13,-1.64,1,0.869,9.69,11.13,-1.875,1,5,0.0925,0.0888,0.0907,0.0925
135.171,1,0.866,-1.75,-0.07,5,76.7,20.46,0.0961,0.0198,0.091,-0.001,0.011,-3.11,-3.589,155.62,12.13,-1.64,1,0.871,7.76,4.58,-2.773,1,5,0.0906,0.0906,0.0887,0.0924
135.205,1,0.87,-1.75,0.23,5,76.7,20.46,0.0961,0.0161,0.089,0.0,0.032,-3.113,-3.588,155.67,12.13,-1.64,1,0.885,8.24,4.59,-3.808,1,5,0.085,0.0924,0.0868,0.0924
135.24,1,0.871,-2.25,0.8,5,76.5,20.46,0.0961,0.0112,0.088,0.002,-0.002,-3.116,-3.586,155.73,12.13,-1.64,1,0.885,8.24,4.59,-3.808,1,5,0.0777,0.0925,0.087,0.0944
135.27,1,0.88,-2.25,0.32,5,76.3,20.46,0.0961,0.0074,0.086,0.002,0.014,-3.118,-3.586,155.73,12.13,-0.23,1,0.886,8.24,5.15,-4.299,1,5,0.0759,0.0907,0.087,0.0925
135.308,1,0.888,-2.25,0.12,5,76.2,20.46,0.0961,0.0154,0.085,0.001,0.013,-3.121,-3.584,155.73,12.13,-0.23,1,0.887,8.24,4.59,-3.804,1,5,0.0795,0.0868,0.085,0.0868
135.342,1,0.892,-2.25,0.23,5,76.2,20.46,0.0961,0.0186,0.084,0.0,0.005,-3.124,-3.583,155.73,12.13,-0.23,1,0.888,8.24,4.61,-3.798,1,5,0.0868,0.0831,0.0849,0.0813
135.372,1,0.883,-2.0,0.03,5,76.1,20.44,0.0961,0.0166,0.085,-0.001,0.045,-3.125,-3.582,155.73,12.13,-0.23,1,0.888,8.24,4.61,-3.798,1,5,0.0905,0.0831,0.0849,0.0813
135.406,1,0.883,-1.5,0.14,5,75.7,20.44,0.0842,0.0168,0.085,-0.0,-0.05,-3.128,-3.581,155.79,12.13,-0.23,1,0.881,8.24,4.97,-6.673,1,5,0.0897,0.0861,0.0824,0.0806
135.439,1,0.893,-1.25,-0.27,5,75.7,20.46,0.07,0.0093,0.085,-0.003,0.043,-3.132,-3.579,155.79,12.13,-0.23,1,0.889,9.21,5.31,-3.22,1,5,0.0873,0.0873,0.0764,0.0873
135.471,1,0.891,-0.75,-0.29,5,75.7,20.46,0.07,0.0141,0.084,0.0,0.029,-3.133,-3.578,155.84,12.13,-1.11,1,0.889,9.21,4.36,-3.533,1,5,0.08,0.091,0.0764,0.0873
135.505,1,0.873,-0.75,0.45,5,75.4,20.46,0.07,0.0086,0.083,0.003,0.02,-3.136,-3.577,155.9,12.13,-1.11,1,0.885,9.21,6.42,-5.802,1,5,0.0714,0.0928,0.0785,0.0892
135.539,1,0.87,-0.75,0.58,5,75.0,20.46,0.07,-0.0032,0.079,0.007,0.016,-3.139,-3.576,155.96,12.13,-1.11,1,0.885,9.21,6.42,-5.802,1,5,0.0628,0.0934,0.079,0.0808
135.572,1,0.871,-0.25,0.23,5,75.0,20.46,0.07,-0.0047,0.075,0.006,0.033,-3.14,-3.576,156.02,12.13,-1.11,1,0.885,10.18,4.8,-5.359,1,5,0.0575,0.0862,0.0754,0.079
135.606,1,0.872,-0.25,0.25,5,75.2,20.46,0.07,-0.0045,0.067,0.005,0.024,-3.143,-3.575,156.02,12.13,-1.11,1,0.885,10.18,4.8,-5.359,1,5,0.0536,0.0757,0.0683,0.0702
135.639,1,0.874,-0.25,0.33,5,75.2,20.46,0.07,-0.0038,0.061,0.002,0.012,-3.145,-3.574,156.02,12.13,-1.11,1,0.885,10.18,4.8,-5.359,1,5,0.0554,0.0646,0.0627,0.0627
135.674,1,0.87,-0.25,0.41,5,75.0,20.46,0.07,-0.0047,0.061,0.001,0.009,-3.146,-3.574,156.07,12.13,-1.99,1,0.885,10.18,4.8,-5.359,1,5,0.0608,0.0644,0.0608,0.0589
135.706,1,0.876,-0.25,0.4,5,75.0,20.46,0.07,-0.0058,0.058,-0.0,-0.004,-3.148,-3.573,156.07,12.13,-1.99,1,0.885,10.18,4.8,-5.359,1,5,0.0626,0.0571,0.0571,0.0534
135.739,1,0.873,-0.25,0.67,5,75.1,20.46,0.07,-0.0054,0.057,-0.002,-0.022,-3.15,-3.572,156.02,12.13,-1.99,1,0.894,10.18,6.51,-3.17,1,5,0.0609,0.0516,0.059,0.0572
135.774,1,0.873,-0.5,0.63,5,75.2,20.96,0.07,-0.0097,0.057,-0.002,-0.002,-3.151,-3.571,156.02,12.13,-1.99,1,0.891,10.18,6.52,-3.168,1,5,0.0611,0.0481,0.0611,0.0574
135.807,1,0.87,-0.75,0.89,5,75.3,20.46,0.07,-0.0059,0.059,-0.003,-0.05,-3.153,-3.57,155.9,12.13,-1.99,1,0.891,10.18,6.52,-3.168,1,5,0.0611,0.0482,0.063,0.063
135.84,1,0.88,-0.75,0.68,5,75.5,20.46,0.07,-0.0075,0.058,-0.002,-0.034,-3.155,-3.569,155.79,12.13,-1.99,1,0.882,10.18,4.5,-3.972,1,5,0.063,0.0538,0.0593,0.0575
135.871,1,0.88,-0.75,0.52,5,75.5,20.46,0.07,-0.0044,0.059,-0.001,-0.015,-3.157,-3.569,155.79,12.13,-2.35,1,0.882,10.18,4.5,-3.972,1,5,0.063,0.0574,0.0593,0.0574
135.904,1,0.883,-0.75,0.44,5,75.5,20.46,0.07,-0.0017,0.058,0.002,-0.002,-3.159,-3.568,155.79,12.13,-2.35,1,0.896,9.21,5.31,-3.194,1,5,0.0593,0.0593,0.0611,0.0537
135.939,1,0.878,-0.75,0.46,5,75.4,20.46,0.07,-0.0006,0.06,0.002,0.01,-3.161,-3.567,155.79,12.13,-2.35,1,0.896,9.21,5.31,-3.194,1,5,0.0574,0.0611,0.0629,0.0592
135.974,1,0.872,-0.75,0.44,5,75.5,20.46,0.07,-0.001,0.06,0.001,0.035,-3.162,-3.566,155.84,12.13,-2.35,1,0.896,9.21,5.31,-3.194,1,5,0.0555,0.0592,0.0629,0.0611
136.008,1,0.881,-0.75,0.46,5,75.6,20.46,0.07,-0.0007,0.06,0.0,-0.0,-3.164,-3.565,155.84,12.13,-2.35,1,0.896,9.21,5.31,-3.194,1,5,0.0555,0.0629,0.0574,0.0629
136.04,1,0.878,-0.75,0.53,5,75.6,20.46,0.07,-0.0011,0.056,0.0,-0.015,-3.166,-3.564,155.84,12.13,-2.35,1,0.885,13.09,10.03,-3.002,1,5,0.0537,0.0574,0.0555,0.0592
136.072,1,0.879,-0.75,0.52,5,76.1,20.46,0.07,-0.0024,0.055,-0.0,0.014,-3.167,-3.564,155.9,12.16,-2.98,1,0.885,13.09,10.03,-3.002,1,5,0.0537,0.0574,0.0518,0.0574
136.106,1,0.883,-0.75,0.53,5,76.2,20.46,0.07,-0.0023,0.055,-0.001,0.002,-3.169,-3.563,155.84,12.16,-2.98,1,0.885,13.09,10.03,-3.002,1,5,0.0555,0.0518,0.0555,0.0555
136.138,1,0.879,-0.75,0.62,5,76.1,20.46,0.07,-0.0025,0.056,-0.0,-0.01,-3.171,-3.562,155.84,12.16,-2.98,1,0.889,12.6,10.78,-1.778,1,5,0.0574,0.0555,0.0555,0.0555
136.171,1,0.88,-1.0,0.84,5,76.0,20.44,0.07,-0.0041,0.057,0.0,-0.008,-3.172,-3.562,155.84,12.16,-2.98,1,0.886,12.6,10.78,-1.778,1,5,0.0592,0.0555,0.0592,0.0555
136.205,1,0.882,-1.25,0.71,5,75.9,20.46,0.07,-0.0047,0.06,-0.001,-0.013,-3.175,-3.56,155.84,12.16,-2.98,1,0.887,12.12,11.34,-2.858,1,5,0.0665,0.0573,0.061,0.0554
136.239,1,0.88,-1.25,0.84,5,75.9,20.46,0.07,0.0001,0.063,-0.002,-0.059,-3.177,-3.559,155.73,12.16,-2.98,1,0.887,12.12,11.34,-2.858,1,5,0.0703,0.0555,0.0666,0.0592
136.271,1,0.888,-1.25,0.4,5,76.1,20.46,0.07,-0.0026,0.064,-0.002,-0.078,-3.178,-3.559,155.67,12.16,-2.17,1,0.893,12.12,10.67,-2.393,1,5,0.0721,0.0555,0.0684,0.061
136.303,1,0.888,-1.25,-0.01,5,76.3,20.46,0.07,0.0048,0.066,-0.001,-0.034,-3.181,-3.558,155.56,12.16,-2.17,1,0.888,11.63,9.69,-3.257,1,5,0.0703,0.0592,0.0703,0.0629
136.341,1,0.891,-1.25,-0.3,5,76.2,20.46,0.07,0.0118,0.065,0.0,0.002,-3.183,-3.557,155.5,12.16,-2.17,1,0.888,11.63,9.69,-3.257,1,5,0.0703,0.0648,0.0666,0.0592
136.372,1,0.896,-1.25,-0.03,5,76.3,20.46,0.07,0.0168,0.065,0.001,0.012,-3.184,-3.556,155.56,12.16,-2.17,1,0.89,11.15,9.51,-2.448,1,5,0.0667,0.0685,0.0648,0.0611
136.404,1,0.893,-1.0,0.21,5,76.2,20.44,0.07,0.0119,0.066,0.002,0.06,-3.187,-3.555,155.62,12.16,-2.17,1,0.888,11.15,9.32,-4.705,1,5,0.0611,0.0703,0.0648,0.0666
136.44,1,0.885,-1.0,0.12,5,75.9,20.44,0.07,0.0047,0.067,0.002,0.005,-3.189,-3.554,155.73,12.16,-2.17,1,0.888,11.15,9.32,-4.705,1,5,0.0555,0.0684,0.0684,0.074
136.472,1,0.869,-1.0,0.6,5,76.2,19.97,0.07,0.0066,0.066,0.001,0.018,-3.19,-3.553,155.73,12.16,-1.74,1,0.887,12.12,8.88,-3.074,1,5,0.0555,0.0666,0.0666,0.074
136.506,1,0.876,-0.75,0.33,5,76.4,20.46,0.07,-0.0017,0.064,0.001,0.012,-3.193,-3.553,155.79,12.16,-1.74,1,0.887,12.12,8.88,-3.074,1,5,0.0555,0.0666,0.0647,0.0703
136.539,1,0.881,-0.75,0.36,5,76.4,20.46,0.07,0.0001,0.065,0.001,0.0,-3.195,-3.551,155.79,12.16,-1.74,1,0.88,12.12,9.39,-3.622,1,5,0.0611,0.0685,0.0648,0.0666
136.57,1,0.88,-0.75,0.25,5,77.0,20.46,0.07,-0.0001,0.066,0.002,0.005,-3.196,-3.551,155.79,12.16,-1.74,1,0.878,11.63,9.71,-3.276,1,5,0.0647,0.0702,0.0665,0.0628
136.605,1,0.88,-1.0,0.43,5,77.4,19.97,0.07,0.0019,0.069,0.002,-0.015,-3.199,-3.55,155.79,12.16,-1.74,1,0.866,8.72,5.27,-3.755,1,5,0.074,0.0721,0.0703,0.0592
136.639,1,0.885,-1.0,0.42,5,77.5,19.97,0.07,0.0018,0.071,0.0,-0.053,-3.202,-3.549,155.73,12.16,-1.74,1,0.866,8.72,5.27,-3.755,1,5,0.0758,0.0703,0.0721,0.0647
136.673,1,0.874,-1.25,0.45,5,77.5,20.46,0.07,0.0019,0.071,-0.001,-0.061,-3.203,-3.548,155.62,12.15,-1.34,1,0.866,8.72,5.27,-3.755,1,5,0.0759,0.0666,0.0722,0.0685
136.705,1,0.868,-1.25,0.42,5,77.6,20.46,0.07,0.0045,0.072,-0.003,-0.002,-3.205,-3.547,155.56,12.15,-1.34,1,0.866,8.72,5.27,-3.755,1,5,0.0777,0.0666,0.0703,0.0721
136.739,1,0.875,-1.25,0.23,5,77.6,20.46,0.07,0.0046,0.072,-0.002,-0.005,-3.208,-3.545,155.56,12.15,-1.34,1,0.89,7.76,2.32,-2.074,1,5,0.0776,0.0684,0.0702,0.0702
136.773,1,0.872,-1.25,0.33,5,77.6,20.46,0.07,0.0076,0.072,-0.0,0.004,-3.209,-3.545,155.56,12.15,-1.34,1,0.891,7.76,2.32,-2.078,1,5,0.0758,0.0702,0.0721,0.0684
136.805,1,0.865,-1.25,0.6,5,77.5,20.46,0.07,0.0059,0.072,0.0,0.025,-3.212,-3.544,155.62,12.15,-1.34,1,0.891,7.76,2.32,-2.078,1,5,0.0703,0.0703,0.074,0.074
136.84,1,0.864,-1.25,0.63,5,77.5,20.46,0.07,0.001,0.071,0.0,0.031,-3.215,-3.542,155.73,12.15,-1.34,1,0.891,7.76,2.32,-2.078,1,5,0.066,0.0734,0.0697,0.0752
136.906,1,0.852,-0.75,0.36,5,77.6,20.46,0.07,0.0004,0.07,0.002,-0.014,-3.219,-3.541,155.73,12.15,-1.66,1,0.885,8.24,2.35,-5.516,1,5,0.0619,0.0746,0.0692,0.0746
136.938,1,0.845,-1.25,0.6,5,77.5,20.46,0.07,-0.0009,0.069,0.003,-0.004,-3.221,-3.54,155.73,12.15,-1.66,1,0.89,8.24,3.14,-3.582,1,5,0.0619,0.0729,0.0729,0.071
136.971,1,0.855,-0.75,-0.02,5,77.6,20.46,0.07,0.0012,0.07,0.002,0.035,-3.223,-3.539,155.73,12.15,-1.66,1,0.89,8.24,3.14,-3.582,1,5,0.0661,0.0716,0.0735,0.0698
137.004,1,0.848,-0.75,0.35,5,77.5,20.46,0.07,0.0057,0.07,0.001,-0.013,-3.225,-3.538,155.73,12.15,-1.66,1,0.884,8.24,2.35,-5.498,1,5,0.0717,0.0717,0.0717,0.0662
137.04,1,0.846,-1.25,0.65,5,77.6,20.46,0.07,-0.0003,0.071,-0.002,-0.063,-3.228,-3.537,155.67,12.15,-1.66,1,0.884,8.24,2.35,-5.498,1,5,0.0752,0.0679,0.0697,0.0715
137.072,1,0.853,-1.0,0.34,5,77.6,20.44,0.07,0.0007,0.068,-0.002,-0.007,-3.229,-3.536,155.62,12.15,-2.51,1,0.884,8.24,2.35,-5.498,1,5,0.0697,0.066,0.066,0.0697
137.104,1,0.842,-1.0,0.53,5,77.6,20.44,0.07,0.0029,0.067,-0.001,-0.024,-3.23,-3.536,155.62,12.15,-2.51,1,0.884,8.24,2.35,-5.498,1,5,0.0696,0.066,0.066,0.0678
137.137,1,0.836,-1.0,0.52,5,77.9,20.44,0.07,-0.0004,0.067,-0.003,0.003,-3.231,-3.535,155.62,12.15,-2.51,1,0.884,8.24,2.35,-5.498,1,5,0.0701,0.0664,0.0627,0.0701
137.171,1,0.845,-1.25,0.72,5,77.8,20.46,0.07,-0.0002,0.067,0.0,0.01,-3.234,-3.534,155.62,12.15,-2.51,1,0.884,8.24,2.35,-5.498,1,5,0.0664,0.072,0.0627,0.0683
137.204,1,0.844,-1.25,0.72,5,77.9,20.46,0.07,-0.0005,0.07,0.0,0.046,-3.236,-3.533,155.67,12.15,-2.51,1,0.878,12.12,8.78,-1.532,1,5,0.0665,0.0739,0.0665,0.0739
137.238,1,0.85,-1.25,0.69,5,77.9,20.46,0.07,-0.0008,0.07,-0.0,0.012,-3.239,-3.532,155.73,12.15,-2.51,1,0.884,12.12,8.89,-3.089,1,5,0.0647,0.0739,0.0684,0.0739
137.271,1,0.856,-1.25,0.67,5,78.3,20.46,0.07,-0.0005,0.068,-0.002,0.034,-3.24,-3.531,155.73,12.15,-3.33,1,0.884,12.12,8.89,-3.089,1,5,0.0665,0.0702,0.0628,0.0739
137.338,1,0.856,-1.0,0.82,5,78.7,19.97,0.07,-0.0002,0.067,-0.001,0.015,-3.245,-3.529,155.84,12.15,-3.33,1,0.884,12.12,9.72,-1.194,1,5,0.0647,0.0684,0.061,0.0721
137.373,1,0.861,-1.0,0.93,5,78.8,19.97,0.07,-0.0058,0.068,0.0,0.005,-3.246,-3.528,155.84,12.15,-3.33,1,0.884,12.12,9.72,-1.194,1,5,0.0666,0.0703,0.0666,0.0703
137.405,1,0.866,-1.25,0.79,5,78.6,20.46,0.07,-0.0076,0.07,-0.0,-0.008,-3.249,-3.527,155.84,12.15,-3.33,1,0.882,12.12,9.71,-1.198,1,5,0.0721,0.0702,0.0684,0.0684
137.44,1,0.866,-1.25,0.86,5,78.4,20.46,0.07,-0.0022,0.073,-0.001,-0.027,-3.252,-3.526,155.73,12.15,-3.33,1,0.885,12.12,9.71,-1.176,1,5,0.0753,0.0698,0.0735,0.0735
137.472,1,0.856,-0.75,0.42,5,78.3,20.46,0.07,-0.0035,0.072,-0.002,0.046,-3.253,-3.525,155.79,12.15,-2.15,1,0.885,12.12,9.71,-1.176,1,5,0.0772,0.0662,0.0735,0.0717
137.506,1,0.862,-0.75,0.63,5,78.4,20.46,0.07,-0.0022,0.072,-0.004,-0.017,-3.255,-3.524,155.73,12.15,-2.15,1,0.885,12.12,9.71,-1.176,1,5,0.0773,0.0662,0.0699,0.0736
137.54,1,0.867,-0.25,0.24,5,78.2,20.46,0.07,-0.0052,0.07,-0.002,0.01,-3.257,-3.523,155.79,12.15,-2.15,1,0.876,11.15,9.84,0.113,1,5,0.0773,0.0665,0.0683,0.0737
137.573,1,0.868,-0.25,0.45,5,78.2,20.46,0.07,-0.004,0.072,-0.001,0.007,-3.259,-3.522,155.84,12.15,-2.15,1,0.876,11.15,9.84,0.113,1,5,0.0737,0.0773,0.0647,0.0737
137.609,1,0.875,-0.25,0.33,5,78.5,20.46,0.07,-0.0072,0.075,0.002,0.057,-3.262,-3.521,155.9,12.15,-2.15,1,0.876,11.15,9.84,0.113,1,5,0.0701,0.0844,0.0701,0.0773
137.637,1,0.869,-0.25,0.66,5,78.2,20.46,0.07,-0.0046,0.074,0.004,-0.018,-3.264,-3.52,155.96,12.15,-2.15,1,0.881,9.21,7.31,-2.4,1,5,0.0664,0.0848,0.0737,0.0774
137.674,1,0.869,-0.25,0.69,5,78.0,20.46,0.07,-0.01,0.072,0.004,0.017,-3.266,-3.519,155.96,12.17,-0.67,1,0.881,9.21,7.31,-2.4,1,5,0.0611,0.0778,0.0741,0.0759
137.74,1,0.876,-0.25,0.59,5,78.0,20.46,0.07,-0.0101,0.073,0.002,0.004,-3.271,-3.517,156.02,12.17,-0.67,1,0.891,9.21,5.2,-1.607,1,5,0.0684,0.0758,0.0739,0.0721
137.769,1,0.877,-0.25,0.55,5,78.0,20.0,0.07,-0.0083,0.073,0.002,-0.022,-3.273,-3.517,155.96,12.17,-0.67,1,0.891,9.21,5.2,-1.607,1,5,0.072,0.0757,0.0739,0.0702
137.805,1,0.879,-0.5,0.29,5,77.8,20.44,0.07,-0.0076,0.074,0.0,-0.093,-3.275,-3.515,155.84,12.17,-0.67,1,0.888,9.21,4.03,-0.382,1,5,0.0777,0.0721,0.0777,0.0703
137.839,1,0.885,-0.5,0.27,5,77.6,20.44,0.07,0.0001,0.075,-0.001,0.007,-3.278,-3.514,155.73,12.17,-0.67,1,0.895,8.24,3.99,-1.614,1,5,0.0796,0.0666,0.0796,0.0703
137.873,1,0.884,-0.5,0.16,5,77.5,19.97,0.07,0.0001,0.075,-0.001,-0.036,-3.279,-3.513,155.73,12.17,-0.09,1,0.895,8.24,3.99,-1.614,1,5,0.0815,0.0611,0.0852,0.0703
137.904,1,0.887,-0.5,0.07,5,77.7,19.97,0.07,0.002,0.076,-0.001,-0.01,-3.282,-3.512,155.67,12.17,-0.09,1,0.893,8.24,4.0,-1.599,1,5,0.0814,0.0666,0.0832,0.074
137.94,1,0.888,-0.5,0.06,5,77.8,19.97,0.07,0.0035,0.079,0.0,0.01,-3.285,-3.511,155.67,12.17,-0.09,1,0.893,8.24,4.0,-1.599,1,5,0.0776,0.0794,0.0794,0.0794
137.97,1,0.885,-0.25,0.03,5,77.8,20.46,0.07,0.0036,0.08,0.001,0.042,-3.287,-3.51,155.73,12.17,-0.09,1,0.893,8.24,4.0,-1.599,1,5,0.077,0.0843,0.0788,0.0806
138.004,1,0.887,-0.5,0.14,5,77.5,19.97,0.07,0.0009,0.08,0.002,0.0,-3.29,-3.509,155.79,12.17,-0.09,1,0.893,8.24,4.0,-1.599,1,5,0.0727,0.0854,0.0781,0.0836
138.036,1,0.872,-0.5,0.21,5,77.6,19.97,0.07,0.0023,0.078,0.002,0.018,-3.291,-3.508,155.79,12.17,-0.09,1,0.896,8.24,3.99,-1.59,1,5,0.069,0.0836,0.0763,0.0836
138.075,1,0.869,-0.5,0.21,5,77.5,19.97,0.07,0.001,0.077,0.0,0.022,-3.294,-3.507,155.84,12.2,-0.09,1,0.896,8.24,3.99,-1.59,1,5,0.0709,0.08,0.0745,0.0818
138.14,1,0.889,-0.75,0.24,5,77.4,20.46,0.07,0.0009,0.072,-0.0,-0.037,-3.299,-3.505,155.84,12.2,-0.09,1,0.896,8.24,4.93,-1.141,1,5,0.0758,0.0703,0.0721,0.0684
138.171,1,0.884,-1.0,0.26,5,77.5,20.2,0.07,0.0033,0.072,-0.003,-0.042,-3.3,-3.504,155.79,12.2,-0.09,1,0.896,8.24,4.93,-1.141,1,5,0.0776,0.0665,0.0721,0.0721
138.205,1,0.882,-1.0,0.07,5,77.6,20.44,0.07,0.0058,0.073,-0.003,-0.013,-3.303,-3.502,155.67,12.2,-0.09,1,0.896,8.24,4.93,-1.141,1,5,0.0776,0.0647,0.0758,0.0758
138.239,1,0.875,-1.0,-0.11,5,77.8,19.97,0.07,0.0088,0.074,-0.002,0.001,-3.306,-3.501,155.67,12.2,-0.09,1,0.896,8.24,4.93,-1.141,1,5,0.0777,0.0703,0.074,0.0758
138.304,1,0.877,-1.0,-0.09,5,77.9,19.97,0.07,0.0114,0.073,-0.001,0.02,-3.31,-3.499,155.73,12.2,0.26,1,0.897,7.76,3.19,0.043,1,5,0.0722,0.0796,0.0648,0.0759
138.337,1,0.877,-1.0,-0.09,5,77.5,19.97,0.077,0.0108,0.075,-0.0,0.032,-3.311,-3.499,155.73,12.2,0.26,1,0.895,7.76,3.19,0.036,1,5,0.0722,0.0834,0.0648,0.0778
138.372,1,0.886,-1.0,0.37,5,77.0,20.2,0.0839,0.0107,0.073,0.001,0.054,-3.314,-3.498,155.9,12.2,0.26,1,0.895,7.76,3.19,0.036,1,5,0.0649,0.0797,0.0686,0.0778
138.405,1,0.882,-1.0,0.27,5,76.6,20.2,0.0979,0.0027,0.071,0.0,0.022,-3.316,-3.496,155.96,12.2,0.26,1,0.894,8.24,3.99,-1.568,1,5,0.0644,0.0755,0.0663,0.0773
138.437,1,0.878,-1.0,0.33,5,76.4,20.2,0.112,0.0043,0.071,-0.001,0.035,-3.318,-3.496,155.96,12.2,0.26,1,0.882,6.79,5.92,-0.129,1,5,0.0662,0.0718,0.0681,0.0773
138.472,1,0.875,-1.0,0.31,5,76.3,20.2,0.1261,0.0025,0.074,-0.001,0.014,-3.321,-3.495,156.02,12.2,1.08,1,0.869,3.39,-0.94,1.354,1,5,0.0735,0.0772,0.068,0.0772
138.504,1,0.877,-1.0,0.46,5,76.3,20.2,0.1329,0.0024,0.083,-0.001,-0.02,-3.324,-3.493,156.02,12.2,1.08,1,0.9,3.39,-4.38,0.823,1,5,0.0831,0.0831,0.0813,0.0849
138.539,1,0.871,-0.75,0.0,5,76.2,20.46,0.1471,-0.0015,0.096,-0.004,0.042,-3.328,-3.491,156.07,12.2,1.08,1,0.899,3.39,-4.59,-1.726,1,5,0.0979,0.0905,0.0942,0.1016
138.572,1,0.876,-0.5,0.19,5,76.6,20.44,0.1511,0.006,0.104,-0.004,0.013,-3.33,-3.49,156.07,12.2,1.08,1,0.899,3.39,-4.59,-1.726,1,5,0.1034,0.0979,0.1016,0.1126
138.605,1,0.88,-0.5,0.45,5,76.3,20.44,0.1489,-0.0014,0.121,-0.003,0.007,-3.335,-3.488,156.13,12.2,1.08,1,0.899,3.39,-4.59,-1.726,1,5,0.1181,0.12,0.1163,0.1292
138.638,1,0.885,-0.5,0.04,5,76.5,19.97,0.1479,-0.0066,0.13,-0.002,-0.001,-3.338,-3.487,156.13,12.2,1.08,1,0.906,3.88,-2.62,-0.381,1,5,0.1273,0.1329,0.1218,0.1366
138.704,1,0.878,-1.0,0.35,5,76.8,20.2,0.1571,0.003,0.149,0.001,-0.034,-3.349,-3.482,156.13,12.22,1.04,1,0.905,3.88,-2.62,-0.379,1,5,0.1459,0.1496,0.1514,0.1496
138.738,1,0.87,-0.5,-0.12,5,76.3,20.2,0.15,0.002,0.154,0.0,0.045,-3.354,-3.479,156.13,12.22,1.04,1,0.91,3.39,-2.67,-2.799,1,5,0.1534,0.1478,0.1608,0.1552
138.768,1,0.872,-0.25,0.0,5,76.6,20.46,0.15,0.0063,0.157,-0.003,-0.026,-3.357,-3.478,156.13,12.22,1.04,1,0.906,3.88,-2.62,-0.373,1,5,0.1607,0.1496,0.1588,0.1588
138.803,1,0.87,-0.5,0.48,5,77.6,20.44,0.1634,0.0007,0.161,-0.003,0.021,-3.363,-3.475,156.13,12.22,1.04,1,0.898,4.36,-3.47,-0.066,1,5,0.1682,0.1626,0.1534,0.1608
138.838,1,0.86,-1.0,0.41,5,77.7,20.44,0.152,-0.0071,0.164,0.003,0.002,-3.37,-3.473,156.19,12.22,1.04,1,0.898,4.36,-3.47,-0.066,1,5,0.1627,0.1775,0.1553,0.159
138.905,1,0.839,-1.0,-0.44,5,77.4,20.44,0.1594,-0.0,0.165,0.001,-0.059,-3.379,-3.468,155.96,12.22,0.31,1,0.898,4.36,-3.47,-0.066,1,5,0.1627,0.1627,0.1701,0.1664
138.937,1,0.838,-0.75,-0.02,5,77.5,20.46,0.1352,0.019,0.166,-0.002,0.012,-3.382,-3.467,155.96,12.22,0.31,1,0.907,2.91,-3.31,-1.075,1,5,0.1644,0.157,0.1717,0.1717
139.004,1,0.875,-1.0,-0.24,5,76.7,20.44,0.1194,0.0069,0.171,0.007,0.028,-3.395,-3.462,155.96,12.22,0.31,1,0.911,2.91,-2.58,-3.282,1,5,0.1644,0.1717,0.1847,0.1644
139.035,1,0.899,-1.25,-0.36,5,75.5,20.46,0.1335,0.0145,0.169,0.008,-0.06,-3.398,-3.461,155.9,12.22,0.31,1,0.92,2.42,-3.84,-2.82,1,5,0.1626,0.1718,0.1829,0.1589
139.106,1,0.89,-1.25,-0.93,5,75.2,21.02,0.1495,0.0205,0.153,0.001,-0.02,-3.409,-3.456,155.5,12.22,-0.95,1,0.92,2.42,-3.84,-2.82,1,5,0.1628,0.1406,0.1665,0.1406
139.137,1,0.881,-1.5,-0.49,5,75.6,21.02,0.1565,0.0342,0.153,0.001,-0.033,-3.412,-3.455,155.5,12.22,-0.95,1,0.931,1.94,-5.6,-1.636,1,5,0.1628,0.1406,0.1665,0.1406
139.17,1,0.88,-1.75,-0.8,5,76.2,21.02,0.1623,0.0266,0.154,0.007,-0.002,-3.417,-3.453,155.44,12.22,-0.95,1,0.931,1.94,-5.6,-1.636,1,5,0.1536,0.1536,0.1684,0.1388
139.204,1,0.889,-2.0,-0.86,5,76.6,21.02,0.1505,0.0361,0.153,0.008,0.011,-3.423,-3.45,155.5,12.22,-0.95,1,0.946,1.45,-5.89,-4.956,1,5,0.1461,0.1609,0.1627,0.1442
139.237,1,0.897,-2.0,-1.16,5,76.7,20.81,0.1263,0.037,0.154,0.008,-0.05,-3.426,-3.449,155.44,12.22,-0.95,1,0.887,4.85,-2.38,-6.671,1,5,0.1479,0.1627,0.1609,0.1442
139.272,1,0.899,-1.75,-1.48,5,76.3,20.81,0.1023,0.0394,0.159,-0.002,-0.005,-3.432,-3.446,155.33,12.22,-3.31,1,0.887,4.85,-2.38,-6.671,1,5,0.1646,0.159,0.1535,0.1572
139.303,1,0.902,-2.0,-1.05,5,76.0,21.02,0.0905,0.0417,0.162,-0.001,0.033,-3.438,-3.443,155.44,12.22,-3.31,1,0.898,7.27,-0.91,0.0,0,5,0.1666,0.1629,0.1574,0.1592
139.338,1,0.895,-2.5,-0.73,5,76.2,21.02,0.07,0.0371,0.159,0.004,0.006,-3.443,-3.441,155.44,12.22,-3.31,1,0.898,7.27,-0.91,0.0,0,5,0.1519,0.163,0.163,0.1574
139.369,1,0.9,-2.75,-1.01,5,76.4,21.02,0.07,0.0375,0.155,0.007,0.0,-3.446,-3.44,155.44,12.22,-3.31,1,0.898,7.27,-0.91,0.0,0,5,0.1426,0.1593,0.1649,0.1537
139.404,1,0.904,-2.75,-1.31,5,76.7,21.02,0.07,0.0446,0.15,0.004,-0.09,-3.452,-3.437,155.33,12.22,-3.31,1,0.898,7.27,-0.91,0.0,0,5,0.1443,0.148,0.161,0.148
139.439,1,0.905,-3.24,-1.76,5,77.0,20.81,0.07,0.0491,0.143,-0.001,-0.013,-3.456,-3.435,155.16,12.22,-3.31,1,0.896,11.63,15.77,-1.638,1,5,0.1517,0.1369,0.148,0.1369
139.472,1,0.904,-3.24,-1.66,5,77.1,21.02,0.07,0.0622,0.139,-0.002,-0.035,-3.459,-3.434,155.16,12.22,-4.98,1,0.896,11.63,15.77,-1.638,1,5,0.1516,0.1331,0.1405,0.1294
139.505,1,0.911,-3.74,-1.77,5,77.3,20.81,0.07,0.0601,0.131,0.0,-0.023,-3.463,-3.432,155.1,12.22,-4.98,1,0.896,11.63,15.77,-1.638,1,5,0.1406,0.1277,0.1351,0.1203
139.536,1,0.916,-4.24,-1.73,5,77.1,21.02,0.07,0.0671,0.128,0.003,-0.046,-3.466,-3.431,155.04,12.22,-4.98,1,0.942,10.66,12.4,-3.276,1,5,0.1332,0.1277,0.1332,0.1166
139.572,1,0.913,-4.24,-1.78,5,77.4,21.02,0.07,0.0715,0.122,0.004,-0.01,-3.47,-3.429,155.04,12.22,-4.98,1,0.942,10.66,12.4,-3.276,1,5,0.122,0.122,0.1313,0.1146
139.606,1,0.913,-4.24,-1.88,5,77.8,20.81,0.07,0.0718,0.115,0.001,-0.015,-3.474,-3.427,154.99,12.22,-4.98,1,0.942,10.66,12.4,-3.276,1,5,0.1183,0.1127,0.1201,0.109
139.636,1,0.918,-4.49,-1.78,5,77.9,21.02,0.07,0.0725,0.11,0.0,-0.023,-3.476,-3.426,154.99,12.22,-4.98,1,0.942,10.66,12.4,-3.276,1,5,0.1164,0.1053,0.1164,0.1035
139.671,1,0.921,-4.74,-2.02,5,77.9,21.02,0.07,0.0731,0.105,-0.005,-0.084,-3.479,-3.424,154.81,12.21,-5.48,1,0.969,9.69,12.22,-4.369,1,5,0.1182,0.096,0.1053,0.1016
139.705,1,0.916,-4.74,-2.15,5,77.7,21.02,0.07,0.0803,0.103,-0.005,0.053,-3.483,-3.422,154.81,12.21,-5.48,1,0.969,9.69,12.22,-4.369,1,5,0.1144,0.0923,0.1034,0.1015
139.739,1,0.916,-4.99,-2.07,5,77.9,21.02,0.07,0.0815,0.099,0.001,-0.051,-3.487,-3.421,154.76,12.21,-5.48,1,0.983,9.69,11.22,-6.084,1,5,0.107,0.0923,0.1034,0.1034
139.769,1,0.919,-5.24,-2.27,5,78.2,20.81,0.07,0.0831,0.096,0.006,-0.023,-3.488,-3.421,154.7,12.21,-5.48,1,0.975,9.21,11.39,-1.6,1,5,0.0868,0.0961,0.1072,0.0942
139.804,1,0.92,-5.24,-2.53,5,78.1,21.02,0.07,0.0889,0.09,0.01,0.02,-3.492,-3.419,154.7,12.21,-5.48,1,0.975,9.21,11.39,-1.6,1,5,0.0721,0.098,0.1017,0.0869
139.833,1,0.918,-5.24,-2.12,5,78.2,21.02,0.07,0.0927,0.087,0.009,-0.001,-3.493,-3.419,154.7,12.21,-5.48,1,0.98,9.21,9.57,-5.368,1,5,0.0759,0.0962,0.0962,0.0796
139.872,1,0.919,-5.24,-2.27,5,78.0,20.81,0.07,0.085,0.083,0.005,0.003,-3.496,-3.417,154.7,12.21,-5.13,1,0.977,9.21,10.51,-3.522,1,5,0.0832,0.0887,0.0868,0.0721
139.905,1,0.913,-5.74,-1.82,5,78.2,21.02,0.07,0.0875,0.078,0.001,-0.032,-3.499,-3.416,154.64,12.21,-5.13,1,0.977,9.21,10.51,-3.522,1,5,0.0881,0.0771,0.0808,0.0642
139.934,1,0.914,-5.74,-2.1,5,78.0,21.02,0.07,0.0853,0.076,-0.0,0.005,-3.5,-3.415,154.64,12.21,-5.13,1,0.976,8.72,9.56,-2.719,1,5,0.0862,0.0715,0.0788,0.066
139.969,1,0.91,-5.99,-1.78,5,77.8,20.44,0.07,0.0899,0.073,-0.005,-0.088,-3.503,-3.414,154.53,12.21,-5.13,1,0.976,8.72,9.56,-2.719,1,5,0.0845,0.0643,0.0735,0.0716
140.004,1,0.905,-5.99,-2.17,5,77.6,21.02,0.07,0.0869,0.07,-0.004,0.032,-3.505,-3.413,154.53,12.21,-5.13,1,0.976,8.72,9.56,-2.719,1,5,0.074,0.0647,0.0684,0.074
140.034,1,0.914,-5.74,-2.11,5,77.8,20.46,0.07,0.093,0.068,-0.003,0.052,-3.506,-3.412,154.58,12.21,-5.13,1,0.976,8.72,9.56,-2.719,1,5,0.0685,0.0649,0.0667,0.0739
140.104,1,0.909,-5.74,-1.83,5,77.7,21.02,0.07,0.0886,0.058,0.004,0.035,-3.51,-3.411,154.76,12.2,-4.75,1,0.969,8.72,9.11,-1.97,1,5,0.0431,0.0647,0.0611,0.0647
140.134,1,0.915,-5.24,-1.99,5,77.6,20.46,0.07,0.0836,0.057,0.004,0.061,-3.511,-3.41,154.81,12.2,-4.75,1,0.966,9.21,9.09,-3.226,1,5,0.0424,0.0664,0.0553,0.0645
140.168,1,0.911,-4.99,-1.53,5,77.6,20.44,0.07,0.0801,0.053,0.004,0.065,-3.513,-3.41,154.99,12.2,-4.75,1,0.966,9.21,9.09,-3.226,1,5,0.0388,0.0665,0.0462,0.0591
140.204,1,0.91,-4.49,-1.27,5,77.4,20.44,0.07,0.0697,0.053,0.004,0.069,-3.515,-3.409,155.1,12.2,-4.75,1,0.966,9.21,9.09,-3.226,1,5,0.0368,0.068,0.046,0.0625
140.242,1,0.905,-4.24,-0.98,5,77.2,20.81,0.07,0.06,0.051,0.003,0.065,-3.517,-3.408,155.27,12.2,-4.75,1,0.966,9.21,9.09,-3.226,1,5,0.0368,0.0644,0.0442,0.0589
140.301,1,0.915,-3.49,-0.93,5,77.4,20.44,0.07,0.0534,0.049,0.003,0.068,-3.52,-3.407,155.44,12.2,-3.65,1,0.973,12.12,11.23,-2.793,1,5,0.037,0.061,0.0444,0.0555
140.333,1,0.918,-3.24,-0.38,5,77.2,20.46,0.07,0.0443,0.048,0.002,0.085,-3.521,-3.407,155.56,12.2,-3.65,1,0.969,12.12,12.14,-2.398,1,5,0.0369,0.0591,0.0425,0.0554
140.403,1,0.914,-2.99,-0.62,5,77.2,20.44,0.07,0.0335,0.048,-0.004,0.016,-3.524,-3.405,155.79,12.2,-3.65,1,0.961,13.09,12.4,-2.758,1,5,0.0462,0.0555,0.0314,0.0573
140.437,1,0.92,-2.99,-0.59,5,77.2,20.44,0.07,0.0356,0.049,-0.005,-0.006,-3.525,-3.404,155.79,12.2,-3.65,1,0.961,13.09,12.4,-2.758,1,5,0.0481,0.0536,0.0333,0.0592
140.504,1,0.918,-2.99,-0.4,5,76.7,20.56,0.07,0.0362,0.049,-0.002,0.035,-3.528,-3.402,155.84,12.2,-2.3,1,0.945,9.21,6.11,-1.133,1,5,0.0444,0.0537,0.0389,0.0574
140.536,1,0.919,-2.99,-0.02,5,76.3,20.44,0.07,0.0332,0.049,-0.001,0.029,-3.529,-3.402,155.84,12.2,-2.3,1,0.946,9.21,6.33,-4.192,1,5,0.0444,0.0555,0.0389,0.0555
140.569,1,0.916,-2.75,-0.23,5,76.2,20.44,0.07,0.0268,0.049,0.0,0.02,-3.531,-3.401,155.9,12.2,-2.3,1,0.946,9.21,6.33,-4.192,1,5,0.0443,0.0591,0.0406,0.0536
140.602,1,0.918,-2.5,-0.56,5,76.1,20.44,0.07,0.0275,0.051,0.002,0.069,-3.533,-3.401,156.07,12.2,-2.3,1,0.946,9.21,6.33,-4.192,1,5,0.0425,0.0609,0.0462,0.0554
140.634,1,0.926,-2.0,-0.77,5,75.8,20.44,0.07,0.0308,0.05,0.003,0.072,-3.534,-3.4,156.13,12.2,-2.3,1,0.949,10.18,6.41,-3.119,1,5,0.0388,0.0609,0.0462,0.0554
140.702,1,0.917,-1.5,0.4,5,75.3,20.44,0.07,0.0295,0.045,0.0,0.149,-3.537,-3.399,156.59,12.18,-1.57,1,0.937,11.15,7.78,-4.472,1,5,0.0259,0.0592,0.0314,0.0629
140.733,1,0.916,-1.0,0.88,5,75.0,20.44,0.07,0.0039,0.044,-0.002,0.103,-3.538,-3.398,156.76,12.18,-1.57,1,0.942,12.12,8.8,-3.052,1,5,0.0259,0.0592,0.0241,0.0666
140.768,1,0.905,-0.5,1.15,5,74.5,20.44,0.07,-0.0103,0.039,-0.001,0.18,-3.539,-3.398,157.05,12.18,-1.57,1,0.944,13.09,9.98,-3.007,1,5,0.0167,0.0574,0.0185,0.0648
140.901,1,0.877,1.0,2.14,5,74.3,20.0,0.07,-0.017,0.037,-0.006,0.072,-3.544,-3.395,157.79,12.18,0.08,1,0.942,11.15,3.54,-4.929,1,5,0.0296,0.0444,0.0166,0.0555
140.933,1,0.873,1.5,2.06,5,74.2,20.44,0.07,-0.0514,0.037,-0.006,0.039,-3.544,-3.395,157.85,12.18,0.08,1,0.946,11.15,4.81,-4.09,1,5,0.0296,0.0425,0.0203,0.0573
141.032,1,0.876,1.5,2.68,5,74.0,20.0,0.07,-0.0517,0.051,-0.002,0.011,-3.549,-3.393,158.08,12.18,0.08,1,0.936,10.18,5.31,-2.051,1,5,0.0481,0.0536,0.0444,0.0592
141.069,1,0.873,1.75,2.53,5,73.9,19.85,0.07,-0.0622,0.055,-0.002,0.023,-3.551,-3.392,158.08,12.17,0.82,1,0.953,9.21,0.55,-6.533,1,5,0.0536,0.0572,0.048,0.0609
141.1,1,0.872,2.0,2.45,5,73.7,20.2,0.07,-0.062,0.06,-0.001,0.002,-3.554,-3.391,158.14,12.17,0.82,1,0.954,10.18,0.41,-3.973,1,5,0.0572,0.0609,0.0572,0.0646
141.133,1,0.867,2.0,2.76,5,73.7,19.97,0.07,-0.0627,0.062,-0.0,-0.006,-3.555,-3.39,158.14,12.17,0.82,1,0.953,10.18,1.32,-1.9,1,5,0.0591,0.0628,0.0609,0.0646
141.17,1,0.863,2.0,2.72,5,73.6,20.2,0.07,-0.0679,0.063,-0.001,-0.027,-3.557,-3.389,158.08,12.17,0.82,1,0.954,10.18,1.32,-1.903,1,5,0.0665,0.061,0.0628,0.0628
141.201,1,0.873,1.5,2.7,5,73.7,20.0,0.07,-0.0664,0.064,-0.003,-0.029,-3.559,-3.388,158.02,12.17,0.82,1,0.956,9.69,0.88,-3.405,1,5,0.0721,0.0591,0.0628,0.0628
141.233,1,0.875,1.5,2.8,5,74.1,20.44,0.07,-0.0599,0.063,-0.004,-0.022,-3.561,-3.388,157.96,12.17,0.82,1,0.959,9.21,0.53,-6.529,1,5,0.0739,0.0573,0.061,0.061
141.333,1,0.868,1.5,2.37,5,74.0,19.97,0.07,-0.0621,0.058,-0.003,-0.035,-3.566,-3.385,157.79,12.17,0.49,1,0.96,9.21,-0.86,-2.26,1,5,0.0666,0.0573,0.0536,0.0555
141.435,1,0.877,1.5,2.4,5,74.4,20.2,0.07,-0.0547,0.061,0.004,-0.024,-3.572,-3.383,157.79,12.17,0.49,1,0.962,9.21,-0.81,-3.997,1,5,0.0555,0.0536,0.0758,0.0573
141.533,1,0.892,1.5,2.16,5,74.7,20.2,0.07,-0.0553,0.063,0.003,-0.013,-3.578,-3.381,157.68,12.17,-0.84,1,0.959,8.24,-0.68,-6.596,1,5,0.0607,0.0679,0.0625,0.0589
141.633,1,0.894,1.25,2.17,5,74.7,20.0,0.07,-0.0512,0.068,-0.003,-0.038,-3.584,-3.378,157.56,12.17,-0.84,1,0.915,11.63,0.19,-3.109,1,5,0.0759,0.0629,0.0666,0.0666
141.675,1,0.899,1.5,2.01,5,74.9,20.0,0.07,-0.0484,0.068,-0.003,0.008,-3.586,-3.377,157.51,12.17,-0.84,1,0.915,11.63,0.19,-3.109,1,5,0.0796,0.0648,0.0648,0.0611
141.702,1,0.906,1.75,1.84,5,75.1,19.85,0.07,-0.0489,0.064,0.0,0.012,-3.589,-3.376,157.56,12.16,-2.74,1,0.946,12.12,5.95,-2.46,1,5,0.0703,0.0666,0.0629,0.0574
141.732,1,0.907,1.5,2.38,5,74.8,20.2,0.07,-0.0487,0.062,0.001,-0.016,-3.59,-3.376,157.56,12.16,-2.74,1,0.946,12.12,5.95,-2.46,1,5,0.0666,0.0648,0.0629,0.0555
141.832,1,0.903,1.75,1.74,5,74.5,19.85,0.07,-0.0549,0.058,-0.0,0.003,-3.595,-3.374,157.39,12.16,-2.74,1,0.939,15.99,13.47,-2.85,1,5,0.0574,0.05,0.0648,0.0593
141.932,1,0.906,2.0,1.58,5,74.3,20.0,0.07,-0.0465,0.061,0.003,-0.022,-3.601,-3.372,157.28,12.16,-3.12,1,0.941,15.99,12.57,-3.253,1,5,0.0574,0.0592,0.0685,0.0574
142.032,1,0.893,1.5,1.17,5,71.9,20.44,0.07,-0.0461,0.069,0.002,-0.059,-3.607,-3.369,156.99,12.16,-3.12,1,0.936,15.03,12.26,-1.448,1,5,0.0777,0.0685,0.074,0.0574
142.102,1,0.882,1.0,1.01,5,71.6,20.44,0.07,-0.033,0.07,0.001,-0.013,-3.613,-3.367,156.76,12.16,-1.82,1,0.933,14.06,11.11,-1.476,1,5,0.0795,0.0628,0.0795,0.0573
142.134,1,0.881,1.0,1.07,5,70.8,20.44,0.07,-0.0247,0.071,0.004,0.013,-3.614,-3.367,156.76,12.16,-1.82,1,0.933,14.06,11.11,-1.476,1,5,0.074,0.0647,0.0851,0.0592
142.234,1,0.91,1.0,-0.05,5,70.2,20.2,0.07,-0.027,0.065,0.0,-0.023,-3.62,-3.364,156.7,12.16,-1.82,1,0.923,10.18,4.39,-2.402,1,5,0.0685,0.0629,0.0685,0.0611
142.269,1,0.906,1.0,-0.03,5,69.7,20.0,0.07,-0.0076,0.065,-0.0,-0.046,-3.622,-3.363,156.59,12.16,-1.82,1,0.923,10.18,4.39,-2.402,1,5,0.0665,0.0591,0.0702,0.0647
142.305,1,0.908,1.0,-0.3,5,69.2,20.44,0.07,-0.0081,0.066,0.004,-0.036,-3.625,-3.362,156.53,12.16,-0.46,1,0.94,9.69,2.9,-4.444,1,5,0.0648,0.0611,0.0778,0.0592
142.334,1,0.911,1.25,-0.64,5,69.0,20.04,0.07,-0.0036,0.065,0.004,-0.029,-3.626,-3.362,156.47,12.16,-0.46,1,0.932,9.21,2.95,-4.873,1,5,0.0648,0.0593,0.0778,0.0574
142.367,1,0.914,1.25,-0.75,5,69.8,20.44,0.07,-0.0008,0.068,0.005,-0.043,-3.629,-3.361,156.42,12.16,-0.46,1,0.941,9.21,1.54,-6.166,1,5,0.0686,0.0668,0.0779,0.0575
142.401,1,0.861,1.0,-0.7,5,65.1,20.56,0.07,0.0015,0.071,0.0,-0.032,-3.632,-3.359,156.3,12.16,-0.46,1,0.937,9.21,1.78,-3.771,1,5,0.0778,0.0703,0.0722,0.0629
142.432,1,0.833,0.75,-0.61,5,63.8,20.46,0.07,0.0037,0.074,-0.0,-0.043,-3.633,-3.359,156.25,12.16,-0.46,1,0.937,9.21,1.78,-3.771,1,5,0.0815,0.074,0.0722,0.0666
142.468,1,0.813,0.75,-0.46,5,63.6,20.44,0.07,0.005,0.075,-0.002,0.007,-3.636,-3.358,156.25,12.16,-0.46,1,0.927,8.24,1.76,-4.919,1,5,0.0832,0.074,0.0721,0.0703
142.5,1,0.816,0.75,-0.39,5,64.0,20.44,0.07,0.002,0.076,0.0,0.045,-3.639,-3.356,156.36,12.16,-2.28,1,0.927,8.24,1.76,-4.919,1,5,0.074,0.074,0.0795,0.0777
142.531,1,0.812,1.0,-0.31,5,63.2,20.44,0.07,0.0006,0.075,0.003,0.016,-3.64,-3.356,156.36,12.16,-2.28,1,0.923,9.21,2.01,-1.252,1,5,0.0684,0.0739,0.0813,0.0758
142.568,1,0.816,1.0,-0.13,5,63.5,20.44,0.07,-0.0041,0.072,0.004,0.029,-3.642,-3.355,156.42,12.16,-2.28,1,0.92,9.21,2.09,-2.936,1,5,0.0647,0.074,0.0777,0.0703
142.607,1,0.805,1.0,-0.09,5,62.7,20.44,0.07,-0.0071,0.068,0.005,0.003,-3.645,-3.354,156.42,12.16,-2.28,1,0.92,9.21,2.09,-2.936,1,5,0.0647,0.074,0.0721,0.0629
142.633,1,0.803,1.0,-0.07,5,62.4,20.44,0.07,-0.0077,0.068,0.003,-0.027,-3.646,-3.354,156.36,12.16,-2.28,1,0.879,12.12,2.13,-5.816,1,5,0.0648,0.0722,0.0703,0.0648
142.668,1,0.806,1.0,-0.2,5,62.7,20.56,0.07,-0.0079,0.067,0.002,-0.063,-3.649,-3.353,156.3,12.16,-2.28,1,0.879,12.12,2.13,-5.816,1,5,0.0648,0.0666,0.0703,0.0648
142.7,1,0.8,1.25,-0.72,5,62.5,20.44,0.07,-0.0057,0.065,0.001,-0.047,-3.651,-3.352,156.19,12.16,-2.59,1,0.879,12.12,2.13,-5.816,1,5,0.0667,0.063,0.0704,0.0611
142.733,1,0.798,1.0,-0.53,5,62.7,20.44,0.07,0.0006,0.066,0.001,-0.026,-3.652,-3.351,156.13,12.16,-2.59,1,0.891,13.09,7.76,-0.849,1,5,0.0703,0.0629,0.0703,0.0592
142.77,1,0.807,1.0,-0.58,5,63.3,20.44,0.07,0.0006,0.068,0.001,-0.042,-3.655,-3.35,156.07,12.16,-2.59,1,0.891,13.09,7.76,-0.849,1,5,0.074,0.0666,0.0722,0.0611
142.834,1,0.802,0.5,-0.63,5,62.9,20.44,0.07,0.0013,0.073,-0.001,0.014,-3.659,-3.348,156.07,12.16,-2.59,1,0.895,12.12,8.18,-2.67,1,5,0.0778,0.0723,0.0704,0.0704
142.871,1,0.802,0.5,-0.6,5,63.0,20.44,0.07,0.0084,0.076,-0.0,0.019,-3.662,-3.347,156.13,12.16,-2.59,1,0.895,12.12,8.18,-2.67,1,5,0.076,0.0741,0.076,0.076
142.899,1,0.807,0.5,-0.6,5,63.4,20.44,0.07,0.0072,0.075,0.001,-0.003,-3.664,-3.346,156.13,12.16,-3.54,1,0.895,12.12,8.19,-2.671,1,5,0.0722,0.0741,0.0778,0.0741
142.932,1,0.809,0.5,-0.73,5,63.3,20.44,0.07,0.0067,0.074,0.002,0.015,-3.666,-3.345,156.13,12.16,-3.54,1,0.895,12.12,8.19,-2.671,1,5,0.0704,0.0741,0.0778,0.0741
142.966,1,0.806,1.0,-0.68,5,63.4,20.44,0.07,0.0088,0.071,0.003,0.017,-3.668,-3.344,156.19,12.16,-3.54,1,0.899,12.12,7.94,-3.443,1,5,0.0666,0.074,0.074,0.0685
143.001,1,0.811,1.0,-0.87,5,63.9,20.2,0.07,0.0019,0.068,0.006,0.013,-3.671,-3.343,156.19,12.16,-3.54,1,0.899,12.12,7.94,-3.443,1,5,0.061,0.0758,0.0721,0.0647
143.032,1,0.805,1.0,-0.69,5,63.6,20.44,0.07,0.0055,0.068,0.006,-0.006,-3.672,-3.343,156.19,12.16,-3.54,1,0.899,12.12,7.94,-3.443,1,5,0.061,0.0758,0.0721,0.0629
143.068,1,0.8,1.0,-0.66,5,63.1,20.44,0.07,0.0025,0.068,0.005,-0.04,-3.675,-3.342,156.07,12.16,-3.54,1,0.892,12.12,7.94,-3.454,1,5,0.0611,0.074,0.0722,0.0648
143.1,1,0.782,1.0,-0.69,5,62.1,20.44,0.07,0.0023,0.068,0.002,-0.044,-3.677,-3.341,156.02,12.16,-2.86,1,0.904,12.12,7.92,-3.443,1,5,0.0666,0.0685,0.0703,0.0648
143.132,1,0.785,0.5,-0.58,5,62.1,20.44,0.07,0.0029,0.068,-0.0,-0.044,-3.679,-3.34,155.96,12.16,-2.86,1,0.904,12.12,7.92,-3.443,1,5,0.0703,0.0684,0.0684,0.0666
143.166,1,0.791,0.5,-0.82,5,62.3,20.56,0.07,0.0072,0.068,-0.001,-0.014,-3.681,-3.339,155.96,12.16,-2.86,1,0.894,11.63,8.24,-3.075,1,5,0.074,0.0703,0.0647,0.0647
143.2,1,0.795,0.25,-0.96,5,62.3,20.56,0.07,0.0108,0.072,-0.001,0.004,-3.684,-3.338,155.96,12.16,-2.86,1,0.894,11.63,8.24,-3.075,1,5,0.0759,0.074,0.0685,0.0703
143.232,1,0.8,0.0,-1.21,5,62.3,20.44,0.07,0.0159,0.071,-0.0,0.021,-3.685,-3.337,155.96,12.16,-2.86,1,0.894,11.63,8.24,-3.075,1,5,0.0722,0.0703,0.0703,0.0703
143.267,1,0.806,0.0,-1.32,5,62.6,20.44,0.07,0.0231,0.073,-0.0,0.011,-3.688,-3.336,156.02,12.16,-2.86,1,0.899,11.15,6.73,-3.482,1,5,0.0685,0.0703,0.074,0.0778
143.298,1,0.81,0.0,-1.64,5,62.8,20.44,0.07,0.0243,0.069,0.0,0.014,-3.69,-3.335,156.07,12.16,-2.86,1,0.887,11.15,8.12,-2.168,1,5,0.0648,0.0703,0.0685,0.074
143.331,1,0.809,0.0,-1.53,5,62.8,20.44,0.07,0.0294,0.069,0.0,0.026,-3.691,-3.334,156.07,12.16,-2.86,1,0.892,11.63,8.39,0.961,1,5,0.0648,0.0722,0.0666,0.074
143.368,1,0.8,0.0,-1.21,5,62.4,20.44,0.07,0.0274,0.065,0.0,0.018,-3.694,-3.333,156.13,12.16,-2.86,1,0.897,11.63,8.53,-2.277,1,5,0.0629,0.0703,0.0611,0.0666
143.398,1,0.8,0.0,-1.02,5,62.8,20.44,0.07,0.0215,0.065,0.0,-0.002,-3.696,-3.332,156.19,12.16,-2.86,1,0.901,11.63,8.23,-3.077,1,5,0.061,0.0665,0.0628,0.0684
143.432,1,0.807,0.0,-1.21,5,63.0,20.44,0.07,0.018,0.065,0.001,-0.001,-3.697,-3.332,156.13,12.16,-2.86,1,0.902,11.63,8.23,-3.081,1,5,0.0609,0.0683,0.0628,0.0665
143.469,1,0.809,0.25,-1.14,5,63.3,20.56,0.07,0.0213,0.065,-0.0,0.007,-3.7,-3.331,156.19,12.16,-2.86,1,0.901,11.63,8.24,-3.083,1,5,0.0609,0.0646,0.0646,0.0701
143.498,1,0.816,0.25,-1.19,5,63.4,20.44,0.07,0.0171,0.064,0.0,-0.003,-3.702,-3.33,156.19,12.16,-2.48,1,0.902,11.63,8.24,-3.087,1,5,0.0609,0.0664,0.0627,0.0664
143.53,1,0.821,0.25,-1.24,5,63.7,20.56,0.07,0.0181,0.065,-0.001,-0.004,-3.703,-3.329,156.19,12.16,-2.48,1,0.902,11.63,8.25,-3.089,1,5,0.0627,0.0664,0.0609,0.0682
143.566,1,0.826,0.0,-1.16,5,64.0,20.44,0.07,0.019,0.067,-0.002,-0.026,-3.706,-3.328,156.13,12.16,-2.48,1,0.9,11.63,8.27,-3.092,1,5,0.0696,0.0733,0.0568,0.0678
143.601,1,0.825,-0.25,-1.27,5,64.1,20.56,0.07,0.0208,0.073,-0.006,0.055,-3.709,-3.326,156.19,12.16,-2.48,1,0.898,11.15,8.09,-2.141,1,5,0.0807,0.077,0.0587,0.077
143.631,1,0.834,0.0,-1.08,5,64.6,20.56,0.07,0.0254,0.075,-0.005,0.067,-3.71,-3.326,156.25,12.16,-2.48,1,0.895,11.15,8.1,-2.16,1,5,0.0807,0.077,0.0624,0.0789
143.665,1,0.845,0.0,-1.26,5,64.6,20.44,0.07,0.0188,0.076,-0.002,0.068,-3.713,-3.324,156.36,12.16,-2.48,1,0.895,11.63,8.3,-3.118,1,5,0.0739,0.0758,0.0721,0.0832
143.701,1,0.862,0.0,-1.11,5,65.7,20.56,0.07,0.022,0.073,0.001,0.036,-3.715,-3.323,156.47,12.16,-2.16,1,0.895,11.63,8.3,-3.118,1,5,0.0648,0.0759,0.0722,0.0796
143.732,1,0.869,0.25,-1.29,5,66.5,20.56,0.07,0.0194,0.072,0.001,0.048,-3.717,-3.323,156.53,12.16,-2.16,1,0.895,11.63,8.3,-3.118,1,5,0.0629,0.0758,0.0703,0.0777
143.765,1,0.873,0.5,-0.96,5,67.1,20.44,0.07,0.0193,0.071,0.001,0.022,-3.719,-3.322,156.65,12.16,-2.16,1,0.879,12.6,9.55,-3.133,1,5,0.0628,0.0758,0.0684,0.0776
143.798,1,0.874,0.5,-0.83,5,67.5,20.56,0.07,0.011,0.071,0.002,-0.021,-3.722,-3.321,156.59,12.16,-2.16,1,0.879,12.6,9.55,-3.133,1,5,0.0608,0.0756,0.0719,0.0774
143.831,1,0.881,0.5,-0.96,5,67.8,20.44,0.07,0.0093,0.072,0.004,-0.03,-3.723,-3.32,156.59,12.16,-2.16,1,0.871,13.09,10.29,-0.601,1,5,0.059,0.0756,0.0756,0.0774
143.865,1,0.883,0.5,-1.23,5,67.8,20.56,0.07,0.0116,0.075,0.002,0.018,-3.726,-3.319,156.53,12.16,-2.16,1,0.847,10.18,11.08,0.208,1,5,0.0682,0.0737,0.0793,0.0774
143.9,1,0.885,0.5,-1.38,5,68.0,20.44,0.07,0.0166,0.076,0.0,0.009,-3.729,-3.318,156.53,12.16,-0.99,1,0.847,10.18,11.08,0.208,1,5,0.0738,0.0738,0.0794,0.0775
143.931,1,0.888,0.25,-1.17,5,68.3,20.56,0.07,0.0193,0.077,-0.002,-0.012,-3.73,-3.317,156.53,12.16,-0.99,1,0.847,10.18,11.08,0.208,1,5,0.0794,0.0738,0.0757,0.0775
143.964,1,0.893,0.0,-1.08,5,68.6,20.44,0.07,0.0189,0.076,-0.003,-0.019,-3.733,-3.316,156.47,12.16,-0.99,1,0.858,8.24,2.49,-3.964,1,5,0.0811,0.0793,0.0682,0.0774
144.0,1,0.898,0.0,-1.5,5,69.3,20.44,0.07,0.02,0.078,-0.006,0.023,-3.735,-3.314,156.47,12.16,-0.99,1,0.858,8.24,2.49,-3.964,1,5,0.0847,0.0773,0.0663,0.0792
144.031,1,0.904,-0.5,-1.08,5,69.5,20.56,0.07,0.027,0.079,-0.005,0.056,-3.737,-3.314,156.53,12.16,-0.99,1,0.858,8.24,2.49,-3.964,1,5,0.0858,0.0787,0.0679,0.0823
144.066,1,0.915,-0.25,-1.01,5,70.8,20.56,0.07,0.0257,0.078,-0.002,0.063,-3.74,-3.313,156.7,12.16,-0.99,1,0.847,7.76,3.75,-3.552,1,5,0.0753,0.0771,0.0735,0.0842
144.099,1,0.918,0.0,-0.95,5,71.0,20.44,0.07,0.0207,0.075,0.001,0.019,-3.743,-3.311,156.76,12.16,-0.67,1,0.839,8.24,3.6,-0.735,1,5,0.0664,0.0772,0.0754,0.0825
144.131,1,0.913,0.0,-0.95,5,70.4,20.2,0.07,0.0164,0.074,0.0,0.006,-3.744,-3.311,156.76,12.16,-0.67,1,0.839,8.24,3.6,-0.735,1,5,0.0666,0.0777,0.0722,0.0814
144.163,1,0.911,-0.25,-0.73,5,70.2,20.44,0.07,0.0164,0.074,0.0,-0.025,-3.747,-3.31,156.7,12.16,-0.67,1,0.788,8.24,5.07,2.936,1,5,0.0703,0.0778,0.0703,0.0778
144.199,1,0.906,0.0,-1.06,5,70.1,20.44,0.07,0.0156,0.073,0.002,-0.006,-3.749,-3.309,156.7,12.16,-0.67,1,0.788,8.24,5.07,2.936,1,5,0.0667,0.0759,0.0741,0.0741
144.265,1,0.902,-0.5,-0.95,5,69.4,20.44,0.07,0.0183,0.075,0.003,0.005,-3.754,-3.307,156.7,12.16,-0.67,1,0.746,7.76,4.19,-5.049,1,4,0.0685,0.0778,0.0778,0.0741
144.3,1,0.912,-0.5,-0.68,5,70.2,20.56,0.07,0.0224,0.075,-0.001,-0.023,-3.756,-3.306,156.7,12.16,0.08,1,0.746,7.76,4.19,-5.049,1,4,0.0778,0.0778,0.0703,0.074
144.331,1,0.917,-0.75,-0.74,5,70.3,20.46,0.07,0.0171,0.074,-0.004,-0.022,-3.758,-3.305,156.65,12.16,0.08,1,0.746,7.76,4.19,-5.049,1,4,0.0796,0.074,0.0666,0.0759
144.363,1,0.917,-1.0,-0.8,5,70.7,20.56,0.07,0.0212,0.074,-0.007,0.02,-3.76,-3.303,156.65,12.16,0.08,1,0.741,7.27,3.12,-2.593,1,4,0.0833,0.074,0.0592,0.0777
144.4,1,0.906,-1.25,-0.99,5,70.1,20.56,0.07,0.0247,0.074,-0.006,0.104,-3.763,-3.302,156.82,12.16,0.08,1,0.743,7.27,3.12,-2.583,1,4,0.0759,0.074,0.0611,0.0851
144.431,1,0.904,-1.25,-0.86,5,69.7,20.46,0.07,0.0307,0.072,-0.006,0.11,-3.764,-3.301,156.99,12.16,0.08,1,0.743,7.27,3.12,-2.583,1,4,0.0703,0.0721,0.061,0.0851
144.467,1,0.904,-1.0,-0.52,5,69.5,20.44,0.07,0.0277,0.068,-0.008,0.082,-3.766,-3.3,157.16,12.16,0.08,1,0.743,7.27,3.12,-2.583,1,4,0.0629,0.0647,0.0555,0.0906
144.497,1,0.908,-1.0,-0.52,5,69.7,20.2,0.07,0.0183,0.067,-0.011,0.039,-3.769,-3.298,157.22,12.16,-0.69,1,0.737,8.24,5.98,-1.87,1,4,0.0628,0.0628,0.0499,0.0924
144.531,1,0.911,-1.0,-0.25,5,69.9,20.56,0.07,0.0182,0.068,-0.011,0.058,-3.77,-3.298,157.28,12.16,-0.69,1,0.737,8.24,5.98,-1.87,1,4,0.0647,0.0666,0.0481,0.0924
144.563,1,0.92,-0.5,-0.4,5,70.7,20.44,0.07,0.0135,0.071,-0.005,0.061,-3.773,-3.297,157.45,12.16,-0.69,1,0.74,8.72,5.39,-4.981,1,4,0.0647,0.0758,0.0573,0.0869
144.601,1,0.923,-0.5,-0.0,5,71.1,20.57,0.07,0.0101,0.073,-0.001,0.02,-3.775,-3.296,157.51,12.16,-0.69,1,0.736,9.21,6.93,-4.441,1,4,0.0647,0.0795,0.0647,0.0851
144.635,1,0.926,-0.5,-0.11,5,71.3,20.56,0.07,0.0037,0.075,-0.001,0.047,-3.777,-3.295,157.56,12.16,-0.69,1,0.739,9.69,6.57,-4.927,1,4,0.0665,0.0813,0.0665,0.085
144.664,1,0.922,-0.5,0.41,5,70.7,20.2,0.07,0.0058,0.074,-0.003,0.028,-3.779,-3.294,157.62,12.16,-0.69,1,0.742,9.69,6.57,-4.929,1,4,0.0683,0.0757,0.0665,0.0849
144.699,1,0.917,-0.5,0.4,5,70.4,20.44,0.07,-0.0032,0.071,-0.004,0.009,-3.782,-3.292,157.68,12.16,-0.69,1,0.742,9.69,6.59,-4.939,1,4,0.072,0.072,0.0628,0.0776
144.73,1,0.916,-0.5,0.01,5,70.7,20.57,0.07,-0.0028,0.07,-0.004,0.018,-3.783,-3.292,157.68,12.16,-0.69,1,0.742,9.69,6.59,-4.939,1,4,0.072,0.0702,0.0628,0.0757
144.764,1,0.923,-0.75,0.09,5,71.0,20.56,0.07,0.0041,0.069,-0.005,0.003,-3.786,-3.291,157.68,12.16,-0.69,1,0.742,9.69,7.78,-1.844,1,4,0.0757,0.0702,0.0572,0.072
144.8,1,0.922,-0.75,0.09,5,71.0,20.56,0.07,0.0057,0.066,-0.006,-0.016,-3.788,-3.289,157.68,12.16,-0.69,1,0.742,9.69,7.78,-1.844,1,4,0.0736,0.0699,0.0515,0.0699
144.831,1,0.924,-0.75,0.09,5,71.1,20.56,0.07,0.0055,0.064,-0.006,-0.004,-3.789,-3.289,157.68,12.16,-0.69,1,0.742,9.69,7.78,-1.844,1,4,0.0717,0.0662,0.0496,0.068
144.864,1,0.92,-0.5,0.01,5,70.9,20.57,0.07,0.0054,0.063,-0.005,0.074,-3.791,-3.288,157.74,12.16,-0.69,1,0.742,9.69,7.78,-1.844,1,4,0.0625,0.0625,0.0551,0.0735
144.901,1,0.917,-0.25,0.21,5,70.4,20.56,0.07,0.0038,0.064,-0.002,0.037,-3.794,-3.287,157.91,12.16,-1.04,1,0.737,9.69,6.59,-4.956,1,4,0.0553,0.059,0.0646,0.0756
144.93,1,0.916,-0.25,0.34,5,70.3,20.57,0.07,-0.0028,0.065,-0.001,0.024,-3.795,-3.286,157.91,12.16,-1.04,1,0.732,10.66,7.75,-4.888,1,4,0.0535,0.0627,0.0646,0.0775
144.965,1,0.913,0.0,0.51,5,70.1,20.44,0.07,-0.0045,0.064,0.0,-0.017,-3.797,-3.285,157.96,12.16,-1.04,1,0.732,10.66,7.75,-4.888,1,4,0.0568,0.0678,0.0605,0.0696
144.998,1,0.913,-0.5,0.43,5,70.0,20.56,0.07,-0.0101,0.065,0.001,-0.013,-3.798,-3.285,157.91,12.16,-1.04,1,0.732,10.66,7.76,-4.89,1,4,0.0605,0.0733,0.0587,0.0678
145.029,1,0.904,-0.25,0.21,5,69.2,20.56,0.07,-0.0024,0.064,-0.0,0.013,-3.8,-3.284,157.91,12.16,-1.04,1,0.726,10.18,7.73,-1.899,1,4,0.0623,0.0697,0.0568,0.066
145.065,1,0.903,-0.25,0.21,5,69.5,20.56,0.07,-0.0018,0.064,0.001,0.012,-3.802,-3.283,157.91,12.16,-1.04,1,0.727,10.18,8.13,-4.345,1,4,0.0629,0.0666,0.0648,0.0629
145.095,1,0.898,-0.25,0.34,5,69.3,20.57,0.07,-0.0017,0.066,0.001,0.006,-3.803,-3.283,157.91,12.15,-1.36,1,0.724,10.66,7.77,-4.883,1,4,0.0625,0.0662,0.068,0.0662
145.133,1,0.892,-0.25,0.34,5,68.8,20.57,0.07,-0.0038,0.066,0.001,0.003,-3.806,-3.282,157.91,12.15,-1.36,1,0.724,10.66,7.77,-4.883,1,4,0.0638,0.0656,0.0693,0.0656
145.167,1,0.888,-0.25,0.34,5,68.4,20.57,0.07,-0.0038,0.067,-0.002,0.001,-3.808,-3.281,157.96,12.15,-1.36,1,0.724,10.66,7.77,-4.883,1,4,0.0692,0.0656,0.0656,0.0692
145.199,1,0.888,0.0,0.12,5,68.3,20.57,0.07,-0.0038,0.068,-0.004,-0.004,-3.811,-3.28,157.96,12.15,-1.36,1,0.712,10.66,7.86,-4.853,1,4,0.0751,0.0678,0.0604,0.0678
145.232,1,0.89,-0.25,0.34,5,68.5,20.57,0.0839,-0.0029,0.068,-0.005,-0.072,-3.812,-3.279,157.91,12.15,-1.36,1,0.712,10.66,7.86,-4.853,1,4,0.0776,0.0665,0.0591,0.0683
145.263,1,0.887,0.0,-0.01,5,68.3,20.56,0.0909,-0.0034,0.064,-0.006,0.019,-3.814,-3.278,157.85,12.15,-1.36,1,0.712,10.66,7.86,-4.853,1,4,0.0739,0.061,0.0536,0.0665
145.299,1,0.884,0.0,0.0,5,68.2,20.81,0.0987,-0.0004,0.064,-0.004,0.013,-3.817,-3.277,157.85,12.15,-1.66,1,0.712,10.66,7.86,-4.853,1,4,0.0666,0.0573,0.0629,0.0703
145.328,1,0.878,0.25,-0.21,5,67.4,20.56,0.0987,-0.0004,0.066,-0.002,0.033,-3.818,-3.276,157.85,12.15,-1.66,1,0.68,10.66,7.43,-2.736,1,4,0.0646,0.0591,0.0683,0.072
145.364,1,0.868,0.25,0.33,5,66.6,20.56,0.0987,0.0003,0.076,0.0,0.024,-3.821,-3.275,157.96,12.15,-1.66,1,0.68,10.66,7.43,-2.736,1,4,0.0683,0.0738,0.0775,0.0831
145.401,1,0.851,0.25,0.45,5,65.7,20.81,0.0987,-0.0088,0.085,-0.002,0.031,-3.825,-3.273,158.08,12.15,-1.66,1,0.68,10.66,7.43,-2.736,1,4,0.0793,0.0885,0.0775,0.0959
145.431,1,0.854,0.25,0.95,5,66.0,20.81,0.0987,-0.0107,0.09,-0.005,0.035,-3.826,-3.272,158.14,12.15,-1.66,1,0.68,10.66,7.43,-2.736,1,4,0.085,0.0924,0.0776,0.1035
145.464,1,0.871,0.0,0.9,5,66.6,20.81,0.0867,-0.0193,0.096,-0.004,0.018,-3.83,-3.271,158.19,12.15,-1.66,1,0.643,11.15,9.56,6.226,1,4,0.0942,0.0979,0.085,0.1053
145.498,1,0.854,0.0,0.88,5,65.4,20.81,0.07,-0.0152,0.097,-0.004,0.005,-3.832,-3.27,158.19,12.15,-1.63,1,0.614,11.15,10.78,0.0,0,4,0.0961,0.0961,0.0887,0.1053
145.531,1,0.863,-0.25,0.66,5,66.3,20.81,0.07,-0.015,0.098,-0.005,-0.065,-3.835,-3.268,158.08,12.15,-1.63,1,0.621,10.66,13.07,0.0,0,4,0.1034,0.0943,0.0925,0.1016
145.565,1,0.866,-0.75,0.69,5,66.0,21.02,0.07,-0.0082,0.096,-0.009,-0.063,-3.839,-3.266,157.91,12.15,-1.63,1,0.59,10.18,11.54,0.0,0,4,0.1088,0.0816,0.0924,0.1015
145.599,1,0.866,-0.75,0.43,5,66.4,20.81,0.07,-0.0033,0.094,-0.008,-0.031,-3.842,-3.265,157.85,12.15,-1.63,1,0.59,10.18,11.54,0.0,0,4,0.1068,0.076,0.0959,0.0959
145.628,1,0.876,-1.25,0.19,5,67.5,21.02,0.07,0.001,0.092,-0.006,-0.016,-3.844,-3.264,157.79,12.15,-1.63,1,0.59,10.18,11.54,0.0,0,4,0.1034,0.0757,0.0978,0.0923
145.664,1,0.867,-1.25,0.07,5,66.5,20.56,0.07,0.0107,0.086,-0.003,0.001,-3.847,-3.263,157.79,12.15,-1.63,1,0.591,8.72,13.45,0.0,0,4,0.0905,0.0757,0.0905,0.0886
145.699,1,0.854,-1.25,0.19,5,65.3,20.81,0.07,0.0118,0.08,-0.002,0.01,-3.849,-3.262,157.85,12.13,0.23,1,0.591,8.72,13.45,0.0,0,4,0.0795,0.0776,0.0795,0.085
145.735,1,0.853,-1.25,0.19,5,65.1,20.81,0.07,0.009,0.078,-0.002,0.02,-3.851,-3.261,157.85,12.13,0.23,1,0.591,8.72,13.45,0.0,0,4,0.0758,0.0758,0.0758,0.085
145.764,1,0.855,-1.25,0.08,5,65.1,20.81,0.07,0.0088,0.077,0.001,0.005,-3.854,-3.26,157.91,12.13,0.23,1,0.576,7.27,23.63,0.0,0,4,0.0739,0.0795,0.0758,0.0776
145.797,1,0.862,-1.25,0.09,5,65.5,20.81,0.07,0.0104,0.075,0.001,0.005,-3.855,-3.26,157.91,12.13,0.23,1,0.6,3.88,31.57,0.0,0,4,0.074,0.0777,0.0758,0.074
145.833,1,0.864,-1.25,0.09,5,65.7,20.81,0.07,0.0101,0.073,0.003,-0.015,-3.858,-3.259,157.91,12.13,0.23,1,0.6,3.88,31.57,0.0,0,4,0.074,0.0777,0.074,0.0666
145.864,1,0.863,-1.25,0.2,5,65.8,21.02,0.07,0.01,0.072,0.001,-0.068,-3.86,-3.257,157.79,12.13,0.23,1,0.6,3.88,31.57,0.0,0,4,0.074,0.0721,0.074,0.0666
145.895,1,0.852,-1.25,0.2,5,64.9,20.81,0.07,0.008,0.072,-0.0,-0.055,-3.862,-3.257,157.74,12.13,3.48,1,0.631,0.48,29.6,0.0,0,4,0.074,0.0684,0.074,0.0703
145.93,1,0.836,-1.25,0.31,5,63.9,20.81,0.07,0.0079,0.069,-0.002,-0.017,-3.864,-3.256,157.62,12.13,3.48,1,0.631,0.48,29.6,0.0,0,4,0.074,0.0629,0.0703,0.0684
145.965,1,0.83,-1.25,0.29,5,63.5,21.02,0.07,0.0059,0.068,-0.001,0.001,-3.867,-3.255,157.68,12.13,3.48,1,0.634,0.0,29.41,0.0,0,4,0.0703,0.0648,0.0685,0.0666
145.997,1,0.823,-1.0,-0.14,5,63.0,20.96,0.07,0.0062,0.067,0.0,0.047,-3.869,-3.254,157.74,12.13,3.48,1,0.634,0.0,29.41,0.0,0,4,0.0666,0.0666,0.0666,0.0666
146.032,1,0.823,-0.75,-0.08,5,63.2,21.1,0.07,0.0109,0.067,0.001,0.061,-3.87,-3.253,157.79,12.13,3.48,1,0.634,0.0,29.41,0.0,0,4,0.061,0.0703,0.0666,0.0703
146.064,1,0.829,-0.75,0.39,5,63.7,21.11,0.07,0.0068,0.065,-0.0,0.033,-3.873,-3.252,157.91,12.13,3.48,1,0.634,0.0,29.41,0.0,0,4,0.0573,0.0684,0.061,0.0739
146.099,1,0.835,-0.75,0.61,5,64.0,21.02,0.07,-0.0009,0.065,-0.0,0.049,-3.874,-3.252,157.96,12.14,7.3,1,0.55,-7.27,41.7,0.0,0,4,0.0573,0.0703,0.0592,0.074
146.165,1,0.84,-0.75,0.42,5,64.0,21.02,0.07,-0.0044,0.065,-0.001,0.031,-3.879,-3.25,158.02,12.14,7.3,1,0.575,-7.76,42.62,0.0,0,4,0.0644,0.0662,0.0607,0.0681
146.2,1,0.835,-0.5,0.25,5,63.9,21.11,0.07,-0.0009,0.066,-0.001,-0.004,-3.881,-3.249,158.08,12.14,7.3,1,0.531,-8.24,47.68,0.0,0,4,0.0702,0.0683,0.0609,0.0628
146.233,1,0.838,-0.5,0.25,5,64.0,21.11,0.07,-0.0008,0.065,-0.001,0.006,-3.882,-3.248,158.08,12.14,7.3,1,0.531,-8.24,47.68,0.0,0,4,0.072,0.0664,0.0609,0.0609
146.267,1,0.843,-0.5,0.49,5,64.5,21.42,0.07,-0.0006,0.066,0.0,-0.038,-3.885,-3.247,158.02,12.14,7.3,1,0.52,-14.54,55.09,0.0,0,4,0.0678,0.0678,0.0641,0.0641
146.297,1,0.842,-0.5,0.71,5,64.5,21.42,0.07,-0.0046,0.065,-0.001,-0.052,-3.886,-3.247,157.96,12.14,13.15,1,0.505,-18.9,55.34,0.0,0,4,0.0654,0.0636,0.0636,0.0654
146.331,1,0.846,-0.25,0.28,5,64.5,21.42,0.07,-0.0082,0.064,-0.003,-0.013,-3.888,-3.245,157.91,12.14,13.15,1,0.505,-18.9,55.34,0.0,0,4,0.0646,0.061,0.061,0.0682
146.363,1,0.847,-0.5,0.26,5,64.4,21.11,0.07,-0.0037,0.061,-0.003,0.009,-3.891,-3.244,157.91,12.14,13.15,1,0.505,-18.9,55.34,0.0,0,4,0.0653,0.0598,0.0562,0.0634
146.398,1,0.844,-0.25,-0.07,5,63.9,21.1,0.07,-0.0,0.062,-0.002,0.018,-3.892,-3.244,157.96,12.14,13.15,1,0.49,-25.2,56.78,0.0,0,4,0.0658,0.0621,0.0567,0.0621
146.432,1,0.838,-0.25,0.05,5,63.5,21.11,0.07,0.0028,0.063,0.0,0.025,-3.894,-3.243,157.96,12.14,13.15,1,0.49,-25.2,56.78,0.0,0,4,0.063,0.0649,0.063,0.063
146.466,1,0.827,-0.25,0.34,5,62.4,21.02,0.07,0.0007,0.066,0.001,0.031,-3.897,-3.242,158.08,12.14,13.15,1,0.49,-25.2,56.78,0.0,0,4,0.0611,0.0667,0.0685,0.0685
146.501,1,0.83,0.0,0.0,5,62.6,21.02,0.07,-0.004,0.066,0.003,-0.014,-3.899,-3.241,158.08,12.14,19.59,1,0.507,-31.02,57.62,0.0,0,4,0.0592,0.0703,0.0666,0.0666
146.529,1,0.834,-0.25,0.09,5,63.1,21.1,0.07,-0.0012,0.065,0.003,-0.035,-3.9,-3.241,158.08,12.14,19.59,1,0.571,-34.41,64.21,0.0,0,5,0.056,0.0704,0.065,0.0668
146.568,1,0.855,-0.25,0.22,5,64.6,21.02,0.07,0.0007,0.065,0.003,0.011,-3.903,-3.24,158.08,12.14,19.59,1,0.571,-34.41,64.21,0.0,0,5,0.059,0.0716,0.0644,0.0644
146.595,1,0.848,-0.25,0.22,5,64.1,21.02,0.07,-0.0015,0.064,0.003,-0.007,-3.904,-3.24,158.08,12.14,19.59,1,0.494,-38.29,67.25,0.0,0,5,0.0608,0.0698,0.0644,0.0608
146.631,1,0.854,-0.25,0.22,5,64.7,21.02,0.07,-0.0015,0.065,0.001,0.016,-3.906,-3.239,158.08,12.14,19.59,1,0.475,-40.71,68.8,0.0,0,5,0.0659,0.0678,0.0659,0.0623
146.665,1,0.854,0.0,0.0,5,64.9,21.02,0.07,-0.0016,0.065,0.001,-0.011,-3.909,-3.238,158.08,12.14,19.59,1,0.475,-40.71,68.8,0.0,0,5,0.0665,0.0665,0.0647,0.061
146.697,1,0.858,0.0,0.0,5,65.2,21.02,0.07,-0.0007,0.065,0.0,-0.027,-3.91,-3.237,158.08,12.14,25.43,1,0.464,-44.11,69.05,0.0,0,5,0.0665,0.0646,0.0665,0.0628
146.733,1,0.861,-0.25,0.22,5,65.4,21.02,0.07,-0.0004,0.064,0.0,-0.018,-3.912,-3.236,157.96,12.14,25.43,1,0.464,-44.11,69.05,0.0,0,5,0.0648,0.0611,0.0685,0.0629
146.765,1,0.857,-0.25,0.21,5,65.0,20.81,0.07,-0.0011,0.064,0.0,-0.024,-3.915,-3.235,157.96,12.14,25.43,1,0.464,-44.11,69.05,0.0,0,5,0.0629,0.061,0.0666,0.0647
146.798,1,0.861,0.0,0.23,5,65.6,21.02,0.07,-0.001,0.064,-0.0,-0.005,-3.917,-3.234,157.91,12.14,25.43,1,0.395,-54.77,66.81,0.0,0,5,0.0648,0.0629,0.0611,0.0629
146.831,1,0.863,-0.25,-0.07,5,65.8,20.46,0.07,-0.0046,0.064,-0.002,0.009,-3.918,-3.234,157.96,12.14,25.43,1,0.395,-54.77,66.81,0.0,0,5,0.0683,0.0665,0.0572,0.0628
146.866,1,0.865,0.0,-0.13,5,66.2,20.96,0.07,0.0039,0.066,-0.001,0.036,-3.921,-3.233,158.02,12.14,25.43,1,0.395,-54.77,66.81,0.0,0,5,0.0683,0.0683,0.0609,0.0665
146.897,1,0.883,0.25,-0.21,5,68.2,21.02,0.07,0.0019,0.068,0.0,0.027,-3.922,-3.232,158.02,12.14,26.79,1,0.443,-54.77,67.33,0.0,0,5,0.0646,0.0702,0.0665,0.0702
146.933,1,0.889,0.25,-0.21,5,68.4,21.02,0.07,0.0005,0.068,0.0,0.026,-3.924,-3.231,158.08,12.14,26.79,1,0.443,-54.77,67.33,0.0,0,5,0.0608,0.07,0.0663,0.0737
146.964,1,0.89,0.25,0.46,5,68.1,20.57,0.07,0.0007,0.069,0.002,-0.015,-3.927,-3.23,158.08,12.14,26.79,1,0.443,-54.77,67.33,0.0,0,5,0.0626,0.0755,0.0663,0.07
146.996,1,0.885,0.5,-0.04,5,67.2,20.56,0.07,-0.0108,0.068,0.002,0.033,-3.928,-3.23,158.08,12.14,26.79,1,0.443,-54.77,67.33,0.0,0,5,0.0663,0.0737,0.0663,0.0663
147.032,1,0.88,0.25,-0.22,5,66.8,21.02,0.07,-0.0049,0.07,0.003,0.013,-3.931,-3.229,158.14,12.14,26.79,1,0.443,-54.77,67.33,0.0,0,5,0.0721,0.0758,0.0702,0.061
147.067,1,0.891,0.25,-0.06,5,67.9,20.56,0.07,0.0016,0.071,0.0,-0.016,-3.934,-3.228,158.08,12.14,26.79,1,0.443,-54.77,67.33,0.0,0,5,0.0787,0.0714,0.0714,0.0623
147.095,1,0.875,0.25,-0.22,5,66.5,21.02,0.07,-0.0011,0.071,-0.001,-0.027,-3.935,-3.227,158.08,12.14,29.93,1,0.428,-55.25,68.71,0.0,0,5,0.0787,0.0695,0.0714,0.0659
147.131,1,0.869,0.25,-0.22,5,65.9,21.02,0.07,0.0016,0.072,-0.002,-0.033,-3.938,-3.226,157.96,12.14,29.93,1,0.428,-55.25,68.71,0.0,0,5,0.0781,0.0654,0.0744,0.0708
147.164,1,0.87,0.25,-0.22,5,66.0,21.02,0.07,0.0016,0.068,-0.001,-0.008,-3.94,-3.225,157.96,12.14,29.93,1,0.428,-55.25,68.71,0.0,0,5,0.0697,0.0624,0.0715,0.0679
147.194,1,0.869,0.25,-0.49,5,65.8,21.02,0.07,0.0016,0.066,-0.0,-0.027,-3.941,-3.225,157.91,12.14,29.93,1,0.417,-50.41,68.58,0.0,0,5,0.0678,0.0642,0.0678,0.066
147.233,1,0.865,0.25,-0.34,5,65.4,20.57,0.07,0.0063,0.063,-0.001,0.029,-3.944,-3.224,157.96,12.14,29.93,1,0.406,-48.47,67.6,0.0,0,5,0.0648,0.0629,0.0611,0.0629
147.264,1,0.87,0.5,-0.15,5,65.8,20.56,0.07,0.0036,0.065,-0.001,0.048,-3.946,-3.223,158.08,12.14,29.93,1,0.406,-48.47,67.6,0.0,0,5,0.0611,0.0666,0.0611,0.0722
147.297,1,0.864,0.75,-0.09,5,65.8,21.02,0.07,-0.0025,0.066,-0.0,0.055,-3.948,-3.222,158.14,12.14,29.93,1,0.426,-44.11,68.06,0.0,0,5,0.059,0.0664,0.0646,0.0738
147.332,1,0.865,0.75,-0.09,5,65.9,21.02,0.07,-0.0062,0.067,0.001,0.025,-3.95,-3.221,158.19,12.14,33.2,1,0.426,-44.11,68.06,0.0,0,5,0.0553,0.0718,0.0645,0.0774
147.365,1,0.863,0.5,0.01,5,65.7,20.81,0.07,-0.006,0.066,0.003,0.006,-3.953,-3.22,158.19,12.14,33.2,1,0.426,-44.11,68.06,0.0,0,5,0.057,0.0718,0.0662,0.0699
147.394,1,0.857,0.75,-0.21,5,65.3,20.81,0.07,-0.0046,0.068,0.004,-0.008,-3.954,-3.22,158.19,12.14,33.2,1,0.422,-41.2,66.8,0.0,0,5,0.0609,0.0757,0.0683,0.0665
147.431,1,0.861,0.25,0.34,5,65.4,21.02,0.07,-0.0037,0.07,0.003,-0.026,-3.957,-3.219,158.14,12.14,33.2,1,0.422,-41.2,66.8,0.0,0,5,0.0721,0.0721,0.074,0.0629
147.468,1,0.86,0.25,0.06,5,64.8,20.46,0.07,-0.007,0.074,0.0,-0.039,-3.959,-3.218,158.08,12.14,33.2,1,0.422,-41.2,66.8,0.0,0,5,0.0815,0.0704,0.0778,0.0648
147.495,1,0.87,0.25,-0.34,5,66.2,20.81,0.07,-0.0025,0.073,-0.001,-0.029,-3.961,-3.217,158.02,12.14,33.2,1,0.442,-39.26,63.77,0.0,0,5,0.0815,0.0667,0.0759,0.0667
147.529,1,0.88,0.0,-0.28,5,66.8,20.44,0.07,0.0042,0.071,-0.001,-0.042,-3.963,-3.216,157.96,12.14,36.85,1,0.487,-37.81,63.74,0.0,0,5,0.0758,0.0649,0.074,0.0686
147.564,1,0.884,-0.25,-0.06,5,67.0,20.46,0.07,0.0061,0.069,-0.002,-0.002,-3.965,-3.215,157.91,12.14,36.85,1,0.484,-36.84,63.62,0.0,0,5,0.0719,0.0611,0.0719,0.0701
147.597,1,0.882,-0.25,-0.06,5,66.8,20.46,0.07,0.0048,0.069,-0.001,-0.035,-3.967,-3.215,157.91,12.14,36.85,1,0.484,-36.84,63.62,0.0,0,5,0.0717,0.0646,0.0699,0.0681
147.629,1,0.889,-0.25,-0.06,5,67.8,20.46,0.07,0.0045,0.068,-0.003,-0.007,-3.969,-3.213,157.85,12.14,36.85,1,0.484,-36.84,63.62,0.0,0,5,0.0737,0.0645,0.0663,0.0682
147.663,1,0.89,0.0,-0.28,5,67.7,20.44,0.07,0.0041,0.069,-0.001,0.03,-3.972,-3.212,157.91,12.14,36.85,1,0.484,-36.84,63.62,0.0,0,5,0.0703,0.0703,0.0666,0.0703
147.693,1,0.887,0.25,-0.47,5,67.3,20.46,0.07,0.0046,0.07,-0.0,0.054,-3.973,-3.212,157.96,12.13,40.32,1,0.485,-31.02,61.69,0.0,0,5,0.0666,0.0703,0.0685,0.074
147.728,1,0.899,0.25,0.06,5,68.5,20.46,0.07,0.0049,0.071,0.003,0.006,-3.976,-3.211,158.02,12.13,40.32,1,0.533,-31.02,61.72,0.0,0,5,0.0592,0.0759,0.0722,0.0777
147.762,1,0.904,0.25,0.06,5,69.6,20.46,0.07,-0.004,0.071,0.003,-0.002,-3.978,-3.21,158.08,12.13,40.32,1,0.533,-31.02,61.72,0.0,0,5,0.0629,0.0777,0.0703,0.074
147.796,1,0.907,0.0,1.03,5,71.3,20.56,0.07,-0.0038,0.073,0.002,-0.035,-3.98,-3.209,158.02,12.13,40.32,1,0.533,-31.02,61.72,0.0,0,5,0.0666,0.0778,0.0722,0.074
147.83,1,0.879,-0.25,2.29,5,71.4,20.56,0.07,-0.0175,0.072,0.002,-0.013,-3.983,-3.208,158.02,12.13,40.32,1,0.533,-31.02,61.72,0.0,0,5,0.0759,0.0759,0.0722,0.0648
147.864,1,0.853,-0.25,2.71,5,71.7,20.56,0.07,-0.0364,0.073,0.001,-0.026,-3.985,-3.207,157.96,12.13,40.32,1,0.533,-31.02,61.72,0.0,0,5,0.0777,0.0722,0.0759,0.0648
147.893,1,0.826,-0.25,2.14,5,72.6,20.46,0.07,-0.0442,0.072,0.001,-0.04,-3.987,-3.207,157.91,12.13,40.32,1,0.523,-25.2,58.31,0.0,0,5,0.0776,0.0702,0.0758,0.0647
147.932,1,0.802,-0.5,1.38,5,73.3,20.44,0.07,-0.0347,0.073,-0.0,-0.038,-3.989,-3.206,157.79,12.13,44.66,1,0.523,-25.2,58.31,0.0,0,5,0.0758,0.0666,0.0777,0.0703
147.962,1,0.748,-0.75,-0.19,4,74.5,20.51,0.07,-0.0183,0.069,-0.002,-0.023,-3.992,-3.204,157.79,12.13,44.66,1,0.523,-25.2,58.31,0.0,0,5,0.0739,0.061,0.0739,0.0684
147.996,1,0.739,-0.5,0.65,4,73.7,20.56,0.07,0.0115,0.067,-0.003,-0.035,-3.993,-3.204,157.74,12.13,44.66,1,0.523,-25.2,58.31,0.0,0,5,0.074,0.0592,0.0684,0.0666
148.032,1,0.71,-0.5,2.62,4,72.9,20.56,0.07,-0.0067,0.065,-0.004,-0.017,-3.995,-3.203,157.68,12.13,44.66,1,0.523,-25.2,58.31,0.0,0,5,0.0721,0.0573,0.0647,0.0665
148.096,1,0.655,-0.25,4.37,4,73.5,20.25,0.07,-0.0411,0.069,0.001,0.026,-3.999,-3.201,157.79,12.13,44.66,1,0.595,-19.39,54.86,0.0,0,5,0.0666,0.0703,0.0703,0.0703
148.163,1,0.6,-0.5,3.33,4,72.7,20.3,0.07,-0.0745,0.072,0.002,0.008,-4.005,-3.199,157.79,12.13,45.0,1,0.643,-15.51,54.86,0.0,0,5,0.0703,0.0721,0.0758,0.0684
148.192,1,0.584,-0.5,6.64,4,72.4,21.13,0.07,-0.0533,0.071,0.002,0.01,-4.006,-3.199,157.79,12.13,45.0,1,0.65,-13.09,54.51,0.0,0,5,0.0739,0.0721,0.0739,0.0647
148.229,1,0.56,-1.0,12.55,4,72.3,23.08,0.07,-0.1111,0.073,0.003,-0.05,-4.009,-3.198,157.68,12.13,45.0,1,0.656,-11.63,54.75,0.0,0,5,0.0814,0.074,0.0777,0.0592
148.263,1,0.587,-1.5,27.44,5,71.4,21.42,0.07,-0.2081,0.074,-0.001,-0.08,-4.011,-3.196,157.51,12.13,45.0,1,0.656,-11.63,54.75,0.0,0,5,0.0869,0.0666,0.0795,0.0629
148.365,1,0.483,-3.49,36.35,4,69.4,23.95,0.07,-0.4242,0.068,-0.001,-0.217,-4.018,-3.194,156.7,12.13,45.0,1,0.648,-6.3,52.93,0.0,0,5,0.0942,0.0425,0.0905,0.0443
148.397,1,0.514,-4.99,41.32,4,69.1,26.11,0.07,-0.4242,0.067,0.0,-0.303,-4.019,-3.193,156.3,12.13,45.0,1,0.663,-4.85,52.21,0.0,0,5,0.1015,0.0332,0.1015,0.0332
148.429,1,0.526,-7.49,44.96,4,69.7,28.54,0.07,-0.4242,0.066,0.002,-0.408,-4.021,-3.192,155.39,12.13,45.0,1,0.663,-4.85,52.21,0.0,0,5,0.118,0.0091,0.127,0.0109
148.465,1,0.529,-9.48,47.44,4,69.2,29.83,0.07,-0.4242,0.068,0.0,-0.405,-4.024,-3.191,154.41,12.13,45.0,1,0.685,-5.82,49.61,0.0,0,5,0.1364,-0.0036,0.14,0.0
148.494,1,0.499,-11.48,48.69,4,69.2,31.56,0.07,-0.4242,0.069,-0.0,-0.375,-4.025,-3.19,153.95,12.13,45.0,1,0.685,-5.82,49.61,0.0,0,5,0.1407,-0.0036,0.1407,-0.0018
148.533,1,0.482,-12.98,50.36,4,68.9,30.97,0.07,-0.4242,0.072,-0.003,-0.452,-4.028,-3.189,153.04,12.13,45.0,1,0.685,-5.82,49.61,0.0,0,5,0.1505,0.0,0.1377,0.0
148.563,1,0.498,-15.22,50.59,4,68.0,30.68,0.07,-0.4242,0.069,-0.0,-0.386,-4.03,-3.188,152.18,12.13,45.0,1,0.712,-6.79,44.78,0.0,0,5,0.1413,0.0,0.1377,-0.0018
148.596,1,0.508,-17.97,51.4,4,68.3,30.97,0.07,-0.4242,0.069,0.0,-0.424,-4.031,-3.187,151.66,12.13,45.0,1,0.742,-7.27,43.06,0.0,0,5,0.1408,0.0,0.1389,-0.0019
148.693,1,0.204,2.11,48.62,3,64.9,30.59,0.07,-0.4242,0.067,0.004,-0.353,-4.038,-3.184,149.31,12.13,45.0,1,0.771,-10.66,36.63,0.0,0,5,0.1261,0.0,0.1428,0.0
148.792,1,0.528,-7.74,45.34,4,63.2,29.03,0.07,-0.4242,0.072,0.007,-0.401,-4.044,-3.181,147.14,12.14,45.0,1,0.814,-12.6,30.99,0.0,0,5,0.1315,0.013,0.1445,-0.0019
148.895,1,0.588,-5.99,43.72,4,61.1,27.89,0.07,-0.4242,0.068,0.0,-0.414,-4.05,-3.177,144.84,12.14,45.0,1,0.862,-15.51,22.26,0.0,0,5,0.1353,0.0,0.1372,0.0
148.962,1,0.586,-4.49,42.44,4,60.2,27.43,0.07,-0.4242,0.07,0.002,-0.391,-4.054,-3.174,143.07,12.14,45.0,1,0.872,-16.96,16.21,0.0,0,5,0.1369,0.0019,0.1425,0.0
148.998,1,0.645,-4.74,41.59,5,62.6,26.45,0.07,-0.4242,0.069,0.0,-0.401,-4.056,-3.172,142.09,12.14,45.0,1,0.872,-16.96,16.21,0.0,0,5,0.1368,0.0018,0.1405,0.0
149.063,1,0.62,-4.49,37.82,5,65.1,26.9,0.07,-0.4242,0.068,-0.001,-0.417,-4.06,-3.169,140.72,12.14,45.0,1,0.887,-21.33,6.44,0.0,0,5,0.1388,-0.0019,0.1351,0.0
149.094,1,0.653,-3.49,36.9,5,65.1,26.37,0.07,-0.4242,0.068,0.0,-0.387,-4.061,-3.169,140.26,12.14,45.0,1,0.893,-22.78,3.27,0.0,0,5,0.1369,-0.0019,0.1388,0.0
149.195,1,0.676,-3.99,38.01,5,64.0,25.56,0.07,-0.4242,0.071,-0.001,-0.397,-4.066,-3.164,137.97,12.14,45.0,1,0.899,-26.17,-6.64,5.501,1,5,0.1443,0.0019,0.1369,0.0
149.228,1,0.714,-4.49,38.15,5,63.7,25.11,0.07,-0.4242,0.069,-0.001,-0.435,-4.068,-3.162,136.99,12.14,45.0,1,0.899,-26.17,-6.64,5.501,1,5,0.139,0.0,0.1353,0.0
149.294,1,0.734,-4.24,36.29,5,63.4,25.11,0.07,-0.4242,0.069,0.0,-0.413,-4.071,-3.159,135.56,12.14,45.0,1,0.909,-31.5,-17.6,0.0,0,5,0.1372,-0.0019,0.1409,0.0
149.33,1,0.763,-3.99,35.47,5,63.4,24.52,0.07,-0.4242,0.071,0.0,-0.405,-4.073,-3.157,134.65,12.14,45.0,1,0.908,-32.47,-21.96,0.0,0,5,0.1408,0.0,0.1426,0.0
149.362,1,0.77,-4.49,34.9,5,64.2,23.94,0.07,-0.4242,0.07,0.001,-0.41,-4.075,-3.155,133.73,12.14,45.0,1,0.915,-33.93,-22.8,0.0,0,5,0.139,0.0019,0.1409,0.0
149.394,1,0.753,-5.24,34.15,5,63.6,23.94,0.07,-0.4242,0.07,0.0,-0.394,-4.076,-3.154,133.27,12.14,45.0,1,0.915,-33.93,-22.8,0.0,0,5,0.1409,0.0019,0.139,0.0
149.462,1,0.722,-5.99,33.38,5,63.4,23.94,0.07,-0.4242,0.071,-0.0,-0.434,-4.08,-3.15,131.38,12.14,45.0,1,0.907,-39.26,-31.47,0.0,0,5,0.1425,0.0,0.1407,0.0
149.493,1,0.727,-6.24,32.51,5,63.6,23.46,0.07,-0.4242,0.072,-0.001,-0.408,-4.081,-3.149,130.86,12.14,45.0,1,0.911,-41.2,-34.15,0.0,0,5,0.1462,0.0,0.1407,0.0
149.593,1,0.729,-13.48,31.39,5,64.6,23.35,0.07,-0.4242,0.07,-0.001,-0.428,-4.085,-3.143,128.51,12.14,45.0,1,0.892,-47.01,-40.73,0.0,0,5,0.1425,0.0,0.1388,0.0
149.695,1,0.749,-11.98,27.74,5,65.9,22.19,0.0706,-0.4157,0.072,0.001,-0.377,-4.09,-3.138,126.17,12.14,45.0,1,0.865,-53.32,-47.54,0.0,0,5,0.1388,0.0,0.1462,0.0019
149.732,1,0.798,-10.98,26.87,5,66.1,22.19,0.0775,-0.3729,0.072,0.002,-0.377,-4.092,-3.135,125.25,12.13,42.72,1,0.847,-54.77,-48.94,0.0,0,5,0.1383,0.0037,0.1457,0.0018
149.793,1,0.782,-13.48,25.93,5,66.5,22.04,0.0921,-0.3709,0.072,0.001,-0.413,-4.094,-3.132,123.82,12.13,42.72,1,0.832,-54.77,-48.67,0.0,0,5,0.1395,0.0037,0.1413,0.0018
149.862,1,0.795,-14.97,23.69,5,66.5,21.6,0.0966,-0.326,0.08,-0.001,-0.347,-4.098,-3.126,121.93,12.13,42.72,1,0.855,-48.95,-46.49,0.0,0,5,0.1455,0.0074,0.1511,0.0166
149.894,1,0.81,-15.47,23.35,5,66.2,21.42,0.1072,-0.2712,0.083,0.003,-0.382,-4.099,-3.125,121.52,12.13,42.72,1,0.855,-48.95,-46.49,0.0,0,5,0.1462,0.0185,0.1536,0.0148
149.962,1,0.821,-15.22,21.48,5,66.3,21.1,0.1088,-0.2637,0.096,0.003,-0.277,-4.103,-3.118,120.15,12.13,30.72,1,0.84,-39.26,-38.19,0.0,0,5,0.1462,0.0463,0.1518,0.0407
149.993,1,0.82,-15.47,20.97,5,66.1,21.1,0.1178,-0.2644,0.099,-0.0,-0.271,-4.104,-3.116,119.81,12.13,30.72,1,0.84,-39.26,-38.19,0.0,0,5,0.1462,0.0481,0.1499,0.0518
150.093,1,0.802,-15.22,20.11,5,66.6,21.02,0.1202,-0.2612,0.116,0.003,-0.213,-4.109,-3.107,118.6,12.13,30.72,1,0.908,-26.66,-18.84,0.0,0,5,0.1557,0.0796,0.1575,0.0708
150.127,1,0.344,-10.02,19.58,4,66.5,21.06,0.1243,-0.2599,0.124,0.008,-0.201,-4.112,-3.102,118.03,12.14,17.22,1,0.906,-22.78,-18.67,0.0,0,5,0.1551,0.0967,0.1679,0.0766
150.163,1,0.81,-13.98,18.79,5,65.3,20.81,0.1216,-0.2699,0.124,0.003,-0.186,-4.114,-3.098,117.57,12.14,17.22,1,0.906,-22.78,-18.67,0.0,0,5,0.1614,0.0899,0.1633,0.0807
150.192,1,0.799,-14.23,18.49,5,64.3,20.81,0.1306,-0.2624,0.124,-0.003,-0.278,-4.115,-3.096,117.28,12.14,17.22,1,0.868,-14.06,2.23,2.718,1,5,0.1668,0.0825,0.1595,0.0862
150.227,1,0.8,-14.47,17.4,5,64.2,20.81,0.132,-0.2567,0.122,-0.011,-0.293,-4.117,-3.091,116.65,12.14,17.22,1,0.898,-13.09,0.62,3.347,1,5,0.1701,0.0684,0.1553,0.0961
150.26,1,0.797,-13.98,16.91,5,64.0,20.57,0.1372,-0.2433,0.127,-0.01,-0.197,-4.119,-3.086,116.2,12.14,17.22,1,0.82,-6.3,6.46,-0.008,1,5,0.1747,0.0699,0.1655,0.0993
150.29,1,0.801,-13.73,16.73,5,64.0,20.57,0.1395,-0.2443,0.128,-0.006,-0.293,-4.12,-3.084,115.91,12.14,17.22,1,0.873,-1.45,16.54,2.067,1,5,0.1711,0.0736,0.1693,0.0975
150.361,1,0.799,-13.98,15.42,5,63.7,20.57,0.104,-0.1693,0.136,-0.0,-0.227,-4.125,-3.074,114.65,12.14,6.72,1,0.887,4.85,27.04,0.0,0,5,0.1746,0.0901,0.1801,0.0974
150.396,1,0.79,-13.23,14.97,5,62.7,20.81,0.0913,-0.1432,0.139,0.001,-0.194,-4.126,-3.071,114.48,12.14,6.72,1,0.887,4.85,27.04,0.0,0,5,0.1764,0.0992,0.1819,0.0992
150.425,1,0.787,-12.23,14.53,5,62.2,20.57,0.0794,-0.1447,0.141,0.011,-0.141,-4.129,-3.066,114.19,12.14,6.72,1,0.873,11.15,34.06,0.0,0,5,0.1628,0.124,0.1795,0.0962
150.46,1,0.785,-11.73,14.4,5,61.8,20.46,0.07,-0.1479,0.136,0.013,-0.148,-4.132,-3.062,113.96,12.14,6.72,1,0.873,11.15,34.06,0.0,0,5,0.1482,0.1297,0.1686,0.0982
150.491,1,0.786,-10.98,13.94,5,61.6,20.56,0.07,-0.1499,0.132,0.01,-0.151,-4.133,-3.06,113.79,12.14,6.72,1,0.864,11.15,33.89,0.0,0,5,0.1426,0.1223,0.1612,0.1
150.56,1,0.78,-9.98,13.01,5,61.1,20.44,0.07,-0.1482,0.11,-0.0,-0.15,-4.136,-3.052,113.1,12.14,5.79,1,0.865,10.18,32.07,0.0,0,5,0.1332,0.0796,0.1388,0.087
150.594,1,0.783,-9.73,12.94,5,61.3,20.46,0.07,-0.1424,0.105,0.001,-0.084,-4.137,-3.05,112.99,12.14,5.79,1,0.867,9.69,29.78,0.0,0,5,0.1277,0.0778,0.1351,0.0796
150.625,1,0.791,-9.98,12.75,5,61.9,20.56,0.07,-0.1433,0.1,0.004,-0.124,-4.139,-3.046,112.7,12.14,5.79,1,0.864,7.76,27.79,0.0,0,5,0.1186,0.0853,0.1223,0.0741
150.663,1,0.777,-9.23,12.3,5,60.6,20.46,0.07,-0.1353,0.095,0.001,-0.056,-4.14,-3.043,112.59,12.14,5.79,1,0.865,5.33,23.23,0.0,0,5,0.1074,0.0834,0.1093,0.0797
150.692,1,0.773,-8.73,12.29,5,60.7,20.56,0.07,-0.1354,0.092,0.001,-0.052,-4.141,-3.041,112.53,12.14,5.79,1,0.865,5.33,23.23,0.0,0,5,0.1,0.0815,0.1055,0.0815
150.724,1,0.773,-8.49,12.62,5,61.0,20.56,0.07,-0.1407,0.088,0.002,-0.075,-4.142,-3.038,112.36,12.14,9.49,1,0.873,3.88,19.96,0.0,0,5,0.0926,0.0759,0.1037,0.0778
150.759,1,0.777,-8.24,12.28,5,61.4,20.44,0.07,-0.1476,0.084,0.004,-0.122,-4.144,-3.035,112.13,12.14,9.49,1,0.88,1.94,15.19,4.188,1,5,0.0982,0.076,0.1001,0.063
150.791,1,0.791,-7.99,11.82,5,61.9,20.2,0.07,-0.1434,0.082,0.004,-0.127,-4.144,-3.034,111.96,12.14,9.49,1,0.887,1.45,13.32,4.612,1,5,0.1,0.0759,0.0963,0.0556
150.826,1,0.808,-7.74,11.74,5,62.5,20.56,0.07,-0.1378,0.078,0.003,-0.024,-4.145,-3.031,111.78,12.14,9.49,1,0.861,-1.94,10.92,1.033,1,5,0.1017,0.074,0.0887,0.0481
150.861,1,0.811,-7.74,11.85,5,62.7,20.46,0.07,-0.1381,0.074,-0.0,-0.111,-4.146,-3.028,111.67,12.14,9.49,1,0.861,-1.94,10.92,1.033,1,5,0.0923,0.0609,0.0868,0.0554
150.892,1,0.803,-7.74,11.49,5,62.7,20.44,0.07,-0.1391,0.073,-0.002,-0.121,-4.147,-3.027,111.55,12.14,9.49,1,0.861,-1.94,10.92,1.033,1,5,0.0887,0.0536,0.0868,0.061
150.925,1,0.796,-8.24,11.35,5,62.4,20.46,0.07,-0.1323,0.068,-0.007,-0.152,-4.147,-3.025,111.21,12.14,12.84,1,0.861,-1.94,10.92,1.033,1,5,0.0833,0.037,0.0852,0.0666
150.96,1,0.791,-8.98,11.44,5,62.2,20.44,0.07,-0.1236,0.063,-0.009,-0.158,-4.148,-3.022,110.92,12.14,12.84,1,0.861,-1.94,10.92,1.033,1,5,0.0834,0.0296,0.0778,0.0593
150.99,1,0.79,-9.73,11.14,5,62.0,20.46,0.07,-0.1158,0.061,-0.008,-0.139,-4.148,-3.021,110.75,12.14,12.84,1,0.807,-14.06,-10.11,1.913,1,5,0.0852,0.0296,0.0759,0.0519
151.027,1,0.786,-9.98,10.55,5,61.6,20.2,0.07,-0.1024,0.061,-0.006,-0.136,-4.149,-3.019,110.47,12.14,12.84,1,0.914,-15.99,-16.89,-1.38,1,5,0.0887,0.0314,0.0777,0.0462
151.062,1,0.779,-10.48,10.43,5,61.3,20.2,0.07,-0.0906,0.063,-0.005,-0.115,-4.149,-3.016,110.18,12.14,12.84,1,0.914,-15.99,-16.89,-1.38,1,5,0.0905,0.0369,0.0794,0.0462
151.091,1,0.773,-10.98,10.03,5,60.9,20.44,0.07,-0.0839,0.064,-0.006,-0.131,-4.15,-3.015,110.01,12.14,12.84,1,0.914,-15.99,-16.89,-1.38,1,5,0.0923,0.0369,0.0794,0.048
151.126,1,0.764,-11.23,9.85,5,60.0,20.44,0.07,-0.0714,0.065,-0.005,-0.108,-4.151,-3.012,109.78,12.12,12.28,1,0.919,-17.93,-19.13,0.0,0,5,0.0905,0.0425,0.0776,0.0499
151.161,1,0.757,-10.98,9.76,5,59.0,20.2,0.07,-0.067,0.065,-0.002,-0.01,-4.152,-3.01,109.72,12.12,12.28,1,0.919,-17.93,-19.13,0.0,0,5,0.0832,0.0518,0.074,0.0499
151.192,1,0.738,-10.48,9.35,5,57.2,20.44,0.07,-0.0698,0.065,0.0,0.014,-4.152,-3.009,109.72,12.12,12.28,1,0.926,-17.93,-21.16,0.0,0,5,0.0777,0.0574,0.0722,0.0518
151.227,1,0.724,-9.98,9.34,5,55.8,20.2,0.07,-0.0692,0.064,0.004,-0.009,-4.153,-3.006,109.78,12.12,12.28,1,0.904,-15.03,-21.24,0.0,0,5,0.0648,0.0685,0.0685,0.0555
151.261,1,0.702,-9.73,9.55,5,53.8,20.44,0.07,-0.0749,0.066,0.002,-0.013,-4.154,-3.004,109.78,12.12,12.28,1,0.904,-15.03,-21.24,0.0,0,5,0.0648,0.0703,0.0666,0.0629
151.291,1,0.694,-9.73,9.53,5,53.0,20.46,0.07,-0.0808,0.066,0.001,-0.039,-4.154,-3.003,109.72,12.12,12.28,1,0.904,-15.03,-21.24,0.0,0,5,0.0666,0.0685,0.0666,0.0629
151.325,1,0.679,-9.73,9.4,5,51.6,20.46,0.07,-0.0802,0.065,-0.002,-0.072,-4.155,-3.0,109.55,12.12,8.63,1,0.87,-8.24,-4.26,0.701,1,5,0.074,0.0574,0.0685,0.0611
151.392,1,0.668,-10.23,8.99,5,50.6,20.46,0.07,-0.077,0.063,-0.004,-0.125,-4.156,-2.996,109.15,12.12,8.63,1,0.892,-5.33,-0.64,0.698,1,5,0.0795,0.0407,0.0777,0.0555
151.427,1,0.667,-10.73,8.74,5,50.5,20.44,0.07,-0.0635,0.063,-0.005,-0.129,-4.157,-2.994,108.86,12.12,8.63,1,0.902,-5.33,0.3,2.843,1,5,0.0851,0.0351,0.0814,0.0499
151.46,1,0.669,-11.23,8.49,5,50.6,20.46,0.07,-0.0538,0.063,-0.005,-0.124,-4.157,-2.992,108.58,12.12,8.63,1,0.902,-5.33,0.3,2.843,1,5,0.0904,0.035,0.0812,0.0461
151.492,1,0.665,-11.48,8.16,5,50.4,20.44,0.07,-0.0443,0.063,-0.005,-0.11,-4.158,-2.99,108.46,12.12,8.63,1,0.906,-7.27,-1.67,2.025,1,5,0.0932,0.0366,0.0786,0.0439
151.528,1,0.664,-11.73,8.5,5,50.3,20.46,0.07,-0.036,0.063,-0.006,-0.093,-4.158,-2.988,108.29,12.12,5.78,1,0.883,-4.85,-3.26,1.007,1,5,0.0932,0.0387,0.0756,0.044
151.559,1,0.675,-12.23,8.39,5,51.3,20.44,0.07,-0.0402,0.062,-0.006,-0.061,-4.159,-2.986,108.12,12.12,5.78,1,0.871,-2.42,5.86,0.103,1,5,0.0846,0.0423,0.0687,0.0511
151.592,1,0.686,-12.48,7.93,5,52.4,20.44,0.07,-0.0332,0.06,-0.006,-0.047,-4.159,-2.985,108.06,12.12,5.78,1,0.889,-3.39,6.91,3.486,1,5,0.0799,0.0409,0.0675,0.0533
151.632,1,0.697,-12.48,8.06,5,53.3,20.04,0.07,-0.0234,0.06,-0.006,-0.042,-4.159,-2.982,108.0,12.12,5.78,1,0.889,-3.39,6.91,3.486,1,5,0.0721,0.0443,0.0628,0.0591
151.658,1,0.706,-12.48,7.67,5,54.2,19.97,0.07,-0.0262,0.06,-0.004,-0.032,-4.16,-2.98,107.89,12.12,5.78,1,0.889,-4.36,4.53,0.511,1,5,0.0702,0.0443,0.0628,0.0573
151.691,1,0.71,-12.73,7.59,5,54.5,20.04,0.07,-0.0202,0.061,-0.004,-0.038,-4.16,-2.979,107.89,12.12,5.78,1,0.892,-4.36,4.38,2.163,1,5,0.0684,0.0518,0.0629,0.061
151.725,1,0.708,-12.23,7.18,5,54.6,20.44,0.07,-0.016,0.065,0.0,-0.002,-4.161,-2.976,107.83,12.11,5.78,1,0.891,-4.36,4.32,3.843,1,5,0.0666,0.0611,0.0685,0.0629
151.757,1,0.717,-11.98,7.4,5,55.3,20.2,0.07,-0.0154,0.069,0.002,-0.007,-4.162,-2.973,107.83,12.11,5.78,1,0.892,-4.36,4.39,2.172,1,5,0.0685,0.0685,0.074,0.0648
151.792,1,0.729,-11.73,7.31,5,56.3,20.44,0.07,-0.0221,0.071,0.004,-0.033,-4.163,-2.972,107.77,12.11,5.78,1,0.894,-3.88,3.58,2.514,1,5,0.0722,0.0722,0.0777,0.0629
151.827,1,0.738,-11.73,7.19,5,57.0,20.2,0.07,-0.0235,0.073,0.0,-0.082,-4.164,-2.969,107.66,12.11,5.78,1,0.894,-3.88,3.58,2.514,1,5,0.0814,0.0685,0.0777,0.0648
151.86,1,0.746,-11.98,7.13,5,57.7,20.44,0.07,-0.0209,0.072,-0.004,-0.066,-4.164,-2.966,107.49,12.11,5.78,1,0.894,-3.88,3.58,2.514,1,5,0.0851,0.0592,0.0777,0.0666
151.89,1,0.754,-12.23,6.94,5,58.6,20.04,0.07,-0.0165,0.07,-0.004,-0.047,-4.165,-2.965,107.37,12.11,5.78,1,0.892,-4.36,2.24,2.899,1,5,0.0851,0.0555,0.0759,0.0629
151.924,1,0.76,-12.23,7.06,5,59.2,20.46,0.07,-0.0102,0.067,-0.003,-0.034,-4.165,-2.963,107.31,12.11,6.63,1,0.896,-5.82,2.51,3.834,1,5,0.0777,0.0536,0.074,0.061
151.959,1,0.768,-12.23,6.67,5,59.7,20.44,0.07,-0.0125,0.065,-0.003,-0.009,-4.166,-2.96,107.26,12.11,6.63,1,0.896,-5.82,2.51,3.834,1,5,0.074,0.0555,0.0685,0.0611
151.99,1,0.776,-12.23,6.66,5,60.2,20.44,0.07,-0.0058,0.065,-0.004,0.013,-4.166,-2.959,107.26,12.11,6.63,1,0.896,-5.82,2.51,3.834,1,5,0.0703,0.0555,0.0666,0.0666
152.025,1,0.779,-11.98,6.46,5,60.6,20.0,0.07,-0.0059,0.064,-0.006,-0.003,-4.167,-2.956,107.26,12.11,6.63,1,0.89,-6.79,-2.15,1.581,1,5,0.0703,0.0537,0.0629,0.0685
152.057,1,0.774,-11.98,6.33,5,60.1,20.0,0.07,-0.0054,0.064,-0.004,-0.026,-4.168,-2.954,107.2,12.11,6.63,1,0.893,-6.79,-2.19,3.171,1,5,0.0685,0.0555,0.0629,0.0703
152.088,1,0.774,-11.98,6.46,5,60.0,20.0,0.07,-0.0032,0.065,-0.003,-0.043,-4.168,-2.953,107.2,12.11,6.63,1,0.895,-6.79,-2.19,3.178,1,5,0.0703,0.0573,0.0666,0.0666
152.127,1,0.772,-11.73,6.13,5,59.6,20.04,0.07,-0.0051,0.068,0.0,-0.018,-4.169,-2.95,107.14,12.11,7.36,1,0.895,-6.79,-2.19,3.178,1,5,0.0721,0.0647,0.0721,0.0647
152.157,1,0.772,-11.48,6.18,5,59.5,20.0,0.07,-0.0022,0.072,0.001,0.015,-4.17,-2.947,107.14,12.11,7.36,1,0.897,-6.79,-2.17,3.187,1,5,0.074,0.0703,0.0758,0.0684
152.191,1,0.766,-11.23,5.96,5,59.0,20.44,0.07,-0.0061,0.074,0.002,-0.011,-4.17,-2.946,107.14,12.11,7.36,1,0.89,-6.79,-2.18,3.166,1,5,0.0758,0.0739,0.0776,0.0684
152.224,1,0.765,-11.23,6.11,5,58.9,20.46,0.07,-0.0049,0.077,0.001,-0.025,-4.171,-2.943,107.03,12.11,7.36,1,0.89,-6.3,-2.96,1.897,1,5,0.0794,0.0776,0.0776,0.072
152.259,1,0.762,-10.98,5.64,5,58.5,20.2,0.07,-0.0068,0.077,-0.002,-0.067,-4.172,-2.94,106.91,12.11,7.36,1,0.895,-6.79,-2.18,3.183,1,5,0.0813,0.072,0.0776,0.0757
152.294,1,0.762,-10.98,5.76,5,58.4,20.04,0.07,-0.0011,0.073,-0.002,-0.032,-4.172,-2.938,106.86,12.11,7.36,1,0.895,-6.79,-2.18,3.183,1,5,0.0795,0.0684,0.074,0.0721
152.325,1,0.753,-10.98,5.74,5,57.8,20.2,0.07,-0.0028,0.07,-0.002,-0.013,-4.173,-2.936,106.8,12.11,7.73,1,0.896,-7.27,-3.04,0.718,1,5,0.0759,0.0611,0.074,0.0685
152.358,1,0.749,-10.98,5.63,5,57.5,20.44,0.07,-0.0022,0.067,-0.001,0.004,-4.174,-2.933,106.8,12.11,7.73,1,0.896,-7.27,-3.04,0.718,1,5,0.0703,0.0611,0.0703,0.0666
152.391,1,0.749,-10.73,5.41,5,57.6,20.04,0.07,0.0001,0.068,-0.001,-0.006,-4.174,-2.932,106.8,12.11,7.73,1,0.896,-7.27,-3.04,0.718,1,5,0.0684,0.061,0.0721,0.0703
152.423,1,0.752,-10.48,5.48,5,57.7,19.97,0.07,0.0008,0.066,-0.002,-0.01,-4.175,-2.929,106.8,12.11,7.73,1,0.902,-6.79,-4.51,-0.224,1,5,0.0664,0.0609,0.0683,0.0701
152.461,1,0.754,-10.23,5.42,5,58.2,20.44,0.07,-0.0028,0.067,-0.002,-0.009,-4.175,-2.927,106.8,12.11,7.73,1,0.902,-6.79,-4.51,-0.224,1,5,0.0702,0.0591,0.0702,0.0683
152.491,1,0.758,-9.98,5.34,5,58.6,20.0,0.07,-0.0043,0.067,-0.002,-0.02,-4.176,-2.925,106.74,12.11,7.73,1,0.902,-6.79,-4.51,-0.224,1,5,0.072,0.0609,0.0702,0.0665
152.524,1,0.76,-9.98,5.34,5,58.6,20.0,0.07,-0.0055,0.071,-0.001,-0.006,-4.177,-2.922,106.74,12.11,7.21,1,0.912,-6.3,-4.11,3.025,1,5,0.0758,0.0666,0.074,0.0684
152.559,1,0.761,-9.73,5.27,5,58.6,20.44,0.07,-0.0047,0.072,0.001,0.012,-4.178,-2.92,106.74,12.11,7.21,1,0.908,-6.3,-4.39,2.223,1,5,0.0759,0.0722,0.074,0.0648
152.591,1,0.765,-9.48,5.46,5,58.6,20.0,0.07,-0.006,0.071,0.003,-0.001,-4.178,-2.919,106.74,12.11,7.21,1,0.908,-6.3,-4.39,2.223,1,5,0.074,0.074,0.074,0.0629
152.623,1,0.767,-8.98,5.19,5,58.7,20.04,0.07,-0.0121,0.07,0.003,-0.033,-4.179,-2.916,106.74,12.11,7.21,1,0.907,-5.82,-3.75,0.64,1,5,0.0721,0.074,0.0721,0.0629
152.66,1,0.77,-8.98,5.45,5,58.6,20.04,0.07,-0.0124,0.071,0.0,-0.028,-4.18,-2.913,106.63,12.11,7.21,1,0.907,-5.82,-3.75,0.64,1,5,0.0721,0.0721,0.0703,0.0684
152.691,1,0.769,-8.98,5.18,5,58.5,20.0,0.07,-0.0161,0.07,-0.003,-0.039,-4.18,-2.912,106.63,12.11,7.21,1,0.907,-5.82,-3.75,0.64,1,5,0.0721,0.0666,0.0684,0.074
152.726,1,0.767,-8.98,4.77,5,58.3,20.0,0.07,-0.0109,0.067,-0.003,0.019,-4.181,-2.909,106.63,12.1,6.9,1,0.897,-5.82,-4.73,0.059,1,5,0.0682,0.0608,0.0682,0.0718
152.76,1,0.773,-8.98,5.17,5,58.7,20.0,0.07,-0.0034,0.064,-0.004,-0.021,-4.181,-2.907,106.63,12.1,6.9,1,0.897,-5.82,-4.73,0.059,1,5,0.0661,0.0569,0.068,0.0716
152.791,1,0.778,-8.98,4.77,5,59.1,20.0,0.07,-0.01,0.064,-0.002,0.001,-4.182,-2.905,106.63,12.1,6.9,1,0.897,-5.82,-4.73,0.059,1,5,0.0642,0.0587,0.0661,0.0679
152.827,1,0.785,-8.98,4.78,5,59.7,20.04,0.07,-0.0029,0.064,-0.004,-0.016,-4.182,-2.903,106.57,12.1,6.9,1,0.897,-5.82,-4.73,0.059,1,5,0.066,0.0569,0.0642,0.0697
152.857,1,0.788,-8.98,4.77,5,60.1,20.0,0.07,-0.0029,0.067,-0.003,-0.022,-4.183,-2.9,106.57,12.1,6.9,1,0.895,-5.82,-4.92,3.316,1,5,0.0712,0.0585,0.0694,0.0694
152.891,1,0.791,-8.98,5.17,5,60.5,20.0,0.07,-0.0027,0.069,-0.005,-0.009,-4.183,-2.899,106.57,12.1,6.9,1,0.892,-5.82,-5.2,2.471,1,5,0.0749,0.0603,0.0676,0.0713
152.925,1,0.786,-8.49,4.78,5,59.9,20.04,0.07,-0.0096,0.073,-0.005,-0.004,-4.184,-2.896,106.57,12.1,5.67,1,0.892,-5.82,-5.2,2.471,1,5,0.0844,0.066,0.0697,0.0715
152.96,1,0.785,-8.49,4.78,5,59.6,20.04,0.07,-0.0086,0.074,-0.003,0.019,-4.185,-2.893,106.57,12.1,5.67,1,0.895,-5.82,-4.73,0.032,1,5,0.0831,0.0738,0.0683,0.072
152.993,1,0.78,-7.99,4.48,5,59.2,20.2,0.07,-0.008,0.076,-0.002,-0.015,-4.185,-2.891,106.57,12.1,5.67,1,0.895,-5.82,-4.73,0.032,1,5,0.0813,0.0757,0.072,0.0739
153.025,1,0.781,-7.99,4.9,5,59.1,20.04,0.07,-0.0088,0.076,-0.001,-0.062,-4.186,-2.889,106.46,12.1,5.67,1,0.902,-5.33,-5.26,1.209,1,5,0.0769,0.0751,0.0734,0.0769
153.059,1,0.777,-7.99,4.48,5,58.8,20.2,0.07,-0.0153,0.073,-0.001,-0.043,-4.186,-2.886,106.34,12.1,5.67,1,0.905,-5.33,-5.25,1.212,1,5,0.0752,0.0716,0.0734,0.0734
153.09,1,0.774,-8.24,4.56,5,58.6,20.44,0.07,-0.0076,0.071,-0.0,-0.048,-4.187,-2.885,106.23,12.1,5.67,1,0.906,-5.82,-6.56,1.255,1,5,0.0751,0.0698,0.0716,0.068
153.124,1,0.777,-8.49,4.51,5,58.8,20.0,0.07,-0.0055,0.067,0.001,-0.025,-4.188,-2.882,106.17,12.09,5.15,1,0.915,-6.3,-6.41,-0.322,1,5,0.0702,0.0628,0.0739,0.0628
153.159,1,0.78,-8.49,4.36,5,59.2,20.04,0.07,-0.0015,0.066,-0.001,-0.014,-4.188,-2.88,106.11,12.09,5.15,1,0.915,-6.3,-6.41,-0.322,1,5,0.0683,0.0572,0.0738,0.0664
153.188,1,0.782,-8.49,4.11,5,59.4,20.44,0.07,0.0009,0.067,-0.002,-0.005,-4.189,-2.878,106.11,12.09,5.15,1,0.908,-6.79,-6.37,0.923,1,5,0.0683,0.0572,0.0738,0.0701
153.225,1,0.785,-8.49,4.23,5,59.6,20.2,0.07,0.0051,0.069,-0.005,-0.018,-4.189,-2.876,106.05,12.09,5.15,1,0.908,-6.79,-6.37,0.923,1,5,0.0739,0.0609,0.0683,0.0739
153.26,1,0.783,-8.49,4.1,5,59.4,20.44,0.07,0.0028,0.071,-0.004,0.023,-4.19,-2.873,106.11,12.09,5.15,1,0.895,-5.33,-7.71,-0.441,1,5,0.0758,0.0628,0.0702,0.0739
153.29,1,0.783,-7.99,4.08,5,59.3,20.04,0.07,0.0049,0.07,-0.004,0.001,-4.19,-2.871,106.11,12.09,5.15,1,0.895,-5.33,-7.71,-0.441,1,5,0.074,0.0629,0.0703,0.074
153.324,1,0.784,-7.99,4.23,5,59.3,20.44,0.07,-0.0009,0.073,-0.003,0.02,-4.191,-2.868,106.11,12.09,3.44,1,0.871,-1.45,2.73,1.056,1,5,0.0739,0.0665,0.0739,0.0776
153.358,1,0.789,-7.74,4.27,5,59.8,20.46,0.07,-0.0029,0.073,-0.0,-0.004,-4.192,-2.866,106.11,12.09,3.44,1,0.878,-1.45,1.84,3.119,1,5,0.0721,0.0684,0.0721,0.0777
153.393,1,0.792,-7.49,3.93,5,59.9,20.2,0.07,-0.0063,0.074,-0.001,-0.009,-4.192,-2.864,106.11,12.09,3.44,1,0.878,-1.45,1.84,3.119,1,5,0.0739,0.0758,0.0702,0.0776
153.424,1,0.794,-7.74,4.41,5,60.1,20.44,0.07,-0.0032,0.072,-0.001,-0.002,-4.193,-2.862,106.05,12.09,3.44,1,0.878,-1.45,1.84,3.119,1,5,0.072,0.0757,0.0646,0.0739
153.458,1,0.792,-7.24,4.14,5,60.1,20.46,0.0771,-0.0079,0.07,-0.003,0.018,-4.193,-2.859,106.05,12.09,3.44,1,0.878,-1.45,1.84,3.119,1,5,0.0739,0.0702,0.0646,0.072
153.494,1,0.796,-7.24,4.26,5,60.2,20.2,0.0911,-0.0089,0.07,-0.001,0.008,-4.194,-2.857,106.05,12.09,3.44,1,0.854,-0.97,0.24,4.014,1,5,0.0702,0.0702,0.0683,0.072
153.525,1,0.792,-6.99,3.93,5,60.2,20.56,0.098,-0.0106,0.07,0.001,0.023,-4.195,-2.855,106.11,12.09,3.89,1,0.845,-0.97,1.6,1.174,1,5,0.0666,0.0666,0.0758,0.0721
153.56,1,0.796,-6.74,3.99,5,60.5,20.46,0.1121,-0.0093,0.075,0.001,0.018,-4.196,-2.852,106.11,12.09,3.89,1,0.844,-0.97,1.37,0.274,1,5,0.0721,0.074,0.0777,0.0758
153.591,1,0.801,-6.74,4.27,5,60.8,20.04,0.1261,-0.0209,0.077,-0.001,-0.004,-4.196,-2.85,106.11,12.09,3.89,1,0.844,-0.97,1.37,0.274,1,5,0.0759,0.074,0.0777,0.0796
153.631,1,0.802,-6.49,4.05,5,60.9,20.44,0.1331,-0.0302,0.089,-0.001,-0.014,-4.197,-2.846,106.11,12.09,3.89,1,0.844,-0.97,1.37,0.274,1,5,0.0906,0.0887,0.0869,0.0906
153.657,1,0.801,-6.24,4.24,5,60.9,20.46,0.1322,-0.0279,0.096,0.0,-0.013,-4.198,-2.844,106.11,12.09,3.89,1,0.83,0.0,1.01,3.513,1,5,0.0979,0.0961,0.0961,0.0942
153.688,1,0.814,-6.24,4.12,5,61.8,20.0,0.1322,-0.0345,0.11,-0.0,-0.026,-4.199,-2.839,106.05,12.09,3.89,1,0.822,0.0,1.04,3.598,1,5,0.1128,0.1072,0.1128,0.1091
153.724,1,0.822,-6.24,4.39,5,62.3,20.04,0.1249,-0.0269,0.124,0.0,-0.124,-4.201,-2.834,105.88,12.09,4.98,1,0.801,0.0,0.9,3.804,1,5,0.1277,0.1222,0.1259,0.1203
153.759,1,0.829,-5.99,3.5,5,63.0,20.04,0.1249,-0.0318,0.132,-0.002,-0.035,-4.202,-2.829,105.77,12.09,4.98,1,0.801,0.0,0.9,3.804,1,5,0.1388,0.1277,0.1314,0.1295
153.79,1,0.825,-5.74,3.56,5,62.7,20.0,0.1249,-0.0168,0.136,0.0,0.007,-4.203,-2.826,105.71,12.09,4.98,1,0.801,0.0,0.9,3.804,1,5,0.1388,0.1332,0.1388,0.1314
153.823,1,0.813,-5.74,3.83,5,61.6,20.46,0.1249,-0.0209,0.137,-0.0,-0.049,-4.204,-2.821,105.71,12.09,4.98,1,0.801,0.0,0.9,3.804,1,5,0.1441,0.1293,0.1441,0.1312
153.86,1,0.798,-5.24,3.41,5,60.4,20.46,0.1249,-0.0256,0.137,0.0,-0.001,-4.206,-2.816,105.65,12.09,4.98,1,0.801,0.0,0.9,3.804,1,5,0.1433,0.1286,0.1469,0.1304
153.89,1,0.803,-4.99,3.47,5,60.9,20.56,0.1249,-0.0231,0.134,-0.0,0.029,-4.206,-2.813,105.65,12.09,4.98,1,0.801,0.0,0.9,3.804,1,5,0.142,0.1238,0.1438,0.1274
153.926,1,0.809,-4.49,3.32,5,61.7,20.56,0.1249,-0.0265,0.131,-0.0,-0.178,-4.208,-2.808,105.54,12.09,6.15,1,0.801,0.0,0.9,3.804,1,5,0.1347,0.1238,0.1365,0.1274
153.958,1,0.813,-4.74,3.14,5,61.8,20.56,0.1318,-0.0318,0.131,-0.001,-0.076,-4.208,-2.805,105.37,12.09,6.15,1,0.761,-0.97,-0.12,0.0,0,5,0.1355,0.1247,0.1355,0.1283
153.994,1,0.819,-4.74,3.42,5,62.2,20.44,0.1458,-0.0299,0.132,0.0,-0.012,-4.21,-2.8,105.31,12.09,6.15,1,0.761,-0.97,-0.12,0.0,0,5,0.1356,0.1264,0.1393,0.1283
154.028,1,0.822,-4.74,3.42,5,62.3,20.44,0.1527,-0.039,0.133,0.002,-0.055,-4.211,-2.796,105.25,12.09,6.15,1,0.747,-3.39,-1.19,0.0,0,5,0.134,0.1251,0.1447,0.1287
154.055,1,0.815,-4.49,3.19,5,61.9,20.44,0.1668,-0.0445,0.135,0.002,-0.037,-4.212,-2.793,105.2,12.09,6.15,1,0.794,-5.82,3.04,0.0,0,5,0.138,0.1255,0.1488,0.129
154.089,1,0.814,-4.24,2.97,5,61.7,20.46,0.1737,-0.0445,0.139,0.003,-0.007,-4.214,-2.788,105.2,12.09,6.15,1,0.794,-5.82,3.04,0.0,0,5,0.1436,0.1329,0.1508,0.1293
154.122,1,0.815,-4.24,3.0,5,62.3,20.46,0.1877,-0.0462,0.147,0.001,-0.066,-4.215,-2.782,105.08,12.1,6.57,1,0.795,-5.82,5.12,0.0,0,5,0.1562,0.1452,0.1525,0.136
154.159,1,0.81,-3.99,2.54,5,61.5,20.56,0.1923,-0.0479,0.16,0.002,-0.02,-4.217,-2.775,104.97,12.1,6.57,1,0.795,-5.82,5.12,0.0,0,5,0.1659,0.1567,0.1677,0.1512
154.192,1,0.788,-3.74,3.02,5,61.2,20.46,0.1915,-0.0371,0.171,0.002,0.024,-4.218,-2.771,104.97,12.1,6.57,1,0.795,-5.82,5.12,0.0,0,5,0.1751,0.1622,0.1825,0.1622
154.228,1,0.782,-3.24,2.57,5,61.0,20.46,0.1882,-0.0524,0.185,0.003,-0.042,-4.22,-2.764,104.85,12.1,6.57,1,0.795,-5.82,5.12,0.0,0,5,0.1886,0.1775,0.1978,0.1757
154.261,1,0.787,-2.99,2.62,5,60.5,20.56,0.1752,-0.0413,0.195,0.003,-0.061,-4.223,-2.756,104.74,12.1,6.57,1,0.775,-4.85,16.31,0.0,0,5,0.1997,0.1904,0.2052,0.1849
154.288,1,0.796,-2.99,2.78,5,61.0,20.56,0.1635,-0.0414,0.195,0.003,-0.109,-4.224,-2.752,104.62,12.1,6.57,1,0.775,-4.85,16.31,0.0,0,5,0.1998,0.1943,0.2017,0.185
154.325,1,0.791,-2.99,2.34,5,61.6,20.2,0.1424,-0.0367,0.197,0.004,-0.017,-4.226,-2.745,104.51,12.1,6.43,1,0.775,-4.85,16.31,0.0,0,5,0.2001,0.1926,0.2093,0.1871
154.357,1,0.806,-2.75,2.57,5,62.2,20.46,0.1297,-0.0223,0.199,0.003,-0.013,-4.227,-2.741,104.51,12.1,6.43,1,0.722,-4.85,31.53,0.0,0,5,0.2001,0.1908,0.213,0.1908
154.394,1,0.802,-2.99,2.79,5,62.8,20.56,0.1063,-0.0216,0.197,0.005,-0.062,-4.229,-2.733,104.39,12.1,6.43,1,0.722,-4.85,31.53,0.0,0,5,0.1963,0.1871,0.2167,0.1889
154.425,1,0.826,-2.99,2.77,5,63.7,20.56,0.0945,-0.0221,0.192,0.004,-0.05,-4.231,-2.726,104.28,12.1,6.43,1,0.72,-3.88,40.74,0.0,0,5,0.1906,0.1832,0.2091,0.185
154.455,1,0.827,-2.99,2.2,5,63.9,20.56,0.0702,-0.0217,0.188,0.006,-0.107,-4.232,-2.723,104.16,12.1,6.43,1,0.718,-3.88,46.96,0.0,0,5,0.1869,0.1813,0.2054,0.1776
154.49,1,0.83,-2.99,1.93,5,64.2,20.56,0.07,-0.0116,0.18,0.004,-0.048,-4.234,-2.716,103.99,12.1,6.43,1,0.718,-3.88,46.96,0.0,0,5,0.1826,0.1715,0.1955,0.1697
154.524,1,0.827,-2.99,1.95,5,64.0,20.0,0.07,-0.0068,0.171,0.001,-0.064,-4.235,-2.709,103.88,12.1,8.72,1,0.713,-4.85,52.22,0.0,0,5,0.1772,0.1606,0.1827,0.1624
154.557,1,0.828,-2.75,1.76,5,64.0,20.46,0.07,-0.0071,0.162,-0.002,-0.066,-4.236,-2.707,103.82,12.1,8.72,1,0.671,-8.24,56.18,0.0,0,5,0.1734,0.1512,0.1697,0.1549
154.593,1,0.837,-2.5,1.66,5,64.8,20.56,0.07,-0.0068,0.15,-0.001,-0.022,-4.237,-2.701,103.76,12.1,8.72,1,0.608,-10.18,56.44,0.0,0,5,0.1647,0.1425,0.1554,0.1388
154.624,1,0.837,-3.24,1.89,5,64.5,20.46,0.07,-0.0081,0.142,0.003,-0.161,-4.239,-2.696,103.53,12.1,8.72,1,0.608,-10.18,56.44,0.0,0,5,0.1545,0.1379,0.1508,0.1232
154.657,1,0.84,-3.99,1.45,5,64.3,20.57,0.07,-0.0026,0.138,0.003,-0.068,-4.24,-2.69,103.25,12.1,8.72,1,0.696,-15.99,59.48,0.0,0,5,0.1509,0.1362,0.1546,0.1214
154.689,1,0.842,-3.49,0.74,5,64.1,20.44,0.07,0.0141,0.136,0.002,-0.042,-4.241,-2.688,103.19,12.1,8.72,1,0.696,-15.99,59.48,0.0,0,5,0.1452,0.1213,0.1544,0.1231
154.724,1,0.843,-3.49,1.01,5,64.1,20.44,0.07,0.019,0.124,-0.0,-0.031,-4.242,-2.684,103.08,12.09,15.53,1,0.696,-15.99,59.48,0.0,0,5,0.133,0.1053,0.1422,0.1163
154.757,1,0.858,-3.74,0.96,5,65.4,20.44,0.07,0.0142,0.112,0.002,0.032,-4.243,-2.679,103.13,12.09,15.53,1,0.696,-15.99,59.48,0.0,0,5,0.1237,0.1015,0.1347,0.1107
154.791,1,0.863,-3.74,0.96,5,65.8,20.44,0.07,0.0179,0.106,0.005,-0.003,-4.244,-2.677,103.13,12.09,15.53,1,0.696,-15.99,59.48,0.0,0,5,0.1045,0.1027,0.1192,0.0972
154.823,1,0.868,-3.74,1.22,5,65.9,20.44,0.07,0.0177,0.098,0.005,0.002,-4.245,-2.674,103.13,12.09,15.53,1,0.696,-15.99,59.48,0.0,0,5,0.0934,0.1008,0.1063,0.0934
154.858,1,0.871,-3.74,1.22,5,66.1,20.46,0.07,0.0129,0.094,0.003,-0.002,-4.245,-2.67,103.13,12.09,15.53,1,0.696,-15.99,59.48,0.0,0,5,0.0917,0.1008,0.1008,0.0917
154.89,1,0.87,-3.49,0.88,5,66.2,20.57,0.07,0.0127,0.091,0.0,-0.003,-4.246,-2.669,103.13,12.09,15.53,1,0.561,-37.32,54.72,0.0,0,5,0.0924,0.0942,0.0887,0.0905
154.925,1,0.874,-3.24,1.19,5,66.5,20.46,0.07,0.0155,0.085,-0.003,-0.014,-4.246,-2.665,103.08,12.09,22.29,1,0.561,-37.32,54.72,0.0,0,5,0.0903,0.083,0.0811,0.0866
154.955,1,0.878,-3.24,1.19,5,66.7,20.44,0.07,0.0073,0.081,-0.005,-0.02,-4.246,-2.664,103.08,12.09,22.29,1,0.561,-37.32,54.72,0.0,0,5,0.0867,0.0775,0.0738,0.0848
154.992,1,0.874,-3.24,0.93,5,66.5,20.44,0.07,0.0077,0.068,-0.004,0.019,-4.247,-2.662,103.08,12.09,22.29,1,0.561,-37.32,54.72,0.0,0,5,0.0737,0.0682,0.059,0.07
155.026,1,0.886,-3.24,1.08,5,67.4,20.44,0.07,0.0123,0.057,-0.004,0.024,-4.247,-2.66,103.13,12.09,22.29,1,0.561,-37.32,54.72,0.0,0,5,0.0591,0.061,0.0462,0.0628
155.059,1,0.89,-2.99,0.86,5,67.8,20.44,0.07,0.0099,0.049,-0.0,0.065,-4.248,-2.658,103.25,12.09,22.29,1,0.561,-37.32,54.72,0.0,0,5,0.0499,0.0554,0.0443,0.0572
155.089,1,0.892,-2.75,0.94,5,68.2,20.46,0.07,0.0108,0.045,-0.0,0.034,-4.248,-2.657,103.25,12.09,22.29,1,0.561,-37.32,54.72,0.0,0,5,0.0351,0.0481,0.0425,0.0555
155.126,1,0.895,-2.5,0.98,5,68.7,20.44,0.07,0.0066,0.036,0.003,0.048,-4.248,-2.656,103.36,12.12,27.9,1,0.561,-37.32,54.72,0.0,0,5,0.0222,0.0425,0.0351,0.0444
155.155,1,0.898,-2.25,1.33,5,68.9,20.44,0.07,0.0036,0.034,0.002,0.048,-4.248,-2.656,103.42,12.12,27.9,1,0.629,-53.32,46.58,0.0,0,5,0.0203,0.0407,0.0314,0.0425
155.189,1,0.896,-2.25,1.33,5,69.0,20.44,0.07,-0.0053,0.028,0.003,0.038,-4.249,-2.655,103.53,12.12,27.9,1,0.724,-53.32,46.78,0.0,0,5,0.0129,0.0369,0.0258,0.0369
155.223,1,0.896,-1.75,1.19,5,69.1,20.56,0.07,-0.0045,0.024,0.003,0.058,-4.249,-2.654,103.65,12.12,27.9,1,0.724,-53.32,46.78,0.0,0,5,0.0092,0.0333,0.0222,0.0333
155.257,1,0.894,-1.25,0.92,5,69.0,20.46,0.07,-0.0074,0.021,0.002,0.092,-4.249,-2.653,103.82,12.12,27.9,1,0.761,-54.29,44.07,0.0,0,5,0.0092,0.0349,0.0184,0.0312
155.323,1,0.896,-0.75,1.71,5,69.4,20.44,0.07,-0.0071,0.021,-0.0,0.066,-4.25,-2.652,104.11,12.12,31.84,1,0.729,-54.77,41.22,0.0,0,5,0.0128,0.0366,0.0055,0.0293
155.358,1,0.897,-0.25,1.83,5,69.6,20.44,0.07,-0.0259,0.021,-0.0,0.066,-4.25,-2.652,104.11,12.12,31.84,1,0.732,-53.8,40.44,0.0,0,5,0.0128,0.0366,0.0055,0.0293
155.389,1,0.894,0.25,1.96,5,69.5,20.44,0.07,-0.0338,0.022,0.003,0.058,-4.25,-2.651,104.28,12.12,31.84,1,0.747,-52.83,41.35,0.0,0,5,0.0073,0.0386,0.0129,0.0312
155.426,1,0.896,0.25,1.96,5,69.6,20.44,0.07,-0.0404,0.027,0.002,-0.001,-4.25,-2.65,104.28,12.12,31.84,1,0.747,-52.83,41.35,0.0,0,5,0.0147,0.0404,0.0184,0.0349
155.457,1,0.896,0.0,2.3,5,69.5,20.2,0.07,-0.0389,0.03,0.003,0.012,-4.251,-2.649,104.28,12.12,31.84,1,0.747,-52.83,41.35,0.0,0,5,0.0221,0.0404,0.0257,0.0312
155.525,1,0.895,0.0,2.29,5,69.3,20.2,0.07,-0.0408,0.036,0.0,-0.037,-4.251,-2.646,104.22,12.12,34.0,1,0.766,-53.8,36.25,0.0,0,5,0.037,0.0315,0.0407,0.0333
155.556,1,0.893,0.0,2.41,5,69.0,20.44,0.07,-0.0405,0.038,-0.0,-0.021,-4.252,-2.645,104.16,12.12,34.0,1,0.756,-53.32,36.1,0.0,0,5,0.038,0.0326,0.0416,0.038
155.59,1,0.883,0.0,2.01,5,68.3,20.57,0.07,-0.0425,0.041,0.0,-0.016,-4.252,-2.644,104.05,12.12,34.0,1,0.756,-53.32,36.1,0.0,0,5,0.0434,0.0361,0.047,0.038
155.653,1,0.874,-0.5,1.88,5,67.4,20.57,0.07,-0.0352,0.045,-0.002,-0.046,-4.253,-2.641,103.93,12.12,34.0,1,0.775,-51.86,35.8,0.0,0,5,0.0555,0.037,0.0499,0.0388
155.727,1,0.872,-0.5,1.48,5,66.9,20.44,0.07,-0.0273,0.049,-0.002,-0.026,-4.253,-2.637,103.82,12.14,33.69,1,0.775,-49.92,34.84,0.0,0,5,0.0554,0.0443,0.0498,0.048
155.754,1,0.876,-0.75,1.7,5,67.2,20.44,0.07,-0.0207,0.05,-0.001,-0.024,-4.254,-2.636,103.76,12.14,33.69,1,0.792,-48.95,35.12,0.0,0,5,0.0572,0.048,0.0498,0.0461
155.79,1,0.879,-0.75,1.71,5,67.6,20.44,0.07,-0.0216,0.049,0.0,-0.004,-4.254,-2.634,103.76,12.14,33.69,1,0.792,-48.95,35.12,0.0,0,5,0.0516,0.0498,0.0479,0.0461
155.823,1,0.882,-0.5,1.48,5,68.0,20.44,0.07,-0.0221,0.051,0.0,0.008,-4.255,-2.632,103.71,12.14,33.69,1,0.787,-47.01,33.83,0.0,0,5,0.0536,0.0499,0.0536,0.048
155.853,1,0.886,-0.5,1.49,5,68.5,20.56,0.07,-0.0215,0.052,0.0,-0.01,-4.255,-2.631,103.71,12.14,33.69,1,0.797,-46.05,34.16,0.0,0,5,0.0517,0.048,0.0554,0.0517
155.922,1,0.895,-0.25,1.28,5,69.3,20.2,0.07,-0.0216,0.054,-0.001,0.043,-4.256,-2.627,103.76,12.14,33.04,1,0.801,-44.11,34.3,0.0,0,5,0.0555,0.0481,0.0573,0.0555
155.953,1,0.895,-0.25,1.55,5,69.3,20.04,0.07,-0.0209,0.055,0.001,0.048,-4.256,-2.626,103.82,12.14,33.04,1,0.805,-42.17,34.32,0.0,0,5,0.0536,0.0518,0.0592,0.0536
155.994,1,0.893,-0.25,1.56,5,69.1,20.46,0.07,-0.0252,0.055,0.001,0.003,-4.257,-2.623,103.82,12.14,33.04,1,0.805,-42.17,34.32,0.0,0,5,0.0537,0.0537,0.0592,0.0537
156.026,1,0.888,-0.25,1.66,5,68.6,20.46,0.07,-0.0254,0.058,0.003,-0.011,-4.257,-2.621,103.76,12.14,33.04,1,0.801,-40.23,34.47,0.0,0,5,0.0555,0.0611,0.0611,0.0555
156.056,1,0.884,-0.25,1.66,5,68.2,20.46,0.07,-0.027,0.06,0.0,-0.027,-4.258,-2.62,103.71,12.14,33.04,1,0.801,-40.23,34.47,0.0,0,5,0.0611,0.0592,0.0611,0.0574
156.088,1,0.877,-0.5,1.23,5,67.7,20.56,0.07,-0.027,0.06,0.0,-0.06,-4.258,-2.617,103.59,12.14,33.04,1,0.797,-38.29,33.56,0.0,0,5,0.0641,0.055,0.0641,0.055
156.123,1,0.873,-0.75,1.43,5,67.2,20.0,0.07,-0.0164,0.06,-0.0,-0.058,-4.259,-2.615,103.48,12.16,32.71,1,0.808,-37.32,33.44,0.0,0,5,0.066,0.0513,0.0678,0.0532
156.155,1,0.876,-1.0,1.38,5,67.3,20.56,0.07,-0.0172,0.058,-0.0,-0.035,-4.259,-2.614,103.42,12.16,32.71,1,0.81,-36.35,32.82,0.0,0,5,0.0642,0.0495,0.066,0.0514
156.189,1,0.879,-1.0,1.1,5,67.5,20.56,0.07,-0.0134,0.058,0.0,-0.036,-4.26,-2.612,103.36,12.16,32.71,1,0.81,-36.35,32.82,0.0,0,5,0.0649,0.0519,0.0649,0.0519
156.221,1,0.892,-1.0,1.1,5,68.9,20.44,0.07,-0.0092,0.058,-0.003,-0.013,-4.26,-2.609,103.3,12.16,32.71,1,0.806,-34.41,31.58,0.0,0,5,0.0656,0.0547,0.0547,0.0565
156.256,1,0.898,-1.0,1.1,5,69.7,20.44,0.07,-0.0095,0.06,-0.002,-0.005,-4.26,-2.608,103.3,12.16,32.71,1,0.812,-33.44,31.78,0.0,0,5,0.0656,0.0601,0.0565,0.0583
156.29,1,0.896,-0.75,1.64,5,70.1,20.46,0.07,-0.0096,0.061,-0.002,0.017,-4.261,-2.606,103.3,12.16,32.71,1,0.807,-32.47,31.75,0.0,0,5,0.0637,0.0601,0.0583,0.0619
156.322,1,0.891,-0.75,2.32,5,70.5,20.46,0.07,-0.0224,0.062,0.0,0.002,-4.261,-2.603,103.3,12.16,32.36,1,0.807,-31.02,31.97,0.0,0,5,0.0629,0.0629,0.0629,0.0611
156.355,1,0.874,-0.75,2.85,5,69.7,20.46,0.07,-0.0341,0.062,-0.0,0.011,-4.262,-2.602,103.3,12.16,32.36,1,0.807,-31.02,31.97,0.0,0,5,0.0611,0.0593,0.063,0.063
156.391,1,0.862,-0.75,3.56,5,69.4,20.46,0.07,-0.0432,0.061,0.0,-0.014,-4.262,-2.6,103.36,12.16,32.36,1,0.807,-31.02,31.97,0.0,0,5,0.0609,0.0591,0.0646,0.0609
156.427,1,0.842,-0.5,3.28,5,69.2,20.57,0.07,-0.0556,0.06,-0.0,0.005,-4.263,-2.597,103.36,12.16,32.36,1,0.806,-27.63,32.14,0.0,0,5,0.0628,0.0536,0.0665,0.0572
156.452,1,0.833,-1.0,4.12,5,69.4,20.57,0.07,-0.0536,0.06,0.001,-0.061,-4.263,-2.596,103.3,12.16,32.36,1,0.814,-25.69,31.91,0.0,0,5,0.0628,0.0554,0.0683,0.0554
156.488,1,0.846,-1.25,6.37,5,70.0,20.56,0.07,-0.0619,0.063,0.0,-0.049,-4.264,-2.594,103.19,12.16,32.36,1,0.812,-25.2,31.43,0.0,0,5,0.0722,0.0593,0.0685,0.0537
156.526,1,0.85,-1.5,7.79,5,70.2,20.96,0.07,-0.0985,0.068,0.0,-0.051,-4.264,-2.591,103.08,12.16,34.41,1,0.812,-25.2,31.43,0.0,0,5,0.0791,0.0626,0.0736,0.057
156.554,1,0.853,-2.0,10.09,5,70.7,20.96,0.07,-0.1209,0.069,-0.001,-0.098,-4.264,-2.59,102.96,12.16,34.41,1,0.826,-23.75,30.31,0.0,0,5,0.0836,0.0623,0.0729,0.0569
156.621,1,0.831,-2.5,13.4,5,71.4,20.96,0.07,-0.1561,0.064,-0.001,-0.097,-4.266,-2.585,102.5,12.16,34.41,1,0.842,-27.63,22.55,0.0,0,5,0.0787,0.0519,0.0751,0.0519
156.657,1,0.819,-2.75,15.48,5,71.3,20.57,0.07,-0.2088,0.065,0.0,-0.09,-4.266,-2.583,102.44,12.16,34.41,1,0.886,-29.57,19.8,0.0,0,5,0.0777,0.0499,0.0795,0.0518
156.721,1,0.807,-3.99,19.37,5,71.4,20.96,0.07,-0.2435,0.067,0.0,-0.121,-4.267,-2.578,101.87,12.18,41.6,1,0.878,-31.5,10.77,0.0,0,5,0.0867,0.0424,0.0923,0.048
156.755,1,0.824,-5.24,21.86,5,71.7,22.22,0.07,-0.2974,0.066,-0.002,-0.188,-4.267,-2.577,101.7,12.18,41.6,1,0.878,-31.5,10.77,0.0,0,5,0.0886,0.0369,0.0904,0.048
156.787,1,0.829,-6.74,23.79,5,71.8,23.35,0.07,-0.3262,0.065,-0.003,-0.192,-4.267,-2.574,101.24,12.18,41.6,1,0.878,-31.5,10.77,0.0,0,5,0.0942,0.0295,0.0942,0.0425
156.823,1,0.819,-8.24,25.46,5,71.5,23.35,0.07,-0.3452,0.066,-0.008,-0.287,-4.268,-2.571,100.61,12.18,41.6,1,0.878,-31.5,10.77,0.0,0,5,0.109,0.0185,0.0979,0.0388
156.852,1,0.797,-10.23,26.62,5,71.2,23.35,0.07,-0.3601,0.068,-0.007,-0.282,-4.268,-2.57,100.27,12.18,41.6,1,0.877,-42.17,-11.68,0.0,0,5,0.1183,0.0166,0.1053,0.0333
156.952,1,0.802,-15.72,29.84,5,71.7,23.26,0.07,-0.3662,0.069,-0.005,-0.372,-4.268,-2.563,98.26,12.18,45.0,1,0.95,-47.98,-25.89,0.0,0,5,0.1367,0.0055,0.1238,0.0111
156.988,1,0.813,-18.22,31.3,5,71.9,22.77,0.07,-0.3551,0.068,-0.001,-0.348,-4.269,-2.56,97.46,12.18,45.0,1,0.951,-49.92,-27.75,0.0,0,5,0.1356,0.0,0.1338,0.0037
157.054,1,0.801,-21.96,31.62,5,73.0,22.65,0.07,-0.3668,0.069,-0.001,-0.34,-4.269,-2.556,96.14,12.18,45.0,1,0.95,-53.8,-33.1,0.0,0,5,0.14,0.0,0.1364,0.0
157.089,1,0.821,-23.21,31.49,5,72.1,23.2,0.07,-0.3287,0.068,-0.003,-0.393,-4.269,-2.553,95.23,12.18,45.0,1,0.95,-53.8,-33.1,0.0,0,5,0.1421,0.0,0.1312,0.0
157.125,1,0.819,-24.46,31.54,5,70.9,22.78,0.07,-0.32,0.068,-0.002,-0.413,-4.269,-2.551,94.31,12.2,40.27,1,0.942,-55.74,-36.77,0.0,0,5,0.1414,0.0018,0.1304,0.0
157.154,1,0.785,-25.46,31.26,5,70.3,22.78,0.07,-0.3136,0.067,-0.001,-0.363,-4.27,-2.549,93.85,12.2,40.27,1,0.926,-56.71,-38.53,0.0,0,5,0.1358,0.0018,0.1303,0.0
157.191,1,0.781,-24.71,29.77,5,70.0,22.22,0.07,-0.2996,0.066,0.001,-0.353,-4.27,-2.547,92.99,12.2,40.27,1,0.918,-57.68,-40.0,0.0,0,5,0.1285,0.0018,0.1322,0.0
157.253,1,0.805,-25.46,27.63,5,69.1,22.68,0.07,-0.292,0.066,0.0,-0.347,-4.27,-2.543,91.79,12.2,40.27,1,0.927,-50.89,-33.58,0.0,0,5,0.1306,0.0018,0.1306,0.0
157.355,1,0.81,-26.2,25.83,5,68.2,21.67,0.07,-0.2504,0.065,0.004,-0.29,-4.27,-2.536,89.78,12.2,28.56,1,0.937,-41.2,-17.9,0.0,0,5,0.12,0.0111,0.1255,0.0018
157.425,1,0.808,-26.2,24.72,5,67.3,22.15,0.07,-0.2118,0.067,0.006,-0.274,-4.271,-2.531,88.58,12.2,28.56,1,0.927,-35.87,-11.44,7.602,1,5,0.1035,0.0259,0.122,0.0185
157.452,1,0.804,-26.2,24.14,5,66.5,22.15,0.07,-0.1936,0.069,0.006,-0.213,-4.271,-2.529,88.35,12.2,28.56,1,0.91,-31.02,-4.77,0.0,0,5,0.1036,0.0296,0.1203,0.0241
157.49,1,0.798,-25.46,23.48,5,65.9,21.67,0.07,-0.1843,0.07,0.004,-0.171,-4.271,-2.527,87.89,12.2,28.56,1,0.893,-27.14,4.67,0.0,0,5,0.1037,0.0315,0.1167,0.0278
157.552,1,0.803,-24.46,22.77,5,66.3,21.67,0.077,-0.1817,0.072,0.007,-0.176,-4.271,-2.522,87.26,12.2,18.32,1,0.877,-21.33,10.51,0.0,0,5,0.0984,0.0447,0.1127,0.0322
157.651,1,0.79,-22.71,21.65,5,65.9,21.46,0.1116,-0.189,0.073,0.01,-0.124,-4.272,-2.515,86.34,12.2,18.32,1,0.849,-15.99,19.36,0.0,0,5,0.0925,0.0574,0.1092,0.0333
157.72,1,0.798,-21.96,21.24,5,65.9,21.62,0.1169,-0.2049,0.086,0.004,-0.181,-4.272,-2.508,85.6,12.22,16.95,1,0.862,-15.99,18.99,0.0,0,5,0.1052,0.0591,0.1218,0.0591
157.755,1,0.797,-21.46,20.57,5,65.9,21.11,0.1189,-0.2104,0.09,0.003,-0.204,-4.272,-2.506,85.37,12.22,16.95,1,0.87,-16.48,16.89,0.0,0,5,0.1144,0.0609,0.1255,0.0591
157.789,1,0.779,-20.46,20.16,5,64.6,21.62,0.1221,-0.2124,0.103,0.004,-0.199,-4.271,-2.501,84.91,12.22,16.95,1,0.87,-16.48,16.89,0.0,0,5,0.131,0.0757,0.1384,0.0664
157.822,1,0.789,-19.47,19.74,5,66.9,21.11,0.1241,-0.2204,0.113,0.006,-0.182,-4.271,-2.497,84.45,12.22,16.95,1,0.864,-16.96,14.42,0.0,0,5,0.1441,0.0868,0.1497,0.0702
157.852,1,0.784,-18.72,19.33,5,66.2,21.11,0.126,-0.2269,0.117,0.006,-0.182,-4.271,-2.494,84.28,12.22,16.95,1,0.864,-16.96,14.42,0.0,0,5,0.144,0.0905,0.157,0.0776
157.953,1,0.765,-16.97,17.9,5,66.3,21.11,0.128,-0.2268,0.126,0.002,-0.233,-4.27,-2.482,83.08,12.22,16.59,1,0.872,-16.96,7.21,0.0,0,5,0.1628,0.0925,0.1647,0.0851
158.052,1,0.79,-15.22,16.8,5,70.6,20.81,0.1348,-0.2305,0.141,0.007,-0.264,-4.269,-2.467,81.82,12.22,16.59,1,0.884,-16.96,1.01,0.0,0,5,0.1726,0.1126,0.1835,0.0963
158.121,1,0.793,-13.73,15.6,5,71.3,21.42,0.14,-0.237,0.143,0.003,-0.181,-4.267,-2.456,80.79,12.23,14.49,1,0.885,-17.93,-3.18,0.0,0,5,0.1756,0.1079,0.1847,0.1042
158.153,1,0.805,-13.23,15.44,5,71.9,21.1,0.1457,-0.2381,0.146,0.004,-0.182,-4.267,-2.452,80.56,12.23,14.49,1,0.896,-17.93,-5.13,6.84,1,5,0.1756,0.1134,0.1866,0.1079
158.188,1,0.809,-12.73,14.91,5,72.6,20.81,0.1465,-0.2406,0.152,0.006,-0.19,-4.266,-2.446,80.1,12.23,14.49,1,0.896,-17.93,-5.13,6.84,1,5,0.1797,0.1228,0.1925,0.1137
158.221,1,0.798,-12.73,15.07,5,73.8,21.42,0.149,-0.2364,0.153,0.001,-0.238,-4.265,-2.44,79.64,12.23,14.49,1,0.866,-15.03,-1.43,5.714,1,5,0.1848,0.1183,0.1903,0.1183
158.252,1,0.801,-12.23,14.01,5,74.4,21.02,0.1483,-0.2363,0.152,-0.0,-0.24,-4.264,-2.437,79.35,12.23,14.49,1,0.866,-15.03,-1.43,5.714,1,5,0.1902,0.1163,0.1884,0.1145
158.289,1,0.796,-12.23,13.93,5,73.5,21.11,0.1533,-0.2265,0.154,-0.001,-0.236,-4.263,-2.431,78.9,12.23,14.49,1,0.866,-15.03,-1.43,5.714,1,5,0.196,0.1165,0.1886,0.1146
158.32,1,0.793,-11.73,13.04,5,72.2,20.81,0.1537,-0.2234,0.158,0.001,-0.277,-4.262,-2.425,78.32,12.23,12.75,1,0.848,-11.15,3.31,7.404,1,5,0.1944,0.1185,0.1999,0.1203
158.353,1,0.802,-11.73,12.71,5,72.3,20.81,0.1579,-0.2139,0.162,-0.001,-0.254,-4.261,-2.422,78.04,12.23,12.75,1,0.857,-12.12,1.15,5.25,1,5,0.1962,0.1166,0.2036,0.1296
158.386,1,0.808,-11.48,12.36,5,74.0,20.81,0.1595,-0.2079,0.161,-0.002,-0.219,-4.26,-2.415,77.58,12.23,12.75,1,0.857,-12.12,1.15,5.25,1,5,0.1962,0.1185,0.1981,0.1296
158.419,1,0.81,-10.73,11.43,5,74.9,20.81,0.1612,-0.2037,0.164,0.001,-0.165,-4.258,-2.409,77.23,12.23,12.75,1,0.857,-12.12,1.15,5.25,1,5,0.1999,0.1333,0.1981,0.1259
158.451,1,0.809,-10.73,11.79,5,74.7,20.56,0.1656,-0.1951,0.165,0.005,-0.19,-4.258,-2.405,77.01,12.23,12.75,1,0.857,-12.12,1.15,5.25,1,5,0.1981,0.1407,0.1981,0.1222
158.486,1,0.684,-10.73,10.69,4,75.8,21.1,0.1639,-0.2009,0.167,0.004,-0.199,-4.256,-2.399,76.55,12.23,12.75,1,0.86,-14.06,-5.1,3.816,1,5,0.1998,0.1406,0.2017,0.1277
158.521,1,0.808,-10.73,10.78,5,74.8,20.81,0.1691,-0.1792,0.168,0.0,-0.239,-4.255,-2.394,76.15,12.23,12.75,1,0.86,-14.06,-5.1,3.816,1,5,0.2017,0.1369,0.1998,0.1351
158.552,1,0.814,-10.23,10.09,5,75.7,21.1,0.1687,-0.1802,0.169,-0.003,-0.144,-4.254,-2.39,75.92,12.23,12.75,1,0.877,-15.03,-10.21,3.848,1,5,0.205,0.1331,0.1979,0.1385
158.618,1,0.793,-9.73,9.75,5,76.8,20.81,0.172,-0.1716,0.176,0.0,-0.161,-4.25,-2.376,75.23,12.23,12.75,1,0.875,-15.03,-12.19,1.338,1,5,0.2067,0.1438,0.2085,0.1456
158.652,1,0.805,-9.73,9.43,5,75.8,20.56,0.1736,-0.1699,0.179,0.0,-0.195,-4.249,-2.373,75.0,12.23,12.75,1,0.875,-15.03,-12.19,1.338,1,5,0.2107,0.1497,0.2088,0.1478
158.686,1,0.799,-9.23,8.83,5,76.6,20.2,0.1751,-0.1627,0.182,-0.002,-0.18,-4.247,-2.366,74.66,12.23,12.75,1,0.875,-15.03,-12.19,1.338,1,5,0.2183,0.1554,0.2054,0.1499
158.722,1,0.797,-9.23,8.78,5,75.7,20.2,0.178,-0.1551,0.184,-0.001,-0.218,-4.245,-2.358,74.2,12.25,10.69,1,0.875,-15.03,-12.19,1.338,1,5,0.2137,0.1547,0.21,0.1566
158.754,1,0.804,-9.23,8.25,5,74.4,20.56,0.1782,-0.153,0.183,-0.0,-0.182,-4.244,-2.355,73.97,12.25,10.69,1,0.875,-15.03,-12.19,1.338,1,5,0.2082,0.1511,0.2137,0.1584
158.818,1,0.805,-8.49,7.49,5,75.6,20.56,0.1807,-0.1405,0.188,0.003,-0.123,-4.24,-2.34,73.34,12.25,10.69,1,0.808,-6.79,-5.93,0.203,1,5,0.2125,0.1589,0.2217,0.1571
158.853,1,0.802,-8.49,7.59,5,74.0,20.56,0.1844,-0.1317,0.191,0.005,-0.165,-4.239,-2.336,73.17,12.25,10.69,1,0.855,-7.27,-1.55,2.057,1,5,0.2162,0.1682,0.2236,0.1552
158.887,1,0.797,-8.73,7.22,5,75.9,20.56,0.1839,-0.1334,0.193,0.004,-0.198,-4.237,-2.329,72.77,12.25,10.69,1,0.862,-8.24,-2.77,2.058,1,5,0.2163,0.1683,0.2256,0.1627
158.919,1,0.782,-8.49,6.62,5,77.6,20.81,0.1856,-0.1212,0.194,-0.001,-0.129,-4.234,-2.322,72.36,12.25,8.23,1,0.868,-9.21,-6.89,-0.471,1,5,0.22,0.1627,0.2237,0.1701
158.95,1,0.769,-8.73,6.87,5,77.7,20.81,0.1872,-0.1088,0.195,-0.003,-0.145,-4.233,-2.318,72.19,12.25,8.23,1,0.864,-7.27,-7.59,1.237,1,5,0.222,0.161,0.2239,0.1739
158.986,1,0.775,-8.98,6.81,5,76.8,20.44,0.1853,-0.1106,0.198,0.001,-0.094,-4.231,-2.31,71.91,12.25,8.23,1,0.868,-7.27,-4.48,-0.474,1,5,0.2239,0.1758,0.222,0.1702
159.023,1,0.779,-8.98,6.22,5,76.4,20.44,0.1862,-0.1067,0.2,0.001,-0.173,-4.228,-2.302,71.56,12.25,8.23,1,0.868,-7.27,-4.48,-0.474,1,5,0.2267,0.1806,0.2212,0.1714
159.053,1,0.652,-8.49,4.94,4,75.2,20.56,0.1869,-0.0912,0.199,-0.001,-0.169,-4.227,-2.299,71.39,12.25,8.23,1,0.868,-7.27,-4.48,-0.474,1,5,0.2248,0.1787,0.2155,0.175
159.086,1,0.777,-8.49,5.63,5,73.9,20.2,0.1748,-0.055,0.197,-0.003,-0.046,-4.224,-2.291,71.16,12.25,8.23,1,0.874,-8.24,-7.72,0.152,1,5,0.2174,0.1695,0.2174,0.1824
159.119,1,0.681,-8.49,5.61,4,73.4,20.58,0.1697,-0.069,0.196,0.001,-0.153,-4.222,-2.284,70.93,12.26,4.96,1,0.86,-7.76,-10.56,-2.161,1,5,0.2074,0.1725,0.2221,0.1836
159.15,1,0.681,-8.49,4.97,4,73.2,20.58,0.1722,-0.0701,0.197,0.003,-0.122,-4.221,-2.28,70.82,12.26,4.96,1,0.842,-5.33,-7.6,-0.39,1,5,0.2075,0.1763,0.2241,0.1818
159.185,1,0.69,-8.49,4.99,4,74.6,20.56,0.1721,-0.0533,0.198,0.0,-0.108,-4.218,-2.272,70.59,12.26,4.96,1,0.852,-4.36,-2.99,1.753,1,5,0.2184,0.1799,0.2166,0.178
159.218,1,0.699,-8.73,4.86,4,74.9,20.23,0.1735,-0.0543,0.195,-0.004,-0.115,-4.215,-2.265,70.3,12.26,4.96,1,0.852,-4.36,-2.99,1.753,1,5,0.2207,0.1729,0.2096,0.1784
159.25,1,0.683,-8.98,4.79,4,74.2,20.76,0.1749,-0.0487,0.193,-0.006,-0.091,-4.214,-2.262,70.19,12.26,4.96,1,0.848,-5.33,-4.58,1.079,1,5,0.217,0.1655,0.2078,0.1802
159.287,1,0.686,-8.49,3.98,4,74.3,20.76,0.1725,-0.0426,0.187,-0.007,-0.006,-4.211,-2.255,70.02,12.26,4.96,1,0.828,-3.39,-5.29,1.119,1,5,0.2039,0.1616,0.1984,0.1837
159.318,1,0.686,-8.49,4.6,4,74.6,20.29,0.1729,-0.0279,0.184,-0.002,-0.075,-4.208,-2.248,69.96,12.26,3.48,1,0.815,-0.97,1.24,1.768,1,5,0.1959,0.1737,0.1903,0.1774
159.351,1,0.677,-8.49,4.28,4,75.9,20.38,0.172,-0.0433,0.185,0.0,-0.03,-4.207,-2.244,69.9,12.26,3.48,1,0.833,-1.45,3.16,1.921,1,5,0.1923,0.1812,0.1886,0.1775
159.42,1,0.673,-7.74,4.15,4,73.0,20.33,0.1716,-0.0347,0.18,-0.006,-0.025,-4.202,-2.231,69.79,12.26,3.48,1,0.838,-1.45,0.62,1.779,1,5,0.188,0.1622,0.1862,0.1825
159.452,1,0.544,-7.49,4.22,3,75.4,20.57,0.171,-0.0398,0.177,-0.006,0.003,-4.201,-2.228,69.73,12.26,3.48,1,0.838,-1.45,0.62,1.779,1,5,0.1861,0.1621,0.1805,0.1787
159.488,1,0.583,-7.49,6.97,4,77.7,20.77,0.1591,-0.0382,0.177,-0.004,-0.039,-4.198,-2.221,69.67,12.26,3.48,1,0.824,-0.48,-0.1,-0.981,1,5,0.1849,0.1683,0.1775,0.1757
159.519,1,0.531,-7.49,4.22,3,77.6,20.57,0.1396,-0.0867,0.176,-0.0,-0.052,-4.196,-2.214,69.56,12.26,3.35,1,0.832,-1.45,0.25,1.14,1,5,0.1776,0.1702,0.1813,0.1758
159.551,1,0.539,-7.24,3.63,3,76.3,20.46,0.1497,-0.0316,0.176,-0.003,-0.036,-4.194,-2.211,69.5,12.26,3.35,1,0.83,-0.97,-0.6,1.557,1,5,0.1795,0.161,0.185,0.1795
159.586,1,0.68,-7.24,3.64,4,76.4,20.33,0.1509,-0.0212,0.168,-0.007,-0.02,-4.192,-2.205,69.39,12.26,3.35,1,0.828,-0.97,-0.25,2.237,1,5,0.1813,0.148,0.1739,0.1684
159.618,1,0.538,-6.99,3.78,3,77.9,20.57,0.1641,-0.0271,0.162,-0.003,-0.042,-4.19,-2.199,69.39,12.26,3.35,1,0.828,-0.97,-0.25,2.237,1,5,0.1795,0.1517,0.1665,0.1517
159.651,1,0.536,-7.24,3.65,3,77.6,20.46,0.1522,-0.0278,0.16,0.0,-0.054,-4.189,-2.196,69.33,12.26,3.35,1,0.835,-2.42,-3.51,2.633,1,5,0.1739,0.1573,0.1628,0.1443
159.685,1,0.539,-6.74,3.2,3,77.3,20.56,0.1504,-0.0201,0.159,0.003,-0.038,-4.186,-2.19,69.27,12.26,3.35,1,0.842,-2.42,-5.43,-1.746,1,5,0.1628,0.1591,0.1647,0.148
159.751,1,0.545,-6.74,3.2,3,77.1,20.56,0.1509,-0.015,0.157,-0.006,-0.067,-4.182,-2.182,69.16,12.26,3.77,1,0.832,-1.45,-2.29,0.945,1,5,0.1628,0.148,0.1536,0.1628
159.82,1,0.691,-6.24,3.19,4,76.8,20.51,0.1517,-0.0148,0.152,-0.003,0.016,-4.178,-2.17,69.33,12.26,3.77,1,0.823,-1.45,-3.26,-1.293,1,5,0.1592,0.1518,0.1444,0.1555
159.85,1,0.549,-6.24,3.32,3,77.7,20.56,0.1587,-0.0236,0.152,-0.002,-0.022,-4.177,-2.168,69.27,12.26,3.77,1,0.823,-1.45,-3.26,-1.293,1,5,0.152,0.1501,0.1483,0.1557
159.885,1,0.687,-5.74,3.32,4,78.7,20.51,0.1538,-0.024,0.152,-0.005,-0.001,-4.174,-2.162,69.27,12.26,3.77,1,0.846,-0.48,-3.03,-1.748,1,5,0.1499,0.1444,0.1499,0.1629
159.92,1,0.682,-5.74,3.63,4,78.9,20.56,0.1679,-0.0351,0.152,-0.009,-0.06,-4.172,-2.156,69.27,12.26,2.74,1,0.844,-0.48,-3.04,-1.749,1,5,0.1591,0.1443,0.1425,0.1628
159.954,1,0.67,-5.24,3.72,4,78.5,20.56,0.1723,-0.0442,0.152,-0.007,0.008,-4.171,-2.154,69.27,12.26,2.74,1,0.844,-0.48,-3.04,-1.749,1,5,0.1628,0.148,0.1406,0.1554
160.018,1,0.678,-5.49,3.7,4,78.4,20.56,0.1548,-0.0434,0.158,0.0,-0.054,-4.166,-2.142,69.16,12.26,2.74,1,0.82,5.33,6.63,-0.0,1,5,0.1612,0.1556,0.1612,0.1556
160.051,1,0.527,-5.49,2.87,3,79.3,20.57,0.1688,-0.0458,0.162,-0.0,-0.057,-4.165,-2.139,69.1,12.26,2.74,1,0.829,4.36,6.5,-1.107,1,5,0.1611,0.1536,0.1685,0.1629
160.121,1,0.675,-4.99,3.19,4,78.6,20.56,0.149,-0.0171,0.16,-0.005,-0.017,-4.16,-2.127,68.98,12.25,1.45,1,0.836,5.33,4.48,0.53,1,5,0.1717,0.1496,0.1607,0.157
160.15,1,0.668,-4.74,3.95,4,78.6,20.83,0.1559,-0.0336,0.159,-0.001,-0.008,-4.159,-2.124,68.98,12.25,1.45,1,0.835,5.33,5.2,0.402,1,5,0.17,0.1552,0.1608,0.1515
160.219,1,0.661,-4.74,3.99,4,78.8,20.56,0.1702,-0.0604,0.164,0.002,-0.045,-4.154,-2.111,68.75,12.25,1.45,1,0.837,4.85,4.96,-0.516,1,5,0.1627,0.1553,0.1757,0.1609
160.253,1,0.664,-4.99,3.82,4,78.2,20.77,0.1692,-0.0604,0.164,-0.002,-0.068,-4.153,-2.108,68.7,12.25,1.45,1,0.837,4.85,4.96,-0.516,1,5,0.1663,0.1515,0.1737,0.1663
160.283,1,0.671,-4.74,2.86,4,78.1,20.51,0.1696,-0.053,0.164,-0.006,0.032,-4.15,-2.102,68.64,12.25,1.45,1,0.834,3.39,1.71,-0.145,1,5,0.1765,0.1489,0.1673,0.1618
160.322,1,0.678,-4.24,2.74,4,78.4,20.56,0.1587,-0.0275,0.164,-0.002,-0.052,-4.148,-2.096,68.64,12.25,2.97,1,0.837,3.39,-1.03,-4.341,1,5,0.1731,0.1565,0.1675,0.1602
160.354,1,0.68,-4.24,2.99,4,78.1,20.51,0.1536,-0.0284,0.167,-0.001,-0.068,-4.147,-2.093,68.53,12.25,2.97,1,0.84,3.39,1.82,-1.764,1,5,0.175,0.1621,0.1695,0.1621
160.388,1,0.687,-3.99,2.42,4,77.1,20.89,0.1436,-0.0301,0.172,0.001,-0.017,-4.144,-2.086,68.47,12.25,2.97,1,0.839,3.39,0.42,-3.056,1,5,0.1722,0.1666,0.1796,0.1703
160.418,1,0.684,-3.74,2.15,4,76.9,20.69,0.1507,-0.0221,0.171,-0.0,-0.015,-4.142,-2.08,68.47,12.25,2.97,1,0.838,3.39,-0.06,-2.165,1,5,0.1721,0.1628,0.1813,0.1721
160.45,1,0.68,-3.49,2.46,4,77.7,20.69,0.1576,-0.0206,0.166,0.0,0.01,-4.141,-2.077,68.47,12.25,2.97,1,0.842,3.88,-0.09,-1.917,1,5,0.1664,0.1553,0.1775,0.1664
160.518,1,0.663,-3.49,2.46,4,78.2,20.69,0.1719,-0.0339,0.159,0.002,-0.08,-4.137,-2.068,68.3,12.25,1.05,1,0.842,4.36,-0.59,-0.774,1,5,0.1574,0.1611,0.1611,0.1555
160.548,1,0.665,-3.49,2.19,4,77.6,20.77,0.1694,-0.0329,0.16,0.0,-0.051,-4.135,-2.062,68.18,12.25,1.05,1,0.848,3.88,-1.56,-3.162,1,5,0.163,0.1593,0.1612,0.1556
160.584,1,0.625,-3.24,4.88,4,78.0,21.1,0.1455,-0.0188,0.163,-0.002,0.0,-4.132,-2.056,68.12,12.25,1.05,1,0.847,3.88,-1.56,-3.165,1,5,0.1741,0.1593,0.163,0.1556
160.618,1,0.648,-2.75,3.56,4,78.7,20.56,0.1409,-0.0795,0.161,-0.002,0.04,-4.13,-2.05,68.3,12.25,1.05,1,0.847,3.88,-1.56,-3.165,1,5,0.1721,0.1536,0.1647,0.1536
160.648,1,0.581,-2.75,8.06,4,78.7,22.22,0.1409,-0.0563,0.16,-0.001,-0.081,-4.129,-2.047,68.24,12.25,1.05,1,0.839,4.36,-1.79,-5.277,1,5,0.1664,0.1553,0.1627,0.1553
160.684,1,0.661,-2.99,2.27,4,78.8,21.03,0.1171,-0.1277,0.155,0.0,-0.103,-4.126,-2.042,67.9,12.25,1.05,1,0.843,4.36,-0.8,-4.791,1,5,0.1553,0.1479,0.1627,0.1553
160.718,1,0.688,-2.99,1.65,4,79.1,20.56,0.0928,-0.0131,0.153,-0.001,-0.038,-4.124,-2.036,67.78,12.23,2.79,1,0.843,4.36,-0.8,-4.791,1,5,0.1534,0.146,0.1626,0.1552
160.753,1,0.683,-2.99,1.96,4,78.7,20.69,0.0881,-0.0021,0.152,-0.0,-0.055,-4.123,-2.033,67.72,12.23,2.79,1,0.843,4.36,-0.8,-4.791,1,5,0.1584,0.14,0.164,0.1474
160.783,1,0.684,-3.24,1.89,4,78.7,20.51,0.0881,-0.0074,0.149,-0.001,-0.067,-4.121,-2.028,67.67,12.23,2.79,1,0.858,3.39,-3.26,-2.076,1,5,0.1604,0.1327,0.1641,0.1401
160.82,1,0.679,-3.74,2.08,4,80.0,20.56,0.0881,-0.0032,0.139,0.0,-0.064,-4.119,-2.023,67.55,12.23,2.79,1,0.858,3.39,-3.26,-2.076,1,5,0.1476,0.1273,0.1512,0.131
160.851,1,0.667,-3.74,1.77,4,78.8,20.51,0.0881,-0.0004,0.135,-0.0,-0.071,-4.118,-2.021,67.44,12.23,2.79,1,0.845,6.3,2.27,-1.687,1,5,0.1443,0.1221,0.1462,0.1258
160.884,1,0.68,-3.74,1.44,4,78.6,20.56,0.0881,0.0043,0.127,-0.0,-0.11,-4.116,-2.016,67.21,12.23,2.79,1,0.845,6.3,2.27,-1.687,1,5,0.1388,0.1184,0.1351,0.1147
160.919,1,0.679,-3.74,1.44,4,78.5,20.56,0.0881,0.0095,0.126,0.001,-0.075,-4.114,-2.011,67.04,12.23,-2.07,1,0.838,7.76,0.2,-4.716,1,5,0.1404,0.1183,0.1349,0.1127
160.949,1,0.675,-3.74,1.37,4,78.6,20.69,0.0881,0.0093,0.124,0.003,-0.086,-4.113,-2.009,66.92,12.23,-2.07,1,0.838,7.76,0.2,-4.716,1,5,0.1351,0.1166,0.1369,0.1073
160.986,1,0.678,-3.99,1.05,4,78.5,21.03,0.0881,0.0103,0.117,0.006,-0.04,-4.112,-2.005,66.86,12.23,-2.07,1,0.838,7.76,0.2,-4.716,1,5,0.122,0.1109,0.1368,0.0998
161.02,1,0.684,-3.99,0.74,4,79.0,20.56,0.0881,0.0186,0.108,0.007,-0.052,-4.11,-2.001,66.69,12.23,-2.07,1,0.856,7.27,8.88,3.316,1,5,0.1055,0.0981,0.1314,0.0963
161.049,1,0.676,-3.99,0.42,4,79.2,20.69,0.0881,0.0238,0.102,0.005,-0.029,-4.109,-1.999,66.69,12.23,-2.07,1,0.856,7.27,8.88,3.316,1,5,0.1018,0.0889,0.1259,0.0926
161.084,1,0.674,-4.24,0.6,4,78.3,20.69,0.0881,0.0291,0.095,0.003,-0.043,-4.108,-1.996,66.58,12.23,-2.07,1,0.842,10.66,16.38,0.554,1,5,0.0992,0.0827,0.1139,0.0845
161.119,1,0.67,-4.49,0.94,4,77.5,20.69,0.0881,0.0287,0.09,0.004,-0.105,-4.107,-1.993,66.41,12.22,-3.13,1,0.842,10.66,16.38,0.554,1,5,0.0992,0.0863,0.1065,0.0753
161.149,1,0.671,-4.49,0.23,4,77.3,20.89,0.0881,0.0258,0.089,0.004,-0.089,-4.106,-1.991,66.29,12.22,-3.13,1,0.842,10.66,16.38,0.554,1,5,0.1021,0.0929,0.0929,0.0692
161.185,1,0.675,-4.49,0.23,4,77.7,20.89,0.0881,0.0376,0.087,-0.001,-0.003,-4.105,-1.988,66.18,12.22,-3.13,1,0.857,9.21,13.76,0.138,1,5,0.1039,0.0875,0.0857,0.0729
161.217,1,0.676,-4.49,-0.02,4,77.7,21.03,0.0881,0.0372,0.086,-0.003,-0.043,-4.104,-1.986,66.12,12.22,-3.13,1,0.863,9.21,13.67,1.669,1,5,0.1002,0.082,0.0838,0.0765
161.251,1,0.67,-4.74,-0.09,4,77.4,20.95,0.0881,0.0412,0.081,-0.0,0.006,-4.103,-1.984,66.23,12.22,-3.13,1,0.863,9.21,13.67,1.669,1,5,0.0843,0.0733,0.0879,0.0788
161.283,1,0.665,-4.74,0.55,4,77.5,20.95,0.0881,0.0455,0.073,0.002,0.017,-4.102,-1.981,66.23,12.22,-3.13,1,0.863,9.21,13.67,1.669,1,5,0.0682,0.0719,0.0793,0.0738
161.318,1,0.665,-4.49,0.22,4,77.5,20.89,0.0881,0.0338,0.073,0.002,0.017,-4.102,-1.981,66.23,12.22,-0.97,1,0.863,9.21,13.67,1.669,1,5,0.0682,0.0719,0.0793,0.0738
161.35,1,0.67,-4.49,0.22,4,77.5,20.89,0.0881,0.0363,0.068,0.001,0.011,-4.101,-1.979,66.23,12.22,-0.97,1,0.857,6.3,8.14,2.419,1,5,0.064,0.0695,0.0695,0.0695
161.384,1,0.67,-4.49,0.22,4,77.4,20.89,0.0881,0.0364,0.064,0.001,0.007,-4.1,-1.976,66.29,12.22,-0.97,1,0.857,6.3,8.14,2.419,1,5,0.0604,0.0658,0.064,0.064
161.415,1,0.665,-4.24,-0.03,4,77.5,20.69,0.0881,0.0364,0.063,0.003,0.007,-4.099,-1.975,66.29,12.22,-0.97,1,0.861,6.3,7.82,0.0,1,5,0.0549,0.0677,0.064,0.064
161.454,1,0.664,-3.99,0.03,4,77.6,20.77,0.0881,0.0379,0.06,0.004,0.042,-4.099,-1.973,66.35,12.22,-0.97,1,0.861,6.3,7.82,0.0,1,5,0.0517,0.0646,0.0628,0.0609
161.485,1,0.664,-3.99,0.35,4,78.3,20.89,0.0881,0.034,0.06,0.002,0.008,-4.098,-1.971,66.41,12.22,-0.97,1,0.822,1.94,5.24,1.028,1,5,0.0572,0.0683,0.0572,0.0591
161.519,1,0.675,-3.74,0.11,4,78.0,20.69,0.0881,0.0288,0.064,-0.001,0.014,-4.096,-1.968,66.41,12.22,1.62,1,0.822,1.94,5.24,1.028,1,5,0.0666,0.0721,0.0536,0.0647
161.549,1,0.681,-3.74,0.11,4,78.6,20.69,0.0881,0.0301,0.066,-0.002,0.019,-4.096,-1.967,66.41,12.22,1.62,1,0.822,1.94,5.24,1.028,1,5,0.0684,0.0739,0.0536,0.0684
161.585,1,0.681,-3.74,0.42,4,77.8,20.51,0.0881,0.0307,0.067,-0.001,0.014,-4.095,-1.964,66.46,12.22,1.62,1,0.822,1.94,5.24,1.028,1,5,0.0665,0.0739,0.0573,0.0702
161.618,1,0.677,-3.49,0.48,4,77.3,20.89,0.0881,0.0257,0.068,0.0,0.038,-4.094,-1.962,66.52,12.22,1.62,1,0.855,0.48,-4.3,-1.918,1,5,0.0665,0.0758,0.0591,0.0702
161.65,1,0.682,-3.24,0.28,4,76.6,20.95,0.0881,0.0217,0.068,0.001,0.053,-4.093,-1.961,66.58,12.22,1.62,1,0.855,0.48,-4.3,-1.918,1,5,0.0627,0.0738,0.0646,0.0701
161.687,1,0.687,-2.99,0.6,4,76.8,20.89,0.0881,0.0226,0.071,0.001,0.059,-4.092,-1.958,66.69,12.22,1.62,1,0.855,0.48,-4.3,-1.918,1,5,0.0609,0.0738,0.0701,0.0775
161.718,1,0.687,-2.75,0.73,4,76.5,20.78,0.0881,0.0146,0.071,0.001,0.051,-4.091,-1.955,66.86,12.2,2.53,1,0.851,-0.48,-5.8,-4.392,1,5,0.0591,0.0757,0.0701,0.0794
161.75,1,0.667,-2.5,0.96,4,76.8,20.89,0.0881,0.0096,0.072,0.0,0.054,-4.09,-1.954,66.92,12.2,2.53,1,0.848,0.48,-5.22,-2.406,1,5,0.0609,0.0794,0.0665,0.0831
161.785,1,0.672,-2.0,0.85,4,77.0,20.89,0.0881,0.0033,0.072,0.0,0.046,-4.089,-1.951,66.98,12.2,2.53,1,0.848,0.48,-5.22,-2.406,1,5,0.0627,0.0812,0.0627,0.0812
161.817,1,0.67,-1.75,0.91,4,77.5,20.51,0.0881,0.0002,0.073,0.0,0.034,-4.088,-1.948,67.09,12.2,2.53,1,0.848,1.45,-5.09,-2.931,1,5,0.0628,0.0831,0.0628,0.0813
161.853,1,0.664,-1.5,1.03,4,78.0,20.69,0.0881,-0.0028,0.075,0.002,0.039,-4.088,-1.947,67.15,12.2,2.53,1,0.848,1.45,-5.09,-2.931,1,5,0.0665,0.0832,0.0702,0.0795
161.884,1,0.656,-1.5,1.36,4,78.6,20.56,0.0881,-0.0074,0.076,0.002,-0.014,-4.086,-1.944,67.15,12.2,2.53,1,0.848,1.45,-5.09,-2.931,1,5,0.0702,0.0832,0.0739,0.0776
161.916,1,0.645,-1.5,1.02,4,78.5,20.69,0.0881,-0.0121,0.077,-0.0,-0.062,-4.086,-1.943,67.09,12.2,1.73,1,0.854,1.94,-3.9,-3.204,1,5,0.0757,0.0776,0.0757,0.0794
161.949,1,0.583,-1.25,1.38,4,78.1,20.78,0.0881,-0.0059,0.077,-0.001,-0.006,-4.084,-1.94,67.04,12.2,1.73,1,0.854,1.94,-3.9,-3.204,1,5,0.0832,0.0758,0.0758,0.0739
161.985,1,0.594,-1.0,1.15,4,77.1,20.77,0.0764,-0.0147,0.078,-0.001,-0.009,-4.083,-1.937,66.98,12.2,1.73,1,0.854,1.94,-3.9,-3.204,1,5,0.0833,0.0759,0.0777,0.074
162.015,1,0.609,-0.75,0.99,4,76.5,20.52,0.07,-0.013,0.077,0.001,0.019,-4.083,-1.936,66.98,12.2,1.73,1,0.849,2.42,-4.41,-2.032,1,5,0.0814,0.0796,0.0777,0.0703
162.051,1,0.622,-0.75,1.37,4,76.8,20.69,0.07,-0.0129,0.077,0.002,0.016,-4.082,-1.933,67.04,12.2,1.73,1,0.849,2.42,-4.41,-2.032,1,5,0.0721,0.0795,0.0795,0.0777
162.087,1,0.663,-0.5,0.56,4,77.1,20.89,0.0769,-0.0187,0.075,0.002,0.023,-4.081,-1.93,67.09,12.2,1.73,1,0.849,2.42,-4.41,-2.032,1,5,0.0684,0.0776,0.0758,0.0776
162.116,1,0.664,-0.25,0.99,4,77.5,20.69,0.0881,-0.0069,0.074,0.002,0.005,-4.08,-1.929,67.15,12.18,-0.09,1,0.822,6.3,1.27,-3.994,1,5,0.0665,0.0757,0.0757,0.0776
162.15,1,0.658,-0.25,0.99,4,78.1,20.69,0.0881,-0.0168,0.069,0.002,-0.004,-4.079,-1.926,67.09,12.18,-0.09,1,0.822,6.3,1.27,-3.994,1,5,0.0628,0.072,0.0702,0.072
162.184,1,0.657,-0.25,0.66,4,77.8,20.52,0.0881,-0.0165,0.071,0.003,-0.003,-4.078,-1.923,67.09,12.18,-0.09,1,0.822,6.3,1.27,-3.994,1,5,0.0629,0.074,0.074,0.0721
162.217,1,0.6,-0.25,0.97,4,77.3,20.52,0.0881,-0.0101,0.071,0.004,0.027,-4.078,-1.922,67.15,12.18,-0.09,1,0.822,6.3,1.27,-3.994,1,5,0.0648,0.0759,0.074,0.0703
162.251,1,0.611,-0.25,1.01,4,76.5,20.52,0.0763,-0.0155,0.077,0.003,-0.033,-4.076,-1.919,67.09,12.18,-0.09,1,0.822,6.3,1.27,-3.994,1,5,0.074,0.0833,0.0777,0.074
162.285,1,0.678,-0.25,0.65,4,76.6,20.52,0.07,-0.0159,0.081,0.001,-0.054,-4.075,-1.916,67.04,12.18,-0.09,1,0.822,6.3,1.27,-3.994,1,5,0.0832,0.0851,0.0795,0.0758
162.318,1,0.678,-0.5,0.56,4,76.2,20.89,0.0842,-0.0095,0.084,-0.001,-0.017,-4.074,-1.913,66.92,12.18,-1.84,1,0.82,11.15,8.77,-0.323,1,5,0.0905,0.0813,0.0832,0.0795
162.355,1,0.667,-0.75,1.04,4,76.0,20.69,0.0881,-0.0048,0.082,-0.001,-0.047,-4.073,-1.911,66.86,12.18,-1.84,1,0.82,11.15,8.77,-0.323,1,5,0.0905,0.0776,0.0831,0.0757
162.383,1,0.689,-0.75,0.42,4,76.1,20.51,0.0881,-0.0102,0.08,0.0,0.004,-4.072,-1.908,66.86,12.18,-1.84,1,0.854,9.69,8.55,-0.596,1,5,0.0849,0.0757,0.0849,0.0739
162.414,1,0.688,-0.75,0.75,4,76.3,20.56,0.0881,0.0001,0.08,0.003,0.014,-4.071,-1.907,66.86,12.18,-1.84,1,0.853,10.18,8.05,0.501,1,5,0.0812,0.0794,0.0867,0.0738
162.45,1,0.682,-0.5,0.51,4,76.8,20.69,0.0881,-0.0058,0.08,0.002,0.002,-4.07,-1.904,66.86,12.18,-1.84,1,0.853,10.18,8.05,0.501,1,5,0.0739,0.0776,0.0868,0.0813
162.484,1,0.687,-0.25,0.27,4,77.6,20.56,0.0881,-0.0049,0.08,0.001,0.007,-4.069,-1.901,66.86,12.18,-1.84,1,0.853,10.18,7.73,-0.174,1,5,0.0758,0.0795,0.0832,0.0832
162.513,1,0.687,0.25,0.15,4,77.8,20.51,0.0881,-0.0034,0.079,0.0,0.041,-4.068,-1.899,66.92,12.18,-1.43,1,0.85,10.18,7.75,-1.834,1,5,0.0758,0.0776,0.0813,0.0813
162.548,1,0.663,0.25,1.03,4,77.9,20.52,0.0881,-0.0074,0.08,0.004,-0.02,-4.067,-1.896,66.92,12.18,-1.43,1,0.85,10.18,7.75,-1.834,1,5,0.0758,0.085,0.0832,0.0776
162.585,1,0.675,0.0,0.72,4,78.2,20.89,0.0881,-0.0219,0.085,0.004,-0.021,-4.066,-1.893,66.86,12.18,-1.43,1,0.85,10.18,7.75,-1.834,1,5,0.0813,0.0905,0.0868,0.0795
162.651,1,0.691,-0.25,0.66,4,78.6,20.52,0.0881,-0.0128,0.088,-0.0,-0.038,-4.064,-1.888,66.69,12.18,-1.43,1,0.855,10.18,8.68,-1.39,1,5,0.0943,0.0851,0.0906,0.0832
162.685,1,0.676,-0.25,0.33,4,78.4,20.69,0.0881,-0.0085,0.087,-0.0,0.002,-4.062,-1.885,66.63,12.18,-1.43,1,0.855,10.18,8.68,-1.39,1,5,0.0936,0.0826,0.0917,0.0807
162.714,1,0.677,-0.25,0.26,4,78.2,20.56,0.0881,-0.003,0.086,0.001,0.005,-4.062,-1.883,66.69,12.15,-0.26,1,0.87,9.69,8.51,-0.613,1,5,0.0899,0.0826,0.0917,0.0807
162.75,1,0.681,-0.25,0.32,4,78.2,20.69,0.0881,-0.002,0.088,0.001,-0.017,-4.06,-1.88,66.69,12.15,-0.26,1,0.87,9.69,8.51,-0.613,1,5,0.0874,0.0856,0.0929,0.0856
162.783,1,0.73,-0.25,0.98,5,78.1,20.81,0.0881,-0.0032,0.087,-0.001,0.019,-4.059,-1.877,66.69,12.15,-0.26,1,0.87,9.69,8.51,-0.613,1,5,0.0845,0.0809,0.0901,0.0919
162.812,1,0.664,0.0,4.63,5,78.4,25.71,0.07,-0.0147,0.086,-0.001,0.028,-4.058,-1.875,66.75,12.15,-0.26,1,0.87,9.69,8.51,-0.613,1,5,0.0827,0.0827,0.0864,0.0919
162.848,1,0.714,0.25,1.18,5,78.7,20.81,0.0768,-0.0815,0.084,-0.001,0.015,-4.057,-1.872,66.81,12.15,-0.26,1,0.872,10.18,7.35,-2.464,1,5,0.0816,0.0834,0.0834,0.089
162.884,1,0.673,0.25,0.77,4,78.8,20.52,0.07,-0.0242,0.084,0.0,0.014,-4.056,-1.869,66.86,12.15,-0.26,1,0.872,10.18,7.35,-2.464,1,5,0.0815,0.0889,0.0796,0.0852
162.916,1,0.73,0.25,1.39,5,78.2,20.57,0.0841,-0.0166,0.082,-0.0,-0.035,-4.055,-1.868,66.81,12.15,-0.26,1,0.841,7.76,7.12,1.57,1,5,0.0847,0.0866,0.0774,0.0811
162.95,1,0.725,0.0,1.52,5,77.9,20.96,0.072,-0.0273,0.08,-0.005,-0.057,-4.053,-1.865,66.69,12.15,1.56,1,0.822,2.91,-1.27,-1.92,1,5,0.0883,0.0809,0.0699,0.0809
162.986,1,0.725,-0.25,1.71,5,78.1,20.81,0.07,-0.026,0.078,-0.006,-0.004,-4.052,-1.862,66.69,12.15,1.56,1,0.873,1.45,-8.52,-2.859,1,5,0.0883,0.0736,0.0699,0.0809
163.016,1,0.672,0.0,0.71,4,78.4,20.89,0.07,-0.0267,0.078,-0.006,0.033,-4.051,-1.861,66.69,12.15,1.56,1,0.877,1.45,-7.69,-4.802,1,5,0.0851,0.074,0.0703,0.0814
163.052,1,0.685,0.25,0.39,4,78.6,20.56,0.0769,-0.0125,0.075,-0.0,0.05,-4.05,-1.858,66.81,12.15,1.56,1,0.877,1.45,-7.69,-4.802,1,5,0.0708,0.0726,0.0763,0.0799
163.083,1,0.687,0.25,0.45,4,79.0,20.69,0.0908,-0.01,0.07,0.001,0.029,-4.049,-1.855,66.86,12.15,1.56,1,0.867,2.42,-7.31,-1.117,1,5,0.0617,0.0708,0.0726,0.0763
163.115,1,0.689,0.25,0.75,4,79.0,20.51,0.0999,-0.0107,0.067,0.001,0.011,-4.049,-1.854,66.86,12.15,1.56,1,0.863,2.42,-6.94,-3.836,1,5,0.0599,0.0672,0.069,0.0726
163.15,1,0.741,0.5,1.37,5,78.8,20.57,0.0999,-0.0159,0.069,-0.0,0.018,-4.047,-1.852,66.92,12.15,0.14,1,0.863,2.42,-6.94,-3.836,1,5,0.0645,0.0719,0.0645,0.0737
163.182,1,0.74,0.75,1.32,5,78.1,20.57,0.0881,-0.0296,0.075,-0.0,0.022,-4.046,-1.848,66.98,12.15,0.14,1,0.863,2.42,-6.94,-3.836,1,5,0.0738,0.0793,0.0701,0.0775
163.213,1,0.74,0.75,1.28,5,77.3,20.81,0.07,-0.0311,0.081,0.0,0.028,-4.045,-1.847,66.98,12.15,0.14,1,0.84,7.76,3.61,0.979,1,5,0.0774,0.0848,0.0774,0.0848
163.249,1,0.741,0.75,1.28,5,76.5,20.81,0.07,-0.0303,0.086,0.002,-0.054,-4.044,-1.843,66.92,12.15,0.14,1,0.852,7.27,1.27,-2.783,1,5,0.0833,0.0907,0.087,0.0851
163.282,1,0.688,0.25,1.1,4,76.3,20.69,0.07,-0.0298,0.086,0.001,-0.084,-4.043,-1.84,66.75,12.15,0.14,1,0.862,7.27,1.59,-2.07,1,5,0.085,0.085,0.0905,0.085
163.314,1,0.664,0.0,2.72,4,76.5,20.77,0.0841,-0.0205,0.084,0.001,-0.065,-4.042,-1.839,66.63,12.15,0.14,1,0.862,7.27,1.59,-2.07,1,5,0.0868,0.0813,0.0887,0.0795
163.382,1,0.683,-0.25,0.32,4,76.9,20.69,0.0999,-0.0465,0.081,-0.003,-0.003,-4.039,-1.833,66.58,12.15,-0.41,1,0.855,5.82,-0.14,-3.665,1,5,0.0982,0.0722,0.0834,0.0704
163.417,1,0.682,-0.25,0.32,4,76.7,20.69,0.0999,-0.002,0.08,-0.004,-0.019,-4.039,-1.832,66.58,12.15,-0.41,1,0.855,5.82,-0.14,-3.665,1,5,0.0927,0.0704,0.0816,0.076
163.449,1,0.649,-0.25,0.73,4,76.7,20.69,0.0999,-0.0022,0.079,-0.003,-0.007,-4.037,-1.829,66.58,12.15,-0.41,1,0.855,5.82,-0.14,-3.665,1,5,0.0833,0.074,0.0778,0.0796
163.482,1,0.637,-0.25,0.82,4,76.0,20.69,0.0999,-0.0098,0.081,-0.002,0.032,-4.036,-1.826,66.63,12.15,-0.41,1,0.855,5.82,-0.14,-3.665,1,5,0.0796,0.0796,0.0778,0.087
163.516,1,0.678,0.25,0.45,4,75.2,20.69,0.0936,-0.0116,0.084,-0.001,0.027,-4.035,-1.824,66.63,12.15,-0.41,1,0.841,7.27,-0.56,-3.087,1,5,0.0833,0.0852,0.0796,0.087
163.549,1,0.676,0.25,1.47,4,75.7,21.12,0.0999,-0.0114,0.088,-0.001,0.005,-4.034,-1.821,66.75,12.15,-1.95,1,0.841,7.27,-0.56,-3.087,1,5,0.0834,0.0871,0.0852,0.0945
163.584,1,0.676,-0.25,1.26,4,75.6,21.38,0.0999,-0.0288,0.088,-0.001,-0.064,-4.032,-1.818,66.52,12.15,-1.95,1,0.841,7.27,-0.56,-3.087,1,5,0.0851,0.0887,0.0851,0.0943
163.65,1,0.663,-0.75,0.2,4,77.4,20.69,0.0999,-0.0192,0.09,-0.002,-0.004,-4.03,-1.813,66.46,12.15,-1.95,1,0.853,9.69,6.03,-0.74,1,5,0.0942,0.0886,0.0886,0.0905
163.683,1,0.654,-0.75,0.24,4,78.8,20.69,0.0999,0.0055,0.095,0.0,0.006,-4.028,-1.809,66.46,12.15,-1.95,1,0.853,9.69,6.03,-0.74,1,5,0.0979,0.0924,0.0979,0.0924
163.715,1,0.64,-0.75,0.51,4,78.8,20.69,0.0999,0.0039,0.096,0.001,0.045,-4.028,-1.807,66.52,12.15,-1.95,1,0.884,8.72,7.34,-0.652,1,5,0.0924,0.0942,0.0998,0.0961
163.75,1,0.633,-0.75,0.62,4,77.3,20.69,0.0999,-0.0011,0.097,0.0,0.015,-4.026,-1.804,66.52,12.14,-3.05,1,0.884,8.72,7.34,-0.652,1,5,0.0924,0.0942,0.1016,0.1016
163.783,1,0.652,-0.5,0.77,4,77.7,21.03,0.0999,-0.0034,0.096,0.0,0.049,-4.025,-1.8,66.63,12.14,-3.05,1,0.884,8.72,7.34,-0.652,1,5,0.0907,0.0962,0.0962,0.1018
163.815,1,0.621,-0.25,0.67,4,77.9,20.69,0.0999,-0.0091,0.096,-0.0,0.038,-4.024,-1.798,66.69,12.14,-3.05,1,0.884,8.72,7.34,-0.652,1,5,0.0926,0.0963,0.0944,0.1
163.85,1,0.65,-0.25,0.68,4,77.4,21.0,0.0999,-0.0105,0.098,0.001,-0.031,-4.022,-1.795,66.69,12.14,-3.05,1,0.884,8.72,7.34,-0.652,1,5,0.0944,0.1036,0.0944,0.0981
163.882,1,0.659,-0.25,0.32,4,77.6,20.69,0.0999,-0.0103,0.098,0.0,-0.037,-4.021,-1.791,66.63,12.14,-3.05,1,0.884,8.72,7.34,-0.652,1,5,0.1017,0.1017,0.0943,0.0943
163.915,1,0.66,-0.5,0.26,4,77.7,21.26,0.0999,-0.0038,0.098,-0.001,-0.102,-4.02,-1.789,66.52,12.14,-3.05,1,0.843,14.06,14.82,-1.705,1,5,0.1035,0.0998,0.0943,0.0943
163.981,1,0.65,-0.25,-0.13,4,78.5,20.69,0.0999,0.0003,0.097,-0.001,0.023,-4.017,-1.782,66.46,12.14,-2.15,1,0.856,13.57,15.04,3.654,1,5,0.0994,0.0939,0.0976,0.0957
164.014,1,0.632,-0.25,0.31,4,79.2,21.26,0.0999,0.0041,0.098,0.001,0.027,-4.016,-1.78,66.52,12.14,-2.15,1,0.856,13.57,15.04,3.654,1,5,0.0957,0.0957,0.1012,0.0975
164.051,1,0.637,-0.25,0.33,4,79.6,21.0,0.0999,-0.0036,0.096,0.001,0.041,-4.014,-1.777,66.52,12.14,-2.15,1,0.856,13.57,15.04,3.654,1,5,0.0906,0.0924,0.1017,0.098
164.113,1,0.661,0.25,0.45,4,80.2,20.69,0.0999,-0.0037,0.094,0.0,-0.004,-4.012,-1.772,66.63,12.14,-2.15,1,0.866,10.66,9.26,0.367,1,5,0.0905,0.0942,0.0942,0.0979
164.146,1,0.672,0.0,0.68,4,80.1,20.89,0.0999,-0.0119,0.098,0.001,-0.016,-4.011,-1.768,66.63,12.13,0.72,1,0.865,10.66,9.7,-0.781,1,5,0.0961,0.1016,0.0961,0.0979
164.213,1,0.67,0.0,0.3,4,80.5,21.19,0.0999,-0.0122,0.1,-0.004,0.002,-4.008,-1.763,66.46,12.13,0.72,1,0.9,5.33,-0.85,-1.994,1,5,0.1091,0.0998,0.0924,0.098
164.25,1,0.647,0.25,0.1,4,80.2,20.95,0.0999,-0.0054,0.097,-0.003,0.025,-4.006,-1.759,66.46,12.13,0.72,1,0.9,5.33,-0.85,-1.994,1,5,0.1047,0.0937,0.0937,0.0955
164.282,1,0.664,0.25,0.37,4,79.9,21.26,0.0999,-0.005,0.097,0.001,0.018,-4.005,-1.755,66.52,12.13,0.72,1,0.9,5.33,-0.85,-1.994,1,5,0.0947,0.0947,0.102,0.0965
164.314,1,0.674,0.25,0.19,4,79.3,21.1,0.0999,-0.0094,0.097,0.001,0.018,-4.005,-1.755,66.52,12.13,0.72,1,0.903,5.82,0.88,-1.414,1,5,0.0947,0.0947,0.102,0.0965
164.347,1,0.675,0.25,0.12,4,79.0,20.84,0.0999,-0.0061,0.094,0.001,0.012,-4.003,-1.752,66.52,12.13,2.24,1,0.903,5.82,0.88,-1.414,1,5,0.0908,0.0926,0.0981,0.0944
164.381,1,0.589,0.25,0.64,4,78.8,20.95,0.0999,-0.0046,0.092,0.002,0.009,-4.002,-1.748,66.52,12.13,2.24,1,0.89,5.82,0.93,-1.354,1,5,0.0928,0.0946,0.0946,0.0873
164.414,1,0.574,0.0,0.71,4,79.0,21.26,0.0757,-0.0136,0.092,0.002,-0.048,-4.001,-1.747,66.52,12.13,2.24,1,0.891,5.82,0.93,-1.345,1,5,0.0945,0.0945,0.0927,0.0854
164.448,1,0.568,0.0,0.71,4,79.4,21.19,0.07,-0.0117,0.096,0.001,-0.043,-4.0,-1.743,66.41,12.13,2.24,1,0.894,5.33,0.35,-1.324,1,5,0.0972,0.0935,0.1008,0.0917
164.512,1,0.508,-0.25,-0.36,3,79.5,20.81,0.07,-0.0122,0.096,-0.002,-0.054,-3.997,-1.738,66.23,12.13,2.24,1,0.895,0.0,-7.21,-3.586,1,5,0.1016,0.0887,0.0979,0.0942
164.548,1,0.509,-0.25,-0.35,3,79.6,20.81,0.0769,0.0096,0.09,-0.001,0.0,-3.996,-1.735,66.18,12.13,2.63,1,0.914,0.48,-9.18,-3.809,1,5,0.0956,0.0846,0.0938,0.0864
164.616,1,0.572,-0.25,-0.21,4,79.9,20.69,0.0999,0.0089,0.082,0.003,0.002,-3.994,-1.73,66.23,12.13,2.63,1,0.932,0.48,-7.77,-4.329,1,5,0.0791,0.0809,0.0883,0.0791
164.682,1,0.576,0.25,0.01,4,78.8,20.95,0.07,0.0061,0.079,0.002,0.034,-3.992,-1.724,66.35,12.13,2.63,1,0.917,2.91,-8.31,-3.105,1,5,0.0739,0.0849,0.0776,0.0813
164.713,1,0.6,0.5,0.48,4,78.8,21.03,0.07,-0.0036,0.081,0.002,0.028,-3.991,-1.723,66.35,12.13,2.63,1,0.917,2.91,-8.31,-3.105,1,5,0.0757,0.0886,0.0775,0.0831
164.814,1,0.573,0.0,0.26,4,79.1,21.03,0.0901,-0.0137,0.076,-0.001,-0.097,-3.988,-1.716,66.23,12.12,-0.85,1,0.907,5.33,-0.95,-2.102,1,5,0.0826,0.0735,0.0771,0.0716
164.913,1,0.522,0.75,-0.17,3,78.9,20.57,0.07,-0.0042,0.079,0.004,0.02,-3.985,-1.708,66.18,12.12,-0.85,1,0.907,6.3,-2.25,-2.293,1,5,0.0776,0.0813,0.085,0.0739
165.014,1,0.577,1.25,0.19,4,78.8,20.69,0.0999,-0.0047,0.071,0.005,0.022,-3.983,-1.701,66.23,12.12,-2.15,1,0.915,15.03,13.03,-1.326,1,5,0.0629,0.0758,0.0758,0.0703
165.113,1,0.528,1.25,-0.04,3,77.9,20.57,0.07,-0.0155,0.078,0.005,0.001,-3.98,-1.694,66.23,12.12,-2.15,1,0.929,15.03,13.88,0.572,1,5,0.0719,0.0885,0.0775,0.0756
165.212,1,0.534,0.75,-0.46,3,76.7,20.46,0.0999,-0.0108,0.082,-0.001,-0.046,-3.976,-1.687,65.89,12.12,-2.09,1,0.916,8.72,5.49,-1.276,1,5,0.0937,0.0753,0.0864,0.0717
165.248,1,0.531,0.75,-0.46,3,76.5,20.46,0.0999,0.0028,0.08,0.001,0.023,-3.975,-1.683,65.89,12.12,-2.09,1,0.915,9.21,4.44,-3.49,1,5,0.0846,0.0717,0.0919,0.0736
165.282,1,0.535,0.75,-0.52,3,74.6,20.46,0.0999,0.0023,0.081,0.004,-0.002,-3.974,-1.68,65.95,12.12,-2.09,1,0.903,9.21,5.22,-1.543,1,5,0.0753,0.0771,0.0937,0.079
165.316,1,0.528,0.75,-0.52,3,72.9,20.46,0.0999,0.003,0.083,0.003,-0.0,-3.973,-1.679,65.95,12.12,-2.09,1,0.903,9.21,5.22,-1.543,1,5,0.0777,0.0814,0.0906,0.0814
165.348,1,0.498,1.0,-0.41,3,71.9,20.57,0.0999,0.0029,0.086,0.001,0.017,-3.972,-1.676,66.0,12.12,-0.06,1,0.889,9.21,5.25,-1.595,1,5,0.0813,0.0886,0.0849,0.0886
165.414,1,0.527,1.0,0.5,4,72.0,21.03,0.1208,-0.0014,0.092,0.003,0.006,-3.97,-1.67,66.06,12.12,-0.06,1,0.871,9.69,5.42,-0.41,1,5,0.0861,0.0971,0.0916,0.0916
165.45,1,0.611,0.75,0.06,4,72.3,20.52,0.1089,-0.0178,0.097,0.005,0.001,-3.968,-1.666,66.0,12.12,-0.06,1,0.855,9.69,5.41,-0.458,1,5,0.0934,0.1044,0.0989,0.0898
165.481,1,0.509,0.5,-0.23,3,70.7,20.96,0.1037,-0.0071,0.102,0.0,-0.069,-3.966,-1.663,65.89,12.12,-0.06,1,0.853,9.21,5.31,-1.672,1,5,0.1048,0.1066,0.0974,0.0974
165.513,1,0.577,0.5,-0.64,4,69.6,20.58,0.1177,0.001,0.104,-0.002,-0.045,-3.965,-1.661,65.83,12.12,-0.06,1,0.853,9.21,5.31,-1.672,1,5,0.1103,0.1048,0.0992,0.1029
165.613,1,0.53,0.25,-0.65,3,71.9,20.46,0.1528,0.0111,0.111,0.003,-0.013,-3.961,-1.651,65.83,12.12,1.05,1,0.806,3.39,-3.78,0.621,1,5,0.1055,0.1091,0.118,0.1109
165.647,1,0.656,0.5,-0.84,4,70.8,20.38,0.1496,0.014,0.116,0.002,0.014,-3.959,-1.646,65.89,12.12,1.05,1,0.806,3.39,-3.78,0.621,1,5,0.1104,0.1178,0.1196,0.1178
165.681,1,0.656,0.5,-0.55,4,70.4,20.21,0.1637,0.0166,0.128,0.0,0.033,-3.957,-1.641,65.95,12.12,1.05,1,0.78,3.39,-2.45,-1.107,1,5,0.1276,0.135,0.122,0.1276
165.711,1,0.616,0.5,-0.48,4,69.4,20.01,0.1563,0.0088,0.134,-0.001,0.022,-3.956,-1.639,66.0,12.12,1.05,1,0.735,3.39,-3.02,-5.85,1,4,0.1367,0.1404,0.1257,0.133
165.745,1,0.604,0.5,-0.57,4,67.7,19.72,0.1445,0.0063,0.148,-0.003,-0.001,-3.953,-1.633,65.95,12.13,0.61,1,0.737,3.39,-3.02,-5.846,1,4,0.1496,0.1514,0.1385,0.1514
165.78,1,0.608,0.75,-0.6,4,66.6,20.32,0.1202,0.0064,0.158,0.0,0.033,-3.951,-1.627,66.06,12.13,0.61,1,0.728,3.88,-3.79,-3.843,1,4,0.1514,0.1588,0.157,0.1644
165.811,1,0.597,0.75,-0.55,4,68.1,20.03,0.0963,0.003,0.161,0.001,0.024,-3.949,-1.624,66.06,12.13,0.61,1,0.726,4.36,-2.88,-1.358,1,4,0.1515,0.1608,0.1626,0.1682
165.847,1,0.681,0.25,-0.03,4,73.6,20.33,0.0844,0.0022,0.16,0.004,-0.053,-3.947,-1.618,66.0,12.13,0.61,1,0.722,4.36,-2.87,-1.357,1,4,0.1497,0.1589,0.1682,0.1626
165.882,1,0.702,-0.25,-0.45,4,75.9,20.16,0.0735,-0.0007,0.151,0.003,-0.12,-3.945,-1.613,65.78,12.13,0.61,1,0.717,3.39,-2.96,-5.86,1,4,0.1496,0.1533,0.1551,0.1459
165.913,1,0.695,-0.25,-0.73,4,73.4,20.33,0.0735,0.0121,0.147,0.002,-0.021,-3.943,-1.61,65.72,12.13,0.61,1,0.717,3.39,-2.96,-5.86,1,4,0.1514,0.1496,0.1496,0.1385
165.946,1,0.692,0.25,-1.09,4,72.3,20.16,0.0735,0.0166,0.14,0.001,-0.017,-3.941,-1.605,65.72,12.13,-1.53,1,0.717,3.39,-2.96,-5.86,1,4,0.1495,0.1384,0.144,0.1273
165.982,1,0.713,0.25,-1.0,4,74.5,19.95,0.0735,0.0164,0.129,0.001,-0.036,-3.939,-1.601,65.66,12.13,-1.53,1,0.717,3.39,-2.96,-5.86,1,4,0.1348,0.12,0.1403,0.1219
166.012,1,0.714,0.25,-1.01,4,75.5,19.95,0.0735,0.0151,0.121,0.003,-0.008,-3.939,-1.599,65.66,12.13,-1.53,1,0.717,3.39,-2.96,-5.86,1,4,0.1219,0.1108,0.1367,0.1145
166.046,1,0.716,-0.25,-0.45,4,75.2,20.16,0.0735,0.0152,0.105,0.004,-0.097,-3.937,-1.596,65.49,12.13,-1.53,1,0.701,8.24,4.76,-5.089,1,4,0.0979,0.0961,0.122,0.1053
166.083,1,0.714,-0.75,-1.11,4,74.3,20.16,0.0735,0.0114,0.096,0.006,-0.018,-3.936,-1.592,65.32,12.13,-1.53,1,0.701,8.24,4.76,-5.089,1,4,0.0905,0.0923,0.1108,0.0886
166.111,1,0.704,-0.75,-1.23,4,73.2,20.45,0.0735,0.0284,0.092,0.006,-0.0,-3.935,-1.59,65.32,12.13,-1.53,1,0.702,11.15,10.7,1.37,1,4,0.0904,0.0941,0.1034,0.0812
166.144,1,0.697,-1.0,-1.09,4,72.5,19.91,0.0735,0.0299,0.085,0.005,-0.057,-3.934,-1.588,65.26,12.13,-3.81,1,0.7,11.15,10.69,1.383,1,4,0.0941,0.0886,0.0904,0.0664
166.182,1,0.694,-1.25,-1.35,4,72.6,20.45,0.0735,0.0299,0.077,0.0,-0.022,-3.933,-1.585,65.2,12.13,-3.81,1,0.7,11.15,10.69,1.383,1,4,0.0849,0.0739,0.0794,0.0683
166.216,1,0.695,-1.25,-1.35,4,72.8,20.45,0.0735,0.0367,0.073,-0.001,-0.014,-3.932,-1.584,65.2,12.13,-3.81,1,0.7,11.15,10.69,1.383,1,4,0.0758,0.0665,0.0776,0.0739
166.25,1,0.7,-1.25,-1.24,4,73.5,20.16,0.0735,0.0363,0.067,-0.001,0.011,-3.931,-1.581,65.26,12.13,-3.81,1,0.7,11.15,10.69,1.383,1,4,0.0629,0.0629,0.0703,0.074
166.281,1,0.699,-1.25,-1.23,4,74.0,20.16,0.0735,0.0338,0.062,-0.0,0.023,-3.93,-1.579,65.26,12.13,-3.81,1,0.682,10.66,9.53,-4.19,1,4,0.0573,0.0628,0.061,0.0684
166.312,1,0.698,-1.25,-0.97,4,74.4,20.16,0.0735,0.0334,0.06,-0.0,0.009,-3.93,-1.578,65.26,12.13,-3.81,1,0.682,10.66,9.53,-4.19,1,4,0.0573,0.061,0.0573,0.0628
166.345,1,0.663,-1.0,-1.74,4,74.7,19.91,0.0735,0.0286,0.059,-0.001,0.031,-3.929,-1.576,65.32,12.13,-2.93,1,0.674,10.66,10.66,-1.118,1,4,0.0573,0.061,0.0554,0.0628
166.38,1,0.66,-0.75,-1.71,4,74.9,20.03,0.0735,0.039,0.06,-0.001,0.032,-3.927,-1.574,65.43,12.13,-2.93,1,0.674,10.66,10.66,-1.118,1,4,0.0555,0.0592,0.0574,0.0666
166.413,1,0.641,-0.75,-1.34,4,74.7,20.16,0.0735,0.0357,0.061,-0.0,0.012,-3.927,-1.573,65.43,12.13,-2.93,1,0.674,10.66,10.66,-1.118,1,4,0.0555,0.0629,0.0574,0.0666
166.447,1,0.642,-0.5,-1.6,4,74.9,19.91,0.0735,0.0294,0.061,0.0,0.016,-3.926,-1.571,65.49,12.13,-2.93,1,0.674,10.66,10.66,-1.118,1,4,0.0536,0.0647,0.0573,0.0665
166.48,1,0.552,-0.75,-0.81,3,75.1,19.85,0.0735,0.0312,0.061,0.0,-0.005,-3.925,-1.568,65.49,12.13,-2.93,1,0.654,11.63,14.66,0.0,0,4,0.0591,0.0738,0.0498,0.0627
166.511,1,0.554,-0.75,-0.54,3,75.3,19.85,0.0735,0.0208,0.06,-0.001,0.015,-3.924,-1.567,65.55,12.13,-2.93,1,0.654,11.63,14.66,0.0,0,4,0.0609,0.0701,0.048,0.0609
166.545,1,0.648,-0.5,-1.3,4,75.1,19.91,0.0735,0.0162,0.059,-0.001,0.028,-3.924,-1.565,65.55,12.13,-0.93,1,0.646,11.63,15.5,0.0,0,4,0.061,0.0684,0.048,0.0591
166.613,1,0.646,-0.5,-1.37,4,74.9,19.91,0.0735,0.0266,0.059,-0.0,0.042,-3.922,-1.562,65.6,12.13,-0.93,1,0.715,8.24,29.2,0.0,0,5,0.055,0.0586,0.0586,0.0623
166.645,1,0.633,-0.75,-1.17,4,74.1,20.16,0.0735,0.028,0.059,-0.001,0.016,-3.921,-1.56,65.66,12.13,-0.93,1,0.715,8.24,29.2,0.0,0,5,0.0509,0.0545,0.06,0.069
166.679,1,0.598,-0.5,-1.25,4,73.3,19.91,0.0735,0.0276,0.058,-0.002,0.038,-3.92,-1.558,65.78,12.13,-0.93,1,0.697,8.24,29.0,0.0,0,5,0.0505,0.0577,0.0541,0.0703
166.711,1,0.589,-0.25,-1.44,4,72.6,20.03,0.07,0.0259,0.058,-0.003,0.014,-3.919,-1.557,65.78,12.13,-0.93,1,0.709,8.24,35.1,0.0,0,5,0.0508,0.058,0.0508,0.0707
166.746,1,0.63,-0.25,-1.71,4,72.2,20.03,0.07,0.0263,0.059,-0.002,0.012,-3.918,-1.554,65.83,12.13,1.44,1,0.712,5.82,38.99,0.0,0,5,0.0564,0.0618,0.0509,0.0655
166.78,1,0.644,-0.25,-1.32,4,72.1,20.16,0.07,0.0313,0.061,-0.002,0.031,-3.917,-1.552,65.89,12.13,1.44,1,0.69,3.88,34.66,0.0,0,5,0.0568,0.0605,0.0568,0.0678
166.811,1,0.656,0.25,-1.29,4,73.1,19.87,0.07,0.0248,0.062,-0.001,0.042,-3.917,-1.551,65.95,12.13,1.44,1,0.69,3.88,34.66,0.0,0,5,0.057,0.0588,0.0625,0.068
166.844,1,0.656,0.25,-1.22,4,73.8,20.16,0.07,0.0182,0.064,0.0,0.027,-3.916,-1.549,66.0,12.13,1.44,1,0.703,1.45,36.12,0.0,0,5,0.0573,0.0647,0.0628,0.0702
166.88,1,0.653,0.75,-1.41,4,73.7,20.03,0.07,0.0176,0.065,0.001,0.017,-3.915,-1.546,66.06,12.13,1.44,1,0.703,1.45,36.12,0.0,0,5,0.0592,0.0721,0.061,0.0684
166.913,1,0.66,0.75,-1.08,4,74.7,19.87,0.07,0.0157,0.066,0.001,-0.013,-3.914,-1.545,66.06,12.13,1.44,1,0.703,1.45,36.12,0.0,0,5,0.0611,0.0777,0.0574,0.0685
166.945,1,0.692,0.75,-0.96,4,76.6,20.16,0.07,0.0103,0.063,-0.002,0.013,-3.913,-1.543,66.06,12.13,6.84,1,0.703,1.45,36.12,0.0,0,5,0.0647,0.0721,0.0499,0.0647
166.978,1,0.649,0.75,-1.3,4,76.0,20.03,0.07,0.0088,0.064,-0.005,0.01,-3.912,-1.541,66.06,12.13,6.84,1,0.703,1.45,36.12,0.0,0,5,0.0704,0.0667,0.0519,0.0667
167.012,1,0.64,0.75,-1.09,4,76.1,19.87,0.07,0.0152,0.063,-0.005,-0.006,-3.911,-1.539,66.06,12.13,6.84,1,0.703,1.45,36.12,0.0,0,5,0.0685,0.0629,0.0537,0.0666
167.044,1,0.637,0.75,-1.13,4,76.5,19.87,0.07,0.0117,0.064,-0.002,0.047,-3.91,-1.537,66.18,12.13,6.84,1,0.67,-8.72,27.6,0.0,0,5,0.061,0.0592,0.0647,0.0721
167.08,1,0.633,0.5,-0.88,4,76.5,19.62,0.07,0.0126,0.06,-0.002,0.032,-3.909,-1.535,66.23,12.13,6.84,1,0.7,-11.15,24.56,0.0,0,5,0.0536,0.0573,0.0573,0.0702
167.111,1,0.649,0.75,-0.78,4,76.1,20.16,0.07,0.0114,0.059,-0.002,0.033,-3.908,-1.534,66.29,12.13,6.84,1,0.7,-11.15,24.56,0.0,0,5,0.0533,0.0588,0.0552,0.0699
167.144,1,0.695,0.75,-0.2,4,75.8,20.16,0.07,0.0063,0.056,-0.004,0.028,-3.907,-1.532,66.35,12.13,12.13,1,0.706,-15.03,21.68,0.0,0,5,0.0534,0.0589,0.046,0.0663
167.178,1,0.701,1.0,-0.25,4,74.7,19.91,0.07,-0.0036,0.058,-0.002,0.016,-3.906,-1.53,66.41,12.13,12.13,1,0.727,-17.93,20.05,0.0,0,5,0.0534,0.0589,0.0516,0.0663
167.245,1,0.614,1.0,-0.32,4,73.0,19.78,0.07,-0.0054,0.06,-0.001,-0.008,-3.905,-1.527,66.46,12.13,12.13,1,0.716,-18.9,13.03,0.0,0,5,0.0592,0.0592,0.0574,0.0629
167.278,1,0.687,1.0,-0.13,4,73.8,19.62,0.07,-0.0039,0.062,-0.0,-0.002,-3.904,-1.524,66.46,12.13,12.13,1,0.716,-18.9,13.03,0.0,0,5,0.0629,0.0611,0.0611,0.0611
167.311,1,0.693,1.0,0.07,4,74.1,19.78,0.07,-0.007,0.063,0.0,0.031,-3.903,-1.523,66.46,12.13,12.13,1,0.716,-18.9,13.03,0.0,0,5,0.0648,0.0629,0.0629,0.0611
167.344,1,0.631,1.0,-0.26,4,74.4,19.91,0.07,-0.0104,0.065,0.001,0.011,-3.902,-1.521,66.52,12.13,13.92,1,0.722,-18.9,17.55,0.0,0,5,0.0666,0.0703,0.061,0.061
167.379,1,0.631,1.25,-0.57,4,74.4,20.16,0.07,-0.0046,0.067,-0.001,-0.01,-3.901,-1.518,66.52,12.13,13.92,1,0.722,-18.9,17.55,0.0,0,5,0.0684,0.0739,0.0573,0.0665
167.412,1,0.647,1.0,-0.34,4,74.5,19.91,0.07,-0.002,0.067,-0.002,-0.0,-3.901,-1.517,66.52,12.13,13.92,1,0.722,-18.9,17.55,0.0,0,5,0.0684,0.0721,0.0573,0.0684
167.446,1,0.65,1.25,-0.56,4,74.6,20.16,0.07,-0.0028,0.068,-0.003,0.02,-3.899,-1.514,66.52,12.13,13.92,1,0.732,-21.81,17.23,0.0,0,5,0.0702,0.0702,0.0609,0.072
167.48,1,0.668,1.5,-0.73,4,75.0,19.78,0.07,-0.002,0.07,-0.001,0.019,-3.898,-1.512,66.52,12.13,13.92,1,0.742,-21.81,17.94,0.0,0,5,0.0702,0.0702,0.0646,0.0702
167.513,1,0.682,1.25,-0.36,4,75.5,20.03,0.07,-0.0017,0.071,0.0,0.016,-3.898,-1.51,66.58,12.13,13.92,1,0.744,-21.81,17.01,0.0,0,5,0.0684,0.0721,0.0703,0.074
167.543,1,0.665,1.25,-0.52,4,75.6,20.03,0.07,-0.0049,0.072,0.0,0.018,-3.897,-1.508,66.58,12.13,13.92,1,0.741,-21.81,18.66,0.0,0,5,0.0685,0.0722,0.0722,0.074
167.578,1,0.656,1.5,-0.43,4,75.3,19.91,0.07,-0.0022,0.07,-0.0,0.012,-3.896,-1.505,66.63,12.13,13.92,1,0.741,-21.81,18.66,0.0,0,5,0.0666,0.0703,0.0685,0.074
167.612,1,0.556,1.5,0.37,3,75.1,19.85,0.07,-0.0066,0.07,-0.001,0.001,-3.895,-1.504,66.63,12.13,13.92,1,0.74,-21.81,22.6,0.0,0,5,0.0685,0.0722,0.0666,0.074
167.646,1,0.695,1.5,0.23,4,76.2,19.91,0.07,-0.0205,0.071,-0.001,0.002,-3.894,-1.501,66.63,12.13,13.92,1,0.74,-21.81,22.6,0.0,0,5,0.0703,0.0721,0.0684,0.074
167.682,1,0.693,1.5,0.3,4,77.0,19.91,0.07,-0.0178,0.074,0.0,0.001,-3.893,-1.498,66.63,12.13,13.92,1,0.724,-21.81,26.34,0.0,0,5,0.0753,0.0753,0.0735,0.0735
167.71,1,0.675,1.5,0.07,4,76.7,19.91,0.07,-0.019,0.075,0.0,-0.004,-3.892,-1.497,66.63,12.13,13.92,1,0.724,-21.81,26.34,0.0,0,5,0.0772,0.0736,0.0772,0.0736
167.745,1,0.554,1.5,0.37,3,77.0,19.85,0.07,-0.0149,0.076,0.0,-0.02,-3.891,-1.494,66.58,12.13,14.62,1,0.711,-21.81,30.53,0.0,0,5,0.0791,0.0736,0.0791,0.0718
167.779,1,0.555,1.5,-0.34,3,77.0,19.85,0.07,-0.0201,0.075,-0.002,-0.069,-3.889,-1.492,66.46,12.13,14.62,1,0.697,-21.81,29.93,0.0,0,5,0.0796,0.0685,0.0778,0.074
167.813,1,0.616,1.5,-0.8,4,76.5,19.91,0.07,-0.0075,0.075,-0.003,-0.02,-3.889,-1.49,66.41,12.13,14.62,1,0.695,-21.81,33.13,0.0,0,5,0.0814,0.0685,0.0759,0.074
167.844,1,0.653,1.5,-1.05,4,76.6,19.91,0.07,0.0004,0.074,-0.002,-0.01,-3.888,-1.488,66.35,12.13,14.62,1,0.695,-21.81,33.13,0.0,0,5,0.0814,0.0703,0.074,0.0703
167.879,1,0.649,1.25,-0.75,4,78.2,20.16,0.07,0.0049,0.074,-0.001,0.007,-3.886,-1.485,66.35,12.13,14.62,1,0.695,-21.81,33.13,0.0,0,5,0.0795,0.0703,0.0758,0.0703
167.91,1,0.639,1.5,-1.0,4,78.0,19.91,0.07,0.0026,0.073,0.0,0.021,-3.886,-1.484,66.35,12.13,14.62,1,0.691,-22.3,35.83,0.0,0,5,0.074,0.0703,0.0758,0.0703
167.947,1,0.545,1.5,-0.34,3,78.2,19.85,0.07,0.0037,0.073,0.0,0.018,-3.885,-1.481,66.41,12.13,15.72,1,0.695,-22.3,38.74,0.0,0,5,0.0702,0.072,0.0739,0.0757
167.98,1,0.548,1.5,-0.34,3,77.9,19.85,0.07,-0.0077,0.072,0.001,0.012,-3.884,-1.478,66.41,12.13,15.72,1,0.711,-24.23,40.39,0.0,0,5,0.0683,0.072,0.0738,0.0738
168.012,1,0.551,1.75,-0.18,3,77.1,20.2,0.07,-0.0077,0.072,0.001,0.004,-3.883,-1.477,66.41,12.13,15.72,1,0.711,-24.23,40.39,0.0,0,5,0.0683,0.0739,0.072,0.072
168.045,1,0.553,1.75,-0.18,3,76.3,20.2,0.07,-0.0135,0.071,0.001,0.019,-3.882,-1.474,66.41,12.13,15.72,1,0.711,-24.23,40.39,0.0,0,5,0.0684,0.0721,0.0721,0.0702
168.077,1,0.552,2.0,-0.22,3,77.7,19.85,0.07,-0.0132,0.071,0.005,0.018,-3.881,-1.471,66.46,12.13,15.72,1,0.731,-28.6,39.18,0.0,0,5,0.0703,0.0777,0.0721,0.0684
168.112,1,0.547,1.75,0.08,3,78.3,19.85,0.07,-0.0153,0.07,0.006,-0.095,-3.881,-1.47,66.35,12.13,15.72,1,0.731,-28.6,39.18,0.0,0,5,0.0678,0.0806,0.0715,0.0605
168.143,1,0.548,1.5,-0.34,3,78.2,19.85,0.07,-0.0171,0.072,0.004,-0.05,-3.879,-1.467,66.35,12.12,19.28,1,0.715,-31.02,37.04,0.0,0,5,0.0732,0.0787,0.0732,0.0641
168.18,1,0.551,1.25,-0.05,3,77.4,19.85,0.07,-0.0068,0.075,-0.003,-0.038,-3.878,-1.465,66.18,12.12,19.28,1,0.715,-31.02,37.04,0.0,0,5,0.0811,0.0682,0.0756,0.0737
168.244,1,0.551,0.75,-0.17,3,75.7,19.85,0.07,-0.0095,0.075,-0.002,-0.013,-3.876,-1.46,66.06,12.12,19.28,1,0.733,-35.87,37.8,0.0,0,5,0.0821,0.0675,0.0784,0.0729
168.281,1,0.546,0.75,-0.17,3,75.4,19.85,0.07,-0.0018,0.075,0.001,-0.011,-3.875,-1.458,66.06,12.12,19.28,1,0.733,-35.87,37.8,0.0,0,5,0.0766,0.0693,0.0821,0.0712
168.311,1,0.542,0.75,-0.43,3,75.0,20.2,0.07,-0.0025,0.075,0.002,-0.018,-3.874,-1.456,66.06,12.12,19.28,1,0.733,-35.87,37.8,0.0,0,5,0.075,0.0714,0.0842,0.0714
168.346,1,0.545,0.75,-0.43,3,75.3,20.2,0.07,0.0018,0.074,0.001,-0.023,-3.874,-1.455,66.06,12.12,21.38,1,0.733,-35.87,37.8,0.0,0,5,0.0732,0.0695,0.0805,0.0732
168.379,1,0.546,0.5,-0.49,3,75.7,19.97,0.07,0.0014,0.074,0.0,-0.007,-3.872,-1.452,66.0,12.12,21.38,1,0.755,-39.74,39.6,0.0,0,5,0.0754,0.0699,0.0791,0.0717
168.413,1,0.542,0.75,-0.53,3,76.4,20.44,0.07,0.0052,0.073,0.0,0.018,-3.872,-1.451,66.06,12.12,21.38,1,0.755,-39.74,39.6,0.0,0,5,0.0754,0.0717,0.0754,0.0699
168.445,1,0.538,0.75,-0.43,3,77.4,20.2,0.07,0.0025,0.073,0.001,-0.018,-3.871,-1.448,66.06,12.12,21.38,1,0.755,-39.74,39.6,0.0,0,5,0.0755,0.0718,0.0773,0.0681
168.477,1,0.539,0.75,-0.44,3,76.2,20.2,0.07,0.0009,0.074,0.003,-0.018,-3.87,-1.445,66.0,12.12,21.38,1,0.755,-41.68,36.69,0.0,0,5,0.0718,0.0736,0.0792,0.07
168.512,1,0.54,0.75,-0.53,3,76.1,20.44,0.07,0.0009,0.076,0.003,-0.018,-3.869,-1.444,65.95,12.12,21.38,1,0.762,-41.2,36.16,0.0,0,5,0.0739,0.0758,0.0813,0.0721
168.544,1,0.542,0.25,-0.46,3,75.5,20.44,0.07,0.0025,0.078,0.002,-0.136,-3.868,-1.441,65.78,12.12,23.34,1,0.762,-41.2,36.16,0.0,0,5,0.0774,0.0792,0.0811,0.0755
168.579,1,0.544,0.25,-0.65,3,76.3,20.44,0.07,0.0072,0.078,0.0,-0.029,-3.867,-1.438,65.66,12.12,23.34,1,0.762,-41.2,36.16,0.0,0,5,0.0847,0.0774,0.0792,0.07
168.613,1,0.68,0.25,-0.71,4,77.6,20.45,0.07,0.01,0.076,0.0,-0.014,-3.866,-1.437,65.66,12.12,23.34,1,0.762,-41.2,36.16,0.0,0,5,0.0829,0.0755,0.0774,0.07
168.644,1,0.542,0.25,-0.65,3,78.0,20.44,0.07,0.0108,0.075,0.001,0.008,-3.865,-1.434,65.66,12.12,23.34,1,0.762,-41.2,36.16,0.0,0,5,0.0776,0.0739,0.0794,0.0702
168.68,1,0.545,0.25,-0.65,3,77.2,20.44,0.07,0.0096,0.076,0.003,0.005,-3.864,-1.431,65.66,12.12,23.34,1,0.765,-47.01,31.95,0.0,0,5,0.072,0.072,0.0849,0.0739
168.714,1,0.55,0.25,-0.65,3,75.9,20.44,0.07,0.0094,0.076,0.003,-0.024,-3.863,-1.43,65.66,12.12,23.34,1,0.765,-47.01,31.95,0.0,0,5,0.072,0.072,0.0849,0.0739
168.744,1,0.675,0.25,-1.05,4,75.9,20.45,0.07,0.0094,0.075,0.001,-0.002,-3.862,-1.427,65.66,12.12,24.5,1,0.777,-45.56,31.74,0.0,0,5,0.0739,0.0702,0.0813,0.0739
168.777,1,0.656,0.25,-1.15,4,76.4,20.45,0.07,0.0163,0.072,0.001,0.034,-3.861,-1.424,65.72,12.12,24.5,1,0.777,-45.56,31.74,0.0,0,5,0.0739,0.0721,0.0776,0.0721
168.808,1,0.543,0.75,-1.06,3,77.1,20.44,0.07,0.0179,0.071,0.001,0.035,-3.86,-1.423,65.72,12.12,24.5,1,0.789,-43.62,31.53,0.0,0,5,0.0701,0.072,0.072,0.0683
168.843,1,0.541,0.75,-1.05,3,77.7,20.44,0.07,0.01,0.071,0.002,-0.02,-3.859,-1.42,65.72,12.12,24.5,1,0.788,-42.17,32.17,0.0,0,5,0.0719,0.0756,0.0701,0.0664
168.877,1,0.539,0.25,-0.46,3,78.2,20.44,0.07,0.0106,0.072,-0.001,-0.038,-3.858,-1.419,65.72,12.12,24.5,1,0.788,-42.17,32.17,0.0,0,5,0.0738,0.0756,0.0664,0.0719
168.912,1,0.539,0.25,-0.56,3,78.0,20.46,0.07,0.0066,0.073,-0.002,-0.025,-3.857,-1.417,65.66,12.12,24.5,1,0.791,-39.74,31.65,0.0,0,5,0.0794,0.0776,0.0646,0.072
168.944,1,0.541,0.25,-0.65,3,77.7,20.44,0.07,0.0081,0.074,-0.004,-0.008,-3.856,-1.414,65.66,12.12,24.81,1,0.791,-39.74,31.65,0.0,0,5,0.0796,0.0759,0.0648,0.0777
168.979,1,0.537,0.25,-0.65,3,77.2,20.44,0.07,0.0095,0.075,-0.001,0.004,-3.854,-1.411,65.66,12.12,24.81,1,0.791,-39.74,31.65,0.0,0,5,0.0759,0.0741,0.0722,0.0759
169.012,1,0.521,0.25,-1.66,3,76.9,20.46,0.07,0.0094,0.075,-0.0,0.001,-3.854,-1.41,65.66,12.12,24.81,1,0.791,-39.74,31.65,0.0,0,5,0.0722,0.0722,0.0759,0.0778
169.044,1,0.49,0.25,-3.14,3,78.4,20.46,0.07,0.0269,0.073,0.004,-0.001,-3.853,-1.407,65.66,12.12,24.81,1,0.798,-38.29,27.36,0.0,0,5,0.0685,0.0703,0.0833,0.0703
169.076,1,0.482,0.5,-3.73,3,79.1,20.96,0.07,0.0528,0.073,0.004,-0.003,-3.852,-1.406,65.66,12.12,24.81,1,0.794,-37.32,26.77,0.0,0,5,0.0685,0.0703,0.0833,0.0703
169.111,1,0.475,0.75,-3.91,3,79.0,20.46,0.07,0.0599,0.072,0.003,0.007,-3.851,-1.403,65.66,12.12,24.81,1,0.79,-35.38,26.7,0.0,0,5,0.0682,0.0719,0.0793,0.0701
169.145,1,0.487,0.75,-3.16,3,79.6,20.46,0.07,0.0601,0.071,0.002,0.019,-3.85,-1.4,65.72,12.12,22.4,1,0.79,-35.38,26.7,0.0,0,5,0.0646,0.0738,0.0719,0.0738
169.177,1,0.494,1.25,-3.25,3,80.0,21.02,0.07,0.0476,0.072,0.002,0.035,-3.85,-1.399,65.78,12.12,22.4,1,0.788,-26.17,28.07,0.0,0,5,0.0664,0.0775,0.0719,0.0738
169.209,1,0.5,1.25,-2.42,3,80.1,21.6,0.07,0.0431,0.072,0.005,0.043,-3.849,-1.396,65.89,12.12,22.4,1,0.798,-24.23,30.2,0.0,0,5,0.0611,0.0851,0.0685,0.074
169.242,1,0.485,1.25,-2.52,3,80.5,23.26,0.07,0.0295,0.074,0.005,0.014,-3.847,-1.393,65.89,12.12,22.4,1,0.798,-24.23,30.2,0.0,0,5,0.0647,0.0924,0.0647,0.074
169.277,1,0.522,1.25,-1.44,4,81.4,25.94,0.07,0.0318,0.073,0.002,-0.01,-3.847,-1.392,65.89,12.12,22.4,1,0.801,-21.81,30.17,0.0,0,5,0.0666,0.0887,0.061,0.074
169.311,1,0.523,1.25,-0.68,4,81.9,26.24,0.07,0.0132,0.075,-0.002,0.004,-3.845,-1.389,65.89,12.12,22.4,1,0.801,-21.81,30.17,0.0,0,5,0.0776,0.0813,0.0646,0.0757
169.344,1,0.539,1.25,-0.02,4,82.3,25.96,0.07,0.0001,0.077,-0.004,0.021,-3.844,-1.387,65.89,12.12,24.32,1,0.801,-21.81,30.17,0.0,0,5,0.0851,0.074,0.0721,0.0758
169.378,1,0.556,1.5,0.05,4,82.4,25.99,0.07,-0.0112,0.077,-0.001,-0.007,-3.843,-1.385,65.89,12.12,24.32,1,0.806,-18.42,30.05,0.0,0,5,0.0832,0.0739,0.0776,0.0739
169.413,1,0.543,1.5,0.81,4,82.6,26.33,0.07,-0.0152,0.076,0.001,0.016,-3.842,-1.382,65.95,12.12,24.32,1,0.806,-18.42,30.05,0.0,0,5,0.074,0.0721,0.0814,0.0758
169.444,1,0.572,1.75,1.23,4,82.9,24.65,0.07,-0.0284,0.072,0.004,0.004,-3.841,-1.38,65.95,12.12,24.32,1,0.806,-18.42,30.05,0.0,0,5,0.0646,0.0702,0.0813,0.072
169.478,1,0.451,2.0,2.56,3,83.6,23.94,0.07,-0.0383,0.069,0.002,0.006,-3.84,-1.377,66.0,12.12,24.32,1,0.806,-18.42,30.05,0.0,0,5,0.0628,0.0684,0.0776,0.0739
169.51,1,0.549,2.25,3.55,4,84.0,25.15,0.07,-0.0645,0.069,0.003,0.023,-3.84,-1.376,66.06,12.12,24.32,1,0.806,-18.42,30.05,0.0,0,5,0.0629,0.0703,0.074,0.0703
169.544,1,0.509,2.5,4.01,4,84.1,27.29,0.07,-0.0842,0.068,0.002,0.015,-3.839,-1.373,66.06,12.11,28.05,1,0.806,-18.42,30.05,0.0,0,5,0.0629,0.074,0.0666,0.0703
169.575,1,0.523,2.0,6.01,4,83.9,25.24,0.07,-0.0944,0.068,0.003,0.005,-3.838,-1.372,66.06,12.11,28.05,1,0.831,-17.45,20.91,0.0,0,5,0.0611,0.0759,0.0648,0.0685
169.612,1,0.493,1.75,6.76,4,84.0,27.7,0.07,-0.1227,0.064,0.002,-0.041,-3.837,-1.37,66.0,12.11,28.05,1,0.836,-16.48,21.14,0.0,0,5,0.0629,0.0722,0.0592,0.0611
169.644,1,0.479,1.5,7.71,4,83.9,28.81,0.07,-0.1327,0.063,-0.002,-0.079,-3.836,-1.368,65.83,12.11,28.05,1,0.844,-17.93,20.51,0.0,0,5,0.0703,0.0629,0.0592,0.0592
169.677,1,0.481,1.0,9.6,4,83.8,29.39,0.07,-0.1467,0.064,-0.003,-0.079,-3.835,-1.367,65.72,12.11,28.05,1,0.847,-19.39,15.08,0.0,0,5,0.0759,0.0574,0.0648,0.0574
169.747,1,0.485,-2.25,16.2,4,83.6,28.45,0.07,-0.1747,0.067,0.0,-0.092,-3.833,-1.362,65.32,12.11,32.89,1,0.847,-19.39,15.08,0.0,0,5,0.0777,0.0462,0.0869,0.0555
169.779,1,0.361,-4.99,18.53,3,83.1,31.22,0.07,-0.2523,0.067,0.001,-0.107,-3.832,-1.359,65.09,12.11,32.89,1,0.851,-23.27,4.23,0.0,0,5,0.0814,0.0444,0.0924,0.0518
169.81,1,0.363,-5.74,19.44,3,82.9,31.22,0.07,-0.2643,0.069,-0.0,-0.111,-3.831,-1.358,64.97,12.11,32.89,1,0.851,-23.27,4.23,0.0,0,5,0.0851,0.0462,0.0924,0.0536
169.845,1,0.346,-6.24,19.5,3,82.6,33.05,0.07,-0.2735,0.068,-0.002,-0.128,-3.83,-1.356,64.69,12.11,32.89,1,0.869,-26.66,-5.16,0.0,0,5,0.0899,0.0422,0.0899,0.0514
169.88,1,0.507,-6.49,23.99,4,82.6,25.34,0.0841,-0.2739,0.069,-0.008,-0.132,-3.828,-1.353,64.4,12.11,32.89,1,0.875,-27.14,-5.88,0.0,0,5,0.1,0.0364,0.0854,0.0527
169.91,1,0.518,-6.99,24.33,4,82.8,28.74,0.07,-0.353,0.069,-0.009,-0.167,-3.828,-1.352,64.23,12.11,32.89,1,0.875,-27.14,-5.88,0.0,0,5,0.1019,0.0327,0.0873,0.0546
169.946,1,0.584,-7.49,25.09,4,82.5,26.87,0.07,-0.3541,0.074,-0.012,-0.191,-3.826,-1.349,63.77,12.11,38.72,1,0.875,-27.14,-5.88,0.0,0,5,0.1139,0.0312,0.0918,0.0588
169.981,1,0.675,-8.24,25.67,5,82.2,26.9,0.0841,-0.3643,0.078,-0.012,-0.256,-3.824,-1.347,63.2,12.11,38.72,1,0.854,-36.84,-26.01,0.0,0,5,0.127,0.0331,0.0994,0.0534
170.012,1,0.585,-8.24,25.12,4,82.1,26.23,0.07,-0.3678,0.081,-0.011,-0.251,-3.823,-1.345,62.85,12.11,38.72,1,0.854,-36.84,-26.01,0.0,0,5,0.1368,0.0346,0.1039,0.0474
170.042,1,0.561,-8.98,25.58,4,81.3,27.77,0.07,-0.3595,0.084,-0.007,-0.245,-3.821,-1.342,62.28,12.11,38.72,1,0.854,-36.84,-26.01,0.0,0,5,0.1428,0.0343,0.1193,0.0398
170.077,1,0.608,-10.23,26.47,5,80.8,26.45,0.07,-0.3604,0.086,-0.004,-0.24,-3.82,-1.34,61.99,12.11,38.72,1,0.883,-44.59,-36.48,0.0,0,5,0.141,0.0361,0.1283,0.0398
170.111,1,0.663,-10.98,26.83,5,79.7,27.95,0.0839,-0.363,0.088,-0.0,-0.273,-3.819,-1.337,61.36,12.11,38.72,1,0.883,-44.59,-36.48,0.0,0,5,0.1358,0.0404,0.134,0.0404
170.143,1,0.675,-11.73,27.61,5,79.9,29.45,0.0909,-0.3614,0.088,-0.001,-0.233,-3.817,-1.334,60.79,12.12,35.88,1,0.883,-44.59,-36.48,0.0,0,5,0.133,0.0443,0.1293,0.0443
170.174,1,0.669,-11.73,27.63,5,79.4,31.12,0.0886,-0.369,0.087,-0.002,-0.263,-3.816,-1.333,60.5,12.12,35.88,1,0.907,-45.56,-39.21,0.0,0,5,0.133,0.0462,0.1238,0.0443
170.209,1,0.701,-11.98,27.42,5,79.2,25.0,0.0885,-0.3708,0.09,0.006,-0.28,-3.815,-1.329,59.99,12.12,35.88,1,0.897,-44.11,-41.44,0.0,0,5,0.1293,0.0609,0.1311,0.0369
170.244,1,0.634,-12.23,27.04,5,79.3,30.06,0.0895,-0.3662,0.092,0.013,-0.267,-3.813,-1.326,59.36,12.12,35.88,1,0.881,-38.78,-37.8,0.0,0,5,0.1277,0.0648,0.1462,0.0296
170.279,1,0.639,-11.23,26.84,5,80.0,31.12,0.07,-0.3582,0.094,0.014,-0.338,-3.812,-1.322,58.61,12.12,35.88,1,0.891,-35.38,-32.01,0.0,0,5,0.1297,0.0538,0.1613,0.0297
170.309,1,0.65,-10.23,25.35,5,80.1,29.45,0.07,-0.3679,0.093,0.009,-0.392,-3.811,-1.321,58.16,12.12,35.88,1,0.891,-35.38,-32.01,0.0,0,5,0.1353,0.0408,0.1631,0.0334
170.344,1,0.685,-10.23,23.19,5,79.6,23.2,0.07,-0.3542,0.086,0.004,-0.403,-3.809,-1.318,57.3,12.12,27.03,1,0.907,-32.96,-31.66,0.0,0,5,0.139,0.0259,0.1538,0.0259
170.374,1,0.681,-12.73,23.12,5,79.0,22.68,0.07,-0.3152,0.082,0.001,-0.424,-3.808,-1.317,56.78,12.12,27.03,1,0.88,-29.57,-23.47,0.0,0,5,0.1427,0.0185,0.1483,0.0185
170.409,1,0.666,-14.23,22.74,5,78.5,22.19,0.07,-0.2821,0.074,0.001,-0.386,-3.807,-1.314,55.92,12.12,27.03,1,0.88,-29.57,-23.47,0.0,0,5,0.1421,0.0074,0.1421,0.0037
170.442,1,0.668,-14.47,22.08,5,78.0,22.77,0.07,-0.2592,0.075,-0.001,-0.397,-3.805,-1.312,55.0,12.12,27.03,1,0.894,-27.14,-19.87,0.0,0,5,0.1403,0.0,0.1476,0.0111
170.477,1,0.689,-11.48,18.45,5,77.9,22.04,0.07,-0.2484,0.074,-0.001,-0.379,-3.804,-1.311,54.6,12.12,27.03,1,0.894,-27.14,-19.87,0.0,0,5,0.1366,0.0,0.1458,0.0129
170.509,1,0.579,-12.48,17.26,4,77.5,22.11,0.07,-0.2237,0.07,-0.001,-0.353,-3.803,-1.309,53.8,12.12,27.03,1,0.894,-27.14,-19.87,0.0,0,5,0.1297,0.0019,0.1353,0.013
170.546,1,0.611,-13.48,16.39,4,77.6,22.0,0.07,-0.1886,0.062,-0.002,-0.363,-3.801,-1.307,52.94,12.11,15.48,1,0.894,-27.14,-19.87,0.0,0,5,0.126,0.0019,0.1186,0.0019
170.574,1,0.539,-14.47,16.25,3,76.4,21.6,0.0842,-0.1617,0.06,-0.002,-0.325,-3.8,-1.306,52.6,12.11,15.48,1,0.831,-17.45,-1.42,0.0,0,5,0.1242,0.0019,0.1131,0.0
170.61,1,0.549,-15.22,15.49,3,75.6,21.6,0.091,-0.1474,0.059,-0.001,-0.241,-3.799,-1.304,51.91,12.11,15.48,1,0.831,-17.45,-1.42,0.0,0,5,0.1186,0.0093,0.1075,0.0019
170.644,1,0.609,-15.72,14.99,4,75.2,21.82,0.105,-0.1269,0.066,-0.0,-0.179,-3.797,-1.302,51.51,12.11,15.48,1,0.831,-17.45,-1.42,0.0,0,5,0.1131,0.0223,0.1094,0.0204
170.675,1,0.642,-15.72,14.51,4,75.3,21.44,0.0808,-0.1146,0.07,0.0,-0.109,-3.796,-1.301,51.39,12.11,15.48,1,0.805,-10.18,12.3,0.0,0,5,0.1075,0.0297,0.1094,0.0315
170.742,1,0.628,-15.22,13.73,4,74.9,21.24,0.1017,-0.1089,0.079,-0.002,-0.112,-3.792,-1.296,50.88,12.11,6.26,1,0.796,-1.94,23.61,0.0,0,5,0.0982,0.0556,0.0982,0.063
170.776,1,0.606,-15.22,13.6,4,75.0,21.44,0.0806,-0.1023,0.081,-0.001,-0.1,-3.791,-1.294,50.76,12.11,6.26,1,0.831,0.97,29.29,0.0,0,5,0.0982,0.0612,0.0982,0.0667
170.808,1,0.606,-15.22,13.57,4,74.8,21.44,0.07,-0.1,0.085,-0.003,-0.082,-3.789,-1.292,50.53,12.11,6.26,1,0.828,3.88,34.34,0.0,0,5,0.1,0.0611,0.1018,0.0759
170.844,1,0.601,-14.72,13.41,4,75.0,21.53,0.07,-0.0996,0.086,-0.006,-0.097,-3.786,-1.289,50.31,12.11,6.26,1,0.828,3.88,34.34,0.0,0,5,0.1073,0.0611,0.0999,0.0777
170.875,1,0.611,-13.98,12.76,4,75.9,21.69,0.07,-0.1027,0.087,-0.006,-0.074,-3.785,-1.288,50.19,12.11,6.26,1,0.822,3.39,33.9,0.0,0,5,0.111,0.0629,0.0999,0.0759
170.91,1,0.612,-13.73,13.13,4,75.7,21.44,0.07,-0.1005,0.089,0.0,-0.049,-3.783,-1.285,50.13,12.11,6.26,1,0.822,3.39,33.9,0.0,0,5,0.1094,0.0797,0.1001,0.0686
170.943,1,0.547,-13.23,13.56,3,75.0,21.02,0.07,-0.1088,0.091,0.01,-0.038,-3.781,-1.282,50.02,12.11,8.27,1,0.822,3.39,33.9,0.0,0,5,0.0983,0.0927,0.1094,0.0631
170.974,1,0.608,-12.23,12.72,4,75.6,21.24,0.07,-0.121,0.089,0.01,-0.096,-3.78,-1.281,49.96,12.11,8.27,1,0.822,3.39,33.9,0.0,0,5,0.0927,0.0909,0.1076,0.0668
171.009,1,0.622,-12.23,12.5,4,75.4,21.24,0.07,-0.1182,0.083,0.006,-0.09,-3.778,-1.278,49.68,12.11,8.27,1,0.839,4.36,32.97,0.0,0,5,0.0853,0.0742,0.1039,0.0705
171.041,1,0.748,-11.73,11.96,5,75.6,21.46,0.07,-0.1121,0.077,0.003,-0.099,-3.776,-1.276,49.39,12.11,8.27,1,0.839,4.36,32.97,0.0,0,5,0.0852,0.0593,0.1,0.063
171.074,1,0.719,-11.73,12.12,5,75.7,21.46,0.07,-0.1071,0.075,0.004,-0.133,-3.775,-1.275,49.27,12.11,8.27,1,0.826,-2.42,22.34,0.0,0,5,0.0852,0.0556,0.1019,0.0556
171.109,1,0.604,-11.73,12.1,4,76.2,21.24,0.07,-0.1091,0.071,0.004,-0.148,-3.774,-1.272,48.93,12.11,8.27,1,0.826,-2.42,22.34,0.0,0,5,0.0889,0.0519,0.0982,0.0445
171.144,1,0.604,-11.23,11.19,4,76.8,21.24,0.07,-0.1077,0.069,0.001,-0.134,-3.772,-1.27,48.64,12.1,12.79,1,0.826,-2.42,22.34,0.0,0,5,0.0909,0.0501,0.0909,0.0445
171.176,1,0.608,-11.23,11.17,4,77.3,20.95,0.07,-0.097,0.069,0.001,-0.122,-3.771,-1.269,48.47,12.1,12.79,1,0.826,-2.42,22.34,0.0,0,5,0.0908,0.0519,0.0889,0.0445
171.211,1,0.75,-11.23,10.72,5,77.5,21.46,0.07,-0.0955,0.072,0.004,-0.069,-3.769,-1.267,48.36,12.1,12.79,1,0.826,-2.42,22.34,0.0,0,5,0.0871,0.0574,0.0945,0.0482
171.275,1,0.749,-10.73,11.02,5,76.2,21.11,0.07,-0.0869,0.073,0.005,-0.103,-3.766,-1.263,48.01,12.1,12.79,1,0.86,-14.06,-4.58,-2.016,1,5,0.0816,0.0575,0.0983,0.0538
171.342,1,0.76,-9.98,10.39,5,76.6,20.96,0.07,-0.0974,0.067,0.006,-0.066,-3.763,-1.259,47.73,12.1,13.33,1,0.869,-14.06,-6.67,-4.923,1,5,0.0776,0.0628,0.0832,0.0443
171.377,1,0.599,-9.73,10.55,4,77.7,21.14,0.07,-0.0946,0.066,0.007,-0.091,-3.763,-1.258,47.61,12.1,13.33,1,0.869,-14.06,-6.67,-4.923,1,5,0.0758,0.0628,0.0832,0.0407
171.412,1,0.594,-9.48,10.1,4,77.7,20.89,0.07,-0.0992,0.063,0.005,-0.111,-3.761,-1.256,47.38,12.1,13.33,1,0.869,-14.06,-6.67,-4.923,1,5,0.0772,0.0588,0.0772,0.0405
171.44,1,0.65,-9.48,9.65,5,77.8,20.96,0.07,-0.0939,0.064,0.003,-0.039,-3.759,-1.254,47.21,12.1,13.33,1,0.865,-14.06,-9.04,-4.839,1,5,0.0798,0.0563,0.078,0.0436
171.473,1,0.672,-9.23,9.26,5,77.2,21.46,0.07,-0.085,0.065,0.002,-0.057,-3.758,-1.253,47.15,12.1,13.33,1,0.873,-14.06,-9.06,-4.857,1,5,0.0798,0.0563,0.078,0.0472
171.514,1,0.744,-8.98,9.62,5,77.0,20.96,0.07,-0.0804,0.067,0.002,-0.062,-3.756,-1.251,47.1,12.1,13.33,1,0.873,-14.06,-9.06,-4.857,1,5,0.0774,0.0576,0.081,0.054
171.545,1,0.749,-8.73,9.67,5,77.5,21.11,0.07,-0.0894,0.07,0.002,-0.086,-3.755,-1.25,46.98,12.1,7.92,1,0.789,-7.27,-6.2,-4.21,1,5,0.0752,0.0591,0.0842,0.0609
171.576,1,0.782,-8.49,9.36,5,76.9,20.96,0.07,-0.0925,0.071,0.002,-0.058,-3.754,-1.249,46.93,12.1,7.92,1,0.789,-7.27,-6.2,-4.21,1,5,0.0741,0.0596,0.0867,0.065
171.641,1,0.794,-7.99,9.24,5,75.7,20.81,0.07,-0.0886,0.067,0.001,-0.039,-3.751,-1.245,46.64,12.1,7.92,1,0.827,-1.45,10.42,-4.476,1,5,0.0759,0.0556,0.0797,0.0556
171.677,1,0.792,-7.99,9.48,5,75.6,20.44,0.07,-0.0918,0.064,0.001,-0.04,-3.75,-1.244,46.58,12.1,7.92,1,0.827,-1.45,10.42,-4.476,1,5,0.0722,0.0556,0.0759,0.0537
171.709,1,0.718,-7.49,8.87,5,75.3,20.96,0.07,-0.0956,0.065,-0.0,-0.046,-3.748,-1.242,46.52,12.1,7.92,1,0.827,-1.45,10.42,-4.476,1,5,0.0723,0.0575,0.0723,0.0593
171.743,1,0.722,-7.49,9.18,5,76.1,20.96,0.07,-0.0905,0.065,-0.001,-0.036,-3.746,-1.24,46.41,12.1,5.45,1,0.833,5.33,19.55,0.0,0,5,0.0685,0.0593,0.0685,0.063
171.775,1,0.702,-7.49,8.93,5,75.9,20.96,0.07,-0.0948,0.065,-0.002,-0.074,-3.745,-1.239,46.35,12.1,5.45,1,0.853,4.36,18.19,0.0,0,5,0.0704,0.0593,0.0667,0.063
171.841,1,0.782,-7.49,9.86,5,75.7,20.44,0.07,-0.0894,0.066,-0.006,-0.066,-3.741,-1.236,46.01,12.1,5.45,1,0.853,4.36,15.85,-3.964,1,5,0.0852,0.0519,0.0685,0.0593
171.873,1,0.744,-7.24,8.94,5,75.4,20.56,0.07,-0.1053,0.068,-0.005,-0.023,-3.74,-1.235,46.01,12.1,5.45,1,0.853,4.36,15.85,-3.964,1,5,0.0852,0.0519,0.0741,0.0593
171.945,1,0.743,-7.24,8.9,5,74.3,20.44,0.07,-0.0918,0.073,0.002,-0.056,-3.736,-1.23,45.78,12.1,5.57,1,0.847,4.36,13.65,-6.475,1,5,0.0797,0.063,0.0871,0.063
171.973,1,0.745,-7.49,9.06,5,75.1,20.44,0.07,-0.0908,0.073,0.002,-0.059,-3.735,-1.229,45.72,12.1,5.57,1,0.849,4.36,13.91,-4.859,1,5,0.0797,0.0648,0.0852,0.0611
172.007,1,0.612,-7.24,8.81,4,75.7,20.32,0.07,-0.0904,0.069,0.002,-0.099,-3.734,-1.227,45.55,12.1,5.57,1,0.855,4.36,13.53,-2.874,1,5,0.0797,0.0612,0.0816,0.0538
172.042,1,0.61,-6.49,8.0,4,76.4,20.7,0.07,-0.0892,0.066,0.002,-0.095,-3.732,-1.225,45.26,12.1,5.57,1,0.855,4.36,13.53,-2.874,1,5,0.076,0.0556,0.0816,0.0519
172.076,1,0.597,-6.74,8.33,4,76.4,20.45,0.07,-0.0837,0.065,0.002,-0.12,-3.731,-1.224,45.15,12.1,5.57,1,0.855,4.36,13.53,-2.874,1,5,0.0779,0.0519,0.0816,0.0482
172.144,1,0.6,-7.24,7.5,4,74.6,20.45,0.07,-0.0855,0.064,-0.001,-0.074,-3.727,-1.221,44.69,12.11,4.91,1,0.854,2.42,9.38,-6.618,1,5,0.0816,0.0445,0.0797,0.0482
172.172,1,0.612,-7.24,7.45,4,73.9,20.45,0.07,-0.0648,0.064,-0.001,-0.077,-3.726,-1.22,44.58,12.11,4.91,1,0.863,1.94,8.99,-6.097,1,5,0.0797,0.0464,0.0797,0.0519
172.272,1,0.605,-7.24,7.37,4,74.6,20.45,0.07,-0.0645,0.07,0.001,-0.048,-3.721,-1.215,44.29,12.11,4.91,1,0.851,4.85,7.81,-7.538,1,5,0.0779,0.0593,0.0835,0.0593
172.308,1,0.604,-7.24,7.36,4,75.2,20.45,0.07,-0.0633,0.071,0.001,-0.052,-3.719,-1.213,44.18,12.11,4.91,1,0.851,4.85,7.81,-7.538,1,5,0.0797,0.0631,0.0816,0.0593
172.344,1,0.606,-7.24,7.0,4,76.1,20.64,0.07,-0.0632,0.07,0.001,-0.063,-3.717,-1.211,44.0,12.11,3.48,1,0.855,5.82,11.85,0.0,0,5,0.0779,0.0649,0.0779,0.0593
172.371,1,0.608,-7.24,7.06,4,76.5,20.64,0.07,-0.057,0.07,0.0,-0.026,-3.716,-1.21,44.0,12.11,3.48,1,0.855,5.33,11.77,0.0,0,5,0.0797,0.0631,0.0779,0.0593
172.407,1,0.602,-7.24,6.86,4,77.0,20.45,0.07,-0.058,0.068,0.0,-0.051,-3.714,-1.208,43.89,12.11,3.48,1,0.854,5.33,11.67,-7.669,1,5,0.0816,0.0612,0.0742,0.0538
172.475,1,0.595,-7.49,6.75,4,76.5,20.89,0.07,-0.0546,0.065,-0.003,-0.113,-3.711,-1.206,43.6,12.11,3.48,1,0.86,4.85,10.13,0.0,0,5,0.0835,0.0556,0.0686,0.0519
172.574,1,0.592,-8.24,6.33,4,75.6,20.64,0.07,-0.05,0.066,-0.005,-0.053,-3.706,-1.202,43.2,12.11,3.13,1,0.855,3.39,6.98,0.0,0,5,0.0831,0.0461,0.0757,0.0591
172.607,1,0.612,-8.24,6.21,4,75.6,20.64,0.07,-0.0334,0.066,-0.001,-0.079,-3.704,-1.2,43.03,12.11,3.13,1,0.855,3.39,6.83,-7.224,1,5,0.0757,0.048,0.0812,0.0572
172.673,1,0.624,-8.49,6.05,4,76.7,20.58,0.07,-0.0331,0.068,-0.0,-0.062,-3.701,-1.197,42.8,12.11,3.13,1,0.86,2.91,4.95,0.0,0,5,0.0797,0.0538,0.0816,0.0575
172.771,1,0.668,-8.73,5.61,5,77.1,20.46,0.07,-0.0284,0.072,-0.001,-0.102,-3.696,-1.192,42.4,12.11,1.71,1,0.862,6.3,10.4,-5.693,1,5,0.0809,0.0588,0.0827,0.0644
172.874,1,0.591,-8.49,5.61,4,77.2,20.7,0.07,-0.0188,0.074,0.001,-0.033,-3.69,-1.187,42.17,12.11,1.71,1,0.866,5.33,8.88,-6.361,1,5,0.0888,0.0703,0.0796,0.0574
172.974,1,0.651,-8.24,5.2,5,76.2,20.46,0.07,-0.0217,0.07,0.001,-0.048,-3.685,-1.182,41.94,12.11,1.08,1,0.861,5.33,6.52,-7.932,1,5,0.0721,0.0591,0.0832,0.0665
173.072,1,0.662,-8.24,4.91,5,76.7,20.46,0.07,-0.017,0.071,-0.001,-0.038,-3.68,-1.178,41.65,12.11,1.08,1,0.862,5.33,4.06,-6.945,1,5,0.0797,0.0616,0.0778,0.0652
173.141,1,0.663,-7.99,4.22,5,76.8,20.96,0.07,-0.0118,0.07,-0.004,-0.012,-3.675,-1.174,41.48,12.11,-1.06,1,0.847,8.24,9.86,-7.895,1,5,0.0797,0.0593,0.0722,0.0685
173.171,1,0.682,-7.99,4.58,5,77.0,20.96,0.07,-0.0026,0.069,-0.003,-0.009,-3.674,-1.173,41.48,12.11,-1.06,1,0.846,8.24,9.73,-4.087,1,5,0.0759,0.0611,0.0722,0.0685
173.242,1,0.707,-7.49,4.77,5,77.6,20.96,0.07,-0.0085,0.069,0.002,0.013,-3.67,-1.169,41.6,12.11,-1.06,1,0.838,10.66,8.17,-6.703,1,5,0.0665,0.0739,0.0684,0.0665
173.272,1,0.689,-6.99,4.59,5,77.6,20.96,0.07,-0.0176,0.069,0.002,-0.015,-3.669,-1.168,41.6,12.11,-1.06,1,0.838,10.66,8.17,-6.703,1,5,0.0667,0.0759,0.0648,0.0667
173.371,1,0.691,-6.99,4.23,5,78.4,20.96,0.07,-0.0185,0.069,-0.002,-0.061,-3.664,-1.164,41.37,12.11,-2.17,1,0.865,12.6,16.38,-0.979,1,5,0.076,0.0593,0.0742,0.0668
173.407,1,0.686,-6.99,4.24,5,78.7,20.96,0.07,-0.0119,0.07,-0.001,-0.037,-3.662,-1.162,41.25,12.11,-2.17,1,0.853,12.6,15.36,-0.0,1,5,0.076,0.0575,0.0797,0.0649
173.472,1,0.688,-7.49,4.48,5,79.1,20.96,0.07,-0.0116,0.07,-0.0,-0.06,-3.659,-1.159,41.08,12.11,-2.17,1,0.859,12.12,14.8,-0.0,1,5,0.0778,0.0593,0.0815,0.063
173.511,1,0.691,-7.24,4.22,5,79.3,20.81,0.07,-0.0094,0.071,-0.003,-0.011,-3.656,-1.158,41.02,12.11,-2.17,1,0.859,12.12,14.8,-0.0,1,5,0.0814,0.0611,0.074,0.0666
173.539,1,0.763,-6.99,4.12,5,79.1,20.96,0.07,-0.0085,0.071,-0.004,-0.03,-3.654,-1.156,40.97,12.1,-0.05,1,0.862,12.12,12.4,-0.186,1,5,0.0815,0.0648,0.0685,0.0685
173.573,1,0.729,-6.74,4.05,5,79.6,20.46,0.07,-0.0097,0.069,-0.003,-0.005,-3.653,-1.155,40.97,12.1,-0.05,1,0.852,12.12,13.43,0.489,1,5,0.0778,0.0667,0.0667,0.0667
173.607,1,0.715,-6.49,3.97,5,79.0,20.96,0.07,-0.0115,0.07,-0.0,0.027,-3.651,-1.153,41.02,12.1,-0.05,1,0.862,12.12,12.86,-1.028,1,5,0.0723,0.0686,0.0705,0.0668
173.643,1,0.714,-6.49,4.28,5,79.0,20.96,0.07,-0.0125,0.069,0.001,-0.002,-3.649,-1.151,41.02,12.1,-0.05,1,0.862,12.12,12.86,-1.028,1,5,0.0686,0.0686,0.0705,0.0668
173.671,1,0.733,-6.49,4.27,5,79.3,20.96,0.07,-0.0174,0.069,0.0,-0.023,-3.648,-1.15,40.97,12.1,-0.05,1,0.862,12.12,12.86,-1.028,1,5,0.0705,0.0686,0.0705,0.0668
173.709,1,0.735,-6.49,4.29,5,78.9,20.96,0.07,-0.0169,0.07,0.001,-0.032,-3.646,-1.149,40.91,12.1,-0.05,1,0.862,12.12,12.86,-1.028,1,5,0.076,0.0705,0.0705,0.0612
173.739,1,0.737,-6.49,4.29,5,78.7,20.96,0.07,-0.017,0.071,0.001,-0.086,-3.644,-1.147,40.74,12.1,2.45,1,0.854,5.82,6.11,1.172,1,5,0.0797,0.0686,0.076,0.0593
173.774,1,0.777,-6.49,4.12,5,78.1,20.96,0.07,-0.0168,0.071,0.0,-0.078,-3.643,-1.146,40.62,12.1,2.45,1,0.878,5.33,1.24,0.782,1,5,0.0797,0.0649,0.0779,0.0631
173.806,1,0.698,-6.49,3.83,5,77.5,20.96,0.07,-0.0138,0.07,0.001,-0.041,-3.641,-1.144,40.57,12.1,2.45,1,0.878,5.33,1.24,0.782,1,5,0.0742,0.0612,0.0816,0.0631
173.839,1,0.705,-6.49,3.71,5,77.2,20.96,0.07,-0.0085,0.069,0.002,-0.083,-3.639,-1.142,40.39,12.1,2.45,1,0.877,4.36,1.0,-4.527,1,5,0.0705,0.0593,0.0835,0.0631
173.871,1,0.709,-6.49,3.6,5,77.2,20.96,0.07,-0.0065,0.068,0.003,-0.065,-3.638,-1.141,40.28,12.1,2.45,1,0.874,2.42,-1.27,-2.218,1,5,0.0705,0.0593,0.0816,0.0593
173.906,1,0.708,-6.49,3.7,5,77.5,20.96,0.07,-0.0045,0.071,-0.001,-0.003,-3.635,-1.139,40.28,12.1,2.45,1,0.879,2.42,-3.96,-3.009,1,5,0.0779,0.0631,0.0779,0.0668
173.944,1,0.698,-6.24,3.35,5,77.8,20.46,0.07,-0.0062,0.072,-0.002,0.037,-3.633,-1.137,40.28,12.1,2.2,1,0.879,2.42,-3.96,-3.009,1,5,0.0775,0.0664,0.0738,0.0701
173.97,1,0.716,-5.99,3.6,5,77.9,20.96,0.07,-0.0031,0.073,-0.002,0.047,-3.632,-1.137,40.34,12.1,2.2,1,0.881,2.42,-3.94,-2.989,1,5,0.0757,0.0664,0.0757,0.0738
174.006,1,0.747,-5.49,3.76,5,78.6,20.96,0.07,-0.0104,0.07,-0.002,0.009,-3.63,-1.135,40.34,12.1,2.2,1,0.877,2.42,-3.33,-1.506,1,5,0.0683,0.0627,0.0738,0.0757
174.04,1,0.743,-5.49,4.04,5,78.5,20.96,0.07,-0.0186,0.071,-0.001,-0.006,-3.628,-1.133,40.34,12.1,2.2,1,0.88,2.42,-1.91,-1.921,1,5,0.0705,0.0668,0.0742,0.0742
174.072,1,0.729,-4.99,3.7,5,78.7,20.96,0.07,-0.0226,0.072,0.001,-0.002,-3.627,-1.132,40.34,12.1,2.2,1,0.877,2.42,-3.32,-3.226,1,5,0.0723,0.0742,0.0723,0.0705
174.105,1,0.683,-4.99,3.8,5,78.9,20.96,0.07,-0.0225,0.073,0.005,-0.02,-3.624,-1.13,40.28,12.1,2.2,1,0.879,2.42,-2.38,-1.027,1,5,0.0742,0.0797,0.076,0.0612
174.145,1,0.6,-4.99,5.09,5,79.1,20.96,0.07,-0.0234,0.073,0.004,-0.062,-3.622,-1.128,40.16,12.1,1.18,1,0.879,2.42,-2.38,-1.027,1,5,0.0754,0.0736,0.0791,0.0625
174.171,1,0.612,-4.99,5.16,5,79.3,20.96,0.07,-0.0451,0.072,0.002,-0.073,-3.621,-1.127,40.11,12.1,1.18,1,0.882,2.42,-4.28,-3.704,1,5,0.0754,0.068,0.0809,0.0644
174.204,1,0.617,-4.99,5.08,5,79.1,20.96,0.07,-0.0462,0.071,0.002,-0.092,-3.619,-1.125,39.94,12.1,1.18,1,0.881,1.94,-3.97,-3.224,1,5,0.0729,0.062,0.0839,0.0638
174.271,1,0.733,-5.24,2.48,5,79.0,20.46,0.07,-0.0441,0.068,0.002,-0.06,-3.616,-1.122,39.65,12.1,1.18,1,0.883,0.97,-5.17,-3.229,1,5,0.0783,0.0601,0.0801,0.0528
174.305,1,0.772,-5.24,2.68,5,79.2,20.46,0.07,0.0044,0.07,0.001,-0.024,-3.614,-1.12,39.53,12.1,1.18,1,0.887,0.48,-6.7,-3.691,1,5,0.0807,0.0624,0.0807,0.0569
174.342,1,0.704,-4.99,3.52,5,79.1,20.96,0.07,0.0007,0.072,0.002,-0.03,-3.612,-1.118,39.48,12.1,1.18,1,0.887,0.48,-6.7,-3.691,1,5,0.0741,0.063,0.0852,0.0648
174.371,1,0.668,-4.99,2.01,5,78.7,20.96,0.07,-0.017,0.072,0.002,-0.013,-3.611,-1.118,39.48,12.1,-1.68,1,0.887,0.48,-6.7,-3.691,1,5,0.0703,0.0629,0.0851,0.0685
174.406,1,0.645,-4.99,2.68,5,78.3,20.96,0.07,0.0095,0.07,0.001,-0.03,-3.608,-1.116,39.42,12.1,-1.68,1,0.863,2.42,-7.74,-6.022,1,5,0.0703,0.0629,0.0796,0.0685
174.441,1,0.77,-4.49,1.5,5,77.8,20.96,0.07,-0.0021,0.07,0.003,-0.036,-3.606,-1.114,39.36,12.1,-1.68,1,0.846,6.79,2.74,-3.892,1,5,0.0722,0.0685,0.0777,0.0611
174.472,1,0.811,-4.49,1.94,5,77.7,20.96,0.07,0.0127,0.072,0.004,-0.022,-3.605,-1.113,39.3,12.1,-1.68,1,0.877,6.3,5.47,-1.699,1,5,0.0759,0.0741,0.0778,0.0593
174.507,1,0.83,-4.49,1.21,5,76.9,20.56,0.07,0.0054,0.073,0.006,-0.022,-3.603,-1.111,39.25,12.1,-1.68,1,0.845,8.72,3.62,-3.578,1,5,0.0776,0.0776,0.0795,0.0573
174.54,1,0.799,-4.49,0.92,5,76.4,20.2,0.07,0.0185,0.072,0.004,-0.04,-3.602,-1.11,39.19,12.1,-1.68,1,0.849,11.15,13.9,-2.854,1,5,0.0749,0.0749,0.0767,0.0602
174.573,1,0.762,-4.49,0.76,5,76.5,20.2,0.07,0.0239,0.071,0.002,-0.027,-3.601,-1.109,39.19,12.09,-3.99,1,0.849,11.15,13.9,-2.854,1,5,0.0767,0.073,0.073,0.0602
174.605,1,0.742,-4.24,0.28,5,76.7,19.85,0.07,0.0268,0.069,-0.0,-0.035,-3.599,-1.107,39.08,12.09,-3.99,1,0.849,11.15,13.9,-2.854,1,5,0.0749,0.0694,0.0675,0.0639
174.638,1,0.824,-3.99,-0.35,5,76.7,20.56,0.07,0.0324,0.067,-0.001,-0.04,-3.597,-1.106,39.02,12.09,-3.99,1,0.88,10.18,12.51,0.0,1,5,0.0742,0.0668,0.0649,0.0612
174.673,1,0.839,-3.99,-0.21,5,76.9,20.56,0.07,0.0407,0.067,-0.001,-0.034,-3.596,-1.105,38.96,12.09,-3.99,1,0.879,10.18,12.48,1.669,1,5,0.0742,0.0649,0.0668,0.0631
174.708,1,0.846,-3.74,-1.09,5,77.3,20.46,0.07,0.0386,0.067,-0.0,-0.001,-3.594,-1.103,38.96,12.09,-3.99,1,0.879,10.18,12.48,1.669,1,5,0.0686,0.0631,0.0705,0.0649
174.738,1,0.836,-3.24,-1.67,5,77.4,20.57,0.07,0.0514,0.069,0.005,0.008,-3.592,-1.101,38.96,12.09,-3.99,1,0.873,10.18,11.13,0.392,1,5,0.0631,0.0668,0.0797,0.0649
174.77,1,0.824,-2.99,-1.24,5,77.3,20.2,0.07,0.056,0.069,0.006,0.029,-3.591,-1.1,39.02,12.09,-4.1,1,0.871,10.18,12.48,1.666,1,5,0.0593,0.0686,0.0816,0.0668
174.808,1,0.837,-2.25,-1.36,5,76.8,20.46,0.07,0.0459,0.07,0.006,0.03,-3.589,-1.098,39.08,12.09,-4.1,1,0.879,10.66,11.74,-1.215,1,5,0.0593,0.0704,0.0815,0.0685
174.839,1,0.804,-1.5,-1.15,5,76.6,20.56,0.07,0.0402,0.069,0.004,0.062,-3.587,-1.096,39.19,12.09,-4.1,1,0.873,11.15,11.4,-1.601,1,5,0.0556,0.0704,0.0759,0.0704
174.872,1,0.734,2.99,-4.19,5,76.5,20.2,0.07,0.029,0.069,0.004,0.04,-3.586,-1.095,39.25,12.09,-4.1,1,0.875,12.12,12.4,-0.163,1,5,0.0556,0.0759,0.0685,0.0741
174.905,1,0.756,3.49,-2.73,5,76.4,20.2,0.07,0.0268,0.069,0.005,0.06,-3.584,-1.093,39.36,12.09,-4.1,1,0.872,12.6,12.06,-0.538,1,5,0.0556,0.0835,0.0649,0.0723
174.939,1,0.792,-0.5,-0.9,5,76.9,20.56,0.07,0.0024,0.068,0.004,0.021,-3.582,-1.092,39.42,12.09,-4.1,1,0.865,13.09,12.69,-2.096,1,5,0.0593,0.0816,0.0612,0.0686
175.005,1,0.798,-0.5,-0.81,5,77.8,20.56,0.07,0.0221,0.063,0.0,0.008,-3.579,-1.089,39.48,12.09,-2.12,1,0.88,13.09,13.24,-0.797,1,5,0.0631,0.0742,0.0519,0.0631
175.04,1,0.794,-0.5,-0.83,5,78.0,20.96,0.07,0.0199,0.064,-0.001,-0.004,-3.576,-1.088,39.42,12.09,-2.12,1,0.88,13.09,13.24,-0.797,1,5,0.0649,0.0705,0.0556,0.0668
175.07,1,0.785,-0.5,-0.7,5,78.2,20.56,0.07,0.0198,0.067,-0.002,0.005,-3.575,-1.087,39.42,12.09,-2.12,1,0.87,10.66,12.58,2.414,1,5,0.0649,0.0686,0.0612,0.0723
175.106,1,0.777,-0.5,-0.69,5,78.0,20.56,0.07,0.0174,0.07,-0.001,-0.025,-3.573,-1.085,39.36,12.09,-2.12,1,0.87,10.66,12.58,2.414,1,5,0.0705,0.0668,0.0723,0.0723
175.137,1,0.787,-0.5,-0.85,5,77.9,20.56,0.07,0.0169,0.075,-0.001,0.046,-3.571,-1.083,39.42,12.09,-2.12,1,0.882,9.21,6.56,-1.853,1,5,0.0797,0.0667,0.0815,0.0722
175.17,1,0.785,0.0,-1.23,5,77.7,20.96,0.07,0.0195,0.077,-0.001,0.007,-3.569,-1.082,39.42,12.1,0.66,1,0.882,9.69,6.07,-2.376,1,5,0.0834,0.0685,0.0834,0.0722
175.206,1,0.79,0.0,-1.37,5,77.3,20.96,0.07,0.02,0.077,0.0,-0.004,-3.567,-1.08,39.42,12.1,0.66,1,0.856,7.27,7.6,0.369,1,5,0.0797,0.0722,0.0834,0.0741
175.242,1,0.789,0.0,-0.75,5,78.6,20.56,0.07,0.0229,0.074,0.004,0.006,-3.565,-1.078,39.42,12.1,0.66,1,0.854,3.39,-1.54,-2.276,1,5,0.0705,0.0779,0.0779,0.0705
175.27,1,0.763,0.5,-1.47,5,78.9,20.96,0.07,0.0125,0.074,0.005,0.02,-3.564,-1.077,39.48,12.1,0.66,1,0.879,3.39,-5.44,-7.159,1,5,0.0686,0.0816,0.076,0.0705
175.306,1,0.79,0.5,-1.28,5,79.2,20.96,0.07,0.0189,0.072,0.006,0.003,-3.562,-1.075,39.48,12.1,0.66,1,0.882,4.36,-4.42,-2.153,1,5,0.0668,0.0835,0.0723,0.0649
175.342,1,0.793,0.5,-1.22,5,79.4,20.96,0.07,0.0163,0.07,0.005,-0.023,-3.56,-1.073,39.42,12.1,0.66,1,0.882,4.36,-4.42,-2.153,1,5,0.0649,0.0797,0.0686,0.0649
175.369,1,0.792,0.25,-0.83,5,79.7,20.46,0.07,0.0156,0.068,0.005,-0.013,-3.559,-1.072,39.42,12.1,0.14,1,0.875,4.36,-4.07,-1.383,1,5,0.0631,0.0779,0.0668,0.0631
175.405,1,0.802,0.5,-1.1,5,79.5,20.96,0.07,0.0123,0.069,0.001,0.013,-3.557,-1.071,39.42,12.1,0.14,1,0.873,4.36,-3.8,-6.356,1,5,0.0649,0.0723,0.0686,0.0705
175.438,1,0.796,0.5,-1.19,5,79.4,20.96,0.07,0.014,0.071,0.003,-0.006,-3.555,-1.069,39.36,12.1,0.14,1,0.873,4.36,-3.8,-6.356,1,5,0.0686,0.0723,0.076,0.0686
175.471,1,0.798,0.5,-1.07,5,79.3,20.96,0.07,0.0158,0.073,0.002,-0.007,-3.553,-1.068,39.36,12.1,0.14,1,0.873,4.36,-2.86,-4.22,1,5,0.0705,0.0705,0.0797,0.0705
175.503,1,0.795,0.25,-0.85,5,78.9,20.46,0.07,0.0139,0.074,0.003,-0.018,-3.551,-1.066,39.36,12.1,0.14,1,0.868,4.36,-2.82,-4.215,1,5,0.0705,0.0705,0.0835,0.0705
175.541,1,0.79,0.0,-0.85,5,78.9,20.81,0.07,0.0131,0.076,0.001,-0.011,-3.549,-1.064,39.36,12.1,0.14,1,0.868,4.36,-2.82,-4.222,1,5,0.0742,0.0723,0.0816,0.076
175.577,1,0.79,0.0,-0.87,5,78.7,20.81,0.07,0.0159,0.077,0.0,0.005,-3.548,-1.063,39.36,12.09,-1.99,1,0.848,7.27,-2.0,-5.19,1,5,0.0742,0.0742,0.0797,0.0779
175.604,1,0.803,0.0,-0.66,5,78.4,20.96,0.07,0.0159,0.077,-0.0,0.003,-3.545,-1.061,39.36,12.09,-1.99,1,0.848,7.27,-2.0,-5.19,1,5,0.076,0.0779,0.076,0.0797
175.636,1,0.807,0.25,-1.22,5,78.2,20.56,0.07,0.0121,0.078,-0.001,0.009,-3.544,-1.06,39.36,12.09,-1.99,1,0.843,10.18,7.75,-0.15,1,5,0.076,0.0779,0.076,0.0816
175.672,1,0.802,0.5,-1.19,5,78.2,20.56,0.07,0.0186,0.077,-0.0,0.008,-3.542,-1.058,39.42,12.09,-1.99,1,0.835,12.6,8.33,-2.02,1,5,0.076,0.0779,0.0742,0.0779
175.705,1,0.8,0.5,-1.15,5,78.5,20.96,0.07,0.0152,0.076,-0.001,0.021,-3.539,-1.056,39.42,12.09,-1.99,1,0.835,12.6,8.33,-2.02,1,5,0.076,0.0779,0.0705,0.0779
175.74,1,0.807,0.5,-1.22,5,79.0,20.96,0.07,0.0148,0.074,-0.001,0.007,-3.537,-1.054,39.42,12.09,-1.99,1,0.835,12.6,8.33,-2.02,1,5,0.0723,0.076,0.0686,0.0779
175.771,1,0.816,0.5,-1.19,5,79.4,20.96,0.07,0.0163,0.072,-0.001,0.001,-3.536,-1.053,39.42,12.09,-2.94,1,0.817,14.06,15.68,5.131,1,5,0.0723,0.0742,0.0668,0.0742
175.803,1,0.815,0.5,-1.19,5,79.6,20.96,0.07,0.016,0.071,-0.001,-0.03,-3.534,-1.052,39.36,12.09,-2.94,1,0.821,14.06,15.19,3.615,1,5,0.0705,0.0705,0.0705,0.0742
175.838,1,0.822,0.25,-0.92,5,79.7,20.46,0.07,0.0161,0.07,0.0,-0.019,-3.532,-1.05,39.36,12.09,-2.94,1,0.823,14.06,15.5,0.0,0,5,0.0723,0.0668,0.0742,0.0686
175.87,1,0.806,0.0,-0.97,5,79.9,20.81,0.07,0.0144,0.073,-0.0,-0.038,-3.53,-1.049,39.3,12.09,-2.94,1,0.818,13.57,16.72,0.0,0,5,0.0741,0.0667,0.0778,0.0722
175.903,1,0.82,0.0,-1.25,5,79.5,20.96,0.07,0.0182,0.074,-0.0,-0.002,-3.528,-1.047,39.3,12.09,-2.94,1,0.82,13.09,16.51,0.0,0,5,0.0775,0.0683,0.0794,0.072
175.939,1,0.824,0.0,-1.27,5,80.0,20.96,0.07,0.0226,0.076,0.0,0.008,-3.526,-1.045,39.3,12.09,-2.94,1,0.82,13.09,16.51,0.0,0,5,0.0775,0.072,0.0794,0.0738
175.97,1,0.819,0.25,-1.41,5,80.7,20.46,0.07,0.0229,0.077,0.001,0.017,-3.524,-1.044,39.36,12.09,-0.02,1,0.812,9.21,9.58,0.0,0,5,0.0739,0.0795,0.0758,0.0776
176.004,1,0.824,0.5,-1.33,5,81.0,20.81,0.07,0.022,0.076,0.0,0.02,-3.522,-1.042,39.42,12.09,-0.02,1,0.812,9.69,10.33,0.0,0,5,0.0718,0.081,0.0718,0.0792
176.038,1,0.839,0.5,-1.11,5,80.9,20.56,0.07,0.0177,0.074,-0.003,0.039,-3.52,-1.04,39.48,12.09,-0.02,1,0.812,9.69,10.33,0.0,0,5,0.0718,0.0773,0.0644,0.081
176.07,1,0.835,0.5,-1.16,5,81.1,20.44,0.07,0.0142,0.072,-0.002,0.064,-3.519,-1.039,39.53,12.09,-0.02,1,0.812,9.69,10.33,0.0,0,5,0.0694,0.0785,0.0621,0.0785
176.105,1,0.837,0.5,-1.15,5,81.1,20.56,0.07,0.0152,0.068,-0.001,0.029,-3.517,-1.038,39.65,12.09,-0.02,1,0.804,5.33,3.0,0.0,0,5,0.0662,0.0772,0.057,0.0717
176.139,1,0.843,0.5,-1.02,5,80.7,20.56,0.07,0.0153,0.068,-0.001,0.006,-3.514,-1.036,39.71,12.09,-0.02,1,0.816,5.33,6.02,0.0,0,5,0.0644,0.0754,0.057,0.0736
176.173,1,0.833,0.5,-1.02,5,80.7,20.96,0.07,0.0131,0.067,-0.003,0.015,-3.513,-1.035,39.71,12.13,2.17,1,0.816,5.33,6.02,0.0,0,5,0.0649,0.0705,0.0575,0.076
176.205,1,0.834,0.5,-0.72,5,80.1,20.96,0.07,0.0131,0.069,-0.004,0.015,-3.511,-1.034,39.71,12.13,2.17,1,0.816,5.33,6.02,0.0,0,5,0.0668,0.0668,0.0631,0.0779
176.24,1,0.832,0.5,-0.57,5,79.6,20.56,0.07,0.008,0.072,-0.002,0.042,-3.509,-1.032,39.82,12.13,2.17,1,0.804,3.88,8.89,0.0,0,5,0.0705,0.0686,0.0705,0.0779
176.273,1,0.828,0.5,-0.44,5,78.6,20.56,0.07,0.0053,0.071,-0.001,0.017,-3.508,-1.031,39.88,12.13,2.17,1,0.812,2.42,2.53,0.0,0,5,0.0686,0.0686,0.0723,0.076
176.305,1,0.826,1.0,-0.99,5,78.3,20.56,0.07,0.0031,0.072,-0.002,0.032,-3.505,-1.029,39.94,12.13,2.17,1,0.812,2.42,2.53,0.0,0,5,0.0705,0.0723,0.0668,0.0779
176.341,1,0.814,1.0,-1.19,5,78.3,20.56,0.07,0.0069,0.07,-0.001,0.056,-3.503,-1.027,39.99,12.13,2.17,1,0.812,2.42,2.53,0.0,0,5,0.0668,0.0742,0.0631,0.076
176.369,1,0.808,1.0,-0.45,5,78.3,20.44,0.07,0.0107,0.07,-0.003,0.051,-3.502,-1.026,40.05,12.13,3.65,1,0.811,3.39,3.7,0.0,0,5,0.0686,0.076,0.0593,0.0779
176.405,1,0.804,1.25,-0.67,5,78.9,20.56,0.07,-0.0018,0.07,-0.001,0.052,-3.5,-1.025,40.16,12.13,3.65,1,0.811,3.39,3.7,0.0,0,5,0.0649,0.0797,0.0593,0.0779
176.44,1,0.798,1.25,-0.44,5,79.1,20.81,0.07,-0.0007,0.069,-0.003,0.005,-3.498,-1.023,40.28,12.13,3.65,1,0.811,3.39,3.7,0.0,0,5,0.0668,0.0779,0.0538,0.0779
176.469,1,0.794,1.25,-0.29,5,79.2,20.81,0.07,-0.0044,0.069,-0.004,0.005,-3.497,-1.022,40.28,12.13,3.65,1,0.811,3.39,3.7,0.0,0,5,0.0686,0.0779,0.0519,0.0779
176.503,1,0.802,1.25,-0.55,5,78.9,20.56,0.07,-0.0068,0.066,-0.006,-0.005,-3.495,-1.021,40.28,12.13,3.65,1,0.811,3.39,3.7,0.0,0,5,0.0686,0.0705,0.0501,0.076
176.54,1,0.799,1.25,-0.62,5,79.1,20.56,0.07,-0.0021,0.065,-0.006,0.021,-3.493,-1.02,40.28,12.13,3.65,1,0.811,3.39,3.7,0.0,0,5,0.0667,0.0649,0.0523,0.0758
176.573,1,0.801,1.25,-0.7,5,78.6,20.56,0.07,-0.0006,0.064,-0.004,0.034,-3.492,-1.019,40.28,12.16,4.54,1,0.811,3.39,3.7,0.0,0,5,0.0629,0.0647,0.0557,0.0719
176.606,1,0.803,1.25,-0.46,5,78.3,20.81,0.07,0.0007,0.065,-0.003,0.014,-3.49,-1.017,40.34,12.16,4.54,1,0.812,1.45,9.58,0.0,0,5,0.0625,0.0607,0.0643,0.0732
176.64,1,0.797,1.25,-0.44,5,78.4,20.81,0.07,-0.0034,0.066,-0.002,-0.011,-3.488,-1.015,40.39,12.16,4.54,1,0.816,-0.97,3.32,0.0,0,5,0.0624,0.0624,0.066,0.0734
176.67,1,0.79,1.5,-0.68,5,78.4,20.81,0.07,-0.0036,0.067,-0.003,0.034,-3.487,-1.015,40.39,12.16,4.54,1,0.816,-0.97,3.32,0.0,0,5,0.0663,0.0626,0.0663,0.0736
176.706,1,0.795,1.5,-0.29,5,78.5,20.44,0.07,-0.0026,0.069,-0.003,0.026,-3.484,-1.013,40.51,12.16,4.54,1,0.816,-0.97,3.32,0.0,0,5,0.0649,0.0686,0.0631,0.0779
176.74,1,0.801,1.5,-0.29,5,78.7,20.56,0.07,-0.0089,0.07,-0.001,0.036,-3.482,-1.011,40.57,12.16,4.54,1,0.829,0.0,2.65,0.0,0,5,0.0649,0.0742,0.0631,0.0779
176.77,1,0.8,1.5,0.02,5,78.5,20.81,0.07,-0.009,0.069,-0.001,0.034,-3.481,-1.01,40.62,12.16,5.01,1,0.829,0.0,2.65,0.0,0,5,0.0649,0.0742,0.0612,0.076
176.804,1,0.809,2.0,-0.1,5,78.4,20.44,0.07,-0.0142,0.069,0.0,0.016,-3.479,-1.008,40.68,12.16,5.01,1,0.82,0.48,3.42,0.0,0,5,0.0685,0.0778,0.0611,0.0704
176.836,1,0.8,1.75,0.21,5,78.4,20.44,0.07,-0.0178,0.07,-0.0,0.014,-3.478,-1.007,40.68,12.16,5.01,1,0.822,0.48,4.42,0.0,0,5,0.0704,0.0778,0.0611,0.0704
176.87,1,0.802,1.75,-0.01,5,78.5,20.2,0.07,-0.0197,0.071,-0.001,-0.017,-3.476,-1.006,40.68,12.16,5.01,1,0.83,0.48,5.75,0.0,0,5,0.0722,0.0722,0.0667,0.0722
176.904,1,0.797,1.5,-0.02,5,78.5,20.81,0.07,-0.0157,0.071,-0.004,-0.026,-3.473,-1.004,40.57,12.16,5.01,1,0.83,0.48,5.75,0.0,0,5,0.0742,0.0649,0.0705,0.076
176.935,1,0.797,1.5,-0.25,5,78.6,20.44,0.07,-0.0126,0.069,-0.004,-0.023,-3.472,-1.003,40.57,12.16,5.01,1,0.819,0.48,6.22,0.0,0,5,0.0723,0.0612,0.0686,0.0742
176.97,1,0.796,1.5,-0.24,5,78.5,20.44,0.07,-0.0086,0.067,-0.006,-0.01,-3.47,-1.002,40.51,12.16,5.52,1,0.816,0.0,6.47,0.0,0,5,0.0742,0.0612,0.0612,0.0705
177.004,1,0.803,1.25,-0.4,5,78.3,20.46,0.07,-0.009,0.065,-0.006,0.019,-3.468,-1.0,40.51,12.16,5.52,1,0.816,0.0,6.47,0.0,0,5,0.0742,0.0631,0.0538,0.0686
177.037,1,0.802,1.5,-0.54,5,78.4,20.81,0.07,-0.0034,0.069,-0.006,0.056,-3.466,-0.998,40.62,12.16,5.52,1,0.812,-0.48,8.65,0.0,0,5,0.076,0.0649,0.0556,0.0705
177.071,1,0.803,1.5,-0.05,5,78.6,20.81,0.07,-0.0043,0.069,-0.005,0.024,-3.465,-0.998,40.68,12.16,5.52,1,0.807,0.48,8.38,0.0,0,5,0.0723,0.0668,0.0612,0.076
177.105,1,0.802,1.5,-0.03,5,78.5,20.81,0.07,-0.0127,0.069,-0.003,0.03,-3.463,-0.996,40.74,12.16,5.52,1,0.807,0.48,8.38,0.0,0,5,0.068,0.0699,0.0625,0.0772
177.139,1,0.796,1.75,0.22,5,78.4,20.44,0.07,-0.0131,0.069,-0.002,0.047,-3.46,-0.994,40.85,12.16,5.52,1,0.802,0.48,10.26,0.0,0,5,0.0662,0.0717,0.0625,0.0772
177.173,1,0.792,1.75,0.11,5,78.2,20.46,0.07,-0.0203,0.069,-0.002,0.011,-3.459,-0.993,40.91,12.14,5.87,1,0.802,0.48,10.26,0.0,0,5,0.0638,0.0748,0.0584,0.0784
177.203,1,0.783,1.5,0.36,5,77.9,20.96,0.07,-0.0182,0.068,-0.003,-0.017,-3.457,-0.992,40.85,12.14,5.87,1,0.802,0.48,10.26,0.0,0,5,0.068,0.0717,0.0588,0.0736
177.238,1,0.784,1.5,-0.04,5,78.0,20.81,0.07,-0.0195,0.065,-0.004,-0.023,-3.455,-0.99,40.79,12.14,5.87,1,0.802,0.48,10.26,0.0,0,5,0.0694,0.0675,0.0584,0.073
177.27,1,0.793,1.25,-0.09,5,78.0,20.46,0.07,-0.0126,0.065,-0.004,-0.005,-3.454,-0.989,40.79,12.14,5.87,1,0.802,0.48,10.26,0.0,0,5,0.068,0.0588,0.0625,0.0699
177.305,1,0.8,1.25,-0.12,5,77.9,20.46,0.07,-0.0086,0.064,-0.004,-0.003,-3.452,-0.988,40.79,12.14,5.87,1,0.802,0.48,10.26,0.0,0,5,0.0662,0.057,0.0625,0.0699
177.335,1,0.808,1.25,-0.15,5,77.7,20.44,0.07,-0.0084,0.063,-0.003,0.001,-3.451,-0.987,40.79,12.14,5.87,1,0.773,-2.91,12.76,0.0,0,5,0.0648,0.0593,0.0611,0.0685
177.369,1,0.789,1.0,0.05,5,77.4,20.56,0.07,-0.008,0.064,-0.004,-0.009,-3.449,-0.985,40.79,12.14,6.51,1,0.765,-4.85,5.64,0.0,0,5,0.0686,0.0593,0.0612,0.0668
177.404,1,0.778,1.0,0.2,5,77.2,20.56,0.07,-0.0086,0.065,-0.006,-0.006,-3.447,-0.984,40.79,12.14,6.51,1,0.761,-4.85,6.2,0.0,0,5,0.0701,0.0591,0.0591,0.0701
177.44,1,0.78,1.5,-0.26,5,76.5,20.96,0.07,-0.0117,0.065,-0.009,0.003,-3.444,-0.983,40.79,12.14,6.51,1,0.763,-4.85,6.55,0.0,0,5,0.0738,0.0591,0.0535,0.0738
177.472,1,0.796,1.5,-0.31,5,76.0,20.56,0.07,-0.0099,0.066,-0.008,0.012,-3.443,-0.982,40.79,12.14,6.51,1,0.763,-4.85,6.55,0.0,0,5,0.0738,0.0627,0.0535,0.0738
177.504,1,0.809,1.5,-0.08,5,76.4,20.81,0.07,-0.0089,0.069,-0.004,0.078,-3.441,-0.98,40.91,12.14,6.51,1,0.763,-4.85,6.55,0.0,0,5,0.0705,0.0705,0.0593,0.0742
177.539,1,0.807,2.0,-0.06,5,77.2,20.56,0.07,-0.0125,0.072,0.001,0.072,-3.44,-0.978,41.08,12.14,6.51,1,0.763,-4.85,6.55,0.0,0,5,0.0667,0.0793,0.0667,0.0757
177.572,1,0.806,2.0,0.55,5,77.0,20.56,0.07,-0.0187,0.073,0.002,0.004,-3.438,-0.977,41.14,12.17,6.82,1,0.763,-4.85,6.55,0.0,0,5,0.0664,0.0808,0.0682,0.0754
177.604,1,0.799,1.75,0.65,5,76.5,20.46,0.07,-0.029,0.071,-0.002,-0.019,-3.436,-0.975,41.08,12.17,6.82,1,0.763,-4.85,6.55,0.0,0,5,0.0678,0.075,0.0625,0.0785
177.637,1,0.782,1.5,0.64,5,76.5,20.56,0.07,-0.0272,0.07,-0.007,0.007,-3.434,-0.974,41.02,12.17,6.82,1,0.763,-4.85,6.55,0.0,0,5,0.0696,0.0696,0.0607,0.0785
177.67,1,0.779,1.5,0.55,5,76.7,20.56,0.07,-0.0239,0.07,-0.006,0.005,-3.433,-0.973,41.02,12.17,6.82,1,0.753,-3.88,9.23,0.0,0,5,0.0736,0.0626,0.0644,0.0773
177.706,1,0.783,1.5,0.41,5,76.5,20.56,0.07,-0.0226,0.071,-0.001,-0.006,-3.431,-0.971,41.02,12.17,6.82,1,0.753,-3.88,9.23,0.0,0,5,0.0704,0.0648,0.0741,0.0741
177.735,1,0.795,1.25,0.5,5,76.7,20.46,0.07,-0.0204,0.072,-0.001,-0.018,-3.429,-0.97,41.02,12.17,6.82,1,0.682,-3.88,0.6,0.0,0,4,0.0722,0.0667,0.0759,0.0741
177.775,1,0.797,1.0,0.57,5,76.4,20.81,0.07,-0.019,0.073,-0.0,-0.029,-3.427,-0.968,40.97,12.17,7.31,1,0.682,-3.88,0.6,0.0,0,4,0.0722,0.0685,0.0759,0.0741
177.804,1,0.795,1.0,0.47,5,76.5,20.56,0.07,-0.0174,0.072,-0.003,-0.01,-3.425,-0.966,40.91,12.17,7.31,1,0.677,-4.36,1.33,0.0,0,4,0.0759,0.0629,0.0759,0.074
177.839,1,0.788,1.0,0.61,5,76.6,20.56,0.07,-0.0162,0.073,-0.003,-0.041,-3.423,-0.965,40.85,12.17,7.31,1,0.677,-4.36,1.33,0.0,0,4,0.0777,0.0629,0.0759,0.074
177.871,1,0.794,1.0,0.35,5,76.8,20.56,0.07,-0.0189,0.071,-0.004,-0.05,-3.422,-0.964,40.79,12.17,7.31,1,0.677,-4.36,1.33,0.0,0,4,0.0797,0.063,0.0722,0.0704
177.906,1,0.798,1.0,0.28,5,76.4,20.56,0.07,-0.0146,0.07,-0.002,0.038,-3.419,-0.962,40.79,12.17,7.31,1,0.685,-4.85,6.03,0.0,0,4,0.0797,0.0741,0.063,0.0648
177.937,1,0.795,1.0,0.2,5,76.2,20.44,0.07,-0.0135,0.069,-0.0,0.017,-3.418,-0.961,40.85,12.17,7.31,1,0.678,-4.85,7.21,0.0,0,4,0.0778,0.0759,0.0611,0.0611
177.972,1,0.792,0.75,0.36,5,76.2,20.46,0.07,-0.0122,0.069,0.003,-0.007,-3.416,-0.959,40.79,12.17,7.0,1,0.678,-4.85,7.21,0.0,0,4,0.0741,0.0778,0.0667,0.0593
178.005,1,0.795,0.75,0.53,5,76.1,20.56,0.07,-0.012,0.07,0.002,-0.055,-3.414,-0.957,40.74,12.17,7.0,1,0.678,-4.85,7.21,0.0,0,4,0.0698,0.0661,0.0771,0.0661
178.071,1,0.81,0.75,0.23,5,76.6,20.56,0.07,-0.0156,0.069,-0.001,0.001,-3.411,-0.954,40.62,12.17,7.0,1,0.668,-5.33,11.28,0.0,0,4,0.0667,0.0577,0.0776,0.0722
178.104,1,0.823,0.75,0.23,5,76.9,20.56,0.07,-0.0104,0.067,0.0,-0.027,-3.409,-0.953,40.57,12.17,7.0,1,0.668,-5.33,11.28,0.0,0,4,0.0692,0.0619,0.0729,0.0656
178.137,1,0.835,0.75,-0.06,5,77.4,20.46,0.07,-0.0106,0.067,-0.0,-0.011,-3.408,-0.952,40.51,12.17,7.0,1,0.657,-5.33,15.84,0.0,0,4,0.071,0.0619,0.0729,0.0637
178.172,1,0.832,0.75,-0.17,5,77.3,20.56,0.07,-0.0055,0.068,-0.001,-0.013,-3.406,-0.95,40.45,12.16,6.64,1,0.657,-5.33,15.84,0.0,0,4,0.0759,0.063,0.0704,0.063
178.204,1,0.836,0.5,-0.39,5,76.9,20.56,0.07,-0.0037,0.069,-0.004,-0.006,-3.404,-0.949,40.45,12.16,6.64,1,0.657,-5.33,15.84,0.0,0,4,0.0759,0.0593,0.0704,0.0685
178.238,1,0.838,0.75,-0.34,5,76.8,20.46,0.07,0.0031,0.066,-0.004,-0.012,-3.401,-0.947,40.39,12.16,6.64,1,0.657,-5.33,15.84,0.0,0,4,0.0722,0.0574,0.0667,0.0685
178.303,1,0.858,0.75,-0.1,5,77.2,20.46,0.07,-0.0009,0.064,-0.004,0.013,-3.398,-0.945,40.39,12.16,6.64,1,0.657,-5.82,23.47,0.0,0,4,0.0722,0.0648,0.0555,0.0648
178.335,1,0.859,1.25,-0.55,5,77.4,20.46,0.0771,-0.0052,0.064,-0.002,0.059,-3.397,-0.944,40.45,12.16,6.64,1,0.657,-5.82,23.47,0.0,0,4,0.0703,0.0685,0.0555,0.0629
178.371,1,0.855,1.25,-0.73,5,77.2,20.46,0.0911,-0.0031,0.066,0.002,-0.024,-3.395,-0.942,40.45,12.16,7.49,1,0.657,-5.82,23.47,0.0,0,4,0.0648,0.0722,0.0629,0.0629
178.404,1,0.853,1.25,-0.8,5,76.4,20.46,0.0826,0.0003,0.067,0.003,-0.024,-3.393,-0.94,40.34,12.16,7.49,1,0.661,-5.82,28.86,0.0,0,4,0.0627,0.0646,0.0757,0.0646
178.439,1,0.849,1.25,-0.84,5,75.9,20.46,0.0826,0.0019,0.069,0.005,-0.012,-3.392,-0.938,40.34,12.16,7.49,1,0.661,-5.82,28.86,0.0,0,4,0.0646,0.0627,0.0794,0.0627
178.47,1,0.836,1.5,-1.11,5,75.4,20.56,0.0765,0.0028,0.069,0.004,-0.024,-3.39,-0.937,40.28,12.16,7.49,1,0.659,-5.82,30.15,0.0,0,4,0.0664,0.0627,0.0831,0.0627
178.504,1,0.806,3.99,-3.44,5,75.0,20.56,0.0765,0.0046,0.071,0.004,-0.009,-3.388,-0.935,40.28,12.16,7.49,1,0.659,-5.82,30.15,0.0,0,4,0.0685,0.0703,0.0796,0.0666
178.534,1,0.815,4.24,-3.45,5,74.7,20.56,0.07,0.0163,0.073,0.003,-0.002,-3.387,-0.934,40.28,12.16,7.49,1,0.665,-5.82,32.66,0.0,0,4,0.0703,0.0722,0.0796,0.0703
178.604,1,0.839,2.25,-1.84,5,74.1,21.11,0.07,0.0175,0.077,-0.004,-0.03,-3.382,-0.93,40.28,12.14,7.97,1,0.664,-8.72,32.53,0.0,0,4,0.0868,0.0759,0.0705,0.0759
178.635,1,0.789,5.74,-4.57,5,74.0,21.11,0.07,0.0145,0.074,-0.005,-0.015,-3.381,-0.93,40.22,12.14,7.97,1,0.664,-8.72,32.53,0.0,0,4,0.085,0.0741,0.0633,0.0741
178.702,1,0.811,5.24,-3.64,5,74.3,20.56,0.07,0.0216,0.067,0.001,0.033,-3.377,-0.926,40.39,12.14,7.97,1,0.664,-8.72,35.97,0.0,0,4,0.0648,0.0741,0.063,0.0667
178.734,1,0.803,5.99,-3.56,5,73.3,20.56,0.07,0.0136,0.07,0.003,0.022,-3.376,-0.925,40.45,12.14,7.97,1,0.664,-11.63,34.31,0.0,0,4,0.0648,0.0759,0.0704,0.0685
178.771,1,0.808,6.24,-3.4,5,73.3,20.56,0.07,0.0043,0.069,0.004,-0.011,-3.374,-0.923,40.45,12.14,11.62,1,0.664,-11.63,34.31,0.0,0,4,0.0611,0.0704,0.0741,0.0685
178.804,1,0.832,5.99,-2.96,5,73.7,20.44,0.07,-0.0008,0.066,0.002,0.011,-3.372,-0.921,40.51,12.14,11.62,1,0.664,-11.63,34.31,0.0,0,4,0.0612,0.0686,0.0686,0.0668
178.833,1,0.846,4.74,-2.32,5,74.1,20.44,0.07,-0.0041,0.064,0.001,-0.007,-3.371,-0.921,40.51,12.14,11.62,1,0.672,-15.03,31.59,0.0,0,4,0.0593,0.0668,0.0649,0.0668
178.873,1,0.858,2.99,-0.91,5,74.3,20.44,0.07,0.0002,0.064,0.002,-0.004,-3.369,-0.919,40.51,12.14,11.62,1,0.647,-16.96,27.56,0.0,0,4,0.0575,0.0668,0.0649,0.0668
178.903,1,0.849,5.24,-2.17,5,74.2,20.56,0.07,-0.003,0.066,0.003,0.013,-3.367,-0.917,40.51,12.14,11.62,1,0.646,-17.45,30.0,0.0,0,4,0.0575,0.0686,0.0705,0.0686
178.935,1,0.876,3.99,-1.14,5,74.6,20.56,0.07,-0.0104,0.068,0.003,0.001,-3.366,-0.916,40.51,12.14,11.62,1,0.646,-17.45,30.0,0.0,0,4,0.0612,0.0705,0.0705,0.0686
179.004,1,0.871,3.99,-0.8,5,74.3,20.56,0.07,-0.0139,0.074,-0.004,-0.004,-3.361,-0.912,40.39,12.14,15.87,1,0.664,-22.78,26.34,0.0,0,4,0.0797,0.0741,0.0648,0.0759
179.039,1,0.873,3.74,-0.69,5,74.0,20.56,0.07,-0.0205,0.073,-0.004,0.016,-3.359,-0.911,40.45,12.14,15.87,1,0.664,-22.78,26.34,0.0,0,4,0.0778,0.0741,0.0648,0.0759
179.104,1,0.879,2.75,0.15,5,74.0,20.46,0.07,-0.0203,0.075,0.001,0.032,-3.356,-0.907,40.45,12.14,15.87,1,0.64,-23.75,21.6,0.0,0,4,0.0723,0.076,0.076,0.076
179.135,1,0.88,2.5,0.79,5,73.9,20.0,0.07,-0.0237,0.076,0.001,0.001,-3.354,-0.906,40.51,12.14,15.87,1,0.64,-23.75,21.6,0.0,0,4,0.0723,0.0742,0.0797,0.076
179.204,1,0.851,2.75,-0.25,5,72.9,20.46,0.07,-0.0338,0.07,0.001,-0.018,-3.35,-0.903,40.34,12.17,18.45,1,0.606,-25.69,16.3,0.0,0,4,0.0709,0.0637,0.08,0.0673
179.235,1,0.814,6.24,-3.02,5,72.6,20.56,0.07,-0.0194,0.069,0.003,-0.018,-3.349,-0.902,40.34,12.17,18.45,1,0.621,-24.72,16.61,0.0,0,4,0.067,0.0652,0.0797,0.0652
179.303,1,0.847,2.75,-0.84,5,74.0,20.44,0.07,-0.0108,0.069,0.001,-0.016,-3.345,-0.898,40.22,12.17,18.45,1,0.602,-23.75,16.89,0.0,0,4,0.0701,0.0664,0.0738,0.0664
179.333,1,0.853,2.75,-0.7,5,74.4,20.46,0.07,-0.0051,0.07,-0.002,-0.016,-3.344,-0.897,40.22,12.17,18.45,1,0.592,-22.78,13.32,0.0,0,4,0.076,0.0668,0.0705,0.0686
179.404,1,0.814,5.74,-3.85,5,74.1,20.44,0.07,-0.0098,0.074,-0.005,-0.017,-3.339,-0.894,40.11,12.17,17.64,1,0.601,-21.81,16.16,0.0,0,4,0.0834,0.0722,0.0667,0.0741
179.434,1,0.827,5.99,-3.77,5,74.1,20.44,0.07,0.0088,0.074,-0.005,-0.017,-3.339,-0.894,40.11,12.17,17.64,1,0.621,-20.84,19.79,0.0,0,4,0.0834,0.0722,0.0667,0.0741
179.466,1,0.831,5.99,-2.94,5,73.9,20.56,0.07,0.0057,0.072,-0.003,0.032,-3.337,-0.892,40.11,12.17,17.64,1,0.621,-20.84,19.79,0.0,0,4,0.0795,0.0721,0.0665,0.0702
179.504,1,0.82,5.99,-2.95,5,73.9,20.56,0.07,-0.0066,0.073,0.004,0.012,-3.334,-0.889,40.28,12.17,17.64,1,0.621,-20.84,19.79,0.0,0,4,0.0684,0.0795,0.0739,0.0684
179.533,1,0.841,3.24,-1.14,5,74.2,20.56,0.07,-0.005,0.073,0.004,0.012,-3.334,-0.889,40.28,12.17,17.64,1,0.624,-17.93,26.05,0.0,0,4,0.0684,0.0795,0.0739,0.0684
179.571,1,0.836,2.5,-0.65,5,73.7,20.56,0.07,-0.0033,0.073,0.005,-0.025,-3.331,-0.886,40.22,12.17,16.16,1,0.623,-16.96,27.54,0.0,0,4,0.0645,0.0788,0.077,0.0699
179.6,1,0.834,4.49,-2.02,5,74.3,20.56,0.07,-0.0037,0.07,0.004,-0.037,-3.329,-0.884,40.16,12.17,16.16,1,0.626,-16.48,26.82,0.0,0,4,0.0646,0.0717,0.0753,0.0681
179.634,1,0.837,4.74,-2.32,5,74.4,20.56,0.07,-0.0059,0.07,0.004,-0.037,-3.329,-0.884,40.16,12.17,16.16,1,0.627,-15.99,26.86,0.0,0,4,0.0646,0.0717,0.0753,0.0681
179.704,1,0.846,2.25,-1.0,5,74.8,20.2,0.07,-0.0032,0.07,0.0,-0.029,-3.323,-0.88,39.99,12.17,16.16,1,0.625,-14.54,27.91,0.0,0,4,0.0778,0.0648,0.0759,0.063
179.733,1,0.829,5.49,-2.73,5,74.1,20.81,0.07,0.0036,0.07,0.0,-0.029,-3.323,-0.88,39.99,12.17,16.16,1,0.625,-14.54,27.91,0.0,0,4,0.0778,0.0648,0.0759,0.063
179.803,1,0.838,4.24,-0.88,5,74.0,22.04,0.07,-0.0059,0.071,-0.002,-0.003,-3.318,-0.875,39.88,12.17,18.19,1,0.621,-12.12,30.9,0.0,0,4,0.0778,0.0741,0.0648,0.0685
179.833,1,0.834,4.49,0.07,5,73.9,22.04,0.07,-0.0219,0.071,-0.002,-0.003,-3.318,-0.875,39.88,12.17,18.19,1,0.627,-11.63,33.0,0.0,0,4,0.0778,0.0741,0.0648,0.0685
179.905,1,0.835,4.74,3.01,5,74.4,21.62,0.07,-0.0418,0.073,0.002,-0.045,-3.312,-0.87,39.99,12.17,18.19,1,0.597,-10.18,38.91,0.0,0,4,0.0704,0.0704,0.0797,0.0704
179.933,1,0.832,2.5,4.38,5,74.6,20.96,0.07,-0.096,0.073,0.002,-0.045,-3.312,-0.87,39.99,12.17,18.19,1,0.597,-10.18,38.91,0.0,0,4,0.0704,0.0704,0.0797,0.0704
