t,valid,conf,lat_mm,head_deg,bandas,contraste,larg_mm,vx,wz,odom_vx,odom_vy,odom_wz,x_m,y_m,yaw_deg,volts,perfil,servo,f_valid,f_conf,f_lat_mm,f_head_deg,f_curv,f_curv_ok,f_bandas,fl,fr,rl,rr
0.02,1,0.912,-2.99,-1.19,5,76.8,21.02,0.0209,0.046,0.0,0.0,-0.001,-0.759,-1.212,76.66,11.7,1,-0.12,1,0.949,8.72,0.9,-0.509,1,5,0.0,0.0,0.0,0.0
0.056,1,0.916,-2.99,-1.3,5,76.7,21.02,0.0353,0.0477,0.001,-0.0,0.0,-0.759,-1.212,76.66,11.68,1,-1.2,1,0.947,8.72,0.9,-0.509,1,5,0.0,0.0,0.0018,0.0037
0.15,1,0.914,-2.75,-1.23,5,76.6,20.81,0.0699,0.0496,0.009,0.004,0.021,-0.76,-1.211,76.72,11.68,1,-1.2,1,0.949,8.72,0.9,-0.506,1,5,0.0037,0.0184,0.0074,0.0055
0.218,1,0.902,-1.75,-0.8,5,76.4,21.02,0.091,0.0456,0.03,0.003,0.071,-0.759,-1.208,76.95,11.68,1,-1.2,1,0.948,9.69,2.11,-0.508,1,5,0.0203,0.0407,0.0259,0.0333
0.256,1,0.912,-1.75,-0.79,5,76.4,20.81,0.1055,0.0265,0.048,0.003,0.021,-0.759,-1.206,77.01,11.68,1,-0.86,1,0.953,10.18,2.94,-3.742,1,5,0.0405,0.0552,0.046,0.0497
0.292,1,0.915,-1.75,-0.45,5,76.4,21.02,0.119,0.0286,0.057,0.001,0.01,-0.758,-1.204,77.01,11.68,1,-0.86,1,0.948,10.66,2.41,-2.614,1,5,0.0516,0.0626,0.0534,0.059
0.323,1,0.914,-1.5,-0.6,5,76.6,21.02,0.126,0.0232,0.075,0.002,0.019,-0.758,-1.201,77.06,11.68,1,-0.86,1,0.946,10.66,3.02,-1.299,1,5,0.0682,0.0792,0.0755,0.0774
0.357,1,0.923,-1.25,-0.56,5,76.5,20.46,0.1401,0.0248,0.093,0.002,0.024,-0.757,-1.197,77.12,11.68,1,-0.86,1,0.961,10.66,3.98,-6.028,1,5,0.0851,0.0925,0.0962,0.0962
0.426,1,0.917,-1.25,-0.34,5,76.4,21.02,0.1359,0.022,0.12,0.003,-0.002,-0.755,-1.189,77.01,11.68,1,-0.86,1,0.952,10.66,3.98,-4.523,1,5,0.1129,0.1184,0.1277,0.1221
0.525,1,0.914,-1.75,-0.47,5,76.3,20.46,0.1079,0.0168,0.142,0.002,0.014,-0.752,-1.175,76.89,11.68,1,-0.34,1,0.959,10.66,1.42,-4.708,1,5,0.1425,0.137,0.1518,0.137
0.662,1,0.909,-2.0,-0.94,5,75.8,21.02,0.1468,0.027,0.136,0.002,0.033,-0.748,-1.156,76.6,11.68,1,-2.18,1,0.94,9.69,0.19,-4.732,1,5,0.1407,0.1351,0.1407,0.1259
0.751,1,0.915,-1.5,-0.62,5,75.9,20.0,0.1063,0.0349,0.142,0.004,0.028,-0.746,-1.145,76.72,11.68,1,-2.18,1,0.93,11.15,-0.27,-7.9,1,5,0.1351,0.1462,0.1462,0.1407
0.818,1,0.912,-2.0,-0.31,5,74.7,20.2,0.1014,0.0235,0.139,0.005,-0.024,-0.744,-1.134,76.72,11.68,1,-2.18,1,0.936,14.54,8.75,-5.639,1,5,0.1302,0.1504,0.1376,0.1376
0.889,1,0.902,-1.75,-0.43,5,74.3,20.2,0.1147,0.0242,0.137,-0.002,0.02,-0.742,-1.126,76.78,11.68,1,-3.9,1,0.936,14.06,7.7,-3.584,1,5,0.1402,0.1383,0.1311,0.1383
0.99,1,0.911,-2.5,-0.07,5,74.4,19.97,0.0937,0.023,0.12,0.002,-0.012,-0.739,-1.114,76.72,11.68,1,-3.9,1,0.954,13.57,6.85,-5.746,1,5,0.1146,0.1202,0.1239,0.122
1.019,1,0.908,-2.5,-0.28,5,74.4,20.2,0.098,0.0263,0.119,0.002,-0.06,-0.738,-1.109,76.66,11.68,1,-3.9,1,0.954,13.57,6.85,-5.746,1,5,0.1109,0.1239,0.1183,0.122
1.055,1,0.915,-2.5,-0.31,5,74.6,20.44,0.098,0.0289,0.119,0.001,-0.03,-0.737,-1.107,76.6,11.68,1,-3.9,1,0.954,13.57,6.85,-5.746,1,5,0.1109,0.1238,0.1164,0.1257
1.09,1,0.913,-2.5,-0.42,5,75.3,20.44,0.112,0.0291,0.121,-0.003,0.068,-0.736,-1.102,76.66,11.65,1,-5.04,1,0.948,16.96,13.46,-5.114,1,5,0.122,0.1201,0.1146,0.1257
1.156,1,0.924,-2.5,-0.67,5,75.9,20.44,0.1324,0.0318,0.115,0.001,0.017,-0.734,-1.093,76.78,11.65,1,-5.04,1,0.953,17.45,12.95,-4.276,1,5,0.1099,0.1154,0.1173,0.1173
1.223,1,0.918,-2.25,-0.32,5,75.7,20.44,0.1531,0.0386,0.117,0.003,-0.026,-0.732,-1.086,76.83,11.65,1,-5.04,1,0.972,17.45,14.23,-3.177,1,5,0.108,0.1263,0.1135,0.119
1.257,1,0.925,-1.75,-0.35,5,75.6,19.85,0.167,0.0277,0.125,0.003,0.017,-0.731,-1.081,76.89,11.65,1,-5.04,1,0.97,17.45,14.21,-3.172,1,5,0.1182,0.1348,0.1219,0.1256
1.356,1,0.931,-1.75,0.13,5,74.8,20.44,0.1814,0.0242,0.159,0.001,0.06,-0.728,-1.065,77.12,11.65,1,-5.04,1,0.965,18.42,15.17,-0.306,1,5,0.1507,0.1599,0.1599,0.1654
1.456,1,0.916,-1.25,-0.33,5,71.4,20.44,0.1824,0.0119,0.186,0.002,0.036,-0.724,-1.047,77.12,11.63,1,-2.31,1,0.951,18.42,14.35,-3.573,1,5,0.1804,0.1894,0.1876,0.1876
1.482,1,0.913,-1.0,-0.66,5,70.1,20.44,0.171,0.0178,0.192,0.001,-0.003,-0.723,-1.043,77.12,11.63,1,-2.31,1,0.951,18.42,14.35,-3.573,1,5,0.1875,0.1929,0.1947,0.1947
1.522,1,0.924,-0.75,-0.85,5,70.0,20.2,0.1669,0.0237,0.196,0.0,0.045,-0.721,-1.035,77.18,11.63,1,-2.31,1,0.944,14.54,8.02,-4.259,1,5,0.1961,0.1943,0.198,0.1943
1.555,1,0.851,-0.75,-0.87,5,64.9,20.46,0.1451,0.0241,0.193,0.005,-0.075,-0.72,-1.028,77.01,11.63,1,-2.31,1,0.943,14.54,9.27,-3.134,1,5,0.183,0.2015,0.1941,0.1923
1.621,1,0.812,-1.0,-1.0,5,62.6,20.44,0.1658,0.0278,0.19,0.003,0.022,-0.717,-1.017,77.06,11.63,1,-2.31,1,0.941,14.06,7.73,-3.584,1,5,0.1833,0.1944,0.1907,0.1907
1.656,1,0.815,-0.75,-1.22,5,62.8,20.44,0.1665,0.0344,0.182,-0.002,0.021,-0.716,-1.01,77.18,11.63,1,-1.8,1,0.935,14.06,7.73,-3.584,1,5,0.1833,0.1759,0.1851,0.1851
1.754,1,0.814,-1.0,-1.0,5,63.4,20.44,0.1787,0.039,0.175,0.003,0.046,-0.713,-0.996,77.12,11.63,1,-1.8,1,0.897,13.57,6.95,-5.75,1,5,0.1683,0.1849,0.172,0.1757
1.783,1,0.813,-1.0,-1.48,5,63.1,20.44,0.1672,0.0349,0.177,0.0,0.076,-0.711,-0.989,77.23,11.63,1,-1.8,1,0.897,13.57,6.95,-5.75,1,5,0.1755,0.1829,0.1718,0.1774
1.821,1,0.792,-0.5,-0.98,5,62.1,20.44,0.143,0.0424,0.178,0.0,-0.05,-0.71,-0.982,77.29,11.63,1,-1.8,1,0.891,14.54,8.41,-4.937,1,5,0.172,0.1812,0.1757,0.183
1.855,1,0.803,-1.0,-0.75,5,62.1,20.44,0.1237,0.0226,0.175,0.007,-0.005,-0.709,-0.975,77.18,11.63,1,-1.8,1,0.891,14.54,8.12,-0.489,1,5,0.1592,0.187,0.1777,0.1777
1.888,1,0.817,-1.0,-1.33,5,62.9,20.44,0.1378,0.0258,0.173,0.009,0.098,-0.708,-0.972,77.29,11.63,1,-1.8,1,0.896,14.06,7.74,-3.584,1,5,0.1536,0.1887,0.1758,0.1739
1.953,1,0.806,0.0,-1.29,5,62.9,20.44,0.1369,0.038,0.165,0.003,0.04,-0.706,-0.962,77.46,11.63,1,-1.8,1,0.887,14.54,9.5,-4.519,1,5,0.1609,0.1683,0.1664,0.1627
2.052,1,0.848,-0.5,-1.51,5,64.6,20.2,0.1722,0.0321,0.147,0.002,0.027,-0.703,-0.948,77.29,11.63,1,-1.8,1,0.89,14.54,8.72,0.689,1,5,0.1414,0.1469,0.1506,0.1488
2.154,1,0.87,-0.75,-1.41,5,66.1,20.44,0.207,0.0499,0.163,0.003,0.026,-0.699,-0.929,77.46,11.62,1,-1.29,1,0.892,14.54,7.85,-1.346,1,5,0.1502,0.1594,0.1557,0.1612
2.19,1,0.884,-0.5,-1.47,5,67.8,20.56,0.2207,0.0519,0.169,0.003,0.043,-0.698,-0.925,77.52,11.62,1,-1.29,1,0.895,14.54,9.77,-3.786,1,5,0.1552,0.1737,0.17,0.1774
2.32,1,0.893,0.5,-0.61,5,69.2,20.56,0.1727,0.0427,0.206,0.002,0.007,-0.692,-0.897,77.92,11.62,1,-0.22,1,0.901,12.6,4.56,-3.377,1,5,0.1941,0.2163,0.1997,0.2126
2.352,1,0.886,0.5,-0.83,5,68.5,20.56,0.1731,0.0085,0.206,0.002,0.007,-0.692,-0.897,77.92,11.62,1,-0.22,1,0.894,13.57,3.52,-2.708,1,5,0.1941,0.2163,0.1997,0.2126
2.452,1,0.888,0.5,-0.15,5,68.0,20.44,0.1696,0.016,0.2,-0.0,0.062,-0.688,-0.879,78.21,11.62,1,-0.22,1,0.895,13.57,5.78,-3.353,1,5,0.195,0.2074,0.1932,0.2056
2.556,1,0.888,0.75,-0.09,5,68.0,20.56,0.1251,-0.0019,0.183,-0.002,0.002,-0.682,-0.853,78.38,11.6,1,0.07,1,0.891,14.54,5.17,-3.362,1,5,0.1812,0.1867,0.1793,0.1995
2.587,1,0.873,0.75,0.01,5,67.2,20.81,0.1393,-0.0058,0.18,-0.001,-0.042,-0.681,-0.849,78.32,11.6,1,0.07,1,0.895,14.06,5.73,-4.439,1,5,0.1722,0.1777,0.1796,0.1907
2.652,1,0.867,0.25,-0.23,5,66.8,20.81,0.1536,-0.0075,0.178,-0.001,-0.011,-0.68,-0.842,78.27,11.6,1,0.07,1,0.894,13.57,5.76,-3.395,1,5,0.1721,0.1776,0.1758,0.1869
2.754,1,0.831,0.25,0.07,5,64.2,21.02,0.1706,0.0042,0.158,-0.007,-0.054,-0.675,-0.824,78.44,11.6,1,-0.33,1,0.885,13.57,6.27,-5.48,1,5,0.1683,0.1516,0.1535,0.1664
2.855,1,0.842,-0.25,-0.15,5,64.6,20.81,0.1878,-0.0041,0.153,-0.002,0.081,-0.672,-0.809,78.44,11.6,1,-0.33,1,0.817,13.09,7.95,1.659,1,5,0.1545,0.1509,0.1509,0.1618
2.888,1,0.83,0.25,0.3,5,63.9,21.02,0.2018,0.0081,0.155,-0.001,-0.057,-0.67,-0.802,78.55,11.6,1,-0.88,1,0.793,13.57,9.49,6.144,1,5,0.1545,0.1563,0.1509,0.1563
2.921,1,0.823,-0.25,0.25,5,63.0,20.56,0.1897,-0.0112,0.163,-0.002,0.034,-0.669,-0.795,78.5,11.6,1,-0.88,1,0.774,13.09,11.06,0.0,0,5,0.1636,0.1618,0.16,0.1654
2.95,1,0.837,-0.25,-0.06,5,63.7,20.56,0.2043,-0.0041,0.163,-0.002,0.034,-0.669,-0.795,78.5,11.6,1,-0.88,1,0.774,13.09,11.06,0.0,0,5,0.1636,0.1618,0.16,0.1654
3.025,1,0.807,-0.25,0.47,5,62.0,21.02,0.1777,0.0043,0.18,-0.0,0.031,-0.666,-0.781,78.55,11.6,1,-0.88,1,0.776,13.57,17.31,0.0,0,5,0.1773,0.1755,0.1828,0.1828
3.052,1,0.793,0.25,0.16,5,61.1,21.02,0.1756,-0.0097,0.183,-0.001,0.056,-0.665,-0.777,78.55,11.6,1,-0.88,1,0.772,14.06,18.76,0.0,0,5,0.1792,0.1774,0.1866,0.1884
3.148,1,0.807,0.5,0.16,5,61.6,21.42,0.1218,-0.0059,0.191,-0.001,-0.003,-0.661,-0.758,78.55,11.57,1,0.97,1,0.719,11.15,26.88,0.0,0,5,0.1849,0.1923,0.1886,0.1997
3.187,1,0.798,0.75,-0.1,5,60.2,21.02,0.1056,-0.0084,0.185,-0.004,0.119,-0.66,-0.751,78.72,11.57,1,0.97,1,0.72,10.66,39.49,0.0,0,5,0.1886,0.183,0.1793,0.1886
3.222,1,0.805,0.75,0.03,5,60.8,21.1,0.0935,-0.0068,0.176,-0.008,-0.109,-0.658,-0.745,78.67,11.57,1,0.97,1,0.66,7.76,49.95,0.0,0,5,0.1867,0.1683,0.1683,0.1812
3.248,1,0.815,0.0,0.0,5,61.6,21.02,0.09,-0.0084,0.172,-0.009,-0.069,-0.657,-0.741,78.55,11.57,1,0.97,1,0.66,7.76,49.95,0.0,0,5,0.1848,0.1626,0.1645,0.1774
3.353,1,0.823,-0.5,-0.79,5,62.3,20.96,0.09,0.0007,0.147,-0.001,0.108,-0.654,-0.727,78.5,11.57,1,4.96,1,0.601,-0.48,66.42,0.0,0,5,0.1462,0.1351,0.1554,0.1499
3.387,1,0.845,-0.75,-0.03,5,63.9,20.81,0.09,0.0202,0.134,-0.003,-0.089,-0.653,-0.722,78.44,11.57,1,4.96,1,0.561,-2.91,66.94,0.0,0,5,0.1405,0.1183,0.1442,0.1331
3.452,1,0.837,-1.0,-0.93,5,63.1,20.81,0.09,0.0088,0.128,-0.001,-0.091,-0.652,-0.715,78.15,11.57,1,4.96,1,0.524,-11.63,69.9,0.0,0,5,0.1368,0.1152,0.1386,0.1224
3.488,1,0.839,-1.25,-0.59,5,63.2,20.81,0.09,0.0269,0.119,0.004,-0.083,-0.651,-0.711,78.04,11.55,1,13.49,1,0.518,-13.09,70.39,0.0,0,5,0.12,0.1128,0.1326,0.1093
3.548,1,0.841,-1.75,-1.12,5,63.4,20.46,0.09,0.023,0.098,0.005,-0.055,-0.65,-0.706,77.81,11.55,1,13.49,1,0.544,-17.45,71.29,0.0,0,5,0.0989,0.0916,0.1135,0.0879
3.649,1,0.851,-2.75,-1.09,5,64.7,20.57,0.09,0.0364,0.078,0.002,-0.05,-0.648,-0.698,77.58,11.55,1,13.49,1,0.552,-25.2,71.54,0.0,0,5,0.0876,0.0694,0.0913,0.0639
3.688,1,0.852,-2.75,-1.48,5,64.6,20.46,0.09,0.0472,0.07,0.002,-0.052,-0.648,-0.695,77.52,11.55,1,19.84,1,0.523,-30.54,70.34,0.0,0,5,0.0771,0.0624,0.0826,0.0587
3.753,1,0.853,-2.75,-1.48,5,64.7,20.46,0.09,0.0524,0.065,0.001,0.008,-0.647,-0.691,77.46,11.55,1,19.84,1,0.527,-33.44,69.98,0.0,0,5,0.0645,0.0627,0.07,0.0645
3.788,1,0.853,-2.5,-1.3,5,64.7,20.57,0.09,0.0518,0.062,0.002,0.044,-0.647,-0.689,77.52,11.55,1,19.84,1,0.558,-36.84,69.92,0.0,0,5,0.0555,0.0666,0.0611,0.0648
3.848,1,0.869,-2.25,-1.36,5,66.0,20.46,0.09,0.0452,0.06,0.0,0.066,-0.646,-0.685,77.69,11.55,1,19.84,1,0.532,-38.78,69.07,0.0,0,5,0.0536,0.0703,0.0499,0.0666
3.887,1,0.878,-1.75,-1.66,5,66.8,20.56,0.09,0.0433,0.06,-0.002,0.027,-0.645,-0.683,77.75,11.55,1,25.28,1,0.558,-41.2,68.75,0.0,0,5,0.0554,0.0702,0.0443,0.0684
3.948,1,0.877,-1.75,-1.24,5,66.6,20.46,0.09,0.0433,0.057,0.0,0.05,-0.645,-0.68,77.86,11.55,1,25.28,1,0.568,-42.65,68.03,0.0,0,5,0.0517,0.0684,0.0462,0.0628
3.987,1,0.873,-1.25,-1.41,5,66.1,20.46,0.09,0.0364,0.057,0.001,0.039,-0.644,-0.678,77.98,11.55,1,25.28,1,0.553,-38.78,68.08,0.0,0,5,0.0497,0.0644,0.0515,0.0626
4.026,1,0.882,-1.25,-0.99,5,66.9,20.44,0.09,0.0339,0.057,0.001,0.096,-0.644,-0.675,78.09,11.55,1,25.28,1,0.543,-36.84,67.15,0.0,0,5,0.0515,0.0644,0.0533,0.0607
4.053,1,0.871,-1.25,-1.11,5,66.0,20.46,0.09,0.0268,0.06,-0.0,0.037,-0.643,-0.673,78.21,11.55,1,25.28,1,0.57,-34.9,67.46,0.0,0,5,0.0533,0.0662,0.0533,0.0625
4.149,1,0.88,-0.25,-0.74,5,66.8,20.46,0.09,0.03,0.066,0.001,0.045,-0.642,-0.667,78.44,11.54,1,29.97,1,0.571,-33.44,66.15,0.0,0,5,0.0572,0.0757,0.0591,0.072
4.187,1,0.895,0.25,-0.49,5,68.2,20.46,0.09,0.0121,0.067,0.004,0.051,-0.642,-0.665,78.55,11.54,1,29.97,1,0.599,-31.02,64.47,0.0,0,5,0.0536,0.0794,0.0628,0.0739
4.248,1,0.872,0.25,1.46,5,69.8,20.56,0.09,0.0036,0.07,0.001,0.036,-0.641,-0.661,78.67,11.54,1,29.97,1,0.599,-31.02,64.47,0.0,0,5,0.061,0.0776,0.0647,0.0776
4.287,1,0.853,0.25,2.75,5,70.3,20.56,0.09,-0.0295,0.073,0.0,0.023,-0.64,-0.658,78.72,11.54,1,35.23,1,0.61,-25.69,63.91,0.0,0,5,0.0666,0.0777,0.0685,0.0777
4.354,1,0.792,0.5,1.44,5,71.1,20.44,0.09,-0.0511,0.071,0.001,0.004,-0.639,-0.652,78.78,11.54,1,35.23,1,0.625,-24.23,61.93,0.0,0,5,0.0646,0.0776,0.0683,0.0757
4.386,1,0.733,0.75,-0.71,4,72.2,20.45,0.09,-0.0309,0.071,-0.0,-0.004,-0.639,-0.651,78.78,11.54,1,35.23,1,0.666,-24.72,60.39,0.0,0,5,0.0683,0.0757,0.0646,0.0739
4.447,1,0.702,0.5,3.01,4,71.5,20.29,0.09,0.0044,0.073,-0.001,0.003,-0.638,-0.647,78.72,11.54,1,35.23,1,0.674,-25.2,58.34,0.0,0,5,0.0734,0.0716,0.0716,0.0734
4.486,1,0.672,0.5,4.16,4,71.6,20.56,0.09,-0.0572,0.077,-0.0,-0.024,-0.638,-0.644,78.72,11.54,1,39.47,1,0.68,-22.78,55.64,0.0,0,5,0.0785,0.0732,0.0803,0.075
4.548,1,0.609,0.75,3.85,4,70.9,20.56,0.09,-0.0772,0.083,-0.001,-0.002,-0.636,-0.639,78.78,11.54,1,39.47,1,0.724,-19.87,55.25,0.0,0,5,0.0842,0.0805,0.0824,0.0842
4.586,1,0.538,0.75,0.19,3,70.9,20.56,0.09,-0.0746,0.083,-0.001,-0.007,-0.636,-0.635,78.72,11.54,1,39.47,1,0.74,-16.96,55.37,0.0,0,5,0.0856,0.0838,0.0801,0.0838
4.648,1,0.477,0.75,8.14,3,69.3,20.57,0.09,-0.0104,0.081,0.002,-0.027,-0.635,-0.631,78.67,11.54,1,39.47,1,0.732,-17.45,51.45,0.0,0,5,0.0808,0.0826,0.0844,0.0771
4.687,1,0.444,0.75,9.83,3,67.3,20.46,0.09,-0.1491,0.08,0.002,-0.036,-0.634,-0.627,78.61,11.54,1,44.35,1,0.773,-14.06,49.87,0.0,0,5,0.0809,0.079,0.0845,0.0753
4.747,1,0.323,0.5,0.0,2,63.1,22.11,0.09,-0.1784,0.077,0.004,0.003,-0.634,-0.623,78.55,11.54,1,44.35,1,0.773,-11.63,49.98,0.0,0,5,0.0753,0.0808,0.0808,0.0716
4.786,1,0.288,0.25,0.0,2,61.0,24.21,0.09,-0.0039,0.08,0.006,-0.047,-0.633,-0.619,78.5,11.54,1,44.35,1,0.773,-6.3,50.41,0.0,0,5,0.0814,0.0814,0.0907,0.0685
4.848,1,0.195,-0.5,0.0,2,53.0,29.2,0.09,-0.0014,0.087,0.004,-0.121,-0.632,-0.614,78.04,11.54,1,44.35,1,0.773,-4.85,50.44,0.0,0,5,0.0963,0.0722,0.1092,0.0703
4.884,1,0.152,1.25,0.0,2,48.2,33.06,0.09,0.0072,0.087,0.004,-0.047,-0.632,-0.611,77.92,11.54,1,44.88,1,0.785,0.0,49.78,0.0,0,5,0.0944,0.074,0.1074,0.0703
4.947,1,0.117,5.99,46.29,3,37.3,33.75,0.09,-0.0138,0.087,0.004,-0.012,-0.631,-0.606,77.86,11.54,1,44.88,1,0.797,2.42,49.96,0.0,0,5,0.087,0.0888,0.0925,0.0796
4.979,1,0.101,8.49,0.0,2,33.5,28.41,0.0783,-0.0138,0.086,0.0,0.005,-0.63,-0.602,77.92,11.54,1,44.88,1,0.797,2.42,49.96,0.0,0,5,0.0832,0.0887,0.0832,0.0887
5.047,1,0.086,18.47,0.0,2,30.3,29.86,0.045,-0.0138,0.082,-0.001,0.002,-0.629,-0.598,77.86,11.54,1,44.88,1,0.799,9.69,50.1,0.0,0,5,0.0831,0.0849,0.0757,0.0831
5.083,1,0.015,31.64,0.0,1,30.7,21.1,0.045,-0.0138,0.077,0.001,0.078,-0.629,-0.595,78.04,11.52,1,43.12,1,0.825,15.03,50.52,0.0,0,5,0.0775,0.0794,0.0775,0.0738
5.146,0,0.0,0.0,0.0,0,32.5,0.0,0.045,-0.0138,0.064,0.0,-0.033,-0.628,-0.591,77.92,11.52,1,43.12,1,0.82,16.48,51.03,0.0,0,5,0.0648,0.0574,0.0722,0.0629
5.186,1,0.024,28.45,0.0,1,32.5,22.96,0.0331,-0.1332,0.06,-0.003,-0.008,-0.627,-0.589,77.86,11.52,1,43.12,1,0.824,22.3,52.87,0.0,0,5,0.0648,0.05,0.0648,0.0611
5.248,1,0.032,28.95,0.0,1,30.9,21.96,0.0,-0.6,0.057,-0.001,-0.017,-0.626,-0.586,77.81,11.52,1,43.12,1,0.828,27.14,53.45,0.0,0,5,0.0611,0.0537,0.0574,0.0555
5.286,1,0.029,29.7,0.0,1,31.3,20.46,0.0,-0.6,0.043,0.0,-0.069,-0.626,-0.585,77.69,11.52,1,43.0,1,0.819,29.57,55.9,0.0,0,5,0.0518,0.0352,0.05,0.0333
5.347,1,0.033,28.95,0.0,1,31.9,21.96,0.0,-0.6,0.01,0.009,-0.348,-0.627,-0.584,76.72,11.52,1,43.0,1,0.8,27.14,54.45,0.0,0,5,0.0425,-0.0148,0.0536,-0.0407
5.385,1,0.038,28.2,0.0,1,33.3,23.46,0.0,-0.6,-0.001,0.018,-0.393,-0.628,-0.584,75.8,11.52,1,43.0,1,0.8,23.27,51.02,0.0,0,5,0.0443,-0.037,0.0702,-0.0832
5.446,0,0.0,0.0,0.0,0,35.2,0.0,0.0,-0.6,-0.006,0.014,-0.475,-0.629,-0.585,74.26,11.52,1,43.0,1,0.828,20.36,49.5,0.0,0,5,0.0592,-0.0703,0.0851,-0.0998
5.483,1,0.011,31.91,0.0,1,35.8,20.57,0.0,-0.6,-0.01,0.006,-0.544,-0.629,-0.585,73.05,11.52,1,43.0,1,0.828,20.36,49.5,0.0,0,5,0.0685,-0.0907,0.0814,-0.0999
5.552,1,0.103,15.97,0.0,2,36.2,27.63,0.0,-0.6,-0.011,-0.003,-0.574,-0.629,-0.586,71.1,11.52,1,43.0,1,0.844,6.3,39.56,0.0,0,5,0.0833,-0.1092,0.0815,-0.1
5.58,1,0.214,12.48,43.66,3,39.5,28.48,0.0,-0.6,-0.01,-0.002,-0.547,-0.629,-0.586,69.84,11.52,1,43.0,1,0.844,6.3,39.56,0.0,0,5,0.0832,-0.1091,0.0851,-0.0998
5.648,1,0.281,8.98,42.72,3,44.6,28.95,0.0139,-0.0844,-0.006,0.014,-0.419,-0.63,-0.586,68.3,11.52,1,43.0,1,0.838,0.0,33.26,0.0,0,5,0.0628,-0.0739,0.0886,-0.1034
5.68,1,0.297,7.74,42.49,3,45.8,29.45,0.0207,-0.1253,-0.006,0.022,-0.481,-0.631,-0.586,67.27,11.52,1,43.0,1,0.838,0.0,33.26,0.0,0,5,0.0554,-0.0554,0.0887,-0.1109
5.719,1,0.347,5.74,41.67,4,48.2,28.67,0.035,-0.2121,-0.006,0.022,-0.42,-0.632,-0.586,66.29,11.52,1,43.0,1,0.843,-8.24,21.83,0.0,0,5,0.0591,-0.0554,0.0887,-0.1146
5.747,1,0.432,3.99,41.43,4,50.2,28.14,0.0487,-0.2952,-0.006,0.02,-0.407,-0.632,-0.586,65.83,11.52,1,43.0,1,0.843,-8.24,21.83,0.0,0,5,0.0592,-0.0573,0.0869,-0.1109
5.783,1,0.477,2.5,41.45,4,53.0,27.69,0.0556,-0.3373,-0.001,0.012,-0.339,-0.633,-0.586,65.03,11.52,1,43.0,1,0.843,-8.24,21.83,0.0,0,5,0.0573,-0.0555,0.0777,-0.0851
5.817,1,0.506,1.25,41.04,4,55.9,27.44,0.07,-0.4242,0.007,0.005,-0.31,-0.632,-0.585,64.34,11.52,1,43.0,1,0.881,-15.99,10.4,0.0,0,5,0.055,-0.0422,0.066,-0.0495
5.885,1,0.515,-0.25,40.54,4,57.8,27.32,0.09,-0.5455,0.029,-0.002,-0.294,-0.631,-0.583,63.31,11.52,1,45.0,1,0.895,-18.9,4.27,0.0,0,5,0.077,-0.0202,0.0751,-0.0147
5.916,1,0.519,-0.25,40.15,4,57.3,26.56,0.09,-0.5455,0.051,-0.003,-0.414,-0.63,-0.58,62.4,11.52,1,45.0,1,0.896,-18.9,1.1,0.0,0,5,0.1099,-0.0072,0.1045,-0.0018
5.98,1,0.603,0.5,38.33,5,56.7,25.95,0.09,-0.5455,0.082,-0.001,-0.54,-0.627,-0.576,60.62,11.52,1,45.0,1,0.889,-19.39,-1.87,0.0,0,5,0.1623,0.0018,0.1587,0.0036
6.047,1,0.636,0.75,34.54,5,60.1,25.46,0.09,-0.5455,0.093,0.002,-0.556,-0.624,-0.571,58.79,11.52,1,45.0,1,0.89,-23.27,-9.49,6.024,1,5,0.1819,0.0037,0.1875,0.0
6.085,1,0.702,0.5,35.68,5,61.8,25.31,0.09,-0.5455,0.096,0.002,-0.573,-0.622,-0.567,57.47,11.51,1,45.0,1,0.909,-26.66,-18.27,0.0,0,5,0.1877,0.0036,0.1932,0.0
6.153,1,0.652,0.5,35.31,5,60.8,24.96,0.09,-0.5455,0.099,-0.001,-0.499,-0.619,-0.562,55.58,11.51,1,45.0,1,0.954,-29.08,-26.88,0.0,0,5,0.1999,0.0,0.1944,0.0
6.186,1,0.683,0.0,34.89,5,58.1,23.96,0.09,-0.5455,0.097,0.0,-0.6,-0.617,-0.559,54.26,11.51,1,45.0,1,0.941,-31.5,-30.0,0.0,0,5,0.1942,0.0,0.1942,0.0
6.285,1,0.694,-2.0,31.85,5,61.2,23.34,0.09,-0.5455,0.096,-0.001,-0.518,-0.611,-0.551,51.05,11.51,1,45.0,1,0.943,-38.29,-40.67,0.0,0,5,0.1939,0.0,0.1902,0.0
6.386,1,0.691,-4.99,28.66,5,62.6,22.77,0.09,-0.5348,0.093,0.001,-0.542,-0.605,-0.544,47.9,11.51,1,45.0,1,0.927,-45.56,-48.32,0.0,0,5,0.1833,0.0,0.1888,0.0
6.45,1,0.767,-6.49,26.0,5,64.2,22.65,0.09,-0.447,0.092,0.0,-0.533,-0.601,-0.54,46.07,11.51,1,45.0,1,0.911,-49.92,-51.98,0.0,0,5,0.1849,0.0018,0.183,0.0
6.481,1,0.781,-7.99,24.88,5,64.9,22.19,0.09,-0.3834,0.094,0.002,-0.528,-0.598,-0.537,44.86,11.51,1,43.5,1,0.911,-49.92,-51.98,0.0,0,5,0.1811,0.0037,0.1885,0.0037
6.517,1,0.784,-8.49,24.22,5,64.7,22.19,0.09,-0.3506,0.09,0.002,-0.519,-0.596,-0.535,43.72,11.51,1,43.5,1,0.898,-54.77,-54.96,0.0,0,5,0.1738,0.0018,0.183,0.0018
6.585,1,0.793,-9.48,22.61,5,65.4,21.6,0.1041,-0.3392,0.089,0.002,-0.358,-0.592,-0.531,42.28,11.51,1,43.5,1,0.874,-52.83,-56.95,0.0,0,5,0.1625,0.0148,0.1662,0.0111
6.617,1,0.789,-10.23,22.2,5,64.3,21.6,0.1184,-0.3336,0.093,0.004,-0.333,-0.589,-0.528,41.54,11.51,1,43.5,1,0.845,-47.01,-53.12,0.0,0,5,0.1514,0.0332,0.1607,0.0259
6.648,1,0.787,-10.73,21.58,5,63.9,21.42,0.1321,-0.3631,0.095,0.004,-0.344,-0.588,-0.527,41.14,11.51,1,43.5,1,0.845,-47.01,-53.12,0.0,0,5,0.1495,0.0388,0.1587,0.0332
6.68,1,0.796,-11.23,20.79,5,64.2,21.1,0.1391,-0.3661,0.099,0.001,-0.313,-0.585,-0.524,40.39,11.51,1,31.5,1,0.845,-47.01,-53.12,0.0,0,5,0.1514,0.0443,0.157,0.0443
6.716,1,0.803,-11.23,20.16,5,64.0,21.11,0.1533,-0.3846,0.108,0.001,-0.325,-0.581,-0.521,39.65,11.51,1,31.5,1,0.865,-39.74,-46.8,0.0,0,5,0.1569,0.048,0.1606,0.0461
6.754,1,0.797,-10.48,19.09,5,63.1,21.02,0.1584,-0.3849,0.126,0.007,-0.287,-0.577,-0.517,39.08,11.51,1,31.5,1,0.929,-36.35,-41.99,0.0,0,5,0.1793,0.0777,0.1886,0.0592
6.779,1,0.802,-9.73,18.88,5,63.3,21.02,0.1649,-0.3843,0.133,0.01,-0.399,-0.575,-0.515,38.62,11.51,1,31.5,1,0.929,-36.35,-41.99,0.0,0,5,0.183,0.0887,0.1978,0.0629
6.818,1,0.806,-10.23,18.05,5,64.1,21.02,0.1662,-0.391,0.145,0.006,-0.335,-0.57,-0.511,37.82,11.51,1,31.5,1,0.936,-29.08,-33.69,0.0,0,5,0.1997,0.098,0.2052,0.0777
6.848,1,0.809,-10.73,17.41,5,64.8,21.02,0.1712,-0.3744,0.15,0.003,-0.384,-0.568,-0.51,37.41,11.51,1,31.5,1,0.936,-29.08,-33.69,0.0,0,5,0.2051,0.0961,0.2088,0.0887
6.884,1,0.729,-7.24,16.39,5,65.2,20.81,0.175,-0.3597,0.159,-0.006,-0.359,-0.562,-0.506,36.55,11.51,1,19.5,1,0.955,-25.2,-31.79,0.0,0,5,0.22,0.0887,0.2182,0.1109
6.919,1,0.799,-11.48,16.32,5,64.3,20.57,0.1745,-0.3762,0.17,-0.007,-0.354,-0.556,-0.502,35.7,11.51,1,19.5,1,0.931,-22.3,-22.13,0.0,0,5,0.2313,0.0925,0.2331,0.1221
6.946,1,0.807,-11.98,15.63,5,64.6,20.57,0.1816,-0.3341,0.172,-0.007,-0.359,-0.553,-0.5,35.29,11.51,1,19.5,1,0.931,-22.3,-22.13,0.0,0,5,0.2367,0.0961,0.2348,0.122
6.979,1,0.801,-12.23,14.55,5,63.9,20.57,0.1857,-0.3177,0.177,-0.007,-0.301,-0.547,-0.496,34.49,11.51,1,19.5,1,0.931,-22.3,-22.13,0.0,0,5,0.2458,0.1035,0.2365,0.122
7.079,1,0.796,-11.73,12.77,5,62.9,20.56,0.1923,-0.3,0.193,0.003,-0.32,-0.531,-0.485,32.77,11.5,1,7.5,1,0.92,-9.21,-1.22,1.418,1,5,0.2348,0.1461,0.2459,0.1442
7.115,1,0.796,-11.73,12.37,5,62.3,20.46,0.203,-0.2716,0.198,-0.002,-0.263,-0.524,-0.48,32.14,11.5,1,7.5,1,0.798,-1.94,6.29,-3.719,1,5,0.243,0.1454,0.2467,0.1583
7.146,1,0.789,-11.48,11.62,5,61.8,20.44,0.1794,-0.2264,0.2,-0.002,-0.291,-0.521,-0.478,31.8,11.5,1,7.5,1,0.798,-1.94,6.29,-3.719,1,5,0.2467,0.1436,0.2522,0.1583
7.186,1,0.774,-11.98,11.37,5,61.2,20.2,0.1743,-0.2023,0.206,-0.002,-0.241,-0.513,-0.474,31.17,11.5,1,7.5,1,0.827,4.36,16.84,-0.277,1,5,0.2538,0.1526,0.2556,0.1618
7.215,1,0.776,-11.48,10.6,5,60.9,20.04,0.1785,-0.1951,0.205,0.0,-0.155,-0.51,-0.472,31.0,11.5,1,7.5,1,0.827,4.36,16.84,-0.277,1,5,0.2512,0.1588,0.253,0.1588
7.279,1,0.789,-11.23,9.99,5,62.2,20.2,0.143,-0.1337,0.206,0.003,-0.204,-0.496,-0.463,29.97,11.5,1,-4.5,1,0.894,10.18,28.56,0.0,0,5,0.2384,0.1774,0.2402,0.1663
7.316,1,0.797,-10.98,8.97,5,62.7,20.04,0.1186,-0.0889,0.203,-0.004,-0.193,-0.489,-0.46,29.56,11.5,1,-4.5,1,0.809,19.87,40.7,0.0,0,5,0.2384,0.1571,0.2402,0.1755
7.351,1,0.797,-10.73,9.16,5,62.7,19.85,0.0948,-0.0591,0.198,-0.004,-0.201,-0.486,-0.458,29.34,11.5,1,-4.5,1,0.859,21.33,43.61,0.0,0,5,0.231,0.1497,0.2384,0.1718
7.379,1,0.773,-10.48,8.55,5,60.6,20.2,0.09,-0.0652,0.188,0.002,-0.125,-0.479,-0.454,29.05,11.5,1,-4.5,1,0.859,21.33,43.61,0.0,0,5,0.2129,0.1574,0.224,0.1592
7.411,1,0.749,-10.23,8.49,5,57.8,20.04,0.09,-0.0569,0.184,0.008,-0.292,-0.477,-0.452,28.82,11.5,1,-4.5,1,0.859,21.33,43.61,0.0,0,5,0.1963,0.1667,0.2186,0.1556
7.484,1,0.685,-9.23,7.24,5,51.6,20.44,0.09,-0.0576,0.166,0.003,-0.094,-0.465,-0.446,28.36,11.53,1,-0.52,1,0.88,16.96,36.9,0.0,0,5,0.1777,0.1462,0.1907,0.1481
7.515,1,0.67,-8.98,7.17,5,50.4,20.0,0.09,-0.0477,0.161,-0.003,-0.081,-0.459,-0.443,28.13,11.53,1,-0.52,1,0.862,13.57,32.99,0.0,0,5,0.1797,0.1357,0.1797,0.1485
7.551,1,0.689,-8.73,6.84,5,52.1,20.04,0.09,-0.0478,0.159,-0.002,-0.064,-0.457,-0.441,28.07,11.53,1,-0.52,1,0.894,11.63,27.91,0.0,0,5,0.1723,0.1393,0.1742,0.1485
7.579,1,0.714,-8.49,6.91,5,54.0,20.2,0.09,-0.0446,0.151,0.003,-0.099,-0.452,-0.438,27.85,11.53,1,-0.52,1,0.894,11.63,27.91,0.0,0,5,0.1594,0.1466,0.1612,0.1356
7.616,1,0.725,-8.49,6.64,5,54.9,19.97,0.09,-0.0473,0.147,0.004,-0.038,-0.449,-0.437,27.79,11.53,1,-0.52,1,0.894,11.63,27.91,0.0,0,5,0.154,0.1467,0.154,0.132
7.65,1,0.736,-8.24,6.43,5,55.9,20.46,0.09,-0.0414,0.138,-0.0,-0.038,-0.444,-0.435,27.73,11.53,1,-0.52,1,0.871,4.85,15.37,3.636,1,5,0.1454,0.127,0.1473,0.1307
7.684,1,0.764,-7.99,6.49,5,58.1,20.2,0.09,-0.0405,0.127,-0.009,-0.055,-0.44,-0.433,27.62,11.53,1,5.06,1,0.871,4.85,15.37,3.636,1,5,0.1376,0.0991,0.1376,0.1357
7.715,1,0.775,-7.99,6.64,5,59.3,20.0,0.09,-0.0437,0.119,-0.01,-0.084,-0.436,-0.431,27.44,11.53,1,5.06,1,0.866,1.94,9.11,4.362,1,5,0.1302,0.0898,0.1283,0.1283
7.779,1,0.777,-7.99,5.82,5,59.2,20.0,0.09,-0.0451,0.107,-0.003,-0.058,-0.43,-0.428,27.27,11.53,1,5.06,1,0.866,1.94,9.11,4.362,1,5,0.125,0.1011,0.1066,0.0956
7.816,1,0.782,-7.74,5.77,5,59.7,20.0,0.09,-0.0305,0.103,-0.001,-0.028,-0.428,-0.427,27.27,11.53,1,5.06,1,0.858,-1.94,1.81,4.232,1,5,0.1169,0.1023,0.1023,0.0913
7.883,1,0.784,-7.74,5.76,5,59.7,20.0,0.09,-0.0319,0.088,-0.001,-0.074,-0.422,-0.424,27.04,11.53,1,7.95,1,0.899,-2.91,-9.27,-3.973,1,5,0.0899,0.0771,0.0954,0.0881
7.917,1,0.777,-7.74,5.49,5,59.1,20.2,0.09,-0.0315,0.083,-0.003,-0.032,-0.421,-0.424,26.99,11.53,1,7.95,1,0.906,-3.39,-7.01,-1.016,1,5,0.0865,0.0699,0.0902,0.0865
7.978,1,0.771,-7.99,5.03,5,58.6,20.0,0.09,-0.0265,0.071,-0.004,-0.055,-0.417,-0.422,26.81,11.53,1,7.95,1,0.904,-3.88,-6.88,-0.909,1,5,0.0809,0.057,0.0772,0.0698
8.017,1,0.775,-8.24,5.09,5,58.9,20.0,0.09,-0.0154,0.066,-0.003,-0.063,-0.415,-0.421,26.64,11.53,1,7.95,1,0.904,-3.88,-6.88,-0.909,1,5,0.0772,0.0552,0.0754,0.0644
8.082,1,0.768,-8.49,4.91,5,58.3,20.0,0.09,-0.0139,0.065,-0.004,-0.049,-0.411,-0.419,26.53,11.54,1,6.13,1,0.906,-4.85,-9.39,-2.217,1,5,0.074,0.0518,0.0703,0.0629
8.117,1,0.764,-8.49,4.75,5,58.0,19.97,0.09,-0.008,0.064,-0.005,-0.009,-0.409,-0.419,26.41,11.54,1,6.13,1,0.907,-5.33,-10.26,-3.065,1,5,0.0796,0.0574,0.0611,0.0592
8.146,1,0.769,-8.24,4.42,5,58.5,20.0,0.09,-0.0058,0.065,-0.006,-0.002,-0.407,-0.418,26.41,11.54,1,6.13,1,0.907,-5.33,-10.26,-3.065,1,5,0.0832,0.0592,0.0592,0.0573
8.216,1,0.768,-7.74,4.55,5,58.5,20.0,0.09,-0.0032,0.067,0.001,0.015,-0.403,-0.415,26.47,11.54,1,6.13,1,0.849,0.0,-3.34,-2.19,1,5,0.0685,0.0685,0.0685,0.063
8.249,1,0.77,-7.74,4.55,5,58.7,20.04,0.09,-0.0112,0.066,0.002,-0.028,-0.401,-0.415,26.41,11.54,1,6.13,1,0.849,0.0,-3.34,-2.19,1,5,0.0627,0.0664,0.0701,0.0664
8.316,1,0.769,-7.24,4.28,5,58.6,20.2,0.09,-0.0105,0.065,-0.0,0.003,-0.397,-0.413,26.41,11.54,1,2.68,1,0.848,4.85,8.28,1.711,1,5,0.0644,0.0626,0.0662,0.0662
8.415,1,0.775,-6.99,4.45,5,58.7,19.97,0.09,-0.0104,0.07,-0.0,-0.012,-0.39,-0.409,26.36,11.54,1,2.68,1,0.891,4.85,8.07,0.932,1,5,0.0702,0.0665,0.0721,0.0702
8.444,1,0.774,-6.99,4.33,5,58.5,19.97,0.09,-0.0164,0.072,0.0,-0.016,-0.389,-0.409,26.3,11.54,1,2.68,1,0.891,4.85,8.07,0.932,1,5,0.0721,0.0703,0.074,0.0703
8.478,1,0.774,-6.99,4.21,5,58.5,19.97,0.09,-0.0137,0.073,-0.0,-0.039,-0.387,-0.408,26.24,11.56,1,3.14,1,0.891,4.85,8.07,0.932,1,5,0.0777,0.0666,0.0777,0.0685
8.515,1,0.774,-6.99,3.94,5,58.3,20.0,0.09,-0.0112,0.074,-0.0,-0.034,-0.384,-0.406,26.13,11.56,1,3.14,1,0.878,3.39,6.49,3.449,1,5,0.0796,0.0703,0.0777,0.0703
8.581,1,0.785,-6.49,3.78,5,59.5,19.97,0.09,-0.0062,0.076,0.002,0.007,-0.38,-0.404,26.13,11.56,1,3.14,1,0.889,2.91,4.77,-1.182,1,5,0.0813,0.0776,0.0776,0.0665
8.615,1,0.793,-6.24,3.84,5,60.3,20.2,0.09,-0.0091,0.079,0.003,-0.002,-0.377,-0.402,26.13,11.56,1,3.14,1,0.882,3.88,3.69,1.203,1,5,0.0795,0.0813,0.0832,0.0721
8.683,1,0.792,-6.24,3.72,5,60.1,20.2,0.09,-0.0123,0.08,0.001,-0.039,-0.373,-0.4,26.07,11.56,1,4.3,1,0.878,3.88,3.41,0.341,1,5,0.0812,0.0756,0.0867,0.0775
8.714,1,0.786,-5.99,3.5,5,59.6,20.04,0.09,-0.0097,0.08,-0.0,-0.014,-0.371,-0.4,26.01,11.56,1,4.3,1,0.884,3.88,3.68,1.209,1,5,0.083,0.0756,0.083,0.0775
8.781,1,0.78,-5.99,3.5,5,58.9,20.2,0.09,-0.0083,0.081,-0.002,-0.018,-0.365,-0.397,25.9,11.56,1,4.3,1,0.882,3.39,4.23,-0.0,1,5,0.0871,0.0741,0.0834,0.0778
8.814,1,0.778,-5.99,3.62,5,58.7,20.44,0.09,-0.0079,0.083,-0.004,-0.035,-0.362,-0.396,25.84,11.56,1,4.3,1,0.884,3.39,4.23,-0.0,1,5,0.0908,0.0741,0.0834,0.0834
8.884,1,0.787,-5.99,3.5,5,59.3,20.2,0.09,-0.0096,0.084,-0.005,-0.006,-0.357,-0.394,25.78,11.56,1,5.07,1,0.874,2.91,3.42,-2.549,1,5,0.0926,0.0815,0.0759,0.0852
8.918,1,0.79,-5.74,3.29,5,59.5,20.2,0.09,-0.0074,0.084,-0.003,0.034,-0.354,-0.392,25.84,11.56,1,5.07,1,0.867,1.94,0.08,2.444,1,5,0.087,0.0852,0.0778,0.087
8.977,1,0.793,-5.24,3.41,5,59.9,20.44,0.09,-0.0065,0.085,0.003,-0.033,-0.35,-0.39,25.84,11.56,1,5.07,1,0.894,0.97,-2.68,-1.532,1,5,0.0796,0.087,0.0888,0.0851
9.009,1,0.792,-5.24,3.29,5,59.7,20.44,0.09,-0.0141,0.084,0.002,-0.038,-0.348,-0.389,25.78,11.56,1,5.07,1,0.894,0.97,-2.68,-1.532,1,5,0.0777,0.0832,0.0887,0.0851
9.081,1,0.798,-5.24,3.41,5,60.2,20.44,0.09,-0.0112,0.083,-0.001,-0.009,-0.342,-0.386,25.67,11.59,1,5.07,1,0.897,0.97,-2.7,-1.391,1,5,0.0833,0.0759,0.087,0.0852
9.112,1,0.802,-5.24,3.29,5,60.5,20.46,0.09,-0.0129,0.084,-0.001,-0.005,-0.341,-0.386,25.67,11.59,1,5.07,1,0.897,0.97,-2.7,-1.391,1,5,0.0889,0.0796,0.087,0.0815
9.144,1,0.806,-5.24,3.42,5,60.9,20.2,0.09,-0.0108,0.087,-0.003,-0.02,-0.337,-0.384,25.67,11.59,1,5.07,1,0.897,0.97,-2.7,-1.349,1,5,0.0926,0.0833,0.0852,0.087
9.216,1,0.805,-4.74,3.42,5,61.3,20.44,0.09,-0.0126,0.086,-0.006,0.025,-0.331,-0.382,25.67,11.59,1,5.07,1,0.897,1.94,-3.45,-2.589,1,5,0.0927,0.0836,0.0763,0.0908
9.247,1,0.805,-4.24,3.1,5,61.2,20.46,0.09,-0.0186,0.085,-0.005,-0.012,-0.329,-0.381,25.67,11.59,1,5.07,1,0.889,1.94,-2.48,-1.921,1,5,0.0908,0.0835,0.0763,0.0908
9.278,1,0.806,-4.24,3.11,5,61.4,20.46,0.09,-0.019,0.088,-0.001,-0.003,-0.326,-0.379,25.67,11.59,1,3.92,1,0.889,1.94,-2.48,-1.921,1,5,0.0888,0.087,0.087,0.0888
9.314,1,0.803,-4.24,3.27,5,61.2,20.44,0.09,-0.0179,0.088,0.004,-0.04,-0.323,-0.377,25.55,11.59,1,3.92,1,0.89,1.94,-2.78,-2.847,1,5,0.086,0.0878,0.0969,0.0823
9.343,1,0.805,-4.24,3.27,5,61.5,20.44,0.09,-0.0204,0.088,0.004,-0.029,-0.321,-0.377,25.55,11.59,1,3.92,1,0.89,1.94,-2.78,-2.847,1,5,0.086,0.0842,0.1007,0.0824
9.415,1,0.819,-4.24,2.99,5,62.7,20.2,0.09,-0.0195,0.087,0.002,-0.014,-0.315,-0.373,25.38,11.59,1,3.92,1,0.893,2.91,-4.79,-2.545,1,5,0.0862,0.0826,0.0954,0.0844
9.443,1,0.822,-4.24,2.87,5,63.2,20.46,0.09,-0.0145,0.088,0.0,-0.031,-0.313,-0.373,25.38,11.59,1,3.92,1,0.893,2.91,-4.79,-2.545,1,5,0.0898,0.0843,0.0917,0.0843
9.481,1,0.831,-4.24,2.88,5,64.1,20.2,0.09,-0.0123,0.091,-0.004,-0.038,-0.31,-0.371,25.32,11.61,1,1.96,1,0.865,6.79,6.3,0.745,1,5,0.0973,0.0844,0.0899,0.0936
9.514,1,0.83,-3.74,2.83,5,64.0,20.44,0.09,-0.0123,0.09,-0.006,0.037,-0.307,-0.37,25.32,11.61,1,1.96,1,0.875,6.3,5.28,1.583,1,5,0.0954,0.0826,0.0863,0.0954
9.544,1,0.824,-3.74,3.0,5,63.5,20.46,0.09,-0.0176,0.09,-0.005,0.006,-0.305,-0.369,25.38,11.61,1,1.96,1,0.875,6.3,5.28,1.583,1,5,0.0944,0.0852,0.0852,0.0963
9.581,1,0.813,-3.49,2.78,5,62.6,20.56,0.09,-0.0199,0.089,-0.0,-0.015,-0.302,-0.368,25.32,11.61,1,1.96,1,0.873,6.79,5.0,-2.286,1,5,0.0908,0.0889,0.0889,0.0889
9.68,1,0.817,-3.24,2.56,5,62.8,20.2,0.09,-0.0178,0.088,0.002,-0.016,-0.294,-0.364,25.15,11.61,1,1.65,1,0.891,6.79,4.57,-1.434,1,5,0.0887,0.0813,0.0979,0.0832
9.716,1,0.819,-3.24,2.68,5,63.2,20.44,0.09,-0.0167,0.089,-0.0,0.007,-0.291,-0.362,25.15,11.61,1,1.65,1,0.89,6.79,4.51,0.241,1,5,0.0925,0.0833,0.0944,0.0851
9.781,1,0.819,-2.75,2.69,5,63.4,20.46,0.09,-0.0181,0.09,-0.003,-0.009,-0.286,-0.36,25.15,11.61,1,1.65,1,0.872,7.27,4.58,-2.724,1,5,0.0944,0.0888,0.0851,0.0907
9.814,1,0.826,-2.75,2.58,5,63.9,20.04,0.09,-0.024,0.089,-0.004,0.006,-0.282,-0.359,25.15,11.61,1,1.65,1,0.865,7.76,4.08,-1.638,1,5,0.0924,0.0887,0.0814,0.0924
9.909,1,0.822,-2.75,2.8,5,63.5,20.44,0.104,-0.0208,0.088,0.003,-0.03,-0.276,-0.356,25.15,11.61,1,1.98,1,0.871,7.76,5.72,-1.354,1,5,0.0868,0.0905,0.0924,0.0832
9.942,1,0.823,-2.75,2.8,5,63.3,20.44,0.1109,-0.0256,0.087,0.003,-0.069,-0.273,-0.354,24.98,11.61,1,1.98,1,0.871,7.76,5.72,-1.354,1,5,0.0851,0.0851,0.0961,0.0832
9.98,1,0.822,-2.75,2.57,5,63.2,20.04,0.1251,-0.0313,0.088,0.002,0.008,-0.27,-0.352,24.92,11.61,1,1.98,1,0.878,7.27,3.74,-1.064,1,5,0.085,0.0832,0.0979,0.0868
10.015,1,0.817,-2.5,2.47,5,63.2,20.2,0.1392,-0.0315,0.095,0.0,-0.013,-0.266,-0.351,24.92,11.61,1,1.98,1,0.876,7.76,3.64,-0.714,1,5,0.0886,0.0849,0.0979,0.0905
10.114,1,0.792,-2.25,2.14,5,62.0,20.46,0.1741,-0.0426,0.119,-0.002,-0.006,-0.257,-0.347,24.81,11.63,1,2.3,1,0.874,7.76,3.21,0.106,1,5,0.1237,0.1144,0.12,0.1181
10.213,1,0.789,-2.25,2.41,5,61.4,20.46,0.209,-0.0449,0.158,0.003,-0.048,-0.243,-0.34,24.64,11.63,1,2.3,1,0.856,7.76,3.13,-0.105,1,5,0.1587,0.1532,0.1679,0.1513
10.247,1,0.804,-2.25,2.14,5,61.5,20.46,0.2229,-0.0565,0.174,-0.001,-0.049,-0.236,-0.337,24.52,11.63,1,2.3,1,0.838,7.76,3.78,1.765,1,5,0.1792,0.1663,0.1792,0.17
10.315,1,0.804,-2.25,2.15,5,62.5,20.46,0.2381,-0.051,0.208,0.0,-0.08,-0.22,-0.33,24.29,11.63,1,2.63,1,0.796,6.79,9.42,0.0,0,5,0.2153,0.2042,0.2134,0.2006
10.381,1,0.828,-2.5,1.79,5,64.2,20.56,0.2161,-0.0463,0.228,0.0,-0.017,-0.208,-0.324,24.12,11.63,1,2.63,1,0.802,6.3,13.63,0.0,0,5,0.2371,0.2223,0.2334,0.2186
10.414,1,0.832,-2.25,1.35,5,64.6,20.44,0.1978,-0.0287,0.232,-0.0,-0.02,-0.199,-0.32,24.06,11.63,1,2.63,1,0.804,5.82,16.73,0.0,0,5,0.2398,0.225,0.2361,0.2213
10.446,1,0.819,-2.5,1.95,5,63.6,20.56,0.1791,-0.0161,0.233,0.001,-0.127,-0.195,-0.318,23.95,11.63,1,2.63,1,0.804,5.82,16.73,0.0,0,5,0.2378,0.2286,0.2396,0.2249
10.514,1,0.83,-2.5,1.4,5,64.1,20.56,0.1427,-0.0205,0.227,-0.004,-0.026,-0.182,-0.313,23.72,11.65,1,3.4,1,0.771,3.88,30.27,0.0,0,5,0.2367,0.2145,0.233,0.2256
10.581,1,0.828,-2.99,1.67,5,63.8,20.56,0.1069,-0.0018,0.211,0.006,-0.119,-0.167,-0.306,23.43,11.65,1,3.4,1,0.782,2.91,45.93,0.0,0,5,0.2108,0.2071,0.2256,0.1997
10.613,1,0.845,-2.99,0.86,5,64.9,20.56,0.09,-0.0006,0.198,0.008,-0.005,-0.16,-0.303,23.38,11.65,1,3.4,1,0.792,1.94,49.91,0.0,0,5,0.1998,0.2017,0.222,0.1924
10.682,1,0.838,-2.25,0.94,5,64.8,20.46,0.09,0.0127,0.183,0.007,-0.046,-0.151,-0.298,23.26,11.65,1,7.54,1,0.762,-0.48,55.71,0.0,0,5,0.1832,0.1777,0.2015,0.1686
10.713,1,0.86,-2.25,0.79,5,67.0,20.46,0.09,0.0022,0.171,0.008,-0.169,-0.145,-0.295,23.03,11.65,1,7.54,1,0.739,-3.39,58.0,0.0,0,5,0.1778,0.176,0.1943,0.1613
10.779,1,0.865,-2.5,0.2,5,67.8,20.56,0.09,0.0057,0.153,0.001,0.015,-0.136,-0.292,22.92,11.65,1,7.54,1,0.745,-4.85,58.81,0.0,0,5,0.1664,0.1461,0.1627,0.1387
10.813,1,0.844,-2.5,0.44,5,65.8,20.96,0.09,0.0192,0.149,0.0,-0.078,-0.134,-0.29,22.86,11.65,1,7.54,1,0.753,-12.12,59.2,0.0,0,5,0.1626,0.1367,0.1608,0.1349
10.845,1,0.841,-3.24,0.52,5,64.9,20.46,0.09,0.015,0.139,0.0,-0.061,-0.129,-0.288,22.63,11.65,1,7.54,1,0.778,-16.96,58.62,0.0,0,5,0.1462,0.1258,0.1536,0.1314
10.908,1,0.86,-3.49,0.47,5,66.8,20.57,0.09,0.0219,0.123,-0.0,-0.04,-0.124,-0.286,22.63,11.65,1,15.5,1,0.745,-19.39,56.56,0.0,0,5,0.1257,0.1128,0.1331,0.122
10.947,1,0.88,-3.74,0.13,5,68.3,20.46,0.09,0.025,0.113,-0.005,-0.044,-0.119,-0.285,22.46,11.65,1,15.5,1,0.764,-26.17,54.42,0.0,0,5,0.125,0.1072,0.1089,0.1107
11.014,1,0.879,-4.24,0.01,5,67.2,20.46,0.09,0.0329,0.096,-0.004,0.03,-0.112,-0.282,22.4,11.65,1,15.5,1,0.807,-29.57,53.97,0.0,0,5,0.1126,0.1001,0.0911,0.0965
11.113,1,0.861,-3.99,-0.45,5,65.6,20.56,0.09,0.0393,0.078,0.002,0.018,-0.107,-0.28,22.46,11.66,1,21.67,1,0.82,-28.11,51.24,0.0,0,5,0.0703,0.0777,0.0814,0.0814
11.146,1,0.87,-3.74,-0.38,5,66.2,20.2,0.09,0.0438,0.068,0.001,0.039,-0.104,-0.279,22.52,11.66,1,21.67,1,0.849,-29.08,49.04,0.0,0,5,0.0611,0.0722,0.0648,0.0722
11.208,1,0.886,-2.99,-0.2,5,68.1,20.56,0.09,0.0398,0.057,0.002,0.062,-0.101,-0.277,22.75,11.66,1,21.67,1,0.856,-28.11,46.45,0.0,0,5,0.0441,0.0662,0.0533,0.0662
11.247,1,0.893,-2.99,0.46,5,69.0,20.0,0.09,0.028,0.056,0.001,0.024,-0.099,-0.276,22.86,11.66,1,21.67,1,0.874,-26.17,44.78,0.0,0,5,0.0478,0.0716,0.0441,0.0624
11.313,1,0.878,-2.99,2.06,5,69.1,20.57,0.09,0.0176,0.058,-0.006,0.016,-0.096,-0.275,22.98,11.66,1,26.89,1,0.884,-26.66,42.26,0.0,0,5,0.061,0.0684,0.037,0.0665
11.347,1,0.871,-2.5,2.01,5,69.6,20.96,0.09,-0.0097,0.058,-0.006,0.034,-0.094,-0.275,22.98,11.66,1,26.89,1,0.895,-26.66,38.21,0.0,0,5,0.0592,0.0611,0.0426,0.0685
11.408,1,0.847,-2.5,2.75,5,69.4,20.57,0.09,-0.0141,0.061,0.0,0.016,-0.09,-0.273,23.09,11.66,1,26.89,1,0.895,-26.66,38.21,0.0,0,5,0.0537,0.0629,0.0592,0.0666
11.514,1,0.851,-2.25,7.18,5,70.8,20.57,0.09,-0.0261,0.063,0.0,0.01,-0.083,-0.27,23.15,11.67,1,32.23,1,0.924,-27.63,27.55,0.0,0,5,0.0609,0.0627,0.0646,0.0646
11.547,1,0.859,-2.25,10.32,5,71.3,20.57,0.09,-0.1062,0.064,-0.0,0.0,-0.082,-0.27,23.15,11.67,1,32.23,1,0.924,-26.66,27.13,0.0,0,5,0.0628,0.0628,0.0646,0.0665
11.581,1,0.848,-2.0,12.24,5,71.5,20.96,0.09,-0.1607,0.065,-0.001,0.004,-0.08,-0.269,23.15,11.67,1,32.23,1,0.924,-26.66,27.13,0.0,0,5,0.0649,0.063,0.0649,0.0667
11.612,1,0.837,-2.25,14.42,5,71.8,20.57,0.09,-0.1968,0.065,-0.001,0.003,-0.078,-0.268,23.15,11.67,1,32.23,1,0.936,-25.69,25.03,0.0,0,5,0.0683,0.0609,0.0665,0.0646
11.646,1,0.817,-2.25,16.68,5,71.9,20.56,0.09,-0.2315,0.065,0.001,-0.08,-0.076,-0.267,23.03,11.67,1,32.23,1,0.948,-27.14,21.39,0.0,0,5,0.0719,0.059,0.0738,0.0553
11.708,1,0.818,-3.49,20.82,5,72.3,21.11,0.09,-0.2709,0.073,-0.001,-0.136,-0.072,-0.265,22.57,11.67,1,40.22,1,0.928,-31.02,13.46,0.0,0,5,0.0961,0.0536,0.0887,0.0517
11.742,1,0.834,-4.24,23.46,5,73.0,23.34,0.09,-0.3275,0.077,-0.004,-0.244,-0.069,-0.264,22.12,11.67,1,40.22,1,0.928,-31.02,13.46,0.0,0,5,0.111,0.0481,0.0981,0.05
11.808,1,0.815,-6.24,26.76,5,73.3,23.35,0.09,-0.3678,0.076,-0.001,-0.215,-0.064,-0.263,21.37,11.67,1,40.22,1,0.907,-38.29,-15.41,0.0,0,5,0.1137,0.0385,0.1119,0.0404
11.91,1,0.803,-10.73,31.1,5,72.5,23.87,0.09,-0.4068,0.077,0.001,-0.331,-0.059,-0.26,20.11,11.67,1,44.86,1,0.996,-44.11,-30.59,0.0,0,5,0.1175,0.0275,0.1285,0.0349
11.945,1,0.806,-12.73,32.43,5,72.8,23.87,0.09,-0.4271,0.078,-0.0,-0.348,-0.054,-0.259,18.85,11.67,1,44.86,1,0.995,-45.08,-33.5,0.0,0,5,0.1309,0.0184,0.1364,0.0258
12.009,1,0.735,-15.97,33.17,5,72.8,23.26,0.09,-0.4392,0.081,0.0,-0.409,-0.05,-0.257,17.48,11.67,1,44.86,1,0.994,-46.05,-35.95,0.0,0,5,0.1492,0.0166,0.1455,0.0111
12.111,1,0.756,-19.72,32.58,5,68.9,22.78,0.09,-0.4265,0.075,0.002,-0.452,-0.042,-0.255,15.01,11.7,1,42.72,1,0.973,-50.89,-44.05,0.0,0,5,0.1456,0.0,0.1548,0.0
12.14,1,0.798,-17.72,30.28,5,70.5,22.78,0.09,-0.3712,0.075,0.0,-0.42,-0.04,-0.254,13.98,11.7,1,42.72,1,0.973,-50.89,-44.05,0.0,0,5,0.1494,0.0018,0.1494,0.0
12.213,1,0.807,-17.72,28.58,5,70.6,22.46,0.09,-0.3645,0.078,0.004,-0.422,-0.036,-0.253,13.06,11.7,1,42.72,1,0.966,-47.98,-42.65,0.0,0,5,0.1484,0.011,0.1539,0.0
12.242,1,0.814,-17.97,27.71,5,70.3,21.67,0.09,-0.3357,0.081,0.013,-0.387,-0.032,-0.251,11.75,11.7,1,42.72,1,0.986,-45.08,-40.44,0.0,0,5,0.136,0.0239,0.1636,0.0
12.31,1,0.812,-18.22,26.23,5,70.3,21.67,0.09,-0.3199,0.079,0.009,-0.396,-0.029,-0.25,10.89,11.7,1,31.1,1,0.982,-36.84,-27.7,0.0,0,5,0.1314,0.0204,0.1554,0.0074
12.341,1,0.817,-18.22,25.76,5,70.9,22.15,0.09,-0.2914,0.078,0.003,-0.309,-0.026,-0.249,10.08,11.7,1,31.1,1,0.982,-36.84,-27.7,0.0,0,5,0.1356,0.022,0.1411,0.0147
12.408,1,0.798,-17.47,24.53,5,69.7,21.67,0.09,-0.2846,0.085,0.003,-0.256,-0.02,-0.248,9.22,11.7,1,31.1,1,0.926,-31.5,-24.32,0.0,0,5,0.1334,0.0384,0.1371,0.0292
12.447,1,0.802,-17.22,23.7,5,70.4,21.62,0.09,-0.2723,0.086,0.002,-0.27,-0.015,-0.247,8.31,11.7,1,31.1,1,0.926,-31.5,-24.32,0.0,0,5,0.1249,0.0422,0.1341,0.0422
12.507,1,0.803,-17.22,22.84,5,71.2,21.11,0.09,-0.2601,0.083,-0.0,-0.284,-0.012,-0.247,7.68,11.71,1,19.1,1,0.902,-22.3,-8.49,6.075,1,5,0.1252,0.0387,0.127,0.0423
12.546,1,0.808,-17.47,22.53,5,70.8,21.11,0.09,-0.2446,0.085,0.0,-0.191,-0.007,-0.246,6.82,11.71,1,19.1,1,0.855,-14.54,8.95,4.674,1,5,0.1314,0.0444,0.1258,0.037
12.608,1,0.808,-16.47,21.63,5,70.3,21.11,0.09,-0.2359,0.088,0.003,-0.177,-0.003,-0.246,6.53,11.71,1,19.1,1,0.908,-13.09,14.09,0.0,0,5,0.1314,0.0518,0.1295,0.0389
12.646,1,0.805,-16.22,21.1,5,70.1,21.42,0.09,-0.2321,0.089,0.003,-0.222,0.0,-0.245,6.02,11.71,1,19.1,1,0.847,-6.79,28.05,0.0,0,5,0.126,0.0611,0.1241,0.0463
12.707,1,0.8,-15.97,20.52,5,70.0,21.11,0.09,-0.2243,0.087,0.001,-0.212,0.005,-0.245,5.39,11.71,1,13.07,1,0.893,-7.27,22.68,0.0,0,5,0.1167,0.0593,0.1167,0.0556
12.746,1,0.792,-16.47,20.43,5,68.8,21.11,0.09,-0.2169,0.084,-0.0,-0.262,0.008,-0.245,4.81,11.71,1,13.07,1,0.893,-7.27,22.68,0.0,0,5,0.1166,0.0481,0.1184,0.0518
12.813,1,0.801,-15.97,18.89,5,69.1,20.81,0.09,-0.2082,0.088,0.001,-0.168,0.016,-0.244,3.95,11.71,1,13.07,1,0.889,-9.69,16.66,0.0,0,5,0.1183,0.0481,0.122,0.0536
12.844,1,0.789,-15.97,19.1,5,67.9,21.42,0.09,-0.1876,0.09,0.002,-0.199,0.017,-0.244,3.72,11.71,1,13.07,1,0.904,-9.69,16.94,0.0,0,5,0.1148,0.0555,0.1296,0.0611
12.907,1,0.785,-15.72,18.37,5,69.3,21.1,0.09,-0.1904,0.09,-0.001,-0.16,0.023,-0.244,3.15,11.71,1,13.43,1,0.914,-10.18,15.08,0.0,0,5,0.1185,0.0555,0.1222,0.0648
12.945,1,0.783,-15.72,17.83,5,69.3,21.1,0.09,-0.1806,0.088,-0.006,-0.176,0.026,-0.244,2.75,11.71,1,13.43,1,0.903,-11.15,13.95,0.0,0,5,0.1221,0.0537,0.111,0.0648
13.011,1,0.785,-15.72,17.03,5,69.7,21.42,0.09,-0.1703,0.087,-0.007,-0.118,0.032,-0.244,2.18,11.71,1,13.43,1,0.91,-11.15,11.53,0.0,0,5,0.1258,0.0537,0.1073,0.0629
13.107,1,0.804,-14.23,16.33,5,72.7,20.81,0.09,-0.156,0.094,0.001,-0.119,0.041,-0.244,1.66,11.71,1,13.42,1,0.895,-11.15,9.68,7.353,1,5,0.1111,0.0759,0.1148,0.074
13.176,1,0.808,-13.73,15.92,5,72.5,21.02,0.09,-0.1604,0.093,-0.0,-0.152,0.048,-0.243,1.09,11.71,1,13.42,1,0.903,-11.15,6.88,6.551,1,5,0.1074,0.074,0.1111,0.0778
13.207,1,0.807,-13.48,15.51,5,72.3,21.1,0.09,-0.1579,0.091,-0.002,-0.155,0.05,-0.244,0.86,11.71,1,13.42,1,0.902,-11.15,6.73,0.0,0,5,0.1111,0.0685,0.1093,0.0759
13.244,1,0.805,-13.23,15.23,5,71.8,20.81,0.09,-0.1532,0.089,-0.001,-0.123,0.054,-0.243,0.57,11.71,1,13.42,1,0.898,-11.15,2.87,6.737,1,5,0.1131,0.0649,0.1112,0.0667
13.308,1,0.677,-12.23,14.45,4,73.9,21.01,0.09,-0.149,0.093,0.003,-0.157,0.059,-0.243,0.23,11.71,1,14.4,1,0.892,-11.15,1.98,4.595,1,5,0.1131,0.0741,0.1168,0.0667
13.339,1,0.676,-12.23,13.96,4,74.7,21.29,0.09,-0.1473,0.093,0.002,-0.113,0.063,-0.243,-0.06,11.71,1,14.4,1,0.892,-11.15,1.98,4.595,1,5,0.1129,0.074,0.1166,0.0703
13.379,1,0.68,-12.23,14.15,4,74.8,21.24,0.0973,-0.1368,0.089,-0.001,-0.116,0.067,-0.243,-0.34,11.71,1,14.4,1,0.892,-12.6,-2.42,4.342,1,5,0.1111,0.0666,0.1092,0.0703
13.407,1,0.8,-11.73,14.01,5,74.3,21.42,0.1111,-0.144,0.087,-0.003,-0.127,0.068,-0.243,-0.52,11.71,1,14.4,1,0.892,-12.6,-2.42,4.342,1,5,0.1111,0.0611,0.1074,0.0685
13.479,1,0.791,-12.23,13.64,5,71.8,20.81,0.1324,-0.1891,0.089,-0.0,-0.123,0.075,-0.244,-1.2,11.72,1,15.11,1,0.894,-13.57,-5.97,2.599,1,5,0.1185,0.0667,0.1111,0.0593
13.579,1,0.802,-11.73,12.51,5,72.5,21.1,0.1673,-0.2365,0.12,-0.001,-0.196,0.088,-0.244,-2.18,11.72,1,15.11,1,0.901,-14.54,-8.68,4.401,1,5,0.1447,0.0879,0.1502,0.0971
13.64,1,0.812,-12.23,11.84,5,74.1,21.1,0.1881,-0.244,0.141,-0.004,-0.224,0.097,-0.245,-2.98,11.72,1,15.11,1,0.905,-15.03,-10.22,2.392,1,5,0.1816,0.0981,0.1761,0.1089
13.676,1,0.816,-11.98,11.28,5,75.0,20.96,0.2024,-0.238,0.161,-0.005,-0.293,0.104,-0.245,-3.5,11.72,1,13.13,1,0.905,-15.03,-10.22,2.392,1,5,0.2086,0.1143,0.1977,0.1215
13.707,1,0.806,-12.23,10.99,5,73.9,21.1,0.212,-0.2365,0.168,-0.005,-0.227,0.108,-0.245,-3.78,11.72,1,13.13,1,0.904,-16.48,-13.97,1.278,1,5,0.2176,0.1197,0.2068,0.127
13.745,1,0.818,-11.98,10.47,5,73.4,20.56,0.2137,-0.2267,0.183,-0.003,-0.247,0.115,-0.246,-4.3,11.72,1,13.13,1,0.913,-17.45,-17.69,0.0,0,5,0.2326,0.1373,0.2234,0.1392
13.778,1,0.81,-12.48,9.8,5,72.4,20.56,0.2169,-0.2175,0.197,-0.001,-0.256,0.124,-0.247,-4.98,11.72,1,13.13,1,0.921,-17.45,-19.33,0.0,0,5,0.2442,0.1499,0.2405,0.1517
13.811,1,0.811,-12.23,9.34,5,74.3,20.56,0.2209,-0.1948,0.205,-0.001,-0.306,0.128,-0.247,-5.33,11.72,1,13.13,1,0.876,-14.54,-17.83,0.0,0,5,0.2498,0.1573,0.2516,0.1628
13.84,1,0.81,-12.23,8.83,5,73.3,20.56,0.2237,-0.1865,0.218,0.002,-0.288,0.137,-0.248,-5.9,11.72,1,13.13,1,0.876,-14.54,-17.83,0.0,0,5,0.2572,0.1702,0.2701,0.1739
13.879,1,0.809,-12.48,8.12,5,73.5,20.56,0.2267,-0.1731,0.224,0.002,-0.202,0.146,-0.249,-6.42,11.72,1,8.06,1,0.898,-15.51,-17.06,2.83,1,5,0.2624,0.1792,0.2735,0.1811
13.913,1,0.8,-12.23,7.58,5,72.5,20.56,0.2273,-0.1479,0.231,0.003,-0.244,0.156,-0.25,-6.88,11.72,1,8.06,1,0.873,-11.63,-14.51,-0.545,1,5,0.2661,0.1848,0.2735,0.1811
13.946,1,0.806,-11.98,7.26,5,73.1,20.56,0.2284,-0.1344,0.235,0.002,-0.217,0.161,-0.25,-7.16,11.72,1,8.06,1,0.874,-8.72,-8.33,-1.591,1,5,0.2714,0.199,0.275,0.1936
13.98,1,0.808,-11.98,6.73,5,72.8,20.56,0.2294,-0.1279,0.241,0.002,-0.148,0.171,-0.252,-7.62,11.72,1,8.06,1,0.878,-8.24,-2.76,2.032,1,5,0.2735,0.2101,0.2772,0.2047
14.007,1,0.797,-11.48,6.12,5,72.4,20.56,0.2294,-0.1105,0.242,0.003,-0.119,0.175,-0.252,-7.79,11.72,1,8.06,1,0.878,-8.24,-2.76,2.032,1,5,0.2716,0.2136,0.277,0.2064
14.077,1,0.793,-11.23,5.77,5,75.5,20.56,0.2315,-0.0975,0.245,0.004,-0.086,0.195,-0.255,-8.42,11.73,1,4.1,1,0.875,-6.3,-4.31,0.712,1,5,0.2716,0.2273,0.2716,0.2107
14.106,1,0.786,-10.98,6.06,5,75.4,20.81,0.2326,-0.089,0.247,0.002,-0.121,0.2,-0.255,-8.54,11.73,1,4.1,1,0.875,-6.3,-4.31,0.712,1,5,0.2718,0.2274,0.2718,0.2182
14.146,1,0.789,-10.48,5.37,5,74.6,20.81,0.2336,-0.1021,0.25,-0.002,-0.146,0.21,-0.257,-8.82,11.73,1,4.1,1,0.838,-0.97,7.77,4.902,1,5,0.2716,0.2254,0.2698,0.2328
14.177,1,0.769,-11.48,5.88,5,72.1,20.81,0.209,-0.071,0.248,-0.001,-0.072,0.22,-0.259,-9.11,11.73,1,4.1,1,0.853,-3.39,2.26,3.153,1,5,0.2661,0.2273,0.2661,0.231
14.277,1,0.778,-10.98,4.43,5,72.9,20.56,0.1842,-0.0575,0.243,-0.006,-0.121,0.244,-0.263,-9.68,11.73,1,4.51,1,0.859,-3.39,-0.6,2.515,1,5,0.2647,0.2129,0.2629,0.2333
14.376,1,0.756,-11.48,4.26,5,71.4,20.2,0.1868,-0.0245,0.224,-0.004,-0.043,0.266,-0.267,-10.31,11.73,1,4.51,1,0.852,-4.85,-3.5,0.181,1,5,0.2445,0.2038,0.2371,0.2112
14.411,1,0.759,-11.23,3.96,5,72.5,20.56,0.2005,-0.0204,0.221,-0.004,-0.006,0.27,-0.268,-10.31,11.73,1,4.51,1,0.852,-4.85,-3.5,0.181,1,5,0.2411,0.2003,0.2337,0.2096
14.439,1,0.766,-10.98,4.03,5,71.6,20.0,0.2075,-0.0179,0.216,-0.002,-0.082,0.278,-0.27,-10.43,11.73,1,4.51,1,0.852,-4.85,-3.5,0.181,1,5,0.2278,0.2056,0.2223,0.2093
14.477,1,0.767,-10.73,4.07,5,71.1,20.2,0.2218,-0.0292,0.213,-0.001,-0.055,0.287,-0.271,-10.54,11.74,1,4.0,1,0.843,-4.36,-3.25,3.013,1,5,0.2165,0.2072,0.2165,0.2109
14.51,1,0.772,-10.73,4.14,5,74.4,20.2,0.1983,-0.0226,0.21,-0.001,-0.022,0.291,-0.272,-10.6,11.74,1,4.0,1,0.839,-3.88,-4.83,0.0,1,5,0.2126,0.2034,0.2145,0.2108
14.545,1,0.777,-10.23,3.88,5,74.8,20.46,0.2048,-0.0273,0.209,-0.003,-0.018,0.299,-0.274,-10.54,11.74,1,4.0,1,0.836,-3.39,-5.35,-2.376,1,5,0.2143,0.2014,0.2107,0.2107
14.577,1,0.782,-10.23,4.04,5,73.8,20.2,0.2048,-0.0255,0.212,-0.004,-0.016,0.308,-0.276,-10.66,11.74,1,4.0,1,0.841,-3.88,-3.8,-1.055,1,5,0.218,0.2088,0.2088,0.2143
14.645,1,0.689,-9.48,3.24,4,75.3,20.38,0.2062,-0.0298,0.213,-0.007,0.153,0.32,-0.279,-10.6,11.74,1,4.0,1,0.847,-2.91,-6.15,-0.138,1,5,0.222,0.2035,0.2072,0.2183
14.678,1,0.684,-8.24,3.62,4,76.1,20.56,0.2125,-0.0172,0.211,-0.006,-0.103,0.328,-0.28,-10.6,11.74,1,3.21,1,0.348,-2.4,-6.97,-5.461,1,4,0.2179,0.205,0.2068,0.2161
14.739,1,0.699,-8.73,3.83,4,75.6,20.12,0.1771,-0.0266,0.214,-0.003,-0.02,0.341,-0.283,-10.71,11.74,1,3.21,1,0.343,-1.8,-1.77,6.238,1,4,0.2142,0.2105,0.2105,0.2198
14.775,1,0.699,-8.24,3.32,4,74.7,20.51,0.1525,-0.013,0.21,-0.008,0.021,0.349,-0.285,-10.71,11.74,1,3.21,1,0.328,0.6,-2.87,1.954,1,4,0.2184,0.1962,0.2073,0.2166
14.811,1,0.696,-7.74,3.75,4,77.1,20.56,0.1663,-0.0122,0.207,-0.007,-0.078,0.353,-0.286,-10.77,11.74,1,3.21,1,0.336,3.61,5.13,-2.393,1,4,0.2149,0.1945,0.2056,0.213
14.876,1,0.691,-8.24,3.32,4,76.7,20.51,0.1874,-0.037,0.196,-0.001,-0.028,0.368,-0.289,-11.0,11.74,1,3.0,1,0.774,4.85,1.32,0.0,0,5,0.1944,0.1888,0.1999,0.1999
14.977,1,0.684,-7.24,3.26,4,77.7,20.56,0.1833,-0.0166,0.185,-0.005,-0.01,0.386,-0.293,-11.0,11.74,1,3.0,1,0.349,3.0,4.97,0.412,1,4,0.1912,0.1784,0.182,0.1894
15.006,1,0.683,-7.24,3.26,4,78.2,20.56,0.1968,-0.0317,0.188,-0.002,-0.038,0.39,-0.293,-11.0,11.74,1,3.0,1,0.349,3.0,4.97,0.412,1,4,0.1894,0.1839,0.1876,0.1912
15.04,1,0.687,-7.24,3.26,4,77.2,20.56,0.2038,-0.0337,0.189,-0.002,-0.017,0.397,-0.295,-11.12,11.74,1,3.0,1,0.349,3.0,4.97,0.412,1,4,0.1947,0.1818,0.191,0.1873
15.14,1,0.672,-6.24,2.8,4,77.2,20.69,0.184,-0.0248,0.196,0.002,-0.04,0.417,-0.299,-11.29,11.74,1,2.6,1,0.74,8.24,1.76,6.297,1,5,0.1957,0.192,0.203,0.192
15.238,1,0.697,-5.74,2.62,4,75.5,20.51,0.1464,-0.0093,0.194,0.001,-0.035,0.432,-0.302,-11.4,11.74,1,2.6,1,0.339,3.0,0.02,-7.612,1,4,0.2033,0.1903,0.1996,0.1811
15.278,1,0.688,-5.49,2.76,4,76.1,21.03,0.1205,-0.001,0.187,0.005,-0.029,0.439,-0.303,-11.46,11.74,1,3.48,1,0.783,3.39,-0.42,-1.588,1,5,0.1902,0.1884,0.1958,0.1736
15.309,1,0.68,-5.49,2.67,4,77.0,20.89,0.1335,-0.0108,0.184,0.007,-0.066,0.443,-0.304,-11.52,11.74,1,3.48,1,0.796,2.91,-0.48,-1.354,1,5,0.1811,0.1866,0.1959,0.1737
15.375,1,0.671,-4.99,2.48,4,76.6,20.77,0.1546,-0.0154,0.176,-0.002,-0.036,0.457,-0.307,-11.57,11.74,1,3.48,1,0.732,8.72,-3.45,5.58,1,5,0.1758,0.1665,0.1813,0.1795
15.41,1,0.607,-4.74,5.62,4,76.9,20.84,0.1307,-0.0083,0.172,-0.004,-0.059,0.46,-0.307,-11.63,11.74,1,3.48,1,0.734,9.69,-2.81,3.212,1,5,0.1739,0.1591,0.1776,0.1776
15.44,1,0.663,-4.74,3.19,4,77.9,20.84,0.1375,-0.0813,0.163,0.001,-0.055,0.47,-0.309,-11.75,11.74,1,3.48,1,0.734,9.69,-2.81,3.212,1,5,0.1601,0.1583,0.171,0.1637
15.476,1,0.66,-4.99,4.04,4,77.8,21.04,0.1517,-0.0337,0.16,0.003,-0.051,0.473,-0.31,-11.86,11.74,1,3.48,1,0.734,9.69,-2.81,3.212,1,5,0.1582,0.1563,0.1691,0.1545
15.51,1,0.678,-4.74,1.9,4,77.8,20.69,0.1287,-0.0378,0.158,0.004,0.025,0.476,-0.31,-11.86,11.73,1,4.4,1,0.339,1.8,-4.65,0.585,1,4,0.1582,0.1582,0.1654,0.1491
15.576,1,0.692,-4.49,2.29,4,78.2,20.89,0.111,0.008,0.141,0.001,-0.08,0.486,-0.312,-11.97,11.73,1,4.4,1,0.346,0.6,-5.88,-5.903,1,4,0.1516,0.1424,0.1516,0.1331
15.64,1,0.69,-4.99,2.08,4,77.9,20.69,0.1316,-0.008,0.136,0.001,-0.046,0.495,-0.314,-12.15,11.73,1,4.4,1,0.35,0.6,-9.26,-3.788,1,4,0.1369,0.1314,0.1425,0.1332
15.676,1,0.68,-4.74,1.83,4,79.3,20.56,0.1458,-0.0015,0.133,-0.001,-0.016,0.499,-0.315,-12.2,11.73,1,3.39,1,0.356,-0.6,-8.58,-3.447,1,4,0.1388,0.124,0.1406,0.1295
15.707,1,0.666,-4.74,1.9,4,78.6,20.69,0.16,-0.0023,0.131,-0.002,-0.004,0.502,-0.316,-12.2,11.73,1,3.39,1,0.356,-0.6,-8.58,-3.447,1,4,0.1405,0.122,0.1368,0.1257
15.74,1,0.682,-4.74,1.9,4,77.4,20.69,0.1667,-0.0057,0.126,-0.002,-0.007,0.507,-0.317,-12.2,11.73,1,3.39,1,0.355,-0.6,-8.58,-3.465,1,4,0.1368,0.1183,0.1294,0.1183
15.776,1,0.677,-4.49,1.91,4,77.5,21.03,0.1703,-0.0064,0.125,-0.0,-0.021,0.512,-0.318,-12.2,11.73,1,3.39,1,0.348,0.6,-9.29,-3.788,1,4,0.1314,0.124,0.1258,0.1203
15.844,1,0.687,-4.24,1.64,4,78.0,20.51,0.1671,-0.0086,0.136,-0.002,-0.036,0.52,-0.32,-12.32,11.73,1,3.39,1,0.739,30.54,-9.43,0.0,0,5,0.1371,0.1334,0.1352,0.1389
15.874,1,0.679,-4.24,1.31,4,78.5,20.56,0.1813,-0.0074,0.144,-0.002,-0.008,0.526,-0.321,-12.38,11.73,1,3.39,1,0.738,8.72,-5.85,0.926,1,5,0.1462,0.1425,0.1425,0.1462
15.909,1,0.671,-4.24,2.02,4,77.3,20.69,0.1751,0.0028,0.147,-0.002,0.011,0.529,-0.322,-12.38,11.73,1,2.61,1,0.348,4.21,-5.65,-3.836,1,4,0.1499,0.1481,0.1425,0.1481
15.976,1,0.673,-3.74,1.44,4,78.2,20.56,0.1776,-0.0161,0.157,0.0,-0.023,0.541,-0.325,-12.26,11.73,1,2.61,1,0.74,10.66,-3.25,1.431,1,5,0.1557,0.1575,0.1575,0.1575
16.077,1,0.664,-3.24,1.5,4,78.4,20.69,0.163,-0.0029,0.169,-0.001,0.016,0.558,-0.328,-12.26,11.72,1,2.27,1,0.345,5.41,-4.47,-3.842,1,4,0.1741,0.1723,0.163,0.1667
16.144,1,0.68,-2.75,1.38,4,77.0,20.78,0.1794,-0.0123,0.167,-0.0,-0.028,0.568,-0.331,-12.26,11.72,1,2.27,1,0.824,5.82,-3.95,-2.841,1,5,0.1686,0.1649,0.1686,0.1667
16.175,1,0.686,-2.75,1.69,4,76.0,20.56,0.1867,-0.0162,0.167,0.0,-0.05,0.574,-0.332,-12.38,11.72,1,2.27,1,0.806,5.33,-2.44,-1.475,1,5,0.1611,0.1611,0.174,0.1722
16.237,1,0.654,-2.25,1.51,4,78.1,20.78,0.1913,-0.0243,0.172,0.002,0.035,0.584,-0.334,-12.38,11.72,1,2.27,1,0.814,5.82,-3.91,-2.8,1,5,0.1704,0.1741,0.1741,0.1686
16.274,1,0.583,-2.25,1.76,4,76.9,20.52,0.1913,-0.0246,0.173,0.004,0.031,0.588,-0.334,-12.38,11.72,1,2.27,1,0.814,5.82,-3.91,-2.8,1,5,0.1723,0.1797,0.1741,0.1649
16.376,1,0.651,-2.25,1.1,4,76.9,20.69,0.1313,-0.0169,0.182,0.001,0.013,0.609,-0.339,-12.61,11.72,1,2.14,1,0.339,5.41,-4.47,-3.842,1,4,0.1864,0.1827,0.1846,0.1753
16.44,1,0.668,-1.75,1.11,4,75.6,20.52,0.1523,-0.0059,0.173,0.0,-0.022,0.619,-0.341,-12.61,11.72,1,2.14,1,0.767,8.72,-5.57,2.071,1,5,0.177,0.1659,0.1806,0.1677
16.475,1,0.688,-1.75,0.97,4,75.9,20.78,0.1663,-0.0139,0.168,-0.001,-0.149,0.626,-0.343,-12.83,11.71,1,2.14,1,0.336,6.61,-6.32,0.0,0,4,0.1685,0.1536,0.1796,0.1685
16.546,1,0.681,-2.5,0.73,4,76.9,20.89,0.1656,-0.0093,0.162,0.0,0.022,0.635,-0.345,-13.01,11.71,1,1.11,1,0.334,9.62,2.77,-2.262,1,4,0.1704,0.1537,0.1704,0.1519
16.573,1,0.69,-2.25,0.87,4,76.5,20.51,0.1729,0.0055,0.159,0.002,-0.028,0.638,-0.346,-13.01,11.71,1,1.11,1,0.337,9.01,2.57,-5.746,1,4,0.1704,0.1556,0.1667,0.1445
16.669,1,0.678,-2.5,0.73,4,76.7,20.89,0.1529,0.0,0.154,-0.001,-0.009,0.653,-0.349,-13.24,11.71,1,1.11,1,0.34,9.01,2.2,4.013,1,4,0.1601,0.151,0.1546,0.1492
16.777,1,0.683,-1.75,0.98,4,76.3,20.51,0.1427,0.0068,0.152,0.006,-0.025,0.672,-0.353,-13.06,11.71,1,0.7,1,0.75,13.57,-0.61,1.943,1,5,0.1433,0.158,0.158,0.1506
16.875,1,0.689,-2.25,0.44,4,76.6,20.69,0.1734,-0.0109,0.144,-0.001,0.043,0.686,-0.356,-13.18,11.71,1,0.7,1,0.727,15.03,-0.26,5.027,1,5,0.1497,0.146,0.1404,0.1404
16.91,1,0.674,-2.25,1.46,4,74.9,20.95,0.1691,0.0097,0.147,-0.002,0.015,0.689,-0.357,-13.18,11.71,1,1.22,1,0.722,15.03,-0.17,-0.048,1,5,0.1514,0.1477,0.1422,0.1459
16.973,1,0.691,-2.25,1.04,4,75.5,20.56,0.1737,-0.0177,0.151,-0.004,-0.02,0.696,-0.359,-13.12,11.71,1,1.22,1,0.34,9.01,2.18,-2.358,1,4,0.1526,0.1454,0.1472,0.158
17.044,1,0.621,-2.25,1.2,4,74.6,20.78,0.1946,-0.0094,0.158,-0.001,-0.041,0.709,-0.362,-13.29,11.71,1,1.22,1,0.346,9.01,0.63,0.053,1,4,0.1608,0.1589,0.1552,0.1571
17.075,1,0.678,-2.25,0.92,4,74.8,21.26,0.1706,-0.0107,0.16,0.0,0.013,0.712,-0.363,-13.29,11.71,1,1.22,1,0.342,9.01,-0.81,-3.829,1,4,0.1648,0.1648,0.1555,0.1555
17.143,1,0.659,-1.75,0.6,4,78.0,20.69,0.1732,-0.0038,0.171,0.001,0.016,0.726,-0.366,-13.24,11.69,1,1.97,1,0.338,9.62,1.25,0.041,1,4,0.1684,0.1702,0.1739,0.1721
17.17,1,0.626,-2.0,1.29,4,77.9,20.89,0.1871,-0.0023,0.171,0.001,-0.021,0.729,-0.367,-13.24,11.69,1,1.97,1,0.338,9.62,1.25,0.041,1,4,0.1664,0.1683,0.1757,0.1738
17.24,1,0.658,-1.75,0.8,4,76.1,20.69,0.151,-0.0123,0.172,-0.002,0.08,0.742,-0.37,-13.29,11.69,1,1.97,1,0.36,9.62,-1.76,-1.368,1,4,0.1774,0.1737,0.1663,0.1718
17.272,1,0.669,-1.75,0.51,4,76.6,20.56,0.1652,-0.0051,0.174,-0.002,0.003,0.746,-0.371,-13.29,11.69,1,1.97,1,0.36,9.62,-1.76,-1.368,1,4,0.1774,0.1755,0.1682,0.1737
17.342,1,0.621,-1.5,1.5,4,78.0,21.03,0.186,0.0013,0.164,-0.002,-0.077,0.758,-0.374,-13.29,11.69,1,1.62,1,0.351,10.22,2.22,-3.214,1,4,0.1587,0.1624,0.1606,0.1735
17.373,1,0.655,-1.5,0.71,4,79.0,21.19,0.1621,-0.0247,0.165,-0.002,0.029,0.765,-0.376,-13.29,11.69,1,1.62,1,0.346,10.22,-1.19,-1.282,1,4,0.1605,0.1623,0.1586,0.1734
17.475,1,0.653,-1.0,0.81,4,78.1,21.03,0.1597,-0.0041,0.168,-0.001,-0.056,0.782,-0.38,-13.18,11.68,1,2.04,1,0.727,62.52,-13.08,5.457,1,5,0.1686,0.1686,0.1649,0.1704
17.54,1,0.594,-1.0,0.69,4,77.0,20.89,0.1622,-0.0123,0.172,-0.002,-0.052,0.792,-0.382,-13.29,11.68,1,2.04,1,0.753,63.49,-19.03,0.0,0,5,0.1779,0.1724,0.1668,0.1705
17.574,1,0.519,-1.0,0.41,3,77.5,20.81,0.1377,-0.0067,0.169,-0.002,0.037,0.798,-0.384,-13.24,11.68,1,2.04,1,0.343,11.42,1.46,-3.795,1,4,0.1761,0.1705,0.1668,0.1668
17.642,1,0.51,-1.0,0.4,3,78.1,20.81,0.1584,-0.0013,0.155,0.0,-0.062,0.807,-0.386,-13.24,11.68,1,2.04,1,0.34,7.21,0.31,4.379,1,4,0.1536,0.1517,0.1591,0.1554
17.674,1,0.521,-1.0,0.46,3,78.3,20.96,0.1413,-0.0001,0.154,0.0,-0.089,0.81,-0.386,-13.29,11.68,1,2.04,1,0.358,3.61,-9.62,-1.589,1,4,0.1499,0.148,0.1591,0.1573
17.774,1,0.523,-1.0,0.4,3,78.2,20.81,0.138,-0.001,0.146,0.003,0.02,0.827,-0.39,-13.41,11.68,1,2.99,1,0.822,9.21,-11.21,2.458,1,5,0.1478,0.1496,0.1496,0.1387
17.873,1,0.525,-0.75,0.17,3,78.7,20.57,0.1347,0.0004,0.134,0.004,-0.099,0.838,-0.393,-13.64,11.68,1,2.99,1,0.794,9.21,-12.11,0.171,1,5,0.1349,0.1368,0.1386,0.124
17.942,1,0.531,-0.5,0.23,3,77.1,20.96,0.1556,0.0021,0.135,0.004,0.034,0.848,-0.395,-13.58,11.68,1,2.62,1,0.815,11.63,-9.04,0.488,1,5,0.1314,0.1406,0.1369,0.1296
17.975,1,0.535,-0.25,0.29,3,77.5,20.57,0.1699,-0.0025,0.135,0.005,0.009,0.854,-0.396,-13.52,11.68,1,2.62,1,0.83,12.12,-9.97,-0.584,1,5,0.1269,0.1398,0.1398,0.1342
18.041,1,0.531,0.0,0.29,3,75.1,20.57,0.1906,-0.0071,0.139,0.002,-0.071,0.862,-0.398,-13.52,11.68,1,2.62,1,0.389,6.61,-7.78,-2.789,1,4,0.1351,0.1443,0.1388,0.1388
18.074,1,0.525,0.0,0.0,3,72.9,20.96,0.191,-0.0097,0.142,-0.0,-0.056,0.865,-0.399,-13.64,11.68,1,2.62,1,0.816,12.12,-9.19,-1.795,1,5,0.1442,0.1442,0.1387,0.1405
18.141,1,0.6,0.0,0.08,4,71.6,20.5,0.1897,-0.0007,0.166,0.002,-0.012,0.878,-0.402,-13.64,11.67,1,1.4,1,0.39,6.01,-10.21,0.0,0,4,0.1664,0.1664,0.1701,0.1627
18.171,1,0.621,0.25,-0.23,4,70.0,20.45,0.2037,-0.0027,0.171,0.004,-0.01,0.882,-0.402,-13.69,11.67,1,1.4,1,0.39,6.01,-10.21,0.0,0,4,0.1683,0.172,0.1775,0.1664
18.268,1,0.663,0.5,-0.17,4,71.9,20.58,0.208,0.0043,0.189,0.001,0.028,0.9,-0.407,-13.75,11.67,1,1.4,1,0.923,11.15,1.37,-2.197,1,5,0.1923,0.1923,0.1886,0.183
18.374,1,0.597,0.75,0.19,4,66.8,20.32,0.1619,-0.0009,0.201,0.006,-0.038,0.92,-0.411,-13.69,11.67,1,0.09,1,0.884,12.12,1.63,-4.419,1,5,0.196,0.2108,0.2034,0.1941
18.401,1,0.643,0.5,0.29,4,71.7,20.08,0.1504,-0.0124,0.201,0.002,0.019,0.928,-0.413,-13.75,11.67,1,0.09,1,0.884,12.12,1.63,-4.419,1,5,0.2031,0.205,0.2013,0.1958
18.473,1,0.706,0.75,-0.2,4,74.8,20.16,0.154,-0.0116,0.196,0.0,-0.042,0.939,-0.415,-13.75,11.67,1,0.09,1,0.892,11.63,2.04,-3.851,1,5,0.1921,0.1902,0.2031,0.1994
18.574,1,0.714,-0.25,-0.15,4,74.9,20.32,0.1864,-0.0017,0.168,0.003,-0.019,0.959,-0.42,-14.04,11.66,1,-0.64,1,0.866,11.15,0.14,-5.095,1,5,0.1722,0.1649,0.1777,0.1576
18.6,1,0.702,-0.25,-0.52,4,73.2,19.95,0.1748,0.0093,0.166,0.002,-0.003,0.963,-0.421,-14.09,11.66,1,-0.64,1,0.866,11.15,0.14,-5.095,1,5,0.1704,0.1612,0.1759,0.1576
18.64,1,0.698,-0.25,-0.14,4,73.2,20.32,0.1506,0.0165,0.164,0.003,-0.081,0.969,-0.422,-14.09,11.66,1,-0.64,1,0.854,13.09,5.98,-2.824,1,5,0.1629,0.1648,0.1685,0.1592
18.675,1,0.704,-0.25,-0.44,4,74.8,20.16,0.1647,0.0071,0.166,-0.003,0.032,0.976,-0.424,-14.09,11.66,1,-0.64,1,0.845,12.6,5.69,-0.479,1,5,0.1685,0.1648,0.1648,0.1611
18.773,1,0.641,-0.25,-0.91,4,75.3,20.16,0.1906,0.0152,0.162,-0.003,0.026,0.988,-0.428,-14.04,11.66,1,-2.41,1,0.847,13.09,5.94,-1.224,1,5,0.159,0.159,0.159,0.1701
18.907,1,0.664,0.0,-0.9,4,76.1,19.62,0.156,0.0241,0.171,-0.003,0.014,1.011,-0.434,-13.92,11.66,1,-2.41,1,0.812,13.09,10.26,3.66,1,5,0.1664,0.172,0.1646,0.1812
18.941,1,0.545,0.25,-0.3,3,75.8,19.85,0.1631,0.0215,0.168,-0.003,0.022,1.016,-0.435,-13.81,11.66,1,-2.41,1,0.801,14.06,10.16,7.25,1,5,0.1634,0.167,0.1634,0.1778
18.976,1,0.691,0.5,-0.26,4,75.3,19.62,0.1386,0.003,0.163,0.0,-0.034,1.023,-0.437,-13.81,11.66,1,-2.41,1,0.787,14.06,12.12,0.0,0,5,0.161,0.1682,0.1592,0.1646
19.006,1,0.692,0.5,-0.26,4,73.8,19.62,0.1523,0.0001,0.164,0.0,-0.021,1.026,-0.437,-13.87,11.66,1,-2.41,1,0.78,14.06,11.95,0.0,0,5,0.1632,0.1703,0.1578,0.1649
19.106,1,0.548,0.25,0.06,3,73.9,19.27,0.1731,0.0018,0.149,-0.008,0.035,1.04,-0.442,-13.69,11.65,1,0.99,1,0.76,14.06,16.46,0.0,0,5,0.1527,0.1398,0.1417,0.1601
19.14,1,0.659,0.5,-0.35,4,74.9,19.91,0.1802,-0.0034,0.149,-0.005,-0.001,1.046,-0.443,-13.64,11.65,1,0.99,1,0.76,14.06,22.17,0.0,0,5,0.1509,0.1454,0.1435,0.1564
19.169,1,0.556,1.0,0.25,3,75.2,19.85,0.1563,0.0034,0.152,-0.002,-0.002,1.05,-0.444,-13.64,11.65,1,0.99,1,0.76,14.06,22.17,0.0,0,5,0.1527,0.1509,0.149,0.1564
19.201,1,0.66,1.0,-0.22,4,76.4,19.91,0.1463,-0.0167,0.163,-0.001,0.031,1.056,-0.446,-13.69,11.65,1,0.99,1,0.76,14.06,22.17,0.0,0,5,0.1609,0.1664,0.1572,0.1664
19.268,1,0.555,1.0,0.25,3,75.9,19.85,0.1223,-0.0056,0.165,-0.001,0.027,1.066,-0.448,-13.64,11.65,1,0.99,1,0.768,11.15,26.53,0.0,0,5,0.1664,0.1664,0.1627,0.1664
19.306,1,0.645,1.0,-0.42,4,76.9,19.91,0.108,-0.0139,0.159,0.001,-0.056,1.072,-0.449,-13.64,11.65,1,4.41,1,0.751,8.24,30.23,0.0,0,5,0.159,0.1553,0.1646,0.1572
19.369,1,0.554,0.5,0.12,3,75.5,19.85,0.0977,-0.002,0.151,0.001,-0.042,1.08,-0.451,-13.92,11.65,1,4.41,1,0.75,7.27,29.14,0.0,0,5,0.1489,0.1452,0.158,0.1507
19.442,1,0.548,0.5,0.12,3,78.0,19.85,0.09,-0.0057,0.134,-0.0,0.001,1.091,-0.454,-13.92,11.65,1,4.41,1,0.751,1.45,31.96,0.0,0,5,0.1406,0.1295,0.1369,0.1277
19.474,1,0.552,0.5,0.12,3,76.9,19.85,0.09,-0.006,0.123,-0.001,-0.054,1.095,-0.455,-13.92,11.65,1,4.41,1,0.738,-0.48,35.13,0.0,0,5,0.1351,0.1222,0.1333,0.1222
19.507,1,0.552,0.5,0.12,3,75.4,19.85,0.09,-0.0063,0.117,-0.001,-0.114,1.097,-0.456,-14.04,11.63,1,8.77,1,0.749,-1.45,36.6,0.0,0,5,0.1223,0.1037,0.1278,0.1148
19.575,1,0.547,0.25,-0.56,3,75.6,20.2,0.09,-0.0065,0.104,0.002,-0.038,1.105,-0.458,-14.38,11.63,1,8.77,1,0.756,-5.33,38.16,0.0,0,5,0.1144,0.0997,0.1126,0.0904
19.605,1,0.548,0.0,-0.36,3,76.4,20.2,0.09,0.0085,0.101,0.004,-0.069,1.107,-0.458,-14.44,11.63,1,8.77,1,0.758,-7.76,36.88,0.0,0,5,0.1106,0.0995,0.1106,0.0848
19.668,1,0.541,-0.25,-0.69,3,77.4,20.2,0.09,0.0072,0.093,0.005,-0.021,1.112,-0.459,-14.55,11.63,1,8.77,1,0.768,-10.66,33.99,0.0,0,5,0.0905,0.0905,0.1053,0.085
19.706,1,0.542,-0.25,-0.77,3,75.4,20.44,0.09,0.0155,0.085,0.002,-0.027,1.115,-0.46,-14.67,11.63,1,12.98,1,0.789,-13.09,36.93,0.0,0,5,0.0851,0.0795,0.0943,0.0795
19.741,1,0.543,-0.5,-0.75,3,74.4,19.97,0.09,0.0168,0.078,0.002,-0.033,1.118,-0.461,-14.73,11.63,1,12.98,1,0.791,-15.03,35.98,0.0,0,5,0.0814,0.074,0.0851,0.0703
19.769,1,0.545,-0.75,-0.81,3,74.1,20.2,0.09,0.019,0.075,0.002,-0.034,1.12,-0.461,-14.78,11.63,1,12.98,1,0.791,-15.03,35.98,0.0,0,5,0.0796,0.0722,0.0814,0.0666
19.805,1,0.647,-0.75,-1.48,4,75.2,20.45,0.09,0.0225,0.073,0.003,-0.009,1.122,-0.461,-14.78,11.63,1,12.98,1,0.81,-16.96,37.88,0.0,0,5,0.0776,0.0721,0.0795,0.061
19.867,1,0.547,-1.0,-1.23,3,76.8,19.97,0.09,0.0334,0.074,-0.002,0.005,1.127,-0.463,-14.95,11.63,1,12.98,1,0.824,-19.39,36.08,0.0,0,5,0.0849,0.0739,0.0702,0.0665
19.905,1,0.551,-0.75,-0.9,3,76.1,20.44,0.09,0.032,0.077,-0.002,0.01,1.13,-0.464,-14.9,11.63,1,15.85,1,0.824,-19.39,36.08,0.0,0,5,0.0832,0.0795,0.0703,0.0758
19.94,1,0.555,-0.25,-1.31,3,75.4,20.44,0.09,0.0225,0.078,0.001,0.03,1.133,-0.464,-14.84,11.63,1,15.85,1,0.812,-20.84,40.37,0.0,0,5,0.0759,0.0814,0.0759,0.0777
19.968,1,0.674,-0.25,-1.22,4,75.6,20.45,0.09,0.0238,0.079,0.004,0.044,1.135,-0.465,-14.78,11.63,1,15.85,1,0.812,-20.84,40.37,0.0,0,5,0.0703,0.0851,0.0796,0.0796
20.005,1,0.547,-0.25,-0.77,3,76.5,20.44,0.09,0.0226,0.076,0.004,0.043,1.137,-0.465,-14.67,11.63,1,15.85,1,0.827,-26.66,38.78,0.0,0,5,0.0648,0.0796,0.0814,0.0796
20.068,1,0.542,0.25,-0.65,3,77.9,20.44,0.09,0.0153,0.074,0.004,0.026,1.142,-0.466,-14.55,11.63,1,15.85,1,0.83,-25.69,39.68,0.0,0,5,0.0629,0.0815,0.074,0.0759
20.105,1,0.542,0.5,-0.85,3,78.1,19.97,0.09,0.007,0.073,0.004,0.018,1.145,-0.467,-14.55,11.62,1,19.8,1,0.842,-26.66,37.79,0.0,0,5,0.0629,0.0814,0.0721,0.074
20.169,1,0.54,0.25,-0.47,3,77.4,20.44,0.09,0.009,0.072,0.006,-0.024,1.149,-0.467,-14.55,11.62,1,19.8,1,0.852,-29.08,35.74,0.0,0,5,0.0646,0.0812,0.0757,0.0683
20.204,1,0.531,0.75,-1.31,3,77.8,20.46,0.09,0.0057,0.075,0.003,0.006,1.152,-0.468,-14.55,11.62,1,19.8,1,0.863,-28.6,34.03,0.0,0,5,0.0739,0.085,0.0721,0.0702
20.267,1,0.479,0.5,-3.55,3,78.9,21.02,0.09,0.0149,0.081,-0.001,-0.008,1.157,-0.47,-14.61,11.62,1,19.8,1,0.855,-28.11,35.17,0.0,0,5,0.0848,0.0848,0.0738,0.0793
20.306,1,0.474,0.5,-3.81,3,79.5,21.02,0.09,0.0574,0.084,0.001,0.007,1.16,-0.47,-14.61,11.62,1,22.14,1,0.867,-32.96,29.01,0.0,0,5,0.0831,0.0849,0.0849,0.0812
20.369,1,0.496,0.25,-2.91,3,80.3,20.46,0.09,0.062,0.087,0.005,0.007,1.165,-0.471,-14.61,11.62,1,22.14,1,0.852,-32.47,28.95,0.0,0,5,0.0796,0.0852,0.0981,0.0833
20.405,1,0.493,0.5,-2.55,3,80.4,23.35,0.09,0.0493,0.088,0.005,0.016,1.169,-0.472,-14.61,11.62,1,22.14,1,0.852,-32.47,28.95,0.0,0,5,0.0814,0.0888,0.0962,0.0851
20.469,1,0.519,1.0,-0.92,4,81.8,26.53,0.09,0.0397,0.09,0.003,0.039,1.174,-0.473,-14.44,11.62,1,22.14,1,0.833,-28.6,29.42,0.0,0,5,0.0796,0.0962,0.0888,0.0944
20.505,1,0.537,1.5,-0.27,4,82.2,25.96,0.09,0.0052,0.09,0.002,0.025,1.178,-0.474,-14.38,11.61,1,22.0,1,0.838,-23.27,29.18,0.0,0,5,0.0797,0.1019,0.0834,0.0963
20.533,1,0.546,1.5,0.44,4,82.8,26.3,0.09,-0.0116,0.091,0.002,-0.014,1.179,-0.475,-14.38,11.61,1,22.0,1,0.838,-23.27,29.18,0.0,0,5,0.0814,0.1055,0.0814,0.0962
20.569,1,0.512,1.5,1.2,4,82.9,26.34,0.09,-0.0231,0.091,-0.001,-0.008,1.183,-0.476,-14.44,11.61,1,22.0,1,0.838,-23.27,29.18,0.0,0,5,0.0919,0.1029,0.0753,0.0919
20.605,1,0.57,1.5,1.92,4,83.4,24.1,0.09,-0.0357,0.09,-0.002,0.025,1.186,-0.476,-14.44,11.61,1,22.0,1,0.85,-21.81,26.65,0.0,0,5,0.0917,0.0935,0.0825,0.0917
20.638,1,0.538,1.5,2.98,4,83.7,25.94,0.09,-0.048,0.091,0.0,0.015,1.19,-0.477,-14.38,11.61,1,22.0,1,0.833,-20.36,25.05,0.0,0,5,0.0869,0.0869,0.0961,0.0943
20.668,1,0.495,1.5,4.16,4,83.8,28.11,0.09,-0.0661,0.09,0.002,-0.013,1.192,-0.478,-14.38,11.61,1,22.0,1,0.833,-20.36,25.05,0.0,0,5,0.0832,0.085,0.0998,0.0924
20.703,1,0.508,1.25,5.94,4,83.4,26.32,0.09,-0.0866,0.089,0.003,-0.001,1.195,-0.478,-14.38,11.61,1,26.76,1,0.833,-20.36,25.05,0.0,0,5,0.0845,0.0882,0.0956,0.0864
20.734,1,0.478,1.25,7.21,4,83.4,28.52,0.09,-0.1143,0.086,-0.0,-0.002,1.198,-0.479,-14.44,11.61,1,26.76,1,0.83,-16.48,19.52,0.0,0,5,0.0882,0.0827,0.0901,0.0845
20.769,1,0.481,1.25,9.96,4,83.3,29.13,0.09,-0.1367,0.086,-0.001,-0.012,1.2,-0.48,-14.44,11.61,1,26.76,1,0.83,-16.48,19.52,0.0,0,5,0.0883,0.0809,0.0883,0.0846
20.804,1,0.487,0.0,14.9,4,83.7,28.71,0.09,-0.1848,0.085,-0.003,-0.03,1.203,-0.481,-14.5,11.61,1,26.76,1,0.83,-16.48,19.52,0.0,0,5,0.0907,0.0777,0.087,0.0851
20.868,1,0.323,-4.24,19.99,3,83.9,33.05,0.09,-0.2572,0.089,-0.003,-0.064,1.209,-0.482,-14.84,11.61,1,26.76,1,0.84,-17.45,7.6,0.0,0,5,0.1109,0.0851,0.0869,0.074
20.907,1,0.392,-3.99,19.63,4,83.8,34.64,0.09,-0.297,0.093,-0.004,-0.1,1.212,-0.484,-15.13,11.61,1,34.3,1,0.817,-21.81,-2.32,0.0,0,5,0.1183,0.0758,0.1035,0.0758
20.972,1,0.504,-3.99,25.73,4,84.6,26.87,0.09,-0.3002,0.096,-0.004,-0.16,1.216,-0.485,-15.36,11.61,1,34.3,1,0.881,-24.23,-12.96,6.077,1,5,0.1197,0.0653,0.1179,0.0798
21.006,1,0.526,-3.74,26.02,4,84.7,27.49,0.09,-0.409,0.096,-0.007,-0.149,1.22,-0.486,-15.76,11.61,1,34.3,1,0.854,-27.63,-19.37,0.0,0,5,0.1234,0.0599,0.118,0.0817
21.041,1,0.51,-3.99,26.37,4,84.5,28.62,0.09,-0.4181,0.095,-0.009,-0.202,1.223,-0.488,-16.16,11.61,1,34.3,1,0.92,-30.05,-26.93,0.0,0,5,0.1277,0.0574,0.1147,0.0814
21.067,1,0.583,-4.49,27.35,5,83.8,25.95,0.09,-0.4221,0.097,-0.012,-0.205,1.225,-0.489,-16.39,11.61,1,34.3,1,0.92,-30.05,-26.93,0.0,0,5,0.133,0.0536,0.1164,0.085
21.106,1,0.631,-5.49,28.29,5,83.2,27.95,0.09,-0.4333,0.097,-0.016,-0.264,1.229,-0.491,-16.96,11.59,1,39.97,1,0.92,-32.96,-32.21,0.0,0,5,0.1441,0.0407,0.122,0.0813
21.203,1,0.619,-8.24,28.19,5,81.1,33.44,0.09,-0.4414,0.105,-0.005,-0.305,1.239,-0.494,-18.56,11.59,1,39.97,1,0.96,-35.87,-40.2,0.0,0,5,0.1641,0.0516,0.1475,0.0553
21.238,1,0.644,-8.98,28.91,5,81.0,31.12,0.09,-0.4065,0.106,-0.003,-0.345,1.243,-0.496,-19.25,11.59,1,39.97,1,0.963,-36.84,-41.66,0.0,0,5,0.1648,0.0555,0.1518,0.0537
21.268,1,0.655,-6.74,27.31,5,81.2,31.44,0.09,-0.4142,0.108,-0.004,-0.297,1.245,-0.497,-19.65,11.59,1,39.97,1,0.963,-36.84,-41.66,0.0,0,5,0.1685,0.0574,0.1499,0.0555
21.304,1,0.705,-4.74,25.01,5,81.8,24.79,0.09,-0.4163,0.106,-0.001,-0.3,1.249,-0.498,-20.34,11.59,1,33.16,1,0.963,-36.84,-41.66,0.0,0,5,0.1609,0.0555,0.1553,0.0536
21.368,1,0.644,-6.49,24.36,5,82.0,32.17,0.09,-0.3983,0.105,0.012,-0.294,1.255,-0.499,-21.26,11.59,1,33.16,1,0.946,-30.05,-37.24,0.0,0,5,0.1425,0.0666,0.1665,0.0444
21.404,1,0.662,-1.0,20.11,5,81.9,22.19,0.09,-0.3643,0.103,0.012,-0.314,1.259,-0.5,-21.94,11.59,1,33.16,1,0.899,-22.3,-30.91,0.0,0,5,0.1407,0.0629,0.1666,0.0426
21.468,1,0.726,-0.5,19.58,5,83.5,22.19,0.09,-0.3533,0.1,0.0,-0.307,1.264,-0.503,-23.03,11.59,1,33.16,1,0.923,-20.36,-24.81,0.0,0,5,0.1479,0.0481,0.1535,0.0518
21.506,1,0.734,-0.5,19.55,5,83.4,21.96,0.09,-0.346,0.105,0.001,-0.281,1.268,-0.504,-23.72,11.58,1,21.43,1,0.828,-12.6,-18.02,0.0,0,5,0.1517,0.0537,0.1591,0.0555
21.636,1,0.701,-1.25,17.03,5,81.6,21.6,0.09,-0.3391,0.096,-0.003,-0.249,1.281,-0.51,-25.95,11.58,1,21.43,1,0.793,-0.48,8.57,6.309,1,5,0.1499,0.0481,0.137,0.0481
21.668,1,0.707,-1.5,16.69,5,81.3,21.96,0.0971,-0.2854,0.097,-0.003,-0.254,1.283,-0.511,-26.24,11.58,1,21.43,1,0.793,-0.48,8.57,6.309,1,5,0.1518,0.0481,0.1388,0.0481
21.703,1,0.695,-2.0,16.59,5,81.3,21.96,0.0993,-0.2765,0.097,-0.0,-0.216,1.286,-0.513,-26.76,11.58,1,13.48,1,0.793,-0.48,8.57,6.309,1,5,0.1463,0.0537,0.1408,0.0482
21.774,1,0.691,-2.99,15.62,5,80.0,21.96,0.0993,-0.2699,0.099,-0.007,-0.232,1.293,-0.517,-27.79,11.58,1,13.48,1,0.825,0.97,16.56,0.0,0,5,0.1431,0.055,0.1284,0.0697
21.799,1,0.705,-3.24,14.9,5,79.8,21.6,0.09,-0.2408,0.099,-0.01,-0.254,1.295,-0.518,-28.07,11.58,1,13.48,1,0.825,0.97,16.56,0.0,0,5,0.1413,0.0532,0.1247,0.0752
21.837,1,0.721,-2.75,14.35,5,79.1,21.46,0.09,-0.2272,0.099,-0.009,-0.162,1.298,-0.52,-28.53,11.58,1,13.48,1,0.834,-0.48,11.98,6.275,1,5,0.1388,0.0537,0.1277,0.0777
21.87,1,0.702,-2.75,14.12,5,79.3,21.46,0.09,-0.2247,0.1,-0.006,-0.178,1.3,-0.521,-28.76,11.58,1,13.48,1,0.825,-1.45,10.78,4.606,1,5,0.1388,0.0592,0.1295,0.074
21.905,1,0.687,-2.99,13.9,5,80.0,21.96,0.09,-0.221,0.1,0.0,-0.187,1.304,-0.523,-29.11,11.58,1,13.73,1,0.832,-1.94,8.73,6.799,1,5,0.1333,0.0666,0.1351,0.0666
21.936,1,0.714,-3.24,13.14,5,81.0,21.46,0.09,-0.2143,0.099,0.001,-0.145,1.307,-0.525,-29.56,11.58,1,13.73,1,0.83,-2.42,5.99,7.508,1,5,0.1294,0.0703,0.1294,0.0666
21.999,1,0.762,-3.24,12.97,5,79.5,21.11,0.0939,-0.1988,0.095,-0.006,-0.21,1.312,-0.528,-30.19,11.58,1,13.73,1,0.835,-2.91,5.18,4.973,1,5,0.1296,0.0592,0.1203,0.0722
22.099,1,0.672,-2.99,11.99,5,81.4,20.96,0.1289,-0.2349,0.094,0.001,-0.163,1.32,-0.533,-30.94,11.58,1,15.76,1,0.837,-3.39,1.07,2.589,1,5,0.123,0.0661,0.1248,0.0624
22.137,1,0.684,-3.24,11.14,5,81.3,21.46,0.1044,-0.1828,0.097,-0.002,-0.18,1.323,-0.535,-31.34,11.58,1,15.76,1,0.839,-5.33,-2.75,4.563,1,5,0.1286,0.0661,0.1249,0.0698
22.168,1,0.697,-3.99,11.44,5,81.6,20.96,0.09,-0.1648,0.098,-0.005,-0.252,1.325,-0.537,-31.63,11.58,1,15.76,1,0.839,-5.33,-2.75,4.563,1,5,0.1312,0.062,0.1257,0.0747
22.204,1,0.752,-4.49,10.77,5,80.1,20.96,0.0955,-0.1608,0.102,-0.011,-0.199,1.328,-0.54,-32.2,11.58,1,15.76,1,0.833,-11.15,-11.86,3.91,1,5,0.1418,0.0527,0.1291,0.0854
22.274,1,0.788,-4.49,10.26,5,78.4,20.44,0.1166,-0.1579,0.101,0.0,-0.164,1.335,-0.544,-33.06,11.58,1,15.76,1,0.864,-12.12,-14.8,-0.0,1,5,0.1314,0.0703,0.1332,0.0703
22.299,1,0.723,-4.49,9.87,5,78.1,20.96,0.1236,-0.1592,0.102,0.005,-0.139,1.337,-0.545,-33.23,11.58,1,15.52,1,0.864,-12.12,-14.8,-0.0,1,5,0.1259,0.0796,0.1333,0.0685
22.337,1,0.778,-4.74,9.96,5,78.2,20.46,0.0992,-0.1307,0.104,0.007,-0.164,1.341,-0.547,-33.58,11.58,1,15.52,1,0.863,-12.12,-16.84,1.869,1,5,0.1259,0.0852,0.137,0.0666
22.399,1,0.745,-4.99,9.39,5,77.1,20.44,0.12,-0.1466,0.1,0.003,-0.184,1.346,-0.55,-34.21,11.58,1,15.52,1,0.867,-13.09,-18.13,0.0,0,5,0.1277,0.074,0.1332,0.0666
22.436,1,0.741,-5.24,9.06,5,76.1,20.81,0.0997,-0.1174,0.098,0.001,-0.159,1.349,-0.552,-34.66,11.58,1,15.52,1,0.867,-13.09,-18.13,0.0,0,5,0.1308,0.069,0.129,0.0618
22.504,1,0.675,-5.24,8.44,5,76.5,20.46,0.09,-0.1097,0.099,0.006,-0.151,1.354,-0.555,-35.18,11.57,1,11.19,1,0.845,-9.21,-17.91,0.0,0,5,0.1273,0.0764,0.1345,0.0582
22.536,1,0.669,-4.74,7.95,5,77.5,20.46,0.09,-0.0993,0.1,0.007,-0.15,1.356,-0.556,-35.35,11.57,1,11.19,1,0.837,-7.27,-13.25,-6.147,1,5,0.1222,0.0759,0.1388,0.0629
22.599,1,0.612,-4.99,7.54,4,76.0,20.7,0.09,-0.0968,0.093,0.012,-0.199,1.363,-0.56,-36.15,11.57,1,11.19,1,0.849,-6.3,-11.6,-2.948,1,5,0.1035,0.0776,0.1312,0.0591
22.637,1,0.63,-5.24,7.25,4,74.8,20.45,0.0904,-0.0865,0.086,0.009,-0.204,1.366,-0.562,-36.61,11.57,1,11.19,1,0.837,-2.91,-6.72,-3.423,1,5,0.1091,0.0703,0.1202,0.0462
22.67,1,0.64,-5.24,6.74,4,75.2,20.64,0.1042,-0.0785,0.085,0.007,-0.157,1.367,-0.563,-36.78,11.57,1,11.19,1,0.796,-0.48,-2.8,-5.08,1,5,0.111,0.0666,0.1166,0.0444
22.699,1,0.616,-5.24,6.49,4,75.9,20.45,0.1111,-0.0721,0.084,0.005,-0.132,1.37,-0.564,-37.01,11.57,1,5.34,1,0.796,-0.48,-2.8,-5.08,1,5,0.1109,0.0628,0.1146,0.048
22.738,1,0.614,-5.49,6.3,4,76.7,20.62,0.0948,-0.0656,0.082,0.004,-0.113,1.372,-0.566,-37.3,11.57,1,5.34,1,0.825,1.94,4.38,-2.995,1,5,0.1016,0.0647,0.1072,0.0554
22.799,1,0.622,-5.74,5.69,4,77.4,20.45,0.0979,-0.0598,0.086,-0.0,-0.093,1.377,-0.57,-37.7,11.57,1,5.34,1,0.798,3.88,3.26,-5.054,1,5,0.1017,0.0666,0.1035,0.0703
22.837,1,0.606,-5.74,5.85,4,77.2,20.45,0.1101,-0.0477,0.087,-0.0,-0.12,1.379,-0.572,-37.93,11.57,1,5.34,1,0.776,7.76,11.84,-3.376,1,5,0.1035,0.0666,0.1072,0.0721
22.9,1,0.61,-6.24,4.97,4,76.6,20.45,0.09,-0.0499,0.086,-0.001,-0.082,1.383,-0.575,-38.27,11.57,1,1.7,1,0.815,8.72,18.23,0.0,0,5,0.1037,0.0648,0.1055,0.0703
22.935,1,0.622,-6.24,4.99,4,76.5,20.33,0.09,-0.0288,0.085,-0.0,-0.046,1.386,-0.577,-38.39,11.57,1,1.7,1,0.823,7.76,15.42,-3.76,1,5,0.1018,0.0666,0.1037,0.0685
23.069,1,0.618,-6.49,4.49,4,77.1,20.7,0.0905,-0.0305,0.086,0.003,-0.12,1.394,-0.583,-39.13,11.57,1,1.7,1,0.819,6.79,11.93,-5.202,1,5,0.096,0.0702,0.1071,0.0702
23.099,1,0.669,-6.74,4.37,5,77.0,20.81,0.09,-0.0187,0.082,0.002,-0.126,1.397,-0.585,-39.42,11.57,1,1.72,1,0.819,6.79,11.93,-5.202,1,5,0.0979,0.0647,0.1035,0.0628
23.136,1,0.656,-6.74,4.04,5,76.9,20.46,0.09,-0.0142,0.083,0.002,-0.12,1.4,-0.587,-39.65,11.57,1,1.72,1,0.83,5.82,9.07,-5.719,1,5,0.1017,0.0684,0.1017,0.061
23.199,1,0.648,-6.99,3.69,5,76.3,20.96,0.09,-0.0091,0.083,0.002,-0.068,1.403,-0.59,-39.99,11.57,1,1.72,1,0.83,5.33,7.22,0.0,0,5,0.1,0.0685,0.1019,0.0611
23.236,1,0.649,-7.24,3.53,5,75.9,20.46,0.09,-0.0003,0.082,0.002,-0.039,1.406,-0.592,-40.11,11.57,1,1.72,1,0.83,5.33,7.22,0.0,0,5,0.0944,0.0685,0.1,0.0666
23.3,1,0.667,-7.24,3.22,5,76.4,20.46,0.09,0.0047,0.082,-0.0,-0.06,1.41,-0.596,-40.28,11.57,1,0.43,1,0.814,7.76,9.9,-7.045,1,5,0.0925,0.0703,0.0925,0.0722
23.335,1,0.679,-7.24,3.21,5,76.6,20.46,0.09,0.0097,0.082,0.0,-0.043,1.412,-0.598,-40.34,11.57,1,0.43,1,0.832,7.76,10.03,-6.552,1,5,0.0924,0.0703,0.0906,0.0703
23.398,1,0.671,-6.99,3.07,5,76.1,20.96,0.09,0.0095,0.083,0.002,-0.115,1.416,-0.601,-40.68,11.57,1,0.43,1,0.83,7.76,8.69,-7.517,1,5,0.0902,0.0773,0.0938,0.0718
23.435,1,0.685,-7.24,2.79,5,76.7,20.81,0.09,0.0089,0.084,0.004,-0.038,1.419,-0.603,-40.85,11.57,1,0.43,1,0.821,7.27,6.72,-7.467,1,5,0.0885,0.0774,0.0977,0.0719
23.499,1,0.722,-6.99,2.77,5,77.7,20.96,0.09,0.0167,0.086,0.003,-0.011,1.423,-0.606,-40.91,11.56,1,-1.2,1,0.817,7.27,5.91,0.0,0,5,0.0889,0.0815,0.0963,0.0759
23.535,1,0.737,-6.99,2.81,5,78.0,20.96,0.09,0.014,0.088,0.001,-0.017,1.426,-0.609,-40.97,11.56,1,-1.2,1,0.794,11.15,11.21,-7.388,1,5,0.0889,0.0834,0.0945,0.0834
23.571,1,0.725,-6.74,2.62,5,78.1,20.46,0.09,0.0136,0.088,0.001,-0.02,1.427,-0.61,-40.97,11.56,1,-1.2,1,0.823,11.15,12.07,-5.761,1,5,0.0871,0.0834,0.0945,0.0853
23.602,1,0.703,-6.74,2.57,5,78.6,20.46,0.09,0.0137,0.087,0.002,-0.016,1.43,-0.612,-41.02,11.56,1,-1.2,1,0.829,11.15,11.1,-7.416,1,5,0.0882,0.0845,0.0937,0.0827
23.634,1,0.704,-6.49,2.37,5,78.8,20.96,0.09,0.0152,0.085,0.002,-0.003,1.432,-0.614,-41.02,11.56,1,-1.2,1,0.829,11.15,11.1,-7.416,1,5,0.0882,0.0845,0.0901,0.0809
23.706,1,0.719,-6.24,2.63,5,79.8,20.46,0.09,0.0162,0.086,0.002,-0.026,1.436,-0.618,-41.08,11.56,1,-2.37,1,0.817,11.63,10.62,-6.754,1,5,0.0879,0.0879,0.0879,0.0806
23.735,1,0.723,-6.24,2.53,5,80.3,20.46,0.09,0.0088,0.087,0.001,-0.014,1.439,-0.62,-41.14,11.56,1,-2.37,1,0.814,11.63,10.6,-6.75,1,5,0.0879,0.0861,0.0898,0.0825
23.802,1,0.722,-5.99,2.44,5,80.4,20.96,0.09,0.0113,0.083,0.0,0.011,1.443,-0.623,-41.2,11.56,1,-2.37,1,0.81,11.63,8.86,-4.319,1,5,0.0847,0.0829,0.0847,0.081
23.833,1,0.736,-5.74,2.2,5,80.0,20.46,0.09,0.0099,0.083,-0.001,0.021,1.444,-0.624,-41.14,11.56,1,-2.37,1,0.77,14.54,10.7,-7.625,1,5,0.0847,0.081,0.0829,0.0847
23.899,1,0.713,-5.49,2.58,5,79.5,20.96,0.0934,0.012,0.086,-0.0,-0.01,1.449,-0.629,-41.2,11.56,1,-2.37,1,0.811,15.51,16.2,-4.576,1,5,0.0851,0.0833,0.0888,0.0888
23.937,1,0.715,-5.49,2.51,5,79.0,20.96,0.09,0.0029,0.089,0.001,-0.007,1.452,-0.631,-41.2,11.56,1,-3.2,1,0.835,15.51,15.34,-3.881,1,5,0.0882,0.0864,0.0936,0.0882
24.003,1,0.724,-4.99,2.2,5,78.4,20.96,0.09,0.0048,0.091,0.001,-0.033,1.456,-0.634,-41.25,11.56,1,-3.2,1,0.814,15.99,14.74,-3.047,1,5,0.0936,0.0864,0.0972,0.0864
24.105,1,0.748,-4.99,2.52,5,79.2,20.96,0.09,0.0056,0.088,-0.002,-0.016,1.462,-0.64,-41.48,11.56,1,-1.98,1,0.773,19.87,10.31,5.838,1,5,0.0957,0.0902,0.081,0.0846
24.136,1,0.74,-4.74,2.58,5,79.2,21.46,0.09,0.0003,0.086,-0.001,0.028,1.465,-0.642,-41.42,11.58,1,-1.98,1,0.825,15.51,13.14,-2.248,1,5,0.0883,0.0846,0.0846,0.0846
24.202,1,0.618,-4.24,4.12,5,79.5,20.46,0.09,-0.0033,0.087,0.003,-0.021,1.469,-0.646,-41.42,11.58,1,-1.98,1,0.832,15.51,13.16,-3.62,1,5,0.0813,0.0868,0.0942,0.0868
24.334,1,0.749,-3.74,2.35,5,80.6,20.46,0.09,-0.0343,0.086,0.001,-0.054,1.477,-0.653,-41.6,11.58,1,1.49,1,0.834,8.72,-0.1,-2.706,1,5,0.0923,0.0831,0.0923,0.0775
24.403,1,0.667,-3.99,1.53,5,79.3,20.96,0.1047,-0.0088,0.092,-0.002,-0.016,1.482,-0.658,-41.88,11.58,1,1.49,1,0.835,7.27,-3.69,-6.355,1,5,0.1054,0.0869,0.0924,0.0832
24.435,1,0.654,-3.49,1.07,5,78.4,20.96,0.09,0.009,0.095,-0.001,-0.008,1.485,-0.66,-41.88,11.58,1,1.49,1,0.84,7.76,-3.74,-6.215,1,5,0.1035,0.0905,0.0979,0.0887
24.503,1,0.804,-3.49,0.71,5,77.7,20.96,0.09,0.0115,0.095,0.005,-0.024,1.49,-0.664,-41.88,11.57,1,-1.38,1,0.841,7.76,-3.72,-6.212,1,5,0.0885,0.0941,0.1051,0.0904
24.535,1,0.791,-2.99,-0.04,5,77.1,20.2,0.09,0.0182,0.094,0.004,-0.009,1.491,-0.665,-41.88,11.57,1,-1.38,1,0.801,10.66,-2.24,-7.732,1,5,0.0885,0.0922,0.1033,0.0904
24.602,1,0.817,-2.75,-0.32,5,77.8,20.46,0.09,0.0261,0.085,0.004,0.019,1.496,-0.669,-41.88,11.57,1,-1.38,1,0.838,11.63,3.52,-2.658,1,5,0.0813,0.0887,0.0887,0.0813
24.632,1,0.837,-2.5,-0.29,5,77.9,20.96,0.104,0.0287,0.084,0.003,-0.035,1.498,-0.67,-41.88,11.57,1,-1.38,1,0.805,13.57,6.21,-5.541,1,5,0.0777,0.0887,0.0851,0.0832
24.702,1,0.834,-2.25,-0.59,5,78.2,20.56,0.1116,0.0262,0.092,-0.005,-0.008,1.503,-0.676,-41.94,11.57,1,-3.97,1,0.849,14.54,10.54,-1.887,1,5,0.0954,0.0954,0.0789,0.0973
24.735,1,0.818,-2.0,-1.87,5,77.4,20.56,0.1259,0.0303,0.1,-0.004,0.02,1.506,-0.679,-41.94,11.57,1,-3.97,1,0.842,14.06,10.09,-4.781,1,5,0.0998,0.098,0.0943,0.1072
24.834,1,0.792,-1.75,-1.51,5,78.1,21.11,0.1503,0.0605,0.113,0.001,0.019,1.513,-0.685,-41.77,11.57,1,-3.97,1,0.827,15.51,10.77,-2.388,1,5,0.1046,0.1137,0.1137,0.1192
24.901,1,0.782,-1.0,-1.56,5,78.4,20.96,0.1256,0.0448,0.132,0.001,-0.001,1.521,-0.692,-41.54,11.57,1,-3.97,1,0.842,19.39,21.71,0.0,0,5,0.1268,0.1507,0.1158,0.1342
24.934,1,0.787,-1.0,-1.58,5,78.1,20.96,0.1128,0.0344,0.133,-0.0,0.016,1.523,-0.693,-41.54,11.57,1,-3.78,1,0.842,19.39,21.71,0.0,0,5,0.1281,0.1494,0.1156,0.1387
25.038,1,0.785,-1.0,-0.92,5,79.5,20.56,0.1125,0.0366,0.135,-0.003,0.021,1.535,-0.705,-41.14,11.57,1,-3.78,1,0.834,19.39,21.97,0.0,0,5,0.1257,0.1293,0.1349,0.1515
25.103,1,0.795,-0.75,-1.16,5,79.7,20.46,0.1105,0.0249,0.13,-0.004,-0.053,1.541,-0.71,-41.14,11.57,1,0.64,1,0.848,16.48,14.34,-2.119,1,5,0.1255,0.1329,0.12,0.1421
25.133,1,0.786,-1.0,-0.82,5,79.1,20.56,0.1164,0.0274,0.129,-0.003,-0.03,1.542,-0.711,-41.2,11.55,1,0.64,1,0.829,15.51,15.71,0.015,1,5,0.1273,0.1384,0.1144,0.1366
25.301,1,0.802,-0.5,-1.08,5,79.9,20.96,0.1198,0.0246,0.122,0.002,-0.065,1.559,-0.726,-41.02,11.55,1,2.52,1,0.849,9.69,1.11,-2.686,1,5,0.1148,0.126,0.1223,0.1241
25.334,1,0.803,-1.0,-0.64,5,79.9,20.96,0.1338,0.026,0.121,0.001,-0.105,1.561,-0.728,-41.14,11.55,1,2.52,1,0.835,9.21,1.63,-3.771,1,5,0.1148,0.1278,0.1167,0.1241
25.433,1,0.82,-1.0,-0.95,5,81.3,20.96,0.134,0.0227,0.127,-0.001,0.04,1.57,-0.736,-41.14,11.55,1,2.52,1,0.838,9.21,-1.19,-4.612,1,5,0.1257,0.1257,0.1257,0.1293
25.535,1,0.831,-0.5,-0.69,5,79.7,20.56,0.1307,0.0286,0.136,-0.0,-0.058,1.583,-0.747,-41.02,11.57,1,1.56,1,0.835,10.18,1.87,-5.855,1,5,0.1332,0.1406,0.1314,0.1406
25.634,1,0.803,0.0,-1.33,5,79.4,20.56,0.1301,0.0181,0.135,-0.003,0.017,1.593,-0.756,-41.02,11.57,1,1.56,1,0.84,10.18,0.3,-3.91,1,5,0.1387,0.1276,0.1368,0.1368
25.701,1,0.79,0.75,-2.1,5,78.8,20.56,0.099,0.0217,0.13,0.001,0.02,1.599,-0.761,-40.97,11.57,1,-0.31,1,0.852,9.69,0.84,-3.325,1,5,0.1276,0.1294,0.1331,0.1313
25.733,1,0.796,0.0,-1.37,5,78.3,20.56,0.113,0.0283,0.128,0.003,-0.044,1.601,-0.763,-40.97,11.57,1,-0.31,1,0.842,9.69,0.82,-3.315,1,5,0.1238,0.133,0.1293,0.1275
25.799,1,0.797,-0.5,-1.19,5,78.5,20.81,0.1012,0.024,0.122,0.0,0.024,1.608,-0.769,-41.08,11.57,1,-0.31,1,0.811,12.6,3.64,-1.554,1,5,0.1148,0.126,0.1185,0.1278
25.833,1,0.802,-0.25,-1.13,5,78.2,20.56,0.1022,0.0267,0.122,-0.002,0.048,1.61,-0.771,-41.02,11.57,1,-0.31,1,0.811,12.6,3.64,-1.554,1,5,0.1185,0.1223,0.1185,0.1297
25.933,1,0.793,0.0,-1.43,5,79.2,20.44,0.1018,0.0222,0.11,0.001,0.03,1.618,-0.778,-40.85,11.57,1,-1.08,1,0.849,13.09,6.41,-3.629,1,5,0.1072,0.1128,0.1091,0.1109
26.066,1,0.785,-0.25,-1.09,5,77.9,20.46,0.1117,0.0253,0.099,-0.007,0.015,1.628,-0.788,-40.85,11.57,1,-1.08,1,0.851,13.09,7.4,-1.512,1,5,0.1019,0.0983,0.0855,0.1092
26.101,1,0.782,-0.25,-1.14,5,77.8,20.46,0.0997,0.022,0.101,-0.005,0.081,1.632,-0.79,-40.74,11.57,1,-1.09,1,0.848,13.57,6.9,-0.44,1,5,0.1025,0.1044,0.0879,0.1099
26.132,1,0.783,-0.25,-0.88,5,77.7,20.56,0.098,0.0225,0.102,-0.005,0.077,1.633,-0.792,-40.62,11.59,1,-1.09,1,0.84,13.57,8.4,-2.458,1,5,0.0998,0.1035,0.0906,0.1146
26.234,1,0.776,0.0,-0.71,5,76.9,20.56,0.0917,0.0178,0.102,-0.002,-0.0,1.642,-0.8,-40.57,11.59,1,-1.09,1,0.825,14.06,9.52,0.582,1,5,0.0962,0.1055,0.0981,0.111
26.268,1,0.784,0.0,-0.76,5,76.0,20.56,0.0994,0.0118,0.099,-0.001,-0.003,1.644,-0.801,-40.57,11.59,1,-1.09,1,0.821,14.06,9.48,0.505,1,5,0.0961,0.1016,0.0942,0.1035
26.335,1,0.796,0.0,-0.65,5,76.4,20.56,0.0922,0.013,0.09,-0.005,0.001,1.649,-0.806,-40.57,11.59,1,0.38,1,0.804,13.57,11.5,3.345,1,5,0.0978,0.0923,0.0775,0.0923
26.402,1,0.773,0.5,-0.73,5,76.7,20.81,0.1076,0.0112,0.088,-0.004,0.07,1.652,-0.809,-40.51,11.59,1,0.38,1,0.793,14.06,13.75,0.0,0,5,0.092,0.092,0.0754,0.092
26.437,1,0.771,0.75,-0.7,5,76.7,20.46,0.1014,0.0067,0.089,-0.001,0.013,1.655,-0.812,-40.22,11.59,1,0.38,1,0.788,14.54,16.42,0.0,0,5,0.0843,0.0915,0.0843,0.0951
26.466,1,0.785,0.75,-0.24,5,76.7,20.2,0.0978,0.0038,0.091,-0.001,0.018,1.657,-0.813,-40.22,11.59,1,0.38,1,0.786,12.12,14.34,0.0,0,5,0.0843,0.0933,0.0861,0.0987
26.531,1,0.788,1.25,-0.16,5,77.2,20.56,0.1079,-0.0033,0.097,-0.003,0.027,1.661,-0.817,-40.22,11.58,1,3.48,1,0.801,11.63,11.89,0.0,0,5,0.0936,0.1027,0.0862,0.1064
26.567,1,0.784,1.25,-0.11,5,78.2,20.81,0.1167,-0.0102,0.1,-0.0,0.021,1.664,-0.82,-40.16,11.58,1,3.48,1,0.779,8.24,11.43,0.0,0,5,0.0957,0.103,0.0957,0.1049
26.633,1,0.792,1.25,-0.35,5,76.7,20.46,0.1096,-0.0103,0.103,-0.003,0.004,1.669,-0.824,-40.16,11.58,1,3.48,1,0.802,7.27,5.38,0.0,0,5,0.1072,0.1016,0.0979,0.1053
26.736,1,0.825,2.25,0.03,5,78.0,20.81,0.1214,-0.0047,0.108,0.0,-0.008,1.679,-0.832,-39.94,11.58,1,5.27,1,0.813,5.33,5.54,0.0,0,5,0.1035,0.1091,0.1072,0.1109
26.769,1,0.833,2.25,0.17,5,77.9,20.46,0.1352,-0.0238,0.109,-0.0,-0.011,1.68,-0.834,-39.99,11.58,1,5.27,1,0.802,5.82,9.55,0.0,0,5,0.1037,0.1074,0.1092,0.1148
26.832,1,0.848,2.5,0.0,5,78.6,20.56,0.1562,-0.0259,0.114,-0.001,-0.001,1.686,-0.838,-39.94,11.58,1,5.27,1,0.788,5.82,14.86,0.0,0,5,0.109,0.1109,0.1146,0.122
26.897,1,0.84,2.5,-0.28,5,77.9,20.56,0.1741,-0.0239,0.132,-0.004,-0.019,1.694,-0.846,-40.05,11.58,1,5.27,1,0.795,4.85,17.56,0.0,0,5,0.1387,0.1276,0.1294,0.1331
26.931,1,0.814,4.99,-2.67,5,76.6,20.56,0.1676,-0.0163,0.138,-0.004,0.021,1.696,-0.848,-40.05,11.58,1,7.26,1,0.795,4.85,17.56,0.0,0,5,0.1443,0.1332,0.1351,0.1388
26.97,1,0.827,4.74,-2.39,5,76.3,20.56,0.1737,0.0173,0.152,-0.001,-0.008,1.701,-0.852,-40.11,11.58,1,7.26,1,0.808,0.97,17.63,0.0,0,5,0.1535,0.1498,0.1516,0.1535
27.038,1,0.813,6.24,-3.59,5,75.1,20.0,0.1494,0.0093,0.17,-0.0,-0.034,1.712,-0.861,-40.11,11.58,1,7.26,1,0.814,1.45,25.91,0.0,0,5,0.17,0.17,0.1682,0.17
27.129,1,0.876,4.49,-0.04,5,76.5,20.0,0.09,0.0033,0.167,-0.004,0.006,1.722,-0.869,-39.88,11.59,1,7.39,1,0.82,1.94,31.71,0.0,0,5,0.1627,0.1646,0.1627,0.1793
27.168,1,0.874,5.24,-0.3,5,75.6,20.56,0.09,-0.0369,0.164,0.0,0.003,1.727,-0.874,-39.88,11.59,1,7.39,1,0.816,2.91,37.56,0.0,0,5,0.1488,0.1616,0.1671,0.18
27.234,1,0.879,4.24,0.67,5,75.1,20.0,0.09,-0.0421,0.153,-0.003,0.019,1.736,-0.882,-39.76,11.59,1,7.39,1,0.809,2.91,41.86,0.0,0,5,0.1529,0.1565,0.1438,0.1584
27.33,1,0.839,7.24,-1.39,5,75.8,20.56,0.09,-0.0486,0.134,-0.001,-0.026,1.744,-0.888,-39.76,11.59,1,14.45,1,0.808,-3.88,37.25,0.0,0,5,0.1304,0.1396,0.1267,0.1396
27.367,1,0.843,7.74,-1.71,5,75.4,20.56,0.09,-0.0483,0.127,0.004,0.001,1.748,-0.891,-39.71,11.59,1,14.45,1,0.793,-9.69,29.93,0.0,0,5,0.1146,0.1276,0.1331,0.1313
27.433,1,0.85,7.24,-1.15,5,75.5,20.56,0.09,-0.0447,0.11,-0.001,0.007,1.755,-0.897,-39.71,11.59,1,14.45,1,0.79,-10.66,30.55,0.0,0,5,0.1129,0.111,0.1221,0.1129
27.53,1,0.854,5.24,0.1,5,76.3,20.46,0.09,-0.046,0.092,-0.004,-0.016,1.76,-0.902,-40.05,11.61,1,17.44,1,0.805,-9.69,33.48,0.0,0,5,0.1031,0.0792,0.0976,0.0884
27.568,1,0.851,5.24,0.1,5,76.3,20.46,0.09,-0.044,0.088,0.003,-0.032,1.763,-0.904,-40.16,11.61,1,17.44,1,0.819,-9.69,28.71,0.0,0,5,0.0898,0.077,0.1063,0.0807
27.628,1,0.851,6.24,-0.11,5,75.7,22.04,0.09,-0.0463,0.083,0.008,-0.073,1.766,-0.906,-40.34,11.61,1,17.44,1,0.817,-9.69,28.2,0.0,0,5,0.0826,0.0752,0.1064,0.0679
27.666,1,0.85,5.74,0.66,5,75.6,22.04,0.09,-0.0554,0.08,0.007,-0.088,1.768,-0.907,-40.57,11.61,1,17.44,1,0.829,-10.66,22.39,0.0,0,5,0.0852,0.074,0.1,0.0592
27.729,1,0.842,5.74,1.73,5,75.6,22.04,0.09,-0.0627,0.076,0.006,-0.091,1.772,-0.91,-40.91,11.61,1,20.48,1,0.815,-11.63,22.41,0.0,0,5,0.0907,0.0685,0.0963,0.05
27.765,1,0.831,5.49,2.67,5,75.4,21.42,0.09,-0.0814,0.075,0.005,-0.104,1.774,-0.912,-41.14,11.61,1,20.48,1,0.815,-11.63,22.41,0.0,0,5,0.0907,0.0648,0.0962,0.05
27.827,1,0.842,3.74,5.11,5,75.2,21.6,0.09,-0.0953,0.075,0.006,-0.055,1.778,-0.915,-41.42,11.61,1,20.48,1,0.842,-12.12,15.8,0.0,0,5,0.0867,0.0627,0.0996,0.0516
27.86,1,0.831,4.74,5.77,5,74.7,22.19,0.09,-0.1161,0.073,0.006,-0.091,1.78,-0.916,-41.6,11.61,1,20.48,1,0.842,-12.12,15.8,0.0,0,5,0.0848,0.0609,0.0978,0.048
27.93,1,0.816,2.25,8.39,5,74.1,21.42,0.09,-0.1424,0.071,0.003,-0.131,1.783,-0.919,-41.94,11.61,1,25.02,1,0.842,-12.12,15.8,0.0,0,5,0.0832,0.0573,0.0905,0.0517
27.97,1,0.825,1.5,9.61,5,74.4,21.42,0.09,-0.159,0.071,0.001,-0.112,1.785,-0.921,-42.17,11.61,1,25.02,1,0.776,-18.9,15.76,0.0,0,5,0.086,0.0555,0.0896,0.0537
28.03,1,0.83,0.25,11.66,5,74.3,21.6,0.09,-0.1756,0.074,0.001,-0.175,1.789,-0.924,-42.74,11.61,1,25.02,1,0.785,-18.9,15.96,0.0,0,5,0.0949,0.0537,0.0967,0.0519
28.067,1,0.828,-0.25,12.21,5,74.2,21.6,0.09,-0.1987,0.075,0.002,-0.174,1.791,-0.926,-43.14,11.61,1,25.02,1,0.779,-22.78,15.13,0.0,0,5,0.1016,0.0554,0.0979,0.0443
28.128,1,0.807,-1.5,13.74,5,73.6,21.6,0.09,-0.2061,0.075,0.005,-0.135,1.794,-0.929,-43.6,11.63,1,28.41,1,0.79,-25.2,14.17,0.0,0,5,0.0961,0.0536,0.1072,0.0443
28.228,1,0.802,-4.24,15.26,5,72.1,21.42,0.09,-0.2231,0.076,0.006,-0.222,1.8,-0.934,-44.58,11.63,1,28.41,1,0.799,-26.17,15.88,0.0,0,5,0.096,0.0499,0.1145,0.0443
28.268,1,0.809,-5.24,15.83,5,72.7,20.81,0.09,-0.2184,0.075,0.004,-0.248,1.804,-0.937,-45.44,11.63,1,28.41,1,0.786,-31.02,17.37,0.0,0,5,0.1107,0.0472,0.1107,0.0327
28.329,1,0.82,-6.24,15.36,5,72.4,21.02,0.09,-0.2219,0.079,0.002,-0.211,1.806,-0.939,-45.95,11.63,1,29.35,1,0.797,-31.99,17.24,0.0,0,5,0.118,0.0472,0.1144,0.0345
28.366,1,0.812,-6.49,15.03,5,72.2,21.02,0.09,-0.2045,0.082,0.005,-0.185,1.81,-0.942,-46.58,11.63,1,29.35,1,0.797,-31.99,17.24,0.0,0,5,0.1146,0.0481,0.1257,0.0407
28.394,1,0.803,-6.49,14.64,5,71.3,21.11,0.09,-0.1972,0.084,0.006,-0.192,1.811,-0.944,-46.81,11.63,1,29.35,1,0.772,-32.96,23.88,0.0,0,5,0.1146,0.0481,0.1257,0.0407
28.438,1,0.804,-6.49,14.28,5,70.9,21.02,0.09,-0.1928,0.083,0.006,-0.236,1.814,-0.946,-47.33,11.63,1,29.35,1,0.755,-34.41,31.27,0.0,0,5,0.1166,0.05,0.1277,0.037
28.463,1,0.82,-6.24,13.56,5,72.0,20.56,0.09,-0.1874,0.083,0.007,-0.219,1.815,-0.947,-47.56,11.63,1,29.35,1,0.755,-34.41,31.27,0.0,0,5,0.1147,0.0555,0.1258,0.037
28.527,1,0.8,-6.24,12.92,5,70.7,21.02,0.09,-0.1797,0.082,0.006,-0.192,1.818,-0.95,-48.3,11.65,1,27.72,1,0.764,-35.87,37.14,0.0,0,5,0.1166,0.0574,0.1184,0.037
28.564,1,0.795,-6.24,12.14,5,70.1,20.81,0.09,-0.1686,0.082,0.006,-0.173,1.821,-0.953,-48.76,11.65,1,27.72,1,0.764,-35.87,37.14,0.0,0,5,0.1122,0.0552,0.1214,0.0405
28.593,1,0.795,-6.24,12.17,5,70.1,20.81,0.09,-0.1552,0.084,0.007,-0.181,1.823,-0.955,-49.16,11.65,1,27.72,1,0.787,-36.84,39.13,0.0,0,5,0.1103,0.0551,0.125,0.0404
28.633,1,0.8,-6.24,11.62,5,70.0,20.81,0.09,-0.156,0.081,0.008,-0.224,1.826,-0.957,-49.62,11.65,1,27.72,1,0.81,-37.81,41.84,0.0,0,5,0.103,0.0533,0.1287,0.0423
28.768,1,0.763,-6.74,10.59,5,69.1,20.46,0.09,-0.1465,0.078,0.003,-0.12,1.832,-0.964,-50.76,11.65,1,27.62,1,0.746,-40.23,45.93,0.0,0,5,0.1,0.0556,0.1056,0.05
28.828,1,0.77,-6.74,10.04,5,69.1,20.46,0.09,-0.123,0.085,-0.004,-0.082,1.835,-0.968,-51.05,11.65,1,27.62,1,0.725,-40.71,46.74,0.0,0,5,0.111,0.0592,0.1018,0.0666
28.864,1,0.785,-6.74,9.77,5,69.6,20.56,0.09,-0.1137,0.085,-0.004,-0.103,1.837,-0.971,-51.28,11.65,1,27.62,1,0.721,-41.2,49.08,0.0,0,5,0.1072,0.0629,0.0998,0.0703
28.892,1,0.798,-6.49,9.31,5,69.9,20.81,0.09,-0.1093,0.084,-0.002,-0.081,1.838,-0.972,-51.39,11.65,1,27.62,1,0.721,-41.2,49.08,0.0,0,5,0.1017,0.0647,0.0998,0.0703
28.933,1,0.802,-6.24,9.24,5,69.8,20.46,0.09,-0.1044,0.081,0.0,-0.083,1.84,-0.975,-51.57,11.65,1,29.98,1,0.721,-41.2,49.08,0.0,0,5,0.0942,0.0665,0.0961,0.0665
28.961,1,0.803,-6.24,9.23,5,69.7,20.46,0.09,-0.1063,0.081,0.002,-0.11,1.842,-0.977,-51.8,11.65,1,29.98,1,0.778,-41.2,52.99,0.0,0,5,0.0923,0.0701,0.096,0.0646
29.029,1,0.799,-6.24,8.35,5,69.6,20.56,0.09,-0.1054,0.082,0.002,-0.054,1.845,-0.981,-52.14,11.65,1,29.98,1,0.798,-41.68,55.63,0.0,0,5,0.096,0.0757,0.0923,0.0627
29.06,1,0.791,-6.74,8.92,5,69.6,20.56,0.09,-0.09,0.084,0.001,-0.111,1.847,-0.984,-52.43,11.65,1,29.98,1,0.798,-41.68,55.63,0.0,0,5,0.1016,0.0739,0.0961,0.0628
29.127,1,0.786,-6.74,8.11,5,69.0,20.56,0.09,-0.0943,0.089,0.002,-0.151,1.851,-0.988,-52.94,11.65,1,33.41,1,0.705,-41.2,59.48,0.0,0,5,0.1037,0.0685,0.1148,0.0703
29.164,1,0.786,-6.49,7.6,5,68.9,20.44,0.09,-0.0803,0.091,0.005,-0.103,1.853,-0.991,-53.17,11.65,1,33.41,1,0.705,-41.2,59.48,0.0,0,5,0.1018,0.0703,0.1203,0.0703
29.233,1,0.803,-6.74,7.46,5,69.5,21.02,0.09,-0.0746,0.091,0.001,-0.097,1.858,-0.997,-53.63,11.65,1,33.41,1,0.832,-47.01,51.32,0.0,0,5,0.1055,0.074,0.1148,0.0703
29.327,1,0.783,-6.24,6.38,5,68.5,20.81,0.09,-0.0693,0.094,-0.002,-0.039,1.862,-1.003,-53.92,11.65,1,36.42,1,0.851,-43.14,49.43,0.0,0,5,0.109,0.0776,0.1053,0.0831
29.363,1,0.621,-6.24,6.28,4,68.0,20.79,0.09,-0.0567,0.095,0.001,-0.051,1.864,-1.006,-54.03,11.65,1,36.42,1,0.851,-43.14,49.43,0.0,0,5,0.1071,0.0813,0.1108,0.0794
29.398,1,0.621,-6.24,6.25,4,67.7,21.07,0.09,-0.0545,0.097,0.003,-0.113,1.867,-1.009,-54.26,11.65,1,36.42,1,0.832,-38.78,47.35,0.0,0,5,0.1092,0.0888,0.111,0.0777
29.428,1,0.683,-6.24,8.37,5,67.7,20.46,0.09,-0.0535,0.097,0.004,-0.076,1.868,-1.01,-54.37,11.65,1,36.42,1,0.832,-38.78,47.35,0.0,0,5,0.1111,0.0907,0.1111,0.0759
29.461,1,0.76,-6.24,13.57,5,68.0,20.46,0.09,-0.0905,0.096,0.002,-0.108,1.87,-1.014,-54.6,11.65,1,36.42,1,0.832,-38.78,47.35,0.0,0,5,0.1086,0.0902,0.1049,0.0792
29.56,1,0.552,-5.74,16.12,4,69.5,25.59,0.09,-0.1809,0.093,-0.002,-0.063,1.875,-1.021,-54.95,11.63,1,41.31,1,0.828,-32.96,41.64,0.0,0,5,0.1092,0.0777,0.1055,0.0814
29.632,1,0.687,-6.24,22.3,5,69.7,20.56,0.09,-0.2307,0.095,-0.007,-0.091,1.878,-1.026,-55.23,11.63,1,41.31,1,0.846,-35.87,27.86,0.0,0,5,0.1185,0.0685,0.1074,0.087
29.66,1,0.521,-6.24,25.98,4,69.1,28.43,0.09,-0.3321,0.095,-0.006,-0.114,1.88,-1.029,-55.46,11.63,1,41.31,1,0.846,-35.87,27.86,0.0,0,5,0.1167,0.0685,0.1111,0.0852
29.692,1,0.494,-6.99,29.52,4,68.7,30.19,0.09,-0.3967,0.096,-0.005,-0.129,1.882,-1.031,-55.63,11.63,1,41.31,1,0.846,-35.87,27.86,0.0,0,5,0.1204,0.0704,0.113,0.0815
29.728,1,0.564,-7.74,32.1,5,67.9,29.78,0.09,-0.4498,0.097,-0.001,-0.186,1.884,-1.034,-55.98,11.63,1,45.0,1,0.846,-35.87,27.86,0.0,0,5,0.1258,0.0759,0.1147,0.0703
29.76,1,0.587,-8.98,34.45,5,66.8,29.38,0.09,-0.486,0.097,-0.004,-0.254,1.886,-1.038,-56.55,11.63,1,45.0,1,0.846,-35.87,27.86,0.0,0,5,0.1387,0.0647,0.1202,0.0629
29.798,1,0.594,-10.48,35.43,5,66.2,27.23,0.09,-0.514,0.1,-0.007,-0.297,1.888,-1.041,-57.24,11.63,1,45.0,1,0.818,-29.08,20.47,0.0,0,5,0.1517,0.05,0.1369,0.0629
29.859,1,0.234,1.85,39.81,4,66.5,29.39,0.09,-0.5174,0.106,-0.009,-0.387,1.89,-1.047,-58.56,11.63,1,45.0,1,0.822,-28.6,18.13,0.0,0,5,0.1684,0.0315,0.1628,0.0611
29.897,1,0.231,-2.11,42.62,4,69.4,29.42,0.09,-0.5455,0.104,-0.01,-0.405,1.892,-1.051,-59.53,11.63,1,45.0,1,0.819,-28.6,13.36,0.0,0,5,0.1758,0.0222,0.1665,0.0518
29.964,1,0.563,-12.73,41.12,5,66.4,28.34,0.09,-0.5455,0.103,-0.01,-0.452,1.895,-1.057,-61.02,11.63,1,45.0,1,0.819,-28.6,13.36,0.0,0,5,0.1904,0.0166,0.1701,0.0351
29.998,1,0.617,-15.97,42.47,5,64.8,27.78,0.09,-0.5455,0.101,-0.009,-0.486,1.896,-1.06,-62.11,11.63,1,45.0,1,0.798,-30.54,3.54,0.0,0,5,0.194,0.0074,0.1755,0.0259
30.06,1,0.649,-17.22,41.97,5,65.4,27.45,0.09,-0.5455,0.093,-0.006,-0.52,1.899,-1.065,-64.06,11.63,1,45.0,1,0.81,-31.99,-1.15,0.0,0,5,0.1904,-0.0018,0.1775,0.0074
30.097,1,0.679,-16.72,40.55,5,67.5,26.45,0.09,-0.5455,0.092,-0.004,-0.529,1.9,-1.069,-65.26,11.63,1,45.0,1,0.821,-35.38,-10.55,0.0,0,5,0.1907,0.0,0.1759,0.0
30.161,1,0.657,-16.47,37.87,5,69.5,25.95,0.09,-0.5455,0.092,-0.0,-0.53,1.902,-1.074,-67.09,11.64,1,45.0,1,0.836,-36.84,-14.22,0.0,0,5,0.1852,-0.0019,0.1852,0.0
30.195,1,0.685,-16.22,37.02,5,71.3,25.46,0.09,-0.5079,0.093,0.001,-0.542,1.904,-1.077,-68.35,11.64,1,45.0,1,0.835,-39.74,-22.75,0.0,0,5,0.1833,-0.0019,0.1888,0.0
30.235,1,0.69,-16.22,36.33,5,72.1,25.11,0.09,-0.4978,0.092,0.0,-0.524,1.905,-1.08,-69.61,11.64,1,45.0,1,0.845,-41.2,-26.32,0.0,0,5,0.1832,0.0019,0.1832,0.0
30.259,1,0.708,-16.22,35.51,5,73.1,25.0,0.09,-0.4861,0.092,-0.0,-0.521,1.906,-1.082,-70.24,11.64,1,45.0,1,0.845,-41.2,-26.32,0.0,0,5,0.1851,0.0018,0.1814,0.0
30.297,1,0.701,-16.22,36.02,5,73.6,24.46,0.09,-0.4725,0.092,0.001,-0.511,1.907,-1.086,-71.45,11.64,1,45.0,1,0.846,-45.08,-33.42,0.0,0,5,0.1815,0.0018,0.1833,0.0
30.366,1,0.686,-16.97,35.03,5,73.8,24.45,0.09,-0.482,0.088,0.003,-0.49,1.909,-1.091,-73.17,11.64,1,45.0,1,0.858,-48.47,-39.23,0.0,0,5,0.1708,0.0018,0.1799,0.0
30.459,1,0.673,-18.22,32.49,5,73.2,23.89,0.09,-0.4571,0.086,0.0,-0.493,1.911,-1.099,-76.03,11.64,1,45.0,1,0.854,-52.35,-43.89,0.0,0,5,0.1714,0.0,0.1714,0.0
30.56,1,0.671,-19.97,30.53,5,73.3,23.34,0.09,-0.4008,0.088,-0.006,-0.367,1.913,-1.108,-78.61,11.65,1,39.45,1,0.854,-52.35,-43.89,0.0,0,5,0.174,0.0037,0.1611,0.0148
30.626,1,0.677,-21.21,28.41,5,73.2,23.2,0.09,-0.3491,0.091,-0.004,-0.4,1.913,-1.113,-79.93,11.65,1,39.45,1,0.835,-51.86,-44.77,0.0,0,5,0.1661,0.0166,0.1569,0.024
30.665,1,0.684,-21.71,27.28,5,73.3,22.77,0.09,-0.2988,0.088,-0.003,-0.378,1.914,-1.117,-80.84,11.65,1,39.45,1,0.818,-47.5,-41.65,0.0,0,5,0.1512,0.0203,0.1493,0.0295
30.697,1,0.68,-22.21,25.84,5,73.2,22.68,0.09,-0.2741,0.087,-0.006,-0.359,1.914,-1.12,-81.7,11.65,1,39.45,1,0.788,-43.62,-36.54,0.0,0,5,0.1533,0.0185,0.1422,0.0332
30.76,1,0.677,-22.46,24.56,5,73.5,22.22,0.09,-0.2466,0.093,-0.003,-0.243,1.915,-1.126,-82.68,11.65,1,27.45,1,0.826,-42.17,-32.73,0.0,0,5,0.1518,0.0333,0.1481,0.0407
30.796,1,0.686,-22.71,24.07,5,73.6,22.19,0.09,-0.223,0.094,0.0,-0.235,1.915,-1.13,-83.19,11.65,1,27.45,1,0.765,-34.9,-24.28,0.0,0,5,0.1425,0.0444,0.1443,0.0463
30.966,1,0.698,-21.71,22.76,5,73.9,22.19,0.09,-0.2152,0.092,-0.004,-0.137,1.916,-1.144,-84.91,11.65,1,15.45,1,0.672,-17.93,7.22,0.0,0,5,0.1294,0.0629,0.1146,0.0629
30.99,1,0.688,-21.96,22.61,5,73.3,22.19,0.09,-0.2049,0.093,-0.003,-0.153,1.916,-1.146,-85.08,11.65,1,15.45,1,0.672,-17.93,7.22,0.0,0,5,0.124,0.0629,0.1166,0.0666
31.06,1,0.681,-21.21,21.18,5,72.7,21.62,0.09,-0.198,0.09,-0.008,-0.149,1.916,-1.153,-85.83,11.65,1,15.45,1,0.674,-11.63,21.1,0.0,0,5,0.1186,0.0519,0.1112,0.0778
31.126,1,0.664,-21.71,21.2,5,71.9,22.15,0.09,-0.1805,0.089,-0.011,-0.128,1.916,-1.159,-86.29,11.65,1,9.79,1,0.611,-7.27,30.84,0.0,0,5,0.1276,0.0555,0.1017,0.0721
31.16,1,0.655,-21.21,20.69,5,71.7,22.15,0.09,-0.1743,0.09,-0.013,-0.154,1.915,-1.163,-86.75,11.65,1,9.79,1,0.611,-7.27,30.84,0.0,0,5,0.131,0.0554,0.0978,0.0757
31.259,1,0.617,-20.96,19.53,5,72.0,22.22,0.09,-0.1708,0.086,-0.006,-0.105,1.915,-1.171,-87.32,11.65,1,9.79,1,0.63,-7.76,34.47,0.0,0,5,0.1166,0.0555,0.1055,0.0685
31.296,1,0.624,-20.96,19.71,5,71.9,22.22,0.09,-0.1532,0.085,-0.007,-0.134,1.915,-1.175,-87.66,11.65,1,9.79,1,0.634,-8.24,32.65,0.0,0,5,0.1129,0.0537,0.1018,0.0703
31.362,1,0.655,-20.96,19.51,5,72.2,21.62,0.09,-0.1559,0.089,-0.009,-0.176,1.915,-1.18,-88.18,11.65,1,12.09,1,0.651,-13.09,24.0,0.0,0,5,0.1183,0.0536,0.1072,0.0776
31.397,1,0.623,-20.46,17.8,5,72.1,21.67,0.09,-0.1522,0.091,-0.006,-0.104,1.915,-1.184,-88.52,11.65,1,12.09,1,0.689,-13.09,14.41,0.0,0,5,0.1203,0.0611,0.1092,0.074
31.459,1,0.619,-19.47,16.93,5,72.1,21.67,0.09,-0.1277,0.091,0.001,-0.11,1.915,-1.189,-88.81,11.65,1,12.09,1,0.69,-13.09,13.8,0.0,0,5,0.1092,0.0759,0.1092,0.0703
31.559,1,0.629,-18.97,16.43,5,72.0,21.67,0.09,-0.1222,0.091,-0.007,-0.075,1.915,-1.198,-89.32,11.66,1,13.29,1,0.696,-15.03,7.58,0.0,0,5,0.1128,0.0666,0.0998,0.0832
31.595,1,0.636,-18.97,16.73,5,71.3,21.11,0.09,-0.1186,0.091,-0.009,-0.067,1.914,-1.202,-89.5,11.66,1,13.29,1,0.696,-15.03,7.58,0.0,0,5,0.1147,0.0666,0.0962,0.0851
31.695,1,0.646,-18.47,16.73,5,68.8,21.67,0.09,-0.1221,0.086,-0.006,-0.16,1.914,-1.211,-90.24,11.66,1,13.29,1,0.629,-15.03,9.04,0.0,0,5,0.1146,0.0629,0.098,0.0703
31.761,1,0.592,-17.72,19.68,5,67.7,23.73,0.09,-0.1274,0.087,-0.005,-0.107,1.913,-1.216,-90.47,11.66,1,13.65,1,0.64,-15.03,7.75,0.0,0,5,0.1053,0.061,0.1035,0.0776
31.894,1,0.618,-16.97,16.17,5,67.8,21.11,0.09,-0.185,0.1,-0.004,-0.135,1.913,-1.23,-91.27,11.66,1,13.65,1,0.586,-19.39,0.77,0.0,0,5,0.1228,0.0807,0.1118,0.0862
31.995,1,0.597,-17.22,15.1,5,68.7,21.11,0.09,-0.1308,0.09,-0.003,-0.115,1.912,-1.238,-92.07,11.67,1,16.53,1,0.631,-21.81,-8.39,0.0,0,5,0.1245,0.064,0.1103,0.0623
32.058,1,0.597,-17.72,13.95,5,69.8,21.11,0.09,-0.1088,0.089,-0.002,-0.143,1.912,-1.244,-92.53,11.67,1,16.53,1,0.637,-21.81,-8.64,0.0,0,5,0.1166,0.0592,0.1147,0.0666
32.162,1,0.255,-15.03,17.94,4,70.9,21.07,0.09,-0.0834,0.088,-0.009,-0.065,1.91,-1.253,-93.05,11.67,1,10.01,1,0.53,-16.48,8.72,0.0,0,5,0.1051,0.0572,0.0996,0.0885
32.23,1,0.274,-14.24,17.67,4,73.8,21.63,0.09,-0.1824,0.088,-0.007,-0.07,1.91,-1.258,-93.33,11.67,1,10.01,1,0.518,-11.15,21.8,0.0,0,5,0.1053,0.0739,0.0886,0.0849
32.364,1,0.683,-17.47,13.85,5,71.9,21.11,0.09,-0.182,0.091,-0.004,-0.122,1.908,-1.271,-94.19,11.67,1,12.71,1,0.528,-14.54,16.09,0.0,0,5,0.126,0.063,0.1111,0.0648
32.396,1,0.629,-21.21,16.26,5,72.1,21.02,0.09,-0.0746,0.089,-0.005,-0.194,1.908,-1.274,-94.65,11.67,1,12.71,1,0.526,-18.42,8.89,0.0,0,5,0.1277,0.0592,0.1092,0.0611
32.463,1,0.694,-18.72,12.44,5,71.9,21.11,0.1108,-0.0844,0.088,-0.006,-0.153,1.907,-1.279,-95.34,11.67,1,12.71,1,0.59,-20.84,-5.93,0.0,0,5,0.1184,0.0537,0.111,0.0685
32.497,1,0.694,-18.72,11.93,5,72.3,21.1,0.09,-0.047,0.09,-0.001,-0.051,1.907,-1.283,-95.51,11.67,1,12.71,1,0.611,-20.84,-10.19,0.0,0,5,0.1127,0.0628,0.1146,0.0702
32.562,1,0.647,-20.21,14.15,5,72.8,21.62,0.09,-0.039,0.095,-0.003,-0.034,1.906,-1.289,-95.68,11.66,1,8.9,1,0.493,-18.9,-1.69,0.0,0,5,0.1163,0.0757,0.1089,0.0794
32.596,1,0.621,-21.46,15.56,5,72.6,21.1,0.09,-0.0603,0.096,-0.004,-0.021,1.906,-1.293,-95.86,11.66,1,8.9,1,0.492,-14.06,5.91,0.0,0,5,0.1127,0.0813,0.1035,0.0868
32.63,1,0.615,-21.46,15.31,5,73.1,21.1,0.0999,-0.0719,0.095,-0.003,-0.049,1.906,-1.295,-95.91,11.66,1,8.9,1,0.519,-11.63,14.12,0.0,0,5,0.1108,0.0831,0.1016,0.0849
32.662,1,0.679,-17.47,11.94,5,72.6,21.11,0.09,-0.0689,0.092,0.003,-0.053,1.905,-1.298,-95.97,11.66,1,8.9,1,0.534,-11.15,17.02,0.0,0,5,0.0981,0.0888,0.0999,0.0796
32.763,1,0.676,-16.97,11.33,5,72.8,21.1,0.09,-0.0552,0.088,0.006,-0.046,1.905,-1.307,-96.49,11.66,1,8.1,1,0.52,-11.63,11.87,0.0,0,5,0.0978,0.0812,0.1051,0.0664
32.794,1,0.689,-16.97,11.35,5,72.8,21.02,0.0901,-0.0493,0.087,0.006,-0.072,1.905,-1.31,-96.6,11.66,1,8.1,1,0.511,-11.15,15.29,3.828,1,5,0.0923,0.0757,0.1089,0.0701
32.895,1,0.704,-15.97,11.09,5,72.5,21.1,0.0906,-0.0467,0.088,-0.001,-0.035,1.904,-1.319,-96.77,11.66,1,8.1,1,0.536,-10.66,11.61,0.0,0,5,0.0924,0.0813,0.0924,0.0868
32.958,1,0.306,-13.18,12.35,4,75.1,21.06,0.1113,-0.0571,0.091,0.0,-0.015,1.903,-1.325,-96.83,11.66,1,8.72,1,0.54,-10.66,11.56,0.0,0,5,0.0924,0.0887,0.0943,0.0887
32.989,1,0.304,-12.92,12.82,4,75.4,20.79,0.1253,-0.1115,0.092,0.0,-0.054,1.903,-1.327,-96.89,11.66,1,8.72,1,0.54,-10.66,11.56,0.0,0,5,0.0942,0.0905,0.0942,0.0887
33.056,1,0.754,-13.73,10.64,5,73.0,21.02,0.1464,-0.1548,0.103,0.004,-0.134,1.902,-1.335,-97.17,11.66,1,8.72,1,0.543,-9.21,4.37,0.0,0,5,0.1122,0.0957,0.1178,0.0865
33.095,1,0.75,-13.73,10.94,5,72.8,21.1,0.141,-0.1122,0.116,0.004,-0.16,1.902,-1.34,-97.52,11.66,1,8.72,1,0.536,-9.69,2.05,0.469,1,5,0.1297,0.0968,0.1443,0.095
33.159,1,0.712,-13.48,11.22,5,72.6,21.1,0.1607,-0.1462,0.132,0.004,-0.161,1.901,-1.348,-98.03,11.66,1,9.71,1,0.536,-9.69,2.05,0.469,1,5,0.1526,0.109,0.1617,0.1036
33.223,1,0.707,-13.48,11.26,5,72.1,21.11,0.1609,-0.1556,0.148,0.007,-0.141,1.9,-1.358,-98.55,11.66,1,9.71,1,0.59,-14.54,-16.87,0.0,0,5,0.1704,0.1319,0.1777,0.1118
33.296,1,0.69,-13.48,10.81,5,71.6,21.11,0.1516,-0.1428,0.164,0.006,-0.194,1.898,-1.371,-99.24,11.66,1,9.71,1,0.627,-15.51,-18.24,0.0,0,5,0.1902,0.144,0.1958,0.1256
33.363,1,0.714,-13.73,9.4,5,70.6,21.1,0.1436,-0.1209,0.16,0.004,-0.112,1.897,-1.38,-99.81,11.66,1,9.05,1,0.641,-16.96,-21.0,0.0,0,5,0.1849,0.1368,0.1923,0.1276
33.465,1,0.737,-13.48,9.03,5,70.8,21.11,0.1776,-0.1267,0.159,0.004,-0.18,1.895,-1.394,-100.38,11.66,1,9.05,1,0.62,-11.63,-12.19,0.0,0,5,0.1752,0.1373,0.1896,0.1355
33.489,1,0.734,-13.73,8.86,5,71.3,21.11,0.1847,-0.1275,0.161,0.005,-0.133,1.894,-1.397,-100.55,11.66,1,9.05,1,0.62,-11.63,-12.19,0.0,0,5,0.1769,0.1462,0.1859,0.1336
33.563,1,0.74,-13.73,7.85,5,71.6,21.1,0.1786,-0.1132,0.172,0.003,-0.164,1.892,-1.411,-101.18,11.67,1,4.34,1,0.578,-8.24,-11.02,0.0,0,5,0.1969,0.1513,0.1988,0.1404
33.588,1,0.744,-13.98,7.72,5,71.9,21.11,0.1861,-0.0931,0.176,0.001,-0.156,1.891,-1.414,-101.36,11.67,1,4.34,1,0.578,-8.24,-11.02,0.0,0,5,0.1988,0.1495,0.2042,0.1495
33.658,1,0.758,-13.98,6.7,5,73.4,20.57,0.1928,-0.0928,0.186,0.007,-0.07,1.889,-1.429,-101.87,11.67,1,4.34,1,0.578,-8.24,-11.02,0.0,0,5,0.1981,0.1722,0.2129,0.1592
33.697,1,0.768,-14.23,7.13,5,73.9,20.57,0.1934,-0.0645,0.189,0.007,-0.14,1.887,-1.437,-102.1,11.67,1,4.34,1,0.549,-3.88,1.35,0.0,0,5,0.2038,0.1797,0.213,0.1612
33.762,1,0.775,-14.47,6.51,5,74.5,21.11,0.1844,-0.0668,0.194,0.001,-0.056,1.885,-1.448,-102.56,11.67,1,0.14,1,0.593,-1.94,13.6,0.0,0,5,0.2128,0.1776,0.2128,0.1739
33.789,1,0.765,-15.22,6.63,5,74.7,21.11,0.1881,-0.0498,0.197,0.001,-0.145,1.884,-1.452,-102.67,11.67,1,0.14,1,0.593,-1.94,13.6,0.0,0,5,0.2128,0.1832,0.2128,0.1795
33.961,1,0.708,-15.47,7.03,5,75.0,21.11,0.1876,-0.0465,0.195,0.002,-0.035,1.876,-1.487,-103.36,11.72,1,0.51,1,0.589,-0.97,8.46,0.0,0,5,0.2014,0.1885,0.207,0.1848
33.988,1,0.717,-15.72,7.03,5,75.1,20.57,0.1637,-0.035,0.194,0.005,-0.027,1.876,-1.49,-103.36,11.72,1,0.51,1,0.589,-0.48,6.42,0.0,0,5,0.1996,0.1903,0.2088,0.1792
34.062,1,0.703,-15.72,7.31,5,75.4,20.57,0.1613,-0.0307,0.187,0.006,-0.078,1.873,-1.505,-103.76,11.72,1,0.51,1,0.584,-4.85,11.01,0.0,0,5,0.1906,0.1832,0.2035,0.1702
34.121,1,0.688,-15.97,6.88,5,76.2,20.57,0.1525,-0.03,0.183,0.007,-0.051,1.87,-1.516,-103.99,11.72,1,0.51,1,0.588,-1.94,4.75,0.0,0,5,0.1887,0.1795,0.2017,0.1628
34.188,1,0.679,-16.97,6.88,5,76.4,21.11,0.1447,-0.0105,0.164,0.005,-0.17,1.868,-1.525,-104.34,11.72,1,2.17,1,0.586,-2.42,4.96,0.0,0,5,0.1702,0.1628,0.1758,0.148
34.26,1,0.667,-17.97,6.77,5,76.4,21.11,0.1476,-0.0024,0.154,0.007,-0.103,1.866,-1.537,-104.79,11.72,1,2.17,1,0.56,-3.88,3.12,0.0,0,5,0.1592,0.1444,0.1777,0.1351
34.294,1,0.66,-17.97,6.33,5,76.7,20.57,0.147,0.0115,0.151,0.006,-0.039,1.864,-1.543,-104.91,11.72,1,2.17,1,0.56,-2.91,-0.92,0.0,0,5,0.1574,0.1425,0.1722,0.1333
34.322,1,0.668,-17.97,6.08,5,77.1,21.11,0.1362,0.0298,0.15,0.006,-0.022,1.864,-1.546,-104.97,11.72,1,2.17,1,0.56,-2.91,-0.92,0.0,0,5,0.1536,0.1425,0.1702,0.1332
34.363,1,0.668,-17.97,6.21,5,77.2,20.57,0.1344,0.0354,0.146,0.008,-0.032,1.863,-1.552,-104.91,11.72,1,2.17,1,0.554,-2.42,-0.71,0.0,0,5,0.1433,0.1469,0.1598,0.1322
34.396,1,0.671,-17.97,6.03,5,77.4,21.11,0.1415,0.0259,0.142,0.006,-0.045,1.861,-1.557,-105.02,11.72,1,2.17,1,0.538,-9.21,11.97,0.0,0,5,0.1397,0.1452,0.1507,0.1323
34.428,1,0.667,-18.47,6.74,5,77.2,21.11,0.1382,0.0321,0.14,0.005,-0.053,1.861,-1.56,-105.08,11.72,1,2.17,1,0.549,-9.21,11.03,0.0,0,5,0.1397,0.1433,0.1452,0.1305
34.46,1,0.654,-18.47,6.1,5,77.8,21.11,0.1426,0.0187,0.138,0.001,0.009,1.859,-1.565,-105.14,11.72,1,2.17,1,0.572,-9.21,-1.15,-3.151,1,5,0.1405,0.1405,0.1387,0.1331
34.496,1,0.655,-18.47,6.23,5,77.9,21.1,0.1242,0.0475,0.137,0.002,0.027,1.858,-1.57,-105.14,11.72,1,2.17,1,0.575,-9.21,-5.52,0.0,0,5,0.1367,0.1404,0.1386,0.133
34.562,1,0.664,-18.47,6.69,5,78.1,21.1,0.1297,0.0393,0.134,0.006,-0.039,1.856,-1.578,-105.08,11.69,1,1.74,1,0.549,-9.21,5.36,0.0,0,5,0.1259,0.1407,0.1407,0.1296
34.688,1,0.662,-18.22,6.01,5,79.1,21.1,0.113,0.0454,0.126,-0.003,0.016,1.852,-1.593,-105.02,11.69,1,1.74,1,0.583,-9.21,-5.44,0.0,0,5,0.1295,0.1314,0.1147,0.1295
34.795,1,0.657,-17.47,6.76,5,78.8,20.57,0.1205,0.0483,0.111,0.006,-0.028,1.849,-1.606,-104.74,11.69,1,1.25,1,0.566,-7.76,-1.35,-6.809,1,5,0.0905,0.1257,0.109,0.1183
34.821,1,0.66,-17.47,6.66,5,78.6,20.57,0.109,0.036,0.112,0.007,0.021,1.849,-1.608,-104.74,11.69,1,1.25,1,0.566,-7.76,-1.35,-6.809,1,5,0.0924,0.1276,0.1109,0.1165
34.86,1,0.674,-16.97,6.77,5,78.4,20.57,0.09,0.0392,0.111,0.006,-0.013,1.848,-1.613,-104.68,11.69,1,1.25,1,0.554,-0.97,-2.78,0.0,0,5,0.0975,0.1232,0.1122,0.1122
34.888,1,0.675,-16.97,6.35,5,78.5,21.11,0.104,0.0319,0.111,0.004,-0.003,1.847,-1.615,-104.68,11.69,1,1.25,1,0.554,-0.97,-2.78,0.0,0,5,0.103,0.1195,0.1103,0.1103
34.926,1,0.665,-17.47,6.69,5,78.8,20.56,0.1179,0.0315,0.107,-0.001,-0.002,1.846,-1.619,-104.68,11.69,1,1.25,1,0.556,-2.42,-2.4,0.0,0,5,0.1085,0.1085,0.103,0.1085
34.988,1,0.679,-16.97,6.41,5,78.6,21.11,0.1232,0.0264,0.103,-0.001,0.066,1.845,-1.624,-104.56,11.67,1,-0.17,1,0.544,-2.42,-0.61,0.0,0,5,0.1012,0.1048,0.0994,0.1065
35.028,1,0.682,-16.97,6.75,5,78.2,21.11,0.1271,0.0224,0.103,0.002,0.061,1.844,-1.628,-104.39,11.67,1,-0.17,1,0.529,-6.79,8.73,0.0,0,5,0.0941,0.1101,0.0994,0.1083
35.061,1,0.695,-16.47,6.39,5,77.9,20.57,0.1344,0.009,0.106,0.002,-0.031,1.843,-1.633,-104.34,11.67,1,-0.17,1,0.537,-6.3,9.15,0.0,0,5,0.0942,0.1182,0.0979,0.1145
35.088,1,0.701,-16.47,6.23,5,77.4,20.57,0.1423,0.0042,0.11,0.001,0.07,1.842,-1.635,-104.28,11.67,1,-0.17,1,0.537,-6.3,9.15,0.0,0,5,0.0997,0.1237,0.0997,0.1182
35.121,1,0.708,-15.97,6.08,5,76.8,21.11,0.1372,0.0124,0.117,0.001,0.02,1.841,-1.64,-104.22,11.67,1,-0.17,1,0.537,-6.3,9.15,0.0,0,5,0.1088,0.1273,0.1088,0.1236
35.189,1,0.715,-16.22,5.87,5,75.5,20.57,0.1437,0.006,0.127,-0.003,0.015,1.838,-1.647,-104.22,11.67,1,-0.57,1,0.548,-0.97,3.89,0.0,0,5,0.1291,0.1291,0.118,0.131
35.224,1,0.725,-15.97,6.17,5,74.9,20.57,0.1451,0.013,0.132,-0.005,0.11,1.837,-1.652,-104.05,11.67,1,-0.57,1,0.544,0.0,3.65,0.0,0,5,0.1366,0.1347,0.12,0.1384
35.289,1,0.723,-15.47,6.35,5,74.5,21.11,0.152,-0.0019,0.139,-0.0,0.029,1.835,-1.661,-103.88,11.67,1,-0.57,1,0.55,0.0,4.43,0.0,0,5,0.1292,0.1437,0.1328,0.1492
35.36,1,0.716,-15.97,6.81,5,74.4,20.57,0.1466,-0.007,0.147,-0.006,0.028,1.832,-1.672,-103.82,11.67,1,0.09,1,0.559,0.48,0.67,0.0,0,5,0.1447,0.1447,0.1374,0.1612
35.425,1,0.712,-16.22,7.32,5,74.1,21.11,0.146,-0.0107,0.149,-0.007,0.046,1.829,-1.681,-103.82,11.67,1,0.09,1,0.55,0.97,1.78,0.0,0,5,0.1574,0.1499,0.1333,0.1536
35.46,1,0.699,-16.47,7.15,5,74.1,21.11,0.153,-0.0258,0.149,-0.005,0.013,1.828,-1.687,-103.76,11.67,1,0.09,1,0.56,0.48,5.2,0.0,0,5,0.1499,0.1481,0.1388,0.1574
35.488,1,0.693,-16.47,7.18,5,73.7,21.11,0.148,-0.0146,0.149,-0.006,-0.021,1.827,-1.69,-103.76,11.67,1,0.09,1,0.56,0.48,5.2,0.0,0,5,0.1476,0.1458,0.1403,0.1606
35.59,1,0.67,-16.72,7.6,5,73.5,20.57,0.1492,-0.0173,0.144,-0.007,0.006,1.823,-1.703,-103.71,11.66,1,1.37,1,0.534,-5.33,11.86,0.0,0,5,0.1517,0.1388,0.1351,0.1517
35.626,1,0.669,-16.47,7.31,5,73.5,21.11,0.1374,-0.0123,0.144,-0.008,0.015,1.821,-1.709,-103.65,11.66,1,1.37,1,0.542,-5.33,10.51,0.0,0,5,0.1516,0.1387,0.1331,0.1516
35.66,1,0.66,-16.72,7.84,5,73.9,21.11,0.1317,-0.0037,0.148,-0.004,0.046,1.819,-1.715,-103.65,11.66,1,1.37,1,0.548,-5.33,14.06,0.0,0,5,0.1498,0.1442,0.1442,0.1553
35.689,1,0.651,-16.72,7.63,5,73.9,20.57,0.1233,-0.0025,0.15,-0.005,-0.03,1.818,-1.718,-103.65,11.66,1,1.37,1,0.548,-5.33,14.06,0.0,0,5,0.1511,0.1437,0.1455,0.1584
35.726,1,0.646,-16.97,7.58,5,73.7,20.57,0.1034,0.0177,0.149,-0.004,0.007,1.817,-1.724,-103.65,11.66,1,1.37,1,0.542,-5.33,11.05,0.0,0,5,0.1512,0.1438,0.1475,0.1548
35.788,1,0.672,-16.72,2.84,5,73.5,20.56,0.1224,0.0059,0.136,-0.007,-0.008,1.815,-1.731,-103.71,11.66,1,2.96,1,0.544,-5.33,10.17,0.0,0,5,0.1462,0.1332,0.124,0.1388
35.824,1,0.637,-16.47,7.21,5,73.2,21.11,0.1108,0.0999,0.126,-0.006,0.058,1.813,-1.736,-103.65,11.66,1,2.96,1,0.544,-5.33,10.17,0.0,0,5,0.1311,0.1219,0.1163,0.133
35.888,1,0.664,-16.72,5.19,5,73.5,20.56,0.1194,0.0103,0.122,0.0,0.043,1.812,-1.743,-103.65,11.66,1,2.96,1,0.532,-5.82,10.0,0.0,0,5,0.1109,0.122,0.122,0.1313
35.924,1,0.666,-16.72,5.02,5,73.0,20.56,0.1187,0.0525,0.121,0.0,0.045,1.81,-1.748,-103.59,11.66,1,2.96,1,0.532,-5.82,10.0,0.0,0,5,0.1148,0.126,0.1167,0.126
35.987,1,0.631,-16.22,7.83,5,72.9,20.57,0.1255,0.0506,0.115,-0.005,-0.001,1.809,-1.753,-103.42,11.66,1,3.89,1,0.537,-10.18,1.44,0.0,0,5,0.1227,0.1173,0.1013,0.1173
36.026,1,0.652,-15.72,7.36,5,72.9,20.57,0.1206,-0.0061,0.112,-0.007,0.053,1.807,-1.758,-103.36,11.66,1,3.89,1,0.537,-10.18,1.44,0.0,0,5,0.1208,0.1137,0.0959,0.1173
36.089,1,0.69,-15.22,7.38,5,73.8,20.57,0.1317,-0.0132,0.115,-0.001,0.052,1.806,-1.765,-103.25,11.66,1,3.89,1,0.533,-8.24,3.21,0.0,0,5,0.1072,0.1183,0.109,0.1257
36.125,1,0.695,-15.22,7.25,5,73.5,20.57,0.1385,-0.0264,0.119,0.003,-0.003,1.805,-1.769,-103.19,11.66,1,3.89,1,0.541,-8.24,5.04,0.0,0,5,0.1054,0.122,0.122,0.1276
36.189,1,0.691,-15.72,7.56,5,74.5,21.11,0.1328,-0.0161,0.122,0.0,-0.02,1.803,-1.776,-103.25,11.66,1,4.11,1,0.534,-8.24,4.85,0.0,0,5,0.1203,0.1184,0.1258,0.1221
36.22,1,0.679,-15.72,7.89,5,74.7,21.11,0.1396,-0.0232,0.125,-0.001,-0.048,1.802,-1.781,-103.36,11.66,1,4.11,1,0.534,-8.24,4.85,0.0,0,5,0.1332,0.1184,0.1295,0.1203
36.258,1,0.7,-15.72,7.32,5,75.0,21.11,0.1501,-0.0415,0.13,-0.002,-0.073,1.801,-1.787,-103.48,11.66,1,4.11,1,0.538,-9.21,6.68,0.0,0,5,0.1368,0.122,0.1294,0.122
36.287,1,0.709,-15.72,7.12,5,75.3,20.57,0.1632,-0.0406,0.132,-0.001,0.029,1.8,-1.789,-103.48,11.66,1,4.11,1,0.538,-9.21,6.68,0.0,0,5,0.1386,0.1257,0.1349,0.1275
36.326,1,0.713,-15.72,7.16,5,75.8,21.11,0.1528,-0.0262,0.136,0.001,-0.044,1.799,-1.795,-103.48,11.66,1,4.11,1,0.542,-9.21,5.68,0.0,0,5,0.133,0.133,0.1404,0.1367
36.387,1,0.695,-15.72,7.31,5,76.5,20.57,0.1602,-0.0339,0.145,0.002,-0.013,1.797,-1.803,-103.53,11.66,1,4.1,1,0.542,-9.21,5.68,0.0,0,5,0.1462,0.1444,0.1499,0.1388
36.426,1,0.695,-15.72,7.24,5,76.7,20.57,0.1485,-0.0267,0.151,0.001,-0.081,1.795,-1.81,-103.65,11.66,1,4.1,1,0.542,-9.21,5.68,0.0,0,5,0.163,0.1482,0.1556,0.1371
36.524,1,0.688,-15.72,6.63,5,76.0,21.11,0.142,-0.0189,0.16,0.002,-0.023,1.792,-1.825,-103.71,11.66,1,4.1,1,0.512,-9.21,9.54,0.0,0,5,0.1568,0.1568,0.1678,0.1605
36.587,1,0.683,-15.72,7.08,5,75.9,21.11,0.1168,0.0178,0.158,-0.002,-0.045,1.789,-1.835,-103.82,11.66,1,4.1,1,0.513,-9.21,9.43,0.0,0,5,0.1666,0.1499,0.1611,0.1536
36.626,1,0.689,-15.72,6.78,5,75.1,21.11,0.1235,0.0025,0.151,-0.006,-0.034,1.787,-1.84,-103.99,11.66,1,4.1,1,0.513,-9.21,9.43,0.0,0,5,0.165,0.1427,0.1483,0.1483
36.658,1,0.686,-15.97,7.05,5,74.6,21.11,0.1139,0.0178,0.143,-0.001,-0.023,1.786,-1.845,-103.99,11.66,1,4.1,1,0.214,-12.02,15.6,0.0,0,4,0.1463,0.1389,0.1445,0.1426
36.687,1,0.663,-16.47,6.84,5,73.7,21.11,0.1277,0.0017,0.141,0.001,-0.05,1.786,-1.848,-104.05,11.66,1,4.1,1,0.214,-12.02,15.6,0.0,0,4,0.1365,0.1383,0.1457,0.142
36.72,1,0.652,-16.47,6.96,5,73.1,21.11,0.1347,0.0056,0.136,0.005,-0.023,1.785,-1.853,-104.11,11.66,1,4.1,1,0.214,-12.02,15.6,0.0,0,4,0.129,0.1346,0.1475,0.1327
36.793,1,0.659,-16.47,2.7,5,70.7,21.1,0.1425,-0.0056,0.126,-0.001,-0.039,1.782,-1.863,-104.16,11.66,1,4.43,1,0.527,-10.18,6.58,0.0,0,5,0.1353,0.1279,0.1223,0.1186
36.887,1,0.661,-16.47,6.52,5,70.8,21.11,0.1104,0.1008,0.134,-0.0,-0.057,1.779,-1.874,-104.11,11.66,1,4.43,1,0.565,-2.42,-4.46,0.0,0,5,0.1275,0.1312,0.1367,0.1423
36.926,1,0.664,-16.22,6.32,5,71.1,21.11,0.1243,0.0196,0.137,0.002,0.024,1.778,-1.879,-104.11,11.66,1,4.43,1,0.545,-1.94,-5.15,0.0,0,5,0.1293,0.1386,0.1404,0.1404
36.987,1,0.643,-15.47,6.88,5,70.1,21.11,0.142,0.0053,0.129,0.002,0.025,1.777,-1.886,-103.99,11.64,1,1.03,1,0.558,0.97,0.93,0.0,0,5,0.1326,0.1363,0.1253,0.1216
37.027,1,0.635,-15.47,7.13,5,69.7,20.96,0.1341,-0.0083,0.123,-0.001,0.011,1.775,-1.891,-104.05,11.64,1,1.03,1,0.56,0.0,2.69,0.0,0,5,0.127,0.127,0.1178,0.1214
37.088,1,0.642,-14.97,6.92,5,68.7,20.96,0.1451,-0.023,0.128,0.002,0.013,1.774,-1.899,-103.88,11.64,1,1.03,1,0.566,-0.97,-5.4,0.0,0,5,0.1146,0.1294,0.1294,0.1368
37.187,1,0.695,-15.22,2.96,5,70.5,20.81,0.1468,-0.0242,0.136,-0.0,0.003,1.77,-1.912,-103.93,11.64,1,3.78,1,0.564,-8.24,4.74,0.0,0,5,0.1406,0.1332,0.1369,0.1314
37.226,1,0.721,-15.22,2.85,5,73.1,20.81,0.1229,0.0792,0.137,-0.001,-0.087,1.769,-1.917,-104.05,11.64,1,3.78,1,0.566,-8.72,5.15,0.0,0,5,0.1443,0.1369,0.1351,0.1332
37.287,1,0.719,-15.22,2.48,5,74.5,20.57,0.09,0.0873,0.142,0.001,-0.007,1.767,-1.926,-104.05,11.64,1,3.78,1,0.569,-9.21,5.14,0.0,0,5,0.1387,0.1442,0.1424,0.1424
37.326,1,0.714,-15.47,2.31,5,75.0,20.96,0.09,0.0938,0.141,0.003,-0.025,1.766,-1.931,-104.11,11.64,1,3.78,1,0.569,-9.21,5.14,0.0,0,5,0.1293,0.1404,0.1478,0.146
37.359,1,0.718,-15.47,1.95,5,74.8,20.96,0.09,0.0998,0.134,0.001,0.009,1.764,-1.936,-104.11,11.64,1,0.71,1,0.519,-4.85,10.83,-6.693,1,5,0.1257,0.1312,0.1404,0.1404
37.424,1,0.72,-15.47,2.28,5,75.3,21.1,0.09,0.1057,0.119,-0.008,-0.076,1.762,-1.943,-104.16,11.64,1,0.71,1,0.569,-4.85,13.0,0.0,0,5,0.1292,0.1107,0.1107,0.1237
37.457,1,0.721,-15.47,1.99,5,74.9,20.96,0.09,0.0998,0.108,-0.009,0.048,1.761,-1.946,-104.11,11.64,1,0.71,1,0.569,-4.85,13.0,0.0,0,5,0.1201,0.1053,0.0924,0.1127
37.527,1,0.724,-14.97,2.04,5,75.0,20.96,0.09,0.1047,0.1,-0.001,0.046,1.76,-1.952,-103.82,11.64,1,0.71,1,0.557,-4.36,14.42,-1.874,1,5,0.0908,0.1056,0.0908,0.1111
37.557,1,0.723,-14.97,2.58,5,75.2,20.96,0.09,0.0974,0.098,-0.002,0.049,1.758,-1.956,-103.71,11.64,1,-0.54,1,0.562,-4.36,14.83,-2.811,1,5,0.0814,0.1018,0.0907,0.1184
37.587,1,0.717,-14.72,2.42,5,75.2,20.57,0.09,0.0887,0.096,-0.005,0.069,1.758,-1.958,-103.65,11.64,1,-0.54,1,0.562,-4.36,14.83,-2.811,1,5,0.0833,0.0981,0.0851,0.1184
37.625,1,0.717,-14.72,2.55,5,75.0,20.57,0.09,0.0889,0.095,-0.007,0.089,1.757,-1.961,-103.48,11.64,1,-0.54,1,0.589,0.48,9.34,0.0,0,5,0.0888,0.0981,0.0777,0.1147
37.658,1,0.727,-14.23,2.66,5,75.1,20.57,0.09,0.0869,0.09,-0.008,0.025,1.755,-1.965,-103.36,11.64,1,-0.54,1,0.59,1.45,9.18,0.0,0,5,0.0906,0.0961,0.0684,0.1054
37.687,1,0.727,-14.23,3.19,5,74.8,20.46,0.09,0.0795,0.086,-0.009,0.041,1.755,-1.966,-103.3,11.64,1,-0.54,1,0.59,1.45,9.18,0.0,0,5,0.0868,0.0924,0.0628,0.1035
37.725,1,0.731,-13.73,3.06,5,74.8,20.57,0.09,0.0706,0.081,-0.007,0.09,1.754,-1.969,-103.08,11.64,1,-0.54,1,0.606,2.42,7.62,0.0,0,5,0.0758,0.0924,0.0555,0.0998
37.758,1,0.745,-12.98,3.2,5,74.7,20.2,0.09,0.0673,0.079,-0.003,0.125,1.753,-1.972,-102.85,11.64,1,0.69,1,0.601,3.39,9.54,0.0,0,5,0.0646,0.096,0.0554,0.0997
37.82,1,0.765,-11.73,3.24,5,74.8,20.57,0.09,0.0578,0.082,0.004,0.086,1.753,-1.977,-102.5,11.64,1,0.69,1,0.604,3.88,11.06,0.0,0,5,0.0572,0.1071,0.0646,0.0997
37.888,1,0.797,-10.73,3.26,5,74.9,20.57,0.09,0.0454,0.079,0.004,0.069,1.752,-1.982,-102.27,11.64,1,0.69,1,0.621,4.36,12.97,0.0,0,5,0.0611,0.0982,0.0685,0.0889
37.925,1,0.806,-10.73,3.89,5,74.7,20.46,0.0957,0.0346,0.076,-0.0,0.032,1.751,-1.985,-102.16,11.64,1,0.69,1,0.634,5.33,13.41,0.0,0,5,0.0682,0.0848,0.0664,0.0848
37.958,1,0.815,-10.23,3.48,5,75.4,20.46,0.0996,0.0246,0.076,-0.005,0.069,1.75,-1.988,-102.04,11.62,1,2.82,1,0.638,5.33,13.48,0.0,0,5,0.0718,0.0792,0.0626,0.0884
37.988,1,0.836,-9.73,3.4,5,75.5,20.57,0.11,0.0267,0.077,-0.006,0.082,1.75,-1.989,-101.93,11.62,1,2.82,1,0.638,5.33,13.48,0.0,0,5,0.0774,0.0793,0.0645,0.0885
38.158,1,0.861,-7.49,3.62,5,76.2,20.04,0.1115,0.0259,0.112,-0.002,0.021,1.745,-2.007,-101.47,11.62,1,4.96,1,0.617,1.45,9.19,6.573,1,5,0.1109,0.1183,0.1017,0.1183
38.219,1,0.886,-6.99,3.61,5,75.9,20.04,0.09,-0.0014,0.122,0.0,0.017,1.744,-2.014,-101.47,11.62,1,4.96,1,0.617,1.45,9.19,6.573,1,5,0.1185,0.1203,0.124,0.124
38.32,1,0.888,-6.24,3.25,5,76.5,20.46,0.1107,-0.0037,0.114,-0.003,0.014,1.742,-2.025,-101.41,11.62,1,4.96,1,0.613,0.0,-0.45,0.0,0,5,0.1128,0.1109,0.1109,0.122
38.392,1,0.89,-5.74,2.98,5,76.9,20.46,0.1388,-0.017,0.107,0.001,0.029,1.74,-2.032,-101.41,11.62,1,8.03,1,0.633,-0.48,-7.64,0.0,0,5,0.1092,0.1185,0.0981,0.1018
38.419,1,0.895,-5.24,2.73,5,76.9,20.2,0.1457,-0.0195,0.106,0.004,0.038,1.74,-2.036,-101.36,11.62,1,8.03,1,0.633,-0.48,-7.64,0.0,0,5,0.1055,0.1166,0.1018,0.0981
38.521,1,0.891,-4.24,2.98,5,77.6,20.2,0.1807,-0.0284,0.131,0.0,0.006,1.737,-2.049,-101.3,11.62,1,8.03,1,0.632,-2.42,-5.87,-7.902,1,5,0.1277,0.1314,0.1314,0.1333
38.555,1,0.903,-3.74,2.8,5,77.9,20.44,0.1743,-0.0438,0.147,0.0,-0.008,1.736,-2.055,-101.3,11.62,1,6.99,1,0.651,-1.45,-8.76,0.0,0,5,0.1462,0.1481,0.1462,0.1481
38.619,1,0.915,-3.24,2.94,5,79.2,20.44,0.1945,-0.0496,0.168,0.0,-0.037,1.734,-2.065,-101.47,11.62,1,6.99,1,0.657,-1.45,-9.72,0.0,0,5,0.171,0.1673,0.1692,0.1655
38.655,1,0.908,-3.24,3.1,5,79.6,20.44,0.2091,-0.0629,0.18,0.001,-0.047,1.732,-2.073,-101.47,11.62,1,6.99,1,0.662,-0.48,-11.69,0.0,0,5,0.1856,0.1764,0.1856,0.1728
38.72,1,0.908,-2.5,2.75,5,79.0,19.97,0.2165,-0.0686,0.196,0.002,-0.019,1.73,-2.085,-101.59,11.62,1,6.99,1,0.675,-0.48,-10.41,0.0,0,5,0.2,0.1926,0.2036,0.1871
38.819,1,0.911,-1.75,2.53,5,78.9,20.04,0.1816,-0.0536,0.216,0.001,-0.06,1.726,-2.106,-101.87,11.62,1,5.57,1,0.672,0.0,-9.96,-3.695,1,5,0.2205,0.2058,0.2297,0.2095
38.858,1,0.919,-1.25,2.37,5,78.4,20.44,0.163,-0.0504,0.216,0.002,-0.002,1.724,-2.115,-101.99,11.62,1,5.57,1,0.652,4.36,-6.14,-4.621,1,5,0.2224,0.2095,0.2279,0.2058
38.891,1,0.914,-1.25,2.38,5,79.0,20.46,0.1399,-0.0442,0.215,0.002,-0.039,1.723,-2.119,-101.99,11.62,1,5.57,1,0.675,4.36,-4.41,-3.843,1,5,0.2227,0.2099,0.2246,0.2026
38.918,1,0.918,-0.75,1.82,5,78.6,20.44,0.1469,-0.0458,0.208,0.0,-0.027,1.722,-2.127,-102.1,11.62,1,5.57,1,0.675,4.36,-4.41,-3.843,1,5,0.217,0.1986,0.217,0.1986
38.956,1,0.926,-0.25,1.97,5,78.8,20.56,0.1583,-0.0407,0.201,-0.002,-0.061,1.72,-2.133,-102.22,11.61,1,2.19,1,0.675,4.36,-4.41,-3.843,1,5,0.2063,0.1832,0.2152,0.1992
38.986,1,0.925,-0.25,2.36,5,79.9,20.46,0.1348,-0.0431,0.195,-0.0,-0.099,1.72,-2.137,-102.33,11.61,1,2.19,1,0.631,8.24,-3.56,-6.453,1,5,0.1952,0.1791,0.2114,0.1952
39.019,1,0.915,-0.25,2.11,5,80.4,20.46,0.1229,-0.0467,0.187,0.006,-0.014,1.718,-2.144,-102.39,11.61,1,2.19,1,0.631,8.24,-3.56,-6.453,1,5,0.1806,0.1788,0.2074,0.1806
39.093,1,0.916,0.0,1.61,5,80.5,20.57,0.1118,-0.0367,0.177,0.003,-0.071,1.715,-2.158,-102.67,11.61,1,2.19,1,0.685,12.12,8.07,-1.055,1,5,0.1812,0.1738,0.196,0.1646
39.12,1,0.916,0.25,1.69,5,80.7,20.46,0.1188,-0.0323,0.171,0.001,-0.133,1.715,-2.161,-102.79,11.61,1,2.19,1,0.685,12.12,8.07,-1.055,1,5,0.1775,0.1627,0.1812,0.1627
39.159,1,0.911,0.25,1.39,5,80.7,20.46,0.133,-0.0395,0.165,0.001,-0.086,1.714,-2.164,-102.9,11.61,1,-0.02,1,0.683,12.12,6.2,-1.69,1,5,0.1721,0.1554,0.1758,0.1554
39.226,1,0.914,0.25,1.41,5,80.0,20.2,0.1607,-0.0372,0.151,0.008,-0.077,1.712,-2.176,-103.02,11.61,1,-0.02,1,0.675,12.12,6.2,-1.674,1,5,0.1556,0.1537,0.163,0.1297
39.32,1,0.906,1.25,0.84,5,79.6,20.46,0.1599,-0.037,0.143,0.003,-0.027,1.709,-2.19,-103.25,11.61,1,-0.02,1,0.675,12.12,5.21,-3.671,1,5,0.1387,0.1405,0.1516,0.1405
39.425,1,0.903,1.25,1.08,5,79.1,20.46,0.1653,-0.034,0.147,0.004,-0.077,1.706,-2.204,-103.3,11.61,1,-0.58,1,0.645,14.06,8.91,-5.664,1,5,0.1497,0.1497,0.1515,0.1367
39.454,1,0.888,1.25,0.95,5,79.0,20.46,0.1412,-0.036,0.149,0.001,0.009,1.705,-2.21,-103.42,11.61,1,-0.58,1,0.663,14.06,11.91,-4.412,1,5,0.1551,0.1477,0.1533,0.1403
39.519,1,0.883,2.25,0.56,5,78.4,20.46,0.1474,-0.0334,0.152,0.009,0.01,1.704,-2.219,-103.42,11.61,1,-0.58,1,0.669,16.48,8.67,-1.095,1,5,0.1404,0.1589,0.1626,0.1441
39.618,1,0.862,2.99,-0.3,5,77.3,20.96,0.1438,-0.0344,0.145,0.002,-0.141,1.7,-2.233,-103.59,11.58,1,-1.01,1,0.67,14.54,12.1,-6.071,1,5,0.1539,0.1447,0.1484,0.1319
39.656,1,0.856,2.99,-0.36,5,77.5,20.96,0.1187,-0.0243,0.141,0.0,0.005,1.699,-2.239,-103.71,11.58,1,-1.01,1,0.673,17.45,8.39,0.86,1,5,0.1502,0.1373,0.1447,0.13
39.69,1,0.851,3.24,-0.17,5,77.3,20.57,0.1319,-0.0214,0.14,0.002,-0.017,1.699,-2.242,-103.71,11.58,1,-1.01,1,0.67,17.45,8.43,0.868,1,5,0.1453,0.1362,0.1471,0.1307
39.717,1,0.862,2.75,-0.2,5,77.5,20.57,0.1389,-0.0279,0.138,0.005,-0.082,1.698,-2.245,-103.82,11.58,1,-1.01,1,0.67,17.45,8.43,0.868,1,5,0.1351,0.1369,0.1496,0.1315
39.756,1,0.875,2.5,-0.27,5,77.7,20.96,0.1531,-0.0202,0.131,0.007,-0.03,1.697,-2.252,-103.93,11.58,1,-0.11,1,0.685,16.48,8.4,-0.196,1,5,0.1234,0.1252,0.1506,0.1252
39.819,1,0.871,2.25,-0.78,5,77.9,20.57,0.174,-0.0149,0.129,-0.0,-0.056,1.695,-2.26,-104.16,11.58,1,-0.11,1,0.685,16.48,8.4,-0.196,1,5,0.1403,0.1237,0.1348,0.1182
39.956,1,0.89,2.75,-0.19,5,78.4,20.57,0.2078,0.0037,0.169,0.005,0.008,1.69,-2.281,-104.22,11.61,1,1.15,1,0.671,15.51,6.88,-2.21,1,5,0.1624,0.1732,0.175,0.1642
39.989,1,0.877,2.75,-0.24,5,78.6,20.57,0.1827,-0.0208,0.175,0.004,-0.013,1.689,-2.285,-104.22,11.61,1,1.15,1,0.662,15.99,4.85,-7.499,1,5,0.1732,0.1804,0.1786,0.1696
40.017,1,0.895,2.75,-0.18,5,78.4,21.02,0.172,-0.0195,0.188,0.001,-0.024,1.687,-2.292,-104.28,11.61,1,1.15,1,0.662,15.99,4.85,-7.499,1,5,0.1931,0.1931,0.1841,0.1805
40.055,1,0.886,2.75,-0.07,5,78.4,20.46,0.148,-0.0213,0.196,0.003,-0.004,1.685,-2.3,-104.28,11.61,1,1.15,1,0.667,12.6,0.58,0.0,0,5,0.1939,0.1994,0.1976,0.1921
40.156,1,0.868,2.5,-0.42,5,78.6,20.57,0.1831,-0.023,0.19,0.0,-0.057,1.681,-2.319,-104.45,11.61,1,1.62,1,0.688,12.6,-2.45,0.0,0,5,0.1959,0.1829,0.1977,0.1848
40.188,1,0.87,2.75,-0.52,5,77.7,20.57,0.1971,-0.0098,0.186,0.0,-0.117,1.68,-2.322,-104.56,11.61,1,1.62,1,0.686,12.6,-1.56,0.0,0,5,0.1904,0.1793,0.1941,0.1812
40.218,1,0.888,2.5,-0.5,5,77.7,20.57,0.1997,-0.0099,0.182,0.006,-0.004,1.679,-2.329,-104.68,11.61,1,1.62,1,0.686,12.6,-1.56,0.0,0,5,0.1833,0.1833,0.1944,0.1685
40.255,1,0.882,2.25,-0.26,5,77.8,20.46,0.2138,-0.0067,0.183,0.007,-0.051,1.677,-2.337,-104.74,11.61,1,1.62,1,0.687,11.63,-3.28,0.0,0,5,0.1814,0.1851,0.1944,0.1703
40.326,1,0.879,2.25,-0.52,5,77.7,21.62,0.229,-0.0111,0.191,0.003,-0.078,1.674,-2.348,-104.74,11.61,1,1.62,1,0.681,11.63,-3.65,0.0,0,5,0.1921,0.1921,0.1958,0.1828
40.353,1,0.887,2.25,-0.57,5,78.0,20.46,0.2304,-0.003,0.197,0.003,-0.018,1.673,-2.352,-104.74,11.61,1,1.62,1,0.687,11.63,-2.88,0.0,0,5,0.1977,0.1996,0.1996,0.1903
40.424,1,0.896,2.5,-1.16,5,78.2,21.1,0.2128,-0.0027,0.222,0.0,0.044,1.668,-2.37,-104.62,11.61,1,1.62,1,0.685,12.12,-4.27,-7.598,1,5,0.2254,0.2217,0.2217,0.218
40.449,1,0.891,2.5,-0.41,5,77.8,21.1,0.1889,0.0095,0.225,0.002,-0.043,1.667,-2.374,-104.68,11.61,1,1.62,1,0.685,12.12,-4.27,-7.598,1,5,0.2236,0.2273,0.2254,0.2217
40.522,1,0.911,2.25,-0.46,5,77.6,20.46,0.1528,-0.0131,0.226,0.001,0.039,1.663,-2.391,-104.85,11.61,1,1.62,1,0.672,11.63,-3.85,-7.513,1,5,0.218,0.2217,0.2328,0.231
40.552,1,0.921,2.5,-0.37,5,77.1,20.96,0.1286,-0.0103,0.222,0.001,0.056,1.662,-2.396,-104.79,11.59,1,0.08,1,0.672,11.63,-3.85,-7.513,1,5,0.2198,0.2142,0.2308,0.2216
40.622,1,0.93,1.25,-1.04,5,79.4,20.46,0.1495,-0.0142,0.205,0.003,-0.03,1.658,-2.411,-105.14,11.59,1,0.08,1,0.665,11.15,-1.86,-7.087,1,5,0.2088,0.1996,0.2162,0.1959
40.655,1,0.93,0.75,-0.71,5,79.6,20.46,0.1253,0.0136,0.201,0.0,-0.072,1.657,-2.415,-105.25,11.59,1,0.08,1,0.655,13.57,2.29,-2.882,1,5,0.2052,0.1941,0.2089,0.196
40.755,1,0.92,0.25,-1.29,5,80.4,21.02,0.1603,0.0129,0.171,0.004,-0.028,1.651,-2.435,-105.54,11.59,1,-2.58,1,0.654,15.03,9.79,0.549,1,5,0.1706,0.1651,0.1834,0.1633
40.823,1,0.904,0.0,-1.5,5,82.3,20.96,0.1812,0.0349,0.159,0.002,0.04,1.649,-2.444,-105.6,11.59,1,-2.58,1,0.669,15.03,7.93,-0.474,1,5,0.163,0.1556,0.1666,0.1502
40.855,1,0.903,0.25,-1.42,5,82.6,20.46,0.1953,0.0452,0.153,0.002,0.003,1.647,-2.45,-105.54,11.59,1,-2.58,1,0.668,15.51,7.07,-0.516,1,5,0.1523,0.1541,0.1559,0.1486
40.956,1,0.891,0.5,-1.52,5,82.4,20.96,0.1919,0.0383,0.169,0.0,0.042,1.643,-2.466,-105.37,11.59,1,-1.53,1,0.678,15.03,10.07,-2.473,1,5,0.1599,0.1794,0.1581,0.1777
41.022,1,0.88,1.0,-0.89,5,81.2,21.02,0.2128,0.0416,0.181,-0.004,0.068,1.64,-2.476,-105.02,11.59,1,-1.53,1,0.676,17.45,9.75,1.179,1,5,0.1777,0.1883,0.1652,0.1919
41.055,1,0.873,1.0,-0.38,5,81.5,21.02,0.2212,0.0173,0.188,-0.001,0.012,1.638,-2.484,-105.02,11.59,1,-1.53,1,0.676,17.45,9.75,1.179,1,5,0.1808,0.1918,0.1699,0.1955
41.092,1,0.875,1.0,-0.28,5,81.6,21.02,0.1976,0.0009,0.189,-0.0,0.019,1.637,-2.488,-104.97,11.59,1,-1.53,1,0.673,13.57,6.46,1.46,1,5,0.1769,0.1953,0.1824,0.2026
41.121,1,0.867,1.0,-0.47,5,81.7,21.6,0.2045,-0.0015,0.198,-0.001,0.01,1.635,-2.496,-104.97,11.59,1,-1.53,1,0.675,13.09,4.69,2.787,1,5,0.19,0.201,0.1918,0.2084
41.153,1,0.873,1.0,-0.41,5,81.6,21.6,0.1917,0.0039,0.199,-0.002,0.01,1.633,-2.503,-104.91,11.59,1,2.24,1,0.683,12.6,5.54,2.591,1,5,0.196,0.1997,0.196,0.2071
41.254,1,0.868,1.0,-0.39,5,81.3,20.96,0.1666,0.0012,0.197,0.0,0.003,1.628,-2.522,-105.02,11.59,1,2.24,1,0.684,9.69,1.52,4.165,1,5,0.1978,0.1941,0.1997,0.196
41.322,1,0.873,0.75,-0.14,5,81.5,20.46,0.1699,0.001,0.182,0.004,-0.012,1.625,-2.533,-105.02,11.59,1,2.24,1,0.678,4.85,-8.94,0.169,1,5,0.1866,0.1829,0.1903,0.17
41.355,1,0.862,0.75,0.04,5,82.0,20.46,0.1842,-0.0024,0.175,0.006,-0.013,1.624,-2.539,-105.08,11.59,1,4.6,1,0.683,5.33,-7.48,0.993,1,5,0.1791,0.181,0.1865,0.1662
41.452,1,0.877,0.25,-0.62,5,81.3,20.46,0.1581,-0.0076,0.172,-0.007,-0.026,1.619,-2.553,-105.14,11.59,1,4.6,1,0.696,3.88,-8.77,2.291,1,5,0.1809,0.1661,0.1643,0.1772
41.553,1,0.869,-0.25,-0.46,5,83.3,20.46,0.1806,0.0152,0.163,0.003,-0.023,1.615,-2.569,-105.2,11.61,1,4.46,1,0.693,0.0,-16.48,-2.193,1,5,0.1535,0.1627,0.1701,0.1664
41.652,1,0.887,0.0,-0.65,5,83.4,20.56,0.1765,0.0153,0.165,-0.004,-0.024,1.61,-2.585,-105.02,11.61,1,4.46,1,0.704,1.45,-14.87,5.002,1,5,0.1692,0.1655,0.1563,0.1692
41.689,1,0.891,-0.25,-0.44,5,83.0,20.46,0.1724,0.0169,0.167,-0.003,0.035,1.609,-2.591,-105.08,11.61,1,4.46,1,0.692,3.39,-13.64,0.741,1,5,0.1638,0.1693,0.1601,0.1766
41.756,1,0.888,-0.25,-0.75,5,82.5,20.46,0.1935,0.0153,0.168,-0.001,0.11,1.605,-2.604,-104.91,11.61,1,2.16,1,0.694,5.82,-4.31,3.581,1,5,0.1762,0.1689,0.1652,0.1634
41.852,1,0.893,-0.25,-0.33,5,83.3,20.46,0.2028,0.0246,0.176,-0.0,0.008,1.601,-2.618,-104.91,11.61,1,2.16,1,0.68,5.82,-4.4,5.748,1,5,0.169,0.1782,0.1726,0.1837
41.889,1,0.888,-0.25,-0.45,5,83.3,20.46,0.1799,0.0112,0.183,-0.002,0.018,1.599,-2.625,-104.85,11.61,1,2.16,1,0.672,6.3,-4.39,0.0,0,5,0.1746,0.1856,0.1764,0.1948
41.988,1,0.886,-0.25,-0.2,5,82.9,20.2,0.1385,0.0121,0.194,-0.003,0.039,1.594,-2.643,-104.79,11.62,1,2.36,1,0.693,6.3,-3.78,7.964,1,5,0.1911,0.1982,0.184,0.2018
42.052,1,0.89,-0.25,-0.34,5,82.8,20.46,0.1023,0.0058,0.188,-0.002,-0.01,1.591,-2.654,-104.74,11.62,1,2.36,1,0.693,6.3,-2.96,6.841,1,5,0.1819,0.1819,0.1893,0.1985
42.082,1,0.895,-0.25,-0.06,5,82.5,20.46,0.0915,0.0081,0.176,-0.005,-0.02,1.589,-2.66,-104.74,11.62,1,2.36,1,0.693,6.3,-2.96,6.841,1,5,0.1772,0.1624,0.1809,0.1846
42.153,1,0.891,-0.25,-0.71,5,82.0,20.46,0.1042,0.0033,0.164,-0.002,0.03,1.587,-2.67,-104.79,11.62,1,5.09,1,0.688,4.85,-6.13,4.321,1,5,0.1606,0.1532,0.1698,0.1716
42.253,1,0.907,-0.75,-0.55,5,81.1,20.46,0.126,0.0165,0.135,-0.004,0.0,1.583,-2.682,-104.85,11.62,1,5.09,1,0.67,0.0,-12.58,2.682,1,5,0.1426,0.1334,0.1278,0.1352
42.281,1,0.906,-0.75,-0.47,5,80.7,20.46,0.1327,0.02,0.127,-0.006,-0.023,1.582,-2.687,-104.91,11.62,1,5.09,1,0.686,0.97,-13.26,4.363,1,5,0.1331,0.122,0.1202,0.1331
42.355,1,0.912,-1.25,-0.42,5,79.9,20.46,0.1562,0.0189,0.116,0.002,0.018,1.58,-2.696,-104.79,11.62,1,5.51,1,0.684,0.0,-12.54,1.547,1,5,0.1071,0.1219,0.1145,0.12
42.451,1,0.916,-1.0,-0.54,5,79.6,20.56,0.153,0.0222,0.12,-0.006,0.043,1.576,-2.706,-104.74,11.62,1,5.51,1,0.687,0.48,-12.44,4.744,1,5,0.1256,0.1219,0.1053,0.1256
42.489,1,0.918,-0.5,-0.42,5,79.3,20.56,0.1298,0.0201,0.13,-0.006,0.079,1.575,-2.711,-104.62,11.62,1,5.51,1,0.674,1.45,-13.11,4.507,1,5,0.135,0.1313,0.1165,0.1387
42.585,1,0.91,-0.75,0.11,5,79.4,20.46,0.1197,0.0115,0.136,0.003,-0.012,1.572,-2.724,-104.51,11.64,1,5.2,1,0.672,1.94,-10.95,4.812,1,5,0.1203,0.1388,0.1388,0.1462
42.651,1,0.913,-1.0,-0.38,5,79.2,20.96,0.0983,0.005,0.126,-0.002,-0.083,1.57,-2.731,-104.62,11.64,1,5.2,1,0.665,0.97,-10.77,6.108,1,5,0.1257,0.1165,0.1313,0.1294
42.686,1,0.916,-1.25,-0.41,5,78.6,20.46,0.1121,0.0167,0.122,-0.004,-0.003,1.568,-2.736,-104.68,11.64,1,5.2,1,0.683,0.48,-11.36,3.362,1,5,0.1295,0.111,0.124,0.1221
42.749,1,0.93,-1.25,-0.31,5,78.7,20.46,0.1329,0.0209,0.113,-0.001,-0.009,1.567,-2.742,-104.62,11.64,1,5.89,1,0.683,0.48,-11.49,3.166,1,5,0.1128,0.1091,0.1146,0.1164
42.853,1,0.907,-0.75,-0.62,5,80.3,20.46,0.1499,0.0188,0.108,0.001,0.039,1.564,-2.753,-104.51,11.64,1,5.89,1,0.673,0.97,-11.76,5.027,1,5,0.1054,0.1146,0.1035,0.1072
42.887,1,0.903,-0.75,-0.08,5,80.9,20.46,0.1261,0.018,0.113,-0.002,-0.017,1.563,-2.757,-104.51,11.64,1,5.89,1,0.673,0.97,-11.16,5.938,1,5,0.1146,0.1183,0.1035,0.1146
42.949,1,0.9,-0.5,-0.52,5,81.5,20.96,0.09,0.0075,0.124,-0.002,0.069,1.561,-2.765,-104.39,11.65,1,5.57,1,0.668,0.97,-11.82,6.09,1,5,0.1234,0.129,0.1142,0.129
42.986,1,0.893,-0.5,-0.26,5,81.8,20.96,0.09,0.0124,0.127,0.0,0.035,1.56,-2.77,-104.22,11.65,1,5.57,1,0.676,1.45,-11.93,3.024,1,5,0.118,0.1328,0.1217,0.1346
43.047,1,0.892,-0.25,-0.06,5,81.9,20.46,0.111,0.0085,0.121,-0.001,0.025,1.558,-2.777,-104.22,11.65,1,5.57,1,0.675,1.94,-11.5,4.774,1,5,0.111,0.1221,0.1184,0.1332
43.149,1,0.886,-0.25,-0.75,5,82.0,20.46,0.1428,0.0031,0.109,-0.005,-0.045,1.555,-2.785,-104.39,11.65,1,6.58,1,0.677,1.45,-10.61,2.355,1,5,0.1181,0.1034,0.1052,0.1107
43.247,1,0.882,-0.25,-0.75,5,82.7,20.46,0.1778,0.022,0.114,0.002,0.058,1.552,-2.796,-104.28,11.65,1,6.58,1,0.663,0.97,-10.42,-0.839,1,5,0.1092,0.1221,0.1092,0.1147
43.386,1,0.878,0.25,-0.64,5,82.6,20.46,0.1349,0.018,0.154,-0.003,0.049,1.547,-2.816,-104.11,11.65,1,5.65,1,0.674,1.94,-10.14,0.981,1,5,0.1536,0.1573,0.1443,0.1591
43.448,1,0.884,0.25,0.49,5,82.6,20.46,0.156,0.0119,0.164,-0.001,0.038,1.545,-2.826,-103.93,11.65,1,5.65,1,0.68,1.94,-10.25,-1.623,1,5,0.1588,0.1717,0.1533,0.1717
43.485,1,0.876,0.25,0.34,5,82.8,20.46,0.17,-0.0157,0.163,0.001,-0.013,1.543,-2.832,-103.93,11.65,1,5.65,1,0.686,2.91,-7.16,0.0,0,5,0.1606,0.1698,0.1587,0.1624
43.547,1,0.883,0.75,-0.09,5,84.3,21.02,0.191,-0.0123,0.156,-0.002,-0.058,1.541,-2.841,-103.99,11.65,1,5.86,1,0.683,2.91,-6.04,0.0,0,5,0.1629,0.1481,0.1592,0.1536
43.651,1,0.886,0.25,-0.05,5,85.6,20.46,0.2264,-0.0046,0.169,0.0,0.003,1.537,-2.857,-103.93,11.65,1,5.86,1,0.676,2.91,1.84,0.0,0,5,0.1666,0.1722,0.1666,0.1703
43.748,1,0.894,0.25,0.87,5,86.2,20.46,0.2583,-0.0002,0.203,-0.001,-0.038,1.532,-2.877,-103.99,11.65,1,4.51,1,0.653,3.39,0.58,0.0,0,5,0.2033,0.2051,0.1996,0.2051
43.785,1,0.89,0.25,0.71,5,87.3,20.46,0.2599,-0.0325,0.219,0.001,-0.019,1.529,-2.886,-103.93,11.65,1,4.51,1,0.63,3.39,5.0,0.0,0,5,0.2142,0.2235,0.2179,0.2216
43.849,1,0.885,0.75,0.45,5,87.0,20.56,0.2291,-0.025,0.241,-0.001,0.013,1.526,-2.901,-103.99,11.65,1,4.51,1,0.625,3.39,8.45,0.0,0,5,0.2384,0.2402,0.2384,0.2458
43.886,1,0.889,0.5,0.81,5,85.9,19.97,0.2291,-0.0229,0.252,-0.0,0.04,1.523,-2.911,-103.93,11.65,1,4.51,1,0.654,3.88,30.5,0.0,0,5,0.253,0.2548,0.2475,0.2512
43.922,1,0.887,0.75,0.44,5,84.6,20.46,0.2176,-0.0299,0.255,0.0,-0.037,1.521,-2.921,-103.99,11.65,1,4.51,1,0.684,3.88,36.67,0.0,0,5,0.2587,0.255,0.255,0.2495
43.948,1,0.883,0.75,0.84,5,83.4,20.46,0.1939,-0.0201,0.252,-0.002,-0.087,1.519,-2.925,-104.05,11.63,1,5.02,1,0.684,3.88,36.67,0.0,0,5,0.2587,0.2476,0.2513,0.2495
43.986,1,0.885,0.5,0.52,5,83.0,20.44,0.1699,-0.0288,0.247,-0.003,-0.032,1.517,-2.935,-104.16,11.63,1,5.02,1,0.699,3.39,47.85,0.0,0,5,0.2499,0.2407,0.2481,0.2499
44.054,1,0.891,0.25,0.85,5,83.4,20.46,0.1338,-0.0151,0.231,-0.001,-0.069,1.512,-2.953,-104.34,11.63,1,5.02,1,0.725,2.42,56.46,0.0,0,5,0.2374,0.23,0.2448,0.2374
44.084,1,0.887,0.5,0.23,5,83.1,20.57,0.1221,-0.0176,0.229,-0.002,-0.024,1.511,-2.957,-104.39,11.63,1,5.02,1,0.725,2.42,56.46,0.0,0,5,0.234,0.2174,0.2358,0.2284
44.12,1,0.886,-0.25,0.43,5,82.5,21.02,0.0978,-0.0086,0.219,-0.002,-0.067,1.509,-2.965,-104.56,11.63,1,5.02,1,0.704,-3.39,57.31,0.0,0,5,0.2248,0.21,0.2248,0.2174
44.148,1,0.892,-0.75,-0.08,5,82.8,20.46,0.09,-0.0032,0.213,0.001,-0.047,1.508,-2.969,-104.62,11.63,1,11.64,1,0.704,-3.39,57.31,0.0,0,5,0.2153,0.2024,0.2245,0.2079
44.185,1,0.889,-1.0,-0.39,5,83.6,21.1,0.09,0.0108,0.199,-0.002,-0.077,1.506,-2.976,-104.79,11.63,1,11.64,1,0.695,-3.39,57.34,0.0,0,5,0.2055,0.1814,0.2129,0.1962
44.247,1,0.873,-1.25,2.9,5,84.6,21.1,0.09,0.0178,0.185,0.0,-0.016,1.504,-2.987,-104.91,11.63,1,11.64,1,0.725,-4.36,56.56,0.0,0,5,0.1925,0.174,0.1962,0.1759
44.38,1,0.81,-1.75,10.54,5,83.6,22.77,0.09,-0.0385,0.138,0.0,-0.008,1.499,-3.006,-105.25,11.63,1,19.62,1,0.764,-4.85,54.16,0.0,0,5,0.1458,0.131,0.1458,0.131
44.447,1,0.808,-2.25,14.94,5,83.2,22.77,0.09,-0.167,0.126,0.004,0.016,1.497,-3.013,-105.37,11.63,1,19.62,1,0.8,-8.72,51.24,0.0,0,5,0.1129,0.124,0.1351,0.1314
44.485,1,0.8,-2.5,16.52,5,82.9,22.78,0.09,-0.2378,0.114,0.0,-0.013,1.496,-3.017,-105.37,11.63,1,19.62,1,0.8,-8.72,51.24,0.0,0,5,0.1092,0.1129,0.1166,0.1185
44.548,1,0.782,-2.75,19.43,5,82.6,22.77,0.09,-0.2642,0.094,-0.007,-0.08,1.494,-3.022,-105.6,11.65,1,31.22,1,0.782,-15.51,40.17,0.0,0,5,0.111,0.0851,0.0888,0.0907
44.587,1,0.789,-3.49,20.51,5,82.5,22.78,0.09,-0.3127,0.084,-0.006,-0.039,1.493,-3.025,-105.71,11.65,1,31.22,1,0.759,-22.3,32.27,0.0,0,5,0.1054,0.074,0.0814,0.074
44.647,1,0.778,-2.25,20.47,5,81.0,22.46,0.09,-0.324,0.075,0.0,-0.074,1.492,-3.03,-105.88,11.65,1,31.22,1,0.749,-26.66,24.77,0.0,0,5,0.0868,0.0628,0.0887,0.0628
44.686,1,0.773,-2.0,20.48,5,80.2,22.78,0.09,-0.3394,0.072,-0.001,-0.108,1.491,-3.032,-106.17,11.65,1,31.22,1,0.732,-31.5,20.81,0.0,0,5,0.0832,0.0518,0.0887,0.0629
44.749,1,0.79,-1.5,20.1,5,79.4,22.68,0.09,-0.341,0.071,-0.005,-0.123,1.489,-3.036,-106.63,11.65,1,43.22,1,0.726,-39.26,14.49,0.0,0,5,0.0925,0.0444,0.087,0.0592
44.786,1,0.778,-1.0,20.14,5,78.9,22.77,0.09,-0.3402,0.071,-0.005,-0.178,1.488,-3.039,-106.91,11.65,1,43.22,1,0.719,-47.01,4.78,0.0,0,5,0.0989,0.0421,0.0916,0.0531
44.819,1,0.826,-0.5,21.73,5,78.5,22.19,0.09,-0.3461,0.073,-0.003,-0.195,1.487,-3.042,-107.37,11.65,1,43.22,1,0.746,-48.47,0.84,0.0,0,5,0.1043,0.0439,0.0952,0.0476
44.847,1,0.846,-0.5,21.59,5,78.2,22.68,0.09,-0.3785,0.072,-0.001,-0.197,1.487,-3.043,-107.6,11.65,1,43.22,1,0.746,-48.47,0.84,0.0,0,5,0.1061,0.0439,0.097,0.0403
44.885,1,0.852,-1.0,21.4,5,78.3,21.96,0.09,-0.3754,0.07,0.001,-0.179,1.486,-3.046,-108.06,11.65,1,43.22,1,0.738,-48.47,1.39,0.0,0,5,0.1091,0.0425,0.0998,0.0277
44.947,1,0.848,-2.99,20.79,5,78.4,22.22,0.09,-0.3646,0.065,-0.008,-0.259,1.484,-3.049,-108.92,11.65,1,41.54,1,0.744,-48.95,-0.1,0.0,0,5,0.1183,0.0166,0.0961,0.0277
44.979,1,0.808,-3.99,18.02,5,78.7,22.77,0.09,-0.3289,0.065,-0.016,-0.266,1.483,-3.051,-109.43,11.65,1,41.54,1,0.744,-48.95,-0.1,0.0,0,5,0.1263,0.0053,0.0925,0.0356
45.014,1,0.824,-4.99,16.93,5,79.0,22.22,0.09,-0.2713,0.07,-0.022,-0.289,1.481,-3.054,-110.07,11.65,1,41.54,1,0.744,-48.95,-0.1,0.0,0,5,0.1387,0.0,0.096,0.0462
45.048,1,0.814,-6.49,16.79,5,79.1,22.78,0.09,-0.2432,0.071,-0.023,-0.318,1.48,-3.055,-110.41,11.65,1,41.54,1,0.744,-48.95,-0.1,0.0,0,5,0.1407,0.0,0.0962,0.0481
45.083,1,0.826,-7.24,15.89,5,79.4,22.68,0.09,-0.2234,0.072,-0.022,-0.253,1.478,-3.057,-111.04,11.65,1,41.54,1,0.744,-48.95,-0.1,0.0,0,5,0.1367,0.0,0.0998,0.0499
45.148,1,0.819,-9.48,15.26,5,79.6,21.96,0.09,-0.206,0.063,-0.014,-0.272,1.476,-3.06,-111.96,11.65,1,32.26,1,0.723,-47.98,15.05,0.0,0,5,0.118,0.0018,0.0959,0.035
45.186,1,0.831,-10.48,14.81,5,79.5,21.96,0.09,-0.1707,0.058,-0.008,-0.201,1.475,-3.062,-112.47,11.65,1,32.26,1,0.731,-44.59,25.01,0.0,0,5,0.107,0.0018,0.0978,0.0258
45.252,1,0.828,-12.23,13.87,5,79.3,21.67,0.09,-0.1568,0.06,-0.01,-0.191,1.473,-3.065,-113.22,11.65,1,32.26,1,0.721,-37.81,31.02,0.0,0,5,0.1092,0.0074,0.0925,0.0296
45.285,1,0.835,-12.48,13.19,5,78.9,21.67,0.09,-0.1198,0.061,-0.01,-0.191,1.472,-3.068,-113.62,11.65,1,32.26,1,0.71,-37.32,32.38,0.0,0,5,0.1087,0.0184,0.0847,0.0332
45.354,1,0.799,-12.73,12.74,5,78.3,21.67,0.09,-0.1123,0.067,-0.003,-0.164,1.469,-3.072,-114.42,11.65,1,27.37,1,0.724,-32.96,40.07,0.0,0,5,0.0943,0.0333,0.0943,0.0462
45.384,1,0.782,-12.73,12.59,5,77.9,21.6,0.09,-0.1024,0.069,-0.002,-0.13,1.469,-3.074,-114.53,11.65,1,27.37,1,0.717,-31.99,42.53,0.0,0,5,0.0942,0.0407,0.0942,0.048
45.418,1,0.763,-12.73,12.15,5,77.2,21.67,0.09,-0.1019,0.066,0.0,-0.169,1.468,-3.076,-114.88,11.65,1,27.37,1,0.734,-28.6,46.0,0.0,0,5,0.0869,0.0444,0.0887,0.0444
45.48,1,0.745,-12.73,11.9,5,76.4,21.6,0.09,-0.0958,0.066,0.001,-0.101,1.466,-3.08,-115.34,11.65,1,27.37,1,0.72,-27.14,48.24,0.0,0,5,0.0887,0.0444,0.0887,0.0407
45.646,1,0.74,-12.23,16.22,5,75.5,23.26,0.09,-0.0929,0.07,-0.0,-0.066,1.461,-3.09,-116.14,11.66,1,28.88,1,0.701,-28.11,54.13,0.0,0,5,0.0867,0.0572,0.0812,0.0535
45.684,1,0.775,-11.73,17.7,5,75.3,23.26,0.09,-0.1745,0.07,-0.002,-0.079,1.46,-3.093,-116.25,11.66,1,28.88,1,0.694,-30.54,54.51,0.0,0,5,0.0816,0.0593,0.0778,0.063
45.818,1,0.834,-11.73,23.64,5,75.8,22.04,0.09,-0.2042,0.079,0.0,-0.205,1.455,-3.102,-117.28,11.66,1,35.92,1,0.765,-39.26,52.08,0.0,0,5,0.1055,0.05,0.1073,0.0518
45.847,1,0.848,-12.23,24.63,5,75.9,22.65,0.09,-0.3076,0.08,-0.002,-0.184,1.454,-3.104,-117.51,11.66,1,35.92,1,0.765,-39.26,52.08,0.0,0,5,0.1129,0.0481,0.1073,0.05
45.884,1,0.815,-12.73,25.18,5,76.0,22.15,0.09,-0.3185,0.081,-0.006,-0.205,1.452,-3.106,-118.03,11.66,1,35.92,1,0.736,-46.53,45.08,0.0,0,5,0.1184,0.0407,0.111,0.0555
45.954,1,0.766,-13.98,25.43,5,75.1,22.78,0.09,-0.3232,0.083,-0.005,-0.253,1.45,-3.111,-118.83,11.67,1,45.0,1,0.821,-54.77,37.46,0.0,0,5,0.1247,0.0367,0.1192,0.0514
45.979,1,0.757,-15.72,25.68,5,75.3,22.22,0.09,-0.3123,0.083,-0.003,-0.321,1.448,-3.113,-119.46,11.67,1,45.0,1,0.821,-54.77,37.46,0.0,0,5,0.127,0.0348,0.1253,0.0452
46.05,1,0.788,-15.97,24.26,5,75.4,23.73,0.09,-0.3013,0.085,-0.003,-0.321,1.446,-3.118,-120.49,11.67,1,45.0,1,0.825,-59.13,38.98,0.0,0,5,0.1422,0.0281,0.1352,0.0334
46.084,1,0.838,-16.97,25.65,5,75.2,22.78,0.09,-0.2744,0.085,-0.006,-0.278,1.444,-3.12,-121.12,11.67,1,45.0,1,0.826,-59.62,40.09,0.0,0,5,0.1519,0.0241,0.1352,0.0296
46.116,1,0.835,-16.72,24.62,5,75.1,22.68,0.09,-0.2881,0.087,-0.001,-0.286,1.442,-3.124,-121.81,11.67,1,45.0,1,0.826,-59.62,40.09,0.0,0,5,0.1464,0.0334,0.1372,0.0297
46.179,1,0.784,-16.97,23.3,5,76.0,22.22,0.09,-0.2762,0.082,0.002,-0.305,1.439,-3.128,-122.84,11.67,1,45.0,1,0.824,-61.56,39.75,0.0,0,5,0.1315,0.037,0.1315,0.0296
46.217,1,0.831,-17.47,23.35,5,76.4,22.19,0.09,-0.2514,0.081,-0.001,-0.2,1.437,-3.13,-123.42,11.67,1,45.0,1,0.832,-64.46,40.46,0.0,0,5,0.1296,0.0333,0.1277,0.0352
46.279,1,0.77,-16.47,20.96,5,77.2,23.73,0.09,-0.2478,0.086,-0.007,-0.186,1.434,-3.134,-124.1,11.67,1,45.0,1,0.834,-65.92,41.75,0.0,0,5,0.1259,0.0389,0.1185,0.0592
46.317,1,0.831,-15.97,21.04,5,77.6,22.22,0.09,-0.2188,0.088,-0.007,-0.137,1.432,-3.137,-124.39,11.67,1,45.0,1,0.831,-63.98,42.74,0.0,0,5,0.1184,0.0518,0.111,0.0722
46.381,1,0.851,-14.97,21.5,5,77.3,22.15,0.09,-0.2253,0.093,0.005,-0.143,1.429,-3.142,-124.9,11.67,1,45.0,1,0.855,-63.98,41.75,0.0,0,5,0.1073,0.074,0.1221,0.0703
46.416,1,0.867,-13.98,21.34,5,77.1,21.67,0.1042,-0.2444,0.096,0.008,-0.167,1.427,-3.146,-125.31,11.67,1,45.0,1,0.855,-63.98,41.75,0.0,0,5,0.1055,0.0815,0.1222,0.0666
46.479,1,0.88,-13.48,20.72,5,77.1,21.96,0.125,-0.302,0.1,0.003,-0.242,1.424,-3.151,-125.88,11.67,1,45.0,1,0.857,-58.16,39.62,0.0,0,5,0.1296,0.0759,0.1296,0.0629
46.516,1,0.878,-13.73,20.37,5,77.0,21.46,0.1392,-0.3346,0.104,-0.003,-0.281,1.421,-3.154,-126.45,11.67,1,45.0,1,0.868,-55.74,38.54,0.0,0,5,0.1425,0.0592,0.1425,0.0703
46.578,1,0.864,-14.23,18.91,5,76.8,21.46,0.1572,-0.3698,0.113,-0.005,-0.357,1.416,-3.159,-127.6,11.67,1,45.0,1,0.873,-53.8,36.77,0.0,0,5,0.17,0.0536,0.1626,0.0647
46.616,1,0.869,-14.72,18.74,5,76.9,21.46,0.166,-0.3488,0.117,-0.001,-0.355,1.415,-3.162,-128.0,11.67,1,45.0,1,0.877,-50.89,33.85,0.0,0,5,0.1774,0.0573,0.1737,0.0591
46.716,1,0.794,-14.97,18.45,5,79.4,21.1,0.167,-0.3418,0.153,0.004,-0.418,1.404,-3.176,-130.63,11.67,1,45.0,1,0.889,-45.08,27.53,0.0,0,5,0.2145,0.0887,0.2145,0.0758
46.746,1,0.775,-14.47,20.45,5,79.5,23.34,0.1435,-0.2768,0.158,0.005,-0.329,1.402,-3.178,-131.04,11.67,1,44.52,1,0.889,-45.08,27.53,0.0,0,5,0.2163,0.0998,0.2256,0.0887
46.779,1,0.74,-14.47,24.64,5,79.3,21.67,0.1315,-0.295,0.163,0.011,-0.359,1.398,-3.184,-131.89,11.67,1,44.52,1,0.889,-45.08,27.53,0.0,0,5,0.2183,0.1073,0.2405,0.087
46.817,1,0.76,-14.97,29.47,5,78.3,23.73,0.1072,-0.3002,0.165,0.01,-0.452,1.394,-3.189,-132.87,11.67,1,44.52,1,0.906,-38.29,22.52,0.0,0,5,0.2219,0.1054,0.2441,0.0869
46.879,1,0.747,-16.22,37.31,5,77.0,28.77,0.09,-0.3788,0.156,0.004,-0.256,1.388,-3.196,-133.96,11.67,1,44.52,1,0.915,-36.35,19.32,0.0,0,5,0.2126,0.0887,0.2311,0.0906
46.915,1,0.794,-15.22,42.06,5,77.1,28.16,0.09,-0.5011,0.146,0.005,-0.341,1.384,-3.2,-134.76,11.67,1,44.52,1,0.91,-31.5,16.08,0.0,0,5,0.2033,0.085,0.2162,0.0795
46.978,1,0.784,-16.47,44.3,5,75.8,27.55,0.09,-0.5455,0.135,0.008,-0.318,1.379,-3.206,-135.96,11.67,1,45.0,1,0.916,-30.05,13.0,0.0,0,5,0.1888,0.0917,0.1943,0.0642
47.011,1,0.782,-15.72,44.14,5,74.3,27.45,0.09,-0.5455,0.132,0.011,-0.295,1.377,-3.208,-136.31,11.67,1,45.0,1,0.916,-30.05,13.0,0.0,0,5,0.1836,0.0918,0.1946,0.0587
47.046,1,0.759,-13.73,43.96,5,72.6,27.78,0.09,-0.5455,0.127,0.012,-0.395,1.374,-3.212,-137.17,11.67,1,45.0,1,0.916,-30.05,13.0,0.0,0,5,0.178,0.0808,0.1964,0.0514
47.081,1,0.718,-11.73,43.5,5,70.6,27.23,0.09,-0.5455,0.117,0.009,-0.504,1.371,-3.214,-138.25,11.67,1,45.0,1,0.916,-30.05,13.0,0.0,0,5,0.1759,0.0518,0.1999,0.0389
47.116,1,0.695,-10.23,42.8,5,69.4,26.45,0.09,-0.5455,0.101,0.005,-0.527,1.368,-3.217,-139.46,11.67,1,45.0,1,0.895,-26.66,4.3,0.0,0,5,0.1777,0.0185,0.1925,0.0148
47.184,1,0.69,-9.98,41.44,5,68.0,26.27,0.09,-0.5455,0.092,0.006,-0.527,1.364,-3.221,-141.23,11.67,1,45.0,1,0.889,-30.05,-7.3,0.0,0,5,0.1811,0.0074,0.1885,-0.0074
47.214,1,0.7,-9.73,39.82,5,67.7,25.69,0.09,-0.5455,0.092,0.004,-0.514,1.363,-3.222,-141.81,11.67,1,45.0,1,0.889,-30.05,-7.3,0.0,0,5,0.1792,0.0074,0.1848,-0.0037
47.25,1,0.739,-9.23,38.81,5,68.0,25.46,0.09,-0.5455,0.091,0.0,-0.529,1.36,-3.224,-143.01,11.67,1,45.0,1,0.903,-32.96,-14.27,0.0,0,5,0.181,0.0037,0.1791,0.0
47.349,1,0.727,-9.48,36.01,5,66.4,24.52,0.09,-0.5455,0.089,-0.0,-0.535,1.352,-3.229,-145.88,11.67,1,45.0,1,0.916,-35.87,-21.84,0.0,0,5,0.1796,0.0,0.1777,0.0
47.385,1,0.734,-10.23,35.62,5,65.6,24.45,0.09,-0.5438,0.089,-0.0,-0.523,1.349,-3.231,-147.08,11.67,1,45.0,1,0.931,-39.26,-27.7,0.0,0,5,0.179,0.0,0.1772,0.0
47.415,1,0.718,-11.23,35.15,5,64.3,23.89,0.09,-0.5276,0.086,0.001,-0.464,1.347,-3.233,-148.22,11.67,1,45.0,1,0.942,-40.71,-30.95,0.0,0,5,0.1753,0.0,0.1735,0.0
47.484,1,0.727,-12.48,33.44,5,66.3,23.73,0.09,-0.5092,0.087,-0.0,-0.463,1.342,-3.236,-149.94,11.67,1,45.0,1,0.922,-45.08,-36.53,0.0,0,5,0.1722,0.0,0.174,0.0036
47.509,1,0.745,-12.23,32.29,5,67.1,23.35,0.09,-0.4649,0.089,-0.001,-0.494,1.34,-3.237,-150.52,11.67,1,45.0,1,0.922,-45.08,-36.53,0.0,0,5,0.1759,0.0,0.1759,0.0036
47.617,1,0.739,-15.47,30.89,5,67.9,22.77,0.09,-0.4518,0.082,0.003,-0.459,1.331,-3.242,-153.78,11.67,1,40.97,1,0.918,-43.62,-39.02,0.0,0,5,0.1567,0.0018,0.1677,0.0
47.651,1,0.779,-14.97,28.99,5,70.0,22.77,0.0937,-0.3897,0.082,0.003,-0.461,1.33,-3.242,-154.3,11.67,1,40.97,1,0.936,-42.17,-34.07,0.0,0,5,0.1586,0.0018,0.1678,0.0
47.678,1,0.737,-18.22,29.23,5,71.8,22.15,0.1006,-0.3647,0.081,0.001,-0.458,1.327,-3.244,-155.39,11.67,1,40.97,1,0.936,-42.17,-34.07,0.0,0,5,0.1574,0.0,0.1648,0.0019
47.715,1,0.73,-18.97,28.18,5,73.0,22.15,0.1038,-0.333,0.08,-0.002,-0.445,1.324,-3.245,-156.42,11.67,1,40.97,1,0.928,-38.29,-31.96,0.0,0,5,0.1589,0.0018,0.1552,0.0055
47.746,1,0.818,-15.97,25.88,5,74.0,22.15,0.1101,-0.3164,0.081,-0.004,-0.402,1.322,-3.245,-156.88,11.67,1,28.97,1,0.928,-38.29,-31.96,0.0,0,5,0.1571,0.0018,0.1534,0.0129
47.783,1,0.832,-16.97,25.07,5,74.5,22.19,0.1172,-0.3428,0.085,-0.004,-0.373,1.319,-3.247,-157.68,11.67,1,28.97,1,0.926,-35.38,-22.9,0.0,0,5,0.1533,0.0092,0.1533,0.0259
47.877,1,0.824,-17.72,23.16,5,77.6,21.62,0.1289,-0.3576,0.108,-0.007,-0.333,1.309,-3.25,-159.51,11.67,1,28.97,1,0.896,-31.99,-23.29,0.0,0,5,0.1723,0.0463,0.1556,0.0593
47.915,1,0.828,-17.47,22.3,5,78.1,21.67,0.1404,-0.3465,0.119,-0.002,-0.288,1.304,-3.252,-160.2,11.67,1,28.97,1,0.83,-22.3,1.25,0.0,0,5,0.176,0.063,0.1704,0.0667
47.944,1,0.82,-17.97,22.14,5,78.4,21.6,0.1456,-0.3466,0.123,-0.002,-0.282,1.301,-3.253,-160.54,11.67,1,28.97,1,0.83,-22.3,1.25,0.0,0,5,0.1796,0.0629,0.1777,0.0703
47.977,1,0.819,-17.97,21.7,5,78.5,21.42,0.1465,-0.34,0.131,-0.005,-0.302,1.296,-3.254,-161.29,11.68,1,16.97,1,0.83,-22.3,1.25,0.0,0,5,0.1912,0.0699,0.1839,0.0809
48.083,1,0.826,-17.97,20.99,5,77.6,21.67,0.1492,-0.3391,0.144,-0.004,-0.315,1.282,-3.258,-162.95,11.68,1,16.97,1,0.837,-8.72,25.75,0.0,0,5,0.1941,0.0906,0.1904,0.1017
48.183,1,0.848,-17.47,18.6,5,77.4,21.1,0.1534,-0.3348,0.159,-0.011,-0.254,1.266,-3.261,-164.55,11.68,1,9.56,1,0.822,-3.88,34.92,0.0,0,5,0.2108,0.0943,0.2015,0.1276
48.215,1,0.852,-17.47,18.0,5,77.7,20.81,0.1676,-0.3171,0.162,-0.008,-0.257,1.26,-3.263,-165.13,11.68,1,9.56,1,0.822,-3.88,34.92,0.0,0,5,0.2143,0.1035,0.2051,0.1257
48.283,1,0.846,-16.72,17.27,5,78.4,21.1,0.1715,-0.3096,0.164,-0.002,-0.196,1.25,-3.265,-165.93,11.68,1,9.56,1,0.83,-4.85,28.81,0.0,0,5,0.2125,0.1127,0.2125,0.1201
48.31,1,0.849,-15.97,16.89,5,78.0,20.81,0.1759,-0.3089,0.165,-0.0,-0.319,1.247,-3.266,-166.22,11.68,1,9.56,1,0.83,-4.85,28.81,0.0,0,5,0.2071,0.1146,0.2145,0.122
48.383,1,0.853,-15.72,15.78,5,77.9,21.1,0.1782,-0.3104,0.177,0.006,-0.25,1.233,-3.27,-167.48,11.68,1,11.05,1,0.807,-6.3,25.05,0.0,0,5,0.211,0.1314,0.2351,0.1314
48.409,1,0.839,-15.47,15.72,5,77.6,20.81,0.1849,-0.295,0.181,0.009,-0.304,1.23,-3.271,-167.82,11.68,1,11.05,1,0.807,-6.3,25.05,0.0,0,5,0.2147,0.1388,0.2407,0.1296
48.443,1,0.832,-15.47,15.65,5,77.8,20.57,0.1852,-0.2966,0.182,0.014,-0.308,1.222,-3.273,-168.56,11.68,1,11.05,1,0.807,-6.3,25.05,0.0,0,5,0.2163,0.1467,0.2457,0.1192
48.515,1,0.797,-15.97,15.29,5,77.4,20.57,0.1857,-0.2935,0.185,0.014,-0.288,1.212,-3.276,-169.54,11.68,1,11.05,1,0.791,-8.72,20.08,0.0,0,5,0.2255,0.1485,0.2475,0.1173
48.548,1,0.82,-14.97,14.62,5,77.2,20.81,0.1878,-0.281,0.189,0.012,-0.303,1.208,-3.277,-169.82,11.68,1,11.05,1,0.783,-10.66,16.41,0.0,0,5,0.2294,0.1499,0.2516,0.1258
48.581,1,0.855,-12.73,13.2,5,76.7,21.02,0.1918,-0.2818,0.192,0.012,-0.239,1.2,-3.279,-170.57,11.68,1,13.22,1,0.807,-11.63,11.82,0.0,0,5,0.2294,0.1536,0.2535,0.1314
48.616,1,0.83,-13.98,14.0,5,76.9,21.02,0.2004,-0.2797,0.194,0.01,-0.269,1.193,-3.28,-171.2,11.68,1,13.22,1,0.789,-11.63,12.02,0.0,0,5,0.2313,0.1554,0.2516,0.1369
48.644,1,0.813,-13.48,14.06,5,77.0,21.11,0.1956,-0.2783,0.194,0.012,-0.252,1.189,-3.281,-171.49,11.68,1,13.22,1,0.789,-11.63,12.02,0.0,0,5,0.2311,0.1572,0.2533,0.1331
48.681,1,0.791,-13.73,13.53,5,77.4,21.02,0.1952,-0.2849,0.199,0.013,-0.286,1.18,-3.283,-172.12,11.68,1,13.22,1,0.77,-10.66,14.69,0.0,0,5,0.2294,0.1634,0.2606,0.1413
48.786,1,0.803,-12.98,12.98,5,78.3,21.02,0.1984,-0.2696,0.205,0.006,-0.258,1.156,-3.287,-173.95,11.68,1,13.35,1,0.775,-11.63,16.31,0.0,0,5,0.2401,0.1662,0.2548,0.157
48.813,1,0.854,-11.23,11.98,5,78.2,20.81,0.2017,-0.2677,0.205,0.006,-0.258,1.156,-3.287,-173.95,11.68,1,13.35,1,0.752,-12.6,18.12,0.0,0,5,0.2401,0.1662,0.2548,0.157
48.844,1,0.805,-12.98,11.84,5,77.9,20.81,0.2078,-0.2675,0.206,0.008,-0.278,1.144,-3.289,-174.87,11.68,1,13.35,1,0.752,-12.6,18.12,0.0,0,5,0.2397,0.1647,0.2635,0.1574
48.913,1,0.821,-11.98,11.21,5,77.6,21.11,0.2086,-0.2396,0.208,0.008,-0.288,1.135,-3.29,-175.38,11.68,1,13.35,1,0.75,-14.06,23.47,0.0,0,5,0.2457,0.1693,0.2621,0.1529
48.977,1,0.687,-11.73,8.84,4,77.7,20.79,0.2124,-0.2367,0.213,0.005,-0.197,1.118,-3.291,-176.7,11.67,1,13.21,1,0.757,-15.51,23.72,0.0,0,5,0.2523,0.1748,0.2613,0.1622
49.014,1,0.707,-10.98,8.57,4,77.2,20.24,0.2205,-0.1742,0.214,0.004,-0.221,1.113,-3.292,-176.93,11.67,1,13.21,1,0.744,-15.99,25.1,0.0,0,5,0.2508,0.1732,0.2616,0.1696
49.049,1,0.707,-10.23,7.2,4,76.9,20.79,0.2244,-0.1772,0.215,0.007,-0.233,1.104,-3.293,-177.45,11.67,1,13.21,1,0.744,-17.45,26.51,0.0,0,5,0.2471,0.1786,0.2652,0.1678
49.081,1,0.695,-10.48,6.74,4,76.0,20.79,0.2244,-0.1424,0.222,0.01,-0.207,1.095,-3.293,-177.9,11.67,1,13.21,1,0.744,-17.45,26.51,0.0,0,5,0.2501,0.1963,0.2667,0.1741
49.114,1,0.694,-9.98,5.97,4,76.8,20.53,0.222,-0.1213,0.224,0.009,-0.201,1.091,-3.293,-178.13,11.67,1,13.21,1,0.745,-13.57,26.84,0.0,0,5,0.2519,0.2001,0.2649,0.1778
49.181,1,0.692,-9.98,5.59,4,76.5,20.58,0.2219,-0.101,0.23,0.002,-0.053,1.072,-3.294,-178.76,11.67,1,11.94,1,0.736,-9.69,24.52,0.0,0,5,0.2533,0.2052,0.2589,0.2034
49.213,1,0.644,-11.98,8.1,4,76.5,20.58,0.2214,-0.088,0.23,0.003,-0.137,1.068,-3.294,-178.88,11.67,1,11.94,1,0.61,-6.79,25.32,0.0,0,4,0.2512,0.2105,0.2567,0.2031
49.28,1,0.677,-8.98,10.57,4,77.2,21.09,0.2123,-0.1359,0.237,-0.002,-0.016,1.048,-3.294,-179.39,11.67,1,11.94,1,0.709,-3.88,24.82,0.0,0,5,0.2568,0.2162,0.255,0.2217
49.309,1,0.678,-8.98,14.64,4,76.6,21.38,0.1884,-0.2198,0.238,-0.003,-0.016,1.044,-3.294,-179.39,11.67,1,11.94,1,0.709,-3.88,24.82,0.0,0,5,0.2572,0.2146,0.2553,0.2239
49.382,1,0.718,-9.23,19.23,5,74.1,22.19,0.1906,-0.3342,0.228,-0.003,-0.079,1.025,-3.294,179.85,11.67,1,16.02,1,0.739,-5.33,11.21,0.0,0,5,0.2505,0.2026,0.2469,0.21
49.414,1,0.701,-5.99,20.89,5,72.4,21.67,0.1663,-0.4041,0.224,-0.004,-0.178,1.017,-3.294,179.51,11.67,1,16.02,1,0.705,-6.3,9.01,3.519,1,5,0.2487,0.1953,0.245,0.2082
49.476,1,0.794,-3.49,17.88,5,73.1,21.6,0.154,-0.4501,0.22,0.002,-0.181,1.003,-3.294,178.88,11.67,1,16.02,1,0.703,-8.24,-1.54,1.562,1,5,0.2464,0.1945,0.2501,0.1889
49.514,1,0.798,-2.0,16.38,5,73.6,21.67,0.1682,-0.4366,0.218,0.002,-0.243,0.999,-3.294,178.65,11.67,1,16.02,1,0.624,-16.48,-22.83,0.0,0,5,0.2464,0.1908,0.2501,0.1852
49.581,1,0.811,0.5,15.39,5,72.4,21.02,0.1812,-0.4348,0.206,-0.001,-0.232,0.983,-3.293,177.73,11.66,1,25.01,1,0.712,-17.93,-33.1,0.0,0,5,0.2388,0.1635,0.2461,0.1763
49.612,1,0.832,0.5,14.41,5,71.9,21.02,0.1872,-0.4446,0.204,0.002,-0.247,0.979,-3.293,177.45,11.66,1,25.01,1,0.722,-17.45,-34.42,0.0,0,5,0.2388,0.1671,0.2443,0.1653
49.681,1,0.806,1.0,12.34,5,72.1,20.96,0.1931,-0.4207,0.196,0.0,-0.438,0.963,-3.292,175.84,11.66,1,25.01,1,0.707,-16.48,-35.03,0.0,0,5,0.2515,0.1461,0.2478,0.1405
49.715,1,0.789,0.75,11.71,5,72.4,20.57,0.2056,-0.3826,0.193,-0.004,-0.315,0.955,-3.292,174.98,11.66,1,25.01,1,0.708,-13.57,-29.61,0.0,0,5,0.2555,0.1158,0.261,0.1378
49.782,1,0.781,0.25,11.13,5,72.1,20.56,0.2094,-0.3631,0.193,0.003,-0.376,0.943,-3.291,173.61,11.66,1,16.27,1,0.701,-10.66,-26.7,0.0,0,5,0.2591,0.1231,0.2683,0.1213
49.81,1,0.761,-0.75,10.98,5,71.8,20.57,0.2129,-0.343,0.194,0.006,-0.439,0.94,-3.291,173.15,11.66,1,16.27,1,0.701,-10.66,-26.7,0.0,0,5,0.2589,0.1313,0.2681,0.1183
49.842,1,0.781,-1.25,9.86,5,72.6,20.56,0.2138,-0.3269,0.197,0.006,-0.427,0.932,-3.29,172.29,11.66,1,16.27,1,0.701,-10.66,-26.7,0.0,0,5,0.2627,0.1406,0.2664,0.1184
49.911,1,0.767,-3.49,8.87,5,74.4,20.96,0.2206,-0.2962,0.2,-0.005,-0.396,0.92,-3.287,170.8,11.66,1,16.27,1,0.709,-6.79,-17.63,0.0,0,5,0.271,0.1198,0.271,0.1401
50.014,1,0.763,-6.24,8.35,5,74.0,20.57,0.2197,-0.2425,0.215,-0.003,-0.208,0.894,-3.282,168.68,11.65,1,7.77,1,0.69,0.0,-1.78,-2.941,1,5,0.2702,0.1562,0.2665,0.1525
50.079,1,0.771,-7.99,7.69,5,75.4,20.96,0.1837,-0.164,0.219,-0.012,-0.281,0.882,-3.279,167.7,11.65,1,7.77,1,0.708,-3.88,-3.63,-1.119,1,5,0.2735,0.1589,0.2532,0.1885
50.113,1,0.76,-9.48,7.24,5,76.2,20.96,0.1597,-0.106,0.219,-0.013,-0.287,0.877,-3.278,167.36,11.65,1,7.77,1,0.698,-2.91,-5.5,-6.875,1,5,0.2753,0.156,0.2551,0.1891
50.148,1,0.771,-10.23,6.58,5,76.7,20.46,0.1349,-0.0578,0.213,-0.01,-0.152,0.869,-3.276,166.96,11.65,1,2.09,1,0.706,-1.94,1.48,0.979,1,5,0.2626,0.1543,0.2516,0.1837
50.179,1,0.76,-11.23,6.49,5,77.0,20.46,0.1236,-0.026,0.208,-0.009,-0.284,0.861,-3.273,166.33,11.65,1,2.09,1,0.707,-2.91,-2.42,-1.131,1,5,0.2553,0.158,0.2406,0.1782
50.211,1,0.772,-12.23,6.01,5,76.8,20.46,0.0997,-0.0023,0.206,-0.007,-0.263,0.857,-3.272,166.04,11.65,1,2.09,1,0.715,-1.94,3.33,2.886,1,5,0.2498,0.161,0.2368,0.1776
50.249,1,0.784,-12.73,5.29,5,77.5,20.46,0.0949,0.0143,0.203,-0.007,-0.102,0.85,-3.27,165.7,11.65,1,2.09,1,0.719,-2.91,1.97,3.548,1,5,0.2462,0.1574,0.2351,0.174
50.313,1,0.811,-14.97,4.04,5,78.1,20.96,0.1154,0.0227,0.182,-0.006,-0.15,0.84,-3.267,165.01,11.65,1,2.09,1,0.728,-2.91,4.89,4.976,1,5,0.2163,0.1405,0.2126,0.159
50.348,1,0.769,-15.97,3.76,5,79.3,20.96,0.1224,0.066,0.173,-0.005,-0.196,0.833,-3.265,164.67,11.65,1,2.09,1,0.719,-4.85,4.44,3.971,1,5,0.2035,0.1406,0.1961,0.1536
50.38,1,0.72,-16.47,1.43,4,79.5,20.56,0.1103,0.0887,0.168,-0.007,-0.065,0.827,-3.263,164.32,11.65,1,0.43,1,0.729,-5.82,2.31,1.615,1,5,0.2024,0.1417,0.1803,0.149
50.407,1,0.723,-17.22,1.86,4,79.5,20.51,0.1242,0.1288,0.168,-0.008,-0.124,0.824,-3.262,164.27,11.65,1,0.43,1,0.729,-5.82,2.31,1.615,1,5,0.1986,0.1434,0.1765,0.1526
50.481,1,0.712,-18.47,1.28,4,81.1,20.77,0.1452,0.1191,0.148,-0.007,-0.04,0.812,-3.258,163.98,11.65,1,0.43,1,0.707,-6.3,-1.82,0.759,1,5,0.162,0.1238,0.1584,0.1474
50.512,1,0.783,-18.47,2.53,5,79.9,20.96,0.1593,0.1424,0.145,-0.006,-0.093,0.81,-3.257,163.87,11.65,1,0.43,1,0.725,-4.36,6.47,5.832,1,5,0.1584,0.122,0.1547,0.1438
50.58,1,0.781,-18.97,2.45,5,80.6,20.57,0.1233,0.1205,0.141,-0.001,0.06,0.799,-3.254,163.87,11.65,1,-1.53,1,0.733,-4.85,4.83,2.711,1,5,0.1401,0.1401,0.1383,0.1437
50.608,1,0.783,-18.72,1.92,5,81.3,20.56,0.1153,0.1293,0.138,-0.002,0.034,0.796,-3.253,163.92,11.65,1,-1.53,1,0.733,-4.85,4.83,2.711,1,5,0.1347,0.1402,0.1329,0.1456
50.642,1,0.775,-18.72,1.98,5,81.3,20.56,0.1038,0.1372,0.13,-0.007,0.067,0.791,-3.251,164.04,11.65,1,-1.53,1,0.733,-4.85,4.83,2.711,1,5,0.1273,0.1273,0.12,0.1473
50.711,1,0.765,-18.47,2.55,5,81.9,20.96,0.09,0.1347,0.122,-0.009,-0.008,0.784,-3.249,164.1,11.65,1,-1.53,1,0.739,-4.36,7.7,4.683,1,5,0.1247,0.1137,0.1118,0.1375
50.814,1,0.823,-18.22,2.65,5,80.9,20.57,0.09,0.1217,0.103,0.0,0.043,0.772,-3.245,164.1,11.65,1,1.92,1,0.728,-6.3,5.65,5.184,1,5,0.1074,0.1148,0.0981,0.1092
50.911,1,0.8,-17.97,2.88,5,80.4,20.96,0.125,0.111,0.09,-0.002,0.025,0.765,-3.243,164.27,11.65,1,1.92,1,0.739,-8.24,1.97,3.933,1,5,0.0833,0.0888,0.087,0.0999
50.945,1,0.819,-17.97,2.73,5,80.1,20.96,0.1316,0.1008,0.087,-0.003,0.023,0.762,-3.242,164.27,11.65,1,1.92,1,0.767,-11.63,-7.08,2.002,1,5,0.0833,0.0888,0.0796,0.0981
51.013,1,0.762,-16.47,2.56,5,80.4,21.02,0.1526,0.0969,0.093,-0.003,0.133,0.758,-3.241,164.5,11.64,1,4.54,1,0.754,-11.63,-7.11,2.053,1,5,0.0889,0.1018,0.0796,0.1037
51.079,1,0.774,-15.47,3.02,5,79.2,21.02,0.1167,0.0969,0.102,-0.005,0.165,0.75,-3.238,165.13,11.64,1,4.54,1,0.762,-10.66,-10.03,3.586,1,5,0.0869,0.1257,0.0684,0.1276
51.109,1,0.802,-14.97,3.83,5,77.9,21.11,0.1114,0.0802,0.102,-0.006,0.145,0.748,-3.238,165.3,11.64,1,4.54,1,0.762,-10.66,-10.03,3.586,1,5,0.0832,0.1275,0.0628,0.133
51.147,1,0.814,-14.47,4.24,5,77.3,21.02,0.1255,0.0539,0.102,-0.008,0.137,0.743,-3.236,165.76,11.64,1,4.54,1,0.768,-8.72,-6.93,1.44,1,5,0.085,0.122,0.0647,0.1349
51.207,1,0.859,-12.73,3.94,5,75.0,20.56,0.1463,0.0303,0.095,-0.002,0.122,0.739,-3.235,166.04,11.64,1,4.55,1,0.769,-7.76,-5.73,1.401,1,5,0.0721,0.109,0.0776,0.122
51.245,1,0.866,-12.48,3.05,5,74.7,21.02,0.1531,0.0126,0.092,0.005,0.061,0.736,-3.234,166.22,11.64,1,4.55,1,0.772,-5.82,-3.32,1.397,1,5,0.0609,0.107,0.0867,0.1144
51.308,1,0.854,-11.48,3.33,5,74.3,20.57,0.1812,0.0255,0.102,0.0,0.048,0.729,-3.233,166.5,11.64,1,4.55,1,0.768,-4.85,-3.71,1.752,1,5,0.0832,0.1164,0.0887,0.1201
51.347,1,0.836,-10.98,4.58,5,73.7,20.96,0.1955,0.0022,0.113,-0.003,0.065,0.725,-3.231,166.62,11.64,1,4.55,1,0.758,-3.88,-2.49,1.786,1,5,0.1072,0.122,0.098,0.1257
51.407,1,0.83,-10.23,5.58,5,73.5,21.11,0.1985,-0.0379,0.131,-0.002,0.017,0.716,-3.229,166.79,11.64,1,4.48,1,0.76,-3.39,-0.51,1.301,1,5,0.1292,0.1403,0.1181,0.1384
51.444,1,0.832,-9.48,5.52,5,73.5,20.96,0.1867,-0.0681,0.147,-0.003,0.055,0.71,-3.228,166.79,11.64,1,4.48,1,0.76,-3.39,-0.51,1.301,1,5,0.1423,0.1552,0.133,0.1571
51.507,1,0.866,-8.98,5.04,5,73.7,21.02,0.1831,-0.0692,0.17,0.001,-0.005,0.7,-3.226,166.85,11.64,1,4.48,1,0.744,-1.94,-0.25,1.264,1,5,0.1648,0.1759,0.1666,0.1722
51.541,1,0.879,-8.49,4.4,5,73.3,20.96,0.19,-0.0655,0.172,0.003,0.039,0.693,-3.224,166.85,11.64,1,4.48,1,0.744,-1.94,-0.25,1.264,1,5,0.1741,0.176,0.1741,0.1649
51.611,1,0.887,-7.74,3.8,5,74.1,20.57,0.2049,-0.0575,0.17,-0.001,-0.082,0.683,-3.222,166.67,11.63,1,6.05,1,0.744,-0.48,-0.61,-0.0,1,5,0.176,0.1686,0.1704,0.1667
51.678,1,0.885,-6.99,3.64,5,74.2,20.96,0.2041,-0.0462,0.184,0.001,0.011,0.669,-3.218,166.62,11.63,1,6.05,1,0.746,-0.48,-1.63,-2.397,1,5,0.1851,0.1796,0.1907,0.1814
51.708,1,0.887,-6.74,3.87,5,74.9,20.56,0.2179,-0.0546,0.186,0.001,-0.043,0.665,-3.217,166.62,11.63,1,6.05,1,0.744,0.0,0.0,0.0,1,5,0.1907,0.1833,0.1907,0.1777
51.807,1,0.884,-5.99,3.19,5,75.1,20.81,0.2365,-0.0689,0.197,0.003,-0.04,0.646,-3.213,166.39,11.63,1,5.26,1,0.743,0.97,-1.0,-1.373,1,5,0.1962,0.1944,0.2055,0.1925
51.846,1,0.884,-5.74,3.53,5,75.2,20.56,0.2365,-0.0548,0.208,0.003,-0.047,0.637,-3.211,166.33,11.63,1,5.26,1,0.759,0.97,-1.19,-1.708,1,5,0.2075,0.2056,0.2167,0.2019
51.907,1,0.862,-4.99,2.4,5,76.2,20.96,0.2398,-0.0685,0.223,0.002,-0.012,0.624,-3.208,166.22,11.63,1,5.26,1,0.771,1.45,-2.1,0.451,1,5,0.2278,0.2223,0.2278,0.2149
51.946,1,0.849,-4.24,1.96,5,76.3,20.56,0.2437,-0.0407,0.231,0.003,-0.053,0.615,-3.206,166.16,11.63,1,5.26,1,0.77,1.94,-2.89,-4.205,1,5,0.2352,0.2278,0.2389,0.2204
51.982,1,0.857,-3.99,1.6,5,75.1,20.57,0.2315,-0.0311,0.232,0.004,-0.085,0.606,-3.204,166.1,11.62,1,4.37,1,0.775,2.42,-1.99,-1.921,1,5,0.2361,0.2306,0.2416,0.2195
52.007,1,0.855,-4.24,1.77,5,75.3,20.56,0.2192,-0.0183,0.234,0.003,-0.133,0.601,-3.203,165.93,11.62,1,4.37,1,0.775,2.42,-1.99,-1.921,1,5,0.2362,0.2325,0.2418,0.2252
52.111,1,0.866,-3.74,3.31,5,74.3,20.46,0.1977,-0.0141,0.238,0.0,-0.045,0.578,-3.197,165.81,11.62,1,4.37,1,0.755,6.79,5.9,-0.191,1,5,0.2396,0.2359,0.2396,0.2359
52.177,1,0.875,-3.24,2.79,5,75.3,20.44,0.1894,-0.0605,0.231,-0.002,0.029,0.56,-3.192,165.81,11.62,1,2.99,1,0.77,6.3,3.75,-2.86,1,5,0.233,0.2274,0.2293,0.233
52.213,1,0.875,-2.99,2.65,5,75.1,20.0,0.1989,-0.0544,0.224,-0.003,-0.028,0.552,-3.19,165.76,11.62,1,2.99,1,0.755,7.76,4.33,1.294,1,5,0.2295,0.2221,0.2295,0.2295
52.249,1,0.862,-2.75,2.91,5,75.2,20.0,0.2131,-0.0565,0.219,-0.004,-0.041,0.548,-3.189,165.7,11.62,1,2.99,1,0.755,7.76,4.74,1.531,1,5,0.2221,0.2092,0.2221,0.224
52.28,1,0.864,-2.75,2.66,5,74.6,20.2,0.2201,-0.0693,0.213,-0.004,0.006,0.539,-3.186,165.64,11.62,1,2.99,1,0.759,7.27,5.12,0.515,1,5,0.2184,0.2018,0.2166,0.2166
52.306,1,0.862,-2.75,3.1,5,74.9,20.0,0.2338,-0.0642,0.209,-0.004,-0.003,0.536,-3.185,165.64,11.62,1,2.99,1,0.759,7.27,5.12,0.515,1,5,0.2146,0.198,0.2109,0.2109
52.406,1,0.864,-2.75,3.03,5,75.2,20.0,0.2538,-0.0836,0.213,-0.003,-0.006,0.515,-3.18,165.41,11.62,1,3.45,1,0.761,6.79,2.93,-0.674,1,5,0.224,0.2073,0.2129,0.2092
52.507,1,0.827,-2.75,1.39,5,76.1,20.04,0.2541,-0.0809,0.235,-0.002,-0.08,0.493,-3.174,165.13,11.62,1,3.45,1,0.779,6.3,2.3,-0.166,1,5,0.2449,0.2254,0.2413,0.2289
52.54,1,0.852,-2.5,1.49,5,75.9,20.0,0.2423,-0.0224,0.244,0.002,-0.043,0.484,-3.172,164.95,11.62,1,3.45,1,0.779,6.3,2.3,-0.166,1,5,0.2502,0.2378,0.2538,0.2342
52.577,1,0.844,-2.5,1.29,5,75.4,20.0,0.2232,-0.0255,0.249,0.001,-0.024,0.474,-3.169,164.9,11.61,1,2.87,1,0.768,5.82,-0.7,-5.443,1,5,0.2605,0.2421,0.2587,0.2365
52.679,1,0.85,-2.5,1.67,5,74.1,19.45,0.1893,-0.0139,0.243,0.003,0.036,0.45,-3.163,164.61,11.61,1,2.87,1,0.771,4.36,-2.23,-6.487,1,5,0.2465,0.2409,0.2521,0.2335
52.708,1,0.848,-2.5,1.7,5,74.5,19.97,0.1656,-0.0198,0.236,0.005,-0.037,0.446,-3.162,164.55,11.61,1,2.87,1,0.771,4.36,-2.23,-6.487,1,5,0.2389,0.2371,0.2445,0.2241
52.778,1,0.838,-2.75,1.15,5,73.6,20.0,0.1293,-0.0125,0.218,0.001,-0.074,0.429,-3.157,164.21,11.61,1,2.02,1,0.335,4.81,-1.63,0.549,1,4,0.2274,0.2071,0.2311,0.2071
52.844,1,0.844,-3.24,0.68,5,74.2,20.04,0.131,0.0014,0.202,0.004,-0.142,0.418,-3.154,163.92,11.61,1,2.02,1,0.754,2.91,-3.42,-7.151,1,5,0.2133,0.1912,0.2207,0.1839
52.907,1,0.828,-3.74,0.4,5,75.3,20.04,0.14,0.0156,0.186,0.004,-0.128,0.407,-3.151,163.41,11.61,1,2.02,1,0.723,1.94,-5.67,0.0,0,5,0.1982,0.167,0.2129,0.167
52.941,1,0.84,-3.99,0.51,5,74.8,19.85,0.1469,0.0273,0.178,0.005,-0.095,0.401,-3.15,163.18,11.61,1,2.02,1,0.723,1.94,-5.67,0.0,0,5,0.1902,0.1607,0.205,0.157
53.011,1,0.837,-4.99,1.16,5,75.8,19.97,0.1373,0.0265,0.166,0.011,-0.145,0.391,-3.147,162.89,11.61,1,-1.13,1,0.732,6.79,0.72,-3.525,1,5,0.1739,0.1591,0.1943,0.1369
53.077,1,0.818,-5.74,1.24,5,76.2,20.0,0.1586,0.0197,0.16,0.003,-0.036,0.379,-3.144,162.49,11.61,1,-1.13,1,0.748,7.27,4.3,-3.179,1,5,0.1682,0.1515,0.1737,0.146
53.107,1,0.793,-5.24,-0.39,5,76.3,20.04,0.1723,0.0234,0.158,0.003,-0.034,0.376,-3.143,162.43,11.61,1,-1.13,1,0.748,7.27,4.3,-3.179,1,5,0.1625,0.1496,0.1717,0.1477
53.144,1,0.79,-5.24,-0.44,5,76.7,20.04,0.1792,0.059,0.151,0.004,-0.034,0.37,-3.141,162.43,11.61,1,-1.13,1,0.332,7.81,2.27,-4.627,1,4,0.1496,0.1459,0.1644,0.144
53.177,1,0.823,-5.24,-0.75,5,76.4,20.46,0.1669,0.0593,0.15,0.006,0.02,0.364,-3.14,162.38,11.61,1,-2.98,1,0.332,7.81,2.27,-4.627,1,4,0.1515,0.1515,0.1589,0.1367
53.211,1,0.84,-5.74,-0.13,5,75.9,20.2,0.1807,0.0679,0.151,0.004,-0.028,0.361,-3.139,162.38,11.61,1,-2.98,1,0.717,8.24,6.51,-3.767,1,5,0.1534,0.1571,0.1534,0.1404
53.24,1,0.847,-5.24,-0.54,5,76.1,20.44,0.169,0.0571,0.156,0.0,0.059,0.355,-3.137,162.38,11.61,1,-2.98,1,0.717,8.24,6.51,-3.767,1,5,0.1591,0.1665,0.1462,0.1517
53.306,1,0.837,-5.24,-0.45,5,75.8,20.56,0.1628,0.0605,0.159,0.0,0.112,0.346,-3.134,162.66,11.61,1,-2.98,1,0.744,10.18,11.16,-3.702,1,5,0.1479,0.1701,0.1479,0.1701
53.346,1,0.84,-5.24,0.41,5,76.1,20.56,0.1508,0.0576,0.157,-0.0,0.045,0.34,-3.132,162.83,11.61,1,-2.98,1,0.716,9.69,12.82,-4.136,1,5,0.1404,0.1645,0.1478,0.1737
53.406,1,0.844,-4.74,-0.13,5,76.8,20.57,0.1627,0.0369,0.154,-0.007,0.039,0.331,-3.129,163.01,11.61,1,-2.98,1,0.746,11.63,12.64,-2.347,1,5,0.1479,0.1646,0.1294,0.1738
53.445,1,0.837,-4.24,-0.04,5,76.2,20.56,0.171,0.0446,0.154,-0.008,0.098,0.326,-3.127,163.24,11.61,1,-2.98,1,0.337,16.23,14.43,-3.443,1,4,0.1476,0.1661,0.1255,0.1753
53.477,1,0.827,-4.24,0.86,5,76.5,20.56,0.171,0.0363,0.15,-0.006,0.143,0.32,-3.125,163.64,11.61,1,-2.98,1,0.776,14.06,17.04,0.0,1,5,0.1383,0.1623,0.1254,0.1734
53.578,1,0.828,-3.24,0.54,5,76.2,20.57,0.1705,0.0151,0.15,-0.012,0.091,0.306,-3.119,164.27,11.6,1,-0.85,1,0.8,15.51,19.51,0.0,0,5,0.1437,0.1584,0.1161,0.1805
53.61,1,0.822,-3.24,1.03,5,76.7,20.56,0.1624,0.0125,0.153,-0.012,0.077,0.303,-3.118,164.32,11.6,1,-0.85,1,0.34,19.83,21.93,0.0,0,4,0.1455,0.1621,0.1197,0.1842
53.641,1,0.834,-2.75,1.55,5,77.2,20.56,0.1512,0.0023,0.154,-0.01,0.047,0.297,-3.116,164.44,11.6,1,-0.85,1,0.34,19.83,21.93,0.0,0,4,0.1435,0.1638,0.1233,0.184
53.711,1,0.844,-2.25,2.11,5,77.4,20.46,0.1616,-0.0157,0.152,-0.006,0.012,0.288,-3.114,164.78,11.6,1,-0.85,1,0.77,13.57,16.59,4.591,1,5,0.1423,0.1589,0.1349,0.1737
53.747,1,0.847,-2.5,2.37,5,77.3,20.56,0.1569,-0.0334,0.152,-0.008,0.089,0.283,-3.111,164.84,11.6,1,-0.85,1,0.784,13.57,14.33,1.454,1,5,0.1478,0.1534,0.1349,0.1718
53.806,1,0.821,-2.0,1.87,5,76.6,20.96,0.1751,-0.0407,0.151,-0.016,0.038,0.274,-3.108,165.13,11.6,1,3.01,1,0.756,12.12,13.15,3.311,1,5,0.159,0.1479,0.122,0.1738
53.84,1,0.819,-2.0,1.64,5,76.7,21.1,0.1751,-0.0337,0.148,-0.016,0.018,0.269,-3.106,165.13,11.6,1,3.01,1,0.756,12.12,13.15,3.311,1,5,0.1566,0.1437,0.1197,0.1713
53.876,1,0.815,-1.5,1.64,5,76.5,21.1,0.1751,-0.0267,0.15,-0.014,0.118,0.262,-3.104,165.36,11.6,1,3.01,1,0.756,12.12,13.15,3.311,1,5,0.1562,0.1397,0.1323,0.1728
53.911,1,0.841,-1.75,2.49,5,76.7,21.1,0.17,-0.0311,0.154,-0.011,-0.074,0.259,-3.103,165.3,11.6,1,3.01,1,0.738,5.82,3.63,-2.369,1,5,0.1582,0.1472,0.138,0.1711
53.94,1,0.851,-1.5,2.62,5,76.6,20.56,0.1769,-0.0515,0.161,-0.007,0.003,0.253,-3.101,165.36,11.6,1,3.01,1,0.738,5.82,3.63,-2.369,1,5,0.1636,0.1544,0.1525,0.1728
53.979,1,0.864,-1.25,2.63,5,76.3,20.46,0.1912,-0.0617,0.163,-0.006,-0.017,0.246,-3.099,165.3,11.59,1,6.25,1,0.325,4.81,-5.5,4.111,1,4,0.1672,0.1601,0.1547,0.1708
54.075,1,0.813,-0.25,1.54,5,75.8,20.57,0.1504,-0.0509,0.171,-0.003,-0.01,0.23,-3.095,165.3,11.59,1,6.25,1,0.774,3.88,-6.6,-7.361,1,5,0.1816,0.1557,0.1705,0.1668
54.139,1,0.816,-0.75,2.36,5,76.4,20.56,0.1692,-0.0398,0.175,0.001,-0.005,0.219,-3.092,165.13,11.59,1,6.25,1,0.351,4.21,-2.74,0.0,0,4,0.179,0.1735,0.179,0.1698
54.176,1,0.832,-0.75,2.18,5,75.8,20.56,0.1836,-0.058,0.172,-0.007,-0.008,0.213,-3.089,165.01,11.59,1,5.15,1,0.768,0.0,-2.69,0.0,0,5,0.1825,0.1622,0.1677,0.1751
54.209,1,0.822,0.0,0.83,5,75.4,20.96,0.1973,-0.0564,0.17,-0.01,0.113,0.21,-3.088,165.13,11.59,1,5.15,1,0.798,3.39,-5.07,-7.733,1,5,0.1862,0.1548,0.1641,0.1733
54.241,1,0.831,-0.25,1.72,5,75.4,20.56,0.1856,-0.0257,0.17,-0.009,-0.047,0.203,-3.086,165.07,11.59,1,5.15,1,0.798,3.39,-5.07,-7.733,1,5,0.1793,0.1553,0.1664,0.1775
54.278,1,0.838,-0.25,1.51,5,74.8,20.56,0.161,-0.0412,0.172,-0.004,-0.078,0.197,-3.085,164.95,11.59,1,5.15,1,0.822,1.45,-4.09,-7.73,1,5,0.1832,0.1628,0.1739,0.1684
54.309,1,0.825,-0.5,0.44,5,73.7,20.96,0.1372,-0.0309,0.174,-0.001,-0.06,0.193,-3.084,164.9,11.59,1,5.15,1,0.822,1.45,-4.09,-7.73,1,5,0.1833,0.1666,0.1796,0.1666
54.34,1,0.84,-0.5,0.81,5,72.9,20.56,0.144,-0.0051,0.172,-0.004,-0.071,0.187,-3.082,164.67,11.59,1,5.15,1,0.818,2.42,-6.02,0.0,0,5,0.1904,0.159,0.1775,0.1627
54.376,1,0.82,-0.5,0.18,5,72.2,20.56,0.1583,-0.015,0.171,-0.005,-0.05,0.18,-3.08,164.61,11.59,1,1.95,1,0.812,4.36,-7.63,-7.454,1,5,0.1848,0.1534,0.1792,0.1663
54.446,1,0.797,-0.5,1.33,5,71.0,19.59,0.1299,0.0009,0.167,0.0,0.002,0.17,-3.077,164.55,11.59,1,1.95,1,0.787,5.33,-0.2,-7.686,1,5,0.1701,0.159,0.1757,0.1627
54.475,1,0.785,-0.5,1.13,5,71.1,19.59,0.1174,-0.0204,0.159,0.001,-0.09,0.165,-3.076,164.44,11.59,1,1.95,1,0.787,5.33,-0.2,-7.686,1,5,0.1628,0.1591,0.161,0.1517
54.506,1,0.787,-0.5,1.37,5,71.3,19.59,0.1311,-0.0188,0.155,0.0,-0.035,0.162,-3.075,164.38,11.59,1,1.95,1,0.784,8.72,-0.82,-1.006,1,5,0.1628,0.1554,0.1554,0.148
54.539,1,0.789,0.25,1.96,5,71.2,19.27,0.1381,-0.0251,0.147,-0.005,0.03,0.156,-3.073,164.5,11.59,1,1.95,1,0.784,8.72,-0.82,-1.006,1,5,0.1592,0.1425,0.1425,0.1444
54.575,1,0.792,0.25,2.32,5,72.1,18.98,0.1523,-0.0504,0.144,-0.005,-0.038,0.151,-3.071,164.38,11.58,1,0.15,1,0.801,13.09,7.68,-0.721,1,5,0.15,0.1352,0.1445,0.1482
54.639,1,0.806,-1.25,3.73,5,72.6,19.59,0.171,-0.0633,0.137,0.003,-0.011,0.143,-3.069,164.32,11.58,1,0.15,1,0.815,11.63,6.53,-3.441,1,5,0.1352,0.1352,0.1445,0.1315
54.677,1,0.791,-1.5,3.93,5,72.8,19.59,0.171,-0.0818,0.138,0.006,-0.041,0.137,-3.068,164.27,11.58,1,0.15,1,0.363,13.22,6.65,-5.452,1,4,0.1426,0.1408,0.1463,0.1223
54.739,1,0.771,-1.5,2.71,5,72.5,20.0,0.1355,-0.0679,0.151,0.003,-0.013,0.128,-3.066,164.04,11.58,1,0.15,1,0.363,12.62,7.17,-4.675,1,4,0.1556,0.1445,0.1649,0.1408
54.776,1,0.812,0.0,2.02,5,72.9,19.97,0.1319,-0.0414,0.155,0.003,-0.083,0.122,-3.064,163.92,11.58,1,1.42,1,0.358,12.62,5.68,0.0,0,4,0.1536,0.1444,0.1703,0.1499
54.844,1,0.778,-0.75,0.77,5,72.7,20.46,0.1527,-0.0501,0.146,0.003,-0.053,0.114,-3.062,163.69,11.58,1,1.42,1,0.829,8.24,5.15,-4.996,1,5,0.1554,0.1425,0.1554,0.1314
54.872,1,0.815,-0.75,1.16,5,73.0,19.85,0.1287,-0.0079,0.143,0.0,-0.078,0.112,-3.061,163.64,11.58,1,1.42,1,0.829,8.24,5.15,-4.996,1,5,0.1589,0.1386,0.1478,0.1257
54.938,1,0.786,-0.75,0.18,5,73.5,20.04,0.1097,-0.0131,0.14,0.0,-0.009,0.101,-3.058,163.41,11.58,1,1.42,1,0.851,7.27,5.15,-6.224,1,5,0.1433,0.1286,0.1525,0.136
54.971,1,0.797,-0.75,0.03,5,72.0,20.44,0.09,0.0039,0.139,0.002,-0.06,0.098,-3.057,163.35,11.58,1,-0.66,1,0.851,7.27,5.15,-6.224,1,5,0.1361,0.1269,0.1545,0.1379
55.045,1,0.79,-1.0,-1.12,5,72.4,19.97,0.1042,0.0064,0.126,0.002,-0.043,0.089,-3.054,163.24,11.58,1,-0.66,1,0.776,12.6,5.44,-3.651,1,5,0.1334,0.1241,0.1315,0.1148
55.178,1,0.81,-1.25,0.22,5,72.1,19.59,0.1151,0.0299,0.111,0.001,0.021,0.074,-3.05,163.06,11.58,1,-2.98,1,0.745,15.51,9.72,-5.378,1,5,0.1037,0.1055,0.1185,0.1148
55.239,1,0.831,-0.75,0.5,5,73.0,20.04,0.1097,0.0081,0.11,0.002,0.027,0.067,-3.048,163.18,11.58,1,-2.98,1,0.745,15.51,9.72,-5.378,1,5,0.1,0.1167,0.1074,0.1148
55.277,1,0.826,-0.75,0.56,5,73.5,20.2,0.1097,-0.0029,0.108,0.002,0.054,0.063,-3.047,163.29,11.58,1,-2.98,1,0.81,16.96,19.15,0.0,0,5,0.1,0.1204,0.1,0.1111
55.376,1,0.806,-0.5,0.79,5,73.5,19.97,0.1446,-0.0061,0.106,-0.004,-0.005,0.053,-3.043,163.41,11.58,1,-1.03,1,0.824,18.42,18.55,0.0,0,5,0.1102,0.1102,0.101,0.1084
55.474,1,0.807,-1.0,1.76,5,73.1,20.56,0.1632,-0.0157,0.116,0.003,0.004,0.042,-3.041,163.41,11.58,1,-1.03,1,0.826,14.54,10.29,-1.967,1,5,0.1067,0.1174,0.1085,0.1138
55.508,1,0.799,-1.25,1.94,5,73.0,20.56,0.177,-0.0365,0.12,0.005,-0.013,0.04,-3.04,163.41,11.58,1,-1.03,1,0.82,13.57,11.36,-3.414,1,5,0.1144,0.1287,0.1215,0.1162
55.576,1,0.853,-0.25,1.35,5,73.5,20.46,0.1681,-0.0371,0.144,0.001,-0.028,0.028,-3.037,163.24,11.57,1,3.18,1,0.822,8.72,1.49,-7.252,1,5,0.1497,0.1423,0.1478,0.1367
55.638,1,0.848,-0.25,0.69,5,72.8,20.04,0.1321,-0.0276,0.158,0.002,-0.026,0.019,-3.034,163.18,11.57,1,3.18,1,0.795,7.27,2.15,-6.208,1,5,0.1554,0.1517,0.1684,0.1573
55.674,1,0.838,0.0,0.68,5,71.6,20.0,0.108,-0.0108,0.155,0.004,-0.005,0.013,-3.033,163.12,11.57,1,3.18,1,0.828,6.3,-6.98,-5.418,1,5,0.1499,0.1554,0.1628,0.1517
55.744,1,0.797,0.0,0.08,5,70.8,20.04,0.0969,-0.0128,0.144,0.004,-0.003,0.005,-3.03,163.12,11.57,1,3.18,1,0.838,6.3,-7.36,-5.764,1,5,0.1499,0.1499,0.1462,0.1296
55.77,1,0.833,0.0,0.58,5,71.7,20.56,0.0975,-0.0021,0.144,0.004,-0.003,0.005,-3.03,163.12,11.57,1,0.7,1,0.838,6.3,-7.36,-5.764,1,5,0.1499,0.1499,0.1462,0.1296
55.842,1,0.834,0.25,0.34,5,72.8,20.04,0.09,-0.0104,0.119,-0.0,-0.02,-0.006,-3.027,163.01,11.57,1,0.7,1,0.81,11.15,2.83,-5.806,1,5,0.1129,0.1073,0.1314,0.1258
55.874,1,0.839,0.25,0.44,5,73.0,20.46,0.0961,-0.0091,0.11,0.001,-0.025,-0.01,-3.026,162.95,11.57,1,0.7,1,0.836,11.15,0.89,-2.623,1,5,0.1073,0.1055,0.124,0.124
55.944,1,0.842,0.25,0.13,5,73.1,20.46,0.0912,-0.0104,0.099,0.0,0.002,-0.016,-3.024,162.89,11.57,1,0.7,1,0.834,14.06,9.37,-5.235,1,5,0.1054,0.1091,0.0906,0.0924
55.97,1,0.845,0.0,0.44,5,74.2,20.44,0.1051,-0.0048,0.099,0.0,0.002,-0.016,-3.024,162.89,11.54,1,-2.09,1,0.834,14.06,9.37,-5.235,1,5,0.1054,0.1091,0.0906,0.0924
56.076,1,0.853,0.0,0.26,5,74.9,20.2,0.1403,-0.0095,0.092,-0.002,0.062,-0.028,-3.02,162.95,11.54,1,-2.09,1,0.791,16.96,9.95,-5.305,1,5,0.0887,0.0832,0.0961,0.0998
56.11,1,0.856,0.25,0.44,5,75.0,20.46,0.1166,-0.0047,0.092,-0.004,0.028,-0.03,-3.019,163.01,11.54,1,-2.09,1,0.835,18.9,16.96,-2.207,1,5,0.0886,0.0849,0.0923,0.1034
56.176,1,0.854,0.25,0.93,5,75.3,20.46,0.1377,-0.0123,0.102,-0.003,0.012,-0.036,-3.017,163.06,11.54,1,-2.43,1,0.851,19.39,17.56,0.0,0,5,0.0997,0.1053,0.0923,0.109
56.243,1,0.868,0.25,0.45,5,75.1,20.46,0.1586,-0.0251,0.109,-0.002,0.028,-0.045,-3.015,163.06,11.54,1,-2.43,1,0.851,18.9,16.92,-2.231,1,5,0.113,0.1111,0.1037,0.1093
56.276,1,0.865,0.25,0.64,5,75.2,20.46,0.1727,-0.014,0.119,0.0,-0.031,-0.049,-3.013,163.01,11.54,1,-2.43,1,0.846,18.9,17.95,0.0,0,5,0.1221,0.1203,0.1184,0.1147
56.41,1,0.865,0.25,0.46,5,75.6,20.0,0.161,-0.0181,0.157,-0.003,-0.012,-0.067,-3.008,162.95,11.54,1,0.93,1,0.831,14.06,9.83,-3.374,1,5,0.1573,0.1554,0.1536,0.1628
56.443,1,0.866,0.25,0.36,5,75.3,20.0,0.1676,-0.0139,0.168,-0.001,0.077,-0.074,-3.006,163.06,11.54,1,0.93,1,0.821,12.12,5.51,-1.428,1,5,0.1754,0.1699,0.1644,0.1625
56.474,1,0.861,0.25,0.94,5,74.9,20.0,0.1817,-0.0119,0.17,-0.0,-0.026,-0.077,-3.005,163.01,11.54,1,0.93,1,0.833,12.12,2.09,-4.443,1,5,0.1791,0.1736,0.1662,0.1625
56.542,1,0.857,0.5,0.41,5,74.8,20.0,0.146,-0.0235,0.177,-0.0,-0.008,-0.091,-3.0,163.01,11.54,1,0.93,1,0.85,11.15,1.34,-5.447,1,5,0.1774,0.1774,0.1755,0.1774
56.573,1,0.825,0.25,0.47,5,75.6,20.04,0.1216,-0.0131,0.177,-0.0,-0.008,-0.091,-3.0,163.01,11.53,1,1.63,1,0.847,11.15,1.39,-2.212,1,5,0.1774,0.1774,0.1755,0.1774
56.674,1,0.82,-0.75,0.85,5,76.1,20.04,0.0995,-0.0103,0.172,-0.011,-0.061,-0.11,-2.993,162.89,11.53,1,1.63,1,0.853,10.18,1.14,-4.891,1,5,0.1812,0.1553,0.1683,0.1849
56.775,1,0.85,-2.75,0.41,5,76.3,20.04,0.105,-0.0067,0.155,-0.011,-0.039,-0.122,-2.989,162.61,11.53,1,1.63,1,0.857,7.27,-1.01,-3.815,1,5,0.1725,0.1432,0.145,0.1579
56.875,1,0.839,-4.24,0.33,5,75.4,20.2,0.104,0.0209,0.131,-0.011,0.005,-0.14,-2.981,162.38,11.53,1,-0.16,1,0.858,6.3,-2.22,-3.829,1,5,0.1507,0.1071,0.138,0.1453
56.975,1,0.825,-4.74,0.22,5,75.1,20.2,0.1392,0.0342,0.118,-0.006,0.082,-0.149,-2.978,162.43,11.54,1,-3.06,1,0.813,12.12,7.6,-1.991,1,5,0.1286,0.1158,0.1121,0.1286
57.075,1,0.845,-4.24,0.26,5,74.6,20.2,0.1742,0.0388,0.113,-0.003,0.053,-0.159,-2.974,162.83,11.54,1,-3.06,1,0.869,14.06,15.73,0.504,1,5,0.1017,0.1183,0.1017,0.1313
57.171,1,0.851,-2.75,0.36,5,74.4,20.46,0.185,0.031,0.134,-0.0,0.045,-0.17,-2.971,163.06,11.54,1,-1.82,1,0.857,15.03,15.76,-2.943,1,5,0.1275,0.1423,0.1257,0.1423
57.275,1,0.843,-2.25,0.48,5,73.7,20.04,0.1781,0.0129,0.166,0.001,0.056,-0.189,-2.966,163.29,11.54,1,-1.82,1,0.855,15.03,19.13,0.0,0,5,0.159,0.1683,0.1609,0.1664
57.341,1,0.825,-2.25,0.76,5,73.8,20.2,0.1805,0.0051,0.172,0.002,-0.015,-0.199,-2.963,163.12,11.54,1,-1.82,1,0.868,11.15,7.37,-4.48,1,5,0.1703,0.1759,0.1722,0.1703
57.37,1,0.831,-2.25,0.76,5,74.2,20.2,0.1566,0.0005,0.174,0.002,-0.034,-0.203,-2.962,163.12,11.54,1,0.93,1,0.868,11.15,7.37,-4.48,1,5,0.1723,0.176,0.176,0.1704
57.441,1,0.825,-1.75,0.5,5,74.3,20.44,0.1589,0.001,0.171,0.0,0.015,-0.216,-2.958,163.18,11.54,1,0.93,1,0.849,9.21,6.09,-0.924,1,5,0.1722,0.1666,0.1759,0.1685
57.473,1,0.819,-1.25,0.62,5,74.3,20.44,0.1677,0.0012,0.169,0.0,0.053,-0.219,-2.957,163.24,11.54,1,0.93,1,0.871,9.69,-0.02,-4.931,1,5,0.1685,0.1648,0.174,0.1685
57.542,1,0.836,-1.25,0.34,5,74.4,20.2,0.1473,-0.005,0.161,0.001,0.082,-0.231,-2.953,163.12,11.54,1,0.93,1,0.864,9.21,0.07,-3.309,1,5,0.1589,0.1645,0.1608,0.1608
57.576,1,0.853,-1.25,0.63,5,74.9,20.44,0.1615,0.0015,0.158,0.003,0.034,-0.237,-2.952,163.18,11.53,1,1.5,1,0.865,10.18,1.65,-2.698,1,5,0.1552,0.1626,0.1608,0.1552
57.639,1,0.857,-0.75,0.85,5,74.4,20.46,0.161,-0.0051,0.151,0.004,-0.032,-0.246,-2.949,163.24,11.53,1,1.5,1,0.876,10.18,1.59,-5.908,1,5,0.1441,0.1552,0.1552,0.1497
57.674,1,0.847,-0.75,0.46,5,74.5,20.46,0.136,-0.0132,0.152,0.003,-0.09,-0.249,-2.948,163.18,11.53,1,1.5,1,0.869,10.18,1.26,-3.291,1,5,0.1478,0.1589,0.1515,0.1515
57.707,1,0.869,-0.75,0.48,5,75.4,20.44,0.1495,-0.0052,0.154,0.001,-0.035,-0.255,-2.946,163.06,11.53,1,1.5,1,0.864,10.18,0.24,-5.52,1,5,0.1588,0.1588,0.1514,0.1459
57.77,1,0.869,-0.75,0.48,5,74.3,20.46,0.1443,-0.0047,0.148,0.001,-0.026,-0.263,-2.944,163.12,11.53,1,0.3,1,0.873,10.66,2.93,-4.286,1,5,0.1536,0.1443,0.1554,0.1406
57.842,1,0.869,-1.0,0.32,5,73.8,20.57,0.1584,-0.0052,0.143,0.0,-0.066,-0.274,-2.941,163.01,11.53,1,0.3,1,0.866,10.18,2.7,-3.742,1,5,0.1389,0.1389,0.1463,0.1463
57.869,1,0.876,-0.75,0.2,5,74.0,20.46,0.1615,0.0015,0.142,-0.001,-0.04,-0.277,-2.94,162.95,11.53,1,0.3,1,0.866,10.18,2.7,-3.742,1,5,0.1406,0.1388,0.1425,0.1443
57.907,1,0.877,-0.75,0.2,5,73.9,20.46,0.1615,0.0014,0.139,0.0,-0.016,-0.282,-2.938,162.89,11.53,1,0.3,1,0.863,10.18,1.23,-4.918,1,5,0.1408,0.1408,0.1389,0.1371
57.971,1,0.863,-0.25,0.33,5,73.5,20.46,0.1633,0.0015,0.144,0.006,-0.014,-0.291,-2.936,162.95,11.56,1,-1.32,1,0.826,13.57,3.87,-3.597,1,5,0.139,0.1501,0.1501,0.1353
58.074,1,0.861,0.25,0.26,5,74.1,20.2,0.1564,-0.0064,0.154,0.001,-0.014,-0.308,-2.931,162.95,11.56,1,-1.32,1,0.875,14.06,8.96,-3.91,1,5,0.1573,0.161,0.148,0.148
58.14,1,0.86,0.25,0.38,5,73.9,20.04,0.1704,-0.0105,0.163,0.004,-0.059,-0.318,-2.928,162.89,11.56,1,-1.32,1,0.879,14.06,8.92,-3.922,1,5,0.1553,0.1627,0.172,0.1627
58.206,1,0.863,0.25,0.09,5,74.2,20.46,0.1696,-0.0127,0.164,0.008,0.04,-0.328,-2.926,162.89,11.56,1,-1.63,1,0.884,14.06,8.57,-1.518,1,5,0.1534,0.17,0.1737,0.1571
58.268,1,0.883,0.5,0.13,5,74.0,19.97,0.1905,-0.0052,0.164,0.003,-0.025,-0.337,-2.923,162.83,11.56,1,-1.63,1,0.884,14.54,8.09,-0.435,1,5,0.1702,0.1702,0.1647,0.1517
58.305,1,0.839,0.5,0.17,5,73.9,19.97,0.2044,-0.0093,0.166,0.002,0.021,-0.344,-2.921,162.83,11.56,1,-1.63,1,0.884,14.54,8.09,-0.435,1,5,0.1666,0.1666,0.1703,0.1611
58.37,1,0.88,0.25,0.06,5,74.6,20.46,0.1685,-0.0093,0.172,0.004,0.035,-0.354,-2.919,162.83,11.56,1,-0.35,1,0.886,14.06,8.57,-1.521,1,5,0.1647,0.1758,0.1758,0.1702
58.468,1,0.882,0.25,0.44,5,75.4,20.0,0.1665,-0.0036,0.187,0.0,0.028,-0.372,-2.913,162.72,11.56,1,-0.35,1,0.887,14.06,7.57,-3.584,1,5,0.187,0.187,0.1888,0.187
58.539,1,0.869,0.25,-0.25,5,74.9,20.0,0.1423,-0.012,0.182,0.0,-0.021,-0.386,-2.909,162.72,11.56,1,-0.35,1,0.892,14.06,6.15,-4.694,1,5,0.1833,0.1851,0.1796,0.1796
58.571,1,0.851,0.25,0.07,5,74.8,20.2,0.1314,0.0029,0.179,-0.0,-0.012,-0.389,-2.907,162.72,11.56,1,-0.35,1,0.892,14.06,6.15,-4.694,1,5,0.1815,0.1815,0.176,0.1778
58.641,1,0.869,0.25,-0.01,5,74.7,20.2,0.1455,-0.0038,0.167,-0.003,-0.025,-0.402,-2.903,162.72,11.58,1,0.47,1,0.883,14.06,6.16,-4.688,1,5,0.1623,0.155,0.1732,0.1769
58.669,1,0.864,-0.25,0.21,5,73.8,20.46,0.1316,-0.0019,0.163,-0.002,-0.019,-0.405,-2.902,162.66,11.58,1,0.47,1,0.883,14.06,6.16,-4.688,1,5,0.1591,0.1537,0.1682,0.17
58.706,1,0.859,-0.25,-0.29,5,73.6,20.0,0.1316,-0.0008,0.158,-0.001,-0.026,-0.411,-2.9,162.66,11.58,1,0.47,1,0.891,13.09,5.35,-5.666,1,5,0.1599,0.1563,0.1581,0.1581
58.775,1,0.854,-0.75,0.12,5,73.9,20.0,0.1296,0.0089,0.153,-0.003,-0.036,-0.42,-2.897,162.66,11.58,1,0.47,1,0.893,13.09,6.37,-3.629,1,5,0.161,0.148,0.1517,0.1517
58.8,1,0.844,-0.75,-0.1,5,73.4,20.2,0.1363,0.0064,0.146,-0.004,-0.036,-0.425,-2.896,162.55,11.58,1,-0.7,1,0.893,13.09,6.37,-3.629,1,5,0.1454,0.1362,0.1473,0.1547
58.875,1,0.866,-1.75,-0.06,5,74.5,20.0,0.1261,0.0098,0.136,-0.001,0.027,-0.435,-2.892,162.55,11.58,1,-0.7,1,0.901,11.63,3.57,-5.795,1,5,0.1423,0.1423,0.1275,0.1312
58.907,1,0.86,-1.5,-0.37,5,74.5,19.97,0.1022,0.0201,0.134,0.0,-0.031,-0.438,-2.892,162.55,11.58,1,-0.7,1,0.905,11.63,4.6,-6.673,1,5,0.1423,0.1404,0.1275,0.1257
59.004,1,0.858,-1.25,-0.3,5,75.2,20.44,0.1114,0.0211,0.123,-0.002,0.028,-0.45,-2.888,162.55,11.6,1,-2.13,1,0.905,11.63,4.24,-4.342,1,5,0.1165,0.1092,0.1329,0.1347
59.068,1,0.847,-1.25,-0.2,5,75.0,20.46,0.1016,0.0163,0.113,-0.0,0.016,-0.456,-2.886,162.61,11.6,1,-2.13,1,0.916,12.12,4.17,-5.732,1,5,0.1148,0.1167,0.1093,0.113
59.105,1,0.846,-1.5,0.01,5,74.8,20.04,0.0985,0.0146,0.11,0.003,-0.006,-0.46,-2.885,162.49,11.6,1,-2.13,1,0.905,12.12,3.75,-4.817,1,5,0.1148,0.126,0.1,0.1
59.206,1,0.861,-1.25,-0.61,5,74.7,20.0,0.09,0.0136,0.102,0.002,0.011,-0.47,-2.882,162.55,11.6,1,-2.84,1,0.916,15.99,11.37,-2.397,1,5,0.0943,0.098,0.1109,0.1054
59.239,1,0.853,-1.25,-0.35,5,74.5,20.2,0.0968,0.0213,0.098,0.003,0.034,-0.474,-2.881,162.49,11.6,1,-2.84,1,0.924,15.99,11.35,-3.764,1,5,0.087,0.0944,0.1073,0.1036
59.268,1,0.852,-1.0,-0.57,5,74.3,20.2,0.111,0.0171,0.095,0.003,0.042,-0.476,-2.88,162.55,11.6,1,-2.84,1,0.924,15.99,11.35,-3.764,1,5,0.0832,0.0924,0.1035,0.0998
59.304,1,0.854,-0.75,-0.5,5,74.0,20.0,0.1177,0.0184,0.091,0.003,-0.04,-0.479,-2.879,162.55,11.6,1,-2.84,1,0.924,15.99,11.35,-3.764,1,5,0.0851,0.0961,0.0924,0.0906
59.37,1,0.84,-1.25,-0.31,5,72.7,20.46,0.1458,0.017,0.092,0.002,0.032,-0.484,-2.877,162.55,11.6,1,-3.9,1,0.918,15.99,11.35,-2.409,1,5,0.0979,0.1053,0.0832,0.0832
59.405,1,0.844,-0.75,-0.49,5,73.0,20.0,0.1597,0.0196,0.098,0.001,0.015,-0.488,-2.876,162.61,11.6,1,-3.9,1,0.915,16.48,11.62,-4.318,1,5,0.0998,0.1054,0.0924,0.0924
59.438,1,0.847,-0.75,-0.1,5,73.2,20.2,0.1474,0.0168,0.106,-0.0,0.021,-0.493,-2.875,162.61,11.6,1,-3.9,1,0.91,16.48,10.94,-4.352,1,5,0.1018,0.1073,0.1036,0.111
59.468,1,0.845,-0.75,-0.19,5,73.3,20.46,0.1422,0.0083,0.111,0.002,0.005,-0.495,-2.874,162.61,11.6,1,-3.9,1,0.91,16.48,10.94,-4.352,1,5,0.1032,0.1142,0.1124,0.1161
59.506,1,0.83,-0.75,0.32,5,73.3,20.46,0.1301,0.0101,0.122,-0.001,0.028,-0.5,-2.873,162.66,11.6,1,-3.9,1,0.911,16.48,10.62,-6.119,1,5,0.1174,0.1247,0.1174,0.1284
59.569,1,0.824,-0.75,0.26,5,73.0,20.46,0.1318,-0.0002,0.128,0.002,0.061,-0.508,-2.871,162.66,11.6,1,-2.37,1,0.904,16.96,11.15,-3.427,1,5,0.1234,0.1344,0.127,0.1289
59.605,1,0.829,-0.75,-0.1,5,73.1,20.0,0.1266,0.0014,0.126,0.002,-0.045,-0.512,-2.869,162.61,11.59,1,-2.37,1,0.894,16.48,10.91,-5.571,1,5,0.1265,0.1338,0.1228,0.121
59.667,1,0.814,-0.75,-0.61,5,73.3,20.2,0.1286,0.0088,0.125,0.0,0.007,-0.52,-2.867,162.55,11.59,1,-2.37,1,0.885,15.51,9.43,-3.509,1,5,0.1294,0.1276,0.1239,0.1203
59.705,1,0.841,-0.75,-0.58,5,73.7,20.56,0.1351,0.0195,0.124,0.002,-0.008,-0.525,-2.866,162.55,11.59,1,-2.37,1,0.886,15.51,8.04,-3.181,1,5,0.1193,0.1193,0.134,0.1248
59.766,1,0.841,-0.25,-0.83,5,73.6,20.44,0.1258,0.0183,0.125,0.004,0.02,-0.529,-2.864,162.61,11.59,1,-2.37,1,0.878,15.51,8.22,-6.003,1,5,0.1137,0.1229,0.1339,0.1284
59.806,1,0.829,-0.25,-0.1,5,73.6,20.2,0.1209,0.0168,0.126,0.002,0.028,-0.537,-2.862,162.66,11.59,1,-2.78,1,0.868,15.99,8.65,-4.614,1,5,0.1237,0.1367,0.12,0.1256
59.867,1,0.818,0.0,0.41,5,73.7,20.44,0.1341,0.0036,0.128,-0.0,0.027,-0.542,-2.86,162.72,11.59,1,-2.78,1,0.864,15.99,8.63,-4.609,1,5,0.133,0.1385,0.1163,0.1237
59.905,1,0.833,-0.25,0.64,5,74.5,20.46,0.1341,-0.0101,0.13,-0.0,0.036,-0.549,-2.858,162.83,11.59,1,-2.78,1,0.864,15.99,8.63,-4.609,1,5,0.1276,0.1331,0.1257,0.1331
59.934,1,0.836,0.25,0.09,5,74.4,20.46,0.1412,-0.0118,0.13,0.001,0.008,-0.552,-2.857,162.83,11.59,1,-2.78,1,0.856,15.99,10.04,-3.482,1,5,0.1276,0.1331,0.1257,0.1331
59.97,1,0.841,0.0,0.32,5,73.9,20.44,0.1552,-0.0057,0.131,0.003,-0.006,-0.554,-2.857,162.83,11.59,1,-2.78,1,0.856,15.99,10.04,-3.482,1,5,0.1184,0.1332,0.1351,0.1388
60.041,1,0.807,0.0,0.06,5,73.5,20.44,0.1432,-0.0073,0.137,0.001,0.022,-0.565,-2.853,162.89,11.6,1,-2.05,1,0.811,16.48,9.81,-2.397,1,5,0.1313,0.1424,0.135,0.1405
60.066,1,0.812,0.0,0.19,5,74.2,20.56,0.157,-0.0016,0.141,0.0,0.003,-0.568,-2.852,162.89,11.6,1,-2.05,1,0.811,16.48,9.81,-2.397,1,5,0.1405,0.1442,0.1368,0.1405
60.103,1,0.826,0.0,0.13,5,74.5,20.44,0.1454,-0.0044,0.147,0.0,0.038,-0.574,-2.851,162.95,11.6,1,-2.05,1,0.759,16.48,12.97,0.0,0,5,0.1491,0.1473,0.1473,0.1454
60.206,1,0.832,-0.5,0.31,5,74.4,20.56,0.1618,-0.0033,0.15,0.002,-0.017,-0.588,-2.847,162.83,11.6,1,-1.71,1,0.731,15.51,19.6,0.0,0,5,0.1479,0.1553,0.1498,0.1479
60.239,1,0.835,-0.75,-0.13,5,74.6,20.2,0.1618,-0.0014,0.15,-0.0,-0.043,-0.594,-2.845,162.78,11.6,1,-1.71,1,0.747,15.03,21.45,0.0,0,5,0.1553,0.1553,0.1442,0.1461
60.267,1,0.827,-0.75,-0.51,5,74.6,20.2,0.1507,0.0115,0.152,-0.0,-0.013,-0.597,-2.844,162.72,11.6,1,-1.71,1,0.747,15.03,21.45,0.0,0,5,0.1572,0.1553,0.1479,0.1479
60.299,1,0.836,-0.75,-0.3,5,74.4,20.44,0.1507,0.0201,0.161,0.0,0.027,-0.604,-2.842,162.78,11.6,1,-1.71,1,0.747,15.03,21.45,0.0,0,5,0.1592,0.1574,0.1648,0.1611
60.339,1,0.816,-0.75,-0.82,5,74.6,20.46,0.1507,0.0146,0.164,0.004,0.04,-0.61,-2.84,162.78,11.6,1,-1.71,1,0.712,11.15,20.02,0.0,0,5,0.1536,0.1628,0.1721,0.1665
60.368,1,0.821,-0.75,-0.81,5,74.9,20.46,0.1593,0.0273,0.163,0.002,0.026,-0.613,-2.839,162.83,11.6,1,-1.71,1,0.712,11.15,20.02,0.0,0,5,0.1555,0.1648,0.1648,0.1666
60.403,1,0.821,-0.75,-0.8,5,74.8,20.46,0.1593,0.0269,0.159,-0.002,-0.028,-0.619,-2.837,162.83,11.6,1,1.31,1,0.712,11.15,20.02,0.0,0,5,0.159,0.1646,0.1479,0.1627
60.468,1,0.838,-0.75,-0.42,5,75.4,20.0,0.1109,0.0212,0.156,-0.003,0.074,-0.628,-2.834,162.95,11.6,1,1.31,1,0.659,8.24,41.18,0.0,0,5,0.1556,0.1574,0.1482,0.161
60.504,1,0.816,-0.75,-0.77,5,75.9,20.44,0.0993,0.0142,0.158,0.001,-0.0,-0.633,-2.833,163.01,11.6,1,1.31,1,0.631,7.76,51.05,0.0,0,5,0.1494,0.1619,0.1565,0.1636
60.568,1,0.867,-1.25,-0.87,5,75.6,20.0,0.09,0.0202,0.152,0.001,-0.004,-0.641,-2.83,163.06,11.6,1,1.31,1,0.632,4.85,59.82,0.0,0,5,0.1404,0.1582,0.1475,0.16
60.603,1,0.869,-1.25,-0.78,5,75.1,20.0,0.09,0.0282,0.144,-0.006,0.064,-0.647,-2.828,163.12,11.62,1,6.07,1,0.618,0.0,64.57,0.0,0,5,0.1447,0.1428,0.1337,0.1556
60.639,1,0.889,-1.25,-0.69,5,75.3,20.0,0.09,0.0259,0.138,-0.009,0.012,-0.652,-2.826,163.24,11.62,1,6.07,1,0.575,-3.39,67.46,0.0,0,5,0.1459,0.1293,0.1293,0.1477
60.667,1,0.857,-1.75,-0.16,5,74.8,20.46,0.09,0.024,0.136,-0.01,-0.039,-0.654,-2.825,163.18,11.62,1,6.07,1,0.575,-3.39,67.46,0.0,0,5,0.144,0.1255,0.1273,0.1476
60.703,1,0.843,-2.5,-0.57,5,74.4,20.0,0.09,0.0209,0.128,-0.006,-0.027,-0.659,-2.824,163.12,11.62,1,6.07,1,0.54,-8.72,69.41,0.0,0,5,0.1305,0.1213,0.1213,0.1378
60.739,1,0.861,-2.99,-0.53,5,74.1,20.0,0.09,0.036,0.117,-0.003,-0.035,-0.663,-2.822,163.12,11.62,1,6.07,1,0.537,-11.15,70.75,0.0,0,5,0.1192,0.1173,0.11,0.121
60.803,1,0.86,-3.74,-1.41,5,74.2,20.0,0.09,0.0392,0.105,-0.009,-0.0,-0.669,-2.82,162.95,11.62,1,14.11,1,0.531,-19.39,71.71,0.0,0,5,0.12,0.0979,0.0942,0.1071
60.9,1,0.861,-3.99,-1.22,5,74.0,20.44,0.09,0.0603,0.093,-0.002,-0.007,-0.678,-2.817,163.12,11.62,1,14.11,1,0.558,-24.72,72.61,0.0,0,5,0.0888,0.0851,0.0962,0.1018
60.938,1,0.855,-3.74,-1.28,5,72.9,20.44,0.09,0.0592,0.09,-0.001,0.076,-0.681,-2.816,163.24,11.62,1,14.11,1,0.566,-28.11,72.04,0.0,0,5,0.0832,0.0887,0.0887,0.0998
60.969,1,0.854,-3.49,-1.21,5,72.9,19.97,0.09,0.0566,0.09,-0.0,0.08,-0.683,-2.815,163.35,11.62,1,14.11,1,0.566,-28.11,72.04,0.0,0,5,0.0814,0.0961,0.0832,0.098
61.0,1,0.829,-3.49,-1.03,5,73.4,19.97,0.09,0.0521,0.087,0.001,0.048,-0.686,-2.814,163.35,11.62,1,20.38,1,0.566,-28.11,72.04,0.0,0,5,0.0788,0.1008,0.077,0.0934
61.041,1,0.818,-3.24,-0.89,5,73.2,20.46,0.09,0.0492,0.083,0.001,0.007,-0.689,-2.813,163.41,11.62,1,20.38,1,0.55,-34.9,70.62,0.0,0,5,0.077,0.0953,0.0733,0.088
61.073,1,0.78,-2.99,-1.02,5,72.3,20.44,0.09,0.044,0.081,0.001,0.006,-0.691,-2.813,163.46,11.62,1,20.38,1,0.597,-38.29,71.14,0.0,0,5,0.0751,0.0898,0.0733,0.0843
61.105,1,0.784,-3.24,-0.81,5,71.8,20.46,0.09,0.0432,0.077,0.0,-0.023,-0.694,-2.812,163.41,11.62,1,20.38,1,0.551,-41.2,70.21,0.0,0,5,0.0759,0.0796,0.074,0.0777
61.138,1,0.812,-3.24,-0.81,5,71.4,20.46,0.09,0.0432,0.074,0.0,0.005,-0.696,-2.811,163.35,11.62,1,20.38,1,0.558,-42.65,69.61,0.0,0,5,0.074,0.0777,0.0722,0.074
61.238,1,0.785,-2.75,-0.65,5,72.6,20.46,0.09,0.0433,0.076,0.002,0.067,-0.704,-2.809,163.58,11.62,1,26.36,1,0.581,-36.84,68.79,0.0,0,5,0.0666,0.0796,0.0778,0.0815
61.304,1,0.831,-2.25,-1.25,5,72.9,20.46,0.09,0.0348,0.076,0.004,0.013,-0.708,-2.808,163.69,11.62,1,26.36,1,0.581,-36.84,68.79,0.0,0,5,0.0629,0.0889,0.0703,0.0815
61.403,1,0.789,-2.0,-0.99,5,73.0,20.0,0.09,0.0408,0.072,0.002,0.023,-0.715,-2.806,163.92,11.62,1,30.5,1,0.589,-30.54,66.87,0.0,0,5,0.0661,0.0845,0.0643,0.0735
61.438,1,0.776,-1.75,-0.19,5,73.2,20.46,0.09,0.0338,0.072,-0.001,-0.002,-0.718,-2.805,163.98,11.62,1,30.5,1,0.584,-25.2,67.07,0.0,0,5,0.0664,0.0757,0.0664,0.0812
61.471,1,0.764,-1.75,0.34,5,73.5,20.57,0.09,0.0173,0.075,-0.001,0.032,-0.72,-2.805,163.98,11.62,1,30.5,1,0.585,-25.2,65.96,0.0,0,5,0.0683,0.0776,0.0702,0.0831
61.499,1,0.756,-1.5,-0.05,5,74.3,21.1,0.09,0.0084,0.074,-0.002,0.037,-0.722,-2.804,164.04,11.62,1,30.5,1,0.585,-25.2,65.96,0.0,0,5,0.072,0.0775,0.0664,0.0812
61.536,1,0.721,-1.25,-0.25,5,74.6,20.57,0.09,0.0129,0.074,-0.002,0.033,-0.725,-2.803,164.15,11.62,1,30.5,1,0.585,-25.2,65.96,0.0,0,5,0.0739,0.0795,0.0647,0.0795
61.599,1,0.626,-0.75,-1.43,4,74.5,20.52,0.09,0.0142,0.076,-0.0,0.064,-0.73,-2.802,164.32,11.62,1,36.28,1,0.624,-20.36,64.09,0.0,0,5,0.0685,0.0796,0.0722,0.0851
61.637,1,0.609,-0.75,0.17,4,73.4,21.38,0.09,0.0294,0.076,0.001,0.06,-0.733,-2.801,164.44,11.62,1,36.28,1,0.632,-17.93,62.91,0.0,0,5,0.0685,0.0852,0.0703,0.0815
61.699,1,0.529,-0.5,1.2,4,72.7,22.22,0.09,0.0026,0.074,0.0,0.019,-0.737,-2.8,164.5,11.62,1,36.28,1,0.664,-16.96,62.1,0.0,0,5,0.0721,0.0813,0.0684,0.0758
61.737,1,0.503,-0.5,1.16,4,72.4,21.65,0.09,-0.0179,0.075,0.002,-0.015,-0.74,-2.799,164.5,11.62,1,36.28,1,0.662,-13.57,61.28,0.0,0,5,0.072,0.0776,0.0757,0.0739
61.798,1,0.459,-0.5,-0.68,3,73.8,23.73,0.09,-0.0165,0.075,0.002,-0.026,-0.744,-2.798,164.38,11.62,1,41.97,1,0.689,-13.09,60.29,0.0,0,5,0.0717,0.0753,0.079,0.0753
61.836,1,0.407,-0.5,2.59,3,73.8,26.9,0.09,0.016,0.076,0.0,0.019,-0.747,-2.797,164.38,11.62,1,41.97,1,0.706,-14.54,54.81,0.0,0,5,0.0698,0.0735,0.079,0.0772
61.907,1,0.316,-0.5,4.37,3,73.7,26.9,0.09,-0.041,0.077,-0.002,0.014,-0.752,-2.796,164.44,11.62,1,41.97,1,0.794,-9.69,54.26,0.0,0,5,0.0777,0.0777,0.0722,0.0796
61.936,1,0.318,-1.25,11.68,3,74.4,27.42,0.09,-0.072,0.078,-0.002,0.021,-0.755,-2.795,164.44,11.62,1,41.97,1,0.785,-7.76,54.31,0.0,0,5,0.0797,0.0815,0.0704,0.0815
61.972,1,0.259,-1.5,0.0,2,75.4,27.3,0.09,-0.1906,0.079,-0.0,0.051,-0.756,-2.795,164.5,11.62,1,41.97,1,0.802,-6.79,53.09,0.0,0,5,0.0779,0.0835,0.0742,0.0816
61.999,1,0.241,-1.5,0.0,2,75.5,29.15,0.09,-0.0719,0.081,0.003,0.017,-0.76,-2.794,164.5,11.62,1,45.0,1,0.802,-6.79,53.09,0.0,0,5,0.0803,0.0857,0.0821,0.0768
62.036,1,0.165,-1.75,0.0,1,76.6,23.46,0.09,0.0151,0.083,0.004,-0.069,-0.763,-2.793,164.38,11.62,1,45.0,1,0.829,-1.45,52.98,0.0,0,5,0.0856,0.0821,0.091,0.0714
62.101,1,0.123,0.25,0.0,1,74.0,29.45,0.09,0.0171,0.085,0.002,-0.037,-0.768,-2.792,164.21,11.62,1,45.0,1,0.835,0.48,53.04,0.0,0,5,0.0907,0.0777,0.0962,0.0759
62.135,1,0.092,2.25,0.0,1,70.9,33.44,0.0655,0.0171,0.086,0.001,-0.036,-0.77,-2.791,164.15,11.62,1,45.0,1,0.829,5.33,52.61,0.0,0,5,0.0869,0.0777,0.0961,0.0814
62.203,1,0.049,8.98,0.0,1,63.0,38.93,0.045,0.0171,0.081,-0.003,-0.002,-0.776,-2.789,164.21,11.62,1,44.11,1,0.837,11.15,53.69,0.0,0,5,0.0833,0.0814,0.0759,0.0851
62.27,1,0.043,16.47,0.0,1,59.4,37.93,0.045,0.0171,0.074,-0.005,0.021,-0.78,-2.788,164.21,11.62,1,44.11,1,0.817,16.96,54.79,0.0,0,5,0.0778,0.0796,0.0592,0.0796
62.302,1,0.022,31.91,0.0,1,57.9,20.57,0.045,0.0171,0.068,-0.002,0.085,-0.783,-2.787,164.38,11.62,1,44.11,1,0.805,19.87,55.61,0.0,0,5,0.0666,0.074,0.0592,0.074
62.335,1,0.033,33.49,0.0,1,58.8,17.4,0.0207,-0.2262,0.066,-0.001,0.065,-0.784,-2.787,164.44,11.62,1,44.11,1,0.784,22.3,55.96,0.0,0,5,0.0611,0.0685,0.0611,0.0722
62.398,0,0.0,0.0,0.0,0,59.8,0.0,0.0,-0.5828,0.043,0.0,-0.045,-0.787,-2.786,164.44,11.62,1,41.23,1,0.784,24.72,56.09,0.0,0,5,0.0477,0.0404,0.0459,0.0385
62.435,1,0.045,28.7,0.0,1,59.8,22.46,0.0,-0.6,0.026,0.0,-0.286,-0.787,-2.786,163.87,11.62,1,41.23,1,0.712,30.05,59.86,0.0,0,5,0.0495,0.0018,0.0495,0.0018
62.463,0,0.0,0.0,0.0,0,59.1,0.0,0.0,-0.6,0.015,0.002,-0.357,-0.787,-2.786,163.46,11.62,1,41.23,1,0.712,30.05,59.86,0.0,0,5,0.0514,-0.0239,0.0569,-0.0257
62.499,1,0.019,34.54,0.0,1,57.9,15.29,0.0,-0.6,0.002,0.0,-0.48,-0.787,-2.786,162.38,11.62,1,41.23,1,0.712,30.05,59.86,0.0,0,5,0.0648,-0.0666,0.0722,-0.0611
62.534,1,0.034,32.96,0.0,1,58.3,18.46,0.0,-0.6,-0.001,0.0,-0.526,-0.787,-2.786,161.75,11.62,1,41.23,1,0.734,19.87,54.23,0.0,0,5,0.0722,-0.0796,0.0777,-0.0759
62.597,1,0.106,16.47,0.0,2,59.7,28.84,0.0,-0.6,-0.005,-0.0,-0.586,-0.787,-2.786,159.17,11.62,1,41.23,1,0.824,16.48,52.17,0.0,0,5,0.0944,-0.0999,0.0888,-0.1036
62.636,1,0.124,12.73,0.0,2,57.1,24.78,0.0,-0.6,-0.004,-0.002,-0.607,-0.786,-2.786,157.74,11.62,1,41.23,1,0.816,8.72,48.12,0.0,0,5,0.0998,-0.0998,0.0906,-0.1035
62.67,1,0.22,8.98,43.71,3,63.4,26.37,0.0,-0.6,-0.005,-0.001,-0.514,-0.786,-2.786,157.16,11.62,1,41.23,1,0.857,4.85,45.47,0.0,0,5,0.0961,-0.1035,0.0924,-0.1035
62.698,1,0.296,5.24,46.05,3,65.8,30.59,0.0,-0.6,-0.008,-0.002,-0.524,-0.786,-2.786,155.96,11.62,1,41.23,1,0.857,4.85,45.47,0.0,0,5,0.0944,-0.1073,0.087,-0.1073
62.736,1,0.302,1.0,48.71,3,67.1,33.94,0.0073,-0.044,-0.011,-0.003,-0.563,-0.785,-2.786,155.33,11.62,1,41.23,1,0.887,-1.94,39.81,0.0,0,5,0.0908,-0.1111,0.0834,-0.1056
62.835,1,0.42,-7.49,46.15,4,72.5,30.47,0.0422,-0.2557,-0.005,-0.007,-0.447,-0.785,-2.786,151.72,11.62,1,42.73,1,0.89,-14.06,27.94,0.0,0,5,0.0881,-0.1027,0.0789,-0.0844
62.898,1,0.612,-11.48,45.58,4,74.8,28.92,0.0632,-0.3829,0.006,-0.013,-0.29,-0.785,-2.785,150.57,11.62,1,42.73,1,0.884,-18.42,20.09,0.0,0,5,0.0814,-0.074,0.061,-0.0425
62.935,1,0.727,-12.48,44.93,5,76.2,28.95,0.0773,-0.4687,0.012,-0.015,-0.302,-0.785,-2.784,150.23,11.62,1,42.73,1,0.909,-23.27,13.81,0.0,0,5,0.0832,-0.0628,0.0573,-0.0277
62.999,1,0.746,-13.98,44.1,5,76.7,27.95,0.09,-0.5455,0.049,-0.011,-0.411,-0.788,-2.781,148.68,11.64,1,45.0,1,0.909,-23.27,13.81,0.0,0,5,0.1146,-0.0148,0.0905,0.0037
63.034,1,0.758,-13.73,43.2,5,76.9,27.45,0.09,-0.5455,0.057,-0.008,-0.401,-0.79,-2.78,148.17,11.64,1,45.0,1,0.935,-27.63,3.76,0.0,0,5,0.1276,-0.0092,0.1072,0.0037
63.07,1,0.76,-13.48,42.69,5,76.8,26.9,0.09,-0.5455,0.074,-0.0,-0.492,-0.793,-2.779,147.14,11.64,1,45.0,1,0.944,-28.6,-0.97,0.0,0,5,0.1497,0.0018,0.146,0.0
63.134,1,0.834,-13.23,41.81,5,75.9,26.27,0.09,-0.5455,0.088,0.001,-0.544,-0.797,-2.776,145.36,11.64,1,45.0,1,0.93,-31.5,-8.93,5.785,1,5,0.1737,0.0,0.1792,0.0
63.203,1,0.849,-12.73,39.91,5,74.9,25.56,0.09,-0.5455,0.093,0.0,-0.557,-0.803,-2.771,142.84,11.64,1,45.0,1,0.953,-34.41,-17.24,0.0,0,5,0.1866,0.0,0.1866,0.0
63.236,1,0.85,-13.23,39.01,5,74.7,25.11,0.09,-0.5455,0.095,0.003,-0.548,-0.806,-2.769,141.58,11.64,1,45.0,1,0.957,-35.87,-22.38,0.0,0,5,0.185,0.0,0.1924,0.0
63.268,1,0.849,-13.23,38.22,5,74.6,25.1,0.09,-0.5455,0.096,0.002,-0.527,-0.808,-2.768,141.0,11.64,1,45.0,1,0.967,-37.32,-26.74,0.0,0,5,0.1867,0.0,0.196,0.0
63.333,1,0.856,-13.73,36.42,5,74.5,24.48,0.09,-0.5455,0.095,-0.002,-0.532,-0.812,-2.764,139.11,11.64,1,45.0,1,0.967,-37.32,-26.74,0.0,0,5,0.1939,0.0,0.1847,0.0
63.397,1,0.845,-14.97,34.4,5,74.9,23.87,0.09,-0.5107,0.093,0.002,-0.526,-0.817,-2.76,137.17,11.64,1,45.0,1,0.976,-42.65,-36.53,0.0,0,5,0.1807,0.0,0.1896,0.0
63.434,1,0.855,-14.72,33.23,5,74.8,23.26,0.09,-0.4613,0.093,0.004,-0.55,-0.818,-2.759,136.54,11.64,1,45.0,1,0.962,-47.01,-42.59,0.0,0,5,0.1791,0.0018,0.1917,0.0
63.502,1,0.859,-15.47,31.32,5,74.2,23.26,0.09,-0.4457,0.092,0.004,-0.529,-0.825,-2.753,133.61,11.64,1,45.0,1,0.967,-50.41,-47.05,0.0,0,5,0.1738,0.0037,0.1867,0.0018
63.534,1,0.867,-16.47,30.54,5,73.8,23.34,0.09,-0.4042,0.092,0.004,-0.529,-0.825,-2.753,133.61,11.64,1,45.0,1,0.955,-52.83,-49.47,0.0,0,5,0.1738,0.0037,0.1867,0.0018
63.601,1,0.858,-17.72,28.66,5,74.8,22.78,0.09,-0.381,0.084,-0.003,-0.481,-0.829,-2.748,131.38,11.65,1,44.26,1,0.941,-57.19,-53.14,0.0,0,5,0.1718,0.0,0.1626,0.0018
63.635,1,0.874,-17.47,26.75,5,74.8,22.04,0.09,-0.3348,0.082,-0.004,-0.457,-0.831,-2.745,130.29,11.65,1,44.26,1,0.918,-59.62,-54.47,0.0,0,5,0.1682,0.0,0.1571,0.0037
63.702,1,0.856,-18.97,24.53,5,75.9,22.19,0.09,-0.3072,0.086,-0.004,-0.411,-0.834,-2.741,128.86,11.65,1,44.26,1,0.887,-56.71,-53.32,0.0,0,5,0.1573,0.0,0.1647,0.0222
63.735,1,0.868,-19.47,23.69,5,76.0,21.67,0.09,-0.2517,0.087,-0.007,-0.345,-0.836,-2.738,128.06,11.65,1,44.26,1,0.915,-56.71,-53.57,0.0,0,5,0.1555,0.0037,0.1555,0.0315
63.77,1,0.873,-20.21,23.15,5,76.0,21.67,0.104,-0.2331,0.086,-0.009,-0.365,-0.837,-2.736,127.65,11.65,1,44.26,1,0.931,-52.83,-51.72,0.0,0,5,0.1573,0.0093,0.1462,0.0333
63.798,1,0.867,-20.46,22.19,5,75.8,21.67,0.111,-0.2232,0.085,-0.011,-0.307,-0.839,-2.733,126.97,11.65,1,32.26,1,0.931,-52.83,-51.72,0.0,0,5,0.1588,0.0203,0.1293,0.0332
63.835,1,0.862,-20.96,22.06,5,75.7,21.67,0.1252,-0.2518,0.089,-0.009,-0.233,-0.841,-2.73,126.39,11.65,1,32.26,1,0.9,-44.59,-41.65,0.0,0,5,0.1551,0.0259,0.1274,0.0388
63.903,1,0.844,-21.46,20.54,5,74.9,21.42,0.1461,-0.3088,0.099,-0.006,-0.21,-0.844,-2.725,125.59,11.65,1,32.26,1,0.95,-39.74,-38.36,0.0,0,5,0.1404,0.0462,0.1386,0.0702
63.934,1,0.85,-21.21,20.08,5,74.6,21.11,0.1426,-0.2603,0.104,-0.007,-0.213,-0.845,-2.723,125.36,11.65,1,32.26,1,0.978,-36.35,-31.12,0.0,0,5,0.1459,0.0536,0.1403,0.0757
64.002,1,0.848,-20.46,18.95,5,74.1,21.02,0.1478,-0.2682,0.131,-0.003,-0.29,-0.851,-2.714,124.1,11.65,1,20.26,1,0.972,-29.57,-20.44,0.0,0,5,0.1792,0.0887,0.1663,0.0887
64.038,1,0.862,-19.72,18.84,5,73.5,21.46,0.162,-0.2859,0.143,0.002,-0.216,-0.855,-2.709,123.59,11.65,1,20.26,1,0.974,-28.11,-20.64,0.0,0,5,0.1813,0.1018,0.1887,0.0999
64.102,1,0.874,-18.22,18.21,5,74.4,21.11,0.1664,-0.3013,0.157,0.003,-0.254,-0.86,-2.701,122.84,11.65,1,20.26,1,0.889,-15.99,-2.84,5.696,1,5,0.1921,0.1163,0.2031,0.1145
64.134,1,0.877,-17.97,17.91,5,74.7,21.67,0.1702,-0.3106,0.159,0.002,-0.285,-0.862,-2.698,122.5,11.65,1,20.26,1,0.933,-14.54,-0.42,6.389,1,5,0.1993,0.1181,0.203,0.1144
64.172,1,0.866,-16.97,17.2,5,74.2,21.02,0.172,-0.3076,0.164,0.0,-0.243,-0.866,-2.693,121.93,11.65,1,20.26,1,0.833,-9.69,2.46,5.711,1,5,0.2087,0.12,0.2087,0.1182
64.201,1,0.861,-17.22,17.13,5,73.8,21.11,0.1763,-0.3096,0.17,0.003,-0.281,-0.87,-2.687,121.24,11.65,1,8.26,1,0.842,-4.85,14.73,5.589,1,5,0.2165,0.124,0.222,0.1184
64.235,1,0.825,-16.47,16.75,5,73.2,20.96,0.1767,-0.3031,0.178,0.001,-0.345,-0.873,-2.68,120.55,11.65,1,8.26,1,0.86,-0.48,22.6,0.0,0,5,0.2294,0.1295,0.2294,0.124
64.297,1,0.85,-15.72,15.03,5,73.0,20.81,0.179,-0.3042,0.189,0.001,-0.245,-0.879,-2.67,119.52,11.65,1,8.26,1,0.898,0.97,27.22,0.0,0,5,0.235,0.1351,0.2442,0.1406
64.334,1,0.851,-15.72,14.5,5,73.3,20.81,0.1894,-0.2837,0.19,0.001,-0.29,-0.881,-2.667,119.18,11.65,1,8.26,1,0.842,7.27,37.85,0.0,0,5,0.2344,0.1347,0.2473,0.144
64.402,1,0.831,-15.47,12.54,5,72.9,20.2,0.1803,-0.2515,0.194,-0.0,-0.287,-0.889,-2.653,117.91,11.65,1,3.61,1,0.879,4.85,32.76,0.0,0,5,0.2475,0.1459,0.2419,0.1422
64.434,1,0.843,-15.72,11.76,5,72.6,20.81,0.1562,-0.1642,0.196,-0.0,-0.273,-0.89,-2.65,117.63,11.65,1,3.61,1,0.885,3.88,29.48,0.0,0,5,0.2482,0.1482,0.2427,0.1445
64.501,1,0.858,-13.48,10.1,5,74.4,20.44,0.1203,-0.0845,0.196,-0.0,-0.193,-0.897,-2.636,116.48,11.65,1,3.61,1,0.898,1.45,22.77,0.0,0,5,0.2334,0.1556,0.2352,0.1593
64.534,1,0.869,-14.23,10.43,5,74.2,20.46,0.096,-0.0616,0.194,0.001,-0.11,-0.899,-2.632,116.31,11.65,1,3.61,1,0.905,1.45,21.54,0.0,0,5,0.2278,0.1556,0.2334,0.1574
64.602,1,0.862,-13.98,10.1,5,74.2,20.44,0.09,-0.0557,0.179,-0.007,-0.201,-0.905,-2.619,115.51,11.64,1,5.55,1,0.887,-1.94,14.57,4.022,1,5,0.2143,0.1423,0.2014,0.1571
64.633,1,0.854,-13.98,9.81,5,74.2,20.44,0.09,-0.0524,0.174,-0.009,-0.19,-0.906,-2.616,115.34,11.64,1,5.55,1,0.901,-2.42,11.78,0.661,1,5,0.2088,0.1404,0.1903,0.1571
64.701,1,0.844,-14.47,9.0,5,72.4,20.96,0.09,-0.0463,0.163,-0.001,-0.087,-0.912,-2.604,114.76,11.64,1,5.55,1,0.895,-5.33,7.79,3.231,1,5,0.1795,0.1388,0.185,0.148
64.835,1,0.822,-14.47,9.27,5,72.5,20.44,0.09,-0.0266,0.136,-0.001,-0.01,-0.919,-2.587,114.31,11.64,1,7.55,1,0.889,-5.33,2.21,1.72,1,5,0.1442,0.1239,0.1461,0.1294
64.9,1,0.821,-11.98,7.93,5,72.2,20.44,0.09,-0.0313,0.123,-0.002,-0.023,-0.922,-2.58,114.19,11.64,1,7.55,1,0.878,-4.85,1.66,2.964,1,5,0.1276,0.1109,0.1313,0.122
64.936,1,0.816,-12.23,8.21,5,71.9,21.02,0.09,-0.0374,0.111,-0.004,-0.031,-0.923,-2.576,114.13,11.64,1,7.55,1,0.84,-6.79,0.57,0.0,0,5,0.122,0.1035,0.1109,0.1091
65.039,1,0.809,-12.98,8.54,5,71.4,20.44,0.09,-0.0351,0.092,-0.003,-0.071,-0.927,-2.568,113.85,11.64,1,9.19,1,0.841,-7.76,-0.68,0.0,0,5,0.1037,0.0778,0.1,0.087
65.133,1,0.795,-13.48,9.12,5,71.4,20.44,0.09,-0.0317,0.086,-0.004,-0.029,-0.929,-2.561,113.73,11.64,1,9.19,1,0.837,-7.76,0.22,0.0,0,5,0.0899,0.0734,0.0899,0.0899
65.234,1,0.779,-12.98,8.38,5,71.2,20.44,0.09,-0.0371,0.067,-0.001,0.005,-0.933,-2.554,113.62,11.64,1,9.19,1,0.84,-7.27,5.36,0.0,0,5,0.0721,0.0702,0.061,0.0647
65.334,1,0.783,-11.73,8.01,5,70.7,20.2,0.09,-0.0299,0.06,0.005,0.033,-0.935,-2.548,113.73,11.64,1,9.19,1,0.84,-6.3,8.79,0.0,0,5,0.0516,0.0644,0.0663,0.0589
65.367,1,0.802,-10.48,7.99,5,70.3,20.2,0.09,-0.038,0.059,0.004,0.015,-0.936,-2.547,113.73,11.64,1,9.19,1,0.84,-6.3,8.79,0.0,0,5,0.0499,0.061,0.0647,0.061
65.401,1,0.798,-9.23,7.86,5,69.5,20.2,0.09,-0.0525,0.058,0.001,0.005,-0.937,-2.545,113.73,11.64,1,8.57,1,0.835,-5.33,11.29,0.0,0,5,0.0499,0.0573,0.061,0.0629
65.435,1,0.794,-8.73,7.26,5,69.5,20.46,0.09,-0.0622,0.058,-0.001,0.013,-0.938,-2.543,113.73,11.64,1,8.57,1,0.834,-5.33,12.7,0.0,0,5,0.0573,0.0536,0.0591,0.061
65.467,1,0.792,-8.24,7.51,5,68.9,20.46,0.09,-0.0548,0.059,-0.002,-0.006,-0.938,-2.542,113.73,11.64,1,8.57,1,0.824,-5.33,13.93,0.0,0,5,0.0607,0.0534,0.0607,0.0607
65.532,1,0.792,-8.24,7.35,5,68.8,20.44,0.09,-0.0615,0.067,-0.001,-0.028,-0.94,-2.538,113.67,11.64,1,8.57,1,0.812,-4.85,16.84,0.0,0,5,0.0684,0.063,0.0684,0.0666
65.601,1,0.78,-9.48,7.93,5,69.8,20.56,0.09,-0.0565,0.069,0.001,-0.006,-0.942,-2.533,113.62,11.64,1,9.34,1,0.801,-4.36,20.57,0.0,0,5,0.0703,0.0685,0.0722,0.0666
65.634,1,0.787,-8.98,8.03,5,70.2,20.44,0.09,-0.0511,0.069,0.0,-0.017,-0.943,-2.531,113.56,11.64,1,9.34,1,0.797,-4.36,24.09,0.0,0,5,0.0704,0.0685,0.0704,0.0685
65.667,1,0.79,-8.24,7.46,5,70.4,20.44,0.09,-0.0595,0.069,0.0,-0.019,-0.944,-2.529,113.56,11.64,1,9.34,1,0.793,-4.36,27.65,0.0,0,5,0.0704,0.0667,0.0704,0.0667
65.7,1,0.782,-8.24,7.46,5,70.6,20.44,0.09,-0.0588,0.068,-0.0,-0.032,-0.945,-2.526,113.45,11.64,1,9.34,1,0.789,-4.36,30.81,0.0,0,5,0.0717,0.0699,0.0662,0.0662
65.727,1,0.737,-9.48,7.96,5,70.7,20.44,0.09,-0.0577,0.068,0.001,-0.002,-0.946,-2.525,113.45,11.64,1,9.34,1,0.789,-4.36,30.81,0.0,0,5,0.0717,0.0699,0.0699,0.0625
65.767,1,0.78,-6.99,7.1,5,70.8,20.44,0.09,-0.0512,0.071,0.005,-0.018,-0.947,-2.523,113.45,11.64,1,9.34,1,0.782,-7.27,33.24,0.0,0,5,0.0732,0.0751,0.0769,0.0604
65.831,1,0.773,-5.99,6.26,5,69.6,20.44,0.09,-0.0654,0.076,0.002,-0.049,-0.949,-2.518,113.33,11.64,1,11.54,1,0.799,-7.27,32.81,0.0,0,5,0.0774,0.07,0.0847,0.07
65.867,1,0.761,-6.74,7.03,5,69.6,20.56,0.09,-0.061,0.075,-0.003,-0.028,-0.95,-2.516,113.22,11.64,1,11.54,1,0.803,-9.21,36.01,0.0,0,5,0.0813,0.061,0.0832,0.0739
65.932,1,0.706,-9.48,7.54,5,70.7,20.44,0.09,-0.0632,0.08,-0.0,-0.062,-0.952,-2.511,113.1,11.64,1,11.54,1,0.818,-11.15,33.18,0.0,0,5,0.0868,0.0739,0.0849,0.0739
66.0,1,0.768,-5.74,6.43,5,70.1,20.56,0.09,-0.0406,0.08,0.0,-0.064,-0.954,-2.505,112.87,11.64,1,15.16,1,0.824,-14.54,37.57,0.0,0,5,0.0867,0.0793,0.0812,0.0719
66.033,1,0.779,-5.74,5.93,5,70.5,20.2,0.09,-0.0675,0.078,0.0,-0.026,-0.955,-2.504,112.82,11.64,1,15.16,1,0.822,-15.99,36.08,0.0,0,5,0.0849,0.0757,0.0794,0.0702
66.067,1,0.782,-5.24,6.04,5,70.2,20.44,0.09,-0.0562,0.079,0.002,0.019,-0.956,-2.501,112.82,11.64,1,15.16,1,0.82,-18.42,37.92,0.0,0,5,0.0815,0.0759,0.087,0.0722
66.127,1,0.789,-4.99,5.89,5,70.8,20.2,0.09,-0.0617,0.081,0.004,-0.025,-0.958,-2.496,112.7,11.64,1,15.16,1,0.815,-19.39,36.0,0.0,0,5,0.0834,0.0759,0.0926,0.0704
66.231,1,0.786,-4.49,5.37,5,71.6,20.44,0.09,-0.0593,0.081,-0.005,-0.021,-0.961,-2.489,112.53,11.64,1,18.46,1,0.83,-22.3,40.62,0.0,0,5,0.0906,0.0666,0.0851,0.0814
66.268,1,0.786,-4.49,5.35,5,71.5,20.44,0.09,-0.0556,0.082,-0.002,-0.027,-0.962,-2.486,112.53,11.64,1,18.46,1,0.837,-22.3,42.09,0.0,0,5,0.0869,0.074,0.0851,0.0814
66.332,1,0.783,-4.24,4.87,5,72.1,20.44,0.09,-0.0541,0.084,-0.0,-0.053,-0.964,-2.481,112.36,11.64,1,18.46,1,0.855,-26.17,40.99,0.0,0,5,0.087,0.0815,0.0852,0.0815
66.369,1,0.779,-4.49,5.35,5,72.1,20.44,0.09,-0.0483,0.084,-0.001,-0.038,-0.965,-2.478,112.24,11.64,1,18.46,1,0.859,-26.17,42.48,0.0,0,5,0.0906,0.0777,0.0869,0.0795
66.432,1,0.651,-3.99,4.83,4,71.7,20.12,0.09,-0.0531,0.087,0.002,-0.033,-0.968,-2.473,112.19,11.64,1,21.88,1,0.86,-31.5,41.86,0.0,0,5,0.0905,0.0795,0.0979,0.0795
66.464,1,0.776,-3.99,4.69,5,71.6,20.44,0.09,-0.0503,0.089,0.001,-0.032,-0.969,-2.47,112.13,11.64,1,21.88,1,0.849,-31.99,40.48,0.0,0,5,0.0899,0.0807,0.0991,0.0844
66.53,1,0.78,-3.74,4.88,5,71.6,20.46,0.1111,-0.0483,0.087,-0.002,-0.07,-0.971,-2.465,111.96,11.64,1,21.88,1,0.849,-31.99,40.48,0.0,0,5,0.0918,0.0753,0.0936,0.0863
66.569,1,0.787,-3.49,4.25,5,71.8,20.04,0.1251,-0.0645,0.088,-0.0,-0.046,-0.972,-2.461,111.78,11.64,1,21.88,1,0.863,-35.87,41.34,0.0,0,5,0.0937,0.0772,0.0974,0.0827
66.634,1,0.807,-3.24,4.22,5,71.7,19.85,0.1462,-0.0663,0.101,0.003,-0.004,-0.976,-2.454,111.67,11.64,1,25.01,1,0.864,-35.87,43.09,0.0,0,5,0.1036,0.0981,0.1092,0.0925
66.733,1,0.787,-2.5,4.23,5,71.2,20.44,0.1811,-0.0855,0.124,0.004,-0.045,-0.979,-2.446,111.55,11.64,1,25.01,1,0.867,-30.54,41.18,0.0,0,5,0.1257,0.1202,0.135,0.1146
66.831,1,0.745,-2.0,5.83,5,71.8,20.04,0.2161,-0.1096,0.163,0.0,-0.096,-0.985,-2.431,111.15,11.64,1,27.67,1,0.86,-25.2,36.44,0.0,0,5,0.1758,0.1517,0.1758,0.1499
66.9,1,0.694,-2.5,13.08,5,71.7,20.56,0.2087,-0.1596,0.195,0.003,-0.049,-0.991,-2.416,110.75,11.64,1,27.67,1,0.833,-18.9,35.52,0.0,0,5,0.2053,0.1778,0.2182,0.1797
66.927,1,0.579,-2.25,19.41,4,72.1,20.3,0.1849,-0.3367,0.203,0.003,-0.081,-0.992,-2.412,110.7,11.64,1,27.67,1,0.833,-18.9,35.52,0.0,0,5,0.218,0.1869,0.2254,0.1814
66.969,1,0.59,-2.75,26.38,5,74.1,26.32,0.1608,-0.4577,0.216,0.0,-0.198,-0.996,-2.402,110.12,11.64,1,27.67,1,0.801,-14.06,30.95,0.0,0,5,0.2433,0.1954,0.2359,0.188
67.027,1,0.689,-4.99,33.9,5,75.1,25.84,0.1246,-0.4965,0.219,-0.001,-0.268,-1.001,-2.389,109.26,11.63,1,32.64,1,0.801,-14.06,30.95,0.0,0,5,0.2453,0.1786,0.258,0.1948
67.067,1,0.809,-4.24,34.68,5,73.6,25.31,0.1009,-0.5398,0.215,-0.003,-0.191,-1.003,-2.381,108.8,11.63,1,32.64,1,0.73,-11.63,15.35,0.0,0,5,0.2554,0.1619,0.2626,0.1817
67.094,1,0.834,-0.5,34.08,5,73.8,24.26,0.09,-0.5455,0.208,-0.006,-0.328,-1.006,-2.373,108.12,11.63,1,32.64,1,0.73,-11.63,15.35,0.0,0,5,0.2605,0.1504,0.2532,0.1669
67.128,1,0.839,2.5,32.43,5,73.6,24.26,0.09,-0.5455,0.206,-0.005,-0.353,-1.007,-2.369,107.72,11.63,1,32.64,1,0.73,-11.63,15.35,0.0,0,5,0.2587,0.1504,0.2513,0.1633
67.161,1,0.776,5.24,30.04,5,73.2,24.46,0.09,-0.5455,0.199,-0.009,-0.199,-1.009,-2.361,107.09,11.63,1,32.64,1,0.73,-11.63,15.35,0.0,0,5,0.2558,0.1398,0.2392,0.1601
67.228,1,0.711,9.48,27.44,5,71.8,23.96,0.0989,-0.5835,0.186,-0.012,-0.346,-1.011,-2.351,106.11,11.63,1,44.64,1,0.634,-16.48,-30.12,0.0,0,5,0.2516,0.1221,0.2257,0.1443
67.267,1,0.672,10.98,25.84,5,69.2,23.96,0.1132,-0.6024,0.175,-0.015,-0.285,-1.012,-2.344,105.25,11.63,1,44.64,1,0.76,-23.75,-37.13,0.0,0,5,0.2459,0.1054,0.2145,0.1331
67.333,1,0.513,13.73,24.57,4,64.8,23.6,0.1242,-0.6221,0.16,-0.015,-0.34,-1.014,-2.335,104.22,11.63,1,44.64,1,0.794,-20.84,-41.35,0.0,0,5,0.2256,0.0851,0.2052,0.1239
67.364,1,0.495,14.72,23.95,4,62.5,23.33,0.131,-0.6523,0.158,-0.012,-0.313,-1.015,-2.328,103.53,11.63,1,44.64,1,0.794,-19.87,-44.38,0.0,0,5,0.2165,0.087,0.2054,0.1221
67.395,1,0.445,16.22,21.96,4,59.6,23.6,0.1318,-0.6473,0.156,-0.008,-0.327,-1.016,-2.322,102.73,11.63,1,45.0,1,0.794,-19.87,-44.38,0.0,0,5,0.2146,0.0888,0.2035,0.1184
67.427,1,0.412,16.97,21.97,4,57.5,23.08,0.1079,-0.5441,0.157,-0.006,-0.353,-1.017,-2.319,102.33,11.63,1,45.0,1,0.794,-19.87,-44.38,0.0,0,5,0.2219,0.0906,0.2126,0.1035
67.465,1,0.442,17.97,24.49,4,55.7,23.08,0.09,-0.5455,0.157,-0.002,-0.375,-1.018,-2.313,101.41,11.63,1,45.0,1,0.794,-17.93,-46.85,0.0,0,5,0.2295,0.0889,0.2203,0.0889
67.527,1,0.448,19.22,22.6,4,55.2,22.57,0.1111,-0.606,0.153,-0.005,-0.419,-1.02,-2.304,99.92,11.63,1,45.0,1,0.797,-15.03,-46.92,0.0,0,5,0.2374,0.0835,0.2133,0.0779
67.627,1,0.391,18.47,14.94,3,59.4,22.15,0.1437,-0.6839,0.141,-0.007,-0.494,-1.021,-2.29,97.52,11.62,1,33.27,1,0.774,-10.18,-36.72,0.0,0,5,0.2163,0.0555,0.2126,0.0814
67.667,1,0.48,17.97,12.41,4,64.9,28.01,0.1428,-0.4998,0.142,-0.011,-0.421,-1.021,-2.284,96.43,11.62,1,33.27,1,0.774,-7.76,-35.82,0.0,0,5,0.222,0.0481,0.2146,0.0851
67.694,1,0.51,16.97,12.16,4,69.8,27.17,0.1498,-0.4485,0.147,-0.011,-0.507,-1.021,-2.278,95.23,11.62,1,33.27,1,0.774,-7.76,-35.82,0.0,0,5,0.2277,0.0463,0.2166,0.0833
67.727,1,0.623,16.47,18.45,5,73.5,22.15,0.1549,-0.4393,0.148,-0.011,-0.521,-1.021,-2.275,94.65,11.62,1,33.27,1,0.774,-7.76,-35.82,0.0,0,5,0.2427,0.0478,0.2262,0.0736
67.766,1,0.689,15.72,18.07,5,74.3,22.15,0.131,-0.5261,0.151,-0.006,-0.472,-1.022,-2.269,93.51,11.62,1,33.27,1,0.774,-7.76,-35.82,0.0,0,5,0.2481,0.0588,0.2316,0.0662
67.828,1,0.673,16.22,16.61,5,74.4,21.62,0.0949,-0.4533,0.155,0.007,-0.451,-1.023,-2.26,92.13,11.62,1,22.77,1,0.759,-2.42,-26.4,0.0,0,5,0.2295,0.0889,0.2351,0.0666
67.867,1,0.659,15.72,15.88,5,74.1,22.15,0.09,-0.435,0.152,0.01,-0.442,-1.024,-2.254,91.16,11.62,1,22.77,1,0.759,-2.42,-26.4,0.0,0,5,0.2149,0.0926,0.2315,0.0685
67.927,1,0.65,15.72,14.19,5,73.7,21.62,0.09,-0.4171,0.139,0.007,-0.349,-1.024,-2.246,89.78,11.62,1,22.77,1,0.722,8.72,-9.7,-6.153,1,5,0.198,0.0759,0.2165,0.0666
67.966,1,0.64,15.47,13.39,5,73.4,21.1,0.09,-0.3882,0.136,0.006,-0.313,-1.024,-2.243,89.44,11.62,1,22.77,1,0.757,12.6,0.6,-2.308,1,5,0.1941,0.0684,0.2145,0.0666
68.027,1,0.645,13.98,12.7,5,72.7,21.1,0.09,-0.3719,0.123,0.0,-0.399,-1.024,-2.236,88.12,11.61,1,11.92,1,0.705,12.12,7.28,0.0,0,5,0.1848,0.0536,0.1922,0.061
68.065,1,0.647,13.23,11.7,5,72.3,21.42,0.09,-0.3425,0.11,-0.003,-0.265,-1.023,-2.229,86.97,11.61,1,11.92,1,0.745,11.15,15.28,-6.806,1,5,0.1702,0.0463,0.1684,0.0555
68.099,1,0.653,12.48,11.43,5,71.8,21.1,0.09,-0.3167,0.108,-0.003,-0.27,-1.023,-2.227,86.69,11.61,1,11.92,1,0.77,10.18,12.06,-7.134,1,5,0.1683,0.0462,0.1646,0.0536
68.127,1,0.677,11.48,10.61,5,71.4,20.96,0.09,-0.3055,0.108,-0.003,-0.352,-1.023,-2.225,86.29,11.61,1,11.92,1,0.77,10.18,12.06,-7.134,1,5,0.1684,0.0463,0.1628,0.0537
68.16,1,0.639,10.48,4.69,5,71.5,28.89,0.09,-0.28,0.105,-0.003,-0.301,-1.023,-2.221,85.54,11.61,1,11.92,1,0.77,10.18,12.06,-7.134,1,5,0.1609,0.0518,0.1535,0.0555
68.226,1,0.669,9.73,5.1,5,71.0,26.93,0.118,-0.1775,0.094,-0.001,-0.212,-1.022,-2.216,84.68,11.61,1,8.37,1,0.738,13.57,18.56,0.0,0,5,0.1462,0.0481,0.1369,0.0444
68.26,1,0.677,9.48,4.28,5,71.0,27.55,0.1166,-0.1758,0.088,0.003,-0.149,-1.022,-2.212,84.28,11.61,1,8.37,1,0.738,13.57,18.56,0.0,0,5,0.1314,0.0518,0.1314,0.0389
68.327,1,0.727,9.98,7.91,5,71.1,20.96,0.127,-0.1683,0.093,0.01,-0.145,-1.022,-2.206,83.77,11.61,1,8.37,1,0.683,20.36,27.18,0.0,0,5,0.1129,0.0777,0.1277,0.0537
68.399,1,0.744,8.98,7.79,5,71.4,20.81,0.0926,-0.2274,0.099,-0.003,-0.165,-1.021,-2.199,83.08,11.61,1,3.74,1,0.777,20.84,35.81,0.0,0,5,0.1231,0.0698,0.1231,0.0808
68.432,1,0.72,8.49,6.95,5,71.5,21.42,0.09,-0.2137,0.098,-0.003,-0.22,-1.021,-2.197,82.85,11.61,1,3.74,1,0.77,18.9,33.28,0.0,0,5,0.1247,0.066,0.1229,0.077
68.465,1,0.732,8.24,5.6,5,71.5,22.04,0.09,-0.1942,0.097,-0.002,-0.111,-1.02,-2.193,82.45,11.61,1,3.74,1,0.731,16.48,25.82,0.0,0,5,0.1284,0.0605,0.1302,0.0697
68.532,1,0.716,7.74,3.51,5,71.5,25.1,0.09,-0.1695,0.092,-0.004,-0.156,-1.019,-2.188,81.99,11.61,1,3.74,1,0.768,13.57,14.2,-4.33,1,5,0.1257,0.0518,0.1257,0.0666
68.567,1,0.723,7.24,3.69,5,71.5,24.48,0.09,-0.128,0.089,-0.003,-0.132,-1.019,-2.184,81.59,11.61,1,3.74,1,0.723,11.15,13.23,-4.737,1,5,0.1165,0.0536,0.1183,0.0666
68.627,1,0.728,7.49,4.56,5,71.5,20.96,0.09,-0.127,0.08,0.004,-0.139,-1.018,-2.18,81.13,11.6,1,8.66,1,0.756,11.15,1.37,-5.364,1,5,0.0979,0.0609,0.1071,0.0554
68.728,1,0.726,7.24,4.33,5,71.8,20.57,0.09,-0.1464,0.074,0.014,-0.132,-1.018,-2.172,80.5,11.6,1,8.66,1,0.766,9.21,2.38,-7.673,1,5,0.0794,0.0738,0.1034,0.0406
68.761,1,0.728,6.99,4.59,5,71.8,20.57,0.09,-0.1395,0.074,0.01,-0.138,-1.018,-2.169,80.21,11.6,1,8.66,1,0.766,9.21,2.38,-7.673,1,5,0.0849,0.0665,0.1016,0.0443
68.797,1,0.729,6.24,4.83,5,71.3,20.57,0.09,-0.1415,0.073,0.003,-0.168,-1.017,-2.166,79.87,11.6,1,6.56,1,0.762,7.76,-1.12,-7.796,1,5,0.0943,0.0536,0.098,0.0462
68.827,1,0.737,5.74,4.14,5,71.1,20.57,0.09,-0.1375,0.073,0.0,-0.154,-1.017,-2.165,79.7,11.6,1,6.56,1,0.762,7.76,-1.12,-7.796,1,5,0.098,0.0499,0.098,0.0481
68.86,1,0.75,5.24,3.91,5,71.3,20.57,0.09,-0.1197,0.07,0.001,-0.162,-1.017,-2.162,79.35,11.6,1,6.56,1,0.762,7.76,-1.12,-7.796,1,5,0.0961,0.0425,0.0998,0.0425
68.897,1,0.764,4.74,3.82,5,71.7,20.46,0.09,-0.1113,0.068,-0.0,-0.184,-1.016,-2.159,78.9,11.6,1,6.56,1,0.753,10.18,1.62,-5.953,1,5,0.0925,0.0389,0.0981,0.0444
68.927,1,0.78,4.24,3.19,5,71.8,20.57,0.09,-0.1054,0.065,-0.0,-0.173,-1.016,-2.158,78.72,11.6,1,6.56,1,0.753,10.18,1.62,-5.953,1,5,0.0907,0.0352,0.0944,0.0389
68.961,1,0.794,3.74,2.73,5,72.3,20.81,0.09,-0.0888,0.066,-0.0,-0.113,-1.015,-2.156,78.38,11.6,1,6.56,1,0.753,10.18,1.62,-5.953,1,5,0.0907,0.0389,0.0926,0.0407
69.027,1,0.817,3.24,2.18,5,72.8,20.81,0.09,-0.0784,0.07,-0.001,-0.057,-1.014,-2.151,78.09,11.59,1,2.19,1,0.751,12.12,5.07,-3.671,1,5,0.0888,0.0463,0.0925,0.0537
69.059,1,0.821,3.24,2.45,5,72.6,20.57,0.09,-0.0632,0.072,-0.003,-0.057,-1.014,-2.149,77.98,11.59,1,2.19,1,0.751,12.12,5.07,-3.671,1,5,0.087,0.0481,0.0907,0.0629
69.131,1,0.82,2.99,2.34,5,72.7,20.81,0.09,-0.0703,0.077,-0.003,-0.063,-1.013,-2.144,77.75,11.59,1,2.19,1,0.742,17.93,18.58,0.0,0,5,0.0906,0.061,0.0869,0.0684
69.16,1,0.81,3.24,2.31,5,72.9,20.46,0.09,-0.0655,0.079,0.001,-0.058,-1.012,-2.141,77.64,11.59,1,2.19,1,0.742,17.93,18.58,0.0,0,5,0.0887,0.0739,0.0868,0.0684
69.199,1,0.819,3.24,2.34,5,72.7,20.46,0.09,-0.0688,0.078,0.004,-0.072,-1.012,-2.138,77.52,11.59,1,0.32,1,0.767,17.93,15.74,-2.385,1,5,0.0832,0.074,0.0906,0.0647
69.26,1,0.851,2.99,2.2,5,73.0,20.2,0.09,-0.0697,0.078,0.005,-0.071,-1.011,-2.133,77.18,11.59,1,0.32,1,0.764,15.99,17.33,0.0,0,5,0.0831,0.0738,0.0923,0.0646
69.297,1,0.851,2.75,2.41,5,73.2,20.46,0.09,-0.0644,0.079,0.005,-0.059,-1.01,-2.13,77.06,11.59,1,0.32,1,0.761,16.96,14.59,-2.437,1,5,0.083,0.0701,0.0978,0.0664
69.326,1,0.838,2.5,2.26,5,73.4,20.04,0.09,-0.0655,0.079,0.004,-0.067,-1.01,-2.128,77.01,11.59,1,0.32,1,0.761,16.96,14.59,-2.437,1,5,0.083,0.0682,0.0978,0.0664
69.36,1,0.837,2.25,1.91,5,73.6,20.81,0.09,-0.06,0.08,0.0,-0.104,-1.009,-2.125,76.78,11.59,1,0.32,1,0.761,16.96,14.59,-2.437,1,5,0.0905,0.0647,0.0961,0.0684
69.396,1,0.855,2.0,2.12,5,73.7,20.2,0.09,-0.0516,0.082,-0.002,-0.065,-1.008,-2.122,76.55,11.59,1,2.72,1,0.747,13.09,14.26,-4.119,1,5,0.0961,0.0629,0.0961,0.0721
69.431,1,0.861,1.75,1.92,5,73.7,20.81,0.09,-0.0531,0.083,-0.002,-0.091,-1.008,-2.12,76.49,11.59,1,2.72,1,0.751,15.03,12.28,-2.548,1,5,0.0962,0.0629,0.0981,0.074
69.458,1,0.857,1.75,1.58,5,73.7,20.46,0.09,-0.0468,0.085,0.0,-0.07,-1.007,-2.117,76.32,11.59,1,2.72,1,0.751,15.03,12.28,-2.548,1,5,0.0962,0.0685,0.1018,0.074
69.497,1,0.828,1.75,0.03,5,73.8,23.26,0.09,-0.0417,0.084,0.002,-0.076,-1.006,-2.114,76.15,11.59,1,2.72,1,0.751,15.03,12.28,-2.548,1,5,0.0944,0.074,0.0981,0.0703
69.526,1,0.805,1.5,-0.94,5,74.2,23.89,0.09,-0.0152,0.086,0.003,-0.047,-1.006,-2.112,76.09,11.59,1,2.72,1,0.74,12.12,12.48,-3.305,1,5,0.0943,0.0795,0.098,0.0703
69.561,1,0.819,1.75,-1.03,5,74.5,23.34,0.09,0.0045,0.086,0.005,-0.005,-1.005,-2.108,76.09,11.59,1,2.72,1,0.74,12.12,12.48,-3.305,1,5,0.087,0.0815,0.1,0.0759
69.591,1,0.829,1.75,-0.79,5,74.5,23.34,0.09,0.0027,0.085,0.006,-0.058,-1.005,-2.107,76.03,11.57,1,1.51,1,0.74,12.12,12.48,-3.305,1,5,0.0814,0.0814,0.0999,0.0759
69.626,1,0.847,2.0,-0.07,5,74.6,22.22,0.09,-0.0017,0.086,0.006,0.005,-1.005,-2.103,76.03,11.57,1,1.51,1,0.74,12.12,12.48,-3.305,1,5,0.0796,0.0851,0.0981,0.0796
69.659,1,0.838,2.0,1.02,5,74.7,20.2,0.09,-0.0174,0.085,0.004,-0.004,-1.004,-2.1,75.97,11.57,1,1.51,1,0.74,12.12,12.48,-3.305,1,5,0.0868,0.0887,0.0905,0.0758
69.759,1,0.812,2.25,-0.92,5,74.7,23.26,0.09,-0.0359,0.09,0.0,-0.005,-1.002,-2.091,75.8,11.57,1,1.51,1,0.794,10.18,-0.52,-4.251,1,5,0.0905,0.0832,0.0979,0.0887
69.798,1,0.804,2.25,-1.55,5,74.5,23.89,0.09,-0.005,0.089,-0.0,-0.039,-1.001,-2.088,75.75,11.57,1,3.22,1,0.791,10.18,-0.52,-4.252,1,5,0.0908,0.0852,0.0926,0.0889
69.831,1,0.813,2.25,0.59,5,74.4,20.46,0.09,0.0062,0.087,-0.001,-0.054,-1.0,-2.086,75.69,11.57,1,3.22,1,0.791,10.18,-0.37,-2.346,1,5,0.0908,0.0834,0.0889,0.0852
69.86,1,0.792,2.25,-0.77,5,74.2,22.65,0.09,-0.031,0.089,-0.001,-0.009,-0.999,-2.082,75.63,11.57,1,3.22,1,0.791,10.18,-0.37,-2.346,1,5,0.0963,0.0871,0.0889,0.0834
69.96,1,0.792,2.5,0.58,5,73.4,20.81,0.09,-0.0069,0.093,0.003,0.017,-0.997,-2.073,75.63,11.57,1,3.22,1,0.804,15.99,10.42,0.284,1,5,0.0915,0.0915,0.1007,0.0878
70.033,1,0.772,2.5,0.64,5,72.5,20.96,0.09,-0.0331,0.089,-0.0,-0.088,-0.996,-2.068,75.4,11.56,1,0.91,1,0.831,11.63,12.19,-6.631,1,5,0.0952,0.0862,0.0916,0.0826
70.059,1,0.775,2.5,0.43,5,72.0,20.96,0.09,-0.034,0.088,-0.002,-0.033,-0.995,-2.065,75.34,11.56,1,0.91,1,0.831,11.63,12.19,-6.631,1,5,0.0934,0.079,0.0916,0.0862
70.098,1,0.771,2.75,0.17,5,72.0,20.57,0.09,-0.0303,0.085,-0.002,-0.019,-0.994,-2.061,75.29,11.56,1,0.91,1,0.822,13.57,10.06,-5.61,1,5,0.0889,0.0778,0.0889,0.0852
70.16,1,0.764,2.75,0.21,5,71.7,20.46,0.09,-0.0283,0.086,0.002,-0.013,-0.993,-2.056,75.23,11.56,1,0.91,1,0.818,13.57,10.08,-5.606,1,5,0.0833,0.0851,0.0907,0.0851
70.197,1,0.763,2.75,0.21,5,71.5,20.46,0.09,-0.0288,0.088,0.004,-0.024,-0.992,-2.053,75.23,11.56,1,1.9,1,0.807,13.09,10.47,-6.295,1,5,0.0833,0.0888,0.0944,0.0851
70.226,1,0.769,2.75,0.17,5,71.6,20.46,0.09,-0.0286,0.088,0.004,-0.04,-0.992,-2.051,75.17,11.56,1,1.9,1,0.807,13.09,10.47,-6.295,1,5,0.0852,0.0907,0.0926,0.0833
70.259,1,0.76,2.75,0.09,5,71.4,20.57,0.09,-0.0278,0.089,0.002,-0.03,-0.991,-2.047,75.11,11.56,1,1.9,1,0.807,13.09,10.47,-6.295,1,5,0.0944,0.0907,0.0926,0.0796
70.325,1,0.766,2.25,0.03,5,71.3,20.46,0.09,-0.0263,0.089,-0.001,-0.057,-0.989,-2.042,75.0,11.56,1,1.9,1,0.798,13.57,9.88,-0.132,1,5,0.1017,0.0832,0.0924,0.0795
70.364,1,0.77,2.25,-0.32,5,71.3,20.81,0.09,-0.0191,0.088,-0.002,-0.027,-0.988,-2.039,74.83,11.56,1,1.9,1,0.785,12.12,9.47,-5.057,1,5,0.098,0.0795,0.0924,0.0832
70.427,1,0.772,2.25,-0.56,5,71.7,20.57,0.09,-0.0139,0.085,-0.0,0.023,-0.987,-2.034,74.83,11.56,1,1.06,1,0.788,11.63,9.29,-5.908,1,5,0.0851,0.0759,0.0925,0.0851
70.458,1,0.769,2.5,-0.18,5,71.6,20.2,0.09,-0.0098,0.082,0.0,-0.012,-0.986,-2.031,74.83,11.56,1,1.06,1,0.788,11.63,9.29,-5.908,1,5,0.0777,0.074,0.0907,0.0851
70.493,1,0.784,2.5,-0.08,5,71.7,20.2,0.09,-0.0197,0.083,0.0,-0.002,-0.986,-2.029,74.83,11.56,1,1.06,1,0.788,11.63,9.29,-5.908,1,5,0.0777,0.0777,0.0887,0.0887
70.526,1,0.797,2.75,-0.14,5,71.7,20.46,0.09,-0.0213,0.086,0.001,-0.011,-0.985,-2.026,74.83,11.56,1,1.06,1,0.771,14.06,7.35,-3.584,1,5,0.0814,0.0851,0.0887,0.0887
70.696,1,0.817,2.25,-0.34,5,72.0,20.57,0.09,-0.0225,0.085,-0.0,-0.027,-0.981,-2.01,74.43,11.55,1,0.4,1,0.767,11.15,7.68,-6.859,1,5,0.0907,0.0777,0.0907,0.0796
70.729,1,0.815,2.25,-0.69,5,71.9,20.81,0.09,-0.013,0.084,0.001,0.009,-0.98,-2.009,74.48,11.55,1,0.4,1,0.766,13.09,6.14,-3.629,1,5,0.087,0.0777,0.0925,0.0796
70.764,1,0.822,2.25,-0.67,5,72.4,20.81,0.09,-0.0071,0.082,0.0,-0.03,-0.979,-2.006,74.43,11.55,1,0.4,1,0.768,13.09,6.16,-3.629,1,5,0.0832,0.074,0.0906,0.0795
70.796,1,0.82,2.5,-0.57,5,72.3,20.57,0.09,-0.0079,0.082,0.0,-0.007,-0.978,-2.003,74.48,11.55,1,-1.17,1,0.766,13.57,5.32,-3.027,1,5,0.0777,0.0759,0.0888,0.087
70.858,1,0.819,2.75,-0.88,5,72.2,20.46,0.09,-0.0128,0.087,-0.0,-0.013,-0.977,-1.997,74.48,11.55,1,-1.17,1,0.744,14.06,7.28,0.0,0,5,0.0852,0.087,0.087,0.0889
70.896,1,0.814,2.5,-0.58,5,72.2,20.57,0.1041,-0.0102,0.091,0.0,-0.014,-0.976,-1.994,74.37,11.55,1,-1.17,1,0.766,13.57,13.88,-7.672,1,5,0.0963,0.0907,0.0926,0.0852
70.995,1,0.797,2.25,-0.9,5,71.8,20.81,0.09,-0.0122,0.092,0.001,-0.005,-0.974,-1.985,74.14,11.53,1,-0.83,1,0.778,13.09,12.16,-7.7,1,5,0.0997,0.0886,0.0978,0.0831
71.066,1,0.797,2.25,-1.0,5,71.7,20.57,0.1075,-0.004,0.091,0.003,-0.004,-0.972,-1.979,74.14,11.53,1,-0.83,1,0.78,15.99,8.76,-5.449,1,5,0.087,0.0833,0.1036,0.0888
71.096,1,0.793,2.25,-0.66,5,71.7,20.81,0.1075,-0.0023,0.093,0.002,-0.016,-0.971,-1.976,74.08,11.53,1,-0.83,1,0.782,15.99,8.73,-5.451,1,5,0.087,0.0888,0.1018,0.0944
71.16,1,0.786,1.75,-0.3,5,71.1,20.57,0.1075,-0.0086,0.101,0.001,-0.03,-0.97,-1.97,74.03,11.53,1,-0.83,1,0.781,15.99,8.73,-5.446,1,5,0.1035,0.1016,0.1016,0.0961
71.196,1,0.79,1.75,-0.1,5,70.9,21.62,0.1075,-0.009,0.105,0.001,-0.01,-0.968,-1.966,74.03,11.53,1,-1.16,1,0.779,15.51,9.07,-5.114,1,5,0.1091,0.1072,0.1054,0.0998
71.295,1,0.807,1.75,-0.28,5,71.0,20.46,0.09,-0.0135,0.104,-0.002,-0.003,-0.965,-1.955,73.91,11.53,1,-1.16,1,0.781,15.51,7.75,-2.995,1,5,0.1035,0.0961,0.1091,0.1091
71.328,1,0.801,1.75,-0.4,5,71.0,20.57,0.1039,-0.0106,0.101,-0.001,-0.009,-0.965,-1.954,73.91,11.53,1,-1.16,1,0.78,14.06,8.85,-7.013,1,5,0.0981,0.0925,0.1073,0.1073
71.396,1,0.809,1.75,-0.34,5,70.9,20.57,0.1067,-0.0086,0.097,0.0,-0.024,-0.963,-1.946,73.91,11.53,1,-1.95,1,0.771,15.99,7.21,-6.572,1,5,0.0944,0.0925,0.1018,0.0999
71.465,1,0.812,1.75,-0.31,5,71.1,20.46,0.0972,-0.0097,0.103,0.002,-0.049,-0.961,-1.94,73.8,11.53,1,-1.95,1,0.778,15.51,6.59,-5.024,1,5,0.1046,0.1064,0.1027,0.0972
71.493,1,0.815,1.75,-0.28,5,71.5,20.46,0.1111,-0.0102,0.102,0.001,-0.031,-0.96,-1.938,73.74,11.53,1,-1.95,1,0.775,15.51,6.56,-5.023,1,5,0.1063,0.1063,0.1008,0.0953
71.532,1,0.811,1.5,0.04,5,71.5,20.57,0.1209,-0.0103,0.099,0.002,-0.002,-0.959,-1.935,73.68,11.53,1,-1.95,1,0.777,15.03,6.98,-4.732,1,5,0.1027,0.1008,0.1008,0.0917
71.558,1,0.809,1.5,-0.08,5,71.8,20.57,0.1279,-0.0134,0.099,0.0,-0.056,-0.958,-1.93,73.63,11.53,1,-1.95,1,0.777,15.03,6.98,-4.732,1,5,0.0992,0.0937,0.1048,0.0992
71.596,1,0.816,1.5,-0.24,5,71.7,20.57,0.1301,-0.0113,0.103,-0.0,-0.016,-0.957,-1.926,73.63,11.52,1,-2.26,1,0.786,15.03,4.85,0.0,0,5,0.1021,0.0966,0.1093,0.1057
71.664,1,0.805,1.75,-0.6,5,71.5,20.57,0.1508,-0.0076,0.116,0.0,-0.011,-0.955,-1.919,73.63,11.52,1,-2.26,1,0.802,15.03,4.97,0.0,0,5,0.1163,0.1126,0.1199,0.1163
71.692,1,0.789,1.75,-0.44,5,71.6,20.57,0.1614,-0.0017,0.123,0.0,-0.007,-0.954,-1.916,73.63,11.52,1,-2.26,1,0.802,15.03,4.97,0.0,0,5,0.1228,0.121,0.1265,0.1228
71.729,1,0.79,1.75,-0.75,5,71.3,20.57,0.1503,-0.0059,0.138,0.0,-0.021,-0.952,-1.911,73.51,11.52,1,-2.26,1,0.795,15.03,4.91,0.0,0,5,0.1431,0.1394,0.1357,0.1321
71.763,1,0.794,1.75,-0.18,5,71.2,23.2,0.1449,0.0009,0.15,0.002,-0.017,-0.951,-1.905,73.45,11.52,1,-2.26,1,0.777,15.03,4.48,-6.3,1,5,0.1554,0.1517,0.1517,0.1406
71.861,1,0.796,1.75,0.33,5,70.9,22.77,0.1234,-0.0122,0.152,-0.0,-0.014,-0.947,-1.893,73.4,11.52,1,-1.89,1,0.777,15.03,4.21,-3.813,1,5,0.146,0.1386,0.1645,0.1571
72.058,1,0.809,0.75,-0.09,5,71.1,20.46,0.1108,-0.0216,0.129,0.0,-0.054,-0.939,-1.866,72.94,11.52,1,-1.24,1,0.784,14.06,2.8,-5.111,1,5,0.1283,0.1154,0.1429,0.1283
72.095,1,0.812,0.5,-0.35,5,71.5,21.02,0.1182,-0.0024,0.125,-0.0,-0.019,-0.938,-1.862,72.88,11.52,1,-1.24,1,0.784,13.09,1.63,-5.072,1,5,0.1275,0.1164,0.133,0.122
72.158,1,0.833,0.25,-0.22,5,71.9,20.46,0.1194,0.0041,0.119,0.0,-0.017,-0.936,-1.855,72.88,11.52,1,-1.24,1,0.784,13.09,1.63,-5.072,1,5,0.1277,0.1203,0.1184,0.111
72.19,1,0.83,0.25,-0.49,5,71.7,20.46,0.1194,0.0039,0.119,0.0,0.004,-0.935,-1.853,72.88,11.52,1,-1.24,1,0.784,13.09,1.63,-5.072,1,5,0.124,0.1184,0.1203,0.1129
72.23,1,0.835,0.25,-0.3,5,71.8,20.46,0.1268,0.009,0.119,0.001,-0.001,-0.934,-1.848,72.82,11.52,1,-3.3,1,0.796,15.99,10.72,-1.337,1,5,0.1147,0.1166,0.124,0.1221
72.262,1,0.831,0.25,-0.41,5,71.7,20.46,0.1335,0.0052,0.117,-0.001,0.001,-0.932,-1.844,72.88,11.52,1,-3.3,1,0.82,15.99,10.72,-1.351,1,5,0.1147,0.1129,0.1203,0.1221
72.294,1,0.83,0.5,-0.78,5,70.8,19.97,0.1476,0.0078,0.117,-0.002,0.006,-0.931,-1.839,72.88,11.52,1,-3.3,1,0.82,15.99,10.72,-1.351,1,5,0.1166,0.1147,0.1147,0.1203
72.33,1,0.817,0.25,-1.01,5,70.2,21.6,0.1616,0.0145,0.117,-0.001,0.016,-0.93,-1.837,72.88,11.52,1,-3.3,1,0.813,15.99,10.82,-1.388,1,5,0.1183,0.1183,0.1128,0.1183
72.364,1,0.794,0.25,-1.01,5,70.4,22.15,0.1687,0.0242,0.123,-0.0,0.028,-0.928,-1.832,72.94,11.52,1,-3.3,1,0.805,15.99,11.25,-2.382,1,5,0.1219,0.1256,0.12,0.1256
72.391,1,0.814,0.5,-1.82,5,70.8,20.57,0.1825,0.0257,0.128,0.0,-0.009,-0.928,-1.829,72.94,11.52,1,-3.3,1,0.805,15.99,11.25,-2.382,1,5,0.1256,0.1311,0.1256,0.1293
72.464,1,0.8,0.75,-1.15,5,70.6,20.46,0.2036,0.0491,0.154,0.002,0.012,-0.924,-1.817,72.94,11.52,1,-3.73,1,0.827,15.99,11.24,-2.404,1,5,0.1444,0.1536,0.1592,0.1592
72.492,1,0.802,0.75,-1.03,5,70.5,20.46,0.1917,0.0247,0.162,0.002,0.025,-0.923,-1.814,72.99,11.52,1,-3.73,1,0.827,15.99,11.24,-2.404,1,5,0.1536,0.1629,0.1648,0.1666
72.596,1,0.73,1.0,-1.04,5,68.4,22.68,0.1785,0.0206,0.197,0.003,-0.022,-0.916,-1.791,73.11,11.5,1,-1.87,1,0.825,16.96,11.97,-1.401,1,5,0.185,0.2035,0.198,0.2035
72.663,1,0.716,0.75,0.26,5,67.1,22.77,0.1539,0.015,0.191,0.0,0.032,-0.913,-1.78,73.11,11.5,1,-1.87,1,0.826,16.48,11.36,-1.39,1,5,0.185,0.1924,0.1906,0.1961
72.863,1,0.765,0.75,-0.66,5,67.6,20.46,0.1524,-0.0129,0.169,0.003,-0.036,-0.903,-1.746,72.82,11.5,1,0.49,1,0.817,12.12,2.58,-2.149,1,5,0.172,0.1683,0.1757,0.1609
72.889,1,0.723,0.75,-0.41,5,66.9,21.6,0.1593,0.0094,0.166,0.005,0.006,-0.902,-1.743,72.88,11.5,1,0.49,1,0.817,12.12,2.58,-2.149,1,5,0.1646,0.1646,0.1775,0.159
72.962,1,0.798,-0.25,-0.93,5,70.2,20.46,0.1401,0.0022,0.157,0.002,0.027,-0.898,-1.73,72.71,11.5,1,0.49,1,0.818,11.15,0.72,-3.898,1,5,0.1576,0.1539,0.1649,0.1521
73.029,1,0.803,-0.25,-1.0,5,70.2,20.46,0.1303,0.0232,0.157,0.001,-0.065,-0.896,-1.721,72.59,11.49,1,0.22,1,0.818,10.66,1.14,-4.882,1,5,0.1618,0.1582,0.1582,0.1509
73.063,1,0.792,-0.5,-0.87,5,70.6,20.96,0.1254,0.0235,0.153,0.004,0.016,-0.894,-1.715,72.54,11.49,1,0.22,1,0.82,10.18,1.11,-4.998,1,5,0.1476,0.1531,0.1604,0.1494
73.122,1,0.803,-0.25,-1.04,5,71.6,20.46,0.1285,0.0236,0.142,0.003,-0.022,-0.892,-1.707,72.48,11.49,1,0.22,1,0.823,10.18,1.19,-3.249,1,5,0.134,0.1395,0.1505,0.145
73.163,1,0.809,-0.5,-0.75,5,72.4,20.96,0.1427,0.0255,0.14,0.002,0.065,-0.89,-1.702,72.59,11.49,1,0.22,1,0.825,10.66,0.75,-3.959,1,5,0.1387,0.1368,0.1461,0.1368
73.289,1,0.853,-0.75,-1.1,5,75.9,20.46,0.1331,0.0205,0.136,0.0,0.034,-0.885,-1.686,72.54,11.49,1,-1.69,1,0.83,10.18,1.24,-4.968,1,5,0.1312,0.1404,0.133,0.1404
73.36,1,0.864,-0.75,-0.44,5,77.1,20.46,0.1368,0.0311,0.142,-0.0,0.04,-0.882,-1.675,72.71,11.49,1,-1.69,1,0.81,13.57,4.48,-2.194,1,5,0.1442,0.1516,0.1313,0.1405
73.459,1,0.871,-0.75,-0.77,5,77.3,20.46,0.1718,0.0184,0.138,0.002,0.041,-0.878,-1.662,72.77,11.49,1,-3.14,1,0.84,15.99,12.29,-0.278,1,5,0.13,0.141,0.1392,0.1428
73.492,1,0.858,-0.25,-0.74,5,77.2,20.46,0.186,0.0281,0.139,0.001,0.031,-0.877,-1.659,72.82,11.49,1,-3.14,1,0.84,15.99,12.29,-0.278,1,5,0.1289,0.1398,0.1416,0.1471
73.557,1,0.863,-0.5,-0.21,5,77.0,20.96,0.1845,0.0214,0.164,0.0,-0.021,-0.873,-1.646,72.88,11.49,1,-3.14,1,0.847,15.99,13.68,0.916,1,5,0.1564,0.1674,0.1619,0.171
73.589,1,0.867,-0.25,-0.33,5,76.8,20.46,0.1878,0.0103,0.171,0.001,0.01,-0.872,-1.642,72.88,11.49,1,-3.14,1,0.847,15.99,13.68,0.916,1,5,0.1627,0.1738,0.1701,0.1757
73.621,1,0.865,-0.25,-0.08,5,76.3,20.46,0.1789,0.0103,0.177,0.0,0.015,-0.87,-1.635,72.94,11.47,1,-0.91,1,0.847,15.99,13.68,0.916,1,5,0.1683,0.1775,0.1775,0.1849
73.689,1,0.858,-0.5,-0.04,5,75.2,20.96,0.183,0.0042,0.181,0.001,0.014,-0.867,-1.625,72.88,11.47,1,-0.91,1,0.823,14.54,14.34,-2.094,1,5,0.1778,0.1852,0.1778,0.1815
73.721,1,0.864,-0.75,-0.02,5,75.2,20.46,0.1802,0.0061,0.188,0.0,-0.002,-0.864,-1.617,72.94,11.47,1,-0.91,1,0.823,14.54,14.34,-2.094,1,5,0.1889,0.1908,0.1852,0.1852
73.792,1,0.867,-0.25,-0.32,5,74.9,20.46,0.2003,0.0081,0.192,0.0,0.015,-0.861,-1.606,72.99,11.47,1,-0.91,1,0.847,11.63,6.01,-0.692,1,5,0.1849,0.1904,0.1941,0.1997
73.827,1,0.862,-0.25,-0.06,5,75.0,20.46,0.2082,0.011,0.191,-0.0,0.021,-0.859,-1.599,73.05,11.47,1,2.2,1,0.839,8.24,-0.63,-5.895,1,5,0.1848,0.1922,0.1885,0.1977
73.895,1,0.848,-0.25,0.1,5,72.9,20.46,0.2065,0.0037,0.202,-0.001,0.036,-0.854,-1.584,73.11,11.47,1,2.2,1,0.846,9.21,-0.98,-2.217,1,5,0.1944,0.1999,0.1944,0.2036
73.989,1,0.845,-0.5,-0.18,5,72.6,20.44,0.1616,-0.0003,0.208,0.001,0.043,-0.849,-1.568,73.11,11.47,1,2.2,1,0.847,9.21,0.44,-4.404,1,5,0.2039,0.2131,0.2039,0.2094
74.06,1,0.848,-0.5,0.25,5,74.0,20.44,0.1639,0.0096,0.206,-0.005,-0.019,-0.844,-1.552,73.11,11.5,1,2.14,1,0.862,9.21,0.12,-3.362,1,5,0.2073,0.1962,0.2073,0.2147
74.09,1,0.865,-0.5,0.13,5,75.3,20.44,0.1735,-0.0018,0.201,-0.005,-0.003,-0.843,-1.548,73.11,11.5,1,2.14,1,0.862,9.21,0.12,-3.362,1,5,0.1981,0.1888,0.2036,0.2129
74.127,1,0.865,-0.75,0.09,5,76.5,20.46,0.1735,0.0013,0.195,-0.001,-0.008,-0.841,-1.541,72.99,11.5,1,2.14,1,0.86,8.72,-0.5,-3.363,1,5,0.1907,0.187,0.1999,0.2018
74.16,1,0.856,-1.0,0.1,5,76.9,19.97,0.1735,0.0054,0.192,0.0,0.007,-0.838,-1.534,72.99,11.5,1,2.14,1,0.86,8.72,-0.5,-3.363,1,5,0.1923,0.1886,0.196,0.1923
74.225,1,0.859,-0.75,0.44,5,76.3,20.46,0.1265,0.0078,0.181,-0.0,0.027,-0.835,-1.524,72.99,11.5,1,0.99,1,0.88,8.72,-1.46,-5.523,1,5,0.1832,0.1776,0.1832,0.1795
74.292,1,0.848,-1.25,0.49,5,76.1,20.46,0.0941,-0.001,0.172,0.0,-0.028,-0.832,-1.514,72.88,11.5,1,0.99,1,0.88,8.72,0.07,-5.87,1,5,0.1775,0.172,0.1738,0.1664
74.325,1,0.856,-1.25,0.52,5,75.9,20.46,0.0941,0.0041,0.169,-0.001,-0.086,-0.83,-1.507,72.77,11.5,1,0.99,1,0.879,8.24,-1.94,-5.53,1,5,0.1738,0.1572,0.1775,0.1664
74.388,1,0.874,-1.75,0.17,5,75.6,20.46,0.1152,0.0024,0.153,0.0,-0.029,-0.828,-1.499,72.54,11.5,1,0.99,1,0.881,8.24,-3.09,-4.427,1,5,0.1573,0.1369,0.1684,0.148
74.426,1,0.884,-1.75,0.15,5,75.6,20.46,0.1221,0.0148,0.145,0.006,-0.018,-0.826,-1.493,72.54,11.5,1,-1.64,1,0.877,11.15,5.18,-4.726,1,5,0.1517,0.1443,0.1573,0.1258
74.495,1,0.898,-2.25,-0.43,5,75.7,20.46,0.1453,0.0132,0.133,0.005,-0.047,-0.823,-1.483,72.08,11.5,1,-1.64,1,0.871,11.63,2.25,-5.398,1,5,0.1394,0.1302,0.1449,0.1174
74.589,1,0.883,-2.25,-0.43,5,75.6,20.46,0.149,0.0313,0.122,0.004,0.021,-0.821,-1.474,71.96,11.5,1,-1.64,1,0.888,14.06,11.42,-2.245,1,5,0.1189,0.1171,0.1335,0.1171
74.628,1,0.883,-2.25,-0.28,5,75.7,20.46,0.163,0.0316,0.124,0.006,0.054,-0.82,-1.469,72.08,11.54,1,-3.65,1,0.894,14.54,10.6,-1.921,1,5,0.1163,0.1274,0.1311,0.12
74.688,1,0.885,-2.25,0.03,5,76.1,20.46,0.1748,0.0278,0.129,0.004,-0.005,-0.817,-1.461,72.08,11.54,1,-3.65,1,0.9,14.54,10.74,-3.321,1,5,0.1221,0.1388,0.1258,0.1277
74.728,1,0.889,-2.25,-0.12,5,76.0,20.46,0.182,0.0195,0.136,-0.001,0.022,-0.815,-1.456,72.14,11.54,1,-3.65,1,0.902,14.54,10.27,-2.628,1,5,0.1331,0.1405,0.1294,0.1405
74.788,1,0.887,-1.75,-0.47,5,76.1,20.46,0.1755,0.0234,0.146,-0.001,0.096,-0.812,-1.447,72.25,11.54,1,-3.65,1,0.908,14.54,10.71,-3.3,1,5,0.1422,0.1496,0.1403,0.1533
74.828,1,0.878,-1.75,0.18,5,75.8,20.46,0.1828,0.0271,0.155,0.001,0.026,-0.811,-1.441,72.42,11.54,1,-2.8,1,0.899,15.51,11.77,-1.938,1,5,0.1496,0.1662,0.1459,0.1588
74.892,1,0.892,-1.5,-0.06,5,76.1,20.2,0.1977,0.0098,0.164,0.001,0.005,-0.808,-1.435,72.42,11.54,1,-2.8,1,0.906,15.51,11.86,-3.236,1,5,0.1608,0.1774,0.1534,0.1663
74.992,1,0.883,-1.25,0.65,5,77.3,20.46,0.176,0.0145,0.176,0.003,-0.03,-0.803,-1.418,72.59,11.54,1,-2.8,1,0.901,15.99,12.86,-3.914,1,5,0.1627,0.1812,0.1757,0.183
75.028,1,0.865,-1.0,0.56,5,77.5,19.97,0.156,-0.0054,0.189,0.0,-0.027,-0.8,-1.407,72.54,11.58,1,-1.33,1,0.91,15.99,11.47,-3.706,1,5,0.181,0.1921,0.1865,0.1958
75.054,1,0.859,-0.75,0.43,5,77.6,20.46,0.1626,-0.0066,0.19,0.0,0.029,-0.799,-1.403,72.54,11.58,1,-1.33,1,0.91,15.99,11.47,-3.706,1,5,0.181,0.1921,0.1865,0.1958
75.093,1,0.855,-0.75,0.38,5,77.7,20.46,0.1626,-0.0056,0.185,-0.0,-0.064,-0.797,-1.396,72.48,11.58,1,-1.33,1,0.897,15.51,11.89,-3.297,1,5,0.1866,0.1848,0.1922,0.194
75.126,1,0.857,-1.25,0.49,5,77.7,20.46,0.1756,-0.0045,0.18,0.003,-0.03,-0.794,-1.389,72.48,11.58,1,-1.33,1,0.86,11.63,7.15,-2.004,1,5,0.1777,0.1759,0.1888,0.1759
75.187,1,0.841,-1.5,0.3,5,78.4,20.44,0.1585,-0.0002,0.179,0.003,-0.037,-0.792,-1.382,72.31,11.58,1,-1.33,1,0.901,11.15,1.87,-6.92,1,5,0.1812,0.1793,0.1849,0.172
75.225,1,0.846,-1.25,0.45,5,78.5,20.46,0.1345,0.0081,0.18,0.002,-0.032,-0.79,-1.376,72.36,11.58,1,-0.57,1,0.901,11.15,1.87,-6.92,1,5,0.1829,0.1774,0.1866,0.1737
75.289,1,0.865,-1.25,0.47,5,78.5,20.46,0.116,0.0029,0.172,-0.002,0.064,-0.787,-1.366,72.42,11.58,1,-0.57,1,0.901,11.15,0.35,-5.178,1,5,0.1737,0.1718,0.1682,0.1737
75.324,1,0.862,-1.25,0.27,5,78.6,20.46,0.116,0.0025,0.165,-0.001,-0.002,-0.785,-1.36,72.36,11.58,1,-0.57,1,0.901,11.15,0.35,-5.178,1,5,0.1664,0.1683,0.1609,0.1664
75.388,1,0.882,-1.25,0.25,5,78.7,20.46,0.1084,0.0065,0.158,0.001,-0.027,-0.782,-1.351,72.31,11.58,1,-0.57,1,0.892,11.15,1.78,-5.419,1,5,0.1516,0.1535,0.1646,0.1627
75.425,1,0.879,-1.25,0.29,5,78.4,20.46,0.1084,0.0069,0.149,0.002,0.017,-0.781,-1.345,72.31,11.58,1,-2.5,1,0.894,11.15,0.45,-2.811,1,5,0.1388,0.1462,0.1554,0.1554
75.492,1,0.889,-1.5,0.16,5,78.3,20.44,0.091,0.0061,0.137,0.005,-0.045,-0.779,-1.338,72.36,11.58,1,-2.5,1,0.877,14.54,9.48,-4.531,1,5,0.1314,0.1444,0.1388,0.1333
75.525,1,0.895,-1.5,-0.26,5,78.1,19.97,0.1048,0.0113,0.135,0.004,-0.013,-0.777,-1.332,72.25,11.58,1,-2.5,1,0.902,14.54,8.31,-5.035,1,5,0.1351,0.1407,0.137,0.1277
75.561,1,0.889,-1.25,-0.47,5,77.5,20.46,0.1122,0.0186,0.133,-0.0,-0.024,-0.775,-1.328,72.25,11.58,1,-2.5,1,0.897,14.54,9.38,-4.505,1,5,0.1388,0.1314,0.1333,0.1277
75.586,1,0.886,-1.25,-0.42,5,78.0,20.46,0.1258,0.0202,0.129,-0.002,-0.003,-0.774,-1.325,72.25,11.58,1,-2.5,1,0.897,14.54,9.38,-4.505,1,5,0.1333,0.124,0.1296,0.1296
75.625,1,0.886,-1.5,-0.18,5,78.1,19.97,0.1328,0.0197,0.12,-0.006,0.008,-0.773,-1.321,72.25,11.58,1,-4.17,1,0.897,14.54,9.38,-4.505,1,5,0.1217,0.1107,0.118,0.1291
75.659,1,0.869,-1.25,-0.24,5,77.9,20.46,0.1445,0.0183,0.115,-0.003,0.087,-0.771,-1.317,72.36,11.58,1,-4.17,1,0.897,14.54,8.01,-5.685,1,5,0.1107,0.1126,0.1107,0.1255
75.689,1,0.881,-1.25,0.17,5,78.0,20.46,0.1207,0.0157,0.116,-0.001,0.049,-0.771,-1.314,72.42,11.58,1,-4.17,1,0.897,14.54,8.01,-5.685,1,5,0.1126,0.1181,0.1126,0.1218
75.725,1,0.891,-1.75,-0.11,5,77.9,20.46,0.116,0.0079,0.119,0.002,0.011,-0.769,-1.31,72.36,11.58,1,-4.17,1,0.895,14.54,9.21,-1.598,1,5,0.113,0.1278,0.1148,0.1223
75.788,1,0.882,-1.5,-0.21,5,78.1,19.97,0.1369,0.0191,0.115,0.002,-0.039,-0.767,-1.303,72.31,11.58,1,-4.17,1,0.898,14.54,9.41,-4.519,1,5,0.1092,0.1166,0.1166,0.1166
75.827,1,0.875,-1.0,-0.33,5,77.9,20.2,0.1371,0.0179,0.109,0.004,-0.046,-0.766,-1.299,72.25,11.58,1,-4.17,1,0.895,14.54,9.37,-4.514,1,5,0.1072,0.1091,0.1165,0.1017
75.888,1,0.881,-0.75,-0.72,5,76.5,20.46,0.1511,0.0155,0.111,0.004,0.063,-0.764,-1.292,72.25,11.58,1,-4.17,1,0.893,15.03,8.88,-3.535,1,5,0.109,0.1164,0.1146,0.1053
75.919,1,0.878,-1.0,-0.09,5,76.3,20.44,0.1579,0.0223,0.117,0.004,-0.004,-0.763,-1.288,72.42,11.58,1,-4.17,1,0.893,15.03,8.88,-3.535,1,5,0.1109,0.1257,0.1165,0.1146
75.955,1,0.879,-1.0,-0.34,5,76.6,20.2,0.1681,0.0109,0.122,-0.0,-0.048,-0.761,-1.283,72.31,11.58,1,-4.17,1,0.893,15.03,8.88,-3.535,1,5,0.1184,0.124,0.1184,0.1258
75.991,1,0.878,-1.0,-0.45,5,76.6,20.44,0.1681,0.0173,0.124,-0.002,0.037,-0.76,-1.281,72.31,11.58,1,-4.17,1,0.888,14.54,9.36,-4.502,1,5,0.1258,0.124,0.1203,0.1258
76.021,1,0.879,-1.25,-0.22,5,76.8,20.46,0.1563,0.0196,0.132,-0.006,0.037,-0.759,-1.275,72.36,11.6,1,-3.76,1,0.888,14.54,9.36,-4.502,1,5,0.1368,0.1294,0.1239,0.1387
76.059,1,0.883,-1.0,-0.38,5,76.7,20.2,0.1374,0.0166,0.14,-0.004,0.035,-0.757,-1.27,72.48,11.6,1,-3.76,1,0.885,15.03,8.86,-3.535,1,5,0.1405,0.1424,0.1294,0.1479
76.087,1,0.88,-1.0,-0.3,5,76.9,20.2,0.1512,0.0175,0.142,-0.003,-0.009,-0.756,-1.267,72.48,11.6,1,-3.76,1,0.885,15.03,8.86,-3.535,1,5,0.1368,0.1498,0.1294,0.1535
76.127,1,0.88,-1.0,-0.4,5,77.0,20.44,0.1652,0.0163,0.145,0.0,0.047,-0.754,-1.261,72.59,11.6,1,-3.76,1,0.883,15.03,9.76,-1.575,1,5,0.1386,0.1552,0.1349,0.1515
76.16,1,0.88,-1.0,-0.32,5,76.9,20.2,0.1725,0.0193,0.146,0.0,-0.055,-0.752,-1.256,72.54,11.6,1,-3.76,1,0.89,14.54,11.18,-0.676,1,5,0.1423,0.1515,0.1423,0.1497
76.188,1,0.876,-1.25,-0.27,5,77.1,20.46,0.1862,0.0178,0.147,-0.002,-0.004,-0.751,-1.253,72.54,11.6,1,-3.76,1,0.89,14.54,11.18,-0.676,1,5,0.1478,0.1441,0.146,0.1497
76.223,1,0.886,-1.0,-0.53,5,77.4,20.2,0.1932,0.0196,0.147,-0.002,0.01,-0.75,-1.247,72.59,11.6,1,-3.22,1,0.893,15.03,10.7,0.392,1,5,0.1461,0.1405,0.1498,0.1535
76.256,1,0.871,-0.75,-0.08,5,77.2,20.46,0.2076,0.0244,0.151,-0.002,0.007,-0.748,-1.241,72.65,11.6,1,-3.22,1,0.892,15.51,10.79,-0.725,1,5,0.1475,0.1512,0.1475,0.1585
76.294,1,0.856,-1.0,0.26,5,77.3,20.44,0.2078,0.0081,0.161,0.002,0.065,-0.746,-1.235,72.77,11.6,1,-3.22,1,0.897,15.51,11.78,-1.884,1,5,0.1475,0.1641,0.1493,0.1622
76.323,1,0.859,-0.75,-0.01,5,76.4,20.46,0.2037,0.0015,0.17,0.001,0.053,-0.745,-1.231,72.82,11.6,1,-3.22,1,0.897,15.51,11.78,-1.884,1,5,0.1606,0.1809,0.1624,0.1772
76.357,1,0.834,-0.75,-0.04,5,76.8,20.46,0.1972,0.0063,0.187,0.001,0.041,-0.742,-1.223,72.82,11.6,1,-3.22,1,0.902,15.51,12.66,0.071,1,5,0.1747,0.1912,0.1839,0.1968
76.387,1,0.849,-0.5,-0.06,5,76.8,20.44,0.1736,0.0072,0.192,-0.0,0.036,-0.741,-1.22,72.88,11.6,1,-3.22,1,0.902,15.51,12.66,0.071,1,5,0.1819,0.1911,0.1911,0.2022
76.42,1,0.846,-0.5,0.5,5,76.3,20.44,0.1617,0.0046,0.196,-0.001,0.029,-0.739,-1.212,72.88,11.6,1,-0.95,1,0.902,15.51,12.66,0.071,1,5,0.1933,0.1988,0.1896,0.2006
76.453,1,0.895,-0.5,0.1,5,75.4,20.81,0.164,-0.0089,0.196,0.0,0.026,-0.738,-1.208,72.94,11.6,1,-0.95,1,0.902,15.51,12.66,0.071,1,5,0.1952,0.2043,0.1879,0.1952
76.488,1,0.873,-0.25,-0.17,5,74.8,20.81,0.1779,0.0014,0.195,0.001,0.066,-0.735,-1.201,72.99,11.6,1,-0.95,1,0.902,15.51,12.66,0.071,1,5,0.2002,0.2075,0.1857,0.1875
76.52,1,0.86,0.25,0.1,5,75.3,20.81,0.1849,0.0057,0.192,0.002,-0.014,-0.733,-1.193,72.99,11.6,1,-0.95,1,0.902,15.51,12.66,0.071,1,5,0.191,0.1946,0.1928,0.1892
76.619,1,0.883,-0.5,-0.05,5,75.7,21.02,0.1817,-0.006,0.189,0.006,-0.003,-0.728,-1.175,72.82,11.59,1,1.37,1,0.898,12.6,4.77,-2.584,1,5,0.1806,0.1861,0.2043,0.1861
76.656,1,0.887,-0.5,-0.07,5,75.4,21.02,0.196,0.0073,0.189,0.003,-0.045,-0.726,-1.168,72.71,11.59,1,1.37,1,0.898,12.6,4.77,-2.584,1,5,0.1862,0.1844,0.2026,0.1826
76.686,1,0.892,-0.5,-0.17,5,75.5,21.02,0.2089,0.0074,0.187,0.001,-0.043,-0.725,-1.164,72.65,11.59,1,1.37,1,0.894,10.18,6.32,-1.511,1,5,0.1898,0.1788,0.1971,0.1806
76.793,1,0.886,-1.0,-0.39,5,75.9,21.02,0.1846,0.0093,0.196,-0.001,0.023,-0.718,-1.142,72.65,11.59,1,1.37,1,0.927,7.76,-2.22,-4.755,1,5,0.1903,0.1959,0.1922,0.1959
76.82,1,0.898,-0.75,-0.54,5,76.0,20.81,0.1728,0.021,0.196,-0.003,0.008,-0.717,-1.138,72.71,11.59,1,1.37,1,0.927,7.76,-2.22,-4.755,1,5,0.1923,0.1923,0.1941,0.2071
76.919,1,0.917,-1.0,-0.29,5,76.3,21.02,0.129,0.018,0.187,-0.0,0.016,-0.711,-1.12,72.71,11.59,1,1.37,1,0.934,7.76,-2.11,-4.767,1,5,0.1873,0.1855,0.1892,0.1873
77.02,1,0.914,-1.25,0.13,5,76.7,20.81,0.0935,0.0144,0.169,0.002,-0.025,-0.706,-1.104,72.65,11.58,1,-1.19,1,0.948,7.76,-3.03,-6.845,1,5,0.1627,0.172,0.1701,0.172
77.12,1,0.914,-1.5,-0.17,5,76.5,20.44,0.0916,0.0094,0.152,-0.003,-0.035,-0.701,-1.089,72.54,11.58,1,-1.19,1,0.954,10.66,4.04,-6.002,1,5,0.1565,0.1436,0.1547,0.1547
77.224,1,0.915,-2.0,-0.3,5,76.5,20.44,0.097,0.017,0.131,0.005,-0.063,-0.698,-1.076,72.42,11.58,1,-3.54,1,0.908,13.09,3.56,0.0,0,5,0.1272,0.1383,0.1346,0.1253
77.319,1,0.915,-2.5,-0.36,5,75.7,20.2,0.1134,0.0244,0.112,-0.003,-0.034,-0.694,-1.066,72.31,11.58,1,-3.54,1,0.951,13.57,8.65,-5.26,1,5,0.1164,0.0961,0.122,0.1146
77.42,1,0.914,-2.5,-0.42,5,75.4,20.44,0.09,0.0298,0.099,0.005,0.059,-0.691,-1.056,72.31,11.58,1,-4.23,1,0.954,13.09,8.06,-6.626,1,5,0.0981,0.1092,0.0981,0.0889
77.457,1,0.912,-2.5,-0.37,5,74.8,20.44,0.09,0.0305,0.093,0.007,-0.019,-0.691,-1.053,72.31,11.58,1,-4.23,1,0.954,13.09,8.06,-6.626,1,5,0.0853,0.1056,0.0945,0.0871
77.519,1,0.918,-2.75,-0.28,5,74.7,20.44,0.09,0.0292,0.083,0.001,-0.03,-0.689,-1.048,72.19,11.58,1,-4.23,1,0.942,13.57,6.99,-7.082,1,5,0.0778,0.0797,0.089,0.0853
77.557,1,0.919,-3.24,-0.59,5,75.0,20.44,0.09,0.0305,0.078,-0.003,-0.053,-0.688,-1.045,72.08,11.58,1,-4.23,1,0.926,17.45,17.5,0.0,0,5,0.0834,0.0648,0.0852,0.0778
77.591,1,0.926,-3.49,-1.14,5,75.0,20.44,0.1036,0.0415,0.077,-0.003,-0.022,-0.687,-1.044,72.02,11.58,1,-4.23,1,0.959,16.48,15.47,-4.26,1,5,0.087,0.0629,0.0851,0.074
77.719,1,0.923,-3.49,-0.78,5,75.2,20.44,0.1455,0.0582,0.076,-0.002,0.124,-0.684,-1.034,72.14,11.6,1,-5.27,1,0.959,15.99,13.59,-4.127,1,5,0.0722,0.087,0.0611,0.0851
77.82,1,0.921,-2.99,-0.39,5,76.1,19.97,0.1319,0.048,0.105,-0.003,0.05,-0.68,-1.024,72.59,11.6,1,-4.19,1,0.955,17.45,16.38,-4.721,1,5,0.0908,0.1185,0.0852,0.1241
77.89,1,0.919,-2.75,-0.4,5,75.9,20.44,0.1444,0.0348,0.117,-0.006,0.077,-0.678,-1.017,72.77,11.6,1,-4.19,1,0.972,17.45,13.78,-2.476,1,5,0.1167,0.1204,0.1019,0.1297
77.924,1,0.92,-2.25,-0.32,5,75.4,20.44,0.1513,0.0325,0.119,-0.004,0.049,-0.676,-1.013,72.88,11.6,1,-4.19,1,0.968,17.45,16.43,-1.636,1,5,0.1149,0.1186,0.1112,0.1316
77.958,1,0.922,-1.75,0.17,5,75.8,20.2,0.166,0.0257,0.121,-0.002,0.041,-0.675,-1.008,72.99,11.6,1,-4.19,1,0.971,17.93,15.4,-3.322,1,5,0.1131,0.1261,0.1113,0.1335
77.989,1,0.926,-1.75,0.79,5,75.6,20.0,0.1748,0.008,0.123,-0.0,0.029,-0.674,-1.005,72.99,11.6,1,-4.19,1,0.969,18.42,16.22,-1.314,1,5,0.1131,0.1335,0.1113,0.1335
78.019,1,0.93,-1.25,0.64,5,75.3,19.85,0.1816,-0.0083,0.13,0.003,0.043,-0.673,-1.0,73.17,11.62,1,-1.16,1,0.969,18.42,16.22,-1.314,1,5,0.1166,0.1481,0.1166,0.137
78.119,1,0.916,-0.75,0.78,5,73.0,20.44,0.1697,-0.0069,0.155,0.001,0.044,-0.668,-0.985,73.34,11.62,1,-1.16,1,0.961,15.99,10.08,-3.482,1,5,0.1464,0.1592,0.1537,0.161
78.22,1,0.918,-0.5,0.14,5,70.1,20.44,0.1341,-0.011,0.163,0.003,0.039,-0.664,-0.969,73.45,11.62,1,0.77,1,0.964,12.6,3.81,-4.639,1,5,0.1616,0.1745,0.1561,0.158
78.257,1,0.912,-0.25,-0.06,5,69.1,20.46,0.1331,0.0,0.162,-0.0,0.061,-0.662,-0.963,73.51,11.62,1,0.77,1,0.961,12.6,3.39,-3.871,1,5,0.1637,0.1618,0.1618,0.1618
78.32,1,0.807,0.75,0.34,5,63.0,20.44,0.1439,0.0023,0.16,-0.0,-0.092,-0.659,-0.954,73.4,11.62,1,0.77,1,0.953,13.09,3.01,-4.297,1,5,0.1563,0.1508,0.1673,0.1637
78.356,1,0.808,0.0,0.22,5,62.6,20.44,0.1439,-0.018,0.153,0.006,0.054,-0.658,-0.948,73.28,11.62,1,0.77,1,0.938,12.6,4.82,-2.566,1,5,0.1452,0.1525,0.1654,0.1507
78.39,1,0.808,0.25,-0.19,5,62.2,20.44,0.1577,-0.0055,0.151,0.008,-0.007,-0.657,-0.945,73.28,11.62,1,0.77,1,0.942,12.6,1.98,-3.547,1,5,0.1415,0.1544,0.1636,0.1452
78.424,1,0.815,0.25,-0.08,5,62.9,20.44,0.1677,0.0017,0.146,0.006,-0.059,-0.656,-0.94,73.17,11.62,1,-0.19,1,0.937,12.6,3.88,-4.584,1,5,0.1414,0.1433,0.1598,0.1377
78.456,1,0.809,0.0,-0.09,5,63.0,20.44,0.1551,-0.0011,0.146,0.003,-0.005,-0.655,-0.937,73.17,11.62,1,-0.19,1,0.936,11.63,2.67,-4.654,1,5,0.147,0.1378,0.1599,0.1378
78.52,1,0.815,0.0,-0.03,5,63.6,20.44,0.1205,0.0019,0.148,0.001,-0.003,-0.652,-0.928,73.17,11.62,1,-0.19,1,0.927,11.63,2.38,-5.448,1,5,0.1493,0.1493,0.1493,0.1438
78.62,1,0.794,0.0,0.0,5,62.4,20.44,0.1284,0.0008,0.143,0.002,-0.013,-0.648,-0.914,73.17,11.64,1,-1.61,1,0.895,12.12,1.88,-4.357,1,5,0.1349,0.1441,0.146,0.146
78.656,1,0.795,0.0,-0.37,5,62.3,20.44,0.142,-0.0,0.14,0.001,-0.026,-0.647,-0.909,73.11,11.64,1,-1.61,1,0.897,11.63,2.7,-4.628,1,5,0.1366,0.1329,0.1495,0.1421
78.719,1,0.809,-0.5,-1.1,5,62.5,20.44,0.1217,0.0071,0.132,0.0,-0.02,-0.645,-0.902,73.05,11.64,1,-1.61,1,0.894,11.63,1.33,-5.902,1,5,0.1362,0.1289,0.1362,0.127
78.75,1,0.805,-0.5,-0.77,5,62.7,20.44,0.0979,0.0251,0.13,-0.001,-0.045,-0.644,-0.899,72.99,11.64,1,-1.61,1,0.894,11.63,1.33,-5.902,1,5,0.1344,0.1289,0.1289,0.1289
78.819,1,0.824,-0.5,-1.07,5,63.6,20.44,0.1073,0.0187,0.121,-0.001,0.003,-0.641,-0.89,72.99,11.64,1,-3.44,1,0.889,11.63,0.85,-5.126,1,5,0.1183,0.1183,0.122,0.1257
78.855,1,0.824,-0.75,-1.02,5,63.6,20.56,0.1177,0.0251,0.117,0.002,-0.035,-0.64,-0.886,72.99,11.64,1,-3.44,1,0.889,11.63,0.85,-5.126,1,5,0.1166,0.1147,0.1258,0.1184
78.919,1,0.848,-1.0,-1.09,5,64.6,20.44,0.1386,0.0296,0.111,0.0,-0.004,-0.638,-0.879,72.94,11.64,1,-3.44,1,0.898,14.54,9.73,-3.793,1,5,0.113,0.1111,0.1111,0.1093
78.95,1,0.872,-1.0,-1.2,5,66.2,20.44,0.1525,0.0358,0.109,-0.0,0.004,-0.637,-0.877,72.94,11.64,1,-3.44,1,0.898,14.54,9.73,-3.793,1,5,0.1111,0.1148,0.1037,0.1074
79.056,1,0.881,0.0,-1.35,5,67.7,20.0,0.1741,0.041,0.124,0.002,0.091,-0.633,-0.863,73.4,11.65,1,-4.22,1,0.899,15.51,10.67,-4.451,1,5,0.1053,0.1385,0.1145,0.1385
79.089,1,0.878,0.0,-0.83,5,67.2,20.44,0.1502,0.0289,0.131,0.001,0.088,-0.632,-0.86,73.51,11.65,1,-4.22,1,0.893,16.48,11.33,1.525,1,5,0.1126,0.144,0.12,0.1476
79.155,1,0.9,0.5,-0.16,5,69.5,20.44,0.1713,0.0202,0.151,-0.006,-0.015,-0.628,-0.849,73.8,11.65,1,-4.22,1,0.897,17.45,13.22,-2.234,1,5,0.1479,0.1627,0.1276,0.1664
79.325,1,0.88,0.75,0.3,5,68.1,20.46,0.1935,-0.0006,0.174,-0.003,-0.01,-0.62,-0.823,74.14,11.65,1,-2.26,1,0.903,18.42,14.33,-2.176,1,5,0.1698,0.1772,0.1643,0.1846
79.355,1,0.89,0.75,0.19,5,68.5,20.46,0.1936,-0.0164,0.182,-0.005,0.003,-0.618,-0.816,74.14,11.65,1,-2.26,1,0.899,17.93,14.61,-0.334,1,5,0.1848,0.1848,0.17,0.1885
79.423,1,0.893,0.5,0.4,5,68.6,20.44,0.1863,-0.0125,0.19,-0.003,0.021,-0.615,-0.805,74.37,11.65,1,0.29,1,0.88,15.51,12.86,-1.463,1,5,0.1889,0.1926,0.1815,0.1982
79.517,1,0.897,0.25,0.06,5,68.7,20.46,0.1677,-0.0144,0.193,-0.008,0.102,-0.609,-0.787,74.26,11.65,1,0.29,1,0.898,14.06,7.79,-3.584,1,5,0.2015,0.1886,0.1812,0.2015
79.555,1,0.877,0.75,0.19,5,67.5,20.46,0.1665,-0.003,0.19,-0.006,0.01,-0.607,-0.779,74.43,11.65,1,0.29,1,0.895,12.12,1.03,-6.267,1,5,0.1924,0.1832,0.1832,0.1998
79.588,1,0.866,0.75,0.46,5,66.7,20.56,0.1585,-0.0121,0.19,-0.005,-0.048,-0.605,-0.776,74.43,11.65,1,0.29,1,0.895,12.12,2.87,-3.837,1,5,0.1906,0.185,0.185,0.1998
79.622,1,0.865,0.5,0.23,5,66.6,20.81,0.1585,-0.0186,0.189,-0.005,-0.052,-0.603,-0.768,74.31,11.66,1,1.38,1,0.888,11.63,3.37,-3.467,1,5,0.1907,0.1851,0.1833,0.1962
79.649,1,0.848,0.75,-0.1,5,65.1,20.81,0.1702,-0.0102,0.188,-0.005,-0.004,-0.602,-0.765,74.31,11.66,1,1.38,1,0.888,11.63,3.37,-3.467,1,5,0.1907,0.187,0.1796,0.1944
79.723,1,0.844,0.75,0.89,5,64.6,20.81,0.146,-0.0049,0.173,-0.0,-0.027,-0.598,-0.752,74.43,11.66,1,1.38,1,0.88,12.6,2.34,-2.708,1,5,0.1738,0.1701,0.1757,0.1738
79.823,1,0.821,0.75,0.38,5,63.4,21.02,0.1623,-0.0289,0.167,-0.004,0.075,-0.594,-0.736,74.31,11.66,1,0.82,1,0.795,11.63,4.99,3.534,1,5,0.1758,0.1665,0.161,0.1665
79.856,1,0.818,0.75,0.86,5,62.7,20.56,0.1681,-0.0165,0.159,-0.006,0.039,-0.592,-0.73,74.48,11.66,1,0.82,1,0.779,12.12,7.28,0.0,0,5,0.1648,0.1499,0.1555,0.1666
79.917,1,0.821,0.75,0.89,5,62.8,21.02,0.1886,-0.0307,0.161,-0.004,-0.066,-0.589,-0.72,74.37,11.66,1,0.82,1,0.78,12.12,9.03,0.0,0,5,0.1615,0.1579,0.156,0.1689
80.023,1,0.803,0.5,0.81,5,62.0,21.02,0.1851,-0.0313,0.168,-0.003,0.05,-0.584,-0.704,74.31,11.66,1,2.16,1,0.767,11.15,17.45,0.0,0,5,0.1758,0.1591,0.1721,0.1665
80.054,1,0.809,0.25,0.66,5,62.0,21.02,0.1748,-0.025,0.178,-0.001,-0.055,-0.582,-0.697,74.2,11.66,1,2.16,1,0.767,11.15,17.45,0.0,0,5,0.1847,0.1754,0.1773,0.1736
80.153,1,0.809,0.75,-0.1,5,60.9,20.81,0.114,-0.0137,0.183,0.002,0.001,-0.578,-0.682,74.14,11.66,1,2.16,1,0.722,10.18,44.52,0.0,0,5,0.1786,0.1859,0.1841,0.1841
80.249,1,0.8,0.75,-0.37,5,60.5,21.1,0.09,-0.0056,0.166,0.003,-0.022,-0.574,-0.666,74.03,11.66,1,5.48,1,0.697,5.33,58.08,0.0,0,5,0.1674,0.1619,0.1748,0.1582
80.288,1,0.811,0.5,-0.54,5,61.4,20.96,0.09,-0.0007,0.158,-0.002,-0.039,-0.572,-0.661,73.97,11.66,1,5.48,1,0.659,1.45,63.34,0.0,0,5,0.162,0.1454,0.1657,0.1583
80.355,1,0.843,0.0,-0.67,5,63.6,20.81,0.09,0.0054,0.135,-0.001,0.008,-0.569,-0.65,73.85,11.66,1,5.48,1,0.556,-4.36,69.25,0.0,0,5,0.1462,0.1314,0.137,0.1259
80.454,1,0.829,-0.25,-0.62,5,62.4,21.02,0.09,0.0125,0.121,0.007,-0.084,-0.567,-0.641,73.63,11.66,1,13.27,1,0.556,-12.12,70.88,0.0,0,5,0.1181,0.1237,0.1329,0.1089
80.548,1,0.84,-0.25,-1.29,5,63.4,20.56,0.09,0.0136,0.092,0.003,0.028,-0.564,-0.632,73.51,11.66,1,13.27,1,0.554,-21.81,71.88,0.0,0,5,0.0876,0.0913,0.0986,0.0895
80.655,1,0.841,-0.75,-0.98,5,63.4,20.46,0.09,0.025,0.072,-0.002,-0.029,-0.561,-0.623,73.51,11.66,1,20.84,1,0.515,-31.02,70.69,0.0,0,5,0.081,0.0663,0.0736,0.0681
80.72,1,0.85,-0.75,-0.98,5,64.0,20.46,0.09,0.0251,0.071,0.001,0.008,-0.56,-0.619,73.51,11.66,1,20.84,1,0.542,-35.38,70.21,0.0,0,5,0.0721,0.0739,0.0702,0.0684
80.755,1,0.849,-0.75,-0.99,5,64.0,20.46,0.09,0.0247,0.068,-0.001,-0.017,-0.559,-0.617,73.51,11.66,1,20.84,1,0.536,-35.87,69.51,0.0,0,5,0.0684,0.0739,0.0684,0.0702
80.853,1,0.876,-0.5,-1.08,5,66.3,20.57,0.09,0.0242,0.06,0.001,0.042,-0.558,-0.612,73.57,11.66,1,26.48,1,0.551,-36.84,69.27,0.0,0,5,0.0554,0.0683,0.0535,0.0627
80.888,1,0.88,-0.25,-0.89,5,66.4,20.46,0.09,0.0228,0.058,0.003,0.026,-0.558,-0.61,73.63,11.66,1,26.48,1,0.526,-33.93,68.96,0.0,0,5,0.0498,0.0682,0.0535,0.059
80.922,1,0.878,-0.25,-0.86,5,66.4,20.46,0.09,0.0165,0.058,0.002,0.022,-0.557,-0.608,73.68,11.66,1,26.48,1,0.546,-32.96,67.81,0.0,0,5,0.048,0.0646,0.0554,0.0646
80.953,1,0.879,0.0,-1.08,5,66.3,20.44,0.09,0.0164,0.06,0.002,0.027,-0.557,-0.606,73.74,11.66,1,26.48,1,0.57,-31.02,67.46,0.0,0,5,0.0499,0.0665,0.0573,0.0647
80.988,1,0.882,0.25,-0.9,5,66.4,20.46,0.09,0.0176,0.061,0.0,0.058,-0.556,-0.604,73.85,11.66,1,26.48,1,0.565,-29.08,67.5,0.0,0,5,0.0537,0.0648,0.0574,0.0666
81.052,1,0.905,0.25,-0.49,5,68.9,20.46,0.09,0.0122,0.063,-0.002,0.031,-0.555,-0.6,73.97,11.66,1,31.3,1,0.576,-29.08,66.99,0.0,0,5,0.0591,0.0665,0.0554,0.0721
81.121,1,0.879,0.25,2.09,5,70.2,20.56,0.09,0.0057,0.069,-0.001,-0.015,-0.553,-0.595,74.08,11.66,1,31.3,1,0.586,-25.2,64.99,0.0,0,5,0.0665,0.0721,0.0628,0.0739
81.154,1,0.857,0.25,2.55,5,70.5,20.56,0.09,-0.0392,0.073,0.0,-0.002,-0.552,-0.592,74.08,11.66,1,31.3,1,0.602,-23.75,64.72,0.0,0,5,0.0702,0.0758,0.0702,0.0758
81.288,1,0.745,0.25,0.07,4,73.5,20.25,0.09,-0.0468,0.073,0.0,-0.02,-0.55,-0.584,73.97,11.66,1,38.64,1,0.664,-24.23,58.82,0.0,0,5,0.0744,0.0707,0.0744,0.0707
81.349,1,0.68,0.25,3.71,4,73.1,20.25,0.09,-0.0034,0.07,-0.001,-0.015,-0.549,-0.579,73.91,11.66,1,38.64,1,0.676,-22.78,57.07,0.0,0,5,0.0755,0.0718,0.0663,0.0682
81.387,1,0.653,0.0,4.35,4,73.0,20.56,0.09,-0.067,0.072,-0.0,0.038,-0.548,-0.577,73.97,11.66,1,38.64,1,0.707,-20.84,55.48,0.0,0,5,0.0753,0.0735,0.0698,0.0698
81.422,1,0.627,0.0,3.76,4,72.6,20.56,0.09,-0.0751,0.074,-0.0,-0.0,-0.547,-0.574,74.03,11.66,1,38.64,1,0.713,-18.9,55.68,0.0,0,5,0.0735,0.0698,0.0772,0.0735
81.455,1,0.596,0.0,2.44,4,71.9,20.56,0.09,-0.0651,0.076,0.0,-0.024,-0.546,-0.571,73.97,11.66,1,43.23,1,0.726,-16.96,55.6,0.0,0,5,0.0811,0.07,0.0811,0.07
81.487,1,0.579,-0.25,7.17,4,71.8,21.9,0.09,-0.0422,0.076,-0.0,-0.045,-0.546,-0.57,73.91,11.66,1,43.23,1,0.734,-17.45,54.85,0.0,0,5,0.0833,0.0703,0.0815,0.0703
81.554,1,0.508,-0.5,17.02,4,69.3,25.86,0.09,-0.1222,0.081,0.0,-0.078,-0.544,-0.565,73.68,11.66,1,43.23,1,0.76,-16.48,49.6,0.0,0,5,0.0876,0.0751,0.0876,0.0733
81.655,1,0.394,-2.0,22.04,3,65.8,24.79,0.09,-0.2919,0.08,-0.001,-0.177,-0.542,-0.556,72.99,11.65,1,44.73,1,0.776,-10.66,48.64,0.0,0,5,0.094,0.0682,0.0903,0.0627
81.686,1,0.432,-3.24,37.95,4,65.0,27.35,0.09,-0.3621,0.081,-0.003,-0.169,-0.541,-0.554,72.77,11.65,1,44.73,1,0.772,-9.69,48.15,0.0,0,5,0.1071,0.0536,0.1016,0.0609
81.749,1,0.427,-5.24,46.34,4,61.2,29.44,0.09,-0.5455,0.084,-0.006,-0.171,-0.539,-0.549,72.08,11.65,1,44.73,1,0.783,-8.72,47.61,0.0,0,5,0.1222,0.0352,0.1203,0.0574
81.786,1,0.426,-4.24,47.0,4,58.5,28.34,0.09,-0.5455,0.086,-0.005,-0.304,-0.538,-0.546,71.51,11.65,1,44.73,1,0.791,-5.82,46.99,0.0,0,5,0.133,0.0333,0.1293,0.0499
81.821,1,0.366,-3.99,48.57,3,55.9,29.45,0.09,-0.5455,0.09,-0.0,-0.466,-0.537,-0.542,70.53,11.65,1,44.73,1,0.797,-5.33,45.4,0.0,0,5,0.1495,0.0332,0.1458,0.0314
81.852,1,0.345,-4.49,51.47,3,53.4,32.94,0.09,-0.5455,0.088,-0.0,-0.527,-0.536,-0.541,69.9,11.65,1,44.73,1,0.81,-5.82,43.07,0.0,0,5,0.1586,0.024,0.1512,0.0184
81.886,1,0.34,-2.75,50.97,3,52.6,31.44,0.09,-0.5455,0.085,0.0,-0.454,-0.535,-0.538,68.75,11.65,1,44.73,1,0.821,-6.79,40.82,0.0,0,5,0.1682,0.0037,0.1682,0.0018
81.948,1,0.343,0.5,47.97,3,50.4,30.95,0.09,-0.5455,0.087,0.0,-0.507,-0.533,-0.533,67.09,11.65,1,44.73,1,0.824,-6.79,38.7,0.0,0,5,0.1739,-0.0056,0.1795,0.0
82.051,1,0.356,3.24,45.17,3,48.6,29.45,0.09,-0.5455,0.087,-0.001,-0.513,-0.529,-0.525,64.17,11.64,1,44.73,1,0.853,-7.76,28.95,0.0,0,5,0.1755,0.0,0.1718,0.0
82.087,1,0.371,4.24,44.01,3,49.9,29.45,0.09,-0.5455,0.088,-0.001,-0.476,-0.528,-0.522,63.03,11.64,1,44.73,1,0.878,-9.21,22.57,0.0,0,5,0.1792,0.0,0.1737,0.0
82.154,1,0.407,5.49,41.76,4,48.6,28.14,0.09,-0.5455,0.088,-0.003,-0.542,-0.524,-0.516,60.68,11.64,1,44.73,1,0.877,-10.18,13.77,0.0,0,5,0.1829,0.0,0.17,0.0
82.187,1,0.406,5.74,40.92,4,48.0,27.34,0.09,-0.5455,0.087,-0.001,-0.497,-0.523,-0.514,60.05,11.64,1,44.73,1,0.882,-12.6,11.36,0.0,0,5,0.1773,0.0,0.1717,0.0
82.249,1,0.408,6.49,39.47,4,45.6,26.78,0.09,-0.5455,0.091,0.002,-0.531,-0.521,-0.509,58.33,11.64,1,44.73,1,0.894,-13.57,7.33,0.0,0,5,0.1775,0.0018,0.183,0.0
82.354,1,0.448,6.74,34.18,4,51.3,25.65,0.09,-0.5455,0.088,0.001,-0.501,-0.515,-0.5,54.77,11.64,1,44.73,1,0.922,-18.9,-10.03,5.998,1,5,0.1776,0.0,0.1721,0.0
82.388,1,0.467,6.49,35.59,4,51.6,25.9,0.09,-0.5455,0.089,0.0,-0.515,-0.514,-0.499,54.2,11.64,1,44.73,1,0.92,-20.36,-15.51,1.093,1,5,0.1774,0.0,0.1792,0.0
82.454,1,0.52,5.99,35.55,5,52.7,24.52,0.09,-0.5455,0.089,-0.002,-0.531,-0.509,-0.493,51.8,11.64,1,44.73,1,0.933,-23.27,-22.44,0.0,0,5,0.1828,0.0,0.1736,0.0
82.552,1,0.609,4.49,33.4,5,58.0,23.96,0.09,-0.5455,0.09,-0.001,-0.506,-0.506,-0.489,50.08,11.64,1,44.73,1,0.939,-28.6,-31.94,0.0,0,5,0.1809,0.0,0.1772,0.0
82.586,1,0.629,3.49,32.46,5,59.4,23.94,0.09,-0.5455,0.09,-0.0,-0.509,-0.503,-0.486,48.93,11.64,1,44.73,1,0.94,-30.05,-34.96,0.0,0,5,0.1811,0.0,0.1792,0.0
82.655,1,0.735,2.25,31.17,5,59.3,23.35,0.09,-0.5455,0.088,-0.003,-0.49,-0.498,-0.481,46.58,11.63,1,44.73,1,0.942,-34.9,-40.39,0.0,0,5,0.1828,0.0,0.1699,0.0
82.686,1,0.741,1.75,30.18,5,57.8,23.2,0.09,-0.5455,0.088,-0.002,-0.509,-0.497,-0.48,45.95,11.63,1,44.73,1,0.935,-36.84,-43.65,0.0,0,5,0.181,0.0,0.1717,0.0
82.749,1,0.719,2.25,27.26,5,55.4,22.68,0.09,-0.5381,0.091,-0.001,-0.509,-0.493,-0.476,44.23,11.63,1,44.73,1,0.926,-38.78,-45.19,0.0,0,5,0.1847,0.0,0.1791,0.0
82.848,1,0.764,-2.99,25.81,5,63.7,22.04,0.09,-0.4953,0.089,0.0,-0.489,-0.487,-0.47,41.25,11.63,1,42.0,1,0.911,-46.05,-51.93,0.0,0,5,0.1754,0.0,0.1791,0.0018
82.886,1,0.82,-3.99,25.04,5,64.2,22.15,0.09,-0.4044,0.091,0.001,-0.509,-0.484,-0.468,40.11,11.63,1,42.0,1,0.911,-46.05,-51.93,0.0,0,5,0.1789,0.0018,0.1826,0.0018
82.948,1,0.814,-6.49,23.21,5,64.9,21.62,0.1111,-0.4002,0.088,-0.0,-0.461,-0.48,-0.464,38.39,11.63,1,42.0,1,0.87,-47.98,-55.27,0.0,0,5,0.1756,0.0037,0.1719,0.0018
83.12,1,0.76,-10.73,19.49,5,66.4,21.02,0.1401,-0.4469,0.11,-0.001,-0.372,-0.465,-0.454,34.43,11.63,1,30.0,1,0.922,-31.99,-39.97,0.0,0,5,0.1796,0.0407,0.1777,0.0426
83.147,1,0.815,-11.23,18.57,5,65.3,21.02,0.1542,-0.3524,0.115,-0.001,-0.391,-0.463,-0.453,34.03,11.63,1,30.0,1,0.922,-31.99,-39.97,0.0,0,5,0.1833,0.0426,0.1851,0.05
83.187,1,0.818,-11.48,17.55,5,65.6,21.02,0.1679,-0.3614,0.129,-0.002,-0.419,-0.458,-0.45,33.06,11.63,1,30.0,1,0.963,-29.57,-36.49,0.0,0,5,0.1981,0.0555,0.1981,0.0648
83.25,1,0.817,-11.48,15.76,5,65.5,20.57,0.1742,-0.3511,0.142,0.005,-0.365,-0.451,-0.445,31.74,11.63,1,18.0,1,0.932,-26.17,-32.08,0.0,0,5,0.2054,0.0833,0.2109,0.0703
83.283,1,0.819,-11.73,15.45,5,65.1,20.57,0.181,-0.3179,0.15,0.007,-0.327,-0.446,-0.441,31.0,11.63,1,18.0,1,0.932,-26.17,-32.08,0.0,0,5,0.2055,0.0963,0.2184,0.0815
83.352,1,0.812,-11.98,14.1,5,64.5,20.44,0.1868,-0.3201,0.168,0.004,-0.375,-0.437,-0.436,29.74,11.63,1,18.0,1,0.938,-14.54,-12.84,-1.32,1,5,0.2221,0.1111,0.2333,0.1074
83.385,1,0.807,-11.98,13.33,5,63.7,20.44,0.1937,-0.2911,0.177,0.002,-0.279,-0.431,-0.432,28.99,11.63,1,18.0,1,0.877,-10.66,-8.4,1.824,1,5,0.235,0.1184,0.2387,0.1147
83.552,1,0.767,-10.98,10.33,5,61.4,20.2,0.176,-0.2444,0.206,0.005,-0.246,-0.402,-0.417,26.47,11.63,1,6.0,1,0.87,7.76,26.43,0.0,0,5,0.2478,0.1664,0.2552,0.1553
83.585,1,0.796,-11.48,10.2,5,62.7,20.2,0.1641,-0.1627,0.209,-0.001,-0.351,-0.394,-0.413,25.78,11.63,1,6.0,1,0.907,8.72,26.37,0.0,0,5,0.2548,0.157,0.2585,0.1644
83.648,1,0.783,-10.98,9.11,5,61.6,20.44,0.116,-0.0861,0.212,0.003,-0.273,-0.383,-0.408,24.98,11.63,1,-2.13,1,0.87,12.12,30.28,0.0,0,5,0.2487,0.1695,0.2598,0.1695
83.685,1,0.756,-10.48,8.43,5,58.8,20.44,0.092,-0.0618,0.209,0.008,-0.154,-0.376,-0.404,24.41,11.63,1,-2.13,1,0.865,14.54,34.12,0.0,0,5,0.2362,0.179,0.2547,0.1661
83.748,1,0.697,-10.48,7.75,5,52.9,20.2,0.09,-0.0547,0.195,0.01,-0.212,-0.365,-0.399,23.84,11.63,1,-2.13,1,0.873,14.54,35.32,0.0,0,5,0.2146,0.1702,0.2387,0.1554
83.783,1,0.679,-9.98,7.2,5,51.3,20.04,0.09,-0.0425,0.184,0.006,-0.06,-0.359,-0.396,23.61,11.63,1,-2.13,1,0.873,14.54,35.32,0.0,0,5,0.2089,0.1609,0.22,0.1479
83.881,1,0.725,-9.98,6.54,5,55.3,20.04,0.09,-0.0373,0.167,-0.002,-0.075,-0.343,-0.389,22.98,11.63,1,1.86,1,0.9,11.63,27.05,0.0,0,5,0.1836,0.1468,0.1836,0.1542
83.949,1,0.771,-9.48,6.13,5,59.5,20.2,0.09,-0.0249,0.156,-0.006,-0.08,-0.335,-0.386,22.69,11.63,1,1.86,1,0.868,7.27,19.42,0.0,0,5,0.176,0.1315,0.1686,0.1482
83.984,1,0.775,-9.48,6.13,5,59.5,20.2,0.09,-0.0239,0.146,-0.005,-0.08,-0.33,-0.384,22.57,11.63,1,1.86,1,0.855,2.91,13.04,3.714,1,5,0.1611,0.1296,0.1536,0.1407
84.085,1,0.781,-9.98,5.33,5,59.8,20.0,0.09,-0.0223,0.128,-0.005,-0.067,-0.317,-0.379,22.17,11.62,1,5.62,1,0.858,-1.94,2.62,0.345,1,5,0.1366,0.1052,0.1403,0.1292
84.148,1,0.774,-10.48,5.08,5,59.2,20.04,0.09,-0.0024,0.117,-0.006,-0.076,-0.311,-0.377,21.89,11.62,1,5.62,1,0.891,-2.91,-2.46,-1.206,1,5,0.137,0.0963,0.1259,0.1092
84.18,1,0.765,-10.48,4.7,5,58.8,19.97,0.09,0.0081,0.109,-0.007,-0.079,-0.307,-0.376,21.72,11.62,1,5.62,1,0.891,-2.91,-2.46,-1.206,1,5,0.1313,0.0906,0.1128,0.0998
84.247,1,0.758,-10.48,4.53,5,58.2,20.0,0.09,0.0134,0.1,-0.004,-0.031,-0.302,-0.374,21.66,11.62,1,5.96,1,0.891,-7.27,-11.18,-3.39,1,5,0.1092,0.0888,0.1036,0.0999
84.28,1,0.757,-10.23,4.2,5,58.3,20.2,0.09,0.016,0.097,-0.001,-0.004,-0.298,-0.373,21.6,11.62,1,5.96,1,0.891,-7.27,-11.18,-3.39,1,5,0.0962,0.0888,0.1018,0.0999
84.381,1,0.769,-9.98,4.4,5,59.3,20.0,0.09,0.0187,0.081,-0.001,-0.029,-0.29,-0.37,21.49,11.62,1,5.96,1,0.92,-6.79,-11.75,-2.192,1,5,0.0849,0.0757,0.0831,0.0794
84.481,1,0.773,-9.98,3.99,5,59.2,20.2,0.09,0.0126,0.069,-0.002,-0.022,-0.284,-0.367,21.37,11.62,1,3.65,1,0.878,-2.91,-3.15,-0.714,1,5,0.0738,0.0646,0.0682,0.0682
84.518,1,0.771,-9.98,3.86,5,58.9,20.04,0.09,0.02,0.066,0.0,0.021,-0.282,-0.366,21.37,11.62,1,3.65,1,0.878,-2.91,-3.15,-0.714,1,5,0.0664,0.0627,0.0701,0.0664
84.584,1,0.776,-9.48,3.99,5,59.0,20.04,0.09,0.0223,0.065,-0.0,0.03,-0.278,-0.365,21.49,11.62,1,3.65,1,0.844,1.45,0.37,0.269,1,5,0.0611,0.0648,0.0648,0.0703
84.679,1,0.791,-8.49,4.23,5,60.3,20.0,0.09,0.0148,0.067,-0.003,0.01,-0.271,-0.363,21.66,11.61,1,1.73,1,0.877,2.91,5.97,1.771,1,5,0.0629,0.0703,0.0574,0.0777
84.717,1,0.795,-8.49,4.23,5,60.6,20.0,0.09,-0.0008,0.069,-0.002,0.036,-0.269,-0.362,21.66,11.61,1,1.73,1,0.874,2.91,7.47,1.454,1,5,0.0629,0.074,0.0592,0.0778
84.747,1,0.795,-7.99,3.81,5,60.6,20.04,0.09,0.0004,0.07,-0.001,0.025,-0.267,-0.361,21.72,11.61,1,1.73,1,0.874,2.91,7.47,1.454,1,5,0.0667,0.0741,0.063,0.0741
84.779,1,0.79,-7.99,4.23,5,60.0,20.44,0.09,0.0018,0.069,-0.001,0.028,-0.265,-0.36,21.77,11.61,1,1.73,1,0.874,2.91,7.47,1.454,1,5,0.0667,0.0722,0.063,0.0741
84.818,1,0.787,-7.74,4.02,5,59.7,20.04,0.09,-0.0042,0.068,-0.002,0.024,-0.262,-0.36,21.83,11.61,1,1.73,1,0.871,3.39,7.72,0.554,1,5,0.0666,0.0703,0.061,0.074
84.879,1,0.783,-7.24,4.14,5,59.2,20.04,0.09,-0.0022,0.064,-0.004,-0.007,-0.259,-0.358,21.83,11.61,1,3.5,1,0.877,2.91,4.78,-1.195,1,5,0.0665,0.0647,0.0554,0.0702
84.917,1,0.78,-6.99,3.93,5,58.9,20.44,0.09,-0.0096,0.063,-0.004,0.006,-0.256,-0.358,21.83,11.61,1,3.5,1,0.868,3.88,5.56,5.392,1,5,0.0629,0.0629,0.0555,0.0722
84.951,1,0.78,-6.74,4.38,5,58.8,20.2,0.09,-0.008,0.063,-0.003,0.027,-0.255,-0.357,21.89,11.61,1,3.5,1,0.878,3.88,6.25,-0.342,1,5,0.0611,0.0648,0.0555,0.0722
85.018,1,0.785,-5.99,4.17,5,59.1,20.0,0.09,-0.0175,0.07,0.002,0.047,-0.25,-0.355,22.06,11.61,1,3.5,1,0.866,4.85,6.9,3.821,1,5,0.0611,0.074,0.0703,0.0759
85.083,1,0.793,-5.74,4.51,5,59.7,20.04,0.09,-0.0214,0.075,-0.001,0.01,-0.246,-0.353,22.12,11.59,1,4.85,1,0.866,4.85,6.9,3.821,1,5,0.0684,0.0777,0.0703,0.0851
85.117,1,0.795,-5.49,4.3,5,59.9,20.2,0.09,-0.0295,0.077,-0.003,0.01,-0.243,-0.352,22.12,11.59,1,4.85,1,0.855,2.91,4.48,2.036,1,5,0.0777,0.0777,0.0703,0.0832
85.146,1,0.793,-5.24,4.35,5,59.8,20.46,0.09,-0.028,0.077,-0.002,0.008,-0.241,-0.352,22.12,11.59,1,4.85,1,0.855,2.91,4.48,2.036,1,5,0.0777,0.0758,0.074,0.0795
85.179,1,0.792,-4.99,4.42,5,59.7,20.0,0.09,-0.0315,0.076,-0.0,-0.019,-0.238,-0.35,22.12,11.59,1,4.85,1,0.855,2.91,4.48,2.036,1,5,0.0759,0.0741,0.0778,0.0778
85.215,1,0.794,-4.74,4.21,5,59.9,20.46,0.09,-0.0346,0.076,0.0,-0.021,-0.236,-0.349,22.12,11.59,1,4.85,1,0.894,2.42,-0.47,-0.614,1,5,0.0741,0.0741,0.0778,0.076
85.28,1,0.805,-4.74,4.21,5,60.8,20.46,0.09,-0.0326,0.073,-0.003,-0.058,-0.232,-0.348,21.89,11.59,1,6.72,1,0.885,1.45,0.83,-0.593,1,5,0.0796,0.0685,0.0722,0.0722
85.348,1,0.807,-4.24,3.94,5,61.1,20.0,0.09,-0.0315,0.075,-0.001,0.01,-0.227,-0.346,21.89,11.59,1,6.72,1,0.895,-1.94,-10.65,-4.068,1,5,0.0815,0.074,0.074,0.0722
85.38,1,0.804,-4.24,4.21,5,61.1,20.46,0.09,-0.0329,0.08,0.0,0.004,-0.224,-0.345,21.89,11.59,1,6.72,1,0.895,-1.94,-10.65,-4.068,1,5,0.0834,0.0815,0.0797,0.0759
85.418,1,0.809,-4.24,4.33,5,61.5,20.46,0.09,-0.0369,0.08,-0.0,-0.015,-0.221,-0.344,21.89,11.59,1,6.72,1,0.903,-1.45,-10.55,-1.623,1,5,0.0815,0.0778,0.0815,0.0796
85.48,1,0.807,-3.99,4.12,5,61.7,20.2,0.09,-0.0382,0.079,-0.002,0.004,-0.217,-0.342,21.83,11.59,1,6.13,1,0.9,-1.45,-10.55,-1.626,1,5,0.0807,0.0733,0.0807,0.0807
85.585,1,0.81,-3.74,4.06,5,62.1,20.0,0.09,-0.0365,0.08,-0.002,-0.033,-0.209,-0.339,21.77,11.59,1,6.13,1,0.879,0.97,-10.54,-4.702,1,5,0.0818,0.0764,0.08,0.0836
85.616,1,0.818,-3.74,3.79,5,62.8,20.2,0.09,-0.0385,0.079,-0.002,-0.069,-0.206,-0.338,21.6,11.59,1,6.13,1,0.871,3.88,-1.95,-4.43,1,5,0.0818,0.0727,0.08,0.08
85.679,1,0.82,-3.24,3.35,5,63.7,20.46,0.09,-0.033,0.08,-0.003,-0.013,-0.201,-0.336,21.6,11.58,1,3.35,1,0.892,3.39,-0.19,-2.687,1,5,0.086,0.0713,0.0841,0.0805
85.715,1,0.823,-3.74,4.06,5,63.6,20.46,0.09,-0.031,0.088,-0.0,-0.008,-0.198,-0.335,21.6,11.58,1,3.35,1,0.892,3.39,-0.19,-2.687,1,5,0.0886,0.0775,0.0867,0.0812
85.75,1,0.819,-3.24,3.62,5,63.3,20.46,0.09,-0.037,0.091,0.0,-0.035,-0.196,-0.334,21.54,11.58,1,3.35,1,0.868,7.76,5.96,0.993,1,5,0.0905,0.0886,0.0942,0.0905
85.784,1,0.81,-3.24,3.51,5,62.6,20.46,0.09,-0.0356,0.09,0.001,-0.013,-0.193,-0.333,21.49,11.58,1,3.35,1,0.873,7.27,6.52,-0.145,1,5,0.0886,0.0886,0.0941,0.0886
85.815,1,0.808,-3.24,3.8,5,62.0,20.44,0.09,-0.0331,0.087,0.002,-0.027,-0.19,-0.332,21.43,11.58,1,3.35,1,0.871,7.76,5.96,1.012,1,5,0.0886,0.0867,0.0941,0.0867
85.879,1,0.807,-2.75,3.48,5,62.2,20.46,0.09,-0.0376,0.084,0.002,-0.027,-0.185,-0.33,21.43,11.58,1,1.68,1,0.871,7.76,5.96,1.012,1,5,0.0905,0.0849,0.0886,0.0739
85.915,1,0.808,-2.75,3.47,5,62.4,20.2,0.09,-0.0377,0.081,-0.001,-0.092,-0.182,-0.329,21.26,11.58,1,1.68,1,0.885,7.76,5.72,0.232,1,5,0.0869,0.0777,0.0832,0.0777
85.946,1,0.814,-2.75,3.47,5,62.9,20.2,0.09,-0.037,0.08,-0.001,-0.061,-0.18,-0.328,21.14,11.58,1,1.68,1,0.885,7.76,5.72,0.232,1,5,0.0869,0.0777,0.0814,0.0758
85.979,1,0.814,-2.75,3.36,5,62.9,20.44,0.09,-0.0368,0.08,-0.002,-0.022,-0.177,-0.327,21.08,11.58,1,1.68,1,0.885,7.76,5.72,0.232,1,5,0.0868,0.0739,0.0813,0.0776
86.015,1,0.816,-2.99,3.58,5,63.2,20.44,0.09,-0.0345,0.082,0.0,-0.007,-0.174,-0.326,21.08,11.58,1,1.68,1,0.869,6.79,5.06,-3.799,1,5,0.0874,0.0746,0.0837,0.0764
86.055,1,0.821,-2.75,3.48,5,63.4,20.46,0.0972,-0.0352,0.088,0.003,-0.038,-0.171,-0.324,21.03,11.57,1,2.82,1,0.863,7.27,6.51,1.56,1,5,0.0857,0.0875,0.0948,0.0839
86.079,1,0.823,-2.75,3.36,5,63.4,20.44,0.1041,-0.0366,0.088,0.003,-0.015,-0.169,-0.323,20.97,11.57,1,2.82,1,0.863,7.27,6.51,1.56,1,5,0.0875,0.0875,0.0948,0.0839
86.115,1,0.817,-2.75,3.35,5,63.0,20.44,0.1182,-0.039,0.09,0.002,-0.012,-0.166,-0.322,20.97,11.57,1,2.82,1,0.869,6.79,4.64,-2.997,1,5,0.0924,0.0906,0.0924,0.0832
86.183,1,0.814,-2.25,2.81,5,62.6,20.46,0.1392,-0.0486,0.094,0.0,-0.019,-0.16,-0.32,20.91,11.57,1,2.82,1,0.878,7.76,4.12,-1.55,1,5,0.0961,0.0924,0.0961,0.0924
86.214,1,0.812,-2.25,2.8,5,62.7,20.2,0.1536,-0.0481,0.103,-0.0,-0.046,-0.156,-0.319,20.86,11.57,1,2.82,1,0.88,7.76,4.12,-1.523,1,5,0.1054,0.0998,0.1054,0.1017
86.247,1,0.81,-2.5,3.03,5,62.4,20.2,0.167,-0.0521,0.109,-0.001,-0.09,-0.154,-0.318,20.74,11.57,1,3.16,1,0.88,7.76,4.12,-1.523,1,5,0.1129,0.1036,0.111,0.1073
86.278,1,0.81,-2.25,2.93,5,62.4,20.44,0.1741,-0.0571,0.122,0.001,-0.039,-0.149,-0.316,20.68,11.57,1,3.16,1,0.88,7.76,4.12,-1.523,1,5,0.1259,0.1148,0.1314,0.1148
86.314,1,0.789,-2.0,2.48,5,61.6,20.56,0.1884,-0.0621,0.139,0.004,-0.031,-0.143,-0.313,20.63,11.57,1,3.16,1,0.88,7.76,4.12,-1.523,1,5,0.1333,0.1222,0.1425,0.124
86.346,1,0.779,-1.75,2.56,5,61.3,20.46,0.202,-0.0563,0.147,0.004,-0.046,-0.14,-0.312,20.57,11.57,1,3.16,1,0.862,6.79,3.88,-1.015,1,5,0.1481,0.1425,0.1592,0.1388
86.383,1,0.796,-1.75,2.54,5,61.3,20.46,0.2091,-0.0633,0.165,0.002,-0.041,-0.133,-0.31,20.45,11.57,1,3.16,1,0.862,6.79,3.88,-1.015,1,5,0.1666,0.1611,0.174,0.1592
86.415,1,0.784,-2.0,2.76,5,61.1,20.56,0.201,-0.0599,0.18,-0.001,-0.058,-0.126,-0.307,20.34,11.57,1,3.16,1,0.853,6.79,1.31,0.565,1,5,0.1888,0.1722,0.1851,0.174
86.515,1,0.796,-1.5,2.62,5,62.8,20.2,0.1942,-0.0608,0.211,0.0,-0.07,-0.106,-0.3,20.11,11.57,1,2.68,1,0.787,7.76,10.88,0.0,0,5,0.2203,0.2055,0.2184,0.2018
86.615,1,0.824,-2.0,1.91,5,64.4,20.56,0.1913,-0.0613,0.22,-0.001,-0.041,-0.086,-0.292,19.71,11.57,1,2.68,1,0.818,5.82,16.01,0.0,0,5,0.2274,0.2071,0.2256,0.2145
86.682,1,0.838,-2.25,2.02,5,65.2,20.46,0.1835,-0.0335,0.218,0.0,-0.076,-0.073,-0.288,19.54,11.57,1,4.74,1,0.772,5.82,26.62,0.0,0,5,0.2257,0.2091,0.2276,0.2109
86.715,1,0.836,-2.5,1.84,5,64.9,20.44,0.1595,-0.0279,0.214,-0.0,-0.1,-0.065,-0.285,19.37,11.57,1,4.74,1,0.765,5.82,33.52,0.0,0,5,0.2211,0.2045,0.2229,0.2082
86.745,1,0.836,-2.5,1.79,5,64.4,20.56,0.1358,-0.0155,0.211,0.0,-0.096,-0.061,-0.284,19.25,11.57,1,4.74,1,0.765,5.82,33.52,0.0,0,5,0.2158,0.2012,0.2213,0.2048
86.783,1,0.84,-2.75,1.33,5,64.6,20.2,0.1236,-0.0116,0.202,0.003,-0.038,-0.054,-0.281,19.08,11.57,1,4.74,1,0.773,0.97,44.61,0.0,0,5,0.2046,0.1973,0.2137,0.1936
86.816,1,0.852,-2.75,1.21,5,65.5,20.44,0.0995,0.0029,0.191,0.003,0.004,-0.047,-0.279,19.14,11.57,1,4.74,1,0.803,0.48,47.52,0.0,0,5,0.2015,0.1832,0.2052,0.1759
86.916,1,0.857,-2.99,1.53,5,66.4,20.56,0.09,0.004,0.166,0.002,-0.032,-0.031,-0.273,18.56,11.57,1,7.23,1,0.753,-5.33,55.64,0.0,0,5,0.1646,0.159,0.1775,0.1646
87.013,1,0.858,-2.99,0.86,5,66.5,20.44,0.09,0.0007,0.145,0.002,-0.089,-0.02,-0.269,18.51,11.57,1,7.23,1,0.759,-12.6,59.21,0.0,0,5,0.1535,0.1368,0.1572,0.1331
87.081,1,0.841,-3.24,0.29,5,64.7,20.46,0.09,0.0122,0.125,-0.0,-0.069,-0.011,-0.266,18.28,11.57,1,14.77,1,0.742,-18.9,57.59,0.0,0,5,0.1257,0.1164,0.133,0.1257
87.115,1,0.858,-3.49,0.74,5,66.3,20.56,0.09,0.025,0.112,0.001,-0.024,-0.007,-0.265,18.16,11.57,1,14.77,1,0.785,-22.78,56.52,0.0,0,5,0.1147,0.1129,0.1147,0.1073
87.146,1,0.876,-3.49,0.48,5,67.9,20.56,0.09,0.0198,0.109,0.001,0.049,-0.005,-0.264,18.16,11.57,1,14.77,1,0.785,-22.78,56.52,0.0,0,5,0.1147,0.111,0.1092,0.0999
87.183,1,0.868,-3.24,0.14,5,67.5,20.46,0.09,0.024,0.104,0.002,-0.051,-0.001,-0.263,18.22,11.57,1,14.77,1,0.781,-24.72,55.46,0.0,0,5,0.1109,0.1053,0.1072,0.0924
87.213,1,0.869,-3.24,0.26,5,67.1,20.46,0.09,0.0267,0.1,0.001,-0.039,0.0,-0.262,18.16,11.57,1,14.77,1,0.796,-27.14,55.88,0.0,0,5,0.107,0.0978,0.1052,0.0904
87.243,1,0.86,-3.49,0.48,5,66.1,20.44,0.09,0.0247,0.097,0.001,-0.032,0.002,-0.262,18.16,11.57,1,14.77,1,0.796,-27.14,55.88,0.0,0,5,0.1033,0.0904,0.1051,0.0885
87.28,1,0.855,-3.49,0.08,5,65.4,20.2,0.09,0.024,0.08,-0.0,-0.049,0.006,-0.26,17.99,11.57,1,20.78,1,0.796,-27.14,55.88,0.0,0,5,0.0868,0.0721,0.0887,0.0739
87.314,1,0.853,-3.49,-0.21,5,65.3,20.56,0.09,0.0306,0.072,0.001,-0.029,0.009,-0.259,17.88,11.57,1,20.78,1,0.838,-29.08,50.26,0.0,0,5,0.074,0.0666,0.0796,0.0685
87.382,1,0.871,-3.49,-0.32,5,66.3,20.56,0.09,0.0353,0.063,0.004,-0.025,0.012,-0.258,17.82,11.57,1,20.78,1,0.856,-29.08,45.2,0.0,0,5,0.0556,0.0685,0.0667,0.063
87.416,1,0.885,-3.49,-0.32,5,67.6,20.56,0.09,0.0372,0.062,0.004,0.017,0.013,-0.257,17.82,11.57,1,20.78,1,0.868,-28.6,43.12,0.0,0,5,0.0537,0.0704,0.0611,0.0611
87.443,1,0.895,-3.49,0.07,5,68.8,20.56,0.09,0.0372,0.062,0.002,0.043,0.016,-0.257,17.93,11.57,1,20.78,1,0.868,-28.6,43.12,0.0,0,5,0.0556,0.0722,0.0556,0.0648
87.484,1,0.89,-3.24,0.51,5,68.8,20.46,0.09,0.0302,0.062,0.001,0.032,0.017,-0.256,17.99,11.57,1,26.15,1,0.883,-27.63,40.92,0.0,0,5,0.0555,0.0703,0.0555,0.0666
87.512,1,0.884,-2.99,1.13,5,69.3,20.96,0.09,0.0194,0.064,-0.0,0.057,0.018,-0.256,18.05,11.57,1,26.15,1,0.902,-28.11,41.02,0.0,0,5,0.0592,0.0685,0.0592,0.0703
87.582,1,0.856,-2.99,2.18,5,68.8,20.57,0.09,0.0062,0.064,-0.001,0.012,0.023,-0.254,18.11,11.57,1,26.15,1,0.893,-27.63,37.43,0.0,0,5,0.0611,0.0667,0.0593,0.0685
87.615,1,0.848,-2.99,2.55,5,68.9,20.57,0.09,-0.0118,0.063,-0.0,0.006,0.026,-0.253,18.16,11.57,1,26.15,1,0.909,-28.11,34.39,0.0,0,5,0.0611,0.0667,0.0593,0.0648
87.652,1,0.836,-2.99,2.76,5,69.3,20.57,0.09,-0.018,0.064,0.0,0.024,0.027,-0.253,18.16,11.57,1,26.15,1,0.917,-27.14,30.99,0.0,0,5,0.0611,0.0667,0.063,0.0667
87.687,1,0.852,-2.99,5.47,5,70.2,20.57,0.09,-0.0215,0.064,0.002,0.016,0.029,-0.252,18.16,11.56,1,31.05,1,0.915,-27.14,32.62,0.0,0,5,0.063,0.0648,0.0667,0.0611
87.715,1,0.856,-2.99,8.04,5,70.5,20.96,0.09,-0.0687,0.065,0.0,-0.03,0.032,-0.251,18.16,11.56,1,31.05,1,0.923,-27.63,27.97,0.0,0,5,0.0664,0.0645,0.0664,0.0645
87.782,1,0.836,-2.5,11.67,5,71.2,20.96,0.09,-0.1134,0.067,-0.003,-0.04,0.037,-0.25,18.11,11.56,1,31.05,1,0.928,-25.69,26.06,0.0,0,5,0.0682,0.0608,0.0682,0.0737
87.814,1,0.832,-2.75,14.41,5,71.6,20.57,0.09,-0.1828,0.068,-0.003,-0.064,0.039,-0.25,18.05,11.56,1,31.05,1,0.938,-26.66,23.99,0.0,0,5,0.0664,0.0608,0.0682,0.0737
87.914,1,0.813,-4.24,20.71,5,72.3,22.22,0.09,-0.2268,0.075,0.001,-0.152,0.046,-0.247,17.48,11.56,1,37.39,1,0.922,-32.96,4.02,0.0,0,5,0.0888,0.0648,0.0851,0.0555
87.95,1,0.833,-4.99,23.43,5,72.9,23.35,0.09,-0.3191,0.076,0.001,-0.131,0.048,-0.246,17.13,11.56,1,37.39,1,0.943,-35.38,-7.59,0.0,0,5,0.0981,0.05,0.1037,0.0518
88.014,1,0.801,-6.49,27.62,5,73.1,23.35,0.09,-0.3603,0.075,0.006,-0.196,0.053,-0.244,16.56,11.56,1,37.39,1,0.964,-36.84,-12.33,0.0,0,5,0.1019,0.0519,0.1093,0.037
88.082,1,0.806,-8.98,30.81,5,72.7,23.2,0.09,-0.4183,0.076,0.003,-0.305,0.057,-0.243,15.58,11.56,1,44.42,1,0.968,-42.17,-26.0,0.0,0,5,0.1183,0.0407,0.1183,0.0277
88.114,1,0.809,-10.48,31.94,5,72.9,23.26,0.09,-0.4465,0.075,0.002,-0.321,0.06,-0.242,14.84,11.56,1,44.42,1,0.99,-43.14,-31.18,0.0,0,5,0.1257,0.0277,0.1257,0.0203
88.149,1,0.796,-12.23,32.76,5,72.3,23.26,0.09,-0.4524,0.076,0.003,-0.317,0.061,-0.242,14.5,11.56,1,44.42,1,0.996,-44.11,-32.65,0.0,0,5,0.1314,0.0259,0.1314,0.0148
88.177,1,0.727,-14.23,33.82,5,71.8,22.78,0.09,-0.4468,0.076,0.002,-0.395,0.064,-0.241,13.58,11.56,1,44.42,1,0.996,-44.11,-32.65,0.0,0,5,0.1407,0.0111,0.1444,0.0074
88.216,1,0.68,-15.72,33.31,4,72.0,23.36,0.09,-0.4471,0.077,0.0,-0.427,0.067,-0.24,12.61,11.56,1,44.42,1,0.987,-47.01,-38.14,0.0,0,5,0.1516,0.0037,0.1516,0.0018
88.248,1,0.737,-17.22,33.34,5,71.2,23.2,0.09,-0.426,0.076,-0.001,-0.446,0.07,-0.24,11.57,11.56,1,44.42,1,0.989,-48.95,-39.6,0.0,0,5,0.1552,0.0,0.1497,0.0
88.315,1,0.765,-18.72,31.88,5,69.5,22.68,0.09,-0.4165,0.076,-0.001,-0.421,0.075,-0.239,10.03,11.56,1,43.69,1,0.975,-50.89,-44.95,0.0,0,5,0.1547,0.0018,0.1492,0.0
88.344,1,0.802,-18.22,30.38,5,70.4,22.68,0.09,-0.3743,0.077,-0.001,-0.443,0.077,-0.239,9.51,11.56,1,43.69,1,0.975,-50.89,-44.95,0.0,0,5,0.1567,0.0018,0.1512,0.0
88.383,1,0.812,-18.47,28.98,5,71.1,22.68,0.09,-0.3593,0.078,0.0,-0.408,0.08,-0.238,8.54,11.56,1,43.69,1,0.976,-47.01,-42.65,0.0,0,5,0.1568,0.0018,0.1549,0.0
88.413,1,0.811,-18.97,28.34,5,70.2,22.22,0.09,-0.3344,0.079,-0.001,-0.414,0.081,-0.238,8.02,11.56,1,43.69,1,0.968,-43.14,-35.67,0.0,0,5,0.1604,0.0018,0.153,0.0
88.514,1,0.808,-20.21,25.96,5,70.7,21.67,0.09,-0.3216,0.078,0.0,-0.264,0.091,-0.237,5.44,11.56,1,31.69,1,0.958,-36.84,-26.61,0.0,0,5,0.1404,0.0111,0.1386,0.0148
88.548,1,0.822,-20.21,25.35,5,71.1,21.67,0.09,-0.2661,0.079,0.003,-0.243,0.092,-0.237,5.21,11.56,1,31.69,1,0.967,-33.44,-18.84,0.0,0,5,0.1258,0.0252,0.1383,0.0269
88.614,1,0.813,-19.22,23.89,5,70.7,21.67,0.09,-0.2579,0.084,0.006,-0.289,0.099,-0.236,3.95,11.56,1,31.69,1,0.953,-28.6,-10.88,5.358,1,5,0.1222,0.0431,0.1366,0.0324
88.681,1,0.799,-18.72,22.9,5,70.3,21.42,0.09,-0.2448,0.082,0.006,-0.25,0.104,-0.235,3.04,11.56,1,18.19,1,0.927,-22.78,-0.52,0.0,0,5,0.1211,0.0459,0.1284,0.0312
88.781,1,0.792,-17.97,21.59,5,68.0,21.42,0.09,-0.2322,0.087,0.006,-0.173,0.113,-0.234,1.83,11.56,1,18.19,1,0.836,-10.66,17.13,0.0,0,5,0.1181,0.0517,0.1347,0.0443
88.815,1,0.796,-17.47,21.49,5,68.8,21.96,0.09,-0.2178,0.09,0.006,-0.2,0.116,-0.234,1.38,11.56,1,18.19,1,0.86,-7.27,24.69,0.0,0,5,0.1181,0.0627,0.1292,0.0517
88.847,1,0.802,-16.97,21.06,5,69.4,21.11,0.09,-0.2209,0.089,0.006,-0.2,0.118,-0.234,1.15,11.56,1,18.19,1,0.883,-6.3,27.69,0.0,0,5,0.118,0.0645,0.1253,0.0479
88.946,1,0.791,-15.97,19.79,5,69.4,21.11,0.09,-0.2165,0.087,0.002,-0.172,0.127,-0.233,0.11,11.56,1,12.66,1,0.885,-7.76,22.07,0.0,0,5,0.1147,0.0555,0.124,0.0555
89.013,1,0.787,-15.47,19.27,5,68.2,21.42,0.09,-0.2048,0.087,-0.0,-0.09,0.134,-0.233,-0.52,11.56,1,12.66,1,0.885,-8.24,18.5,0.0,0,5,0.1166,0.0518,0.1203,0.0611
89.082,1,0.657,-13.98,17.58,4,71.2,21.37,0.09,-0.1998,0.089,0.002,-0.205,0.139,-0.233,-1.15,11.57,1,14.17,1,0.896,-8.24,17.29,0.0,0,5,0.1183,0.0666,0.1146,0.0555
89.113,1,0.657,-13.73,17.18,4,71.6,21.29,0.09,-0.187,0.089,0.001,-0.166,0.141,-0.233,-1.32,11.57,1,14.17,1,0.896,-8.24,17.29,0.0,0,5,0.1202,0.0666,0.1128,0.0555
89.148,1,0.796,-13.73,18.04,5,72.6,21.42,0.09,-0.1808,0.089,-0.001,-0.173,0.145,-0.234,-1.72,11.57,1,14.17,1,0.9,-8.24,14.93,0.0,0,5,0.1202,0.0629,0.1128,0.0592
89.212,1,0.664,-14.23,16.15,4,71.4,21.29,0.09,-0.1936,0.09,-0.001,-0.191,0.15,-0.234,-2.41,11.57,1,14.17,1,0.894,-9.21,11.99,7.313,1,5,0.1163,0.0554,0.1219,0.0665
89.279,1,0.681,-13.48,15.69,4,73.6,21.37,0.09,-0.1539,0.094,0.001,-0.17,0.158,-0.234,-3.09,11.57,1,14.1,1,0.902,-10.18,8.36,7.199,1,5,0.1165,0.0684,0.122,0.0703
89.314,1,0.684,-13.23,15.43,4,73.7,21.06,0.09,-0.1547,0.094,0.001,-0.164,0.161,-0.234,-3.44,11.57,1,14.1,1,0.895,-10.66,6.36,7.65,1,5,0.1183,0.074,0.1165,0.0666
89.413,1,0.805,-12.73,15.75,5,72.9,21.11,0.09,-0.1513,0.09,0.0,-0.115,0.168,-0.235,-4.01,11.57,1,14.1,1,0.907,-11.15,1.96,4.598,1,5,0.1107,0.0664,0.1144,0.0683
89.517,1,0.801,-12.23,14.9,5,74.2,21.1,0.1046,-0.1614,0.091,-0.004,-0.14,0.179,-0.236,-4.87,11.57,1,16.6,1,0.895,-12.6,-0.05,6.08,1,5,0.1257,0.0665,0.109,0.0647
89.608,1,0.799,-12.23,13.6,5,73.5,20.81,0.1391,-0.2158,0.095,-0.002,-0.113,0.187,-0.237,-5.56,11.57,1,16.6,1,0.918,-16.48,-10.6,3.455,1,5,0.1203,0.0685,0.1184,0.074
89.648,1,0.793,-12.23,13.63,5,72.2,20.81,0.1529,-0.2117,0.101,-0.0,-0.153,0.191,-0.237,-5.9,11.57,1,16.6,1,0.908,-16.96,-13.49,1.839,1,5,0.1239,0.0721,0.1294,0.0795
89.709,1,0.797,-11.73,12.62,5,71.9,20.81,0.1739,-0.2472,0.123,0.0,-0.198,0.199,-0.238,-6.53,11.57,1,17.11,1,0.906,-17.45,-13.78,2.403,1,5,0.1517,0.0925,0.1536,0.0925
89.746,1,0.807,-11.23,12.27,5,73.6,21.11,0.1878,-0.2471,0.139,0.003,-0.221,0.205,-0.239,-6.99,11.57,1,17.11,1,0.911,-17.45,-16.4,2.985,1,5,0.1703,0.1092,0.174,0.1018
89.814,1,0.815,-11.23,11.68,5,75.3,20.56,0.206,-0.2672,0.169,0.001,-0.228,0.219,-0.24,-8.02,11.57,1,17.11,1,0.917,-18.42,-20.02,0.0,0,5,0.1976,0.1274,0.2013,0.1163
89.847,1,0.808,-11.23,11.29,5,75.5,20.81,0.2096,-0.2534,0.178,0.0,-0.305,0.223,-0.241,-8.31,11.57,1,17.11,1,0.92,-18.9,-22.4,0.0,0,5,0.2213,0.1383,0.2195,0.1346
89.875,1,0.813,-10.73,10.37,5,74.9,21.1,0.2119,-0.2443,0.195,-0.002,-0.258,0.231,-0.242,-8.94,11.57,1,13.16,1,0.92,-18.9,-22.4,0.0,0,5,0.2395,0.1492,0.2358,0.1547
89.912,1,0.817,-10.73,9.97,5,74.5,21.1,0.2175,-0.2279,0.203,-0.002,-0.225,0.236,-0.243,-9.22,11.57,1,13.16,1,0.87,-13.09,-14.63,1.185,1,5,0.2473,0.155,0.2473,0.1624
90.008,1,0.813,-11.23,9.04,5,74.9,20.56,0.2199,-0.2167,0.226,-0.001,-0.294,0.258,-0.247,-10.6,11.57,1,13.16,1,0.885,-12.6,-14.32,-1.025,1,5,0.2703,0.1851,0.2647,0.1833
90.048,1,0.804,-11.23,7.85,5,74.2,20.56,0.2255,-0.1867,0.233,-0.002,-0.183,0.267,-0.249,-11.12,11.57,1,13.16,1,0.885,-12.6,-14.32,-1.025,1,5,0.2773,0.1904,0.2699,0.1923
90.082,1,0.806,-10.98,7.62,5,73.6,20.2,0.2324,-0.1543,0.238,-0.004,-0.213,0.277,-0.251,-11.69,11.59,1,6.54,1,0.85,-5.33,-0.71,4.129,1,5,0.2805,0.1956,0.2731,0.203
90.115,1,0.807,-10.98,6.99,5,73.8,20.2,0.2084,-0.1309,0.237,-0.001,-0.176,0.286,-0.253,-12.09,11.59,1,6.54,1,0.858,-6.3,1.05,1.538,1,5,0.2787,0.1993,0.2731,0.1975
90.214,1,0.799,-11.48,6.02,5,75.9,20.2,0.2323,-0.1292,0.244,-0.001,-0.121,0.31,-0.258,-13.12,11.59,1,6.54,1,0.875,-5.33,-1.56,0.283,1,5,0.2708,0.2114,0.2745,0.2188
90.246,1,0.789,-10.98,5.48,5,75.7,20.2,0.2193,-0.0836,0.243,-0.0,-0.051,0.314,-0.259,-13.18,11.59,1,6.54,1,0.823,-1.45,2.02,3.029,1,5,0.2689,0.2133,0.2726,0.217
90.309,1,0.777,-10.73,5.56,5,73.2,20.57,0.2214,-0.0743,0.242,0.004,-0.122,0.329,-0.262,-13.75,11.59,1,4.01,1,0.846,-1.45,7.14,1.467,1,5,0.2578,0.2188,0.2745,0.2188
90.413,1,0.684,-10.48,4.5,4,73.4,20.58,0.2192,-0.0778,0.24,0.0,-0.125,0.352,-0.268,-14.38,11.59,1,4.01,1,0.84,-2.42,1.53,3.03,1,5,0.2601,0.2237,0.2565,0.2201
90.445,1,0.69,-10.48,4.43,4,73.7,20.38,0.1954,-0.0358,0.24,-0.001,-0.104,0.362,-0.271,-14.61,11.59,1,4.01,1,0.847,-2.42,-0.46,3.54,1,5,0.26,0.2254,0.2527,0.2236
90.507,1,0.769,-10.23,4.15,5,73.0,20.46,0.1971,-0.034,0.237,-0.005,-0.045,0.373,-0.274,-14.84,11.59,1,4.02,1,0.847,-2.91,-0.04,2.51,1,5,0.257,0.2108,0.2533,0.2274
90.547,1,0.766,-10.48,4.39,5,73.7,20.56,0.2077,-0.0337,0.231,-0.004,-0.109,0.382,-0.277,-15.07,11.59,1,4.02,1,0.837,-2.91,-2.23,-0.614,1,5,0.246,0.2083,0.2442,0.2244
90.607,1,0.772,-9.98,3.57,5,71.6,20.0,0.1906,-0.0292,0.225,-0.001,-0.044,0.396,-0.28,-15.36,11.59,1,4.02,1,0.839,-3.39,-2.03,3.066,1,5,0.2356,0.2124,0.2356,0.216
90.644,1,0.681,-9.98,3.9,4,74.8,20.38,0.1829,-0.0092,0.219,-0.0,-0.045,0.404,-0.283,-15.41,11.59,1,4.02,1,0.839,-3.39,-2.03,3.066,1,5,0.2317,0.2096,0.228,0.2078
90.707,1,0.684,-9.73,3.57,4,75.1,20.33,0.2039,-0.0264,0.215,-0.001,-0.061,0.416,-0.286,-15.58,11.61,1,4.42,1,0.83,-2.91,-4.01,1.169,1,5,0.2219,0.2071,0.22,0.2108
90.808,1,0.687,-8.73,3.19,4,75.8,20.51,0.2199,-0.025,0.204,-0.003,-0.069,0.436,-0.292,-15.7,11.61,1,4.42,1,0.828,-2.42,-5.94,-0.577,1,5,0.2088,0.194,0.207,0.2051
90.845,1,0.694,-8.73,3.28,4,75.7,20.33,0.2206,-0.0255,0.21,-0.002,-0.015,0.444,-0.295,-15.7,11.61,1,4.42,1,0.756,2.91,-5.88,3.492,1,5,0.2124,0.205,0.2105,0.2124
90.88,1,0.69,-8.24,3.0,4,76.2,20.56,0.1962,-0.0182,0.214,-0.004,0.035,0.452,-0.297,-15.7,11.61,1,3.76,1,0.35,-2.4,-5.46,-1.558,1,4,0.2179,0.2105,0.2087,0.2179
90.908,1,0.696,-7.74,2.81,4,74.8,20.12,0.2101,-0.0199,0.213,-0.005,0.019,0.456,-0.298,-15.7,11.61,1,3.76,1,0.35,-2.4,-5.46,-1.558,1,4,0.2199,0.2088,0.2088,0.2162
90.941,1,0.699,-7.49,3.19,4,76.6,20.56,0.2171,-0.0219,0.214,-0.005,-0.014,0.465,-0.301,-15.7,11.61,1,3.76,1,0.35,-2.4,-5.46,-1.558,1,4,0.22,0.2089,0.2089,0.2182
90.979,1,0.692,-7.24,3.17,4,77.5,20.52,0.2228,-0.0369,0.215,-0.004,0.01,0.473,-0.303,-15.76,11.61,1,3.76,1,0.747,3.88,-5.09,5.463,1,5,0.2165,0.2109,0.2109,0.2202
91.009,1,0.685,-6.74,3.06,4,77.9,20.51,0.1988,-0.0298,0.213,-0.002,0.031,0.477,-0.304,-15.7,11.61,1,3.76,1,0.747,3.88,-5.09,5.463,1,5,0.2128,0.2128,0.2091,0.2183
91.107,1,0.679,-5.99,2.94,4,77.8,20.56,0.1768,-0.0223,0.214,-0.006,-0.056,0.498,-0.311,-15.76,11.61,1,3.68,1,0.347,0.6,-5.4,-2.964,1,4,0.2198,0.2087,0.2068,0.2198
91.178,1,0.68,-6.24,2.8,4,77.7,20.69,0.1591,-0.0203,0.2,-0.005,0.014,0.513,-0.315,-15.87,11.61,1,3.68,1,0.345,-0.6,-6.59,-2.716,1,4,0.1978,0.1849,0.2052,0.2108
91.208,1,0.66,-5.99,4.28,4,78.2,20.77,0.173,-0.0178,0.199,-0.004,-0.012,0.517,-0.317,-15.87,11.61,1,3.68,1,0.345,-0.6,-6.59,-2.716,1,4,0.1998,0.185,0.2054,0.2072
91.241,1,0.672,-5.74,2.85,4,77.1,20.56,0.1799,-0.0629,0.197,-0.002,-0.035,0.524,-0.319,-15.99,11.61,1,3.68,1,0.345,-0.6,-6.59,-2.716,1,4,0.1978,0.1886,0.2015,0.1997
91.312,1,0.685,-5.49,3.06,4,77.0,20.56,0.1973,-0.0317,0.185,-0.002,0.006,0.534,-0.322,-15.99,11.61,1,4.58,1,0.341,0.0,-8.44,-6.295,1,4,0.1925,0.1814,0.1851,0.1814
91.345,1,0.686,-5.49,2.98,4,76.6,20.76,0.1735,-0.032,0.183,-0.003,-0.02,0.542,-0.324,-16.04,11.61,1,4.58,1,0.341,0.0,-8.44,-6.295,1,4,0.1926,0.1778,0.1815,0.1797
91.407,1,0.687,-4.74,2.54,4,76.4,20.69,0.1566,-0.0231,0.187,0.0,0.025,0.552,-0.327,-16.16,11.61,1,4.58,1,0.75,31.5,-21.06,0.0,0,5,0.187,0.1851,0.1888,0.1851
91.445,1,0.674,-4.49,2.29,4,77.9,20.89,0.153,-0.0204,0.183,0.0,-0.004,0.559,-0.329,-16.16,11.61,1,4.58,1,0.786,1.45,-8.55,-3.825,1,5,0.1849,0.1775,0.1886,0.1812
91.478,1,0.666,-4.49,2.6,4,77.7,20.77,0.1589,-0.0182,0.178,-0.003,-0.045,0.566,-0.331,-16.27,11.61,1,2.33,1,0.344,1.8,-8.09,-3.809,1,4,0.183,0.1627,0.1886,0.1793
91.507,1,0.669,-3.99,2.34,4,77.1,20.69,0.1594,-0.0249,0.177,-0.003,-0.024,0.569,-0.332,-16.27,11.61,1,2.33,1,0.344,1.8,-8.09,-3.809,1,4,0.1812,0.1627,0.1849,0.1793
91.544,1,0.512,-3.99,2.01,3,78.3,21.1,0.1594,-0.0244,0.174,0.0,-0.073,0.576,-0.334,-16.39,11.61,1,2.33,1,0.344,1.8,-8.09,-3.809,1,4,0.1722,0.1666,0.1814,0.174
91.578,1,0.661,-4.24,3.55,4,78.5,21.1,0.1474,-0.0121,0.167,0.002,-0.014,0.582,-0.336,-16.44,11.61,1,2.33,1,0.347,5.41,-1.41,3.941,1,4,0.1704,0.1667,0.1723,0.1593
91.608,1,0.525,-4.24,2.6,3,78.6,20.56,0.1552,-0.0472,0.163,0.003,-0.051,0.585,-0.337,-16.5,11.61,1,2.33,1,0.347,5.41,-1.41,3.941,1,4,0.1687,0.1631,0.1687,0.152
91.679,1,0.687,-3.99,2.03,4,78.6,21.03,0.1539,-0.0239,0.155,0.0,-0.122,0.597,-0.34,-16.79,11.64,1,2.06,1,0.346,4.21,-2.69,0.0,0,4,0.1612,0.15,0.1612,0.1482
91.71,1,0.69,-4.24,1.95,4,77.3,20.56,0.1678,-0.0167,0.156,0.001,-0.001,0.6,-0.341,-16.84,11.64,1,2.06,1,0.348,4.21,-2.63,3.938,1,4,0.1592,0.1499,0.1629,0.1499
91.779,1,0.684,-4.49,1.97,4,78.7,20.76,0.1585,-0.0092,0.15,-0.002,0.001,0.612,-0.345,-16.96,11.64,1,2.06,1,0.351,3.61,-4.83,-6.291,1,4,0.1618,0.1398,0.1563,0.1434
91.807,1,0.665,-4.24,2.03,4,79.2,20.69,0.1347,-0.0005,0.149,-0.005,-0.025,0.614,-0.346,-16.96,11.64,1,2.06,1,0.351,3.61,-4.83,-6.291,1,4,0.1618,0.1361,0.1526,0.1453
91.846,1,0.678,-3.99,1.7,4,78.3,21.03,0.111,0.0019,0.151,-0.006,-0.049,0.62,-0.348,-17.07,11.64,1,2.06,1,0.348,4.21,-2.65,3.996,1,4,0.1621,0.1382,0.1511,0.1511
91.879,1,0.678,-3.74,1.44,4,78.1,20.56,0.1184,0.0027,0.149,0.0,-0.064,0.626,-0.349,-17.13,11.64,1,1.64,1,0.348,4.21,-5.69,-3.836,1,4,0.1462,0.1462,0.1536,0.1518
91.911,1,0.681,-3.99,1.78,4,77.9,20.89,0.1322,0.0023,0.147,0.005,-0.006,0.629,-0.35,-17.19,11.64,1,1.64,1,0.737,30.05,-9.71,0.0,0,5,0.1408,0.15,0.1537,0.1445
91.978,1,0.678,-4.24,1.64,4,78.1,20.51,0.1145,0.0033,0.136,0.004,-0.059,0.639,-0.353,-17.36,11.64,1,1.64,1,0.346,3.0,-3.45,0.53,1,4,0.1456,0.1309,0.1493,0.118
92.011,1,0.664,-3.74,1.12,4,77.1,21.1,0.1284,0.0055,0.136,0.002,-0.052,0.64,-0.353,-17.42,11.64,1,1.64,1,0.348,3.0,-6.84,-3.825,1,4,0.1464,0.1263,0.1501,0.1208
92.049,1,0.676,-3.99,1.06,4,77.4,20.69,0.1423,0.0078,0.131,-0.0,-0.047,0.646,-0.355,-17.65,11.64,1,1.64,1,0.351,3.0,-6.85,-3.825,1,4,0.1388,0.1175,0.1442,0.1246
92.107,1,0.667,-4.24,1.31,4,77.5,20.56,0.1633,0.0095,0.126,0.004,-0.016,0.653,-0.357,-17.82,11.66,1,1.01,1,0.746,8.24,-9.1,-1.275,1,5,0.127,0.127,0.1323,0.118
92.14,1,0.67,-3.99,1.06,4,77.5,20.69,0.1702,0.0052,0.127,0.005,0.01,0.658,-0.358,-17.7,11.66,1,1.01,1,0.746,8.24,-9.1,-1.275,1,5,0.1292,0.1347,0.1292,0.1144
92.177,1,0.665,-3.99,0.98,4,77.2,20.89,0.1846,0.0067,0.132,0.003,-0.021,0.663,-0.36,-17.7,11.66,1,1.01,1,0.743,12.6,0.97,2.812,1,5,0.133,0.1367,0.133,0.1257
92.207,1,0.669,-3.99,1.07,4,77.7,20.69,0.1909,0.0081,0.135,0.001,-0.022,0.666,-0.361,-17.76,11.66,1,1.01,1,0.743,12.6,0.97,2.812,1,5,0.133,0.1349,0.1386,0.1349
92.245,1,0.68,-3.24,0.63,4,77.8,20.51,0.1909,0.0057,0.142,0.0,0.021,0.672,-0.363,-17.7,11.66,1,1.01,1,0.349,7.81,1.43,-5.744,1,4,0.1368,0.1405,0.1442,0.1479
92.307,1,0.687,-2.75,0.73,4,75.8,20.78,0.1558,0.0123,0.161,-0.0,0.09,0.681,-0.366,-17.59,11.66,1,0.14,1,0.805,9.69,1.38,3.965,1,5,0.1591,0.1684,0.1536,0.1647
92.34,1,0.676,-2.75,1.3,4,76.2,20.52,0.1544,0.0043,0.173,0.0,0.02,0.688,-0.368,-17.48,11.66,1,0.14,1,0.805,9.69,1.38,3.965,1,5,0.172,0.1812,0.1646,0.1738
92.406,1,0.581,-2.0,1.52,4,77.6,20.77,0.131,-0.0035,0.173,0.001,-0.02,0.698,-0.371,-17.53,11.66,1,0.14,1,0.798,11.15,2.18,4.972,1,5,0.1702,0.1702,0.1776,0.1739
92.444,1,0.603,-2.0,1.63,4,75.0,20.77,0.1071,-0.0115,0.168,0.002,-0.01,0.704,-0.373,-17.53,11.66,1,0.14,1,0.81,9.21,4.38,-1.403,1,5,0.1611,0.1666,0.174,0.1703
92.477,1,0.666,-2.0,1.24,4,75.6,20.56,0.0941,-0.0129,0.164,0.003,0.037,0.711,-0.375,-17.48,11.66,1,2.12,1,0.741,14.06,2.62,5.29,1,5,0.1536,0.1665,0.1665,0.1684
92.51,1,0.661,-1.75,1.0,4,77.2,20.51,0.1076,-0.0051,0.16,0.003,-0.015,0.713,-0.376,-17.48,11.66,1,2.12,1,0.736,14.06,2.32,3.144,1,5,0.1514,0.1662,0.1588,0.1625
92.547,1,0.599,-1.75,1.14,4,76.3,20.52,0.1216,-0.0053,0.154,-0.002,0.001,0.719,-0.378,-17.53,11.66,1,2.12,1,0.712,15.51,1.94,2.661,1,5,0.1551,0.1533,0.1496,0.157
92.577,1,0.678,-1.25,1.17,4,75.6,20.52,0.1091,-0.0056,0.145,-0.004,-0.004,0.724,-0.379,-17.59,11.66,1,2.12,1,0.337,11.42,1.55,-3.795,1,4,0.1478,0.1404,0.1423,0.1497
92.607,1,0.669,-1.25,1.31,4,75.5,20.78,0.1228,-0.0138,0.142,-0.001,-0.041,0.727,-0.38,-17.59,11.66,1,2.12,1,0.337,11.42,1.55,-3.795,1,4,0.1388,0.137,0.1444,0.1481
92.644,1,0.692,-1.25,0.96,4,75.4,20.51,0.1297,-0.0175,0.137,0.005,0.055,0.732,-0.381,-17.53,11.66,1,2.12,1,0.337,11.42,1.55,-3.795,1,4,0.1222,0.1388,0.1444,0.1425
92.74,1,0.681,-1.25,1.12,4,77.7,20.51,0.1552,-0.0123,0.128,-0.001,-0.052,0.744,-0.385,-17.59,11.66,1,3.19,1,0.726,11.63,-8.65,2.796,1,5,0.1352,0.126,0.1278,0.1223
92.776,1,0.69,-1.25,1.12,4,77.9,20.51,0.1695,-0.0179,0.126,-0.003,0.015,0.749,-0.387,-17.59,11.66,1,3.19,1,0.338,4.81,-9.55,0.0,0,4,0.1334,0.1223,0.1241,0.126
92.806,1,0.689,-1.25,1.02,4,78.0,20.52,0.1832,-0.0196,0.127,-0.001,-0.044,0.752,-0.388,-17.65,11.66,1,3.19,1,0.338,4.81,-9.55,0.0,0,4,0.1297,0.1278,0.1241,0.126
92.846,1,0.68,-1.25,0.96,4,77.8,20.51,0.1971,-0.0182,0.131,0.0,0.043,0.757,-0.389,-17.65,11.66,1,3.19,1,0.342,4.81,-9.59,0.0,0,4,0.1297,0.1371,0.126,0.1315
92.877,1,0.679,-1.0,1.1,4,77.8,20.89,0.2045,-0.0174,0.143,0.001,0.05,0.763,-0.391,-17.53,11.66,1,3.55,1,0.34,5.41,-7.46,1.046,1,4,0.1425,0.1499,0.1388,0.1407
92.976,1,0.679,-0.75,0.91,4,77.4,20.56,0.1945,-0.0228,0.18,-0.001,-0.1,0.78,-0.397,-17.76,11.66,1,3.55,1,0.79,7.76,-8.28,0.487,1,5,0.1834,0.176,0.1815,0.1778
93.007,1,0.683,-1.0,1.1,4,77.8,20.89,0.2083,-0.0217,0.188,0.0,0.029,0.784,-0.398,-17.76,11.66,1,3.55,1,0.79,7.76,-8.28,0.487,1,5,0.1908,0.1871,0.1889,0.1852
93.045,1,0.688,-1.25,1.09,4,77.8,20.78,0.2153,-0.0248,0.198,0.001,-0.008,0.792,-0.4,-17.7,11.66,1,3.55,1,0.79,7.76,-8.28,0.487,1,5,0.2018,0.1962,0.2018,0.1925
93.192,1,0.683,-1.0,0.77,4,76.1,21.04,0.2207,-0.0229,0.211,0.0,-0.031,0.819,-0.41,-17.93,11.67,1,3.23,1,0.79,7.76,-8.28,0.487,1,5,0.2143,0.2125,0.2107,0.207
93.296,1,0.613,-1.5,0.71,4,78.1,20.89,0.2197,-0.0155,0.219,-0.001,0.009,0.84,-0.417,-18.16,11.67,1,3.23,1,0.348,4.21,-9.04,0.0,0,4,0.2252,0.2159,0.2196,0.2141
93.377,1,0.662,-0.75,0.35,4,77.2,20.69,0.1723,-0.0042,0.218,-0.0,-0.108,0.861,-0.423,-18.39,11.67,1,3.23,1,0.369,4.21,-9.09,-1.735,1,4,0.2158,0.214,0.2213,0.2195
93.44,1,0.662,-1.25,0.07,4,79.0,20.69,0.1549,-0.003,0.209,0.004,-0.013,0.873,-0.427,-18.33,11.67,1,3.23,1,0.358,3.0,-9.97,-5.161,1,4,0.2068,0.2068,0.2198,0.2031
93.477,1,0.677,-1.0,0.41,4,78.9,21.03,0.1304,0.0103,0.203,0.003,-0.135,0.881,-0.43,-18.51,11.67,1,2.56,1,0.756,55.74,-17.79,0.0,0,5,0.2061,0.2024,0.219,0.1987
93.516,1,0.655,-1.25,0.38,4,78.0,20.69,0.1442,-0.0006,0.194,0.002,-0.018,0.887,-0.431,-18.68,11.67,1,2.56,1,0.739,56.22,-26.09,0.0,0,5,0.201,0.1937,0.2103,0.1937
93.575,1,0.668,-1.75,0.03,4,77.3,20.69,0.1227,0.0042,0.181,0.005,0.002,0.897,-0.434,-18.74,11.67,1,2.56,1,0.786,57.19,-31.93,0.0,0,5,0.185,0.1779,0.194,0.1653
93.611,1,0.526,-1.75,-0.08,3,77.6,20.57,0.0991,0.0168,0.176,0.006,-0.091,0.9,-0.435,-18.79,11.67,1,2.56,1,0.768,57.68,-30.22,0.0,0,5,0.1816,0.1744,0.1905,0.1582
93.639,1,0.523,-1.5,-0.37,3,78.3,20.96,0.09,0.0185,0.164,0.001,-0.047,0.906,-0.438,-18.91,11.67,1,2.56,1,0.768,57.68,-30.22,0.0,0,5,0.1722,0.1518,0.1796,0.1536
93.678,1,0.513,-1.25,-0.67,3,78.7,20.57,0.09,0.0201,0.153,0.0,-0.03,0.911,-0.439,-19.02,11.68,1,0.91,1,0.343,4.21,-13.46,-1.159,1,4,0.1572,0.1405,0.1646,0.1479
93.707,1,0.519,-1.5,-0.37,3,78.2,20.96,0.09,0.0222,0.147,-0.0,-0.062,0.914,-0.44,-19.08,11.68,1,0.91,1,0.343,4.21,-13.46,-1.159,1,4,0.1533,0.133,0.1607,0.1422
93.775,1,0.525,-2.0,-1.15,3,76.8,20.81,0.09,0.0202,0.137,0.005,-0.033,0.922,-0.443,-19.25,11.68,1,0.91,1,0.366,6.61,-3.26,-3.843,1,4,0.1423,0.1312,0.1515,0.122
93.807,1,0.6,-2.25,-0.58,4,77.5,20.69,0.09,0.0396,0.123,0.005,-0.022,0.926,-0.444,-19.31,11.68,1,0.91,1,0.372,6.61,-6.7,0.0,0,4,0.1293,0.122,0.1349,0.1072
93.875,1,0.522,-2.5,-1.03,3,77.7,20.57,0.09,0.0317,0.097,0.0,0.03,0.933,-0.446,-19.48,11.68,1,-0.04,1,0.799,10.66,-7.98,0.898,1,5,0.0981,0.0944,0.0999,0.0944
93.938,1,0.527,-2.5,-0.62,3,77.5,20.96,0.09,0.0417,0.086,0.003,-0.033,0.938,-0.448,-19.48,11.68,1,-0.04,1,0.364,5.41,-6.35,-7.934,1,4,0.0796,0.0833,0.0944,0.087
93.981,1,0.533,-2.5,-0.92,3,77.2,20.57,0.09,0.0341,0.082,0.001,0.017,0.941,-0.449,-19.42,11.68,1,-0.04,1,0.368,5.41,-6.34,-7.899,1,4,0.0778,0.0815,0.0852,0.0834
94.041,1,0.531,-2.25,-0.92,3,77.0,20.57,0.09,0.0389,0.076,-0.002,0.026,0.945,-0.45,-19.37,11.68,1,-0.04,1,0.368,5.41,-6.34,-7.899,1,4,0.0796,0.0778,0.0703,0.0759
94.076,1,0.532,-2.0,-0.85,3,76.9,20.96,0.09,0.0358,0.068,0.002,0.064,0.947,-0.451,-19.25,11.66,1,-0.45,1,0.851,10.18,-8.02,0.727,1,5,0.0648,0.0759,0.0648,0.0685
94.138,1,0.529,-0.75,-0.48,3,77.9,20.81,0.09,0.0321,0.059,0.006,0.052,0.951,-0.452,-18.96,11.66,1,-0.45,1,0.823,13.09,-7.49,2.484,1,5,0.0445,0.0778,0.0519,0.063
94.209,1,0.534,0.25,-0.65,3,77.9,20.46,0.09,0.0125,0.054,0.003,0.078,0.954,-0.453,-18.79,11.66,1,-0.45,1,0.823,15.51,-4.92,2.016,1,5,0.0371,0.0742,0.0408,0.0649
94.245,1,0.533,1.0,-0.46,3,77.7,20.96,0.09,0.0047,0.053,0.004,0.084,0.956,-0.453,-18.62,11.66,1,-0.45,1,0.387,11.42,-2.98,-2.835,1,4,0.0334,0.0742,0.0408,0.0649
94.274,1,0.533,1.5,-0.34,3,77.9,20.96,0.09,-0.007,0.053,0.007,0.073,0.958,-0.454,-18.45,11.66,1,-0.15,1,0.387,11.42,-2.98,-2.835,1,4,0.0334,0.0742,0.0427,0.0631
94.411,1,0.528,2.75,0.33,3,76.0,20.57,0.09,-0.0093,0.058,0.001,0.039,0.965,-0.456,-18.05,11.66,1,-0.15,1,0.387,14.42,1.14,-1.793,1,4,0.0445,0.0667,0.0519,0.0685
94.476,1,0.532,2.99,0.39,3,74.6,20.96,0.09,-0.0342,0.061,-0.0,0.007,0.968,-0.457,-17.99,11.66,1,0.9,1,0.845,17.93,-0.29,2.534,1,5,0.0517,0.0665,0.0554,0.0702
94.543,1,0.483,2.99,0.42,3,73.7,20.57,0.09,-0.0363,0.067,0.001,0.012,0.973,-0.458,-17.99,11.66,1,0.9,1,0.91,14.06,1.34,-2.901,1,5,0.0682,0.0701,0.0664,0.0646
94.575,1,0.473,2.75,1.02,3,73.9,20.46,0.09,-0.0359,0.071,0.001,-0.023,0.976,-0.459,-17.99,11.66,1,0.9,1,0.91,14.06,1.34,-2.901,1,5,0.0722,0.0704,0.0741,0.0667
94.606,1,0.485,2.75,0.68,3,73.8,20.46,0.09,-0.0429,0.071,0.0,-0.061,0.977,-0.46,-18.05,11.66,1,0.9,1,0.866,16.96,-0.27,2.081,1,5,0.0741,0.0667,0.0759,0.0667
94.637,1,0.503,2.75,-0.01,3,73.8,20.46,0.09,-0.0369,0.072,0.0,-0.021,0.98,-0.461,-18.16,11.66,1,0.9,1,0.866,16.96,-0.27,2.081,1,5,0.0722,0.0666,0.0778,0.0703
94.672,1,0.52,2.75,-0.03,3,72.9,20.46,0.09,-0.0246,0.073,0.001,-0.037,0.982,-0.461,-18.22,11.65,1,2.27,1,0.866,16.96,-0.27,2.081,1,5,0.0722,0.0704,0.0778,0.0704
94.738,1,0.524,2.75,-0.03,3,71.6,20.46,0.09,-0.0243,0.072,0.001,0.033,0.987,-0.463,-18.22,11.65,1,2.27,1,0.824,13.57,-0.79,-4.685,1,5,0.0715,0.0752,0.0697,0.0697
94.774,1,0.52,2.75,-0.03,3,71.0,20.46,0.09,-0.0242,0.072,0.001,0.031,0.988,-0.463,-18.22,11.65,1,2.27,1,0.921,13.09,0.16,-7.691,1,5,0.0697,0.0752,0.0697,0.0715
94.841,1,0.637,2.75,0.31,4,71.2,20.16,0.09,-0.0242,0.073,0.0,-0.015,0.994,-0.465,-18.22,11.65,1,2.27,1,0.909,13.09,1.27,-5.567,1,5,0.071,0.071,0.0746,0.0746
94.873,1,0.532,2.75,0.33,3,72.0,20.46,0.09,-0.0301,0.074,-0.0,-0.013,0.996,-0.466,-18.22,11.65,1,1.36,1,0.909,13.09,1.27,-5.567,1,5,0.0746,0.0709,0.0764,0.0746
94.977,1,0.709,2.25,0.67,5,71.5,20.57,0.09,-0.0304,0.081,-0.001,-0.097,1.005,-0.469,-18.45,11.65,1,1.36,1,0.912,12.6,0.66,-3.991,1,5,0.087,0.074,0.0852,0.0778
95.038,1,0.631,2.25,-0.11,4,71.0,20.33,0.09,-0.0308,0.08,-0.0,-0.041,1.008,-0.47,-18.56,11.65,1,1.36,1,0.908,12.12,1.12,-3.397,1,5,0.0873,0.0727,0.0854,0.0727
95.073,1,0.619,2.0,0.13,4,69.9,20.32,0.09,-0.0176,0.081,-0.0,-0.032,1.01,-0.47,-18.62,11.63,1,-0.27,1,0.908,12.12,1.12,-3.397,1,5,0.0872,0.0763,0.0854,0.0745
95.11,1,0.604,2.0,0.05,4,69.0,20.03,0.09,-0.019,0.081,0.003,0.001,1.013,-0.471,-18.62,11.63,1,-0.27,1,0.891,12.12,-1.42,-6.793,1,5,0.0812,0.0812,0.0866,0.0758
95.146,1,0.616,1.75,0.07,4,68.6,19.72,0.09,-0.0181,0.082,0.002,-0.01,1.016,-0.472,-18.62,11.63,1,-0.27,1,0.867,15.03,3.87,-5.449,1,5,0.0771,0.0826,0.0845,0.0826
95.175,1,0.623,1.75,-0.23,4,67.3,20.33,0.09,-0.0154,0.079,-0.0,-0.016,1.019,-0.473,-18.68,11.63,1,-0.27,1,0.867,15.03,3.87,-5.449,1,5,0.0778,0.0759,0.0815,0.0815
95.243,1,0.584,1.25,0.31,4,67.5,20.32,0.09,-0.0109,0.084,-0.003,-0.036,1.024,-0.475,-18.74,11.63,1,-0.27,1,0.89,14.06,6.08,-4.698,1,5,0.0926,0.0778,0.0852,0.0815
95.27,1,0.616,1.25,-0.34,4,70.8,20.32,0.09,-0.0144,0.084,-0.003,-0.011,1.025,-0.476,-18.79,11.63,1,-2.37,1,0.89,14.06,6.08,-4.698,1,5,0.0944,0.0778,0.0852,0.0796
95.341,1,0.696,1.25,-0.36,4,75.1,20.33,0.09,-0.0042,0.081,-0.001,-0.082,1.031,-0.478,-18.91,11.63,1,-2.37,1,0.892,14.06,6.15,-3.225,1,5,0.087,0.0777,0.0814,0.0777
95.374,1,0.698,1.25,-0.36,4,75.8,20.33,0.09,-0.0042,0.079,-0.001,-0.01,1.034,-0.479,-18.96,11.63,1,-2.37,1,0.892,14.06,6.15,-3.225,1,5,0.0851,0.0814,0.0795,0.0758
95.441,1,0.706,1.25,-0.35,4,74.5,20.33,0.09,-0.0046,0.082,0.002,0.016,1.039,-0.48,-18.91,11.63,1,-2.37,1,0.884,17.93,13.21,-1.425,1,5,0.0795,0.0832,0.0851,0.0795
95.473,1,0.697,1.25,-0.35,4,73.3,20.33,0.09,-0.0049,0.082,0.002,-0.008,1.041,-0.481,-18.91,11.63,1,-2.68,1,0.887,17.93,13.21,-1.424,1,5,0.0777,0.0814,0.087,0.0833
95.537,1,0.71,0.75,-0.48,4,75.5,20.33,0.09,-0.0049,0.083,-0.001,-0.037,1.047,-0.483,-19.02,11.63,1,-2.68,1,0.881,17.93,13.23,0.127,1,5,0.0852,0.0796,0.0852,0.0833
95.573,1,0.706,0.5,-0.54,4,76.8,20.0,0.09,0.0031,0.084,-0.001,-0.019,1.049,-0.484,-19.08,11.63,1,-2.68,1,0.881,17.93,13.23,0.127,1,5,0.0884,0.0792,0.0866,0.0829
95.676,1,0.721,0.25,-0.4,4,74.8,19.95,0.09,0.0058,0.084,-0.001,-0.086,1.058,-0.487,-19.25,11.64,1,-0.88,1,0.864,16.96,12.08,0.129,1,5,0.0889,0.0852,0.0815,0.0815
95.773,1,0.698,0.25,-0.98,4,73.1,20.45,0.09,0.0055,0.084,0.001,0.001,1.065,-0.489,-19.25,11.64,1,-0.88,1,0.87,15.99,11.41,-3.785,1,5,0.0815,0.0852,0.0852,0.0852
95.842,1,0.704,0.25,-0.9,4,74.9,19.81,0.09,0.0152,0.084,-0.002,-0.001,1.071,-0.492,-19.25,11.64,1,-0.88,1,0.852,11.63,2.12,-2.22,1,5,0.0834,0.0834,0.0797,0.0889
95.875,1,0.662,0.25,-1.37,4,74.9,20.16,0.09,0.0137,0.087,-0.001,0.002,1.074,-0.493,-19.19,11.64,1,0.03,1,0.85,11.63,2.12,-2.218,1,5,0.0907,0.087,0.0852,0.087
95.942,1,0.642,0.25,-1.54,4,75.0,20.16,0.09,0.0217,0.088,-0.0,0.008,1.079,-0.495,-19.19,11.64,1,0.03,1,0.848,11.63,2.11,-2.217,1,5,0.0926,0.0871,0.0889,0.0852
95.974,1,0.552,0.25,-0.82,3,75.2,19.85,0.09,0.0247,0.088,-0.0,0.02,1.081,-0.495,-19.19,11.64,1,0.03,1,0.851,12.12,1.62,-1.097,1,5,0.0908,0.0852,0.0889,0.0852
96.045,1,0.655,0.25,-1.18,4,75.3,19.87,0.09,0.0122,0.091,-0.004,0.029,1.088,-0.498,-19.19,11.64,1,0.03,1,0.851,12.12,1.63,-1.091,1,5,0.0888,0.0888,0.0851,0.0999
96.074,1,0.641,0.25,-1.12,4,74.8,20.16,0.1042,0.0184,0.092,-0.002,0.032,1.091,-0.499,-19.14,11.63,1,-0.28,1,0.846,12.12,1.31,-3.532,1,5,0.087,0.0907,0.087,0.0999
96.171,1,0.655,0.25,-1.2,4,73.3,20.16,0.1383,0.022,0.092,-0.002,0.005,1.098,-0.502,-19.14,11.63,1,-0.28,1,0.834,12.12,1.69,-2.814,1,5,0.0926,0.0908,0.0889,0.0945
96.273,1,0.666,0.25,-1.12,4,76.0,19.87,0.1655,0.0279,0.117,-0.002,-0.023,1.109,-0.506,-19.08,11.63,1,-0.28,1,0.809,12.12,4.61,5.082,1,5,0.1175,0.1175,0.112,0.1211
96.341,1,0.694,0.25,-0.7,4,75.2,19.87,0.1298,0.0206,0.149,-0.003,0.052,1.121,-0.51,-18.96,11.63,1,-0.28,1,0.79,12.12,7.4,0.0,0,5,0.1434,0.1545,0.1379,0.16
96.373,1,0.549,0.25,-0.3,3,73.5,19.85,0.1439,0.0135,0.153,-0.003,0.04,1.124,-0.511,-18.91,11.63,1,-0.28,1,0.79,12.12,7.4,0.0,0,5,0.147,0.158,0.1415,0.1636
96.47,1,0.645,0.75,-0.65,4,74.3,20.16,0.1788,0.0057,0.153,-0.004,-0.021,1.138,-0.516,-18.74,11.63,1,2.74,1,0.759,11.15,11.64,0.0,0,5,0.1514,0.1514,0.1459,0.1625
96.575,1,0.654,0.75,-0.7,4,76.5,20.16,0.1617,0.0086,0.173,-0.003,-0.001,1.156,-0.523,-18.56,11.63,1,2.74,1,0.773,6.3,18.3,0.0,0,5,0.1739,0.1739,0.1667,0.1774
96.676,1,0.545,1.0,0.25,3,78.0,19.85,0.1742,0.0113,0.179,-0.003,0.089,1.173,-0.529,-18.51,11.63,1,5.21,1,0.743,6.79,25.91,0.0,0,5,0.1795,0.1813,0.1665,0.1869
96.772,1,0.549,1.75,0.08,3,77.0,19.85,0.1143,-0.014,0.183,-0.004,0.004,1.187,-0.534,-18.39,11.63,1,5.21,1,0.734,3.39,32.45,0.0,0,5,0.1849,0.1849,0.1738,0.1886
96.873,1,0.539,1.25,0.31,3,77.5,20.44,0.09,-0.0183,0.169,0.006,0.008,1.204,-0.539,-18.39,11.63,1,9.87,1,0.741,-0.48,40.47,0.0,0,5,0.1583,0.1694,0.1804,0.1675
96.975,1,0.54,1.0,-0.11,3,77.3,20.2,0.09,-0.0163,0.145,-0.002,-0.066,1.22,-0.545,-18.85,11.63,1,9.87,1,0.776,-9.21,44.24,0.0,0,5,0.1555,0.1333,0.1518,0.1388
97.001,1,0.542,0.75,0.19,3,77.4,20.44,0.09,-0.006,0.14,-0.0,-0.012,1.223,-0.546,-18.91,11.63,1,9.87,1,0.776,-9.21,44.24,0.0,0,5,0.1518,0.1333,0.1462,0.1296
97.07,1,0.545,0.25,-0.56,3,75.9,20.2,0.09,-0.0091,0.129,0.009,-0.056,1.23,-0.547,-19.08,11.63,1,15.7,1,0.773,-13.57,46.47,0.0,0,5,0.137,0.1314,0.1444,0.1037
97.108,1,0.542,-0.25,-0.06,3,76.6,20.44,0.09,0.0095,0.123,0.006,-0.138,1.235,-0.549,-19.31,11.63,1,15.7,1,0.783,-21.81,43.77,0.0,0,5,0.1297,0.1148,0.1445,0.1037
97.273,1,0.467,-1.5,-3.96,3,77.3,21.02,0.09,0.004,0.1,0.006,-0.065,1.252,-0.554,-20.23,11.63,1,20.25,1,0.83,-27.14,37.32,0.0,0,5,0.1055,0.1,0.1222,0.087
97.301,1,0.472,-1.5,-4.37,3,78.0,21.02,0.09,0.0875,0.098,0.006,-0.045,1.254,-0.555,-20.28,11.63,1,20.25,1,0.843,-28.11,37.29,0.0,0,5,0.1037,0.0926,0.1148,0.0815
97.375,1,0.506,-2.0,-3.6,3,78.1,20.96,0.09,0.0917,0.087,0.002,-0.058,1.259,-0.556,-20.4,11.63,1,20.25,1,0.816,-29.08,34.43,0.0,0,5,0.0995,0.0866,0.0922,0.07
97.47,1,0.52,-1.5,-1.53,4,79.8,26.53,0.09,0.0821,0.084,0.0,0.07,1.267,-0.559,-20.28,11.63,1,19.59,1,0.807,-28.11,33.99,0.0,0,5,0.0778,0.087,0.0815,0.0889
97.507,1,0.537,-1.25,-1.12,4,80.2,26.26,0.09,0.0396,0.083,0.005,0.038,1.27,-0.56,-20.23,11.63,1,19.59,1,0.824,-21.81,33.79,0.0,0,5,0.0629,0.0889,0.087,0.0926
97.568,1,0.538,-1.0,-0.16,4,80.8,26.63,0.09,0.0299,0.085,0.005,0.026,1.275,-0.562,-20.11,11.63,1,19.59,1,0.824,-21.81,33.79,0.0,0,5,0.068,0.0919,0.0882,0.0919
97.607,1,0.589,-1.0,0.59,4,81.4,23.31,0.09,0.0106,0.086,0.0,0.016,1.278,-0.563,-20.05,11.63,1,19.59,1,0.84,-21.81,30.43,0.0,0,5,0.0844,0.0917,0.0807,0.0881
97.674,1,0.439,-1.0,3.35,3,81.9,24.52,0.09,-0.0019,0.081,0.0,0.045,1.283,-0.565,-20.0,11.62,1,24.64,1,0.828,-20.84,27.44,0.0,0,5,0.0812,0.0867,0.0757,0.0812
97.77,1,0.478,-0.75,7.06,4,81.7,28.81,0.09,-0.0497,0.072,-0.001,0.002,1.29,-0.567,-20.0,11.62,1,24.64,1,0.837,-16.48,20.25,0.0,0,5,0.0715,0.077,0.0642,0.0734
97.806,1,0.488,-0.75,9.45,4,81.8,29.39,0.09,-0.1173,0.073,0.002,-0.007,1.292,-0.568,-20.0,11.62,1,24.64,1,0.845,-15.99,16.43,0.0,0,5,0.0683,0.0775,0.0738,0.0738
97.87,1,0.354,-4.24,17.06,3,82.2,29.99,0.09,-0.1586,0.079,0.005,-0.017,1.297,-0.569,-20.05,11.62,1,30.04,1,0.846,-15.51,16.18,0.0,0,5,0.0739,0.0795,0.0868,0.0739
97.906,1,0.353,-5.74,19.12,3,82.2,31.83,0.09,-0.2476,0.08,0.002,-0.076,1.3,-0.571,-20.23,11.62,1,30.04,1,0.819,-18.42,9.47,0.0,0,5,0.0832,0.0739,0.0905,0.0721
97.969,1,0.42,-5.49,23.4,4,82.5,30.99,0.09,-0.2739,0.083,-0.005,-0.097,1.305,-0.573,-20.45,11.62,1,30.04,1,0.843,-20.36,1.72,0.0,0,5,0.1035,0.0647,0.0924,0.0721
98.006,1,0.517,-5.74,24.73,4,83.1,28.78,0.09,-0.3545,0.085,-0.005,-0.125,1.308,-0.574,-20.74,11.62,1,30.04,1,0.872,-24.23,-13.81,4.454,1,5,0.1109,0.0628,0.0961,0.0684
98.04,1,0.554,-5.49,25.07,4,83.1,27.16,0.09,-0.3755,0.084,-0.005,-0.192,1.311,-0.575,-21.14,11.62,1,30.04,1,0.886,-26.17,-15.01,3.487,1,5,0.1164,0.0564,0.1,0.0618
98.074,1,0.543,-5.24,25.16,4,83.3,27.2,0.09,-0.3859,0.082,-0.005,-0.203,1.314,-0.577,-21.6,11.62,1,39.8,1,0.839,-30.54,-24.01,0.0,0,5,0.1182,0.0509,0.1037,0.0564
98.107,1,0.59,-5.49,25.85,5,82.9,32.7,0.09,-0.3912,0.083,-0.004,-0.255,1.316,-0.577,-21.89,11.62,1,39.8,1,0.884,-34.9,-33.42,0.0,0,5,0.1256,0.0437,0.1147,0.0491
98.176,1,0.628,-7.74,27.34,5,81.5,27.45,0.09,-0.4009,0.094,-0.005,-0.373,1.322,-0.581,-23.32,11.62,1,39.8,1,0.955,-40.71,-42.38,0.0,0,5,0.1442,0.0351,0.1424,0.0536
98.206,1,0.575,-8.98,28.15,4,80.6,26.15,0.09,-0.4006,0.094,-0.007,-0.294,1.324,-0.582,-23.66,11.62,1,39.8,1,0.951,-41.68,-44.54,0.0,0,5,0.1478,0.0296,0.1441,0.0536
98.269,1,0.557,-10.98,27.21,4,79.3,27.36,0.09,-0.4041,0.087,-0.005,-0.345,1.329,-0.584,-24.87,11.62,1,34.4,1,0.944,-40.71,-43.72,0.0,0,5,0.1457,0.0258,0.1383,0.0387
98.305,1,0.563,-12.23,26.98,4,78.7,28.11,0.09,-0.3664,0.085,-0.002,-0.314,1.332,-0.586,-25.61,11.62,1,34.4,1,0.944,-40.71,-43.72,0.0,0,5,0.1458,0.0295,0.1366,0.0295
98.368,1,0.646,-11.23,25.93,5,79.5,30.45,0.09,-0.3531,0.092,0.004,-0.274,1.337,-0.588,-26.59,11.62,1,34.4,1,0.955,-36.35,-39.27,0.0,0,5,0.1424,0.0407,0.1498,0.0333
98.406,1,0.692,-9.73,23.46,5,80.1,22.68,0.09,-0.3493,0.093,0.004,-0.306,1.34,-0.589,-27.22,11.62,1,34.4,1,0.924,-30.05,-34.22,0.0,0,5,0.1363,0.0479,0.1474,0.0424
98.505,1,0.623,-6.99,18.2,5,79.7,22.19,0.09,-0.3233,0.09,0.003,-0.279,1.349,-0.593,-28.88,11.62,1,23.1,1,0.89,-19.87,-16.86,1.745,1,5,0.1403,0.0462,0.1403,0.0351
98.571,1,0.667,-7.74,17.75,5,80.4,22.19,0.09,-0.2616,0.089,0.003,-0.28,1.353,-0.596,-29.91,11.62,1,23.1,1,0.907,-19.87,-14.52,3.246,1,5,0.1385,0.0369,0.1477,0.0332
98.669,1,0.669,-8.73,16.44,5,80.4,21.6,0.09,-0.2414,0.085,0.005,-0.253,1.361,-0.6,-31.57,11.62,1,12.08,1,0.857,-11.15,3.65,0.0,0,5,0.1331,0.0444,0.135,0.0277
98.707,1,0.672,-8.73,15.91,5,79.1,21.46,0.09,-0.2063,0.084,0.006,-0.208,1.364,-0.602,-32.09,11.62,1,12.08,1,0.747,-2.91,13.44,0.0,0,5,0.1221,0.0444,0.1351,0.0352
98.767,1,0.664,-9.23,15.24,5,78.2,21.6,0.09,-0.198,0.086,0.003,-0.176,1.368,-0.604,-32.83,11.62,1,12.08,1,0.825,-2.91,18.91,0.0,0,5,0.1185,0.0426,0.1352,0.0463
98.805,1,0.61,-8.73,14.75,4,77.9,21.53,0.09,-0.1808,0.085,0.0,-0.208,1.371,-0.606,-33.29,11.62,1,12.08,1,0.818,-0.97,15.54,0.0,0,5,0.1223,0.0445,0.126,0.0482
98.868,1,0.628,-8.73,13.88,4,78.1,21.24,0.09,-0.1788,0.084,0.001,-0.15,1.375,-0.609,-33.92,11.62,1,10.15,1,0.817,0.97,23.16,0.0,0,5,0.1168,0.0593,0.1112,0.05
98.906,1,0.62,-8.73,13.9,4,78.3,21.24,0.09,-0.1636,0.082,0.003,-0.141,1.378,-0.61,-34.21,11.62,1,10.15,1,0.837,0.48,19.28,0.0,0,5,0.1056,0.0593,0.1093,0.0519
98.968,1,0.648,-8.73,13.35,5,77.5,21.46,0.09,-0.1641,0.08,0.005,-0.173,1.382,-0.613,-34.78,11.62,1,10.15,1,0.831,0.48,22.12,0.0,0,5,0.0962,0.0555,0.1147,0.0555
99.003,1,0.606,-8.73,12.76,4,77.2,21.24,0.09,-0.1544,0.083,0.004,-0.118,1.385,-0.615,-35.07,11.62,1,10.15,1,0.831,0.48,22.12,0.0,0,5,0.1017,0.0592,0.1146,0.0555
99.069,1,0.633,-7.99,12.46,4,77.2,21.49,0.0923,-0.1442,0.089,0.002,-0.148,1.39,-0.618,-35.64,11.62,1,11.38,1,0.832,-1.45,16.62,0.0,0,5,0.1111,0.0666,0.1148,0.0629
99.103,1,0.614,-7.74,11.92,4,77.6,21.24,0.0992,-0.1482,0.092,0.003,-0.115,1.393,-0.62,-35.92,11.62,1,11.38,1,0.832,-1.45,16.62,0.0,0,5,0.1111,0.074,0.1166,0.0666
99.177,1,0.729,-7.24,10.82,5,78.9,21.46,0.09,-0.14,0.09,0.001,-0.1,1.399,-0.624,-36.33,11.62,1,11.38,1,0.834,-1.45,12.69,7.527,1,5,0.1034,0.0702,0.1126,0.0739
99.204,1,0.766,-7.24,11.2,5,78.5,21.11,0.0968,-0.1267,0.09,0.0,-0.076,1.4,-0.625,-36.38,11.62,1,11.38,1,0.83,-1.94,13.21,0.0,0,5,0.1053,0.0702,0.109,0.0739
99.237,1,0.776,-6.99,11.33,5,77.4,20.96,0.111,-0.1362,0.09,-0.006,-0.054,1.403,-0.628,-36.55,11.62,1,11.38,1,0.83,-1.94,13.21,0.0,0,5,0.1103,0.0643,0.1048,0.0809
99.268,1,0.622,-6.49,10.83,4,77.8,20.89,0.1248,-0.1637,0.09,-0.006,-0.054,1.403,-0.628,-36.55,11.62,1,13.54,1,0.805,-4.85,9.82,0.0,0,5,0.1103,0.0643,0.1048,0.0809
99.307,1,0.601,-6.24,11.17,4,79.2,21.14,0.1031,-0.1333,0.096,-0.006,-0.225,1.408,-0.632,-36.96,11.62,1,13.54,1,0.853,-5.33,1.88,4.287,1,5,0.1158,0.0736,0.1067,0.0883
99.369,1,0.693,-5.74,10.13,5,80.5,21.46,0.09,-0.1407,0.106,0.003,-0.089,1.413,-0.635,-37.36,11.62,1,13.54,1,0.847,-5.33,1.05,5.956,1,5,0.1234,0.0921,0.1253,0.0829
99.404,1,0.757,-5.49,10.0,5,80.0,20.96,0.09,-0.1285,0.105,0.004,-0.127,1.416,-0.638,-37.64,11.62,1,13.54,1,0.806,-7.76,-1.01,4.874,1,5,0.1214,0.0865,0.1325,0.081
99.467,1,0.785,-5.49,9.77,5,77.6,20.81,0.1107,-0.1301,0.105,0.001,-0.146,1.42,-0.64,-37.99,11.62,1,13.54,1,0.82,-10.66,-9.47,1.271,1,5,0.1216,0.0817,0.1307,0.0871
99.503,1,0.758,-4.99,9.69,5,77.1,20.96,0.1177,-0.1358,0.102,0.0,-0.1,1.423,-0.643,-38.22,11.62,1,14.62,1,0.82,-10.66,-9.47,1.271,1,5,0.1203,0.0802,0.124,0.0839
99.54,1,0.726,-4.74,9.3,5,77.7,20.46,0.132,-0.1596,0.102,0.001,-0.129,1.426,-0.645,-38.5,11.62,1,14.62,1,0.863,-10.18,-13.52,2.47,1,5,0.124,0.0839,0.1222,0.0766
99.604,1,0.788,-4.74,10.3,5,77.3,20.44,0.09,-0.1211,0.106,0.001,-0.116,1.431,-0.649,-38.85,11.62,1,14.62,1,0.854,-10.18,-14.89,1.418,1,5,0.1332,0.0912,0.1241,0.0766
99.667,1,0.761,-5.49,9.61,5,75.2,20.44,0.1111,-0.1415,0.108,-0.003,-0.143,1.436,-0.654,-39.3,11.62,1,14.62,1,0.859,-11.15,-15.9,-1.613,1,5,0.1293,0.0849,0.1256,0.0942
99.738,1,0.669,-4.49,8.43,5,77.1,20.96,0.123,-0.1373,0.109,-0.004,-0.101,1.443,-0.66,-39.71,11.62,1,13.65,1,0.872,-11.15,-18.87,0.0,0,5,0.1222,0.0815,0.1277,0.1037
99.769,1,0.664,-4.49,8.32,5,76.4,20.96,0.0994,-0.1087,0.111,-0.003,-0.105,1.444,-0.661,-39.82,11.62,1,13.65,1,0.872,-11.15,-18.87,0.0,0,5,0.1258,0.0888,0.1258,0.1018
99.802,1,0.624,-4.49,8.06,4,75.8,20.89,0.09,-0.1064,0.113,0.0,-0.093,1.448,-0.664,-40.11,11.62,1,13.65,1,0.872,-11.15,-18.87,0.0,0,5,0.1292,0.1015,0.1237,0.096
99.839,1,0.685,-4.74,7.91,5,75.1,20.46,0.1041,-0.1013,0.113,0.003,-0.07,1.452,-0.667,-40.28,11.62,1,13.65,1,0.841,-5.82,-12.94,-5.746,1,5,0.131,0.1034,0.1273,0.0886
99.869,1,0.61,-4.24,7.65,4,75.9,20.64,0.09,-0.0954,0.11,0.004,-0.069,1.453,-0.668,-40.34,11.62,1,13.65,1,0.841,-5.82,-12.94,-5.746,1,5,0.1274,0.0979,0.1293,0.0849
99.899,1,0.606,-4.24,7.4,4,77.0,20.45,0.0969,-0.0971,0.109,0.002,-0.178,1.456,-0.671,-40.68,11.62,1,8.33,1,0.841,-5.82,-12.94,-5.746,1,5,0.1296,0.0926,0.1296,0.0852
100.005,1,0.663,-3.49,6.62,5,77.4,20.96,0.0956,-0.0915,0.104,0.005,-0.121,1.465,-0.677,-41.42,11.62,1,8.33,1,0.82,3.88,2.17,-7.318,1,5,0.1216,0.0903,0.1271,0.0755
100.038,1,0.659,-3.49,6.51,5,77.7,20.96,0.09,-0.087,0.099,0.004,-0.09,1.468,-0.68,-41.6,11.62,1,8.33,1,0.82,3.88,2.17,-7.318,1,5,0.1161,0.0866,0.1253,0.0737
100.075,1,0.666,-3.74,6.01,5,77.6,20.46,0.09,-0.084,0.097,-0.0,-0.105,1.47,-0.683,-41.83,11.62,1,8.33,1,0.8,7.76,11.0,-6.389,1,5,0.1105,0.0829,0.1179,0.0829
100.1,1,0.679,-4.24,6.25,5,77.3,20.81,0.09,-0.0719,0.098,-0.001,-0.121,1.472,-0.684,-41.94,11.61,1,3.52,1,0.8,7.76,11.0,-6.389,1,5,0.1074,0.074,0.1185,0.0907
100.137,1,0.69,-4.49,6.24,5,77.7,20.96,0.09,-0.0699,0.097,-0.004,-0.102,1.475,-0.687,-42.17,11.61,1,3.52,1,0.814,7.76,9.71,-7.179,1,5,0.1146,0.0721,0.1146,0.0887
100.174,1,0.67,-4.74,5.81,5,77.3,20.46,0.09,-0.0671,0.096,-0.004,-0.103,1.477,-0.689,-42.4,11.61,1,3.52,1,0.813,9.69,16.14,-4.894,1,5,0.12,0.0738,0.1089,0.0794
100.199,1,0.659,-5.24,5.64,5,77.3,20.46,0.09,-0.0569,0.093,-0.004,-0.091,1.479,-0.691,-42.51,11.61,1,3.52,1,0.813,9.69,16.14,-4.894,1,5,0.12,0.072,0.1052,0.0738
100.27,1,0.647,-5.74,5.72,5,75.9,20.46,0.09,-0.0496,0.089,-0.005,-0.119,1.482,-0.694,-42.91,11.61,1,3.52,1,0.839,8.24,12.99,-6.211,1,5,0.1127,0.0665,0.1016,0.0739
100.304,1,0.644,-5.99,5.27,5,75.7,20.96,0.09,-0.0451,0.089,-0.004,-0.062,1.485,-0.697,-43.09,11.61,1,0.46,1,0.814,11.63,15.07,-4.322,1,5,0.1017,0.0684,0.1017,0.0851
100.338,1,0.65,-6.24,5.5,5,75.6,20.46,0.09,-0.0353,0.089,-0.0,-0.104,1.487,-0.699,-43.26,11.61,1,0.46,1,0.842,11.63,20.09,0.0,0,5,0.0944,0.0759,0.1018,0.0851
100.367,1,0.661,-6.24,4.68,5,75.5,20.46,0.09,-0.0373,0.089,0.001,-0.032,1.489,-0.7,-43.32,11.61,1,0.46,1,0.842,11.63,20.09,0.0,0,5,0.0944,0.0778,0.1018,0.0815
100.399,1,0.707,-6.24,4.62,5,76.6,20.46,0.09,-0.0235,0.088,0.0,-0.054,1.491,-0.703,-43.43,11.61,1,0.46,1,0.842,11.63,20.09,0.0,0,5,0.0981,0.0778,0.0981,0.0778
100.499,1,0.689,-6.49,5.04,5,76.1,20.96,0.09,-0.0238,0.086,-0.002,-0.047,1.497,-0.709,-43.72,11.61,1,0.3,1,0.845,10.66,16.54,-5.757,1,5,0.0982,0.0778,0.0908,0.0778
100.536,1,0.695,-6.49,4.69,5,76.4,20.96,0.09,-0.0284,0.083,-0.002,-0.034,1.5,-0.711,-43.83,11.61,1,0.3,1,0.831,10.66,14.59,-6.722,1,5,0.0982,0.0759,0.0871,0.0741
100.567,1,0.716,-6.49,4.36,5,76.9,20.96,0.09,-0.0227,0.081,-0.003,-0.05,1.501,-0.713,-43.83,11.61,1,0.3,1,0.831,10.66,14.59,-6.722,1,5,0.0962,0.074,0.0833,0.0722
100.667,1,0.724,-5.99,4.21,5,78.2,20.96,0.09,-0.0175,0.084,-0.002,-0.03,1.507,-0.719,-44.06,11.61,1,0.3,1,0.827,10.18,12.65,-7.678,1,5,0.0869,0.0666,0.0961,0.0851
100.699,1,0.705,-5.99,4.48,5,78.1,20.96,0.09,-0.0212,0.087,0.001,-0.039,1.509,-0.721,-44.18,11.61,1,0.31,1,0.827,10.18,12.65,-7.678,1,5,0.087,0.0778,0.0981,0.0852
100.736,1,0.703,-5.74,4.23,5,78.4,20.46,0.09,-0.0254,0.087,0.003,-0.032,1.512,-0.723,-44.23,11.61,1,0.31,1,0.839,10.66,11.89,-6.511,1,5,0.0888,0.087,0.0925,0.0796
100.8,1,0.712,-5.49,3.89,5,79.4,20.96,0.09,-0.0233,0.085,-0.001,-0.043,1.515,-0.727,-44.46,11.61,1,0.31,1,0.827,10.66,11.92,-5.318,1,5,0.0953,0.0825,0.0861,0.077
100.835,1,0.722,-5.49,3.8,5,79.8,20.96,0.09,-0.0199,0.084,-0.0,0.001,1.518,-0.729,-44.46,11.61,1,0.31,1,0.827,10.66,9.8,-5.971,1,5,0.0944,0.0835,0.0853,0.0744
100.871,1,0.714,-5.24,3.93,5,79.9,20.81,0.09,-0.0178,0.084,0.002,-0.009,1.519,-0.73,-44.46,11.61,1,0.31,1,0.827,10.66,9.8,-5.971,1,5,0.0926,0.0871,0.0853,0.0726
100.898,1,0.721,-5.24,4.28,5,79.7,20.46,0.09,-0.023,0.084,0.002,-0.049,1.522,-0.733,-44.52,11.61,1,-0.46,1,0.826,11.15,9.32,-5.158,1,5,0.0873,0.0818,0.0891,0.0764
100.936,1,0.735,-5.24,4.16,5,79.3,20.46,0.09,-0.0285,0.085,0.0,-0.009,1.524,-0.735,-44.69,11.61,1,-0.46,1,0.826,11.15,9.32,-5.158,1,5,0.0881,0.077,0.0936,0.0826
100.999,1,0.72,-3.99,3.78,5,80.0,20.96,0.09,-0.026,0.087,0.001,-0.04,1.528,-0.739,-44.75,11.61,1,-0.46,1,0.806,14.54,12.67,-6.612,1,5,0.0926,0.0778,0.0981,0.0778
101.099,1,0.736,-3.74,3.46,5,78.0,20.46,0.09,-0.032,0.086,-0.0,-0.037,1.534,-0.745,-44.98,11.61,1,-1.28,1,0.84,15.51,13.2,-2.237,1,5,0.0911,0.0838,0.0874,0.0801
101.136,1,0.712,-3.74,3.78,5,78.4,20.46,0.09,-0.0286,0.086,-0.001,0.027,1.536,-0.748,-44.98,11.61,1,-1.28,1,0.831,15.51,11.31,-2.328,1,5,0.0944,0.0851,0.0833,0.0796
101.171,1,0.734,-3.49,3.77,5,78.6,20.96,0.09,-0.0334,0.084,-0.0,0.039,1.538,-0.749,-44.92,11.61,1,-1.28,1,0.827,15.51,11.28,-2.317,1,5,0.0907,0.0833,0.0833,0.0777
101.201,1,0.762,-3.49,4.01,5,78.6,20.96,0.0903,-0.0363,0.084,0.0,-0.046,1.54,-0.751,-44.98,11.61,1,-1.28,1,0.827,15.51,11.28,-2.317,1,5,0.0868,0.0813,0.0868,0.0794
101.231,1,0.756,-3.49,3.93,5,78.5,20.96,0.099,-0.0398,0.084,0.0,-0.06,1.541,-0.752,-45.03,11.61,1,-1.28,1,0.827,15.51,11.28,-2.317,1,5,0.0868,0.0794,0.0886,0.0794
101.299,1,0.617,-3.49,5.25,5,78.6,20.96,0.0908,-0.0378,0.086,-0.002,-0.074,1.546,-0.757,-45.38,11.61,1,-0.12,1,0.846,14.54,12.01,-2.267,1,5,0.0962,0.074,0.0944,0.0814
101.335,1,0.614,-3.49,4.99,5,79.0,20.96,0.09,-0.0606,0.088,-0.0,-0.061,1.547,-0.759,-45.44,11.61,1,-0.12,1,0.844,14.06,10.36,-2.83,1,5,0.0961,0.0777,0.098,0.0795
101.399,1,0.754,-3.49,2.71,5,79.4,20.96,0.09,-0.0558,0.092,0.006,-0.062,1.553,-0.763,-45.84,11.61,1,-0.12,1,0.844,14.06,10.36,-2.83,1,5,0.0981,0.0889,0.1074,0.0722
101.434,1,0.756,-3.49,2.7,5,79.6,20.96,0.09,-0.016,0.09,0.005,-0.063,1.554,-0.765,-45.89,11.61,1,-0.12,1,0.844,9.69,1.09,-2.705,1,5,0.0981,0.0852,0.1055,0.0722
101.467,1,0.704,-3.49,2.66,5,79.6,20.96,0.1038,-0.0158,0.088,0.006,-0.039,1.557,-0.767,-46.01,11.61,1,-0.12,1,0.844,9.69,1.09,-2.705,1,5,0.0926,0.0815,0.1056,0.0722
101.503,1,0.675,-3.24,2.18,5,79.8,20.46,0.1107,-0.0158,0.087,0.005,-0.047,1.559,-0.769,-46.12,11.61,1,0.22,1,0.849,9.21,0.54,-5.929,1,5,0.0907,0.0796,0.1037,0.074
101.539,1,0.656,-3.24,2.24,5,79.1,20.46,0.0922,-0.0098,0.088,0.003,-0.043,1.562,-0.772,-46.18,11.61,1,0.22,1,0.848,9.21,-0.81,-7.14,1,5,0.0944,0.0833,0.0981,0.0759
101.598,1,0.804,-2.99,1.1,5,77.7,20.96,0.09,-0.0103,0.094,0.001,-0.058,1.566,-0.776,-46.29,11.61,1,0.22,1,0.848,9.21,-0.81,-7.14,1,5,0.1049,0.0902,0.0994,0.081
101.635,1,0.787,-2.99,0.51,5,77.1,20.44,0.09,0.0068,0.094,-0.001,-0.104,1.567,-0.778,-46.41,11.61,1,0.22,1,0.854,8.72,-1.14,-4.941,1,5,0.105,0.0866,0.0995,0.0847
101.703,1,0.821,-2.75,-0.23,5,77.5,20.46,0.09,0.0175,0.096,0.002,-0.027,1.573,-0.783,-46.64,11.59,1,-2.72,1,0.837,11.63,6.02,-4.062,1,5,0.0981,0.0907,0.1055,0.0888
101.737,1,0.842,-2.5,-0.88,5,77.8,20.56,0.0972,0.0275,0.094,0.006,-0.035,1.575,-0.786,-46.7,11.59,1,-2.72,1,0.828,12.6,2.29,-4.394,1,5,0.0887,0.0905,0.109,0.0887
101.798,1,0.836,-2.5,-1.0,5,77.8,20.56,0.09,0.0367,0.092,0.001,-0.004,1.579,-0.79,-46.75,11.59,1,-2.72,1,0.819,15.51,10.92,-3.78,1,5,0.094,0.0884,0.0976,0.0884
101.835,1,0.818,-2.25,-1.59,5,77.1,20.46,0.1042,0.0391,0.093,0.0,0.044,1.582,-0.792,-46.7,11.59,1,-2.72,1,0.858,14.54,12.07,-2.263,1,5,0.0995,0.094,0.0922,0.0848
101.898,1,0.745,2.25,-3.33,5,76.3,20.2,0.125,0.0508,0.092,-0.001,0.019,1.585,-0.796,-46.7,11.59,1,-4.88,1,0.852,15.03,12.18,-2.804,1,5,0.098,0.098,0.0832,0.0887
101.936,1,0.793,-2.0,-1.85,5,77.1,20.56,0.1393,0.0395,0.096,-0.004,-0.01,1.588,-0.8,-46.7,11.59,1,-4.88,1,0.82,17.93,14.89,-4.41,1,5,0.0998,0.1035,0.0813,0.0998
102.006,1,0.783,-2.0,-1.75,5,78.2,20.56,0.1323,0.0589,0.114,-0.0,0.058,1.593,-0.805,-46.58,11.59,1,-4.88,1,0.857,18.42,19.18,0.0,0,5,0.1074,0.1222,0.1055,0.1222
102.035,1,0.78,-2.0,-1.23,5,77.7,20.56,0.1199,0.0533,0.124,0.001,0.038,1.597,-0.809,-46.47,11.59,1,-4.88,1,0.868,18.42,20.65,0.0,0,5,0.111,0.1295,0.1203,0.1351
102.07,1,0.792,-2.0,-1.28,5,77.2,20.56,0.096,0.0407,0.126,0.0,0.046,1.598,-0.811,-46.41,11.59,1,-4.88,1,0.872,18.42,20.65,0.0,0,5,0.1147,0.1295,0.124,0.1369
102.098,1,0.785,-2.0,-1.26,5,77.7,20.96,0.1031,0.0413,0.129,-0.002,0.093,1.602,-0.814,-46.29,11.58,1,-2.49,1,0.872,18.42,20.65,0.0,0,5,0.122,0.1294,0.1257,0.1405
102.136,1,0.788,-1.5,-1.73,5,78.7,20.96,0.1022,0.0405,0.129,-0.003,-0.008,1.604,-0.816,-46.29,11.58,1,-2.49,1,0.863,19.39,21.09,0.0,0,5,0.1259,0.1259,0.1259,0.137
102.297,1,0.783,-2.0,-1.09,5,78.3,20.56,0.1114,0.0441,0.118,0.002,-0.01,1.619,-0.832,-46.41,11.58,1,0.93,1,0.84,13.09,12.21,1.965,1,5,0.1148,0.1167,0.1241,0.1167
102.336,1,0.792,-2.0,-1.46,5,77.8,20.81,0.1126,0.0389,0.118,-0.001,-0.021,1.622,-0.836,-46.35,11.58,1,0.93,1,0.859,10.18,2.8,-3.742,1,5,0.124,0.1147,0.1203,0.1147
102.398,1,0.791,-2.0,-1.44,5,78.0,20.96,0.1169,0.0458,0.12,-0.003,0.02,1.627,-0.841,-46.47,11.58,1,0.93,1,0.839,8.72,3.42,-0.327,1,5,0.1277,0.124,0.1092,0.1185
102.435,1,0.804,-1.5,-1.99,5,78.7,20.96,0.1306,0.048,0.119,-0.0,0.018,1.63,-0.845,-46.41,11.58,1,0.93,1,0.851,7.27,-3.33,-2.245,1,5,0.1138,0.1285,0.1101,0.1248
102.465,1,0.809,-1.75,-1.47,5,79.0,20.46,0.1373,0.0553,0.119,0.003,0.032,1.632,-0.846,-46.41,11.58,1,0.93,1,0.851,7.27,-3.33,-2.245,1,5,0.1083,0.1285,0.1156,0.1248
102.502,1,0.803,-1.5,-1.71,5,79.3,20.96,0.1331,0.0466,0.123,0.005,0.077,1.635,-0.849,-46.29,11.58,1,2.53,1,0.857,7.76,-3.69,-6.156,1,5,0.1075,0.133,0.1238,0.1293
102.534,1,0.816,-1.5,-1.02,5,80.2,20.56,0.1092,0.0427,0.126,0.003,0.056,1.637,-0.851,-46.18,11.58,1,2.53,1,0.862,7.76,-1.6,-3.38,1,5,0.1127,0.1321,0.1268,0.1338
102.602,1,0.83,-1.0,-1.52,5,80.9,20.56,0.1303,0.0342,0.131,-0.006,0.017,1.644,-0.859,-46.01,11.58,1,2.53,1,0.848,8.72,-1.08,-4.905,1,5,0.1284,0.1373,0.1141,0.1462
102.634,1,0.841,-1.0,-1.52,5,80.5,20.96,0.1247,0.0374,0.132,-0.007,0.015,1.646,-0.861,-46.01,11.58,1,2.53,1,0.855,8.72,-1.09,-4.92,1,5,0.1279,0.1389,0.1115,0.1499
102.697,1,0.827,-1.0,-0.89,5,78.5,20.56,0.1383,0.0411,0.132,-0.002,0.087,1.653,-0.869,-45.72,11.59,1,0.79,1,0.857,8.72,-0.08,-2.694,1,5,0.1225,0.1353,0.1244,0.1445
102.735,1,0.806,-1.0,-0.93,5,78.5,20.56,0.114,0.0247,0.13,0.0,0.063,1.655,-0.871,-45.66,11.59,1,0.79,1,0.858,9.21,0.64,-5.933,1,5,0.1199,0.1328,0.1273,0.1383
102.802,1,0.791,-1.0,-0.83,5,79.4,20.56,0.0982,0.025,0.129,-0.004,0.036,1.662,-0.879,-45.55,11.59,1,0.79,1,0.86,9.69,1.11,-2.7,1,5,0.1239,0.1331,0.1183,0.1424
102.903,1,0.793,-0.5,-0.79,5,78.2,20.56,0.0937,0.0233,0.12,-0.006,0.033,1.67,-0.888,-45.38,11.59,1,-0.18,1,0.846,10.18,1.79,-5.877,1,5,0.1202,0.1257,0.1035,0.1313
102.929,1,0.794,-0.25,-0.77,5,78.5,20.46,0.0939,0.0165,0.116,-0.005,0.09,1.672,-0.889,-45.26,11.59,1,-0.18,1,0.846,10.18,1.79,-5.877,1,5,0.1165,0.1202,0.1017,0.1239
102.969,1,0.803,-0.25,-0.49,5,78.4,20.2,0.0939,0.0139,0.11,-0.003,0.013,1.675,-0.892,-45.21,11.59,1,-0.18,1,0.855,10.66,2.29,-2.694,1,5,0.1091,0.1091,0.1054,0.1165
103.003,1,0.802,-0.5,-0.25,5,78.2,20.2,0.1011,0.0094,0.106,-0.003,-0.025,1.677,-0.895,-45.21,11.59,1,-0.18,1,0.829,12.12,3.13,-4.765,1,5,0.1016,0.1016,0.1053,0.1164
103.037,1,0.803,0.0,-0.63,5,78.2,20.44,0.1003,0.0086,0.104,-0.005,0.014,1.68,-0.898,-45.15,11.59,1,-0.18,1,0.838,14.54,8.26,-3.56,1,5,0.0998,0.098,0.0998,0.1165
103.097,1,0.789,0.0,-0.38,5,78.4,20.81,0.1159,0.0104,0.1,-0.004,0.003,1.684,-0.903,-45.09,11.58,1,-1.45,1,0.858,14.54,9.61,-3.906,1,5,0.0999,0.1055,0.087,0.1073
103.134,1,0.79,0.0,-0.38,5,78.3,20.81,0.1102,0.0059,0.097,-0.003,0.033,1.687,-0.905,-45.09,11.58,1,-1.45,1,0.855,14.54,9.56,-3.921,1,5,0.0999,0.1073,0.0814,0.1036
103.203,1,0.796,0.25,-0.25,5,78.6,20.44,0.1107,0.0063,0.096,-0.001,0.059,1.691,-0.91,-44.86,11.58,1,-1.45,1,0.859,14.54,11.22,-0.423,1,5,0.0942,0.1035,0.0868,0.0998
103.236,1,0.788,0.5,-0.24,5,78.3,20.81,0.105,0.0012,0.099,-0.002,0.026,1.694,-0.913,-44.75,11.58,1,-1.45,1,0.863,15.51,10.77,-2.391,1,5,0.0924,0.0998,0.0942,0.1035
103.302,1,0.785,1.0,0.27,5,78.2,20.56,0.1102,-0.0012,0.103,-0.008,0.039,1.698,-0.917,-44.63,11.58,1,-0.96,1,0.858,16.48,11.92,-2.348,1,5,0.1018,0.0999,0.0907,0.1203
103.333,1,0.789,1.0,0.28,5,78.0,20.96,0.1023,-0.0158,0.104,-0.007,0.029,1.699,-0.919,-44.58,11.58,1,-0.96,1,0.857,16.48,13.8,0.179,1,5,0.1017,0.1035,0.0887,0.1202
103.396,1,0.78,1.25,-0.09,5,77.4,20.46,0.1081,-0.0148,0.1,-0.005,-0.0,1.705,-0.925,-44.52,11.58,1,-0.96,1,0.847,16.48,12.89,-1.861,1,5,0.1025,0.1025,0.0861,0.108
103.434,1,0.779,1.0,0.17,5,76.4,20.96,0.0999,-0.0111,0.098,-0.006,-0.01,1.706,-0.926,-44.52,11.58,1,-0.96,1,0.847,16.48,12.89,-1.861,1,5,0.1045,0.099,0.0843,0.1045
103.529,1,0.804,1.5,0.13,5,76.8,20.81,0.1007,-0.0121,0.097,-0.002,0.032,1.711,-0.932,-44.52,11.58,1,1.12,1,0.82,16.48,15.26,4.081,1,5,0.0981,0.0926,0.0981,0.1
103.604,1,0.781,1.5,0.36,5,76.7,20.56,0.1217,-0.0172,0.102,0.0,-0.026,1.719,-0.939,-44.58,11.58,1,1.12,1,0.806,13.57,13.39,0.0,0,5,0.0998,0.1035,0.1016,0.1035
103.634,1,0.787,1.25,0.21,5,76.7,20.56,0.1164,-0.0209,0.101,0.0,-0.02,1.72,-0.94,-44.58,11.58,1,1.12,1,0.798,12.6,14.18,0.0,0,5,0.1018,0.1036,0.0999,0.0999
103.702,1,0.79,1.5,0.22,5,77.1,20.81,0.1165,-0.015,0.105,0.0,-0.028,1.725,-0.945,-44.63,11.58,1,4.45,1,0.81,7.76,5.44,0.0,0,5,0.1088,0.1032,0.1069,0.0995
103.733,1,0.793,1.5,-0.09,5,76.8,20.56,0.1127,-0.0181,0.106,-0.001,-0.073,1.726,-0.947,-44.69,11.58,1,4.45,1,0.81,7.76,6.96,0.0,0,5,0.1107,0.1033,0.1051,0.1033
103.801,1,0.798,1.75,0.08,5,76.3,20.44,0.1187,-0.0121,0.109,-0.002,0.073,1.732,-0.953,-44.69,11.58,1,4.45,1,0.815,5.82,5.15,0.0,0,5,0.1129,0.1036,0.1092,0.1092
103.829,1,0.813,1.75,0.42,5,76.4,20.56,0.1278,-0.0182,0.109,-0.002,-0.007,1.734,-0.954,-44.63,11.58,1,4.45,1,0.815,5.82,5.15,0.0,0,5,0.1109,0.0998,0.1128,0.1109
103.934,1,0.833,1.75,0.33,5,77.4,20.56,0.1441,-0.0255,0.121,-0.001,-0.001,1.742,-0.963,-44.69,11.58,1,6.17,1,0.811,5.82,9.59,0.0,0,5,0.122,0.122,0.1183,0.122
104.0,1,0.854,2.0,-0.15,5,76.8,21.02,0.1546,-0.0237,0.128,-0.004,0.081,1.75,-0.971,-44.86,11.58,1,6.17,1,0.8,5.82,18.03,0.0,0,5,0.1387,0.122,0.1257,0.1257
104.034,1,0.852,2.25,-0.22,5,76.5,20.46,0.1686,-0.0149,0.132,-0.003,0.01,1.752,-0.973,-44.81,11.58,1,6.17,1,0.808,6.3,20.94,0.0,0,5,0.1405,0.1257,0.1331,0.1294
104.102,1,0.822,4.99,-2.86,5,75.3,20.56,0.1327,-0.0166,0.149,0.002,-0.012,1.76,-0.981,-44.92,11.57,1,6.96,1,0.803,4.85,27.72,0.0,0,5,0.148,0.148,0.1536,0.1462
104.136,1,0.816,5.74,-3.6,5,75.0,20.56,0.1129,-0.0014,0.153,-0.0,-0.055,1.765,-0.986,-44.98,11.57,1,6.96,1,0.819,1.94,26.35,0.0,0,5,0.1555,0.1536,0.1518,0.1518
104.232,1,0.837,5.74,-2.54,5,74.0,20.44,0.1129,0.0095,0.143,-0.002,0.017,1.772,-0.994,-45.03,11.57,1,6.96,1,0.812,2.42,32.45,0.0,0,5,0.1425,0.1314,0.1499,0.148
104.267,1,0.848,5.74,-2.16,5,74.5,20.44,0.09,-0.0097,0.141,0.001,-0.057,1.777,-0.998,-45.09,11.57,1,6.96,1,0.821,1.94,34.33,0.0,0,5,0.135,0.1294,0.1535,0.1442
104.301,1,0.882,3.74,-0.29,5,75.1,20.2,0.09,-0.0159,0.138,0.004,-0.014,1.781,-1.001,-45.09,11.57,1,9.34,1,0.832,1.94,35.95,0.0,0,5,0.135,0.1387,0.1442,0.1331
104.335,1,0.873,4.24,-0.52,5,74.5,20.56,0.09,-0.0242,0.135,0.003,0.006,1.782,-1.003,-45.09,11.57,1,9.34,1,0.827,0.97,38.62,0.0,0,5,0.135,0.1387,0.1368,0.1276
104.366,1,0.874,3.74,-0.16,5,74.0,20.56,0.09,-0.0277,0.124,-0.0,-0.021,1.785,-1.006,-45.15,11.57,1,9.34,1,0.833,-1.45,37.12,0.0,0,5,0.131,0.1291,0.118,0.1162
104.434,1,0.867,2.99,0.36,5,73.4,20.44,0.09,-0.0291,0.111,-0.005,-0.04,1.791,-1.013,-45.15,11.57,1,9.34,1,0.837,-8.24,30.66,0.0,0,5,0.1219,0.1034,0.1126,0.1126
104.502,1,0.823,6.24,-2.53,5,72.8,20.56,0.09,-0.0307,0.106,-0.002,-0.006,1.796,-1.017,-45.21,11.57,1,15.4,1,0.825,-11.63,26.06,0.0,0,5,0.1055,0.0963,0.1111,0.1092
104.537,1,0.845,3.24,-0.64,5,73.9,20.46,0.09,-0.0194,0.101,0.001,-0.006,1.799,-1.02,-45.26,11.57,1,15.4,1,0.83,-14.54,21.71,0.0,0,5,0.0999,0.1036,0.1018,0.0999
104.6,1,0.816,6.24,-3.23,5,73.8,20.44,0.09,-0.0151,0.091,0.005,-0.05,1.803,-1.024,-45.32,11.57,1,15.4,1,0.781,-15.51,22.85,0.0,0,5,0.0888,0.0981,0.0944,0.0833
104.633,1,0.825,6.49,-3.5,5,73.8,20.44,0.09,-0.0064,0.09,0.004,-0.072,1.804,-1.025,-45.44,11.57,1,15.4,1,0.782,-15.51,23.83,0.0,0,5,0.0888,0.0962,0.0925,0.0833
104.668,1,0.833,6.49,-3.11,5,74.2,20.56,0.09,-0.0021,0.089,-0.003,-0.039,1.806,-1.028,-45.55,11.57,1,15.4,1,0.794,-15.51,24.9,0.0,0,5,0.0944,0.0833,0.0888,0.0888
104.734,1,0.835,2.99,-1.24,5,73.7,20.44,0.09,-0.0065,0.089,0.004,-0.032,1.811,-1.033,-45.55,11.57,1,14.64,1,0.81,-13.57,27.55,0.0,0,5,0.0851,0.0814,0.1036,0.0851
104.766,1,0.831,4.99,-2.37,5,73.9,20.56,0.09,0.005,0.09,0.005,-0.04,1.813,-1.034,-45.61,11.57,1,14.64,1,0.803,-12.6,28.7,0.0,0,5,0.0851,0.0851,0.1036,0.0851
104.799,1,0.847,2.99,-1.15,5,74.2,20.44,0.09,-0.0039,0.089,0.004,-0.01,1.815,-1.036,-45.61,11.57,1,14.64,1,0.807,-11.63,29.29,0.0,0,5,0.0852,0.0889,0.0963,0.0852
104.835,1,0.851,2.99,-1.23,5,74.9,20.56,0.09,-0.0015,0.088,0.002,0.015,1.818,-1.039,-45.61,11.57,1,14.64,1,0.808,-11.15,30.69,0.0,0,5,0.0871,0.0908,0.089,0.0853
104.897,1,0.842,4.74,-1.07,5,74.2,21.42,0.09,-0.0028,0.082,0.003,0.0,1.821,-1.042,-45.55,11.57,1,17.27,1,0.819,-11.15,26.7,0.0,0,5,0.0815,0.0889,0.0815,0.0778
104.934,1,0.845,4.24,-0.19,5,74.2,22.46,0.09,-0.0272,0.08,-0.0,-0.026,1.823,-1.045,-45.61,11.57,1,17.27,1,0.813,-9.69,27.27,0.0,0,5,0.0846,0.0865,0.0736,0.0773
104.966,1,0.83,4.99,0.34,5,74.0,22.04,0.09,-0.0355,0.081,-0.001,-0.08,1.825,-1.046,-45.66,11.57,1,17.27,1,0.813,-9.69,27.27,0.0,0,5,0.0846,0.0846,0.0754,0.0809
105.032,1,0.817,4.49,2.17,5,74.5,22.04,0.09,-0.0528,0.082,-0.003,-0.028,1.828,-1.05,-45.78,11.57,1,17.27,1,0.825,-10.18,26.05,0.0,0,5,0.0855,0.0712,0.0873,0.0837
105.128,1,0.824,2.5,7.1,5,74.2,21.42,0.09,-0.0782,0.085,0.002,-0.044,1.834,-1.056,-46.01,11.57,1,21.95,1,0.817,-11.63,23.67,0.0,0,5,0.0886,0.0813,0.0942,0.0776
105.167,1,0.821,2.0,8.54,5,73.9,21.42,0.09,-0.1394,0.086,0.002,-0.071,1.837,-1.058,-46.12,11.57,1,21.95,1,0.801,-14.54,20.05,0.0,0,5,0.0925,0.0851,0.0907,0.0759
105.201,1,0.823,1.75,9.9,5,74.3,21.42,0.09,-0.1607,0.083,0.004,-0.053,1.839,-1.06,-46.24,11.57,1,21.95,1,0.797,-15.03,17.88,0.0,0,5,0.0907,0.0852,0.0889,0.0685
105.232,1,0.837,1.5,11.72,5,74.6,21.42,0.09,-0.1839,0.082,0.005,-0.046,1.84,-1.061,-46.29,11.57,1,21.95,1,0.781,-15.51,21.27,0.0,0,5,0.0924,0.0832,0.0906,0.0629
105.301,1,0.829,0.25,13.67,5,74.5,21.6,0.09,-0.2151,0.085,-0.0,-0.171,1.845,-1.066,-46.81,11.57,1,29.27,1,0.768,-20.84,21.87,0.0,0,5,0.1054,0.0666,0.1017,0.0647
105.334,1,0.82,-0.25,14.45,5,74.1,21.6,0.09,-0.2355,0.085,-0.002,-0.138,1.847,-1.069,-47.15,11.57,1,29.27,1,0.785,-23.75,17.71,0.0,0,5,0.1074,0.0537,0.1111,0.0666
105.4,1,0.806,-2.25,16.07,5,73.7,21.6,0.09,-0.2461,0.08,0.0,-0.214,1.851,-1.072,-47.9,11.57,1,29.27,1,0.793,-28.11,14.16,0.0,0,5,0.1099,0.0476,0.1136,0.0495
105.432,1,0.81,-3.24,16.43,5,72.2,21.6,0.09,-0.2523,0.078,0.003,-0.239,1.852,-1.073,-48.19,11.57,1,29.27,1,0.788,-29.57,16.5,0.0,0,5,0.1099,0.0476,0.1154,0.0403
105.462,1,0.808,-4.24,16.77,5,71.5,21.02,0.09,-0.2476,0.077,0.003,-0.244,1.854,-1.075,-48.7,11.57,1,29.27,1,0.788,-29.57,16.5,0.0,0,5,0.1118,0.0458,0.1154,0.0366
105.535,1,0.829,-5.99,16.63,5,72.9,21.11,0.09,-0.2486,0.085,0.003,-0.168,1.859,-1.081,-49.79,11.57,1,31.55,1,0.784,-34.9,16.31,0.0,0,5,0.1259,0.0444,0.1314,0.0389
105.567,1,0.82,-5.24,15.93,5,71.8,21.11,0.09,-0.2276,0.087,0.003,-0.258,1.86,-1.082,-50.02,11.57,1,31.55,1,0.784,-34.9,16.31,0.0,0,5,0.1259,0.0463,0.1351,0.0426
105.633,1,0.811,-4.99,15.4,5,71.3,21.02,0.09,-0.2281,0.089,0.008,-0.267,1.864,-1.086,-50.82,11.57,1,31.55,1,0.753,-35.87,26.47,0.0,0,5,0.1202,0.0573,0.1368,0.0407
105.666,1,0.817,-4.99,14.74,5,71.3,20.96,0.09,-0.2226,0.087,0.01,-0.201,1.866,-1.088,-51.34,11.57,1,31.55,1,0.763,-36.84,29.11,0.0,0,5,0.1146,0.0629,0.1313,0.0388
105.7,1,0.824,-4.99,14.67,5,71.5,21.11,0.09,-0.2115,0.085,0.009,-0.227,1.868,-1.09,-51.85,11.56,1,29.31,1,0.759,-37.32,32.24,0.0,0,5,0.1109,0.061,0.1276,0.0407
105.731,1,0.818,-5.49,14.44,5,70.9,21.11,0.09,-0.2106,0.083,0.01,-0.221,1.87,-1.091,-52.14,11.56,1,29.31,1,0.771,-38.29,34.41,0.0,0,5,0.1101,0.055,0.1302,0.0367
105.76,1,0.801,-5.49,13.3,5,70.1,21.02,0.09,-0.2004,0.085,0.009,-0.265,1.872,-1.094,-52.65,11.56,1,29.31,1,0.771,-38.29,34.41,0.0,0,5,0.1156,0.0514,0.1357,0.0367
105.795,1,0.795,-5.74,12.98,5,69.8,21.02,0.09,-0.1813,0.089,0.008,-0.225,1.875,-1.097,-53.23,11.56,1,29.31,1,0.771,-38.29,34.41,0.0,0,5,0.1228,0.0532,0.1412,0.0403
105.829,1,0.804,-5.74,12.49,5,69.8,20.56,0.09,-0.1733,0.09,0.008,-0.236,1.876,-1.098,-53.51,11.56,1,29.31,1,0.771,-38.29,34.41,0.0,0,5,0.1219,0.0554,0.1403,0.0406
105.928,1,0.783,-5.74,11.5,5,69.9,20.46,0.09,-0.1657,0.084,0.007,-0.182,1.881,-1.105,-54.49,11.56,1,27.67,1,0.8,-36.84,47.49,0.0,0,5,0.1071,0.0591,0.1237,0.048
105.968,1,0.779,-5.74,10.91,5,70.0,20.46,0.09,-0.1486,0.082,0.002,-0.158,1.883,-1.107,-54.89,11.56,1,27.67,1,0.732,-37.81,47.99,0.0,0,5,0.1048,0.0515,0.1158,0.0551
106.029,1,0.771,-6.74,10.4,5,69.4,21.02,0.09,-0.1386,0.08,-0.003,-0.18,1.886,-1.111,-55.58,11.56,1,27.67,1,0.713,-38.78,48.38,0.0,0,5,0.1141,0.0479,0.1049,0.0516
106.065,1,0.796,-6.74,10.31,5,70.1,20.56,0.09,-0.1173,0.081,-0.002,-0.158,1.888,-1.114,-55.92,11.56,1,27.67,1,0.713,-38.78,48.38,0.0,0,5,0.1148,0.0537,0.1055,0.0518
106.127,1,0.802,-6.74,9.26,5,69.8,21.02,0.09,-0.1178,0.084,0.0,-0.114,1.89,-1.118,-56.38,11.56,1,29.55,1,0.723,-40.71,50.44,0.0,0,5,0.1073,0.0648,0.1036,0.0592
106.227,1,0.799,-6.74,9.03,5,70.1,20.81,0.09,-0.1005,0.089,0.005,-0.123,1.896,-1.126,-57.01,11.56,1,29.55,1,0.806,-43.14,56.55,0.0,0,5,0.1017,0.0703,0.1165,0.0666
106.266,1,0.797,-6.74,8.56,5,70.0,21.02,0.09,-0.0965,0.09,0.006,-0.108,1.898,-1.128,-57.24,11.56,1,29.55,1,0.697,-41.2,60.06,0.0,0,5,0.1072,0.0721,0.1183,0.061
106.297,1,0.792,-6.24,8.11,5,69.5,20.46,0.09,-0.0886,0.09,0.006,-0.15,1.9,-1.131,-57.52,11.56,1,32.97,1,0.697,-41.2,60.06,0.0,0,5,0.1124,0.0774,0.1142,0.0571
106.328,1,0.797,-6.24,8.03,5,69.6,20.46,0.09,-0.0867,0.09,0.004,-0.138,1.901,-1.133,-57.7,11.56,1,32.97,1,0.697,-41.2,60.06,0.0,0,5,0.1124,0.0774,0.1105,0.059
106.365,1,0.799,-6.24,7.63,5,69.6,20.56,0.09,-0.085,0.088,0.002,-0.099,1.903,-1.136,-57.93,11.56,1,32.97,1,0.757,-45.08,54.72,0.0,0,5,0.1105,0.0755,0.1049,0.0608
106.431,1,0.819,-6.24,7.55,5,70.4,20.81,0.09,-0.0775,0.09,0.003,-0.137,1.906,-1.14,-58.33,11.56,1,32.97,1,0.805,-44.11,54.41,0.0,0,5,0.103,0.0754,0.1104,0.0699
106.466,1,0.813,-6.24,7.01,5,69.9,20.81,0.09,-0.0758,0.091,0.005,-0.08,1.908,-1.143,-58.67,11.56,1,32.97,1,0.816,-43.62,51.94,0.0,0,5,0.0996,0.076,0.1177,0.0724
106.532,1,0.779,-6.24,6.43,5,69.2,20.81,0.09,-0.0663,0.09,0.005,-0.092,1.91,-1.146,-58.9,11.56,1,36.18,1,0.835,-42.17,49.42,0.0,0,5,0.0995,0.0724,0.1176,0.0706
106.631,1,0.715,-5.74,8.75,5,68.2,20.46,0.1208,-0.0675,0.089,0.001,-0.082,1.915,-1.154,-59.47,11.56,1,36.18,1,0.847,-39.74,48.8,0.0,0,5,0.1058,0.0802,0.1003,0.0711
106.666,1,0.777,-5.74,13.08,5,68.5,20.56,0.0969,-0.1024,0.093,0.001,-0.028,1.917,-1.158,-59.53,11.56,1,36.18,1,0.847,-37.32,44.03,0.0,0,5,0.1055,0.0851,0.1036,0.0777
106.728,1,0.571,-5.24,15.52,4,68.7,24.52,0.09,-0.1774,0.103,0.002,-0.045,1.92,-1.163,-59.7,11.58,1,40.14,1,0.857,-35.38,44.05,0.0,0,5,0.1088,0.0922,0.118,0.0922
106.765,1,0.615,-4.74,18.53,5,69.2,21.11,0.09,-0.2261,0.104,-0.0,-0.103,1.922,-1.167,-59.82,11.58,1,40.14,1,0.857,-35.38,44.05,0.0,0,5,0.1199,0.0885,0.118,0.0885
106.828,1,0.526,-5.24,24.65,4,69.2,26.79,0.09,-0.2827,0.105,-0.001,-0.14,1.926,-1.172,-60.45,11.58,1,40.14,1,0.847,-33.44,33.42,0.0,0,5,0.1295,0.087,0.1203,0.0814
106.866,1,0.508,-5.24,27.93,4,68.8,29.34,0.09,-0.383,0.105,0.003,-0.114,1.928,-1.176,-60.73,11.58,1,40.14,1,0.857,-32.96,24.01,0.0,0,5,0.1277,0.087,0.1295,0.0777
106.895,1,0.543,-5.99,31.23,5,68.4,29.19,0.09,-0.4402,0.102,0.006,-0.204,1.93,-1.179,-61.08,11.58,1,40.14,1,0.857,-32.96,24.01,0.0,0,5,0.124,0.0814,0.1369,0.074
106.927,1,0.595,-6.99,33.48,5,67.5,29.19,0.09,-0.489,0.1,0.003,-0.229,1.931,-1.181,-61.36,11.58,1,45.0,1,0.857,-32.96,24.01,0.0,0,5,0.1222,0.0703,0.1351,0.0703
106.965,1,0.574,-8.24,34.5,5,66.9,26.11,0.09,-0.5173,0.1,-0.004,-0.278,1.932,-1.185,-61.94,11.58,1,45.0,1,0.831,-28.6,19.87,0.0,0,5,0.1369,0.0555,0.1369,0.0722
107.027,1,0.412,-12.23,37.54,4,62.6,29.11,0.09,-0.523,0.105,-0.01,-0.358,1.935,-1.191,-63.14,11.58,1,45.0,1,0.829,-28.11,18.59,0.0,0,5,0.1699,0.0406,0.1496,0.0609
107.067,1,0.18,-0.79,42.31,3,66.6,28.89,0.09,-0.5308,0.102,-0.009,-0.379,1.936,-1.194,-64.0,11.58,1,45.0,1,0.831,-27.63,12.01,0.0,0,5,0.1792,0.0314,0.1552,0.0425
107.093,1,0.191,-3.16,44.33,3,69.5,28.89,0.09,-0.5455,0.099,-0.007,-0.433,1.937,-1.196,-64.52,11.58,1,45.0,1,0.831,-27.63,12.01,0.0,0,5,0.1811,0.0259,0.1589,0.0314
107.128,1,0.56,-10.98,41.74,5,67.9,27.55,0.09,-0.5455,0.099,-0.006,-0.446,1.939,-1.2,-65.55,11.59,1,45.0,1,0.831,-27.63,12.01,0.0,0,5,0.183,0.0166,0.1701,0.0277
107.161,1,0.613,-14.47,42.2,5,65.5,27.78,0.09,-0.5455,0.1,-0.007,-0.513,1.94,-1.204,-66.69,11.59,1,45.0,1,0.831,-27.63,12.01,0.0,0,5,0.1866,0.0074,0.1774,0.0277
107.195,1,0.656,-15.72,42.26,5,66.8,27.45,0.09,-0.5455,0.095,-0.009,-0.524,1.941,-1.207,-67.95,11.59,1,45.0,1,0.831,-27.63,12.01,0.0,0,5,0.1941,0.0,0.172,0.0148
107.262,1,0.679,-15.72,41.34,5,68.7,26.67,0.09,-0.5455,0.09,-0.002,-0.481,1.943,-1.212,-69.67,11.59,1,45.0,1,0.814,-32.47,-6.71,0.0,0,5,0.1904,0.0,0.1757,-0.0055
107.299,1,0.67,-15.22,40.5,5,69.0,26.67,0.09,-0.5455,0.092,-0.001,-0.505,1.944,-1.216,-70.87,11.59,1,45.0,1,0.848,-35.38,-13.62,7.723,1,5,0.185,0.0,0.1813,0.0
107.327,1,0.673,-14.97,38.01,5,70.9,25.56,0.09,-0.5455,0.092,-0.002,-0.521,1.944,-1.217,-71.45,11.59,1,45.0,1,0.848,-35.38,-13.62,7.723,1,5,0.185,0.0,0.1795,0.0037
107.366,1,0.69,-14.97,37.51,5,72.0,25.11,0.09,-0.5266,0.089,-0.004,-0.533,1.945,-1.221,-72.65,11.59,1,45.0,1,0.853,-38.29,-22.08,0.0,0,5,0.185,0.0,0.1702,0.0019
107.428,1,0.713,-15.47,35.97,5,72.9,25.0,0.09,-0.5189,0.092,-0.003,-0.453,1.947,-1.226,-74.37,11.59,1,45.0,1,0.853,-38.29,-22.08,0.0,0,5,0.1887,0.0,0.1776,0.0
107.466,1,0.716,-15.47,36.56,5,73.7,24.96,0.09,-0.4866,0.093,-0.003,-0.516,1.948,-1.23,-75.57,11.59,1,45.0,1,0.846,-43.62,-32.22,0.0,0,5,0.1887,0.0,0.1795,0.0019
107.499,1,0.711,-15.72,35.84,5,73.9,24.52,0.09,-0.4971,0.091,-0.006,-0.535,1.948,-1.233,-76.78,11.59,1,45.0,1,0.872,-45.08,-35.56,0.0,0,5,0.1886,0.0,0.1701,0.0037
107.527,1,0.695,-16.47,35.37,5,74.0,24.45,0.09,-0.4822,0.087,-0.003,-0.514,1.949,-1.235,-77.35,11.59,1,45.0,1,0.872,-45.08,-35.56,0.0,0,5,0.1775,0.0,0.1683,0.0037
107.593,1,0.682,-17.72,33.83,5,73.5,23.94,0.09,-0.4664,0.089,0.002,-0.494,1.95,-1.242,-79.58,11.59,1,45.0,1,0.879,-49.44,-40.21,0.0,0,5,0.1739,0.0,0.1776,0.0
107.626,1,0.672,-17.97,32.45,5,72.8,23.94,0.09,-0.4259,0.089,0.0,-0.496,1.951,-1.244,-80.16,11.59,1,45.0,1,0.879,-49.44,-40.21,0.0,0,5,0.1776,0.0,0.1795,0.0
107.667,1,0.679,-18.47,31.59,5,73.3,23.35,0.09,-0.4006,0.087,-0.001,-0.469,1.951,-1.247,-81.3,11.59,1,45.0,1,0.865,-55.74,-47.54,0.0,0,5,0.1757,0.0037,0.1683,0.0
107.733,1,0.664,-20.21,30.52,5,73.2,23.35,0.09,-0.382,0.085,-0.002,-0.458,1.952,-1.252,-82.91,11.56,1,42.17,1,0.866,-60.1,-50.35,0.0,0,5,0.1741,0.0037,0.1612,0.0
107.76,1,0.687,-21.21,29.51,5,73.1,22.77,0.09,-0.342,0.086,-0.002,-0.443,1.952,-1.256,-83.94,11.56,1,42.17,1,0.866,-60.1,-50.35,0.0,0,5,0.1685,0.0,0.1685,0.0074
107.833,1,0.673,-21.96,27.22,5,73.3,22.68,0.09,-0.3188,0.085,-0.002,-0.471,1.952,-1.261,-85.43,11.56,1,42.17,1,0.83,-51.86,-45.01,0.0,0,5,0.159,0.0111,0.1553,0.0148
107.86,1,0.68,-22.46,26.02,5,73.3,22.22,0.09,-0.2704,0.084,-0.001,-0.314,1.952,-1.264,-86.29,11.56,1,42.17,1,0.83,-51.86,-45.01,0.0,0,5,0.1555,0.0204,0.1462,0.0148
107.933,1,0.683,-22.46,24.97,5,73.6,22.22,0.09,-0.2484,0.089,0.0,-0.293,1.953,-1.269,-87.2,11.56,1,30.17,1,0.856,-44.59,-37.95,0.0,0,5,0.1481,0.0315,0.1462,0.0296
107.96,1,0.68,-22.46,24.29,5,73.6,22.22,0.09,-0.2307,0.09,0.0,-0.268,1.953,-1.273,-87.83,11.56,1,30.17,1,0.856,-44.59,-37.95,0.0,0,5,0.1387,0.0407,0.1387,0.0407
107.999,1,0.684,-22.21,23.53,5,73.7,22.19,0.09,-0.22,0.085,-0.0,-0.234,1.953,-1.276,-88.46,11.56,1,30.17,1,0.827,-37.81,-29.61,0.0,0,5,0.1305,0.0441,0.125,0.0404
108.032,1,0.689,-21.96,23.07,5,73.5,22.19,0.09,-0.2102,0.086,-0.001,-0.218,1.953,-1.278,-88.69,11.56,1,30.17,1,0.852,-35.87,-25.83,0.0,0,5,0.1268,0.0496,0.1213,0.0478
108.199,1,0.683,-21.96,22.1,5,73.5,22.19,0.09,-0.2051,0.089,-0.01,-0.166,1.952,-1.294,-90.41,11.55,1,18.17,1,0.612,-16.48,8.12,4.605,1,5,0.1247,0.0514,0.1064,0.0715
108.26,1,0.682,-21.96,21.11,5,72.8,21.67,0.09,-0.1881,0.086,-0.01,-0.178,1.951,-1.3,-91.04,11.55,1,18.17,1,0.612,-16.48,8.12,4.605,1,5,0.1267,0.0496,0.1028,0.0661
108.332,1,0.661,-21.96,20.75,5,71.9,22.15,0.09,-0.1708,0.089,-0.01,-0.108,1.951,-1.305,-91.5,11.55,1,6.78,1,0.67,-2.91,33.81,0.0,0,5,0.1314,0.0518,0.1055,0.0666
108.359,1,0.654,-21.71,20.48,5,71.9,22.15,0.09,-0.1646,0.089,-0.01,-0.136,1.95,-1.308,-91.85,11.55,1,6.78,1,0.67,-2.91,33.81,0.0,0,5,0.1273,0.0517,0.107,0.0701
108.397,1,0.653,-21.46,20.16,5,71.7,21.67,0.09,-0.1627,0.088,-0.01,-0.153,1.95,-1.312,-92.13,11.55,1,6.78,1,0.67,-2.91,33.81,0.0,0,5,0.122,0.0499,0.1053,0.0739
108.426,1,0.615,-21.21,19.16,5,72.0,21.67,0.09,-0.1599,0.087,-0.009,-0.156,1.949,-1.314,-92.3,11.55,1,6.78,1,0.658,-0.97,38.95,0.0,0,5,0.1166,0.0518,0.1055,0.0759
108.459,1,0.616,-20.96,18.84,5,72.2,21.67,0.09,-0.1453,0.089,-0.006,-0.118,1.949,-1.317,-92.59,11.55,1,6.78,1,0.658,-0.97,38.95,0.0,0,5,0.1131,0.0575,0.1094,0.0778
108.531,1,0.63,-20.71,18.62,5,72.4,21.67,0.09,-0.1414,0.09,-0.003,-0.101,1.949,-1.323,-93.11,11.55,1,8.08,1,0.664,-0.97,35.37,0.0,0,5,0.111,0.0692,0.1056,0.0746
108.56,1,0.622,-19.97,18.0,5,72.3,22.22,0.09,-0.1404,0.091,-0.0,-0.087,1.949,-1.327,-93.22,11.55,1,8.08,1,0.664,-0.97,35.37,0.0,0,5,0.1108,0.0763,0.1054,0.0709
108.631,1,0.621,-18.97,17.36,5,72.3,22.22,0.09,-0.1365,0.092,0.001,-0.083,1.948,-1.332,-93.51,11.55,1,8.08,1,0.639,-5.82,26.85,0.0,0,5,0.1091,0.0777,0.1091,0.074
108.665,1,0.622,-18.97,17.17,5,72.4,21.67,0.09,-0.1364,0.089,-0.001,-0.113,1.948,-1.336,-93.79,11.55,1,8.08,1,0.649,-6.79,25.54,0.0,0,5,0.1092,0.0703,0.1055,0.0722
108.727,1,0.594,-18.97,15.71,4,72.9,21.64,0.09,-0.1311,0.087,-0.006,-0.122,1.947,-1.341,-94.19,11.57,1,12.02,1,0.653,-8.72,20.42,0.0,0,5,0.113,0.0611,0.1019,0.0722
108.766,1,0.58,-18.97,13.99,4,72.3,21.64,0.09,-0.1049,0.086,-0.008,-0.185,1.947,-1.344,-94.54,11.57,1,12.02,1,0.636,-11.15,17.11,0.0,0,5,0.1131,0.0575,0.0983,0.076
108.796,1,0.581,-19.22,14.12,4,71.7,21.34,0.09,-0.0745,0.085,-0.01,-0.125,1.946,-1.347,-94.88,11.57,1,12.02,1,0.636,-11.15,17.11,0.0,0,5,0.1149,0.0556,0.0945,0.0741
108.83,1,0.651,-19.22,16.7,5,70.4,21.11,0.09,-0.0734,0.086,-0.01,-0.11,1.946,-1.349,-95.05,11.57,1,12.02,1,0.7,-14.06,6.53,0.0,0,5,0.1166,0.0555,0.0963,0.074
108.859,1,0.635,-18.97,16.0,5,69.5,21.67,0.09,-0.1185,0.089,-0.006,-0.067,1.945,-1.353,-95.23,11.57,1,12.02,1,0.7,-14.06,6.53,0.0,0,5,0.1147,0.0611,0.1055,0.0759
108.93,1,0.642,-18.47,16.38,5,68.5,21.6,0.09,-0.109,0.09,-0.002,-0.061,1.944,-1.358,-95.4,11.57,1,13.48,1,0.688,-14.06,5.78,0.0,0,5,0.1018,0.074,0.1018,0.0833
108.959,1,0.59,-17.72,19.33,5,68.1,24.26,0.09,-0.1219,0.088,-0.002,-0.058,1.944,-1.362,-95.51,11.57,1,13.48,1,0.688,-14.06,5.78,0.0,0,5,0.0979,0.0776,0.0942,0.0832
109.03,1,0.636,-16.72,16.44,5,69.1,21.67,0.09,-0.1801,0.088,0.001,-0.063,1.944,-1.367,-95.74,11.57,1,13.48,1,0.625,-13.09,11.11,0.0,0,5,0.1016,0.0795,0.0979,0.0721
109.059,1,0.63,-16.72,16.29,5,68.7,21.11,0.09,-0.1417,0.089,-0.001,-0.156,1.943,-1.371,-95.97,11.57,1,13.48,1,0.625,-13.09,11.11,0.0,0,5,0.1128,0.0758,0.0998,0.0684
109.13,1,0.622,-16.72,15.09,5,69.2,21.11,0.09,-0.1359,0.092,-0.006,-0.104,1.942,-1.376,-96.49,11.59,1,14.76,1,0.683,-20.84,-13.53,4.137,1,5,0.124,0.0629,0.1073,0.0722
109.16,1,0.618,-16.72,15.36,5,68.8,21.67,0.09,-0.1147,0.093,-0.005,-0.136,1.942,-1.38,-96.72,11.59,1,14.76,1,0.683,-20.84,-13.53,4.137,1,5,0.1166,0.0611,0.1147,0.0796
109.196,1,0.593,-16.72,15.02,5,69.0,21.6,0.09,-0.1187,0.092,-0.004,-0.092,1.941,-1.383,-96.94,11.59,1,14.76,1,0.605,-17.45,-2.14,0.0,0,5,0.1072,0.0629,0.1128,0.0851
109.259,1,0.625,-16.72,14.51,5,70.9,21.02,0.09,-0.1122,0.09,-0.006,-0.078,1.94,-1.389,-97.23,11.59,1,14.76,1,0.611,-17.45,-0.88,0.0,0,5,0.1072,0.0702,0.0979,0.0832
109.36,1,0.651,-15.22,14.91,5,69.8,21.1,0.09,-0.1029,0.092,-0.001,-0.033,1.939,-1.398,-97.57,11.59,1,12.22,1,0.565,-17.93,7.6,0.0,0,5,0.1129,0.0814,0.0999,0.0722
109.432,1,0.28,-11.87,17.26,4,74.1,21.37,0.09,-0.1261,0.089,0.0,-0.086,1.938,-1.403,-97.86,11.59,1,12.22,1,0.518,-12.6,13.95,0.0,0,5,0.1055,0.0759,0.1018,0.0722
109.458,1,0.288,-11.87,17.51,4,73.7,21.37,0.09,-0.2084,0.091,-0.004,-0.117,1.937,-1.407,-98.09,11.59,1,12.22,1,0.518,-12.6,13.95,0.0,0,5,0.1091,0.0721,0.1017,0.0795
109.562,1,0.694,-15.47,13.16,5,71.9,21.11,0.09,-0.2035,0.092,-0.011,-0.218,1.935,-1.416,-99.01,11.59,1,13.32,1,0.537,-14.06,9.66,0.0,0,5,0.1246,0.0568,0.1063,0.0806
109.659,1,0.692,-16.97,12.41,5,72.5,21.11,0.09,-0.0867,0.093,-0.005,-0.09,1.933,-1.425,-99.81,11.59,1,13.32,1,0.544,-16.96,5.26,0.0,0,5,0.1256,0.0628,0.1145,0.0702
109.697,1,0.697,-16.97,12.41,5,72.4,21.1,0.09,-0.0574,0.092,-0.002,-0.08,1.932,-1.429,-99.98,11.61,1,9.9,1,0.553,-17.93,1.62,0.0,0,5,0.1145,0.0739,0.1053,0.0739
109.73,1,0.683,-18.22,14.08,5,73.0,21.1,0.09,-0.0598,0.092,-0.001,-0.075,1.932,-1.431,-100.1,11.61,1,9.9,1,0.553,-18.42,2.55,0.0,0,5,0.1127,0.0795,0.1016,0.0739
109.765,1,0.69,-16.97,12.98,5,73.2,21.11,0.09,-0.074,0.093,-0.002,-0.076,1.931,-1.434,-100.21,11.61,1,9.9,1,0.54,-16.96,1.67,0.0,0,5,0.1109,0.0813,0.0998,0.0795
109.795,1,0.632,-19.72,15.53,5,73.0,21.1,0.09,-0.0733,0.094,-0.004,-0.095,1.93,-1.438,-100.5,11.61,1,9.9,1,0.519,-13.57,4.69,0.0,0,5,0.1108,0.0813,0.0979,0.0849
109.831,1,0.625,-19.97,15.63,5,73.0,21.11,0.09,-0.0856,0.093,-0.004,-0.056,1.93,-1.44,-100.55,11.61,1,9.9,1,0.536,-14.06,10.05,0.0,0,5,0.107,0.0793,0.0978,0.0867
109.896,1,0.688,-15.72,12.21,5,72.8,21.11,0.09,-0.0884,0.089,0.002,-0.048,1.928,-1.447,-100.78,11.61,1,11.24,1,0.536,-15.03,5.56,0.0,0,5,0.0961,0.0776,0.1053,0.0776
109.958,1,0.651,-15.47,14.62,5,73.0,21.1,0.09,-0.0787,0.088,-0.001,-0.055,1.927,-1.452,-100.96,11.61,1,11.24,1,0.536,-15.03,5.56,0.0,0,5,0.0977,0.0719,0.1014,0.0811
109.998,1,0.693,-15.47,14.03,5,72.7,21.11,0.09,-0.1211,0.088,-0.004,-0.043,1.926,-1.455,-101.07,11.61,1,11.24,1,0.528,-14.54,4.81,0.0,0,5,0.0995,0.07,0.0977,0.083
110.028,1,0.69,-14.97,13.38,5,72.6,21.11,0.09,-0.109,0.09,-0.005,-0.026,1.926,-1.457,-101.13,11.61,1,11.24,1,0.532,-14.54,4.44,0.0,0,5,0.1073,0.0722,0.0981,0.0814
110.058,1,0.709,-14.72,11.58,5,72.8,21.11,0.09,-0.1033,0.091,-0.001,-0.112,1.925,-1.461,-101.36,11.61,1,11.24,1,0.532,-14.54,4.44,0.0,0,5,0.109,0.0795,0.0998,0.0739
110.097,1,0.726,-14.72,11.32,5,72.5,20.57,0.09,-0.0731,0.091,0.003,-0.111,1.925,-1.464,-101.64,11.61,1,11.24,1,0.529,-14.54,3.36,0.0,0,5,0.1126,0.0868,0.1016,0.0646
110.162,1,0.309,-12.66,12.33,4,73.7,21.1,0.09,-0.0669,0.087,0.006,-0.076,1.924,-1.47,-101.93,11.62,1,8.6,1,0.541,-14.54,1.69,0.0,0,5,0.0962,0.0759,0.111,0.0648
110.195,1,0.313,-12.66,12.61,4,75.3,21.1,0.09,-0.1095,0.084,0.005,-0.068,1.924,-1.473,-102.1,11.62,1,8.6,1,0.505,-8.72,4.84,4.104,1,5,0.0907,0.0703,0.111,0.0685
110.227,1,0.761,-13.98,10.63,5,74.3,20.56,0.09,-0.1116,0.084,0.005,-0.068,1.924,-1.473,-102.1,11.62,1,8.6,1,0.512,-8.24,11.67,-6.952,1,5,0.0889,0.0685,0.1092,0.0703
110.294,1,0.754,-14.23,10.67,5,73.4,21.1,0.09,-0.0596,0.084,0.001,-0.097,1.923,-1.478,-102.39,11.62,1,8.6,1,0.521,-10.66,7.07,0.0,0,5,0.0941,0.0701,0.0996,0.0719
110.362,1,0.747,-13.98,10.08,5,72.8,21.1,0.09,-0.0576,0.088,-0.003,-0.08,1.92,-1.486,-102.9,11.62,1,7.54,1,0.536,-11.15,2.47,0.0,0,5,0.1072,0.0721,0.098,0.074
110.393,1,0.729,-13.98,9.6,5,72.3,21.1,0.09,-0.0505,0.088,-0.003,-0.08,1.92,-1.486,-102.9,11.62,1,7.54,1,0.545,-10.18,4.56,0.0,0,5,0.1072,0.0721,0.098,0.074
110.428,1,0.707,-13.48,11.15,5,72.1,21.1,0.09,-0.042,0.089,0.002,0.009,1.92,-1.49,-102.96,11.62,1,7.54,1,0.55,-9.69,3.64,0.0,0,5,0.0998,0.0814,0.0998,0.074
110.494,1,0.721,-12.98,11.03,5,71.9,21.11,0.09,-0.0745,0.09,0.007,-0.034,1.919,-1.495,-103.02,11.62,1,7.54,1,0.562,-9.21,2.55,0.0,0,5,0.0907,0.0925,0.1018,0.074
110.531,1,0.718,-12.73,11.03,5,71.8,21.1,0.09,-0.0778,0.09,0.003,-0.091,1.918,-1.499,-103.19,11.62,1,8.15,1,0.567,-9.69,3.68,0.0,0,5,0.0924,0.085,0.0998,0.0813
110.566,1,0.716,-12.73,10.66,5,71.5,21.11,0.09,-0.08,0.09,0.0,-0.061,1.917,-1.502,-103.36,11.62,1,8.15,1,0.577,-9.69,2.28,0.0,0,5,0.096,0.0776,0.1034,0.0849
110.595,1,0.724,-12.73,11.0,5,71.5,21.11,0.09,-0.0732,0.09,-0.001,-0.125,1.916,-1.506,-103.59,11.62,1,8.15,1,0.578,-9.69,0.93,0.0,0,5,0.1034,0.0739,0.1034,0.0776
110.663,1,0.733,-12.73,10.43,5,71.6,21.11,0.09,-0.0782,0.086,0.0,-0.092,1.915,-1.511,-103.93,11.62,1,8.15,1,0.581,-10.18,-1.44,7.135,1,5,0.1054,0.074,0.0998,0.0666
110.693,1,0.734,-12.48,10.06,5,71.1,21.11,0.09,-0.068,0.086,0.002,-0.06,1.915,-1.513,-103.99,11.62,1,8.15,1,0.583,-10.18,-2.4,6.719,1,5,0.1018,0.074,0.1018,0.0648
110.763,1,0.741,-12.48,9.52,5,70.3,21.11,0.09,-0.0642,0.086,0.005,-0.054,1.914,-1.519,-104.34,11.62,1,7.67,1,0.582,-9.69,-5.81,2.746,1,5,0.0938,0.0772,0.1048,0.0699
110.797,1,0.735,-12.73,9.33,5,70.4,21.11,0.104,-0.0544,0.087,0.007,-0.138,1.913,-1.523,-104.56,11.62,1,7.67,1,0.583,-10.18,-5.12,1.22,1,5,0.0937,0.0864,0.1029,0.0662
110.863,1,0.731,-12.98,9.26,5,70.6,21.11,0.125,-0.0705,0.092,0.005,-0.099,1.912,-1.528,-104.85,11.62,1,7.67,1,0.595,-11.63,-7.73,-0.618,1,5,0.1055,0.0851,0.1073,0.0685
110.895,1,0.752,-13.23,8.89,5,70.8,21.1,0.1392,-0.0841,0.093,0.003,-0.127,1.911,-1.53,-104.97,11.62,1,7.67,1,0.597,-12.12,-9.83,-3.289,1,5,0.1092,0.0815,0.1092,0.0703
110.965,1,0.749,-13.23,8.68,5,70.9,20.57,0.1097,-0.0366,0.109,0.004,-0.113,1.909,-1.539,-105.42,11.62,1,7.3,1,0.6,-12.6,-9.76,-5.832,1,5,0.1167,0.0926,0.1334,0.0945
110.995,1,0.757,-13.23,8.36,5,71.2,21.11,0.0968,-0.0318,0.121,0.004,-0.099,1.908,-1.544,-105.6,11.62,1,7.3,1,0.575,-6.3,-13.43,5.326,1,5,0.1314,0.1073,0.1425,0.1036
111.059,1,0.771,-12.73,7.54,5,71.8,20.57,0.1175,-0.0376,0.128,0.0,-0.056,1.906,-1.551,-105.83,11.62,1,7.3,1,0.608,-6.79,-8.41,3.655,1,5,0.1406,0.111,0.1462,0.1147
111.158,1,0.794,-12.73,6.34,5,72.5,20.57,0.1523,-0.0635,0.123,0.006,-0.041,1.903,-1.564,-106.17,11.62,1,3.21,1,0.605,-6.79,-1.27,-3.03,1,5,0.1303,0.1211,0.1358,0.1028
111.196,1,0.801,-12.73,6.15,5,73.0,20.56,0.1666,-0.0464,0.125,0.003,-0.076,1.901,-1.568,-106.34,11.62,1,3.21,1,0.625,-6.79,-5.6,0.0,0,5,0.1305,0.1158,0.1397,0.1121
111.229,1,0.797,-12.73,6.39,5,73.3,20.56,0.1802,-0.0513,0.128,0.002,-0.065,1.901,-1.571,-106.4,11.62,1,3.21,1,0.616,-6.3,-5.82,0.0,0,5,0.1322,0.1138,0.145,0.1193
111.394,1,0.819,-12.98,5.62,5,74.6,20.57,0.18,-0.0574,0.179,0.002,-0.04,1.892,-1.601,-107.14,11.62,1,1.36,1,0.616,-1.94,4.03,0.0,0,5,0.1812,0.1701,0.1923,0.1627
111.462,1,0.816,-11.98,5.62,5,75.0,20.57,0.166,-0.0244,0.175,-0.0,-0.043,1.889,-1.611,-107.26,11.62,1,1.36,1,0.63,1.45,6.78,-2.848,1,5,0.1832,0.1649,0.1851,0.1667
111.562,1,0.793,-12.48,5.52,5,74.4,20.56,0.1438,-0.0194,0.178,0.002,-0.057,1.884,-1.628,-107.66,11.62,1,-0.11,1,0.639,0.48,4.09,-4.534,1,5,0.185,0.1723,0.1886,0.1669
111.588,1,0.776,-12.48,5.71,5,74.2,20.57,0.1364,-0.0055,0.178,0.0,-0.056,1.883,-1.632,-107.72,11.62,1,-0.11,1,0.639,0.48,4.09,-4.534,1,5,0.1847,0.1664,0.1902,0.1719
111.623,1,0.767,-12.48,6.17,5,73.8,20.56,0.1364,-0.0096,0.179,0.002,-0.032,1.881,-1.639,-107.77,11.62,1,-0.11,1,0.639,0.48,4.09,-4.534,1,5,0.1829,0.1664,0.1957,0.1701
111.757,1,0.757,-12.48,5.74,5,73.8,20.56,0.1151,-0.0012,0.148,0.001,-0.01,1.875,-1.659,-108.23,11.62,1,-0.9,1,0.667,1.94,12.06,-3.039,1,5,0.1572,0.1405,0.159,0.1368
111.827,1,0.768,-11.98,5.49,5,73.5,20.57,0.143,-0.0158,0.139,0.01,-0.039,1.873,-1.667,-108.29,11.62,1,-0.9,1,0.665,4.85,8.51,2.477,1,5,0.1275,0.1386,0.1589,0.1293
111.863,1,0.764,-11.73,5.04,5,73.2,20.56,0.1501,-0.0216,0.131,0.009,-0.009,1.871,-1.672,-108.29,11.62,1,-0.9,1,0.662,4.85,10.22,6.492,1,5,0.1231,0.1359,0.1451,0.1212
111.93,1,0.776,-11.98,5.07,5,73.6,20.57,0.102,0.0163,0.131,-0.0,-0.016,1.869,-1.68,-108.4,11.62,1,-0.85,1,0.66,4.85,9.15,5.397,1,5,0.1377,0.1303,0.1303,0.1248
111.989,1,0.781,-11.73,4.86,5,73.6,20.56,0.1174,0.0127,0.134,0.001,-0.014,1.866,-1.687,-108.4,11.62,1,-0.85,1,0.656,4.85,9.14,5.133,1,5,0.1331,0.1313,0.1387,0.1331
112.023,1,0.778,-11.98,4.98,5,73.6,20.56,0.1174,0.0135,0.13,0.006,-0.027,1.865,-1.692,-108.46,11.62,1,-0.85,1,0.656,4.85,9.14,5.133,1,5,0.1221,0.1332,0.1369,0.1258
112.058,1,0.783,-11.98,5.23,5,73.6,20.56,0.1174,0.0145,0.123,0.006,-0.004,1.864,-1.697,-108.46,11.62,1,-0.85,1,0.656,4.85,9.14,5.133,1,5,0.1166,0.1277,0.1314,0.1166
112.125,1,0.78,-11.98,5.44,5,73.9,20.56,0.0938,0.0166,0.116,0.001,-0.051,1.862,-1.703,-108.52,11.61,1,3.54,1,0.608,3.39,5.62,6.072,1,5,0.1147,0.1184,0.1147,0.1147
112.194,1,0.789,-11.73,5.13,5,74.4,20.56,0.1043,0.0129,0.11,-0.002,-0.033,1.859,-1.711,-108.58,11.61,1,3.54,1,0.587,-2.42,-9.18,2.491,1,5,0.1182,0.1108,0.1053,0.1108
112.26,1,0.787,-11.73,5.45,5,75.0,20.57,0.1253,0.003,0.106,0.003,-0.001,1.857,-1.717,-108.58,11.61,1,3.54,1,0.619,-9.21,-16.08,0.0,0,5,0.1016,0.1035,0.1146,0.1035
112.289,1,0.792,-11.73,5.3,5,75.0,20.56,0.139,-0.0134,0.104,0.004,-0.009,1.856,-1.719,-108.58,11.61,1,3.54,1,0.619,-9.21,-16.08,0.0,0,5,0.098,0.1035,0.1128,0.1035
112.33,1,0.797,-11.73,5.09,5,75.3,20.56,0.1536,-0.0203,0.101,0.003,-0.003,1.855,-1.723,-108.58,11.61,1,5.28,1,0.622,-9.21,-14.55,0.0,0,5,0.0962,0.1055,0.1036,0.0999
112.389,1,0.79,-11.73,5.23,5,75.2,20.56,0.174,-0.0279,0.112,-0.001,0.011,1.853,-1.73,-108.69,11.61,1,5.28,1,0.608,-9.21,-13.88,0.0,0,5,0.1166,0.1129,0.1092,0.111
112.421,1,0.788,-11.48,5.21,5,75.4,20.57,0.1809,-0.0357,0.129,-0.001,-0.004,1.851,-1.736,-108.69,11.61,1,5.28,1,0.608,-9.21,-13.88,0.0,0,5,0.1334,0.126,0.1297,0.126
112.46,1,0.78,-11.48,5.49,5,76.2,20.57,0.1908,-0.0442,0.144,0.004,-0.016,1.849,-1.742,-108.69,11.61,1,5.28,1,0.635,-4.85,-20.71,0.0,0,5,0.1445,0.1445,0.1519,0.1371
112.493,1,0.779,-11.48,5.51,5,76.5,20.57,0.1667,-0.0362,0.154,0.004,-0.017,1.848,-1.745,-108.75,11.61,1,5.28,1,0.645,-4.36,-21.77,0.0,0,5,0.1517,0.1554,0.1591,0.148
112.56,1,0.764,-12.48,5.7,5,76.5,20.56,0.1507,-0.0253,0.175,-0.001,-0.112,1.843,-1.758,-109.09,11.6,1,2.9,1,0.62,-2.42,-17.66,0.0,0,5,0.1791,0.1699,0.1791,0.1736
112.589,1,0.764,-12.48,4.95,5,76.9,20.56,0.1647,-0.0281,0.177,-0.001,-0.038,1.842,-1.762,-109.15,11.6,1,2.9,1,0.62,-2.42,-17.66,0.0,0,5,0.183,0.1683,0.1849,0.1738
112.662,1,0.766,-12.98,4.87,5,76.6,20.56,0.1832,-0.0213,0.175,0.005,-0.021,1.838,-1.775,-109.43,11.6,1,2.9,1,0.581,-1.94,-9.69,0.678,1,5,0.1773,0.1699,0.1902,0.1625
112.689,1,0.771,-13.48,5.01,5,76.0,20.56,0.1816,-0.0128,0.173,0.004,-0.018,1.837,-1.778,-109.43,11.6,1,2.9,1,0.581,-1.94,-9.69,0.678,1,5,0.1753,0.1698,0.1846,0.1624
112.794,1,0.767,-13.23,4.15,5,73.8,20.57,0.1629,-0.0019,0.183,0.002,-0.027,1.83,-1.799,-109.43,11.6,1,-0.68,1,0.597,0.97,-5.06,-3.071,1,5,0.1741,0.1815,0.1889,0.1889
112.856,1,0.76,-13.73,4.86,5,73.6,20.56,0.1835,0.0057,0.172,0.0,0.022,1.826,-1.808,-109.49,11.6,1,-0.68,1,0.608,0.48,-4.7,-1.589,1,5,0.1776,0.1795,0.1647,0.1665
112.895,1,0.764,-13.73,4.98,5,73.7,20.57,0.1928,-0.0129,0.168,-0.004,0.006,1.824,-1.815,-109.38,11.6,1,-0.68,1,0.605,0.97,-5.88,-3.502,1,5,0.1775,0.1683,0.1609,0.1664
112.926,1,0.765,-13.73,4.89,5,73.8,20.56,0.1691,-0.0032,0.171,-0.003,0.01,1.823,-1.818,-109.32,11.6,1,-1.31,1,0.596,3.39,-0.48,-1.328,1,5,0.1757,0.172,0.1646,0.1738
112.995,1,0.752,-13.98,5.6,5,73.6,20.57,0.1521,0.0091,0.181,-0.003,0.008,1.817,-1.832,-109.38,11.6,1,-1.31,1,0.604,4.36,2.7,7.105,1,5,0.1791,0.1828,0.1717,0.1884
113.027,1,0.744,-13.98,5.23,5,73.5,20.57,0.1476,-0.0014,0.18,-0.006,0.103,1.816,-1.835,-109.32,11.6,1,-1.31,1,0.574,4.36,5.09,0.0,0,5,0.1847,0.1773,0.1699,0.1865
113.133,1,0.721,-13.73,6.11,5,74.0,20.56,0.1732,-0.0104,0.169,-0.006,0.017,1.81,-1.851,-109.26,11.59,1,0.06,1,0.565,-0.48,9.4,1.534,1,5,0.1684,0.1628,0.1647,0.1813
113.162,1,0.713,-14.23,6.62,5,74.1,21.11,0.1615,-0.0278,0.161,-0.005,-0.044,1.808,-1.857,-109.32,11.59,1,0.06,1,0.577,-1.45,9.29,1.895,1,5,0.1662,0.1607,0.1514,0.1662
113.193,1,0.694,-14.47,6.26,5,74.3,21.11,0.156,-0.0298,0.162,-0.006,0.017,1.806,-1.86,-109.32,11.59,1,0.06,1,0.596,4.36,-1.13,6.742,1,5,0.1699,0.1607,0.1514,0.1644
113.225,1,0.724,-14.47,2.33,5,73.8,20.81,0.1332,0.0003,0.164,-0.004,0.006,1.804,-1.866,-109.26,11.59,1,0.06,1,0.596,4.36,-1.13,6.742,1,5,0.1668,0.1577,0.1632,0.1687
113.263,1,0.708,-14.47,2.0,5,73.8,20.57,0.121,0.0865,0.169,-0.002,-0.001,1.802,-1.873,-109.32,11.59,1,0.06,1,0.566,1.45,0.22,0.0,0,5,0.1652,0.1615,0.1725,0.1762
113.291,1,0.678,-14.23,5.9,5,73.5,20.56,0.1027,0.0961,0.165,-0.001,0.027,1.801,-1.876,-109.32,11.59,1,0.06,1,0.566,1.45,0.22,0.0,0,5,0.1615,0.1579,0.1707,0.1707
113.326,1,0.692,-14.47,4.16,5,73.4,20.56,0.1166,0.0179,0.157,-0.0,-0.091,1.799,-1.881,-109.38,11.59,1,-0.42,1,0.57,-4.36,3.92,6.59,1,5,0.1616,0.1598,0.1543,0.1543
113.359,1,0.67,-14.72,6.02,5,72.6,21.11,0.1045,0.0583,0.147,-0.003,0.068,1.797,-1.887,-109.38,11.59,1,-0.42,1,0.568,-5.33,4.0,3.828,1,5,0.158,0.1469,0.1414,0.1414
113.388,1,0.671,-14.47,6.36,5,72.4,21.11,0.1185,0.0198,0.145,-0.003,0.027,1.796,-1.89,-109.32,11.59,1,-0.42,1,0.568,-5.33,4.0,3.828,1,5,0.155,0.1441,0.1404,0.1422
113.428,1,0.684,-14.47,6.14,5,72.8,20.57,0.1328,-0.0028,0.141,-0.004,0.028,1.794,-1.895,-109.21,11.59,1,-0.42,1,0.582,0.48,-0.04,0.0,0,5,0.1391,0.1336,0.1409,0.1501
113.491,1,0.701,-14.47,6.28,5,73.8,21.11,0.1463,-0.0094,0.137,-0.0,0.036,1.792,-1.9,-109.21,11.59,1,-0.42,1,0.561,-3.88,-8.6,0.0,0,5,0.1257,0.1366,0.1366,0.1493
113.527,1,0.706,-14.47,6.14,5,74.1,20.57,0.1489,-0.0147,0.13,-0.002,0.004,1.79,-1.905,-109.15,11.59,1,4.17,1,0.57,-9.21,-6.7,-0.697,1,5,0.125,0.136,0.1195,0.1397
113.626,1,0.703,-14.23,5.92,5,75.3,20.57,0.1526,-0.0144,0.135,-0.005,-0.018,1.785,-1.917,-109.09,11.59,1,4.17,1,0.586,-3.88,-8.56,0.0,0,5,0.1343,0.1307,0.1288,0.1452
113.695,1,0.723,-14.47,6.2,5,76.1,20.57,0.1612,-0.0184,0.142,0.001,-0.004,1.782,-1.928,-109.03,11.59,1,4.17,1,0.572,-9.21,-3.37,2.995,1,5,0.1407,0.1481,0.1388,0.1407
113.789,1,0.705,-14.72,6.29,5,77.1,20.57,0.1266,0.006,0.15,-0.004,0.029,1.777,-1.94,-109.15,11.59,1,2.89,1,0.571,-9.21,-1.89,4.845,1,5,0.1536,0.1425,0.1499,0.1536
113.86,1,0.687,-14.72,6.31,5,77.0,20.56,0.1407,-0.0052,0.154,-0.004,-0.025,1.773,-1.951,-109.15,11.59,1,2.89,1,0.552,-8.72,-1.89,2.703,1,5,0.1552,0.146,0.1552,0.1608
113.887,1,0.692,-15.22,6.76,5,76.9,21.11,0.1276,0.0055,0.153,-0.001,-0.036,1.772,-1.954,-109.15,11.59,1,2.89,1,0.552,-8.72,-1.89,2.703,1,5,0.1533,0.1514,0.1533,0.1551
113.929,1,0.696,-15.22,5.75,5,76.6,21.11,0.1286,0.0011,0.15,-0.0,0.006,1.77,-1.96,-109.32,11.59,1,3.24,1,0.556,-3.88,-7.53,0.0,0,5,0.1551,0.1496,0.1496,0.144
113.959,1,0.704,-14.72,5.57,5,76.2,21.11,0.1197,0.0286,0.143,-0.003,-0.023,1.768,-1.965,-109.26,11.59,1,3.24,1,0.563,-3.39,-11.3,6.903,1,5,0.1525,0.1378,0.1433,0.1397
113.989,1,0.695,-14.72,5.88,5,76.0,21.11,0.0958,0.0348,0.142,-0.003,-0.021,1.767,-1.968,-109.26,11.59,1,3.24,1,0.563,-3.39,-11.3,6.903,1,5,0.1507,0.136,0.1415,0.1397
114.063,1,0.7,-14.97,6.33,5,74.8,21.11,0.1042,0.0296,0.131,0.004,-0.039,1.764,-1.977,-109.32,11.59,1,3.24,1,0.488,-15.03,-7.67,0.0,0,5,0.1239,0.135,0.135,0.1294
114.088,1,0.68,-15.47,6.36,5,74.0,21.67,0.1182,0.0159,0.126,0.006,-0.054,1.764,-1.98,-109.38,11.59,1,3.24,1,0.488,-15.03,-7.67,0.0,0,5,0.1165,0.1294,0.135,0.122
114.126,1,0.678,-15.47,6.0,5,73.6,21.11,0.1321,0.0085,0.117,0.005,-0.079,1.762,-1.984,-109.55,11.6,1,3.34,1,0.558,-10.18,-8.24,-3.803,1,5,0.1146,0.1183,0.1257,0.1109
114.16,1,0.674,-14.97,5.61,5,72.1,21.1,0.1392,0.0099,0.114,0.002,0.009,1.76,-1.988,-109.55,11.6,1,3.34,1,0.552,-9.69,-8.71,-7.122,1,5,0.1183,0.1072,0.1239,0.1054
114.188,1,0.673,-14.97,5.41,5,71.4,21.11,0.1153,0.0308,0.112,0.0,0.003,1.76,-1.99,-109.55,11.6,1,3.34,1,0.552,-9.69,-8.71,-7.122,1,5,0.1165,0.1035,0.1202,0.1072
114.221,1,0.678,-14.97,5.27,5,71.3,21.11,0.1034,0.0399,0.11,0.002,0.008,1.758,-1.994,-109.55,11.6,1,3.34,1,0.552,-9.69,-8.71,-7.122,1,5,0.1091,0.1072,0.1183,0.1072
114.289,1,0.663,-14.97,5.77,5,70.5,21.11,0.104,0.0427,0.112,0.003,-0.04,1.756,-2.001,-109.61,11.6,1,3.34,1,0.594,-2.42,-9.78,0.0,0,5,0.1072,0.1183,0.1109,0.1109
114.327,1,0.675,-15.22,5.87,5,70.4,21.11,0.1179,0.026,0.109,0.004,0.019,1.755,-2.005,-109.61,11.6,1,-0.66,1,0.612,1.45,-4.76,0.0,0,5,0.1053,0.1146,0.1109,0.1035
114.389,1,0.67,-15.22,5.02,5,70.6,21.11,0.1391,0.0095,0.098,-0.002,-0.057,1.753,-2.01,-109.78,11.6,1,-0.66,1,0.623,1.45,-5.15,0.0,0,5,0.1053,0.0979,0.0942,0.0942
114.459,1,0.666,-14.97,5.77,5,70.3,21.1,0.156,0.0168,0.104,-0.0,0.027,1.75,-2.018,-109.61,11.6,1,-0.66,1,0.64,0.97,-7.69,0.0,0,5,0.0983,0.1038,0.1038,0.111
114.489,1,0.648,-14.47,5.92,5,69.9,21.1,0.1454,0.0036,0.108,0.001,0.072,1.749,-2.021,-109.55,11.6,1,-0.66,1,0.64,0.97,-7.69,0.0,0,5,0.0984,0.1075,0.1093,0.1148
114.588,1,0.656,-14.23,6.24,5,68.4,21.11,0.1467,-0.0055,0.129,0.004,-0.005,1.746,-2.032,-109.38,11.6,1,-1.17,1,0.632,3.88,2.55,0.0,0,5,0.1226,0.1421,0.1244,0.1279
114.625,1,0.669,-14.23,5.65,5,68.6,21.11,0.1478,-0.0165,0.133,-0.001,-0.032,1.743,-2.037,-109.43,11.6,1,-1.17,1,0.632,3.39,2.31,0.0,0,5,0.1369,0.1387,0.1244,0.1315
114.687,1,0.725,-14.23,1.95,5,72.0,21.1,0.1538,-0.0067,0.137,-0.005,0.068,1.74,-2.045,-109.32,11.6,1,-1.17,1,0.606,-1.45,8.34,1.266,1,5,0.1413,0.1322,0.1322,0.1432
114.788,1,0.743,-14.23,1.99,5,75.0,21.1,0.0936,0.0938,0.147,0.002,-0.04,1.736,-2.059,-109.26,11.6,1,-0.69,1,0.601,-0.97,8.86,-2.983,1,5,0.1403,0.1533,0.144,0.1496
114.824,1,0.743,-14.23,1.69,5,75.0,20.81,0.09,0.0932,0.142,-0.003,0.039,1.734,-2.064,-109.38,11.6,1,-0.69,1,0.601,-0.97,8.86,-2.983,1,5,0.1441,0.1441,0.133,0.146
114.888,1,0.751,-13.73,2.01,5,75.2,20.57,0.09,0.0984,0.135,-0.006,-0.017,1.731,-2.072,-109.15,11.6,1,-0.69,1,0.608,8.24,9.85,-1.159,1,5,0.1387,0.1276,0.1294,0.1424
114.925,1,0.752,-13.48,1.87,5,75.4,20.96,0.09,0.0865,0.129,-0.001,0.049,1.729,-2.076,-109.15,11.6,1,-3.15,1,0.608,8.24,9.85,-1.159,1,5,0.1257,0.1293,0.1257,0.1349
114.989,1,0.737,-14.23,2.3,5,75.5,20.81,0.09,0.0873,0.112,0.002,-0.061,1.727,-2.083,-109.21,11.6,1,-3.15,1,0.639,8.24,11.17,1.917,1,5,0.1016,0.12,0.109,0.1182
115.024,1,0.729,-14.23,1.96,5,75.5,20.57,0.09,0.0895,0.103,-0.001,0.0,1.726,-2.086,-109.26,11.6,1,-3.15,1,0.639,8.24,11.17,1.917,1,5,0.0979,0.1035,0.1016,0.1109
115.086,1,0.73,-14.23,2.01,5,75.3,20.57,0.09,0.0945,0.098,-0.005,0.018,1.724,-2.092,-109.21,11.6,1,-3.15,1,0.653,6.79,10.4,5.299,1,5,0.1018,0.0925,0.0944,0.1036
115.128,1,0.729,-13.73,1.77,5,75.1,20.57,0.09,0.0933,0.093,-0.002,0.041,1.722,-2.095,-109.03,11.6,1,-0.26,1,0.667,6.79,10.99,0.0,0,5,0.0907,0.0944,0.087,0.1
115.187,1,0.745,-13.23,2.13,5,74.8,20.57,0.09,0.0918,0.086,0.0,0.104,1.721,-2.1,-108.75,11.6,1,-0.26,1,0.658,6.79,9.88,0.0,0,5,0.0722,0.1,0.0722,0.1
115.227,1,0.748,-12.73,2.26,5,74.6,20.57,0.09,0.0798,0.086,-0.0,0.085,1.72,-2.103,-108.52,11.6,1,-0.26,1,0.665,4.85,5.18,0.0,0,5,0.0722,0.1036,0.0666,0.0999
115.259,1,0.752,-12.23,2.58,5,74.8,20.57,0.09,0.0717,0.086,-0.002,0.045,1.718,-2.106,-108.35,11.6,1,-0.26,1,0.651,1.45,10.22,1.313,1,5,0.074,0.0998,0.0684,0.1017
115.289,1,0.765,-11.98,2.88,5,74.8,20.57,0.09,0.0615,0.085,-0.003,0.071,1.718,-2.108,-108.29,11.6,1,-0.26,1,0.651,1.45,10.22,1.313,1,5,0.0721,0.0979,0.0665,0.1035
115.359,1,0.793,-10.73,2.63,5,74.6,20.46,0.09,0.0552,0.081,-0.003,0.07,1.716,-2.114,-107.83,11.6,1,2.08,1,0.656,0.48,6.05,-2.326,1,5,0.0661,0.0955,0.0606,0.101
115.389,1,0.818,-10.48,2.89,5,74.6,20.2,0.0903,0.0456,0.08,-0.004,0.071,1.715,-2.115,-107.77,11.6,1,2.08,1,0.656,0.48,6.05,-2.326,1,5,0.068,0.0956,0.057,0.0992
115.493,1,0.838,-9.23,2.77,5,74.9,20.57,0.1031,0.0419,0.084,-0.002,0.091,1.712,-2.123,-107.26,11.6,1,2.08,1,0.669,-1.45,-0.77,-3.15,1,5,0.0759,0.0999,0.0648,0.0962
115.558,1,0.85,-8.73,3.39,5,75.0,20.57,0.1243,0.0245,0.086,-0.004,0.059,1.71,-2.13,-106.97,11.6,1,4.0,1,0.666,-0.48,0.43,-3.158,1,5,0.0736,0.0883,0.0754,0.1067
115.621,1,0.858,-8.24,3.56,5,75.5,20.57,0.145,-0.001,0.093,-0.004,0.052,1.708,-2.136,-106.8,11.6,1,4.0,1,0.66,0.48,-0.4,-0.979,1,5,0.0847,0.094,0.0829,0.1087
115.658,1,0.87,-7.74,3.26,5,75.9,20.46,0.1592,-0.0161,0.104,-0.003,0.051,1.706,-2.14,-106.74,11.6,1,4.0,1,0.671,0.48,0.99,-1.147,1,5,0.0999,0.1073,0.0944,0.1129
115.695,1,0.883,-7.49,3.21,5,75.8,20.2,0.1732,-0.0191,0.121,-0.003,0.059,1.705,-2.145,-106.63,11.6,1,4.0,1,0.682,1.45,0.69,-2.333,1,5,0.1067,0.1141,0.1012,0.1196
115.726,1,0.881,-7.24,3.54,5,76.0,20.57,0.18,-0.0226,0.128,-0.002,-0.045,1.704,-2.148,-106.63,11.6,1,4.0,1,0.694,2.91,-0.51,1.008,1,5,0.1287,0.1361,0.1158,0.1324
115.756,1,0.881,-6.74,3.0,5,76.1,20.57,0.1945,-0.0393,0.145,-0.003,0.014,1.702,-2.154,-106.68,11.6,1,3.65,1,0.694,3.88,-0.33,5.508,1,5,0.1487,0.1505,0.1322,0.1468
115.891,1,0.888,-5.24,2.65,5,76.6,20.2,0.13,-0.0021,0.179,-0.001,-0.021,1.696,-2.174,-106.51,11.6,1,3.65,1,0.696,3.88,2.66,-4.205,1,5,0.1788,0.1806,0.1751,0.1806
115.921,1,0.902,-4.74,2.3,5,77.0,20.46,0.1369,-0.0159,0.18,-0.002,0.038,1.694,-2.181,-106.63,11.6,1,3.65,1,0.696,3.88,2.66,-4.205,1,5,0.1842,0.1842,0.1713,0.1787
116.02,1,0.906,-3.74,2.97,5,78.4,20.44,0.1532,-0.0144,0.166,-0.0,0.039,1.689,-2.197,-106.46,11.6,1,3.12,1,0.699,5.33,0.51,-3.955,1,5,0.1613,0.1594,0.1724,0.1724
116.061,1,0.915,-3.24,2.93,5,78.5,20.46,0.1547,-0.0417,0.162,-0.002,-0.103,1.687,-2.202,-106.51,11.6,1,3.12,1,0.706,5.82,2.21,-4.851,1,5,0.1623,0.1587,0.1605,0.1659
116.09,1,0.912,-2.99,2.47,5,78.2,20.44,0.1307,-0.0356,0.161,-0.003,-0.002,1.686,-2.205,-106.57,11.6,1,3.12,1,0.698,6.3,0.76,-2.955,1,5,0.1657,0.1603,0.1549,0.1621
116.119,1,0.913,-2.75,2.93,5,78.3,20.04,0.1376,-0.0308,0.156,0.0,-0.008,1.685,-2.211,-106.57,11.6,1,3.12,1,0.698,6.3,0.76,-2.955,1,5,0.1602,0.1584,0.1548,0.1512
116.191,1,0.915,-2.5,2.85,5,78.6,19.97,0.1657,-0.0514,0.147,0.004,-0.064,1.682,-2.219,-106.74,11.61,1,1.15,1,0.682,8.72,1.37,-6.096,1,5,0.1421,0.1384,0.1624,0.144
116.219,1,0.915,-2.5,2.74,5,78.4,19.97,0.1539,-0.0477,0.145,0.005,-0.078,1.681,-2.225,-106.86,11.61,1,1.15,1,0.682,8.72,1.37,-6.096,1,5,0.144,0.1421,0.1569,0.1366
116.259,1,0.92,-2.5,2.23,5,77.9,20.0,0.1296,-0.0354,0.146,0.002,-0.053,1.679,-2.231,-106.97,11.61,1,1.15,1,0.696,10.18,7.72,-3.398,1,5,0.1515,0.1441,0.1515,0.1367
116.286,1,0.923,-2.25,2.13,5,77.7,20.46,0.1433,-0.0285,0.148,0.002,-0.025,1.678,-2.234,-107.03,11.61,1,1.15,1,0.696,10.18,7.72,-3.398,1,5,0.1534,0.1441,0.1552,0.1386
116.32,1,0.911,-2.25,2.13,5,78.0,20.46,0.1504,-0.0312,0.148,0.001,-0.064,1.677,-2.24,-107.14,11.61,1,1.15,1,0.696,10.18,7.72,-3.398,1,5,0.1515,0.1386,0.1608,0.1423
116.419,1,0.926,-2.25,2.13,5,78.4,20.46,0.1763,-0.0368,0.143,0.003,-0.021,1.673,-2.253,-107.31,11.61,1,-0.39,1,0.709,10.66,8.28,-3.274,1,5,0.1462,0.1425,0.1499,0.1351
116.456,1,0.93,-1.75,1.73,5,78.8,20.46,0.1763,-0.0366,0.151,0.003,-0.018,1.671,-2.26,-107.37,11.61,1,-0.39,1,0.709,10.66,8.28,-3.274,1,5,0.1535,0.1516,0.1553,0.1424
116.52,1,0.919,-1.25,1.61,5,79.8,20.46,0.1969,-0.0354,0.165,0.003,-0.014,1.668,-2.269,-107.37,11.61,1,-0.39,1,0.711,13.57,12.79,-1.285,1,5,0.1644,0.1625,0.1736,0.1588
116.62,1,0.917,-1.0,1.76,5,80.1,20.56,0.1791,-0.0331,0.19,0.003,-0.048,1.663,-2.288,-107.6,11.62,1,-0.72,1,0.713,14.54,13.01,-3.188,1,5,0.1925,0.1962,0.1888,0.1814
116.69,1,0.915,-0.75,1.44,5,79.5,20.46,0.1927,-0.042,0.196,0.007,-0.046,1.659,-2.299,-107.77,11.62,1,-0.72,1,0.701,15.03,12.52,-0.707,1,5,0.1925,0.198,0.2072,0.1852
116.757,1,0.911,-0.5,1.5,5,79.4,20.56,0.196,-0.0357,0.194,0.004,-0.089,1.655,-2.314,-107.95,11.62,1,0.63,1,0.708,14.54,13.93,0.296,1,5,0.1997,0.1906,0.2052,0.1796
116.919,1,0.897,-0.25,0.64,5,78.8,20.46,0.2191,-0.0427,0.205,0.006,-0.017,1.646,-2.345,-108.35,11.62,1,0.63,1,0.691,10.66,5.79,-0.343,1,5,0.2052,0.2071,0.2145,0.1923
116.957,1,0.895,0.25,0.73,5,78.8,20.57,0.2336,-0.0195,0.21,0.007,-0.042,1.643,-2.353,-108.46,11.62,1,2.48,1,0.707,10.66,3.25,-3.726,1,5,0.2054,0.2128,0.222,0.2017
117.019,1,0.9,0.25,0.6,5,78.7,20.46,0.1984,-0.0251,0.22,0.005,-0.003,1.639,-2.366,-108.52,11.62,1,2.48,1,0.721,10.66,2.23,-2.647,1,5,0.2219,0.2219,0.2293,0.2089
117.059,1,0.897,0.0,0.81,5,78.7,20.57,0.1962,-0.0205,0.225,0.004,-0.098,1.636,-2.375,-108.63,11.62,1,2.48,1,0.731,10.66,2.26,-2.629,1,5,0.2237,0.2219,0.2348,0.2182
117.089,1,0.899,0.0,0.28,5,79.0,20.57,0.1968,-0.0232,0.224,0.002,-0.087,1.635,-2.379,-108.75,11.62,1,2.48,1,0.731,10.66,2.26,-2.629,1,5,0.2219,0.2182,0.2348,0.2219
117.12,1,0.905,0.25,0.06,5,79.0,20.46,0.1901,-0.0079,0.22,-0.0,0.048,1.632,-2.387,-108.69,11.62,1,2.48,1,0.72,10.18,2.36,-2.84,1,5,0.2233,0.2141,0.2251,0.2159
117.157,1,0.908,0.25,0.6,5,79.3,20.46,0.1901,-0.0047,0.216,0.005,-0.112,1.63,-2.396,-108.8,11.62,1,2.48,1,0.72,10.18,2.36,-2.84,1,5,0.2159,0.2196,0.2233,0.205
117.22,1,0.903,0.25,0.05,5,79.4,20.46,0.1734,-0.0183,0.206,0.005,-0.031,1.626,-2.407,-109.03,11.62,1,2.48,1,0.716,10.18,0.22,-2.251,1,5,0.2052,0.2052,0.2163,0.1978
117.255,1,0.911,0.0,0.29,5,79.6,20.57,0.1875,-0.0039,0.2,0.002,0.024,1.623,-2.415,-109.03,11.62,1,2.48,1,0.724,10.18,0.23,-3.879,1,5,0.2055,0.1925,0.2129,0.1907
117.318,1,0.905,-0.25,-0.06,5,79.6,20.46,0.1518,-0.0063,0.194,0.006,-0.067,1.62,-2.426,-109.32,11.62,1,2.48,1,0.721,9.69,-0.69,-6.886,1,5,0.1963,0.1945,0.2038,0.1797
117.355,1,0.906,0.0,-0.4,5,78.8,20.56,0.1274,0.0045,0.185,0.002,0.045,1.617,-2.432,-109.26,11.62,1,0.83,1,0.716,9.21,-3.99,0.0,0,5,0.1924,0.1832,0.1906,0.1739
117.39,1,0.894,0.5,-0.17,5,79.2,20.56,0.1414,0.0087,0.182,0.002,-0.057,1.616,-2.436,-109.32,11.62,1,0.83,1,0.722,10.18,-1.6,-6.563,1,5,0.1887,0.1795,0.1887,0.1721
117.418,1,0.898,0.25,-0.32,5,79.4,20.46,0.1295,-0.0028,0.176,0.005,-0.057,1.614,-2.442,-109.43,11.62,1,0.83,1,0.722,10.18,-1.6,-6.563,1,5,0.1777,0.1722,0.1888,0.1648
117.457,1,0.892,0.0,-0.3,5,79.1,20.56,0.1049,0.0029,0.171,0.012,-0.05,1.613,-2.449,-109.61,11.62,1,0.83,1,0.723,9.21,-3.19,-7.29,1,5,0.1612,0.1741,0.1908,0.1574
117.49,1,0.9,-0.25,-0.19,5,79.0,20.46,0.09,0.0056,0.167,0.012,-0.087,1.612,-2.452,-109.66,11.62,1,0.83,1,0.726,8.72,-4.71,0.0,0,5,0.1574,0.1685,0.1888,0.1536
117.518,1,0.897,-0.25,-0.85,5,78.9,20.46,0.0969,0.0068,0.158,0.01,-0.055,1.61,-2.458,-109.89,11.62,1,0.83,1,0.726,8.72,-4.71,0.0,0,5,0.1537,0.15,0.1852,0.1426
117.592,1,0.895,-0.75,-0.88,5,78.6,20.46,0.09,0.0176,0.149,0.004,-0.089,1.607,-2.465,-110.18,11.62,1,-1.42,1,0.714,11.15,0.43,0.0,0,5,0.1593,0.131,0.1753,0.131
117.618,1,0.897,-1.25,-1.1,5,78.7,20.46,0.097,0.0242,0.141,0.007,-0.137,1.606,-2.47,-110.47,11.62,1,-1.42,1,0.714,11.15,0.43,0.0,0,5,0.1522,0.1309,0.1645,0.115
117.656,1,0.9,-1.75,-1.22,5,79.0,20.46,0.1115,0.0337,0.128,0.01,0.034,1.605,-2.475,-110.58,11.62,1,-1.42,1,0.711,11.15,-1.85,-7.713,1,5,0.1365,0.1274,0.1493,0.0983
117.754,1,0.908,-2.25,-1.35,5,79.8,20.46,0.1042,0.0386,0.114,0.003,-0.04,1.601,-2.486,-110.98,11.62,1,-4.01,1,0.712,13.09,7.59,-4.64,1,5,0.1247,0.1046,0.1339,0.0991
117.825,1,0.905,-2.25,-1.93,5,80.2,20.46,0.125,0.049,0.106,0.006,-0.017,1.599,-2.492,-111.15,11.62,1,-4.01,1,0.711,15.51,7.18,-5.198,1,5,0.1047,0.0992,0.1231,0.0955
117.919,1,0.927,-2.25,-1.6,5,80.2,20.46,0.1069,0.0546,0.091,0.002,0.126,1.596,-2.5,-110.81,11.62,1,-4.01,1,0.724,16.48,11.29,-5.466,1,5,0.0849,0.107,0.0794,0.0941
117.956,1,0.918,-1.75,-1.41,5,79.9,20.46,0.1069,0.0486,0.091,-0.002,0.018,1.595,-2.504,-110.58,11.62,1,-5.59,1,0.719,17.45,13.76,-3.336,1,5,0.0813,0.1016,0.0758,0.1035
118.018,1,0.92,-1.75,-1.62,5,80.1,20.46,0.1278,0.0433,0.089,-0.006,0.057,1.592,-2.509,-110.52,11.62,1,-5.59,1,0.717,17.45,14.68,-2.695,1,5,0.0866,0.0884,0.0774,0.105
118.059,1,0.924,-1.25,-1.66,5,80.0,20.46,0.1425,0.0513,0.091,-0.001,0.059,1.591,-2.512,-110.41,11.62,1,-5.59,1,0.707,18.42,13.83,-3.367,1,5,0.0848,0.0959,0.083,0.0995
118.089,1,0.931,-1.25,-0.98,5,79.5,20.46,0.1557,0.0491,0.094,0.001,0.054,1.591,-2.514,-110.29,11.62,1,-5.59,1,0.709,18.42,15.78,-2.672,1,5,0.0833,0.1074,0.0833,0.1018
118.122,1,0.925,-0.75,-1.43,5,79.3,20.46,0.1627,0.034,0.1,0.004,0.1,1.589,-2.518,-110.12,11.62,1,-5.59,1,0.711,19.39,15.76,-1.579,1,5,0.0815,0.1223,0.0852,0.1111
118.322,1,0.914,0.75,-0.21,5,79.4,20.81,0.1628,0.0418,0.16,-0.004,0.069,1.579,-2.545,-109.32,11.62,1,-4.22,1,0.694,20.36,19.44,0.0,0,5,0.1552,0.1682,0.1441,0.1737
118.39,1,0.915,1.5,-0.15,5,79.3,21.02,0.1908,-0.0036,0.16,-0.004,0.028,1.576,-2.554,-109.09,11.62,1,-1.12,1,0.676,15.99,11.2,-2.632,1,5,0.1553,0.1738,0.1387,0.172
118.424,1,0.908,1.75,0.14,5,80.3,21.02,0.1967,-0.0139,0.161,-0.003,0.029,1.574,-2.561,-109.09,11.62,1,-1.12,1,0.68,13.09,6.39,-5.452,1,5,0.1536,0.1721,0.1443,0.1739
118.453,1,0.896,1.75,0.01,5,81.8,20.81,0.1856,-0.0237,0.165,-0.002,0.052,1.572,-2.564,-109.03,11.62,1,-1.12,1,0.68,13.09,6.39,-5.452,1,5,0.1572,0.172,0.1535,0.1775
118.522,1,0.88,2.0,-0.19,5,81.4,21.1,0.188,-0.0181,0.18,-0.0,-0.026,1.568,-2.578,-108.86,11.62,1,-1.12,1,0.712,12.6,0.9,-2.86,1,5,0.1757,0.183,0.1757,0.1849
118.556,1,0.871,2.0,-0.19,5,81.1,21.1,0.1894,-0.0147,0.181,-0.004,-0.018,1.565,-2.584,-108.98,11.59,1,2.5,1,0.705,12.6,0.9,-1.423,1,5,0.1832,0.185,0.1702,0.1869
118.617,1,0.874,2.0,0.17,5,80.8,20.96,0.2101,-0.0131,0.186,-0.002,0.075,1.561,-2.595,-108.8,11.59,1,2.5,1,0.705,12.6,0.95,-1.314,1,5,0.1834,0.1834,0.1834,0.1926
118.649,1,0.862,2.0,0.84,5,80.7,21.02,0.2072,-0.0237,0.188,-0.001,0.021,1.56,-2.599,-108.8,11.59,1,2.5,1,0.705,12.6,0.95,-1.314,1,5,0.1851,0.1851,0.1888,0.1944
118.722,1,0.854,2.0,1.03,5,80.7,22.19,0.1899,-0.0417,0.199,-0.001,0.003,1.555,-2.614,-108.86,11.59,1,2.5,1,0.712,13.09,1.13,-5.802,1,5,0.1963,0.2019,0.1926,0.2038
118.754,1,0.858,2.0,0.59,5,80.8,21.6,0.1659,-0.0442,0.206,-0.003,0.017,1.552,-2.622,-108.8,11.59,1,3.04,1,0.708,11.63,1.66,-5.234,1,5,0.2019,0.2056,0.1982,0.2056
118.789,1,0.84,2.0,0.92,5,80.2,21.02,0.1417,-0.0313,0.206,-0.002,-0.006,1.551,-2.626,-108.8,11.59,1,3.04,1,0.735,8.72,-3.8,-4.174,1,5,0.2075,0.2038,0.2038,0.2075
118.855,1,0.853,2.0,0.53,5,80.2,20.96,0.1238,-0.0362,0.19,-0.004,0.048,1.545,-2.64,-108.86,11.59,1,3.04,1,0.737,8.72,-7.39,0.0,0,5,0.198,0.1813,0.1924,0.1998
118.922,1,0.845,2.25,1.31,5,79.8,20.46,0.1448,-0.0299,0.18,0.003,0.02,1.542,-2.65,-108.86,11.59,1,3.04,1,0.741,9.21,-6.63,-6.418,1,5,0.1716,0.1846,0.1827,0.1827
118.955,1,0.831,2.5,1.13,5,80.3,20.96,0.1207,-0.0462,0.168,0.001,-0.118,1.54,-2.656,-108.98,11.59,1,0.96,1,0.726,9.69,-6.06,-6.418,1,5,0.168,0.1699,0.168,0.1644
119.119,1,0.812,2.75,1.33,5,78.0,20.46,0.09,-0.0425,0.133,0.003,-0.051,1.533,-2.677,-109.15,11.59,1,0.96,1,0.736,13.57,0.63,-7.991,1,5,0.1351,0.1333,0.1388,0.124
119.154,1,0.846,2.5,1.17,5,79.4,20.96,0.09,-0.0488,0.12,0.003,-0.117,1.532,-2.681,-109.38,11.58,1,-1.6,1,0.717,16.96,5.88,-7.075,1,5,0.1204,0.1148,0.1315,0.1148
119.256,1,0.857,2.0,0.59,5,80.8,20.96,0.09,-0.0429,0.1,0.005,-0.085,1.529,-2.691,-109.66,11.58,1,-1.6,1,0.731,16.48,4.54,0.0,0,5,0.1056,0.0926,0.1167,0.0834
119.355,1,0.871,1.25,0.22,5,81.6,20.46,0.09,-0.0275,0.088,0.005,-0.049,1.526,-2.699,-110.01,11.58,1,-3.11,1,0.747,18.42,10.94,-6.373,1,5,0.0926,0.0871,0.1,0.0741
119.422,1,0.871,1.25,-0.4,5,81.6,20.46,0.1041,-0.013,0.077,0.004,-0.014,1.525,-2.703,-110.12,11.58,1,-3.11,1,0.743,17.93,10.9,-6.687,1,5,0.0835,0.0742,0.0872,0.0631
119.454,1,0.881,1.25,-0.41,5,81.4,20.46,0.09,-0.003,0.073,0.002,-0.059,1.525,-2.705,-110.18,11.58,1,-3.11,1,0.74,17.93,9.45,-6.678,1,5,0.0816,0.0704,0.0797,0.0612
119.553,1,0.882,1.0,-0.53,5,80.8,19.97,0.1183,-0.0031,0.07,-0.002,-0.001,1.522,-2.711,-110.24,11.57,1,-3.99,1,0.747,17.45,9.95,-4.272,1,5,0.0721,0.0647,0.0721,0.0721
119.588,1,0.885,0.75,-0.41,5,80.6,20.46,0.1152,0.0018,0.074,0.001,-0.01,1.521,-2.714,-110.29,11.57,1,-3.99,1,0.746,16.96,10.48,-5.204,1,5,0.0732,0.0695,0.0805,0.0732
119.62,1,0.879,0.75,-0.39,5,80.7,20.46,0.1152,0.0024,0.084,0.002,-0.017,1.52,-2.718,-110.29,11.57,1,-3.99,1,0.744,16.96,10.48,-5.207,1,5,0.0825,0.0825,0.0898,0.0807
119.65,1,0.884,0.75,-1.05,5,81.3,20.46,0.1151,0.0015,0.089,0.002,-0.043,1.519,-2.72,-110.35,11.57,1,-3.99,1,0.744,16.96,10.48,-5.207,1,5,0.0881,0.0899,0.0918,0.0844
119.754,1,0.884,0.5,-0.68,5,82.0,19.97,0.1149,0.0129,0.094,0.0,0.023,1.515,-2.73,-110.29,11.57,1,-4.65,1,0.736,16.96,10.46,-5.214,1,5,0.0961,0.0961,0.0924,0.0924
119.821,1,0.892,0.5,-0.71,5,82.1,19.97,0.135,0.0107,0.095,-0.002,0.019,1.513,-2.736,-110.29,11.57,1,-4.65,1,0.718,20.36,15.36,-3.214,1,5,0.0979,0.1016,0.0849,0.096
119.849,1,0.879,0.75,-0.59,5,82.0,20.46,0.149,0.0123,0.099,-0.003,0.022,1.512,-2.738,-110.24,11.57,1,-4.65,1,0.74,20.84,17.59,0.0,0,5,0.1016,0.1034,0.0886,0.1016
119.923,1,0.885,0.25,-1.02,5,82.6,20.46,0.1689,0.008,0.123,-0.0,0.018,1.509,-2.748,-110.24,11.57,1,-4.65,1,0.755,20.36,17.64,0.0,0,5,0.1225,0.1262,0.1189,0.1244
119.953,1,0.884,0.25,-0.72,5,82.4,20.46,0.1737,0.0259,0.13,0.002,0.035,1.508,-2.75,-110.18,11.57,1,-2.85,1,0.759,20.36,18.89,0.0,0,5,0.1262,0.1353,0.128,0.1299
120.024,1,0.89,0.75,-0.79,5,82.4,20.46,0.1707,0.0172,0.146,0.0,0.003,1.505,-2.759,-110.12,11.57,1,-2.85,1,0.748,17.93,15.21,-0.724,1,5,0.138,0.1509,0.1417,0.1527
120.055,1,0.89,0.75,-1.05,5,82.3,20.46,0.1848,0.0141,0.152,-0.0,0.027,1.503,-2.764,-110.12,11.57,1,-2.85,1,0.765,16.96,10.49,-5.223,1,5,0.1413,0.1559,0.1449,0.1578
120.152,1,0.891,0.5,-0.83,5,82.7,20.2,0.1637,0.0193,0.169,-0.001,0.02,1.498,-2.777,-110.01,11.55,1,-0.32,1,0.75,13.57,7.2,-2.117,1,5,0.1695,0.1713,0.1641,0.1713
120.22,1,0.897,0.25,-0.89,5,82.0,20.46,0.1843,0.0186,0.165,-0.002,0.026,1.493,-2.789,-110.07,11.55,1,-0.32,1,0.748,12.6,3.64,-5.406,1,5,0.161,0.1665,0.1591,0.1739
120.252,1,0.9,-0.25,-1.03,5,81.7,20.46,0.1598,0.0205,0.165,-0.002,0.01,1.492,-2.792,-110.07,11.55,1,-0.32,1,0.75,12.6,3.95,-4.534,1,5,0.161,0.1665,0.1591,0.1739
120.354,1,0.919,-0.25,-0.75,5,80.1,20.46,0.1503,0.0273,0.17,-0.004,-0.046,1.486,-2.808,-109.95,11.55,1,-0.34,1,0.743,12.6,4.36,-1.778,1,5,0.1699,0.1699,0.1625,0.1791
120.388,1,0.919,-0.25,-0.75,5,79.8,20.46,0.1642,0.0217,0.164,-0.003,0.045,1.482,-2.817,-109.95,11.55,1,-0.34,1,0.741,12.6,4.35,-1.746,1,5,0.1646,0.1664,0.1553,0.1701
120.452,1,0.919,-0.75,-0.73,5,79.1,20.46,0.1861,0.0234,0.162,-0.002,-0.003,1.48,-2.824,-109.84,11.55,1,-0.34,1,0.74,12.6,5.72,-0.456,1,5,0.1578,0.1614,0.1596,0.1706
120.553,1,0.914,-0.75,-0.49,5,78.9,21.02,0.2207,0.0307,0.165,-0.005,0.069,1.474,-2.839,-109.78,11.58,1,0.03,1,0.734,12.6,4.84,-2.536,1,5,0.1667,0.1667,0.1539,0.1741
120.652,1,0.913,-0.75,-0.47,5,78.9,20.46,0.2383,0.0232,0.198,-0.004,0.017,1.467,-2.858,-109.61,11.58,1,0.03,1,0.741,12.6,5.71,-0.474,1,5,0.1947,0.2039,0.1855,0.2094
120.688,1,0.906,-0.25,-0.62,5,80.0,20.46,0.2456,0.023,0.214,-0.002,0.008,1.462,-2.87,-109.49,11.58,1,0.03,1,0.721,13.09,7.41,-0.074,1,5,0.2067,0.2159,0.2086,0.2252
120.75,1,0.893,-0.25,-0.75,5,82.0,20.46,0.2354,0.0218,0.224,-0.002,0.011,1.459,-2.879,-109.43,11.58,1,1.42,1,0.722,13.09,7.4,-0.075,1,5,0.2198,0.2253,0.2198,0.2327
120.788,1,0.892,0.25,-0.63,5,82.2,20.46,0.2354,0.0264,0.239,-0.004,0.039,1.454,-2.893,-109.38,11.58,1,1.42,1,0.714,11.15,6.44,-0.377,1,5,0.2384,0.2384,0.2328,0.2476
120.857,1,0.881,0.75,-0.5,5,82.2,20.46,0.2171,0.0157,0.247,-0.001,0.017,1.449,-2.907,-109.21,11.58,1,1.42,1,0.729,10.66,1.26,-3.904,1,5,0.2475,0.2512,0.2401,0.2493
120.887,1,0.881,0.75,-0.5,5,82.4,20.46,0.1929,0.0051,0.249,0.0,-0.09,1.446,-2.917,-109.32,11.58,1,1.42,1,0.734,11.15,3.57,-3.323,1,5,0.2473,0.2547,0.2436,0.251
120.949,1,0.875,0.0,-0.66,5,82.1,20.96,0.1607,0.0043,0.247,0.003,0.043,1.443,-2.926,-109.38,11.58,1,2.2,1,0.736,10.66,1.87,-3.767,1,5,0.2421,0.2495,0.2495,0.2458
120.988,1,0.889,0.0,-0.29,5,82.2,20.81,0.1607,0.0175,0.239,0.006,-0.057,1.44,-2.935,-109.38,11.58,1,2.2,1,0.724,9.69,4.49,-2.947,1,5,0.2368,0.2386,0.2515,0.2294
121.054,1,0.887,-0.25,-1.29,5,83.1,20.46,0.1433,0.0071,0.222,-0.001,-0.077,1.435,-2.947,-109.72,11.58,1,2.2,1,0.724,8.72,7.57,0.0,0,5,0.231,0.207,0.2347,0.2143
121.12,1,0.89,-1.75,-1.06,5,84.5,20.56,0.1639,0.0353,0.201,0.004,-0.102,1.429,-2.965,-110.12,11.58,1,2.2,1,0.715,7.76,10.06,0.0,0,5,0.2133,0.1918,0.2187,0.1792
121.154,1,0.893,-1.75,-1.11,5,84.9,20.46,0.1781,0.0487,0.195,0.003,-0.076,1.428,-2.968,-110.24,11.6,1,1.58,1,0.718,7.76,9.52,0.0,0,5,0.2087,0.1849,0.2106,0.174
121.187,1,0.894,-1.75,-1.51,5,85.4,20.81,0.1848,0.0501,0.185,0.001,-0.025,1.425,-2.975,-110.24,11.6,1,1.58,1,0.718,7.76,9.52,0.0,0,5,0.196,0.1775,0.196,0.172
121.22,1,0.894,-2.25,-1.25,5,85.7,20.46,0.1989,0.0622,0.184,0.002,0.005,1.423,-2.982,-110.24,11.6,1,1.58,1,0.699,6.79,9.48,0.0,0,5,0.1849,0.1812,0.1904,0.1775
121.251,1,0.9,-2.25,-1.14,5,85.8,20.46,0.2129,0.0614,0.184,0.002,0.005,1.423,-2.982,-110.24,11.6,1,1.58,1,0.687,5.33,6.62,0.0,0,5,0.1849,0.1812,0.1904,0.1775
121.354,1,0.887,-2.0,-0.89,5,87.3,20.96,0.2096,0.0556,0.186,-0.005,0.107,1.415,-3.003,-109.95,11.6,1,2.97,1,0.692,6.79,25.01,0.0,0,5,0.1811,0.1922,0.17,0.2014
121.449,1,0.895,-1.25,-0.31,5,85.1,20.46,0.1499,0.0385,0.199,-0.007,0.032,1.409,-3.018,-109.66,11.6,1,2.97,1,0.729,5.82,38.0,0.0,0,5,0.1925,0.209,0.176,0.22
121.521,1,0.89,-1.25,0.34,5,84.3,20.46,0.1138,0.0152,0.191,0.0,0.088,1.404,-3.032,-109.32,11.6,1,2.97,1,0.731,1.94,42.99,0.0,0,5,0.1784,0.2039,0.1784,0.2039
121.549,1,0.89,-1.0,0.15,5,82.4,20.44,0.09,0.0041,0.188,0.0,0.016,1.403,-3.036,-109.26,11.57,1,7.4,1,0.731,1.94,42.99,0.0,0,5,0.176,0.198,0.1797,0.1998
121.648,1,0.893,-1.25,0.47,5,83.5,20.46,0.09,0.0057,0.164,-0.005,0.061,1.397,-3.051,-109.26,11.57,1,7.4,1,0.736,-5.82,49.55,0.0,0,5,0.1666,0.1611,0.1575,0.1703
121.685,1,0.891,-1.75,0.52,5,83.3,20.81,0.09,0.0032,0.153,-0.003,-0.057,1.393,-3.06,-109.32,11.57,1,7.4,1,0.736,-5.82,49.55,0.0,0,5,0.1628,0.148,0.1517,0.1499
121.749,1,0.893,-2.75,0.27,5,82.8,20.56,0.09,0.0079,0.145,-0.006,-0.104,1.391,-3.065,-109.55,11.57,1,14.7,1,0.762,-13.09,51.95,0.0,0,5,0.1536,0.1295,0.148,0.148
121.786,1,0.892,-2.75,0.1,5,82.7,20.46,0.09,0.0236,0.127,-0.007,-0.014,1.389,-3.072,-109.72,11.57,1,14.7,1,0.738,-16.96,49.56,0.0,0,5,0.1387,0.1109,0.1294,0.1294
121.851,1,0.895,-2.75,-0.0,5,82.8,20.46,0.09,0.0248,0.121,-0.002,0.009,1.387,-3.076,-109.61,11.57,1,14.7,1,0.764,-18.42,44.52,0.0,0,5,0.1301,0.1191,0.1191,0.1173
121.949,1,0.883,-2.75,1.04,5,84.3,21.1,0.09,0.0254,0.1,-0.0,-0.004,1.383,-3.086,-109.66,11.57,1,20.68,1,0.774,-18.9,43.06,0.0,0,5,0.098,0.098,0.1017,0.1035
121.987,1,0.878,-3.24,2.45,5,84.6,20.56,0.09,0.007,0.09,-0.002,-0.028,1.382,-3.089,-109.66,11.57,1,20.68,1,0.801,-19.39,42.01,0.0,0,5,0.0887,0.0832,0.0924,0.0942
122.05,1,0.88,-2.99,4.09,5,84.4,20.96,0.09,-0.0123,0.076,-0.002,0.008,1.381,-3.093,-109.72,11.57,1,20.68,1,0.815,-20.84,42.04,0.0,0,5,0.0758,0.0776,0.0702,0.0813
122.086,1,0.883,-2.99,5.06,5,84.2,21.1,0.09,-0.0443,0.07,-0.004,-0.005,1.38,-3.095,-109.66,11.57,1,20.68,1,0.826,-23.75,38.04,0.0,0,5,0.0729,0.0747,0.0565,0.0747
122.148,1,0.866,-2.75,7.05,5,83.9,21.11,0.09,-0.0612,0.065,-0.001,0.053,1.378,-3.099,-109.55,11.59,1,27.86,1,0.835,-24.72,34.94,0.0,0,5,0.0637,0.0692,0.0583,0.0692
122.186,1,0.857,-2.99,8.72,5,84.0,21.11,0.09,-0.0991,0.062,0.0,0.002,1.378,-3.101,-109.55,11.59,1,27.86,1,0.839,-27.14,29.47,0.0,0,5,0.057,0.0644,0.0607,0.0662
122.214,1,0.86,-2.99,9.63,5,83.8,21.11,0.09,-0.125,0.057,0.0,0.006,1.377,-3.103,-109.55,11.59,1,27.86,1,0.839,-27.14,29.47,0.0,0,5,0.0552,0.0607,0.0589,0.0607
122.25,1,0.863,-3.24,10.52,5,84.0,21.11,0.09,-0.1408,0.052,0.0,-0.029,1.377,-3.104,-109.55,11.59,1,27.86,1,0.839,-27.14,29.47,0.0,0,5,0.0534,0.0515,0.0534,0.0515
122.286,1,0.871,-3.24,11.22,5,83.5,21.11,0.09,-0.1536,0.049,-0.0,-0.066,1.376,-3.106,-109.72,11.59,1,27.86,1,0.818,-32.47,24.35,0.0,0,5,0.0536,0.0425,0.0554,0.0462
122.449,1,0.845,-5.74,14.82,5,82.8,22.19,0.09,-0.1665,0.05,-0.001,-0.114,1.373,-3.113,-110.64,11.59,1,34.2,1,0.819,-38.78,8.04,0.0,0,5,0.0703,0.0296,0.0685,0.0333
122.484,1,0.863,-6.24,15.46,5,82.5,22.19,0.09,-0.1981,0.055,-0.003,-0.113,1.372,-3.116,-110.87,11.59,1,34.2,1,0.81,-40.23,4.92,0.0,0,5,0.0759,0.0333,0.0703,0.0389
122.548,1,0.864,-7.24,17.13,5,82.0,22.78,0.09,-0.2089,0.059,-0.006,-0.043,1.37,-3.119,-111.21,11.61,1,34.59,1,0.804,-40.23,3.55,0.0,0,5,0.0887,0.0333,0.0739,0.0407
122.648,1,0.845,-8.98,18.4,5,81.8,22.78,0.09,-0.2309,0.067,0.001,-0.115,1.368,-3.125,-111.84,11.61,1,34.59,1,0.787,-40.23,3.2,0.0,0,5,0.0849,0.0499,0.0868,0.048
122.685,1,0.856,-10.23,19.46,5,82.0,22.22,0.09,-0.2317,0.069,0.001,-0.146,1.367,-3.128,-112.19,11.61,1,34.59,1,0.778,-39.74,4.75,0.0,0,5,0.0886,0.048,0.0923,0.048
122.748,1,0.861,-10.48,19.89,5,82.3,21.96,0.09,-0.2413,0.072,0.003,-0.191,1.366,-3.132,-112.82,11.61,1,33.16,1,0.773,-40.23,6.47,0.0,0,5,0.0979,0.0443,0.1053,0.0406
122.787,1,0.856,-10.73,19.51,5,81.1,22.22,0.09,-0.2481,0.071,0.003,-0.27,1.365,-3.134,-113.39,11.61,1,33.16,1,0.765,-41.2,8.14,0.0,0,5,0.1035,0.0388,0.1091,0.0333
122.846,1,0.87,-10.73,18.76,5,80.3,22.22,0.09,-0.2409,0.074,0.001,-0.207,1.363,-3.139,-114.13,11.61,1,33.16,1,0.769,-40.71,8.56,0.0,0,5,0.1158,0.0368,0.1139,0.0294
122.984,1,0.853,-12.23,17.38,5,79.7,22.22,0.09,-0.23,0.077,-0.013,-0.23,1.357,-3.148,-115.74,11.61,1,29.91,1,0.779,-38.29,19.63,0.0,0,5,0.1183,0.0259,0.1017,0.0629
123.086,1,0.855,-13.73,15.67,5,79.4,21.67,0.09,-0.191,0.076,-0.009,-0.193,1.353,-3.154,-117.0,11.61,1,29.91,1,0.803,-38.78,25.61,0.0,0,5,0.1221,0.0333,0.1018,0.0481
123.153,1,0.846,-14.23,15.03,5,79.2,21.67,0.09,-0.1454,0.08,-0.006,-0.173,1.35,-3.159,-117.51,11.61,1,29.91,1,0.783,-36.84,31.09,0.0,0,5,0.1166,0.0407,0.1055,0.0555
123.18,1,0.836,-14.23,14.76,5,79.0,21.67,0.09,-0.1288,0.08,-0.006,-0.133,1.348,-3.161,-117.86,11.63,1,27.04,1,0.783,-36.84,31.09,0.0,0,5,0.1109,0.0444,0.1054,0.061
123.217,1,0.836,-14.23,14.41,5,78.6,21.67,0.09,-0.1262,0.081,-0.006,-0.112,1.347,-3.164,-118.14,11.63,1,27.04,1,0.773,-32.47,35.33,0.0,0,5,0.1073,0.05,0.0999,0.0666
123.253,1,0.845,-13.73,14.3,5,78.3,21.67,0.09,-0.1214,0.083,-0.003,-0.09,1.345,-3.167,-118.37,11.63,1,27.04,1,0.784,-31.5,39.75,0.0,0,5,0.1055,0.0518,0.0981,0.0703
123.28,1,0.853,-13.73,15.49,5,78.0,21.46,0.09,-0.126,0.082,-0.004,-0.109,1.344,-3.168,-118.49,11.63,1,27.04,1,0.784,-31.5,39.75,0.0,0,5,0.1037,0.0592,0.0981,0.0685
123.347,1,0.826,-12.73,13.77,5,77.0,21.67,0.09,-0.1469,0.085,-0.0,-0.1,1.342,-3.173,-118.77,11.63,1,27.04,1,0.76,-27.14,44.0,0.0,0,5,0.1074,0.074,0.0944,0.0629
123.38,1,0.832,-11.98,15.43,5,76.6,21.67,0.09,-0.1292,0.086,0.001,-0.059,1.34,-3.176,-118.89,11.63,1,26.55,1,0.76,-27.14,44.0,0.0,0,5,0.103,0.081,0.0938,0.0662
123.448,1,0.818,-11.48,15.98,5,75.9,21.67,0.09,-0.1643,0.086,0.0,-0.136,1.338,-3.181,-119.23,11.63,1,26.55,1,0.761,-24.72,46.91,0.0,0,5,0.0955,0.068,0.1047,0.0753
123.48,1,0.829,-11.48,16.33,5,75.4,21.67,0.09,-0.1796,0.081,0.0,-0.153,1.336,-3.183,-119.52,11.63,1,26.55,1,0.761,-24.72,46.91,0.0,0,5,0.0961,0.0573,0.1053,0.0665
123.552,1,0.822,-11.48,17.65,5,74.7,22.65,0.09,-0.1833,0.079,-0.001,-0.176,1.334,-3.187,-120.03,11.63,1,26.55,1,0.731,-27.63,49.25,0.0,0,5,0.1073,0.0537,0.1018,0.0537
123.585,1,0.821,-11.48,18.12,5,74.6,23.26,0.09,-0.2057,0.085,-0.006,-0.154,1.331,-3.19,-120.44,11.65,1,31.1,1,0.753,-29.57,48.88,0.0,0,5,0.1222,0.0518,0.1055,0.0592
123.617,1,0.825,-11.48,19.4,5,74.3,22.65,0.09,-0.2138,0.085,-0.006,-0.134,1.33,-3.193,-120.78,11.65,1,31.1,1,0.753,-29.57,48.88,0.0,0,5,0.124,0.05,0.1074,0.0592
123.651,1,0.844,-11.48,20.96,5,74.2,23.26,0.09,-0.2357,0.086,-0.004,-0.135,1.329,-3.195,-120.95,11.65,1,31.1,1,0.764,-31.02,47.52,0.0,0,5,0.1221,0.0518,0.1129,0.0574
123.68,1,0.86,-11.98,22.32,5,74.4,22.65,0.09,-0.263,0.084,-0.001,-0.204,1.327,-3.197,-121.41,11.65,1,31.1,1,0.764,-31.02,47.52,0.0,0,5,0.1159,0.0497,0.1159,0.0552
123.719,1,0.863,-12.23,23.44,5,75.0,22.65,0.09,-0.2807,0.086,0.0,-0.243,1.325,-3.2,-121.87,11.65,1,31.1,1,0.823,-37.32,46.95,0.0,0,5,0.1178,0.0497,0.1215,0.0534
123.747,1,0.867,-13.23,24.86,5,75.2,22.04,0.09,-0.2976,0.086,-0.002,-0.221,1.324,-3.202,-122.15,11.65,1,31.1,1,0.823,-37.32,46.95,0.0,0,5,0.1215,0.0479,0.1197,0.0534
123.779,1,0.869,-13.73,25.67,5,75.7,22.65,0.09,-0.3102,0.087,-0.001,-0.201,1.322,-3.205,-122.61,11.65,1,40.17,1,0.823,-37.32,46.95,0.0,0,5,0.1278,0.0482,0.1241,0.0482
123.853,1,0.845,-15.22,26.87,5,76.8,22.77,0.09,-0.3217,0.093,-0.005,-0.148,1.318,-3.211,-123.47,11.65,1,40.17,1,0.838,-52.35,37.98,0.0,0,5,0.1297,0.05,0.1185,0.0611
123.879,1,0.842,-15.22,27.01,5,77.0,22.77,0.09,-0.3244,0.094,-0.003,-0.193,1.317,-3.213,-123.64,11.65,1,40.17,1,0.838,-52.35,37.98,0.0,0,5,0.1203,0.0592,0.124,0.074
123.917,1,0.844,-15.72,27.1,5,76.1,22.19,0.09,-0.3297,0.095,0.004,-0.206,1.315,-3.216,-124.16,11.65,1,40.17,1,0.842,-55.74,37.0,0.0,0,5,0.1146,0.0666,0.1313,0.0684
123.946,1,0.862,-15.72,26.96,5,76.5,22.22,0.09,-0.327,0.096,0.005,-0.218,1.314,-3.217,-124.39,11.65,1,40.17,1,0.842,-55.74,37.0,0.0,0,5,0.1201,0.0647,0.1367,0.061
123.98,1,0.867,-15.47,26.8,5,77.0,22.22,0.09,-0.3255,0.094,0.003,-0.29,1.312,-3.221,-125.08,11.65,1,45.0,1,0.842,-55.74,37.0,0.0,0,5,0.1349,0.0554,0.1386,0.048
124.017,1,0.862,-15.97,26.8,5,77.0,22.78,0.09,-0.3269,0.094,-0.005,-0.369,1.309,-3.223,-125.82,11.65,1,45.0,1,0.86,-57.68,40.48,0.0,0,5,0.1497,0.0388,0.1386,0.048
124.054,1,0.861,-15.97,25.86,5,76.9,22.15,0.09,-0.3216,0.093,-0.007,-0.286,1.307,-3.226,-126.57,11.65,1,45.0,1,0.86,-58.65,41.09,0.0,0,5,0.1554,0.0296,0.1425,0.0463
124.116,1,0.86,-16.97,25.18,5,77.3,22.04,0.09,-0.3064,0.091,-0.006,-0.305,1.303,-3.23,-127.6,11.65,1,45.0,1,0.877,-61.56,41.77,0.0,0,5,0.1499,0.0259,0.1443,0.0426
124.15,1,0.848,-16.97,23.94,5,78.3,21.96,0.09,-0.2832,0.091,-0.007,-0.314,1.302,-3.232,-127.94,11.65,1,45.0,1,0.886,-63.49,41.84,0.0,0,5,0.1516,0.0259,0.1424,0.0444
124.185,1,0.848,-16.47,22.91,5,79.3,22.22,0.09,-0.2627,0.093,-0.012,-0.32,1.299,-3.234,-128.74,11.62,1,45.0,1,0.881,-64.46,42.45,0.0,0,5,0.161,0.0241,0.1369,0.0481
124.211,1,0.857,-16.47,21.84,5,80.2,22.22,0.09,-0.2515,0.093,-0.012,-0.335,1.298,-3.236,-129.09,11.62,1,45.0,1,0.881,-64.46,42.45,0.0,0,5,0.163,0.0259,0.1371,0.0463
124.247,1,0.858,-17.97,22.32,5,80.8,21.96,0.1039,-0.2329,0.09,-0.007,-0.237,1.296,-3.238,-129.72,11.62,1,45.0,1,0.881,-64.46,42.45,0.0,0,5,0.1536,0.0315,0.1351,0.0407
124.285,1,0.85,-18.47,21.8,5,80.4,21.67,0.111,-0.23,0.088,-0.002,-0.302,1.293,-3.241,-130.29,11.62,1,45.0,1,0.879,-63.98,41.33,0.0,0,5,0.1423,0.0388,0.133,0.0388
124.316,1,0.855,-18.72,21.52,5,80.3,21.6,0.1252,-0.2621,0.089,-0.0,-0.232,1.291,-3.244,-130.92,11.62,1,45.0,1,0.887,-63.01,39.94,0.0,0,5,0.1348,0.0425,0.1348,0.0443
124.38,1,0.858,-18.97,20.19,5,81.1,21.02,0.1459,-0.3167,0.101,-0.003,-0.279,1.286,-3.248,-131.78,11.62,1,43.55,1,0.901,-61.56,38.43,0.0,0,5,0.1489,0.0552,0.1416,0.0588
124.416,1,0.864,-18.97,19.56,5,81.1,21.62,0.1583,-0.3168,0.115,-0.003,-0.333,1.283,-3.252,-132.53,11.62,1,43.55,1,0.901,-61.56,38.43,0.0,0,5,0.1654,0.068,0.1562,0.0717
124.479,1,0.867,-18.22,18.59,5,81.3,21.46,0.1621,-0.312,0.138,0.009,-0.292,1.278,-3.259,-133.5,11.62,1,43.55,1,0.897,-58.65,36.69,0.0,0,5,0.1774,0.0979,0.1959,0.0795
124.516,1,0.863,-17.47,17.72,5,81.7,21.02,0.1679,-0.3107,0.15,0.012,-0.332,1.273,-3.264,-134.19,11.62,1,43.55,1,0.893,-51.86,33.09,0.0,0,5,0.1941,0.1091,0.2145,0.0814
124.58,1,0.789,-16.47,18.12,5,82.8,21.1,0.1732,-0.3076,0.161,0.007,-0.332,1.267,-3.271,-135.39,11.63,1,40.64,1,0.893,-51.86,33.09,0.0,0,5,0.2163,0.1072,0.2293,0.0906
124.616,1,0.778,-16.47,20.28,5,83.5,22.22,0.1488,-0.274,0.167,0.006,-0.287,1.262,-3.276,-136.19,11.63,1,40.64,1,0.895,-40.71,33.1,0.0,0,5,0.2219,0.1091,0.2367,0.0998
124.651,1,0.731,-15.97,23.38,5,83.3,21.62,0.125,-0.2571,0.168,0.005,-0.328,1.259,-3.279,-136.54,11.63,1,40.64,1,0.933,-37.81,31.53,0.0,0,5,0.2256,0.1091,0.2367,0.0998
124.68,1,0.711,-15.97,29.28,5,83.5,23.73,0.1131,-0.2837,0.171,0.004,-0.314,1.255,-3.284,-137.34,11.63,1,40.64,1,0.933,-37.81,31.53,0.0,0,5,0.229,0.1182,0.2327,0.1053
124.718,1,0.716,-15.97,34.67,5,83.0,27.78,0.09,-0.3697,0.169,0.009,-0.289,1.25,-3.288,-138.08,11.63,1,40.64,1,0.918,-31.99,27.82,0.0,0,5,0.2161,0.1219,0.2327,0.1034
124.752,1,0.724,-17.22,39.66,5,83.8,28.16,0.09,-0.4629,0.166,0.01,-0.309,1.248,-3.291,-138.43,11.63,1,40.64,1,0.906,-30.05,26.87,0.0,0,5,0.2071,0.1183,0.233,0.1054
124.784,1,0.729,-16.22,43.26,5,84.4,29.19,0.09,-0.5341,0.156,0.007,-0.355,1.243,-3.294,-139.23,11.63,1,45.0,1,0.906,-30.05,26.87,0.0,0,5,0.1962,0.1037,0.2221,0.1018
124.817,1,0.728,-16.72,44.78,5,84.4,28.77,0.09,-0.5455,0.144,0.002,-0.264,1.239,-3.298,-139.86,11.63,1,45.0,1,0.925,-28.6,18.43,0.0,0,5,0.1966,0.0845,0.2077,0.0882
124.88,1,0.703,-16.72,44.98,5,82.8,28.03,0.09,-0.5455,0.129,0.0,-0.381,1.233,-3.303,-141.18,11.63,1,45.0,1,0.922,-26.66,16.97,0.0,0,5,0.1927,0.0661,0.1927,0.0661
124.916,1,0.711,-15.22,45.04,5,80.3,28.34,0.09,-0.5455,0.118,-0.004,-0.436,1.23,-3.305,-142.15,11.63,1,45.0,1,0.907,-25.69,12.08,0.0,0,5,0.1923,0.0481,0.1812,0.0518
124.978,1,0.676,-11.98,44.11,5,77.6,26.95,0.09,-0.5455,0.1,-0.003,-0.53,1.225,-3.309,-143.76,11.63,1,45.0,1,0.897,-25.69,8.5,0.0,0,5,0.1888,0.013,0.1814,0.0167
125.016,1,0.682,-12.23,43.3,5,77.4,26.45,0.09,-0.5455,0.092,-0.001,-0.495,1.222,-3.311,-145.02,11.63,1,45.0,1,0.887,-27.63,2.65,0.0,0,5,0.1852,-0.0019,0.1834,0.0019
125.05,1,0.685,-11.98,42.53,5,77.5,26.93,0.09,-0.5455,0.092,-0.001,-0.495,1.222,-3.311,-145.02,11.63,1,45.0,1,0.893,-29.57,-1.33,0.0,0,5,0.1852,-0.0019,0.1834,0.0019
125.078,1,0.698,-11.73,41.14,5,76.7,26.67,0.09,-0.5455,0.09,-0.006,-0.509,1.217,-3.314,-146.91,11.63,1,45.0,1,0.893,-29.57,-1.33,0.0,0,5,0.191,-0.0036,0.1712,0.0
125.117,1,0.69,-11.73,40.79,5,76.9,26.11,0.09,-0.5455,0.089,-0.005,-0.457,1.216,-3.314,-147.42,11.63,1,45.0,1,0.898,-32.47,-9.23,0.0,0,5,0.1874,-0.0018,0.1712,0.0
125.146,1,0.686,-11.98,40.66,5,75.9,26.11,0.09,-0.5455,0.089,-0.003,-0.535,1.214,-3.315,-147.99,11.63,1,45.0,1,0.898,-32.47,-9.23,0.0,0,5,0.1837,0.0,0.1729,0.0
125.178,1,0.719,-12.73,39.68,5,75.1,25.1,0.09,-0.5455,0.088,0.0,-0.533,1.211,-3.317,-149.26,11.63,1,45.0,1,0.898,-32.47,-9.23,0.0,0,5,0.1763,0.0,0.1763,0.0
125.212,1,0.688,-14.72,40.09,5,73.9,24.52,0.09,-0.5455,0.089,0.001,-0.511,1.21,-3.318,-149.83,11.63,1,45.0,1,0.898,-32.47,-9.23,0.0,0,5,0.1763,0.0,0.18,0.0
125.284,1,0.64,-17.97,38.7,5,69.1,23.94,0.09,-0.5455,0.09,0.0,-0.491,1.203,-3.322,-152.18,11.63,1,45.0,1,0.891,-40.71,-27.34,0.0,0,5,0.1809,0.0,0.1809,0.0
125.316,1,0.662,-18.22,37.2,5,69.7,23.35,0.09,-0.4992,0.09,0.0,-0.494,1.2,-3.323,-153.38,11.63,1,45.0,1,0.942,-42.65,-31.03,0.0,0,5,0.179,0.0,0.179,0.0
125.384,1,0.679,-18.22,36.69,5,71.9,23.35,0.09,-0.4772,0.09,-0.002,-0.523,1.195,-3.326,-155.16,11.63,1,45.0,1,0.949,-46.53,-35.99,0.0,0,5,0.1836,0.0018,0.1744,0.0
125.478,1,0.702,-19.47,31.92,5,76.7,22.68,0.09,-0.4737,0.083,-0.0,-0.46,1.188,-3.329,-157.85,11.63,1,45.0,1,0.952,-50.41,-40.81,0.0,0,5,0.1647,0.0,0.1665,0.0019
125.517,1,0.716,-20.46,30.89,5,77.9,22.77,0.09,-0.3767,0.083,-0.002,-0.481,1.184,-3.33,-158.88,11.63,1,45.0,1,0.948,-51.86,-43.11,0.0,0,5,0.1685,0.0,0.1629,0.0019
125.547,1,0.713,-20.71,30.28,5,78.5,22.68,0.0938,-0.3488,0.083,-0.002,-0.491,1.183,-3.331,-159.45,11.63,1,45.0,1,0.948,-51.86,-43.11,0.0,0,5,0.1703,0.0,0.1611,0.0
125.585,1,0.771,-19.72,28.77,5,78.8,22.15,0.0974,-0.3374,0.081,0.0,-0.406,1.18,-3.332,-160.43,11.63,1,35.93,1,0.947,-48.95,-42.8,0.0,0,5,0.1628,0.0037,0.1591,0.0
125.614,1,0.809,-19.22,27.21,5,78.6,22.15,0.1045,-0.3245,0.081,0.001,-0.382,1.177,-3.333,-161.34,11.63,1,35.93,1,0.947,-48.95,-42.8,0.0,0,5,0.1499,0.0111,0.1518,0.0093
125.683,1,0.789,-20.71,26.28,5,80.5,22.15,0.1159,-0.3324,0.086,-0.006,-0.319,1.172,-3.334,-162.49,11.63,1,35.93,1,0.946,-41.2,-32.2,0.0,0,5,0.1463,0.0204,0.1408,0.037
125.715,1,0.804,-20.71,25.07,5,81.8,21.62,0.1216,-0.3186,0.092,-0.01,-0.266,1.168,-3.335,-163.06,11.63,1,35.93,1,0.92,-37.32,-25.67,0.0,0,5,0.1515,0.0296,0.1349,0.0536
125.783,1,0.8,-20.71,24.06,5,83.2,21.6,0.1289,-0.3229,0.106,-0.01,-0.261,1.161,-3.336,-164.04,11.63,1,23.93,1,0.911,-31.99,-11.65,0.0,0,5,0.162,0.0479,0.1436,0.07
125.816,1,0.796,-20.71,23.98,5,83.1,21.6,0.135,-0.3232,0.114,-0.005,-0.261,1.156,-3.338,-164.67,11.63,1,23.93,1,0.882,-28.11,-9.73,0.0,0,5,0.1623,0.059,0.1605,0.0756
125.982,1,0.818,-20.71,22.82,5,78.5,21.62,0.1354,-0.324,0.139,0.003,-0.291,1.135,-3.343,-167.25,11.63,1,11.93,1,0.803,-11.15,20.04,0.0,0,5,0.1814,0.0889,0.1944,0.0907
126.016,1,0.829,-19.72,21.9,5,76.8,21.1,0.1424,-0.3208,0.14,-0.001,-0.254,1.13,-3.344,-167.82,11.63,1,11.93,1,0.803,-11.15,20.04,0.0,0,5,0.1886,0.0851,0.1923,0.0943
126.083,1,0.841,-18.72,20.33,5,76.9,21.6,0.148,-0.3276,0.146,-0.01,-0.275,1.121,-3.345,-168.68,11.63,1,11.93,1,0.832,-5.82,31.24,0.0,0,5,0.1977,0.0887,0.1829,0.1127
126.116,1,0.845,-18.47,19.41,5,77.3,21.6,0.1552,-0.3223,0.15,-0.01,-0.218,1.115,-3.346,-169.31,11.63,1,11.93,1,0.818,-3.88,33.48,0.0,0,5,0.1961,0.0925,0.1869,0.124
126.182,1,0.826,-16.72,18.99,5,77.2,21.1,0.1629,-0.3195,0.154,0.001,-0.284,1.106,-3.348,-170.05,11.64,1,9.78,1,0.806,-2.91,33.0,0.0,0,5,0.1907,0.1074,0.2018,0.1148
126.216,1,0.844,-15.97,18.33,5,75.1,21.02,0.1655,-0.3344,0.159,0.01,-0.274,1.099,-3.35,-170.74,11.64,1,9.78,1,0.795,-1.94,33.22,0.0,0,5,0.1908,0.1247,0.2128,0.1082
126.249,1,0.837,-15.97,18.06,5,75.4,21.02,0.1695,-0.3331,0.165,0.011,-0.232,1.096,-3.35,-171.03,11.64,1,9.78,1,0.792,-2.42,31.34,0.0,0,5,0.1984,0.1292,0.2221,0.1092
126.283,1,0.822,-15.72,17.76,5,77.0,20.57,0.1711,-0.3284,0.166,0.009,-0.249,1.089,-3.352,-171.6,11.64,1,9.78,1,0.781,-2.91,30.64,0.0,0,5,0.2041,0.1257,0.2242,0.1112
126.316,1,0.809,-15.47,17.25,5,78.0,20.81,0.1729,-0.3255,0.17,0.003,-0.29,1.082,-3.352,-172.17,11.64,1,9.78,1,0.78,-3.39,28.67,0.0,0,5,0.2096,0.1214,0.2243,0.125
126.344,1,0.793,-15.47,17.18,5,78.3,20.81,0.176,-0.321,0.171,0.002,-0.257,1.079,-3.353,-172.52,11.64,1,9.78,1,0.78,-3.39,28.67,0.0,0,5,0.2094,0.1223,0.2243,0.1297
126.383,1,0.791,-15.72,16.72,5,78.5,20.57,0.1764,-0.3185,0.178,0.004,-0.299,1.072,-3.354,-173.21,11.64,1,12.89,1,0.759,-8.24,26.36,0.0,0,5,0.2165,0.1295,0.2331,0.1314
126.483,1,0.792,-14.23,15.47,5,76.6,20.81,0.1792,-0.3074,0.18,0.011,-0.269,1.053,-3.357,-174.92,11.64,1,12.89,1,0.798,-9.69,18.4,0.0,0,5,0.2208,0.1368,0.2463,0.1168
126.516,1,0.805,-14.23,15.81,5,77.3,20.56,0.1867,-0.3049,0.185,0.011,-0.373,1.046,-3.358,-175.61,11.64,1,12.89,1,0.771,-12.12,15.48,0.0,0,5,0.2259,0.1433,0.2498,0.1212
126.543,1,0.781,-14.47,14.97,5,78.0,21.11,0.1847,-0.3097,0.187,0.011,-0.34,1.042,-3.359,-176.07,11.64,1,12.89,1,0.771,-12.12,15.48,0.0,0,5,0.2269,0.1464,0.2489,0.1263
126.584,1,0.767,-13.98,14.71,5,77.6,21.11,0.1898,-0.291,0.188,0.009,-0.257,1.034,-3.36,-176.64,11.66,1,15.21,1,0.773,-13.57,10.1,0.0,0,5,0.2248,0.145,0.2483,0.1341
126.613,1,0.764,-13.98,14.66,5,78.4,21.02,0.1913,-0.2921,0.19,0.01,-0.268,1.03,-3.36,-176.93,11.66,1,15.21,1,0.771,-13.57,13.25,0.0,0,5,0.2246,0.1485,0.2518,0.1359
126.681,1,0.621,-14.23,13.68,4,79.4,20.84,0.1916,-0.2898,0.196,0.008,-0.191,1.015,-3.361,-178.19,11.66,1,15.21,1,0.771,-13.57,13.25,0.0,0,5,0.2387,0.1517,0.2572,0.1369
126.714,1,0.621,-14.23,14.07,4,79.8,20.58,0.1975,-0.2678,0.195,0.006,-0.324,1.011,-3.362,-178.53,11.66,1,15.21,1,0.755,-15.51,14.56,0.0,0,5,0.2388,0.1481,0.2536,0.1388
126.781,1,0.768,-14.23,11.94,5,78.0,21.02,0.1952,-0.2752,0.197,0.004,-0.224,0.995,-3.362,-179.74,11.66,1,14.71,1,0.757,-17.45,16.07,0.0,0,5,0.2348,0.1498,0.2515,0.1516
126.809,1,0.786,-13.48,11.68,5,78.0,20.81,0.208,-0.2311,0.199,0.004,-0.299,0.991,-3.362,179.91,11.66,1,14.71,1,0.757,-17.45,16.07,0.0,0,5,0.2364,0.1533,0.253,0.1533
126.849,1,0.678,-12.23,10.63,4,78.1,20.53,0.2096,-0.2341,0.2,0.011,-0.309,0.983,-3.363,179.22,11.66,1,14.71,1,0.76,-17.93,19.94,0.0,0,5,0.2344,0.1624,0.2602,0.144
126.881,1,0.657,-13.48,11.12,4,78.4,20.53,0.2159,-0.2249,0.202,0.009,-0.237,0.975,-3.363,178.59,11.66,1,14.71,1,0.764,-19.39,20.16,0.0,0,5,0.2418,0.1643,0.2584,0.144
126.913,1,0.677,-12.48,10.27,4,77.6,20.53,0.213,-0.2195,0.203,0.011,-0.301,0.97,-3.363,178.3,11.66,1,14.71,1,0.75,-20.36,19.74,0.0,0,5,0.2418,0.1679,0.2602,0.144
126.984,1,0.674,-12.73,8.74,4,76.7,20.79,0.2181,-0.21,0.215,0.007,-0.221,0.953,-3.363,177.1,11.66,1,12.94,1,0.751,-20.84,19.9,0.0,0,5,0.2493,0.1791,0.2641,0.1662
127.016,1,0.685,-11.48,7.02,4,75.3,20.24,0.2181,-0.1584,0.217,0.004,-0.205,0.944,-3.362,176.64,11.66,1,12.94,1,0.751,-20.84,19.9,0.0,0,5,0.2532,0.1755,0.2642,0.17
127.077,1,0.673,-11.73,6.2,4,77.3,20.53,0.2201,-0.1202,0.224,0.01,-0.191,0.931,-3.362,175.78,11.66,1,12.94,1,0.758,-17.45,18.46,0.0,0,5,0.2536,0.1962,0.2703,0.174
127.109,1,0.687,-11.98,4.96,4,77.2,20.31,0.2178,-0.0886,0.227,0.01,-0.198,0.926,-3.362,175.55,11.66,1,12.94,1,0.758,-17.45,18.46,0.0,0,5,0.2535,0.2017,0.272,0.1795
127.213,1,0.726,-11.98,14.25,5,77.4,21.6,0.2205,-0.048,0.233,0.007,-0.097,0.902,-3.361,174.81,11.65,1,9.96,1,0.638,-5.82,24.36,0.0,0,5,0.2459,0.2126,0.2681,0.2071
127.243,1,0.728,-11.23,16.95,5,77.0,21.67,0.2087,-0.1662,0.235,0.006,-0.101,0.893,-3.36,174.47,11.65,1,9.96,1,0.673,-2.91,24.82,0.0,0,5,0.2461,0.222,0.2609,0.2128
127.308,1,0.724,-7.99,18.69,5,72.6,21.67,0.1605,-0.3169,0.232,0.003,0.002,0.879,-3.359,174.35,11.65,1,9.96,1,0.715,3.39,29.18,0.0,0,5,0.2428,0.2169,0.2521,0.215
127.412,1,0.76,-3.24,16.88,5,73.2,21.6,0.1541,-0.3772,0.221,-0.003,-0.109,0.857,-3.356,173.43,11.65,1,17.96,1,0.674,-6.3,0.23,3.785,1,5,0.2464,0.1949,0.2409,0.2004
127.482,1,0.774,0.5,15.3,5,71.3,21.11,0.1749,-0.4284,0.206,0.006,-0.188,0.841,-3.355,172.8,11.65,1,17.96,1,0.635,-9.69,-10.4,-2.64,1,5,0.2237,0.1923,0.2311,0.1775
127.509,1,0.832,1.5,14.23,5,70.8,21.11,0.1877,-0.4491,0.204,0.007,-0.106,0.837,-3.354,172.69,11.65,1,17.96,1,0.635,-9.69,-10.4,-2.64,1,5,0.2219,0.1923,0.2311,0.172
127.543,1,0.85,2.75,14.64,5,70.6,21.1,0.1942,-0.4385,0.199,0.005,-0.169,0.829,-3.353,172.29,11.65,1,17.96,1,0.635,-9.69,-10.4,-2.64,1,5,0.2238,0.1761,0.233,0.1651
127.581,1,0.827,3.74,11.9,5,71.7,21.1,0.1917,-0.4539,0.201,0.0,-0.31,0.82,-3.352,171.66,11.65,1,21.51,1,0.674,-13.57,-30.87,0.0,0,5,0.2386,0.1585,0.2441,0.1639
127.614,1,0.807,3.99,11.73,5,71.6,21.02,0.1812,-0.3683,0.202,0.002,-0.245,0.816,-3.352,171.31,11.65,1,21.51,1,0.698,-11.63,-30.42,0.0,0,5,0.2401,0.1588,0.2491,0.1606
127.643,1,0.793,3.49,12.13,5,72.3,21.1,0.1857,-0.3705,0.206,-0.002,-0.352,0.808,-3.35,170.63,11.65,1,21.51,1,0.698,-11.63,-30.42,0.0,0,5,0.2582,0.1545,0.2527,0.1582
127.714,1,0.797,3.24,10.49,5,72.1,20.56,0.1846,-0.3677,0.197,-0.013,-0.318,0.793,-3.346,169.02,11.65,1,21.51,1,0.684,-11.15,-32.95,0.0,0,5,0.2627,0.1203,0.2461,0.1573
127.812,1,0.785,1.25,9.46,5,74.0,20.57,0.1897,-0.3241,0.194,-0.007,-0.273,0.781,-3.343,168.05,11.65,1,14.97,1,0.671,-6.3,-25.38,0.0,0,5,0.2581,0.1309,0.2415,0.1438
127.849,1,0.793,0.0,9.53,5,75.1,20.96,0.2039,-0.2864,0.191,-0.01,-0.225,0.77,-3.34,166.96,11.65,1,14.97,1,0.705,-5.82,-17.74,0.0,0,5,0.2516,0.1359,0.2277,0.1506
127.88,1,0.797,-0.75,8.78,5,75.0,20.56,0.2108,-0.281,0.191,-0.011,-0.3,0.767,-3.339,166.67,11.65,1,14.97,1,0.7,-6.79,-20.41,0.0,0,5,0.2489,0.1327,0.2267,0.1548
127.912,1,0.788,-1.5,8.31,5,75.1,20.96,0.2248,-0.2655,0.19,-0.013,-0.311,0.763,-3.338,166.27,11.65,1,14.97,1,0.7,-6.79,-20.41,0.0,0,5,0.2487,0.1253,0.2284,0.1584
127.981,1,0.754,-3.99,8.02,5,74.1,20.96,0.2176,-0.2394,0.195,-0.012,-0.277,0.748,-3.333,164.84,11.65,1,7.34,1,0.706,-1.94,-8.17,-2.685,1,5,0.2642,0.1257,0.2402,0.1515
128.014,1,0.778,-4.99,7.92,5,74.3,20.44,0.195,-0.1832,0.2,-0.012,-0.385,0.744,-3.332,164.44,11.65,1,7.34,1,0.704,-0.48,-3.29,-2.29,1,5,0.2699,0.1331,0.2422,0.1535
128.113,1,0.74,-8.73,7.24,5,75.4,20.56,0.1866,-0.1695,0.208,-0.009,-0.268,0.724,-3.325,162.66,11.65,1,7.34,1,0.68,-0.97,-2.94,-6.09,1,5,0.2657,0.1466,0.2528,0.1686
128.142,1,0.783,-9.48,6.79,5,75.2,20.57,0.175,-0.0948,0.206,-0.013,-0.221,0.716,-3.322,162.09,11.65,1,7.34,1,0.68,-0.97,-2.94,-6.09,1,5,0.2644,0.1424,0.2441,0.1738
128.215,1,0.766,-11.73,5.62,5,76.5,20.57,0.1277,-0.0438,0.201,-0.016,-0.181,0.701,-3.315,161.06,11.65,1,2.56,1,0.7,-1.45,-0.44,-0.314,1,5,0.2493,0.1385,0.2308,0.1847
128.247,1,0.784,-12.73,5.71,5,76.8,20.46,0.1038,0.0191,0.193,-0.011,-0.172,0.694,-3.313,160.66,11.65,1,2.56,1,0.7,-1.45,-0.44,-0.314,1,5,0.2314,0.1407,0.224,0.1777
128.312,1,0.769,-14.72,4.06,5,77.8,20.56,0.1032,0.0231,0.185,-0.011,-0.155,0.688,-3.31,160.26,11.65,1,2.56,1,0.709,-2.91,3.48,3.893,1,5,0.2202,0.1369,0.2109,0.1702
128.38,1,0.694,-16.97,1.65,4,80.0,20.77,0.09,0.0703,0.166,-0.013,-0.167,0.676,-3.304,159.45,11.65,1,-0.63,1,0.729,-5.82,3.81,3.462,1,5,0.2033,0.1201,0.1848,0.1552
128.408,1,0.716,-18.47,1.97,4,79.8,20.77,0.1041,0.1358,0.162,-0.011,-0.174,0.673,-3.303,159.28,11.65,1,-0.63,1,0.729,-5.82,3.81,3.462,1,5,0.196,0.1202,0.1812,0.1498
128.512,1,0.712,-21.46,0.54,4,81.7,20.77,0.104,0.1379,0.135,-0.011,-0.128,0.661,-3.297,158.48,11.65,1,-0.63,1,0.719,-8.24,-2.14,1.969,1,5,0.1755,0.1035,0.146,0.1164
128.609,1,0.698,-23.96,-0.16,4,84.0,21.06,0.0991,0.19,0.117,-0.012,-0.084,0.65,-3.292,157.79,11.64,1,-1.84,1,0.744,-10.66,3.79,5.713,1,5,0.1455,0.0792,0.1308,0.1124
128.679,1,0.709,-24.71,-0.68,4,84.2,20.56,0.1132,0.2273,0.116,-0.006,0.058,0.642,-3.288,157.56,11.64,1,-1.84,1,0.767,-12.12,0.79,6.748,1,5,0.1269,0.103,0.1177,0.1177
128.713,1,0.719,-24.71,-0.57,4,83.5,20.79,0.09,0.2419,0.114,-0.003,0.027,0.64,-3.287,157.68,11.64,1,-1.84,1,0.763,-12.12,1.52,6.839,1,5,0.1178,0.1086,0.1122,0.1159
128.781,1,0.785,-24.71,1.13,5,82.7,21.02,0.1042,0.2363,0.102,0.0,0.036,0.632,-3.284,157.74,11.64,1,-0.79,1,0.765,-11.63,0.95,6.267,1,5,0.0924,0.1109,0.0943,0.1109
128.808,1,0.785,-24.71,1.28,5,82.3,21.1,0.09,0.2052,0.101,-0.001,0.034,0.63,-3.283,157.79,11.64,1,-0.79,1,0.765,-11.63,0.95,6.267,1,5,0.0924,0.1072,0.0924,0.1109
128.91,1,0.702,-23.96,0.02,4,83.3,20.99,0.09,0.2009,0.1,-0.009,0.015,0.621,-3.278,158.14,11.64,1,-0.79,1,0.768,-10.66,2.31,6.684,1,5,0.0982,0.1019,0.08,0.1182
128.946,1,0.697,-23.96,0.33,4,83.5,21.03,0.09,0.2138,0.097,-0.01,0.095,0.618,-3.277,158.31,11.64,1,-0.79,1,0.767,-14.06,-4.39,4.279,1,5,0.0971,0.1063,0.0678,0.1154
129.011,1,0.833,-22.96,0.5,5,81.5,21.1,0.1111,0.209,0.092,0.001,0.112,0.613,-3.275,158.59,11.64,1,1.69,1,0.767,-13.57,-3.33,1.62,1,5,0.0808,0.112,0.0735,0.101
129.049,1,0.833,-22.46,1.37,5,80.4,21.02,0.09,0.1946,0.086,0.007,0.078,0.609,-3.274,158.77,11.64,1,1.69,1,0.773,-11.63,-0.7,5.714,1,5,0.0607,0.1048,0.0827,0.0975
129.081,1,0.832,-21.46,0.52,5,79.6,21.1,0.0969,0.1738,0.083,0.007,0.133,0.607,-3.273,159.0,11.64,1,1.69,1,0.774,-11.15,-0.69,4.413,1,5,0.0498,0.0997,0.0801,0.1032
129.109,1,0.833,-20.46,1.1,5,79.0,20.96,0.1109,0.1784,0.083,0.005,0.151,0.605,-3.273,159.17,11.64,1,1.69,1,0.774,-11.15,-0.69,4.413,1,5,0.0483,0.1038,0.0734,0.1074
129.148,1,0.832,-19.47,2.36,5,77.6,21.02,0.1252,0.156,0.082,0.003,0.184,0.602,-3.272,159.57,11.64,1,1.69,1,0.769,-8.24,2.02,2.223,1,5,0.0483,0.1038,0.0662,0.1092
129.181,1,0.85,-18.47,1.85,5,76.6,21.02,0.1319,0.1173,0.084,0.002,0.155,0.599,-3.271,159.91,11.64,1,4.06,1,0.755,-9.69,0.34,4.631,1,5,0.0555,0.111,0.0611,0.1073
129.209,1,0.854,-17.97,1.87,5,76.4,21.02,0.1333,0.1191,0.083,0.002,0.157,0.597,-3.27,160.08,11.64,1,4.06,1,0.755,-9.69,0.34,4.631,1,5,0.0574,0.1092,0.0611,0.1055
129.247,1,0.829,-17.22,3.1,5,76.2,21.02,0.1333,0.1157,0.086,-0.0,0.166,0.594,-3.269,160.43,11.64,1,4.06,1,0.763,-9.69,-3.49,-0.807,1,5,0.0628,0.1164,0.0554,0.1109
129.312,1,0.795,-15.22,4.53,5,74.8,21.46,0.1293,0.0866,0.089,-0.006,0.188,0.589,-3.266,161.06,11.64,1,4.06,1,0.761,-9.21,-6.16,0.831,1,5,0.0646,0.1163,0.0499,0.1237
129.346,1,0.827,-13.98,4.63,5,73.7,21.11,0.1423,0.0275,0.09,-0.006,0.183,0.586,-3.265,161.46,11.64,1,4.06,1,0.755,-7.76,-3.85,2.455,1,5,0.0629,0.1202,0.0481,0.1276
129.409,1,0.805,-11.73,5.72,5,73.0,21.02,0.1634,0.0031,0.093,-0.004,0.231,0.58,-3.263,162.2,11.64,1,7.76,1,0.751,-5.82,-3.32,-2.085,1,5,0.0647,0.1257,0.0517,0.1293
129.447,1,0.829,-10.73,6.35,5,74.2,21.1,0.1712,-0.0532,0.097,-0.001,0.17,0.576,-3.262,162.61,11.64,1,7.76,1,0.758,-6.79,-6.3,1.206,1,5,0.0701,0.1292,0.0627,0.1255
129.508,1,0.843,-8.73,6.52,5,73.8,21.1,0.1772,-0.08,0.111,-0.0,0.06,0.57,-3.26,162.95,11.64,1,7.76,1,0.737,-4.85,-5.26,-0.059,1,5,0.0868,0.1311,0.0905,0.1367
129.546,1,0.87,-8.49,6.59,5,73.9,20.96,0.184,-0.1133,0.123,-0.0,0.014,0.565,-3.258,163.01,11.64,1,7.76,1,0.748,-3.39,-2.85,1.225,1,5,0.1072,0.1349,0.1109,0.1404
129.608,1,0.875,-6.99,5.03,5,72.8,20.81,0.2123,-0.1308,0.143,0.002,0.004,0.556,-3.256,163.01,11.64,1,8.87,1,0.745,-2.91,-3.63,-0.0,1,5,0.1385,0.1477,0.1422,0.144
129.646,1,0.884,-6.49,5.32,5,73.6,21.02,0.2263,-0.1062,0.155,0.003,-0.0,0.55,-3.254,163.06,11.64,1,8.87,1,0.743,-5.33,-10.08,-0.7,1,5,0.1534,0.1608,0.1552,0.1515
129.708,1,0.889,-5.49,5.28,5,73.8,20.57,0.2473,-0.1284,0.175,0.004,-0.056,0.539,-3.251,162.95,11.64,1,8.87,1,0.734,-3.88,-10.99,-1.289,1,5,0.1743,0.1761,0.1816,0.1688
129.746,1,0.877,-4.49,4.41,5,73.7,20.96,0.2482,-0.1375,0.191,0.001,-0.064,0.531,-3.248,162.89,11.64,1,8.87,1,0.74,-2.91,-9.43,-2.488,1,5,0.1949,0.1839,0.2003,0.1858
129.814,1,0.866,-3.74,3.83,5,74.1,20.56,0.2336,-0.1096,0.215,0.005,-0.065,0.518,-3.245,162.72,11.64,1,7.0,1,0.729,-0.97,-11.16,-2.165,1,5,0.2222,0.2149,0.2241,0.1984
129.844,1,0.868,-3.49,3.13,5,74.5,20.57,0.2222,-0.0941,0.229,0.005,-0.076,0.508,-3.242,162.43,11.64,1,7.0,1,0.729,-0.97,-11.16,-2.165,1,5,0.2327,0.2236,0.2436,0.2145
129.911,1,0.863,-2.75,3.2,5,75.0,20.56,0.2132,-0.0679,0.235,0.003,-0.05,0.495,-3.238,162.2,11.64,1,7.0,1,0.757,1.94,-2.54,-1.921,1,5,0.2384,0.2257,0.2512,0.2257
130.007,1,0.845,-1.75,2.0,5,75.3,20.46,0.1745,-0.0615,0.225,0.0,-0.058,0.473,-3.231,161.8,11.64,1,3.58,1,0.772,4.85,1.15,-5.183,1,5,0.231,0.2107,0.2402,0.218
130.048,1,0.844,-1.25,2.02,5,75.1,20.56,0.1506,-0.0351,0.22,0.004,-0.035,0.465,-3.229,161.69,11.64,1,3.58,1,0.769,5.82,-0.32,-2.103,1,5,0.2239,0.2128,0.235,0.2072
130.107,1,0.856,-0.5,3.69,5,74.3,20.56,0.1718,-0.0445,0.209,0.004,-0.05,0.455,-3.225,161.57,11.64,1,3.58,1,0.767,6.3,-0.72,-2.617,1,5,0.2139,0.2032,0.2246,0.1961
130.144,1,0.867,-0.25,3.61,5,74.4,20.44,0.1786,-0.0996,0.201,0.001,-0.078,0.447,-3.223,161.34,11.64,1,3.58,1,0.767,6.3,-0.72,-2.617,1,5,0.2104,0.189,0.2139,0.189
130.212,1,0.867,-0.75,3.51,5,73.7,20.44,0.2068,-0.1086,0.185,0.005,-0.081,0.437,-3.22,161.06,11.62,1,2.55,1,0.773,9.21,7.12,0.153,1,5,0.1922,0.1792,0.1996,0.1682
130.247,1,0.873,-0.5,3.23,5,74.6,20.56,0.2102,-0.0999,0.179,0.006,-0.094,0.43,-3.217,160.89,11.62,1,2.55,1,0.772,10.18,6.34,2.204,1,5,0.1886,0.1738,0.196,0.159
130.308,1,0.86,0.0,2.68,5,74.5,20.0,0.2243,-0.099,0.18,0.001,-0.019,0.42,-3.214,160.71,11.62,1,2.55,1,0.758,10.18,6.19,0.368,1,5,0.1907,0.1703,0.1925,0.1666
130.379,1,0.855,-0.5,2.65,5,74.4,20.0,0.2064,-0.0815,0.191,0.002,-0.116,0.405,-3.209,160.31,11.62,1,3.17,1,0.756,8.72,3.25,-3.572,1,5,0.1961,0.185,0.1998,0.1813
130.408,1,0.839,-0.5,1.84,5,75.0,20.57,0.1829,-0.0674,0.195,-0.0,-0.064,0.401,-3.208,160.26,11.62,1,3.17,1,0.756,8.72,3.25,-3.572,1,5,0.2034,0.1867,0.2015,0.1867
130.442,1,0.83,-0.25,1.36,5,75.1,20.04,0.1709,-0.0427,0.203,-0.0,-0.007,0.393,-3.205,160.2,11.62,1,3.17,1,0.756,8.72,3.25,-3.572,1,5,0.2089,0.1923,0.2126,0.1978
130.508,1,0.859,-0.75,2.09,5,74.7,20.0,0.1502,-0.0296,0.202,0.001,-0.018,0.382,-3.201,160.03,11.62,1,3.17,1,0.765,7.76,-0.58,-3.805,1,5,0.2071,0.1997,0.2071,0.1941
130.575,1,0.831,-0.75,1.84,5,75.6,20.46,0.1608,-0.0436,0.182,-0.009,-0.014,0.369,-3.195,160.03,11.61,1,2.25,1,0.759,9.21,3.28,-3.765,1,5,0.1943,0.1665,0.1795,0.1869
130.607,1,0.817,-0.75,0.99,5,75.3,20.04,0.1409,-0.0332,0.178,-0.008,0.034,0.366,-3.194,160.03,11.61,1,2.25,1,0.759,9.21,3.28,-3.765,1,5,0.1829,0.1626,0.1774,0.1885
130.678,1,0.854,0.0,1.47,5,75.2,20.0,0.1377,-0.0143,0.161,-0.005,-0.046,0.354,-3.189,159.97,11.61,1,2.25,1,0.741,5.33,3.52,0.0,0,5,0.1683,0.159,0.1535,0.1627
130.709,1,0.843,-0.25,1.47,5,75.1,20.04,0.1515,-0.0363,0.155,-0.006,-0.005,0.351,-3.188,159.97,11.61,1,2.25,1,0.741,5.33,3.52,0.0,0,5,0.1647,0.1517,0.148,0.1573
130.746,1,0.836,0.0,1.04,5,74.6,19.97,0.1655,-0.0353,0.146,-0.004,0.059,0.346,-3.186,160.03,11.61,1,2.25,1,0.758,12.6,10.43,-1.778,1,5,0.1479,0.1405,0.1442,0.1516
130.81,1,0.835,0.5,1.53,5,74.1,20.0,0.1676,-0.0273,0.136,0.0,0.025,0.338,-3.183,160.14,11.61,1,1.55,1,0.78,13.57,9.72,-1.408,1,5,0.133,0.1386,0.133,0.1386
130.908,1,0.817,1.25,1.52,5,73.4,20.04,0.1212,-0.035,0.145,-0.0,0.032,0.325,-3.178,160.14,11.61,1,1.55,1,0.334,15.62,9.13,-5.324,1,4,0.1413,0.1468,0.1431,0.1504
130.945,1,0.817,1.5,1.47,5,73.6,20.0,0.1114,-0.0417,0.145,0.002,0.028,0.319,-3.177,160.2,11.61,1,1.55,1,0.771,13.09,11.72,-3.779,1,5,0.1352,0.1463,0.1482,0.1519
130.978,1,0.808,1.75,1.58,5,73.9,20.04,0.1187,-0.0444,0.14,0.003,0.016,0.314,-3.175,160.2,11.61,1,2.19,1,0.767,12.6,11.03,-7.203,1,5,0.1351,0.1481,0.1462,0.1481
131.044,1,0.831,1.5,2.38,5,73.2,19.45,0.1022,-0.0455,0.129,-0.004,-0.075,0.307,-3.172,160.08,11.61,1,2.19,1,0.336,16.83,10.3,-5.295,1,4,0.14,0.1253,0.1253,0.1271
131.077,1,0.823,1.5,1.8,5,73.0,19.97,0.1123,-0.0569,0.124,-0.007,-0.051,0.303,-3.17,159.91,11.61,1,2.19,1,0.721,13.09,10.77,-1.535,1,5,0.1383,0.1143,0.1198,0.1253
131.14,1,0.801,1.25,1.41,5,73.5,20.04,0.133,-0.0515,0.116,-0.002,-0.042,0.296,-3.168,159.8,11.61,1,2.19,1,0.753,12.6,10.43,-4.162,1,5,0.1201,0.1092,0.1201,0.1165
131.177,1,0.837,1.5,1.36,5,73.7,19.97,0.126,-0.039,0.112,0.003,-0.018,0.292,-3.166,159.8,11.61,1,2.83,1,0.734,9.69,6.82,-5.608,1,5,0.111,0.1092,0.122,0.1074
131.213,1,0.808,1.25,1.08,5,73.6,20.04,0.1024,-0.0376,0.112,0.006,-0.043,0.289,-3.166,159.74,11.61,1,2.83,1,0.739,9.21,5.53,-5.578,1,5,0.11,0.1137,0.1228,0.1027
131.24,1,0.808,1.25,0.72,5,73.8,20.04,0.0941,-0.0294,0.114,0.005,-0.015,0.285,-3.164,159.68,11.61,1,2.83,1,0.739,9.21,5.53,-5.578,1,5,0.1184,0.1184,0.1184,0.0999
131.278,1,0.809,1.25,1.25,5,73.6,20.04,0.09,-0.0235,0.113,0.001,-0.092,0.281,-3.162,159.57,11.61,1,2.83,1,0.337,12.02,2.0,-3.784,1,4,0.1198,0.1143,0.1143,0.1032
131.345,1,0.809,1.0,0.69,5,74.2,19.97,0.1178,-0.0345,0.106,-0.001,-0.026,0.275,-3.16,159.4,11.61,1,2.83,1,0.331,12.02,2.64,-1.188,1,4,0.1107,0.0959,0.1125,0.1033
131.373,1,0.809,1.0,0.91,5,74.0,19.97,0.1247,-0.0216,0.104,-0.0,-0.034,0.273,-3.16,159.34,11.61,1,2.83,1,0.331,12.02,2.64,-1.188,1,4,0.1092,0.0944,0.1129,0.1
131.414,1,0.822,1.0,0.87,5,74.0,20.0,0.1388,-0.0282,0.101,0.004,-0.047,0.268,-3.158,159.28,11.61,1,1.98,1,0.33,11.42,1.43,-3.795,1,4,0.1017,0.0943,0.1146,0.0943
131.439,1,0.828,1.0,0.86,5,74.5,19.97,0.1457,-0.0283,0.102,0.004,-0.012,0.266,-3.157,159.22,11.61,1,1.98,1,0.33,11.42,1.43,-3.795,1,4,0.1018,0.0981,0.1129,0.0944
131.478,1,0.821,1.0,1.09,5,74.5,19.97,0.1598,-0.0298,0.106,0.005,-0.035,0.261,-3.156,159.22,11.61,1,1.98,1,0.746,8.24,1.84,0.0,0,5,0.1092,0.1111,0.1111,0.0926
131.578,1,0.781,0.75,1.03,5,75.0,19.59,0.1471,-0.0338,0.127,0.001,-0.018,0.25,-3.151,158.94,11.6,1,1.49,1,0.328,10.82,-0.57,-1.411,1,4,0.131,0.1274,0.1292,0.122
131.646,1,0.788,1.25,0.17,5,75.6,20.04,0.1357,-0.0282,0.135,0.004,-0.03,0.242,-3.149,158.88,11.6,1,1.49,1,0.33,11.42,-1.96,-1.795,1,4,0.1346,0.131,0.1453,0.1274
131.676,1,0.807,1.25,0.29,5,75.0,20.46,0.1234,-0.0159,0.136,0.005,-0.035,0.237,-3.147,158.77,11.6,1,1.49,1,0.33,10.82,-0.56,-1.396,1,4,0.1351,0.1314,0.1499,0.1259
131.707,1,0.838,1.0,1.27,5,74.8,20.04,0.137,-0.0183,0.136,0.004,-0.03,0.235,-3.146,158.77,11.6,1,1.49,1,0.33,10.82,-0.56,-1.396,1,4,0.1388,0.1332,0.1462,0.124
131.746,1,0.819,0.75,0.55,5,74.9,20.46,0.1509,-0.0384,0.133,0.003,-0.092,0.23,-3.144,158.59,11.6,1,1.49,1,0.755,9.69,-0.35,-5.288,1,5,0.1441,0.1312,0.1404,0.1164
131.81,1,0.808,0.75,-0.16,5,75.0,20.2,0.1146,-0.0163,0.131,0.001,-0.03,0.222,-3.141,158.37,11.6,1,1.63,1,0.751,10.66,1.55,0.0,0,5,0.1406,0.1295,0.1351,0.1184
131.84,1,0.807,0.75,-0.13,5,74.8,20.2,0.1215,-0.003,0.133,0.002,-0.019,0.217,-3.139,158.37,11.6,1,1.63,1,0.751,10.66,1.55,0.0,0,5,0.1333,0.1296,0.1407,0.1296
131.911,1,0.808,0.25,-0.35,5,75.4,20.56,0.1121,-0.0042,0.131,0.001,-0.085,0.21,-3.137,158.19,11.6,1,1.63,1,0.759,10.66,0.76,-5.306,1,5,0.1279,0.126,0.139,0.1316
131.939,1,0.821,0.25,-0.63,5,75.8,20.56,0.112,0.0059,0.128,0.003,0.062,0.205,-3.135,158.19,11.6,1,1.63,1,0.759,10.66,0.76,-5.306,1,5,0.1317,0.1317,0.1317,0.1187
132.006,1,0.822,0.75,-0.27,5,76.0,20.56,0.1021,0.0096,0.123,0.003,-0.001,0.198,-3.132,158.31,11.6,1,-1.43,1,0.305,16.83,2.01,-5.617,1,4,0.1274,0.1311,0.1201,0.1129
132.039,1,0.829,0.75,-0.23,5,76.3,20.56,0.1021,-0.0031,0.116,-0.0,0.025,0.194,-3.13,158.37,11.6,1,-1.43,1,0.305,16.83,2.01,-5.617,1,4,0.1116,0.1152,0.1152,0.1207
132.077,1,0.833,0.75,0.06,5,76.5,20.46,0.1021,-0.0034,0.108,-0.003,0.032,0.19,-3.129,158.48,11.6,1,-1.43,1,0.761,15.03,11.44,-3.861,1,5,0.0999,0.1035,0.1071,0.1235
132.146,1,0.831,0.0,0.15,5,76.2,20.57,0.1298,-0.0083,0.108,-0.009,0.041,0.184,-3.126,158.37,11.6,1,-1.43,1,0.781,14.54,11.46,-3.928,1,5,0.1074,0.1055,0.0926,0.1277
132.175,1,0.809,0.25,-0.2,5,76.6,20.56,0.1372,-0.001,0.109,-0.01,0.045,0.182,-3.125,158.42,11.6,1,-1.49,1,0.788,15.03,10.44,-4.85,1,5,0.114,0.1085,0.0901,0.125
132.246,1,0.797,0.25,0.53,5,77.6,20.56,0.1404,0.0028,0.107,-0.006,0.031,0.174,-3.121,158.59,11.6,1,-1.49,1,0.746,14.06,12.9,-2.546,1,5,0.112,0.1065,0.0954,0.1156
132.276,1,0.803,0.25,0.44,5,77.9,20.56,0.1273,-0.0126,0.11,-0.006,0.035,0.17,-3.119,158.71,11.6,1,-1.49,1,0.777,15.51,12.29,-2.721,1,5,0.1072,0.109,0.0998,0.1238
132.31,1,0.802,0.5,0.13,5,77.8,20.57,0.133,-0.0112,0.114,-0.006,0.042,0.168,-3.118,158.77,11.6,1,-1.49,1,0.782,15.99,13.83,0.596,1,5,0.109,0.1127,0.1035,0.1293
132.339,1,0.798,0.75,0.51,5,77.4,20.56,0.1398,-0.008,0.118,-0.007,0.001,0.164,-3.116,158.82,11.6,1,-1.49,1,0.782,15.99,13.83,0.596,1,5,0.1164,0.1146,0.1072,0.133
132.439,1,0.806,0.25,0.5,5,76.5,20.56,0.1184,-0.017,0.128,-0.008,-0.015,0.152,-3.111,158.77,11.6,1,-0.84,1,0.782,16.48,13.49,1.524,1,5,0.1388,0.1296,0.1092,0.1333
132.476,1,0.811,0.25,0.47,5,76.3,20.56,0.1327,-0.0117,0.125,-0.01,0.063,0.147,-3.109,158.88,11.6,1,-0.84,1,0.329,18.63,15.05,1.934,1,4,0.1369,0.1221,0.1092,0.1332
132.539,1,0.809,0.5,0.67,5,76.1,20.96,0.152,-0.0128,0.123,-0.008,0.067,0.141,-3.105,159.11,11.6,1,-0.84,1,0.333,19.83,13.04,4.043,1,4,0.1222,0.1148,0.1148,0.1407
132.575,1,0.816,0.5,1.05,5,76.4,20.96,0.1471,-0.0201,0.125,-0.007,0.013,0.138,-3.104,159.17,11.6,1,1.04,1,0.333,19.83,13.04,4.043,1,4,0.1222,0.1185,0.1185,0.1425
132.61,1,0.844,0.5,1.68,5,76.8,20.56,0.1608,-0.0306,0.132,-0.009,-0.009,0.133,-3.102,159.17,11.6,1,1.04,1,0.755,14.54,17.68,0.0,0,5,0.1351,0.1258,0.1203,0.1462
132.643,1,0.852,0.5,1.73,5,76.5,20.57,0.1676,-0.0474,0.14,-0.008,-0.031,0.128,-3.1,159.05,11.6,1,1.04,1,0.329,16.23,14.14,3.801,1,4,0.1478,0.133,0.1312,0.1478
132.71,1,0.81,0.25,0.5,5,76.3,20.56,0.1376,-0.0419,0.145,-0.005,-0.018,0.12,-3.096,158.88,11.6,1,1.04,1,0.772,10.66,5.58,-1.657,1,5,0.1547,0.1344,0.1473,0.1454
132.777,1,0.806,-0.25,0.23,5,76.3,20.56,0.1474,-0.0133,0.154,-0.004,-0.021,0.108,-3.092,158.71,11.6,1,2.77,1,0.343,6.61,-4.97,-7.776,1,4,0.1702,0.1443,0.1573,0.1462
132.81,1,0.804,-0.25,0.51,5,76.6,20.56,0.1234,-0.0006,0.157,-0.003,-0.061,0.105,-3.09,158.71,11.6,1,2.77,1,0.349,6.01,-2.46,-6.293,1,4,0.1721,0.1499,0.1573,0.148
132.876,1,0.827,-0.25,0.8,5,76.3,20.56,0.1266,-0.0072,0.159,-0.001,0.04,0.093,-3.086,158.59,11.6,1,2.77,1,0.75,0.97,-0.59,0.0,0,5,0.1592,0.1555,0.1592,0.1611
132.906,1,0.832,0.0,0.27,5,75.6,20.57,0.1399,-0.0148,0.156,-0.003,0.015,0.091,-3.084,158.65,11.6,1,2.77,1,0.75,0.97,-0.59,0.0,0,5,0.1574,0.1481,0.1574,0.1592
132.939,1,0.826,0.0,0.11,5,75.5,20.57,0.1469,-0.0065,0.152,-0.005,-0.042,0.085,-3.082,158.59,11.6,1,2.77,1,0.75,0.97,-0.59,0.0,0,5,0.1556,0.1445,0.15,0.1593
132.977,1,0.84,-0.25,0.41,5,75.2,20.56,0.1611,-0.0031,0.15,-0.006,-0.006,0.08,-3.08,158.54,11.6,1,2.39,1,0.841,4.36,-2.62,-6.79,1,5,0.1556,0.1408,0.1482,0.1556
133.039,1,0.826,0.25,-0.96,5,73.6,20.56,0.1445,-0.0066,0.147,-0.001,-0.005,0.071,-3.076,158.54,11.6,1,2.39,1,0.846,4.36,-2.91,0.0,0,5,0.1481,0.1425,0.1499,0.1481
133.175,1,0.798,0.75,0.38,5,71.0,20.46,0.1385,0.0183,0.151,0.002,0.025,0.054,-3.07,158.54,11.6,1,2.39,1,0.766,10.66,-0.33,0.0,0,5,0.1536,0.1554,0.1499,0.1443
133.239,1,0.777,0.5,0.41,5,71.3,18.98,0.1408,-0.0164,0.146,-0.002,0.027,0.044,-3.066,158.48,11.58,1,-0.47,1,0.794,11.63,6.52,-3.503,1,5,0.1443,0.1406,0.148,0.1517
133.275,1,0.786,0.75,1.03,5,71.1,19.59,0.155,-0.0144,0.144,-0.002,0.037,0.041,-3.065,158.54,11.58,1,-0.47,1,0.748,15.03,7.12,1.811,1,5,0.1406,0.1369,0.1462,0.1517
133.338,1,0.784,1.0,1.85,5,71.5,19.59,0.1758,-0.0345,0.141,0.001,-0.056,0.031,-3.061,158.54,11.58,1,-0.47,1,0.818,15.51,9.77,0.068,1,5,0.1424,0.1405,0.1424,0.1368
133.377,1,0.793,0.25,2.75,5,71.9,19.45,0.1899,-0.062,0.144,0.003,-0.068,0.025,-3.059,158.42,11.58,1,0.48,1,0.36,17.43,9.07,0.07,1,4,0.1442,0.1442,0.1498,0.1368
133.444,1,0.773,-0.25,2.52,5,72.8,19.59,0.1961,-0.0804,0.159,0.005,-0.026,0.016,-3.055,158.25,11.58,1,0.48,1,0.356,14.42,4.02,-6.531,1,4,0.1629,0.1518,0.1759,0.1462
133.476,1,0.763,-0.25,2.47,5,72.1,19.85,0.1838,-0.0642,0.172,0.005,-0.039,0.009,-3.053,158.14,11.58,1,0.48,1,0.362,13.22,6.18,0.0,0,4,0.1778,0.1649,0.1889,0.1556
133.544,1,0.799,0.75,1.14,5,72.7,20.04,0.1733,-0.0611,0.184,0.004,-0.154,-0.002,-3.049,157.85,11.58,1,0.48,1,0.762,7.76,4.87,-7.019,1,5,0.1941,0.1812,0.1941,0.1646
133.576,1,0.777,0.75,-0.2,5,72.4,20.46,0.1492,-0.0357,0.187,0.001,-0.059,-0.009,-3.046,157.62,11.57,1,2.02,1,0.371,12.62,2.77,-3.771,1,4,0.1976,0.181,0.1958,0.1736
133.677,1,0.744,0.0,-1.35,5,71.6,20.04,0.1194,-0.0039,0.175,0.006,-0.157,-0.025,-3.04,157.11,11.57,1,2.02,1,0.824,10.66,2.42,-3.937,1,5,0.1851,0.1703,0.1907,0.1536
133.74,1,0.806,-0.75,-0.6,5,71.8,20.04,0.113,0.0256,0.163,0.006,-0.048,-0.034,-3.036,156.93,11.57,1,2.02,1,0.807,9.69,-0.43,-5.273,1,5,0.17,0.1552,0.1829,0.1441
133.775,1,0.803,-1.25,-0.97,5,72.2,20.0,0.113,0.0204,0.157,0.002,-0.053,-0.04,-3.034,156.76,11.57,1,-2.31,1,0.794,11.63,7.42,0.243,1,5,0.1662,0.1422,0.1754,0.1422
133.874,1,0.823,-2.75,-0.41,5,73.5,19.59,0.1093,0.0299,0.141,-0.007,-0.032,-0.052,-3.027,156.47,11.57,1,-2.31,1,0.789,10.66,2.63,-5.194,1,5,0.1562,0.1305,0.1452,0.1415
133.943,1,0.819,-3.74,-0.18,5,74.1,20.2,0.1227,0.0369,0.133,-0.006,-0.034,-0.059,-3.024,156.36,11.57,1,-2.31,1,0.813,12.6,10.59,-0.023,1,5,0.1422,0.1182,0.1367,0.1348
133.977,1,0.821,-4.49,0.13,5,73.9,20.0,0.1367,0.043,0.128,-0.003,-0.014,-0.064,-3.022,156.3,11.57,1,-2.92,1,0.815,12.12,10.34,-1.676,1,5,0.1386,0.1164,0.1349,0.1293
134.074,1,0.832,-5.24,0.89,5,73.9,20.2,0.1717,0.0398,0.121,0.004,0.106,-0.075,-3.017,156.42,11.57,1,-2.92,1,0.816,13.09,9.39,1.436,1,5,0.1183,0.1367,0.109,0.1164
134.144,1,0.845,-3.49,0.34,5,74.2,20.57,0.1542,0.0293,0.135,0.002,0.036,-0.083,-3.014,156.65,11.57,1,-2.92,1,0.822,12.6,12.86,-1.533,1,5,0.122,0.1479,0.1276,0.1442
134.17,1,0.85,-3.24,-0.14,5,74.2,20.56,0.1681,0.0186,0.14,-0.001,0.078,-0.086,-3.013,156.76,11.57,1,-2.92,1,0.822,12.6,12.86,-1.533,1,5,0.1295,0.1462,0.1314,0.1517
134.275,1,0.844,-2.5,-0.1,5,72.5,20.44,0.1646,0.031,0.145,0.003,0.042,-0.102,-3.006,156.99,11.59,1,-1.4,1,0.834,14.54,13.8,-1.262,1,5,0.133,0.1607,0.1348,0.1496
134.338,1,0.825,-2.25,0.05,5,71.7,20.2,0.1766,0.0226,0.148,0.002,0.043,-0.11,-3.003,157.16,11.59,1,-1.4,1,0.84,14.54,12.7,-3.265,1,5,0.1367,0.1514,0.1477,0.1551
134.443,1,0.838,-1.75,0.23,5,73.3,20.44,0.1893,0.0176,0.157,0.003,0.009,-0.125,-2.997,157.39,11.59,1,-0.05,1,0.836,12.12,4.98,-3.671,1,5,0.1509,0.173,0.1472,0.1582
134.474,1,0.843,-1.0,-0.26,5,73.2,20.44,0.1652,0.0073,0.16,0.002,0.008,-0.128,-2.996,157.39,11.59,1,-0.05,1,0.843,12.12,6.47,-2.524,1,5,0.1509,0.173,0.1472,0.1582
134.576,1,0.852,-0.75,0.19,5,74.6,20.46,0.1651,0.0135,0.176,-0.003,0.029,-0.148,-2.987,157.74,11.6,1,0.71,1,0.838,13.09,7.27,-1.443,1,5,0.1718,0.1829,0.1718,0.1848
134.608,1,0.851,-0.75,0.58,5,75.0,20.46,0.1788,-0.0004,0.176,-0.003,0.029,-0.148,-2.987,157.74,11.6,1,0.71,1,0.838,13.09,7.66,-2.486,1,5,0.1737,0.1811,0.1663,0.1848
134.674,1,0.835,-0.75,0.78,5,75.4,20.44,0.1999,-0.0111,0.174,-0.003,0.097,-0.161,-2.982,157.96,11.6,1,0.71,1,0.826,12.6,9.13,-1.236,1,5,0.1698,0.1846,0.155,0.179
134.743,1,0.871,-0.25,0.6,5,75.9,20.46,0.2208,-0.0184,0.183,-0.002,-0.028,-0.171,-2.977,157.96,11.6,1,0.71,1,0.838,11.15,2.83,-0.989,1,5,0.1773,0.1847,0.1773,0.1939
134.776,1,0.864,-0.25,0.71,5,75.8,20.2,0.235,-0.0195,0.191,-0.003,-0.042,-0.178,-2.974,157.96,11.6,1,0.71,1,0.836,11.15,1.74,-3.268,1,5,0.1829,0.1885,0.1811,0.1996
134.875,1,0.853,0.0,0.58,5,74.7,19.97,0.1771,-0.0174,0.217,0.003,-0.043,-0.199,-2.966,157.96,11.6,1,2.24,1,0.85,11.15,2.31,-4.869,1,5,0.2167,0.2167,0.2223,0.2112
134.976,1,0.856,-0.25,0.92,5,76.1,20.44,0.1528,-0.0142,0.214,-0.01,0.021,-0.218,-2.957,158.02,11.6,1,1.86,1,0.842,11.15,2.38,-4.868,1,5,0.2256,0.2015,0.2071,0.2219
135.041,1,0.846,-1.25,0.73,5,75.9,20.04,0.117,-0.0147,0.207,-0.011,-0.047,-0.229,-2.952,157.74,11.6,1,1.86,1,0.854,9.69,2.02,-3.757,1,5,0.2143,0.1922,0.2014,0.2217
135.072,1,0.861,-1.25,0.63,5,75.8,20.46,0.1312,-0.0009,0.201,-0.011,0.033,-0.233,-2.951,157.74,11.6,1,1.86,1,0.858,9.21,1.4,-3.771,1,5,0.2088,0.1885,0.1922,0.2143
135.142,1,0.85,-2.0,0.65,5,75.0,19.97,0.152,-0.0021,0.182,-0.008,-0.024,-0.246,-2.945,157.74,11.6,1,1.86,1,0.863,9.21,1.43,-3.771,1,5,0.1978,0.1664,0.1812,0.1812
135.171,1,0.796,-2.75,0.35,5,74.4,20.46,0.1606,0.005,0.179,-0.006,-0.148,-0.249,-2.943,157.62,11.6,1,1.86,1,0.863,9.21,1.43,-3.771,1,5,0.1941,0.1664,0.1793,0.1775
135.242,1,0.841,-3.74,0.11,5,75.1,20.04,0.1364,0.0205,0.159,-0.005,0.053,-0.26,-2.938,157.51,11.59,1,-0.14,1,0.857,7.27,0.09,-1.532,1,5,0.1699,0.1514,0.157,0.157
135.275,1,0.848,-3.74,0.08,5,74.9,20.46,0.1505,0.0359,0.153,-0.005,0.05,-0.266,-2.935,157.56,11.59,1,-0.14,1,0.847,7.76,-0.35,-0.436,1,5,0.1606,0.1476,0.1476,0.155
135.373,1,0.853,-3.74,0.41,5,74.1,20.2,0.1855,0.033,0.149,-0.006,0.006,-0.277,-2.93,157.45,11.59,1,-0.14,1,0.857,9.69,5.6,-1.338,1,5,0.1461,0.1461,0.1405,0.1646
135.442,1,0.843,-3.24,0.54,5,74.1,20.04,0.1681,0.024,0.151,-0.001,0.044,-0.288,-2.926,157.74,11.59,1,-1.5,1,0.857,11.15,7.79,-0.799,1,5,0.146,0.1552,0.1441,0.1589
135.473,1,0.847,-2.75,0.35,5,73.9,20.04,0.1822,0.0138,0.152,0.001,0.07,-0.291,-2.925,157.79,11.59,1,-1.5,1,0.855,11.15,7.74,-2.388,1,5,0.1479,0.1572,0.1479,0.1535
135.54,1,0.83,-2.75,0.35,5,73.6,20.04,0.1965,0.0132,0.163,0.005,0.032,-0.303,-2.92,157.68,11.59,1,-1.5,1,0.858,11.15,7.72,-2.369,1,5,0.1573,0.1721,0.1628,0.1591
135.574,1,0.825,-2.25,0.27,5,73.5,20.04,0.2,0.0135,0.166,0.003,0.04,-0.306,-2.919,157.74,11.59,1,-1.5,1,0.854,12.12,6.13,-1.49,1,5,0.1628,0.1739,0.1628,0.1628
135.609,1,0.82,-2.0,0.44,5,73.4,20.2,0.1933,0.0106,0.172,0.003,0.045,-0.313,-2.916,157.85,11.58,1,-1.17,1,0.86,12.12,9.66,-2.375,1,5,0.1665,0.1795,0.1702,0.1702
135.674,1,0.818,-1.25,0.32,5,74.0,20.46,0.1705,0.0051,0.18,0.004,-0.047,-0.327,-2.911,157.85,11.58,1,-1.17,1,0.867,13.09,8.76,-1.904,1,5,0.1718,0.1848,0.1792,0.1774
135.742,1,0.828,-1.25,0.25,5,74.2,20.2,0.1666,0.0005,0.183,0.002,0.113,-0.337,-2.907,157.91,11.58,1,-1.17,1,0.867,13.09,7.72,-2.515,1,5,0.1777,0.187,0.1833,0.1851
135.773,1,0.849,-1.25,0.63,5,74.6,20.44,0.1642,0.0034,0.181,0.002,0.032,-0.34,-2.906,157.96,11.58,1,-1.17,1,0.867,13.09,7.72,-2.515,1,5,0.1758,0.185,0.1813,0.1813
135.802,1,0.865,-1.25,0.64,5,74.2,20.44,0.1709,-0.0064,0.177,-0.0,-0.006,-0.347,-2.903,157.96,11.58,1,-0.17,1,0.868,13.09,9.78,-2.876,1,5,0.1738,0.1775,0.1757,0.1793
135.876,1,0.855,-0.75,0.46,5,75.1,20.46,0.1992,-0.0079,0.173,-0.003,0.097,-0.359,-2.898,157.96,11.58,1,-0.17,1,0.869,13.09,9.14,-2.895,1,5,0.1741,0.1741,0.1667,0.1778
135.977,1,0.835,0.25,0.45,5,74.1,20.46,0.1776,-0.0064,0.178,0.006,-0.006,-0.376,-2.891,158.14,11.58,1,0.49,1,0.862,15.03,9.72,-1.471,1,5,0.1715,0.1881,0.1789,0.1734
136.007,1,0.853,0.25,1.11,5,73.7,20.46,0.1699,-0.0171,0.18,0.005,-0.045,-0.38,-2.89,158.14,11.58,1,0.49,1,0.866,15.03,10.1,-2.423,1,5,0.1713,0.1879,0.1824,0.1787
136.042,1,0.873,0.5,0.4,5,73.7,20.2,0.1774,-0.0343,0.184,0.005,0.057,-0.386,-2.887,158.14,11.58,1,0.49,1,0.862,15.03,8.71,-3.535,1,5,0.1732,0.1897,0.1879,0.1861
136.077,1,0.841,0.75,0.58,5,73.4,20.46,0.1681,-0.0172,0.186,0.002,-0.041,-0.393,-2.885,158.14,11.58,1,0.49,1,0.867,15.03,10.14,-2.427,1,5,0.1776,0.1887,0.1869,0.1906
136.106,1,0.857,0.25,1.11,5,73.0,20.44,0.1677,-0.0239,0.187,0.002,-0.067,-0.397,-2.883,158.02,11.58,1,0.49,1,0.868,14.54,10.21,-2.494,1,5,0.1814,0.1907,0.187,0.1888
136.173,1,0.857,0.25,0.73,5,73.8,20.46,0.1681,-0.0306,0.182,0.003,-0.049,-0.407,-2.88,157.91,11.58,1,0.49,1,0.868,15.03,8.78,-3.535,1,5,0.1784,0.1802,0.1894,0.1784
136.208,1,0.855,0.25,0.17,5,73.1,20.46,0.1681,-0.0209,0.175,0.003,0.068,-0.414,-2.877,157.96,11.58,1,1.79,1,0.851,11.15,4.04,-3.709,1,5,0.1726,0.1708,0.1855,0.1708
136.274,1,0.861,0.5,0.15,5,73.3,19.97,0.1384,-0.006,0.172,0.001,-0.084,-0.423,-2.873,157.85,11.58,1,1.79,1,0.881,11.63,3.49,-2.648,1,5,0.1755,0.1682,0.1792,0.1663
136.468,1,0.878,-0.25,-0.04,5,74.5,20.46,0.1047,-0.0072,0.142,0.001,-0.097,-0.451,-2.862,157.45,11.58,1,0.75,1,0.883,11.15,1.56,-5.449,1,5,0.1442,0.1368,0.1498,0.1368
136.506,1,0.882,-0.25,-0.17,5,75.0,20.2,0.0954,0.005,0.132,0.0,-0.041,-0.456,-2.86,157.39,11.58,1,0.75,1,0.891,10.18,-1.15,-6.723,1,5,0.133,0.1293,0.1349,0.1312
136.569,1,0.885,-0.75,-0.57,5,75.6,20.46,0.104,0.0063,0.12,-0.001,-0.014,-0.462,-2.857,157.22,11.58,1,0.75,1,0.896,9.69,0.02,-4.865,1,5,0.1297,0.1111,0.126,0.113
136.608,1,0.886,-0.75,-0.58,5,75.6,20.46,0.0975,0.0188,0.114,-0.001,-0.042,-0.466,-2.855,157.16,11.6,1,-1.56,1,0.87,12.12,2.41,-6.084,1,5,0.1297,0.1037,0.1223,0.1
136.641,1,0.885,-1.0,-0.17,5,75.7,19.97,0.09,0.0184,0.106,0.003,-0.021,-0.47,-2.854,157.11,11.6,1,-1.56,1,0.893,11.63,4.92,-3.013,1,5,0.1185,0.1055,0.1129,0.0889
136.668,1,0.878,-1.25,-0.08,5,75.6,20.44,0.104,0.0137,0.101,0.005,-0.084,-0.472,-2.853,157.05,11.6,1,-1.56,1,0.893,11.63,4.92,-3.013,1,5,0.1088,0.1051,0.107,0.0848
136.705,1,0.878,-1.75,-0.32,5,75.7,20.2,0.1109,0.0149,0.091,0.005,0.001,-0.475,-2.852,156.99,11.6,1,-1.56,1,0.893,11.63,4.92,-3.013,1,5,0.0885,0.0959,0.0959,0.0848
136.772,1,0.875,-1.5,-1.03,5,75.5,20.0,0.1391,0.0248,0.083,0.003,0.023,-0.48,-2.85,156.99,11.6,1,-1.56,1,0.895,15.03,11.55,-2.705,1,5,0.074,0.0833,0.0888,0.087
136.806,1,0.874,-1.5,-0.37,5,75.1,19.97,0.1529,0.0385,0.088,0.002,0.06,-0.483,-2.849,157.05,11.6,1,-3.5,1,0.89,15.03,11.85,-3.423,1,5,0.0832,0.0906,0.0887,0.0887
136.869,1,0.852,-1.25,-0.38,5,74.8,20.46,0.174,0.0236,0.102,0.0,0.053,-0.489,-2.846,157.22,11.6,1,-3.5,1,0.894,15.51,11.78,-3.348,1,5,0.0961,0.1072,0.0961,0.1072
136.906,1,0.863,-1.0,-0.25,5,74.4,19.97,0.174,0.0208,0.114,0.0,0.029,-0.494,-2.844,157.28,11.6,1,-3.5,1,0.887,15.99,12.71,-2.668,1,5,0.105,0.1197,0.1087,0.1216
136.974,1,0.869,-0.75,-0.49,5,74.1,20.0,0.1575,0.0142,0.137,0.003,-0.021,-0.502,-2.841,157.22,11.6,1,-3.5,1,0.88,15.99,12.7,-2.681,1,5,0.1309,0.1475,0.1327,0.1364
137.068,1,0.851,-0.5,-0.33,5,73.7,20.2,0.1431,0.017,0.158,0.001,0.055,-0.517,-2.835,157.39,11.6,1,-2.24,1,0.884,16.48,11.59,-4.322,1,5,0.1569,0.1587,0.1587,0.1569
137.17,1,0.864,-0.75,-0.76,5,74.3,20.04,0.1496,0.0115,0.153,-0.001,0.032,-0.53,-2.83,157.28,11.6,1,-2.24,1,0.892,15.99,13.38,-4.117,1,5,0.1512,0.1602,0.144,0.1566
137.208,1,0.857,-1.0,-0.52,5,74.4,20.0,0.1496,0.0248,0.152,-0.002,0.077,-0.535,-2.827,157.33,11.62,1,-1.63,1,0.897,15.99,12.66,-4.043,1,5,0.1533,0.1551,0.144,0.1551
137.235,1,0.855,-1.0,0.14,5,74.7,20.04,0.152,0.0223,0.147,-0.003,0.002,-0.541,-2.825,157.51,11.62,1,-1.63,1,0.897,15.99,12.66,-4.043,1,5,0.1472,0.1435,0.1454,0.1527
137.269,1,0.859,-0.75,-0.19,5,75.3,20.46,0.152,0.0065,0.145,-0.003,0.044,-0.543,-2.824,157.51,11.62,1,-1.63,1,0.897,15.99,12.66,-4.043,1,5,0.1454,0.1398,0.1435,0.1509
137.306,1,0.858,-0.5,-0.12,5,75.6,19.97,0.152,0.0109,0.142,-0.001,-0.032,-0.549,-2.822,157.56,11.62,1,-1.63,1,0.899,16.96,13.53,-4.507,1,5,0.1381,0.1418,0.1399,0.1491
137.334,1,0.849,-0.75,-0.19,5,75.0,20.46,0.1399,0.006,0.142,-0.003,-0.076,-0.554,-2.819,157.39,11.62,1,-1.63,1,0.899,16.96,13.53,-4.507,1,5,0.1362,0.1436,0.1381,0.151
137.369,1,0.847,-1.25,-0.31,5,75.1,20.46,0.1373,0.0108,0.143,-0.001,0.005,-0.556,-2.818,157.39,11.62,1,-1.63,1,0.899,16.96,13.53,-4.507,1,5,0.1406,0.1443,0.1388,0.148
137.404,1,0.862,-1.25,-0.31,5,75.3,20.46,0.1373,0.0194,0.143,-0.0,0.057,-0.562,-2.816,157.51,11.62,1,-0.91,1,0.899,16.96,13.53,-4.507,1,5,0.1407,0.1444,0.1407,0.1462
137.469,1,0.854,-1.25,-0.04,5,74.8,20.44,0.1405,0.0188,0.14,0.0,-0.014,-0.569,-2.813,157.51,11.62,1,-0.91,1,0.92,15.51,10.49,-4.407,1,5,0.1404,0.1423,0.1386,0.1386
137.505,1,0.858,-0.75,-0.5,5,74.4,20.0,0.1405,0.0128,0.138,-0.0,-0.045,-0.575,-2.811,157.51,11.62,1,-0.91,1,0.922,15.99,9.99,-3.482,1,5,0.1373,0.1373,0.1373,0.1391
137.568,1,0.845,-0.75,-0.17,5,73.3,20.44,0.1609,0.0181,0.137,-0.0,0.047,-0.582,-2.808,157.56,11.62,1,-0.91,1,0.921,15.99,9.98,-3.482,1,5,0.13,0.141,0.1337,0.1447
137.606,1,0.85,-0.5,-0.06,5,73.4,19.97,0.1697,0.0106,0.137,0.0,0.084,-0.587,-2.805,157.68,11.63,1,-0.53,1,0.888,13.09,6.47,-3.629,1,5,0.1311,0.144,0.1311,0.1422
137.669,1,0.828,0.25,0.22,5,73.5,20.0,0.1409,0.0049,0.143,0.002,0.029,-0.596,-2.802,157.79,11.63,1,-0.53,1,0.898,13.57,3.97,-6.705,1,5,0.1385,0.1514,0.1385,0.1422
137.706,1,0.826,0.25,0.49,5,73.4,20.46,0.1171,-0.009,0.149,0.003,0.003,-0.601,-2.8,157.85,11.63,1,-0.53,1,0.89,14.06,3.77,-6.442,1,5,0.1424,0.1572,0.1461,0.1498
137.768,1,0.821,0.25,0.16,5,73.8,20.0,0.119,-0.0129,0.147,0.001,0.032,-0.609,-2.797,157.79,11.63,1,-0.53,1,0.89,14.06,3.76,-4.991,1,5,0.1388,0.1499,0.1462,0.1536
137.806,1,0.826,0.25,0.55,5,73.8,20.44,0.122,-0.0061,0.144,0.0,0.061,-0.615,-2.795,157.91,11.63,1,-0.53,1,0.886,13.57,4.95,-4.68,1,5,0.1351,0.1444,0.1444,0.1518
137.868,1,0.847,-0.25,-0.1,5,73.9,20.46,0.1318,-0.0142,0.143,-0.002,-0.1,-0.623,-2.791,157.74,11.63,1,-0.53,1,0.885,13.57,4.94,-4.679,1,5,0.1406,0.1425,0.1406,0.1499
137.969,1,0.826,-0.75,0.48,5,74.1,20.46,0.1095,0.0045,0.128,0.002,-0.036,-0.635,-2.787,157.62,11.63,1,-0.53,1,0.865,12.6,3.5,-5.384,1,5,0.1327,0.129,0.1309,0.1198
138.006,1,0.827,-0.5,0.28,5,74.0,20.44,0.1167,-0.0004,0.126,0.002,0.09,-0.639,-2.785,157.74,11.63,1,-2.26,1,0.856,12.6,2.4,-4.354,1,5,0.1273,0.1255,0.131,0.1218
138.068,1,0.841,-0.75,0.41,5,73.8,20.46,0.0999,-0.0001,0.125,0.0,-0.067,-0.646,-2.782,157.74,11.63,1,-2.26,1,0.848,13.09,2.09,-6.374,1,5,0.1204,0.1204,0.1297,0.1297
138.104,1,0.836,-0.75,-0.26,5,73.1,20.46,0.09,0.0008,0.123,-0.002,0.01,-0.651,-2.78,157.68,11.63,1,-2.26,1,0.84,12.6,1.13,-5.593,1,5,0.1166,0.1166,0.124,0.1333
138.268,1,0.82,-0.5,-0.09,5,74.2,20.56,0.1078,0.0113,0.105,0.0,0.111,-0.667,-2.773,157.91,11.63,1,-3.75,1,0.774,15.03,11.81,5.474,1,5,0.1055,0.1073,0.1018,0.1036
138.306,1,0.835,-0.25,-0.22,5,74.5,20.2,0.1138,0.0055,0.106,0.004,0.001,-0.671,-2.771,157.91,11.63,1,-3.75,1,0.741,15.99,14.47,0.0,0,5,0.0998,0.1128,0.1072,0.1054
138.369,1,0.839,-0.25,0.4,5,74.7,20.44,0.135,0.006,0.107,0.001,0.006,-0.677,-2.769,157.96,11.63,1,-3.75,1,0.736,15.99,16.13,0.0,0,5,0.1,0.1111,0.1055,0.1129
138.467,1,0.832,-0.25,-0.03,5,74.6,20.46,0.1478,-0.0073,0.108,0.0,-0.0,-0.687,-2.765,157.96,11.63,1,-1.46,1,0.741,15.99,21.93,0.0,0,5,0.1051,0.1143,0.1032,0.1106
138.508,1,0.834,0.25,-0.28,5,74.7,20.44,0.1402,0.0028,0.119,0.003,0.089,-0.692,-2.763,158.14,11.63,1,-1.46,1,0.728,13.09,23.19,0.0,0,5,0.1235,0.1235,0.1198,0.1088
138.541,1,0.829,-0.25,0.52,5,74.2,20.46,0.1402,0.0019,0.129,0.005,-0.004,-0.697,-2.761,157.96,11.63,1,-1.46,1,0.728,13.09,20.67,0.0,0,5,0.1342,0.1361,0.1324,0.114
138.567,1,0.814,-0.25,0.13,5,74.4,20.46,0.1542,-0.0099,0.131,0.005,-0.03,-0.699,-2.76,157.96,11.63,1,-1.46,1,0.728,13.09,20.67,0.0,0,5,0.1342,0.1361,0.1342,0.1177
138.604,1,0.816,-0.25,-0.08,5,74.7,20.46,0.1553,-0.0006,0.13,0.004,0.017,-0.703,-2.759,157.96,11.64,1,2.77,1,0.728,13.09,20.67,0.0,0,5,0.129,0.1343,0.1326,0.1236
138.669,1,0.824,-0.25,-0.25,5,74.9,20.44,0.1311,0.004,0.13,0.002,-0.022,-0.71,-2.756,157.91,11.64,1,2.77,1,0.699,9.69,24.7,0.0,0,5,0.126,0.135,0.1296,0.1314
138.704,1,0.852,-0.25,-0.6,5,75.8,20.0,0.1311,0.0075,0.136,0.002,0.088,-0.716,-2.754,158.02,11.64,1,2.77,1,0.699,9.69,24.7,0.0,0,5,0.1293,0.1386,0.1367,0.1386
138.768,1,0.816,-0.75,-0.39,5,75.9,20.2,0.09,0.0127,0.141,0.0,-0.047,-0.724,-2.751,157.96,11.64,1,2.77,1,0.654,4.36,45.72,0.0,0,5,0.135,0.1424,0.1405,0.1461
138.807,1,0.874,-0.75,-0.7,5,75.8,20.0,0.09,0.015,0.14,-0.003,-0.036,-0.729,-2.748,157.96,11.64,1,6.26,1,0.655,0.48,54.95,0.0,0,5,0.1386,0.1367,0.1367,0.146
138.837,1,0.873,-1.25,-0.71,5,75.6,20.46,0.09,0.0201,0.134,-0.006,0.013,-0.733,-2.746,157.96,11.64,1,6.26,1,0.655,0.48,54.95,0.0,0,5,0.1404,0.1275,0.1293,0.1404
138.867,1,0.863,-1.25,-0.61,5,75.4,20.0,0.09,0.0257,0.131,-0.006,-0.042,-0.736,-2.745,157.91,11.64,1,6.26,1,0.672,0.0,60.35,0.0,0,5,0.1385,0.1237,0.1274,0.1348
138.905,1,0.881,-1.5,-1.05,5,75.6,19.97,0.09,0.0233,0.123,-0.006,0.052,-0.74,-2.743,157.91,11.64,1,6.26,1,0.643,-6.79,64.87,0.0,0,5,0.1321,0.1137,0.1211,0.1247
138.936,1,0.888,-1.75,-0.72,5,75.1,20.46,0.09,0.0337,0.118,-0.004,0.032,-0.742,-2.742,157.96,11.64,1,6.26,1,0.615,-7.76,67.25,0.0,0,5,0.1265,0.1082,0.121,0.1173
138.971,1,0.855,-2.0,-0.31,5,74.9,20.0,0.09,0.0302,0.114,-0.002,-0.063,-0.746,-2.741,157.91,11.64,1,6.26,1,0.615,-7.76,67.25,0.0,0,5,0.1212,0.1047,0.1194,0.1102
138.999,1,0.844,-2.5,-0.6,5,74.5,20.0,0.09,0.0258,0.112,0.0,-0.046,-0.75,-2.739,157.74,11.64,1,13.5,1,0.615,-7.76,67.25,0.0,0,5,0.1184,0.111,0.1147,0.1055
139.066,1,0.861,-3.24,-0.79,5,74.4,20.44,0.09,0.0348,0.102,-0.001,-0.032,-0.756,-2.737,157.62,11.64,1,13.5,1,0.571,-18.42,68.34,0.0,0,5,0.1033,0.1014,0.0996,0.1033
139.1,1,0.866,-3.24,-1.48,5,74.4,20.2,0.09,0.0471,0.094,-0.004,0.022,-0.759,-2.735,157.68,11.64,1,13.5,1,0.571,-18.42,68.34,0.0,0,5,0.0941,0.0941,0.0867,0.1014
139.137,1,0.866,-3.24,-1.39,5,74.6,19.85,0.09,0.0576,0.093,-0.004,0.117,-0.762,-2.734,157.79,11.64,1,13.5,1,0.571,-27.14,69.75,0.0,0,5,0.0959,0.0959,0.083,0.0977
139.17,1,0.869,-2.75,-1.75,5,74.2,20.46,0.09,0.0552,0.093,-0.005,0.164,-0.764,-2.733,157.96,11.64,1,13.5,1,0.571,-27.14,69.75,0.0,0,5,0.0979,0.0923,0.0831,0.0979
139.199,1,0.866,-2.75,-1.17,5,74.3,20.46,0.09,0.0549,0.089,-0.002,0.018,-0.767,-2.732,158.08,11.63,1,20.02,1,0.571,-27.14,69.75,0.0,0,5,0.0863,0.09,0.0826,0.0955
139.299,1,0.828,-2.0,-0.68,5,73.3,20.44,0.09,0.0449,0.087,-0.001,0.024,-0.775,-2.728,158.19,11.63,1,20.02,1,0.556,-33.93,69.98,0.0,0,5,0.0787,0.0915,0.0805,0.0988
139.338,1,0.82,-2.0,-0.78,5,72.9,20.44,0.09,0.0277,0.081,-0.001,0.043,-0.778,-2.727,158.31,11.63,1,20.02,1,0.575,-41.2,69.18,0.0,0,5,0.0757,0.0849,0.0757,0.0886
139.399,1,0.778,-2.0,-0.67,5,71.5,20.44,0.09,0.0304,0.076,-0.001,-0.006,-0.782,-2.725,158.37,11.63,1,26.46,1,0.578,-42.65,68.48,0.0,0,5,0.0721,0.085,0.0647,0.0813
139.437,1,0.809,-2.25,-0.46,5,71.1,20.46,0.09,0.0289,0.076,-0.002,0.065,-0.785,-2.724,158.48,11.63,1,26.46,1,0.603,-43.62,68.49,0.0,0,5,0.072,0.0849,0.0628,0.0849
139.5,1,0.786,-1.75,-0.36,5,72.5,20.46,0.09,0.0284,0.077,-0.002,0.019,-0.79,-2.722,158.65,11.63,1,26.46,1,0.588,-42.17,68.55,0.0,0,5,0.0757,0.0812,0.0683,0.0831
139.573,1,0.802,-1.25,-1.08,5,72.6,20.46,0.09,0.0211,0.08,-0.001,0.034,-0.794,-2.72,158.82,11.63,1,26.46,1,0.581,-36.84,67.51,0.0,0,5,0.0703,0.0851,0.074,0.0925
139.599,1,0.835,-1.25,-0.88,5,72.6,20.56,0.09,0.0276,0.081,-0.0,0.023,-0.797,-2.719,158.88,11.64,1,31.24,1,0.581,-36.84,67.51,0.0,0,5,0.0662,0.0859,0.0752,0.0967
139.637,1,0.83,-0.75,-0.54,5,72.7,20.46,0.09,0.0251,0.08,0.0,0.042,-0.8,-2.718,159.0,11.64,1,31.24,1,0.572,-31.99,66.94,0.0,0,5,0.0662,0.0858,0.0751,0.093
139.699,1,0.77,-0.5,0.39,5,73.0,20.0,0.09,0.0142,0.079,0.001,0.045,-0.804,-2.717,159.17,11.64,1,31.24,1,0.585,-31.02,65.87,0.0,0,5,0.0703,0.0887,0.0703,0.0851
139.736,1,0.763,-0.25,0.41,5,73.2,20.57,0.09,-0.0042,0.081,0.0,0.047,-0.807,-2.715,159.22,11.64,1,31.24,1,0.614,-27.14,65.02,0.0,0,5,0.0722,0.0907,0.0703,0.0889
139.767,1,0.758,-0.25,0.94,5,74.1,20.57,0.09,-0.0069,0.08,0.0,0.049,-0.809,-2.715,159.28,11.64,1,31.24,1,0.614,-27.14,65.02,0.0,0,5,0.0722,0.0888,0.0703,0.087
139.804,1,0.726,0.0,0.48,5,74.4,20.56,0.09,-0.0157,0.079,-0.0,0.043,-0.812,-2.714,159.4,11.64,1,36.31,1,0.628,-23.27,63.72,0.0,0,5,0.074,0.0887,0.0684,0.0851
139.873,1,0.622,0.25,-1.17,4,74.1,20.52,0.09,-0.0096,0.082,-0.004,0.026,-0.818,-2.711,159.45,11.64,1,36.31,1,0.652,-20.84,62.84,0.0,0,5,0.0824,0.0861,0.0678,0.0824
139.898,1,0.589,0.5,1.48,4,72.9,24.02,0.09,0.0164,0.083,-0.004,0.022,-0.819,-2.711,159.45,11.64,1,36.31,1,0.652,-20.84,62.84,0.0,0,5,0.086,0.0824,0.0769,0.0878
139.938,1,0.549,0.5,2.98,4,72.5,25.63,0.09,-0.0322,0.083,-0.0,-0.005,-0.822,-2.71,159.51,11.64,1,36.31,1,0.647,-17.45,60.74,0.0,0,5,0.0785,0.0803,0.084,0.0876
140.004,1,0.499,0.75,0.65,4,72.4,21.9,0.09,-0.0575,0.082,0.0,-0.023,-0.827,-2.708,159.51,11.64,1,42.59,1,0.686,-15.99,58.27,0.0,0,5,0.0786,0.0805,0.0841,0.0841
140.038,1,0.465,0.5,-2.37,3,73.8,20.04,0.09,-0.0196,0.084,-0.001,-0.022,-0.83,-2.706,159.45,11.64,1,42.59,1,0.72,-15.51,57.35,0.0,0,5,0.0866,0.0811,0.0847,0.0847
140.07,1,0.432,0.5,1.03,3,73.6,25.84,0.09,0.0366,0.083,-0.0,-0.019,-0.832,-2.706,159.45,11.64,1,42.59,1,0.736,-15.03,55.57,0.0,0,5,0.0865,0.0792,0.0865,0.081
140.099,1,0.38,0.5,4.19,3,73.9,26.37,0.09,-0.0226,0.083,0.0,-0.007,-0.835,-2.705,159.4,11.64,1,42.59,1,0.736,-15.03,55.57,0.0,0,5,0.0865,0.081,0.0865,0.0792
140.137,1,0.319,0.0,4.99,3,73.8,27.42,0.09,-0.0777,0.081,0.002,-0.034,-0.838,-2.704,159.34,11.64,1,42.59,1,0.801,-10.66,53.94,0.0,0,5,0.0796,0.0851,0.0814,0.0777
140.236,1,0.242,-1.5,0.0,2,75.4,28.62,0.09,-0.0864,0.086,-0.001,-0.044,-0.846,-2.701,159.17,11.62,1,44.7,1,0.807,-4.85,52.86,0.0,0,5,0.089,0.0797,0.089,0.0853
140.304,1,0.163,-2.25,0.0,1,75.2,23.46,0.09,0.0172,0.082,-0.001,-0.031,-0.851,-2.699,159.05,11.62,1,44.7,1,0.83,0.0,52.32,0.0,0,5,0.0852,0.074,0.087,0.0815
140.37,1,0.089,2.25,0.0,1,72.1,32.44,0.09,0.0234,0.084,0.001,0.003,-0.855,-2.697,159.05,11.62,1,44.7,1,0.843,5.33,52.54,0.0,0,5,0.0868,0.0832,0.0868,0.0795
140.399,1,0.065,4.49,0.0,1,69.4,36.94,0.0782,0.0234,0.086,0.001,0.007,-0.859,-2.696,159.05,11.62,1,44.7,1,0.843,5.33,52.54,0.0,0,5,0.085,0.0887,0.085,0.085
140.436,1,0.052,8.24,0.0,1,64.6,38.43,0.0536,0.0234,0.083,0.002,0.004,-0.862,-2.695,159.11,11.62,1,44.7,1,0.838,11.15,52.64,0.0,0,5,0.0813,0.0868,0.0831,0.0813
140.498,0,0.0,0.0,0.0,0,59.2,0.0,0.045,0.0234,0.075,-0.001,-0.064,-0.866,-2.693,159.0,11.62,1,44.7,1,0.836,13.57,53.55,0.0,0,5,0.0739,0.0739,0.0739,0.0776
140.534,1,0.022,-3.96,0.0,1,59.6,21.62,0.045,0.0234,0.074,-0.003,-0.025,-0.868,-2.692,158.88,11.62,1,44.7,1,0.836,13.57,53.55,0.0,0,5,0.0757,0.072,0.0738,0.0775
140.599,1,0.028,-5.01,0.0,1,59.3,30.06,0.0329,-0.0975,0.068,0.001,-0.054,-0.872,-2.691,158.77,11.6,1,40.28,1,0.832,21.33,54.25,0.0,0,5,0.0703,0.0592,0.0796,0.0629
140.635,1,0.026,-5.01,0.0,1,59.6,31.12,0.0085,-0.3417,0.058,0.003,-0.023,-0.874,-2.69,158.77,11.6,1,40.28,1,0.832,21.33,54.25,0.0,0,5,0.0629,0.0555,0.0759,0.0592
140.665,1,0.028,2.37,0.0,1,57.9,21.62,0.0,-0.5775,0.052,0.002,-0.005,-0.875,-2.69,158.71,11.6,1,40.28,1,0.769,27.14,56.87,0.0,0,5,0.0555,0.0463,0.0611,0.0444
140.703,1,0.032,1.85,0.0,1,57.9,21.62,0.0,-0.6,0.035,0.001,-0.173,-0.875,-2.69,158.48,11.6,1,40.28,1,0.718,32.47,59.1,0.0,0,5,0.0536,0.0222,0.0499,0.0148
140.734,0,0.0,0.0,0.0,0,57.9,0.0,0.0,-0.6,0.018,0.001,-0.365,-0.876,-2.69,157.74,11.6,1,40.28,1,0.717,31.5,58.68,0.0,0,5,0.061,-0.0185,0.0573,-0.0277
140.798,1,0.022,-1.32,0.0,1,58.7,24.79,0.0,-0.6,-0.001,0.001,-0.521,-0.875,-2.69,155.9,11.6,1,40.28,1,0.717,31.5,58.68,0.0,0,5,0.0722,-0.0796,0.0796,-0.0777
140.834,1,0.034,-3.16,0.0,1,58.6,23.2,0.0,-0.6,-0.012,0.003,-0.495,-0.875,-2.69,154.76,11.6,1,40.28,1,0.717,31.5,58.68,0.0,0,5,0.074,-0.0926,0.0815,-0.0889
140.869,0,0.0,0.0,0.0,0,58.2,0.0,0.0,-0.6,-0.013,0.004,-0.58,-0.875,-2.691,154.13,11.6,1,40.28,1,0.821,18.9,53.1,0.0,0,5,0.0796,-0.0981,0.0796,-0.1147
140.905,1,0.032,17.97,0.0,1,60.1,32.94,0.0,-0.6,-0.011,0.005,-0.537,-0.875,-2.691,152.87,11.6,1,40.28,1,0.829,15.51,50.65,0.0,0,5,0.0833,-0.0944,0.0833,-0.1147
140.937,1,0.075,14.47,0.0,1,59.3,32.94,0.0,-0.6,-0.007,0.002,-0.546,-0.874,-2.691,151.6,11.6,1,40.28,1,0.839,11.63,48.55,0.0,0,5,0.087,-0.0999,0.0888,-0.1055
140.972,1,0.181,11.48,43.02,3,63.2,24.79,0.0,-0.6,-0.006,-0.001,-0.527,-0.874,-2.691,151.03,11.6,1,40.28,1,0.856,7.76,46.33,0.0,0,5,0.0889,-0.1055,0.0907,-0.1
140.999,1,0.291,7.99,44.19,3,64.7,29.01,0.0,-0.6,-0.006,-0.002,-0.613,-0.874,-2.691,149.71,11.6,1,40.28,1,0.856,7.76,46.33,0.0,0,5,0.0926,-0.1055,0.0889,-0.1
141.036,1,0.286,2.75,47.25,3,66.0,32.7,0.0073,-0.0441,-0.006,-0.001,-0.575,-0.874,-2.691,148.34,11.6,1,40.28,1,0.876,0.0,40.74,0.0,0,5,0.0944,-0.1018,0.087,-0.1037
141.074,1,0.354,-1.5,47.99,3,68.5,33.94,0.0211,-0.1281,-0.008,0.001,-0.544,-0.873,-2.691,147.71,11.6,1,40.28,1,0.912,-4.36,36.75,0.0,0,5,0.0926,-0.1,0.0852,-0.1111
141.099,1,0.473,-4.49,46.84,4,70.2,31.88,0.0282,-0.1711,-0.014,0.001,-0.549,-0.873,-2.692,146.51,11.6,1,40.28,1,0.912,-4.36,36.75,0.0,0,5,0.0848,-0.1069,0.0811,-0.1143
141.136,1,0.527,-6.99,46.27,4,71.9,30.7,0.0422,-0.256,-0.015,-0.002,-0.441,-0.872,-2.692,145.42,11.6,1,40.28,1,0.888,-11.63,28.93,0.0,0,5,0.0774,-0.1051,0.07,-0.1032
141.198,1,0.617,-10.48,44.88,4,74.3,28.78,0.0631,-0.3827,-0.001,-0.009,-0.288,-0.872,-2.691,144.27,11.6,1,44.78,1,0.862,-17.93,21.2,0.0,0,5,0.0722,-0.0722,0.0518,-0.0555
141.234,1,0.731,-11.73,44.25,5,76.1,28.03,0.0781,-0.4733,0.015,-0.011,-0.318,-0.873,-2.69,143.58,11.6,1,44.78,1,0.862,-17.93,21.2,0.0,0,5,0.074,-0.061,0.0518,-0.0407
141.336,1,0.75,-12.48,42.6,5,76.3,27.23,0.09,-0.5455,0.067,-0.006,-0.48,-0.878,-2.685,141.35,11.6,1,44.78,1,0.954,-27.63,-0.8,0.0,0,5,0.1478,-0.0074,0.1312,-0.0018
141.405,1,0.822,-12.98,41.68,5,76.1,26.27,0.09,-0.5455,0.084,0.001,-0.544,-0.882,-2.682,139.57,11.6,1,44.78,1,0.945,-31.02,-9.98,5.305,1,5,0.1666,0.0037,0.1666,0.0
141.436,1,0.84,-13.23,41.08,5,75.4,25.84,0.09,-0.5455,0.089,0.001,-0.542,-0.885,-2.68,138.31,11.6,1,44.78,1,0.937,-32.47,-14.56,5.32,1,5,0.1723,0.0019,0.1741,0.0
141.498,1,0.844,-12.98,39.26,5,74.4,25.56,0.09,-0.5455,0.096,0.001,-0.573,-0.889,-2.676,136.42,11.6,1,44.78,1,0.956,-34.41,-17.23,0.0,0,5,0.1889,0.0,0.1945,0.0
141.536,1,0.844,-12.98,38.0,5,74.4,25.1,0.09,-0.5455,0.096,0.0,-0.576,-0.892,-2.673,135.16,11.6,1,44.78,1,0.961,-37.32,-26.74,0.0,0,5,0.1909,0.0,0.1928,0.0
141.598,1,0.847,-13.73,35.99,5,74.3,24.48,0.09,-0.5455,0.097,-0.002,-0.534,-0.896,-2.669,133.27,11.58,1,44.78,1,0.975,-39.26,-30.52,0.0,0,5,0.1962,0.0,0.1907,0.0019
141.667,1,0.848,-14.72,34.18,5,74.5,23.87,0.09,-0.5029,0.096,0.001,-0.55,-0.9,-2.665,131.38,11.58,1,44.78,1,0.983,-45.56,-40.15,0.0,0,5,0.1885,0.0,0.194,0.0018
141.698,1,0.853,-15.22,33.24,5,74.4,23.87,0.09,-0.4592,0.091,0.0,-0.526,-0.902,-2.662,130.18,11.58,1,44.78,1,0.983,-45.56,-40.15,0.0,0,5,0.1829,0.0,0.1829,0.0
141.736,1,0.858,-15.22,31.96,5,74.5,23.34,0.09,-0.4387,0.093,-0.002,-0.469,-0.904,-2.659,129.03,11.58,1,44.78,1,0.969,-49.44,-45.94,0.0,0,5,0.1884,0.0,0.181,0.0018
141.805,1,0.856,-16.72,29.98,5,74.1,22.78,0.09,-0.419,0.09,-0.001,-0.494,-0.908,-2.655,127.31,11.58,1,44.78,1,0.962,-54.29,-49.81,0.0,0,5,0.1804,0.0,0.1786,0.0018
141.835,1,0.87,-16.97,28.71,5,74.1,22.78,0.09,-0.3661,0.089,-0.0,-0.511,-0.909,-2.653,126.74,11.58,1,44.78,1,0.946,-56.71,-51.99,0.0,0,5,0.1732,0.0,0.1769,0.0055
141.905,1,0.869,-17.97,27.02,5,75.0,22.22,0.0967,-0.3452,0.089,-0.006,-0.391,-0.912,-2.647,124.79,11.58,1,44.78,1,0.913,-60.1,-55.36,0.0,0,5,0.1647,0.0056,0.161,0.0259
141.933,1,0.879,-18.47,25.99,5,75.3,22.04,0.1037,-0.3038,0.088,-0.006,-0.391,-0.913,-2.646,124.33,11.58,1,44.78,1,0.913,-60.1,-55.36,0.0,0,5,0.1628,0.0093,0.1554,0.0259
142.005,1,0.866,-19.47,23.73,5,75.8,21.96,0.1233,-0.3399,0.091,-0.008,-0.311,-0.917,-2.639,122.78,11.58,1,35.4,1,0.923,-55.25,-53.29,0.0,0,5,0.1604,0.024,0.1419,0.0369
142.034,1,0.874,-19.47,23.05,5,75.4,21.67,0.1307,-0.3085,0.095,-0.01,-0.289,-0.918,-2.637,122.44,11.58,1,35.4,1,0.921,-52.83,-51.07,0.0,0,5,0.1639,0.0295,0.1418,0.046
142.101,1,0.867,-19.47,21.87,5,75.1,21.67,0.1411,-0.3299,0.112,-0.006,-0.29,-0.922,-2.63,121.18,11.58,1,35.4,1,0.942,-44.11,-42.89,0.0,0,5,0.1747,0.0535,0.1587,0.0606
142.203,1,0.848,-19.22,19.71,5,73.7,21.42,0.1481,-0.3265,0.138,0.002,-0.257,-0.929,-2.618,119.29,11.59,1,23.4,1,0.946,-34.9,-34.28,0.0,0,5,0.1848,0.0832,0.1977,0.0868
142.332,1,0.87,-17.47,17.95,5,73.9,20.96,0.1611,-0.3128,0.158,0.004,-0.329,-0.939,-2.601,117.17,11.59,1,23.4,1,0.95,-21.81,-18.74,0.0,0,5,0.2087,0.1053,0.2179,0.0997
142.435,1,0.856,-17.72,16.65,5,73.3,21.11,0.1718,-0.3109,0.172,-0.001,-0.345,-0.946,-2.586,115.28,11.59,1,11.4,1,0.921,-15.03,-3.97,3.879,1,5,0.2276,0.111,0.2294,0.1184
142.501,1,0.831,-15.22,14.7,5,72.3,20.46,0.1796,-0.2886,0.18,0.006,-0.263,-0.953,-2.573,114.08,11.59,1,11.4,1,0.834,-1.94,17.57,0.0,0,5,0.2209,0.1362,0.2357,0.1289
142.53,1,0.84,-15.22,14.4,5,72.3,20.81,0.1914,-0.2854,0.183,0.009,-0.29,-0.955,-2.569,113.73,11.59,1,11.4,1,0.834,-1.94,17.57,0.0,0,5,0.2173,0.1436,0.2393,0.1307
142.602,1,0.813,-14.23,12.46,5,71.9,20.81,0.1932,-0.2763,0.188,0.004,-0.184,-0.961,-2.556,112.7,11.58,1,-0.28,1,0.787,8.72,29.9,0.0,0,5,0.2348,0.1424,0.2404,0.1331
142.635,1,0.813,-13.73,12.66,5,71.9,20.46,0.1691,-0.1964,0.194,0.003,-0.268,-0.964,-2.548,112.07,11.58,1,-0.28,1,0.849,11.63,37.93,0.0,0,5,0.2367,0.1442,0.2404,0.1387
142.733,1,0.813,-10.23,9.57,5,72.4,20.44,0.1089,-0.1002,0.194,0.006,-0.131,-0.97,-2.534,111.1,11.58,1,-0.28,1,0.87,11.15,33.78,0.0,0,5,0.2249,0.1659,0.2341,0.1512
142.833,1,0.822,-12.48,9.83,5,73.5,20.56,0.09,-0.0807,0.171,0.001,-0.085,-0.978,-2.515,109.84,11.58,1,2.31,1,0.863,4.85,23.35,0.0,0,5,0.2017,0.1517,0.2035,0.1388
142.901,1,0.811,-11.48,9.65,5,72.4,20.44,0.09,-0.0572,0.159,0.0,-0.142,-0.981,-2.506,109.32,11.58,1,2.31,1,0.889,4.36,21.34,0.0,0,5,0.1817,0.1322,0.1872,0.1358
142.935,1,0.807,-12.23,9.35,5,71.4,20.44,0.09,-0.0666,0.148,-0.005,-0.089,-0.982,-2.5,109.09,11.58,1,2.31,1,0.891,2.91,17.84,0.0,0,5,0.1708,0.1157,0.1708,0.1359
143.002,1,0.799,-11.98,8.85,5,70.2,20.56,0.09,-0.0522,0.14,-0.011,-0.082,-0.984,-2.492,108.75,11.58,1,6.68,1,0.909,0.48,9.42,1.596,1,5,0.167,0.1065,0.1524,0.1358
143.034,1,0.804,-12.98,9.09,5,70.8,21.02,0.09,-0.0468,0.136,-0.007,-0.102,-0.986,-2.487,108.52,11.58,1,6.68,1,0.899,-0.48,9.19,3.809,1,5,0.1597,0.1101,0.1487,0.1267
143.134,1,0.823,-12.48,7.8,5,72.2,20.44,0.09,-0.0404,0.116,-0.006,-0.097,-0.988,-2.479,108.06,11.58,1,6.68,1,0.889,-6.3,-3.38,1.077,1,5,0.1339,0.0964,0.1232,0.1089
143.202,1,0.816,-12.73,7.37,5,72.0,20.44,0.09,-0.0243,0.102,-0.006,0.025,-0.99,-2.471,107.95,11.56,1,8.2,1,0.845,-7.27,-1.26,0.0,0,5,0.1202,0.0851,0.1072,0.0961
143.234,1,0.817,-12.23,7.17,5,72.0,20.57,0.09,-0.0136,0.097,-0.005,-0.017,-0.991,-2.47,107.95,11.56,1,8.2,1,0.846,-9.21,-3.85,0.0,0,5,0.1146,0.0814,0.1035,0.0887
143.333,1,0.809,-13.23,7.45,5,71.3,20.44,0.09,-0.0156,0.086,-0.002,0.003,-0.993,-2.461,107.6,11.56,1,8.2,1,0.834,-7.27,1.24,0.0,0,5,0.0907,0.074,0.0926,0.0852
143.402,1,0.815,-12.23,6.95,5,71.1,20.44,0.09,-0.0091,0.076,0.002,0.013,-0.995,-2.456,107.54,11.56,1,7.57,1,0.833,-6.79,1.98,0.0,0,5,0.074,0.0777,0.0777,0.074
143.432,1,0.809,-11.48,6.77,5,70.9,20.44,0.09,-0.0128,0.073,-0.0,-0.021,-0.995,-2.454,107.54,11.56,1,7.57,1,0.839,-6.3,3.43,0.0,0,5,0.0758,0.0776,0.0684,0.0721
143.467,1,0.799,-12.23,7.03,5,70.6,20.44,0.09,-0.018,0.069,-0.005,0.007,-0.996,-2.452,107.54,11.56,1,7.57,1,0.837,-6.3,4.08,0.0,0,5,0.0776,0.0721,0.0573,0.0702
143.532,1,0.794,-11.98,7.89,5,71.0,20.44,0.09,-0.0126,0.067,-0.003,0.065,-0.997,-2.448,107.72,11.56,1,7.57,1,0.835,-5.33,6.61,0.0,0,5,0.0721,0.0703,0.0573,0.0684
143.635,1,0.792,-9.73,7.56,5,70.1,20.2,0.09,-0.0302,0.06,-0.001,0.015,-0.999,-2.441,107.89,11.55,1,7.42,1,0.833,-3.88,10.6,0.0,0,5,0.0537,0.0574,0.0611,0.0685
143.7,1,0.784,-8.49,6.72,5,69.1,20.44,0.09,-0.0495,0.061,0.003,-0.009,-1.0,-2.437,107.89,11.55,1,7.42,1,0.831,-3.39,13.2,0.0,0,5,0.0499,0.061,0.0665,0.0665
143.732,1,0.783,-7.74,6.43,5,68.7,20.46,0.09,-0.0477,0.061,0.003,-0.002,-1.001,-2.436,107.89,11.55,1,7.42,1,0.831,-3.39,13.2,0.0,0,5,0.0499,0.0628,0.0665,0.0665
143.829,1,0.785,-7.49,7.0,5,68.5,20.56,0.09,-0.0459,0.069,-0.0,-0.011,-1.003,-2.43,107.83,11.55,1,7.75,1,0.822,-2.42,18.83,0.0,0,5,0.0683,0.0664,0.0701,0.0701
143.902,1,0.782,-8.73,7.65,5,70.1,20.44,0.09,-0.057,0.072,-0.003,-0.05,-1.005,-2.424,107.66,11.55,1,7.75,1,0.799,-2.42,24.78,0.0,0,5,0.0815,0.0667,0.0722,0.0685
143.936,1,0.789,-7.99,7.3,5,70.0,20.44,0.09,-0.0528,0.074,0.0,0.047,-1.006,-2.421,107.72,11.55,1,7.75,1,0.788,-2.91,27.99,0.0,0,5,0.0833,0.0703,0.0778,0.0629
143.996,1,0.737,-9.23,7.26,5,70.5,20.44,0.09,-0.0562,0.074,0.0,-0.032,-1.007,-2.417,107.66,11.55,1,10.24,1,0.793,-4.36,28.86,0.0,0,5,0.0791,0.0699,0.0791,0.068
144.034,1,0.759,-7.99,7.6,5,70.5,20.44,0.09,-0.0405,0.074,-0.003,-0.044,-1.008,-2.414,107.6,11.55,1,10.24,1,0.789,-4.36,31.83,0.0,0,5,0.0754,0.0662,0.0754,0.0772
144.063,1,0.783,-6.24,6.62,5,70.2,20.44,0.09,-0.0626,0.074,-0.002,-0.025,-1.008,-2.412,107.54,11.55,1,10.24,1,0.789,-4.36,31.83,0.0,0,5,0.0758,0.0666,0.0777,0.0777
144.134,1,0.769,-5.74,6.1,5,69.4,20.44,0.09,-0.0633,0.076,0.001,-0.014,-1.01,-2.408,107.49,11.55,1,10.24,1,0.799,-9.69,31.05,0.0,0,5,0.0715,0.0733,0.0807,0.077
144.231,1,0.703,-8.49,6.8,5,71.2,20.44,0.09,-0.0567,0.084,0.001,-0.025,-1.012,-2.402,107.49,11.55,1,13.21,1,0.814,-11.15,34.9,0.0,0,5,0.0837,0.0837,0.0855,0.0819
144.297,1,0.77,-4.74,5.56,5,70.3,20.44,0.09,-0.0372,0.086,0.002,0.013,-1.014,-2.393,107.26,11.55,1,13.21,1,0.818,-11.63,37.55,0.0,0,5,0.0921,0.0829,0.0921,0.0755
144.327,1,0.776,-4.74,5.84,5,70.0,20.56,0.09,-0.0616,0.086,0.004,-0.008,-1.015,-2.392,107.31,11.55,1,13.21,1,0.818,-11.63,37.55,0.0,0,5,0.0906,0.0851,0.0943,0.074
144.367,1,0.779,-4.24,5.68,5,70.0,20.44,0.09,-0.0639,0.085,0.005,-0.011,-1.016,-2.389,107.26,11.55,1,13.21,1,0.818,-11.63,37.55,0.0,0,5,0.0833,0.0851,0.0944,0.0777
144.396,1,0.783,-3.99,5.47,5,70.2,20.44,0.09,-0.0664,0.084,-0.001,-0.027,-1.017,-2.385,107.2,11.55,1,16.97,1,0.814,-15.51,39.42,0.0,0,5,0.0832,0.0813,0.0905,0.0832
144.433,1,0.787,-3.74,5.47,5,70.2,20.04,0.09,-0.0637,0.084,-0.001,-0.027,-1.017,-2.385,107.2,11.55,1,16.97,1,0.81,-18.9,38.21,0.0,0,5,0.0833,0.0777,0.0888,0.087
144.467,1,0.783,-3.74,5.8,5,70.3,20.44,0.09,-0.0651,0.081,-0.001,0.002,-1.018,-2.381,107.14,11.55,1,16.97,1,0.812,-18.42,40.96,0.0,0,5,0.0832,0.0758,0.085,0.0813
144.501,1,0.779,-3.49,5.59,5,70.1,20.44,0.09,-0.0702,0.081,-0.0,-0.034,-1.019,-2.378,107.09,11.55,1,16.97,1,0.817,-19.39,42.14,0.0,0,5,0.0845,0.079,0.0827,0.0772
144.533,1,0.774,-3.49,5.61,5,70.0,20.44,0.09,-0.0686,0.083,-0.001,-0.04,-1.02,-2.376,107.03,11.55,1,16.97,1,0.816,-21.81,42.06,0.0,0,5,0.0882,0.079,0.0845,0.0809
144.569,1,0.775,-3.49,5.62,5,69.9,20.44,0.09,-0.068,0.084,-0.003,-0.074,-1.02,-2.374,106.97,11.55,1,16.97,1,0.83,-22.3,42.94,0.0,0,5,0.09,0.0771,0.0845,0.0826
144.6,1,0.771,-3.49,4.81,5,69.9,20.44,0.09,-0.0679,0.086,-0.004,-0.051,-1.021,-2.371,106.8,11.54,1,21.11,1,0.839,-25.2,42.52,0.0,0,5,0.0973,0.0771,0.0863,0.0826
144.628,1,0.766,-3.49,4.81,5,69.9,20.44,0.09,-0.0534,0.088,-0.002,-0.024,-1.022,-2.369,106.74,11.54,1,21.11,1,0.839,-25.2,42.52,0.0,0,5,0.0992,0.079,0.0918,0.0808
144.663,1,0.76,-3.24,4.94,5,69.8,20.44,0.09,-0.0532,0.088,0.002,-0.002,-1.023,-2.366,106.74,11.54,1,21.11,1,0.839,-25.2,42.52,0.0,0,5,0.0975,0.0827,0.0975,0.0754
144.732,1,0.704,-3.24,4.95,5,69.7,19.85,0.09,-0.0577,0.087,0.001,-0.056,-1.024,-2.361,106.63,11.54,1,21.11,1,0.842,-31.5,40.81,0.0,0,5,0.0907,0.0796,0.0963,0.0815
144.767,1,0.766,-2.99,4.68,5,69.6,19.97,0.09,-0.0577,0.085,-0.001,-0.037,-1.025,-2.357,106.51,11.54,1,21.11,1,0.841,-31.99,41.57,0.0,0,5,0.087,0.0759,0.0926,0.0852
144.828,1,0.774,-3.24,4.48,5,69.7,20.2,0.09,-0.0555,0.085,0.0,-0.054,-1.027,-2.353,106.4,11.54,1,24.64,1,0.858,-34.41,40.97,0.0,0,5,0.0889,0.0797,0.0908,0.0797
144.867,1,0.78,-2.99,4.29,5,69.5,20.2,0.09,-0.0488,0.087,-0.0,-0.034,-1.028,-2.349,106.28,11.54,1,24.64,1,0.867,-34.9,41.15,0.0,0,5,0.0944,0.0833,0.0907,0.0796
144.896,1,0.784,-2.5,4.24,5,69.7,20.44,0.09,-0.0487,0.09,-0.001,0.025,-1.029,-2.345,106.28,11.54,1,24.64,1,0.867,-34.9,41.15,0.0,0,5,0.0982,0.0852,0.0926,0.0852
144.927,1,0.785,-2.5,4.41,5,69.9,20.2,0.09,-0.0534,0.089,0.0,0.01,-1.029,-2.344,106.34,11.54,1,24.64,1,0.867,-34.9,41.15,0.0,0,5,0.0944,0.087,0.0926,0.0833
144.967,1,0.78,-2.0,3.96,5,70.1,20.2,0.09,-0.0557,0.087,0.001,0.003,-1.03,-2.341,106.28,11.54,1,24.64,1,0.867,-34.9,41.15,0.0,0,5,0.0871,0.0852,0.0908,0.0834
145.031,1,0.778,-2.0,4.23,5,70.0,20.04,0.09,-0.0529,0.081,0.004,-0.038,-1.032,-2.336,106.23,11.54,1,27.31,1,0.865,-32.47,40.48,0.0,0,5,0.0796,0.0814,0.0888,0.074
145.068,1,0.78,-2.0,4.22,5,69.9,20.04,0.09,-0.0569,0.082,0.004,-0.099,-1.033,-2.333,106.05,11.54,1,27.31,1,0.864,-32.47,37.46,0.0,0,5,0.0814,0.0795,0.0924,0.074
145.133,1,0.78,-2.0,3.83,5,70.6,20.04,0.1039,-0.0563,0.081,0.0,-0.101,-1.034,-2.328,105.77,11.54,1,27.31,1,0.87,-30.05,35.29,0.0,0,5,0.087,0.0666,0.0962,0.074
145.227,1,0.757,-2.0,5.36,5,71.7,20.04,0.1388,-0.0656,0.093,0.006,-0.039,-1.037,-2.32,105.42,11.53,1,29.03,1,0.874,-29.57,32.05,0.0,0,5,0.0981,0.0889,0.1092,0.0778
145.334,1,0.734,-1.75,11.63,5,72.1,20.04,0.174,-0.1226,0.121,0.003,-0.083,-1.041,-2.306,104.97,11.53,1,29.03,1,0.855,-22.78,30.9,0.0,0,5,0.1198,0.1069,0.1272,0.1032
145.367,1,0.701,-2.0,15.9,5,72.5,20.56,0.1501,-0.2552,0.128,0.003,-0.117,-1.042,-2.303,104.85,11.53,1,29.03,1,0.869,-22.3,26.08,0.0,0,5,0.1402,0.118,0.1439,0.1107
145.394,1,0.605,-2.0,20.02,4,72.9,20.3,0.1381,-0.3261,0.145,0.003,-0.098,-1.044,-2.297,104.56,11.53,1,29.03,1,0.869,-22.3,26.08,0.0,0,5,0.1531,0.1217,0.1531,0.1144
145.432,1,0.604,-2.0,25.13,5,74.2,26.32,0.114,-0.3472,0.154,0.004,-0.074,-1.045,-2.294,104.45,11.53,1,32.69,1,0.844,-18.42,22.91,0.0,0,5,0.1684,0.1332,0.1832,0.1332
145.527,1,0.697,-4.24,33.38,5,75.7,25.84,0.09,-0.4206,0.164,0.005,-0.112,-1.049,-2.278,103.36,11.53,1,32.69,1,0.82,-18.42,17.97,0.0,0,5,0.1977,0.1367,0.2014,0.122
145.568,1,0.819,-4.49,34.33,5,75.4,24.48,0.09,-0.5381,0.158,0.0,-0.257,-1.05,-2.272,102.9,11.53,1,32.69,1,0.743,-24.23,-7.85,5.42,1,5,0.2014,0.1238,0.1922,0.1127
145.595,1,0.862,-3.99,34.23,5,75.2,24.96,0.09,-0.5455,0.148,-0.004,-0.252,-1.052,-2.266,102.33,11.51,1,45.0,1,0.743,-24.23,-7.85,5.42,1,5,0.196,0.1091,0.1793,0.1072
145.631,1,0.861,-1.25,33.52,5,75.0,23.73,0.09,-0.5455,0.145,-0.005,-0.294,-1.052,-2.263,101.99,11.51,1,45.0,1,0.734,-29.08,-26.67,0.0,0,5,0.1922,0.1035,0.1774,0.1072
145.667,1,0.881,0.25,32.62,5,75.1,23.73,0.09,-0.5455,0.139,-0.005,-0.234,-1.053,-2.258,101.3,11.51,1,45.0,1,0.799,-31.5,-33.04,0.0,0,5,0.1867,0.0887,0.1793,0.0998
145.694,1,0.874,1.0,31.73,5,75.5,23.73,0.09,-0.5455,0.133,-0.008,-0.355,-1.053,-2.253,100.55,11.51,1,45.0,1,0.799,-31.5,-33.04,0.0,0,5,0.1849,0.0814,0.1849,0.0998
145.733,1,0.895,1.25,31.92,5,75.5,23.73,0.09,-0.5455,0.131,-0.01,-0.37,-1.054,-2.25,100.1,11.51,1,45.0,1,0.795,-32.47,-38.56,0.0,0,5,0.1905,0.0581,0.1851,0.0907
145.767,1,0.898,1.25,31.46,5,75.6,23.46,0.09,-0.5455,0.125,-0.014,-0.432,-1.054,-2.245,99.12,11.51,1,45.0,1,0.8,-33.44,-40.56,0.0,0,5,0.1976,0.0399,0.1831,0.0798
145.828,1,0.89,0.25,29.64,5,76.1,23.26,0.0903,-0.5475,0.11,-0.015,-0.413,-1.054,-2.239,97.52,11.51,1,45.0,1,0.8,-35.38,-42.15,0.0,0,5,0.2057,0.0165,0.1745,0.0441
145.864,1,0.892,-1.0,28.86,5,76.4,23.34,0.0972,-0.5186,0.103,-0.016,-0.498,-1.054,-2.235,96.37,11.51,1,45.0,1,0.8,-35.38,-42.15,0.0,0,5,0.2106,0.0037,0.1703,0.0256
145.894,1,0.889,-2.25,28.24,5,76.4,23.26,0.106,-0.4897,0.099,-0.013,-0.532,-1.054,-2.233,95.8,11.51,1,45.0,1,0.802,-40.23,-45.8,0.0,0,5,0.2068,0.0,0.172,0.0165
145.928,1,0.879,-3.49,26.81,5,76.7,23.26,0.1097,-0.4703,0.098,-0.008,-0.565,-1.054,-2.229,94.42,11.51,1,45.0,1,0.802,-40.23,-45.8,0.0,0,5,0.2042,0.0,0.1785,0.0074
145.967,1,0.875,-4.49,26.01,5,76.7,22.78,0.1165,-0.4579,0.097,-0.002,-0.483,-1.054,-2.225,93.22,11.51,1,45.0,1,0.82,-42.17,-50.54,0.0,0,5,0.1977,0.0037,0.1866,0.0
145.993,1,0.873,-5.74,25.2,5,76.1,22.22,0.1232,-0.4593,0.1,-0.004,-0.51,-1.054,-2.221,92.02,11.51,1,45.0,1,0.82,-42.17,-50.54,0.0,0,5,0.1977,0.0055,0.1866,0.0037
146.033,1,0.87,-6.99,24.48,5,76.1,21.67,0.128,-0.4497,0.102,-0.005,-0.511,-1.054,-2.219,91.44,11.51,1,34.0,1,0.801,-39.74,-46.2,0.0,0,5,0.1941,0.0055,0.1886,0.0185
146.094,1,0.855,-8.24,22.92,5,75.8,21.67,0.1324,-0.4405,0.116,-0.005,-0.418,-1.054,-2.209,89.21,11.51,1,34.0,1,0.81,-37.32,-44.78,0.0,0,5,0.2005,0.0271,0.1951,0.0397
146.127,1,0.858,-8.98,22.77,5,76.1,21.67,0.1418,-0.4251,0.121,-0.003,-0.422,-1.054,-2.206,88.69,11.51,1,34.0,1,0.81,-37.32,-44.78,0.0,0,5,0.2039,0.0361,0.2002,0.0433
146.166,1,0.833,-9.23,21.63,5,76.4,21.67,0.1427,-0.4169,0.127,-0.003,-0.429,-1.054,-2.201,87.66,11.51,1,34.0,1,0.81,-37.32,-44.78,0.0,0,5,0.2075,0.0451,0.2039,0.0523
146.231,1,0.827,-9.98,20.37,5,77.0,21.67,0.1496,-0.4137,0.136,-0.007,-0.361,-1.053,-2.193,86.23,11.5,1,22.0,1,0.783,-27.14,-32.77,0.0,0,5,0.2117,0.0516,0.2062,0.0736
146.265,1,0.824,-9.73,20.15,5,77.1,21.67,0.1572,-0.397,0.143,-0.004,-0.412,-1.052,-2.187,85.43,11.5,1,22.0,1,0.788,-23.75,-28.48,0.0,0,5,0.2127,0.0642,0.2145,0.0825
146.3,1,0.812,-10.23,19.22,5,77.3,21.11,0.1585,-0.3992,0.15,-0.001,-0.368,-1.052,-2.18,84.51,11.5,1,22.0,1,0.778,-20.84,-21.67,0.0,0,5,0.2163,0.0788,0.2182,0.0862
146.327,1,0.811,-10.48,18.43,5,77.1,21.67,0.1641,-0.3851,0.154,0.0,-0.342,-1.051,-2.177,84.11,11.5,1,22.0,1,0.778,-20.84,-21.67,0.0,0,5,0.2153,0.0883,0.2208,0.092
146.366,1,0.824,-9.98,17.12,5,76.5,21.11,0.1689,-0.3743,0.16,0.0,-0.308,-1.051,-2.171,83.48,11.5,1,22.0,1,0.731,-14.06,-12.92,4.091,1,5,0.2254,0.1016,0.2199,0.0942
146.392,1,0.817,-9.98,16.41,5,75.9,22.04,0.176,-0.3622,0.164,0.004,-0.378,-1.051,-2.167,83.02,11.5,1,22.0,1,0.731,-14.06,-12.92,4.091,1,5,0.2217,0.1072,0.2273,0.0979
146.427,1,0.81,-10.23,15.75,5,75.5,21.67,0.1811,-0.3535,0.165,0.006,-0.366,-1.05,-2.161,82.22,11.5,1,10.0,1,0.731,-14.06,-12.92,4.091,1,5,0.2219,0.1091,0.233,0.0961
146.463,1,0.811,-10.98,15.24,5,74.9,21.11,0.1851,-0.3398,0.17,0.003,-0.406,-1.049,-2.154,81.25,11.5,1,10.0,1,0.685,-5.33,2.06,6.411,1,5,0.2257,0.1092,0.2368,0.1073
146.527,1,0.793,-10.98,13.48,5,73.6,22.04,0.1881,-0.3236,0.184,-0.004,-0.343,-1.047,-2.142,80.21,11.5,1,10.0,1,0.708,-1.45,12.51,6.727,1,5,0.2461,0.1166,0.2424,0.1295
146.565,1,0.788,-11.23,12.98,5,73.4,22.04,0.1951,-0.2857,0.193,-0.003,-0.349,-1.045,-2.135,79.41,11.5,1,10.0,1,0.708,-1.45,12.51,6.727,1,5,0.2516,0.1314,0.2498,0.1406
146.659,1,0.781,-11.23,10.87,5,72.3,21.42,0.1777,-0.2437,0.204,0.006,-0.299,-1.042,-2.114,77.75,11.5,1,1.94,1,0.767,8.24,33.82,0.0,0,5,0.2498,0.161,0.259,0.1443
146.693,1,0.8,-10.73,9.8,5,72.2,20.81,0.1535,-0.1556,0.206,0.0,-0.244,-1.04,-2.106,77.18,11.5,1,1.94,1,0.767,8.24,33.82,0.0,0,5,0.2535,0.1573,0.2609,0.1536
146.727,1,0.821,-10.23,9.01,5,72.3,20.81,0.1296,-0.1052,0.205,0.0,-0.223,-1.039,-2.102,76.95,11.5,1,1.94,1,0.767,8.24,33.82,0.0,0,5,0.2481,0.1518,0.2592,0.1629
146.794,1,0.805,-10.48,8.21,5,72.0,20.96,0.0935,-0.0668,0.197,0.012,-0.1,-1.036,-2.087,75.97,11.5,1,1.94,1,0.774,4.85,25.37,0.0,0,5,0.2163,0.1687,0.2512,0.1595
146.86,1,0.791,-10.23,8.15,5,71.4,21.11,0.09,-0.0493,0.183,-0.001,-0.215,-1.033,-2.076,75.4,11.5,1,3.7,1,0.778,4.36,21.47,0.0,0,5,0.2128,0.1504,0.2128,0.1559
146.893,1,0.791,-10.48,7.87,5,71.8,21.42,0.09,-0.051,0.169,-0.008,-0.153,-1.031,-2.07,75.0,11.5,1,3.7,1,0.778,4.36,21.47,0.0,0,5,0.2075,0.1359,0.2075,0.158
146.931,1,0.791,-10.73,7.63,5,72.0,20.81,0.09,-0.0429,0.164,-0.008,-0.111,-1.03,-2.067,74.89,11.5,1,3.7,1,0.777,2.42,17.66,0.0,0,5,0.194,0.1257,0.1866,0.1497
146.961,1,0.786,-10.48,7.17,5,73.1,20.57,0.09,-0.0356,0.157,-0.003,-0.099,-1.029,-2.061,74.71,11.5,1,3.7,1,0.777,2.42,17.66,0.0,0,5,0.1842,0.1326,0.175,0.1345
146.998,1,0.802,-10.73,7.38,5,73.6,20.57,0.09,-0.0309,0.149,0.0,-0.09,-1.027,-2.056,74.48,11.5,1,3.7,1,0.77,-0.48,10.77,3.122,1,5,0.1695,0.1382,0.1603,0.1271
147.032,1,0.807,-10.73,6.98,5,73.9,20.57,0.09,-0.0315,0.141,0.002,-0.122,-1.027,-2.054,74.31,11.5,1,6.1,1,0.773,-0.48,8.35,1.432,1,5,0.1545,0.1287,0.1563,0.1232
147.092,1,0.803,-10.73,6.58,5,74.3,20.81,0.09,-0.0249,0.128,-0.001,-0.089,-1.025,-2.049,74.03,11.5,1,6.1,1,0.768,-1.45,9.22,2.767,1,5,0.1357,0.1101,0.1449,0.1229
147.127,1,0.829,-10.23,6.09,5,74.8,20.57,0.09,-0.0181,0.12,-0.005,-0.008,-1.024,-2.044,74.03,11.5,1,6.1,1,0.768,-1.45,9.22,2.767,1,5,0.1318,0.0975,0.1318,0.1173
147.16,1,0.826,-10.23,6.35,5,75.2,20.81,0.09,-0.0158,0.115,-0.005,-0.066,-1.022,-2.04,73.85,11.5,1,6.1,1,0.768,-1.45,9.22,2.767,1,5,0.1292,0.1001,0.1201,0.1092
147.228,1,0.824,-9.73,6.36,5,75.5,20.57,0.09,-0.0193,0.104,0.005,-0.047,-1.021,-2.034,73.8,11.51,1,8.1,1,0.783,-2.42,-8.08,7.241,1,5,0.1018,0.1055,0.1129,0.0962
147.327,1,0.847,-9.48,5.95,5,76.4,20.2,0.09,-0.0244,0.083,0.004,-0.081,-1.019,-2.026,73.4,11.51,1,8.1,1,0.769,-4.36,-7.4,4.953,1,5,0.0883,0.0773,0.0957,0.0699
147.366,1,0.842,-9.73,5.81,5,76.6,20.81,0.09,-0.0201,0.076,-0.0,-0.075,-1.018,-2.023,73.22,11.51,1,8.1,1,0.766,-6.79,-14.42,2.261,1,5,0.0902,0.0626,0.0883,0.0626
147.397,1,0.843,-9.73,5.43,5,76.6,20.57,0.09,-0.014,0.072,0.0,-0.022,-1.018,-2.02,73.11,11.51,1,8.1,1,0.778,-9.21,-12.84,-1.14,1,5,0.0832,0.0573,0.0869,0.0592
147.497,1,0.839,-8.98,5.51,5,76.8,20.2,0.09,-0.0072,0.067,-0.0,0.01,-1.016,-2.014,73.11,11.51,1,9.02,1,0.779,-5.82,-15.14,2.266,1,5,0.0628,0.0665,0.0665,0.0702
147.563,1,0.854,-8.24,5.57,5,77.0,20.56,0.09,-0.0171,0.065,0.001,0.042,-1.015,-2.01,73.22,11.51,1,9.02,1,0.782,-4.85,-14.0,2.329,1,5,0.0573,0.0721,0.061,0.0703
147.66,1,0.852,-6.99,5.42,5,77.2,20.04,0.09,-0.025,0.061,0.004,0.034,-1.013,-2.004,73.45,11.49,1,7.02,1,0.782,-5.82,-12.16,-1.84,1,5,0.0554,0.0757,0.0554,0.0591
147.697,1,0.858,-6.99,5.53,5,77.3,20.56,0.09,-0.0364,0.059,0.003,-0.026,-1.013,-2.002,73.4,11.49,1,7.02,1,0.768,-3.39,-12.01,0.844,1,5,0.0572,0.0664,0.0572,0.0554
147.731,1,0.864,-6.99,5.75,5,77.0,20.56,0.09,-0.0366,0.058,-0.001,-0.066,-1.012,-2.001,73.34,11.49,1,7.02,1,0.772,-1.45,-6.17,-0.013,1,5,0.0592,0.0592,0.0555,0.0592
147.765,1,0.869,-6.74,5.42,5,77.0,20.46,0.09,-0.0394,0.06,-0.001,-0.041,-1.012,-1.998,73.22,11.49,1,7.02,1,0.799,-1.45,-3.66,1.81,1,5,0.0629,0.0555,0.0611,0.0592
147.828,1,0.873,-6.74,5.04,5,77.0,20.46,0.09,-0.0356,0.064,-0.001,-0.003,-1.01,-1.995,73.11,11.49,1,5.47,1,0.787,-1.45,-4.25,1.655,1,5,0.07,0.059,0.0664,0.059
147.86,1,0.867,-6.24,5.39,5,77.0,20.46,0.09,-0.0286,0.067,-0.001,0.046,-1.009,-1.992,73.17,11.49,1,5.47,1,0.787,-1.45,-4.25,1.655,1,5,0.0701,0.0627,0.0701,0.0664
147.931,1,0.867,-5.24,4.91,5,77.1,20.56,0.09,-0.0393,0.071,0.002,0.005,-1.008,-1.988,73.28,11.49,1,5.47,1,0.776,0.48,-4.89,-0.79,1,5,0.0648,0.0704,0.0759,0.0741
147.959,1,0.873,-4.74,4.64,5,77.0,20.2,0.09,-0.0431,0.073,0.004,0.015,-1.008,-1.985,73.28,11.49,1,5.47,1,0.776,0.48,-4.89,-0.79,1,5,0.0648,0.0778,0.0759,0.0741
148.097,1,0.88,-3.49,5.53,5,76.4,20.2,0.09,-0.0397,0.073,0.003,-0.022,-1.005,-1.975,73.34,11.49,1,4.46,1,0.81,5.33,5.35,2.537,1,5,0.0716,0.0808,0.0716,0.0698
148.16,1,0.894,-3.24,5.21,5,76.2,20.56,0.09,-0.0687,0.075,-0.002,-0.029,-1.004,-1.97,73.22,11.49,1,4.46,1,0.811,5.33,5.23,0.67,1,5,0.0796,0.0722,0.074,0.074
148.197,1,0.902,-3.24,5.14,5,75.7,20.46,0.09,-0.0646,0.077,-0.002,0.005,-1.003,-1.967,73.17,11.49,1,4.46,1,0.801,5.33,4.93,3.732,1,5,0.0871,0.0685,0.0815,0.0722
148.231,1,0.897,-2.75,5.02,5,75.2,20.46,0.09,-0.0624,0.079,-0.003,-0.006,-1.002,-1.966,73.17,11.49,1,6.22,1,0.801,5.33,4.93,3.732,1,5,0.0902,0.0681,0.0847,0.0736
148.262,1,0.887,-2.5,4.73,5,74.7,20.56,0.09,-0.0662,0.082,0.0,-0.005,-1.001,-1.962,73.11,11.49,1,6.22,1,0.799,6.3,5.41,1.69,1,5,0.0884,0.0718,0.094,0.0755
148.291,1,0.876,-2.25,4.39,5,74.4,20.46,0.09,-0.0628,0.083,0.0,-0.033,-1.001,-1.961,73.05,11.49,1,6.22,1,0.799,6.3,5.41,1.69,1,5,0.0865,0.0736,0.0938,0.0791
148.365,1,0.877,-1.75,4.5,5,74.0,20.46,0.09,-0.058,0.079,0.004,-0.002,-0.999,-1.955,72.99,11.49,1,6.22,1,0.745,3.39,0.28,2.22,1,5,0.0735,0.0826,0.0826,0.0771
148.395,1,0.866,-1.25,4.61,5,73.4,20.46,0.09,-0.0658,0.074,0.005,-0.016,-0.999,-1.952,72.99,11.49,1,6.22,1,0.773,2.42,-4.02,-1.384,1,5,0.0693,0.0802,0.0784,0.0675
148.433,1,0.859,-1.25,4.57,5,73.3,20.46,0.09,-0.0726,0.073,0.005,-0.071,-0.998,-1.949,72.88,11.49,1,7.51,1,0.773,2.91,-3.97,-2.071,1,5,0.0693,0.0784,0.0802,0.0638
148.459,1,0.854,-1.25,4.1,5,73.2,20.56,0.09,-0.0711,0.073,0.003,-0.03,-0.997,-1.948,72.82,11.49,1,7.51,1,0.773,2.91,-3.97,-2.071,1,5,0.0771,0.0734,0.0771,0.0624
148.532,1,0.859,-1.75,4.29,5,73.1,20.57,0.09,-0.0615,0.079,-0.003,-0.089,-0.996,-1.943,72.54,11.49,1,7.51,1,0.775,1.45,-4.77,-3.137,1,5,0.0907,0.0648,0.087,0.0722
148.559,1,0.857,-1.75,3.68,5,73.1,20.46,0.09,-0.0582,0.081,-0.0,-0.005,-0.995,-1.94,72.48,11.49,1,7.51,1,0.775,1.45,-4.77,-3.137,1,5,0.0888,0.0629,0.0981,0.074
148.63,1,0.862,-1.25,3.58,5,73.0,20.56,0.09,-0.0481,0.082,0.002,-0.019,-0.994,-1.935,72.36,11.49,1,6.12,1,0.78,1.94,-6.2,-4.44,1,5,0.083,0.0758,0.0921,0.0758
148.658,1,0.862,-1.25,3.73,5,73.1,20.57,0.09,-0.0528,0.082,0.002,-0.006,-0.993,-1.932,72.36,11.49,1,6.12,1,0.78,1.94,-6.2,-4.44,1,5,0.0813,0.0831,0.0849,0.0795
148.729,1,0.852,-0.75,3.45,5,73.2,20.46,0.09,-0.0545,0.081,0.002,-0.024,-0.991,-1.927,72.31,11.49,1,6.12,1,0.78,2.42,-7.03,-3.836,1,5,0.0795,0.085,0.0813,0.0795
148.762,1,0.866,-0.75,3.48,5,73.4,20.46,0.09,-0.0556,0.08,0.001,-0.024,-0.99,-1.924,72.19,11.49,1,6.12,1,0.78,2.42,-7.03,-3.836,1,5,0.0831,0.0831,0.0794,0.0757
148.831,1,0.873,-0.75,3.52,5,73.8,20.46,0.09,-0.0549,0.082,0.0,-0.045,-0.989,-1.919,72.08,11.49,1,3.37,1,0.762,7.27,6.48,-3.405,1,5,0.0907,0.0778,0.087,0.074
148.863,1,0.879,-0.75,3.44,5,74.0,20.46,0.09,-0.0554,0.086,0.001,-0.087,-0.988,-1.916,71.96,11.49,1,3.37,1,0.762,7.27,6.48,-3.405,1,5,0.0926,0.0759,0.0981,0.0759
148.926,1,0.88,-0.75,2.85,5,74.1,20.46,0.0971,-0.0536,0.085,0.001,-0.035,-0.986,-1.911,71.79,11.49,1,3.37,1,0.77,6.3,2.81,-1.897,1,5,0.0887,0.0702,0.1016,0.0795
148.959,1,0.873,-0.25,2.56,5,73.7,20.81,0.1041,-0.0433,0.084,0.0,-0.034,-0.985,-1.908,71.73,11.49,1,3.37,1,0.77,6.3,2.81,-1.897,1,5,0.0868,0.0702,0.0979,0.0813
148.996,1,0.885,-0.25,2.94,5,73.9,20.46,0.1185,-0.0477,0.086,0.0,-0.007,-0.984,-1.904,71.68,11.49,1,3.37,1,0.76,10.18,9.65,-0.592,1,5,0.0887,0.0795,0.0924,0.0814
149.06,1,0.886,-0.25,2.47,5,74.1,20.81,0.1391,-0.0627,0.096,0.002,-0.028,-0.982,-1.899,71.51,11.49,1,1.49,1,0.782,9.69,8.45,-2.391,1,5,0.0997,0.096,0.0997,0.0886
149.096,1,0.883,-0.25,2.47,5,74.2,20.81,0.1533,-0.0568,0.108,0.001,-0.005,-0.981,-1.894,71.45,11.49,1,1.49,1,0.778,9.69,7.02,-1.844,1,5,0.1144,0.1034,0.1163,0.0997
149.13,1,0.878,-0.25,2.4,5,74.1,20.81,0.1668,-0.0607,0.115,0.003,-0.064,-0.98,-1.891,71.39,11.49,1,1.49,1,0.783,9.69,6.92,-3.575,1,5,0.1218,0.1089,0.1273,0.1034
149.195,1,0.861,0.25,1.97,5,73.4,20.57,0.1668,-0.0586,0.142,0.003,-0.045,-0.976,-1.88,71.1,11.49,1,1.49,1,0.78,10.18,6.14,-3.057,1,5,0.1462,0.1351,0.1555,0.1314
149.295,1,0.854,-0.25,2.2,5,73.2,20.57,0.1588,-0.0509,0.172,0.003,-0.072,-0.971,-1.864,70.76,11.49,1,1.49,1,0.767,10.18,3.17,-3.748,1,5,0.1759,0.1666,0.1833,0.1611
149.33,1,0.857,-0.25,2.59,5,73.0,20.57,0.1613,-0.0511,0.176,0.002,-0.085,-0.97,-1.861,70.65,11.49,1,1.49,1,0.736,13.57,10.53,-5.663,1,5,0.1814,0.1685,0.187,0.1666
149.396,1,0.858,0.25,2.23,5,72.6,20.46,0.1634,-0.0617,0.177,-0.003,-0.012,-0.965,-1.847,70.47,11.49,1,1.49,1,0.79,14.06,10.87,-2.93,1,5,0.1831,0.1593,0.1886,0.1776
149.494,1,0.865,-0.25,2.14,5,72.6,20.57,0.1864,-0.0645,0.178,-0.003,-0.127,-0.959,-1.83,70.07,11.49,1,1.09,1,0.785,13.57,10.28,-2.983,1,5,0.1912,0.1694,0.1821,0.1676
149.529,1,0.864,-0.25,1.83,5,73.0,20.46,0.1855,-0.0557,0.178,-0.004,-0.055,-0.957,-1.827,69.96,11.49,1,1.09,1,0.783,13.09,9.21,-3.404,1,5,0.1962,0.1613,0.187,0.1687
149.562,1,0.867,-0.25,1.72,5,72.8,20.46,0.1743,-0.045,0.182,-0.001,-0.068,-0.955,-1.82,69.79,11.49,1,1.09,1,0.803,13.09,7.63,-4.086,1,5,0.1942,0.1649,0.196,0.1722
149.596,1,0.85,-0.25,1.42,5,72.7,20.46,0.1506,-0.0372,0.187,0.001,-0.028,-0.953,-1.816,69.73,11.49,1,1.09,1,0.8,12.6,7.65,-2.496,1,5,0.1958,0.1717,0.2031,0.1754
149.658,1,0.847,-0.25,1.18,5,72.0,20.57,0.1712,-0.0343,0.188,0.001,-0.099,-0.948,-1.802,69.39,11.48,1,1.09,1,0.803,13.09,7.26,-1.496,1,5,0.1944,0.1796,0.1981,0.1796
149.696,1,0.841,-0.25,1.36,5,72.0,20.57,0.1854,-0.03,0.185,-0.0,-0.036,-0.947,-1.799,69.33,11.48,1,1.09,1,0.778,12.12,6.52,-2.509,1,5,0.1921,0.1773,0.1921,0.1791
149.765,1,0.838,-0.25,1.62,5,71.8,21.6,0.1676,-0.0322,0.187,-0.0,-0.029,-0.942,-1.784,69.21,11.48,1,1.09,1,0.784,12.12,5.05,-3.671,1,5,0.19,0.1789,0.1937,0.1844
149.794,1,0.825,-0.25,1.32,5,71.9,22.19,0.1638,-0.0382,0.187,0.001,-0.058,-0.94,-1.781,69.16,11.48,1,1.09,1,0.821,12.12,3.57,-3.176,1,5,0.1886,0.1793,0.196,0.183
149.83,1,0.845,-0.25,1.21,5,72.0,21.02,0.1778,-0.0329,0.186,-0.001,-0.06,-0.939,-1.778,69.1,11.48,1,1.09,1,0.817,12.12,3.58,-3.14,1,5,0.1906,0.1776,0.1924,0.1832
149.857,1,0.844,-0.25,0.81,5,72.7,20.46,0.1806,-0.0304,0.183,-0.004,-0.011,-0.936,-1.771,69.04,11.48,1,1.09,1,0.817,12.12,3.58,-3.14,1,5,0.1924,0.1739,0.185,0.1813
149.897,1,0.848,-0.25,0.81,5,72.4,20.46,0.1806,-0.0196,0.183,-0.002,-0.042,-0.934,-1.764,69.04,11.48,1,1.09,1,0.79,12.12,4.0,-2.71,1,5,0.1888,0.1722,0.187,0.1814
149.93,1,0.846,-0.25,0.86,5,72.7,20.46,0.1942,-0.0207,0.184,0.0,-0.059,-0.932,-1.76,68.93,11.48,1,1.09,1,0.784,11.15,3.85,-3.709,1,5,0.1867,0.1793,0.1886,0.1793
149.963,1,0.858,-0.25,1.12,5,73.2,20.46,0.1823,-0.021,0.182,0.001,-0.082,-0.93,-1.754,68.87,11.48,1,1.09,1,0.814,11.15,2.33,-3.265,1,5,0.1847,0.1791,0.1865,0.1773
149.995,1,0.859,0.0,0.26,5,73.1,19.97,0.1766,-0.0276,0.182,0.0,0.028,-0.927,-1.747,68.75,11.48,1,1.09,1,0.802,11.15,2.24,-3.196,1,5,0.1865,0.1791,0.1865,0.1773
150.03,1,0.841,0.5,0.53,5,72.4,20.96,0.1862,-0.0079,0.183,-0.001,0.073,-0.926,-1.743,68.81,11.48,1,1.09,1,0.811,11.63,1.85,-2.125,1,5,0.1885,0.1755,0.1885,0.1792
150.095,1,0.803,0.75,0.18,5,70.7,21.6,0.1687,-0.0195,0.186,0.005,-0.136,-0.921,-1.729,68.64,11.48,1,0.16,1,0.796,11.63,3.43,-2.718,1,5,0.185,0.1869,0.1943,0.1776
150.194,1,0.796,0.75,0.18,5,70.9,20.46,0.1565,-0.012,0.183,0.002,-0.037,-0.914,-1.712,68.53,11.48,1,0.16,1,0.81,12.12,1.46,-4.439,1,5,0.1798,0.1742,0.1928,0.1779
150.263,1,0.801,0.75,0.25,5,71.1,21.02,0.1601,-0.0116,0.177,0.004,-0.072,-0.911,-1.702,68.35,11.49,1,-1.47,1,0.813,14.06,8.4,-1.398,1,5,0.1793,0.1775,0.183,0.1664
150.296,1,0.786,0.75,0.17,5,69.8,22.19,0.1742,-0.0135,0.168,0.004,-0.006,-0.908,-1.696,68.3,11.49,1,-1.47,1,0.825,14.06,5.96,-3.077,1,5,0.172,0.1701,0.1738,0.1553
150.362,1,0.733,0.5,-0.44,5,68.1,22.68,0.153,-0.0109,0.166,0.004,-0.068,-0.905,-1.687,68.18,11.49,1,-1.47,1,0.824,14.06,6.41,-2.667,1,5,0.1655,0.1618,0.1784,0.16
150.423,1,0.753,0.0,0.19,5,67.8,19.97,0.1651,0.007,0.165,0.002,-0.045,-0.901,-1.678,68.07,11.49,1,-1.47,1,0.818,13.09,6.25,-3.629,1,5,0.1672,0.1654,0.1691,0.158
150.458,1,0.779,-0.25,0.22,5,69.8,20.46,0.1651,-0.0028,0.16,0.0,0.011,-0.899,-1.672,68.01,11.49,1,-2.16,1,0.818,13.09,6.25,-3.629,1,5,0.1645,0.1552,0.1663,0.1552
150.494,1,0.8,0.25,-0.3,5,69.5,20.46,0.1651,-0.0012,0.161,-0.001,0.043,-0.897,-1.669,68.01,11.49,1,-2.16,1,0.818,13.09,6.25,-3.629,1,5,0.1627,0.1516,0.1683,0.1627
150.523,1,0.778,0.25,-0.07,5,68.8,20.46,0.1719,0.0055,0.161,-0.0,-0.002,-0.895,-1.663,68.01,11.49,1,-2.16,1,0.824,13.09,4.76,-3.103,1,5,0.159,0.1516,0.1701,0.1627
150.595,1,0.756,0.75,-0.99,5,68.2,20.46,0.1651,-0.0005,0.163,0.005,-0.006,-0.891,-1.65,68.01,11.49,1,-2.16,1,0.822,13.09,6.23,-3.629,1,5,0.1574,0.1723,0.163,0.1574
150.661,1,0.725,0.5,0.17,5,66.9,22.19,0.1651,0.017,0.168,0.005,0.009,-0.887,-1.641,67.95,11.51,1,-2.05,1,0.818,13.09,5.22,-5.656,1,5,0.1592,0.1666,0.1777,0.1666
150.696,1,0.778,0.25,0.01,5,68.0,20.46,0.1396,-0.0081,0.171,0.003,-0.024,-0.884,-1.634,67.9,11.51,1,-2.05,1,0.807,13.57,6.4,-2.728,1,5,0.1628,0.1665,0.1813,0.1739
150.729,1,0.795,0.25,-0.19,5,69.6,20.46,0.1529,-0.0019,0.171,0.002,0.008,-0.883,-1.631,67.9,11.51,1,-2.05,1,0.791,16.48,11.89,-2.25,1,5,0.1664,0.1701,0.1757,0.172
150.757,1,0.791,0.25,-0.86,5,70.3,22.15,0.1597,0.003,0.168,0.006,-0.01,-0.881,-1.625,67.95,11.51,1,-2.05,1,0.791,16.48,11.89,-2.25,1,5,0.1645,0.1811,0.1663,0.1589
150.794,1,0.797,0.25,-0.14,5,70.3,20.46,0.174,0.0206,0.163,0.004,-0.012,-0.879,-1.619,67.9,11.51,1,-2.05,1,0.819,16.48,12.35,-2.369,1,5,0.1626,0.1774,0.1645,0.1571
150.896,1,0.802,0.75,0.03,5,71.7,20.46,0.1801,0.0017,0.166,0.0,0.053,-0.872,-1.604,67.9,11.51,1,-2.38,1,0.828,16.96,13.42,-0.265,1,5,0.165,0.1668,0.1668,0.1668
150.962,1,0.829,0.25,-0.07,5,73.7,22.19,0.1631,-0.0085,0.172,0.0,-0.038,-0.869,-1.594,67.78,11.51,1,-2.38,1,0.83,16.48,13.41,-0.45,1,5,0.1679,0.1716,0.1735,0.1753
151.09,1,0.854,-0.25,-0.0,5,77.1,20.46,0.1714,-0.0002,0.176,0.002,-0.0,-0.861,-1.574,67.72,11.51,1,0.21,1,0.841,12.12,3.72,-3.28,1,5,0.1755,0.1829,0.1737,0.1718
151.157,1,0.856,-0.25,-0.21,5,77.1,20.46,0.1767,0.0036,0.178,0.0,-0.034,-0.855,-1.561,67.67,11.51,1,0.21,1,0.838,12.12,3.73,-3.261,1,5,0.174,0.1721,0.1849,0.1813
151.195,1,0.869,-0.75,0.39,5,76.9,20.46,0.1767,0.0086,0.179,-0.003,0.001,-0.852,-1.554,67.67,11.51,1,0.21,1,0.846,11.15,4.97,-1.587,1,5,0.1799,0.1708,0.1799,0.1835
151.222,1,0.87,-0.75,0.01,5,77.1,20.46,0.1833,-0.0015,0.179,-0.002,0.023,-0.851,-1.551,67.67,11.51,1,0.21,1,0.846,11.15,4.97,-1.587,1,5,0.1816,0.1761,0.1779,0.1816
151.264,1,0.875,-0.75,0.03,5,76.9,20.46,0.1975,0.008,0.179,-0.002,-0.001,-0.848,-1.544,67.67,11.54,1,1.4,1,0.851,11.15,4.95,-1.578,1,5,0.1804,0.1786,0.1749,0.1804
151.29,1,0.865,-0.75,-0.02,5,76.4,20.46,0.2006,0.0069,0.18,-0.002,0.037,-0.846,-1.541,67.72,11.54,1,1.4,1,0.851,11.15,4.95,-1.578,1,5,0.18,0.1782,0.1763,0.1837
151.422,1,0.876,-0.75,-0.37,5,74.9,20.46,0.1646,0.0075,0.196,-0.001,0.01,-0.836,-1.515,67.67,11.54,1,1.4,1,0.85,8.24,0.33,-3.795,1,5,0.1943,0.1961,0.1924,0.1998
151.456,1,0.87,-0.75,-0.27,5,75.8,20.46,0.1598,0.0159,0.198,-0.0,-0.024,-0.833,-1.508,67.67,11.54,1,1.1,1,0.85,8.24,0.33,-3.795,1,5,0.1977,0.1903,0.2051,0.1996
151.494,1,0.875,-0.75,-0.2,5,75.6,20.46,0.1598,0.0135,0.198,0.0,-0.009,-0.831,-1.505,67.67,11.54,1,1.1,1,0.848,9.21,0.41,0.622,1,5,0.1978,0.1923,0.2052,0.1978
151.593,1,0.87,-1.25,-0.58,5,74.0,20.46,0.1739,0.0119,0.18,0.005,-0.069,-0.825,-1.488,67.38,11.54,1,1.1,1,0.844,7.76,-0.34,-0.498,1,5,0.1739,0.1776,0.1924,0.1758
151.663,1,0.858,-1.0,-0.43,5,73.1,20.2,0.1944,0.029,0.174,0.001,-0.029,-0.82,-1.475,67.38,11.57,1,0.24,1,0.846,8.24,-1.13,-5.064,1,5,0.1771,0.1753,0.1753,0.168
151.689,1,0.861,-1.25,-0.66,5,73.5,20.46,0.1704,0.02,0.173,0.004,0.033,-0.819,-1.471,67.38,11.57,1,0.24,1,0.846,8.24,-1.13,-5.064,1,5,0.1728,0.1783,0.1746,0.1655
151.725,1,0.862,-1.0,-0.43,5,73.8,20.44,0.1587,0.0281,0.173,0.004,0.046,-0.816,-1.465,67.44,11.57,1,0.24,1,0.857,8.24,-1.06,-5.08,1,5,0.1677,0.1806,0.1733,0.1714
151.762,1,0.868,-1.0,-0.13,5,74.6,20.44,0.1344,0.0176,0.177,-0.0,-0.032,-0.813,-1.458,67.44,11.57,1,0.24,1,0.836,9.69,-1.19,-5.958,1,5,0.173,0.1803,0.173,0.1822
151.788,1,0.874,-1.25,0.18,5,75.7,20.46,0.1103,0.011,0.178,-0.003,0.002,-0.811,-1.455,67.44,11.57,1,0.24,1,0.836,9.69,-1.19,-5.958,1,5,0.1772,0.1809,0.1679,0.1846
151.895,1,0.863,-1.25,-0.17,5,77.4,20.46,0.1269,0.008,0.157,-0.001,-0.041,-0.804,-1.437,67.44,11.57,1,-1.66,1,0.867,11.15,3.99,-3.709,1,5,0.1497,0.1404,0.17,0.1663
151.961,1,0.859,-1.25,0.2,5,77.4,20.46,0.1299,0.0149,0.148,-0.001,0.033,-0.801,-1.429,67.38,11.57,1,-1.66,1,0.873,11.15,4.02,-3.709,1,5,0.1554,0.1443,0.1499,0.1425
151.991,1,0.857,-1.75,0.69,5,77.0,20.46,0.1438,0.0069,0.144,0.002,0.015,-0.8,-1.427,67.44,11.57,1,-1.66,1,0.873,11.15,4.02,-3.709,1,5,0.1517,0.148,0.1443,0.1332
152.095,1,0.865,-1.75,0.58,5,76.7,20.46,0.1798,-0.0021,0.132,0.0,-0.011,-0.794,-1.412,67.32,11.57,1,-2.09,1,0.88,11.63,5.77,-4.696,1,5,0.1276,0.1276,0.1368,0.1368
152.16,1,0.883,-1.75,0.07,5,76.5,20.46,0.1452,0.0029,0.143,0.001,0.044,-0.79,-1.404,67.32,11.57,1,-2.09,1,0.878,11.63,5.76,-4.695,1,5,0.1425,0.1499,0.1388,0.1407
152.188,1,0.89,-2.0,0.29,5,76.2,20.44,0.1311,0.0145,0.146,0.002,0.062,-0.789,-1.401,67.38,11.57,1,-2.09,1,0.882,11.63,5.79,-4.702,1,5,0.1462,0.1554,0.1406,0.1425
152.261,1,0.896,-1.75,0.15,5,76.5,20.46,0.1068,0.0137,0.145,-0.003,-0.006,-0.784,-1.39,67.38,11.59,1,-2.7,1,0.856,13.57,5.96,-0.936,1,5,0.1458,0.1384,0.1458,0.1513
152.288,1,0.877,-1.25,0.2,5,76.3,20.46,0.1207,0.0126,0.145,-0.005,-0.022,-0.783,-1.388,67.38,11.59,1,-2.7,1,0.856,13.57,5.96,-0.936,1,5,0.1459,0.133,0.1459,0.1533
152.36,1,0.89,-1.75,0.74,5,75.4,20.46,0.1418,0.0055,0.135,0.003,-0.026,-0.78,-1.378,67.27,11.59,1,-2.7,1,0.896,15.51,14.17,-1.697,1,5,0.1406,0.1351,0.1406,0.1221
152.393,1,0.878,-2.25,0.76,5,75.6,20.46,0.156,-0.0015,0.131,0.004,-0.103,-0.779,-1.375,67.15,11.59,1,-2.7,1,0.893,14.54,13.22,-4.429,1,5,0.1369,0.1314,0.1388,0.1184
152.421,1,0.89,-2.99,0.16,5,76.0,20.96,0.1448,0.0052,0.129,0.001,-0.067,-0.776,-1.371,66.92,11.59,1,-2.7,1,0.893,14.54,13.22,-4.429,1,5,0.1333,0.1185,0.1407,0.1222
152.488,1,0.886,-3.24,0.16,5,76.5,20.46,0.1537,0.0255,0.132,-0.003,-0.05,-0.773,-1.363,66.81,11.59,1,-1.96,1,0.896,13.57,11.35,0.59,1,5,0.137,0.1203,0.1388,0.1333
152.559,1,0.889,-3.24,0.29,5,76.4,20.46,0.1742,0.0268,0.136,0.001,0.089,-0.769,-1.353,66.92,11.59,1,-1.96,1,0.904,13.57,9.57,-3.34,1,5,0.1332,0.1406,0.1332,0.1351
152.626,1,0.898,-2.75,0.2,5,76.2,20.46,0.1688,0.0224,0.144,0.001,0.002,-0.765,-1.345,67.09,11.59,1,-1.96,1,0.904,14.06,11.5,-3.606,1,5,0.1334,0.1519,0.1389,0.1537
152.66,1,0.903,-2.75,0.09,5,76.1,20.46,0.1658,0.0185,0.153,0.0,0.041,-0.763,-1.339,67.15,11.62,1,-1.09,1,0.905,14.06,11.2,-4.238,1,5,0.1425,0.1574,0.1481,0.1629
152.692,1,0.896,-2.5,0.28,5,76.5,20.44,0.1458,0.022,0.156,0.0,0.005,-0.762,-1.336,67.15,11.62,1,-1.09,1,0.901,14.54,11.64,-1.413,1,5,0.1444,0.1592,0.1518,0.1666
152.726,1,0.903,-2.25,-0.1,5,76.6,20.46,0.1598,0.0145,0.163,0.0,0.053,-0.759,-1.33,67.21,11.62,1,-1.09,1,0.902,14.54,11.64,-1.422,1,5,0.1556,0.1704,0.1556,0.1686
152.791,1,0.887,-2.0,0.31,5,78.1,20.2,0.181,0.0219,0.161,-0.0,0.007,-0.755,-1.321,67.32,11.62,1,-1.09,1,0.902,15.03,12.58,-2.199,1,5,0.1591,0.1665,0.1554,0.1647
152.89,1,0.874,-2.0,0.46,5,78.1,20.44,0.1735,0.0092,0.167,-0.002,0.028,-0.749,-1.306,67.38,11.62,1,0.1,1,0.898,11.15,2.66,-3.414,1,5,0.1633,0.1706,0.1596,0.1743
152.926,1,0.864,-1.75,0.7,5,77.8,20.46,0.1719,0.0054,0.173,-0.002,0.006,-0.746,-1.299,67.44,11.62,1,0.1,1,0.898,11.15,2.66,-3.414,1,5,0.1721,0.1795,0.163,0.1776
152.988,1,0.849,-1.5,0.9,5,78.2,20.2,0.1356,0.0001,0.178,0.0,0.047,-0.742,-1.289,67.49,11.62,1,0.1,1,0.905,11.15,2.74,-4.976,1,5,0.1715,0.1771,0.1789,0.1844
153.093,1,0.861,-1.0,0.86,5,78.8,19.97,0.1522,-0.0082,0.167,0.0,-0.032,-0.735,-1.273,67.49,11.62,1,0.9,1,0.899,12.12,3.92,-3.375,1,5,0.171,0.1692,0.171,0.1729
153.188,1,0.887,-1.25,0.58,5,78.5,20.46,0.1326,-0.01,0.155,0.004,-0.045,-0.731,-1.262,67.38,11.62,1,0.9,1,0.897,11.63,2.65,-4.655,1,5,0.1461,0.1535,0.1646,0.1553
153.288,1,0.893,-1.25,0.13,5,78.1,20.46,0.1219,0.0001,0.149,0.001,-0.022,-0.725,-1.248,67.32,11.63,1,0.21,1,0.896,11.15,2.69,-4.993,1,5,0.1536,0.1518,0.1481,0.1408
153.326,1,0.888,-1.0,0.57,5,77.8,19.97,0.1291,0.0085,0.142,0.003,0.037,-0.723,-1.243,67.32,11.63,1,0.21,1,0.901,11.63,2.61,-4.661,1,5,0.1409,0.1391,0.1501,0.1373
153.39,1,0.883,-1.25,0.37,5,77.6,20.46,0.1325,-0.0034,0.135,0.001,-0.069,-0.72,-1.235,67.27,11.63,1,0.21,1,0.898,11.63,2.63,-4.657,1,5,0.1293,0.1311,0.1422,0.1385
153.426,1,0.873,-1.5,0.53,5,77.8,19.97,0.1325,0.0039,0.134,-0.0,-0.005,-0.718,-1.23,67.21,11.63,1,0.21,1,0.898,11.63,2.63,-4.657,1,5,0.133,0.1367,0.1293,0.1349
153.488,1,0.888,-1.75,0.57,5,77.5,20.46,0.1536,0.0016,0.132,-0.002,-0.028,-0.715,-1.223,67.21,11.63,1,-1.41,1,0.894,10.66,2.07,-3.403,1,5,0.1386,0.1349,0.1238,0.1293
153.526,1,0.88,-1.75,0.04,5,77.9,20.46,0.1676,0.0025,0.128,-0.0,-0.007,-0.713,-1.219,67.15,11.63,1,-1.41,1,0.894,10.18,1.48,-5.026,1,5,0.1275,0.1257,0.1293,0.1293
153.588,1,0.879,-1.25,0.19,5,77.1,20.46,0.1698,0.0152,0.128,0.0,0.008,-0.71,-1.211,67.21,11.63,1,-1.41,1,0.894,10.66,2.37,-2.617,1,5,0.1229,0.1247,0.1321,0.1321
153.624,1,0.882,-1.25,-0.1,5,76.5,20.46,0.1766,0.0049,0.138,-0.004,0.006,-0.707,-1.206,67.21,11.63,1,-1.41,1,0.851,13.09,2.8,-5.068,1,5,0.1436,0.14,0.1292,0.14
153.688,1,0.885,-1.5,0.05,5,76.7,20.2,0.1861,0.0135,0.151,-0.002,0.031,-0.704,-1.197,67.32,11.64,1,-2.79,1,0.873,15.03,11.62,-1.032,1,5,0.1521,0.1593,0.1376,0.1539
153.725,1,0.884,-1.0,-0.03,5,76.7,20.44,0.1999,0.0124,0.158,0.0,0.051,-0.701,-1.191,67.38,11.64,1,-2.79,1,0.885,15.51,11.09,-0.03,1,5,0.1483,0.1594,0.1557,0.1668
153.788,1,0.88,-1.0,0.24,5,76.6,20.44,0.1744,0.0088,0.169,-0.001,-0.01,-0.697,-1.182,67.44,11.64,1,-2.79,1,0.884,15.51,10.86,-3.772,1,5,0.1593,0.1704,0.1649,0.1797
153.824,1,0.88,-1.0,0.4,5,77.0,20.44,0.1625,0.0023,0.177,0.0,0.04,-0.694,-1.175,67.49,11.64,1,-2.79,1,0.879,15.51,10.81,-2.316,1,5,0.1722,0.1888,0.1648,0.1814
153.857,1,0.873,-1.0,0.17,5,76.8,20.44,0.1768,-0.0022,0.182,-0.001,0.024,-0.693,-1.171,67.49,11.64,1,-1.92,1,0.879,15.51,10.81,-2.316,1,5,0.1778,0.1889,0.1723,0.1871
153.888,1,0.878,-0.5,0.31,5,76.9,20.44,0.1908,0.004,0.184,-0.001,0.049,-0.69,-1.165,67.61,11.64,1,-1.92,1,0.891,15.51,11.77,-1.902,1,5,0.1779,0.1816,0.1835,0.1928
153.926,1,0.868,-0.5,0.37,5,76.8,20.44,0.2047,-0.0064,0.183,-0.001,-0.029,-0.687,-1.158,67.61,11.64,1,-1.92,1,0.886,15.99,12.52,-3.245,1,5,0.176,0.1741,0.1889,0.1926
153.987,1,0.852,-0.5,0.15,5,77.1,20.81,0.2042,-0.0072,0.187,0.0,0.045,-0.683,-1.147,67.55,11.64,1,-1.92,1,0.898,15.51,12.37,-0.674,1,5,0.1925,0.1944,0.1814,0.1814
154.094,1,0.867,-0.5,0.25,5,76.5,20.81,0.1887,-0.0,0.196,0.003,-0.004,-0.674,-1.125,67.49,11.64,1,-0.64,1,0.873,11.63,6.55,0.3,1,5,0.1924,0.198,0.1998,0.1924
154.12,1,0.893,-0.25,-0.16,5,75.7,20.81,0.1769,-0.0023,0.196,0.004,0.008,-0.673,-1.122,67.49,11.64,1,-0.64,1,0.873,11.63,6.55,0.3,1,5,0.196,0.2015,0.1997,0.1886
154.162,1,0.887,-0.5,0.11,5,75.6,20.81,0.191,0.006,0.195,0.003,-0.032,-0.67,-1.115,67.44,11.64,1,-0.64,1,0.887,11.63,3.59,-2.601,1,5,0.1941,0.196,0.1997,0.1886
154.187,1,0.879,-0.75,0.07,5,75.6,21.02,0.1976,0.0014,0.195,0.004,-0.032,-0.668,-1.111,67.38,11.64,1,-0.64,1,0.887,11.63,3.59,-2.601,1,5,0.1886,0.196,0.2015,0.1923
154.226,1,0.878,-1.0,-0.19,5,76.1,21.02,0.1971,0.0056,0.195,0.002,-0.028,-0.665,-1.103,67.32,11.64,1,-0.64,1,0.891,10.66,2.38,-2.619,1,5,0.1909,0.1909,0.2037,0.1946
154.287,1,0.895,-1.0,-0.39,5,76.2,21.02,0.1968,0.0154,0.197,-0.0,-0.006,-0.661,-1.092,67.27,11.65,1,0.94,1,0.898,10.66,2.34,-2.626,1,5,0.2003,0.1912,0.2022,0.1949
154.32,1,0.902,-1.25,0.07,5,75.6,21.02,0.1968,0.021,0.199,0.001,0.006,-0.658,-1.085,67.27,11.65,1,0.94,1,0.898,10.66,2.34,-2.626,1,5,0.1979,0.1979,0.2015,0.1979
154.358,1,0.897,-1.5,-0.41,5,75.9,21.02,0.1968,0.0104,0.201,0.002,0.012,-0.655,-1.077,67.27,11.65,1,0.94,1,0.898,10.66,2.34,-2.626,1,5,0.198,0.2035,0.2017,0.1998
154.388,1,0.897,-1.5,-0.44,5,76.2,21.02,0.201,0.0268,0.2,0.002,0.023,-0.653,-1.074,67.27,11.65,1,0.94,1,0.915,9.69,3.65,-2.496,1,5,0.2002,0.2057,0.1984,0.1965
154.487,1,0.908,-1.75,-0.21,5,76.6,21.02,0.1772,0.0257,0.2,0.001,-0.04,-0.645,-1.055,67.27,11.65,1,0.43,1,0.938,9.69,3.47,-4.833,1,5,0.1943,0.2017,0.2017,0.2035
154.52,1,0.913,-1.75,-0.19,5,76.3,21.02,0.1652,0.0222,0.201,0.0,0.022,-0.642,-1.047,67.32,11.65,1,0.43,1,0.938,9.69,3.47,-4.833,1,5,0.1987,0.2079,0.195,0.2024
154.587,1,0.915,-1.25,-0.07,5,76.7,21.02,0.1546,0.0207,0.196,0.0,0.007,-0.638,-1.037,67.32,11.65,1,0.43,1,0.947,10.66,2.4,-2.614,1,5,0.1892,0.1965,0.1947,0.202
154.62,1,0.918,-1.5,-0.11,5,76.6,21.02,0.1617,0.0116,0.19,0.001,0.018,-0.635,-1.03,67.32,11.65,1,0.43,1,0.947,10.66,2.4,-2.614,1,5,0.1811,0.1848,0.1977,0.1959
154.66,1,0.912,-1.75,0.18,5,76.4,20.46,0.1758,0.0162,0.185,-0.001,-0.029,-0.632,-1.023,67.27,11.63,1,-0.22,1,0.954,10.18,2.91,-3.742,1,5,0.1871,0.1815,0.1871,0.1852
154.687,1,0.912,-1.75,-0.07,5,76.2,21.02,0.1615,0.0119,0.183,-0.0,-0.063,-0.631,-1.02,67.21,11.63,1,-0.22,1,0.954,10.18,2.91,-3.742,1,5,0.1863,0.1808,0.1844,0.1808
154.724,1,0.913,-1.75,-0.4,5,76.2,21.02,0.1615,0.018,0.177,0.002,0.014,-0.628,-1.013,67.27,11.63,1,-0.22,1,0.96,9.69,2.48,-6.778,1,5,0.1751,0.177,0.1806,0.1733
154.758,1,0.917,-1.75,0.17,5,76.5,20.46,0.137,0.0247,0.171,0.005,-0.054,-0.626,-1.007,67.15,11.63,1,-0.22,1,0.947,10.18,1.94,-5.76,1,5,0.1628,0.1719,0.1811,0.1683
154.819,1,0.917,-2.25,0.07,5,76.3,20.46,0.1015,0.013,0.164,0.004,-0.029,-0.622,-0.998,67.09,11.63,1,-0.22,1,0.942,9.69,1.44,-7.313,1,5,0.1673,0.1673,0.1692,0.1526
154.858,1,0.91,-2.5,0.36,5,77.3,20.44,0.09,0.0205,0.158,0.001,-0.063,-0.62,-0.992,66.98,11.63,1,-1.21,1,0.943,9.69,0.18,-4.733,1,5,0.165,0.152,0.165,0.1483
154.921,1,0.924,-2.99,-0.36,5,76.2,20.44,0.1107,0.0174,0.144,-0.002,-0.078,-0.616,-0.985,66.81,11.63,1,-1.21,1,0.953,9.69,0.19,-4.753,1,5,0.1408,0.1204,0.163,0.15
154.957,1,0.925,-2.99,-1.02,5,76.1,20.44,0.125,0.0363,0.136,0.001,0.006,-0.614,-0.98,66.75,11.63,1,-1.21,1,0.952,9.21,0.27,-5.042,1,5,0.1351,0.124,0.1499,0.1332
155.02,1,0.918,-3.24,-0.06,5,75.4,20.44,0.1083,0.046,0.126,0.005,-0.042,-0.612,-0.973,66.75,11.63,1,-1.21,1,0.939,10.18,-0.93,-6.759,1,5,0.135,0.1368,0.1257,0.1072
155.119,1,0.918,-3.49,-0.42,5,75.7,19.97,0.0917,0.031,0.108,-0.002,0.024,-0.607,-0.963,66.69,11.63,1,-4.27,1,0.947,13.09,7.84,-7.25,1,5,0.1001,0.0983,0.115,0.1205
155.226,1,0.923,-3.49,-0.38,5,76.0,19.97,0.0988,0.0393,0.096,-0.003,0.09,-0.603,-0.954,66.86,11.63,1,-4.27,1,0.94,16.48,15.37,-3.056,1,5,0.1034,0.1089,0.0775,0.096
155.258,1,0.912,-3.74,-0.01,5,76.5,20.2,0.1066,0.0385,0.094,-0.002,0.02,-0.602,-0.951,66.92,11.62,1,-5.49,1,0.955,16.96,15.61,-2.328,1,5,0.1,0.1092,0.0759,0.0926
155.32,1,0.923,-3.74,-0.41,5,77.2,19.85,0.1267,0.0346,0.091,-0.0,0.074,-0.6,-0.946,66.98,11.62,1,-5.49,1,0.961,16.48,16.1,-3.201,1,5,0.0796,0.0944,0.087,0.1018
155.487,1,0.912,-1.5,0.96,5,76.3,20.44,0.1677,0.0443,0.115,-0.001,0.099,-0.593,-0.93,67.72,11.62,1,-3.74,1,0.969,19.39,18.63,0.0,0,5,0.1074,0.1333,0.0944,0.1259
155.526,1,0.928,-1.25,0.93,5,76.0,20.2,0.1614,-0.0164,0.13,-0.005,0.024,-0.591,-0.925,67.84,11.62,1,-3.74,1,0.965,20.36,19.68,0.0,0,5,0.1296,0.1444,0.1055,0.1407
155.558,1,0.931,-1.0,1.17,5,75.4,20.44,0.1614,-0.0174,0.14,-0.006,0.125,-0.588,-0.92,67.95,11.62,1,-3.74,1,0.969,20.84,19.24,0.0,0,5,0.1371,0.1463,0.1223,0.1556
155.625,1,0.928,-0.5,0.99,5,73.8,19.97,0.1629,-0.0229,0.149,0.0,0.007,-0.585,-0.911,68.07,11.62,1,-3.74,1,0.927,17.93,18.1,0.0,0,5,0.1333,0.1518,0.1462,0.1629
155.657,1,0.925,-0.5,0.96,5,73.9,19.97,0.1705,-0.0249,0.152,0.005,0.012,-0.583,-0.906,68.07,11.62,1,1.5,1,0.892,12.6,8.22,-0.352,1,5,0.1424,0.159,0.1535,0.1516
155.686,1,0.917,-0.5,0.93,5,71.4,19.97,0.184,-0.0244,0.152,0.004,-0.044,-0.582,-0.903,68.07,11.62,1,1.5,1,0.892,12.6,8.22,-0.352,1,5,0.148,0.1591,0.1536,0.148
155.721,1,0.917,-0.5,0.54,5,70.4,19.97,0.1909,-0.0239,0.155,0.002,-0.022,-0.579,-0.897,67.95,11.62,1,1.5,1,0.892,12.6,8.22,-0.352,1,5,0.1591,0.1591,0.1554,0.148
155.82,1,0.842,0.25,0.53,5,65.1,20.46,0.207,-0.0123,0.176,0.004,0.025,-0.573,-0.88,68.07,11.62,1,1.5,1,0.962,9.69,-4.02,-5.352,1,5,0.165,0.1798,0.1798,0.1798
155.89,1,0.82,0.0,0.15,5,63.2,20.44,0.1588,-0.0168,0.191,0.0,0.025,-0.569,-0.87,67.95,11.62,1,2.95,1,0.95,9.21,-3.35,-4.098,1,5,0.1887,0.1906,0.1906,0.1924
155.92,1,0.818,0.25,0.16,5,63.5,20.2,0.1502,-0.0039,0.198,-0.0,0.017,-0.566,-0.862,68.01,11.62,1,2.95,1,0.95,9.21,-3.35,-4.098,1,5,0.1997,0.196,0.1997,0.1978
155.99,1,0.818,-0.5,0.28,5,64.2,21.02,0.127,-0.006,0.194,0.005,-0.165,-0.562,-0.851,67.84,11.62,1,2.95,1,0.91,8.72,-2.82,-3.602,1,5,0.1906,0.198,0.1998,0.1869
156.019,1,0.824,-0.5,-0.65,5,64.5,20.44,0.1339,0.0008,0.185,0.0,0.029,-0.559,-0.845,67.72,11.62,1,2.95,1,0.91,8.72,-2.82,-3.602,1,5,0.1906,0.1796,0.1906,0.1777
156.057,1,0.801,0.0,-0.24,5,63.3,20.44,0.1481,0.0207,0.174,-0.0,-0.083,-0.556,-0.838,67.61,11.62,1,-0.3,1,0.91,8.72,-2.82,-3.602,1,5,0.1814,0.1612,0.1869,0.1667
156.092,1,0.809,-0.5,0.13,5,62.9,20.44,0.1242,0.0042,0.17,0.002,-0.054,-0.555,-0.835,67.55,11.62,1,-0.3,1,0.898,7.76,-3.53,-6.069,1,5,0.1742,0.1558,0.187,0.1613
156.119,1,0.813,-0.75,-0.88,5,62.7,20.46,0.1125,0.0034,0.161,0.011,-0.062,-0.554,-0.829,67.44,11.62,1,-0.3,1,0.898,7.76,-3.53,-6.069,1,5,0.1561,0.1598,0.1855,0.1433
156.157,1,0.815,-1.5,-0.78,5,63.0,20.44,0.09,0.0236,0.157,0.011,-0.065,-0.551,-0.823,67.21,11.62,1,-0.3,1,0.898,6.79,-6.19,-4.096,1,5,0.1597,0.1597,0.1762,0.1322
156.221,1,0.826,-1.0,-1.2,5,63.7,20.44,0.1108,0.0297,0.145,0.005,-0.042,-0.548,-0.816,67.04,11.62,1,-0.3,1,0.853,9.21,-6.71,-4.673,1,5,0.1497,0.1349,0.1645,0.1293
156.258,1,0.838,-1.0,-1.75,5,64.4,20.44,0.1251,0.0329,0.13,0.008,-0.044,-0.547,-0.811,66.86,11.61,1,-3.61,1,0.88,11.15,-0.73,-5.66,1,5,0.122,0.1201,0.1552,0.122
156.319,1,0.855,-1.0,-1.62,5,65.0,20.56,0.1085,0.0396,0.117,0.007,-0.034,-0.544,-0.804,66.81,11.61,1,-3.61,1,0.869,13.57,7.38,-5.073,1,5,0.1109,0.1201,0.1293,0.109
156.42,1,0.886,-2.0,-1.58,5,67.6,20.44,0.1401,0.0446,0.113,0.002,-0.036,-0.541,-0.796,66.75,11.61,1,-3.61,1,0.862,16.96,12.51,-4.367,1,5,0.1217,0.118,0.1125,0.1014
156.526,1,0.886,-1.0,-1.87,5,67.9,20.44,0.1695,0.0597,0.116,0.007,0.064,-0.537,-0.785,66.92,11.61,1,-5.28,1,0.902,18.42,15.25,-1.787,1,5,0.096,0.1292,0.1163,0.1218
156.558,1,0.899,-0.5,-1.99,5,69.3,20.44,0.1769,0.056,0.12,0.007,0.064,-0.535,-0.78,67.09,11.61,1,-5.28,1,0.906,18.42,16.67,-1.977,1,5,0.1017,0.1442,0.1091,0.1239
156.591,1,0.907,-0.5,-1.47,5,69.8,20.44,0.1795,0.055,0.122,0.003,0.095,-0.534,-0.778,67.15,11.61,1,-5.28,1,0.904,19.39,15.49,-2.154,1,5,0.1091,0.1479,0.1017,0.1294
156.619,1,0.906,-0.5,-1.21,5,69.9,20.44,0.1864,0.0429,0.131,-0.001,0.168,-0.532,-0.774,67.44,11.61,1,-5.28,1,0.904,19.39,15.49,-2.154,1,5,0.1207,0.1531,0.1062,0.1423
156.726,1,0.904,0.0,-0.56,5,69.7,20.56,0.1614,0.0337,0.164,-0.005,0.04,-0.524,-0.756,67.95,11.59,1,-2.86,1,0.888,18.42,19.67,0.0,0,5,0.1493,0.1733,0.1438,0.188
156.827,1,0.898,0.25,-0.21,5,69.1,20.56,0.1849,0.0143,0.169,-0.007,0.054,-0.517,-0.741,68.35,11.59,1,-2.86,1,0.89,15.51,13.12,-0.642,1,5,0.1666,0.174,0.1499,0.187
156.955,1,0.893,0.25,-0.34,5,68.6,20.57,0.1321,0.0017,0.172,-0.006,-0.013,-0.51,-0.725,68.47,11.59,1,0.45,1,0.898,13.09,4.54,-4.494,1,5,0.1682,0.1774,0.1552,0.1885
157.025,1,0.873,0.5,0.5,5,67.2,20.56,0.1466,0.0053,0.166,-0.005,-0.017,-0.504,-0.709,68.87,11.59,1,0.45,1,0.9,14.06,7.77,-3.584,1,5,0.1529,0.1638,0.1584,0.1875
157.19,1,0.844,0.25,0.85,5,65.1,21.02,0.155,-0.0167,0.148,-0.008,0.066,-0.495,-0.69,68.87,11.59,1,0.47,1,0.884,13.57,6.31,-5.469,1,5,0.1647,0.1406,0.1406,0.148
157.258,1,0.847,-0.25,0.65,5,64.9,21.02,0.1575,-0.0224,0.142,-0.002,-0.038,-0.491,-0.679,68.75,11.58,1,0.62,1,0.858,13.09,6.99,-2.76,1,5,0.1424,0.1424,0.1368,0.1461
157.357,1,0.826,0.25,0.17,5,63.6,21.02,0.1537,-0.0123,0.145,-0.001,0.031,-0.485,-0.666,68.75,11.58,1,0.62,1,0.783,13.57,9.53,0.0,0,5,0.1424,0.1424,0.1442,0.1498
157.418,1,0.848,0.25,0.44,5,64.7,20.56,0.1744,-0.0074,0.149,-0.002,-0.002,-0.482,-0.657,68.81,11.58,1,0.62,1,0.776,13.57,10.9,0.0,0,5,0.1469,0.1524,0.1414,0.1561
157.525,1,0.816,-0.25,0.73,5,62.7,21.02,0.1958,-0.0152,0.163,-0.003,0.018,-0.474,-0.639,68.81,11.58,1,2.1,1,0.775,10.18,13.84,0.0,0,5,0.1608,0.1608,0.1589,0.17
157.622,1,0.83,0.25,0.38,5,63.2,21.11,0.1791,-0.0165,0.179,-0.0,-0.005,-0.469,-0.626,68.81,11.58,1,2.1,1,0.688,6.3,27.85,0.0,0,5,0.1793,0.1812,0.1775,0.1793
157.653,1,0.819,0.25,-0.22,5,61.7,21.02,0.1546,-0.0121,0.182,-0.001,-0.008,-0.468,-0.622,68.81,11.58,1,2.1,1,0.688,6.3,27.85,0.0,0,5,0.1851,0.1833,0.1777,0.1814
157.717,1,0.817,0.75,0.59,5,61.6,20.81,0.1195,0.0015,0.177,-0.003,0.03,-0.463,-0.609,68.93,11.6,1,4.38,1,0.722,6.3,41.97,0.0,0,5,0.1776,0.1739,0.1739,0.1813
157.756,1,0.827,0.5,0.12,5,62.6,21.02,0.095,-0.0186,0.171,0.002,-0.041,-0.46,-0.603,68.81,11.6,1,4.38,1,0.704,2.42,52.98,0.0,0,5,0.1641,0.1733,0.1733,0.1733
157.856,1,0.836,1.25,0.03,5,63.4,21.02,0.09,-0.0069,0.147,-0.004,-0.018,-0.455,-0.589,68.81,11.6,1,10.45,1,0.597,-2.42,67.67,0.0,0,5,0.1572,0.1368,0.1498,0.1461
157.923,1,0.833,1.25,0.03,5,62.8,20.81,0.09,-0.0135,0.128,0.01,-0.1,-0.453,-0.582,68.75,11.6,1,10.45,1,0.527,-6.79,69.87,0.0,0,5,0.1257,0.1367,0.1386,0.1109
158.053,1,0.826,0.75,-0.76,5,62.3,20.81,0.09,-0.0121,0.098,0.005,-0.068,-0.449,-0.57,68.18,11.6,1,10.45,1,0.516,-16.96,71.75,0.0,0,5,0.1049,0.0902,0.1159,0.081
158.153,1,0.828,0.25,-1.0,5,62.5,20.56,0.09,0.0072,0.082,0.0,-0.02,-0.446,-0.563,68.01,11.6,1,18.28,1,0.517,-26.17,71.43,0.0,0,5,0.0896,0.0717,0.0932,0.0735
158.255,1,0.842,0.25,-1.0,5,63.3,20.56,0.09,0.0161,0.067,0.003,0.027,-0.444,-0.556,68.07,11.6,1,18.28,1,0.523,-34.9,69.71,0.0,0,5,0.0646,0.0739,0.0665,0.0628
158.318,1,0.856,0.25,-1.16,5,64.5,20.44,0.09,0.0157,0.063,0.001,-0.024,-0.442,-0.552,68.01,11.58,1,23.73,1,0.545,-35.38,69.59,0.0,0,5,0.0623,0.0733,0.055,0.0605
158.354,1,0.867,0.25,-1.04,5,65.3,20.46,0.09,0.0183,0.062,-0.001,-0.02,-0.442,-0.551,68.01,11.58,1,23.73,1,0.547,-35.87,69.18,0.0,0,5,0.0623,0.0696,0.0531,0.0641
158.389,1,0.869,0.25,-1.17,5,65.5,20.56,0.09,0.0161,0.064,-0.004,0.003,-0.441,-0.549,68.01,11.58,1,23.73,1,0.54,-33.93,69.18,0.0,0,5,0.066,0.066,0.0532,0.0697
158.45,1,0.865,0.25,-1.3,5,65.1,20.46,0.09,0.0183,0.066,-0.002,0.013,-0.439,-0.545,68.01,11.58,1,23.73,1,0.534,-31.99,68.62,0.0,0,5,0.0655,0.0637,0.0637,0.0692
158.488,1,0.874,0.0,-1.08,5,65.7,20.44,0.09,0.0205,0.068,-0.0,0.042,-0.438,-0.542,68.12,11.58,1,28.7,1,0.549,-29.08,67.79,0.0,0,5,0.0642,0.066,0.0697,0.0734
158.522,1,0.885,0.25,-1.02,5,66.9,20.46,0.09,0.0198,0.068,-0.002,0.042,-0.437,-0.54,68.24,11.58,1,28.7,1,0.571,-28.6,67.69,0.0,0,5,0.0628,0.0628,0.0702,0.0776
158.656,1,0.851,0.25,2.59,5,70.4,20.56,0.09,0.0154,0.074,0.001,-0.014,-0.433,-0.53,68.47,11.57,1,33.62,1,0.595,-22.78,64.95,0.0,0,5,0.0699,0.0846,0.0662,0.0772
158.753,1,0.749,0.25,-0.83,4,73.7,20.45,0.09,-0.0475,0.075,-0.003,-0.016,-0.43,-0.525,68.41,11.57,1,33.62,1,0.624,-20.36,63.43,0.0,0,5,0.0777,0.0758,0.0684,0.0795
158.82,1,0.704,0.25,2.69,4,72.6,20.25,0.09,0.0122,0.077,-0.005,0.035,-0.428,-0.519,68.41,11.57,1,33.62,1,0.636,-21.33,58.53,0.0,0,5,0.0869,0.0703,0.074,0.0777
158.852,1,0.668,0.25,3.97,4,72.2,20.25,0.09,-0.0492,0.077,-0.003,-0.014,-0.427,-0.518,68.41,11.57,1,33.62,1,0.636,-21.33,58.53,0.0,0,5,0.0832,0.0702,0.0776,0.0776
158.95,1,0.544,0.25,1.35,3,71.3,20.46,0.09,-0.0715,0.079,0.002,-0.001,-0.425,-0.51,68.47,11.57,1,39.47,1,0.704,-15.99,57.43,0.0,0,5,0.0776,0.0832,0.0795,0.0776
159.021,1,0.472,-0.25,8.65,3,69.9,20.57,0.09,-0.0259,0.082,0.005,-0.151,-0.422,-0.504,68.3,11.57,1,39.47,1,0.75,-16.48,50.87,0.0,0,5,0.0832,0.0869,0.0869,0.0721
159.048,1,0.441,-0.5,9.35,3,68.3,20.57,0.09,-0.1473,0.082,0.003,-0.058,-0.422,-0.502,68.18,11.57,1,39.47,1,0.75,-16.48,50.87,0.0,0,5,0.0833,0.0814,0.0888,0.0759
159.121,1,0.378,-1.0,11.89,3,65.5,23.73,0.09,-0.1575,0.08,-0.003,-0.056,-0.419,-0.496,67.95,11.57,1,45.0,1,0.771,-9.69,49.9,0.0,0,5,0.0925,0.0685,0.087,0.074
159.152,1,0.349,-1.5,27.7,3,62.6,28.48,0.09,-0.1963,0.08,-0.003,-0.018,-0.418,-0.495,67.9,11.57,1,45.0,1,0.78,-7.76,49.7,0.0,0,5,0.0943,0.0666,0.0869,0.0721
159.223,1,0.368,-2.75,44.44,4,58.9,26.35,0.09,-0.4677,0.083,-0.005,-0.096,-0.416,-0.489,67.55,11.57,1,45.0,1,0.783,-3.88,49.22,0.0,0,5,0.0994,0.0589,0.0975,0.0773
159.252,1,0.241,-1.75,0.0,2,54.9,32.53,0.09,-0.5455,0.084,-0.005,-0.113,-0.415,-0.487,67.38,11.57,1,45.0,1,0.787,-1.94,49.1,0.0,0,5,0.103,0.0589,0.0994,0.0754
159.321,1,0.24,0.25,50.5,3,47.1,34.44,0.09,-0.1881,0.091,-0.001,-0.307,-0.412,-0.48,66.23,11.57,1,45.0,1,0.797,0.0,48.06,0.0,0,5,0.1369,0.05,0.1295,0.0463
159.353,1,0.247,1.75,51.1,3,41.0,34.28,0.09,-0.4309,0.093,-0.0,-0.349,-0.411,-0.479,65.83,11.57,1,45.0,1,0.805,0.97,46.43,0.0,0,5,0.1498,0.0481,0.1387,0.037
159.453,1,0.086,15.72,0.0,2,33.9,28.88,0.09,-0.5455,0.102,0.015,-0.26,-0.408,-0.469,64.4,11.57,1,45.0,1,0.828,6.79,43.53,0.0,0,5,0.1353,0.0797,0.1557,0.0389
159.488,1,0.129,18.22,0.0,2,34.8,28.12,0.0656,-0.3977,0.1,0.012,-0.415,-0.406,-0.465,63.54,11.57,1,45.0,1,0.839,7.76,41.6,0.0,0,5,0.1388,0.0611,0.1611,0.037
159.553,1,0.125,21.46,0.0,2,35.1,26.58,0.045,-0.2727,0.089,0.002,-0.444,-0.404,-0.461,61.82,11.57,1,45.0,1,0.865,7.76,36.9,0.0,0,5,0.1622,0.0147,0.1677,0.0111
159.653,1,0.11,22.96,0.0,2,37.1,24.52,0.045,-0.2727,0.073,0.006,-0.353,-0.401,-0.454,59.42,11.57,1,45.0,1,0.885,8.24,31.93,0.0,0,5,0.1387,0.0,0.1572,-0.0037
159.753,1,0.098,24.21,0.0,2,37.9,23.25,0.0,-0.6,0.049,-0.004,-0.24,-0.398,-0.45,57.64,11.58,1,40.62,1,0.88,11.63,30.08,0.0,0,5,0.1072,-0.0018,0.0924,-0.0018
159.853,1,0.14,20.21,0.0,2,40.1,26.12,0.0,-0.6,0.02,0.006,-0.461,-0.398,-0.448,55.58,11.58,1,40.62,1,0.876,5.33,26.58,0.0,0,5,0.0833,-0.0426,0.0944,-0.0537
159.886,1,0.15,17.47,0.0,2,41.0,27.16,0.0,-0.6,0.006,0.0,-0.484,-0.398,-0.448,54.43,11.58,1,40.62,1,0.874,1.94,23.14,0.0,0,5,0.0869,-0.0758,0.0887,-0.0758
159.952,1,0.241,12.23,39.25,3,43.9,26.9,0.0,-0.6,-0.003,-0.0,-0.484,-0.398,-0.448,52.77,11.58,1,40.62,1,0.877,-1.45,19.7,0.0,0,5,0.0825,-0.088,0.0807,-0.088
159.982,1,0.328,9.48,38.06,4,45.3,26.92,0.0,-0.6,-0.006,-0.0,-0.526,-0.398,-0.448,51.62,11.58,1,40.62,1,0.884,-4.36,15.94,0.0,0,5,0.077,-0.0898,0.077,-0.0898
160.049,1,0.445,3.74,37.62,4,53.0,26.24,0.0211,-0.128,-0.007,-0.002,-0.519,-0.398,-0.449,49.73,11.58,1,40.62,1,0.871,-11.15,8.15,0.0,0,5,0.0826,-0.0972,0.0789,-0.0917
160.082,1,0.636,0.5,37.78,5,58.6,25.84,0.0281,-0.17,-0.007,-0.0,-0.451,-0.398,-0.449,48.64,11.58,1,42.12,1,0.871,-11.15,8.15,0.0,0,5,0.0789,-0.0991,0.0844,-0.0918
160.152,1,0.675,-3.49,36.93,5,63.5,25.0,0.0562,-0.3407,-0.007,0.0,-0.334,-0.399,-0.449,47.56,11.58,1,42.12,1,0.88,-26.66,-13.45,6.12,1,5,0.0683,-0.0809,0.0683,-0.0827
160.187,1,0.779,-5.49,37.25,5,65.4,25.0,0.0701,-0.425,-0.001,-0.0,-0.287,-0.398,-0.449,46.93,11.58,1,42.12,1,0.909,-31.02,-19.84,0.0,0,5,0.0629,-0.0503,0.0485,-0.0647
160.254,1,0.783,-6.99,35.92,5,65.6,24.79,0.09,-0.5455,0.025,-0.008,-0.289,-0.396,-0.448,45.72,11.58,1,42.12,1,0.95,-34.41,-26.78,0.0,0,5,0.072,-0.0295,0.048,-0.024
160.287,1,0.786,-7.49,35.99,5,65.5,24.26,0.09,-0.5455,0.033,-0.009,-0.329,-0.395,-0.447,45.38,11.6,1,45.0,1,0.95,-35.87,-28.06,0.0,0,5,0.0907,-0.0241,0.0722,-0.0056
160.355,1,0.703,-8.98,35.25,5,66.7,24.48,0.09,-0.5455,0.073,-0.005,-0.507,-0.391,-0.443,43.26,11.6,1,45.0,1,0.941,-39.74,-33.2,0.0,0,5,0.1404,-0.0092,0.1293,0.0
160.387,1,0.743,-8.73,33.84,5,65.6,24.26,0.09,-0.5254,0.082,-0.004,-0.413,-0.389,-0.442,42.69,11.6,1,45.0,1,0.943,-41.2,-36.97,0.0,0,5,0.1699,-0.0018,0.157,0.0018
160.449,1,0.736,-9.23,32.15,5,65.2,23.89,0.09,-0.508,0.091,-0.0,-0.5,-0.385,-0.438,41.08,11.6,1,45.0,1,0.948,-42.65,-38.67,0.0,0,5,0.1793,0.0037,0.1775,0.0018
160.489,1,0.691,-13.48,33.07,5,65.8,23.26,0.09,-0.474,0.091,0.003,-0.553,-0.383,-0.436,39.82,11.6,1,45.0,1,0.931,-47.5,-43.89,0.0,0,5,0.1755,0.0037,0.1829,0.0
160.549,1,0.75,-11.73,29.11,5,67.3,23.35,0.09,-0.4443,0.089,0.003,-0.458,-0.379,-0.432,38.16,11.6,1,45.0,1,0.927,-48.95,-47.54,0.0,0,5,0.1718,0.0055,0.1774,0.0
160.588,1,0.754,-20.21,30.78,5,67.5,22.77,0.09,-0.4001,0.091,0.007,-0.469,-0.376,-0.43,37.13,11.6,1,45.0,1,0.912,-52.35,-50.69,0.0,0,5,0.1663,0.0129,0.1829,0.0018
160.648,1,0.327,-5.54,25.48,4,66.8,22.44,0.09,-0.3351,0.089,0.006,-0.494,-0.372,-0.427,35.47,11.6,1,45.0,1,0.901,-54.29,-52.53,0.0,0,5,0.1644,0.0129,0.1754,0.0018
160.686,1,0.761,-16.72,25.98,5,68.5,22.19,0.09,-0.423,0.083,-0.001,-0.47,-0.369,-0.425,34.38,11.59,1,40.5,1,0.881,-58.16,-55.11,0.0,0,5,0.1662,0.0037,0.1607,0.0018
160.752,1,0.816,-14.97,23.84,5,68.1,21.62,0.1042,-0.2924,0.09,-0.003,-0.335,-0.364,-0.422,33.12,11.59,1,40.5,1,0.89,-55.74,-55.0,0.0,0,5,0.1616,0.0129,0.1616,0.0239
160.821,1,0.813,-17.22,22.88,5,68.8,21.42,0.125,-0.337,0.087,-0.005,-0.375,-0.358,-0.418,31.28,11.59,1,40.5,1,0.913,-48.47,-47.67,0.0,0,5,0.158,0.011,0.1525,0.0257
160.848,1,0.817,-18.47,22.49,5,68.4,21.42,0.139,-0.3358,0.086,-0.005,-0.315,-0.357,-0.418,30.88,11.59,1,40.5,1,0.913,-48.47,-47.67,0.0,0,5,0.1553,0.0148,0.1461,0.0259
160.887,1,0.834,-17.47,21.22,5,67.7,21.1,0.1444,-0.3296,0.098,-0.005,-0.23,-0.353,-0.415,30.37,11.59,1,28.5,1,0.913,-48.47,-47.67,0.0,0,5,0.1573,0.037,0.148,0.0481
160.949,1,0.836,-17.47,20.48,5,67.5,21.02,0.1521,-0.3393,0.115,-0.003,-0.314,-0.346,-0.412,29.34,11.59,1,28.5,1,0.909,-36.35,-37.65,0.0,0,5,0.1658,0.059,0.164,0.07
161.047,1,0.832,-16.97,18.07,5,67.5,20.81,0.1565,-0.3349,0.144,-0.003,-0.269,-0.333,-0.405,27.5,11.59,1,28.5,1,0.917,-29.08,-26.03,0.0,0,5,0.1978,0.0806,0.2014,0.0952
161.187,1,0.819,-15.97,15.84,5,65.8,20.96,0.171,-0.3148,0.169,-0.002,-0.311,-0.313,-0.395,25.27,11.59,1,16.5,1,0.835,-12.12,0.68,3.008,1,5,0.2203,0.1208,0.2132,0.1208
161.247,1,0.82,-16.72,14.49,5,65.7,20.46,0.1845,-0.2933,0.174,-0.005,-0.368,-0.304,-0.391,24.06,11.59,1,16.5,1,0.915,-10.18,6.04,3.888,1,5,0.2271,0.1108,0.2271,0.1293
161.347,1,0.815,-16.72,13.08,5,64.6,20.46,0.1519,-0.1894,0.189,-0.002,-0.277,-0.286,-0.384,22.46,11.61,1,4.5,1,0.863,1.94,26.45,0.0,0,5,0.2368,0.1388,0.235,0.1443
161.448,1,0.771,-14.97,11.45,5,61.8,20.0,0.092,-0.0777,0.19,0.001,-0.165,-0.268,-0.377,21.43,11.61,1,4.5,1,0.898,7.76,34.98,0.0,0,5,0.2146,0.1573,0.2239,0.1628
161.548,1,0.795,-13.23,10.55,5,63.5,20.46,0.09,-0.0675,0.171,0.006,-0.184,-0.253,-0.37,20.74,11.61,1,1.08,1,0.903,8.72,31.67,0.0,0,5,0.1885,0.1589,0.194,0.1423
161.586,1,0.793,-12.48,10.05,5,62.8,20.0,0.09,-0.0716,0.163,0.006,-0.095,-0.247,-0.367,20.45,11.61,1,1.08,1,0.891,9.21,30.01,0.0,0,5,0.1766,0.1546,0.184,0.1362
161.648,1,0.756,-11.98,10.07,5,58.9,20.2,0.09,-0.0681,0.148,0.006,-0.132,-0.239,-0.364,20.0,11.61,1,1.08,1,0.872,8.24,31.34,0.0,0,5,0.1509,0.127,0.1803,0.1343
161.687,1,0.728,-11.48,9.51,5,56.2,20.04,0.09,-0.0726,0.137,0.003,0.01,-0.234,-0.362,19.94,11.6,1,5.13,1,0.873,4.36,19.05,0.0,0,5,0.1462,0.1185,0.1611,0.1222
161.748,1,0.678,-10.48,9.19,5,51.3,20.44,0.09,-0.0661,0.129,0.0,-0.127,-0.227,-0.36,19.77,11.6,1,5.13,1,0.869,2.91,17.27,0.0,0,5,0.1476,0.1292,0.1292,0.1107
161.781,1,0.68,-10.23,8.86,5,51.3,20.2,0.09,-0.0724,0.125,0.0,-0.077,-0.222,-0.358,19.48,11.6,1,5.13,1,0.869,2.91,17.27,0.0,0,5,0.1363,0.1253,0.1253,0.1142
161.847,1,0.7,-9.98,8.53,5,53.2,20.44,0.09,-0.0655,0.11,-0.001,-0.081,-0.216,-0.356,19.19,11.6,1,5.13,1,0.897,-1.45,4.21,0.715,1,5,0.1181,0.0904,0.1273,0.1034
161.886,1,0.715,-9.98,8.68,5,54.4,20.2,0.09,-0.0624,0.1,-0.005,-0.068,-0.212,-0.355,19.02,11.6,1,8.44,1,0.9,-1.45,3.06,1.921,1,5,0.1163,0.0739,0.1163,0.0923
161.947,1,0.725,-10.73,8.09,5,55.4,20.46,0.09,-0.063,0.093,-0.01,-0.076,-0.207,-0.354,18.74,11.6,1,8.44,1,0.903,-1.94,2.98,-0.573,1,5,0.1138,0.0679,0.0973,0.0918
161.986,1,0.731,-10.73,8.09,5,56.1,20.46,0.09,-0.043,0.089,-0.008,-0.054,-0.204,-0.353,18.62,11.6,1,8.44,1,0.884,-6.3,-3.48,2.61,1,5,0.1056,0.0673,0.0946,0.0874
162.047,1,0.754,-9.98,7.62,5,57.9,20.44,0.09,-0.044,0.083,0.0,-0.065,-0.199,-0.351,18.51,11.6,1,8.44,1,0.912,-6.3,-7.82,-0.0,1,5,0.0917,0.0752,0.0917,0.0733
162.085,1,0.775,-9.73,7.42,5,59.7,20.46,0.09,-0.0448,0.082,0.006,-0.091,-0.196,-0.35,18.28,11.6,1,8.74,1,0.914,-6.3,-7.82,0.0,1,5,0.087,0.0833,0.0926,0.0666
162.113,1,0.776,-9.73,7.29,5,59.9,20.46,0.09,-0.0442,0.081,0.006,-0.075,-0.195,-0.349,18.22,11.6,1,8.74,1,0.914,-6.3,-7.82,0.0,1,5,0.087,0.0833,0.0926,0.0629
162.147,1,0.778,-10.23,7.56,5,60.0,20.2,0.09,-0.0411,0.076,0.002,-0.092,-0.192,-0.349,18.05,11.6,1,8.74,1,0.914,-6.3,-7.82,0.0,1,5,0.0888,0.0703,0.087,0.0592
162.183,1,0.785,-10.48,7.09,5,60.5,20.04,0.09,-0.0392,0.073,-0.004,-0.06,-0.189,-0.348,17.88,11.6,1,8.74,1,0.914,-6.3,-7.82,0.0,1,5,0.094,0.059,0.0793,0.0608
162.248,1,0.784,-10.73,6.63,5,60.6,20.2,0.09,-0.0286,0.073,-0.008,-0.019,-0.185,-0.347,17.76,11.6,1,8.74,1,0.909,-7.27,-9.01,-0.0,1,5,0.0886,0.0535,0.0775,0.0738
162.287,1,0.786,-10.73,6.63,5,60.6,20.2,0.09,-0.0179,0.071,-0.006,-0.025,-0.182,-0.346,17.7,11.62,1,6.72,1,0.914,-7.27,-10.34,-1.299,1,5,0.0796,0.0537,0.0759,0.074
162.347,1,0.783,-10.23,6.22,5,59.9,20.2,0.09,-0.0185,0.072,-0.002,-0.017,-0.178,-0.345,17.59,11.62,1,6.72,1,0.914,-7.27,-9.89,-2.059,1,5,0.0777,0.061,0.0777,0.0703
162.386,1,0.776,-9.98,6.28,5,59.4,19.97,0.09,-0.0174,0.073,0.0,-0.009,-0.175,-0.344,17.59,11.62,1,6.72,1,0.877,-3.88,-7.1,-1.72,1,5,0.0778,0.0685,0.0778,0.0685
162.413,1,0.775,-9.73,6.21,5,59.0,20.04,0.09,-0.0214,0.077,0.002,-0.007,-0.172,-0.343,17.53,11.62,1,6.72,1,0.877,-3.88,-7.1,-1.72,1,5,0.0796,0.0777,0.0796,0.0703
162.486,1,0.768,-8.73,5.91,5,58.4,20.46,0.09,-0.0219,0.081,-0.001,-0.029,-0.167,-0.342,17.48,11.62,1,3.95,1,0.879,1.45,6.64,1.905,1,5,0.0867,0.0812,0.0794,0.0775
162.522,1,0.762,-8.73,5.91,5,58.0,20.46,0.09,-0.0289,0.08,-0.003,-0.011,-0.164,-0.341,17.42,11.62,1,3.95,1,0.882,0.97,5.09,1.473,1,5,0.0849,0.0757,0.0776,0.0813
162.58,1,0.771,-8.49,5.96,5,58.6,19.97,0.09,-0.0267,0.077,-0.003,0.008,-0.16,-0.34,17.48,11.62,1,3.95,1,0.887,0.97,5.09,1.504,1,5,0.0757,0.072,0.0757,0.0849
162.617,1,0.77,-8.24,5.64,5,58.7,20.0,0.09,-0.0299,0.075,-0.002,-0.02,-0.157,-0.339,17.48,11.62,1,3.95,1,0.887,0.97,5.09,1.504,1,5,0.0752,0.0716,0.0734,0.0788
162.654,1,0.772,-8.24,5.91,5,58.9,20.44,0.09,-0.0264,0.074,-0.002,-0.013,-0.154,-0.338,17.42,11.62,1,3.95,1,0.882,1.45,5.3,0.565,1,5,0.0768,0.0697,0.075,0.075
162.68,1,0.773,-7.99,5.83,5,58.9,20.0,0.09,-0.0307,0.075,-0.002,-0.036,-0.153,-0.338,17.42,11.63,1,3.99,1,0.882,1.45,5.3,0.565,1,5,0.0787,0.0679,0.0769,0.0751
162.746,1,0.777,-7.99,5.82,5,59.0,20.0,0.09,-0.031,0.078,-0.001,-0.025,-0.148,-0.337,17.3,11.63,1,3.99,1,0.888,1.94,4.77,1.776,1,5,0.083,0.0719,0.083,0.0756
162.779,1,0.774,-7.49,5.28,5,58.8,20.0,0.09,-0.0307,0.081,0.001,-0.012,-0.145,-0.335,17.25,11.63,1,3.99,1,0.888,1.94,4.77,1.776,1,5,0.0848,0.0793,0.0848,0.0756
162.817,1,0.779,-7.49,5.42,5,58.9,19.97,0.09,-0.0268,0.083,-0.0,-0.044,-0.142,-0.335,17.13,11.63,1,3.99,1,0.894,1.94,3.56,-1.181,1,5,0.0869,0.0795,0.0851,0.0795
162.846,1,0.777,-7.49,5.15,5,58.7,20.04,0.09,-0.0285,0.083,-0.0,-0.042,-0.14,-0.334,17.07,11.63,1,3.99,1,0.894,1.94,3.56,-1.181,1,5,0.0869,0.0814,0.0851,0.0795
162.88,1,0.78,-7.49,5.27,5,58.9,20.0,0.09,-0.0235,0.085,-0.003,-0.025,-0.137,-0.333,16.96,11.63,1,4.83,1,0.894,1.94,3.56,-1.181,1,5,0.0924,0.0777,0.0851,0.0832
162.946,1,0.795,-7.99,5.02,5,60.4,20.0,0.09,-0.025,0.086,-0.004,-0.038,-0.132,-0.332,16.84,11.63,1,4.83,1,0.886,0.97,3.3,0.91,1,5,0.0945,0.0741,0.0889,0.0852
162.987,1,0.797,-7.99,5.03,5,60.6,20.0,0.09,-0.0147,0.085,-0.004,-0.044,-0.129,-0.331,16.73,11.63,1,4.83,1,0.882,0.97,2.63,-0.344,1,5,0.0946,0.0723,0.0909,0.0835
163.046,1,0.788,-7.74,4.69,5,59.8,20.44,0.09,-0.0154,0.086,-0.004,0.003,-0.124,-0.33,16.67,11.63,1,4.83,1,0.877,0.48,3.31,2.717,1,5,0.0963,0.0704,0.0926,0.0834
163.18,1,0.781,-6.99,4.6,5,58.9,20.2,0.09,-0.0123,0.089,-0.003,0.008,-0.111,-0.327,16.56,11.63,1,5.18,1,0.89,1.45,1.82,0.0,1,5,0.0937,0.0919,0.0811,0.0901
163.221,1,0.79,-6.99,4.6,5,59.6,20.2,0.09,-0.0195,0.087,-0.004,-0.033,-0.108,-0.326,16.62,11.63,1,5.18,1,0.888,0.48,-0.33,-2.093,1,5,0.0882,0.0846,0.0828,0.0936
163.246,1,0.794,-6.99,4.6,5,59.8,20.2,0.09,-0.0188,0.088,-0.004,-0.03,-0.106,-0.326,16.56,11.63,1,5.18,1,0.888,0.48,-0.33,-2.093,1,5,0.0872,0.0817,0.0853,0.0962
163.279,1,0.794,-6.99,4.6,5,59.8,20.2,0.09,-0.0185,0.087,-0.005,-0.022,-0.103,-0.325,16.56,11.64,1,5.18,1,0.888,0.48,-0.33,-2.093,1,5,0.0879,0.0787,0.0861,0.0952
163.318,1,0.791,-6.99,4.47,5,59.6,20.44,0.09,-0.0181,0.087,-0.003,-0.059,-0.099,-0.324,16.44,11.64,1,5.18,1,0.89,0.0,0.21,-3.304,1,5,0.0906,0.0795,0.0887,0.0887
163.384,1,0.799,-6.99,4.2,5,60.3,20.44,0.09,-0.0155,0.091,-0.003,-0.003,-0.094,-0.322,16.39,11.64,1,5.18,1,0.895,0.0,-1.71,-0.519,1,5,0.098,0.0795,0.0961,0.0887
163.416,1,0.802,-6.74,4.39,5,60.5,20.46,0.09,-0.0107,0.095,-0.003,-0.048,-0.09,-0.321,16.27,11.64,1,5.18,1,0.885,0.0,-1.66,-2.199,1,5,0.1035,0.0851,0.0998,0.0924
163.454,1,0.802,-6.74,4.26,5,60.8,20.46,0.09,-0.0168,0.097,-0.002,-0.046,-0.086,-0.32,16.1,11.64,1,5.18,1,0.898,0.0,-1.43,0.301,1,5,0.1035,0.0887,0.0979,0.0924
163.481,1,0.806,-6.74,4.11,5,61.1,20.46,0.09,-0.0144,0.096,-0.001,-0.016,-0.085,-0.32,16.1,11.64,1,4.33,1,0.898,0.0,-1.43,0.301,1,5,0.1017,0.0906,0.098,0.0924
163.517,1,0.805,-6.74,3.72,5,61.2,20.46,0.09,-0.0115,0.095,-0.0,0.025,-0.081,-0.319,16.1,11.64,1,4.33,1,0.898,0.0,-1.14,1.217,1,5,0.098,0.0906,0.098,0.0924
163.547,1,0.808,-6.74,4.11,5,61.3,20.0,0.09,-0.0045,0.094,0.0,-0.038,-0.079,-0.318,16.1,11.64,1,4.33,1,0.898,0.0,-1.14,1.217,1,5,0.0962,0.0888,0.0999,0.0925
163.579,1,0.805,-6.74,3.99,5,61.2,20.46,0.09,-0.0114,0.093,0.0,-0.003,-0.076,-0.317,16.1,11.64,1,4.33,1,0.898,0.0,-1.14,1.217,1,5,0.0908,0.0889,0.0982,0.0945
163.616,1,0.811,-6.74,3.99,5,61.7,20.46,0.09,-0.0092,0.092,-0.004,0.003,-0.072,-0.316,16.1,11.64,1,4.33,1,0.903,0.0,-1.14,1.211,1,5,0.0943,0.087,0.0906,0.0979
163.683,1,0.829,-6.74,4.26,5,62.7,20.04,0.09,-0.0091,0.092,-0.007,0.029,-0.066,-0.315,16.1,11.65,1,3.54,1,0.906,0.0,-1.43,0.333,1,5,0.0955,0.0829,0.0883,0.1027
163.752,1,0.825,-5.74,3.56,5,62.9,20.0,0.09,-0.0138,0.09,-0.006,-0.034,-0.061,-0.314,15.99,11.65,1,3.54,1,0.899,0.97,-2.73,0.253,1,5,0.094,0.0847,0.0847,0.0976
163.778,1,0.826,-5.74,3.96,5,62.9,20.46,0.09,-0.014,0.09,-0.002,0.019,-0.058,-0.313,15.99,11.65,1,3.54,1,0.899,0.97,-2.73,0.253,1,5,0.0944,0.0926,0.0833,0.0907
163.817,1,0.828,-5.24,3.56,5,63.0,20.44,0.0973,-0.0196,0.09,0.001,0.009,-0.054,-0.312,16.04,11.65,1,3.54,1,0.892,0.97,-2.68,-1.519,1,5,0.0907,0.0963,0.087,0.087
163.88,1,0.812,-4.74,3.53,5,61.7,20.44,0.1181,-0.0222,0.089,0.001,-0.018,-0.049,-0.31,15.99,11.65,1,3.16,1,0.885,1.45,-1.69,-0.589,1,5,0.0851,0.0869,0.0943,0.0906
163.916,1,0.807,-4.74,3.54,5,61.0,20.2,0.1323,-0.0338,0.092,0.0,-0.009,-0.045,-0.309,15.99,11.65,1,3.16,1,0.886,1.94,-1.34,2.72,1,5,0.0924,0.0887,0.0961,0.0924
163.979,1,0.819,-4.74,3.81,5,62.4,20.0,0.153,-0.0424,0.104,-0.002,-0.031,-0.039,-0.308,15.93,11.65,1,3.16,1,0.894,1.94,-1.53,0.24,1,5,0.1111,0.1,0.1037,0.1
164.079,1,0.824,-3.99,3.33,5,62.9,20.44,0.1881,-0.064,0.137,0.002,-0.015,-0.026,-0.304,15.7,11.65,1,3.16,1,0.881,1.94,-3.5,-2.42,1,5,0.1371,0.1334,0.1445,0.1315
164.117,1,0.819,-3.74,3.22,5,62.7,20.46,0.2023,-0.0644,0.154,0.005,-0.084,-0.019,-0.302,15.53,11.65,1,3.16,1,0.88,1.94,-2.45,-3.558,1,5,0.1537,0.15,0.1667,0.1445
164.216,1,0.813,-3.24,3.24,5,62.3,20.46,0.1606,-0.0466,0.188,-0.001,-0.051,-0.001,-0.297,15.24,11.65,1,3.16,1,0.84,4.36,-4.23,-3.843,1,5,0.2014,0.1829,0.1922,0.1774
164.247,1,0.782,-3.24,3.15,5,61.2,20.46,0.174,-0.0578,0.19,0.003,-0.084,0.003,-0.296,15.18,11.65,1,3.16,1,0.863,6.79,5.04,-2.182,1,5,0.196,0.1886,0.1978,0.1775
164.281,1,0.793,-3.49,2.67,5,60.9,20.56,0.181,-0.0576,0.188,0.005,-0.049,0.01,-0.293,15.01,11.66,1,1.72,1,0.863,6.79,5.04,-2.182,1,5,0.1887,0.1795,0.2054,0.1776
164.316,1,0.778,-3.49,2.78,5,60.0,20.56,0.1953,-0.0455,0.188,0.0,-0.069,0.017,-0.292,14.9,11.66,1,1.72,1,0.867,5.82,3.26,0.145,1,5,0.1948,0.1783,0.1985,0.1801
164.349,1,0.791,-3.49,2.65,5,60.1,20.56,0.2093,-0.0527,0.188,-0.003,-0.097,0.021,-0.291,14.78,11.66,1,1.72,1,0.835,5.82,3.3,2.841,1,5,0.2003,0.1764,0.193,0.1819
164.378,1,0.785,-3.74,2.54,5,60.9,20.44,0.1976,-0.0456,0.191,-0.003,0.003,0.028,-0.289,14.67,11.66,1,1.72,1,0.835,5.82,3.3,2.841,1,5,0.2041,0.182,0.1931,0.1839
164.417,1,0.795,-3.49,2.8,5,61.3,20.56,0.19,-0.0371,0.198,0.0,-0.088,0.036,-0.287,14.55,11.66,1,1.72,1,0.778,9.69,14.24,0.0,0,5,0.2056,0.1889,0.2075,0.1889
164.486,1,0.823,-3.49,2.38,5,63.3,20.56,0.1822,-0.0448,0.201,0.0,-0.042,0.048,-0.284,14.38,11.66,1,1.48,1,0.81,8.72,20.08,0.0,0,5,0.2116,0.1932,0.2098,0.1895
164.516,1,0.823,-3.49,2.38,5,63.4,20.56,0.1697,-0.0299,0.2,0.0,-0.111,0.052,-0.283,14.32,11.66,1,1.48,1,0.806,8.72,23.89,0.0,0,5,0.2096,0.1931,0.2078,0.1912
164.546,1,0.822,-3.49,2.09,5,63.4,20.56,0.1462,-0.0227,0.202,0.002,0.006,0.06,-0.281,14.21,11.66,1,1.48,1,0.806,8.72,23.89,0.0,0,5,0.2072,0.1924,0.2146,0.1924
164.577,1,0.819,-3.49,2.11,5,63.2,20.56,0.136,-0.0132,0.2,0.003,-0.078,0.067,-0.279,13.98,11.66,1,1.48,1,0.806,8.72,23.89,0.0,0,5,0.2052,0.1923,0.2126,0.1886
164.616,1,0.836,-2.99,1.67,5,64.8,20.56,0.136,-0.0137,0.194,0.003,0.035,0.071,-0.278,14.04,11.66,1,1.48,1,0.806,8.72,23.89,0.0,0,5,0.2007,0.186,0.208,0.1804
164.687,1,0.838,-2.99,1.67,5,64.4,20.56,0.09,-0.003,0.176,0.009,-0.113,0.081,-0.274,13.75,11.66,1,3.38,1,0.746,6.79,45.64,0.0,0,5,0.1731,0.1712,0.1988,0.1602
164.715,1,0.833,-2.99,1.67,5,64.0,20.56,0.09,-0.0029,0.172,0.01,-0.07,0.084,-0.273,13.69,11.66,1,3.38,1,0.769,3.88,47.52,0.0,0,5,0.1675,0.1675,0.1952,0.1565
164.746,1,0.845,-2.75,1.44,5,65.2,20.46,0.09,-0.0026,0.169,0.005,-0.046,0.091,-0.272,13.52,11.66,1,3.38,1,0.769,3.88,47.52,0.0,0,5,0.169,0.1635,0.1837,0.158
164.783,1,0.85,-2.75,1.21,5,65.4,20.46,0.09,-0.0017,0.159,0.002,-0.015,0.096,-0.27,13.41,11.66,1,3.38,1,0.782,2.42,51.81,0.0,0,5,0.1673,0.1526,0.1692,0.1453
164.816,1,0.849,-2.75,1.22,5,65.4,20.44,0.09,0.0028,0.145,0.004,-0.039,0.102,-0.269,13.41,11.66,1,3.38,1,0.776,-0.48,53.27,0.0,0,5,0.1489,0.1379,0.16,0.1324
164.885,1,0.846,-3.49,0.75,5,65.2,20.56,0.09,0.0031,0.125,0.003,-0.043,0.111,-0.266,12.89,11.66,1,9.87,1,0.773,-6.79,53.81,0.0,0,5,0.1337,0.119,0.1373,0.1117
164.914,1,0.86,-3.49,0.88,5,66.4,20.56,0.09,0.0208,0.122,0.0,-0.045,0.114,-0.266,12.83,11.66,1,9.87,1,0.766,-8.72,54.1,0.0,0,5,0.1337,0.119,0.1373,0.1117
164.978,1,0.873,-3.74,0.96,5,67.7,20.46,0.09,0.0173,0.109,0.0,-0.026,0.12,-0.264,12.72,11.66,1,9.87,1,0.777,-12.12,54.75,0.0,0,5,0.1223,0.1019,0.1167,0.0945
165.016,1,0.861,-3.74,0.28,5,66.6,20.44,0.09,0.0185,0.098,0.001,-0.011,0.123,-0.264,12.66,11.66,1,9.87,1,0.776,-18.9,53.82,0.0,0,5,0.1019,0.089,0.1094,0.0927
165.083,1,0.856,-3.74,0.39,5,65.6,20.46,0.09,0.0295,0.085,0.004,-0.008,0.128,-0.262,12.66,11.66,1,16.97,1,0.807,-22.78,53.36,0.0,0,5,0.0815,0.0815,0.0963,0.0815
165.116,1,0.854,-3.74,0.39,5,65.3,20.46,0.09,0.0273,0.084,0.004,-0.034,0.13,-0.262,12.61,11.66,1,16.97,1,0.785,-25.2,51.83,0.0,0,5,0.0815,0.0852,0.0907,0.0778
165.183,1,0.861,-3.99,0.61,5,65.9,20.56,0.09,0.0271,0.082,-0.001,-0.026,0.135,-0.261,12.49,11.66,1,16.97,1,0.817,-29.08,51.23,0.0,0,5,0.0865,0.0829,0.0793,0.0793
165.215,1,0.874,-3.74,0.13,5,67.1,20.46,0.09,0.0262,0.077,-0.003,-0.002,0.138,-0.26,12.49,11.66,1,16.97,1,0.822,-32.47,48.55,0.0,0,5,0.0846,0.0756,0.0738,0.0756
165.245,1,0.881,-3.74,0.13,5,68.1,20.46,0.09,0.0314,0.075,-0.001,-0.0,0.14,-0.26,12.49,11.66,1,16.97,1,0.822,-32.47,48.55,0.0,0,5,0.0778,0.074,0.0722,0.074
165.285,1,0.893,-3.74,0.3,5,69.0,20.46,0.09,0.0314,0.072,0.002,0.006,0.144,-0.259,12.55,11.67,1,23.22,1,0.846,-36.84,46.75,0.0,0,5,0.0655,0.0728,0.0746,0.0746
165.314,1,0.891,-3.74,0.3,5,68.7,20.46,0.09,0.0285,0.072,0.002,0.006,0.144,-0.259,12.55,11.67,1,23.22,1,0.851,-37.32,46.56,0.0,0,5,0.0655,0.0728,0.0746,0.0746
165.344,1,0.89,-3.49,0.48,5,68.3,20.44,0.09,0.0285,0.07,0.001,0.019,0.148,-0.258,12.61,11.67,1,23.22,1,0.851,-37.32,46.56,0.0,0,5,0.0636,0.0727,0.0691,0.0727
165.382,1,0.883,-3.24,0.26,5,67.6,20.46,0.09,0.0223,0.069,-0.0,0.019,0.149,-0.258,12.66,11.67,1,23.22,1,0.854,-36.84,44.16,0.0,0,5,0.0655,0.0709,0.0655,0.0728
165.415,1,0.876,-2.99,0.2,5,67.1,20.56,0.09,0.0235,0.068,0.001,0.045,0.152,-0.257,12.72,11.67,1,23.22,1,0.871,-36.84,41.75,0.0,0,5,0.0648,0.0722,0.0666,0.0685
165.514,1,0.873,-2.99,0.88,5,66.4,20.56,0.09,0.0227,0.07,0.002,-0.013,0.157,-0.255,12.78,11.67,1,27.74,1,0.904,-35.38,37.34,0.0,0,5,0.0644,0.0773,0.0681,0.0718
165.55,1,0.893,-2.75,0.27,5,68.4,20.46,0.09,0.011,0.073,-0.001,-0.006,0.162,-0.255,12.78,11.67,1,27.74,1,0.915,-33.93,36.27,0.0,0,5,0.0701,0.0775,0.0664,0.0794
165.613,1,0.895,-2.5,0.83,5,69.5,20.57,0.09,0.0192,0.071,-0.006,0.015,0.166,-0.254,12.78,11.67,1,27.74,1,0.9,-32.96,36.42,0.0,0,5,0.074,0.0758,0.0573,0.0795
165.645,1,0.886,-2.5,2.02,5,69.5,20.57,0.09,0.0068,0.07,-0.005,0.038,0.167,-0.254,12.83,11.67,1,27.74,1,0.907,-32.96,34.25,0.0,0,5,0.072,0.0775,0.0535,0.0775
165.685,1,0.87,-2.5,2.7,5,69.5,20.57,0.09,-0.0138,0.072,-0.003,0.058,0.17,-0.253,12.95,11.67,1,30.14,1,0.918,-30.05,32.15,0.0,0,5,0.0683,0.0776,0.0591,0.0813
165.716,1,0.846,-2.0,2.91,5,68.7,20.57,0.09,-0.0253,0.073,0.001,0.025,0.174,-0.252,13.18,11.67,1,30.14,1,0.913,-28.11,32.78,0.0,0,5,0.0628,0.0776,0.0702,0.0813
165.742,1,0.83,-2.0,3.45,5,68.9,20.57,0.09,-0.0351,0.073,0.001,0.025,0.174,-0.252,13.18,11.67,1,30.14,1,0.913,-28.11,32.78,0.0,0,5,0.0629,0.0777,0.0721,0.0814
165.784,1,0.844,-1.75,6.0,5,69.5,20.46,0.09,-0.0437,0.072,0.0,0.026,0.177,-0.252,13.24,11.67,1,30.14,1,0.916,-26.66,30.59,0.0,0,5,0.0665,0.0758,0.0684,0.0758
165.815,1,0.851,-1.5,8.8,5,70.2,20.96,0.09,-0.0909,0.07,-0.002,0.009,0.18,-0.251,13.29,11.67,1,30.14,1,0.92,-25.69,29.64,0.0,0,5,0.0703,0.0703,0.0666,0.074
165.886,1,0.837,-1.5,12.96,5,70.9,20.96,0.09,-0.1413,0.075,-0.0,-0.002,0.185,-0.25,13.24,11.67,1,34.19,1,0.921,-23.27,29.2,0.0,0,5,0.0722,0.0722,0.0778,0.0797
165.914,1,0.825,-1.5,15.12,5,71.1,20.96,0.09,-0.2137,0.077,-0.001,-0.068,0.188,-0.249,13.12,11.67,1,34.19,1,0.933,-24.72,26.68,0.0,0,5,0.0815,0.0704,0.0815,0.0759
165.982,1,0.799,-2.75,20.23,5,71.3,20.46,0.09,-0.251,0.079,-0.006,-0.117,0.192,-0.249,12.78,11.67,1,34.19,1,0.945,-28.6,13.0,0.0,0,5,0.0998,0.061,0.0851,0.0703
166.015,1,0.827,-3.49,22.93,5,72.5,22.78,0.09,-0.3252,0.079,-0.007,-0.152,0.196,-0.248,12.43,11.67,1,34.19,1,0.939,-30.54,5.33,0.0,0,5,0.109,0.0554,0.0887,0.0647
166.051,1,0.831,-4.49,25.46,5,72.7,23.35,0.09,-0.3646,0.081,-0.004,-0.16,0.199,-0.247,12.09,11.67,1,34.19,1,0.955,-31.5,1.36,0.0,0,5,0.1109,0.0518,0.1035,0.0592
166.086,1,0.812,-5.49,27.37,5,72.4,23.87,0.09,-0.3985,0.082,-0.003,-0.223,0.201,-0.247,11.86,11.67,1,44.25,1,0.904,-35.38,-4.94,0.0,0,5,0.1146,0.0462,0.1127,0.0554
166.116,1,0.782,-7.49,29.41,5,72.1,23.35,0.09,-0.4205,0.082,-0.002,-0.26,0.204,-0.247,11.23,11.67,1,44.25,1,0.913,-40.71,-17.67,0.0,0,5,0.1198,0.0369,0.1235,0.0498
166.182,1,0.797,-11.23,32.12,5,71.9,23.87,0.09,-0.4374,0.08,-0.006,-0.339,0.209,-0.246,10.2,11.67,1,44.25,1,0.99,-43.14,-27.86,0.0,0,5,0.142,0.024,0.1254,0.0295
166.214,1,0.795,-12.73,33.43,5,72.2,23.87,0.09,-0.4436,0.085,-0.006,-0.374,0.212,-0.246,9.34,11.67,1,44.25,1,0.997,-44.11,-30.83,0.0,0,5,0.1512,0.024,0.1309,0.0258
166.314,1,0.73,-17.97,34.12,5,71.3,23.26,0.09,-0.4616,0.083,0.002,-0.438,0.219,-0.245,7.39,11.66,1,45.0,1,0.992,-47.98,-37.99,0.0,0,5,0.1553,0.0148,0.1553,0.0055
166.416,1,0.783,-17.47,30.53,5,70.8,22.78,0.09,-0.4238,0.082,0.002,-0.443,0.228,-0.243,4.3,11.66,1,45.0,1,0.978,-50.89,-44.78,0.0,0,5,0.1608,0.0074,0.1608,0.0
166.514,1,0.789,-18.97,28.29,5,69.3,22.22,0.09,-0.3731,0.08,0.002,-0.454,0.236,-0.243,1.83,11.66,1,36.47,1,0.975,-45.08,-38.39,0.0,0,5,0.153,0.0074,0.1567,0.0018
166.614,1,0.797,-18.72,26.08,5,69.9,21.67,0.09,-0.3201,0.083,0.006,-0.333,0.243,-0.242,0.23,11.66,1,36.47,1,0.972,-35.87,-25.0,0.0,0,5,0.1388,0.0259,0.1536,0.0148
166.648,1,0.801,-18.72,25.33,5,69.5,21.67,0.09,-0.2856,0.086,0.009,-0.258,0.247,-0.242,-0.52,11.66,1,36.47,1,0.972,-35.87,-25.0,0.0,0,5,0.1315,0.0409,0.1492,0.0231
166.715,1,0.801,-18.22,24.09,5,70.4,21.67,0.09,-0.2729,0.084,0.004,-0.306,0.254,-0.241,-1.95,11.65,1,24.47,1,0.945,-27.63,-12.2,5.153,1,5,0.133,0.0407,0.1349,0.0259
166.742,1,0.796,-17.72,23.21,5,70.4,21.67,0.09,-0.2578,0.085,0.006,-0.24,0.255,-0.241,-2.18,11.65,1,24.47,1,0.945,-27.63,-12.2,5.153,1,5,0.1311,0.0462,0.1367,0.0277
166.814,1,0.792,-16.22,22.71,5,69.3,21.67,0.09,-0.247,0.09,0.011,-0.219,0.263,-0.241,-3.15,11.65,1,24.47,1,0.916,-16.96,4.57,0.0,0,5,0.1197,0.0626,0.1382,0.0368
166.881,1,0.796,-15.47,21.86,5,69.6,21.11,0.09,-0.2545,0.086,0.007,-0.237,0.268,-0.241,-3.9,11.65,1,13.55,1,0.883,-8.24,18.47,0.0,0,5,0.1146,0.0573,0.1294,0.0444
166.913,1,0.794,-15.47,21.18,5,70.1,21.11,0.09,-0.2469,0.085,0.005,-0.232,0.27,-0.241,-4.18,11.65,1,13.55,1,0.874,-5.82,24.46,0.0,0,5,0.1146,0.0518,0.1276,0.0444
167.015,1,0.801,-14.23,20.0,5,71.0,20.81,0.09,-0.232,0.092,0.006,-0.185,0.281,-0.241,-5.56,11.65,1,13.55,1,0.878,-5.82,23.03,0.0,0,5,0.1183,0.0628,0.1349,0.0536
167.113,1,0.654,-13.73,17.96,4,70.6,21.01,0.09,-0.2233,0.09,0.002,-0.187,0.288,-0.242,-6.53,11.65,1,14.37,1,0.905,-8.72,15.45,0.0,0,5,0.1203,0.0574,0.1259,0.0555
167.147,1,0.655,-13.73,17.45,4,71.4,21.29,0.09,-0.1929,0.089,-0.001,-0.235,0.291,-0.242,-6.99,11.65,1,14.37,1,0.905,-8.72,15.45,0.0,0,5,0.1277,0.0555,0.1203,0.0518
167.181,1,0.655,-13.73,16.88,4,72.4,21.29,0.09,-0.1834,0.091,-0.002,-0.11,0.295,-0.243,-7.39,11.65,1,14.37,1,0.888,-9.69,11.38,7.35,1,5,0.1367,0.0591,0.1183,0.048
167.209,1,0.657,-13.48,16.95,4,72.9,21.37,0.09,-0.1725,0.092,-0.002,-0.19,0.297,-0.243,-7.56,11.65,1,14.37,1,0.888,-9.69,11.38,7.35,1,5,0.1385,0.0609,0.1182,0.0499
167.248,1,0.668,-13.48,16.24,4,72.7,21.1,0.09,-0.1762,0.095,-0.0,-0.137,0.301,-0.244,-7.96,11.65,1,14.37,1,0.879,-10.18,10.51,0.0,0,5,0.1311,0.0646,0.1237,0.0591
167.313,1,0.681,-13.23,15.68,4,73.4,21.01,0.104,-0.163,0.092,-0.0,-0.186,0.306,-0.245,-8.71,11.64,1,14.69,1,0.892,-11.15,6.73,0.0,0,5,0.1164,0.0591,0.1238,0.0684
167.414,1,0.799,-12.73,15.31,5,72.3,21.11,0.1392,-0.2235,0.095,0.001,-0.114,0.315,-0.246,-9.68,11.64,1,14.69,1,0.905,-12.12,0.76,4.577,1,5,0.1199,0.0664,0.1254,0.0664
167.448,1,0.806,-12.73,15.3,5,72.7,21.1,0.1529,-0.2486,0.107,0.001,-0.151,0.32,-0.247,-9.97,11.64,1,14.69,1,0.895,-12.12,-0.21,2.389,1,5,0.131,0.0794,0.1366,0.0794
167.483,1,0.809,-12.23,14.32,5,73.2,20.81,0.16,-0.2617,0.117,0.001,-0.171,0.325,-0.248,-10.37,11.64,1,15.84,1,0.894,-12.12,-0.42,5.617,1,5,0.1423,0.0887,0.1478,0.0905
167.515,1,0.792,-12.23,14.56,5,73.0,21.11,0.1741,-0.2678,0.13,-0.001,-0.241,0.33,-0.249,-10.89,11.64,1,15.84,1,0.891,-12.6,-2.42,4.336,1,5,0.1625,0.0942,0.1625,0.0997
167.548,1,0.799,-12.23,14.16,5,74.1,20.56,0.1879,-0.2966,0.137,-0.002,-0.264,0.334,-0.249,-11.17,11.64,1,15.84,1,0.902,-13.57,-3.17,5.028,1,5,0.1753,0.0997,0.1698,0.1015
167.615,1,0.791,-12.23,12.82,5,71.6,20.81,0.1946,-0.2956,0.17,0.002,-0.34,0.347,-0.252,-12.43,11.64,1,15.84,1,0.918,-16.96,-11.23,3.427,1,5,0.2143,0.1257,0.2199,0.122
167.647,1,0.794,-12.23,12.62,5,70.8,20.56,0.2027,-0.2686,0.177,0.003,-0.339,0.351,-0.253,-12.83,11.64,1,15.84,1,0.912,-17.93,-15.69,2.684,1,5,0.22,0.1294,0.2311,0.1294
167.715,1,0.81,-11.98,11.03,5,73.6,20.56,0.2039,-0.2642,0.2,-0.0,-0.266,0.367,-0.257,-14.09,11.63,1,14.75,1,0.916,-19.87,-21.39,0.0,0,5,0.2478,0.1479,0.2515,0.1516
167.741,1,0.814,-11.73,10.36,5,75.3,20.81,0.2106,-0.2282,0.204,0.001,-0.188,0.371,-0.257,-14.32,11.63,1,14.75,1,0.916,-19.87,-21.39,0.0,0,5,0.2513,0.1552,0.255,0.1534
167.809,1,0.814,-11.73,9.16,5,73.4,20.56,0.2175,-0.2175,0.215,0.001,-0.224,0.384,-0.261,-15.3,11.63,1,14.75,1,0.919,-17.45,-21.81,0.0,0,5,0.2604,0.1699,0.2622,0.1662
167.847,1,0.813,-11.48,8.89,5,74.8,20.44,0.2248,-0.1868,0.223,-0.0,-0.201,0.393,-0.263,-15.87,11.63,1,14.75,1,0.919,-17.45,-21.81,0.0,0,5,0.2698,0.1811,0.2642,0.1755
167.877,1,0.812,-11.48,8.58,5,74.7,20.56,0.2264,-0.1827,0.226,0.001,-0.242,0.401,-0.266,-16.44,11.63,1,8.67,1,0.878,-13.09,-11.72,2.57,1,5,0.2683,0.1869,0.2664,0.1813
167.915,1,0.815,-11.23,8.08,5,74.9,20.0,0.2282,-0.1741,0.227,0.006,-0.183,0.41,-0.268,-16.84,11.63,1,8.67,1,0.845,-8.72,-11.68,-2.141,1,5,0.2633,0.1952,0.2706,0.1804
167.949,1,0.81,-10.98,8.01,5,74.8,20.56,0.2313,-0.163,0.231,0.006,-0.246,0.415,-0.269,-17.07,11.63,1,8.67,1,0.856,-6.79,-2.55,2.412,1,5,0.2651,0.2025,0.2725,0.1841
168.008,1,0.81,-10.73,6.73,5,74.6,20.56,0.2317,-0.1632,0.243,0.0,-0.152,0.429,-0.274,-17.7,11.63,1,8.67,1,0.868,-7.27,-3.69,0.864,1,5,0.2752,0.2105,0.2752,0.2105
168.045,1,0.807,-10.98,6.88,5,73.8,20.56,0.2347,-0.1262,0.244,-0.003,-0.208,0.438,-0.277,-18.11,11.63,1,8.67,1,0.868,-7.27,-3.69,0.864,1,5,0.2753,0.2107,0.2716,0.2199
168.107,1,0.787,-10.73,5.88,5,77.0,20.2,0.2336,-0.1269,0.249,-0.003,-0.196,0.453,-0.282,-18.68,11.63,1,4.94,1,0.865,-6.3,-1.8,0.831,1,5,0.2792,0.2182,0.2736,0.2237
168.208,1,0.778,-10.98,5.25,5,72.9,20.81,0.2245,-0.0909,0.249,0.001,-0.1,0.476,-0.29,-19.54,11.63,1,4.94,1,0.865,-6.3,-5.38,-1.629,1,5,0.2718,0.2256,0.2736,0.2237
168.315,1,0.78,-11.23,4.64,5,73.4,20.2,0.2182,-0.0646,0.247,-0.009,-0.104,0.504,-0.301,-20.34,11.62,1,3.96,1,0.846,-3.39,0.32,3.012,1,5,0.2723,0.2204,0.2556,0.2352
168.346,1,0.773,-11.48,4.62,5,72.4,20.0,0.1945,-0.0308,0.245,-0.008,-0.084,0.508,-0.303,-20.45,11.62,1,3.96,1,0.855,-2.91,0.29,2.974,1,5,0.2701,0.2239,0.2498,0.235
168.408,1,0.761,-10.98,3.75,5,72.0,20.2,0.1999,-0.0305,0.236,-0.004,-0.045,0.522,-0.308,-20.63,11.62,1,3.96,1,0.849,-3.88,-1.25,2.496,1,5,0.2536,0.2104,0.2518,0.2266
168.447,1,0.762,-11.48,4.28,5,72.8,20.2,0.201,-0.0119,0.23,-0.001,-0.184,0.53,-0.311,-21.03,11.62,1,3.96,1,0.842,-3.88,-0.81,1.45,1,5,0.2409,0.2067,0.2517,0.2211
168.508,1,0.766,-11.48,3.57,5,70.3,20.2,0.1839,-0.0131,0.223,-0.001,-0.056,0.543,-0.316,-21.26,11.62,1,3.13,1,0.851,-4.85,-2.88,3.466,1,5,0.2348,0.2034,0.2404,0.2145
168.611,1,0.778,-10.98,3.34,5,72.7,20.0,0.2004,-0.0007,0.212,0.002,-0.042,0.562,-0.324,-21.49,11.62,1,3.13,1,0.849,-4.36,-5.43,0.0,1,5,0.2166,0.2073,0.2203,0.2036
168.646,1,0.783,-10.98,3.34,5,73.3,20.0,0.2072,-0.0028,0.207,-0.002,0.019,0.57,-0.327,-21.54,11.62,1,3.13,1,0.847,-4.36,-6.54,-2.343,1,5,0.2133,0.1969,0.2115,0.2042
168.682,1,0.782,-10.48,3.13,5,74.1,20.56,0.2058,-0.0018,0.206,-0.002,0.002,0.574,-0.329,-21.49,11.61,1,2.68,1,0.836,-3.88,-6.23,0.627,1,5,0.2097,0.1988,0.2079,0.2061
168.746,1,0.696,-9.73,2.94,4,74.8,20.51,0.2077,-0.0013,0.206,-0.003,0.005,0.589,-0.335,-21.54,11.61,1,2.68,1,0.747,-6.3,-1.86,-5.03,1,5,0.2033,0.2051,0.1996,0.2143
168.808,1,0.69,-8.98,3.14,4,74.0,20.69,0.1594,0.0134,0.207,-0.007,0.068,0.597,-0.339,-21.43,11.61,1,2.68,1,0.346,-0.6,0.95,3.977,1,4,0.2162,0.2051,0.1959,0.2125
168.846,1,0.703,-9.23,3.38,4,75.5,20.56,0.1412,0.008,0.207,-0.004,-0.047,0.605,-0.342,-21.54,11.61,1,2.68,1,0.74,4.85,-0.66,5.534,1,5,0.2142,0.2124,0.1939,0.2068
168.881,1,0.695,-8.98,3.04,4,76.4,20.89,0.1297,0.0118,0.203,-0.0,-0.02,0.612,-0.344,-21.54,11.61,1,1.75,1,0.743,4.85,-0.67,5.54,1,5,0.1956,0.2049,0.1993,0.2104
168.91,1,0.691,-8.49,2.94,4,76.7,20.56,0.1058,0.0257,0.197,-0.0,0.012,0.615,-0.346,-21.54,11.61,1,1.75,1,0.743,4.85,-0.67,5.54,1,5,0.1865,0.1939,0.1994,0.2087
168.945,1,0.69,-7.99,3.08,4,77.2,20.56,0.1046,0.0217,0.185,-0.004,-0.057,0.626,-0.35,-21.49,11.61,1,1.75,1,0.743,4.85,-0.67,5.54,1,5,0.184,0.173,0.1895,0.195
169.007,1,0.685,-7.74,3.13,4,77.1,20.56,0.1066,0.0157,0.181,-0.005,-0.018,0.632,-0.353,-21.54,11.61,1,1.75,1,0.348,1.8,1.82,0.0,1,4,0.1847,0.1756,0.1774,0.1866
169.047,1,0.683,-7.99,3.14,4,77.7,20.76,0.1204,0.0073,0.172,-0.002,-0.018,0.638,-0.355,-21.6,11.61,1,1.75,1,0.344,1.8,1.82,-0.0,1,4,0.1763,0.1726,0.1671,0.1708
169.107,1,0.682,-6.99,3.0,4,77.0,20.69,0.1413,0.0019,0.15,-0.001,-0.032,0.646,-0.359,-21.6,11.61,1,3.49,1,0.343,1.8,1.82,0.0,1,4,0.1628,0.1443,0.1536,0.1388
169.146,1,0.677,-6.74,2.99,4,77.2,20.84,0.1553,-0.0121,0.143,0.003,-0.009,0.652,-0.36,-21.6,11.61,1,3.49,1,0.732,7.27,-2.47,0.0,0,5,0.1481,0.1407,0.1518,0.1314
169.278,1,0.675,-5.74,2.93,4,77.2,20.69,0.1787,-0.0204,0.135,-0.008,0.072,0.669,-0.368,-21.6,11.59,1,3.49,1,0.344,1.8,-2.08,-1.049,1,4,0.148,0.1332,0.1203,0.1369
169.312,1,0.681,-5.49,2.67,4,76.9,20.89,0.1925,-0.0348,0.137,-0.006,-0.008,0.672,-0.369,-21.6,11.59,1,3.49,1,0.345,3.0,-0.41,-4.386,1,4,0.1481,0.137,0.124,0.137
169.344,1,0.681,-4.99,2.8,4,76.8,20.89,0.1807,-0.0264,0.14,-0.002,0.001,0.677,-0.371,-21.6,11.59,1,3.49,1,0.339,3.0,-0.86,-0.976,1,4,0.1406,0.1406,0.1351,0.1443
169.408,1,0.691,-5.24,2.8,4,75.7,20.78,0.1907,-0.0365,0.15,0.001,-0.012,0.686,-0.374,-21.66,11.59,1,3.49,1,0.753,7.27,-2.34,2.821,1,5,0.1461,0.1516,0.1498,0.1516
169.447,1,0.682,-4.99,2.8,4,76.8,20.89,0.1917,-0.0329,0.16,-0.002,-0.028,0.692,-0.377,-21.77,11.59,1,3.49,1,0.777,3.39,-1.95,-2.788,1,5,0.1648,0.1592,0.1555,0.1592
169.508,1,0.665,-4.24,2.74,4,77.8,20.56,0.2056,-0.0396,0.168,-0.002,0.009,0.701,-0.381,-21.6,11.59,1,3.49,1,0.754,35.38,-10.75,0.0,0,5,0.1739,0.1628,0.1684,0.1665
169.545,1,0.666,-4.24,2.58,4,77.9,20.56,0.2005,-0.0448,0.174,0.0,0.019,0.708,-0.384,-21.66,11.59,1,3.49,1,0.737,7.76,-2.09,4.059,1,5,0.1739,0.1721,0.1776,0.1739
169.607,1,0.604,-3.49,6.21,4,78.4,21.1,0.1862,-0.0345,0.185,-0.005,0.045,0.718,-0.388,-21.77,11.59,1,3.49,1,0.347,4.21,-1.84,-2.962,1,4,0.1944,0.1777,0.1833,0.1851
169.645,1,0.672,-3.24,2.61,4,78.7,20.52,0.1862,-0.1439,0.187,-0.003,-0.082,0.725,-0.391,-21.77,11.59,1,3.49,1,0.346,5.41,0.03,-4.788,1,4,0.1962,0.1796,0.1888,0.1833
169.707,1,0.683,-3.74,2.79,4,78.7,20.69,0.1381,-0.0293,0.19,0.001,-0.059,0.736,-0.395,-22.12,11.59,1,4.8,1,0.346,5.41,0.03,-4.788,1,4,0.1916,0.1842,0.1971,0.1861
169.74,1,0.685,-3.49,2.21,4,79.5,20.76,0.1284,-0.023,0.19,-0.002,-0.009,0.743,-0.398,-22.23,11.59,1,4.8,1,0.346,5.41,0.03,-4.788,1,4,0.1988,0.1749,0.2007,0.186
169.777,1,0.668,-3.74,2.54,4,80.1,20.51,0.1284,-0.0142,0.183,-0.001,-0.108,0.75,-0.401,-22.35,11.59,1,4.8,1,0.35,0.6,-9.26,-3.788,1,4,0.1978,0.1646,0.2034,0.1812
169.807,1,0.681,-3.74,2.09,4,78.2,20.56,0.1419,-0.0224,0.179,0.0,-0.149,0.753,-0.402,-22.52,11.59,1,4.8,1,0.35,0.6,-9.26,-3.788,1,4,0.1888,0.1555,0.2036,0.1685
169.846,1,0.675,-3.99,1.77,4,78.1,20.89,0.1563,-0.0164,0.174,0.005,-0.102,0.759,-0.404,-22.8,11.59,1,4.8,1,0.339,3.61,-7.76,-7.784,1,4,0.1778,0.1574,0.2001,0.1593
169.88,1,0.683,-4.49,1.57,4,78.1,20.69,0.1446,-0.0029,0.17,0.006,-0.092,0.765,-0.407,-23.15,11.59,1,2.95,1,0.738,31.02,-8.98,0.0,0,5,0.1798,0.1594,0.1928,0.1483
169.907,1,0.682,-4.24,0.99,4,78.5,20.51,0.1585,0.0044,0.166,0.005,-0.039,0.768,-0.408,-23.2,11.59,1,2.95,1,0.738,31.02,-8.98,0.0,0,5,0.1816,0.1557,0.1872,0.1409
169.94,1,0.67,-4.74,1.9,4,77.6,20.69,0.1655,0.0141,0.159,0.005,-0.082,0.774,-0.41,-23.32,11.59,1,2.95,1,0.738,31.02,-8.98,0.0,0,5,0.1788,0.1475,0.1806,0.1309
169.977,1,0.674,-4.74,1.19,4,76.7,20.56,0.1798,-0.0065,0.155,0.003,-0.091,0.78,-0.413,-23.49,11.59,1,2.95,1,0.738,31.02,-8.98,0.0,0,5,0.1674,0.1454,0.1711,0.1362
170.008,1,0.679,-4.74,0.8,4,77.5,20.52,0.1936,0.01,0.154,0.003,-0.051,0.783,-0.414,-23.55,11.59,1,2.95,1,0.345,1.8,-6.58,0.121,1,4,0.1618,0.1471,0.1655,0.1398
170.046,1,0.668,-4.49,0.94,4,77.6,20.69,0.1982,0.0202,0.153,-0.002,-0.009,0.788,-0.417,-23.61,11.59,1,2.95,1,0.783,6.3,-9.3,2.582,1,5,0.1608,0.1515,0.1515,0.1497
170.079,1,0.671,-4.24,0.68,4,77.5,20.56,0.1982,0.013,0.157,-0.002,0.074,0.794,-0.419,-23.55,11.59,1,0.92,1,0.344,3.61,-9.18,0.0,0,4,0.1591,0.161,0.1499,0.1591
170.108,1,0.667,-4.24,0.92,4,77.4,20.52,0.2119,0.0166,0.162,-0.001,0.094,0.797,-0.42,-23.43,11.59,1,0.92,1,0.344,3.61,-9.18,0.0,0,4,0.1592,0.1666,0.1536,0.1666
170.14,1,0.677,-3.74,1.22,4,78.1,20.52,0.2166,0.0089,0.169,0.001,-0.014,0.804,-0.423,-23.32,11.59,1,0.92,1,0.344,3.61,-9.18,0.0,0,4,0.1585,0.177,0.1622,0.177
170.172,1,0.68,-3.49,0.81,4,77.0,20.77,0.2186,-0.0063,0.174,0.001,-0.014,0.808,-0.425,-23.32,11.59,1,0.92,1,0.344,3.61,-9.18,0.0,0,4,0.1626,0.1827,0.1681,0.1827
170.208,1,0.686,-3.24,0.85,4,76.0,20.69,0.2191,0.0041,0.185,-0.002,0.045,0.815,-0.428,-23.26,11.59,1,0.92,1,0.344,3.61,-9.18,0.0,0,4,0.1844,0.1935,0.1716,0.1899
170.239,1,0.673,-2.75,1.05,4,76.0,20.95,0.2203,0.0001,0.194,-0.002,0.055,0.822,-0.431,-23.15,11.59,1,0.92,1,0.344,3.61,-9.18,0.0,0,4,0.1943,0.2017,0.1833,0.198
170.278,1,0.653,-2.5,1.11,4,77.7,20.56,0.2178,-0.0109,0.204,0.002,-0.079,0.83,-0.434,-23.15,11.6,1,0.98,1,0.786,11.15,0.99,2.573,1,5,0.1978,0.2145,0.1978,0.2052
170.311,1,0.582,-2.75,1.35,4,76.5,20.95,0.1985,-0.0123,0.204,0.002,-0.1,0.834,-0.436,-23.26,11.6,1,0.98,1,0.808,8.24,4.15,-2.603,1,5,0.1953,0.21,0.2026,0.21
170.347,1,0.61,-2.75,1.4,4,75.6,20.69,0.1747,-0.0117,0.21,0.001,-0.015,0.841,-0.439,-23.26,11.6,1,0.98,1,0.741,13.09,1.13,3.24,1,5,0.2065,0.2138,0.2083,0.2101
170.412,1,0.607,-2.25,1.06,4,75.9,20.52,0.1385,-0.0061,0.207,0.001,0.009,0.853,-0.444,-23.26,11.6,1,0.98,1,0.335,10.22,0.34,-3.815,1,4,0.2071,0.2034,0.2126,0.2034
170.44,1,0.677,-2.25,0.84,4,75.7,20.78,0.1267,-0.0032,0.202,0.003,-0.106,0.86,-0.447,-23.38,11.6,1,0.98,1,0.335,10.22,0.34,-3.815,1,4,0.196,0.1923,0.2163,0.2015
170.478,1,0.687,-2.5,0.73,4,75.9,20.89,0.141,0.0003,0.196,-0.0,0.007,0.867,-0.45,-23.49,11.6,1,1.34,1,0.335,10.22,0.34,-3.815,1,4,0.1996,0.1848,0.207,0.194
170.507,1,0.687,-2.25,0.49,4,77.2,20.69,0.1175,0.0086,0.195,-0.002,0.004,0.871,-0.452,-23.43,11.6,1,1.34,1,0.723,14.06,1.33,6.592,1,5,0.2017,0.185,0.2017,0.1924
170.54,1,0.681,-2.25,0.82,4,77.3,20.52,0.1055,0.0107,0.184,0.001,-0.054,0.877,-0.454,-23.55,11.6,1,1.34,1,0.723,14.06,1.33,6.592,1,5,0.1939,0.1791,0.1902,0.1717
170.578,1,0.692,-2.5,0.4,4,77.6,20.77,0.09,0.0053,0.172,0.007,-0.102,0.883,-0.457,-23.72,11.6,1,1.34,1,0.336,9.01,2.6,0.559,1,4,0.1754,0.1736,0.1847,0.1551
170.607,1,0.68,-2.75,0.73,4,77.7,20.78,0.1038,0.0158,0.168,0.008,-0.081,0.887,-0.458,-23.84,11.6,1,1.34,1,0.336,9.01,2.6,0.559,1,4,0.1716,0.1698,0.1827,0.1476
170.64,1,0.682,-2.5,0.41,4,77.6,20.76,0.1108,0.0129,0.164,0.004,-0.014,0.893,-0.461,-23.89,11.6,1,1.34,1,0.336,9.01,2.6,0.559,1,4,0.1743,0.1616,0.1743,0.1453
170.679,1,0.674,-2.75,1.44,4,77.2,20.84,0.125,0.0143,0.156,0.001,-0.029,0.898,-0.463,-23.95,11.6,1,1.59,1,0.337,9.01,-0.9,-3.829,1,4,0.1642,0.1461,0.1678,0.1443
170.748,1,0.677,-3.24,0.22,4,77.2,20.69,0.1528,-0.0088,0.138,0.001,-0.1,0.905,-0.466,-24.18,11.6,1,1.59,1,0.345,7.81,-2.09,-3.838,1,4,0.1305,0.125,0.1525,0.1433
170.777,1,0.682,-3.49,0.47,4,77.1,20.89,0.1585,0.026,0.132,0.0,0.008,0.91,-0.468,-24.35,11.6,1,1.59,1,0.783,8.72,-2.56,-0.121,1,5,0.1332,0.1258,0.1388,0.1295
170.81,1,0.687,-3.24,0.22,4,77.8,20.69,0.1722,0.0212,0.131,0.001,-0.005,0.913,-0.469,-24.35,11.6,1,1.59,1,0.349,6.61,-3.78,-6.663,1,4,0.1349,0.1293,0.1349,0.1238
170.839,1,0.693,-3.74,0.07,4,77.7,20.69,0.1604,0.0245,0.129,0.002,0.044,0.917,-0.471,-24.29,11.6,1,1.59,1,0.349,6.61,-3.78,-6.663,1,4,0.1347,0.1347,0.1273,0.1181
170.878,1,0.692,-3.74,0.01,4,77.2,20.56,0.1358,0.034,0.13,0.0,0.008,0.922,-0.474,-24.29,11.6,1,0.8,1,0.349,6.61,-3.78,-6.663,1,4,0.1311,0.1367,0.1237,0.1182
170.91,1,0.69,-3.49,-0.12,4,75.7,20.89,0.1496,0.0346,0.131,-0.002,0.05,0.924,-0.475,-24.24,11.6,1,0.8,1,0.749,12.12,-2.89,1.445,1,5,0.1275,0.133,0.1238,0.1386
170.939,1,0.695,-2.99,-0.05,4,75.4,20.89,0.1565,0.0344,0.13,-0.003,0.008,0.929,-0.477,-24.12,11.6,1,0.8,1,0.749,12.12,-2.89,1.445,1,5,0.1238,0.1293,0.1238,0.1423
170.977,1,0.689,-2.99,0.28,4,75.5,21.04,0.1708,0.0268,0.13,-0.001,0.006,0.934,-0.479,-24.18,11.6,1,0.8,1,0.35,7.81,-2.07,-3.838,1,4,0.1221,0.1332,0.124,0.1406
171.012,1,0.686,-2.75,0.28,4,75.2,20.95,0.1585,0.0194,0.131,-0.0,0.085,0.936,-0.48,-24.12,11.6,1,0.8,1,0.346,7.81,-2.07,-3.838,1,4,0.1258,0.1369,0.124,0.1369
171.106,1,0.677,-1.75,0.72,4,74.7,20.69,0.1587,0.0172,0.136,0.001,0.055,0.949,-0.486,-23.84,11.6,1,0.8,1,0.35,9.01,-0.82,-3.829,1,4,0.1275,0.1441,0.1312,0.1423
171.139,1,0.687,-1.25,0.72,4,76.2,20.69,0.1587,-0.0058,0.135,0.002,-0.128,0.954,-0.488,-23.84,11.6,1,0.8,1,0.35,9.01,-0.82,-3.829,1,4,0.1256,0.1403,0.133,0.1403
171.176,1,0.667,-2.0,0.93,4,76.7,21.03,0.1587,-0.0103,0.138,0.0,0.036,0.959,-0.49,-23.95,11.6,1,0.8,1,0.334,9.01,2.17,-2.423,1,4,0.1275,0.1441,0.1349,0.1404
171.277,1,0.655,-1.75,0.84,4,77.5,20.69,0.1938,-0.0086,0.146,0.001,0.053,0.973,-0.496,-23.72,11.61,1,1.37,1,0.354,9.62,-1.73,-1.356,1,4,0.1413,0.1504,0.1431,0.1486
171.339,1,0.665,-1.0,0.44,4,77.3,20.89,0.2144,-0.0107,0.156,0.0,-0.019,0.982,-0.5,-23.66,11.61,1,1.37,1,0.354,9.62,-1.73,-1.356,1,4,0.1486,0.1596,0.1523,0.1633
171.376,1,0.659,-0.75,0.69,4,77.6,21.0,0.2164,-0.0072,0.168,-0.003,-0.022,0.988,-0.503,-23.61,11.61,1,1.37,1,0.357,11.42,1.62,2.571,1,4,0.1651,0.1706,0.1596,0.1761
171.439,1,0.659,-0.75,0.91,4,79.4,20.69,0.2056,-0.0158,0.188,-0.002,0.102,0.999,-0.508,-23.43,11.61,1,1.37,1,0.356,11.42,1.95,-0.91,1,4,0.1869,0.1906,0.1813,0.1943
171.477,1,0.672,-0.25,0.32,4,79.3,20.69,0.2152,-0.0226,0.195,-0.0,0.008,1.006,-0.511,-23.38,11.61,1,1.37,1,0.732,62.04,-6.21,0.0,0,5,0.1904,0.1978,0.1904,0.1997
171.64,1,0.513,0.5,1.13,3,78.7,20.96,0.1833,-0.0071,0.203,0.003,-0.048,1.032,-0.523,-23.26,11.61,1,1.37,1,0.334,13.22,3.27,-3.757,1,4,0.1941,0.2071,0.2052,0.2071
171.74,1,0.591,1.5,1.37,4,78.7,21.03,0.1742,-0.0354,0.193,0.0,-0.015,1.05,-0.53,-23.2,11.61,1,3.74,1,0.349,7.21,-4.16,-1.452,1,4,0.1961,0.1943,0.1924,0.1887
171.776,1,0.567,1.0,1.2,4,78.8,21.03,0.1497,-0.0487,0.184,0.006,-0.045,1.057,-0.533,-23.38,11.61,1,3.74,1,0.8,11.63,-10.57,1.741,1,5,0.1812,0.1904,0.1904,0.1757
171.811,1,0.516,1.0,0.9,3,78.5,20.81,0.1259,-0.0339,0.176,0.003,-0.066,1.063,-0.536,-23.55,11.61,1,3.74,1,0.363,5.41,-11.26,0.0,0,4,0.174,0.1759,0.1833,0.1722
171.84,1,0.52,0.75,0.9,3,78.6,20.57,0.1328,-0.0285,0.173,0.002,-0.028,1.066,-0.537,-23.61,11.61,1,3.74,1,0.363,5.41,-11.26,0.0,0,4,0.1776,0.1684,0.1813,0.1647
171.876,1,0.527,0.75,0.54,3,78.2,20.57,0.1472,-0.027,0.164,-0.0,0.013,1.072,-0.539,-23.66,11.61,1,3.74,1,0.827,10.66,-11.37,0.069,1,5,0.1758,0.1591,0.1776,0.161
171.909,1,0.527,1.0,0.96,3,77.5,20.96,0.1608,-0.0199,0.158,0.002,0.016,1.075,-0.54,-23.61,11.61,1,3.35,1,0.857,10.18,-11.81,-0.956,1,5,0.1646,0.1461,0.1738,0.1479
171.939,1,0.535,1.0,0.61,3,77.6,20.96,0.1678,-0.0342,0.148,0.005,-0.115,1.08,-0.543,-23.84,11.61,1,3.35,1,0.857,10.18,-11.81,-0.956,1,5,0.1479,0.1405,0.1646,0.1387
171.975,1,0.53,1.0,-0.11,3,77.1,20.96,0.1821,-0.0259,0.146,0.005,-0.076,1.083,-0.544,-23.95,11.61,1,3.35,1,0.388,5.41,-12.69,-3.601,1,4,0.1499,0.1406,0.161,0.1332
172.008,1,0.534,0.75,0.19,3,75.9,20.46,0.166,-0.0066,0.143,0.003,-0.03,1.088,-0.546,-24.01,11.61,1,3.35,1,0.387,7.81,-8.42,0.0,0,4,0.1536,0.1425,0.1481,0.1259
172.074,1,0.521,1.0,1.62,4,71.8,21.03,0.1868,-0.0115,0.146,0.001,0.025,1.096,-0.549,-24.01,11.61,1,3.35,1,0.857,12.12,-7.58,2.673,1,5,0.1479,0.1442,0.1498,0.1405
172.139,1,0.628,1.0,0.54,4,71.6,20.5,0.1509,-0.0471,0.152,0.005,-0.06,1.106,-0.554,-23.95,11.61,1,1.94,1,0.389,8.41,-8.28,-6.214,1,4,0.1465,0.159,0.1555,0.1465
172.171,1,0.519,1.25,0.31,3,70.3,20.46,0.1269,-0.0202,0.153,0.003,0.01,1.109,-0.555,-24.01,11.61,1,1.94,1,0.389,8.41,-8.28,-6.214,1,4,0.153,0.1601,0.153,0.1476
172.24,1,0.66,1.25,0.11,4,71.6,20.52,0.1101,-0.0174,0.158,-0.001,0.011,1.121,-0.56,-24.06,11.61,1,1.94,1,0.923,8.24,-5.87,0.0,0,5,0.1638,0.1527,0.1601,0.1546
172.275,1,0.665,1.25,0.31,4,71.4,20.45,0.1242,-0.0138,0.15,0.005,-0.065,1.126,-0.562,-24.06,11.6,1,1.39,1,0.918,8.24,-5.86,-4.678,1,5,0.1406,0.1443,0.1647,0.1499
172.374,1,0.614,1.0,-0.07,4,68.5,20.32,0.1209,-0.0174,0.129,0.005,0.036,1.136,-0.566,-24.35,11.6,1,1.39,1,0.895,8.72,-8.66,0.0,0,5,0.1267,0.1303,0.1377,0.1211
172.404,1,0.616,1.0,-0.33,4,67.2,20.2,0.1277,-0.0068,0.124,0.002,0.01,1.14,-0.568,-24.35,11.6,1,1.39,1,0.895,8.72,-8.66,0.0,0,5,0.1277,0.1259,0.1259,0.1148
172.446,1,0.591,0.75,-0.22,4,67.9,19.72,0.1487,-0.0011,0.121,0.001,0.001,1.145,-0.57,-24.35,11.6,1,1.39,1,0.896,10.18,-1.59,-4.115,1,5,0.124,0.1185,0.1259,0.1148
172.471,1,0.63,1.0,-0.4,4,70.9,19.91,0.1497,-0.0005,0.12,0.002,-0.016,1.147,-0.571,-24.35,11.6,1,1.39,1,0.896,10.18,-1.59,-4.115,1,5,0.1166,0.1185,0.1259,0.1185
172.544,1,0.7,0.75,-0.2,4,75.5,20.16,0.1255,-0.001,0.118,0.0,-0.043,1.156,-0.575,-24.35,11.6,1,-0.77,1,0.862,14.06,2.8,-5.511,1,5,0.1198,0.1217,0.1161,0.1161
172.574,1,0.698,0.75,-0.2,4,73.8,20.16,0.1055,-0.0024,0.123,-0.003,-0.032,1.16,-0.577,-24.41,11.6,1,-0.77,1,0.862,14.06,2.8,-5.511,1,5,0.1253,0.1253,0.1143,0.1198
172.676,1,0.709,0.75,-0.11,4,76.6,19.95,0.1406,-0.0021,0.117,0.002,-0.029,1.171,-0.582,-24.47,11.62,1,-2.08,1,0.878,14.06,6.14,-3.212,1,5,0.1158,0.1139,0.125,0.1139
172.743,1,0.721,0.75,-0.28,4,75.1,19.95,0.1614,-0.0039,0.112,0.003,0.004,1.177,-0.585,-24.41,11.62,1,-2.08,1,0.872,14.06,6.18,-3.217,1,5,0.1122,0.1122,0.1177,0.1067
172.777,1,0.698,-0.25,0.09,4,73.0,20.16,0.1753,0.0007,0.117,0.002,-0.073,1.182,-0.587,-24.64,11.62,1,-2.08,1,0.86,13.09,7.39,-1.571,1,5,0.1184,0.124,0.1147,0.111
172.876,1,0.654,-0.25,-0.96,4,74.9,20.16,0.2037,0.001,0.151,-0.002,0.006,1.195,-0.593,-24.58,11.62,1,-2.08,1,0.855,13.09,5.38,-2.607,1,5,0.1478,0.1478,0.1497,0.1589
172.91,1,0.55,0.0,-0.71,3,74.6,19.85,0.1795,0.0291,0.158,0.0,0.033,1.199,-0.595,-24.52,11.62,1,-2.08,1,0.856,13.09,5.39,-2.601,1,5,0.1514,0.1588,0.157,0.1644
172.943,1,0.552,0.25,-0.3,3,75.0,19.85,0.1864,0.0196,0.17,-0.0,0.003,1.205,-0.598,-24.47,11.62,1,-2.08,1,0.848,13.09,6.49,-3.629,1,5,0.168,0.1736,0.1662,0.1736
172.975,1,0.547,-0.25,-0.32,3,74.2,19.59,0.1651,0.0042,0.181,-0.003,0.011,1.212,-0.601,-24.47,11.62,1,-2.08,1,0.826,14.54,4.49,-4.953,1,5,0.1791,0.1828,0.1736,0.1884
173.042,1,0.664,-0.25,-0.73,4,74.5,19.87,0.1443,0.0101,0.186,-0.004,0.046,1.222,-0.606,-24.41,11.62,1,-2.08,1,0.816,17.93,19.18,0.0,0,5,0.1847,0.181,0.1828,0.1958
173.071,1,0.663,0.0,-0.5,4,75.6,19.91,0.1582,0.0204,0.183,-0.004,0.046,1.225,-0.607,-24.35,11.62,1,-2.08,1,0.816,17.93,19.18,0.0,0,5,0.1827,0.1753,0.1827,0.1919
173.175,1,0.547,0.0,-0.1,3,73.2,19.59,0.1633,0.0123,0.163,-0.006,0.095,1.243,-0.616,-24.29,11.62,1,-2.01,1,0.793,17.93,19.92,0.0,0,5,0.1645,0.1645,0.1497,0.1718
173.244,1,0.55,0.5,0.03,3,74.0,19.59,0.1384,0.002,0.16,-0.002,0.03,1.252,-0.62,-24.12,11.62,1,-2.01,1,0.756,14.54,22.29,0.0,0,5,0.1534,0.1645,0.1515,0.1718
173.27,1,0.62,0.5,-0.3,4,74.3,19.91,0.1456,-0.0069,0.159,-0.003,-0.033,1.254,-0.621,-24.12,11.62,1,-2.01,1,0.756,14.54,22.29,0.0,0,5,0.1533,0.1625,0.1496,0.1699
173.31,1,0.658,0.75,-0.66,4,75.2,20.03,0.1218,0.0002,0.157,-0.005,0.04,1.26,-0.624,-24.06,11.6,1,1.64,1,0.765,13.09,22.08,0.0,0,5,0.1552,0.1626,0.1423,0.1682
173.374,1,0.689,1.0,0.18,4,76.7,19.91,0.1433,0.0068,0.15,-0.001,0.059,1.271,-0.629,-23.89,11.6,1,1.64,1,0.771,11.15,22.14,0.0,0,5,0.1535,0.1553,0.1461,0.1572
173.411,1,0.551,1.0,0.25,3,77.1,19.85,0.1465,-0.0145,0.147,0.0,-0.033,1.274,-0.63,-23.89,11.6,1,1.64,1,0.767,11.15,26.47,0.0,0,5,0.1462,0.148,0.1462,0.1462
173.437,1,0.557,1.0,0.25,3,75.4,19.85,0.1345,-0.0154,0.142,0.001,-0.093,1.279,-0.632,-24.06,11.6,1,1.64,1,0.767,11.15,26.47,0.0,0,5,0.137,0.1444,0.1407,0.1444
173.477,1,0.641,0.75,-0.64,4,77.1,20.33,0.1204,-0.0145,0.139,0.0,-0.012,1.284,-0.635,-24.18,11.6,1,5.86,1,0.764,6.3,23.5,0.0,0,5,0.1409,0.1446,0.1334,0.1372
173.51,1,0.6,0.75,-0.6,4,78.0,20.16,0.1178,0.0055,0.138,0.001,-0.004,1.286,-0.636,-24.18,11.6,1,5.86,1,0.739,4.36,26.9,0.0,0,5,0.1389,0.1408,0.1371,0.1352
173.571,1,0.55,0.75,-0.17,3,76.7,19.85,0.09,0.0038,0.135,0.003,0.005,1.294,-0.639,-24.18,11.6,1,5.86,1,0.736,1.45,25.44,0.0,0,5,0.1331,0.1294,0.1461,0.1313
173.773,1,0.545,0.75,-0.17,3,75.7,19.85,0.0925,-0.0037,0.105,0.005,-0.023,1.314,-0.647,-24.52,11.6,1,9.09,1,0.755,-5.33,32.07,0.0,0,5,0.1091,0.1072,0.1128,0.0906
173.943,1,0.544,0.5,-0.59,3,75.4,19.85,0.0925,-0.0037,0.083,0.003,-0.063,1.328,-0.653,-24.98,11.6,1,12.99,1,0.78,-13.57,35.84,0.0,0,5,0.0851,0.0814,0.0907,0.0759
173.973,1,0.543,0.25,-0.56,3,76.0,20.2,0.0925,0.0065,0.084,0.002,-0.062,1.33,-0.654,-25.04,11.6,1,12.99,1,0.777,-14.06,36.53,0.0,0,5,0.0888,0.0851,0.087,0.074
174.042,1,0.54,0.25,-0.65,3,77.7,20.44,0.0925,0.0084,0.087,0.001,0.012,1.336,-0.657,-25.1,11.6,1,12.99,1,0.803,-17.93,36.68,0.0,0,5,0.0926,0.087,0.0907,0.0796
174.076,1,0.544,0.25,-0.65,3,77.0,20.44,0.0925,0.0097,0.088,0.002,-0.004,1.338,-0.658,-25.1,11.6,1,12.99,1,0.803,-17.93,36.68,0.0,0,5,0.0889,0.0852,0.0945,0.0815
174.102,1,0.548,0.25,-0.65,3,75.7,20.44,0.0925,0.0096,0.086,0.005,-0.021,1.341,-0.659,-25.1,11.6,1,16.43,1,0.8,-18.42,35.75,0.0,0,5,0.0814,0.0851,0.0962,0.0814
174.17,1,0.543,0.25,-0.65,3,76.8,20.44,0.0925,0.0093,0.084,0.001,-0.002,1.346,-0.661,-25.1,11.6,1,16.43,1,0.802,-24.72,39.44,0.0,0,5,0.0814,0.0814,0.0888,0.0851
174.269,1,0.54,0.25,-0.65,3,78.1,20.44,0.0925,0.0092,0.08,0.002,0.005,1.353,-0.664,-25.15,11.6,1,16.43,1,0.816,-26.17,39.11,0.0,0,5,0.0759,0.0888,0.0759,0.0814
174.341,1,0.533,0.25,-1.27,3,77.1,20.46,0.0925,0.0092,0.088,-0.001,0.031,1.359,-0.668,-25.21,11.61,1,19.68,1,0.83,-26.17,37.38,0.0,0,5,0.0889,0.0889,0.0852,0.0889
174.375,1,0.509,0.25,-2.81,3,77.1,20.46,0.0925,0.02,0.088,0.002,0.006,1.363,-0.669,-25.21,11.61,1,19.68,1,0.842,-29.08,36.53,0.0,0,5,0.0833,0.0852,0.0963,0.0889
174.442,1,0.473,0.0,-3.85,3,78.9,21.02,0.0925,0.0469,0.087,0.003,-0.006,1.368,-0.671,-25.21,11.61,1,19.68,1,0.835,-28.6,34.25,0.0,0,5,0.0845,0.0845,0.0955,0.0845
174.478,1,0.484,0.0,-3.59,3,79.4,21.02,0.0925,0.0678,0.088,0.0,0.028,1.371,-0.673,-25.21,11.61,1,19.76,1,0.827,-28.11,35.38,0.0,0,5,0.0881,0.0881,0.0881,0.0881
174.541,1,0.487,0.5,-2.52,3,79.8,23.87,0.0925,0.0629,0.087,0.001,0.059,1.376,-0.675,-24.98,11.61,1,19.76,1,0.816,-26.66,35.79,0.0,0,5,0.0822,0.095,0.0804,0.0895
174.64,1,0.543,1.0,-0.2,4,82.1,26.27,0.0925,0.0388,0.096,-0.002,0.017,1.384,-0.679,-24.92,11.61,1,19.76,1,0.831,-20.84,35.47,0.0,0,5,0.0972,0.1044,0.0846,0.099
174.676,1,0.544,1.0,0.49,4,82.4,26.31,0.09,-0.0072,0.095,-0.0,-0.001,1.388,-0.681,-24.87,11.61,1,24.01,1,0.842,-21.81,31.95,0.0,0,5,0.095,0.0933,0.0968,0.095
174.742,1,0.549,1.0,2.3,4,83.3,25.15,0.09,-0.0185,0.093,0.004,-0.009,1.393,-0.683,-24.92,11.61,1,24.01,1,0.839,-20.84,25.32,0.0,0,5,0.0866,0.0903,0.1032,0.0903
174.77,1,0.524,1.25,3.74,4,83.4,26.74,0.0925,-0.0498,0.092,0.004,0.0,1.395,-0.683,-24.92,11.61,1,24.01,1,0.839,-20.84,25.32,0.0,0,5,0.087,0.0888,0.1018,0.0888
174.873,1,0.469,0.5,9.07,4,83.1,29.1,0.0925,-0.0771,0.09,0.003,-0.099,1.403,-0.687,-25.1,11.61,1,24.01,1,0.839,-15.51,18.19,0.0,0,5,0.0889,0.0963,0.0889,0.0852
174.941,1,0.338,-3.99,18.45,3,83.2,30.61,0.09,-0.1614,0.094,-0.001,-0.053,1.41,-0.69,-25.38,11.61,1,28.18,1,0.852,-15.51,10.08,0.0,0,5,0.1053,0.0849,0.1016,0.0849
174.976,1,0.35,-4.74,19.61,3,83.6,32.44,0.0925,-0.2728,0.096,-0.0,-0.072,1.413,-0.692,-25.55,11.61,1,28.18,1,0.844,-15.51,10.07,0.0,0,5,0.1049,0.0773,0.1141,0.0883
175.009,1,0.396,-4.49,18.91,4,83.7,34.35,0.0925,-0.2889,0.097,-0.001,-0.054,1.415,-0.693,-25.61,11.61,1,28.18,1,0.842,-17.45,4.15,0.0,0,5,0.1049,0.0754,0.1159,0.0902
175.077,1,0.498,-3.74,25.52,4,84.6,27.41,0.09,-0.2848,0.093,-0.008,-0.131,1.422,-0.697,-26.07,11.61,1,37.1,1,0.857,-22.3,-10.33,0.0,0,5,0.1164,0.0591,0.1109,0.0868
175.177,1,0.537,-3.49,27.64,4,84.1,24.65,0.09,-0.4111,0.099,-0.007,-0.198,1.43,-0.702,-27.1,11.61,1,37.1,1,0.928,-29.57,-29.17,0.0,0,5,0.1443,0.0703,0.1147,0.0685
175.201,1,0.635,-3.99,28.32,5,83.8,27.95,0.0925,-0.4515,0.102,-0.006,-0.237,1.432,-0.703,-27.39,11.61,1,37.1,1,0.928,-29.57,-29.17,0.0,0,5,0.148,0.0722,0.1203,0.0685
175.241,1,0.628,-4.49,28.84,5,83.1,29.95,0.0925,-0.4573,0.108,-0.003,-0.246,1.436,-0.705,-28.02,11.61,1,37.1,1,0.924,-32.47,-36.04,0.0,0,5,0.1499,0.0685,0.1425,0.0722
175.274,1,0.624,-4.99,29.23,5,82.5,31.94,0.0925,-0.4609,0.108,-0.002,-0.257,1.438,-0.706,-28.3,11.61,1,37.1,1,0.946,-32.96,-38.21,0.0,0,5,0.1462,0.0629,0.148,0.074
175.309,1,0.625,-5.99,28.77,5,81.1,32.94,0.0925,-0.4624,0.106,-0.005,-0.332,1.441,-0.708,-28.99,11.62,1,38.49,1,0.947,-33.93,-39.56,0.0,0,5,0.1518,0.0481,0.1536,0.0703
175.375,1,0.652,-5.99,28.11,5,81.1,30.95,0.0925,-0.4446,0.103,-0.012,-0.337,1.448,-0.713,-30.54,11.62,1,38.49,1,0.958,-36.84,-43.59,0.0,0,5,0.176,0.0333,0.1482,0.0537
175.406,1,0.705,-5.49,25.76,5,81.1,24.26,0.09,-0.4343,0.101,-0.011,-0.33,1.449,-0.714,-30.94,11.62,1,38.49,1,0.954,-35.87,-43.71,0.0,0,5,0.1721,0.0296,0.1517,0.0518
175.44,1,0.713,-7.24,25.36,5,80.4,23.35,0.0925,-0.4001,0.1,-0.011,-0.334,1.452,-0.717,-31.8,11.62,1,38.49,1,0.949,-33.44,-41.74,0.0,0,5,0.1683,0.0259,0.1516,0.0536
175.474,1,0.618,-9.48,24.64,5,79.7,32.94,0.0925,-0.3726,0.098,-0.012,-0.378,1.454,-0.718,-32.2,11.62,1,38.49,1,0.921,-30.05,-37.2,0.0,0,5,0.1674,0.0202,0.1509,0.0534
175.507,1,0.627,-5.24,20.26,5,79.7,22.65,0.09,-0.3352,0.092,-0.018,-0.388,1.456,-0.721,-33.12,11.62,1,27.74,1,0.949,-29.08,-31.61,0.0,0,5,0.1713,0.0092,0.14,0.0479
175.57,1,0.634,-7.49,19.49,5,79.9,22.65,0.09,-0.311,0.091,-0.015,-0.378,1.461,-0.725,-34.43,11.62,1,27.74,1,0.93,-28.6,-33.44,0.0,0,5,0.1738,0.0092,0.1424,0.037
175.64,1,0.64,-9.48,18.09,5,78.9,22.04,0.09,-0.2702,0.088,-0.002,-0.303,1.466,-0.729,-35.92,11.62,1,27.74,1,0.918,-21.81,-16.83,3.116,1,5,0.1487,0.0312,0.1395,0.0312
175.669,1,0.658,-9.48,17.28,5,79.4,21.96,0.09,-0.2231,0.085,-0.001,-0.253,1.468,-0.73,-36.21,11.62,1,27.74,1,0.918,-21.81,-16.83,3.116,1,5,0.1414,0.0331,0.1341,0.0312
175.707,1,0.662,-8.98,16.84,5,79.0,22.19,0.09,-0.2117,0.084,0.003,-0.21,1.471,-0.731,-36.73,11.62,1,15.74,1,0.777,-13.09,-8.57,1.328,1,5,0.1264,0.044,0.1301,0.0348
175.77,1,0.648,-9.48,16.65,5,77.7,21.96,0.09,-0.2117,0.088,0.004,-0.217,1.475,-0.735,-37.36,11.62,1,15.74,1,0.835,-10.18,3.05,6.243,1,5,0.1174,0.055,0.1284,0.0514
175.801,1,0.609,-9.73,16.09,4,77.6,21.53,0.09,-0.2026,0.086,-0.004,-0.179,1.477,-0.737,-37.76,11.62,1,15.74,1,0.835,-10.18,3.05,6.243,1,5,0.1175,0.0477,0.1156,0.0624
175.874,1,0.607,-9.98,15.47,4,78.2,21.78,0.1066,-0.1917,0.081,-0.006,-0.168,1.481,-0.74,-38.33,11.62,1,15.74,1,0.826,1.45,24.77,0.0,0,5,0.1146,0.0444,0.1054,0.061
175.975,1,0.616,-8.73,14.53,4,76.7,21.53,0.0953,-0.1794,0.098,0.006,-0.143,1.49,-0.747,-39.42,11.62,1,9.06,1,0.824,1.94,26.23,0.0,0,5,0.1185,0.074,0.1203,0.0611
176.107,1,0.615,-7.24,12.93,4,78.8,21.14,0.095,-0.176,0.099,0.005,-0.149,1.498,-0.753,-40.22,11.62,1,11.76,1,0.835,0.48,18.56,0.0,0,5,0.1173,0.0733,0.1338,0.0715
176.174,1,0.77,-6.24,12.58,5,77.7,21.11,0.0944,-0.1644,0.098,0.003,-0.14,1.503,-0.757,-40.68,11.62,1,11.76,1,0.82,-0.97,18.95,0.0,0,5,0.1233,0.0761,0.1251,0.0671
176.275,1,0.647,-5.74,11.83,5,80.2,21.46,0.1293,-0.2038,0.097,-0.002,-0.128,1.512,-0.765,-41.42,11.62,1,11.76,1,0.84,-2.42,8.81,0.0,0,5,0.1128,0.0721,0.1165,0.0851
176.307,1,0.671,-5.74,11.16,5,80.4,21.46,0.1046,-0.158,0.096,0.001,-0.162,1.513,-0.766,-41.6,11.6,1,13.29,1,0.84,-2.42,7.85,6.159,1,5,0.1091,0.074,0.1202,0.0814
176.335,1,0.735,-5.49,11.37,5,80.0,20.96,0.0931,-0.1457,0.102,0.001,-0.189,1.517,-0.769,-41.94,11.6,1,13.29,1,0.84,-2.42,7.85,6.159,1,5,0.124,0.0777,0.1295,0.0777
176.373,1,0.777,-5.49,11.41,5,79.0,20.96,0.1073,-0.1512,0.106,0.003,-0.216,1.518,-0.77,-42.17,11.6,1,13.29,1,0.828,-3.39,5.92,4.478,1,5,0.1295,0.0851,0.1332,0.0759
176.404,1,0.782,-4.99,10.88,5,78.1,20.44,0.114,-0.1605,0.11,0.002,-0.163,1.522,-0.773,-42.63,11.6,1,13.29,1,0.838,-4.36,3.02,2.641,1,5,0.1426,0.0852,0.1389,0.0741
176.468,1,0.727,-4.49,10.55,5,77.6,20.96,0.1376,-0.1918,0.111,0.007,-0.144,1.527,-0.777,-43.09,11.6,1,13.29,1,0.839,-3.39,2.04,4.807,1,5,0.1348,0.0886,0.1477,0.072
176.542,1,0.734,-4.74,9.98,5,77.0,20.46,0.1017,-0.1457,0.116,0.004,-0.213,1.534,-0.784,-44.0,11.6,1,14.31,1,0.816,-6.79,-1.0,0.317,1,5,0.1462,0.0889,0.1499,0.0778
176.57,1,0.737,-4.99,9.8,5,76.0,20.56,0.0917,-0.1321,0.117,-0.001,-0.219,1.535,-0.785,-44.23,11.6,1,14.31,1,0.816,-6.79,-1.0,0.317,1,5,0.1556,0.0852,0.1463,0.0797
176.668,1,0.669,-4.99,8.67,5,77.7,20.96,0.09,-0.126,0.112,0.01,-0.176,1.544,-0.793,-45.26,11.6,1,14.31,1,0.853,-10.18,-16.42,-2.142,1,5,0.1276,0.0924,0.1516,0.0758
176.706,1,0.665,-4.74,7.95,5,76.6,20.46,0.09,-0.1063,0.107,0.012,-0.171,1.547,-0.795,-45.66,11.61,1,13.07,1,0.853,-10.18,-16.42,-2.142,1,5,0.1166,0.087,0.1499,0.074
176.776,1,0.686,-4.74,7.27,5,75.1,20.46,0.09,-0.0966,0.101,0.006,-0.163,1.553,-0.801,-46.47,11.61,1,13.07,1,0.865,-11.15,-21.35,0.0,0,5,0.1257,0.0795,0.1349,0.0628
176.805,1,0.599,-4.74,7.19,4,75.5,20.45,0.09,-0.0847,0.1,0.008,-0.158,1.555,-0.802,-46.7,11.61,1,13.07,1,0.865,-11.15,-21.35,0.0,0,5,0.1238,0.0795,0.1367,0.0591
176.868,1,0.615,-4.49,6.83,4,77.0,20.7,0.095,-0.0829,0.093,0.011,-0.136,1.559,-0.806,-47.1,11.61,1,13.07,1,0.836,-3.39,-8.19,0.0,0,5,0.1111,0.0741,0.1334,0.0537
176.907,1,0.608,-4.49,6.39,4,76.6,20.7,0.1088,-0.0797,0.09,0.008,-0.156,1.561,-0.808,-47.38,11.61,1,7.55,1,0.791,0.0,-5.22,0.0,0,5,0.1075,0.0704,0.126,0.0575
176.939,1,0.596,-4.49,6.15,4,76.9,20.89,0.0976,-0.0717,0.089,0.006,-0.15,1.564,-0.811,-47.73,11.61,1,7.55,1,0.825,0.48,1.39,-5.307,1,5,0.1055,0.074,0.1166,0.0611
176.969,1,0.611,-4.74,6.03,4,76.9,20.45,0.09,-0.0674,0.09,0.006,-0.164,1.565,-0.812,-47.96,11.61,1,7.55,1,0.825,0.48,1.39,-5.307,1,5,0.1069,0.0756,0.1161,0.0627
177.003,1,0.607,-4.74,5.36,4,77.6,20.45,0.0967,-0.062,0.089,0.005,-0.121,1.568,-0.814,-48.3,11.61,1,7.55,1,0.825,0.48,1.39,-5.307,1,5,0.1068,0.0737,0.1142,0.0608
177.07,1,0.632,-4.74,5.34,4,78.2,20.45,0.09,-0.0506,0.09,0.007,-0.106,1.572,-0.818,-48.64,11.61,1,7.55,1,0.832,0.97,-0.8,-7.602,1,5,0.1017,0.0721,0.122,0.0647
177.107,1,0.687,-4.99,5.01,5,77.5,20.96,0.0972,-0.0504,0.091,0.007,-0.107,1.574,-0.821,-48.93,11.61,1,3.56,1,0.798,4.36,2.71,0.0,0,5,0.1007,0.075,0.1208,0.0659
177.139,1,0.673,-4.99,4.78,5,77.3,20.96,0.09,-0.0416,0.09,0.005,-0.116,1.577,-0.823,-49.16,11.61,1,3.56,1,0.823,4.36,5.86,-5.58,1,5,0.1025,0.075,0.1153,0.0659
177.169,1,0.672,-5.24,4.89,5,77.2,20.46,0.09,-0.0378,0.088,0.005,-0.125,1.578,-0.825,-49.33,11.61,1,3.56,1,0.823,4.36,5.86,-5.58,1,5,0.1026,0.0751,0.1118,0.0623
177.205,1,0.666,-5.24,4.45,5,77.1,20.46,0.09,-0.0371,0.088,0.005,-0.113,1.581,-0.827,-49.62,11.61,1,3.56,1,0.836,4.36,-0.16,0.0,0,5,0.1029,0.0753,0.1102,0.0624
177.235,1,0.658,-4.74,4.06,5,76.1,20.46,0.09,-0.0296,0.086,0.005,-0.018,1.583,-0.83,-49.73,11.61,1,3.56,1,0.836,4.36,-0.16,0.0,0,5,0.1011,0.0754,0.1067,0.0625
177.267,1,0.658,-4.49,4.29,5,75.9,20.96,0.09,-0.029,0.086,0.005,-0.028,1.584,-0.831,-49.73,11.61,1,3.56,1,0.836,4.36,-0.16,0.0,0,5,0.0974,0.0753,0.1066,0.0643
177.305,1,0.696,-4.49,4.16,5,75.8,20.96,0.09,-0.0359,0.087,0.005,-0.099,1.587,-0.833,-49.85,11.61,1,1.03,1,0.827,9.21,9.77,-7.43,1,5,0.0945,0.0778,0.1056,0.0685
177.34,1,0.708,-4.49,4.09,5,76.2,20.96,0.09,-0.0331,0.088,0.005,-0.081,1.589,-0.836,-50.02,11.61,1,1.03,1,0.834,9.69,9.0,0.0,0,5,0.0926,0.0815,0.1056,0.0741
177.368,1,0.713,-4.49,3.49,5,77.0,20.96,0.09,-0.0316,0.089,0.003,-0.059,1.59,-0.837,-50.13,11.61,1,1.03,1,0.834,9.69,9.0,0.0,0,5,0.0964,0.0816,0.1019,0.0741
177.404,1,0.709,-4.49,3.57,5,76.9,20.96,0.09,-0.021,0.085,0.001,-0.095,1.592,-0.84,-50.31,11.61,1,1.03,1,0.836,11.63,13.33,-6.912,1,5,0.0944,0.074,0.0981,0.0722
177.438,1,0.703,-4.49,3.56,5,76.6,20.96,0.09,-0.0221,0.082,0.001,-0.094,1.594,-0.842,-50.53,11.61,1,1.03,1,0.835,11.15,11.83,-7.567,1,5,0.0942,0.0721,0.0942,0.0665
177.468,1,0.698,-4.49,3.5,5,77.2,20.96,0.09,-0.022,0.081,0.001,-0.079,1.595,-0.844,-50.65,11.61,1,1.03,1,0.835,11.15,11.83,-7.567,1,5,0.0923,0.072,0.0923,0.0683
177.506,1,0.707,-4.74,3.16,5,77.3,20.46,0.09,-0.0208,0.081,0.001,-0.049,1.597,-0.846,-50.76,11.61,1,0.29,1,0.83,10.66,9.89,0.0,0,5,0.0906,0.0758,0.0887,0.0703
177.573,1,0.742,-4.24,3.37,5,77.8,20.46,0.09,-0.0119,0.085,-0.002,0.03,1.601,-0.85,-50.76,11.61,1,0.29,1,0.82,11.15,8.92,0.0,0,5,0.0943,0.0758,0.0906,0.0795
177.603,1,0.752,-4.24,3.55,5,78.4,20.46,0.09,-0.0219,0.086,-0.001,-0.03,1.603,-0.853,-50.88,11.61,1,0.29,1,0.825,11.15,9.7,0.0,0,5,0.0924,0.0758,0.0924,0.0814
177.637,1,0.751,-4.24,3.47,5,78.5,20.46,0.0932,-0.0247,0.086,0.0,-0.019,1.605,-0.856,-50.94,11.61,1,0.29,1,0.825,11.15,9.7,0.0,0,5,0.0907,0.0815,0.0907,0.0796
177.667,1,0.733,-3.99,3.15,5,78.9,20.96,0.09,-0.0229,0.085,0.001,-0.043,1.606,-0.857,-50.94,11.61,1,0.29,1,0.835,11.15,7.92,-7.857,1,5,0.0871,0.0815,0.0908,0.0797
177.773,1,0.722,-4.49,3.0,5,79.7,20.96,0.09,-0.0195,0.084,-0.004,-0.082,1.611,-0.864,-51.28,11.61,1,0.28,1,0.826,10.66,5.64,0.0,0,5,0.094,0.0811,0.0792,0.0811
177.803,1,0.724,-4.24,2.62,5,80.0,20.46,0.09,-0.0105,0.083,-0.004,-0.013,1.613,-0.866,-51.34,11.61,1,0.28,1,0.82,10.66,3.8,0.0,0,5,0.0921,0.0755,0.0829,0.0829
177.841,1,0.743,-4.24,2.5,5,79.9,20.46,0.09,-0.0076,0.084,-0.001,0.002,1.615,-0.869,-51.34,11.61,1,0.28,1,0.82,10.66,3.82,-7.167,1,5,0.0849,0.0757,0.0886,0.0849
177.873,1,0.74,-4.24,2.84,5,80.1,20.81,0.09,-0.0054,0.085,0.0,0.007,1.617,-0.87,-51.34,11.61,1,0.28,1,0.823,10.66,3.86,-7.157,1,5,0.0848,0.0775,0.0941,0.0848
177.9,1,0.743,-4.24,2.94,5,80.2,20.81,0.09,-0.0114,0.084,0.001,-0.011,1.619,-0.873,-51.39,11.61,1,-0.03,1,0.823,10.66,3.86,-7.157,1,5,0.0829,0.0773,0.0921,0.0829
177.936,1,0.742,-3.74,2.78,5,80.3,20.46,0.09,-0.0131,0.086,-0.002,0.008,1.621,-0.876,-51.39,11.61,1,-0.03,1,0.825,11.15,2.44,-6.851,1,5,0.0903,0.0793,0.0885,0.0848
177.967,1,0.744,-3.49,2.59,5,79.7,20.96,0.09,-0.0163,0.085,-0.003,-0.007,1.622,-0.877,-51.39,11.61,1,-0.03,1,0.825,11.15,2.44,-6.851,1,5,0.0904,0.0775,0.0867,0.0848
178.004,1,0.735,-3.49,2.59,5,79.6,20.96,0.09,-0.0158,0.088,-0.0,-0.027,1.624,-0.88,-51.39,11.61,1,-0.03,1,0.842,11.63,2.95,-5.466,1,5,0.0943,0.0869,0.0887,0.0832
178.041,1,0.73,-3.49,2.51,5,79.0,20.96,0.0931,-0.015,0.09,0.0,-0.055,1.626,-0.883,-51.57,11.61,1,-0.03,1,0.841,11.15,3.0,-5.839,1,5,0.0981,0.0888,0.0925,0.0814
178.099,1,0.731,-3.49,2.57,5,79.0,20.96,0.09,-0.013,0.09,-0.0,-0.028,1.63,-0.887,-51.74,11.61,1,-1.71,1,0.818,11.63,1.07,-7.537,1,5,0.0977,0.0866,0.0922,0.083
178.136,1,0.735,-3.49,2.6,5,79.3,20.96,0.09,-0.0138,0.088,0.0,0.004,1.631,-0.889,-51.74,11.61,1,-1.71,1,0.814,13.57,6.43,-5.541,1,5,0.0935,0.0827,0.0935,0.0827
178.171,1,0.758,-3.24,2.56,5,79.5,20.46,0.09,-0.0142,0.09,0.001,0.004,1.633,-0.891,-51.74,11.61,1,-1.71,1,0.814,13.57,6.43,-5.541,1,5,0.0915,0.0861,0.0968,0.0861
178.238,1,0.756,-2.99,3.13,5,79.1,20.96,0.104,-0.0161,0.091,0.0,-0.038,1.637,-0.896,-51.85,11.61,1,-1.71,1,0.816,15.03,5.7,-6.578,1,5,0.0933,0.0842,0.097,0.0878
178.267,1,0.644,-2.99,4.75,5,79.4,20.96,0.09,-0.0288,0.09,-0.0,-0.022,1.638,-0.898,-51.91,11.61,1,-1.71,1,0.816,15.03,5.7,-6.578,1,5,0.0954,0.0826,0.0972,0.0862
178.3,1,0.623,-2.75,4.0,5,79.4,20.46,0.09,-0.0569,0.092,0.0,-0.014,1.641,-0.901,-51.97,11.62,1,-3.07,1,0.816,15.03,5.7,-6.578,1,5,0.1002,0.0893,0.0966,0.0838
178.342,1,0.741,-2.99,2.96,5,79.3,20.96,0.09,-0.0464,0.095,0.003,-0.136,1.643,-0.904,-52.14,11.62,1,-3.07,1,0.835,16.96,13.85,-1.212,1,5,0.1009,0.0991,0.0972,0.0844
178.4,1,0.748,-2.99,1.85,5,79.7,20.96,0.0924,-0.0248,0.095,0.0,-0.026,1.647,-0.908,-52.25,11.62,1,-3.07,1,0.849,16.48,11.88,-3.802,1,5,0.1054,0.0943,0.0961,0.0851
178.471,1,0.687,-2.99,1.98,5,79.1,20.96,0.1015,-0.0054,0.096,-0.001,-0.06,1.65,-0.913,-52.37,11.62,1,-3.07,1,0.845,15.51,12.38,-0.41,1,5,0.0992,0.0845,0.1047,0.0955
178.5,1,0.768,-2.75,0.94,5,78.6,20.46,0.1059,-0.0077,0.095,0.0,-0.032,1.653,-0.916,-52.43,11.62,1,-3.28,1,0.845,15.51,12.38,-0.41,1,5,0.0949,0.0876,0.1041,0.0949
178.637,1,0.823,-1.75,-0.08,5,77.6,20.46,0.1002,0.0081,0.096,0.004,-0.042,1.661,-0.927,-52.48,11.62,1,-3.28,1,0.844,15.51,12.37,-0.4,1,5,0.0923,0.1034,0.096,0.0923
178.674,1,0.842,-1.5,-0.74,5,78.0,20.56,0.1138,0.0142,0.1,-0.0,-0.03,1.664,-0.93,-52.48,11.62,1,-3.28,1,0.841,15.51,10.75,-3.834,1,5,0.0979,0.1034,0.0923,0.096
178.705,1,0.832,-1.5,-1.25,5,78.1,20.2,0.1206,0.0244,0.1,-0.002,-0.003,1.665,-0.932,-52.48,11.62,1,-2.9,1,0.841,15.51,10.75,-3.834,1,5,0.1018,0.1018,0.0926,0.1018
178.736,1,0.831,-1.5,-0.75,5,78.1,20.96,0.1151,0.0343,0.103,-0.004,0.023,1.667,-0.935,-52.48,11.62,1,-2.9,1,0.856,15.03,11.14,-0.316,1,5,0.1055,0.0981,0.1,0.1074
178.803,1,0.722,3.49,-4.9,5,76.9,20.44,0.1358,0.0284,0.109,0.0,0.003,1.671,-0.941,-52.43,11.62,1,-2.9,1,0.852,15.03,11.14,-0.319,1,5,0.1053,0.109,0.1108,0.1126
178.835,1,0.791,-1.0,-1.72,5,77.8,20.96,0.1501,0.0679,0.111,0.001,0.019,1.673,-0.942,-52.43,11.62,1,-2.9,1,0.851,15.51,11.1,-0.211,1,5,0.109,0.1108,0.1126,0.1108
178.872,1,0.795,-1.0,-1.5,5,78.3,20.56,0.1598,0.0544,0.118,-0.001,0.038,1.676,-0.946,-52.37,11.62,1,-2.9,1,0.85,15.51,10.79,-2.38,1,5,0.1178,0.1215,0.1123,0.1215
178.904,1,0.789,-0.75,-1.79,5,78.2,20.56,0.1479,0.0461,0.127,-0.003,0.049,1.679,-0.951,-52.25,11.62,1,-1.93,1,0.85,15.51,10.79,-2.38,1,5,0.129,0.1363,0.1124,0.1308
179.0,1,0.788,-0.25,-1.68,5,78.8,20.46,0.1308,0.0442,0.156,-0.004,0.058,1.688,-0.963,-52.02,11.62,1,-1.93,1,0.85,15.99,12.72,-1.199,1,5,0.1514,0.1551,0.1477,0.168
179.039,1,0.787,-0.25,-1.1,5,79.2,20.46,0.1254,0.0345,0.153,0.0,-0.024,1.692,-0.968,-51.97,11.62,1,-1.93,1,0.85,16.48,12.58,-2.406,1,5,0.1441,0.1552,0.1515,0.1608
179.1,1,0.798,-0.5,-1.44,5,78.8,20.96,0.1148,0.0219,0.146,0.003,0.0,1.697,-0.975,-52.14,11.62,1,0.07,1,0.846,15.99,13.65,-0.729,1,5,0.1368,0.1516,0.1461,0.1479
179.132,1,0.788,-1.0,-1.19,5,78.3,20.96,0.1198,0.0323,0.144,0.003,-0.019,1.699,-0.977,-52.14,11.62,1,0.07,1,0.846,15.99,13.65,-0.729,1,5,0.1405,0.1461,0.1479,0.1424
179.202,1,0.804,-1.0,-1.73,5,77.6,20.56,0.126,0.0341,0.143,-0.0,-0.025,1.706,-0.986,-52.31,11.62,1,0.07,1,0.855,11.15,4.01,-3.709,1,5,0.1499,0.1332,0.1517,0.1369
179.236,1,0.799,-1.0,-1.93,5,77.9,20.96,0.1291,0.0451,0.138,0.003,-0.033,1.71,-0.99,-52.25,11.62,1,0.07,1,0.855,11.15,4.01,-3.709,1,5,0.1408,0.1408,0.1426,0.1297
179.3,1,0.806,-2.0,-1.82,5,78.6,20.56,0.138,0.0512,0.134,0.003,0.001,1.715,-0.997,-52.48,11.62,1,0.33,1,0.855,11.15,4.01,-3.709,1,5,0.1335,0.1409,0.1335,0.1298
179.337,1,0.805,-1.75,-2.01,5,79.3,20.46,0.1399,0.0609,0.137,0.0,0.003,1.718,-1.001,-52.43,11.62,1,0.33,1,0.856,10.66,2.33,-2.667,1,5,0.1334,0.1371,0.1371,0.1389
179.366,1,0.813,-2.0,-1.95,5,79.9,20.56,0.1301,0.0582,0.138,0.0,0.057,1.72,-1.003,-52.37,11.62,1,0.33,1,0.856,10.66,2.33,-2.667,1,5,0.1333,0.137,0.1407,0.1425
179.399,1,0.821,-1.5,-2.22,5,80.2,20.56,0.1371,0.0618,0.137,0.001,0.084,1.723,-1.007,-52.25,11.62,1,0.33,1,0.856,10.66,2.33,-2.667,1,5,0.1258,0.1369,0.1388,0.1462
179.437,1,0.829,-1.0,-1.79,5,81.0,20.81,0.1403,0.0619,0.136,0.001,0.03,1.727,-1.012,-52.08,11.62,1,0.33,1,0.85,11.15,4.03,-3.709,1,5,0.1259,0.1444,0.1296,0.1425
179.499,1,0.827,-1.0,-1.47,5,78.6,20.56,0.142,0.0474,0.14,-0.003,0.048,1.731,-1.019,-52.02,11.62,1,-0.41,1,0.854,11.63,3.54,-2.647,1,5,0.1407,0.1536,0.1203,0.1462
179.605,1,0.798,0.0,-1.23,5,79.3,20.44,0.1245,0.0377,0.137,-0.001,0.064,1.74,-1.03,-51.57,11.62,1,-0.41,1,0.854,12.6,7.25,-4.033,1,5,0.1235,0.1401,0.1327,0.153
179.699,1,0.799,0.0,-1.43,5,77.9,20.44,0.0973,0.0196,0.129,-0.003,0.026,1.748,-1.04,-51.51,11.63,1,-0.09,1,0.864,12.6,6.96,-4.589,1,5,0.1297,0.139,0.1131,0.1353
179.739,1,0.795,0.0,-1.45,5,78.1,20.44,0.1083,0.0237,0.125,-0.005,0.058,1.751,-1.044,-51.39,11.63,1,-0.09,1,0.849,13.57,5.91,-2.628,1,5,0.1297,0.1223,0.1167,0.1297
179.798,1,0.802,0.0,-1.02,5,78.0,20.81,0.1011,0.0246,0.119,-0.003,0.019,1.755,-1.05,-51.39,11.63,1,-0.09,1,0.847,13.57,8.37,-3.997,1,5,0.1203,0.1148,0.1185,0.124
179.836,1,0.8,0.0,-0.75,5,78.1,20.2,0.1085,0.0174,0.114,0.0,0.012,1.758,-1.053,-51.34,11.63,1,-0.09,1,0.854,13.57,8.42,-2.44,1,5,0.1092,0.1166,0.1111,0.1185
179.87,1,0.795,0.0,-0.67,5,78.5,20.56,0.1137,0.0134,0.11,0.0,-0.034,1.759,-1.055,-51.39,11.63,1,-0.09,1,0.859,13.57,8.4,-3.964,1,5,0.1055,0.1148,0.1055,0.1148
179.9,1,0.788,-0.5,-0.81,5,78.1,20.56,0.1166,0.0123,0.105,-0.001,0.001,1.762,-1.058,-51.51,11.63,1,-0.18,1,0.859,13.57,8.4,-3.964,1,5,0.0998,0.109,0.0998,0.1127
179.935,1,0.793,-0.5,-1.14,5,78.1,20.81,0.1095,0.02,0.103,-0.002,0.016,1.764,-1.061,-51.51,11.63,1,-0.18,1,0.855,12.6,7.18,-4.036,1,5,0.1016,0.1053,0.096,0.109
179.998,1,0.793,-0.5,-1.14,5,78.1,20.81,0.1072,0.025,0.103,-0.001,0.098,1.768,-1.066,-51.34,11.63,1,-0.18,1,0.856,12.6,6.88,-4.586,1,5,0.0998,0.1017,0.1017,0.1091
