t,valid,conf,lat_mm,head_deg,bandas,contraste,larg_mm,vx,wz,odom_vx,odom_vy,odom_wz,x_m,y_m,yaw_deg,volts,perfil,servo,f_valid,f_conf,f_lat_mm,f_head_deg,f_curv,f_curv_ok,f_bandas,fl,fr,rl,rr
0.019,1,0.537,-5.74,0.27,3,78.0,20.46,0.0068,0.0415,0.0,0.0,0.0,-0.009,-0.0,1.15,11.77,1,-0.0,1,0.799,5.33,-0.46,-1.437,1,5,0.0,0.0,0.0,0.0
0.052,1,0.537,-5.74,0.27,3,78.0,20.46,0.021,0.0469,0.0,0.0,0.0,-0.009,-0.0,1.15,11.77,1,-0.0,1,0.8,5.33,-0.85,-0.243,1,5,0.0,0.0,0.0,0.0
0.084,1,0.587,-5.74,3.24,4,78.0,20.52,0.035,0.0469,0.001,0.0,0.0,-0.009,-0.0,1.15,11.77,1,-0.0,1,0.776,7.27,-1.78,2.209,1,5,0.0,0.0018,0.0018,0.0018
0.118,1,0.534,-5.74,0.27,3,78.1,20.46,0.0419,-0.0049,0.002,0.0,0.005,-0.009,-0.0,1.15,11.77,1,-0.0,1,0.776,7.27,-1.78,2.209,1,5,0.0,0.0037,0.0018,0.0037
0.152,1,0.537,-5.74,0.28,3,77.9,20.46,0.0561,0.0469,0.005,-0.0,0.014,-0.009,-0.0,1.2,11.77,1,-0.66,1,0.803,4.85,-0.03,-2.443,1,5,0.0018,0.0037,0.0055,0.0073
0.184,1,0.536,-5.74,0.36,3,78.1,20.04,0.07,0.0469,0.009,0.0,0.036,-0.008,-0.0,1.26,11.77,1,-0.66,1,0.796,5.33,-0.46,-1.439,1,5,0.0037,0.0073,0.011,0.0128
0.216,1,0.535,-5.74,0.36,3,78.4,20.04,0.0769,0.0454,0.013,0.001,0.019,-0.008,0.0,1.26,11.77,1,-0.66,1,0.796,5.33,-0.46,-1.439,1,5,0.011,0.011,0.0183,0.0128
0.252,1,0.536,-5.74,0.36,3,78.6,20.04,0.091,0.0454,0.026,0.0,-0.02,-0.006,-0.0,1.2,11.77,1,-0.66,1,0.808,5.33,0.06,-3.082,1,5,0.0276,0.0221,0.0294,0.0239
0.282,1,0.534,-5.74,0.36,3,78.8,20.04,0.0979,0.0454,0.042,0.0,0.01,-0.004,0.0,1.26,11.77,1,-0.66,1,0.817,5.33,0.55,-0.885,1,5,0.0349,0.0313,0.0368,0.0294
0.318,1,0.528,-5.74,0.37,3,78.9,20.04,0.1119,0.0452,0.051,-0.003,-0.006,-0.003,-0.0,1.26,11.77,1,-0.66,1,0.817,5.33,0.55,-0.885,1,5,0.0536,0.048,0.048,0.0554
0.383,1,0.524,-5.24,-0.14,3,78.6,20.56,0.14,0.0436,0.086,-0.002,0.043,0.005,0.0,1.38,11.76,1,-0.48,1,0.742,11.15,-2.03,3.886,1,5,0.0851,0.0851,0.0814,0.0907
0.419,1,0.528,-5.24,-0.09,3,78.5,20.46,0.1469,0.0486,0.093,0.0,0.054,0.007,0.0,1.43,11.76,1,-0.48,1,0.742,11.15,-2.03,3.886,1,5,0.087,0.0962,0.0907,0.0999
0.45,1,0.525,-5.24,1.14,3,79.1,20.56,0.161,0.0482,0.11,0.0,0.025,0.012,0.0,1.49,11.76,1,-0.48,1,0.343,6.61,0.58,-3.095,1,4,0.1017,0.1146,0.1054,0.1183
0.483,1,0.528,-4.99,0.56,3,79.3,20.56,0.175,0.0165,0.128,0.0,0.016,0.017,0.0,1.55,11.76,1,-0.48,1,0.347,7.21,0.81,0.505,1,4,0.1183,0.1313,0.1257,0.1368
0.515,1,0.532,-4.74,0.62,3,79.0,20.04,0.1819,0.0283,0.136,0.001,0.022,0.02,0.001,1.55,11.76,1,-0.48,1,0.347,7.21,0.81,0.505,1,4,0.1276,0.1405,0.1331,0.1424
0.551,1,0.676,-4.74,0.48,4,77.7,20.52,0.1912,0.0236,0.154,0.0,0.005,0.027,0.001,1.55,11.76,1,0.55,1,0.347,7.21,0.81,0.505,1,4,0.1461,0.1535,0.1554,0.1628
0.583,1,0.68,-4.74,0.48,4,78.1,20.51,0.2053,0.0274,0.171,0.0,0.04,0.035,0.001,1.6,11.76,1,0.55,1,0.341,7.21,0.3,-2.213,1,4,0.1646,0.172,0.1702,0.1776
0.617,1,0.586,-4.74,3.69,4,79.0,20.84,0.2099,0.0274,0.179,-0.001,0.014,0.038,0.001,1.6,11.76,1,0.55,1,0.341,7.21,0.3,-2.213,1,4,0.1738,0.1775,0.1793,0.1867
0.65,1,0.66,-4.49,0.93,4,79.3,20.56,0.1859,-0.0597,0.194,-0.0,0.016,0.047,0.001,1.66,11.76,1,0.55,1,0.345,7.81,1.4,0.508,1,4,0.1886,0.1941,0.1923,0.1997
0.682,1,0.66,-4.24,1.29,4,80.0,20.56,0.2,0.0123,0.208,-0.002,-0.002,0.055,0.001,1.66,11.76,1,0.55,1,0.345,7.81,1.4,0.51,1,4,0.2053,0.2053,0.2071,0.2145
0.717,1,0.67,-4.24,0.6,4,79.8,20.69,0.2068,-0.0022,0.214,-0.0,-0.019,0.06,0.002,1.6,11.76,1,0.55,1,0.345,7.81,1.4,0.51,1,4,0.2128,0.2146,0.2128,0.2165
0.783,1,0.671,-4.74,0.86,4,79.7,20.51,0.1774,0.0215,0.218,0.002,-0.055,0.077,0.002,1.49,11.74,1,0.45,1,0.344,7.81,1.85,-2.97,1,4,0.2164,0.2127,0.2275,0.2164
0.818,1,0.673,-4.24,0.05,4,79.3,20.56,0.1657,0.0221,0.219,0.0,0.019,0.082,0.002,1.49,11.74,1,0.45,1,0.344,7.81,1.85,-2.97,1,4,0.2164,0.209,0.2293,0.2201
0.853,1,0.658,-3.99,1.65,4,78.6,20.77,0.1416,0.0365,0.22,0.0,0.016,0.091,0.002,1.43,11.74,1,0.45,1,0.346,7.81,-0.55,0.052,1,4,0.2163,0.2126,0.2292,0.2237
0.883,1,0.581,-3.99,3.95,4,78.5,20.77,0.1173,0.0039,0.22,0.004,-0.003,0.099,0.003,1.43,11.74,1,0.45,1,0.345,7.81,1.39,0.574,1,4,0.2145,0.2182,0.2293,0.2182
0.917,1,0.651,-3.74,0.7,4,79.0,20.84,0.1057,-0.0339,0.215,0.006,-0.035,0.103,0.003,1.43,11.74,1,0.45,1,0.345,7.81,1.39,0.574,1,4,0.209,0.2164,0.2256,0.2108
0.952,1,0.677,-3.99,0.11,4,78.6,21.03,0.09,0.0202,0.205,0.006,-0.044,0.111,0.004,1.26,11.74,1,0.99,1,0.346,7.81,-0.13,-3.354,1,4,0.2018,0.2073,0.2166,0.1962
0.982,1,0.68,-3.99,0.35,4,77.7,20.89,0.09,0.0339,0.2,0.006,0.013,0.115,0.004,1.26,11.74,1,0.99,1,0.342,7.21,-1.18,-6.254,1,4,0.1981,0.2018,0.211,0.1907
1.016,1,0.69,-3.74,0.17,4,76.8,20.56,0.09,0.0297,0.194,0.003,-0.025,0.123,0.004,1.26,11.74,1,0.99,1,0.342,7.21,-1.18,-6.254,1,4,0.1962,0.1925,0.2018,0.1851
1.053,1,0.685,-3.99,0.41,4,77.1,20.69,0.09,0.0299,0.187,0.002,-0.051,0.13,0.004,1.2,11.74,1,0.99,1,0.75,10.18,-1.51,3.64,1,5,0.1925,0.1832,0.1962,0.1777
1.082,1,0.676,-4.24,-0.03,4,77.7,20.69,0.09,0.029,0.174,0.001,-0.059,0.137,0.004,1.09,11.74,1,0.99,1,0.777,6.3,-0.02,-5.408,1,5,0.183,0.1701,0.1793,0.1627
1.118,1,0.666,-4.24,-0.04,4,77.8,20.69,0.09,0.0398,0.166,0.0,-0.002,0.14,0.004,1.03,11.74,1,0.99,1,0.777,6.3,-0.02,-5.408,1,5,0.1775,0.1627,0.1701,0.1553
1.15,1,0.671,-4.49,-0.1,4,77.3,20.77,0.09,0.0395,0.157,0.0,-0.031,0.146,0.005,1.03,11.74,1,-0.15,1,0.351,6.61,-1.75,0.066,1,4,0.1626,0.1534,0.1608,0.1497
1.185,1,0.667,-4.74,-0.01,4,77.7,20.69,0.09,0.0433,0.152,0.001,-0.015,0.152,0.005,0.92,11.74,1,-0.15,1,0.338,6.61,-3.3,-3.843,1,4,0.1498,0.1461,0.1609,0.1517
1.216,1,0.672,-4.74,-0.08,4,78.0,20.56,0.09,0.0447,0.149,0.002,-0.018,0.155,0.005,0.92,11.74,1,-0.15,1,0.338,6.61,-3.3,-3.843,1,4,0.1443,0.1406,0.1628,0.1499
1.249,1,0.674,-4.99,0.11,4,77.2,20.89,0.09,0.0451,0.138,0.001,-0.056,0.16,0.005,0.86,11.74,1,-0.15,1,0.348,5.41,-1.03,0.535,1,4,0.1351,0.1277,0.1499,0.1388
1.283,1,0.667,-5.24,-0.04,4,77.2,20.95,0.09,0.0445,0.127,-0.0,0.037,0.165,0.005,0.8,11.74,1,-0.15,1,0.349,5.41,-2.96,0.089,1,4,0.1277,0.1203,0.1332,0.1258
1.315,1,0.68,-4.99,-0.55,4,77.5,20.89,0.09,0.0499,0.124,0.0,0.012,0.167,0.005,0.8,11.74,1,-0.15,1,0.349,5.41,-2.96,0.089,1,4,0.1277,0.1221,0.1258,0.1203
1.353,1,0.687,-5.24,-0.29,4,78.0,20.69,0.09,0.0551,0.119,0.0,-0.019,0.172,0.005,0.74,11.72,1,-0.66,1,0.349,5.41,-2.96,0.097,1,4,0.1184,0.1221,0.1166,0.1184
1.385,1,0.697,-5.24,-0.53,4,78.1,20.51,0.09,0.0532,0.112,0.0,-0.029,0.176,0.005,0.74,11.72,1,-0.66,1,0.344,4.81,-3.62,-6.281,1,4,0.1092,0.1147,0.1092,0.1147
1.416,1,0.697,-5.49,-0.42,4,77.6,20.56,0.09,0.0572,0.106,0.0,-0.014,0.178,0.005,0.74,11.72,1,-0.66,1,0.348,5.41,-4.48,-3.842,1,4,0.1017,0.1072,0.1054,0.1109
1.45,1,0.691,-5.49,-0.41,4,77.1,20.56,0.09,0.0579,0.098,0.002,0.004,0.181,0.005,0.74,11.72,1,-0.66,1,0.346,6.61,-0.25,0.0,0,4,0.0962,0.0981,0.1018,0.0962
1.483,1,0.696,-5.49,-0.41,4,77.5,20.56,0.09,0.0574,0.089,0.002,-0.045,0.185,0.005,0.69,11.72,1,-0.66,1,0.351,6.61,1.23,-4.672,1,4,0.0926,0.0889,0.0926,0.0815
1.515,1,0.689,-5.74,-0.4,4,78.7,20.69,0.09,0.0573,0.086,-0.0,-0.101,0.186,0.005,0.57,11.72,1,-0.66,1,0.351,6.61,1.23,-4.672,1,4,0.0926,0.0852,0.0852,0.0796
1.552,1,0.68,-5.99,-0.47,4,79.0,20.77,0.09,0.0597,0.084,-0.004,0.03,0.19,0.005,0.63,11.72,1,-1.15,1,0.353,6.61,0.19,0.536,1,4,0.0944,0.0796,0.0796,0.0815
1.582,1,0.67,-5.74,-0.72,4,78.8,20.52,0.09,0.0638,0.083,-0.0,0.066,0.193,0.005,0.69,11.72,1,-1.15,1,0.35,6.61,-0.23,4.016,1,4,0.087,0.0777,0.0814,0.0851
1.616,1,0.672,-5.74,-0.35,4,77.8,20.95,0.09,0.0644,0.082,0.001,0.026,0.195,0.005,0.74,11.72,1,-1.15,1,0.35,6.61,-0.23,4.016,1,4,0.074,0.0814,0.0851,0.0888
1.65,1,0.687,-5.24,-0.59,4,77.9,20.52,0.09,0.0578,0.075,0.003,0.055,0.197,0.006,0.86,11.72,1,-1.15,1,0.349,6.61,-0.28,0.0,0,4,0.0593,0.0815,0.0759,0.0852
1.681,1,0.686,-4.74,-0.47,4,77.6,20.52,0.09,0.0559,0.075,0.004,0.055,0.199,0.006,0.92,11.72,1,-1.15,1,0.349,7.81,-0.55,0.152,1,4,0.0593,0.0852,0.0723,0.0815
1.717,1,0.678,-4.24,-0.34,4,78.1,20.52,0.09,0.048,0.07,0.006,0.068,0.202,0.006,1.09,11.72,1,-1.15,1,0.349,7.81,-0.55,0.152,1,4,0.0538,0.0871,0.0649,0.076
1.751,1,0.679,-3.74,-0.15,4,78.2,20.51,0.09,0.0409,0.068,0.006,0.079,0.204,0.006,1.26,11.71,1,-1.15,1,0.345,9.01,2.19,4.11,1,4,0.0482,0.0852,0.063,0.0741
1.781,1,0.674,-2.99,-0.05,4,78.3,20.89,0.09,0.0328,0.064,0.005,0.102,0.207,0.007,1.49,11.71,1,-1.15,1,0.346,10.22,1.87,0.149,1,4,0.0481,0.0833,0.0592,0.074
1.815,1,0.679,-2.25,-0.17,4,78.9,20.69,0.09,0.0224,0.063,0.006,0.096,0.208,0.007,1.6,11.71,1,-1.15,1,0.346,10.22,1.87,0.149,1,4,0.0444,0.0813,0.0573,0.0702
1.851,1,0.68,-1.75,-0.05,4,79.5,20.69,0.09,0.0177,0.063,0.004,0.036,0.21,0.007,1.72,11.71,1,-1.15,1,0.342,12.62,2.76,-3.771,1,4,0.0481,0.0814,0.0518,0.0703
1.884,1,0.677,-1.5,0.26,4,80.8,20.69,0.09,0.0116,0.062,0.001,0.035,0.213,0.007,1.78,11.71,1,-1.15,1,0.342,12.62,6.63,-2.931,1,4,0.0462,0.0795,0.0518,0.0703
1.914,1,0.676,-1.25,0.47,4,81.3,20.51,0.09,0.0041,0.064,-0.001,0.023,0.214,0.007,1.78,11.71,1,-1.15,1,0.343,13.82,3.98,-3.742,1,4,0.0555,0.074,0.0518,0.074
1.952,1,0.672,-1.25,0.71,4,80.7,20.69,0.09,-0.0007,0.065,-0.002,0.026,0.217,0.007,1.83,11.71,1,-0.29,1,0.343,13.82,3.98,-3.742,1,4,0.0605,0.0715,0.055,0.0734
1.984,1,0.669,-1.0,0.39,4,80.2,20.69,0.09,-0.0036,0.07,-0.001,0.001,0.22,0.007,1.89,11.71,1,-0.29,1,0.346,13.82,5.49,0.094,1,4,0.0697,0.0733,0.0642,0.0733
2.016,1,0.715,-1.0,1.07,5,78.9,20.96,0.09,-0.0006,0.072,-0.001,0.038,0.222,0.007,1.89,11.71,1,-0.29,1,0.346,13.82,7.41,0.532,1,4,0.0697,0.0752,0.066,0.0752
2.081,1,0.67,-0.75,5.38,5,79.3,21.11,0.09,-0.0108,0.069,0.0,0.008,0.227,0.007,2.06,11.71,1,-0.29,1,0.343,13.82,7.41,-5.467,1,4,0.0625,0.0717,0.0698,0.0772
2.114,1,0.718,-0.75,1.85,5,79.7,20.57,0.09,-0.0889,0.068,0.0,0.015,0.228,0.007,2.06,11.71,1,-0.29,1,0.342,15.02,5.18,-3.709,1,4,0.0607,0.0699,0.0662,0.0735
2.15,1,0.719,-0.75,1.61,5,79.5,20.81,0.09,-0.0268,0.068,-0.001,0.006,0.231,0.007,2.06,11.71,1,0.62,1,0.342,15.02,5.18,-3.709,1,4,0.0666,0.0685,0.0648,0.0703
2.182,1,0.713,-0.75,1.53,5,79.5,20.57,0.09,-0.022,0.068,0.0,-0.029,0.233,0.008,2.01,11.71,1,0.62,1,0.342,15.02,5.18,-3.709,1,4,0.068,0.068,0.0698,0.068
2.214,1,0.622,-0.75,6.33,5,79.8,21.11,0.09,-0.0206,0.068,0.001,-0.036,0.235,0.008,2.01,11.71,1,0.62,1,0.342,15.02,5.18,-3.709,1,4,0.0698,0.0663,0.0716,0.0645
2.285,1,0.628,-0.75,6.0,5,79.4,21.11,0.09,-0.104,0.074,-0.0,-0.055,0.241,0.008,1.89,11.71,1,0.62,1,0.757,14.06,0.26,2.89,1,5,0.0735,0.0699,0.0735,0.0681
2.314,1,0.624,-1.0,6.09,5,78.7,20.96,0.09,-0.0981,0.074,-0.002,-0.033,0.242,0.008,1.83,11.71,1,0.62,1,0.744,14.06,0.82,4.255,1,5,0.0759,0.0685,0.0759,0.0759
2.348,1,0.686,-1.25,1.73,5,78.5,20.81,0.09,-0.0968,0.078,-0.002,-0.026,0.246,0.008,1.66,11.73,1,5.1,1,0.349,10.22,0.36,-3.815,1,4,0.0868,0.0702,0.0813,0.0739
2.382,1,0.71,-1.25,1.16,5,79.0,20.57,0.09,-0.0179,0.079,-0.001,-0.037,0.249,0.008,1.66,11.73,1,5.1,1,0.349,10.22,0.36,-3.815,1,4,0.0905,0.0702,0.0849,0.0739
2.416,1,0.715,-1.5,1.07,5,79.4,20.96,0.09,-0.0081,0.081,-0.0,-0.031,0.25,0.008,1.6,11.73,1,5.1,1,0.349,10.22,0.36,-3.815,1,4,0.0887,0.072,0.0887,0.0739
2.45,1,0.718,-1.75,1.32,5,79.5,20.81,0.09,-0.004,0.079,0.0,-0.013,0.253,0.008,1.55,11.73,1,5.1,1,0.349,10.22,0.36,-3.815,1,4,0.0814,0.074,0.0851,0.0759
2.484,1,0.715,-1.75,1.27,5,78.8,20.81,0.09,-0.0055,0.078,0.0,0.0,0.257,0.008,1.55,11.73,1,5.1,1,0.332,0.0,-19.05,0.0,0,4,0.0795,0.0739,0.0813,0.0776
2.515,1,0.718,-1.5,0.94,5,78.1,20.81,0.09,-0.0053,0.079,0.0,0.003,0.258,0.008,1.6,11.73,1,5.1,1,0.757,7.76,-11.77,-2.167,1,5,0.0788,0.0788,0.0788,0.0788
2.549,1,0.728,-1.25,0.74,5,77.4,20.81,0.09,-0.0028,0.079,0.001,0.03,0.261,0.008,1.66,11.73,1,1.53,1,0.821,6.3,-5.44,-4.244,1,5,0.0769,0.0805,0.0787,0.0787
2.583,1,0.729,-1.5,1.11,5,77.2,20.96,0.09,-0.0024,0.08,0.002,-0.037,0.265,0.009,1.6,11.73,1,1.53,1,0.817,6.3,-7.41,-4.261,1,5,0.0751,0.0824,0.0806,0.0806
2.615,1,0.727,-1.5,1.1,5,76.9,20.96,0.09,-0.0055,0.08,0.002,-0.061,0.266,0.009,1.55,11.73,1,1.53,1,0.806,6.3,-6.99,-5.398,1,5,0.074,0.0814,0.0814,0.0814
2.648,1,0.667,-1.5,-0.06,4,77.5,20.56,0.09,-0.0054,0.081,0.002,-0.015,0.27,0.009,1.43,11.73,1,1.53,1,0.777,7.27,-7.18,-6.265,1,5,0.0759,0.0815,0.0833,0.0815
2.685,1,0.67,-1.5,-0.07,4,77.8,20.56,0.09,0.0147,0.083,-0.0,0.024,0.273,0.009,1.43,11.73,1,1.53,1,0.784,9.69,-0.06,-4.973,1,5,0.0851,0.0814,0.0832,0.0814
2.714,1,0.663,-1.5,-0.07,4,78.6,20.56,0.09,0.0148,0.084,0.0,0.015,0.275,0.009,1.43,11.73,1,1.53,1,0.808,9.69,0.92,-2.769,1,5,0.0869,0.0832,0.085,0.0813
2.751,1,0.653,-1.25,-0.31,4,78.2,20.51,0.09,0.0148,0.086,-0.001,0.023,0.278,0.009,1.55,11.72,1,-2.03,1,0.808,9.69,0.92,-2.769,1,5,0.0849,0.0849,0.0849,0.0886
2.786,1,0.578,-1.25,0.36,4,77.9,20.69,0.09,0.016,0.084,0.0,0.016,0.281,0.009,1.6,11.72,1,-2.03,1,0.76,13.09,3.81,-2.166,1,5,0.0777,0.087,0.0814,0.0907
2.817,1,0.646,-1.0,0.13,4,77.6,20.76,0.09,0.0044,0.083,0.0,0.022,0.283,0.009,1.6,11.72,1,-2.03,1,0.79,14.06,8.47,-1.433,1,5,0.0757,0.0868,0.0794,0.0887
2.848,1,0.606,-0.75,0.21,4,76.9,20.52,0.09,0.0057,0.083,-0.0,0.021,0.286,0.009,1.66,11.72,1,-2.03,1,0.769,15.99,12.29,-3.202,1,5,0.0795,0.085,0.0795,0.0868
2.882,1,0.624,-0.75,0.63,4,76.2,20.69,0.09,0.0013,0.083,0.001,-0.002,0.29,0.009,1.72,11.72,1,-2.03,1,0.793,15.99,15.62,-1.009,1,5,0.0776,0.085,0.0813,0.085
2.915,1,0.626,-0.75,0.59,4,76.6,20.69,0.09,-0.0054,0.085,0.001,-0.023,0.292,0.009,1.66,11.72,1,-2.03,1,0.79,16.48,14.14,-2.14,1,5,0.0814,0.087,0.0851,0.0851
2.948,1,0.662,-0.75,0.2,4,77.9,20.69,0.09,-0.0042,0.085,0.002,-0.024,0.295,0.01,1.6,11.72,1,-1.84,1,0.75,19.87,12.39,3.384,1,5,0.0814,0.087,0.087,0.0833
2.984,1,0.658,-0.75,0.19,4,78.1,20.69,0.09,0.0029,0.086,0.003,-0.063,0.298,0.01,1.49,11.72,1,-1.84,1,0.75,19.87,12.39,3.384,1,5,0.0851,0.0887,0.0887,0.0814
3.016,1,0.659,-0.75,-0.11,4,77.4,20.51,0.09,0.003,0.086,0.0,0.036,0.3,0.01,1.49,11.72,1,-1.84,1,0.728,19.87,13.57,3.622,1,5,0.0887,0.0851,0.0869,0.0814
3.046,1,0.602,-0.75,0.12,4,76.9,20.52,0.09,0.0084,0.088,-0.0,0.004,0.304,0.01,1.6,11.72,1,-1.84,1,0.718,20.36,12.29,4.813,1,5,0.0935,0.088,0.088,0.0843
3.084,1,0.67,-0.75,0.29,4,76.7,20.69,0.09,0.0045,0.088,-0.002,0.019,0.307,0.01,1.66,11.72,1,-1.84,1,0.718,20.36,12.29,4.813,1,5,0.0899,0.0862,0.0862,0.0917
3.116,1,0.68,-0.75,0.2,4,76.7,20.69,0.09,0.0015,0.089,-0.0,-0.005,0.309,0.01,1.66,11.72,1,-1.84,1,0.686,18.42,7.33,3.102,1,5,0.0862,0.0899,0.0862,0.0917
3.146,1,0.681,-0.75,0.53,4,76.3,20.52,0.09,0.0032,0.087,0.0,0.01,0.313,0.01,1.66,11.72,1,1.81,1,0.33,15.02,5.15,-3.709,1,4,0.0814,0.0888,0.0851,0.0907
3.18,1,0.685,-0.5,0.13,4,76.3,20.77,0.09,-0.0026,0.087,0.0,0.01,0.313,0.01,1.66,11.72,1,1.81,1,0.691,14.54,3.69,6.156,1,5,0.0814,0.0888,0.0851,0.0907
3.214,1,0.689,-0.5,0.18,4,76.3,20.56,0.09,0.0014,0.086,-0.0,0.012,0.316,0.01,1.66,11.72,1,1.81,1,0.76,12.12,-0.65,1.621,1,5,0.0851,0.0832,0.0869,0.0869
3.249,1,0.683,-0.75,0.2,4,76.8,20.69,0.09,0.0008,0.083,-0.001,-0.057,0.321,0.01,1.49,11.72,1,1.81,1,0.749,14.06,-1.32,4.187,1,5,0.081,0.0774,0.0866,0.0884
3.285,1,0.692,-0.75,-0.19,4,77.5,20.51,0.09,0.0036,0.085,0.0,-0.018,0.323,0.01,1.43,11.72,1,1.81,1,0.749,14.06,-1.32,4.187,1,5,0.081,0.0774,0.0921,0.0884
3.314,1,0.689,-0.75,-0.1,4,77.3,20.51,0.09,0.0103,0.085,0.002,-0.06,0.324,0.01,1.38,11.72,1,1.81,1,0.714,10.18,-8.98,3.433,1,5,0.0811,0.0811,0.0921,0.0847
3.349,1,0.681,-1.0,0.14,4,77.0,20.76,0.09,0.0087,0.09,0.004,0.039,0.328,0.011,1.38,11.71,1,4.34,1,0.726,10.66,-12.33,-1.004,1,5,0.0907,0.0907,0.0962,0.0814
3.381,1,0.682,-0.75,-0.11,4,77.5,20.51,0.09,0.0074,0.092,0.002,-0.005,0.332,0.011,1.38,11.71,1,4.34,1,0.726,10.66,-12.33,-1.004,1,5,0.0925,0.0907,0.0962,0.087
3.415,1,0.691,-1.0,0.08,4,77.5,21.03,0.09,0.0084,0.091,0.001,-0.02,0.334,0.011,1.38,11.71,1,4.34,1,0.727,11.63,-12.44,-0.324,1,5,0.0906,0.0888,0.0943,0.0888
3.448,1,0.691,-1.0,-0.01,4,77.7,20.77,0.09,0.0081,0.089,0.0,0.004,0.337,0.011,1.38,11.71,1,4.34,1,0.727,11.63,-12.44,-0.324,1,5,0.0885,0.0867,0.0922,0.0904
3.489,1,0.678,-1.0,0.08,4,77.6,20.58,0.09,0.0094,0.088,0.001,0.018,0.342,0.011,1.38,11.71,1,4.34,1,0.727,11.63,-12.44,-0.324,1,5,0.0868,0.0868,0.0905,0.0868
3.548,1,0.681,-0.5,-0.05,4,77.9,20.89,0.09,0.0078,0.084,0.002,-0.01,0.346,0.011,1.43,11.71,1,4.03,1,0.344,4.21,-11.65,-6.805,1,4,0.0815,0.0852,0.087,0.0833
3.582,1,0.674,-0.5,0.27,4,78.0,21.04,0.09,0.0038,0.085,0.003,-0.044,0.347,0.011,1.38,11.71,1,4.03,1,0.344,4.21,-11.65,-6.805,1,4,0.0797,0.0871,0.0889,0.0852
3.614,1,0.638,-0.75,2.77,4,78.1,20.84,0.09,-0.0013,0.086,0.001,-0.019,0.351,0.011,1.32,11.71,1,4.03,1,0.342,4.21,-11.63,-6.849,1,4,0.0828,0.0865,0.0865,0.0865
3.648,1,0.677,-0.75,0.14,4,78.5,20.56,0.09,-0.0416,0.088,-0.001,0.004,0.356,0.011,1.26,11.71,1,4.03,1,0.342,4.21,-11.64,-6.799,1,4,0.0901,0.0864,0.0864,0.0882
3.68,1,0.681,-0.75,-0.19,4,78.5,20.51,0.09,0.0044,0.089,-0.0,0.012,0.357,0.011,1.26,11.71,1,4.03,1,0.342,4.21,-11.64,-6.799,1,4,0.0901,0.0864,0.0864,0.0882
3.714,1,0.732,-0.75,0.45,5,77.7,20.56,0.09,0.01,0.089,0.0,0.023,0.359,0.011,1.32,11.71,1,4.03,1,0.336,3.0,-11.34,0.0,0,4,0.0894,0.0876,0.0912,0.0894
3.751,1,0.726,-0.75,0.61,5,77.2,20.57,0.09,-0.001,0.089,-0.001,-0.008,0.363,0.012,1.32,11.73,1,3.55,1,0.71,6.79,-16.57,1.076,1,5,0.0873,0.0856,0.0909,0.0927
3.779,1,0.674,-0.75,0.13,4,78.1,20.56,0.09,-0.0039,0.09,0.0,0.002,0.365,0.012,1.32,11.73,1,3.55,1,0.71,6.79,-16.57,1.076,1,5,0.0855,0.0873,0.0926,0.0926
3.816,1,0.684,-0.75,0.2,4,78.3,20.69,0.09,0.0044,0.086,0.001,0.012,0.368,0.012,1.32,11.73,1,3.55,1,0.71,6.79,-16.57,1.076,1,5,0.0847,0.0865,0.0865,0.0847
3.849,1,0.688,-0.25,-0.39,4,78.8,20.56,0.09,0.0032,0.084,0.002,0.007,0.371,0.012,1.43,11.73,1,3.55,1,0.36,-0.6,-19.76,0.0,0,4,0.0813,0.0868,0.085,0.0813
3.881,1,0.689,-0.25,-0.39,4,78.6,20.56,0.09,0.0073,0.082,0.002,0.0,0.373,0.012,1.43,11.73,1,3.55,1,0.344,0.6,-19.97,0.0,0,4,0.0814,0.0851,0.0832,0.0795
3.915,1,0.738,-0.5,0.49,5,78.3,20.57,0.09,0.0079,0.083,0.003,0.004,0.376,0.012,1.38,11.73,1,3.55,1,0.323,6.01,-13.54,-1.212,1,4,0.0814,0.087,0.0851,0.0796
3.947,1,0.737,-0.75,0.9,5,77.1,20.81,0.09,-0.004,0.086,0.001,-0.03,0.38,0.012,1.38,11.73,1,1.9,1,0.755,11.63,-8.82,2.87,1,5,0.0869,0.0906,0.0832,0.0832
3.983,1,0.673,-0.75,0.19,4,76.3,21.0,0.09,-0.0083,0.088,-0.0,0.054,0.384,0.012,1.38,11.73,1,1.9,1,0.755,11.63,-8.82,2.87,1,5,0.0888,0.0925,0.0832,0.0851
4.016,1,0.693,-0.75,-0.05,4,75.2,21.0,0.09,0.004,0.09,-0.001,0.021,0.385,0.012,1.38,11.73,1,1.9,1,0.346,5.41,-9.36,-5.724,1,4,0.0944,0.0944,0.0833,0.0889
4.046,1,0.692,-0.75,0.53,4,75.6,20.84,0.09,0.008,0.092,-0.001,0.018,0.389,0.012,1.43,11.73,1,1.9,1,0.346,6.01,-9.23,-2.159,1,4,0.0889,0.0908,0.0908,0.0963
4.082,1,0.688,-0.75,0.52,4,76.6,20.84,0.09,-0.0022,0.091,0.0,-0.006,0.391,0.013,1.43,11.73,1,1.9,1,0.347,5.41,-8.35,-4.686,1,4,0.087,0.0889,0.0926,0.0944
4.113,1,0.686,-0.75,0.2,4,76.8,20.69,0.09,-0.0022,0.088,0.0,0.003,0.394,0.013,1.49,11.73,1,1.9,1,0.345,5.41,-8.32,-4.785,1,4,0.0833,0.087,0.0907,0.0925
4.145,1,0.679,-0.5,-0.05,4,76.7,20.89,0.09,0.0034,0.086,-0.001,0.026,0.398,0.013,1.49,11.73,1,1.76,1,0.341,6.01,-8.74,-5.735,1,4,0.0849,0.083,0.0867,0.0886
4.179,1,0.647,-0.25,0.4,4,76.4,20.52,0.09,0.0046,0.086,-0.003,0.019,0.399,0.012,1.49,11.73,1,1.76,1,0.349,6.61,-9.1,-6.544,1,4,0.0867,0.0812,0.0849,0.0904
4.216,1,0.677,-0.25,-0.01,4,75.4,20.52,0.09,-0.006,0.086,-0.003,-0.06,0.403,0.013,1.43,11.73,1,1.76,1,0.344,6.61,-7.64,-2.613,1,4,0.0849,0.0812,0.0849,0.0923
4.244,1,0.678,-0.5,-0.06,4,74.8,21.03,0.09,0.0015,0.086,0.001,0.016,0.408,0.013,1.38,11.73,1,1.76,1,0.346,6.61,-9.62,-3.164,1,4,0.0851,0.0851,0.0833,0.0851
4.279,1,0.684,-0.5,-0.06,4,75.4,21.03,0.09,0.0057,0.086,0.001,0.016,0.408,0.013,1.38,11.73,1,1.76,1,0.347,5.41,-8.33,-4.882,1,4,0.0851,0.0888,0.0851,0.0851
4.314,1,0.672,-0.25,1.12,4,76.0,21.1,0.09,0.0056,0.089,0.001,0.039,0.412,0.013,1.43,11.73,1,1.76,1,0.342,5.41,-7.89,-1.82,1,4,0.0888,0.0906,0.0888,0.0869
4.347,1,0.676,-0.25,-0.05,4,76.6,21.1,0.09,-0.0179,0.09,-0.001,0.003,0.415,0.013,1.49,11.72,1,1.45,1,0.339,6.61,-9.12,-6.521,1,4,0.0906,0.0906,0.0869,0.0925
4.385,1,0.665,-0.25,-0.06,4,77.4,20.56,0.09,0.0028,0.088,-0.002,0.024,0.419,0.013,1.49,11.72,1,1.45,1,0.344,6.61,-9.12,-6.529,1,4,0.087,0.0888,0.0833,0.0925
4.447,1,0.647,-0.25,1.13,4,78.4,21.3,0.09,0.0031,0.085,0.001,0.038,0.426,0.013,1.6,11.72,1,1.45,1,0.72,12.6,-8.72,-0.384,1,5,0.0824,0.0879,0.0843,0.0861
4.479,1,0.635,0.25,0.12,4,78.5,20.69,0.09,-0.0177,0.085,0.001,0.038,0.426,0.013,1.6,11.72,1,1.45,1,0.72,12.6,-8.72,-0.384,1,5,0.0824,0.0879,0.0843,0.0861
4.516,1,0.652,0.25,0.25,4,78.1,21.0,0.09,-0.0062,0.085,0.0,-0.082,0.429,0.013,1.55,11.72,1,1.45,1,0.345,7.21,-7.52,-5.753,1,4,0.0788,0.0843,0.0862,0.0898
4.579,1,0.649,0.0,0.21,4,78.0,21.03,0.09,-0.0076,0.086,0.004,-0.02,0.434,0.014,1.49,11.72,1,1.62,1,0.355,6.61,-8.1,-5.745,1,4,0.0772,0.0919,0.0883,0.0883
4.614,1,0.658,0.0,0.01,4,78.0,20.89,0.09,-0.0034,0.091,0.006,0.029,0.438,0.014,1.55,11.72,1,1.62,1,0.347,8.41,-7.84,0.0,0,4,0.0846,0.0993,0.0938,0.0864
4.646,1,0.66,0.0,0.25,4,77.9,21.04,0.09,-0.0001,0.094,0.002,0.004,0.442,0.014,1.55,11.72,1,1.62,1,0.354,12.02,-0.81,-5.179,1,4,0.0901,0.0974,0.0956,0.0937
4.68,1,0.665,0.0,0.0,4,78.0,21.03,0.09,-0.0043,0.092,0.0,0.012,0.444,0.014,1.55,11.72,1,1.62,1,0.354,12.02,-0.81,-5.179,1,4,0.0887,0.0924,0.0924,0.0943
4.746,1,0.702,0.75,0.68,5,78.7,21.1,0.09,0.0001,0.085,-0.001,0.051,0.45,0.014,1.66,11.72,1,0.72,1,0.357,12.02,0.64,-1.373,1,4,0.0832,0.0813,0.0869,0.0906
4.779,1,0.619,0.75,0.43,4,79.6,20.69,0.09,-0.0212,0.085,-0.001,-0.009,0.452,0.014,1.66,11.72,1,0.72,1,0.739,17.93,-1.05,0.311,1,5,0.0832,0.0813,0.0869,0.0887
4.846,1,0.593,0.75,3.78,4,80.2,23.05,0.09,-0.0153,0.086,0.0,-0.015,0.459,0.014,1.6,11.72,1,0.72,1,0.752,16.48,-1.45,2.112,1,5,0.0832,0.0869,0.0851,0.0869
4.879,1,0.653,0.5,0.12,4,80.3,21.03,0.09,-0.0735,0.086,0.0,-0.045,0.461,0.015,1.55,11.72,1,0.72,1,0.752,16.48,-1.45,2.112,1,5,0.0851,0.0887,0.0851,0.0869
4.946,1,0.67,0.25,0.11,4,80.3,20.84,0.09,-0.0065,0.09,-0.002,-0.019,0.468,0.015,1.55,11.72,1,3.86,1,0.715,60.59,-12.39,6.404,1,5,0.0924,0.085,0.0905,0.0905
4.981,1,0.676,0.0,0.0,4,81.0,21.03,0.09,-0.0032,0.09,-0.003,-0.02,0.47,0.014,1.55,11.72,1,3.86,1,0.715,60.59,-12.39,6.404,1,5,0.0942,0.0813,0.0924,0.0924
5.045,1,0.649,0.0,0.31,4,80.4,21.03,0.09,0.001,0.088,-0.0,-0.003,0.477,0.015,1.43,11.72,1,3.86,1,0.734,59.13,-21.07,0.0,0,5,0.0925,0.0851,0.0907,0.0851
5.078,1,0.657,0.0,0.27,4,79.8,21.03,0.09,-0.0046,0.087,0.002,0.013,0.479,0.015,1.49,11.72,1,3.86,1,0.734,59.13,-21.07,0.0,0,5,0.0888,0.0888,0.0888,0.0814
5.147,1,0.673,0.0,-0.33,4,78.9,21.1,0.09,-0.0044,0.086,-0.002,0.052,0.486,0.015,1.38,11.72,1,3.14,1,0.77,61.07,-25.39,0.0,0,5,0.0851,0.0851,0.0833,0.0907
5.178,1,0.66,-0.25,0.44,4,78.8,20.69,0.09,0.006,0.086,-0.003,0.017,0.487,0.015,1.43,11.72,1,3.14,1,0.78,60.1,-30.01,0.0,0,5,0.0869,0.0832,0.0832,0.0925
5.248,1,0.571,-0.25,0.23,4,79.1,21.0,0.09,-0.0048,0.092,-0.004,0.048,0.495,0.015,1.49,11.72,1,3.14,1,0.768,59.13,-30.11,0.0,0,5,0.0944,0.0888,0.087,0.0981
5.279,1,0.519,0.0,0.0,3,79.6,20.96,0.09,-0.0012,0.092,-0.004,0.017,0.497,0.015,1.55,11.72,1,3.14,1,0.768,59.13,-30.11,0.0,0,5,0.0925,0.0907,0.0851,0.0999
5.345,1,0.51,0.0,0.0,3,79.7,20.96,0.09,-0.0003,0.09,0.001,0.017,0.504,0.015,1.6,11.7,1,2.43,1,0.728,56.22,-18.89,0.0,0,5,0.0888,0.0925,0.0888,0.0888
5.379,1,0.563,0.25,-0.01,4,79.8,20.95,0.09,-0.0003,0.09,0.002,-0.004,0.506,0.015,1.6,11.7,1,2.43,1,0.342,5.41,-10.58,0.0,0,4,0.0888,0.0925,0.0907,0.087
5.445,1,0.578,0.25,0.68,4,79.9,20.69,0.09,-0.0027,0.087,0.002,-0.009,0.513,0.015,1.55,11.7,1,2.43,1,0.365,5.41,-10.8,0.0,0,4,0.0815,0.0889,0.0907,0.0889
5.477,1,0.579,0.25,0.0,4,79.0,20.69,0.09,-0.0145,0.087,0.003,-0.022,0.514,0.016,1.49,11.7,1,2.43,1,0.365,5.41,-10.8,0.0,0,4,0.0796,0.0888,0.0925,0.0888
5.544,1,0.64,0.25,0.29,4,79.0,21.0,0.09,-0.0024,0.089,0.0,-0.002,0.522,0.016,1.55,11.7,1,2.11,1,0.378,5.41,-10.46,-6.976,1,4,0.0888,0.0888,0.0907,0.0888
5.579,1,0.521,0.25,0.06,3,79.3,20.57,0.09,-0.0075,0.091,-0.001,-0.004,0.523,0.016,1.55,11.7,1,2.11,1,0.378,5.41,-10.46,-6.976,1,4,0.0925,0.0888,0.0907,0.0925
5.645,1,0.521,0.25,-0.29,3,79.0,20.57,0.09,-0.0034,0.091,0.001,-0.001,0.531,0.016,1.55,11.7,1,2.11,1,0.798,10.66,-11.94,-1.973,1,5,0.0906,0.0906,0.0924,0.0887
5.68,1,0.524,0.25,-0.29,3,78.8,20.57,0.09,0.0028,0.09,0.001,0.005,0.532,0.016,1.55,11.7,1,2.11,1,0.798,10.66,-11.94,-1.973,1,5,0.0906,0.0906,0.0924,0.0869
5.747,1,0.574,0.5,0.4,4,79.1,20.89,0.09,0.0028,0.088,0.002,-0.01,0.539,0.016,1.38,11.69,1,0.33,1,0.804,10.66,-11.98,-1.822,1,5,0.087,0.087,0.0925,0.0851
5.78,1,0.574,0.5,-0.26,4,78.8,20.89,0.09,-0.0124,0.087,0.003,-0.034,0.541,0.017,1.32,11.69,1,0.33,1,0.804,10.66,-11.98,-1.822,1,5,0.087,0.0907,0.0907,0.0814
5.845,1,0.526,0.5,-0.52,3,78.1,20.81,0.09,-0.0002,0.089,0.002,0.018,0.548,0.017,1.38,11.69,1,0.33,1,0.38,10.22,-3.57,-4.689,1,4,0.0888,0.0925,0.0888,0.0851
5.88,1,0.536,0.75,-0.11,3,77.7,20.81,0.09,0.0043,0.089,0.0,0.037,0.55,0.017,1.43,11.69,1,0.33,1,0.38,10.22,-3.57,-4.689,1,4,0.0888,0.0888,0.0907,0.0888
5.948,1,0.535,0.5,-0.23,3,77.1,20.96,0.09,-0.0054,0.091,-0.0,-0.008,0.557,0.017,1.43,11.69,1,-0.51,1,0.386,10.82,-2.09,-5.298,1,4,0.0924,0.0906,0.0906,0.0906
5.977,1,0.529,0.5,-0.23,3,76.6,20.96,0.09,-0.0,0.089,-0.0,0.011,0.559,0.017,1.43,11.69,1,-0.51,1,0.386,10.82,-2.08,-5.292,1,4,0.0905,0.0887,0.0887,0.0887
6.048,1,0.529,0.75,-0.46,3,73.0,20.46,0.09,-0.0003,0.083,0.002,-0.035,0.566,0.017,1.32,11.69,1,-0.51,1,0.387,10.82,-2.07,-5.285,1,4,0.0796,0.0814,0.0888,0.0833
6.081,1,0.502,0.5,-0.23,3,71.8,20.96,0.09,0.0006,0.083,0.003,-0.028,0.567,0.018,1.26,11.69,1,-0.51,1,0.855,14.06,-3.33,2.677,1,5,0.0777,0.0814,0.0907,0.0814
6.146,1,0.462,0.5,0.46,3,72.5,20.57,0.09,-0.0003,0.087,0.003,-0.011,0.574,0.018,1.2,11.69,1,-0.51,1,0.922,9.69,-3.09,-3.954,1,5,0.0852,0.087,0.0926,0.0815
6.177,1,0.486,0.25,-0.63,3,72.3,20.46,0.09,-0.0122,0.088,0.003,-0.006,0.576,0.018,1.15,11.69,1,-0.51,1,0.922,9.69,-3.09,-3.954,1,5,0.087,0.087,0.0944,0.0833
6.247,1,0.621,0.0,-0.38,4,70.1,20.7,0.09,0.0092,0.089,0.001,-0.016,0.583,0.018,1.09,11.69,1,-0.51,1,0.878,12.12,-4.47,1.983,1,5,0.0907,0.0852,0.0944,0.0852
6.278,1,0.511,0.0,-0.65,3,69.6,20.57,0.09,0.0079,0.089,0.001,-0.011,0.585,0.018,1.09,11.69,1,-0.51,1,0.878,12.12,-4.47,1.983,1,5,0.0908,0.0871,0.0926,0.0852
6.314,1,0.509,0.0,-0.71,3,69.0,20.96,0.09,0.0121,0.087,0.002,0.014,0.589,0.018,1.09,11.69,1,-0.51,1,0.919,12.12,2.54,-3.867,1,5,0.0889,0.087,0.0907,0.0815
6.347,1,0.619,0.25,-0.62,4,69.8,20.33,0.09,0.013,0.084,0.004,-0.011,0.592,0.019,1.09,11.7,1,-0.99,1,0.926,12.12,3.55,-4.8,1,5,0.0834,0.0889,0.0871,0.0778
6.381,1,0.527,0.25,-0.65,3,71.3,20.46,0.09,0.0082,0.085,0.002,-0.078,0.594,0.019,1.03,11.7,1,-0.99,1,0.926,12.12,3.55,-4.8,1,5,0.0829,0.0884,0.0866,0.0829
6.446,1,0.715,0.25,-0.53,5,71.6,20.46,0.09,0.0089,0.088,0.002,0.015,0.601,0.019,1.03,11.7,1,-0.99,1,0.905,13.57,2.25,-1.86,1,5,0.0828,0.0865,0.0939,0.0902
6.48,1,0.686,0.25,-0.2,5,70.3,21.1,0.09,0.0069,0.087,0.002,-0.014,0.602,0.019,1.03,11.7,1,-0.99,1,0.905,13.57,2.25,-1.86,1,5,0.0851,0.0851,0.0943,0.0851
6.513,1,0.64,0.0,-0.68,4,71.1,20.21,0.09,0.0012,0.091,0.0,-0.011,0.606,0.019,0.97,11.7,1,-0.99,1,0.917,12.12,3.61,-3.23,1,5,0.0888,0.0888,0.0943,0.0925
6.548,1,0.633,0.0,-0.96,4,70.6,20.32,0.09,0.0126,0.091,0.001,-0.003,0.61,0.019,0.97,11.7,1,-1.72,1,0.92,12.12,4.03,-2.679,1,5,0.0906,0.0906,0.0925,0.0888
6.577,1,0.606,0.0,-0.69,4,69.1,19.72,0.09,0.0172,0.09,0.001,0.006,0.612,0.019,0.97,11.7,1,-1.72,1,0.912,12.12,4.05,-2.669,1,5,0.0889,0.0907,0.0926,0.0889
6.613,1,0.604,0.25,-0.95,4,67.8,19.72,0.09,0.0123,0.088,0.003,0.032,0.615,0.02,1.03,11.7,1,-1.72,1,0.907,12.12,4.06,-2.668,1,5,0.0862,0.0918,0.0899,0.0844
6.648,1,0.617,0.25,-0.6,4,66.8,20.33,0.09,0.0139,0.086,0.003,0.004,0.619,0.02,1.09,11.7,1,-1.72,1,0.899,12.12,3.69,-3.263,1,5,0.0837,0.091,0.0855,0.0819
6.677,1,0.604,0.25,-0.64,4,66.6,20.03,0.09,0.0078,0.086,0.003,-0.024,0.62,0.02,1.03,11.7,1,-1.72,1,0.897,12.12,3.65,-4.823,1,5,0.0837,0.0928,0.0837,0.0819
6.747,1,0.594,0.0,-0.59,4,68.3,20.32,0.09,0.0088,0.088,0.002,0.001,0.628,0.02,0.97,11.7,1,-2.2,1,0.894,12.12,3.74,-3.285,1,5,0.0852,0.0907,0.0888,0.087
6.777,1,0.646,0.0,-0.52,4,71.2,20.32,0.09,0.011,0.089,0.001,0.013,0.629,0.02,0.97,11.7,1,-2.2,1,0.894,12.12,3.74,-3.285,1,5,0.087,0.087,0.0924,0.0888
6.846,1,0.702,0.0,-0.77,4,75.6,19.91,0.09,0.0095,0.091,-0.001,0.013,0.637,0.02,1.03,11.7,1,-2.2,1,0.888,12.12,3.75,-3.284,1,5,0.0924,0.0887,0.0924,0.0924
6.88,1,0.706,0.25,-1.0,4,74.7,19.95,0.09,0.0137,0.091,0.0,0.016,0.638,0.02,1.03,11.7,1,-2.2,1,0.888,12.12,3.75,-3.284,1,5,0.0905,0.0924,0.0905,0.0905
6.946,1,0.697,0.25,-0.6,4,73.3,20.33,0.09,0.0149,0.088,0.001,0.024,0.646,0.02,1.09,11.7,1,-2.68,1,0.893,12.6,3.24,-3.806,1,5,0.0832,0.0906,0.0869,0.0906
6.977,1,0.707,0.75,-0.88,4,73.8,19.95,0.09,0.008,0.087,-0.001,0.002,0.647,0.02,1.15,11.7,1,-2.68,1,0.893,12.6,3.24,-3.806,1,5,0.0833,0.0888,0.0833,0.0944
7.044,1,0.712,0.5,-0.65,4,76.4,19.91,0.09,0.0074,0.089,0.0,0.043,0.654,0.021,1.15,11.7,1,-2.68,1,0.881,16.96,13.43,-1.827,1,5,0.0832,0.0924,0.0851,0.0943
7.08,1,0.712,0.25,-0.32,4,76.5,20.16,0.09,0.0067,0.089,0.001,0.024,0.656,0.021,1.15,11.7,1,-2.68,1,0.881,16.96,13.43,-1.827,1,5,0.0832,0.0924,0.0869,0.0924
7.111,1,0.721,0.25,-0.41,4,75.4,19.95,0.09,0.004,0.089,-0.0,-0.001,0.66,0.021,1.15,11.7,1,-2.68,1,0.868,16.96,14.48,-1.284,1,5,0.0869,0.0887,0.0887,0.0924
7.144,1,0.715,0.25,-0.4,4,74.2,19.95,0.09,0.0053,0.091,-0.003,0.02,0.664,0.02,1.2,11.7,1,-1.95,1,0.868,16.96,14.48,-1.284,1,5,0.0962,0.0906,0.0851,0.0906
7.178,1,0.707,0.5,-0.64,4,73.8,19.91,0.09,0.0051,0.091,-0.001,-0.012,0.665,0.021,1.2,11.7,1,-1.95,1,0.868,16.96,14.48,-1.284,1,5,0.0962,0.0925,0.0869,0.0888
7.213,1,0.701,0.5,-0.64,4,73.3,19.91,0.09,0.0062,0.09,-0.0,0.007,0.669,0.021,1.26,11.7,1,-1.95,1,0.86,17.93,13.7,-2.249,1,5,0.0924,0.0906,0.0887,0.0887
7.245,1,0.702,0.75,-0.77,4,74.1,19.81,0.09,0.0064,0.088,-0.0,-0.003,0.672,0.021,1.26,11.7,1,-1.95,1,0.859,17.93,13.71,-2.248,1,5,0.0869,0.0887,0.0869,0.0906
7.28,1,0.702,0.75,-0.47,4,75.1,20.16,0.09,0.0057,0.089,-0.002,-0.042,0.674,0.021,1.26,11.7,1,-1.95,1,0.859,17.93,13.71,-2.248,1,5,0.0887,0.0887,0.0851,0.0924
7.31,1,0.68,0.75,-0.83,4,75.0,20.16,0.09,0.0007,0.091,-0.0,0.001,0.678,0.021,1.2,11.7,1,-1.95,1,0.857,17.93,13.71,-2.247,1,5,0.0887,0.0961,0.0851,0.0943
7.344,1,0.653,0.75,-1.34,4,75.2,20.03,0.09,0.0073,0.094,0.002,0.026,0.682,0.021,1.32,11.71,1,-0.38,1,0.857,17.93,13.71,-2.247,1,5,0.0869,0.0999,0.0925,0.0962
7.377,1,0.639,0.75,-1.31,4,75.0,20.45,0.09,0.0162,0.093,0.001,-0.021,0.684,0.021,1.32,11.71,1,-0.38,1,0.845,16.96,14.81,-0.696,1,5,0.087,0.0962,0.0925,0.0962
7.416,1,0.603,0.5,-0.95,4,75.1,19.91,0.09,0.016,0.091,0.0,-0.0,0.687,0.021,1.32,11.71,1,-0.38,1,0.835,14.06,9.69,-2.653,1,5,0.087,0.0907,0.0907,0.0944
7.445,1,0.638,0.25,-0.93,4,75.7,20.16,0.09,0.0127,0.089,-0.001,0.001,0.691,0.021,1.32,11.71,1,-0.38,1,0.848,14.06,6.59,-2.573,1,5,0.0888,0.087,0.0888,0.0925
7.476,1,0.651,0.5,-1.07,4,75.2,19.78,0.09,0.0154,0.09,-0.001,0.011,0.693,0.021,1.32,11.71,1,-0.38,1,0.847,14.06,6.59,-2.57,1,5,0.0887,0.0906,0.0869,0.0924
7.544,1,0.597,0.75,-0.81,4,73.3,20.16,0.09,0.0143,0.087,-0.003,-0.05,0.7,0.021,1.38,11.71,1,0.66,1,0.841,14.06,6.28,-3.264,1,5,0.0869,0.0832,0.0851,0.0925
7.577,1,0.627,0.75,-1.1,4,72.5,20.16,0.09,0.0066,0.089,-0.004,-0.068,0.701,0.021,1.26,11.71,1,0.66,1,0.841,14.06,6.28,-3.264,1,5,0.0888,0.0851,0.0851,0.0962
7.613,1,0.653,0.75,-1.1,4,73.1,20.16,0.09,0.012,0.09,-0.002,-0.014,0.705,0.021,1.32,11.71,1,0.66,1,0.83,14.06,7.14,-1.279,1,5,0.087,0.0925,0.0833,0.0962
7.643,1,0.663,0.75,-1.07,4,74.1,20.16,0.09,0.0121,0.092,0.0,0.048,0.709,0.021,1.38,11.71,1,0.66,1,0.823,14.06,7.2,-2.973,1,5,0.0869,0.0943,0.0888,0.0962
7.675,1,0.695,0.75,-0.2,4,74.9,20.16,0.09,0.0117,0.09,0.0,0.016,0.71,0.021,1.38,11.71,1,0.66,1,0.822,14.06,7.89,0.644,1,5,0.0851,0.0907,0.0888,0.0944
7.747,1,0.687,0.75,-0.4,4,76.1,20.16,0.09,-0.0034,0.087,-0.003,0.011,0.717,0.021,1.43,11.7,1,1.91,1,0.806,14.06,10.06,4.657,1,5,0.0869,0.0869,0.0813,0.0924
7.776,1,0.621,0.75,-0.69,4,75.1,20.16,0.09,0.0002,0.087,-0.0,-0.012,0.719,0.021,1.43,11.7,1,1.91,1,0.797,14.06,9.82,6.362,1,5,0.0869,0.0887,0.085,0.0887
7.809,1,0.632,0.75,-0.9,4,76.1,20.03,0.09,0.0053,0.088,-0.0,0.007,0.723,0.021,1.43,11.7,1,1.91,1,0.788,11.15,6.78,0.0,0,5,0.0887,0.0869,0.0887,0.0887
7.849,1,0.693,1.0,-0.52,4,75.8,19.91,0.09,0.0089,0.088,-0.001,-0.03,0.726,0.021,1.43,11.7,1,1.91,1,0.788,11.15,6.78,0.0,0,5,0.0906,0.0851,0.0887,0.0887
7.875,1,0.701,1.0,-0.44,4,75.0,19.91,0.09,-0.0009,0.09,-0.003,-0.052,0.728,0.021,1.38,11.7,1,1.91,1,0.788,11.15,5.17,0.0,0,5,0.0906,0.0851,0.0888,0.0943
7.912,1,0.641,1.0,-1.03,4,74.0,19.91,0.09,-0.0018,0.089,-0.003,0.011,0.732,0.021,1.38,11.7,1,1.91,1,0.756,8.72,5.35,0.0,0,5,0.0907,0.0888,0.0833,0.0944
7.944,1,0.686,1.0,-0.13,4,73.3,19.62,0.09,0.0087,0.092,-0.002,0.017,0.736,0.021,1.49,11.7,1,3.96,1,0.768,6.3,0.43,0.0,0,5,0.0888,0.0925,0.087,0.0999
7.977,1,0.695,1.0,-0.4,4,74.1,19.78,0.09,-0.007,0.091,-0.002,0.026,0.737,0.021,1.49,11.7,1,3.96,1,0.768,6.3,0.43,0.0,0,5,0.0883,0.0919,0.0846,0.0975
8.013,1,0.684,1.0,-0.46,4,74.2,19.62,0.09,-0.0021,0.092,-0.003,0.029,0.741,0.021,1.55,11.7,1,3.96,1,0.763,7.27,2.11,0.0,0,5,0.0882,0.0919,0.0863,0.101
8.044,1,0.647,1.25,-0.57,4,74.2,20.16,0.09,-0.0011,0.09,-0.002,0.026,0.745,0.021,1.6,11.7,1,3.96,1,0.762,7.27,2.27,0.0,0,5,0.0901,0.0919,0.0846,0.0938
8.074,1,0.69,1.25,-0.07,4,74.4,20.16,0.09,-0.0022,0.09,-0.0,0.007,0.746,0.021,1.6,11.7,1,3.96,1,0.752,7.27,1.1,0.0,0,5,0.0907,0.0926,0.087,0.0907
8.112,1,0.676,1.25,-0.42,4,74.9,20.16,0.09,-0.0106,0.091,0.0,-0.008,0.75,0.022,1.6,11.7,1,3.96,1,0.752,7.27,1.1,0.0,0,5,0.0925,0.0944,0.0888,0.0888
8.143,1,0.662,1.25,-0.54,4,75.2,20.16,0.09,-0.0043,0.094,-0.0,-0.033,0.754,0.022,1.55,11.7,1,5.11,1,0.761,7.27,9.3,0.0,0,5,0.0944,0.0925,0.0944,0.0944
8.177,1,0.652,1.25,-0.58,4,74.9,20.16,0.09,-0.0021,0.095,-0.001,-0.001,0.756,0.022,1.55,11.7,1,5.11,1,0.761,7.27,9.3,0.0,0,5,0.0943,0.0925,0.0943,0.098
8.212,1,0.644,1.25,-0.57,4,75.5,20.16,0.09,-0.0014,0.097,-0.002,-0.006,0.76,0.022,1.55,11.7,1,5.11,1,0.756,3.88,10.7,0.0,0,5,0.0973,0.0955,0.0936,0.101
8.243,1,0.695,1.5,-0.39,4,76.6,19.91,0.09,-0.0014,0.096,-0.002,0.047,0.764,0.022,1.6,11.7,1,5.11,1,0.773,2.42,4.62,0.0,0,5,0.0965,0.0983,0.0892,0.1002
8.276,1,0.69,1.5,-0.39,4,76.5,19.91,0.09,-0.0076,0.096,-0.001,0.05,0.766,0.022,1.66,11.7,1,5.11,1,0.773,2.42,4.62,0.0,0,5,0.0947,0.0983,0.091,0.1001
8.309,1,0.553,1.25,-0.05,3,76.8,19.85,0.09,-0.0073,0.093,-0.001,0.005,0.769,0.022,1.66,11.7,1,5.11,1,0.778,2.42,8.04,0.0,0,5,0.0898,0.0934,0.0916,0.0989
8.343,1,0.556,1.25,-0.05,3,76.1,19.85,0.09,-0.0101,0.094,0.0,0.0,0.773,0.022,1.72,11.7,1,5.52,1,0.778,2.42,8.04,0.0,0,5,0.0916,0.0952,0.0952,0.0989
8.376,1,0.646,1.0,-0.44,4,77.2,19.91,0.09,-0.0102,0.093,0.0,-0.015,0.775,0.022,1.66,11.7,1,5.52,1,0.778,2.42,8.04,0.0,0,5,0.0938,0.0938,0.0919,0.0919
8.408,1,0.651,1.0,-0.48,4,77.6,19.91,0.09,-0.0005,0.095,0.0,-0.037,0.779,0.022,1.6,11.7,1,5.52,1,0.756,2.42,14.81,0.0,0,5,0.0976,0.0921,0.0976,0.0921
8.443,1,0.635,1.0,-0.37,4,78.0,19.91,0.09,-0.0,0.093,-0.001,-0.018,0.783,0.022,1.49,11.7,1,5.52,1,0.753,2.42,18.38,0.0,0,5,0.0975,0.0865,0.0975,0.092
8.476,1,0.545,1.0,-0.47,3,77.4,19.85,0.09,-0.0021,0.095,-0.001,-0.038,0.785,0.022,1.49,11.7,1,5.52,1,0.753,2.42,18.38,0.0,0,5,0.0981,0.0888,0.0981,0.0944
8.513,1,0.553,1.25,-0.57,3,76.9,19.85,0.09,-0.0006,0.094,-0.0,-0.016,0.788,0.022,1.43,11.7,1,5.52,1,0.731,2.42,22.87,0.0,0,5,0.0962,0.0962,0.0906,0.0925
8.544,1,0.553,1.25,-0.67,3,76.0,20.44,0.09,-0.0018,0.096,0.001,0.011,0.79,0.022,1.43,11.7,1,6.42,1,0.724,2.42,24.82,0.0,0,5,0.0961,0.1035,0.0906,0.0924
8.576,1,0.546,1.25,-0.57,3,77.5,19.85,0.09,-0.0,0.096,0.002,0.057,0.792,0.022,1.49,11.7,1,6.42,1,0.724,2.42,24.82,0.0,0,5,0.0943,0.1035,0.0924,0.0924
8.608,1,0.546,1.25,-0.31,3,77.5,20.2,0.09,-0.0016,0.095,0.002,0.006,0.796,0.023,1.55,11.7,1,6.42,1,0.727,0.97,30.05,0.0,0,5,0.0925,0.0999,0.0943,0.0943
8.643,1,0.551,1.25,-0.05,3,76.9,19.85,0.09,-0.006,0.093,-0.001,-0.003,0.8,0.023,1.55,11.7,1,6.42,1,0.738,-1.45,30.41,0.0,0,5,0.0958,0.0921,0.0921,0.0921
8.677,1,0.552,1.25,-0.05,3,76.0,19.85,0.09,-0.0106,0.092,-0.0,-0.012,0.802,0.023,1.55,11.7,1,6.42,1,0.738,-1.45,30.41,0.0,0,5,0.0958,0.0921,0.0903,0.0885
8.712,1,0.546,1.0,-0.47,3,75.8,19.85,0.09,-0.0105,0.091,0.0,-0.066,0.805,0.023,1.43,11.7,1,6.42,1,0.738,-1.45,32.4,0.0,0,5,0.0968,0.0896,0.0932,0.086
8.744,1,0.543,1.0,-0.47,3,75.9,19.85,0.09,-0.0002,0.09,-0.0,-0.014,0.808,0.023,1.32,11.7,1,10.48,1,0.746,-4.36,33.13,0.0,0,5,0.0931,0.0824,0.0967,0.0878
8.775,1,0.543,1.0,-0.47,3,76.0,19.85,0.09,-0.0003,0.09,-0.001,-0.024,0.81,0.023,1.32,11.7,1,10.48,1,0.746,-4.36,33.13,0.0,0,5,0.0913,0.0788,0.0985,0.0895
8.809,1,0.545,0.75,-0.43,3,76.4,20.2,0.09,-0.0005,0.088,0.0,-0.049,0.813,0.023,1.2,11.7,1,10.48,1,0.748,-4.36,36.51,0.0,0,5,0.0883,0.081,0.0957,0.0883
8.842,1,0.541,0.75,-0.43,3,76.9,20.2,0.09,0.0017,0.089,0.001,-0.041,0.815,0.023,1.15,11.7,1,10.48,1,0.743,-4.36,38.44,0.0,0,5,0.0883,0.0846,0.0957,0.0865
8.876,1,0.537,0.75,-0.53,3,76.6,20.44,0.09,0.0016,0.093,0.002,-0.007,0.819,0.023,1.15,11.7,1,10.48,1,0.743,-4.36,38.44,0.0,0,5,0.0925,0.0944,0.0962,0.0888
8.91,1,0.54,0.75,-0.79,3,75.8,20.44,0.09,0.0029,0.097,0.003,-0.005,0.823,0.023,1.09,11.7,1,10.48,1,0.769,-9.69,38.27,0.0,0,5,0.0962,0.0962,0.1036,0.0925
8.944,1,0.545,0.75,-0.79,3,75.1,20.44,0.09,0.0074,0.097,0.004,-0.032,0.827,0.024,1.03,11.7,1,10.48,1,0.781,-13.57,36.41,0.0,0,5,0.0963,0.0926,0.1092,0.0889
8.976,1,0.641,0.5,-1.43,4,76.1,20.08,0.09,0.0073,0.094,0.004,-0.025,0.829,0.024,0.97,11.7,1,14.26,1,0.781,-13.57,36.41,0.0,0,5,0.0944,0.0907,0.1055,0.0852
9.009,1,0.671,0.25,-0.59,4,77.3,20.33,0.09,0.0213,0.091,0.005,-0.041,0.832,0.024,0.97,11.7,1,14.26,1,0.789,-15.99,36.73,0.0,0,5,0.0963,0.0907,0.1,0.0759
9.042,1,0.543,0.25,-0.65,3,77.1,20.44,0.09,0.0093,0.092,0.002,-0.083,0.836,0.024,0.8,11.7,1,14.26,1,0.801,-18.42,36.2,0.0,0,5,0.0981,0.0907,0.0963,0.0815
9.076,1,0.548,0.75,-1.24,3,75.4,20.44,0.09,0.0101,0.092,0.0,0.003,0.838,0.024,0.8,11.7,1,14.26,1,0.801,-18.42,36.2,0.0,0,5,0.0981,0.087,0.0962,0.0851
9.111,1,0.67,0.25,-1.11,4,75.6,20.45,0.09,0.0142,0.093,0.001,-0.032,0.842,0.024,0.74,11.7,1,14.26,1,0.789,-21.33,40.85,0.0,0,5,0.0926,0.0907,0.0963,0.0907
9.143,1,0.544,0.25,-0.65,3,76.2,20.44,0.09,0.018,0.093,0.002,-0.001,0.845,0.024,0.74,11.7,1,17.49,1,0.81,-24.72,39.35,0.0,0,5,0.0907,0.0925,0.0981,0.0925
9.176,1,0.666,0.25,-0.7,4,77.2,20.45,0.09,0.0098,0.094,0.004,-0.005,0.847,0.024,0.74,11.7,1,17.49,1,0.81,-24.72,39.35,0.0,0,5,0.0907,0.0963,0.1,0.0907
9.208,1,0.541,0.25,-1.17,3,77.6,20.44,0.09,0.0104,0.095,0.003,-0.009,0.851,0.025,0.69,11.7,1,17.49,1,0.806,-25.69,39.62,0.0,0,5,0.0926,0.0926,0.1037,0.0926
9.242,1,0.541,0.25,-1.17,3,77.5,20.44,0.09,0.0186,0.093,0.005,0.006,0.855,0.025,0.69,11.7,1,17.49,1,0.82,-26.66,36.53,0.0,0,5,0.0925,0.0925,0.1055,0.0907
9.276,1,0.541,0.25,-1.18,3,76.7,20.44,0.09,0.0185,0.094,0.004,0.008,0.857,0.025,0.69,11.7,1,17.49,1,0.82,-26.66,36.53,0.0,0,5,0.0931,0.0949,0.1004,0.0858
9.308,1,0.524,0.25,-1.92,3,77.1,20.46,0.09,0.0185,0.093,0.002,-0.007,0.861,0.025,0.69,11.7,1,17.49,1,0.819,-25.69,37.89,0.0,0,5,0.093,0.0948,0.0948,0.0876
9.343,1,0.483,0.25,-3.71,3,77.9,20.46,0.09,0.0313,0.091,0.0,0.004,0.864,0.025,0.69,11.7,1,17.49,1,0.819,-25.69,37.89,0.0,0,5,0.0906,0.0924,0.0906,0.0906
9.377,1,0.479,0.25,-3.58,3,78.7,20.46,0.09,0.0625,0.09,-0.0,-0.003,0.866,0.025,0.69,11.7,1,20.6,1,0.819,-25.69,37.89,0.0,0,5,0.0895,0.0914,0.0877,0.0914
9.407,1,0.483,0.25,-3.44,3,79.3,20.46,0.09,0.0604,0.089,-0.001,-0.012,0.87,0.025,0.74,11.7,1,20.6,1,0.839,-27.63,35.64,0.0,0,5,0.0896,0.095,0.0804,0.0914
9.442,1,0.492,0.25,-3.08,3,79.7,20.46,0.09,0.0579,0.092,-0.0,0.029,0.873,0.025,0.74,11.7,1,20.6,1,0.827,-27.14,36.22,0.0,0,5,0.0925,0.1036,0.0796,0.0925
9.476,1,0.497,0.25,-2.87,3,79.8,22.77,0.09,0.0516,0.092,0.0,0.027,0.875,0.025,0.74,11.7,1,20.6,1,0.827,-27.14,36.22,0.0,0,5,0.0925,0.1036,0.0814,0.0925
9.508,1,0.471,0.25,-2.38,3,80.4,23.26,0.09,0.0478,0.096,0.002,0.014,0.879,0.025,0.8,11.7,1,20.6,1,0.801,-24.72,37.54,0.0,0,5,0.0922,0.1032,0.0922,0.0959
9.542,1,0.517,0.5,-1.09,4,81.1,26.53,0.09,0.0392,0.098,0.001,0.029,0.881,0.025,0.8,11.7,1,20.6,1,0.808,-23.27,36.44,0.0,0,5,0.094,0.1014,0.0959,0.0996
9.575,1,0.534,1.0,-0.82,4,81.7,26.27,0.09,0.0136,0.099,0.003,0.041,0.885,0.026,0.92,11.7,1,21.53,1,0.808,-23.27,36.44,0.0,0,5,0.0904,0.1033,0.1014,0.1014
9.608,1,0.544,1.5,0.32,4,82.1,26.31,0.09,0.0033,0.097,0.002,0.065,0.889,0.026,1.03,11.7,1,21.53,1,0.816,-17.93,37.19,0.0,0,5,0.0851,0.0998,0.098,0.1035
9.641,1,0.568,2.0,0.8,4,82.9,24.92,0.09,-0.0217,0.095,0.003,0.009,0.891,0.026,1.09,11.7,1,21.53,1,0.837,-19.39,35.29,0.0,0,5,0.0814,0.1017,0.0943,0.1035
9.675,1,0.559,2.0,2.18,4,83.4,24.89,0.09,-0.0359,0.094,0.003,0.031,0.895,0.026,1.09,11.7,1,21.53,1,0.837,-19.39,35.29,0.0,0,5,0.0814,0.1036,0.0906,0.1017
9.71,1,0.52,2.25,3.46,4,83.9,27.03,0.09,-0.0585,0.094,0.005,0.044,0.898,0.026,1.15,11.7,1,21.53,1,0.836,-20.84,25.35,0.0,0,5,0.0811,0.1045,0.0919,0.0973
9.745,1,0.533,2.0,5.28,4,83.8,24.45,0.09,-0.0829,0.093,0.005,0.013,0.901,0.027,1.15,11.7,1,21.53,1,0.829,-20.36,22.16,0.0,0,5,0.0824,0.1022,0.0932,0.0968
9.775,1,0.486,2.0,6.39,4,83.6,28.22,0.09,-0.1111,0.092,0.005,-0.013,0.903,0.027,1.15,11.71,1,27.6,1,0.829,-20.36,22.16,0.0,0,5,0.0856,0.0945,0.0998,0.0891
9.81,1,0.471,2.0,8.06,4,83.3,29.1,0.09,-0.1301,0.092,0.0,-0.023,0.907,0.027,1.09,11.71,1,27.6,1,0.847,-17.93,12.95,0.0,0,5,0.0934,0.0861,0.0989,0.0897
9.842,1,0.481,1.75,11.69,4,83.5,29.45,0.09,-0.1591,0.092,-0.002,0.021,0.911,0.026,1.09,11.71,1,27.6,1,0.849,-17.45,12.1,0.0,0,5,0.103,0.0828,0.0957,0.0846
9.876,1,0.36,-1.5,17.53,3,83.6,30.61,0.09,-0.2192,0.09,-0.002,-0.068,0.912,0.027,1.03,11.71,1,27.6,1,0.849,-17.45,12.1,0.0,0,5,0.1036,0.0832,0.0925,0.0814
9.908,1,0.347,-3.24,20.26,3,83.7,31.83,0.09,-0.283,0.091,-0.002,-0.096,0.916,0.027,0.86,11.71,1,27.6,1,0.857,-19.87,-0.46,0.0,0,5,0.1071,0.0831,0.0942,0.0776
9.941,1,0.394,-2.75,18.95,4,84.3,34.64,0.09,-0.3136,0.091,-0.0,-0.128,0.918,0.027,0.74,11.71,1,27.6,1,0.878,-20.36,-3.21,0.0,0,5,0.1054,0.0851,0.0961,0.0777
9.975,1,0.449,-2.5,24.31,4,84.6,30.12,0.09,-0.2991,0.096,0.002,-0.081,0.922,0.027,0.52,11.71,1,36.35,1,0.878,-20.36,-3.21,0.0,0,5,0.1072,0.085,0.1109,0.0795
10.006,1,0.596,-2.75,25.5,5,84.7,30.36,0.09,-0.3981,0.098,0.006,-0.168,0.926,0.027,0.17,11.71,1,36.35,1,0.852,-24.72,-13.52,6.041,1,5,0.1074,0.0833,0.1259,0.0759
10.045,1,0.55,-2.25,25.52,4,84.9,27.2,0.09,-0.4173,0.1,0.003,-0.18,0.932,0.027,-0.4,11.71,1,36.35,1,0.852,-24.72,-13.52,6.041,1,5,0.1184,0.074,0.1332,0.074
10.074,1,0.557,-1.5,25.98,5,85.1,33.86,0.09,-0.4244,0.1,0.003,-0.18,0.932,0.027,-0.4,11.71,1,36.35,1,0.872,-29.57,-26.47,0.0,0,5,0.1221,0.0703,0.1351,0.0722
10.11,1,0.59,-1.5,27.06,5,84.9,25.95,0.09,-0.4416,0.106,-0.001,-0.279,0.937,0.027,-0.92,11.71,1,36.35,1,0.884,-32.47,-33.41,0.0,0,5,0.136,0.068,0.1415,0.0772
10.14,1,0.633,-2.0,27.68,5,84.2,27.95,0.09,-0.46,0.107,-0.001,-0.273,0.939,0.027,-1.26,11.71,1,36.35,1,0.931,-34.9,-39.51,0.0,0,5,0.1433,0.068,0.1433,0.0735
10.174,1,0.625,-2.5,28.28,5,83.6,29.95,0.09,-0.4642,0.11,0.0,-0.216,0.943,0.027,-1.83,11.71,1,39.92,1,0.944,-35.87,-42.93,0.0,0,5,0.1524,0.0661,0.1542,0.0661
10.211,1,0.638,-3.49,29.05,5,82.6,31.94,0.09,-0.4692,0.108,0.001,-0.305,0.948,0.027,-2.41,11.71,1,39.92,1,0.94,-35.87,-43.13,0.0,0,5,0.158,0.0588,0.1599,0.057
10.242,1,0.643,-4.49,28.41,5,81.9,33.94,0.09,-0.4716,0.111,-0.003,-0.34,0.952,0.026,-3.21,11.71,1,39.92,1,0.941,-35.87,-44.43,0.0,0,5,0.1695,0.0547,0.1622,0.0583
10.278,1,0.646,-4.74,27.92,5,81.7,33.44,0.09,-0.4487,0.113,-0.005,-0.368,0.955,0.026,-3.61,11.71,1,39.92,1,0.941,-35.87,-44.43,0.0,0,5,0.1732,0.0529,0.1622,0.062
10.307,1,0.675,-2.99,26.56,5,81.9,29.95,0.09,-0.4396,0.111,-0.007,-0.359,0.959,0.026,-4.47,11.71,1,39.92,1,0.946,-34.9,-43.83,0.0,0,5,0.1797,0.0477,0.1614,0.0569
10.343,1,0.729,-2.99,24.93,5,82.2,23.2,0.09,-0.4383,0.107,-0.002,-0.368,0.963,0.025,-5.33,11.71,1,31.25,1,0.946,-34.9,-43.83,0.0,0,5,0.1709,0.0404,0.1691,0.0478
10.377,1,0.711,-4.99,25.19,5,82.0,22.77,0.09,-0.4096,0.107,0.0,-0.331,0.965,0.025,-5.73,11.71,1,31.25,1,0.946,-34.9,-43.83,0.0,0,5,0.1691,0.0423,0.1709,0.0441
10.41,1,0.671,0.25,20.25,5,81.4,22.46,0.09,-0.3901,0.108,0.002,-0.343,0.97,0.025,-6.53,11.71,1,31.25,1,0.91,-26.66,-37.99,0.0,0,5,0.1654,0.0459,0.1746,0.0459
10.442,1,0.708,0.75,19.66,5,82.1,22.46,0.09,-0.3673,0.11,0.005,-0.325,0.974,0.025,-7.28,11.71,1,31.25,1,0.928,-24.72,-33.14,0.0,0,5,0.1608,0.0628,0.1663,0.0499
10.475,1,0.72,1.0,19.4,5,82.8,22.19,0.09,-0.361,0.108,0.007,-0.276,0.976,0.025,-7.56,11.71,1,31.25,1,0.879,-19.39,-31.56,0.0,0,5,0.1572,0.0666,0.1627,0.0444
10.507,1,0.731,0.75,19.14,5,83.2,22.04,0.09,-0.3554,0.104,0.009,-0.292,0.98,0.024,-8.25,11.71,1,31.25,1,0.873,-15.03,-21.65,0.0,0,5,0.1479,0.0666,0.159,0.0407
10.543,1,0.741,0.25,19.07,5,82.5,22.19,0.09,-0.3451,0.1,0.006,-0.311,0.984,0.024,-9.0,11.71,1,31.25,1,0.873,-15.03,-21.65,0.0,0,5,0.1456,0.0498,0.1622,0.0442
10.574,1,0.711,0.0,17.65,5,82.4,22.19,0.09,-0.3368,0.1,0.001,-0.328,0.986,0.023,-9.4,11.71,1,19.25,1,0.873,-15.03,-21.65,0.0,0,5,0.1456,0.0405,0.1622,0.0516
10.606,1,0.734,0.0,17.2,5,82.1,21.96,0.09,-0.3085,0.098,-0.002,-0.305,0.99,0.022,-10.03,11.71,1,19.25,1,0.817,-8.24,-12.5,-1.704,1,5,0.1475,0.035,0.1567,0.0535
10.64,1,0.709,-0.5,16.89,5,81.4,21.96,0.09,-0.3004,0.098,-0.003,-0.311,0.992,0.022,-10.43,11.71,1,19.25,1,0.789,-2.91,-0.04,4.76,1,5,0.1518,0.0352,0.1536,0.05
10.675,1,0.699,-1.0,16.24,5,80.5,22.19,0.09,-0.2888,0.096,0.0,-0.321,0.996,0.022,-11.17,11.71,1,19.25,1,0.789,-2.91,-0.04,4.76,1,5,0.1499,0.0444,0.148,0.0407
10.707,1,0.707,-1.5,15.74,5,80.8,21.96,0.09,-0.272,0.095,0.003,-0.278,0.999,0.021,-11.69,11.71,1,19.25,1,0.764,0.48,6.14,3.241,1,5,0.1486,0.0471,0.1486,0.0362
10.741,1,0.694,-2.25,15.05,5,80.7,21.6,0.09,-0.2576,0.095,0.004,-0.282,1.0,0.021,-12.03,11.71,1,19.25,1,0.764,0.48,6.14,3.241,1,5,0.1459,0.0468,0.1514,0.0378
10.775,1,0.706,-2.5,14.37,5,80.3,21.96,0.09,-0.2375,0.094,0.002,-0.259,1.004,0.02,-12.66,11.71,1,10.48,1,0.764,0.48,6.14,3.241,1,5,0.146,0.0415,0.1496,0.0379
10.809,1,0.696,-2.99,14.21,5,79.9,21.96,0.09,-0.2244,0.09,-0.002,-0.287,1.007,0.019,-13.29,11.71,1,10.48,1,0.765,6.79,20.7,0.0,0,5,0.147,0.0386,0.1378,0.0368
10.849,1,0.696,-3.74,13.57,5,79.3,21.46,0.09,-0.2172,0.087,-0.001,-0.282,1.012,0.018,-14.27,11.71,1,10.48,1,0.82,6.79,26.16,0.0,0,5,0.1423,0.0443,0.1275,0.0351
10.873,1,0.71,-4.24,13.06,5,78.0,21.46,0.09,-0.1974,0.087,-0.001,-0.282,1.012,0.018,-14.27,11.71,1,10.48,1,0.828,4.85,23.35,0.0,0,5,0.1423,0.0443,0.1275,0.0351
10.908,1,0.688,-4.99,12.42,5,77.6,21.96,0.09,-0.1848,0.086,0.001,-0.179,1.016,0.017,-14.78,11.71,1,10.48,1,0.828,4.85,23.35,0.0,0,5,0.1306,0.0441,0.1306,0.0405
10.944,1,0.669,-5.49,11.9,5,77.3,21.96,0.09,-0.1664,0.085,-0.004,-0.189,1.019,0.016,-15.24,11.71,1,10.48,1,0.828,2.42,19.27,0.0,0,5,0.1251,0.0423,0.127,0.0478
10.975,1,0.679,-5.24,11.29,5,78.7,21.46,0.09,-0.1522,0.085,-0.006,-0.153,1.021,0.015,-15.41,11.71,1,9.73,1,0.831,1.94,17.73,0.0,0,5,0.1196,0.0386,0.1196,0.0625
11.006,1,0.68,-5.24,11.03,5,79.5,21.46,0.09,-0.1467,0.087,-0.008,-0.135,1.024,0.014,-15.76,11.71,1,9.73,1,0.83,1.45,15.85,6.677,1,5,0.1164,0.0462,0.1128,0.0739
11.041,1,0.751,-5.24,10.69,5,79.6,21.46,0.09,-0.1429,0.087,-0.0,-0.135,1.027,0.013,-16.04,11.71,1,9.73,1,0.83,1.45,15.85,6.677,1,5,0.1127,0.0517,0.1127,0.0702
11.075,1,0.767,-5.24,10.8,5,78.8,21.46,0.0965,-0.1378,0.088,0.001,-0.138,1.029,0.013,-16.21,11.71,1,9.73,1,0.83,1.45,15.85,6.677,1,5,0.11,0.0641,0.1136,0.0623
11.108,1,0.762,-4.99,10.66,5,78.3,20.96,0.1107,-0.1435,0.085,0.002,-0.082,1.032,0.012,-16.44,11.71,1,9.73,1,0.833,0.48,14.08,5.1,1,5,0.1063,0.0678,0.1063,0.0586
11.141,1,0.651,-4.74,10.44,4,78.5,21.14,0.1246,-0.166,0.087,0.003,-0.082,1.036,0.011,-16.67,11.71,1,9.73,1,0.833,0.48,14.08,5.1,1,5,0.1019,0.0709,0.1091,0.0673
11.175,1,0.609,-4.99,10.49,4,79.6,20.89,0.1316,-0.175,0.09,0.002,-0.116,1.038,0.01,-16.79,11.71,1,12.0,1,0.833,0.48,14.08,5.1,1,5,0.1028,0.0716,0.112,0.0734
11.21,1,0.67,-4.74,9.51,5,80.0,21.46,0.1072,-0.138,0.096,0.002,-0.112,1.042,0.009,-17.13,11.71,1,12.0,1,0.836,-0.97,10.02,0.0,0,5,0.1083,0.0753,0.1211,0.0789
11.243,1,0.695,-4.49,9.35,5,80.5,20.96,0.09,-0.124,0.103,0.003,-0.175,1.046,0.008,-17.42,11.71,1,12.0,1,0.808,-3.88,3.77,6.645,1,5,0.1146,0.0776,0.1275,0.0795
11.274,1,0.771,-4.49,9.64,5,79.8,20.96,0.09,-0.1241,0.107,0.004,-0.155,1.048,0.007,-17.65,11.71,1,12.0,1,0.843,-4.36,-0.64,5.203,1,5,0.1275,0.0832,0.1386,0.0776
11.311,1,0.779,-4.49,9.51,5,78.7,20.96,0.1041,-0.1287,0.113,0.003,-0.16,1.053,0.006,-17.93,11.71,1,12.0,1,0.842,-4.36,-1.55,4.593,1,5,0.1368,0.0887,0.1424,0.0832
11.339,1,0.788,-4.49,9.01,5,77.5,20.2,0.1113,-0.1298,0.114,-0.0,-0.14,1.055,0.005,-18.11,11.71,1,12.0,1,0.84,-5.33,-1.89,3.56,1,5,0.1387,0.0906,0.1369,0.0888
11.375,1,0.724,-4.24,8.97,5,77.4,20.81,0.1249,-0.1388,0.111,-0.001,-0.039,1.059,0.004,-18.33,11.71,1,13.84,1,0.84,-5.33,-1.89,3.56,1,5,0.1276,0.0888,0.1295,0.0962
11.406,1,0.723,-3.74,8.81,5,78.4,20.46,0.1006,-0.1194,0.104,-0.0,-0.113,1.063,0.003,-18.51,11.71,1,13.84,1,0.84,-5.33,-3.8,0.723,1,5,0.1183,0.0832,0.1257,0.0906
11.442,1,0.783,-3.74,9.22,5,77.7,20.44,0.09,-0.1221,0.105,0.002,-0.159,1.067,0.001,-18.85,11.71,1,13.84,1,0.84,-5.33,-3.8,0.723,1,5,0.122,0.0832,0.1313,0.0851
11.474,1,0.753,-3.74,8.3,5,77.2,20.46,0.0969,-0.1288,0.107,0.002,-0.156,1.069,0.001,-19.02,11.71,1,13.84,1,0.84,-5.33,-3.8,0.723,1,5,0.1276,0.0851,0.1332,0.0814
11.508,1,0.784,-3.24,7.97,5,76.7,20.44,0.111,-0.115,0.109,0.004,-0.143,1.073,-0.0,-19.37,11.71,1,13.84,1,0.847,-5.33,-8.03,0.494,1,5,0.1315,0.0907,0.1352,0.0796
11.54,1,0.747,-3.49,8.41,5,76.6,20.44,0.1179,-0.1233,0.108,0.006,-0.107,1.075,-0.001,-19.48,11.71,1,13.84,1,0.837,-5.33,-10.07,-0.632,1,5,0.1278,0.0926,0.1352,0.0759
11.573,1,0.695,-3.24,7.85,5,77.3,20.46,0.1159,-0.1253,0.103,0.012,-0.114,1.079,-0.002,-19.77,11.71,1,13.49,1,0.838,-5.33,-10.38,-1.215,1,5,0.1162,0.094,0.1364,0.0664
11.606,1,0.676,-2.99,7.45,5,77.8,20.96,0.0915,-0.1089,0.102,0.012,-0.129,1.083,-0.003,-20.05,11.71,1,13.49,1,0.846,-5.33,-10.73,-2.254,1,5,0.1143,0.0921,0.1364,0.0663
11.641,1,0.683,-3.24,7.07,5,77.2,20.46,0.09,-0.1049,0.104,0.009,-0.15,1.085,-0.004,-20.23,11.71,1,13.49,1,0.846,-5.33,-10.73,-2.254,1,5,0.1197,0.0884,0.1363,0.07
11.673,1,0.694,-3.49,6.65,5,76.3,20.96,0.09,-0.0945,0.107,0.001,-0.217,1.089,-0.005,-20.68,11.71,1,13.49,1,0.851,-6.79,-12.81,-4.605,1,5,0.135,0.0832,0.1332,0.0777
11.706,1,0.692,-3.99,6.42,5,75.5,20.44,0.09,-0.0841,0.106,0.001,-0.167,1.093,-0.006,-21.14,11.71,1,13.49,1,0.85,-7.27,-15.75,-4.636,1,5,0.1406,0.0814,0.1332,0.0703
11.741,1,0.67,-3.99,6.31,5,75.7,20.44,0.09,-0.074,0.103,0.004,-0.112,1.095,-0.007,-21.31,11.71,1,13.49,1,0.85,-7.27,-15.75,-4.636,1,5,0.1332,0.0814,0.1313,0.0647
11.774,1,0.684,-4.24,6.01,5,76.6,20.46,0.09,-0.0728,0.093,0.007,-0.143,1.098,-0.008,-21.54,11.7,1,8.84,1,0.85,-7.27,-15.75,-4.636,1,5,0.1128,0.074,0.1276,0.0592
11.807,1,0.606,-4.24,5.38,4,76.9,20.33,0.09,-0.0652,0.088,0.006,-0.146,1.102,-0.009,-21.89,11.7,1,8.84,1,0.85,-4.85,-12.48,0.0,0,5,0.0979,0.0665,0.1219,0.0665
11.842,1,0.617,-4.74,5.93,4,76.7,20.45,0.0959,-0.0544,0.087,0.004,-0.115,1.103,-0.01,-22.0,11.7,1,8.84,1,0.85,-4.85,-12.48,0.0,0,5,0.0961,0.0647,0.1183,0.0702
11.874,1,0.604,-4.74,5.42,4,77.0,20.45,0.1028,-0.0583,0.086,0.001,-0.133,1.106,-0.011,-22.29,11.7,1,8.84,1,0.801,-0.97,-8.95,0.0,0,5,0.0998,0.0647,0.1091,0.0703
11.909,1,0.606,-4.74,4.82,4,77.5,20.45,0.095,-0.0503,0.084,0.0,-0.123,1.11,-0.012,-22.57,11.7,1,8.84,1,0.833,0.48,-2.46,-6.617,1,5,0.1018,0.0629,0.1055,0.0666
11.94,1,0.614,-4.74,4.69,4,76.9,20.33,0.1001,-0.0404,0.083,-0.0,-0.104,1.111,-0.013,-22.69,11.7,1,8.84,1,0.833,0.48,-2.46,-6.617,1,5,0.1036,0.0629,0.1018,0.0629
11.974,1,0.618,-4.74,4.69,4,76.6,20.33,0.09,-0.0383,0.083,0.001,-0.052,1.114,-0.014,-22.86,11.7,1,4.07,1,0.833,0.48,-2.46,-6.617,1,5,0.0999,0.0648,0.1036,0.0629
12.008,1,0.63,-5.24,5.08,4,76.9,20.45,0.09,-0.0386,0.084,0.003,-0.11,1.117,-0.015,-22.98,11.7,1,4.07,1,0.797,3.88,1.0,0.0,0,5,0.0963,0.0703,0.1037,0.0666
12.043,1,0.64,-5.24,4.61,4,77.4,20.33,0.09,-0.0398,0.086,0.003,-0.106,1.121,-0.017,-23.2,11.7,1,4.07,1,0.797,3.88,1.0,0.0,0,5,0.0962,0.074,0.1036,0.0685
12.107,1,0.618,-5.49,4.18,4,77.2,20.58,0.09,-0.0324,0.084,0.0,-0.081,1.125,-0.019,-23.55,11.7,1,4.07,1,0.811,8.24,13.36,-3.069,1,5,0.0995,0.07,0.0995,0.0681
12.144,1,0.668,-5.74,3.7,5,76.9,20.46,0.09,-0.022,0.082,0.0,-0.114,1.128,-0.02,-23.84,11.7,1,4.07,1,0.811,8.24,13.36,-3.069,1,5,0.0975,0.0663,0.1012,0.0681
12.173,1,0.658,-6.24,3.79,5,77.0,20.81,0.09,-0.0111,0.083,0.0,-0.115,1.13,-0.021,-23.95,11.7,1,1.73,1,0.833,6.79,9.16,-7.357,1,5,0.0995,0.0626,0.1031,0.0663
12.206,1,0.655,-6.49,3.92,5,75.8,20.96,0.09,-0.0074,0.082,0.0,-0.088,1.132,-0.022,-24.12,11.7,1,1.73,1,0.833,6.3,8.57,-4.911,1,5,0.0988,0.0647,0.0988,0.0647
12.24,1,0.65,-6.74,3.53,5,75.7,20.46,0.09,-0.0071,0.082,-0.002,-0.069,1.134,-0.023,-24.18,11.7,1,1.73,1,0.833,6.3,8.57,-4.911,1,5,0.1002,0.0626,0.0966,0.068
12.274,1,0.647,-6.99,3.01,5,75.5,20.96,0.09,0.0018,0.083,-0.003,-0.044,1.137,-0.024,-24.29,11.7,1,1.73,1,0.826,8.72,11.79,-7.006,1,5,0.0983,0.0644,0.0948,0.0733
12.306,1,0.654,-7.24,3.26,5,75.5,20.46,0.09,0.0129,0.082,-0.004,-0.058,1.14,-0.026,-24.47,11.7,1,1.73,1,0.845,8.24,13.04,-6.197,1,5,0.0957,0.0644,0.092,0.0754
12.342,1,0.669,-7.24,3.19,5,75.6,20.46,0.09,0.0111,0.083,-0.003,-0.057,1.141,-0.026,-24.52,11.7,1,1.73,1,0.843,8.24,11.29,-5.297,1,5,0.0942,0.0684,0.0905,0.0776
12.412,1,0.677,-6.99,2.98,5,75.7,20.96,0.09,0.0106,0.083,-0.002,0.042,1.147,-0.029,-24.64,11.69,1,-1.01,1,0.838,8.72,9.82,-7.422,1,5,0.0905,0.0739,0.0887,0.0795
12.44,1,0.68,-6.74,3.36,5,76.0,20.46,0.09,0.011,0.083,-0.002,0.021,1.149,-0.03,-24.58,11.69,1,-1.01,1,0.833,10.66,15.2,-6.611,1,5,0.0905,0.0739,0.0887,0.0795
12.476,1,0.683,-6.74,2.63,5,76.1,20.46,0.09,0.0012,0.084,-0.004,-0.07,1.152,-0.032,-24.75,11.69,1,-1.01,1,0.835,11.15,16.41,-5.782,1,5,0.0917,0.0789,0.0825,0.0844
12.506,1,0.707,-6.74,2.96,5,76.7,20.81,0.09,0.0142,0.084,-0.002,-0.025,1.155,-0.033,-24.81,11.69,1,-1.01,1,0.831,11.15,13.77,-7.489,1,5,0.0917,0.0825,0.0807,0.0807
12.54,1,0.722,-6.49,3.03,5,76.9,20.96,0.09,0.0086,0.083,-0.002,-0.008,1.156,-0.034,-24.87,11.69,1,-1.01,1,0.827,11.15,13.77,-7.484,1,5,0.0898,0.0825,0.0806,0.0806
12.608,1,0.719,-6.49,2.97,5,77.5,20.96,0.09,0.0048,0.085,0.001,-0.026,1.162,-0.036,-24.81,11.69,1,-2.27,1,0.825,11.63,13.28,-6.899,1,5,0.0831,0.0812,0.0905,0.0849
12.64,1,0.713,-6.24,2.82,5,77.7,20.46,0.09,0.006,0.084,0.002,-0.025,1.164,-0.037,-24.87,11.69,1,-2.27,1,0.825,11.63,13.28,-6.899,1,5,0.0813,0.0813,0.0905,0.0831
12.706,1,0.705,-6.24,2.73,5,78.5,20.46,0.09,0.0061,0.082,-0.0,-0.007,1.17,-0.04,-24.98,11.69,1,-2.27,1,0.844,11.15,12.01,-5.772,1,5,0.0869,0.074,0.0887,0.0777
12.743,1,0.713,-6.24,2.72,5,78.9,20.46,0.09,0.0079,0.084,-0.001,-0.043,1.173,-0.041,-25.04,11.69,1,-2.27,1,0.844,11.15,12.01,-5.772,1,5,0.0918,0.0789,0.0881,0.0789
12.809,1,0.72,-6.24,2.57,5,79.2,20.46,0.09,0.0084,0.085,-0.0,-0.037,1.178,-0.044,-25.15,11.69,1,-2.7,1,0.819,14.54,17.97,0.0,0,5,0.0935,0.088,0.0807,0.077
12.838,1,0.72,-6.24,2.67,5,79.3,20.46,0.09,0.0111,0.084,0.0,-0.011,1.179,-0.044,-25.21,11.69,1,-2.7,1,0.826,14.54,16.19,-5.227,1,5,0.0917,0.0881,0.0807,0.077
12.905,1,0.726,-6.24,2.74,5,79.4,20.46,0.09,0.0095,0.084,-0.002,-0.006,1.185,-0.047,-25.15,11.69,1,-2.7,1,0.821,15.03,15.75,-4.521,1,5,0.085,0.0794,0.085,0.0868
12.941,1,0.734,-5.99,2.52,5,79.4,20.96,0.09,0.0083,0.085,-0.003,-0.02,1.187,-0.048,-25.21,11.69,1,-2.7,1,0.821,15.03,15.75,-4.521,1,5,0.0868,0.0794,0.085,0.0887
12.974,1,0.719,-5.99,2.58,5,79.0,20.96,0.09,0.0091,0.086,-0.003,-0.008,1.19,-0.05,-25.21,11.69,1,-2.46,1,0.836,15.03,15.27,-2.598,1,5,0.0886,0.0812,0.0849,0.0886
13.006,1,0.706,-5.49,2.33,5,78.4,20.96,0.09,0.0083,0.089,-0.001,0.001,1.193,-0.051,-25.27,11.69,1,-2.46,1,0.849,15.03,14.59,-3.93,1,5,0.0923,0.0849,0.0905,0.0868
13.04,1,0.714,-4.99,2.24,5,78.0,20.96,0.09,0.0065,0.09,-0.001,0.036,1.195,-0.052,-25.21,11.69,1,-2.46,1,0.849,15.03,14.59,-3.93,1,5,0.0942,0.0849,0.0923,0.0886
13.075,1,0.729,-4.99,2.73,5,78.2,20.96,0.09,0.0026,0.091,-0.002,-0.013,1.198,-0.054,-25.21,11.69,1,-2.46,1,0.832,15.99,14.76,-3.057,1,5,0.0942,0.0831,0.0942,0.0905
13.105,1,0.709,-4.74,2.54,5,78.6,20.46,0.09,-0.0047,0.091,-0.002,-0.047,1.202,-0.055,-25.27,11.69,1,-2.46,1,0.826,16.48,14.29,-2.211,1,5,0.0942,0.0868,0.0924,0.0924
13.14,1,0.741,-4.49,2.32,5,78.8,20.96,0.09,-0.0041,0.091,-0.001,-0.085,1.203,-0.056,-25.38,11.69,1,-2.46,1,0.826,16.48,14.29,-2.211,1,5,0.0924,0.0887,0.0924,0.0924
13.207,1,0.749,-4.49,3.09,5,78.5,20.96,0.09,-0.0016,0.091,-0.0,-0.007,1.21,-0.059,-25.38,11.69,1,-0.9,1,0.837,15.51,14.01,-3.091,1,5,0.0905,0.085,0.0961,0.0924
13.239,1,0.697,-4.49,3.0,5,78.8,20.96,0.09,-0.0148,0.091,0.001,-0.031,1.211,-0.06,-25.38,11.69,1,-0.9,1,0.827,13.57,11.72,-0.234,1,5,0.0887,0.085,0.0979,0.0905
13.305,1,0.603,-4.49,3.99,5,78.7,20.96,0.09,-0.0125,0.09,0.004,-0.001,1.218,-0.063,-25.55,11.69,1,-0.9,1,0.848,11.63,5.67,-4.649,1,5,0.0882,0.0882,0.0992,0.0845
13.339,1,0.745,-4.24,2.15,5,78.9,20.46,0.09,-0.0296,0.09,0.002,-0.027,1.22,-0.064,-25.55,11.69,1,-0.9,1,0.843,11.63,5.68,-4.647,1,5,0.0918,0.0863,0.0973,0.0826
13.408,1,0.718,-3.99,2.54,5,79.3,20.96,0.09,0.0,0.089,0.0,-0.092,1.226,-0.067,-25.67,11.7,1,0.67,1,0.839,11.63,5.99,-4.103,1,5,0.0961,0.085,0.0943,0.0813
13.437,1,0.673,-3.99,1.91,5,79.2,20.96,0.09,-0.0098,0.091,0.0,-0.075,1.228,-0.068,-25.78,11.7,1,0.67,1,0.813,8.72,2.54,-4.165,1,5,0.0962,0.0869,0.0943,0.0851
13.506,1,0.778,-3.74,1.04,5,77.6,20.46,0.09,0.0019,0.094,0.005,-0.023,1.235,-0.07,-25.9,11.7,1,0.67,1,0.853,7.76,-2.36,-4.971,1,5,0.0924,0.0924,0.1054,0.0851
13.538,1,0.848,-3.49,1.03,5,77.4,20.56,0.09,0.0143,0.093,0.006,-0.039,1.237,-0.071,-25.9,11.7,1,0.67,1,0.853,7.76,-2.36,-4.971,1,5,0.0888,0.0906,0.1073,0.0851
13.574,1,0.758,-3.49,0.26,5,76.8,19.85,0.09,0.0117,0.092,0.005,-0.034,1.24,-0.073,-26.01,11.7,1,-1.12,1,0.853,7.27,-3.21,-7.25,1,5,0.0887,0.0869,0.1054,0.0851
13.605,1,0.757,-3.49,-0.13,5,76.6,20.2,0.09,0.0259,0.091,0.002,-0.035,1.243,-0.074,-26.07,11.7,1,-1.12,1,0.822,8.72,-3.4,0.0,0,5,0.0925,0.087,0.0999,0.0851
13.64,1,0.818,-3.24,-0.53,5,77.1,20.46,0.09,0.0328,0.091,0.003,-0.008,1.245,-0.075,-26.13,11.7,1,-1.12,1,0.822,8.72,-3.4,0.0,0,5,0.0942,0.0868,0.0998,0.0813
13.707,1,0.837,-2.5,-1.03,5,77.8,20.44,0.09,0.0375,0.088,-0.001,-0.001,1.251,-0.078,-26.07,11.7,1,-1.12,1,0.809,14.54,7.43,-5.452,1,5,0.0911,0.0894,0.084,0.0876
13.74,1,0.825,-2.0,-1.51,5,77.8,20.44,0.09,0.037,0.09,-0.002,-0.002,1.253,-0.079,-26.07,11.7,1,-1.12,1,0.855,14.54,11.61,-1.349,1,5,0.0904,0.094,0.0816,0.0922
13.776,1,0.83,-1.75,-1.44,5,77.6,20.46,0.09,0.0404,0.091,-0.002,0.025,1.257,-0.081,-26.07,11.71,1,-4.14,1,0.858,14.54,11.5,0.201,1,5,0.0869,0.0957,0.0833,0.0993
13.805,1,0.749,2.0,-4.9,5,76.9,20.2,0.09,0.0377,0.092,0.003,0.016,1.26,-0.082,-26.01,11.71,1,-4.14,1,0.852,14.54,11.18,-0.422,1,5,0.0843,0.0953,0.0934,0.0934
13.84,1,0.745,3.24,-3.17,5,76.8,20.2,0.09,0.0519,0.091,0.003,0.013,1.262,-0.083,-26.01,11.71,1,-4.14,1,0.852,14.54,11.18,-0.422,1,5,0.0832,0.0924,0.0943,0.0924
13.908,1,0.789,-1.5,-1.71,5,78.1,20.56,0.09,0.0169,0.089,-0.0,0.011,1.268,-0.086,-25.95,11.71,1,-4.14,1,0.861,18.42,18.38,0.0,0,5,0.0866,0.0902,0.0866,0.0921
13.939,1,0.796,-1.5,-1.65,5,78.1,20.56,0.09,0.0526,0.089,-0.002,-0.003,1.27,-0.087,-25.95,11.71,1,-4.14,1,0.862,18.42,18.38,0.0,0,5,0.0903,0.0903,0.0848,0.0921
13.976,1,0.784,-1.5,-1.61,5,78.1,20.56,0.09,0.0482,0.089,-0.003,0.074,1.273,-0.089,-25.84,11.71,1,-3.14,1,0.863,18.42,18.38,0.0,0,5,0.0943,0.0906,0.0813,0.0887
14.003,1,0.786,-1.0,-1.54,5,77.9,20.56,0.09,0.0454,0.092,-0.002,-0.003,1.276,-0.09,-25.84,11.71,1,-3.14,1,0.859,18.42,18.92,0.0,0,5,0.0961,0.0924,0.0813,0.0887
14.04,1,0.79,-1.0,-1.57,5,77.7,20.96,0.09,0.0372,0.092,-0.001,-0.003,1.278,-0.091,-25.84,11.71,1,-3.14,1,0.859,18.42,18.92,0.0,0,5,0.0924,0.098,0.0851,0.0943
14.106,1,0.792,-0.5,-1.5,5,78.5,20.96,0.09,0.0368,0.097,0.002,0.021,1.285,-0.094,-25.61,11.71,1,-3.14,1,0.862,15.51,13.22,-2.201,1,5,0.0831,0.0998,0.0979,0.1071
14.138,1,0.793,-0.5,-1.54,5,79.0,20.96,0.09,0.0294,0.097,0.002,0.024,1.287,-0.095,-25.55,11.71,1,-3.14,1,0.826,13.57,10.35,0.069,1,5,0.0831,0.0998,0.0979,0.1053
14.174,1,0.789,-0.5,-1.5,5,79.3,20.56,0.09,0.0305,0.095,0.001,0.03,1.29,-0.097,-25.5,11.71,1,0.87,1,0.857,12.6,6.81,-1.531,1,5,0.0852,0.1,0.0926,0.1037
14.204,1,0.788,-0.5,-1.08,5,79.4,20.81,0.09,0.0301,0.093,0.0,0.032,1.293,-0.098,-25.44,11.71,1,0.87,1,0.857,12.6,6.81,-1.531,1,5,0.0889,0.0981,0.0889,0.0981
14.241,1,0.799,-0.5,-1.08,5,79.1,20.81,0.09,0.023,0.093,-0.001,0.029,1.295,-0.099,-25.44,11.71,1,0.87,1,0.857,12.6,6.81,-1.531,1,5,0.0926,0.0981,0.0852,0.0963
14.272,1,0.801,-0.5,-1.42,5,79.0,20.96,0.09,0.0231,0.092,-0.004,0.006,1.298,-0.101,-25.44,11.71,1,0.87,1,0.843,9.69,-1.78,-5.201,1,5,0.0999,0.0999,0.0777,0.0925
14.304,1,0.794,-0.5,-0.97,5,78.9,20.96,0.09,0.0291,0.096,-0.006,-0.007,1.302,-0.103,-25.38,11.71,1,0.87,1,0.852,9.69,-1.34,-6.128,1,5,0.1034,0.0998,0.0794,0.0998
14.34,1,0.789,0.0,-1.21,5,78.7,20.96,0.09,0.0213,0.095,-0.005,0.037,1.303,-0.104,-25.38,11.71,1,0.87,1,0.852,9.69,-1.34,-6.128,1,5,0.0995,0.0976,0.0829,0.1013
14.374,1,0.79,0.0,-1.23,5,78.9,20.96,0.09,0.0194,0.096,-0.0,0.023,1.307,-0.105,-25.27,11.7,1,1.87,1,0.855,9.69,0.79,-3.312,1,5,0.0884,0.0958,0.0958,0.1031
14.406,1,0.806,0.5,-1.25,5,78.4,20.56,0.09,0.0203,0.093,0.005,0.037,1.31,-0.107,-25.21,11.7,1,1.87,1,0.856,10.66,-0.54,-5.18,1,5,0.0792,0.0976,0.0976,0.0976
14.441,1,0.803,0.5,-1.25,5,78.4,20.96,0.09,0.0146,0.093,0.005,0.013,1.312,-0.107,-25.15,11.7,1,1.87,1,0.856,10.66,-0.54,-5.18,1,5,0.0775,0.0978,0.0978,0.0978
14.473,1,0.804,0.5,-1.28,5,78.5,20.96,0.09,0.0157,0.09,0.004,0.004,1.315,-0.109,-25.15,11.7,1,1.87,1,0.864,10.66,2.3,-2.681,1,5,0.0756,0.0959,0.0923,0.0959
14.505,1,0.807,0.5,-1.12,5,78.5,20.96,0.09,0.0168,0.089,0.002,0.019,1.319,-0.11,-25.1,11.7,1,1.87,1,0.861,10.66,2.31,-2.679,1,5,0.0813,0.0924,0.0887,0.0924
14.54,1,0.815,0.5,-0.81,5,78.7,20.96,0.09,0.0142,0.089,0.001,0.013,1.32,-0.111,-25.1,11.7,1,1.87,1,0.861,10.66,2.31,-2.679,1,5,0.0868,0.0924,0.0868,0.0887
14.605,1,0.82,0.25,-0.94,5,79.2,20.46,0.09,0.0092,0.091,-0.003,0.009,1.327,-0.114,-25.15,11.7,1,0.45,1,0.855,10.66,2.32,-2.669,1,5,0.0924,0.0924,0.0832,0.0942
14.638,1,0.821,0.5,-1.1,5,80.2,20.96,0.09,0.0147,0.091,-0.002,0.004,1.328,-0.115,-25.15,11.7,1,0.45,1,0.855,10.66,2.32,-2.669,1,5,0.0887,0.0924,0.0869,0.098
14.705,1,0.818,0.5,-1.24,5,81.2,20.96,0.09,0.0143,0.093,0.003,0.035,1.335,-0.118,-25.1,11.7,1,0.45,1,0.86,10.66,1.35,-4.84,1,5,0.0851,0.0906,0.1017,0.0943
14.741,1,0.826,0.5,-1.2,5,81.2,20.56,0.09,0.0169,0.091,0.003,0.021,1.337,-0.119,-25.1,11.7,1,0.45,1,0.86,10.66,1.35,-4.84,1,5,0.0851,0.0906,0.098,0.0906
14.805,1,0.843,0.75,-0.72,5,81.3,20.46,0.09,0.0163,0.085,-0.001,0.055,1.343,-0.122,-24.87,11.7,1,-0.37,1,0.846,11.15,1.2,-4.534,1,5,0.0831,0.0905,0.0776,0.0905
14.839,1,0.846,0.75,-0.61,5,80.5,20.46,0.09,0.0048,0.086,-0.003,0.013,1.345,-0.123,-24.81,11.7,1,-0.37,1,0.846,11.15,1.2,-4.534,1,5,0.0849,0.0923,0.0739,0.0923
14.875,1,0.84,1.0,-0.96,5,80.4,20.96,0.09,0.0033,0.085,-0.007,-0.024,1.348,-0.124,-24.87,11.7,1,-0.37,1,0.837,14.54,7.37,-5.487,1,5,0.0906,0.0906,0.0647,0.0924
14.908,1,0.831,1.0,-0.99,5,80.0,20.96,0.09,0.0066,0.088,-0.007,0.042,1.351,-0.126,-24.81,11.7,1,-0.37,1,0.86,14.54,8.1,-0.439,1,5,0.0906,0.0906,0.0703,0.0999
14.937,1,0.827,1.0,-1.07,5,78.9,20.96,0.09,0.0074,0.088,-0.005,0.033,1.352,-0.127,-24.81,11.7,1,-0.37,1,0.854,14.54,8.67,-4.423,1,5,0.0869,0.0888,0.0777,0.0999
14.971,1,0.815,1.0,-1.04,5,78.9,20.56,0.09,0.0091,0.091,0.0,0.022,1.356,-0.128,-24.81,11.7,1,-1.26,1,0.857,14.54,9.63,-2.429,1,5,0.085,0.0924,0.0905,0.0979
15.005,1,0.809,1.0,-1.15,5,78.7,20.44,0.09,0.0089,0.09,0.002,0.007,1.359,-0.13,-24.75,11.7,1,-1.26,1,0.857,14.54,9.63,-2.429,1,5,0.085,0.0905,0.0942,0.0905
15.037,1,0.809,1.0,-1.17,5,79.4,20.44,0.09,0.0108,0.089,0.001,0.011,1.361,-0.13,-24.75,11.7,1,-1.26,1,0.857,14.54,9.63,-2.429,1,5,0.0868,0.0905,0.0887,0.0887
15.072,1,0.799,1.0,-1.13,5,79.8,20.44,0.09,0.0113,0.087,-0.001,0.019,1.364,-0.132,-24.75,11.7,1,-1.26,1,0.855,14.54,9.62,-2.418,1,5,0.085,0.085,0.0868,0.0905
15.103,1,0.801,1.0,-0.94,5,79.5,20.2,0.09,0.0106,0.085,-0.002,0.058,1.367,-0.134,-24.64,11.7,1,-1.26,1,0.859,14.54,9.62,-2.426,1,5,0.085,0.085,0.0832,0.0906
15.137,1,0.802,1.5,-0.83,5,79.1,20.56,0.09,0.0073,0.085,-0.003,0.06,1.368,-0.134,-24.58,11.7,1,-1.26,1,0.859,14.54,9.62,-2.426,1,5,0.0832,0.0813,0.0813,0.0924
15.171,1,0.804,1.5,-0.93,5,78.6,20.56,0.09,-0.0004,0.085,-0.003,-0.005,1.371,-0.136,-24.52,11.7,1,-0.9,1,0.864,15.51,9.01,-1.053,1,5,0.0851,0.0888,0.0758,0.0906
15.203,1,0.804,1.5,-0.76,5,78.5,20.81,0.09,0.0018,0.088,-0.007,-0.002,1.374,-0.138,-24.52,11.7,1,-0.9,1,0.851,15.51,10.39,0.147,1,5,0.0925,0.0906,0.0703,0.098
15.24,1,0.794,1.5,-0.65,5,78.6,20.81,0.09,-0.001,0.091,-0.007,0.028,1.376,-0.139,-24.52,11.7,1,-0.9,1,0.851,15.51,10.39,0.147,1,5,0.0981,0.0944,0.0722,0.0981
15.274,1,0.799,1.5,-0.76,5,78.6,20.81,0.09,-0.0026,0.092,-0.006,0.026,1.379,-0.14,-24.52,11.7,1,-0.9,1,0.85,15.51,10.77,-2.371,1,5,0.0962,0.0925,0.0777,0.0999
15.302,1,0.804,1.5,-0.64,5,78.7,20.81,0.09,-0.0005,0.09,-0.0,0.019,1.383,-0.142,-24.47,11.7,1,-0.9,1,0.84,15.51,10.35,-1.472,1,5,0.0888,0.0907,0.0888,0.0925
15.337,1,0.805,1.5,-0.62,5,78.5,20.81,0.09,-0.0026,0.089,0.001,0.017,1.384,-0.142,-24.41,11.7,1,-0.9,1,0.84,15.51,10.35,-1.472,1,5,0.0832,0.0887,0.0924,0.0924
15.372,1,0.807,1.5,-0.64,5,78.5,20.81,0.09,-0.0027,0.087,0.0,0.009,1.387,-0.144,-24.41,11.68,1,0.7,1,0.857,15.51,10.74,-3.859,1,5,0.0844,0.0826,0.0918,0.0881
15.405,1,0.801,1.5,-0.36,5,78.7,20.2,0.09,-0.0024,0.084,0.0,-0.003,1.39,-0.145,-24.41,11.68,1,0.7,1,0.857,15.51,10.74,-3.859,1,5,0.0838,0.082,0.0857,0.0838
15.436,1,0.798,1.0,-0.28,5,78.6,20.81,0.09,-0.0073,0.083,-0.001,-0.007,1.392,-0.146,-24.41,11.68,1,0.7,1,0.857,15.51,10.74,-3.859,1,5,0.0875,0.0821,0.0821,0.0821
15.47,1,0.798,1.0,-0.41,5,78.5,20.56,0.09,-0.0028,0.084,-0.001,-0.008,1.395,-0.148,-24.41,11.68,1,0.7,1,0.856,15.51,10.76,-2.379,1,5,0.0857,0.0857,0.0802,0.0857
15.503,1,0.798,1.0,-0.14,5,78.4,20.81,0.09,-0.0009,0.088,-0.002,0.003,1.398,-0.149,-24.41,11.68,1,0.7,1,0.84,14.06,9.96,-1.929,1,5,0.0899,0.0899,0.0807,0.0899
15.539,1,0.804,1.25,-0.47,5,78.4,20.56,0.09,-0.0059,0.088,-0.002,-0.012,1.4,-0.15,-24.41,11.68,1,0.7,1,0.84,14.06,9.96,-1.929,1,5,0.0898,0.0916,0.0788,0.0898
15.572,1,0.806,1.0,-0.48,5,78.5,20.56,0.09,-0.0035,0.09,-0.005,0.024,1.403,-0.152,-24.41,11.68,1,1.76,1,0.853,12.6,4.39,-3.237,1,5,0.0952,0.0916,0.0787,0.0934
15.603,1,0.797,1.0,-0.38,5,78.5,20.44,0.09,-0.0002,0.089,-0.005,0.044,1.406,-0.153,-24.35,11.68,1,1.76,1,0.856,12.6,4.71,-2.642,1,5,0.0934,0.0861,0.0806,0.0952
15.638,1,0.781,0.5,-0.26,5,78.4,20.81,0.09,-0.002,0.089,-0.005,0.044,1.406,-0.153,-24.35,11.68,1,1.76,1,0.856,12.6,4.71,-2.642,1,5,0.0934,0.0861,0.0806,0.0952
15.673,1,0.782,0.5,-0.55,5,78.1,20.56,0.09,0.0017,0.087,-0.007,0.027,1.409,-0.155,-24.29,11.68,1,1.76,1,0.859,12.12,5.2,-3.671,1,5,0.0906,0.0814,0.0777,0.098
15.702,1,0.789,0.5,-0.59,5,78.2,20.56,0.09,0.0061,0.084,-0.006,0.027,1.412,-0.157,-24.24,11.68,1,1.76,1,0.859,12.12,5.19,-3.671,1,5,0.0847,0.081,0.0755,0.0958
15.738,1,0.798,0.75,-0.41,5,77.9,20.44,0.09,0.0066,0.083,-0.006,0.029,1.414,-0.157,-24.18,11.68,1,1.76,1,0.859,12.12,5.19,-3.671,1,5,0.0847,0.0792,0.0737,0.0939
15.77,1,0.796,1.0,-0.52,5,77.9,20.56,0.09,0.0002,0.085,-0.004,-0.032,1.417,-0.159,-24.18,11.66,1,1.84,1,0.846,12.6,4.44,-3.261,1,5,0.0847,0.081,0.081,0.0939
15.802,1,0.783,1.25,-0.5,5,77.3,20.56,0.09,-0.0007,0.091,-0.005,0.027,1.42,-0.161,-24.18,11.66,1,1.84,1,0.838,12.6,6.35,-0.601,1,5,0.0905,0.085,0.0868,0.0998
15.837,1,0.778,1.25,0.1,5,76.6,20.46,0.09,-0.0041,0.093,-0.003,-0.003,1.422,-0.162,-24.12,11.66,1,1.84,1,0.838,12.6,6.35,-0.601,1,5,0.0924,0.0905,0.0887,0.0998
15.868,1,0.803,1.0,-0.16,5,76.0,20.81,0.09,-0.0139,0.095,-0.002,-0.022,1.426,-0.163,-24.18,11.66,1,1.84,1,0.827,13.09,6.53,-3.629,1,5,0.0961,0.0961,0.0887,0.0979
15.903,1,0.812,1.0,-0.16,5,77.0,20.81,0.09,-0.0062,0.09,-0.002,-0.043,1.429,-0.165,-24.24,11.66,1,1.84,1,0.827,13.09,6.53,-3.629,1,5,0.096,0.0923,0.0849,0.0886
15.936,1,0.809,1.0,-0.28,5,76.5,20.56,0.09,-0.0061,0.09,-0.003,-0.022,1.43,-0.165,-24.29,11.66,1,1.84,1,0.827,13.09,6.53,-3.629,1,5,0.0979,0.0905,0.0849,0.0886
15.97,1,0.79,1.0,-0.23,5,76.6,20.56,0.09,-0.0041,0.088,-0.002,0.055,1.434,-0.167,-24.24,11.66,1,2.26,1,0.811,12.6,9.22,0.0,0,5,0.0942,0.0868,0.0849,0.0849
16.003,1,0.778,0.75,0.04,5,76.6,20.44,0.09,-0.0049,0.088,-0.001,-0.026,1.437,-0.168,-24.18,11.66,1,2.26,1,0.808,12.6,9.9,0.0,0,5,0.0906,0.0851,0.0887,0.0869
16.038,1,0.779,0.25,0.01,5,76.3,20.56,0.09,-0.0065,0.087,-0.002,-0.056,1.438,-0.169,-24.24,11.66,1,2.26,1,0.808,12.6,9.9,0.0,0,5,0.0887,0.0814,0.0887,0.0887
16.072,1,0.788,0.75,-0.47,5,76.2,20.56,0.09,-0.0004,0.088,-0.006,0.049,1.441,-0.171,-24.24,11.66,1,2.26,1,0.801,12.12,12.76,0.0,0,5,0.0924,0.0758,0.0887,0.0961
16.103,1,0.797,0.75,-0.35,5,76.5,20.56,0.09,0.0013,0.091,-0.006,0.013,1.445,-0.173,-24.24,11.66,1,2.26,1,0.809,12.6,12.99,0.0,0,5,0.0943,0.0813,0.0887,0.098
16.136,1,0.786,0.5,0.37,5,77.0,20.44,0.09,-0.0007,0.093,-0.003,0.009,1.447,-0.173,-24.24,11.66,1,2.26,1,0.809,12.6,12.99,0.0,0,5,0.0961,0.0887,0.0924,0.0961
16.168,1,0.789,0.5,-0.04,5,76.8,20.81,0.09,-0.0104,0.097,0.001,-0.002,1.45,-0.175,-24.24,11.66,1,3.04,1,0.81,12.6,15.11,0.0,0,5,0.0942,0.0998,0.0961,0.0961
16.203,1,0.799,0.75,-0.48,5,76.2,20.56,0.09,-0.0035,0.097,0.001,-0.038,1.454,-0.177,-24.29,11.66,1,3.04,1,0.801,10.66,16.39,0.0,0,5,0.096,0.0997,0.096,0.096
16.235,1,0.797,0.75,-0.63,5,76.1,20.56,0.09,0.0012,0.095,-0.001,-0.032,1.455,-0.177,-24.35,11.66,1,3.04,1,0.801,10.66,16.39,0.0,0,5,0.098,0.0961,0.0906,0.0943
16.271,1,0.8,0.75,-0.58,5,76.0,20.56,0.09,0.0039,0.091,-0.002,0.067,1.458,-0.179,-24.29,11.66,1,3.04,1,0.816,7.27,9.23,0.0,0,5,0.098,0.0924,0.085,0.0869
16.302,1,0.809,0.75,-0.49,5,76.3,20.56,0.09,0.0032,0.09,-0.0,0.008,1.462,-0.18,-24.18,11.66,1,3.04,1,0.817,7.76,11.33,0.0,0,5,0.0943,0.0924,0.0869,0.0869
16.338,1,0.817,0.5,-0.14,5,76.7,20.56,0.09,0.0016,0.089,0.0,-0.054,1.463,-0.181,-24.24,11.66,1,3.04,1,0.817,7.76,11.33,0.0,0,5,0.0884,0.0884,0.0902,0.0902
16.371,1,0.834,0.75,-0.5,5,77.1,20.56,0.09,-0.0015,0.09,-0.002,0.02,1.467,-0.183,-24.29,11.65,1,4.83,1,0.818,7.27,14.07,0.0,0,5,0.0866,0.0811,0.0958,0.0976
16.401,1,0.836,1.25,-0.33,5,77.1,20.56,0.09,0.0015,0.088,-0.003,0.023,1.47,-0.184,-24.24,11.65,1,4.83,1,0.818,7.76,14.77,0.0,0,5,0.0847,0.0774,0.0958,0.0976
16.435,1,0.833,1.25,-0.4,5,77.1,20.81,0.09,-0.0076,0.089,-0.002,0.004,1.472,-0.185,-24.18,11.65,1,4.83,1,0.818,7.76,14.77,0.0,0,5,0.0851,0.0814,0.0924,0.098
16.471,1,0.848,1.25,-0.09,5,77.1,20.56,0.09,-0.0055,0.091,0.0,0.004,1.475,-0.186,-24.18,11.65,1,4.83,1,0.818,7.76,14.77,0.0,0,5,0.0865,0.092,0.0901,0.0938
16.502,1,0.859,1.25,0.01,5,77.5,20.56,0.09,-0.0105,0.092,-0.002,-0.021,1.478,-0.188,-24.24,11.65,1,4.83,1,0.801,4.36,15.17,0.0,0,5,0.0939,0.0957,0.0847,0.0939
16.536,1,0.853,1.25,-0.14,5,77.3,20.46,0.09,-0.0121,0.09,-0.002,-0.019,1.48,-0.189,-24.24,11.65,1,4.83,1,0.801,4.36,15.17,0.0,0,5,0.0939,0.0939,0.0828,0.0902
16.569,1,0.85,1.25,-0.5,5,76.9,20.46,0.09,-0.0093,0.087,-0.003,0.019,1.483,-0.19,-24.24,11.65,1,7.07,1,0.8,3.88,19.78,0.0,0,5,0.0926,0.0889,0.0778,0.087
16.603,1,0.838,1.5,-0.68,5,76.0,20.96,0.0971,-0.0027,0.084,0.0,0.005,1.486,-0.192,-24.18,11.65,1,7.07,1,0.813,0.97,19.02,0.0,0,5,0.0851,0.0851,0.0833,0.0833
16.638,1,0.815,3.74,-2.78,5,75.5,20.56,0.104,-0.0026,0.086,0.0,-0.014,1.488,-0.192,-24.24,11.65,1,7.07,1,0.813,0.97,19.02,0.0,0,5,0.0851,0.0832,0.0887,0.0851
16.669,1,0.813,4.24,-3.29,5,75.2,20.56,0.1181,0.0118,0.085,0.001,-0.037,1.491,-0.194,-24.29,11.65,1,7.07,1,0.813,0.48,18.87,0.0,0,5,0.0832,0.0777,0.0943,0.0851
16.704,1,0.814,4.49,-3.34,5,74.8,20.44,0.1324,0.0248,0.087,-0.0,-0.003,1.494,-0.195,-24.29,11.65,1,7.07,1,0.813,0.48,18.87,0.0,0,5,0.0889,0.0796,0.0944,0.087
16.737,1,0.836,3.24,-2.22,5,74.8,20.56,0.139,0.0268,0.089,0.0,0.027,1.496,-0.196,-24.29,11.65,1,7.07,1,0.813,0.48,18.87,0.0,0,5,0.0889,0.0852,0.0926,0.0889
16.767,1,0.795,5.74,-4.04,5,74.6,20.56,0.1353,0.0179,0.099,-0.0,0.021,1.5,-0.198,-24.24,11.68,1,7.22,1,0.817,0.97,24.63,0.0,0,5,0.0964,0.1001,0.0964,0.1019
16.803,1,0.811,5.99,-3.69,5,74.3,20.56,0.1315,0.0252,0.112,-0.0,0.005,1.504,-0.2,-24.18,11.68,1,7.22,1,0.817,0.97,24.63,0.0,0,5,0.1075,0.1186,0.1038,0.1168
16.835,1,0.812,6.74,-3.76,5,73.6,20.56,0.1315,0.0161,0.117,-0.0,0.035,1.506,-0.201,-24.18,11.68,1,7.22,1,0.817,0.97,24.63,0.0,0,5,0.113,0.1241,0.1093,0.1223
16.87,1,0.839,5.74,-2.43,5,74.3,20.44,0.1193,0.0047,0.13,0.0,0.016,1.512,-0.203,-24.06,11.68,1,7.22,1,0.813,1.94,31.2,0.0,0,5,0.1247,0.1376,0.1229,0.1339
16.902,1,0.876,3.49,-0.37,5,74.7,20.44,0.0954,-0.0105,0.136,0.0,-0.016,1.517,-0.205,-24.12,11.68,1,7.22,1,0.816,1.94,34.69,0.0,0,5,0.1283,0.1393,0.1338,0.1429
16.935,1,0.877,4.74,-0.72,5,75.4,20.0,0.09,-0.018,0.14,-0.0,0.068,1.519,-0.207,-24.06,11.68,1,7.22,1,0.816,1.94,34.69,0.0,0,5,0.1338,0.1393,0.1393,0.1466
16.97,1,0.875,5.24,-0.31,5,74.8,20.56,0.09,-0.0292,0.139,-0.0,-0.026,1.524,-0.209,-23.95,11.68,1,10.97,1,0.83,-0.97,33.79,0.0,0,5,0.1351,0.1388,0.1388,0.1443
17.002,1,0.884,3.99,0.73,5,74.7,20.56,0.09,-0.0428,0.138,-0.0,0.005,1.529,-0.211,-23.95,11.68,1,10.97,1,0.84,-3.39,34.36,0.0,0,5,0.1352,0.1407,0.137,0.1444
17.038,1,0.88,4.24,0.67,5,74.4,20.0,0.09,-0.0449,0.133,0.001,0.047,1.532,-0.212,-23.89,11.68,1,10.97,1,0.84,-3.39,34.36,0.0,0,5,0.1297,0.1426,0.126,0.1334
17.068,1,0.831,7.49,-2.07,5,73.4,20.56,0.09,-0.0482,0.123,0.003,-0.015,1.536,-0.214,-23.89,11.68,1,10.97,1,0.836,-7.27,26.72,0.0,0,5,0.1148,0.1333,0.1185,0.124
17.103,1,0.845,7.49,-1.82,5,73.9,20.56,0.09,-0.0392,0.114,0.005,-0.011,1.54,-0.215,-23.95,11.68,1,10.97,1,0.82,-8.24,29.22,0.0,0,5,0.1008,0.1173,0.1209,0.1154
17.135,1,0.865,4.74,0.02,5,75.0,20.44,0.09,-0.0419,0.112,0.004,-0.002,1.542,-0.216,-23.95,11.68,1,10.97,1,0.82,-8.24,29.22,0.0,0,5,0.0989,0.1081,0.1228,0.1173
17.168,1,0.853,7.24,-1.63,5,74.8,20.56,0.09,-0.0394,0.11,0.001,-0.042,1.546,-0.218,-24.01,11.68,1,15.0,1,0.818,-12.6,22.16,0.0,0,5,0.1069,0.0978,0.1232,0.1105
17.203,1,0.84,7.49,-2.31,5,74.2,20.56,0.09,-0.0413,0.107,-0.0,-0.038,1.55,-0.22,-24.12,11.68,1,15.0,1,0.818,-12.6,22.16,0.0,0,5,0.1079,0.0969,0.1207,0.1097
17.236,1,0.846,7.24,-1.51,5,74.3,20.56,0.09,-0.0318,0.104,0.0,-0.036,1.552,-0.221,-24.12,11.68,1,15.0,1,0.776,-12.6,25.52,0.0,0,5,0.1089,0.0998,0.1089,0.098
17.268,1,0.852,6.74,-1.02,5,74.3,20.0,0.09,-0.041,0.098,0.003,-0.038,1.555,-0.222,-24.24,11.68,1,15.0,1,0.801,-14.06,26.86,0.0,0,5,0.1009,0.1046,0.0973,0.0899
17.303,1,0.854,4.74,-0.35,5,74.8,20.56,0.09,-0.0429,0.092,0.006,0.03,1.559,-0.223,-24.18,11.68,1,15.0,1,0.808,-15.51,25.02,0.0,0,5,0.0943,0.1017,0.0924,0.0777
17.338,1,0.848,6.24,-1.15,5,74.4,20.56,0.09,-0.0296,0.088,0.006,-0.015,1.56,-0.224,-24.18,11.68,1,15.0,1,0.808,-15.51,25.02,0.0,0,5,0.0906,0.0962,0.0925,0.074
17.369,1,0.852,6.74,-1.83,5,74.5,20.56,0.09,-0.0358,0.084,0.006,-0.095,1.563,-0.225,-24.35,11.69,1,17.34,1,0.814,-13.09,26.65,0.0,0,5,0.0833,0.0815,0.0981,0.074
17.403,1,0.867,4.74,-0.49,5,74.8,20.2,0.09,-0.0298,0.081,0.005,-0.063,1.566,-0.226,-24.52,11.69,1,17.34,1,0.814,-13.09,26.65,0.0,0,5,0.0832,0.0684,0.1035,0.0702
17.435,1,0.856,4.99,-1.53,5,75.1,20.2,0.09,-0.0281,0.081,0.003,-0.101,1.568,-0.227,-24.64,11.69,1,17.34,1,0.814,-13.09,26.65,0.0,0,5,0.0851,0.0666,0.1017,0.0703
17.47,1,0.842,6.24,-2.34,5,74.6,20.56,0.09,-0.0151,0.081,0.002,-0.069,1.571,-0.228,-24.81,11.69,1,17.34,1,0.814,-11.15,26.64,0.0,0,5,0.0942,0.0665,0.0997,0.0646
17.502,1,0.852,5.24,-1.26,5,74.3,22.04,0.09,-0.0167,0.084,-0.001,-0.07,1.574,-0.23,-24.98,11.69,1,17.34,1,0.816,-10.66,26.27,0.0,0,5,0.0981,0.0722,0.0925,0.0722
17.536,1,0.846,5.24,-0.73,5,74.2,22.04,0.09,-0.0228,0.085,-0.0,-0.069,1.575,-0.23,-25.04,11.69,1,17.34,1,0.816,-10.66,26.27,0.0,0,5,0.098,0.0776,0.0906,0.0721
17.569,1,0.837,5.49,0.31,5,74.3,21.42,0.09,-0.033,0.086,0.001,-0.018,1.579,-0.232,-25.15,11.69,1,17.97,1,0.82,-11.63,23.1,0.0,0,5,0.0944,0.0851,0.0888,0.0759
17.602,1,0.839,3.49,2.53,5,74.5,20.96,0.09,-0.0546,0.087,0.003,-0.01,1.582,-0.233,-25.21,11.69,1,17.97,1,0.82,-11.63,23.1,0.0,0,5,0.0888,0.0851,0.0944,0.0796
17.638,1,0.822,4.74,2.37,5,74.5,22.04,0.09,-0.0684,0.086,0.004,-0.022,1.583,-0.234,-25.21,11.69,1,17.97,1,0.82,-11.63,23.1,0.0,0,5,0.0852,0.0815,0.0981,0.0796
17.669,1,0.847,3.24,4.42,5,74.5,21.02,0.09,-0.0828,0.085,0.004,-0.032,1.586,-0.235,-25.27,11.69,1,17.97,1,0.829,-9.69,24.55,0.0,0,5,0.0833,0.0796,0.0981,0.0796
17.703,1,0.831,3.99,5.02,5,74.0,22.19,0.09,-0.1002,0.081,0.004,-0.034,1.589,-0.236,-25.38,11.69,1,17.97,1,0.822,-11.63,22.52,0.0,0,5,0.0888,0.0777,0.0925,0.0666
17.74,1,0.829,2.5,7.53,5,74.2,21.6,0.09,-0.1223,0.083,0.001,-0.066,1.591,-0.237,-25.44,11.69,1,17.97,1,0.803,-12.6,23.6,0.0,0,5,0.0962,0.0777,0.0907,0.0666
17.767,1,0.829,2.25,8.42,5,74.2,21.42,0.09,-0.1478,0.083,-0.001,-0.15,1.594,-0.239,-25.73,11.68,1,23.43,1,0.796,-15.51,20.95,0.0,0,5,0.1017,0.0702,0.0924,0.0665
17.801,1,0.827,1.75,9.8,5,74.6,21.42,0.09,-0.1626,0.082,-0.0,-0.104,1.597,-0.24,-26.01,11.68,1,23.43,1,0.792,-18.9,15.8,0.0,0,5,0.0999,0.0666,0.098,0.0647
17.835,1,0.844,1.75,10.81,5,74.6,21.42,0.09,-0.1813,0.081,0.001,-0.12,1.598,-0.24,-26.13,11.68,1,23.43,1,0.792,-18.9,15.8,0.0,0,5,0.098,0.0647,0.0999,0.0629
17.867,1,0.84,1.25,12.19,5,74.5,21.6,0.09,-0.201,0.081,0.006,-0.121,1.601,-0.242,-26.41,11.68,1,23.43,1,0.779,-18.42,17.41,0.0,0,5,0.0963,0.0666,0.1074,0.0555
17.901,1,0.824,0.75,13.22,5,73.7,21.6,0.09,-0.2194,0.084,0.006,-0.13,1.603,-0.242,-26.53,11.68,1,23.43,1,0.782,-19.87,16.66,0.0,0,5,0.0981,0.0685,0.1129,0.0574
17.934,1,0.826,0.25,13.94,5,74.3,21.6,0.09,-0.2327,0.086,0.009,-0.162,1.606,-0.244,-26.87,11.68,1,23.43,1,0.785,-21.33,17.97,0.0,0,5,0.0999,0.0685,0.1221,0.0555
17.966,1,0.816,-0.75,15.01,5,73.8,21.6,0.09,-0.2411,0.085,0.007,-0.205,1.609,-0.245,-27.33,11.68,1,28.97,1,0.784,-23.75,19.23,0.0,0,5,0.1035,0.0591,0.1257,0.0517
18.002,1,0.808,-2.0,15.75,5,72.2,21.02,0.09,-0.2497,0.085,0.006,-0.244,1.611,-0.246,-27.62,11.68,1,28.97,1,0.793,-27.14,15.14,0.0,0,5,0.1089,0.0554,0.1274,0.048
18.035,1,0.814,-3.24,15.91,5,71.3,21.11,0.09,-0.248,0.083,0.006,-0.247,1.614,-0.247,-28.25,11.68,1,28.97,1,0.799,-28.11,13.59,0.0,0,5,0.1162,0.0516,0.1254,0.0387
18.066,1,0.82,-4.24,16.29,5,71.9,21.11,0.09,-0.2394,0.085,0.006,-0.209,1.617,-0.248,-28.76,11.68,1,28.97,1,0.794,-29.08,13.29,0.0,0,5,0.1237,0.0554,0.1274,0.0332
18.101,1,0.842,-4.49,16.29,5,72.9,21.02,0.09,-0.2375,0.086,0.009,-0.223,1.621,-0.25,-29.22,11.68,1,28.97,1,0.786,-29.08,15.29,0.0,0,5,0.1204,0.0556,0.1353,0.0334
18.135,1,0.834,-4.49,15.95,5,72.9,21.11,0.09,-0.2361,0.088,0.009,-0.25,1.622,-0.25,-29.51,11.68,1,28.97,1,0.786,-29.08,15.29,0.0,0,5,0.1223,0.0556,0.1389,0.0352
18.168,1,0.819,-4.49,15.24,5,71.9,21.11,0.09,-0.233,0.088,0.01,-0.264,1.625,-0.252,-30.08,11.68,1,30.05,1,0.774,-30.05,23.59,0.0,0,5,0.1204,0.0519,0.1445,0.0371
18.2,1,0.82,-4.49,14.74,5,72.1,21.02,0.09,-0.2224,0.09,0.006,-0.276,1.629,-0.254,-30.65,11.68,1,30.05,1,0.768,-31.02,27.7,0.0,0,5,0.1241,0.0519,0.1408,0.0408
18.236,1,0.831,-4.49,14.27,5,72.0,20.96,0.09,-0.2143,0.089,0.005,-0.221,1.63,-0.254,-30.94,11.68,1,30.05,1,0.768,-31.02,27.7,0.0,0,5,0.1314,0.0518,0.137,0.037
18.268,1,0.83,-4.49,14.06,5,71.1,21.11,0.09,-0.2069,0.091,0.006,-0.227,1.634,-0.256,-31.51,11.68,1,30.05,1,0.754,-31.99,32.74,0.0,0,5,0.1333,0.0592,0.1351,0.037
18.302,1,0.828,-4.49,13.03,5,71.2,20.96,0.09,-0.2036,0.091,0.008,-0.219,1.637,-0.258,-31.97,11.68,1,30.05,1,0.754,-31.99,32.74,0.0,0,5,0.1313,0.0592,0.1368,0.0407
18.337,1,0.812,-4.74,12.94,5,70.5,20.46,0.09,-0.1861,0.09,0.01,-0.242,1.638,-0.258,-32.26,11.68,1,30.05,1,0.754,-31.99,32.74,0.0,0,5,0.1183,0.0591,0.1405,0.0425
18.37,1,0.809,-4.99,12.31,5,70.2,20.81,0.09,-0.1819,0.086,0.008,-0.253,1.641,-0.26,-32.83,11.67,1,28.15,1,0.775,-34.9,39.6,0.0,0,5,0.1108,0.0517,0.1366,0.0443
18.407,1,0.806,-5.24,11.89,5,69.9,20.56,0.09,-0.1684,0.083,0.006,-0.204,1.644,-0.262,-33.35,11.67,1,28.15,1,0.794,-35.87,41.0,0.0,0,5,0.1092,0.0481,0.1295,0.0444
18.434,1,0.801,-5.49,11.54,5,70.0,20.96,0.09,-0.1583,0.081,0.004,-0.203,1.645,-0.262,-33.58,11.67,1,28.15,1,0.807,-36.84,42.19,0.0,0,5,0.111,0.0463,0.124,0.0426
18.469,1,0.79,-5.74,11.23,5,69.9,20.81,0.09,-0.15,0.082,-0.0,-0.164,1.648,-0.264,-34.03,11.67,1,28.15,1,0.814,-37.81,44.09,0.0,0,5,0.1166,0.0481,0.1166,0.0481
18.503,1,0.783,-5.99,10.72,5,69.7,20.81,0.09,-0.1419,0.084,-0.001,-0.167,1.65,-0.265,-34.21,11.67,1,28.15,1,0.809,-38.78,45.5,0.0,0,5,0.1184,0.0537,0.1129,0.0518
18.535,1,0.777,-6.24,10.44,5,69.9,21.02,0.09,-0.1307,0.087,-0.002,-0.11,1.653,-0.267,-34.49,11.67,1,28.15,1,0.79,-39.26,46.56,0.0,0,5,0.1147,0.0555,0.1147,0.0629
18.57,1,0.781,-6.24,10.18,5,70.0,20.46,0.09,-0.1238,0.087,-0.0,-0.13,1.655,-0.269,-34.78,11.67,1,28.46,1,0.713,-39.74,46.37,0.0,0,5,0.1092,0.0592,0.1147,0.0666
18.605,1,0.786,-6.49,10.04,5,69.8,20.81,0.09,-0.12,0.086,-0.001,-0.126,1.658,-0.271,-35.07,11.67,1,28.46,1,0.713,-39.74,46.37,0.0,0,5,0.1045,0.0605,0.11,0.0697
18.637,1,0.798,-6.74,10.02,5,70.3,20.46,0.09,-0.1148,0.086,-0.0,-0.119,1.66,-0.272,-35.24,11.67,1,28.46,1,0.724,-40.71,49.05,0.0,0,5,0.1046,0.0642,0.1064,0.0679
18.672,1,0.802,-6.74,9.69,5,70.2,20.56,0.09,-0.1122,0.086,-0.001,-0.122,1.663,-0.275,-35.47,11.67,1,28.46,1,0.735,-41.2,51.03,0.0,0,5,0.1055,0.0655,0.1037,0.0691
18.701,1,0.805,-6.74,9.16,5,70.0,20.46,0.09,-0.1068,0.086,-0.001,-0.131,1.663,-0.275,-35.58,11.67,1,28.46,1,0.772,-41.68,53.07,0.0,0,5,0.1054,0.0654,0.1036,0.0691
18.735,1,0.812,-6.74,8.92,5,70.3,20.81,0.09,-0.0982,0.087,-0.004,-0.105,1.666,-0.278,-35.87,11.67,1,28.46,1,0.796,-41.68,54.85,0.0,0,5,0.1131,0.0636,0.1025,0.0689
18.768,1,0.81,-6.74,9.0,5,70.4,20.81,0.09,-0.0944,0.089,-0.003,-0.104,1.669,-0.28,-36.1,11.65,1,31.35,1,0.8,-42.17,56.27,0.0,0,5,0.1123,0.0677,0.1033,0.0713
18.804,1,0.804,-6.74,8.66,5,70.3,20.56,0.09,-0.096,0.09,-0.001,-0.157,1.672,-0.282,-36.38,11.65,1,31.35,1,0.8,-42.17,56.27,0.0,0,5,0.1089,0.0701,0.1089,0.0738
18.834,1,0.794,-6.74,8.27,5,70.1,20.56,0.09,-0.0902,0.091,0.001,-0.099,1.674,-0.283,-36.55,11.65,1,31.35,1,0.678,-41.2,60.11,0.0,0,5,0.1054,0.0721,0.1128,0.0758
18.87,1,0.794,-6.74,8.17,5,69.6,20.56,0.09,-0.0834,0.091,0.003,-0.086,1.677,-0.285,-36.73,11.65,1,31.35,1,0.658,-41.68,60.09,0.0,0,5,0.1017,0.0721,0.1164,0.0739
18.904,1,0.801,-6.49,7.59,5,69.7,20.44,0.09,-0.0818,0.089,0.003,-0.087,1.679,-0.287,-36.9,11.65,1,31.35,1,0.651,-42.65,60.07,0.0,0,5,0.0998,0.0721,0.1109,0.0721
18.935,1,0.8,-6.24,7.32,5,69.8,20.46,0.09,-0.0749,0.089,0.002,-0.092,1.681,-0.288,-37.01,11.65,1,31.35,1,0.724,-46.05,55.76,0.0,0,5,0.1016,0.0758,0.1053,0.0721
18.97,1,0.815,-6.74,7.82,5,70.3,20.46,0.09,-0.0727,0.089,-0.002,-0.104,1.684,-0.29,-37.24,11.65,1,34.7,1,0.799,-44.59,54.11,0.0,0,5,0.109,0.0757,0.0979,0.0739
19.002,1,0.82,-6.24,7.13,5,70.4,20.56,0.09,-0.0751,0.092,-0.001,-0.065,1.687,-0.293,-37.41,11.65,1,34.7,1,0.799,-44.59,54.11,0.0,0,5,0.1089,0.0794,0.1015,0.0775
19.035,1,0.82,-6.24,6.95,5,70.1,20.81,0.09,-0.0695,0.092,-0.0,-0.033,1.688,-0.294,-37.47,11.65,1,34.7,1,0.818,-44.11,51.23,0.0,0,5,0.1071,0.0775,0.1052,0.0775
19.065,1,0.808,-5.74,6.71,5,69.7,20.46,0.09,-0.066,0.093,0.004,-0.046,1.691,-0.296,-37.59,11.65,1,34.7,1,0.833,-42.17,50.16,0.0,0,5,0.1017,0.0813,0.1128,0.0758
19.101,1,0.686,-5.74,5.83,5,69.3,20.56,0.09,-0.0679,0.091,0.003,-0.071,1.694,-0.298,-37.7,11.65,1,34.7,1,0.836,-41.2,49.64,0.0,0,5,0.0999,0.0833,0.111,0.074
19.137,1,0.642,-5.74,6.65,4,68.9,20.51,0.09,-0.0516,0.092,0.003,-0.132,1.696,-0.299,-37.82,11.65,1,34.7,1,0.834,-40.23,47.81,0.0,0,5,0.1018,0.0815,0.1074,0.0759
19.172,1,0.634,-5.74,5.93,4,68.8,20.79,0.1039,-0.0655,0.092,-0.0,-0.072,1.699,-0.301,-38.04,11.65,1,37.73,1,0.84,-38.78,46.12,0.0,0,5,0.1054,0.0832,0.1017,0.0795
19.198,1,0.75,-5.74,11.34,5,68.9,20.46,0.1061,-0.0527,0.094,-0.001,-0.083,1.7,-0.303,-38.16,11.65,1,37.73,1,0.841,-37.32,44.93,0.0,0,5,0.1073,0.0851,0.1018,0.0833
19.234,1,0.769,-5.49,13.52,5,68.5,20.96,0.09,-0.1468,0.097,-0.002,-0.005,1.703,-0.305,-38.22,11.65,1,37.73,1,0.841,-37.32,44.93,0.0,0,5,0.1146,0.0887,0.1016,0.085
19.267,1,0.597,-5.24,16.26,4,68.8,24.33,0.09,-0.1875,0.099,-0.003,-0.001,1.706,-0.308,-38.27,11.65,1,37.73,1,0.827,-33.93,44.5,0.0,0,5,0.1109,0.0906,0.1017,0.0924
19.304,1,0.576,-4.99,17.01,4,69.3,24.8,0.09,-0.238,0.1,-0.001,-0.065,1.709,-0.31,-38.39,11.65,1,37.73,1,0.827,-33.93,44.5,0.0,0,5,0.1108,0.0905,0.1034,0.0924
19.335,1,0.638,-4.99,19.73,5,69.4,21.11,0.09,-0.254,0.099,0.0,-0.058,1.711,-0.311,-38.45,11.65,1,37.73,1,0.821,-31.02,42.68,0.0,0,5,0.1055,0.0888,0.1092,0.0907
19.366,1,0.708,-5.24,22.92,5,69.5,20.56,0.09,-0.3006,0.097,-0.0,-0.102,1.714,-0.314,-38.73,11.63,1,45.0,1,0.834,-31.99,39.59,0.0,0,5,0.1128,0.0777,0.1147,0.0814
19.404,1,0.533,-5.24,25.91,4,69.1,27.08,0.09,-0.353,0.093,-0.002,-0.184,1.717,-0.316,-39.02,11.63,1,45.0,1,0.834,-31.99,39.59,0.0,0,5,0.1184,0.0648,0.1166,0.0722
19.435,1,0.497,-6.24,29.48,4,68.6,30.18,0.09,-0.405,0.092,-0.003,-0.282,1.718,-0.318,-39.36,11.63,1,45.0,1,0.831,-32.96,26.69,0.0,0,5,0.1238,0.0591,0.1183,0.0665
19.468,1,0.559,-7.24,32.24,5,67.9,29.38,0.09,-0.4556,0.095,-0.004,-0.244,1.721,-0.32,-39.99,11.63,1,45.0,1,0.839,-31.5,25.04,0.0,0,5,0.1349,0.0555,0.1275,0.0628
19.501,1,0.598,-7.99,34.12,5,67.7,28.77,0.09,-0.4918,0.098,-0.003,-0.241,1.723,-0.321,-40.22,11.63,1,45.0,1,0.839,-31.5,25.04,0.0,0,5,0.1405,0.0536,0.1349,0.061
19.535,1,0.582,-9.23,35.11,5,66.3,26.11,0.09,-0.5173,0.104,0.001,-0.302,1.726,-0.324,-40.91,11.63,1,45.0,1,0.821,-29.08,22.58,0.0,0,5,0.1442,0.0573,0.1534,0.0628
19.569,1,0.575,-10.48,34.84,5,65.9,28.03,0.09,-0.5222,0.104,0.001,-0.341,1.729,-0.327,-41.65,11.63,1,45.0,1,0.816,-28.6,21.43,0.0,0,5,0.1499,0.05,0.161,0.0555
19.598,1,0.426,-12.48,38.04,4,64.3,29.15,0.09,-0.5033,0.103,-0.0,-0.381,1.73,-0.328,-42.11,11.63,1,45.0,1,0.818,-28.11,19.01,0.0,0,5,0.1555,0.0444,0.161,0.0518
19.634,1,0.179,-0.53,41.99,3,68.1,30.0,0.09,-0.5395,0.1,-0.006,-0.433,1.733,-0.331,-43.03,11.63,1,45.0,1,0.813,-27.63,16.29,0.0,0,5,0.1739,0.0278,0.161,0.0389
19.667,1,0.189,-2.9,43.98,3,69.9,28.89,0.09,-0.5455,0.1,-0.009,-0.427,1.736,-0.334,-44.06,11.63,1,45.0,1,0.805,-28.11,13.67,0.0,0,5,0.1849,0.0129,0.1701,0.0333
19.7,1,0.552,-11.23,42.09,5,67.6,28.16,0.09,-0.5455,0.1,-0.011,-0.483,1.737,-0.336,-44.63,11.63,1,45.0,1,0.805,-28.11,13.67,0.0,0,5,0.1885,0.0037,0.1755,0.0333
19.737,1,0.616,-15.22,41.59,5,65.4,27.78,0.09,-0.5455,0.097,-0.01,-0.48,1.739,-0.339,-45.78,11.63,1,45.0,1,0.807,-29.57,5.31,0.0,0,5,0.1904,-0.0037,0.1774,0.024
19.767,1,0.649,-16.72,42.46,5,66.1,27.78,0.09,-0.5455,0.096,-0.011,-0.528,1.742,-0.342,-46.93,11.65,1,45.0,1,0.808,-30.54,1.57,0.0,0,5,0.1959,-0.0037,0.1737,0.0185
19.804,1,0.668,-15.97,41.72,5,66.8,27.78,0.09,-0.5455,0.094,-0.007,-0.507,1.744,-0.345,-48.19,11.65,1,45.0,1,0.808,-30.54,1.57,0.0,0,5,0.1962,0.0,0.1742,0.0073
19.835,1,0.682,-15.72,41.33,5,68.4,27.23,0.09,-0.5455,0.094,-0.005,-0.512,1.746,-0.346,-48.76,11.65,1,45.0,1,0.81,-32.96,-6.89,0.0,0,5,0.1926,0.0,0.1779,0.0055
19.868,1,0.675,-15.22,40.42,5,69.3,26.67,0.09,-0.5455,0.091,0.001,-0.542,1.748,-0.349,-50.02,11.65,1,45.0,1,0.821,-34.41,-9.79,0.0,0,5,0.1819,0.0,0.1855,-0.0018
19.899,1,0.685,-14.97,37.88,5,71.7,25.95,0.09,-0.5455,0.091,0.003,-0.521,1.749,-0.35,-50.59,11.65,1,45.0,1,0.823,-35.87,-15.16,6.282,1,5,0.1782,0.0,0.1873,-0.0018
19.936,1,0.71,-14.72,37.67,5,72.4,25.46,0.09,-0.5238,0.091,0.001,-0.508,1.751,-0.353,-51.8,11.65,1,45.0,1,0.836,-37.32,-18.3,0.0,0,5,0.1798,0.0,0.1834,0.0
19.967,1,0.719,-14.72,36.72,5,73.0,25.46,0.09,-0.524,0.091,-0.0,-0.505,1.754,-0.356,-53.0,11.65,1,45.0,1,0.84,-38.29,-22.96,0.0,0,5,0.1822,0.0,0.1803,0.0
20.002,1,0.717,-14.97,35.83,5,72.6,25.11,0.09,-0.5077,0.091,-0.0,-0.505,1.754,-0.356,-53.0,11.65,1,45.0,1,0.84,-38.29,-22.96,0.0,0,5,0.1822,0.0,0.1803,0.0
20.034,1,0.719,-14.72,36.11,5,73.3,24.52,0.09,-0.4892,0.092,0.0,-0.521,1.756,-0.359,-54.2,11.65,1,45.0,1,0.831,-41.68,-29.49,0.0,0,5,0.1804,0.0,0.184,0.0018
20.067,1,0.723,-14.97,35.66,5,73.7,24.52,0.09,-0.4975,0.091,0.001,-0.511,1.758,-0.362,-55.41,11.65,1,45.0,1,0.839,-43.14,-33.05,0.0,0,5,0.1784,0.0018,0.1839,0.0018
20.1,1,0.719,-14.97,34.88,5,73.8,23.96,0.09,-0.4866,0.092,-0.0,-0.516,1.759,-0.364,-55.98,11.65,1,45.0,1,0.839,-43.14,-33.05,0.0,0,5,0.1831,0.0018,0.1812,0.0018
20.135,1,0.7,-15.72,34.39,5,73.4,24.52,0.09,-0.4734,0.091,-0.003,-0.512,1.761,-0.367,-57.12,11.65,1,45.0,1,0.836,-47.01,-38.18,0.0,0,5,0.1869,0.0019,0.1739,0.0
20.168,1,0.696,-16.72,33.67,5,73.6,23.89,0.09,-0.4562,0.089,-0.002,-0.517,1.763,-0.37,-58.27,11.65,1,45.0,1,0.832,-49.44,-41.35,0.0,0,5,0.1814,0.0,0.174,0.0
20.201,1,0.69,-16.97,32.45,5,73.3,23.94,0.09,-0.4316,0.086,0.0,-0.512,1.764,-0.371,-58.84,11.65,1,45.0,1,0.832,-49.44,-41.35,0.0,0,5,0.172,0.0,0.1739,0.0
20.268,1,0.68,-17.97,30.27,5,73.2,23.89,0.09,-0.4108,0.085,-0.001,-0.495,1.767,-0.377,-61.19,11.65,1,45.0,1,0.841,-55.25,-48.21,0.0,0,5,0.1736,0.0,0.1682,0.0
20.301,1,0.669,-18.72,29.35,5,73.3,23.34,0.09,-0.3608,0.086,-0.002,-0.474,1.768,-0.379,-61.76,11.65,1,45.0,1,0.828,-55.74,-48.99,0.0,0,5,0.1737,0.0,0.1683,0.0018
20.335,1,0.68,-19.72,29.26,5,73.1,23.35,0.09,-0.3375,0.086,-0.0,-0.487,1.77,-0.382,-62.85,11.65,1,45.0,1,0.814,-53.8,-48.18,0.0,0,5,0.1685,0.0,0.1722,0.0037
20.367,1,0.688,-20.21,27.96,5,73.3,22.77,0.09,-0.3265,0.088,0.0,-0.445,1.771,-0.385,-63.88,11.67,1,33.0,1,0.813,-51.38,-46.65,0.0,0,5,0.1607,0.0018,0.1754,0.0148
20.402,1,0.68,-20.96,26.8,5,73.5,22.68,0.09,-0.2988,0.087,0.0,-0.449,1.772,-0.387,-64.4,11.67,1,33.0,1,0.813,-51.38,-46.65,0.0,0,5,0.1607,0.0018,0.1717,0.0129
20.467,1,0.677,-21.46,24.93,5,73.1,22.68,0.09,-0.2744,0.087,-0.001,-0.325,1.775,-0.393,-66.18,11.67,1,33.0,1,0.798,-45.08,-40.76,0.0,0,5,0.1555,0.0204,0.1518,0.0222
20.501,1,0.679,-21.96,24.37,5,73.2,22.22,0.09,-0.2364,0.091,-0.001,-0.286,1.776,-0.395,-66.46,11.67,1,33.0,1,0.798,-45.08,-40.76,0.0,0,5,0.1555,0.0278,0.1518,0.0296
20.534,1,0.681,-21.96,23.88,5,73.2,22.15,0.09,-0.2225,0.091,0.0,-0.277,1.777,-0.398,-67.15,11.67,1,33.0,1,0.73,-36.84,-26.95,0.0,0,5,0.1427,0.0315,0.1501,0.0389
20.568,1,0.686,-22.21,23.03,5,73.5,22.15,0.09,-0.2158,0.09,-0.001,-0.278,1.778,-0.402,-67.78,11.67,1,21.0,1,0.831,-36.35,-23.41,0.0,0,5,0.1426,0.0389,0.1389,0.0407
20.603,1,0.697,-21.96,22.69,5,73.5,22.15,0.09,-0.1985,0.089,-0.002,-0.214,1.779,-0.405,-68.3,11.67,1,21.0,1,0.831,-36.35,-23.41,0.0,0,5,0.1406,0.0426,0.1295,0.0407
20.635,1,0.692,-21.71,22.1,5,73.5,22.19,0.09,-0.197,0.088,-0.002,-0.164,1.78,-0.407,-68.53,11.67,1,21.0,1,0.725,-29.57,-13.57,3.002,1,5,0.1391,0.0512,0.1208,0.0421
20.665,1,0.693,-21.71,21.83,5,73.3,21.67,0.09,-0.1902,0.089,-0.001,-0.18,1.781,-0.41,-68.87,11.67,1,21.0,1,0.74,-26.17,-7.6,5.358,1,5,0.1281,0.0549,0.1208,0.0512
20.701,1,0.693,-21.71,21.76,5,73.5,21.67,0.09,-0.1854,0.089,-0.002,-0.188,1.782,-0.412,-69.1,11.67,1,21.0,1,0.74,-26.17,-7.6,5.358,1,5,0.1245,0.0531,0.1208,0.0586
20.764,1,0.686,-21.46,21.65,5,73.2,21.62,0.09,-0.1842,0.087,-0.007,-0.171,1.784,-0.418,-69.79,11.67,1,21.0,1,0.637,-15.51,9.27,0.0,0,5,0.1166,0.0518,0.111,0.0703
20.8,1,0.683,-21.21,20.76,5,72.9,21.67,0.09,-0.1855,0.087,-0.007,-0.188,1.784,-0.42,-70.02,11.7,1,9.0,1,0.605,-11.63,22.64,0.0,0,5,0.1184,0.0537,0.1073,0.0703
20.866,1,0.665,-20.21,20.42,5,71.6,22.19,0.09,-0.1723,0.091,-0.005,-0.06,1.786,-0.427,-70.53,11.7,1,9.0,1,0.519,-3.88,32.47,0.0,0,5,0.1214,0.0662,0.1049,0.0699
20.9,1,0.661,-19.97,20.79,5,71.5,21.67,0.09,-0.1787,0.09,-0.003,-0.091,1.787,-0.429,-70.59,11.7,1,9.0,1,0.595,-1.45,40.41,0.0,0,5,0.114,0.0662,0.1067,0.0717
20.968,1,0.63,-19.47,19.44,5,71.7,21.67,0.09,-0.1853,0.088,-0.006,-0.119,1.789,-0.436,-71.05,11.7,1,9.56,1,0.557,-1.94,41.17,0.0,0,5,0.1054,0.0628,0.1017,0.0813
21.001,1,0.63,-19.47,19.4,5,71.5,21.67,0.09,-0.1677,0.088,-0.006,-0.114,1.789,-0.437,-71.22,11.7,1,9.56,1,0.603,-1.94,40.81,0.0,0,5,0.1091,0.0628,0.0998,0.0795
21.067,1,0.637,-19.47,18.88,5,72.1,22.22,0.09,-0.1648,0.092,-0.007,-0.172,1.791,-0.445,-71.91,11.7,1,9.56,1,0.604,-2.42,40.4,0.0,0,5,0.1275,0.0619,0.1075,0.0692
21.1,1,0.638,-19.47,18.53,5,72.2,21.67,0.09,-0.1554,0.093,-0.007,-0.192,1.792,-0.446,-72.08,11.7,1,9.56,1,0.604,-2.42,40.4,0.0,0,5,0.1294,0.0638,0.1076,0.0693
21.134,1,0.639,-19.22,17.83,5,72.4,21.67,0.09,-0.1489,0.092,-0.007,-0.104,1.792,-0.45,-72.42,11.7,1,9.56,1,0.595,-7.76,34.02,0.0,0,5,0.1286,0.0624,0.1065,0.0698
21.163,1,0.637,-18.97,17.37,5,72.5,21.67,0.09,-0.1396,0.092,-0.005,-0.131,1.793,-0.454,-72.59,11.7,1,9.56,1,0.615,-9.69,28.71,0.0,0,5,0.1218,0.0627,0.1089,0.0756
21.199,1,0.625,-18.97,16.94,5,72.2,21.67,0.09,-0.1342,0.092,-0.006,-0.116,1.794,-0.455,-72.77,11.7,1,14.36,1,0.627,-12.6,22.56,0.0,0,5,0.1143,0.0608,0.1106,0.0811
21.234,1,0.625,-18.97,16.54,5,72.5,21.67,0.09,-0.1261,0.091,-0.007,-0.108,1.794,-0.458,-72.94,11.7,1,14.36,1,0.623,-15.03,16.98,0.0,0,5,0.1131,0.0593,0.1096,0.0826
21.266,1,0.573,-18.97,20.07,5,72.5,29.53,0.09,-0.1187,0.091,-0.009,-0.069,1.795,-0.462,-73.17,11.7,1,14.36,1,0.639,-16.96,10.02,0.0,0,5,0.117,0.0648,0.099,0.0828
21.298,1,0.649,-18.47,17.05,5,72.9,21.67,0.09,-0.1801,0.093,-0.007,-0.098,1.796,-0.464,-73.28,11.7,1,14.36,1,0.698,-16.96,0.5,7.548,1,5,0.117,0.0702,0.1008,0.0828
21.335,1,0.639,-17.97,15.85,5,72.0,21.67,0.09,-0.1336,0.092,-0.005,-0.111,1.797,-0.467,-73.45,11.7,1,14.36,1,0.699,-16.96,0.44,7.55,1,5,0.1129,0.0759,0.0981,0.0814
21.366,1,0.645,-17.47,16.09,5,71.3,21.67,0.09,-0.1177,0.09,-0.001,-0.067,1.798,-0.471,-73.68,11.7,1,16.2,1,0.633,-16.96,5.47,0.0,0,5,0.1092,0.0778,0.1,0.074
21.401,1,0.651,-17.47,16.51,5,70.1,21.67,0.09,-0.1276,0.09,-0.001,-0.055,1.798,-0.473,-73.74,11.7,1,16.2,1,0.633,-16.96,5.47,0.0,0,5,0.1092,0.0759,0.1018,0.0722
21.468,1,0.664,-17.47,16.69,5,69.3,21.6,0.09,-0.1326,0.088,-0.005,-0.1,1.8,-0.479,-74.2,11.7,1,16.2,1,0.646,-19.87,-3.66,0.0,0,5,0.1119,0.066,0.1009,0.0734
21.535,1,0.648,-17.22,17.39,5,68.6,23.35,0.09,-0.1349,0.092,-0.012,-0.115,1.8,-0.485,-74.54,11.7,1,16.2,1,0.651,-20.36,-4.28,0.0,0,5,0.1193,0.0624,0.0973,0.0881
21.564,1,0.656,-17.22,16.55,5,69.0,21.6,0.09,-0.1501,0.093,-0.012,-0.098,1.801,-0.489,-74.77,11.7,1,16.2,1,0.647,-20.84,-4.38,0.0,0,5,0.1184,0.0592,0.0981,0.0907
21.664,1,0.627,-16.97,15.21,5,68.6,21.11,0.09,-0.1342,0.091,-0.004,-0.046,1.803,-0.498,-75.34,11.7,1,15.48,1,0.629,-21.33,-6.62,0.0,0,5,0.1167,0.0722,0.1018,0.0741
21.764,1,0.598,-17.22,14.75,5,69.2,21.6,0.09,-0.1133,0.093,-0.004,-0.119,1.805,-0.507,-75.97,11.72,1,12.55,1,0.633,-22.3,-10.36,0.0,0,5,0.1166,0.0703,0.1073,0.0759
21.866,1,0.637,-16.72,14.35,5,69.5,21.1,0.09,-0.1022,0.087,-0.003,-0.113,1.807,-0.515,-76.66,11.72,1,12.55,1,0.545,-16.96,5.78,0.0,0,5,0.1054,0.0666,0.1017,0.0758
21.967,1,0.27,-12.39,15.67,4,73.7,22.42,0.09,-0.1006,0.087,-0.001,-0.08,1.808,-0.524,-77.18,11.72,1,10.44,1,0.573,-14.54,4.57,0.0,0,5,0.1091,0.0666,0.1054,0.0684
22.0,1,0.277,-13.18,16.74,4,73.8,21.88,0.09,-0.1776,0.088,-0.005,-0.044,1.809,-0.526,-77.23,11.72,1,10.44,1,0.573,-14.54,4.57,0.0,0,5,0.111,0.0629,0.1036,0.0759
22.066,1,0.7,-15.47,13.97,5,73.7,21.11,0.09,-0.1782,0.093,-0.004,-0.098,1.81,-0.533,-77.69,11.72,1,10.44,1,0.52,-10.18,20.17,0.0,0,5,0.1123,0.0718,0.1049,0.081
22.165,1,0.718,-15.97,12.98,5,71.5,21.11,0.098,-0.1028,0.092,0.002,-0.155,1.812,-0.542,-78.5,11.72,1,10.85,1,0.533,-12.12,14.58,0.0,0,5,0.1165,0.0721,0.1146,0.0629
22.2,1,0.692,-15.97,11.45,5,71.3,21.11,0.1048,-0.0797,0.092,0.002,-0.11,1.813,-0.544,-78.67,11.72,1,10.85,1,0.533,-12.12,14.58,0.0,0,5,0.1183,0.0702,0.1183,0.061
22.264,1,0.7,-15.97,11.97,5,72.0,21.11,0.0925,-0.0549,0.099,-0.001,-0.097,1.814,-0.552,-79.18,11.72,1,10.85,1,0.538,-13.57,10.84,0.0,0,5,0.1157,0.0735,0.1231,0.0845
22.299,1,0.689,-16.97,13.55,5,72.3,21.11,0.0905,-0.0641,0.1,-0.003,-0.105,1.814,-0.554,-79.3,11.72,1,10.85,1,0.538,-13.57,10.84,0.0,0,5,0.1157,0.0735,0.1194,0.09
22.366,1,0.704,-15.47,12.06,5,72.0,21.1,0.1092,-0.082,0.094,-0.003,-0.055,1.815,-0.561,-79.53,11.72,1,10.85,1,0.54,-13.57,8.22,0.0,0,5,0.1066,0.0772,0.1047,0.0863
22.464,1,0.669,-14.47,13.35,5,72.5,21.1,0.1052,-0.0724,0.099,0.005,-0.058,1.818,-0.571,-79.81,11.73,1,11.16,1,0.536,-13.09,6.85,0.0,0,5,0.1081,0.0971,0.11,0.0788
22.498,1,0.693,-13.98,13.39,5,72.9,21.62,0.1121,-0.1141,0.1,0.006,-0.068,1.818,-0.573,-79.93,11.73,1,11.16,1,0.536,-13.09,6.85,0.0,0,5,0.1091,0.0962,0.1147,0.0795
22.563,1,0.716,-13.98,12.65,5,73.0,21.11,0.1402,-0.1709,0.103,-0.003,-0.076,1.819,-0.581,-80.21,11.73,1,11.16,1,0.509,-13.09,7.92,1.488,1,5,0.116,0.0884,0.1123,0.0957
22.596,1,0.727,-13.98,10.79,5,72.8,20.57,0.1471,-0.1657,0.105,-0.004,-0.107,1.82,-0.583,-80.33,11.73,1,11.4,1,0.525,-13.09,5.56,0.0,0,5,0.1214,0.0883,0.1141,0.0975
22.663,1,0.312,-12.66,12.27,4,74.8,21.06,0.1236,-0.0871,0.123,-0.003,-0.12,1.821,-0.594,-80.9,11.73,1,11.4,1,0.525,-14.06,5.01,0.0,0,5,0.1515,0.0942,0.1459,0.1016
22.699,1,0.758,-14.47,10.72,5,74.8,20.57,0.1305,-0.1195,0.128,-0.001,-0.139,1.821,-0.596,-81.07,11.73,1,11.4,1,0.525,-14.06,5.01,0.0,0,5,0.1534,0.0998,0.1534,0.1054
22.734,1,0.77,-13.98,9.87,5,74.0,21.02,0.1446,-0.1096,0.135,0.002,-0.13,1.823,-0.602,-81.3,11.73,1,11.4,1,0.52,-14.54,2.41,0.0,0,5,0.1553,0.1151,0.1589,0.1096
22.764,1,0.752,-13.98,10.17,5,73.2,21.1,0.1454,-0.0981,0.135,0.004,-0.133,1.823,-0.607,-81.59,11.73,1,11.4,1,0.529,-14.54,-2.23,0.0,0,5,0.1516,0.1242,0.1534,0.1114
22.832,1,0.718,-13.48,10.56,5,72.9,21.11,0.1664,-0.1316,0.136,0.005,-0.07,1.825,-0.615,-81.99,11.74,1,9.45,1,0.535,-15.51,-6.6,0.0,0,5,0.1516,0.1201,0.1608,0.1109
22.862,1,0.731,-13.48,9.99,5,72.6,21.11,0.1634,-0.1434,0.141,0.001,-0.051,1.826,-0.621,-82.16,11.74,1,9.45,1,0.54,-15.99,-5.68,7.639,1,5,0.1609,0.1221,0.1628,0.1184
22.897,1,0.719,-12.98,10.64,5,72.5,21.11,0.1579,-0.122,0.147,0.0,-0.095,1.826,-0.624,-82.28,11.74,1,9.45,1,0.54,-15.99,-5.68,7.639,1,5,0.1683,0.1257,0.1683,0.1239
22.965,1,0.735,-12.48,10.16,5,72.0,21.11,0.1688,-0.1571,0.162,0.004,-0.145,1.828,-0.637,-82.96,11.74,1,9.45,1,0.572,-15.03,-8.43,0.0,0,5,0.1829,0.1441,0.1866,0.133
22.997,1,0.723,-12.98,10.09,5,70.6,21.11,0.1723,-0.1549,0.162,0.006,-0.12,1.829,-0.64,-83.14,11.74,1,8.39,1,0.572,-15.03,-8.43,0.0,0,5,0.1829,0.146,0.1903,0.1293
23.063,1,0.715,-13.48,9.29,5,70.0,21.1,0.1706,-0.1437,0.172,0.001,-0.151,1.83,-0.654,-83.88,11.74,1,8.39,1,0.573,-11.63,-1.62,0.0,0,5,0.1942,0.1406,0.2071,0.148
23.097,1,0.735,-13.73,8.84,5,71.0,20.57,0.1729,-0.1194,0.174,-0.0,-0.164,1.831,-0.658,-84.05,11.74,1,8.39,1,0.573,-11.63,-1.62,0.0,0,5,0.1978,0.1405,0.207,0.1516
23.132,1,0.736,-13.98,8.69,5,71.5,21.1,0.1797,-0.1124,0.174,0.003,-0.116,1.832,-0.665,-84.34,11.74,1,8.39,1,0.563,-13.09,-5.64,0.0,0,5,0.1979,0.148,0.2071,0.1443
23.164,1,0.73,-14.47,8.37,5,71.7,21.11,0.1823,-0.1086,0.178,0.004,-0.139,1.832,-0.672,-84.68,11.74,1,8.39,1,0.565,-14.06,-6.73,7.816,1,5,0.2034,0.1572,0.2071,0.1442
23.2,1,0.731,-14.47,7.92,5,71.9,21.11,0.1741,-0.0859,0.179,0.004,-0.2,1.833,-0.676,-84.91,11.74,1,5.74,1,0.565,-14.06,-6.73,7.816,1,5,0.2034,0.1591,0.2071,0.148
23.232,1,0.721,-14.97,7.97,5,72.3,21.11,0.1499,-0.0515,0.181,0.0,-0.097,1.833,-0.683,-85.26,11.74,1,5.74,1,0.557,-9.21,-8.45,0.0,0,5,0.2052,0.1571,0.2052,0.1553
23.264,1,0.742,-14.97,7.59,5,72.8,20.57,0.126,-0.0218,0.181,-0.001,-0.059,1.834,-0.69,-85.43,11.74,1,5.74,1,0.555,-13.09,-3.28,0.0,0,5,0.2025,0.1547,0.2044,0.162
23.299,1,0.743,-14.97,7.46,5,73.3,21.11,0.1142,-0.0018,0.179,-0.001,-0.073,1.834,-0.694,-85.49,11.74,1,5.74,1,0.555,-13.09,-3.28,0.0,0,5,0.2006,0.1564,0.2006,0.1601
23.331,1,0.751,-14.47,6.97,5,73.7,21.11,0.09,0.006,0.177,0.002,-0.114,1.835,-0.701,-85.6,11.74,1,5.74,1,0.531,-8.72,-6.87,0.0,0,5,0.1912,0.1655,0.1912,0.1581
23.365,1,0.762,-15.22,6.7,5,74.5,21.1,0.09,0.0081,0.167,0.003,-0.045,1.835,-0.707,-85.89,11.74,1,5.74,1,0.555,-7.27,0.64,0.0,0,5,0.1754,0.1625,0.1772,0.1514
23.397,1,0.766,-14.97,6.52,5,74.5,21.11,0.09,0.0223,0.162,0.003,-0.014,1.836,-0.71,-85.89,11.75,1,3.86,1,0.555,-7.27,0.64,0.0,0,5,0.1681,0.157,0.1736,0.1496
23.431,1,0.762,-15.47,7.3,5,74.8,21.11,0.09,0.0217,0.149,-0.001,-0.086,1.836,-0.716,-86.0,11.75,1,3.86,1,0.554,-10.66,0.95,0.0,0,5,0.1531,0.1346,0.1623,0.1476
23.464,1,0.748,-15.47,7.03,5,75.0,20.56,0.09,0.0138,0.139,-0.001,-0.026,1.836,-0.721,-86.12,11.75,1,3.86,1,0.56,-10.66,1.04,0.0,0,5,0.1441,0.1257,0.1497,0.1367
23.498,1,0.759,-15.47,6.66,5,75.3,21.11,0.09,0.0181,0.133,-0.0,-0.0,1.836,-0.723,-86.12,11.75,1,3.86,1,0.56,-10.66,1.04,0.0,0,5,0.1385,0.1237,0.1403,0.1274
23.531,1,0.75,-15.72,7.05,5,75.5,21.11,0.09,0.0239,0.122,0.003,-0.064,1.837,-0.728,-86.17,11.75,1,3.86,1,0.557,-10.66,-0.43,7.223,1,5,0.1314,0.1259,0.124,0.1074
23.564,1,0.73,-15.47,7.32,5,75.8,21.11,0.09,0.02,0.112,0.001,-0.072,1.837,-0.732,-86.34,11.75,1,3.86,1,0.547,-6.79,-5.24,0.0,0,5,0.1277,0.1221,0.1166,0.1018
23.597,1,0.736,-14.97,6.72,5,75.8,21.11,0.09,0.0117,0.11,0.0,-0.044,1.837,-0.734,-86.4,11.75,1,3.05,1,0.547,-6.79,-5.24,0.0,0,5,0.1165,0.1109,0.1091,0.1017
23.634,1,0.741,-14.97,6.62,5,76.0,21.11,0.09,0.0162,0.101,0.0,0.006,1.838,-0.738,-86.4,11.75,1,3.05,1,0.558,-7.76,-6.0,0.0,0,5,0.1054,0.0943,0.1091,0.0962
23.664,1,0.744,-14.97,6.39,5,75.9,21.11,0.09,0.0184,0.094,0.003,-0.024,1.838,-0.742,-86.46,11.75,1,3.05,1,0.562,-7.76,-6.29,0.0,0,5,0.0943,0.0888,0.1054,0.0888
23.696,1,0.739,-14.97,7.31,5,75.6,20.57,0.09,0.0226,0.092,0.003,-0.008,1.838,-0.743,-86.46,11.75,1,3.05,1,0.562,-7.76,-6.29,0.0,0,5,0.0925,0.087,0.1018,0.0851
23.73,1,0.739,-14.47,6.72,5,75.4,20.57,0.09,0.0068,0.085,0.002,0.007,1.838,-0.747,-86.46,11.75,1,3.05,1,0.57,-4.85,-0.15,0.0,0,5,0.0827,0.0864,0.0882,0.0846
23.762,1,0.743,-14.47,6.36,5,75.3,21.11,0.09,0.0113,0.08,0.003,0.031,1.839,-0.75,-86.4,11.75,1,3.05,1,0.581,-3.88,0.48,0.0,0,5,0.0753,0.0845,0.0809,0.079
23.797,1,0.753,-13.98,6.18,5,75.0,21.11,0.09,0.018,0.077,0.005,0.035,1.839,-0.751,-86.4,11.76,1,3.06,1,0.581,-3.88,0.48,0.0,0,5,0.0698,0.0864,0.0772,0.0735
23.83,1,0.753,-13.48,6.33,5,74.8,20.56,0.09,0.0157,0.072,0.006,0.041,1.839,-0.754,-86.29,11.76,1,3.06,1,0.587,-2.42,0.48,0.0,0,5,0.0662,0.0845,0.0717,0.0662
23.863,1,0.745,-13.48,6.6,5,74.6,20.57,0.09,0.008,0.069,0.004,-0.0,1.84,-0.757,-86.29,11.76,1,3.06,1,0.591,-1.94,0.35,0.0,0,5,0.0619,0.0802,0.0656,0.0692
23.896,1,0.75,-12.98,6.57,5,74.3,20.57,0.09,0.0038,0.068,0.003,-0.009,1.84,-0.758,-86.29,11.76,1,3.06,1,0.591,-1.94,0.35,0.0,0,5,0.062,0.0765,0.0656,0.0692
23.932,1,0.756,-12.98,6.34,5,74.1,20.56,0.09,-0.0008,0.069,0.003,0.032,1.84,-0.761,-86.29,11.76,1,3.06,1,0.588,-1.94,1.76,0.0,0,5,0.0586,0.0733,0.0696,0.0733
23.962,1,0.759,-12.98,6.34,5,74.0,20.57,0.09,0.0043,0.072,0.006,0.006,1.841,-0.764,-86.29,11.76,1,3.06,1,0.589,-1.45,0.92,0.0,0,5,0.0629,0.074,0.0814,0.0685
23.996,1,0.76,-12.73,5.98,5,73.8,20.57,0.09,0.0047,0.072,0.006,0.006,1.841,-0.764,-86.29,11.76,1,2.25,1,0.589,-1.45,0.92,0.0,0,5,0.0629,0.074,0.0814,0.0685
24.029,1,0.759,-12.73,5.97,5,73.8,20.57,0.09,0.0086,0.074,0.004,-0.02,1.841,-0.767,-86.29,11.76,1,2.25,1,0.596,-0.97,0.05,0.0,0,5,0.0703,0.0721,0.0832,0.0703
24.064,1,0.762,-12.73,5.84,5,73.6,20.57,0.09,0.0093,0.075,0.003,0.01,1.841,-0.77,-86.29,11.76,1,2.25,1,0.599,-0.97,-0.18,0.0,0,5,0.0721,0.074,0.0814,0.0721
24.097,1,0.77,-12.48,5.96,5,73.7,21.11,0.09,0.0118,0.077,0.0,0.019,1.841,-0.771,-86.29,11.76,1,2.25,1,0.599,-0.97,-0.18,0.0,0,5,0.0758,0.0758,0.0776,0.0776
24.129,1,0.771,-12.48,5.84,5,73.8,21.11,0.09,0.0071,0.079,0.003,-0.016,1.842,-0.775,-86.29,11.76,1,2.25,1,0.602,-4.36,4.94,4.329,1,5,0.0739,0.085,0.0795,0.0795
24.163,1,0.766,-11.98,5.72,5,73.9,20.57,0.09,0.0096,0.079,0.004,0.037,1.842,-0.778,-86.23,11.76,1,2.25,1,0.602,-2.91,3.18,7.694,1,5,0.0757,0.0887,0.0776,0.0757
24.196,1,0.769,-11.98,6.09,5,73.7,21.11,0.09,0.0057,0.079,0.005,0.039,1.842,-0.779,-86.23,11.76,1,2.74,1,0.602,-2.91,3.18,7.694,1,5,0.0739,0.0905,0.0776,0.0739
24.23,1,0.767,-11.73,6.07,5,73.8,20.57,0.09,-0.0001,0.076,0.003,0.002,1.842,-0.782,-86.17,11.76,1,2.74,1,0.604,-1.45,3.04,0.0,0,5,0.073,0.0858,0.073,0.073
24.263,1,0.771,-11.48,5.99,5,73.5,20.57,0.09,-0.0021,0.075,0.003,-0.01,1.843,-0.785,-86.17,11.76,1,2.74,1,0.61,-0.97,2.4,0.0,0,5,0.0712,0.084,0.0712,0.073
24.295,1,0.771,-11.48,5.98,5,73.6,20.56,0.09,-0.0034,0.074,0.002,-0.05,1.843,-0.787,-86.23,11.76,1,2.74,1,0.61,-0.97,2.4,0.0,0,5,0.0712,0.0804,0.073,0.073
24.329,1,0.775,-11.48,6.11,5,73.5,20.57,0.09,-0.0024,0.074,0.004,-0.002,1.843,-0.79,-86.29,11.76,1,2.74,1,0.612,-0.48,1.52,0.0,0,5,0.0685,0.0777,0.0777,0.0703
24.361,1,0.787,-11.23,5.82,5,74.3,20.57,0.09,-0.0041,0.075,0.004,-0.004,1.844,-0.793,-86.29,11.76,1,2.74,1,0.614,-0.48,1.63,0.0,0,5,0.0722,0.0759,0.0814,0.0703
24.396,1,0.784,-11.48,5.87,5,74.1,20.57,0.09,-0.002,0.077,0.003,-0.016,1.844,-0.795,-86.29,11.76,1,4.22,1,0.614,-0.48,1.63,0.0,0,5,0.074,0.0777,0.0814,0.074
24.429,1,0.785,-11.48,5.41,5,73.9,20.56,0.09,0.0005,0.08,0.001,-0.022,1.844,-0.798,-86.34,11.76,1,4.22,1,0.611,-0.48,1.23,0.0,0,5,0.0814,0.0814,0.0814,0.0777
24.462,1,0.8,-11.23,4.27,5,73.7,20.57,0.09,0.0087,0.084,0.001,-0.014,1.844,-0.801,-86.34,11.76,1,4.22,1,0.611,-0.48,1.23,0.0,0,5,0.0814,0.0851,0.0851,0.0833
24.496,1,0.787,-11.23,4.71,5,73.8,20.57,0.09,0.0255,0.084,0.003,-0.015,1.845,-0.803,-86.34,11.76,1,4.22,1,0.611,-0.48,1.23,0.0,0,5,0.0814,0.0888,0.0851,0.0814
24.528,1,0.789,-11.23,5.16,5,73.7,20.57,0.09,0.0181,0.084,0.003,0.01,1.845,-0.806,-86.34,11.76,1,4.22,1,0.606,0.0,0.25,0.0,0,5,0.0814,0.0888,0.0851,0.0814
24.565,1,0.796,-10.98,5.11,5,73.8,20.56,0.09,0.0106,0.085,0.003,0.035,1.845,-0.81,-86.29,11.76,1,4.22,1,0.606,0.0,0.25,0.0,0,5,0.0832,0.0924,0.0832,0.0795
24.596,1,0.799,-10.73,5.05,5,73.8,20.46,0.09,0.0084,0.083,0.003,0.004,1.845,-0.811,-86.29,11.76,1,3.69,1,0.606,0.0,0.25,0.0,0,5,0.0832,0.0905,0.0813,0.0776
24.627,1,0.811,-10.48,4.84,5,73.9,20.57,0.09,0.007,0.084,0.002,-0.058,1.846,-0.815,-86.34,11.76,1,3.69,1,0.607,0.48,1.34,0.0,0,5,0.0832,0.0905,0.0813,0.0795
24.662,1,0.811,-10.48,4.63,5,73.8,20.56,0.09,0.0082,0.082,0.002,-0.004,1.846,-0.818,-86.4,11.76,1,3.69,1,0.605,0.48,2.07,0.0,0,5,0.0813,0.0832,0.085,0.0795
24.695,1,0.802,-10.48,5.12,5,73.4,20.56,0.09,0.0122,0.084,0.003,0.005,1.846,-0.82,-86.4,11.76,1,3.69,1,0.605,0.48,2.07,0.0,0,5,0.0813,0.0832,0.0905,0.0813
24.73,1,0.805,-10.48,5.01,5,73.1,20.56,0.09,0.0041,0.085,0.003,-0.025,1.846,-0.823,-86.4,11.76,1,3.69,1,0.601,0.97,1.89,0.0,0,5,0.0832,0.0832,0.0943,0.0813
24.762,1,0.802,-10.48,5.06,5,73.2,20.57,0.09,0.0063,0.088,0.003,-0.014,1.847,-0.827,-86.46,11.76,1,3.69,1,0.601,0.97,1.42,0.0,0,5,0.0869,0.0888,0.0925,0.0832
24.796,1,0.802,-10.23,5.0,5,73.1,20.56,0.09,0.0055,0.088,0.002,0.01,1.847,-0.828,-86.46,11.76,1,3.69,1,0.601,0.97,1.42,0.0,0,5,0.0869,0.0887,0.0906,0.0851
24.83,1,0.81,-9.98,4.96,5,73.2,20.57,0.09,0.0038,0.088,0.001,0.02,1.847,-0.832,-86.4,11.76,1,3.69,1,0.604,0.97,0.31,0.0,0,5,0.0851,0.0925,0.087,0.0888
24.863,1,0.826,-9.98,4.66,5,73.3,20.56,0.09,0.0019,0.088,0.001,0.013,1.847,-0.835,-86.34,11.76,1,3.69,1,0.6,0.97,0.7,0.0,0,5,0.0851,0.0944,0.0833,0.0888
24.896,1,0.834,-9.48,4.36,5,73.4,20.57,0.09,0.0075,0.087,0.001,0.017,1.848,-0.837,-86.34,11.76,1,3.69,1,0.6,0.97,0.7,0.0,0,5,0.0851,0.0944,0.0814,0.0851
24.928,1,0.83,-9.48,4.24,5,73.3,20.57,0.09,0.0072,0.085,0.002,-0.02,1.848,-0.84,-86.34,11.76,1,3.69,1,0.614,1.94,0.2,0.0,0,5,0.0851,0.0925,0.0814,0.0795
24.962,1,0.833,-9.48,4.1,5,73.4,20.57,0.09,0.0098,0.084,0.002,-0.038,1.848,-0.842,-86.4,11.76,1,3.69,1,0.614,1.94,0.2,0.0,0,5,0.0851,0.0888,0.0833,0.0777
24.997,1,0.832,-9.48,4.22,5,73.4,20.57,0.09,0.0127,0.083,0.005,-0.031,1.849,-0.845,-86.46,11.76,1,3.38,1,0.615,1.45,-1.9,7.882,1,5,0.0796,0.0833,0.0926,0.0778
25.03,1,0.836,-9.48,4.7,5,73.6,20.57,0.09,0.011,0.084,0.005,-0.017,1.849,-0.849,-86.52,11.76,1,3.38,1,0.611,1.45,-2.48,7.368,1,5,0.0777,0.0814,0.0962,0.0796
25.064,1,0.837,-9.73,4.49,5,73.5,20.57,0.09,0.0029,0.087,0.003,-0.008,1.849,-0.852,-86.52,11.76,1,3.38,1,0.609,-1.45,-0.05,-1.004,1,5,0.0851,0.0924,0.0887,0.0832
25.127,1,0.851,-9.23,4.58,5,73.9,20.56,0.09,0.0095,0.092,-0.001,0.006,1.849,-0.858,-86.4,11.76,1,3.38,1,0.615,1.94,-3.07,0.0,0,5,0.0944,0.0999,0.0814,0.0925
25.164,1,0.856,-8.98,4.24,5,74.3,20.57,0.09,0.002,0.089,-0.003,0.007,1.849,-0.861,-86.34,11.76,1,3.38,1,0.615,1.94,-3.07,0.0,0,5,0.0888,0.0944,0.0777,0.0944
25.195,1,0.856,-8.98,4.24,5,74.3,20.57,0.09,0.0051,0.088,-0.002,0.018,1.849,-0.863,-86.34,11.76,1,5.09,1,0.614,1.94,-0.27,7.823,1,5,0.0869,0.0943,0.0777,0.0924
25.228,1,0.865,-8.73,4.35,5,74.6,20.56,0.09,0.0057,0.085,-0.002,0.015,1.85,-0.867,-86.29,11.76,1,5.09,1,0.608,2.42,0.32,0.0,0,5,0.0814,0.0888,0.0777,0.0925
25.262,1,0.863,-8.49,4.42,5,74.3,20.04,0.09,0.0013,0.086,0.0,-0.024,1.85,-0.87,-86.29,11.76,1,5.09,1,0.608,2.42,0.32,0.0,0,5,0.0814,0.0907,0.0796,0.0888
25.295,1,0.868,-8.49,4.18,5,74.8,20.04,0.09,-0.0029,0.085,0.001,-0.002,1.85,-0.872,-86.34,11.76,1,5.09,1,0.579,-0.97,-8.27,7.399,1,5,0.0796,0.0852,0.087,0.0889
25.332,1,0.864,-8.49,4.51,5,74.8,20.0,0.09,0.0021,0.084,0.004,-0.01,1.851,-0.875,-86.34,11.76,1,5.09,1,0.606,-1.45,-11.84,4.997,1,5,0.0759,0.0833,0.0926,0.0852
25.36,1,0.867,-8.49,4.42,5,74.9,20.04,0.09,-0.0034,0.085,0.003,-0.027,1.851,-0.877,-86.34,11.76,1,5.09,1,0.63,-1.45,-14.89,-0.988,1,5,0.0759,0.0814,0.0944,0.087
25.395,1,0.859,-8.49,4.72,5,74.8,20.56,0.09,-0.0014,0.087,0.003,-0.026,1.851,-0.88,-86.4,11.77,1,5.99,1,0.631,-1.45,-15.82,-3.124,1,5,0.0833,0.087,0.0944,0.0851
25.429,1,0.854,-8.73,4.55,5,74.9,20.56,0.09,-0.0065,0.093,0.0,-0.022,1.851,-0.884,-86.4,11.77,1,5.99,1,0.633,-1.94,-15.18,-1.879,1,5,0.0943,0.0962,0.0906,0.0925
25.465,1,0.853,-8.49,4.32,5,74.8,20.56,0.09,-0.0003,0.095,-0.001,0.002,1.851,-0.888,-86.4,11.77,1,5.99,1,0.633,-1.94,-15.21,-1.728,1,5,0.0963,0.1,0.0889,0.0963
25.495,1,0.86,-8.49,4.1,5,75.0,20.56,0.09,0.0005,0.094,-0.001,0.007,1.851,-0.89,-86.4,11.77,1,5.99,1,0.633,-1.94,-15.56,-1.921,1,5,0.0944,0.0999,0.0851,0.0962
25.528,1,0.871,-8.49,4.51,5,75.0,20.56,0.09,0.0044,0.092,-0.001,0.01,1.852,-0.893,-86.4,11.77,1,5.99,1,0.613,-1.94,-11.25,5.965,1,5,0.0926,0.0963,0.0852,0.0926
25.564,1,0.871,-8.49,4.43,5,75.1,20.04,0.09,-0.0026,0.091,-0.0,-0.008,1.852,-0.897,-86.34,11.77,1,5.99,1,0.619,-1.45,-16.08,-1.409,1,5,0.0907,0.0963,0.0852,0.0926
25.596,1,0.876,-8.49,4.22,5,74.8,20.56,0.09,-0.0011,0.093,0.001,0.004,1.852,-0.899,-86.34,11.77,1,3.87,1,0.611,-1.94,-11.3,1.959,1,5,0.087,0.0926,0.0944,0.0963
25.627,1,0.885,-7.99,3.48,5,74.6,20.56,0.09,0.0026,0.09,0.002,-0.0,1.852,-0.902,-86.34,11.77,1,3.87,1,0.596,-2.42,-9.15,4.464,1,5,0.0814,0.0869,0.0962,0.0943
25.663,1,0.879,-7.99,3.51,5,74.2,20.56,0.09,0.0097,0.091,0.002,-0.027,1.853,-0.906,-86.34,11.77,1,3.87,1,0.598,-2.42,-8.62,5.138,1,5,0.0884,0.0939,0.0921,0.0902
25.694,1,0.873,-8.49,4.26,5,74.2,20.57,0.09,0.0095,0.09,0.001,0.01,1.853,-0.908,-86.34,11.77,1,3.87,1,0.588,-2.42,-8.28,6.034,1,5,0.0913,0.0949,0.0876,0.0876
25.727,1,0.887,-8.49,2.48,5,73.9,20.2,0.09,0.0026,0.094,-0.003,-0.012,1.853,-0.912,-86.34,11.77,1,3.87,1,0.588,-3.39,-7.25,5.816,1,5,0.0986,0.0986,0.084,0.0949
25.764,1,0.876,-8.49,3.95,5,73.5,20.57,0.09,0.0335,0.093,-0.005,0.011,1.853,-0.916,-86.34,11.77,1,3.87,1,0.588,-3.39,-7.25,5.816,1,5,0.0982,0.0964,0.08,0.0982
25.796,1,0.89,-8.24,3.11,5,73.3,20.46,0.09,0.0078,0.093,-0.005,0.043,1.853,-0.918,-86.29,11.77,1,2.63,1,0.574,0.48,2.08,5.169,1,5,0.0972,0.0954,0.0807,0.0991
25.828,1,0.898,-7.99,2.4,5,73.4,20.56,0.09,0.0194,0.092,-0.001,0.032,1.853,-0.921,-86.17,11.77,1,2.63,1,0.584,0.97,1.7,0.0,0,5,0.0929,0.0984,0.082,0.0929
25.862,1,0.91,-7.99,2.05,5,73.1,20.44,0.09,0.0288,0.09,-0.001,0.03,1.853,-0.925,-86.12,11.77,1,2.63,1,0.584,0.97,1.7,0.0,0,5,0.0863,0.0954,0.0844,0.0954
25.896,1,0.906,-7.74,1.96,5,73.2,20.44,0.09,0.0354,0.09,-0.003,0.034,1.853,-0.927,-86.06,11.77,1,2.63,1,0.584,0.97,1.7,0.0,0,5,0.0808,0.0882,0.0845,0.1047
25.93,1,0.916,-7.24,1.97,5,73.2,20.56,0.09,0.0342,0.087,-0.004,0.031,1.853,-0.93,-85.94,11.77,1,2.63,1,0.598,2.91,1.46,0.0,0,5,0.0759,0.0851,0.0814,0.1073
25.963,1,0.916,-7.24,3.11,5,73.3,20.46,0.09,0.0286,0.089,-0.003,0.064,1.854,-0.934,-85.83,11.77,1,2.63,1,0.607,2.91,0.42,0.497,1,5,0.0796,0.0925,0.0796,0.1055
25.994,1,0.915,-7.24,3.0,5,73.2,20.56,0.09,0.009,0.09,-0.002,0.051,1.854,-0.936,-85.77,11.77,1,3.23,1,0.612,2.91,-1.74,-4.23,1,5,0.0832,0.0962,0.0795,0.1017
26.028,1,0.91,-6.99,3.02,5,73.2,20.56,0.09,0.0117,0.093,-0.004,0.057,1.854,-0.94,-85.66,11.77,1,3.23,1,0.612,2.91,-1.74,-4.23,1,5,0.0906,0.0998,0.0795,0.1035
26.062,1,0.912,-6.74,2.81,5,73.0,20.46,0.09,0.0085,0.091,-0.006,0.058,1.854,-0.943,-85.54,11.77,1,3.23,1,0.621,3.88,-2.4,-2.931,1,5,0.0943,0.098,0.0795,0.0998
26.097,1,0.92,-6.74,3.26,5,73.2,20.46,0.09,0.0096,0.09,-0.005,0.007,1.854,-0.945,-85.54,11.77,1,3.23,1,0.625,3.88,-1.88,-5.645,1,5,0.0944,0.0962,0.074,0.0962
26.128,1,0.918,-6.74,3.51,5,73.4,20.46,0.09,0.0026,0.086,-0.007,-0.02,1.854,-0.948,-85.6,11.77,1,3.23,1,0.628,4.36,-1.74,-3.321,1,5,0.0906,0.0851,0.0721,0.0961
26.161,1,0.924,-6.49,3.19,5,73.7,20.44,0.09,-0.0015,0.084,-0.006,0.046,1.854,-0.952,-85.49,11.77,1,3.23,1,0.628,4.36,-1.74,-3.321,1,5,0.0832,0.0814,0.0758,0.0961
26.195,1,0.926,-6.24,3.38,5,73.6,20.57,0.09,0.0011,0.084,-0.005,0.03,1.854,-0.953,-85.49,11.77,1,3.01,1,0.626,4.85,-2.21,-2.52,1,5,0.0813,0.0795,0.0776,0.0961
26.23,1,0.931,-6.24,3.39,5,73.7,20.46,0.09,-0.0045,0.086,-0.004,0.051,1.854,-0.956,-85.37,11.77,1,3.01,1,0.617,4.85,-1.29,-2.74,1,5,0.081,0.0846,0.0792,0.0972
26.261,1,0.93,-5.74,3.5,5,73.8,20.57,0.09,-0.004,0.086,-0.003,0.031,1.854,-0.96,-85.31,11.77,1,3.01,1,0.614,5.82,-1.84,-3.094,1,5,0.081,0.0882,0.0774,0.0972
26.294,1,0.935,-5.74,3.53,5,73.9,20.46,0.09,-0.0121,0.087,-0.003,0.024,1.854,-0.961,-85.26,11.77,1,3.01,1,0.617,6.3,-1.48,-0.865,1,5,0.0828,0.0918,0.0774,0.0972
26.331,1,0.936,-5.74,3.29,5,73.8,20.57,0.09,-0.0116,0.089,-0.002,0.017,1.854,-0.965,-85.26,11.77,1,3.01,1,0.622,5.82,1.45,3.181,1,5,0.0868,0.0905,0.0831,0.0961
26.364,1,0.937,-5.74,3.55,5,74.0,20.57,0.09,-0.0071,0.092,-0.003,0.01,1.855,-0.969,-85.2,11.77,1,3.01,1,0.625,6.3,1.01,2.416,1,5,0.0924,0.0905,0.085,0.0961
26.396,1,0.934,-5.24,3.61,5,74.1,20.57,0.09,-0.0111,0.092,-0.002,-0.012,1.855,-0.971,-85.2,11.77,1,2.12,1,0.605,6.79,1.77,4.519,1,5,0.0943,0.0906,0.0887,0.0943
26.425,1,0.934,-5.24,3.38,5,74.5,20.56,0.09,-0.0177,0.092,-0.001,-0.028,1.855,-0.974,-85.26,11.77,1,2.12,1,0.596,6.79,3.34,6.057,1,5,0.0943,0.0924,0.0887,0.0924
26.458,1,0.936,-5.24,3.23,5,74.3,20.56,0.09,-0.0134,0.091,-0.003,-0.033,1.855,-0.976,-85.31,11.77,1,2.12,1,0.597,6.3,4.74,6.996,1,5,0.0924,0.0887,0.0869,0.0943
26.497,1,0.943,-4.99,2.93,5,74.5,20.57,0.09,-0.0103,0.09,-0.003,-0.005,1.855,-0.98,-85.31,11.77,1,2.12,1,0.597,6.3,4.74,6.996,1,5,0.0924,0.0887,0.085,0.0924
26.531,1,0.936,-4.99,3.47,5,74.3,20.57,0.09,-0.0075,0.09,-0.003,0.01,1.856,-0.983,-85.26,11.77,1,2.12,1,0.594,7.27,3.55,0.0,0,5,0.0924,0.0868,0.0868,0.0942
26.565,1,0.931,-4.74,3.34,5,74.5,20.57,0.09,-0.0164,0.092,-0.001,0.005,1.856,-0.987,-85.26,11.77,1,2.12,1,0.59,6.79,4.37,7.421,1,5,0.0905,0.0887,0.0924,0.0961
26.595,1,0.93,-4.74,3.09,5,74.4,20.57,0.09,-0.0172,0.092,-0.003,-0.008,1.856,-0.989,-85.26,11.77,1,5.38,1,0.594,4.36,6.51,0.109,1,5,0.0924,0.0869,0.0906,0.0961
26.626,1,0.935,-4.74,2.98,5,74.6,20.46,0.09,-0.0122,0.092,-0.003,-0.002,1.856,-0.993,-85.26,11.77,1,5.38,1,0.603,4.36,6.17,0.299,1,5,0.098,0.0888,0.0906,0.0925
26.663,1,0.931,-4.74,3.63,5,74.6,20.56,0.09,-0.0101,0.091,-0.001,-0.003,1.856,-0.996,-85.31,11.77,1,5.38,1,0.603,4.36,6.17,0.299,1,5,0.0999,0.0888,0.0906,0.0851
26.695,1,0.932,-4.49,3.16,5,74.7,20.57,0.09,-0.0212,0.092,-0.0,-0.028,1.856,-0.998,-85.31,11.77,1,5.38,1,0.597,3.88,-3.02,7.008,1,5,0.0999,0.0906,0.0925,0.0851
26.731,1,0.934,-4.24,2.68,5,74.6,20.46,0.09,-0.0158,0.092,-0.0,-0.056,1.857,-1.002,-85.43,11.77,1,5.38,1,0.611,3.88,-7.52,5.698,1,5,0.0953,0.0898,0.0935,0.088
26.758,1,0.932,-4.24,2.68,5,74.7,20.56,0.09,-0.0102,0.091,-0.0,-0.023,1.857,-1.004,-85.43,11.77,1,5.38,1,0.618,3.39,-5.8,6.751,1,5,0.0916,0.0861,0.0953,0.0916
26.798,1,0.932,-4.24,2.44,5,74.6,20.46,0.09,-0.0097,0.09,-0.002,-0.036,1.857,-1.007,-85.49,11.77,1,5.38,1,0.602,1.45,-7.84,7.169,1,5,0.091,0.0873,0.0892,0.0928
26.828,1,0.923,-4.24,3.08,5,74.5,20.46,0.09,-0.0052,0.09,0.0,0.004,1.858,-1.011,-85.54,11.78,1,6.72,1,0.612,0.48,-11.51,7.912,1,5,0.0882,0.0882,0.0918,0.09
26.864,1,0.912,-4.24,3.33,5,73.6,20.46,0.09,-0.0162,0.093,0.002,-0.04,1.858,-1.015,-85.6,11.78,1,6.72,1,0.619,0.97,-12.06,0.0,0,5,0.0893,0.0911,0.0948,0.0911
26.894,1,0.909,-4.74,3.09,5,73.6,20.56,0.09,-0.0203,0.094,0.003,-0.026,1.858,-1.017,-85.66,11.78,1,6.72,1,0.623,0.48,-11.87,0.0,0,5,0.0918,0.0918,0.1028,0.09
26.93,1,0.912,-4.49,2.83,5,73.3,20.56,0.09,-0.01,0.095,0.001,-0.032,1.858,-1.02,-85.66,11.78,1,6.72,1,0.617,0.48,-13.09,0.0,0,5,0.101,0.0936,0.0992,0.0881
26.963,1,0.907,-4.49,2.96,5,73.2,20.44,0.09,-0.009,0.093,0.001,-0.02,1.859,-1.024,-85.71,11.78,1,6.72,1,0.622,0.0,-12.89,0.0,0,5,0.1017,0.0925,0.0962,0.0814
26.996,1,0.898,-4.49,3.4,5,73.0,20.57,0.09,-0.0112,0.094,0.0,-0.043,1.859,-1.026,-85.71,11.78,1,6.72,1,0.615,-0.48,-11.3,0.0,0,5,0.1017,0.0925,0.0962,0.0851
27.029,1,0.907,-4.49,2.88,5,73.3,20.57,0.09,-0.0189,0.091,-0.0,-0.061,1.859,-1.03,-85.83,11.78,1,6.84,1,0.616,-0.97,-11.86,7.44,1,5,0.0944,0.087,0.0944,0.0888
27.06,1,0.917,-4.49,2.31,5,73.9,20.56,0.09,-0.0098,0.09,-0.002,-0.064,1.859,-1.031,-85.94,11.78,1,6.84,1,0.616,-0.97,-11.86,7.44,1,5,0.0944,0.0833,0.0925,0.0907
27.096,1,0.922,-4.24,2.35,5,73.7,20.57,0.09,0.0002,0.087,-0.004,-0.004,1.859,-1.035,-85.94,11.78,1,6.84,1,0.614,-0.97,-12.73,6.733,1,5,0.0926,0.0796,0.087,0.0889
27.126,1,0.932,-4.24,2.36,5,74.2,20.57,0.09,-0.0035,0.088,-0.002,-0.047,1.859,-1.038,-85.94,11.78,1,6.84,1,0.611,-0.48,-12.43,0.0,0,5,0.0907,0.0814,0.0907,0.0888
27.165,1,0.927,-4.24,2.92,5,74.3,20.57,0.09,-0.0034,0.093,-0.0,-0.011,1.86,-1.042,-86.0,11.78,1,6.84,1,0.611,-0.48,-12.43,0.0,0,5,0.0906,0.0888,0.0962,0.0962
27.225,1,0.923,-4.24,2.66,5,75.3,20.57,0.09,-0.0129,0.096,0.0,0.01,1.86,-1.048,-86.0,11.76,1,6.15,1,0.615,-0.97,-12.3,6.559,1,5,0.0962,0.0962,0.0962,0.0962
27.259,1,0.932,-4.24,2.03,5,75.5,20.57,0.09,-0.0083,0.095,0.001,0.001,1.86,-1.05,-86.0,11.76,1,6.15,1,0.617,-0.97,-12.44,6.139,1,5,0.0962,0.0962,0.0962,0.0925
27.294,1,0.934,-3.99,1.95,5,76.0,20.56,0.09,0.0027,0.093,0.002,-0.023,1.861,-1.054,-86.06,11.76,1,6.15,1,0.622,-0.48,-12.72,7.134,1,5,0.0943,0.0943,0.0962,0.0869
27.326,1,0.931,-3.99,2.09,5,76.1,20.56,0.09,0.0012,0.092,-0.0,-0.043,1.861,-1.057,-86.17,11.76,1,6.15,1,0.621,-0.48,-12.36,6.921,1,5,0.0962,0.0888,0.0944,0.0888
27.361,1,0.933,-3.99,1.7,5,75.9,20.56,0.09,-0.0011,0.092,-0.002,-0.007,1.861,-1.059,-86.17,11.76,1,6.15,1,0.621,-0.48,-12.36,6.921,1,5,0.0962,0.0851,0.0944,0.0925
27.394,1,0.939,-3.74,1.49,5,75.6,20.46,0.09,0.0058,0.091,-0.002,0.038,1.861,-1.063,-86.12,11.76,1,6.15,1,0.617,-0.48,-12.89,7.578,1,5,0.0906,0.0832,0.0943,0.0943
27.427,1,0.94,-3.49,1.43,5,75.8,20.04,0.09,0.0068,0.087,-0.001,0.017,1.861,-1.066,-86.06,11.76,1,6.4,1,0.614,0.48,-13.52,7.459,1,5,0.0851,0.0814,0.0906,0.0925
27.463,1,0.943,-3.49,1.83,5,75.7,20.04,0.09,0.0048,0.088,-0.0,0.0,1.861,-1.068,-86.06,11.76,1,6.4,1,0.614,0.48,-13.52,7.459,1,5,0.0851,0.0869,0.0888,0.0925
27.493,1,0.955,-3.24,1.62,5,75.7,20.56,0.09,-0.0015,0.091,-0.0,-0.01,1.862,-1.072,-86.06,11.76,1,6.4,1,0.606,0.48,-11.25,7.54,1,5,0.0905,0.0905,0.0905,0.0924
27.527,1,0.957,-3.24,1.62,5,76.2,20.56,0.09,-0.0004,0.095,0.002,0.023,1.862,-1.076,-86.06,11.76,1,6.4,1,0.606,0.48,-11.25,7.54,1,5,0.0959,0.0996,0.0959,0.0904
27.596,1,0.949,-2.99,1.53,5,76.4,20.2,0.09,0.0002,0.092,0.003,-0.042,1.863,-1.081,-86.12,11.76,1,6.4,1,0.61,0.97,-11.46,0.0,0,5,0.0961,0.0961,0.0942,0.0832
27.627,1,0.95,-3.24,1.63,5,76.5,20.56,0.09,-0.0009,0.089,0.0,-0.026,1.863,-1.085,-86.23,11.76,1,7.83,1,0.611,0.48,-12.23,6.51,1,5,0.0962,0.0888,0.0907,0.0814
27.66,1,0.957,-2.99,1.4,5,76.5,20.56,0.09,0.0007,0.09,0.0,-0.017,1.863,-1.086,-86.23,11.76,1,7.83,1,0.611,0.48,-12.23,6.51,1,5,0.0941,0.0867,0.0923,0.0849
27.696,1,0.963,-2.75,1.05,5,76.6,20.46,0.09,0.0017,0.087,-0.002,0.017,1.863,-1.09,-86.23,11.76,1,7.83,1,0.612,0.0,-11.97,5.146,1,5,0.0903,0.0811,0.0885,0.0885
27.725,1,0.965,-2.75,1.33,5,76.6,20.2,0.09,0.0051,0.088,0.0,0.013,1.863,-1.093,-86.17,11.76,1,7.83,1,0.612,0.0,-12.03,5.852,1,5,0.0847,0.0847,0.0903,0.0903
27.761,1,0.954,-2.75,1.62,5,76.5,20.57,0.09,0.0005,0.089,0.0,-0.004,1.863,-1.095,-86.17,11.76,1,7.83,1,0.612,0.0,-12.03,5.852,1,5,0.0868,0.0868,0.0905,0.0905
27.795,1,0.949,-2.5,1.4,5,76.3,20.57,0.09,-0.0042,0.093,0.0,0.004,1.864,-1.099,-86.17,11.76,1,7.83,1,0.607,0.0,-12.63,5.057,1,5,0.0925,0.0944,0.0925,0.0925
27.827,1,0.949,-2.75,1.75,5,76.2,20.56,0.09,-0.003,0.097,-0.001,-0.031,1.864,-1.103,-86.23,11.73,1,8.18,1,0.607,0.0,-12.63,5.057,1,5,0.1018,0.0962,0.0944,0.0944
27.858,1,0.953,-2.75,1.61,5,76.0,20.57,0.09,-0.0058,0.096,-0.001,-0.014,1.864,-1.105,-86.23,11.73,1,8.18,1,0.607,0.48,-13.49,1.633,1,5,0.1036,0.0981,0.0925,0.0907
27.897,1,0.956,-2.75,1.6,5,75.7,20.57,0.09,-0.0033,0.092,0.0,-0.029,1.864,-1.108,-86.29,11.73,1,8.18,1,0.61,0.48,-13.01,4.095,1,5,0.0981,0.0925,0.0907,0.0851
27.926,1,0.951,-2.75,1.37,5,75.6,20.56,0.09,-0.0033,0.087,-0.002,-0.066,1.864,-1.112,-86.4,11.73,1,8.18,1,0.608,0.48,-13.73,2.537,1,5,0.0925,0.0851,0.0851,0.0851
27.959,1,0.947,-2.5,1.13,5,75.8,20.56,0.09,0.0009,0.086,-0.001,0.007,1.864,-1.113,-86.46,11.73,1,8.18,1,0.608,0.48,-13.73,2.537,1,5,0.0888,0.0814,0.0869,0.0851
27.996,1,0.947,-2.25,0.9,5,75.4,20.56,0.09,0.0018,0.086,-0.0,0.033,1.865,-1.117,-86.4,11.73,1,8.18,1,0.609,-0.48,-13.99,2.324,1,5,0.087,0.0814,0.0907,0.087
28.027,1,0.946,-2.25,1.29,5,75.1,20.56,0.09,0.0033,0.086,0.0,0.037,1.865,-1.12,-86.34,11.73,1,8.02,1,0.609,-0.48,-13.85,-1.184,1,5,0.0834,0.0815,0.0908,0.0871
28.059,1,0.939,-2.25,1.09,5,74.5,20.56,0.09,-0.0033,0.086,-0.001,-0.005,1.865,-1.122,-86.34,11.73,1,8.02,1,0.601,-0.48,-12.87,-4.631,1,5,0.0852,0.0797,0.0889,0.0889
28.093,1,0.932,-2.25,1.22,5,74.1,20.57,0.09,0.0005,0.09,-0.002,0.001,1.865,-1.126,-86.34,11.73,1,8.02,1,0.594,0.0,-13.13,-6.926,1,5,0.0906,0.0869,0.0888,0.0943
28.128,1,0.916,-2.0,0.85,5,73.1,20.81,0.09,-0.0015,0.094,0.001,0.024,1.865,-1.13,-86.34,11.73,1,8.02,1,0.594,0.0,-13.13,-6.926,1,5,0.0943,0.0961,0.0943,0.0906
28.161,1,0.911,-2.0,1.25,5,72.7,20.57,0.09,0.002,0.094,0.003,-0.005,1.866,-1.133,-86.4,11.73,1,8.02,1,0.594,0.0,-13.13,-6.926,1,5,0.0943,0.098,0.098,0.0924
28.196,1,0.905,-2.0,1.25,5,71.9,20.57,0.09,-0.0047,0.092,0.003,-0.034,1.866,-1.135,-86.4,11.73,1,8.02,1,0.61,-1.45,-11.98,-6.391,1,5,0.0944,0.0944,0.0944,0.0833
28.226,1,0.89,-2.25,1.08,5,71.4,20.57,0.09,-0.0044,0.089,-0.002,-0.065,1.866,-1.139,-86.57,11.7,1,4.29,1,0.619,0.0,-14.32,-2.4,1,5,0.0962,0.0851,0.0888,0.0851
28.26,1,0.881,-2.25,1.08,5,71.4,20.57,0.09,0.0018,0.088,-0.001,0.008,1.866,-1.14,-86.57,11.7,1,4.29,1,0.619,0.0,-14.32,-2.4,1,5,0.0944,0.087,0.087,0.0833
28.296,1,0.89,-2.0,1.1,5,71.8,20.56,0.09,0.0016,0.087,0.0,0.046,1.866,-1.144,-86.46,11.7,1,4.29,1,0.619,1.94,-9.49,0.0,0,5,0.087,0.0851,0.0888,0.087
28.328,1,0.906,-1.75,0.77,5,71.5,20.57,0.09,-0.0018,0.087,-0.001,0.035,1.866,-1.147,-86.4,11.7,1,4.29,1,0.609,4.36,-7.83,0.0,0,5,0.0833,0.0851,0.087,0.0925
28.359,1,0.915,-1.5,0.97,5,71.3,20.81,0.09,0.0011,0.086,-0.001,0.019,1.866,-1.149,-86.4,11.7,1,4.29,1,0.622,6.79,-2.74,0.0,0,5,0.0814,0.0832,0.0869,0.0943
28.429,1,0.9,-1.5,0.98,5,70.5,20.81,0.09,-0.0045,0.091,0.002,0.041,1.867,-1.156,-86.34,11.7,1,0.94,1,0.642,6.79,-0.25,-5.652,1,5,0.0887,0.0961,0.0887,0.0887
28.458,1,0.898,-1.25,0.66,5,70.5,20.56,0.09,-0.0044,0.09,0.002,0.006,1.867,-1.158,-86.34,11.7,1,0.94,1,0.637,7.76,-1.58,-6.05,1,5,0.0907,0.0981,0.087,0.0851
28.529,1,0.92,-1.5,1.25,5,70.5,20.56,0.09,-0.001,0.086,-0.002,-0.056,1.867,-1.165,-86.52,11.7,1,0.94,1,0.649,10.66,6.98,-3.875,1,5,0.0906,0.0851,0.0832,0.0851
28.557,1,0.913,-1.5,0.97,5,70.8,20.57,0.09,-0.008,0.087,-0.003,-0.0,1.868,-1.167,-86.57,11.7,1,0.94,1,0.655,10.18,5.9,-1.621,1,5,0.0925,0.0832,0.0851,0.0869
28.595,1,0.905,-1.5,0.97,5,70.9,20.57,0.09,-0.0033,0.087,-0.001,0.056,1.868,-1.17,-86.46,11.7,1,0.94,1,0.651,12.12,3.63,0.387,1,5,0.0887,0.0832,0.0887,0.0887
28.629,1,0.914,-1.5,0.97,5,71.2,20.57,0.09,-0.0034,0.087,-0.002,0.02,1.868,-1.174,-86.4,11.7,1,-0.37,1,0.636,14.06,6.98,-3.056,1,5,0.0851,0.0814,0.0888,0.0944
28.657,1,0.933,-1.25,1.04,5,71.1,20.56,0.09,-0.0034,0.087,-0.004,0.043,1.868,-1.176,-86.34,11.7,1,-0.37,1,0.659,15.03,9.66,2.097,1,5,0.0851,0.0795,0.0869,0.098
28.697,1,0.926,-1.0,1.1,5,71.4,20.81,0.09,-0.0077,0.09,-0.006,0.016,1.868,-1.179,-86.29,11.7,1,-0.37,1,0.664,15.03,9.34,1.351,1,5,0.0906,0.0832,0.0851,0.0999
28.727,1,0.91,-1.0,1.12,5,71.6,20.81,0.09,-0.0114,0.093,-0.003,-0.001,1.868,-1.183,-86.29,11.7,1,-0.37,1,0.667,15.03,11.41,1.92,1,5,0.0943,0.0924,0.0869,0.098
28.768,1,0.928,-1.0,1.22,5,72.0,20.96,0.09,-0.0114,0.093,0.0,0.004,1.868,-1.187,-86.29,11.7,1,-0.37,1,0.664,14.54,11.9,0.71,1,5,0.0943,0.098,0.0887,0.0924
28.794,1,0.941,-0.75,1.28,5,72.3,20.56,0.09,-0.013,0.091,0.001,-0.03,1.868,-1.188,-86.29,11.7,1,-0.37,1,0.662,14.54,11.9,0.684,1,5,0.0924,0.0943,0.0887,0.0869
28.827,1,0.923,-1.0,1.22,5,72.8,20.57,0.09,-0.0168,0.088,-0.001,-0.084,1.868,-1.192,-86.46,11.69,1,1.4,1,0.661,14.54,11.91,0.678,1,5,0.0925,0.0851,0.0888,0.0851
28.859,1,0.922,-1.0,1.1,5,73.3,20.56,0.09,-0.0124,0.086,-0.001,-0.007,1.869,-1.194,-86.52,11.69,1,1.4,1,0.65,14.06,9.22,1.618,1,5,0.0925,0.0832,0.0869,0.0832
28.926,1,0.95,-1.25,1.03,5,75.3,20.56,0.09,-0.0102,0.084,-0.002,-0.045,1.869,-1.2,-86.57,11.69,1,1.4,1,0.66,11.63,3.88,-1.872,1,5,0.0881,0.077,0.0862,0.0844
28.96,1,0.943,-1.75,1.34,5,75.8,20.81,0.09,-0.0059,0.084,-0.003,-0.015,1.869,-1.202,-86.57,11.69,1,1.4,1,0.66,11.63,3.88,-1.872,1,5,0.0862,0.0752,0.0862,0.0881
29.023,1,0.938,-1.75,1.07,5,76.6,20.57,0.09,-0.0061,0.09,-0.001,0.002,1.869,-1.209,-86.63,11.69,1,3.04,1,0.633,6.79,-5.8,0.661,1,5,0.092,0.0883,0.0883,0.0902
29.057,1,0.939,-1.5,0.83,5,76.8,20.96,0.09,-0.0018,0.092,-0.0,0.001,1.869,-1.211,-86.63,11.69,1,3.04,1,0.633,6.79,-5.8,0.661,1,5,0.0938,0.092,0.092,0.0902
29.094,1,0.938,-1.5,0.83,5,77.7,20.96,0.09,-0.0012,0.093,0.001,-0.002,1.87,-1.215,-86.63,11.69,1,3.04,1,0.64,6.79,-7.12,-1.071,1,5,0.0919,0.0956,0.0938,0.0919
29.126,1,0.931,-1.75,1.06,5,77.6,20.57,0.09,-0.001,0.093,-0.001,-0.082,1.87,-1.219,-86.75,11.69,1,3.04,1,0.641,6.79,-7.13,-1.159,1,5,0.0962,0.0925,0.0907,0.0907
29.157,1,0.925,-1.75,0.78,5,77.8,21.1,0.09,-0.0019,0.092,-0.003,-0.048,1.87,-1.221,-86.8,11.69,1,3.04,1,0.641,6.79,-7.13,-1.159,1,5,0.0974,0.0901,0.0882,0.0919
29.225,1,0.935,-1.75,0.66,5,78.1,21.02,0.09,0.0024,0.089,-0.002,0.008,1.87,-1.227,-86.8,11.68,1,3.35,1,0.635,5.82,-5.22,3.201,1,5,0.0927,0.0838,0.0909,0.0891
29.26,1,0.933,-1.75,0.54,5,78.4,20.57,0.09,0.0045,0.09,0.0,0.013,1.87,-1.229,-86.75,11.68,1,3.35,1,0.635,5.82,-5.22,3.201,1,5,0.0896,0.0878,0.0932,0.0914
29.324,1,0.934,-1.5,0.71,5,78.5,20.56,0.09,0.0064,0.093,-0.002,0.012,1.87,-1.237,-86.75,11.68,1,3.35,1,0.637,4.85,-3.59,0.535,1,5,0.0961,0.0942,0.0887,0.0942
29.357,1,0.932,-1.25,0.77,5,78.7,20.46,0.09,0.0003,0.094,-0.001,-0.006,1.87,-1.238,-86.69,11.68,1,3.35,1,0.637,4.85,-3.59,0.535,1,5,0.096,0.096,0.0905,0.0942
29.426,1,0.93,-1.25,0.65,5,78.3,20.44,0.09,-0.0029,0.093,0.0,-0.022,1.871,-1.246,-86.75,11.68,1,3.35,1,0.649,4.85,-4.84,0.809,1,5,0.0905,0.0923,0.0942,0.096
29.46,1,0.932,-1.25,0.65,5,78.1,20.44,0.09,-0.0007,0.092,-0.001,-0.034,1.871,-1.248,-86.8,11.68,1,3.35,1,0.649,4.85,-4.84,0.809,1,5,0.0924,0.0906,0.0906,0.0943
29.496,1,0.937,-1.25,0.64,5,77.9,20.44,0.09,-0.0004,0.089,-0.002,-0.028,1.871,-1.251,-86.86,11.68,1,3.35,1,0.657,4.85,-6.75,-3.287,1,5,0.0888,0.087,0.087,0.0944
29.525,1,0.932,-1.25,0.48,5,77.8,20.44,0.09,-0.0003,0.091,-0.001,0.05,1.871,-1.255,-86.8,11.68,1,3.35,1,0.656,4.36,-5.4,1.169,1,5,0.0925,0.0888,0.0907,0.0925
29.556,1,0.927,-1.5,0.71,5,77.9,20.2,0.09,0.0027,0.092,-0.001,0.015,1.871,-1.257,-86.8,11.68,1,3.35,1,0.656,4.36,-4.51,3.102,1,5,0.0924,0.0887,0.0943,0.0943
29.626,1,0.928,-1.25,0.49,5,78.1,20.46,0.09,0.0015,0.096,-0.0,0.028,1.872,-1.265,-86.75,11.68,1,3.04,1,0.665,4.36,-6.37,-0.903,1,5,0.0923,0.096,0.0942,0.0997
29.656,1,0.932,-1.25,0.65,5,78.3,20.44,0.09,0.0021,0.096,0.0,-0.005,1.872,-1.267,-86.75,11.68,1,3.04,1,0.665,4.36,-6.37,-0.903,1,5,0.0923,0.0997,0.0923,0.0979
29.725,1,0.931,-1.25,0.38,5,78.2,20.44,0.09,-0.0003,0.092,0.0,-0.082,1.872,-1.274,-86.92,11.68,1,3.04,1,0.676,4.85,-7.85,-3.574,1,5,0.0924,0.0943,0.0906,0.0906
29.757,1,0.928,-1.25,-0.02,5,78.2,20.0,0.09,0.0044,0.09,-0.001,-0.006,1.872,-1.276,-86.97,11.68,1,3.04,1,0.676,4.85,-7.85,-3.574,1,5,0.0924,0.0887,0.0887,0.0887
29.825,1,0.927,-1.5,0.09,5,78.1,20.0,0.09,0.0115,0.088,-0.001,0.024,1.873,-1.283,-87.03,11.69,1,1.07,1,0.676,4.85,-6.96,-7.066,1,5,0.0902,0.0829,0.0902,0.0884
29.859,1,0.929,-1.25,0.24,5,77.9,20.04,0.09,0.0128,0.088,-0.002,0.025,1.873,-1.284,-86.97,11.69,1,1.07,1,0.676,4.85,-6.96,-7.066,1,5,0.0884,0.0829,0.0902,0.0921
29.926,1,0.917,-1.0,0.41,5,78.0,20.04,0.09,0.0069,0.092,0.001,0.032,1.873,-1.292,-86.92,11.69,1,1.07,1,0.663,10.18,2.75,-2.114,1,5,0.0888,0.0962,0.0906,0.0943
29.955,1,0.925,-0.5,-0.12,5,77.9,19.97,0.09,0.0009,0.094,0.003,0.013,1.873,-1.294,-86.86,11.69,1,1.07,1,0.662,10.18,2.74,-2.121,1,5,0.0907,0.1018,0.0925,0.0925
30.024,1,0.927,-0.5,0.14,5,77.8,20.0,0.09,0.0054,0.092,0.001,-0.023,1.874,-1.301,-86.97,11.69,1,-0.92,1,0.65,12.6,6.8,-3.202,1,5,0.0888,0.0944,0.0907,0.0925
30.057,1,0.922,-0.5,-0.12,5,77.7,19.97,0.09,0.001,0.09,-0.001,0.015,1.874,-1.303,-86.97,11.69,1,-0.92,1,0.65,12.6,6.8,-3.202,1,5,0.0888,0.0888,0.0888,0.0925
30.093,1,0.919,-0.5,-0.12,5,77.6,19.97,0.09,0.006,0.09,-0.002,0.005,1.874,-1.307,-86.92,11.69,1,-0.92,1,0.674,13.09,7.33,-1.553,1,5,0.0883,0.0883,0.0883,0.0957
30.124,1,0.918,-0.5,0.14,5,77.4,20.0,0.09,0.0062,0.088,-0.001,0.046,1.874,-1.31,-86.86,11.69,1,-0.92,1,0.678,13.09,7.34,-1.562,1,5,0.0883,0.0865,0.0865,0.092
30.157,1,0.915,-0.25,0.31,5,77.5,20.44,0.09,0.0018,0.088,-0.0,0.02,1.874,-1.312,-86.86,11.69,1,-0.92,1,0.678,13.09,7.34,-1.562,1,5,0.0863,0.0845,0.09,0.09
30.225,1,0.912,0.0,0.28,5,77.4,20.04,0.09,-0.0037,0.09,-0.001,0.023,1.875,-1.319,-86.75,11.69,1,-1.41,1,0.677,13.57,8.01,-4.548,1,5,0.0883,0.0902,0.0883,0.0938
30.258,1,0.907,0.25,0.33,5,77.2,20.46,0.09,-0.0063,0.091,0.0,0.029,1.875,-1.321,-86.69,11.69,1,-1.41,1,0.677,13.57,8.01,-4.548,1,5,0.0901,0.0957,0.0865,0.0901
30.292,1,0.902,0.25,0.11,5,77.2,20.56,0.09,-0.0098,0.09,0.001,-0.021,1.875,-1.325,-86.75,11.69,1,-1.41,1,0.68,14.06,8.56,-1.528,1,5,0.0913,0.0949,0.0876,0.0858
30.322,1,0.899,0.25,-0.08,5,77.1,20.46,0.09,-0.0054,0.088,0.001,-0.03,1.875,-1.328,-86.8,11.69,1,-1.41,1,0.68,14.06,8.56,-1.527,1,5,0.0899,0.0899,0.0881,0.0844
30.356,1,0.901,0.25,0.12,5,77.2,20.04,0.09,-0.0017,0.087,0.0,-0.033,1.875,-1.33,-86.86,11.69,1,-1.41,1,0.686,13.57,9.02,-2.567,1,5,0.09,0.0881,0.0863,0.0845
30.393,1,0.905,0.25,0.33,5,77.1,20.46,0.09,-0.005,0.087,-0.002,0.009,1.875,-1.333,-86.86,11.69,1,-1.41,1,0.687,13.57,8.04,-4.555,1,5,0.0925,0.0851,0.0851,0.087
30.426,1,0.907,0.25,0.33,5,77.3,20.46,0.09,-0.0084,0.088,-0.001,0.031,1.875,-1.335,-86.8,11.69,1,-0.38,1,0.687,13.57,8.02,-4.557,1,5,0.0906,0.0869,0.0869,0.0888
30.457,1,0.899,0.5,-0.28,5,77.3,20.04,0.09,-0.0083,0.088,-0.0,0.035,1.876,-1.337,-86.8,11.69,1,-0.38,1,0.693,13.09,8.43,-5.474,1,5,0.0888,0.087,0.0888,0.0888
30.526,1,0.911,0.75,0.62,5,78.0,20.44,0.09,-0.0001,0.092,-0.001,0.005,1.876,-1.344,-86.69,11.69,1,-0.38,1,0.688,14.54,9.08,-3.096,1,5,0.0923,0.0959,0.0849,0.0941
30.556,1,0.922,0.75,0.73,5,77.9,20.2,0.09,-0.0188,0.092,0.0,0.021,1.876,-1.346,-86.63,11.69,1,-0.38,1,0.689,14.54,9.02,-4.468,1,5,0.0922,0.0977,0.0867,0.0922
30.594,1,0.914,0.75,0.6,5,78.0,20.44,0.09,-0.0204,0.092,0.003,0.008,1.876,-1.35,-86.69,11.69,1,-0.38,1,0.69,14.54,9.0,-4.465,1,5,0.0886,0.0997,0.0905,0.0886
30.623,1,0.901,0.75,0.09,5,78.0,20.46,0.09,-0.0177,0.089,0.001,-0.041,1.876,-1.353,-86.75,11.69,1,0.24,1,0.686,14.54,9.02,-4.471,1,5,0.0868,0.0887,0.0905,0.0887
30.657,1,0.901,0.75,-0.04,5,77.9,20.46,0.09,-0.0088,0.087,-0.001,-0.02,1.876,-1.355,-86.8,11.69,1,0.24,1,0.686,14.54,9.02,-4.471,1,5,0.0888,0.0851,0.0869,0.0888
30.691,1,0.906,0.75,-0.1,5,77.9,20.56,0.09,-0.0064,0.082,-0.0,-0.04,1.877,-1.358,-86.86,11.69,1,0.24,1,0.687,14.06,9.94,-0.351,1,5,0.0847,0.0792,0.0847,0.0811
30.723,1,0.905,0.75,-0.25,5,77.6,20.56,0.09,-0.0051,0.084,0.0,-0.005,1.877,-1.361,-86.92,11.69,1,0.24,1,0.69,14.06,8.53,-1.56,1,5,0.0867,0.0813,0.0867,0.0813
30.758,1,0.9,0.75,-0.24,5,77.5,20.56,0.09,-0.0025,0.085,0.0,0.014,1.877,-1.363,-86.92,11.69,1,0.24,1,0.69,14.06,8.53,-1.56,1,5,0.0881,0.0827,0.0881,0.0809
30.791,1,0.898,0.75,-0.18,5,77.4,20.46,0.09,-0.0027,0.086,-0.0,0.009,1.877,-1.366,-86.86,11.69,1,0.24,1,0.682,14.06,8.54,-0.055,1,5,0.0865,0.0793,0.0919,0.0865
30.824,1,0.901,1.0,-0.29,5,77.6,20.04,0.09,-0.0037,0.089,-0.001,0.001,1.877,-1.37,-86.86,11.68,1,-0.22,1,0.678,14.54,8.1,1.136,1,5,0.0882,0.0827,0.0937,0.0919
30.857,1,0.905,1.0,-0.25,5,77.4,20.04,0.09,-0.0048,0.089,-0.0,-0.007,1.877,-1.372,-86.86,11.68,1,-0.22,1,0.678,14.54,8.1,1.136,1,5,0.0886,0.0849,0.0923,0.0904
30.89,1,0.906,0.75,0.1,5,77.0,20.46,0.09,-0.0052,0.092,0.0,0.003,1.878,-1.376,-86.86,11.68,1,-0.22,1,0.686,14.06,8.55,-1.573,1,5,0.0923,0.0923,0.0923,0.0923
30.924,1,0.907,0.75,0.4,5,76.7,20.04,0.09,-0.0082,0.091,-0.0,-0.039,1.878,-1.379,-86.92,11.68,1,-0.22,1,0.686,14.06,8.55,-1.573,1,5,0.0924,0.0887,0.0924,0.0906
30.957,1,0.908,0.75,0.57,5,76.9,20.46,0.09,-0.0134,0.091,-0.0,-0.037,1.878,-1.381,-86.97,11.68,1,-0.22,1,0.686,14.06,8.55,-1.573,1,5,0.0924,0.0887,0.0924,0.0906
30.992,1,0.9,0.75,0.42,5,77.4,20.46,0.09,-0.0165,0.087,0.0,-0.017,1.878,-1.384,-87.03,11.68,1,-0.22,1,0.68,13.57,7.63,0.763,1,5,0.0887,0.085,0.0887,0.085
31.023,1,0.905,0.75,0.43,5,77.4,20.46,0.09,-0.014,0.086,0.0,0.012,1.878,-1.388,-87.03,11.68,1,2.28,1,0.672,11.63,3.87,-2.295,1,5,0.0887,0.0868,0.0868,0.0832
31.057,1,0.911,0.75,0.46,5,77.4,20.46,0.09,-0.0141,0.086,0.0,0.019,1.878,-1.39,-87.03,11.68,1,2.28,1,0.672,11.63,3.87,-2.295,1,5,0.0868,0.085,0.0887,0.085
31.091,1,0.909,1.0,0.13,5,77.6,20.04,0.09,-0.0147,0.089,0.0,0.008,1.879,-1.393,-87.03,11.68,1,2.28,1,0.675,11.63,2.49,-0.327,1,5,0.087,0.0851,0.0925,0.0907
31.124,1,0.899,1.25,0.3,5,77.4,20.44,0.09,-0.0118,0.088,0.0,0.0,1.879,-1.397,-86.97,11.68,1,2.28,1,0.671,12.12,2.01,0.933,1,5,0.0851,0.0833,0.0944,0.0907
31.159,1,0.9,1.25,0.31,5,78.0,20.46,0.09,-0.0179,0.088,0.0,0.009,1.879,-1.398,-86.97,11.68,1,2.28,1,0.671,12.12,2.01,0.933,1,5,0.0851,0.0851,0.0925,0.0907
31.191,1,0.911,1.25,0.28,5,77.8,20.2,0.09,-0.0176,0.09,0.001,-0.025,1.879,-1.402,-87.03,11.68,1,2.28,1,0.673,12.12,1.63,0.069,1,5,0.0905,0.0924,0.0905,0.0868
31.222,1,0.908,1.25,0.05,5,77.7,20.46,0.09,-0.0168,0.09,0.002,-0.049,1.879,-1.406,-87.09,11.68,1,3.17,1,0.678,12.12,1.65,0.06,1,5,0.0905,0.0924,0.0905,0.085
31.255,1,0.908,1.25,-0.07,5,77.6,20.46,0.09,-0.0126,0.089,0.0,-0.054,1.879,-1.407,-87.15,11.68,1,3.17,1,0.678,12.12,1.65,0.06,1,5,0.0924,0.0887,0.0905,0.085
31.289,1,0.914,1.25,-0.34,5,77.8,20.04,0.09,-0.0103,0.086,0.001,-0.052,1.88,-1.411,-87.26,11.68,1,3.17,1,0.678,12.12,1.65,0.06,1,5,0.088,0.0844,0.0899,0.0825
31.323,1,0.92,1.25,-0.35,5,78.0,20.46,0.09,-0.0054,0.089,0.001,-0.0,1.88,-1.415,-87.26,11.68,1,3.17,1,0.689,7.27,-7.89,-5.13,1,5,0.0909,0.0873,0.0927,0.0836
31.357,1,0.922,1.0,-0.15,5,78.5,20.2,0.09,-0.0052,0.09,0.002,0.016,1.88,-1.417,-87.26,11.68,1,3.17,1,0.689,7.27,-7.89,-5.13,1,5,0.0909,0.0909,0.0945,0.0854
31.392,1,0.913,1.25,-0.51,5,78.9,20.46,0.09,-0.0057,0.096,0.0,0.001,1.88,-1.421,-87.26,11.68,1,3.17,1,0.699,7.27,-7.91,-5.115,1,5,0.0972,0.0917,0.1009,0.0935
31.423,1,0.904,1.75,-0.5,5,79.2,20.57,0.09,-0.0027,0.096,-0.002,0.011,1.88,-1.424,-87.15,11.68,1,2.86,1,0.696,7.27,-7.85,0.0,0,5,0.0972,0.0899,0.0991,0.0991
31.457,1,0.9,1.75,0.06,5,79.5,20.57,0.09,-0.009,0.096,-0.001,0.036,1.88,-1.426,-87.15,11.68,1,2.86,1,0.696,7.27,-7.85,0.0,0,5,0.0952,0.0916,0.0989,0.0989
31.491,1,0.906,1.75,0.18,5,79.6,20.57,0.09,-0.018,0.096,0.001,-0.001,1.881,-1.43,-87.09,11.68,1,2.86,1,0.694,8.24,-7.14,-4.202,1,5,0.0933,0.0988,0.0951,0.097
31.523,1,0.914,2.0,0.2,5,79.4,20.56,0.09,-0.0196,0.095,0.002,-0.018,1.881,-1.434,-87.09,11.68,1,2.86,1,0.698,8.24,-6.65,0.0,0,5,0.0886,0.1016,0.0923,0.096
31.556,1,0.911,1.75,0.3,5,79.5,20.46,0.09,-0.0231,0.093,0.001,-0.062,1.881,-1.436,-87.15,11.68,1,2.86,1,0.698,8.24,-6.65,0.0,0,5,0.0888,0.0981,0.0888,0.0944
31.591,1,0.906,1.75,0.01,5,79.5,20.46,0.09,-0.0213,0.087,0.001,-0.005,1.881,-1.439,-87.26,11.68,1,2.86,1,0.698,8.24,-6.65,0.0,0,5,0.0833,0.0889,0.0889,0.0889
31.624,1,0.902,2.0,0.16,5,79.5,20.57,0.09,-0.0161,0.088,0.003,0.007,1.882,-1.443,-87.2,11.68,1,1.71,1,0.698,8.24,-6.65,0.0,0,5,0.087,0.0888,0.0925,0.0833
31.659,1,0.905,2.0,0.17,5,79.3,20.57,0.09,-0.0218,0.09,0.003,-0.008,1.882,-1.445,-87.2,11.68,1,1.71,1,0.698,8.24,-6.65,0.0,0,5,0.0888,0.0907,0.0962,0.0851
31.69,1,0.902,2.0,-0.52,5,79.4,20.96,0.09,-0.0216,0.093,0.001,-0.018,1.882,-1.448,-87.26,11.68,1,1.71,1,0.715,8.24,-8.16,-6.444,1,5,0.0944,0.0907,0.0981,0.0907
31.723,1,0.896,2.0,-0.63,5,79.4,20.96,0.09,-0.0093,0.094,-0.002,-0.025,1.882,-1.452,-87.32,11.68,1,1.71,1,0.677,11.15,-4.84,-5.519,1,5,0.0953,0.0863,0.0989,0.0971
31.756,1,0.894,2.0,-0.51,5,79.2,20.57,0.09,-0.0072,0.094,-0.001,-0.002,1.882,-1.454,-87.32,11.68,1,1.71,1,0.677,11.15,-4.84,-5.519,1,5,0.0949,0.0877,0.0984,0.0966
31.79,1,0.903,2.0,0.2,5,78.9,20.56,0.09,-0.0093,0.095,0.001,0.003,1.883,-1.457,-87.26,11.68,1,1.71,1,0.69,13.57,2.97,-3.431,1,5,0.0947,0.0965,0.0965,0.0929
31.822,1,0.9,2.0,0.15,5,78.7,20.57,0.09,-0.0217,0.093,0.002,-0.024,1.883,-1.461,-87.32,11.67,1,-1.23,1,0.69,13.57,2.97,-3.431,1,5,0.0929,0.0965,0.0929,0.0894
31.856,1,0.894,2.0,-0.37,5,78.5,20.96,0.09,-0.0207,0.092,0.0,-0.073,1.883,-1.463,-87.38,11.67,1,-1.23,1,0.69,13.57,2.97,-3.431,1,5,0.0941,0.096,0.0886,0.0886
31.893,1,0.894,2.25,-0.31,5,78.4,20.46,0.09,-0.0116,0.09,0.0,0.019,1.883,-1.466,-87.43,11.67,1,-1.23,1,0.685,15.51,8.23,-2.541,1,5,0.0905,0.0887,0.0905,0.0887
31.923,1,0.895,2.25,-0.19,5,78.3,20.46,0.09,-0.0156,0.091,0.001,-0.011,1.883,-1.47,-87.43,11.67,1,-1.23,1,0.69,15.51,7.85,-3.177,1,5,0.0923,0.0886,0.096,0.0868
31.955,1,0.895,2.0,-0.62,5,78.5,20.57,0.09,-0.0175,0.092,0.003,-0.035,1.883,-1.472,-87.49,11.67,1,-1.23,1,0.69,15.51,7.85,-3.177,1,5,0.0923,0.0905,0.0997,0.0849
31.989,1,0.897,1.75,-0.39,5,78.4,20.46,0.09,-0.0068,0.096,0.001,-0.036,1.883,-1.476,-87.55,11.67,1,-1.23,1,0.69,15.51,7.85,-3.177,1,5,0.0978,0.0886,0.1052,0.0923
32.056,1,0.886,2.0,-0.65,5,78.3,20.57,0.09,-0.0082,0.098,0.001,-0.006,1.884,-1.482,-87.61,11.67,1,-2.0,1,0.687,15.03,6.16,-3.721,1,5,0.0998,0.0924,0.1054,0.0924
32.089,1,0.891,2.0,-0.64,5,78.2,20.57,0.09,-0.007,0.095,0.005,0.009,1.884,-1.485,-87.61,11.67,1,-2.0,1,0.68,13.57,6.61,-6.386,1,5,0.0962,0.0999,0.0999,0.0851
32.124,1,0.892,2.0,-0.62,5,78.2,20.57,0.09,-0.0071,0.092,0.006,-0.074,1.885,-1.489,-87.66,11.67,1,-2.0,1,0.68,13.57,6.61,-6.386,1,5,0.0888,0.0999,0.0962,0.0814
32.156,1,0.886,2.0,-0.63,5,78.3,20.57,0.09,-0.0073,0.09,0.003,-0.093,1.885,-1.491,-87.78,11.67,1,-2.0,1,0.68,13.57,6.61,-6.386,1,5,0.0887,0.0924,0.0943,0.0851
32.188,1,0.878,2.0,-0.64,5,78.2,20.57,0.09,-0.0072,0.087,0.003,-0.047,1.885,-1.494,-87.89,11.67,1,-2.0,1,0.692,12.6,8.27,-6.832,1,5,0.0887,0.0887,0.0924,0.0795
32.223,1,0.877,1.75,-0.87,5,78.2,20.46,0.09,-0.0068,0.089,0.002,-0.015,1.885,-1.498,-87.95,11.66,1,-2.41,1,0.692,12.6,8.27,-6.832,1,5,0.0923,0.0849,0.0978,0.0812
32.255,1,0.888,1.5,-0.69,5,78.2,20.56,0.09,0.0003,0.091,0.004,-0.018,1.885,-1.5,-87.95,11.66,1,-2.41,1,0.692,12.6,8.27,-6.832,1,5,0.0933,0.086,0.1025,0.0805
32.293,1,0.883,1.5,-0.63,5,78.3,20.56,0.09,-0.0002,0.093,0.001,-0.016,1.885,-1.504,-88.06,11.66,1,-2.41,1,0.671,13.57,8.24,0.0,0,5,0.097,0.0824,0.1062,0.0879
32.322,1,0.885,1.25,-0.92,5,78.2,20.46,0.09,-0.0017,0.094,0.001,-0.001,1.886,-1.507,-88.06,11.66,1,-2.41,1,0.687,15.03,12.94,-5.051,1,5,0.0965,0.0874,0.102,0.0892
32.357,1,0.888,1.25,-1.03,5,78.4,20.56,0.09,0.0063,0.093,0.002,-0.013,1.886,-1.509,-88.06,11.66,1,-2.41,1,0.687,15.03,12.94,-5.051,1,5,0.0937,0.0918,0.0973,0.0882
32.388,1,0.89,1.25,-1.25,5,78.3,20.56,0.09,0.0078,0.092,0.003,0.013,1.886,-1.513,-88.06,11.66,1,-2.41,1,0.685,17.45,9.86,2.382,1,5,0.0901,0.0992,0.0919,0.0882
32.423,1,0.89,1.0,-1.01,5,78.2,20.57,0.09,0.0111,0.088,0.003,-0.026,1.886,-1.516,-88.06,11.66,1,-3.44,1,0.685,17.45,9.86,2.382,1,5,0.0869,0.0962,0.0851,0.0832
32.456,1,0.889,1.0,-1.13,5,78.1,20.96,0.09,0.0101,0.085,0.003,-0.077,1.886,-1.518,-88.18,11.66,1,-3.44,1,0.685,17.45,9.86,2.382,1,5,0.0852,0.0944,0.0815,0.0796
32.488,1,0.886,1.0,-1.79,5,78.2,20.96,0.09,0.0117,0.081,0.0,-0.048,1.886,-1.521,-88.29,11.66,1,-3.44,1,0.698,16.48,11.82,-1.069,1,5,0.0851,0.0833,0.0796,0.0759
32.524,1,0.887,0.75,-1.59,5,78.1,20.57,0.09,0.0228,0.083,0.001,-0.003,1.887,-1.525,-88.35,11.66,1,-3.44,1,0.698,16.48,11.82,-1.069,1,5,0.0848,0.0812,0.0867,0.0775
32.556,1,0.892,0.75,-1.42,5,78.2,20.57,0.09,0.0224,0.085,0.0,-0.015,1.887,-1.526,-88.35,11.66,1,-3.44,1,0.698,16.48,11.82,-1.069,1,5,0.0866,0.0793,0.0922,0.083
32.587,1,0.894,0.75,-1.21,5,78.1,20.46,0.09,0.0189,0.086,0.001,0.017,1.887,-1.53,-88.35,11.66,1,-3.44,1,0.71,16.48,9.42,-1.081,1,5,0.0848,0.0812,0.0941,0.0848
32.621,1,0.888,1.0,-1.66,5,78.0,20.96,0.09,0.0151,0.087,0.0,0.009,1.887,-1.532,-88.35,11.66,1,-1.89,1,0.71,16.48,9.42,-1.081,1,5,0.087,0.0814,0.0944,0.087
32.656,1,0.884,1.0,-1.48,5,77.9,20.96,0.09,0.0196,0.087,0.0,0.009,1.887,-1.535,-88.29,11.66,1,-1.89,1,0.71,16.48,9.42,-1.081,1,5,0.0829,0.0865,0.0884,0.0921
32.688,1,0.887,1.0,-1.19,5,78.1,20.96,0.09,0.0166,0.09,0.002,-0.003,1.887,-1.539,-88.29,11.66,1,-1.89,1,0.708,16.48,11.14,-2.254,1,5,0.0828,0.0957,0.0883,0.092
32.722,1,0.892,1.25,-1.2,5,78.0,20.57,0.09,0.0116,0.089,0.003,0.023,1.887,-1.542,-88.24,11.66,1,-1.89,1,0.708,16.48,11.14,-2.254,1,5,0.084,0.0983,0.0858,0.0876
32.757,1,0.894,1.25,-1.08,5,78.1,20.46,0.09,0.0086,0.088,0.005,0.025,1.888,-1.543,-88.24,11.66,1,-1.89,1,0.708,16.48,11.14,-2.254,1,5,0.0841,0.0984,0.0877,0.0823
32.789,1,0.897,1.25,-1.07,5,78.2,20.46,0.09,0.007,0.086,0.004,-0.031,1.888,-1.547,-88.24,11.66,1,-1.89,1,0.689,15.03,10.76,0.494,1,5,0.0858,0.0929,0.0858,0.0786
32.826,1,0.896,1.25,-1.09,5,78.2,20.46,0.09,0.007,0.085,0.003,0.006,1.888,-1.55,-88.35,11.65,1,0.2,1,0.689,15.03,10.76,0.494,1,5,0.0845,0.0863,0.09,0.0808
32.856,1,0.898,1.25,-1.09,5,78.2,20.46,0.09,0.0075,0.086,0.003,-0.008,1.888,-1.552,-88.35,11.65,1,0.2,1,0.704,13.09,2.86,-4.347,1,5,0.0848,0.0848,0.0922,0.0811
32.889,1,0.896,1.0,-1.41,5,78.6,20.57,0.09,0.0076,0.088,0.002,0.001,1.888,-1.556,-88.35,11.65,1,0.2,1,0.704,13.09,2.78,-2.71,1,5,0.0849,0.0831,0.0978,0.0868
32.923,1,0.898,1.25,-1.36,5,78.9,20.46,0.09,0.0162,0.088,0.002,0.002,1.888,-1.559,-88.41,11.65,1,0.2,1,0.704,13.09,2.78,-2.71,1,5,0.0869,0.0813,0.098,0.085
32.956,1,0.906,1.25,-1.16,5,78.8,20.46,0.09,0.0121,0.089,0.001,-0.007,1.889,-1.561,-88.41,11.65,1,0.2,1,0.704,13.09,2.78,-2.71,1,5,0.0869,0.0832,0.098,0.0887
32.993,1,0.909,1.5,-1.49,5,78.7,20.56,0.09,0.0088,0.09,0.004,0.005,1.889,-1.565,-88.41,11.65,1,0.2,1,0.698,13.09,2.82,-4.351,1,5,0.0869,0.0943,0.0925,0.0851
33.026,1,0.892,1.75,-1.63,5,78.5,20.57,0.09,0.0116,0.09,0.004,0.003,1.889,-1.568,-88.35,11.65,1,0.85,1,0.697,13.09,2.46,-5.049,1,5,0.087,0.1018,0.087,0.0852
33.056,1,0.885,1.75,-1.26,5,78.5,20.46,0.09,0.0111,0.089,0.004,0.024,1.889,-1.57,-88.35,11.65,1,0.85,1,0.701,13.09,3.44,-2.921,1,5,0.0889,0.1037,0.0833,0.0815
33.088,1,0.893,1.75,-1.24,5,78.5,20.46,0.09,0.0052,0.087,0.002,0.014,1.889,-1.573,-88.29,11.65,1,0.85,1,0.702,13.57,2.99,-1.845,1,5,0.087,0.0962,0.0833,0.0833
33.126,1,0.905,1.75,-1.23,5,78.5,20.46,0.09,0.0054,0.088,0.005,0.012,1.89,-1.577,-88.29,11.65,1,0.85,1,0.702,13.57,2.99,-1.845,1,5,0.0814,0.0925,0.0925,0.0851
33.157,1,0.91,1.75,-1.22,5,78.8,20.46,0.09,0.0053,0.087,0.004,-0.021,1.89,-1.579,-88.29,11.65,1,0.85,1,0.707,13.57,3.0,-3.421,1,5,0.0795,0.0887,0.0943,0.0869
33.189,1,0.899,1.5,-1.0,5,78.5,20.57,0.09,0.0052,0.088,0.003,-0.011,1.89,-1.582,-88.29,11.65,1,0.85,1,0.71,13.57,3.0,-1.898,1,5,0.0832,0.0869,0.0961,0.0869
33.224,1,0.889,1.5,-1.32,5,78.7,20.96,0.09,0.0045,0.091,-0.001,-0.013,1.89,-1.586,-88.35,11.65,1,0.45,1,0.709,13.57,3.0,-1.891,1,5,0.0942,0.0868,0.0942,0.0905
33.255,1,0.896,1.25,-0.97,5,79.0,20.46,0.09,0.0099,0.094,-0.002,-0.011,1.89,-1.588,-88.35,11.65,1,0.45,1,0.706,13.09,3.46,-2.97,1,5,0.098,0.0906,0.0943,0.0943
33.289,1,0.901,1.25,-1.33,5,79.4,20.46,0.09,0.0066,0.097,-0.0,-0.011,1.89,-1.592,-88.41,11.65,1,0.45,1,0.702,13.09,2.89,-4.379,1,5,0.0998,0.098,0.0943,0.0943
33.324,1,0.903,1.25,-1.05,5,79.0,20.46,0.09,0.0128,0.096,0.001,-0.001,1.89,-1.594,-88.41,11.65,1,0.45,1,0.702,13.09,2.89,-4.379,1,5,0.0962,0.1017,0.0925,0.0925
33.355,1,0.892,1.5,-1.35,5,78.5,20.2,0.09,0.0076,0.092,0.002,0.03,1.89,-1.597,-88.35,11.65,1,0.45,1,0.711,13.09,1.85,-6.461,1,5,0.0898,0.1026,0.0861,0.0898
33.389,1,0.884,1.5,-0.97,5,78.2,20.44,0.09,0.0098,0.089,0.003,0.035,1.891,-1.601,-88.24,11.65,1,0.45,1,0.713,13.57,3.0,-3.422,1,5,0.0825,0.099,0.0843,0.0898
33.421,1,0.886,1.75,-1.27,5,78.1,20.46,0.09,0.0032,0.089,0.003,-0.029,1.891,-1.605,-88.29,11.65,1,-0.22,1,0.713,13.57,3.0,-3.422,1,5,0.08,0.0964,0.0873,0.0909
33.457,1,0.885,1.75,-1.3,5,77.9,20.46,0.09,0.0054,0.089,0.003,-0.01,1.891,-1.606,-88.29,11.65,1,-0.22,1,0.713,13.57,3.0,-3.422,1,5,0.0808,0.0881,0.0955,0.09
33.488,1,0.88,1.5,-1.66,5,77.6,20.96,0.09,0.0063,0.089,0.002,-0.037,1.891,-1.61,-88.35,11.65,1,-0.22,1,0.718,13.57,3.0,-3.445,1,5,0.0855,0.0837,0.0983,0.0873
33.523,1,0.888,1.25,-1.15,5,77.7,20.44,0.09,0.0157,0.091,-0.0,-0.015,1.891,-1.614,-88.41,11.65,1,-0.22,1,0.718,13.57,3.0,-3.445,1,5,0.0954,0.0844,0.0972,0.088
33.555,1,0.893,1.25,-1.08,5,78.1,20.46,0.09,0.0099,0.092,-0.001,-0.022,1.891,-1.616,-88.41,11.65,1,-0.22,1,0.712,13.09,3.21,-3.611,1,5,0.0952,0.086,0.0952,0.0897
33.59,1,0.892,1.25,-1.38,5,77.8,20.46,0.09,0.0084,0.096,-0.0,-0.016,1.892,-1.62,-88.41,11.65,1,-0.22,1,0.719,12.6,1.86,-5.115,1,5,0.096,0.0923,0.0978,0.096
33.621,1,0.882,1.25,-1.74,5,78.2,20.46,0.09,0.0134,0.095,0.002,0.018,1.892,-1.623,-88.41,11.65,1,-1.6,1,0.718,12.6,1.87,-5.124,1,5,0.0959,0.0959,0.0978,0.0941
33.655,1,0.894,1.25,-1.35,5,78.2,20.46,0.09,0.0194,0.094,0.003,0.055,1.892,-1.625,-88.35,11.65,1,-1.6,1,0.72,12.6,1.86,-3.519,1,5,0.0924,0.0998,0.0943,0.0906
33.689,1,0.89,1.25,-1.34,5,78.6,20.46,0.09,0.0126,0.09,0.004,0.011,1.892,-1.629,-88.24,11.65,1,-1.6,1,0.713,12.6,3.34,-3.904,1,5,0.087,0.0981,0.0889,0.0852
33.721,1,0.889,1.25,-1.06,5,78.6,20.46,0.09,0.0124,0.088,0.002,-0.011,1.892,-1.632,-88.24,11.65,1,-1.6,1,0.713,12.6,3.34,-3.904,1,5,0.0826,0.0952,0.0862,0.0898
33.756,1,0.887,1.25,-1.29,5,77.9,20.56,0.09,0.0074,0.089,0.002,0.017,1.892,-1.633,-88.24,11.65,1,-1.6,1,0.719,13.09,3.11,-2.155,1,5,0.0823,0.0948,0.0859,0.0912
33.789,1,0.891,1.25,-1.18,5,77.8,20.57,0.09,0.0113,0.089,-0.0,-0.003,1.892,-1.637,-88.24,11.65,1,-1.6,1,0.719,13.09,3.09,-2.153,1,5,0.0858,0.0893,0.0875,0.0929
33.822,1,0.89,1.25,-1.07,5,78.2,20.46,0.09,0.0095,0.092,0.0,-0.03,1.892,-1.641,-88.24,11.65,1,-2.36,1,0.719,13.09,3.09,-2.153,1,5,0.0919,0.09,0.0937,0.0919
33.857,1,0.893,0.75,-1.18,5,78.3,20.46,0.09,0.0076,0.094,-0.001,-0.035,1.892,-1.643,-88.29,11.65,1,-2.36,1,0.718,12.6,4.33,-3.313,1,5,0.0977,0.0904,0.0959,0.0922
33.887,1,0.893,0.75,-1.21,5,78.7,20.46,0.09,0.0152,0.098,0.001,-0.019,1.893,-1.647,-88.35,11.65,1,-2.36,1,0.713,12.6,2.82,-1.382,1,5,0.0996,0.0978,0.0996,0.0941
33.926,1,0.896,0.75,-1.08,5,78.7,20.57,0.09,0.0153,0.096,0.004,0.031,1.893,-1.65,-88.35,11.65,1,-2.36,1,0.713,12.6,2.82,-1.382,1,5,0.0961,0.1017,0.098,0.0887
33.958,1,0.904,0.75,-1.05,5,78.6,20.46,0.09,0.0129,0.095,0.005,0.077,1.893,-1.652,-88.24,11.65,1,-2.36,1,0.715,12.6,2.85,-2.98,1,5,0.0907,0.1036,0.0962,0.0888
33.988,1,0.913,0.75,-0.77,5,78.3,20.46,0.09,0.012,0.091,0.004,-0.004,1.893,-1.656,-88.18,11.65,1,-2.36,1,0.722,13.09,3.88,-2.27,1,5,0.0851,0.0981,0.0907,0.0888
34.025,1,0.909,0.75,-0.77,5,78.3,20.46,0.09,0.007,0.089,0.001,-0.014,1.893,-1.659,-88.24,11.65,1,-2.36,1,0.724,13.09,3.88,-2.285,1,5,0.0814,0.0907,0.0888,0.0944
34.055,1,0.902,0.75,-0.78,5,79.6,20.46,0.09,0.0069,0.089,-0.0,0.013,1.893,-1.661,-88.24,11.65,1,-2.36,1,0.725,13.09,3.89,-2.295,1,5,0.0833,0.0888,0.0888,0.0962
34.09,1,0.91,0.75,-1.04,5,80.0,20.46,0.09,0.0071,0.089,-0.002,-0.011,1.893,-1.665,-88.24,11.65,1,-2.36,1,0.715,12.6,3.91,-1.11,1,5,0.087,0.0833,0.0907,0.0962
34.121,1,0.925,0.75,-1.18,5,79.4,20.46,0.09,0.0115,0.092,-0.004,-0.022,1.893,-1.669,-88.24,11.65,1,-2.36,1,0.712,12.6,3.89,0.259,1,5,0.0906,0.0832,0.0925,0.0962
34.189,1,0.916,0.5,-1.22,5,79.8,20.57,0.09,0.014,0.094,-0.001,-0.01,1.894,-1.674,-88.29,11.65,1,-2.36,1,0.703,12.6,2.82,0.052,1,5,0.098,0.0906,0.0943,0.0925
34.222,1,0.913,0.5,-1.24,5,79.7,20.57,0.09,0.0177,0.092,0.001,0.024,1.894,-1.678,-88.29,11.64,1,-2.36,1,0.703,12.6,2.82,0.052,1,5,0.0925,0.0962,0.0907,0.0888
34.253,1,0.921,0.75,-1.06,5,79.7,20.46,0.09,0.0177,0.09,0.002,0.074,1.894,-1.68,-88.18,11.64,1,-2.36,1,0.7,12.6,2.84,0.04,1,5,0.087,0.0963,0.087,0.0889
34.287,1,0.927,0.75,-1.17,5,79.4,20.46,0.09,0.0115,0.086,0.003,-0.002,1.894,-1.683,-88.12,11.64,1,-2.36,1,0.7,12.6,2.84,0.04,1,5,0.0814,0.0943,0.0832,0.0851
34.326,1,0.932,0.75,-1.05,5,79.1,20.46,0.09,0.0134,0.084,0.0,-0.032,1.894,-1.686,-88.12,11.64,1,-2.36,1,0.7,12.6,2.84,0.04,1,5,0.0777,0.087,0.0814,0.0888
34.355,1,0.927,0.75,-1.06,5,78.7,20.46,0.09,0.0115,0.083,-0.0,-0.002,1.894,-1.688,-88.18,11.64,1,-2.36,1,0.705,12.6,4.7,0.291,1,5,0.0776,0.0832,0.0832,0.0887
34.388,1,0.921,0.75,-1.06,5,78.9,20.46,0.09,0.0116,0.084,-0.0,-0.024,1.894,-1.691,-88.12,11.64,1,-2.36,1,0.705,12.6,4.39,-0.598,1,5,0.0795,0.0814,0.0851,0.0887
34.421,1,0.927,0.75,-1.06,5,79.3,20.46,0.09,0.0116,0.086,0.0,0.012,1.894,-1.693,-88.12,11.64,1,-1.06,1,0.705,12.6,4.39,-0.598,1,5,0.0825,0.0843,0.0879,0.0879
34.458,1,0.937,0.5,-0.83,5,79.4,20.96,0.09,0.0116,0.09,-0.001,-0.0,1.894,-1.697,-88.12,11.64,1,-1.06,1,0.708,12.6,4.38,-0.529,1,5,0.0898,0.0898,0.0879,0.0916
34.485,1,0.933,0.5,-0.83,5,79.6,20.57,0.09,0.0107,0.092,-0.001,0.012,1.894,-1.701,-88.12,11.64,1,-1.06,1,0.706,12.6,4.38,-0.491,1,5,0.0916,0.0934,0.0879,0.0952
34.519,1,0.926,0.5,-0.83,5,79.4,20.57,0.09,0.0106,0.091,-0.002,-0.007,1.894,-1.702,-88.12,11.64,1,-1.06,1,0.703,12.6,4.7,0.404,1,5,0.0906,0.0924,0.085,0.0961
34.555,1,0.931,0.5,-0.83,5,79.5,20.57,0.09,0.0104,0.089,-0.001,0.041,1.895,-1.706,-88.06,11.64,1,-1.06,1,0.703,12.6,4.71,0.394,1,5,0.0907,0.0944,0.0814,0.0888
34.586,1,0.935,0.75,-0.9,5,79.2,21.02,0.09,0.0102,0.089,-0.0,0.035,1.895,-1.71,-87.95,11.64,1,-1.06,1,0.688,12.6,6.19,5.35,1,5,0.0885,0.0959,0.0811,0.0904
34.624,1,0.934,0.75,-0.89,5,79.2,20.81,0.09,0.0083,0.089,-0.0,-0.006,1.895,-1.713,-87.95,11.64,1,0.37,1,0.688,12.6,6.19,5.35,1,5,0.0841,0.0914,0.0859,0.0932
34.656,1,0.927,0.75,-0.89,5,79.0,20.81,0.09,0.0084,0.089,-0.001,0.01,1.895,-1.715,-87.95,11.64,1,0.37,1,0.692,13.09,5.71,5.04,1,5,0.082,0.0892,0.0874,0.0983
34.685,1,0.931,0.75,-0.61,5,79.4,20.46,0.09,0.0086,0.088,-0.002,-0.0,1.895,-1.718,-87.89,11.64,1,0.37,1,0.692,12.6,7.01,6.018,1,5,0.0842,0.086,0.086,0.0951
34.721,1,0.927,0.75,-0.9,5,80.3,21.02,0.09,0.0037,0.09,-0.003,0.005,1.895,-1.722,-87.89,11.64,1,0.37,1,0.692,12.6,7.01,6.018,1,5,0.0921,0.0885,0.0866,0.094
34.755,1,0.92,0.75,-0.89,5,80.3,21.02,0.09,0.0088,0.091,-0.003,0.006,1.895,-1.724,-87.89,11.64,1,0.37,1,0.692,12.6,7.01,6.018,1,5,0.0961,0.0887,0.0869,0.0924
34.788,1,0.921,0.75,-0.62,5,79.9,21.02,0.09,0.0088,0.094,-0.002,0.017,1.895,-1.728,-87.89,11.64,1,0.37,1,0.693,9.21,1.37,3.232,1,5,0.0979,0.0924,0.0905,0.0942
34.824,1,0.927,0.75,-0.49,5,79.8,20.46,0.09,0.0041,0.093,0.001,0.008,1.895,-1.732,-87.83,11.64,1,3.77,1,0.693,9.21,1.37,3.232,1,5,0.096,0.0923,0.0941,0.0923
34.855,1,0.903,1.0,-0.82,5,81.9,21.02,0.09,0.0018,0.092,0.003,0.024,1.895,-1.733,-87.83,11.64,1,3.77,1,0.696,5.82,-7.35,0.534,1,5,0.0887,0.0961,0.0924,0.0887
34.888,1,0.9,1.25,-0.4,5,82.2,20.46,0.09,0.0045,0.089,0.005,0.041,1.896,-1.737,-87.72,11.64,1,3.77,1,0.713,5.82,-8.46,-2.366,1,5,0.0831,0.0979,0.0887,0.085
34.925,1,0.897,1.25,-0.4,5,82.0,20.46,0.09,-0.0055,0.088,0.002,-0.023,1.896,-1.74,-87.78,11.64,1,3.77,1,0.713,5.82,-8.46,-2.366,1,5,0.0832,0.0961,0.0869,0.085
34.953,1,0.895,1.25,-0.39,5,82.1,20.46,0.09,-0.0052,0.087,0.001,0.021,1.896,-1.742,-87.78,11.64,1,3.77,1,0.715,1.94,-17.13,-5.002,1,5,0.0795,0.0887,0.0887,0.0924
34.99,1,0.89,1.0,-0.55,5,82.1,21.02,0.09,-0.0051,0.087,0.0,-0.041,1.896,-1.746,-87.78,11.64,1,3.77,1,0.715,1.94,-17.13,-5.002,1,5,0.0775,0.0812,0.0941,0.0959
35.023,1,0.887,1.0,-0.71,5,82.5,21.02,0.09,0.001,0.089,0.001,-0.011,1.896,-1.749,-87.78,11.64,1,4.68,1,0.741,1.94,-18.06,0.0,0,5,0.083,0.0867,0.0941,0.0922
35.054,1,0.891,0.5,-0.41,5,82.4,21.02,0.09,0.0037,0.092,0.001,-0.035,1.896,-1.751,-87.83,11.64,1,4.68,1,0.745,1.94,-18.07,0.0,0,5,0.0904,0.0904,0.0959,0.0922
35.085,1,0.892,0.5,-0.67,5,82.6,21.02,0.09,0.0042,0.095,0.001,-0.011,1.897,-1.755,-87.83,11.64,1,4.68,1,0.74,1.94,-18.2,0.0,0,5,0.0981,0.0981,0.0944,0.0888
35.124,1,0.884,0.5,-0.7,5,82.2,21.02,0.09,0.0082,0.094,0.0,-0.005,1.897,-1.759,-87.89,11.64,1,4.68,1,0.74,1.94,-18.2,0.0,0,5,0.098,0.0943,0.0943,0.0888
35.155,1,0.878,0.5,-0.69,5,82.0,21.02,0.09,0.0085,0.091,0.001,0.012,1.897,-1.76,-87.89,11.64,1,4.68,1,0.732,1.45,-18.56,0.0,0,5,0.0925,0.0943,0.0906,0.0869
35.185,1,0.882,0.5,-0.34,5,81.9,20.96,0.09,0.008,0.087,0.001,0.008,1.897,-1.764,-87.83,11.64,1,4.68,1,0.72,3.88,-18.1,0.0,0,5,0.087,0.0889,0.087,0.0852
35.218,1,0.882,0.5,-0.87,5,81.9,20.96,0.09,0.0018,0.086,0.0,-0.026,1.897,-1.765,-87.83,11.65,1,1.49,1,0.715,6.79,-8.48,-5.912,1,5,0.0851,0.0888,0.0833,0.0851
35.255,1,0.884,0.5,-0.86,5,81.8,20.96,0.09,0.0109,0.084,0.0,-0.009,1.897,-1.769,-87.89,11.65,1,1.49,1,0.716,6.79,-7.79,-1.97,1,5,0.0814,0.0814,0.087,0.087
35.287,1,0.883,0.5,-0.96,5,81.8,21.02,0.09,0.0106,0.085,-0.002,0.019,1.897,-1.772,-87.89,11.65,1,1.49,1,0.705,8.24,-7.6,-3.947,1,5,0.0814,0.0777,0.0869,0.0924
35.32,1,0.879,0.5,-0.46,5,81.9,20.96,0.09,0.0124,0.086,-0.001,-0.005,1.897,-1.774,-87.89,11.65,1,1.49,1,0.705,8.24,-7.6,-3.947,1,5,0.0814,0.0795,0.0888,0.0925
35.387,1,0.88,0.5,-0.31,5,82.0,21.02,0.09,0.0037,0.096,0.0,-0.022,1.898,-1.782,-87.89,11.65,1,1.49,1,0.718,10.66,-0.21,0.407,1,5,0.0943,0.098,0.0943,0.0961
35.421,1,0.872,0.5,-0.72,5,82.3,21.02,0.09,0.0009,0.097,0.001,0.011,1.898,-1.784,-87.89,11.65,1,-0.82,1,0.718,10.66,-0.21,0.407,1,5,0.0961,0.0998,0.0961,0.0961
35.455,1,0.868,0.5,-0.82,5,82.1,21.6,0.09,0.0081,0.095,0.001,0.016,1.898,-1.787,-87.89,11.65,1,-0.82,1,0.696,13.09,7.87,2.672,1,5,0.0962,0.0962,0.0962,0.0906
35.487,1,0.876,0.25,-0.33,5,82.1,21.6,0.09,0.0098,0.091,0.001,0.039,1.898,-1.791,-87.78,11.65,1,-0.82,1,0.715,13.09,8.27,0.518,1,5,0.0906,0.0943,0.0906,0.0887
35.519,1,0.883,0.25,-0.29,5,82.0,21.02,0.09,0.0045,0.089,0.0,-0.01,1.898,-1.793,-87.78,11.65,1,-0.82,1,0.715,13.09,8.27,0.518,1,5,0.0887,0.0924,0.0868,0.0887
35.557,1,0.882,0.25,-0.28,5,81.7,21.02,0.09,0.0034,0.087,-0.002,0.02,1.898,-1.796,-87.78,11.65,1,-0.82,1,0.726,13.57,8.59,3.732,1,5,0.0831,0.0849,0.0849,0.096
35.585,1,0.864,0.5,0.02,5,81.4,20.96,0.09,0.003,0.085,-0.002,0.001,1.898,-1.8,-87.72,11.65,1,-0.82,1,0.729,13.57,8.26,2.724,1,5,0.0793,0.0812,0.0849,0.0959
35.62,1,0.857,0.5,-0.05,5,81.6,20.96,0.09,-0.0054,0.086,-0.003,0.023,1.898,-1.801,-87.72,11.65,1,1.03,1,0.726,13.57,9.55,3.967,1,5,0.0831,0.0813,0.0849,0.096
35.655,1,0.859,0.5,-0.08,5,81.7,20.96,0.09,-0.0039,0.088,-0.002,0.005,1.898,-1.805,-87.72,11.65,1,1.03,1,0.728,13.57,10.43,4.511,1,5,0.0888,0.0869,0.0851,0.0906
35.686,1,0.872,0.5,-0.02,5,81.8,20.96,0.09,-0.0034,0.091,-0.001,0.019,1.898,-1.809,-87.72,11.65,1,1.03,1,0.725,13.57,8.99,4.691,1,5,0.0944,0.0926,0.087,0.0889
35.72,1,0.886,0.5,-0.0,5,81.7,20.96,0.09,-0.0043,0.09,-0.0,-0.016,1.898,-1.81,-87.72,11.65,1,1.03,1,0.705,10.66,6.82,4.226,1,5,0.0926,0.0926,0.087,0.0889
35.757,1,0.865,0.75,-0.17,5,81.5,20.46,0.09,-0.0046,0.088,-0.0,-0.001,1.898,-1.814,-87.72,11.65,1,1.03,1,0.715,10.18,2.11,4.445,1,5,0.0925,0.0944,0.0814,0.0851
35.787,1,0.852,0.5,0.03,5,81.2,20.96,0.09,-0.0046,0.086,-0.001,-0.003,1.899,-1.817,-87.78,11.65,1,1.03,1,0.691,8.24,3.15,4.837,1,5,0.0925,0.0888,0.0796,0.0814
35.82,1,0.86,0.5,-0.33,5,81.1,20.96,0.09,-0.0048,0.084,0.001,0.004,1.899,-1.819,-87.72,11.65,1,4.94,1,0.691,8.24,3.15,4.837,1,5,0.0887,0.0887,0.0814,0.0777
35.853,1,0.876,0.5,-0.09,5,81.2,20.96,0.09,0.0014,0.084,0.002,-0.002,1.899,-1.822,-87.72,11.65,1,4.94,1,0.7,5.33,-7.38,3.413,1,5,0.0812,0.0812,0.0905,0.0831
35.888,1,0.881,0.5,-0.16,5,81.4,20.96,0.09,-0.0029,0.084,0.001,-0.002,1.899,-1.826,-87.72,11.65,1,4.94,1,0.7,5.33,-7.38,3.413,1,5,0.0794,0.0812,0.0886,0.0849
35.92,1,0.869,0.5,-0.08,5,81.6,20.96,0.09,-0.0017,0.085,-0.001,0.001,1.899,-1.827,-87.72,11.65,1,4.94,1,0.708,2.91,-12.02,4.699,1,5,0.0831,0.0813,0.0868,0.0887
35.985,1,0.865,0.5,0.36,5,81.6,20.56,0.09,-0.0031,0.093,-0.003,0.01,1.899,-1.835,-87.66,11.65,1,4.94,1,0.709,2.91,-11.99,4.735,1,5,0.0962,0.0925,0.0888,0.0962
36.017,1,0.886,0.5,0.19,5,81.7,20.56,0.09,-0.0108,0.095,-0.003,-0.004,1.899,-1.837,-87.66,11.65,1,6.24,1,0.707,2.91,-12.14,2.422,1,5,0.0998,0.0943,0.0887,0.0961
36.053,1,0.875,0.5,-0.17,5,81.5,20.56,0.09,-0.0078,0.093,-0.004,0.002,1.899,-1.841,-87.72,11.65,1,6.24,1,0.707,2.91,-12.14,2.422,1,5,0.1008,0.0953,0.0825,0.0935
36.085,1,0.837,0.5,-0.01,5,81.4,20.96,0.09,-0.0014,0.089,-0.001,0.017,1.899,-1.844,-87.66,11.65,1,6.24,1,0.726,2.42,-10.91,5.286,1,5,0.0945,0.0945,0.0817,0.0872
36.119,1,0.863,0.5,0.02,5,81.2,20.96,0.09,-0.0043,0.087,0.0,0.007,1.9,-1.846,-87.66,11.65,1,6.24,1,0.726,2.42,-10.91,5.286,1,5,0.0883,0.0901,0.0847,0.0865
36.185,1,0.861,0.75,-0.71,5,80.4,20.46,0.09,-0.0049,0.083,-0.0,0.018,1.9,-1.853,-87.66,11.65,1,6.24,1,0.736,-1.45,-18.07,0.0,0,5,0.0771,0.0771,0.0881,0.0899
36.219,1,0.83,0.5,0.61,5,80.5,20.44,0.09,0.0048,0.083,-0.001,-0.013,1.9,-1.854,-87.66,11.67,1,5.99,1,0.736,-1.45,-18.07,0.0,0,5,0.0772,0.0791,0.0846,0.0919
36.254,1,0.862,0.5,0.17,5,80.6,20.96,0.09,-0.0148,0.086,0.0,-0.023,1.9,-1.858,-87.66,11.67,1,5.99,1,0.734,-0.97,-18.37,0.0,0,5,0.0848,0.0866,0.0866,0.0866
36.291,1,0.869,0.5,-0.02,5,81.7,20.96,0.09,-0.0072,0.092,0.0,-0.022,1.9,-1.862,-87.66,11.67,1,5.99,1,0.734,-1.45,-17.77,0.0,0,5,0.092,0.0956,0.0902,0.092
36.318,1,0.865,0.25,-0.09,5,82.2,20.46,0.09,-0.0041,0.094,0.001,-0.002,1.9,-1.864,-87.72,11.67,1,5.99,1,0.719,0.0,-18.74,0.0,0,5,0.0963,0.0963,0.0945,0.0908
36.387,1,0.873,0.0,-0.09,5,82.3,20.96,0.09,-0.0002,0.092,0.0,-0.007,1.901,-1.871,-87.72,11.67,1,5.99,1,0.727,1.94,-11.27,-1.829,1,5,0.0981,0.0944,0.0907,0.0851
36.42,1,0.869,0.0,-0.26,5,82.8,20.96,0.09,0.0029,0.09,0.0,0.002,1.901,-1.873,-87.72,11.67,1,2.93,1,0.719,1.94,-12.24,1.538,1,5,0.0944,0.0925,0.0888,0.0851
36.453,1,0.872,0.0,-0.14,5,82.7,20.96,0.09,0.0054,0.089,-0.0,-0.004,1.901,-1.877,-87.72,11.67,1,2.93,1,0.721,1.94,-12.34,2.689,1,5,0.087,0.0852,0.0926,0.0926
36.486,1,0.879,0.25,-0.11,5,82.8,20.46,0.09,0.003,0.087,0.0,0.03,1.901,-1.88,-87.66,11.67,1,2.93,1,0.721,1.94,-12.34,2.689,1,5,0.0813,0.0813,0.0924,0.0924
36.52,1,0.884,0.25,0.14,5,82.6,20.0,0.09,-0.0008,0.086,-0.001,-0.009,1.901,-1.882,-87.66,11.67,1,2.93,1,0.721,1.94,-12.34,2.689,1,5,0.0813,0.0795,0.0905,0.0942
36.555,1,0.885,0.25,0.12,5,82.5,20.46,0.09,-0.005,0.088,-0.001,0.006,1.901,-1.886,-87.66,11.67,1,2.93,1,0.725,6.79,-3.01,6.114,1,5,0.0887,0.0887,0.0851,0.0906
36.584,1,0.89,0.25,-0.15,5,82.0,20.2,0.09,-0.0046,0.094,-0.001,-0.024,1.901,-1.889,-87.72,11.67,1,2.93,1,0.729,6.3,-4.2,2.628,1,5,0.0963,0.0963,0.0907,0.0944
36.619,1,0.891,0.0,0.05,5,81.8,20.56,0.09,0.0003,0.096,0.002,-0.013,1.901,-1.891,-87.72,11.67,1,2.22,1,0.727,6.3,-3.93,3.717,1,5,0.0981,0.1018,0.0944,0.0907
36.686,1,0.893,0.0,-0.56,5,81.6,20.44,0.09,-0.0004,0.092,0.002,-0.0,1.902,-1.899,-87.72,11.67,1,2.22,1,0.734,6.3,-4.72,5.786,1,5,0.0961,0.098,0.0906,0.0851
36.72,1,0.891,0.0,-0.56,5,81.6,20.44,0.09,0.0101,0.092,0.0,0.016,1.902,-1.901,-87.72,11.67,1,2.22,1,0.727,6.3,-5.13,6.421,1,5,0.0944,0.0944,0.0888,0.0888
36.784,1,0.898,0.25,-0.78,5,81.3,20.46,0.09,0.0099,0.088,-0.0,0.019,1.902,-1.908,-87.66,11.67,1,2.22,1,0.724,6.3,-5.45,4.091,1,5,0.0796,0.0814,0.0944,0.0962
36.819,1,0.887,0.25,-0.28,5,81.6,20.46,0.09,0.0106,0.088,-0.001,0.032,1.902,-1.909,-87.66,11.67,1,3.62,1,0.724,6.3,-5.45,4.091,1,5,0.0814,0.0814,0.0925,0.0962
36.886,1,0.886,0.25,-0.2,5,82.8,20.46,0.09,0.0023,0.098,-0.001,-0.021,1.902,-1.917,-87.66,11.67,1,3.62,1,0.708,5.82,-6.41,2.903,1,5,0.1,0.0981,0.0944,0.0981
36.917,1,0.896,0.25,-0.63,5,83.1,20.46,0.09,0.0009,0.098,-0.0,0.004,1.902,-1.919,-87.66,11.67,1,3.62,1,0.708,5.82,-6.41,2.903,1,5,0.1017,0.0999,0.0962,0.0962
36.984,1,0.88,0.0,-0.52,5,83.4,20.56,0.09,0.0087,0.093,-0.0,0.004,1.903,-1.927,-87.66,11.67,1,3.62,1,0.696,5.82,-4.99,0.0,0,5,0.0979,0.0942,0.0905,0.0887
37.02,1,0.885,0.25,-0.63,5,82.9,20.46,0.09,0.0099,0.091,0.0,0.002,1.903,-1.928,-87.66,11.67,1,4.95,1,0.696,5.82,-4.99,0.0,0,5,0.0925,0.0925,0.0906,0.0888
37.054,1,0.89,0.25,-0.53,5,82.8,20.46,0.09,0.0083,0.089,-0.002,0.011,1.903,-1.932,-87.66,11.67,1,4.95,1,0.684,1.94,-11.12,6.532,1,5,0.0851,0.0851,0.0887,0.0961
37.086,1,0.888,0.0,-0.4,5,82.7,20.56,0.09,0.0067,0.086,-0.0,0.017,1.903,-1.935,-87.66,11.67,1,4.95,1,0.713,0.97,-13.71,6.564,1,5,0.0777,0.0833,0.087,0.0944
37.117,1,0.88,0.25,-0.5,5,82.6,20.46,0.09,0.0076,0.088,-0.001,0.008,1.903,-1.937,-87.61,11.67,1,4.95,1,0.713,0.97,-13.71,6.564,1,5,0.0832,0.0869,0.0869,0.0962
37.187,1,0.888,0.25,-0.37,5,82.6,20.46,0.09,0.0064,0.096,-0.001,0.015,1.903,-1.945,-87.61,11.67,1,4.95,1,0.733,1.45,-14.13,4.319,1,5,0.098,0.0961,0.0943,0.0961
37.219,1,0.89,0.25,-0.62,5,82.6,20.46,0.09,0.0041,0.095,0.0,-0.011,1.903,-1.947,-87.66,11.69,1,5.39,1,0.733,1.45,-14.13,4.319,1,5,0.0961,0.0943,0.0961,0.0924
37.285,1,0.891,0.25,-0.51,5,82.6,20.46,0.09,0.0085,0.092,-0.001,0.004,1.904,-1.954,-87.61,11.69,1,5.39,1,0.732,1.45,-14.96,5.566,1,5,0.0906,0.0925,0.0888,0.0943
37.317,1,0.893,0.25,-0.4,5,82.7,20.46,0.09,0.0067,0.09,-0.002,-0.011,1.904,-1.956,-87.66,11.69,1,5.39,1,0.732,1.45,-14.96,5.566,1,5,0.0887,0.0887,0.0869,0.0961
37.385,1,0.893,0.0,-0.29,5,82.5,20.44,0.09,0.0047,0.087,0.0,0.007,1.904,-1.963,-87.61,11.69,1,5.39,1,0.724,0.97,-13.62,5.485,1,5,0.0851,0.0851,0.0907,0.0888
37.417,1,0.893,-0.25,-0.06,5,82.3,20.46,0.09,0.0059,0.089,0.001,-0.014,1.904,-1.965,-87.61,11.69,1,6.15,1,0.726,1.45,-14.33,5.615,1,5,0.087,0.0888,0.0907,0.0888
37.459,1,0.891,-0.25,-0.32,5,82.2,20.46,0.09,0.0045,0.092,-0.003,0.009,1.904,-1.968,-87.61,11.69,1,6.15,1,0.727,0.97,-13.5,5.567,1,5,0.0962,0.087,0.0907,0.0925
37.488,1,0.89,0.0,-0.39,5,81.8,20.44,0.09,0.0085,0.093,-0.002,-0.0,1.904,-1.972,-87.61,11.69,1,6.15,1,0.722,0.97,-13.34,6.211,1,5,0.098,0.0924,0.0906,0.0924
37.516,1,0.896,0.0,-0.39,5,81.5,20.44,0.09,0.0066,0.092,-0.002,0.013,1.904,-1.974,-87.61,11.69,1,6.15,1,0.719,0.97,-13.01,6.707,1,5,0.0962,0.0906,0.0906,0.0925
37.585,1,0.902,-0.25,-0.42,5,81.0,20.46,0.09,0.0067,0.088,-0.004,-0.007,1.904,-1.981,-87.66,11.69,1,6.15,1,0.72,0.97,-13.08,6.555,1,5,0.0908,0.0852,0.0834,0.0926
37.616,1,0.897,-0.25,-0.73,5,81.1,20.46,0.09,0.0104,0.087,-0.002,0.02,1.904,-1.983,-87.66,11.69,1,6.91,1,0.72,0.97,-13.08,6.555,1,5,0.0889,0.087,0.0833,0.0907
37.686,1,0.91,0.0,-0.66,5,80.7,20.56,0.09,0.0153,0.085,0.003,-0.004,1.905,-1.99,-87.55,11.69,1,6.91,1,0.718,-1.94,-18.75,0.0,0,5,0.0741,0.0852,0.0908,0.0908
37.719,1,0.904,-0.25,-0.35,5,81.1,20.46,0.09,0.0109,0.086,0.001,-0.031,1.905,-1.991,-87.61,11.69,1,6.91,1,0.72,-1.94,-18.53,0.0,0,5,0.0759,0.0852,0.0889,0.0926
37.785,1,0.91,-0.5,-0.52,5,80.5,20.96,0.09,0.0085,0.095,0.001,-0.018,1.905,-1.999,-87.61,11.69,1,6.91,1,0.72,-2.42,-18.87,0.0,0,5,0.0961,0.0998,0.0924,0.0924
37.817,1,0.913,-0.75,-0.35,5,80.4,20.81,0.09,0.0146,0.095,0.001,-0.018,1.905,-1.999,-87.61,11.69,1,6.91,1,0.72,-2.42,-18.87,0.0,0,5,0.0961,0.0998,0.0924,0.0924
37.852,1,0.915,-0.75,-0.74,5,80.2,20.46,0.09,0.0142,0.091,-0.001,-0.031,1.905,-2.004,-87.61,11.67,1,5.08,1,0.724,-2.91,-19.39,0.0,0,5,0.0942,0.0924,0.0887,0.0905
37.885,1,0.914,-1.0,-0.64,5,79.9,20.56,0.09,0.0206,0.086,-0.004,-0.023,1.905,-2.008,-87.72,11.67,1,5.08,1,0.719,-2.91,-19.05,0.0,0,5,0.0885,0.0848,0.0792,0.0921
37.917,1,0.917,-1.0,-0.64,5,79.6,20.56,0.09,0.0218,0.086,-0.004,-0.023,1.905,-2.008,-87.72,11.67,1,5.08,1,0.719,-2.91,-19.05,0.0,0,5,0.0885,0.0848,0.0792,0.0921
37.984,1,0.919,-0.75,-0.75,5,79.3,20.46,0.09,0.0209,0.085,0.0,0.033,1.906,-2.016,-87.61,11.67,1,5.08,1,0.697,0.97,-12.22,6.397,1,5,0.0807,0.0826,0.0881,0.0881
38.018,1,0.917,-0.5,-0.41,5,79.5,20.44,0.09,0.0194,0.085,0.0,0.033,1.906,-2.016,-87.61,11.67,1,5.08,1,0.697,0.97,-12.22,6.397,1,5,0.0807,0.0826,0.0881,0.0881
38.052,1,0.915,-0.5,-0.52,5,79.4,20.56,0.09,0.0108,0.089,0.001,0.01,1.906,-2.02,-87.55,11.67,1,2.69,1,0.696,5.33,-3.17,7.977,1,5,0.0808,0.0881,0.0918,0.0954
38.086,1,0.919,-0.5,-0.52,5,78.4,20.56,0.09,0.0129,0.095,-0.0,-0.008,1.906,-2.026,-87.55,11.67,1,2.69,1,0.698,5.33,-3.18,0.0,0,5,0.0907,0.0981,0.0907,0.0999
38.12,1,0.919,-0.75,-0.28,5,78.6,20.46,0.09,0.0131,0.095,-0.0,-0.008,1.906,-2.026,-87.55,11.67,1,2.69,1,0.698,5.33,-3.18,0.0,0,5,0.0907,0.0981,0.0907,0.0999
38.184,1,0.918,-0.75,-0.74,5,78.4,21.02,0.09,0.012,0.092,0.0,-0.002,1.906,-2.035,-87.61,11.67,1,2.69,1,0.701,5.33,-3.28,0.0,0,5,0.0901,0.0901,0.0938,0.092
38.217,1,0.921,-0.75,-0.88,5,78.3,20.46,0.09,0.0199,0.092,0.0,-0.002,1.906,-2.035,-87.61,11.67,1,2.69,1,0.701,5.33,-3.28,0.0,0,5,0.0901,0.0901,0.0938,0.092
38.285,1,0.915,-0.75,-0.19,5,78.2,20.46,0.09,0.0221,0.086,-0.001,0.038,1.907,-2.043,-87.49,11.69,1,3.17,1,0.7,4.85,-5.07,5.463,1,5,0.0821,0.0857,0.0839,0.0928
38.319,1,0.924,-0.25,-0.74,5,78.1,20.46,0.09,0.0101,0.086,-0.001,0.038,1.907,-2.043,-87.49,11.69,1,3.17,1,0.7,4.85,-5.07,5.463,1,5,0.0821,0.0857,0.0839,0.0928
38.386,1,0.915,-0.25,-0.35,5,79.5,20.46,0.09,0.0144,0.089,-0.0,-0.02,1.907,-2.052,-87.38,11.69,1,3.17,1,0.705,5.33,-3.65,0.0,0,5,0.087,0.0925,0.0851,0.0925
38.42,1,0.909,-0.25,-0.74,5,80.1,20.46,0.09,0.0077,0.089,-0.0,-0.02,1.907,-2.052,-87.38,11.69,1,3.17,1,0.705,5.33,-3.65,0.0,0,5,0.087,0.0925,0.0851,0.0925
38.452,1,0.907,-0.5,-0.52,5,80.5,20.96,0.09,0.0147,0.091,-0.002,-0.008,1.907,-2.056,-87.38,11.69,1,3.21,1,0.7,4.85,-4.85,0.0,0,5,0.0944,0.0925,0.0851,0.0925
38.482,1,0.904,-0.25,-0.74,5,81.2,20.46,0.09,0.0139,0.086,-0.002,-0.019,1.907,-2.061,-87.49,11.69,1,3.21,1,0.694,4.85,-4.33,0.0,0,5,0.0925,0.0888,0.0833,0.087
38.519,1,0.903,-0.25,-0.74,5,81.3,20.46,0.09,0.0147,0.086,-0.002,-0.019,1.907,-2.061,-87.49,11.69,1,3.21,1,0.694,4.85,-4.44,0.0,0,5,0.0906,0.0869,0.0813,0.085
38.554,1,0.903,-0.25,-0.75,5,81.6,20.46,0.09,0.0149,0.085,-0.0,0.045,1.908,-2.066,-87.43,11.69,1,3.21,1,0.703,4.85,-5.03,0.0,0,5,0.085,0.0868,0.0832,0.0868
38.585,1,0.899,-0.25,-0.75,5,81.9,20.46,0.09,0.0151,0.088,0.001,0.04,1.908,-2.07,-87.32,11.69,1,3.21,1,0.706,4.85,-5.41,0.0,0,5,0.0814,0.087,0.0907,0.0925
38.617,1,0.899,-0.25,-0.06,5,81.9,20.46,0.09,0.0152,0.088,0.001,0.04,1.908,-2.07,-87.32,11.69,1,3.21,1,0.706,4.85,-5.41,0.0,0,5,0.0814,0.087,0.0907,0.0925
38.684,1,0.891,-0.25,-0.49,5,81.3,20.46,0.09,0.0033,0.094,-0.0,0.035,1.908,-2.079,-87.32,11.69,1,2.88,1,0.707,5.33,-3.89,0.0,0,5,0.0888,0.0981,0.087,0.0944
38.715,1,0.892,-0.25,-0.75,5,81.5,20.46,0.09,0.0107,0.096,-0.0,0.048,1.908,-2.081,-87.26,11.69,1,2.88,1,0.709,5.33,-4.45,0.0,0,5,0.0981,0.0999,0.0907,0.0944
38.753,1,0.892,-0.25,-0.72,5,81.5,20.57,0.09,0.0153,0.096,-0.001,-0.004,1.908,-2.085,-87.26,11.69,1,2.88,1,0.71,5.33,-4.45,0.0,0,5,0.1017,0.098,0.0906,0.0925
38.784,1,0.89,-0.25,-0.62,5,81.7,21.02,0.09,0.0148,0.093,-0.004,-0.051,1.908,-2.088,-87.38,11.69,1,2.88,1,0.716,5.33,-3.81,0.0,0,5,0.0998,0.0924,0.0868,0.0942
38.82,1,0.89,-0.25,-0.85,5,81.9,20.46,0.09,0.0131,0.093,-0.004,-0.051,1.908,-2.088,-87.38,11.69,1,2.88,1,0.716,5.33,-3.81,0.0,0,5,0.0998,0.0924,0.0868,0.0942
38.85,1,0.887,0.0,-0.95,5,82.0,20.2,0.09,0.0171,0.089,-0.001,0.066,1.909,-2.094,-87.26,11.69,1,2.07,1,0.714,4.85,-3.73,0.0,0,5,0.0863,0.0882,0.0863,0.0937
38.884,1,0.884,0.25,-0.88,5,81.7,20.46,0.09,0.0159,0.086,-0.0,0.042,1.909,-2.097,-87.15,11.69,1,2.07,1,0.714,5.33,-3.57,0.0,0,5,0.0784,0.0857,0.0857,0.0948
38.916,1,0.884,0.5,-0.79,5,81.6,20.44,0.09,0.0117,0.086,-0.0,0.042,1.909,-2.099,-87.03,11.69,1,2.07,1,0.714,5.33,-3.57,0.0,0,5,0.0766,0.0857,0.0857,0.0967
38.953,1,0.883,0.75,-0.5,5,81.7,20.46,0.09,0.0077,0.087,-0.001,-0.013,1.909,-2.102,-87.03,11.69,1,2.07,1,0.711,6.3,-2.37,0.0,0,5,0.0771,0.0899,0.0826,0.0991
38.983,1,0.886,0.25,-0.5,5,81.5,20.46,0.09,0.0002,0.092,0.002,0.025,1.909,-2.106,-87.09,11.69,1,2.07,1,0.706,5.82,-1.57,0.0,0,5,0.0851,0.0981,0.0907,0.0944
39.017,1,0.883,0.25,-0.62,5,81.8,20.46,0.09,0.0068,0.092,0.002,0.025,1.909,-2.106,-87.09,11.69,1,2.07,1,0.706,5.82,-1.57,0.0,0,5,0.0851,0.0981,0.0907,0.0944
39.085,1,0.89,0.25,-0.63,5,81.8,20.46,0.09,0.0087,0.096,0.0,-0.052,1.91,-2.116,-87.2,11.69,1,1.71,1,0.714,5.82,-1.51,0.0,0,5,0.0976,0.0921,0.0995,0.094
39.118,1,0.882,0.0,-0.66,5,81.6,20.96,0.09,0.0088,0.096,0.0,-0.052,1.91,-2.116,-87.2,11.69,1,1.71,1,0.714,5.82,-1.51,0.0,0,5,0.0976,0.0921,0.0995,0.094
39.155,1,0.877,0.0,-1.05,5,81.6,20.96,0.09,0.0123,0.091,-0.002,0.046,1.91,-2.121,-87.2,11.69,1,1.71,1,0.701,5.33,-2.52,0.0,0,5,0.0913,0.0858,0.0931,0.0949
39.183,1,0.881,0.0,-1.06,5,81.5,20.96,0.09,0.0188,0.089,-0.001,0.025,1.91,-2.123,-87.15,11.69,1,1.71,1,0.699,5.33,-3.1,6.928,1,5,0.0892,0.0856,0.0911,0.0911
39.218,1,0.889,0.25,-0.63,5,81.7,20.46,0.09,0.0188,0.088,-0.001,0.032,1.91,-2.125,-87.09,11.69,1,1.71,1,0.699,5.33,-3.1,6.928,1,5,0.0856,0.0838,0.0892,0.0929
39.254,1,0.893,0.25,-0.53,5,81.8,20.46,0.09,0.0083,0.088,-0.0,0.023,1.91,-2.129,-87.03,11.7,1,1.71,1,0.702,5.82,-2.8,7.606,1,5,0.0824,0.0877,0.0877,0.0949
39.282,1,0.886,0.25,-0.28,5,81.8,20.46,0.09,0.0067,0.09,0.001,-0.023,1.911,-2.132,-87.09,11.7,1,1.71,1,0.702,5.82,-1.99,6.307,1,5,0.0865,0.0955,0.0865,0.0919
39.317,1,0.888,0.25,-0.28,5,81.5,20.46,0.09,0.0024,0.091,0.003,0.049,1.911,-2.134,-87.03,11.7,1,1.71,1,0.702,5.82,-1.99,6.307,1,5,0.0883,0.0992,0.0883,0.0883
39.349,1,0.879,0.0,-0.04,5,81.6,20.56,0.09,0.0026,0.091,0.001,-0.039,1.911,-2.138,-87.09,11.7,1,1.71,1,0.713,5.82,-1.17,0.0,0,5,0.094,0.0977,0.0866,0.0866
39.383,1,0.88,-0.25,-0.39,5,81.8,20.46,0.09,0.0013,0.088,-0.003,-0.018,1.911,-2.141,-87.15,11.7,1,1.71,1,0.712,5.82,-1.42,0.0,0,5,0.094,0.0867,0.083,0.0885
39.419,1,0.887,-0.25,-0.75,5,82.3,20.46,0.09,0.0104,0.088,-0.004,-0.004,1.911,-2.143,-87.2,11.7,1,1.71,1,0.712,5.82,-1.42,0.0,0,5,0.0941,0.0867,0.0812,0.0886
39.45,1,0.895,-0.25,-0.74,5,82.7,20.46,0.09,0.0161,0.088,-0.004,0.028,1.911,-2.147,-87.15,11.7,1,4.23,1,0.711,5.33,1.48,0.0,0,5,0.0906,0.0832,0.0851,0.0924
39.483,1,0.892,-0.25,-0.85,5,83.3,20.46,0.09,0.0157,0.087,-0.002,0.057,1.911,-2.15,-87.03,11.7,1,4.23,1,0.711,5.33,2.83,0.0,0,5,0.085,0.0813,0.0887,0.0943
39.516,1,0.881,0.25,-0.61,5,84.7,20.46,0.09,0.0175,0.087,-0.004,0.046,1.911,-2.152,-86.97,11.7,1,4.23,1,0.711,5.33,2.83,0.0,0,5,0.0832,0.0795,0.0868,0.0998
39.552,1,0.882,0.0,-0.39,5,85.2,20.44,0.09,0.0072,0.086,-0.003,-0.004,1.911,-2.155,-86.92,11.7,1,4.23,1,0.711,5.33,2.83,0.0,0,5,0.0795,0.0851,0.0814,0.098
39.583,1,0.89,0.25,-0.62,5,85.4,20.46,0.09,0.0069,0.09,-0.001,0.029,1.911,-2.159,-86.86,11.7,1,4.23,1,0.711,5.82,5.72,0.0,0,5,0.0869,0.0943,0.0832,0.0943
39.619,1,0.893,0.25,-0.22,5,85.6,21.02,0.09,0.0077,0.091,0.001,0.05,1.912,-2.161,-86.8,11.7,1,4.23,1,0.711,5.82,5.72,0.0,0,5,0.0905,0.0979,0.0868,0.0887
39.648,1,0.889,0.0,-0.13,5,85.7,20.96,0.09,0.0011,0.095,0.0,-0.074,1.912,-2.165,-86.92,11.7,1,4.23,1,0.711,6.3,6.7,0.0,0,5,0.0998,0.0961,0.0943,0.0887
39.683,1,0.887,0.0,-0.39,5,86.2,20.56,0.09,0.0027,0.093,-0.0,-0.011,1.912,-2.168,-86.97,11.7,1,4.23,1,0.711,6.3,6.7,0.0,0,5,0.0962,0.0888,0.0962,0.0907
39.715,1,0.891,-0.25,-0.18,5,86.4,20.46,0.09,0.0072,0.091,-0.001,-0.015,1.912,-2.17,-87.03,11.7,1,4.23,1,0.711,6.3,6.7,0.0,0,5,0.0944,0.0851,0.0944,0.0907
39.751,1,0.894,-0.25,0.06,5,86.6,20.46,0.09,0.0062,0.086,-0.003,0.013,1.912,-2.173,-87.03,11.7,1,4.23,1,0.701,5.82,7.63,0.0,0,5,0.0888,0.0814,0.0851,0.0888
39.784,1,0.893,-0.25,0.05,5,86.7,20.46,0.09,0.0018,0.085,-0.003,0.061,1.912,-2.177,-86.92,11.7,1,4.23,1,0.693,5.82,7.24,0.0,0,5,0.087,0.0833,0.0796,0.0888
39.815,1,0.89,-0.25,0.04,5,87.0,20.46,0.09,0.0018,0.086,-0.004,0.039,1.912,-2.179,-86.86,11.7,1,4.23,1,0.693,5.82,7.24,0.0,0,5,0.0851,0.0851,0.0796,0.0944
39.882,1,0.9,-0.25,0.46,5,86.5,20.46,0.09,0.0017,0.087,-0.001,0.037,1.912,-2.184,-86.75,11.72,1,5.32,1,0.664,3.39,5.6,0.0,0,5,0.0796,0.0907,0.0796,0.0962
39.916,1,0.898,0.0,0.41,5,86.2,20.96,0.09,-0.0057,0.087,0.001,0.035,1.913,-2.187,-86.63,11.72,1,5.32,1,0.664,3.39,5.6,0.0,0,5,0.0796,0.0962,0.0796,0.0907
39.952,1,0.888,-0.25,0.62,5,86.5,20.46,0.09,-0.0077,0.092,0.0,-0.015,1.913,-2.191,-86.69,11.72,1,5.32,1,0.666,2.91,4.84,0.0,0,5,0.0888,0.0981,0.0851,0.0944
39.982,1,0.896,-0.25,0.63,5,86.9,20.46,0.09,-0.0083,0.094,-0.002,-0.013,1.913,-2.195,-86.75,11.72,1,5.32,1,0.66,2.91,5.48,0.0,0,5,0.0943,0.0943,0.0888,0.098
40.016,1,0.895,-0.25,0.64,5,87.9,20.46,0.09,-0.0085,0.094,-0.002,-0.005,1.913,-2.197,-86.75,11.72,1,5.32,1,0.66,2.91,5.48,0.0,0,5,0.0943,0.0925,0.0906,0.098
40.048,1,0.888,-0.25,0.73,5,88.0,20.46,0.09,-0.0088,0.092,-0.002,-0.015,1.913,-2.201,-86.75,11.72,1,6.17,1,0.653,2.91,8.05,0.0,0,5,0.0942,0.0905,0.0905,0.0942
40.083,1,0.887,-0.25,0.72,5,87.8,20.46,0.09,-0.0103,0.09,-0.001,0.027,1.913,-2.204,-86.75,11.72,1,6.17,1,0.652,2.91,9.71,0.0,0,5,0.0916,0.0879,0.0898,0.0898
40.117,1,0.89,-0.25,0.73,5,87.4,20.46,0.09,-0.0103,0.09,-0.002,0.009,1.913,-2.206,-86.75,11.72,1,6.17,1,0.652,2.91,9.71,0.0,0,5,0.0907,0.0871,0.0889,0.0944
40.149,1,0.889,-0.25,0.63,5,87.0,20.46,0.09,-0.0104,0.089,-0.001,0.038,1.913,-2.21,-86.63,11.72,1,6.17,1,0.649,2.91,13.25,0.0,0,5,0.0854,0.089,0.0872,0.0945
40.183,1,0.888,0.0,0.95,5,86.7,20.2,0.09,-0.0087,0.089,-0.0,0.031,1.914,-2.213,-86.57,11.72,1,6.17,1,0.644,1.94,14.36,0.0,0,5,0.0872,0.0909,0.0872,0.0909
40.215,1,0.888,0.25,0.72,5,86.3,20.46,0.09,-0.0174,0.089,0.001,0.003,1.914,-2.215,-86.57,11.72,1,6.17,1,0.644,1.94,14.36,0.0,0,5,0.0901,0.0956,0.0845,0.0845
40.249,1,0.891,0.25,0.85,5,85.9,20.46,0.09,-0.0161,0.093,-0.0,-0.051,1.914,-2.218,-86.63,11.73,1,7.14,1,0.683,-0.48,24.74,0.0,0,5,0.0978,0.096,0.0889,0.0889
40.282,1,0.897,0.25,0.85,5,85.4,20.46,0.09,-0.0179,0.091,-0.002,-0.011,1.914,-2.222,-86.69,11.73,1,7.14,1,0.698,-0.48,27.41,0.0,0,5,0.0977,0.0906,0.0906,0.0889
40.315,1,0.896,0.0,0.95,5,85.1,20.2,0.09,-0.0177,0.091,-0.002,-0.034,1.914,-2.224,-86.75,11.73,1,7.14,1,0.698,-0.48,27.41,0.0,0,5,0.0941,0.0852,0.0923,0.0906
40.354,1,0.888,-0.25,0.79,5,84.5,20.46,0.09,-0.0162,0.088,-0.002,-0.025,1.914,-2.227,-86.8,11.73,1,7.14,1,0.698,-0.48,27.41,0.0,0,5,0.0921,0.081,0.0902,0.0884
40.382,1,0.884,0.0,0.3,5,84.0,20.44,0.09,-0.0107,0.087,-0.002,-0.019,1.914,-2.231,-86.86,11.73,1,7.14,1,0.694,-0.97,32.72,0.0,0,5,0.0938,0.0846,0.0865,0.0846
40.417,1,0.885,0.0,0.49,5,83.9,20.44,0.09,-0.0055,0.087,-0.002,-0.002,1.914,-2.232,-86.86,11.73,1,7.14,1,0.694,-0.97,32.72,0.0,0,5,0.0939,0.0847,0.0847,0.0847
40.449,1,0.885,0.0,0.4,5,83.4,20.2,0.09,-0.0087,0.088,0.001,0.015,1.915,-2.236,-86.8,11.73,1,9.7,1,0.7,-4.36,33.97,0.0,0,5,0.0888,0.0888,0.0888,0.0851
40.483,1,0.882,0.0,0.39,5,83.0,20.44,0.09,-0.007,0.09,0.003,-0.002,1.915,-2.24,-86.8,11.73,1,9.7,1,0.706,-4.36,36.13,0.0,0,5,0.0851,0.0925,0.0943,0.0888
40.516,1,0.887,0.0,0.39,5,82.3,20.44,0.09,-0.0069,0.09,0.005,0.003,1.915,-2.241,-86.8,11.73,1,9.7,1,0.706,-4.36,36.13,0.0,0,5,0.0832,0.0943,0.0962,0.0869
40.55,1,0.887,0.0,0.67,5,82.5,20.56,0.09,-0.0069,0.093,0.002,-0.06,1.916,-2.245,-86.86,11.73,1,9.7,1,0.705,-8.24,39.15,0.0,0,5,0.0925,0.0943,0.0962,0.0888
40.581,1,0.89,-0.25,0.33,5,82.6,20.56,0.09,-0.0117,0.094,0.001,-0.058,1.916,-2.249,-87.03,11.73,1,9.7,1,0.705,-8.24,39.15,0.0,0,5,0.0962,0.0943,0.0962,0.0888
40.615,1,0.886,-0.5,0.27,5,83.6,20.44,0.09,-0.0026,0.094,-0.0,-0.046,1.916,-2.251,-87.09,11.73,1,9.7,1,0.705,-8.24,39.15,0.0,0,5,0.0999,0.0869,0.0999,0.0888
40.648,1,0.885,-0.75,0.38,5,83.7,20.46,0.09,0.001,0.09,-0.0,-0.034,1.916,-2.254,-87.2,11.73,1,13.95,1,0.721,-13.57,38.87,0.0,0,5,0.0961,0.0832,0.0961,0.085
40.682,1,0.892,-0.75,0.47,5,83.8,20.46,0.09,0.0017,0.086,-0.002,0.013,1.916,-2.258,-87.2,11.73,1,13.95,1,0.731,-13.57,39.85,0.0,0,5,0.0925,0.0795,0.0888,0.0851
40.714,1,0.893,-0.75,0.6,5,83.9,20.46,0.09,-0.0003,0.087,-0.003,0.031,1.916,-2.259,-87.15,11.73,1,13.95,1,0.731,-13.57,39.85,0.0,0,5,0.0906,0.0814,0.0869,0.0887
40.749,1,0.89,-0.75,0.47,5,83.8,20.46,0.09,-0.003,0.087,-0.002,0.008,1.916,-2.263,-87.15,11.73,1,13.95,1,0.731,-13.57,39.85,0.0,0,5,0.0851,0.0832,0.0869,0.0925
40.785,1,0.89,-0.75,0.6,5,83.2,20.46,0.09,-0.0011,0.089,0.0,0.008,1.916,-2.267,-87.15,11.73,1,13.95,1,0.731,-13.57,39.85,0.0,0,5,0.085,0.0905,0.0887,0.0924
40.817,1,0.893,-0.5,0.27,5,83.3,20.44,0.09,-0.0034,0.09,0.0,-0.001,1.917,-2.269,-87.15,11.73,1,13.95,1,0.759,-20.84,41.82,0.0,0,5,0.0869,0.0924,0.0887,0.0924
40.849,1,0.897,-0.75,0.6,5,83.1,20.46,0.09,-0.0007,0.094,0.001,-0.041,1.917,-2.273,-87.15,11.74,1,17.96,1,0.771,-20.84,39.4,0.0,0,5,0.0936,0.0973,0.0936,0.0918
40.885,1,0.887,-0.75,0.2,5,83.1,20.81,0.09,-0.0033,0.097,0.0,-0.024,1.917,-2.277,-87.26,11.74,1,17.96,1,0.775,-21.33,41.7,0.0,0,5,0.0983,0.0947,0.1002,0.0947
40.916,1,0.89,-0.75,-0.09,5,82.9,20.46,0.09,0.0035,0.098,0.0,-0.016,1.917,-2.279,-87.26,11.74,1,17.96,1,0.78,-22.3,37.78,0.0,0,5,0.0993,0.0939,0.1029,0.0975
40.95,1,0.895,-0.75,-0.08,5,83.2,20.46,0.09,0.0085,0.096,-0.002,-0.017,1.917,-2.282,-87.32,11.74,1,17.96,1,0.766,-20.36,39.93,0.0,0,5,0.0974,0.0902,0.0974,0.0974
40.981,1,0.896,-0.75,-0.07,5,83.3,20.46,0.09,0.0082,0.091,-0.0,0.029,1.917,-2.286,-87.26,11.74,1,17.96,1,0.766,-20.84,41.01,0.0,0,5,0.0974,0.0902,0.0956,0.0956
41.014,1,0.888,-0.5,-0.52,5,83.7,21.1,0.09,0.0081,0.09,-0.0,0.08,1.917,-2.288,-87.2,11.74,1,17.96,1,0.763,-21.81,38.0,0.0,0,5,0.0881,0.09,0.0881,0.0918
41.048,1,0.883,-0.25,0.57,5,84.0,21.1,0.09,0.013,0.088,0.001,0.023,1.918,-2.291,-87.09,11.74,1,21.34,1,0.778,-20.36,38.18,0.0,0,5,0.0814,0.0907,0.087,0.0925
41.081,1,0.881,-0.25,1.7,5,84.4,20.56,0.09,-0.0088,0.089,0.0,0.015,1.918,-2.295,-87.03,11.74,1,21.34,1,0.778,-20.36,38.18,0.0,0,5,0.0814,0.0907,0.0851,0.0944
41.115,1,0.878,-0.25,2.96,5,84.4,20.56,0.09,-0.0284,0.089,0.0,0.026,1.918,-2.297,-86.97,11.74,1,21.34,1,0.778,-20.36,38.18,0.0,0,5,0.0887,0.0943,0.0832,0.0887
41.149,1,0.878,-0.25,3.95,5,84.3,21.1,0.09,-0.0499,0.088,0.0,0.006,1.918,-2.3,-86.97,11.74,1,21.34,1,0.778,-20.36,38.18,0.0,0,5,0.0907,0.0925,0.0833,0.0851
41.182,1,0.878,0.0,4.92,5,84.1,21.11,0.09,-0.0671,0.086,-0.0,-0.001,1.918,-2.303,-87.03,11.74,1,21.34,1,0.808,-20.84,36.62,0.0,0,5,0.0868,0.0868,0.085,0.0868
41.217,1,0.868,-0.25,6.15,5,84.1,21.11,0.09,-0.087,0.086,-0.0,-0.009,1.918,-2.305,-87.03,11.74,1,21.34,1,0.815,-21.81,35.78,0.0,0,5,0.0869,0.0851,0.0851,0.0851
41.249,1,0.856,-0.25,7.79,5,83.9,21.11,0.09,-0.1052,0.086,-0.001,-0.035,1.918,-2.308,-87.03,11.75,1,27.32,1,0.827,-22.3,33.37,0.0,0,5,0.0898,0.0844,0.0844,0.0844
41.28,1,0.85,-0.25,8.64,5,83.8,20.57,0.09,-0.1338,0.084,-0.003,-0.016,1.918,-2.311,-87.15,11.75,1,27.32,1,0.827,-22.3,33.37,0.0,0,5,0.0897,0.0825,0.0825,0.0843
41.315,1,0.849,-0.25,9.46,5,83.5,21.67,0.09,-0.1486,0.086,-0.001,-0.013,1.919,-2.313,-87.15,11.75,1,27.32,1,0.827,-22.3,33.37,0.0,0,5,0.093,0.0823,0.0876,0.0823
41.347,1,0.845,-0.75,11.24,5,82.6,22.77,0.09,-0.1629,0.088,-0.0,-0.073,1.919,-2.317,-87.26,11.75,1,27.32,1,0.846,-24.72,31.01,0.0,0,5,0.0939,0.0774,0.0976,0.0829
41.38,1,0.839,-1.0,12.87,5,82.4,22.77,0.09,-0.1877,0.09,-0.0,-0.056,1.919,-2.319,-87.32,11.75,1,27.32,1,0.84,-27.14,25.63,0.0,0,5,0.0977,0.0793,0.0996,0.083
41.418,1,0.831,-1.25,13.98,5,82.7,22.77,0.09,-0.2137,0.092,0.0,-0.039,1.919,-2.322,-87.49,11.75,1,27.32,1,0.829,-28.11,21.08,0.0,0,5,0.1036,0.0814,0.1036,0.0796
41.481,1,0.818,-2.25,16.79,5,82.2,22.77,0.09,-0.2315,0.094,-0.0,-0.093,1.919,-2.328,-87.83,11.75,1,34.11,1,0.814,-29.08,19.32,0.0,0,5,0.1124,0.083,0.1051,0.0756
41.516,1,0.823,-2.75,17.84,5,82.5,22.68,0.09,-0.2682,0.091,-0.003,-0.172,1.919,-2.332,-88.18,11.75,1,34.11,1,0.814,-29.08,19.32,0.0,0,5,0.1143,0.07,0.1069,0.0737
41.55,1,0.823,-3.74,18.43,5,82.7,22.22,0.09,-0.2825,0.087,0.0,-0.177,1.919,-2.335,-88.64,11.75,1,34.11,1,0.786,-33.93,11.12,0.0,0,5,0.1144,0.0609,0.1125,0.059
41.58,1,0.822,-4.99,19.9,5,82.9,22.68,0.09,-0.2811,0.086,0.0,-0.168,1.919,-2.337,-88.81,11.75,1,34.11,1,0.781,-33.93,10.57,0.0,0,5,0.1165,0.0573,0.1165,0.0555
41.617,1,0.827,-5.99,20.24,5,82.2,22.22,0.09,-0.2935,0.086,0.003,-0.263,1.92,-2.34,-89.32,11.75,1,34.11,1,0.765,-37.32,9.96,0.0,0,5,0.1183,0.0518,0.1257,0.0481
41.648,1,0.825,-5.99,19.53,5,81.6,22.68,0.09,-0.291,0.089,-0.002,-0.22,1.919,-2.344,-89.9,11.75,1,38.21,1,0.76,-41.68,3.9,0.0,0,5,0.1283,0.0422,0.132,0.055
41.681,1,0.817,-5.99,19.27,5,80.9,22.68,0.09,-0.2802,0.09,-0.003,-0.249,1.919,-2.346,-90.18,11.75,1,38.21,1,0.76,-41.68,3.9,0.0,0,5,0.1302,0.0422,0.132,0.0568
41.715,1,0.83,-5.99,18.97,5,80.4,22.19,0.09,-0.2781,0.094,-0.006,-0.252,1.919,-2.35,-90.76,11.75,1,38.21,1,0.751,-43.14,1.47,0.0,0,5,0.1394,0.0404,0.1339,0.0605
41.748,1,0.83,-5.74,18.27,5,80.2,21.67,0.09,-0.2744,0.094,-0.006,-0.241,1.918,-2.353,-91.33,11.75,1,38.21,1,0.751,-43.14,1.47,0.0,0,5,0.1424,0.0444,0.1313,0.0592
41.783,1,0.831,-5.74,17.92,5,79.9,22.19,0.09,-0.2662,0.095,-0.003,-0.171,1.919,-2.357,-91.85,11.75,1,38.21,1,0.751,-43.14,1.47,0.0,0,5,0.1424,0.0481,0.1369,0.0536
41.814,1,0.857,-5.49,19.74,5,79.6,21.96,0.09,-0.2602,0.096,-0.002,-0.227,1.918,-2.359,-92.02,11.75,1,38.21,1,0.786,-44.11,8.14,0.0,0,5,0.14,0.0534,0.1345,0.0553
41.846,1,0.869,-5.49,19.47,5,79.4,21.96,0.09,-0.2953,0.097,0.001,-0.166,1.918,-2.363,-92.48,11.76,1,33.96,1,0.777,-43.62,14.73,0.0,0,5,0.1364,0.059,0.1364,0.0553
41.88,1,0.869,-5.24,18.91,5,79.3,22.15,0.09,-0.2906,0.096,-0.003,-0.168,1.918,-2.367,-92.88,11.76,1,33.96,1,0.775,-39.26,18.54,0.0,0,5,0.1364,0.059,0.1327,0.0553
41.915,1,0.843,-5.24,16.47,5,79.0,22.22,0.09,-0.2838,0.096,-0.003,-0.203,1.918,-2.369,-93.11,11.76,1,33.96,1,0.776,-38.29,19.52,0.0,0,5,0.136,0.0625,0.1249,0.0625
41.947,1,0.832,-5.49,15.7,5,78.9,22.15,0.09,-0.2408,0.098,-0.006,-0.236,1.917,-2.373,-93.62,11.76,1,33.96,1,0.769,-38.29,20.35,0.0,0,5,0.136,0.0606,0.1231,0.0735
41.981,1,0.855,-5.74,18.04,5,78.7,21.6,0.09,-0.2242,0.1,-0.01,-0.186,1.916,-2.377,-94.14,11.76,1,33.96,1,0.769,-38.29,20.35,0.0,0,5,0.1387,0.0584,0.1241,0.0803
42.016,1,0.87,-6.24,17.79,5,78.4,21.46,0.09,-0.262,0.1,-0.011,-0.172,1.916,-2.379,-94.37,11.76,1,33.96,1,0.769,-38.29,20.35,0.0,0,5,0.1411,0.0458,0.132,0.0806
42.05,1,0.88,-6.49,17.19,5,78.3,21.62,0.09,-0.2523,0.098,-0.012,-0.172,1.915,-2.383,-94.82,11.76,1,29.93,1,0.751,-33.93,26.77,0.0,0,5,0.1459,0.0438,0.1277,0.073
42.082,1,0.882,-6.74,16.71,5,78.0,21.6,0.09,-0.2391,0.097,-0.01,-0.227,1.915,-2.385,-95.11,11.76,1,29.93,1,0.761,-31.02,31.76,0.0,0,5,0.1451,0.0459,0.1285,0.0679
42.116,1,0.868,-7.24,16.3,5,77.4,21.67,0.09,-0.2284,0.095,-0.01,-0.236,1.914,-2.389,-95.63,11.76,1,29.93,1,0.751,-31.02,34.68,0.0,0,5,0.1442,0.0493,0.1223,0.0657
42.149,1,0.855,-7.49,16.25,5,77.1,21.67,0.09,-0.2163,0.093,-0.006,-0.239,1.914,-2.392,-96.14,11.76,1,29.93,1,0.746,-31.02,35.85,0.0,0,5,0.1338,0.0477,0.1265,0.0642
42.18,1,0.842,-7.99,16.09,5,76.8,21.62,0.09,-0.213,0.092,-0.006,-0.154,1.913,-2.396,-96.66,11.76,1,29.93,1,0.745,-30.54,36.99,0.0,0,5,0.1321,0.0459,0.1247,0.0642
42.213,1,0.826,-8.24,16.2,5,76.9,23.2,0.09,-0.2051,0.091,-0.005,-0.157,1.913,-2.398,-96.83,11.76,1,29.93,1,0.745,-30.54,36.99,0.0,0,5,0.1315,0.0463,0.1259,0.0593
42.248,1,0.835,-8.49,16.24,5,76.5,22.19,0.09,-0.2054,0.09,-0.007,-0.166,1.912,-2.401,-97.23,11.77,1,30.4,1,0.745,-30.54,36.99,0.0,0,5,0.1331,0.0462,0.1201,0.061
42.283,1,0.827,-8.98,17.07,5,75.7,23.26,0.09,-0.2038,0.091,-0.008,-0.188,1.911,-2.403,-97.46,11.77,1,30.4,1,0.745,-30.54,36.99,0.0,0,5,0.1367,0.048,0.1183,0.061
42.314,1,0.802,-9.73,17.41,5,74.6,23.26,0.09,-0.2132,0.09,-0.01,-0.196,1.911,-2.406,-97.86,11.77,1,30.4,1,0.733,-30.05,42.29,0.0,0,5,0.1329,0.048,0.1108,0.0665
42.349,1,0.802,-10.48,18.58,5,74.4,22.65,0.09,-0.2117,0.093,-0.011,-0.216,1.91,-2.41,-98.38,11.77,1,30.4,1,0.733,-30.05,45.64,0.0,0,5,0.1332,0.0481,0.1165,0.074
42.386,1,0.804,-10.48,18.95,5,74.5,22.65,0.09,-0.2248,0.091,-0.006,-0.167,1.909,-2.414,-98.78,11.77,1,30.4,1,0.733,-30.05,45.64,0.0,0,5,0.1241,0.05,0.1204,0.0704
42.417,1,0.814,-10.48,20.03,5,74.6,23.26,0.09,-0.2324,0.092,-0.004,-0.168,1.909,-2.416,-99.01,11.77,1,30.4,1,0.736,-30.05,48.72,0.0,0,5,0.1241,0.0537,0.1223,0.0667
42.448,1,0.806,-9.73,21.37,5,74.6,23.26,0.09,-0.2527,0.092,0.004,-0.174,1.909,-2.419,-99.24,11.77,1,34.23,1,0.748,-29.57,50.44,0.0,0,5,0.1204,0.0667,0.1241,0.0556
42.48,1,0.844,-9.73,23.6,5,74.5,22.65,0.09,-0.2859,0.093,0.006,-0.156,1.908,-2.421,-99.41,11.77,1,34.23,1,0.754,-30.54,50.51,0.0,0,5,0.1203,0.0722,0.124,0.0537
42.516,1,0.865,-9.73,24.86,5,74.7,22.65,0.09,-0.3246,0.097,0.008,-0.204,1.908,-2.425,-99.87,11.77,1,34.23,1,0.772,-31.5,50.08,0.0,0,5,0.1183,0.0795,0.1294,0.0592
42.55,1,0.87,-9.73,25.98,5,74.7,22.65,0.09,-0.3465,0.096,0.005,-0.224,1.907,-2.429,-100.32,11.77,1,34.23,1,0.763,-33.93,48.45,0.0,0,5,0.1202,0.0703,0.1313,0.0629
42.613,1,0.847,-11.48,26.72,5,74.5,22.77,0.0969,-0.3659,0.093,-0.002,-0.292,1.906,-2.434,-101.36,11.77,1,34.23,1,0.785,-42.17,46.35,0.0,0,5,0.1333,0.0444,0.1388,0.0574
42.647,1,0.848,-12.98,27.09,5,75.2,22.19,0.111,-0.3675,0.095,-0.006,-0.262,1.905,-2.438,-101.93,11.77,1,44.66,1,0.785,-42.17,46.35,0.0,0,5,0.1518,0.0333,0.1444,0.0518
42.684,1,0.858,-13.98,26.92,5,75.1,22.22,0.1167,-0.3809,0.097,-0.012,-0.332,1.903,-2.442,-102.73,11.77,1,44.66,1,0.785,-42.17,46.35,0.0,0,5,0.1665,0.0241,0.1462,0.0518
42.715,1,0.862,-14.47,26.22,5,74.9,22.78,0.1177,-0.3708,0.099,-0.013,-0.38,1.903,-2.444,-103.13,11.77,1,44.66,1,0.802,-54.29,39.24,0.0,0,5,0.17,0.024,0.1478,0.0536
42.747,1,0.846,-15.97,25.94,5,74.8,22.77,0.1219,-0.3712,0.102,-0.015,-0.367,1.901,-2.448,-103.99,11.77,1,44.66,1,0.841,-56.71,40.55,0.0,0,5,0.1718,0.024,0.1497,0.0554
42.781,1,0.842,-16.72,24.86,5,75.3,22.46,0.1236,-0.3547,0.105,-0.017,-0.346,1.9,-2.45,-104.39,11.77,1,44.66,1,0.841,-56.71,40.55,0.0,0,5,0.1811,0.0259,0.1497,0.0628
42.814,1,0.823,-17.47,23.8,5,76.2,22.68,0.1301,-0.351,0.112,-0.02,-0.391,1.898,-2.454,-105.25,11.77,1,44.66,1,0.841,-61.56,41.53,0.0,0,5,0.1903,0.0259,0.1571,0.0739
42.848,1,0.784,-17.72,22.77,5,76.8,22.46,0.1365,-0.3448,0.12,-0.022,-0.318,1.896,-2.459,-106.05,11.78,1,45.0,1,0.841,-61.56,41.53,0.0,0,5,0.1977,0.0314,0.1645,0.085
42.88,1,0.791,-16.47,21.05,5,77.7,23.2,0.1248,-0.2841,0.122,-0.02,-0.316,1.895,-2.461,-106.4,11.78,1,45.0,1,0.841,-64.95,43.53,0.0,0,5,0.1976,0.0332,0.1699,0.0868
42.916,1,0.794,-17.97,21.56,5,78.4,22.22,0.1007,-0.2186,0.131,-0.015,-0.335,1.893,-2.466,-107.2,11.78,1,45.0,1,0.814,-64.46,45.32,0.0,0,5,0.1996,0.0536,0.1793,0.0924
42.948,1,0.79,-17.97,20.73,5,77.9,21.96,0.09,-0.2101,0.136,-0.011,-0.313,1.891,-2.472,-107.95,11.78,1,45.0,1,0.829,-63.49,43.03,0.0,0,5,0.2015,0.0666,0.183,0.0924
42.984,1,0.846,-17.47,20.97,5,77.6,21.67,0.09,-0.1972,0.136,-0.002,-0.197,1.889,-2.477,-108.46,11.78,1,45.0,1,0.873,-62.52,41.11,0.0,0,5,0.1888,0.0851,0.1832,0.0888
43.016,1,0.859,-16.22,20.12,5,77.2,21.6,0.0969,-0.2082,0.134,0.003,-0.132,1.889,-2.479,-108.58,11.78,1,45.0,1,0.88,-60.1,39.06,0.0,0,5,0.1777,0.0944,0.1795,0.0851
43.047,1,0.861,-15.22,19.96,5,77.2,21.46,0.111,-0.2153,0.128,0.015,-0.182,1.888,-2.484,-108.98,11.78,1,43.5,1,0.897,-56.71,37.87,0.0,0,5,0.1443,0.1147,0.1721,0.0814
43.081,1,0.862,-14.23,19.53,5,77.0,21.46,0.1185,-0.2463,0.124,0.017,-0.104,1.888,-2.486,-109.09,11.78,1,43.5,1,0.897,-56.71,37.87,0.0,0,5,0.135,0.1165,0.1646,0.0795
43.116,1,0.877,-13.73,19.55,5,76.9,21.46,0.1319,-0.2858,0.117,0.007,-0.204,1.886,-2.491,-109.49,11.78,1,43.5,1,0.885,-51.38,37.77,0.0,0,5,0.135,0.1036,0.1443,0.0851
43.148,1,0.878,-12.73,19.21,5,76.9,21.46,0.146,-0.3266,0.115,-0.002,-0.168,1.884,-2.495,-109.89,11.78,1,43.5,1,0.886,-48.95,37.83,0.0,0,5,0.1479,0.0814,0.1442,0.0851
43.181,1,0.867,-12.48,19.88,5,77.3,21.62,0.1529,-0.3473,0.115,-0.003,-0.263,1.883,-2.497,-110.18,11.78,1,43.5,1,0.886,-48.95,37.83,0.0,0,5,0.1515,0.0758,0.1478,0.085
43.216,1,0.826,-12.23,19.71,5,77.8,21.62,0.1602,-0.3812,0.118,0.002,-0.323,1.882,-2.502,-110.81,11.78,1,43.5,1,0.884,-44.11,36.63,0.0,0,5,0.1589,0.0739,0.1663,0.0739
43.249,1,0.809,-12.48,20.15,5,78.3,21.1,0.1548,-0.3646,0.126,0.005,-0.374,1.88,-2.507,-111.67,11.79,1,43.42,1,0.893,-42.65,35.77,0.0,0,5,0.1756,0.0776,0.183,0.0665
43.28,1,0.806,-12.48,20.77,5,78.8,21.62,0.1432,-0.3405,0.13,0.006,-0.417,1.879,-2.51,-112.13,11.79,1,43.42,1,0.88,-41.2,34.74,0.0,0,5,0.1869,0.0777,0.1943,0.0629
43.315,1,0.767,-12.48,23.01,5,79.1,24.45,0.1191,-0.2839,0.143,0.011,-0.366,1.878,-2.516,-113.04,11.79,1,43.42,1,0.893,-39.74,32.09,0.0,0,5,0.2015,0.0869,0.2219,0.0629
43.346,1,0.737,-12.23,27.27,5,78.9,22.15,0.0948,-0.2904,0.148,0.016,-0.397,1.876,-2.521,-113.9,11.79,1,43.42,1,0.898,-37.32,30.11,0.0,0,5,0.2022,0.0937,0.2352,0.0625
43.382,1,0.759,-12.23,31.97,5,78.2,24.26,0.09,-0.3677,0.15,0.017,-0.402,1.875,-2.524,-114.36,11.79,1,43.42,1,0.898,-37.32,30.11,0.0,0,5,0.2002,0.0992,0.2351,0.0643
43.444,1,0.749,-13.73,38.34,5,76.6,27.55,0.09,-0.4487,0.135,0.015,-0.341,1.871,-2.535,-115.91,11.79,1,45.0,1,0.916,-31.99,24.17,0.0,0,5,0.1853,0.0908,0.2089,0.0563
43.481,1,0.774,-12.48,41.82,5,76.7,28.77,0.09,-0.5409,0.135,0.015,-0.341,1.871,-2.535,-115.91,11.79,1,45.0,1,0.916,-31.99,24.17,0.0,0,5,0.1853,0.0908,0.2089,0.0563
43.515,1,0.787,-13.23,43.61,5,76.5,28.77,0.09,-0.5455,0.127,0.012,-0.415,1.869,-2.539,-116.88,11.79,1,45.0,1,0.911,-28.6,20.49,0.0,0,5,0.1729,0.0756,0.2017,0.0558
43.547,1,0.743,-14.23,43.81,5,76.6,28.03,0.09,-0.5455,0.114,0.01,-0.38,1.868,-2.543,-117.74,11.79,1,45.0,1,0.918,-27.63,16.83,0.0,0,5,0.1675,0.0594,0.1891,0.0396
43.578,1,0.759,-14.97,43.96,5,76.1,26.86,0.09,-0.5455,0.11,0.01,-0.354,1.867,-2.545,-118.2,11.79,1,45.0,1,0.919,-27.63,15.06,0.0,0,5,0.1709,0.0527,0.1873,0.0273
43.647,1,0.775,-14.72,43.49,5,74.2,27.23,0.09,-0.5455,0.095,0.013,-0.481,1.865,-2.552,-120.44,11.79,1,45.0,1,0.91,-27.63,8.23,0.0,0,5,0.1683,0.0277,0.1886,-0.0037
43.681,1,0.744,-13.48,43.26,5,72.6,26.95,0.09,-0.5455,0.091,0.01,-0.467,1.864,-2.554,-120.95,11.79,1,45.0,1,0.905,-28.6,5.85,0.0,0,5,0.1646,0.0185,0.183,-0.0037
43.714,1,0.767,-13.23,42.63,5,71.6,26.27,0.09,-0.5455,0.087,0.007,-0.495,1.862,-2.557,-122.1,11.79,1,45.0,1,0.9,-29.08,2.45,0.0,0,5,0.1647,0.0093,0.1795,-0.0037
43.747,1,0.761,-12.98,41.84,5,71.3,25.95,0.09,-0.5455,0.087,0.0,-0.494,1.86,-2.56,-123.19,11.79,1,45.0,1,0.9,-30.54,-1.73,0.0,0,5,0.1729,0.0,0.1747,0.0
43.781,1,0.762,-12.98,41.25,5,70.8,26.11,0.09,-0.5455,0.088,0.001,-0.513,1.859,-2.561,-123.82,11.79,1,45.0,1,0.9,-30.54,-1.73,0.0,0,5,0.1747,0.0,0.1784,0.0
43.844,1,0.773,-12.98,38.56,5,70.7,25.1,0.09,-0.5455,0.089,0.0,-0.45,1.855,-2.567,-126.11,11.79,1,45.0,1,0.907,-34.41,-13.25,0.0,0,5,0.1776,0.0,0.1776,0.0
43.877,1,0.779,-12.98,37.43,5,70.5,25.0,0.09,-0.5455,0.088,-0.001,-0.507,1.854,-2.568,-126.68,11.79,1,45.0,1,0.916,-36.35,-17.17,7.891,1,5,0.1796,0.0,0.174,0.0
43.946,1,0.755,-13.48,36.55,5,68.9,24.45,0.09,-0.5368,0.092,-0.003,-0.519,1.849,-2.574,-129.09,11.79,1,45.0,1,0.934,-39.74,-24.27,0.0,0,5,0.1887,0.0,0.1776,0.0
43.981,1,0.769,-13.73,34.6,5,68.2,23.94,0.09,-0.5151,0.092,-0.002,-0.544,1.848,-2.575,-129.66,11.79,1,45.0,1,0.934,-39.74,-24.27,0.0,0,5,0.1867,0.0,0.1793,0.0
44.047,1,0.756,-15.47,33.17,5,67.8,23.73,0.09,-0.4792,0.089,0.001,-0.532,1.843,-2.581,-132.07,11.79,1,45.0,1,0.95,-45.56,-33.6,0.0,0,5,0.1757,0.0,0.1813,0.0
44.081,1,0.78,-15.72,32.13,5,69.9,23.46,0.09,-0.4325,0.09,0.001,-0.516,1.842,-2.582,-132.7,11.79,1,45.0,1,0.95,-45.56,-33.6,0.0,0,5,0.1758,0.0,0.1813,0.0019
44.146,1,0.801,-16.97,30.05,5,72.4,23.34,0.09,-0.4158,0.085,-0.0,-0.463,1.837,-2.587,-134.93,11.79,1,45.0,1,0.948,-50.89,-41.37,0.0,0,5,0.1665,0.0,0.1683,0.0037
44.178,1,0.818,-17.72,29.23,5,73.7,22.68,0.0968,-0.3645,0.083,-0.0,-0.448,1.836,-2.588,-135.45,11.79,1,45.0,1,0.948,-50.89,-41.37,0.0,0,5,0.1646,0.0,0.1646,0.0018
44.246,1,0.823,-18.72,27.64,5,76.2,22.68,0.1038,-0.3464,0.081,0.003,-0.416,1.832,-2.593,-137.45,11.79,1,34.38,1,0.941,-47.5,-39.17,0.0,0,5,0.1547,0.0092,0.1584,0.0
44.28,1,0.822,-19.22,26.85,5,77.5,22.15,0.1107,-0.3155,0.082,0.007,-0.412,1.831,-2.594,-137.97,11.79,1,34.38,1,0.941,-47.5,-39.17,0.0,0,5,0.1492,0.0184,0.1584,0.0
44.346,1,0.799,-20.71,26.5,5,78.6,22.15,0.1181,-0.3296,0.087,0.008,-0.305,1.826,-2.599,-139.52,11.79,1,34.38,1,0.932,-40.23,-29.46,0.0,0,5,0.1406,0.0352,0.1555,0.0185
44.381,1,0.832,-18.47,24.2,5,78.0,22.15,0.1202,-0.313,0.091,0.006,-0.303,1.824,-2.601,-139.86,11.79,1,34.38,1,0.932,-40.23,-29.46,0.0,0,5,0.1416,0.0349,0.1582,0.0276
44.413,1,0.835,-18.72,24.29,5,77.5,22.19,0.1271,-0.3239,0.099,0.004,-0.307,1.821,-2.603,-140.55,11.79,1,34.38,1,0.847,-31.02,-14.12,0.0,0,5,0.1507,0.0441,0.1617,0.0386
44.448,1,0.822,-18.22,23.62,5,77.6,21.6,0.1336,-0.3435,0.107,-0.0,-0.302,1.817,-2.606,-141.23,11.79,1,22.38,1,0.847,-31.02,-14.12,0.0,0,5,0.158,0.0515,0.1617,0.0551
44.476,1,0.828,-18.22,23.08,5,77.7,21.62,0.1376,-0.3485,0.11,-0.0,-0.303,1.816,-2.608,-141.58,11.79,1,22.38,1,0.876,-26.17,-8.13,0.0,0,5,0.1628,0.0574,0.161,0.0574
44.544,1,0.821,-17.97,22.01,5,78.2,21.62,0.1408,-0.3454,0.125,-0.002,-0.263,1.807,-2.614,-142.95,11.79,1,22.38,1,0.851,-17.45,10.13,0.0,0,5,0.1703,0.0666,0.1703,0.074
44.58,1,0.819,-18.22,22.38,5,77.9,21.42,0.1473,-0.3435,0.13,-0.005,-0.278,1.805,-2.615,-143.24,11.79,1,22.38,1,0.851,-17.45,10.13,0.0,0,5,0.1871,0.0734,0.1779,0.0825
44.644,1,0.821,-18.72,21.78,5,77.8,21.1,0.1451,-0.3417,0.14,-0.003,-0.253,1.796,-2.622,-144.79,11.79,1,12.31,1,0.842,-8.72,27.35,0.0,0,5,0.2,0.0837,0.1891,0.0855
44.679,1,0.827,-18.72,20.84,5,78.2,21.46,0.1487,-0.3322,0.142,-0.003,-0.297,1.793,-2.623,-145.07,11.79,1,12.31,1,0.842,-8.72,27.35,0.0,0,5,0.1944,0.0807,0.1962,0.0954
44.744,1,0.833,-17.72,19.03,5,77.4,21.42,0.1543,-0.3266,0.152,-0.007,-0.265,1.783,-2.63,-146.39,11.79,1,12.31,1,0.854,-11.15,22.21,0.0,0,5,0.1978,0.0924,0.196,0.1202
44.781,1,0.849,-17.47,18.46,5,77.5,20.96,0.161,-0.312,0.152,-0.006,-0.254,1.78,-2.631,-146.68,11.79,1,12.31,1,0.854,-11.15,22.21,0.0,0,5,0.1996,0.0979,0.194,0.1164
44.845,1,0.843,-16.97,17.68,5,76.9,21.1,0.1687,-0.3164,0.161,0.001,-0.254,1.769,-2.639,-147.88,11.79,1,11.55,1,0.862,-10.18,21.22,0.0,0,5,0.2044,0.1087,0.2155,0.1142
44.878,1,0.844,-16.47,17.57,5,77.6,21.1,0.1734,-0.3124,0.164,0.003,-0.284,1.766,-2.641,-148.17,11.79,1,11.55,1,0.862,-10.18,21.22,0.0,0,5,0.2063,0.1124,0.2211,0.1161
44.946,1,0.852,-15.72,16.35,5,76.9,21.02,0.174,-0.3147,0.17,0.002,-0.277,1.755,-2.648,-149.37,11.79,1,11.55,1,0.828,-8.72,21.77,0.0,0,5,0.209,0.121,0.2218,0.1265
44.977,1,0.849,-14.97,15.97,5,76.2,21.1,0.1806,-0.3043,0.172,0.004,-0.205,1.752,-2.65,-149.6,11.79,1,11.55,1,0.828,-8.72,21.77,0.0,0,5,0.2091,0.1247,0.2256,0.1266
45.043,1,0.823,-15.22,16.05,5,77.8,20.57,0.1837,-0.3052,0.182,0.012,-0.313,1.739,-2.658,-150.97,11.79,1,12.23,1,0.805,-9.21,18.39,0.0,0,5,0.2204,0.1445,0.2445,0.1204
45.076,1,0.808,-15.72,15.57,5,78.1,20.2,0.1833,-0.3026,0.184,0.012,-0.286,1.736,-2.66,-151.32,11.79,1,12.23,1,0.805,-9.21,18.39,0.0,0,5,0.2221,0.1443,0.2461,0.1221
45.143,1,0.798,-15.47,14.58,5,77.4,20.57,0.1862,-0.2884,0.188,0.007,-0.337,1.723,-2.668,-152.69,11.79,1,12.23,1,0.798,-10.66,14.78,0.0,0,5,0.231,0.1423,0.2477,0.1312
45.177,1,0.814,-14.47,14.2,5,77.0,21.02,0.1921,-0.2742,0.191,0.007,-0.252,1.72,-2.67,-152.98,11.79,1,12.23,1,0.797,-10.66,13.81,0.0,0,5,0.2348,0.1461,0.2515,0.1331
45.217,1,0.823,-14.23,13.83,5,77.0,20.81,0.1944,-0.2787,0.196,0.01,-0.303,1.713,-2.674,-153.72,11.79,1,12.23,1,0.802,-11.15,12.19,0.0,0,5,0.2348,0.1553,0.2552,0.1368
45.243,1,0.822,-14.23,13.9,5,77.5,20.56,0.1966,-0.2732,0.196,0.009,-0.279,1.71,-2.675,-153.9,11.78,1,13.18,1,0.788,-11.63,12.01,0.0,0,5,0.2355,0.1564,0.2553,0.1384
45.277,1,0.813,-14.47,13.5,5,78.0,21.02,0.1962,-0.2741,0.199,0.011,-0.301,1.703,-2.679,-154.58,11.78,1,13.18,1,0.788,-11.63,12.01,0.0,0,5,0.2385,0.1602,0.2598,0.1388
45.346,1,0.853,-12.73,12.02,5,78.5,21.02,0.1986,-0.2623,0.204,0.005,-0.317,1.688,-2.686,-155.79,11.78,1,13.18,1,0.778,-12.6,14.16,0.0,0,5,0.2423,0.1609,0.2571,0.1572
45.377,1,0.829,-14.23,12.43,5,79.1,20.81,0.2055,-0.25,0.205,0.005,-0.298,1.685,-2.688,-156.19,11.78,1,13.18,1,0.773,-13.57,15.96,0.0,0,5,0.2422,0.1646,0.2552,0.159
45.443,1,0.84,-13.98,11.81,5,78.4,20.81,0.2051,-0.2417,0.206,0.005,-0.205,1.67,-2.695,-157.28,11.78,1,12.23,1,0.754,-14.54,16.5,0.0,0,5,0.2421,0.1645,0.2587,0.1608
45.478,1,0.844,-12.73,10.95,5,78.1,20.81,0.2088,-0.2313,0.208,0.005,-0.185,1.666,-2.696,-157.51,11.78,1,12.23,1,0.754,-14.54,16.5,0.0,0,5,0.2438,0.1644,0.2605,0.1626
45.543,1,0.821,-13.73,10.18,5,79.1,20.81,0.214,-0.2243,0.214,0.001,-0.232,1.649,-2.703,-158.59,11.78,1,12.23,1,0.756,-15.99,23.53,0.0,0,5,0.2513,0.1748,0.2549,0.1748
45.576,1,0.705,-12.98,9.35,4,78.4,20.79,0.2186,-0.1929,0.214,0.001,-0.25,1.645,-2.705,-158.88,11.78,1,12.23,1,0.764,-16.96,23.84,0.0,0,5,0.2513,0.1767,0.2532,0.1748
45.643,1,0.71,-12.23,7.59,4,77.5,20.53,0.2236,-0.1808,0.219,0.004,-0.187,1.629,-2.711,-159.8,11.78,1,11.92,1,0.75,-17.93,24.81,0.0,0,5,0.2535,0.1832,0.2627,0.1758
45.678,1,0.694,-11.98,7.14,4,76.7,20.79,0.225,-0.1353,0.222,0.004,-0.206,1.625,-2.713,-160.03,11.78,1,11.92,1,0.75,-17.93,24.81,0.0,0,5,0.2534,0.1905,0.2626,0.1831
45.712,1,0.693,-11.98,6.75,4,77.8,20.5,0.2219,-0.1202,0.229,0.006,-0.187,1.616,-2.716,-160.49,11.78,1,11.92,1,0.744,-16.48,24.68,0.0,0,5,0.2534,0.2034,0.2663,0.1923
45.745,1,0.669,-12.98,6.77,4,78.9,20.79,0.2217,-0.1069,0.232,0.005,-0.072,1.607,-2.719,-160.77,11.78,1,11.92,1,0.749,-15.51,26.01,0.0,0,5,0.2515,0.2071,0.2663,0.2034
45.776,1,0.69,-11.48,5.61,4,77.9,20.53,0.2171,-0.0913,0.231,0.004,-0.05,1.603,-2.721,-160.83,11.78,1,11.92,1,0.749,-15.51,26.01,0.0,0,5,0.2516,0.2035,0.2664,0.2035
45.812,1,0.677,-12.23,6.86,4,77.9,20.58,0.2211,-0.0761,0.234,0.002,-0.172,1.594,-2.724,-161.12,11.78,1,11.92,1,0.722,-9.69,25.74,0.0,0,5,0.2513,0.2143,0.2587,0.2125
45.845,1,0.676,-11.73,8.29,4,78.9,20.85,0.2187,-0.1039,0.236,0.001,-0.115,1.585,-2.727,-161.4,11.77,1,11.23,1,0.614,-7.76,26.44,0.0,0,4,0.2528,0.2198,0.2546,0.218
45.879,1,0.67,-10.48,9.91,4,78.0,21.67,0.2184,-0.1544,0.235,-0.001,-0.017,1.58,-2.729,-161.4,11.77,1,11.23,1,0.614,-7.76,26.44,0.0,0,4,0.2509,0.218,0.2509,0.2216
45.944,1,0.66,-10.73,16.47,4,77.6,21.66,0.1792,-0.1743,0.232,0.0,-0.115,1.562,-2.735,-161.86,11.77,1,11.23,1,0.704,-2.42,26.17,0.0,0,5,0.2458,0.218,0.2476,0.218
46.014,1,0.652,-6.74,21.38,5,72.7,21.67,0.1807,-0.3489,0.227,-0.0,-0.059,1.55,-2.739,-162.09,11.77,1,11.23,1,0.736,-2.42,19.11,0.0,0,5,0.2438,0.2105,0.2419,0.2105
46.044,1,0.773,-4.49,19.05,5,72.7,21.67,0.1568,-0.4662,0.221,0.001,-0.173,1.541,-2.742,-162.32,11.77,1,19.3,1,0.724,-2.42,15.0,7.052,1,5,0.238,0.2103,0.2343,0.203
46.077,1,0.783,-2.75,17.9,5,72.8,21.67,0.1573,-0.4372,0.22,0.001,-0.118,1.537,-2.743,-162.49,11.77,1,19.3,1,0.724,-2.42,15.0,7.052,1,5,0.2362,0.2066,0.2362,0.203
46.111,1,0.792,-1.0,16.82,5,72.8,21.6,0.1715,-0.455,0.217,-0.002,-0.11,1.529,-2.745,-162.78,11.77,1,19.3,1,0.683,-7.27,-0.93,1.981,1,5,0.2381,0.1956,0.2344,0.1993
46.145,1,0.824,0.5,16.16,5,72.3,21.62,0.1786,-0.4561,0.212,-0.005,-0.191,1.521,-2.747,-163.12,11.77,1,19.3,1,0.664,-9.69,-7.78,-1.915,1,5,0.2421,0.1755,0.2384,0.1922
46.176,1,0.816,1.25,16.31,5,72.1,21.6,0.1826,-0.4617,0.211,-0.005,-0.259,1.517,-2.749,-163.41,11.77,1,19.3,1,0.664,-9.69,-7.78,-1.915,1,5,0.2458,0.1737,0.2384,0.1848
46.212,1,0.831,2.5,14.64,5,71.1,21.1,0.1817,-0.4666,0.21,-0.001,-0.25,1.509,-2.751,-164.04,11.77,1,19.3,1,0.657,-16.96,-30.18,0.0,0,5,0.2515,0.172,0.2459,0.172
46.242,1,0.862,2.99,14.73,5,71.4,21.1,0.1918,-0.4482,0.208,0.004,-0.321,1.502,-2.753,-164.61,11.76,1,24.37,1,0.719,-16.48,-32.48,0.0,0,5,0.251,0.1715,0.2474,0.1679
46.279,1,0.821,2.99,12.47,5,72.2,21.11,0.1912,-0.4536,0.206,0.004,-0.365,1.498,-2.754,-165.07,11.76,1,24.37,1,0.714,-16.96,-33.78,0.0,0,5,0.25,0.1643,0.2572,0.1536
46.343,1,0.798,3.49,11.88,5,72.9,20.96,0.2048,-0.4022,0.195,0.002,-0.442,1.483,-2.758,-166.67,11.76,1,24.37,1,0.707,-16.48,-37.37,0.0,0,5,0.259,0.1258,0.2683,0.1277
46.375,1,0.797,2.5,11.07,5,72.4,20.96,0.1941,-0.3758,0.196,0.004,-0.466,1.479,-2.759,-167.19,11.76,1,24.37,1,0.707,-15.51,-36.36,0.0,0,5,0.2626,0.1295,0.27,0.1221
46.415,1,0.801,2.0,10.27,5,72.6,20.96,0.1928,-0.3375,0.2,0.008,-0.481,1.472,-2.762,-168.28,11.76,1,24.37,1,0.693,-13.57,-34.08,0.0,0,5,0.2663,0.1424,0.2737,0.1165
46.445,1,0.806,1.75,9.36,5,73.3,20.56,0.2068,-0.3246,0.198,0.012,-0.408,1.464,-2.764,-169.19,11.76,1,14.45,1,0.708,-11.15,-30.23,0.0,0,5,0.2628,0.1406,0.2794,0.111
46.477,1,0.795,0.75,9.38,5,73.9,20.57,0.1958,-0.283,0.199,0.01,-0.417,1.46,-2.764,-169.71,11.76,1,14.45,1,0.708,-11.15,-30.23,0.0,0,5,0.2628,0.1369,0.2813,0.1147
46.513,1,0.792,0.25,8.14,5,73.9,20.44,0.2099,-0.2869,0.195,0.005,-0.387,1.452,-2.766,-170.68,11.76,1,14.45,1,0.684,-4.85,-18.71,0.0,0,5,0.2642,0.1229,0.277,0.1174
46.546,1,0.794,-0.25,8.2,5,74.0,20.44,0.2249,-0.258,0.193,-0.0,-0.389,1.445,-2.767,-171.54,11.76,1,14.45,1,0.687,-1.94,-14.33,-3.763,1,5,0.2624,0.1185,0.2661,0.1239
46.576,1,0.783,-1.0,7.52,5,73.8,20.96,0.2306,-0.259,0.191,0.001,-0.323,1.441,-2.768,-171.89,11.76,1,14.45,1,0.68,0.0,-9.56,-3.799,1,5,0.257,0.124,0.2607,0.124
46.616,1,0.774,-2.5,7.39,5,73.7,20.96,0.2346,-0.2331,0.197,0.001,-0.337,1.432,-2.769,-172.63,11.76,1,14.45,1,0.701,-0.48,-7.67,-5.44,1,5,0.2551,0.1421,0.2551,0.1366
46.647,1,0.774,-3.24,7.09,5,73.7,20.46,0.2233,-0.2045,0.205,-0.005,-0.317,1.424,-2.769,-173.26,11.76,1,5.76,1,0.693,0.48,-6.48,-5.428,1,5,0.2619,0.1483,0.2509,0.1575
46.676,1,0.768,-4.24,6.95,5,74.0,20.46,0.2115,-0.178,0.209,-0.009,-0.305,1.42,-2.769,-173.61,11.76,1,5.76,1,0.69,0.97,-2.57,-3.611,1,5,0.2677,0.1493,0.2513,0.1676
46.713,1,0.778,-5.74,6.65,5,74.6,20.44,0.1873,-0.1464,0.212,-0.012,-0.207,1.411,-2.77,-174.29,11.76,1,5.76,1,0.699,0.0,-1.52,-0.174,1,5,0.2683,0.147,0.2536,0.1801
46.744,1,0.78,-6.24,6.42,5,74.9,20.46,0.1634,-0.1045,0.217,-0.009,-0.292,1.402,-2.77,-174.75,11.76,1,5.76,1,0.685,1.94,-2.4,-1.921,1,5,0.2702,0.1617,0.2536,0.1819
46.775,1,0.763,-7.99,6.35,5,74.8,20.96,0.1515,-0.0849,0.219,-0.009,-0.365,1.398,-2.771,-175.15,11.76,1,5.76,1,0.685,1.94,-2.4,-1.921,1,5,0.2699,0.1664,0.2533,0.1849
46.812,1,0.78,-8.98,5.71,5,75.4,20.96,0.1274,-0.0454,0.22,-0.011,-0.175,1.389,-2.771,-175.73,11.76,1,5.76,1,0.68,-0.97,2.21,2.263,1,5,0.2737,0.1665,0.2515,0.1868
46.843,1,0.794,-9.73,6.14,5,75.1,20.56,0.1081,-0.0092,0.212,-0.014,-0.228,1.381,-2.771,-176.13,11.75,1,1.58,1,0.683,0.97,0.41,-3.739,1,5,0.2609,0.1518,0.2443,0.1906
46.876,1,0.777,-10.98,5.41,5,75.8,20.96,0.1081,-0.0092,0.206,-0.014,-0.226,1.377,-2.771,-176.36,11.75,1,1.58,1,0.683,0.97,0.41,-3.739,1,5,0.2534,0.1443,0.2386,0.1868
46.91,1,0.786,-11.98,5.02,5,76.0,20.96,0.105,0.0145,0.197,-0.012,-0.164,1.369,-2.771,-176.81,11.75,1,1.58,1,0.706,-0.97,5.86,3.891,1,5,0.2348,0.1442,0.2274,0.183
46.943,1,0.791,-12.73,5.12,5,77.2,20.46,0.1081,0.0295,0.19,-0.01,-0.078,1.362,-2.771,-177.04,11.75,1,1.58,1,0.715,-0.48,2.11,2.059,1,5,0.2267,0.153,0.2082,0.1732
46.976,1,0.789,-13.48,4.21,5,76.7,20.96,0.106,0.0353,0.187,-0.011,-0.119,1.358,-2.771,-177.16,11.75,1,1.58,1,0.715,-0.48,2.11,2.059,1,5,0.2211,0.1547,0.1971,0.1732
47.009,1,0.774,-14.47,3.81,5,78.0,20.56,0.0965,0.0564,0.176,-0.012,-0.066,1.351,-2.771,-177.39,11.75,1,1.58,1,0.728,-0.97,9.6,2.65,1,5,0.208,0.151,0.1786,0.1675
47.043,1,0.764,-14.97,3.54,5,78.9,20.96,0.09,0.0721,0.166,-0.013,-0.104,1.345,-2.77,-177.62,11.75,1,-0.22,1,0.734,-1.94,5.9,2.771,1,5,0.1922,0.133,0.1718,0.1663
47.075,1,0.775,-15.47,3.6,5,78.8,20.57,0.09,0.0813,0.16,-0.014,-0.144,1.342,-2.77,-177.79,11.75,1,-0.22,1,0.734,-1.94,5.9,2.771,1,5,0.1867,0.122,0.1701,0.1627
47.109,1,0.795,-16.22,3.81,5,78.2,20.56,0.09,0.0832,0.152,-0.013,-0.038,1.336,-2.77,-177.9,11.75,1,-0.22,1,0.73,-3.88,6.04,2.699,1,5,0.1739,0.1184,0.1591,0.1573
47.142,1,0.784,-16.97,3.35,5,78.0,20.96,0.104,0.0859,0.144,-0.009,-0.082,1.33,-2.77,-178.08,11.75,1,-0.22,1,0.736,-4.36,4.07,3.059,1,5,0.1572,0.1239,0.1461,0.148
47.176,1,0.797,-17.97,3.35,5,80.0,20.96,0.1081,0.102,0.14,-0.008,-0.044,1.328,-2.77,-178.13,11.75,1,-0.22,1,0.736,-4.36,4.07,3.059,1,5,0.1517,0.1258,0.1387,0.1443
47.208,1,0.782,-18.22,2.46,5,80.6,20.57,0.1081,0.1109,0.131,-0.01,-0.043,1.323,-2.769,-178.25,11.75,1,-0.22,1,0.732,-6.3,1.83,3.829,1,5,0.1479,0.1146,0.1275,0.1349
47.244,1,0.771,-18.72,2.15,5,80.5,20.56,0.0951,0.1267,0.123,-0.013,-0.074,1.318,-2.769,-178.42,11.73,1,0.34,1,0.732,-6.3,1.83,3.829,1,5,0.1498,0.098,0.1221,0.1221
47.276,1,0.767,-19.22,2.34,5,81.0,20.57,0.09,0.1372,0.119,-0.014,-0.102,1.316,-2.769,-178.48,11.73,1,0.34,1,0.732,-6.3,1.83,3.829,1,5,0.1498,0.0925,0.1184,0.1165
47.308,1,0.712,-19.72,0.87,4,81.9,20.51,0.09,0.1376,0.111,-0.012,-0.073,1.312,-2.768,-178.71,11.73,1,0.34,1,0.744,-8.24,1.68,7.153,1,5,0.1351,0.0814,0.1166,0.1092
47.343,1,0.714,-20.46,0.43,4,82.4,20.56,0.09,0.1671,0.104,-0.007,-0.024,1.308,-2.768,-178.82,11.73,1,0.34,1,0.744,-8.24,1.68,7.153,1,5,0.1165,0.0814,0.1128,0.1073
47.378,1,0.718,-20.71,0.32,4,82.4,20.56,0.09,0.1831,0.1,-0.005,-0.033,1.306,-2.768,-178.82,11.73,1,0.34,1,0.744,-8.24,1.68,7.153,1,5,0.1054,0.0814,0.1091,0.1054
47.408,1,0.82,-20.96,2.22,5,81.9,21.02,0.09,0.1858,0.096,-0.003,0.013,1.302,-2.768,-178.82,11.73,1,0.34,1,0.754,-10.18,-0.46,5.47,1,5,0.0943,0.0887,0.0961,0.1035
47.443,1,0.782,-20.96,2.24,5,81.5,20.96,0.09,0.1538,0.093,-0.002,-0.015,1.298,-2.768,-178.82,11.73,1,0.18,1,0.758,-10.18,-0.92,6.511,1,5,0.0888,0.0943,0.0869,0.1017
47.476,1,0.777,-20.96,1.8,5,81.5,21.1,0.09,0.1526,0.092,-0.001,-0.011,1.297,-2.768,-178.82,11.73,1,0.18,1,0.758,-10.18,-0.92,6.511,1,5,0.0888,0.0962,0.0851,0.0981
47.511,1,0.794,-20.96,1.96,5,81.3,21.02,0.09,0.1593,0.089,-0.002,-0.016,1.293,-2.768,-178.82,11.73,1,0.18,1,0.763,-10.66,-0.17,6.109,1,5,0.0925,0.0888,0.0851,0.0888
47.542,1,0.815,-21.46,2.2,5,81.2,20.96,0.09,0.1556,0.085,-0.005,-0.017,1.29,-2.768,-178.88,11.73,1,0.18,1,0.763,-10.66,-0.65,7.004,1,5,0.0961,0.0869,0.0832,0.0869
47.576,1,0.812,-21.21,1.85,5,82.4,20.57,0.09,0.1574,0.083,-0.005,-0.052,1.288,-2.768,-178.93,11.73,1,0.18,1,0.763,-10.66,-0.65,7.004,1,5,0.0924,0.074,0.0814,0.0832
47.609,1,0.768,-21.21,1.63,5,83.4,20.57,0.09,0.1597,0.078,-0.004,0.02,1.285,-2.768,-178.93,11.73,1,0.18,1,0.773,-10.66,-1.34,5.429,1,5,0.0833,0.074,0.074,0.0815
47.644,1,0.698,-21.21,0.07,4,83.0,20.79,0.09,0.1631,0.074,-0.002,0.089,1.282,-2.768,-178.76,11.73,1,3.57,1,0.752,-12.12,-1.05,0.0,0,5,0.0703,0.0777,0.0666,0.0833
47.676,1,0.701,-20.96,0.14,4,83.0,20.77,0.09,0.1902,0.073,-0.003,0.095,1.281,-2.768,-178.65,11.73,1,3.57,1,0.752,-12.12,-1.05,0.0,0,5,0.0647,0.0777,0.0629,0.0869
47.71,1,0.703,-20.46,0.37,4,82.2,21.03,0.09,0.1859,0.071,-0.003,0.118,1.278,-2.768,-178.36,11.73,1,3.57,1,0.762,-15.51,-11.8,1.947,1,5,0.0555,0.0814,0.0536,0.0924
47.743,1,0.782,-19.97,2.42,5,81.4,21.1,0.09,0.1761,0.069,-0.005,0.162,1.275,-2.768,-178.02,11.73,1,3.57,1,0.778,-14.54,-9.75,3.992,1,5,0.05,0.087,0.0426,0.0981
47.776,1,0.819,-19.47,2.37,5,80.1,21.1,0.09,0.1343,0.068,-0.005,0.147,1.274,-2.768,-177.85,11.73,1,3.57,1,0.778,-14.54,-9.75,3.992,1,5,0.0499,0.0906,0.037,0.0962
47.81,1,0.826,-18.97,2.1,5,79.4,21.11,0.09,0.1305,0.067,-0.004,0.096,1.271,-2.768,-177.56,11.73,1,3.57,1,0.773,-12.6,-7.36,4.098,1,5,0.0462,0.0924,0.0351,0.0961
47.843,1,0.829,-17.97,1.81,5,78.7,21.02,0.09,0.1305,0.066,-0.001,0.125,1.269,-2.768,-177.27,11.71,1,4.25,1,0.777,-11.63,-5.98,4.625,1,5,0.0444,0.0888,0.0407,0.0888
47.875,1,0.845,-17.47,1.75,5,78.1,20.96,0.09,0.1238,0.066,0.001,0.099,1.267,-2.768,-177.16,11.71,1,4.25,1,0.777,-11.63,-5.98,4.625,1,5,0.0426,0.087,0.0463,0.087
47.913,1,0.847,-16.47,2.0,5,77.2,20.96,0.09,0.1212,0.065,0.004,0.157,1.265,-2.768,-176.87,11.71,1,4.25,1,0.777,-11.63,-5.98,4.625,1,5,0.0389,0.0851,0.0537,0.0833
47.942,1,0.857,-15.97,2.42,5,76.2,20.96,0.09,0.107,0.062,0.004,0.163,1.262,-2.769,-176.59,11.71,1,4.25,1,0.771,-8.72,-3.46,2.048,1,5,0.0333,0.0833,0.05,0.0833
47.976,1,0.858,-14.97,2.62,5,75.3,21.02,0.09,0.0947,0.061,0.003,0.141,1.261,-2.769,-176.41,11.71,1,4.25,1,0.771,-8.72,-3.46,2.048,1,5,0.0333,0.0851,0.0444,0.0832
48.009,1,0.856,-13.98,2.78,5,74.7,21.02,0.09,0.0819,0.059,0.001,0.178,1.259,-2.769,-175.96,11.71,1,4.25,1,0.766,-5.82,-1.0,1.409,1,5,0.0296,0.087,0.0333,0.087
48.042,1,0.848,-12.98,3.21,5,74.2,21.02,0.09,0.0681,0.056,0.0,0.181,1.258,-2.769,-175.78,11.71,1,4.71,1,0.771,-4.85,1.39,2.062,1,5,0.0278,0.0888,0.0241,0.0851
48.075,1,0.83,-11.98,4.42,5,73.9,21.02,0.09,0.0513,0.052,-0.002,0.201,1.256,-2.769,-175.27,11.71,1,4.71,1,0.761,-2.91,2.0,1.87,1,5,0.0239,0.0884,0.0129,0.0847
48.109,1,0.843,-11.23,3.91,5,73.4,20.81,0.09,0.0219,0.048,-0.006,0.187,1.254,-2.769,-174.81,11.71,1,4.71,1,0.762,-1.94,5.22,2.645,1,5,0.0239,0.0828,0.0018,0.0828
48.143,1,0.844,-10.48,4.15,5,73.2,20.56,0.09,0.0252,0.047,-0.007,0.133,1.252,-2.769,-174.52,11.71,1,4.71,1,0.762,-1.94,5.22,2.645,1,5,0.0221,0.0736,0.0074,0.0865
48.178,1,0.845,-9.73,4.4,5,72.7,21.02,0.09,0.013,0.049,-0.007,0.119,1.251,-2.769,-174.35,11.71,1,4.71,1,0.762,-1.94,5.22,2.645,1,5,0.0222,0.0703,0.013,0.0888
48.208,1,0.833,-8.98,6.15,5,72.6,21.11,0.09,0.0031,0.049,-0.005,0.125,1.249,-2.769,-174.06,11.71,1,4.71,1,0.735,-4.85,-2.57,2.372,1,5,0.0259,0.0666,0.0222,0.0814
48.241,1,0.838,-8.49,6.5,5,72.2,20.96,0.09,-0.0353,0.048,-0.004,0.094,1.248,-2.769,-173.95,11.7,1,7.61,1,0.735,-4.85,-2.57,2.372,1,5,0.0277,0.0647,0.0222,0.0758
48.276,1,0.841,-7.99,6.83,5,72.4,20.96,0.09,-0.0445,0.049,-0.003,0.074,1.246,-2.769,-173.78,11.7,1,7.61,1,0.735,-4.85,-2.57,2.372,1,5,0.0351,0.0646,0.0277,0.0683
48.307,1,0.845,-7.24,6.55,5,72.8,21.02,0.09,-0.0534,0.052,-0.003,0.052,1.244,-2.769,-173.66,11.7,1,7.61,1,0.75,-2.91,-2.05,0.051,1,5,0.0422,0.0624,0.0349,0.0679
48.342,1,0.847,-6.99,6.85,5,72.8,21.02,0.09,-0.0552,0.055,-0.002,0.03,1.242,-2.769,-173.55,11.7,1,7.61,1,0.75,-2.91,-2.05,0.051,1,5,0.0496,0.0606,0.0441,0.0643
48.377,1,0.843,-6.74,6.76,5,72.6,20.57,0.09,-0.0623,0.057,-0.002,0.023,1.24,-2.769,-173.55,11.7,1,7.61,1,0.75,-2.91,-2.05,0.051,1,5,0.0533,0.0607,0.0478,0.0644
48.407,1,0.841,-6.49,6.99,5,72.8,20.96,0.09,-0.0618,0.058,0.0,0.013,1.238,-2.77,-173.55,11.7,1,7.61,1,0.754,-4.85,-8.15,-1.189,1,5,0.0551,0.0625,0.0551,0.0606
48.444,1,0.844,-5.99,6.55,5,72.5,20.96,0.09,-0.0671,0.062,0.002,0.009,1.235,-2.77,-173.49,11.7,1,9.89,1,0.754,-4.85,-8.15,-1.189,1,5,0.0588,0.068,0.0606,0.0606
48.476,1,0.845,-5.99,6.91,5,72.6,20.96,0.09,-0.065,0.062,0.004,0.055,1.234,-2.77,-173.49,11.7,1,9.89,1,0.754,-4.85,-8.15,-1.189,1,5,0.0606,0.0698,0.0624,0.0569
48.508,1,0.86,-5.99,6.5,5,72.4,20.96,0.09,-0.0696,0.065,0.002,-0.002,1.232,-2.771,-173.43,11.7,1,9.89,1,0.747,-3.88,-8.72,-1.337,1,5,0.0684,0.0703,0.0629,0.0573
48.547,1,0.868,-5.49,5.37,5,72.5,20.81,0.09,-0.0614,0.067,-0.0,-0.009,1.229,-2.771,-173.43,11.7,1,9.89,1,0.746,-3.88,-7.94,-3.527,1,5,0.0721,0.0665,0.0665,0.0628
48.575,1,0.866,-5.49,6.38,5,72.6,20.96,0.09,-0.0475,0.069,-0.002,-0.032,1.227,-2.771,-173.49,11.7,1,9.89,1,0.742,-3.88,-8.11,-4.02,1,5,0.0738,0.0664,0.0682,0.0682
48.607,1,0.87,-5.49,6.21,5,72.8,20.96,0.09,-0.064,0.07,-0.001,0.002,1.225,-2.771,-173.49,11.7,1,9.89,1,0.749,-2.91,-8.27,0.345,1,5,0.0698,0.0662,0.0717,0.0735
48.644,1,0.87,-4.99,5.62,5,72.7,20.57,0.09,-0.0603,0.069,-0.001,0.002,1.223,-2.771,-173.49,11.7,1,9.89,1,0.749,-2.91,-8.27,0.345,1,5,0.068,0.0644,0.0717,0.0717
48.677,1,0.879,-4.99,5.88,5,72.7,20.96,0.09,-0.0561,0.069,-0.0,-0.003,1.222,-2.772,-173.55,11.7,1,7.24,1,0.749,-2.91,-8.27,0.345,1,5,0.0699,0.068,0.0699,0.0699
48.707,1,0.877,-4.49,5.16,5,72.5,20.96,0.09,-0.0594,0.07,0.0,-0.002,1.219,-2.772,-173.55,11.7,1,7.24,1,0.743,-1.94,-4.76,-1.722,1,5,0.0684,0.0702,0.0702,0.0702
48.741,1,0.869,-4.49,4.97,5,72.6,21.02,0.09,-0.0522,0.071,0.001,0.0,1.216,-2.772,-173.55,11.7,1,7.24,1,0.744,-0.97,-5.89,0.328,1,5,0.0701,0.0701,0.0701,0.0683
48.776,1,0.863,-3.99,4.34,5,72.5,20.57,0.09,-0.0483,0.07,0.0,-0.016,1.215,-2.772,-173.55,11.7,1,7.24,1,0.744,-0.97,-5.89,0.328,1,5,0.0688,0.0706,0.0706,0.0706
48.81,1,0.879,-3.74,5.46,5,72.5,20.56,0.09,-0.0425,0.071,0.001,-0.013,1.212,-2.773,-173.61,11.7,1,7.24,1,0.728,2.91,2.28,0.611,1,5,0.0706,0.0725,0.0706,0.0688
48.843,1,0.876,-3.49,4.96,5,73.0,20.57,0.09,-0.0647,0.073,0.002,0.032,1.209,-2.773,-173.55,11.7,1,7.24,1,0.744,2.91,1.44,-1.327,1,5,0.0726,0.0762,0.0708,0.0671
48.877,1,0.862,-3.49,6.07,5,73.3,21.02,0.09,-0.058,0.074,0.004,0.005,1.207,-2.774,-173.55,11.69,1,4.34,1,0.744,2.91,1.44,-1.327,1,5,0.0759,0.0814,0.074,0.0648
48.907,1,0.874,-2.99,5.8,5,73.1,21.02,0.09,-0.0763,0.08,0.002,0.017,1.204,-2.774,-173.55,11.69,1,4.34,1,0.734,6.79,10.54,1.296,1,5,0.0869,0.0851,0.0795,0.0703
48.947,1,0.881,-2.75,5.15,5,73.1,20.56,0.09,-0.0768,0.081,0.0,-0.03,1.201,-2.774,-173.61,11.69,1,4.34,1,0.742,6.79,8.73,-2.794,1,5,0.0888,0.0833,0.0796,0.074
48.975,1,0.886,-2.5,5.74,5,73.3,21.02,0.09,-0.0682,0.081,-0.001,-0.031,1.199,-2.774,-173.61,11.69,1,4.34,1,0.745,7.76,9.31,2.98,1,5,0.087,0.0777,0.0814,0.0777
49.007,1,0.874,-2.5,4.74,5,73.5,20.57,0.09,-0.0802,0.076,0.001,-0.039,1.196,-2.775,-173.72,11.69,1,4.34,1,0.745,7.27,9.01,0.0,1,5,0.0796,0.0722,0.0833,0.0703
49.041,1,0.879,-2.25,5.24,5,73.6,21.1,0.09,-0.0624,0.075,0.002,-0.034,1.195,-2.775,-173.78,11.69,1,4.34,1,0.748,7.27,10.01,2.373,1,5,0.0773,0.0699,0.0847,0.0681
49.108,1,0.871,-2.0,4.17,5,74.0,20.57,0.09,-0.0726,0.075,0.002,-0.03,1.189,-2.776,-173.89,11.69,1,6.05,1,0.742,7.76,8.29,0.605,1,5,0.0755,0.0718,0.081,0.07
49.141,1,0.87,-1.75,4.27,5,74.2,20.56,0.09,-0.0563,0.077,0.002,-0.047,1.186,-2.776,-174.01,11.69,1,6.05,1,0.74,7.76,8.29,0.622,1,5,0.0759,0.0777,0.0814,0.074
49.175,1,0.861,-1.5,3.67,5,74.1,20.96,0.09,-0.061,0.077,0.002,0.003,1.184,-2.777,-174.01,11.69,1,6.05,1,0.736,7.76,8.29,0.635,1,5,0.0773,0.0773,0.0809,0.0736
49.209,1,0.855,-1.5,3.74,5,74.4,20.57,0.09,-0.0526,0.082,0.003,-0.005,1.181,-2.777,-173.95,11.69,1,6.05,1,0.717,5.82,7.23,0.0,1,5,0.0809,0.0827,0.0864,0.0772
49.245,1,0.868,-1.0,3.84,5,74.5,21.02,0.09,-0.0532,0.086,0.004,-0.016,1.177,-2.778,-174.01,11.68,1,6.7,1,0.75,5.33,1.74,-1.907,1,5,0.0864,0.0864,0.0919,0.0772
49.275,1,0.867,-1.0,3.98,5,74.4,20.96,0.09,-0.0608,0.086,0.004,-0.026,1.175,-2.778,-174.01,11.68,1,6.7,1,0.747,5.82,2.41,-0.08,1,5,0.0869,0.0888,0.0925,0.0777
49.308,1,0.864,-1.0,3.73,5,74.4,20.57,0.09,-0.0622,0.086,0.001,-0.046,1.172,-2.778,-174.12,11.68,1,6.7,1,0.751,5.82,2.32,-1.902,1,5,0.0906,0.0832,0.0906,0.0777
49.344,1,0.878,-0.75,4.97,5,74.5,20.56,0.09,-0.0572,0.083,-0.0,-0.048,1.169,-2.778,-174.24,11.68,1,6.7,1,0.754,5.82,2.32,-1.902,1,5,0.0869,0.0758,0.0906,0.0795
49.375,1,0.878,-0.5,4.66,5,74.3,20.57,0.09,-0.0817,0.083,0.0,-0.047,1.167,-2.779,-174.29,11.68,1,6.7,1,0.754,5.82,2.32,-1.902,1,5,0.0869,0.074,0.0924,0.0777
49.409,1,0.876,-0.5,4.77,5,74.4,20.56,0.09,-0.0787,0.08,0.001,-0.041,1.164,-2.779,-174.41,11.68,1,6.7,1,0.755,5.82,2.39,-0.047,1,5,0.0832,0.074,0.0888,0.074
49.44,1,0.855,-0.25,2.72,5,74.7,20.46,0.09,-0.0803,0.08,0.001,-0.023,1.163,-2.779,-174.41,11.68,1,6.7,1,0.761,5.82,-0.04,-3.608,1,5,0.0833,0.074,0.087,0.074
49.477,1,0.848,-0.5,2.54,5,74.8,20.57,0.09,-0.047,0.079,-0.0,-0.035,1.159,-2.779,-174.47,11.68,1,7.59,1,0.748,4.85,-0.24,-1.268,1,5,0.0852,0.0741,0.0834,0.0741
49.507,1,0.869,-0.25,4.5,5,74.9,20.46,0.09,-0.0402,0.082,-0.001,-0.018,1.156,-2.78,-174.52,11.68,1,7.59,1,0.771,4.36,-3.03,-2.628,1,5,0.0889,0.074,0.0889,0.0778
49.543,1,0.858,-0.75,3.55,5,75.0,20.56,0.09,-0.0774,0.087,-0.001,-0.097,1.152,-2.78,-174.69,11.68,1,7.59,1,0.775,4.36,-3.04,-2.63,1,5,0.0962,0.0777,0.0943,0.0814
49.575,1,0.854,-1.0,2.74,5,75.1,20.96,0.09,-0.0543,0.091,-0.001,-0.045,1.15,-2.78,-174.75,11.68,1,7.59,1,0.775,4.36,-3.04,-2.63,1,5,0.0998,0.0813,0.098,0.0832
49.607,1,0.853,-0.5,2.54,5,75.4,20.57,0.09,-0.0375,0.092,0.0,-0.004,1.147,-2.781,-174.75,11.68,1,7.59,1,0.775,4.36,-3.04,-2.63,1,5,0.1017,0.0888,0.0962,0.0832
49.641,1,0.844,-0.5,2.64,5,75.4,20.96,0.09,-0.0404,0.093,-0.001,-0.009,1.145,-2.781,-174.75,11.68,1,7.59,1,0.775,4.36,-3.04,-2.63,1,5,0.1036,0.0906,0.0925,0.0851
49.677,1,0.84,-0.25,2.44,5,75.4,20.46,0.09,-0.042,0.09,0.0,-0.01,1.141,-2.781,-174.75,11.68,1,4.7,1,0.775,4.36,-3.04,-2.63,1,5,0.0934,0.0898,0.0898,0.0861
49.705,1,0.842,0.0,2.13,5,75.1,20.57,0.09,-0.0413,0.087,-0.002,-0.033,1.138,-2.781,-174.87,11.68,1,4.7,1,0.746,7.76,-0.18,-3.805,1,5,0.0891,0.0836,0.0873,0.0891
49.741,1,0.844,-0.25,2.4,5,75.2,20.56,0.09,-0.0389,0.085,-0.001,-0.041,1.134,-2.782,-174.92,11.68,1,4.7,1,0.78,8.24,4.19,-0.857,1,5,0.0855,0.0837,0.0873,0.0873
49.775,1,0.843,-0.25,2.31,5,75.4,20.46,0.09,-0.0398,0.085,-0.002,-0.02,1.133,-2.782,-174.98,11.68,1,4.7,1,0.78,8.24,4.19,-0.857,1,5,0.0898,0.0806,0.0861,0.0843
49.808,1,0.833,-0.25,2.22,5,75.2,20.46,0.09,-0.0382,0.088,-0.001,-0.017,1.129,-2.782,-175.04,11.68,1,4.7,1,0.781,7.76,2.49,-3.189,1,5,0.0941,0.0812,0.0922,0.0848
49.841,1,0.837,0.5,1.42,5,74.7,20.96,0.09,-0.0365,0.091,-0.002,0.018,1.127,-2.782,-175.04,11.67,1,3.31,1,0.78,7.76,2.49,-3.184,1,5,0.0974,0.0808,0.0974,0.0882
49.874,1,0.842,0.75,1.75,5,74.8,20.56,0.09,-0.032,0.095,-0.002,-0.041,1.123,-2.782,-175.04,11.67,1,3.31,1,0.778,8.24,1.73,-2.605,1,5,0.0995,0.0847,0.1013,0.0958
49.909,1,0.849,0.75,2.05,5,74.8,20.56,0.09,-0.0397,0.098,0.0,-0.014,1.119,-2.783,-175.04,11.67,1,3.31,1,0.773,8.72,3.31,-2.07,1,5,0.0995,0.0959,0.0995,0.0959
49.943,1,0.839,0.75,1.99,5,74.7,20.56,0.09,-0.0444,0.095,-0.0,-0.005,1.116,-2.783,-175.04,11.67,1,3.31,1,0.754,10.18,1.51,-1.192,1,5,0.0999,0.0962,0.0944,0.0925
49.973,1,0.849,0.75,4.33,5,73.8,20.46,0.09,-0.0427,0.093,0.0,-0.042,1.114,-2.783,-175.1,11.67,1,3.31,1,0.726,13.57,8.73,-6.293,1,5,0.0981,0.0963,0.0907,0.087
50.006,1,0.851,0.75,4.17,5,73.7,20.56,0.09,-0.0831,0.089,-0.003,-0.093,1.11,-2.783,-175.27,11.67,1,3.31,1,0.726,13.57,8.73,-6.293,1,5,0.0982,0.0853,0.0871,0.0871
50.04,1,0.849,0.75,3.85,5,73.3,20.44,0.09,-0.08,0.089,-0.004,-0.043,1.108,-2.783,-175.33,11.67,1,3.97,1,0.726,13.57,8.73,-6.293,1,5,0.0963,0.0815,0.0889,0.0889
50.075,1,0.851,0.5,3.69,5,73.2,20.56,0.09,-0.0743,0.087,-0.002,-0.018,1.105,-2.784,-175.38,11.67,1,3.97,1,0.726,13.57,8.73,-6.293,1,5,0.0926,0.0759,0.0945,0.0852
50.105,1,0.856,0.25,3.94,5,73.4,20.46,0.09,-0.0685,0.088,-0.001,-0.058,1.101,-2.784,-175.5,11.67,1,3.97,1,0.751,10.66,8.31,-0.045,1,5,0.0944,0.0759,0.0981,0.0833
50.142,1,0.863,0.25,3.93,5,73.8,20.46,0.09,-0.0697,0.09,-0.003,-0.036,1.098,-2.784,-175.55,11.67,1,3.97,1,0.761,10.18,8.3,0.216,1,5,0.0943,0.074,0.0998,0.0851
50.174,1,0.863,0.25,3.83,5,73.4,20.46,0.09,-0.0701,0.093,-0.004,-0.026,1.096,-2.784,-175.55,11.67,1,3.97,1,0.768,10.66,7.91,1.187,1,5,0.0989,0.0806,0.0971,0.0934
50.206,1,0.869,0.25,3.83,5,73.7,20.46,0.09,-0.0686,0.093,-0.001,-0.034,1.092,-2.784,-175.67,11.67,1,3.97,1,0.774,10.66,6.76,-1.195,1,5,0.0971,0.0879,0.0971,0.0916
50.245,1,0.87,0.25,3.62,5,74.2,20.0,0.09,-0.0688,0.093,0.001,-0.002,1.089,-2.785,-175.67,11.64,1,3.8,1,0.774,10.18,6.04,-4.382,1,5,0.0995,0.096,0.0924,0.0835
50.306,1,0.872,0.0,3.46,5,74.3,20.56,0.09,-0.0653,0.088,-0.001,-0.085,1.084,-2.785,-175.84,11.64,1,3.8,1,0.772,10.18,6.77,-3.806,1,5,0.1003,0.0842,0.0896,0.077
50.34,1,0.878,-0.25,3.27,5,74.5,20.2,0.09,-0.0596,0.087,-0.004,-0.052,1.08,-2.785,-176.07,11.64,1,3.8,1,0.772,10.18,6.77,-3.806,1,5,0.098,0.0739,0.0924,0.085
50.406,1,0.863,-0.75,2.9,5,74.4,20.0,0.09,-0.0539,0.089,-0.006,-0.054,1.075,-2.785,-176.18,11.64,1,3.8,1,0.758,9.21,5.0,0.348,1,5,0.1036,0.0703,0.0962,0.0869
50.44,1,0.854,-0.75,3.15,5,74.3,20.2,0.09,-0.0414,0.089,-0.006,-0.01,1.073,-2.785,-176.24,11.64,1,3.8,1,0.759,8.72,3.2,-3.581,1,5,0.1055,0.0703,0.0962,0.0851
50.474,1,0.851,-0.75,2.84,5,74.2,20.46,0.09,-0.0467,0.089,-0.007,-0.019,1.069,-2.785,-176.3,11.64,1,3.32,1,0.759,8.72,3.2,-3.581,1,5,0.1036,0.0703,0.0943,0.0888
50.505,1,0.856,-0.75,2.8,5,74.1,20.44,0.09,-0.0418,0.089,-0.004,-0.03,1.066,-2.785,-176.41,11.64,1,3.32,1,0.754,8.72,3.37,-0.217,1,5,0.098,0.0758,0.0943,0.0888
50.541,1,0.859,-0.75,2.8,5,74.2,20.44,0.09,-0.0413,0.09,-0.002,-0.021,1.064,-2.785,-176.41,11.64,1,3.32,1,0.754,8.72,3.37,-0.217,1,5,0.0943,0.0814,0.0943,0.0887
50.572,1,0.849,-1.0,2.54,5,73.9,20.57,0.09,-0.0416,0.088,0.002,-0.049,1.06,-2.786,-176.47,11.64,1,3.32,1,0.764,8.24,3.78,-1.229,1,5,0.0943,0.0888,0.0925,0.0777
50.608,1,0.859,-1.25,2.91,5,74.5,20.46,0.09,-0.0343,0.086,0.001,-0.086,1.057,-2.786,-176.64,11.64,1,3.32,1,0.764,8.24,3.78,-1.229,1,5,0.0925,0.0833,0.0925,0.0777
50.642,1,0.862,-1.5,2.6,5,74.9,20.44,0.09,-0.0378,0.087,-0.0,-0.052,1.055,-2.786,-176.76,11.64,1,3.32,1,0.752,7.76,1.98,-2.083,1,5,0.0962,0.0796,0.0925,0.0777
50.674,1,0.836,-2.0,1.86,5,75.5,20.57,0.09,-0.03,0.088,-0.004,-0.035,1.052,-2.786,-176.87,11.64,1,2.97,1,0.757,6.79,2.91,-0.662,1,5,0.0981,0.0685,0.0999,0.087
50.707,1,0.831,-2.25,1.59,5,75.7,20.46,0.09,-0.0118,0.089,-0.004,-0.036,1.048,-2.786,-176.99,11.64,1,2.97,1,0.757,6.79,2.91,-0.662,1,5,0.1008,0.0715,0.0989,0.0861
50.74,1,0.838,-2.25,1.4,5,75.6,20.46,0.09,-0.0044,0.089,-0.002,-0.034,1.046,-2.786,-177.04,11.64,1,2.97,1,0.757,6.79,2.91,-0.662,1,5,0.0971,0.0732,0.1007,0.0842
50.776,1,0.849,-2.25,1.89,5,75.4,20.0,0.09,-0.0024,0.087,-0.002,-0.03,1.043,-2.786,-177.1,11.64,1,2.97,1,0.761,5.82,1.72,-0.71,1,5,0.0953,0.0788,0.0916,0.0843
50.807,1,0.858,-2.25,1.91,5,75.6,20.0,0.09,-0.0116,0.088,-0.002,-0.014,1.039,-2.786,-177.16,11.64,1,2.97,1,0.769,5.82,0.53,-3.09,1,5,0.0926,0.0796,0.0926,0.087
50.843,1,0.863,-2.25,2.12,5,75.3,19.45,0.09,-0.0122,0.086,-0.002,-0.016,1.038,-2.786,-177.16,11.64,1,2.97,1,0.769,5.82,0.53,-3.09,1,5,0.0908,0.0797,0.0889,0.0852
50.875,1,0.865,-2.25,2.38,5,75.0,19.59,0.09,-0.0162,0.087,0.001,0.013,1.034,-2.787,-177.16,11.64,1,1.86,1,0.771,5.82,-0.63,-5.446,1,5,0.0889,0.0871,0.0889,0.0815
50.907,1,0.844,-2.25,1.82,5,75.1,20.46,0.09,-0.0209,0.086,0.003,-0.009,1.031,-2.787,-177.16,11.64,1,1.86,1,0.776,5.82,0.51,-3.073,1,5,0.0888,0.0925,0.0851,0.0777
50.942,1,0.825,-2.25,1.53,5,75.7,20.46,0.09,-0.0112,0.088,0.0,-0.045,1.027,-2.787,-177.22,11.64,1,1.86,1,0.776,5.82,0.51,-3.073,1,5,0.0925,0.0925,0.0869,0.0814
50.975,1,0.831,-2.25,1.2,5,75.9,20.46,0.09,-0.0064,0.09,-0.001,-0.015,1.025,-2.787,-177.27,11.64,1,1.86,1,0.783,5.82,-0.66,-5.431,1,5,0.0905,0.0868,0.0905,0.0905
51.005,1,0.837,-2.25,1.14,5,76.0,20.46,0.09,-0.0006,0.092,0.0,-0.012,1.021,-2.787,-177.27,11.64,1,1.86,1,0.785,5.82,-0.38,-1.806,1,5,0.087,0.0833,0.0999,0.0962
51.038,1,0.821,-2.25,1.32,5,75.9,20.0,0.09,0.0005,0.091,0.0,0.002,1.02,-2.787,-177.27,11.64,1,1.86,1,0.751,6.3,-1.3,-5.708,1,5,0.0851,0.0851,0.098,0.0961
51.072,1,0.818,-1.75,0.83,5,75.7,20.0,0.09,-0.0028,0.09,0.0,0.001,1.016,-2.787,-177.27,11.64,1,0.3,1,0.735,9.21,6.61,-2.879,1,5,0.0881,0.0881,0.0936,0.0918
51.105,1,0.838,-1.75,0.92,5,75.6,20.04,0.09,-0.0,0.089,0.0,0.001,1.012,-2.788,-177.27,11.64,1,0.3,1,0.735,9.21,6.61,-2.879,1,5,0.0881,0.0918,0.0863,0.09
51.142,1,0.852,-1.75,1.1,5,75.6,20.04,0.09,-0.0013,0.086,0.001,0.016,1.009,-2.788,-177.22,11.64,1,0.3,1,0.735,9.21,6.61,-2.879,1,5,0.0863,0.09,0.0863,0.0882
51.175,1,0.859,-1.0,1.32,5,75.3,20.0,0.09,-0.0042,0.085,0.003,0.033,1.007,-2.788,-177.22,11.64,1,0.3,1,0.736,7.27,9.66,-3.8,1,5,0.0834,0.0908,0.0852,0.0815
51.206,1,0.856,-1.0,1.38,5,75.5,19.97,0.09,-0.0166,0.083,0.002,-0.006,1.004,-2.788,-177.22,11.64,1,0.3,1,0.77,10.18,10.11,-2.752,1,5,0.087,0.0889,0.0815,0.0759
51.246,1,0.846,-1.25,1.27,5,75.2,20.04,0.09,-0.0168,0.086,-0.0,-0.033,1.001,-2.788,-177.27,11.65,1,-0.62,1,0.77,10.18,10.11,-2.752,1,5,0.0889,0.087,0.0833,0.0778
51.305,1,0.84,-1.25,0.77,5,75.0,20.04,0.09,-0.0112,0.091,-0.002,-0.017,0.995,-2.789,-177.39,11.65,1,-0.62,1,0.772,10.66,8.5,-2.986,1,5,0.0926,0.0778,0.1,0.0926
51.339,1,0.84,-1.25,0.74,5,74.7,20.04,0.09,-0.0024,0.089,0.001,-0.006,0.992,-2.789,-177.39,11.65,1,-0.62,1,0.772,10.66,8.5,-2.986,1,5,0.0907,0.0815,0.1,0.0889
51.408,1,0.841,-1.0,0.86,5,74.6,19.97,0.09,-0.0018,0.086,0.002,-0.009,0.986,-2.789,-177.45,11.65,1,-0.62,1,0.777,11.15,7.69,-2.33,1,5,0.0851,0.0888,0.0888,0.0832
51.437,1,0.844,-0.75,1.07,5,74.0,20.04,0.09,-0.007,0.086,0.001,-0.012,0.985,-2.789,-177.45,11.65,1,-0.62,1,0.776,11.63,7.36,-1.442,1,5,0.0832,0.0869,0.0869,0.0851
51.507,1,0.845,-0.5,1.77,5,73.1,19.97,0.09,-0.0129,0.086,0.005,-0.017,0.978,-2.79,-177.45,11.65,1,-0.29,1,0.767,11.63,7.19,-3.237,1,5,0.0814,0.0925,0.0888,0.0796
51.54,1,0.844,-0.75,1.85,5,73.5,20.0,0.09,-0.028,0.087,0.006,-0.009,0.976,-2.79,-177.5,11.65,1,-0.29,1,0.767,11.63,7.19,-3.237,1,5,0.0852,0.0963,0.0907,0.0778
51.574,1,0.843,-1.25,1.51,5,73.9,20.04,0.09,-0.0257,0.091,0.004,-0.105,0.972,-2.79,-177.62,11.65,1,-0.29,1,0.767,11.63,7.19,-3.237,1,5,0.0962,0.0962,0.0925,0.0777
51.606,1,0.852,-1.25,1.72,5,74.6,20.0,0.09,-0.0139,0.091,0.002,-0.04,0.969,-2.791,-177.79,11.65,1,-0.29,1,0.773,9.69,8.28,-2.272,1,5,0.0999,0.0888,0.0981,0.0777
51.642,1,0.851,-1.25,1.71,5,74.8,20.0,0.09,-0.0177,0.092,0.001,-0.022,0.967,-2.791,-177.85,11.65,1,0.88,1,0.772,9.21,6.84,-5.687,1,5,0.1017,0.0851,0.1017,0.0795
51.673,1,0.819,-1.0,0.72,5,74.7,20.0,0.09,-0.018,0.09,0.003,-0.019,0.963,-2.791,-177.9,11.65,1,0.88,1,0.772,9.21,6.82,-5.689,1,5,0.0944,0.0851,0.1018,0.0796
51.706,1,0.829,-1.0,0.55,5,74.3,19.97,0.09,-0.0039,0.09,0.003,-0.009,0.96,-2.791,-177.9,11.65,1,0.88,1,0.766,8.72,7.27,-4.802,1,5,0.0887,0.0887,0.098,0.0851
51.743,1,0.843,-1.0,1.28,5,74.2,19.97,0.09,-0.0007,0.088,0.003,-0.047,0.956,-2.792,-177.96,11.65,1,0.88,1,0.766,8.72,7.27,-4.802,1,5,0.0851,0.0906,0.0906,0.0851
51.776,1,0.842,-1.0,1.19,5,73.9,19.97,0.09,-0.0135,0.087,0.003,-0.039,0.954,-2.792,-178.02,11.65,1,0.88,1,0.762,8.72,6.91,-6.335,1,5,0.0832,0.0906,0.0906,0.0851
51.805,1,0.828,-1.0,1.0,5,73.1,19.97,0.09,-0.012,0.088,0.004,-0.003,0.951,-2.792,-178.02,11.65,1,0.88,1,0.725,9.21,5.65,0.571,1,5,0.0887,0.0924,0.0906,0.0795
51.841,1,0.801,-1.0,0.09,5,73.2,19.97,0.09,-0.0085,0.089,0.004,-0.031,0.949,-2.792,-178.08,11.65,1,0.88,1,0.725,9.21,5.65,0.571,1,5,0.0924,0.0961,0.0906,0.0776
51.906,1,0.839,-1.25,0.96,5,73.8,20.04,0.09,0.0075,0.098,0.005,-0.102,0.941,-2.793,-178.3,11.66,1,-0.13,1,0.758,9.21,6.13,-1.199,1,5,0.0999,0.098,0.1073,0.0851
51.941,1,0.844,-1.5,0.66,5,74.1,19.97,0.09,-0.0047,0.097,0.005,-0.054,0.939,-2.793,-178.42,11.66,1,-0.13,1,0.758,9.21,6.13,-1.199,1,5,0.098,0.0925,0.111,0.0869
51.974,1,0.838,-1.5,0.02,5,74.5,19.97,0.09,0.0033,0.096,0.004,-0.024,0.935,-2.793,-178.48,11.66,1,-0.13,1,0.727,7.76,4.36,-4.529,1,5,0.0979,0.085,0.1146,0.085
52.006,1,0.829,-1.5,-0.44,5,74.3,20.0,0.09,0.014,0.093,0.005,-0.03,0.932,-2.794,-178.53,11.66,1,-0.13,1,0.712,11.15,9.53,-4.956,1,5,0.0923,0.0868,0.109,0.0831
52.041,1,0.826,-1.25,-0.44,5,74.2,20.04,0.09,0.0218,0.094,0.004,-0.015,0.93,-2.794,-178.59,11.66,1,-0.13,1,0.712,11.15,9.53,-4.956,1,5,0.0942,0.0905,0.1053,0.0849
52.071,1,0.829,-1.25,-0.5,5,74.5,20.04,0.09,0.0186,0.093,0.003,0.01,0.926,-2.794,-178.59,11.66,1,-0.93,1,0.335,15.62,10.59,-1.79,1,4,0.092,0.0957,0.0957,0.0883
52.106,1,0.826,-1.25,-0.08,5,74.6,20.04,0.09,0.0197,0.096,0.002,0.037,0.922,-2.794,-178.53,11.66,1,-0.93,1,0.335,15.62,10.59,-1.79,1,4,0.0957,0.0994,0.0957,0.092
52.141,1,0.818,-1.25,-0.12,5,74.5,20.04,0.09,0.0125,0.096,0.003,0.037,0.92,-2.794,-178.48,11.66,1,-0.93,1,0.336,15.62,10.59,-1.79,1,4,0.0938,0.1011,0.0975,0.0919
52.207,1,0.83,-1.75,0.16,5,74.6,20.04,0.09,0.0133,0.1,-0.0,-0.035,0.912,-2.794,-178.65,11.66,1,-0.93,1,0.334,15.02,11.35,-3.878,1,4,0.1053,0.0979,0.1016,0.0961
52.237,1,0.838,-1.75,0.03,5,74.8,20.0,0.09,0.0147,0.102,-0.002,-0.082,0.91,-2.794,-178.76,11.66,1,-0.93,1,0.337,15.02,9.98,-1.802,1,4,0.1091,0.0961,0.1035,0.0998
52.274,1,0.834,-1.75,-0.02,5,75.0,20.0,0.09,0.0162,0.102,0.0,-0.034,0.906,-2.794,-178.82,11.65,1,-1.03,1,0.751,10.18,11.87,-3.554,1,5,0.1072,0.0961,0.1072,0.0961
52.31,1,0.838,-1.75,0.25,5,74.7,20.04,0.09,0.0168,0.098,0.002,0.01,0.902,-2.795,-178.82,11.65,1,-1.03,1,0.77,12.6,9.52,-0.935,1,5,0.098,0.0961,0.1054,0.0943
52.342,1,0.808,-1.75,0.07,5,75.0,20.0,0.09,0.0119,0.097,0.003,0.007,0.9,-2.795,-178.82,11.65,1,-1.03,1,0.75,14.54,8.47,2.278,1,5,0.0943,0.0961,0.1035,0.0924
52.373,1,0.798,-2.25,0.57,5,75.2,20.0,0.09,0.0149,0.098,0.001,-0.016,0.896,-2.795,-178.82,11.65,1,-1.03,1,0.766,12.12,10.98,-0.822,1,5,0.0943,0.0998,0.0998,0.0998
52.405,1,0.796,-2.25,0.46,5,75.4,20.04,0.09,0.0119,0.097,0.001,0.004,0.892,-2.795,-178.82,11.65,1,-1.03,1,0.333,15.02,10.6,0.79,1,4,0.0979,0.0998,0.0979,0.0942
52.439,1,0.794,-1.75,-0.08,5,75.3,20.04,0.09,0.0136,0.097,0.001,0.023,0.89,-2.795,-178.82,11.65,1,-1.03,1,0.333,15.02,10.6,0.79,1,4,0.0998,0.0998,0.0961,0.0906
52.505,1,0.814,-2.0,-0.14,5,75.7,20.56,0.09,0.0165,0.098,0.001,-0.054,0.883,-2.795,-178.93,11.65,1,0.31,1,0.333,15.02,10.58,0.856,1,4,0.1036,0.0999,0.0981,0.0888
52.538,1,0.815,-2.0,-0.39,5,75.8,20.2,0.09,0.0208,0.098,-0.001,-0.05,0.881,-2.795,-178.99,11.65,1,0.31,1,0.333,15.02,10.58,0.856,1,4,0.1035,0.0961,0.098,0.0943
52.574,1,0.841,-2.0,0.27,5,75.2,19.97,0.09,0.025,0.097,-0.002,0.03,0.877,-2.795,-178.93,11.65,1,0.31,1,0.723,7.27,9.63,-7.357,1,5,0.0979,0.0924,0.0961,0.0998
52.603,1,0.844,-1.75,0.13,5,75.5,20.04,0.09,0.0134,0.094,-0.002,0.033,0.873,-2.795,-178.88,11.65,1,0.31,1,0.766,9.69,9.51,-6.229,1,5,0.0924,0.0905,0.0924,0.0998
52.64,1,0.838,-1.75,-0.08,5,75.6,20.46,0.09,0.0127,0.092,0.0,0.002,0.871,-2.795,-178.88,11.65,1,0.31,1,0.766,9.69,9.51,-6.229,1,5,0.0869,0.0924,0.0924,0.098
52.704,1,0.834,-1.75,-0.17,5,75.2,20.46,0.09,0.0169,0.094,-0.001,0.034,0.864,-2.795,-178.76,11.65,1,-0.1,1,0.753,11.15,10.37,-4.468,1,5,0.0926,0.0982,0.0871,0.0963
52.738,1,0.828,-2.0,0.04,5,75.2,20.0,0.09,0.0184,0.094,-0.001,0.035,0.862,-2.795,-178.76,11.65,1,-0.1,1,0.742,11.15,9.1,-6.459,1,5,0.0963,0.1,0.0852,0.0945
52.772,1,0.832,-1.75,-0.31,5,74.7,20.46,0.09,0.0178,0.092,-0.001,0.001,0.858,-2.795,-178.71,11.65,1,-0.1,1,0.751,12.12,9.79,-3.096,1,5,0.0925,0.0962,0.0851,0.0925
52.805,1,0.831,-2.0,-0.11,5,75.6,20.2,0.09,0.0208,0.091,-0.003,-0.001,0.855,-2.795,-178.71,11.65,1,-0.1,1,0.759,12.6,9.29,-4.029,1,5,0.0869,0.0906,0.085,0.0998
52.839,1,0.841,-2.0,0.54,5,75.7,20.0,0.09,0.0205,0.09,-0.006,0.022,0.853,-2.795,-178.71,11.65,1,-0.1,1,0.759,12.6,9.29,-4.029,1,5,0.0868,0.085,0.0832,0.1035
52.905,1,0.827,-1.25,-0.27,5,75.0,20.56,0.09,0.0087,0.086,-0.005,0.087,0.846,-2.795,-178.48,11.64,1,-0.52,1,0.757,10.18,10.0,0.0,0,5,0.0825,0.0899,0.0715,0.099
52.937,1,0.841,-1.25,0.53,5,75.8,20.46,0.09,0.0136,0.087,-0.002,0.109,0.844,-2.795,-178.36,11.64,1,-0.52,1,0.756,12.12,10.05,-6.407,1,5,0.0789,0.0954,0.0734,0.099
52.973,1,0.834,-1.5,0.54,5,75.9,20.56,0.09,0.0004,0.089,-0.004,0.065,0.84,-2.795,-178.19,11.64,1,-0.52,1,0.337,16.23,10.6,-4.187,1,4,0.0843,0.1026,0.0678,0.1026
53.005,1,0.834,-1.25,0.4,5,76.0,20.56,0.09,0.0038,0.091,-0.006,0.041,0.837,-2.795,-178.08,11.64,1,-0.52,1,0.337,16.23,10.94,-7.093,1,4,0.0881,0.101,0.0698,0.1047
53.041,1,0.848,-1.75,0.73,5,76.4,20.56,0.09,0.0032,0.09,-0.007,0.029,0.835,-2.795,-178.02,11.64,1,-0.52,1,0.337,16.23,10.94,-7.093,1,4,0.0918,0.0954,0.0697,0.1028
53.104,1,0.833,-1.75,0.87,5,76.6,20.56,0.09,0.0036,0.09,-0.01,0.054,0.828,-2.794,-177.9,11.64,1,0.2,1,0.775,13.57,13.56,-1.517,1,5,0.0954,0.0826,0.0789,0.1046
53.137,1,0.828,-1.25,0.46,5,76.7,20.46,0.09,0.0011,0.09,-0.009,0.061,0.826,-2.794,-177.85,11.64,1,0.2,1,0.775,13.57,13.56,-1.517,1,5,0.0936,0.0844,0.0771,0.1046
53.204,1,0.824,-0.75,0.85,5,76.4,20.46,0.09,0.0025,0.088,-0.005,0.026,0.821,-2.794,-177.67,11.64,1,0.2,1,0.79,14.54,15.67,-1.015,1,5,0.085,0.0887,0.0776,0.0998
53.24,1,0.818,-0.75,0.85,5,76.6,20.56,0.09,-0.0104,0.09,-0.004,0.015,0.819,-2.794,-177.67,11.64,1,0.2,1,0.79,14.54,15.67,-1.015,1,5,0.0832,0.0924,0.0795,0.1035
53.304,1,0.807,-0.75,0.95,5,77.5,21.1,0.09,-0.009,0.092,-0.004,0.064,0.811,-2.794,-177.5,11.66,1,1.41,1,0.323,16.83,16.79,6.08,1,4,0.0892,0.0929,0.082,0.102
53.339,1,0.836,-1.0,2.08,5,77.4,20.96,0.09,-0.0105,0.09,-0.005,0.009,0.809,-2.794,-177.5,11.66,1,1.41,1,0.765,12.6,9.18,0.292,1,5,0.0892,0.0892,0.0801,0.102
53.374,1,0.841,-1.0,2.01,5,77.3,20.56,0.09,-0.027,0.09,-0.007,-0.015,0.806,-2.794,-177.5,11.66,1,1.41,1,0.764,12.6,8.49,1.366,1,5,0.0906,0.0814,0.0832,0.1035
53.404,1,0.843,-1.25,2.36,5,77.1,20.46,0.09,-0.0259,0.09,-0.008,-0.013,0.802,-2.794,-177.5,11.66,1,1.41,1,0.771,12.12,8.8,0.407,1,5,0.0905,0.0795,0.0832,0.1053
53.438,1,0.842,-1.25,2.36,5,76.9,20.46,0.09,-0.029,0.091,-0.007,-0.004,0.8,-2.794,-177.5,11.66,1,1.41,1,0.771,12.12,8.8,0.407,1,5,0.0942,0.0813,0.0868,0.1016
53.504,1,0.845,-1.75,2.24,5,77.1,20.46,0.09,-0.0296,0.092,-0.005,-0.03,0.793,-2.793,-177.67,11.66,1,4.29,1,0.746,6.3,-0.78,-2.507,1,5,0.0998,0.0813,0.0924,0.0942
53.54,1,0.842,-1.75,2.14,5,77.1,20.56,0.09,-0.0212,0.091,-0.005,-0.007,0.791,-2.793,-177.67,11.66,1,4.29,1,0.746,6.3,-0.78,-2.507,1,5,0.0998,0.0813,0.0906,0.0924
53.574,1,0.81,-2.0,1.55,5,76.8,21.1,0.09,-0.0203,0.09,-0.003,-0.027,0.788,-2.794,-177.67,11.66,1,4.29,1,0.713,3.88,-2.34,-1.792,1,5,0.0998,0.0887,0.0851,0.0869
53.604,1,0.814,-2.0,1.34,5,76.8,20.96,0.09,-0.0076,0.09,-0.003,-0.011,0.784,-2.793,-177.73,11.66,1,4.29,1,0.732,2.42,-10.2,-4.214,1,5,0.1016,0.0924,0.0813,0.085
53.641,1,0.836,-1.75,1.66,5,76.9,21.02,0.09,-0.0041,0.091,-0.004,0.014,0.782,-2.793,-177.73,11.66,1,4.29,1,0.732,2.42,-10.2,-4.214,1,5,0.1017,0.0924,0.0832,0.0887
53.706,1,0.823,-2.0,1.33,5,76.9,21.1,0.09,-0.0133,0.098,-0.005,0.033,0.774,-2.793,-177.62,11.66,1,4.46,1,0.735,1.94,-9.98,-5.022,1,5,0.098,0.0925,0.0943,0.1073
53.735,1,0.846,-1.75,1.88,5,77.0,20.57,0.09,-0.0043,0.098,-0.006,0.028,0.772,-2.793,-177.56,11.66,1,4.46,1,0.735,1.94,-9.98,-5.022,1,5,0.0941,0.0923,0.0923,0.1126
53.771,1,0.848,-1.5,1.89,5,76.9,20.57,0.09,-0.0172,0.096,-0.008,0.034,0.768,-2.793,-177.5,11.66,1,4.46,1,0.735,1.94,-9.98,-5.022,1,5,0.0951,0.0914,0.0841,0.1134
53.806,1,0.85,-1.5,1.89,5,76.7,20.56,0.09,-0.0203,0.095,-0.005,0.046,0.764,-2.793,-177.39,11.66,1,4.46,1,0.735,1.94,-9.98,-5.022,1,5,0.0933,0.0951,0.0841,0.1061
53.837,1,0.859,-1.5,2.4,5,76.3,20.96,0.09,-0.0202,0.093,-0.005,0.015,0.763,-2.793,-177.39,11.66,1,4.46,1,0.688,2.91,1.72,-2.28,1,5,0.0935,0.0935,0.0825,0.1026
53.87,1,0.862,-1.5,2.16,5,76.3,20.56,0.09,-0.0288,0.091,-0.004,-0.027,0.759,-2.793,-177.39,11.67,1,1.27,1,0.336,9.01,1.78,5.665,1,4,0.0944,0.0907,0.0833,0.0962
53.901,1,0.841,-1.75,1.58,5,76.6,20.56,0.09,-0.0244,0.089,-0.008,-0.052,0.755,-2.793,-177.5,11.67,1,1.27,1,0.737,3.39,1.24,0.0,0,5,0.0981,0.0814,0.0814,0.0962
53.936,1,0.82,-1.75,1.41,5,76.8,20.56,0.09,-0.0112,0.091,-0.007,0.018,0.753,-2.793,-177.5,11.67,1,1.27,1,0.776,7.27,1.1,-0.366,1,5,0.0999,0.0833,0.0851,0.0962
53.972,1,0.818,-1.75,1.38,5,76.5,20.56,0.09,-0.0084,0.092,-0.007,0.038,0.75,-2.793,-177.45,11.67,1,1.27,1,0.777,7.27,0.33,-2.453,1,5,0.0981,0.0833,0.0851,0.0999
54.003,1,0.813,-1.75,1.05,5,76.4,21.1,0.09,-0.0082,0.091,-0.006,0.013,0.746,-2.793,-177.39,11.67,1,1.27,1,0.774,6.79,0.41,-5.229,1,5,0.0944,0.0851,0.0851,0.0999
54.038,1,0.816,-2.25,1.17,5,76.5,20.56,0.09,-0.0024,0.09,-0.007,-0.01,0.744,-2.793,-177.45,11.67,1,1.27,1,0.774,6.79,0.41,-5.229,1,5,0.0944,0.0814,0.0833,0.0999
54.07,1,0.803,-2.5,2.12,5,76.2,20.56,0.09,0.0017,0.091,-0.007,-0.022,0.741,-2.793,-177.45,11.67,1,0.01,1,0.746,11.63,8.36,-2.9,1,5,0.0963,0.0815,0.0852,0.1
54.104,1,0.806,-2.75,1.99,5,76.6,20.56,0.09,-0.0125,0.093,-0.007,0.011,0.737,-2.792,-177.5,11.67,1,0.01,1,0.746,11.63,8.36,-2.9,1,5,0.1018,0.0815,0.0889,0.0981
54.137,1,0.811,-2.99,2.29,5,76.5,20.96,0.09,-0.0076,0.094,-0.006,-0.015,0.735,-2.792,-177.5,11.67,1,0.01,1,0.746,11.63,8.36,-2.9,1,5,0.1018,0.0852,0.0907,0.0981
54.171,1,0.816,-3.24,2.24,5,76.4,20.81,0.09,-0.0108,0.097,-0.006,-0.047,0.731,-2.792,-177.56,11.67,1,0.01,1,0.746,3.88,13.32,-6.994,1,5,0.1091,0.0925,0.0888,0.0962
54.204,1,0.819,-2.99,1.66,5,76.3,21.1,0.09,-0.0078,0.099,-0.009,-0.012,0.727,-2.792,-177.62,11.67,1,0.01,1,0.756,3.88,13.66,-5.641,1,5,0.1148,0.0926,0.087,0.1018
54.238,1,0.833,-2.99,2.01,5,75.7,20.96,0.09,-0.0012,0.099,-0.008,-0.016,0.725,-2.792,-177.62,11.67,1,0.01,1,0.756,3.88,13.66,-5.641,1,5,0.1147,0.0925,0.0888,0.0999
54.269,1,0.841,-2.75,1.73,5,75.9,20.56,0.09,-0.0076,0.095,-0.004,0.031,0.721,-2.792,-177.62,11.69,1,-0.45,1,0.772,5.33,13.03,-6.417,1,5,0.1017,0.0888,0.0925,0.0962
54.303,1,0.826,-2.75,1.25,5,75.8,20.56,0.09,-0.0059,0.089,0.003,0.032,0.718,-2.793,-177.56,11.69,1,-0.45,1,0.798,7.76,10.24,-6.131,1,5,0.0869,0.0924,0.0906,0.085
54.339,1,0.828,-2.5,0.96,5,75.4,20.96,0.09,0.0027,0.087,0.003,0.016,0.716,-2.793,-177.56,11.69,1,-0.45,1,0.798,7.76,10.24,-6.131,1,5,0.0832,0.0925,0.0888,0.0851
54.371,1,0.838,-2.5,1.05,5,75.2,20.96,0.09,0.0048,0.087,0.002,-0.008,0.713,-2.793,-177.56,11.69,1,-0.45,1,0.836,8.72,11.9,-3.583,1,5,0.0845,0.0919,0.0864,0.0845
54.405,1,0.837,-2.25,0.63,5,75.0,20.56,0.09,0.0036,0.088,0.003,-0.008,0.709,-2.793,-177.56,11.69,1,-0.45,1,0.812,9.21,11.12,-2.942,1,5,0.0863,0.0882,0.0937,0.0845
54.439,1,0.833,-2.25,0.35,5,74.7,20.56,0.09,0.0079,0.089,0.001,0.006,0.707,-2.793,-177.56,11.69,1,-0.45,1,0.812,9.21,11.12,-2.942,1,5,0.09,0.0845,0.0955,0.0863
54.471,1,0.833,-2.5,-0.29,5,74.1,20.96,0.09,0.0133,0.092,0.0,-0.126,0.703,-2.793,-177.73,11.69,1,-1.67,1,0.85,10.18,17.27,0.0,0,5,0.0943,0.0851,0.098,0.0887
54.504,1,0.843,-2.5,0.31,5,73.6,20.56,0.09,0.0276,0.095,-0.002,-0.004,0.7,-2.793,-177.85,11.69,1,-1.67,1,0.85,10.18,17.27,0.0,0,5,0.0999,0.087,0.0981,0.0944
54.537,1,0.846,-2.5,0.31,5,73.4,20.56,0.09,0.0172,0.095,-0.002,-0.03,0.698,-2.793,-177.85,11.69,1,-1.67,1,0.85,10.18,17.27,0.0,0,5,0.0995,0.0903,0.0958,0.0958
54.57,1,0.837,-2.25,0.11,5,72.6,20.0,0.09,0.0171,0.093,-0.0,0.063,0.694,-2.794,-177.79,11.69,1,-1.67,1,0.832,12.6,13.51,0.493,1,5,0.094,0.0903,0.094,0.0921
54.603,1,0.816,-2.0,-0.28,5,72.2,20.56,0.09,0.0176,0.088,0.0,0.028,0.691,-2.794,-177.67,11.69,1,-1.67,1,0.827,12.6,13.5,0.475,1,5,0.0865,0.092,0.0846,0.0902
54.637,1,0.817,-1.75,-0.61,5,72.1,20.0,0.09,0.0215,0.087,0.001,0.012,0.689,-2.794,-177.67,11.69,1,-1.67,1,0.827,12.6,13.5,0.475,1,5,0.0832,0.0906,0.0851,0.0887
54.704,1,0.814,-1.75,1.4,5,71.6,20.0,0.09,0.0254,0.087,0.001,-0.004,0.682,-2.794,-177.62,11.69,1,-0.37,1,0.803,15.99,12.9,2.17,1,5,0.0869,0.0888,0.0888,0.0851
54.738,1,0.803,-1.5,1.09,5,71.4,19.59,0.09,-0.0095,0.087,0.001,-0.019,0.68,-2.794,-177.67,11.69,1,-0.37,1,0.803,15.99,12.9,2.17,1,5,0.0904,0.0885,0.0885,0.0812
54.77,1,0.794,-1.5,0.9,5,71.4,19.59,0.09,-0.0068,0.089,0.0,-0.03,0.676,-2.794,-177.67,11.69,1,-0.37,1,0.786,11.15,14.26,-4.423,1,5,0.0952,0.0862,0.0916,0.0826
54.803,1,0.787,-1.0,0.73,5,71.4,20.2,0.09,-0.003,0.091,0.001,-0.013,0.673,-2.795,-177.85,11.69,1,-0.37,1,0.768,15.51,12.59,1.404,1,5,0.0935,0.0899,0.0935,0.0863
54.836,1,0.781,-0.75,0.88,5,71.3,19.59,0.09,-0.0061,0.091,0.001,0.0,0.671,-2.795,-177.79,11.69,1,-0.37,1,0.768,15.51,12.59,1.404,1,5,0.0901,0.0919,0.0937,0.0901
54.872,1,0.79,-0.75,1.41,5,71.2,19.59,0.09,-0.0108,0.089,0.004,0.064,0.667,-2.795,-177.67,11.71,1,2.74,1,0.778,7.76,10.74,-4.749,1,5,0.0833,0.0944,0.0907,0.087
54.901,1,0.794,-0.5,2.08,5,71.4,19.27,0.09,-0.0197,0.085,0.002,0.002,0.664,-2.795,-177.62,11.71,1,2.74,1,0.806,10.66,9.95,-1.575,1,5,0.0813,0.0887,0.085,0.085
54.938,1,0.795,-0.5,2.16,5,71.9,19.59,0.09,-0.0338,0.085,0.001,-0.003,0.662,-2.795,-177.67,11.71,1,2.74,1,0.806,10.66,9.95,-1.575,1,5,0.0814,0.0869,0.0851,0.0851
54.974,1,0.792,-0.75,2.36,5,72.0,19.27,0.09,-0.0345,0.085,-0.001,-0.021,0.659,-2.795,-177.73,11.71,1,2.74,1,0.768,9.69,7.46,-1.184,1,5,0.085,0.0813,0.0869,0.0869
55.003,1,0.789,-1.5,2.62,5,72.1,18.97,0.09,-0.0346,0.087,0.0,-0.011,0.655,-2.796,-177.73,11.71,1,2.74,1,0.791,6.79,-0.85,-2.733,1,5,0.0925,0.0814,0.0925,0.0814
55.036,1,0.8,-1.75,2.91,5,72.7,19.59,0.09,-0.0297,0.087,-0.0,0.008,0.654,-2.796,-177.73,11.71,1,2.74,1,0.791,6.79,-0.85,-2.733,1,5,0.0961,0.0814,0.0924,0.0795
55.072,1,0.801,-1.75,3.58,5,72.8,19.59,0.09,-0.0328,0.092,-0.001,-0.089,0.65,-2.796,-177.85,11.71,1,4.47,1,0.357,7.81,-3.76,-7.688,1,4,0.1036,0.087,0.0944,0.0814
55.103,1,0.792,-2.25,3.49,5,72.9,19.59,0.09,-0.0453,0.092,-0.001,-0.079,0.646,-2.796,-178.08,11.71,1,4.47,1,0.357,7.81,-2.14,-3.838,1,4,0.1014,0.0885,0.094,0.0848
55.135,1,0.791,-2.5,3.11,5,73.1,19.59,0.09,-0.0378,0.092,-0.0,-0.012,0.644,-2.796,-178.13,11.71,1,4.47,1,0.357,7.81,-2.14,-3.838,1,4,0.1014,0.0885,0.094,0.083
55.172,1,0.786,-2.5,3.02,5,73.3,19.85,0.09,-0.0292,0.089,0.003,-0.007,0.641,-2.796,-178.13,11.71,1,4.47,1,0.356,6.01,-4.13,0.0,0,4,0.092,0.0865,0.0975,0.081
55.202,1,0.775,-2.5,2.97,5,72.9,19.85,0.09,-0.0285,0.089,0.003,-0.03,0.637,-2.796,-178.19,11.71,1,4.47,1,0.337,0.6,-4.79,0.0,0,4,0.0905,0.0849,0.0978,0.0812
55.237,1,0.791,-2.5,2.76,5,72.5,20.0,0.09,-0.0281,0.089,0.002,-0.016,0.635,-2.796,-178.19,11.71,1,4.47,1,0.337,0.6,-4.79,0.0,0,4,0.0886,0.0849,0.0978,0.0849
55.27,1,0.822,-1.25,1.43,5,73.4,20.0,0.09,-0.0248,0.088,0.001,-0.022,0.632,-2.797,-178.25,11.72,1,4.66,1,0.787,-1.94,-10.86,0.0,0,5,0.0869,0.0832,0.0943,0.0869
55.303,1,0.814,-1.25,1.43,5,73.5,20.0,0.09,-0.0167,0.088,0.0,0.009,0.628,-2.797,-178.25,11.72,1,4.66,1,0.787,-1.94,-10.86,0.0,0,5,0.0886,0.0868,0.0905,0.0868
55.337,1,0.813,-1.0,1.18,5,74.0,19.97,0.09,-0.016,0.087,0.001,-0.004,0.627,-2.797,-178.25,11.72,1,4.66,1,0.787,-1.94,-10.86,0.0,0,5,0.0868,0.0868,0.0905,0.085
55.369,1,0.814,-0.75,0.85,5,73.6,20.0,0.09,-0.0138,0.087,0.0,-0.015,0.623,-2.797,-178.25,11.72,1,4.66,1,0.824,0.97,-12.31,0.0,0,5,0.0905,0.0868,0.0868,0.0831
55.404,1,0.786,-0.75,0.41,5,72.7,20.04,0.09,-0.0102,0.086,-0.001,-0.064,0.62,-2.797,-178.36,11.72,1,4.66,1,0.824,0.97,-12.31,0.0,0,5,0.0887,0.0832,0.0869,0.0851
55.437,1,0.816,-0.75,0.97,5,72.8,19.85,0.09,-0.0022,0.088,-0.001,-0.042,0.618,-2.797,-178.42,11.72,1,4.66,1,0.824,0.97,-12.31,0.0,0,5,0.0905,0.0868,0.0868,0.0868
55.47,1,0.814,-0.75,0.94,5,72.9,20.0,0.09,-0.0113,0.09,0.0,0.021,0.614,-2.797,-178.36,11.72,1,1.32,1,0.791,4.36,-5.6,0.0,0,5,0.0886,0.0868,0.0923,0.0905
55.502,1,0.788,-0.75,0.71,5,73.3,20.46,0.09,-0.0103,0.09,0.001,0.009,0.611,-2.797,-178.36,11.72,1,1.32,1,0.863,4.36,-1.24,0.0,0,5,0.0849,0.0886,0.0942,0.0923
55.538,1,0.772,-0.75,0.21,5,72.7,20.04,0.09,-0.0062,0.09,0.001,-0.006,0.609,-2.797,-178.36,11.72,1,1.32,1,0.863,4.36,-1.24,0.0,0,5,0.085,0.0868,0.0942,0.0924
55.569,1,0.785,-0.75,0.15,5,72.6,20.04,0.09,0.0028,0.089,0.001,-0.008,0.605,-2.797,-178.42,11.72,1,1.32,1,0.848,4.36,-0.99,0.0,0,5,0.0887,0.0887,0.0905,0.0868
55.602,1,0.796,-0.75,-0.03,5,72.2,20.04,0.09,0.0039,0.089,0.003,-0.022,0.602,-2.798,-178.42,11.72,1,1.32,1,0.84,6.3,-2.15,-4.925,1,5,0.0943,0.0906,0.0924,0.0776
55.638,1,0.756,-0.75,-1.2,5,71.9,20.04,0.09,0.0071,0.089,0.004,-0.018,0.6,-2.798,-178.42,11.72,1,1.32,1,0.84,6.3,-2.15,-4.925,1,5,0.0961,0.0906,0.0943,0.0739
55.669,1,0.756,-0.75,-1.87,5,72.2,20.04,0.09,0.0276,0.091,0.001,-0.026,0.596,-2.798,-178.53,11.72,1,0.06,1,0.794,8.72,-3.53,-4.875,1,5,0.1018,0.0907,0.0925,0.0777
55.702,1,0.784,-0.75,-0.8,5,72.0,20.0,0.09,0.0393,0.092,-0.002,-0.061,0.593,-2.798,-178.65,11.72,1,0.06,1,0.794,8.72,-3.53,-4.875,1,5,0.1018,0.0888,0.0907,0.087
55.738,1,0.806,-1.25,0.88,5,71.9,20.04,0.09,0.0206,0.093,-0.002,-0.029,0.591,-2.798,-178.71,11.72,1,0.06,1,0.794,8.72,-3.53,-4.875,1,5,0.1,0.0926,0.0889,0.0908
55.768,1,0.799,-0.75,-0.11,5,71.6,20.46,0.09,-0.0027,0.091,0.001,0.012,0.587,-2.798,-178.65,11.72,1,0.06,1,0.785,12.12,3.32,-3.019,1,5,0.087,0.0907,0.0926,0.0926
55.802,1,0.801,-0.75,0.46,5,71.6,20.0,0.09,0.0081,0.088,0.005,0.006,0.584,-2.798,-178.65,11.72,1,0.06,1,0.812,13.57,10.2,-1.083,1,5,0.0777,0.0925,0.0925,0.0888
55.837,1,0.798,-0.75,0.45,5,71.7,19.59,0.09,-0.0016,0.086,0.004,-0.007,0.582,-2.798,-178.65,11.72,1,0.06,1,0.812,13.57,10.2,-1.083,1,5,0.0758,0.0869,0.0925,0.0888
55.87,1,0.809,-0.75,0.32,5,72.1,19.59,0.09,-0.0014,0.088,0.003,-0.017,0.578,-2.799,-178.71,11.73,1,-0.66,1,0.795,10.18,11.42,-5.255,1,5,0.0806,0.0898,0.0916,0.088
55.903,1,0.826,-0.75,0.6,5,72.4,19.59,0.09,0.0009,0.09,0.0,0.009,0.575,-2.799,-178.71,11.73,1,-0.66,1,0.796,10.18,11.42,-5.249,1,5,0.0917,0.088,0.0935,0.088
55.938,1,0.828,-0.75,0.69,5,72.9,19.85,0.09,-0.004,0.091,0.0,0.011,0.573,-2.799,-178.71,11.73,1,-0.66,1,0.796,10.18,11.42,-5.249,1,5,0.0929,0.0893,0.0929,0.0875
55.969,1,0.833,-0.75,0.86,5,73.4,20.04,0.09,-0.0054,0.091,-0.0,-0.005,0.569,-2.799,-178.65,11.73,1,-0.66,1,0.791,10.66,11.08,-4.463,1,5,0.0984,0.0893,0.0911,0.0838
56.0,1,0.818,-0.75,0.4,5,73.7,19.59,0.09,-0.0083,0.091,-0.0,-0.005,0.569,-2.799,-178.65,11.73,1,-0.66,1,0.813,13.57,10.53,-2.328,1,5,0.0984,0.0893,0.0911,0.0838
56.034,1,0.803,-0.75,0.15,5,73.6,20.2,0.09,-0.0002,0.092,-0.001,-0.067,0.565,-2.799,-178.76,11.73,1,-0.66,1,0.816,14.06,10.27,-1.483,1,5,0.0957,0.0903,0.0903,0.0903
56.067,1,0.804,-1.0,0.37,5,73.7,20.0,0.09,0.0042,0.094,-0.002,0.001,0.561,-2.799,-178.82,11.73,1,-0.66,1,0.821,13.57,9.48,-3.211,1,5,0.0927,0.0872,0.0963,0.0981
56.103,1,0.825,-1.0,0.75,5,73.4,20.2,0.09,0.0031,0.093,0.001,-0.027,0.558,-2.799,-178.82,11.73,1,-0.66,1,0.821,13.57,9.48,-3.211,1,5,0.0897,0.0878,0.1007,0.0933
56.138,1,0.82,-1.5,1.19,5,73.2,20.2,0.09,-0.0035,0.091,0.003,-0.012,0.556,-2.799,-178.82,11.73,1,-0.66,1,0.821,13.57,9.48,-3.211,1,5,0.086,0.0878,0.1006,0.0915
56.168,1,0.815,-1.75,1.12,5,73.1,20.2,0.09,-0.0051,0.091,0.004,-0.005,0.552,-2.799,-178.88,11.73,1,-0.66,1,0.82,14.06,9.33,-0.963,1,5,0.0848,0.0922,0.0978,0.0885
56.207,1,0.807,-1.75,1.39,5,73.1,20.56,0.09,-0.0018,0.09,0.002,-0.012,0.549,-2.799,-178.88,11.73,1,-0.66,1,0.82,14.06,9.33,-0.963,1,5,0.0887,0.0905,0.0924,0.0868
56.235,1,0.808,-2.25,1.82,5,73.2,20.56,0.09,-0.0069,0.089,0.002,-0.001,0.547,-2.8,-178.88,11.73,1,-0.66,1,0.822,14.54,9.04,-0.118,1,5,0.0906,0.0887,0.0924,0.0832
56.27,1,0.811,-2.5,1.42,5,73.4,20.04,0.09,-0.0092,0.086,0.001,-0.037,0.544,-2.8,-178.93,11.73,1,0.91,1,0.828,13.09,9.93,-2.661,1,5,0.0961,0.0869,0.0887,0.074
56.303,1,0.835,-1.5,0.59,5,73.4,20.56,0.09,-0.0001,0.085,0.001,-0.051,0.54,-2.8,-179.05,11.73,1,0.91,1,0.36,15.02,8.55,-5.336,1,4,0.0943,0.085,0.0869,0.0739
56.338,1,0.844,-1.25,0.96,5,73.5,20.46,0.09,0.0015,0.086,-0.0,-0.027,0.538,-2.8,-179.11,11.73,1,0.91,1,0.36,15.02,8.55,-5.336,1,4,0.0943,0.085,0.0869,0.0795
56.368,1,0.848,-1.25,1.07,5,73.3,20.46,0.09,-0.0073,0.088,0.0,-0.022,0.535,-2.8,-179.16,11.73,1,0.91,1,0.807,11.15,8.18,-2.109,1,5,0.0887,0.085,0.0905,0.0868
56.403,1,0.85,-0.75,0.54,5,73.3,20.56,0.09,-0.0086,0.088,0.003,-0.021,0.531,-2.8,-179.16,11.73,1,0.91,1,0.807,11.15,8.18,-2.109,1,5,0.0814,0.0832,0.098,0.0887
56.434,1,0.849,-0.75,0.53,5,73.2,20.56,0.09,-0.0053,0.086,0.003,0.002,0.53,-2.8,-179.16,11.73,1,0.91,1,0.807,11.15,8.18,-2.109,1,5,0.0813,0.085,0.0943,0.085
56.468,1,0.849,-0.75,0.44,5,72.9,20.56,0.09,-0.0043,0.085,0.002,-0.006,0.526,-2.8,-179.16,11.73,1,0.87,1,0.807,11.15,8.18,-2.109,1,5,0.0814,0.0832,0.0906,0.0832
56.502,1,0.845,-0.75,0.38,5,72.5,20.0,0.09,-0.0021,0.083,0.001,-0.012,0.523,-2.8,-179.16,11.73,1,0.87,1,0.807,11.15,8.18,-2.109,1,5,0.085,0.085,0.0832,0.0795
56.537,1,0.841,-0.75,0.02,5,72.3,20.2,0.09,-0.0008,0.083,0.001,-0.012,0.521,-2.8,-179.22,11.73,1,0.87,1,0.807,11.15,8.18,-2.109,1,5,0.0832,0.0832,0.085,0.0813
56.57,1,0.837,-1.0,0.06,5,71.5,20.44,0.09,0.0058,0.083,0.002,-0.001,0.518,-2.801,-179.22,11.73,1,0.87,1,0.837,10.66,3.98,-4.609,1,5,0.0869,0.0851,0.0851,0.074
56.604,1,0.831,-1.0,0.04,5,71.3,20.56,0.09,0.0083,0.085,0.001,-0.006,0.514,-2.801,-179.28,11.73,1,0.87,1,0.834,11.15,2.49,-5.935,1,5,0.0925,0.0869,0.0851,0.0758
56.636,1,0.818,-0.75,0.05,5,70.9,20.56,0.09,0.0085,0.085,0.001,-0.009,0.513,-2.801,-179.28,11.73,1,0.87,1,0.836,10.66,2.92,-5.411,1,5,0.0943,0.0869,0.0851,0.074
56.671,1,0.814,-0.75,0.15,5,70.9,20.04,0.09,0.0053,0.086,0.001,0.017,0.509,-2.801,-179.22,11.73,1,0.05,1,0.834,11.15,2.55,-5.91,1,5,0.0851,0.0869,0.0869,0.0851
56.701,1,0.814,-0.5,-0.05,5,70.8,20.57,0.09,0.0037,0.085,0.003,0.007,0.508,-2.801,-179.22,11.73,1,0.05,1,0.842,11.15,3.72,-3.709,1,5,0.0777,0.0851,0.0906,0.0869
56.734,1,0.826,-0.25,0.14,5,71.0,20.04,0.09,0.0043,0.081,0.006,0.033,0.505,-2.801,-179.22,11.73,1,0.05,1,0.842,11.15,3.73,-3.709,1,5,0.0665,0.085,0.0887,0.085
56.773,1,0.826,0.25,-0.08,5,71.6,20.46,0.09,-0.0016,0.079,0.006,0.014,0.501,-2.802,-179.16,11.73,1,0.05,1,0.835,12.12,4.05,-0.971,1,5,0.0647,0.0851,0.0851,0.0814
56.803,1,0.831,0.25,-0.04,5,72.0,20.44,0.09,-0.0031,0.081,0.004,0.009,0.498,-2.802,-179.16,11.73,1,0.05,1,0.839,12.12,3.39,-4.803,1,5,0.0721,0.0888,0.0814,0.0814
56.834,1,0.828,0.25,0.25,5,72.2,20.44,0.09,-0.0034,0.082,0.002,0.013,0.496,-2.802,-179.11,11.73,1,0.05,1,0.839,12.12,3.81,-5.818,1,5,0.074,0.0869,0.0814,0.0851
56.87,1,0.832,0.25,0.06,5,72.7,20.46,0.09,-0.0078,0.085,-0.0,-0.009,0.493,-2.802,-179.16,11.74,1,-0.83,1,0.84,12.12,3.83,-5.815,1,5,0.085,0.0868,0.0813,0.085
56.903,1,0.837,0.25,0.05,5,72.7,20.46,0.09,-0.0041,0.085,-0.003,-0.024,0.489,-2.801,-179.22,11.74,1,-0.83,1,0.84,12.12,3.83,-5.815,1,5,0.0905,0.085,0.0795,0.085
56.937,1,0.838,0.25,0.11,5,72.9,20.46,0.09,-0.0037,0.087,-0.002,-0.026,0.488,-2.802,-179.22,11.74,1,-0.83,1,0.841,14.06,7.41,-3.584,1,5,0.0961,0.0868,0.0832,0.0813
56.968,1,0.843,-0.25,0.22,5,73.1,20.46,0.09,-0.0046,0.091,0.003,-0.022,0.484,-2.802,-179.28,11.74,1,-0.83,1,0.841,14.06,7.37,-3.584,1,5,0.0981,0.0962,0.0907,0.0777
57.006,1,0.85,-0.25,-0.06,5,74.4,20.46,0.09,-0.0005,0.093,0.006,-0.037,0.48,-2.802,-179.28,11.74,1,-0.83,1,0.831,13.09,8.66,-3.413,1,5,0.0944,0.0981,0.0999,0.0814
57.039,1,0.853,-0.25,-0.05,5,74.7,20.46,0.09,0.0043,0.093,0.006,-0.043,0.478,-2.802,-179.34,11.74,1,-0.83,1,0.838,13.09,8.61,-4.911,1,5,0.0907,0.0962,0.1018,0.0851
57.068,1,0.854,-0.25,0.2,5,74.8,20.46,0.09,0.0037,0.09,0.001,0.018,0.475,-2.802,-179.34,11.74,1,-1.77,1,0.842,13.57,7.18,-3.179,1,5,0.0833,0.0851,0.0962,0.0944
57.102,1,0.857,-0.25,0.32,5,74.9,20.46,0.09,-0.0008,0.087,0.0,0.03,0.471,-2.802,-179.28,11.74,1,-1.77,1,0.833,14.06,6.26,-4.291,1,5,0.0814,0.087,0.087,0.0925
57.135,1,0.857,-0.25,0.23,5,75.2,20.0,0.09,-0.003,0.087,-0.001,0.023,0.47,-2.802,-179.22,11.74,1,-1.77,1,0.831,14.06,7.37,-3.584,1,5,0.0833,0.0888,0.0833,0.0925
57.168,1,0.859,-0.25,0.22,5,75.1,20.46,0.09,-0.0016,0.087,-0.002,-0.01,0.466,-2.802,-179.22,11.74,1,-1.77,1,0.837,14.06,7.39,-3.584,1,5,0.0873,0.0909,0.0782,0.0909
57.202,1,0.851,-0.25,0.21,5,75.5,20.46,0.09,-0.0014,0.088,-0.004,-0.018,0.464,-2.802,-179.28,11.74,1,-1.77,1,0.837,14.06,7.39,-3.584,1,5,0.0919,0.0901,0.0793,0.0919
57.237,1,0.852,-0.25,0.32,5,75.4,20.46,0.09,-0.0014,0.088,-0.003,0.034,0.46,-2.802,-179.16,11.74,1,-1.77,1,0.835,14.06,6.28,-5.628,1,5,0.0937,0.0865,0.0829,0.0883
57.267,1,0.864,-0.25,0.21,5,75.7,20.46,0.09,-0.0033,0.092,-0.001,0.001,0.457,-2.802,-179.22,11.76,1,-1.77,1,0.837,14.06,7.36,-3.584,1,5,0.0989,0.0934,0.0879,0.086
57.302,1,0.868,-0.25,0.21,5,75.8,20.46,0.09,-0.0014,0.092,0.002,0.035,0.455,-2.802,-179.16,11.76,1,-1.77,1,0.83,13.57,8.15,-4.087,1,5,0.0942,0.0961,0.0924,0.0868
57.334,1,0.828,-0.25,0.32,5,75.7,20.46,0.09,-0.0014,0.095,0.002,-0.011,0.451,-2.802,-179.11,11.76,1,-1.77,1,0.837,14.06,7.34,-3.584,1,5,0.092,0.0993,0.0938,0.0938
57.37,1,0.826,-0.25,0.2,5,75.6,20.04,0.1041,-0.0034,0.092,-0.0,-0.008,0.447,-2.802,-179.11,11.76,1,-1.77,1,0.839,14.06,8.43,-1.419,1,5,0.0846,0.0901,0.0938,0.0993
57.401,1,0.833,-0.25,0.23,5,76.0,20.46,0.111,-0.0013,0.092,-0.003,-0.008,0.445,-2.802,-179.11,11.76,1,-1.77,1,0.838,14.06,8.43,-1.422,1,5,0.0865,0.0883,0.0902,0.1031
57.436,1,0.867,-0.25,0.32,5,76.1,20.46,0.125,-0.0024,0.092,-0.005,0.013,0.442,-2.802,-179.11,11.76,1,-1.77,1,0.835,14.06,7.34,-3.584,1,5,0.0887,0.0851,0.0887,0.1035
57.469,1,0.873,-0.25,0.32,5,76.2,20.46,0.1391,-0.0047,0.096,-0.003,-0.004,0.438,-2.802,-179.11,11.76,1,-1.77,1,0.844,14.06,8.45,-1.434,1,5,0.0963,0.0944,0.0926,0.1018
57.503,1,0.871,-0.25,0.32,5,76.1,20.46,0.1532,-0.0053,0.104,-0.001,0.046,0.433,-2.802,-179.11,11.76,1,-1.77,1,0.847,14.06,8.46,-1.442,1,5,0.1088,0.1033,0.1033,0.1014
57.537,1,0.862,0.25,0.16,5,75.8,20.44,0.16,-0.0056,0.11,-0.0,-0.004,0.431,-2.802,-179.05,11.76,1,-1.77,1,0.846,14.06,7.39,-3.584,1,5,0.1162,0.1107,0.1088,0.1051
57.566,1,0.864,0.25,-0.03,5,75.6,20.2,0.1736,-0.0082,0.126,0.004,0.052,0.425,-2.803,-178.99,11.76,1,-1.77,1,0.849,14.06,8.84,-2.468,1,5,0.1291,0.1309,0.1291,0.1162
57.604,1,0.861,0.25,0.45,5,75.3,20.0,0.1875,-0.0024,0.142,0.003,-0.015,0.419,-2.803,-178.99,11.76,1,-1.77,1,0.849,14.06,8.84,-2.468,1,5,0.1397,0.147,0.1433,0.1397
57.635,1,0.853,0.25,0.36,5,75.1,20.0,0.1873,-0.0157,0.151,0.003,-0.016,0.415,-2.803,-179.05,11.76,1,-1.77,1,0.846,14.54,9.06,-2.928,1,5,0.1471,0.1526,0.1544,0.1489
57.666,1,0.856,0.25,0.05,5,75.1,20.2,0.1832,-0.0125,0.164,-0.004,0.008,0.408,-2.803,-179.05,11.76,1,-0.49,1,0.853,14.54,8.39,-3.056,1,5,0.1654,0.1563,0.1636,0.1691
57.699,1,0.826,0.5,-0.07,5,75.7,20.04,0.1901,-0.0042,0.172,-0.004,0.012,0.405,-2.803,-179.05,11.76,1,-0.49,1,0.86,14.06,8.87,-2.478,1,5,0.1779,0.1649,0.1705,0.1742
57.736,1,0.829,0.25,0.35,5,76.2,20.44,0.1854,-0.0039,0.184,0.0,-0.003,0.397,-2.803,-179.11,11.76,1,-0.49,1,0.85,15.03,7.57,-5.52,1,5,0.1907,0.187,0.1814,0.1777
57.767,1,0.839,0.0,0.33,5,76.3,20.2,0.1612,-0.0109,0.191,0.002,-0.039,0.39,-2.803,-179.05,11.76,1,-0.49,1,0.856,14.06,8.9,-2.47,1,5,0.1934,0.1934,0.1916,0.1844
57.805,1,0.822,-0.25,0.19,5,76.4,20.04,0.1371,-0.0065,0.198,0.001,-0.007,0.382,-2.803,-179.11,11.76,1,-0.49,1,0.851,14.06,8.43,-5.843,1,5,0.1985,0.1967,0.2021,0.195
57.835,1,0.835,0.0,-0.05,5,76.2,19.97,0.1254,-0.0002,0.199,-0.002,0.017,0.378,-2.803,-179.11,11.76,1,-0.49,1,0.862,14.06,8.9,-2.471,1,5,0.2003,0.1914,0.2021,0.2003
57.869,1,0.843,0.25,0.12,5,76.3,20.44,0.1012,0.0011,0.198,-0.007,0.025,0.371,-2.803,-179.05,11.76,1,-0.49,1,0.869,14.06,8.82,-3.975,1,5,0.2032,0.1884,0.194,0.2069
57.902,1,0.83,-0.25,0.29,5,76.0,20.46,0.095,-0.005,0.196,-0.007,-0.01,0.366,-2.803,-179.05,11.76,1,-0.49,1,0.867,14.06,8.78,-4.005,1,5,0.201,0.1862,0.1918,0.2065
57.936,1,0.856,-0.75,0.1,5,75.6,20.04,0.095,-0.0015,0.194,-0.007,0.009,0.359,-2.803,-179.11,11.76,1,-0.49,1,0.869,14.06,8.86,-2.481,1,5,0.1954,0.1843,0.1899,0.2065
57.968,1,0.805,-0.75,0.16,5,75.3,20.46,0.095,0.0071,0.185,-0.01,-0.016,0.352,-2.802,-179.11,11.76,1,-0.49,1,0.863,13.09,8.38,-3.879,1,5,0.1936,0.1696,0.1807,0.1973
58.035,1,0.836,-1.75,0.5,5,74.4,20.44,0.09,0.0051,0.168,-0.01,-0.101,0.342,-2.802,-179.22,11.76,1,-0.49,1,0.858,13.09,9.11,-2.911,1,5,0.1814,0.1576,0.1576,0.1741
58.067,1,0.849,-2.25,0.07,5,75.1,20.46,0.09,0.0105,0.16,-0.006,0.021,0.336,-2.802,-179.34,11.76,1,-0.49,1,0.858,12.12,8.92,-2.385,1,5,0.1668,0.1503,0.1558,0.165
58.101,1,0.837,-3.24,0.5,5,74.3,20.2,0.09,0.0236,0.149,-0.006,-0.055,0.33,-2.801,-179.45,11.76,1,-0.49,1,0.858,12.12,8.92,-2.385,1,5,0.1594,0.1429,0.1539,0.1631
58.136,1,0.844,-3.49,-0.13,5,74.3,19.97,0.09,0.0269,0.143,-0.01,-0.016,0.327,-2.801,-179.51,11.76,1,-0.49,1,0.85,10.18,7.61,-3.319,1,5,0.1508,0.1177,0.149,0.1564
58.17,1,0.853,-3.74,0.02,5,74.4,20.04,0.09,0.0384,0.134,-0.013,-0.031,0.322,-2.8,-179.56,11.76,1,-0.49,1,0.861,10.18,6.22,0.241,1,5,0.1528,0.1049,0.1362,0.1417
58.202,1,0.856,-4.24,0.18,5,74.2,20.44,0.09,0.038,0.13,-0.012,-0.045,0.32,-2.8,-179.62,11.76,1,-0.49,1,0.856,9.69,5.59,-1.333,1,5,0.1534,0.1041,0.1315,0.1315
58.234,1,0.85,-4.74,-0.14,5,74.0,20.44,0.09,0.0399,0.124,-0.008,-0.056,0.315,-2.8,-179.79,11.76,1,-0.49,1,0.863,9.21,5.7,-3.566,1,5,0.1433,0.1066,0.1249,0.1213
58.265,1,0.841,-5.24,-0.35,5,74.1,20.04,0.09,0.0495,0.119,-0.003,-0.046,0.31,-2.8,-179.91,11.75,1,-0.93,1,0.861,8.24,4.51,-3.577,1,5,0.1249,0.1083,0.123,0.1193
58.3,1,0.846,-5.74,-0.38,5,74.0,20.04,0.09,0.0586,0.115,-0.003,-0.042,0.308,-2.8,-179.91,11.75,1,-0.93,1,0.857,7.27,5.11,-1.269,1,5,0.1166,0.1036,0.1203,0.1184
58.334,1,0.859,-6.24,-0.49,5,74.0,20.04,0.09,0.0635,0.109,-0.002,-0.05,0.304,-2.8,179.97,11.75,1,-0.93,1,0.86,7.27,3.31,-3.569,1,5,0.1109,0.0961,0.1164,0.1109
58.367,1,0.841,-6.74,-0.43,5,73.8,20.46,0.09,0.0693,0.101,-0.002,-0.052,0.3,-2.8,179.79,11.75,1,-0.93,1,0.859,6.3,3.52,-0.19,1,5,0.1109,0.0887,0.1091,0.0943
58.403,1,0.833,-6.99,-0.4,5,73.8,20.44,0.09,0.0736,0.094,-0.0,-0.046,0.296,-2.8,179.68,11.75,1,-0.93,1,0.859,6.3,3.52,-0.19,1,5,0.1124,0.0848,0.1032,0.0756
58.437,1,0.828,-7.24,-0.75,5,74.0,20.04,0.09,0.0743,0.091,-0.0,-0.045,0.295,-2.8,179.62,11.75,1,-0.93,1,0.86,5.33,2.31,-0.217,1,5,0.1124,0.0811,0.0995,0.07
58.465,1,0.806,-7.49,-0.89,5,74.2,20.2,0.09,0.0817,0.086,-0.0,-0.045,0.291,-2.8,179.51,11.75,1,-0.93,1,0.866,4.85,1.36,-4.617,1,5,0.1087,0.0811,0.0958,0.0682
58.503,1,0.816,-7.24,-1.32,5,74.1,20.04,0.09,0.0865,0.083,-0.001,-0.014,0.288,-2.8,179.51,11.75,1,-1.66,1,0.866,4.85,1.36,-4.617,1,5,0.0961,0.0758,0.0905,0.0739
58.537,1,0.829,-7.24,-1.4,5,74.4,20.46,0.09,0.0896,0.083,-0.001,0.003,0.286,-2.8,179.51,11.75,1,-1.66,1,0.868,4.36,1.11,-0.267,1,5,0.0813,0.0757,0.0887,0.0868
58.566,1,0.82,-7.24,-1.2,5,75.0,20.2,0.09,0.0905,0.085,-0.0,0.041,0.283,-2.8,179.56,11.75,1,-1.66,1,0.863,4.36,0.08,-2.572,1,5,0.0776,0.0813,0.0869,0.0924
58.599,1,0.814,-7.24,-1.09,5,75.0,20.44,0.09,0.0868,0.085,-0.001,0.036,0.281,-2.8,179.62,11.75,1,-1.66,1,0.868,4.36,1.47,-2.991,1,5,0.0777,0.0851,0.0832,0.0943
58.634,1,0.848,-7.24,-1.22,5,75.0,20.46,0.09,0.0846,0.085,-0.001,0.052,0.278,-2.8,179.74,11.75,1,-1.66,1,0.855,5.33,0.16,-3.101,1,5,0.0796,0.0907,0.0759,0.0925
58.666,1,0.848,-6.74,-0.91,5,75.1,20.46,0.09,0.0868,0.081,-0.002,0.075,0.275,-2.8,179.91,11.75,1,-2.7,1,0.828,8.72,5.38,-4.756,1,5,0.0758,0.0924,0.0665,0.0905
58.703,1,0.847,-6.74,-0.72,5,75.4,20.04,0.09,0.075,0.077,-0.002,0.067,0.272,-2.799,-179.91,11.75,1,-2.7,1,0.828,8.72,5.38,-4.756,1,5,0.072,0.0942,0.0554,0.085
58.767,1,0.844,-5.99,-0.35,5,74.9,20.44,0.09,0.0726,0.072,-0.002,0.062,0.268,-2.799,-179.74,11.75,1,-2.7,1,0.862,10.18,9.42,-0.057,1,5,0.0645,0.0914,0.0484,0.0843
58.801,1,0.828,-5.49,-0.7,5,75.1,20.44,0.09,0.0568,0.07,-0.001,0.075,0.265,-2.799,-179.56,11.75,1,-2.7,1,0.862,10.18,9.42,-0.057,1,5,0.061,0.0861,0.0502,0.0843
58.835,1,0.825,-4.74,-0.49,5,74.7,20.44,0.09,0.0579,0.069,0.002,0.139,0.264,-2.8,-179.45,11.75,1,-2.7,1,0.865,11.15,9.9,-2.785,1,5,0.0484,0.0824,0.0609,0.086
58.869,1,0.846,-3.99,0.05,5,74.8,20.04,0.09,0.0468,0.067,0.009,0.093,0.261,-2.8,-179.16,11.75,1,-2.28,1,0.859,12.12,11.06,-2.742,1,5,0.0351,0.0849,0.0683,0.0812
58.9,1,0.845,-3.24,-0.03,5,74.7,20.44,0.09,0.0288,0.067,0.01,0.105,0.26,-2.8,-179.05,11.75,1,-2.28,1,0.858,13.09,13.23,-0.672,1,5,0.0332,0.0867,0.0664,0.0812
58.935,1,0.855,-2.75,0.27,5,74.9,20.44,0.09,0.0232,0.066,0.008,0.085,0.257,-2.801,-178.88,11.75,1,-2.28,1,0.861,14.06,13.74,-0.658,1,5,0.037,0.0887,0.0591,0.0776
58.965,1,0.863,-2.5,0.63,5,75.0,20.04,0.09,0.0143,0.066,0.004,0.075,0.255,-2.801,-178.71,11.75,1,-2.28,1,0.861,14.06,13.74,-0.658,1,5,0.0462,0.085,0.0555,0.0776
59.004,1,0.867,-1.75,0.51,5,75.1,20.44,0.09,0.0072,0.066,0.004,0.074,0.252,-2.801,-178.53,11.75,1,-2.28,1,0.861,14.06,13.74,-0.658,1,5,0.048,0.0831,0.0572,0.0757
59.033,1,0.864,-1.25,0.64,5,74.9,20.44,0.09,0.0007,0.067,0.004,0.069,0.251,-2.801,-178.48,11.75,1,-2.28,1,0.851,13.57,15.15,-1.084,1,5,0.0536,0.0831,0.0591,0.0739
59.07,1,0.87,-1.0,0.71,5,74.8,20.2,0.09,-0.0051,0.068,0.003,0.071,0.248,-2.801,-178.25,11.75,1,0.99,1,0.851,13.57,15.15,-1.084,1,5,0.0585,0.086,0.0567,0.0713
59.101,1,0.873,-0.5,0.92,5,74.7,20.04,0.09,-0.0085,0.069,0.003,0.062,0.246,-2.801,-178.19,11.75,1,0.99,1,0.88,13.57,9.35,-3.423,1,5,0.0622,0.086,0.0586,0.0696
59.134,1,0.862,0.25,0.83,5,74.8,20.46,0.09,-0.0166,0.07,0.001,-0.038,0.243,-2.801,-178.13,11.75,1,0.99,1,0.869,14.06,10.32,-2.841,1,5,0.0678,0.0843,0.0586,0.0696
59.166,1,0.851,0.25,1.11,5,74.8,20.46,0.09,-0.022,0.071,0.001,0.026,0.241,-2.802,-178.19,11.75,1,0.99,1,0.849,13.09,11.23,-0.212,1,5,0.0684,0.0795,0.0647,0.0721
59.202,1,0.854,0.75,0.96,5,74.7,20.46,0.09,-0.0258,0.072,0.003,0.005,0.239,-2.802,-178.19,11.75,1,0.99,1,0.849,13.09,11.23,-0.212,1,5,0.0644,0.081,0.0681,0.0736
59.265,1,0.865,1.0,1.01,5,75.1,20.04,0.09,-0.0263,0.074,0.006,0.041,0.233,-2.802,-178.08,11.75,1,2.71,1,0.875,12.12,4.0,-5.777,1,5,0.0644,0.0828,0.0754,0.0718
59.3,1,0.881,1.25,0.97,5,75.0,20.46,0.09,-0.0298,0.074,0.004,0.019,0.232,-2.803,-178.02,11.75,1,2.71,1,0.875,12.12,4.0,-5.777,1,5,0.0665,0.0813,0.0739,0.0739
59.365,1,0.881,1.25,1.36,5,74.4,20.46,0.09,-0.03,0.074,0.002,0.011,0.226,-2.803,-177.96,11.75,1,2.71,1,0.873,13.09,4.85,-4.75,1,5,0.0685,0.0796,0.0722,0.0759
59.402,1,0.875,1.25,1.39,5,74.3,20.04,0.09,-0.0365,0.074,0.002,0.011,0.224,-2.803,-177.96,11.75,1,2.71,1,0.873,13.09,4.85,-4.75,1,5,0.0704,0.0778,0.0741,0.0722
59.435,1,0.827,1.25,1.35,5,74.3,20.46,0.09,-0.0364,0.076,0.005,-0.007,0.221,-2.803,-177.96,11.75,1,2.71,1,0.873,13.09,5.26,-5.675,1,5,0.0704,0.0816,0.0797,0.0704
59.464,1,0.837,1.25,1.39,5,74.0,20.46,0.09,-0.0354,0.077,0.004,-0.029,0.218,-2.804,-178.02,11.75,1,2.29,1,0.874,13.09,4.85,-4.765,1,5,0.076,0.0779,0.0835,0.0705
59.503,1,0.841,1.75,0.82,5,73.8,20.46,0.09,-0.0359,0.079,0.0,-0.079,0.215,-2.804,-178.13,11.75,1,2.29,1,0.874,13.09,4.85,-4.765,1,5,0.0777,0.0777,0.0833,0.0722
59.567,1,0.873,1.75,0.83,5,73.5,20.46,0.09,-0.0314,0.08,0.004,0.017,0.21,-2.804,-178.19,11.75,1,2.29,1,0.866,13.09,4.85,-4.762,1,5,0.0795,0.0813,0.0868,0.0739
59.6,1,0.874,2.0,0.78,5,73.5,20.2,0.09,-0.0312,0.081,0.004,-0.015,0.208,-2.804,-178.25,11.75,1,2.29,1,0.864,13.09,3.85,-6.793,1,5,0.0796,0.0833,0.087,0.074
59.666,1,0.832,2.25,0.46,5,73.3,20.46,0.09,-0.0325,0.082,0.002,0.006,0.202,-2.805,-178.19,11.75,1,0.58,1,0.865,13.57,4.41,-3.779,1,5,0.0791,0.081,0.0865,0.081
59.701,1,0.837,2.25,0.96,5,73.3,20.46,0.09,-0.0299,0.083,0.001,0.005,0.2,-2.805,-178.19,11.75,1,0.58,1,0.865,13.57,4.41,-3.779,1,5,0.0791,0.0828,0.0865,0.0847
59.765,1,0.863,2.25,0.95,5,73.2,20.0,0.09,-0.0376,0.086,0.0,0.009,0.193,-2.805,-178.19,11.75,1,0.58,1,0.873,13.57,4.44,-3.774,1,5,0.0868,0.085,0.0868,0.085
59.8,1,0.864,2.25,0.95,5,73.4,19.85,0.09,-0.0373,0.085,0.0,0.007,0.191,-2.805,-178.19,11.75,1,0.58,1,0.873,13.57,4.44,-3.774,1,5,0.0883,0.0846,0.0865,0.0809
59.866,1,0.859,2.25,0.45,5,73.7,20.2,0.09,-0.037,0.087,0.0,-0.087,0.184,-2.805,-178.53,11.74,1,0.12,1,0.872,13.57,4.47,-3.769,1,5,0.0977,0.0866,0.0866,0.0756
59.903,1,0.858,2.25,0.27,5,73.9,20.04,0.09,-0.0283,0.089,0.001,0.007,0.181,-2.805,-178.53,11.74,1,0.12,1,0.872,13.57,4.47,-3.769,1,5,0.0944,0.0833,0.0962,0.0814
59.968,1,0.858,2.25,0.53,5,73.2,20.2,0.09,-0.0249,0.09,0.005,0.004,0.175,-2.806,-178.59,11.74,1,0.12,1,0.874,13.09,2.51,-5.046,1,5,0.0833,0.0852,0.1037,0.087
59.999,1,0.858,2.25,0.25,5,73.4,20.04,0.09,-0.0295,0.089,0.003,-0.004,0.174,-2.806,-178.59,11.74,1,0.12,1,0.874,13.09,2.51,-5.042,1,5,0.0833,0.0852,0.1,0.0889
60.066,1,0.854,2.0,0.63,5,73.7,20.04,0.09,-0.0247,0.089,0.0,-0.004,0.166,-2.806,-178.59,11.74,1,-1.68,1,0.869,15.99,8.95,-5.394,1,5,0.0887,0.0869,0.0906,0.0887
60.099,1,0.874,2.25,0.26,5,73.5,20.0,0.09,-0.0281,0.09,0.0,0.006,0.165,-2.806,-178.59,11.74,1,-1.68,1,0.869,15.99,8.95,-5.394,1,5,0.0906,0.0887,0.0906,0.0887
60.165,1,0.882,2.25,0.56,5,74.4,20.46,0.09,-0.0249,0.088,0.0,-0.073,0.158,-2.806,-178.65,11.74,1,-1.68,1,0.88,16.48,9.48,-2.503,1,5,0.0981,0.0963,0.0815,0.0778
60.2,1,0.876,2.0,0.51,5,74.5,19.97,0.09,-0.0301,0.088,0.0,0.002,0.156,-2.806,-178.65,11.74,1,-1.68,1,0.88,16.48,9.48,-2.503,1,5,0.0981,0.0963,0.0815,0.0778
60.266,1,0.887,2.25,0.26,5,74.5,20.04,0.09,-0.0264,0.089,0.001,-0.012,0.149,-2.807,-178.71,11.71,1,-2.05,1,0.876,15.99,7.16,-4.332,1,5,0.0833,0.0833,0.0962,0.0925
60.3,1,0.886,2.25,0.26,5,74.4,20.04,0.09,-0.0253,0.088,0.0,0.01,0.147,-2.807,-178.71,11.71,1,-2.05,1,0.876,15.99,7.16,-4.332,1,5,0.0832,0.0814,0.0943,0.0925
60.336,1,0.879,2.25,0.26,5,74.0,20.0,0.09,-0.0251,0.086,0.0,0.003,0.144,-2.807,-178.71,11.71,1,-2.05,1,0.875,15.99,7.16,-2.814,1,5,0.0832,0.0851,0.0887,0.0887
60.366,1,0.831,2.0,0.54,5,74.0,19.97,0.09,-0.0249,0.086,0.001,-0.0,0.14,-2.807,-178.71,11.71,1,-2.05,1,0.879,15.99,7.48,-2.159,1,5,0.0814,0.087,0.087,0.0888
60.433,1,0.882,2.25,0.3,5,74.4,20.04,0.09,-0.0269,0.083,-0.002,-0.007,0.135,-2.807,-178.65,11.71,1,-2.05,1,0.884,15.99,7.49,-2.15,1,5,0.0871,0.0834,0.0797,0.0834
60.467,1,0.874,2.25,0.3,5,74.6,20.04,0.09,-0.0258,0.084,-0.003,-0.034,0.132,-2.807,-178.71,11.71,1,-1.59,1,0.884,15.99,7.49,-2.15,1,5,0.0926,0.0852,0.0759,0.0815
60.5,1,0.881,2.25,0.35,5,74.7,20.46,0.09,-0.0258,0.087,-0.002,-0.029,0.13,-2.807,-178.76,11.71,1,-1.59,1,0.884,15.99,7.49,-2.15,1,5,0.0926,0.0889,0.0797,0.0852
60.533,1,0.885,2.0,0.31,5,75.2,20.56,0.09,-0.0266,0.091,0.0,-0.017,0.126,-2.807,-178.82,11.71,1,-1.59,1,0.89,15.51,7.25,-4.564,1,5,0.0889,0.0889,0.0944,0.0926
60.568,1,0.886,1.75,0.55,5,75.4,20.46,0.09,-0.0229,0.092,0.002,-0.021,0.122,-2.807,-178.82,11.71,1,-1.59,1,0.89,15.51,7.25,-4.564,1,5,0.0869,0.0851,0.1017,0.0925
60.598,1,0.885,1.75,0.44,5,75.3,20.46,0.09,-0.024,0.091,0.001,-0.003,0.121,-2.807,-178.82,11.71,1,-1.59,1,0.892,15.51,6.84,-3.7,1,5,0.0869,0.0851,0.0998,0.0924
60.665,1,0.883,1.75,0.13,5,75.6,20.0,0.09,-0.0228,0.089,0.0,0.002,0.114,-2.807,-178.82,11.71,1,-1.29,1,0.892,15.03,7.34,-4.651,1,5,0.0907,0.0888,0.0888,0.087
60.698,1,0.884,1.75,0.13,5,75.6,20.0,0.09,-0.0176,0.087,-0.0,0.01,0.112,-2.807,-178.82,11.71,1,-1.29,1,0.892,15.03,7.34,-4.651,1,5,0.0907,0.087,0.087,0.0852
60.768,1,0.873,2.0,0.58,5,75.1,19.97,0.09,-0.0179,0.088,-0.003,-0.016,0.105,-2.807,-178.76,11.71,1,-1.29,1,0.893,15.51,7.26,-4.563,1,5,0.1,0.0908,0.0797,0.0834
60.798,1,0.877,1.75,0.13,5,75.1,20.0,0.09,-0.0288,0.091,-0.002,-0.067,0.103,-2.807,-178.82,11.71,1,-1.29,1,0.892,15.51,8.29,-2.529,1,5,0.0999,0.0944,0.0833,0.0851
60.866,1,0.846,1.5,0.14,5,74.8,20.04,0.09,-0.0177,0.095,-0.001,-0.02,0.095,-2.807,-178.93,11.7,1,-1.65,1,0.893,15.03,6.41,-5.245,1,5,0.0925,0.0888,0.0999,0.0999
60.9,1,0.848,1.25,0.24,5,74.8,20.46,0.09,-0.0149,0.094,-0.002,-0.003,0.093,-2.807,-178.93,11.7,1,-1.65,1,0.893,15.03,6.41,-5.245,1,5,0.0925,0.0869,0.098,0.0999
60.966,1,0.856,1.0,-0.16,5,73.7,19.97,0.09,-0.0144,0.092,0.0,-0.014,0.086,-2.808,-179.11,11.7,1,-1.65,1,0.896,14.06,6.16,-4.698,1,5,0.0906,0.0869,0.098,0.0924
61.065,1,0.866,0.75,-0.11,5,73.5,20.0,0.09,-0.0055,0.092,-0.002,-0.073,0.077,-2.807,-179.16,11.7,1,-2.38,1,0.883,14.06,5.24,-6.663,1,5,0.1036,0.0925,0.0869,0.0851
61.098,1,0.864,0.75,-0.39,5,73.6,20.04,0.09,-0.0033,0.092,-0.002,-0.024,0.075,-2.807,-179.22,11.7,1,-2.38,1,0.883,14.06,5.24,-6.663,1,5,0.1035,0.0924,0.0887,0.085
61.164,1,0.843,0.75,-0.01,5,73.9,20.2,0.09,0.0006,0.097,0.003,-0.014,0.067,-2.808,-179.28,11.7,1,-2.38,1,0.853,15.51,3.39,-5.871,1,5,0.0917,0.0899,0.1101,0.0972
61.198,1,0.852,0.5,-0.19,5,73.9,20.44,0.09,-0.0061,0.095,0.003,-0.02,0.065,-2.808,-179.28,11.7,1,-2.38,1,0.853,15.51,3.39,-5.871,1,5,0.0881,0.0881,0.1083,0.0954
61.267,1,0.848,0.25,-0.32,5,73.6,20.46,0.09,-0.0005,0.091,0.001,-0.019,0.058,-2.808,-179.34,11.7,1,-3.55,1,0.893,16.96,12.43,-3.731,1,5,0.0909,0.0909,0.0927,0.0891
61.305,1,0.85,0.25,-0.45,5,73.7,20.2,0.09,0.0045,0.09,-0.001,0.027,0.055,-2.808,-179.34,11.7,1,-3.55,1,0.896,16.96,12.43,-3.725,1,5,0.0945,0.0856,0.0927,0.0873
61.331,1,0.861,0.0,-0.39,5,74.0,20.04,0.09,0.0065,0.088,-0.002,-0.03,0.053,-2.808,-179.34,11.7,1,-3.55,1,0.893,16.96,11.5,-4.274,1,5,0.0944,0.0855,0.0873,0.0855
61.365,1,0.868,-0.25,-0.44,5,74.4,20.0,0.09,0.008,0.087,-0.002,-0.034,0.05,-2.808,-179.45,11.7,1,-3.55,1,0.894,16.96,11.51,-4.278,1,5,0.0962,0.087,0.0833,0.0814
61.399,1,0.869,-0.25,-0.44,5,74.7,20.0,0.09,0.0118,0.088,-0.002,-0.023,0.048,-2.808,-179.51,11.7,1,-3.55,1,0.894,16.96,11.51,-4.278,1,5,0.0962,0.0888,0.0833,0.0851
61.431,1,0.862,0.0,-0.97,5,74.9,20.2,0.09,0.0112,0.091,0.001,-0.011,0.044,-2.808,-179.51,11.7,1,-3.55,1,0.899,16.48,10.88,-4.34,1,5,0.0925,0.0925,0.0906,0.0869
61.463,1,0.858,-0.25,-0.44,5,75.0,20.0,0.09,0.017,0.091,0.004,-0.002,0.04,-2.808,-179.51,11.7,1,-3.24,1,0.904,16.48,10.51,-3.455,1,5,0.0887,0.0905,0.0961,0.0868
61.5,1,0.842,0.0,-0.14,5,75.1,19.97,0.09,0.0108,0.09,0.005,-0.016,0.039,-2.809,-179.51,11.7,1,-3.24,1,0.904,16.48,10.51,-3.455,1,5,0.0831,0.0886,0.1016,0.0868
61.564,1,0.859,-0.25,-0.45,5,75.5,20.46,0.09,0.0025,0.087,0.0,0.0,0.032,-2.809,-179.51,11.7,1,-3.24,1,0.906,16.48,10.84,-2.855,1,5,0.0886,0.0886,0.0868,0.0849
61.596,1,0.858,-0.25,-0.64,5,75.5,20.04,0.09,0.0109,0.088,0.0,-0.003,0.03,-2.809,-179.51,11.7,1,-3.24,1,0.911,16.48,10.85,-2.848,1,5,0.0905,0.0887,0.0868,0.085
61.633,1,0.856,-0.25,-0.75,5,75.2,20.2,0.09,0.014,0.086,-0.001,-0.005,0.026,-2.809,-179.51,11.7,1,-3.24,1,0.911,15.99,10.39,-5.606,1,5,0.0924,0.0868,0.0831,0.0813
61.664,1,0.848,-0.25,-0.76,5,74.9,20.2,0.09,0.0158,0.087,-0.001,-0.016,0.023,-2.809,-179.56,11.7,1,-2.73,1,0.912,15.99,10.39,-5.602,1,5,0.0942,0.0923,0.0794,0.0812
61.698,1,0.843,-0.25,-0.76,5,74.7,20.2,0.09,0.0157,0.086,-0.002,0.006,0.021,-2.808,-179.56,11.7,1,-2.73,1,0.912,15.99,10.39,-5.602,1,5,0.0923,0.0905,0.0775,0.0831
61.734,1,0.852,-0.25,-0.64,5,74.8,20.04,0.09,0.0156,0.087,0.0,0.006,0.018,-2.809,-179.56,11.7,1,-2.73,1,0.914,15.99,9.97,-3.482,1,5,0.085,0.0905,0.085,0.0887
61.764,1,0.864,-0.25,-0.64,5,74.9,20.04,0.09,0.0136,0.089,0.003,0.009,0.014,-2.809,-179.51,11.7,1,-2.73,1,0.916,15.99,9.98,-3.482,1,5,0.0795,0.0868,0.0961,0.0924
61.798,1,0.866,-0.25,-0.63,5,74.8,20.04,0.09,0.0134,0.089,0.005,-0.013,0.012,-2.809,-179.51,11.7,1,-2.73,1,0.916,15.99,9.98,-3.482,1,5,0.0757,0.0868,0.0998,0.0924
61.832,1,0.857,-0.25,-0.72,5,74.6,20.2,0.09,0.0134,0.088,0.005,0.014,0.009,-2.809,-179.51,11.7,1,-2.73,1,0.92,15.99,10.01,-3.482,1,5,0.0777,0.0887,0.0961,0.0887
61.864,1,0.853,0.0,-0.69,5,74.6,19.97,0.09,0.0148,0.088,0.003,-0.009,0.005,-2.809,-179.51,11.68,1,-2.4,1,0.918,16.48,9.51,-2.499,1,5,0.0813,0.0924,0.0887,0.0887
61.897,1,0.851,-0.25,-0.45,5,74.2,20.46,0.09,0.0113,0.089,0.001,-0.017,0.003,-2.809,-179.51,11.68,1,-2.4,1,0.918,16.48,9.51,-2.499,1,5,0.0869,0.0943,0.085,0.0887
61.929,1,0.856,0.0,-0.96,5,74.5,20.2,0.09,0.0102,0.091,-0.003,0.062,-0.0,-2.809,-179.45,11.68,1,-2.4,1,0.926,16.48,8.53,-4.518,1,5,0.0943,0.0943,0.0814,0.0924
61.964,1,0.842,0.25,-0.59,5,73.1,20.2,0.09,0.0162,0.091,-0.0,-0.021,-0.004,-2.809,-179.39,11.68,1,-2.4,1,0.926,16.48,8.53,-4.518,1,5,0.0962,0.0981,0.0833,0.0851
61.998,1,0.841,0.25,-0.59,5,73.0,20.2,0.09,0.0067,0.091,0.002,0.008,-0.006,-2.81,-179.39,11.68,1,-2.4,1,0.926,16.48,8.53,-4.518,1,5,0.0925,0.1018,0.0851,0.0851
62.064,1,0.843,0.25,-0.31,5,73.1,20.0,0.09,0.0075,0.087,0.002,0.03,-0.013,-2.81,-179.34,11.68,1,-1.95,1,0.923,16.96,10.14,-5.331,1,5,0.0776,0.0905,0.0868,0.0923
62.099,1,0.835,0.75,-0.23,5,73.2,20.46,0.09,0.0028,0.085,0.001,0.009,-0.014,-2.81,-179.34,11.68,1,-1.95,1,0.923,16.96,10.14,-5.331,1,5,0.0776,0.0868,0.085,0.0887
62.134,1,0.841,0.5,-0.14,5,73.4,19.97,0.09,-0.0047,0.083,0.003,0.0,-0.018,-2.81,-179.34,11.68,1,-1.95,1,0.917,16.96,10.14,-5.325,1,5,0.0739,0.0869,0.085,0.085
62.163,1,0.83,0.25,0.24,5,73.3,20.0,0.09,-0.0026,0.084,0.004,-0.002,-0.021,-2.81,-179.34,11.68,1,-1.95,1,0.908,16.96,8.84,-6.345,1,5,0.074,0.0888,0.087,0.0851
62.198,1,0.826,0.25,-0.05,5,73.1,20.2,0.09,-0.0061,0.085,0.003,0.002,-0.023,-2.81,-179.34,11.68,1,-1.95,1,0.908,16.96,8.84,-6.345,1,5,0.0777,0.0869,0.0888,0.0869
62.231,1,0.812,0.25,0.03,5,72.8,20.2,0.09,-0.0011,0.087,-0.0,-0.037,-0.026,-2.81,-179.39,11.68,1,-1.95,1,0.901,16.96,8.83,-5.073,1,5,0.0887,0.0869,0.0869,0.085
62.263,1,0.81,0.25,0.06,5,72.5,20.46,0.09,-0.0026,0.085,0.0,0.043,-0.028,-2.81,-179.39,11.66,1,-1.63,1,0.901,16.48,8.9,-5.18,1,5,0.0924,0.085,0.085,0.0776
62.297,1,0.822,0.5,-0.44,5,72.6,20.2,0.09,-0.0031,0.086,0.003,0.001,-0.031,-2.811,-179.34,11.66,1,-1.63,1,0.901,16.48,8.9,-5.18,1,5,0.0906,0.0906,0.0869,0.0758
62.332,1,0.828,0.25,-0.14,5,73.0,20.2,0.09,0.0027,0.09,0.006,0.004,-0.035,-2.811,-179.39,11.66,1,-1.63,1,0.897,16.96,8.81,-6.358,1,5,0.0869,0.0943,0.0962,0.0814
62.363,1,0.821,0.25,0.03,5,73.2,20.2,0.09,0.0004,0.091,0.003,-0.035,-0.039,-2.811,-179.45,11.66,1,-1.63,1,0.894,16.96,8.38,-4.261,1,5,0.0851,0.0888,0.098,0.0906
62.396,1,0.811,0.75,-0.62,5,73.3,20.2,0.09,-0.0025,0.09,0.002,0.005,-0.04,-2.811,-179.45,11.66,1,-1.63,1,0.894,16.96,8.38,-4.261,1,5,0.0833,0.087,0.0981,0.0925
62.431,1,0.825,0.25,-0.07,5,73.4,20.2,0.09,0.0028,0.086,0.0,0.002,-0.044,-2.811,-179.45,11.66,1,-1.63,1,0.897,16.48,8.51,-4.499,1,5,0.0832,0.0832,0.0906,0.0888
62.463,1,0.84,0.25,-0.31,5,73.7,20.2,0.09,-0.0004,0.088,0.001,-0.01,-0.048,-2.811,-179.45,11.66,1,-2.54,1,0.895,16.48,8.51,-4.498,1,5,0.0869,0.0851,0.0906,0.0888
62.497,1,0.847,0.25,-0.56,5,73.6,20.44,0.09,0.0036,0.087,0.0,0.009,-0.049,-2.811,-179.45,11.66,1,-2.54,1,0.895,16.48,8.51,-4.498,1,5,0.0869,0.0869,0.0869,0.0869
62.531,1,0.847,0.25,-0.42,5,74.0,20.44,0.09,0.0078,0.088,-0.001,-0.035,-0.053,-2.811,-179.51,11.66,1,-2.54,1,0.887,16.48,8.14,-3.669,1,5,0.0907,0.087,0.087,0.0889
62.568,1,0.833,0.25,-0.74,5,73.8,20.2,0.09,0.0052,0.088,-0.003,0.045,-0.056,-2.811,-179.51,11.66,1,-2.54,1,0.872,16.48,8.15,-3.669,1,5,0.0963,0.087,0.0833,0.0852
62.595,1,0.827,0.25,-0.58,5,73.8,20.44,0.09,0.0108,0.089,-0.003,0.073,-0.058,-2.811,-179.45,11.66,1,-2.54,1,0.865,15.99,7.26,-4.369,1,5,0.0999,0.0888,0.0833,0.0833
62.63,1,0.827,0.25,-0.18,5,73.6,20.56,0.09,0.008,0.094,0.001,-0.025,-0.062,-2.811,-179.45,11.66,1,-2.54,1,0.87,16.48,7.22,-5.582,1,5,0.0999,0.0999,0.0906,0.0851
62.665,1,0.821,0.25,-0.41,5,73.7,20.46,0.09,0.0009,0.095,0.003,-0.045,-0.066,-2.811,-179.45,11.66,1,-2.54,1,0.859,16.48,7.22,-5.574,1,5,0.092,0.0975,0.0993,0.092
62.696,1,0.819,0.25,-0.39,5,74.2,20.46,0.09,0.005,0.097,0.003,-0.043,-0.068,-2.811,-179.51,11.66,1,-2.54,1,0.859,16.48,7.22,-5.574,1,5,0.0883,0.0975,0.103,0.0994
62.731,1,0.829,0.25,-0.61,5,74.6,20.46,0.09,0.0045,0.092,0.0,-0.012,-0.072,-2.811,-179.51,11.66,1,-2.54,1,0.859,15.99,7.22,-4.375,1,5,0.0841,0.0877,0.0968,0.0987
62.762,1,0.832,-0.25,-0.44,5,73.8,20.46,0.09,0.0084,0.091,-0.0,0.017,-0.075,-2.811,-179.45,11.66,1,-2.54,1,0.854,15.51,7.73,-5.345,1,5,0.0866,0.0901,0.0919,0.0972
62.796,1,0.833,-0.25,-0.17,5,73.7,20.46,0.09,0.0117,0.092,0.0,-0.006,-0.077,-2.811,-179.45,11.66,1,-2.54,1,0.854,15.51,7.73,-5.345,1,5,0.0902,0.0937,0.0902,0.0937
62.83,1,0.837,-0.25,-0.74,5,72.9,20.46,0.09,0.0063,0.091,-0.003,0.007,-0.08,-2.811,-179.45,11.66,1,-2.54,1,0.847,15.51,7.23,-5.17,1,5,0.0961,0.0907,0.0854,0.0925
62.863,1,0.81,0.0,-1.1,5,72.9,20.44,0.09,0.0159,0.093,-0.005,0.027,-0.082,-2.811,-179.45,11.66,1,-3.03,1,0.843,15.51,7.62,-4.421,1,5,0.1017,0.0925,0.0851,0.0943
62.896,1,0.797,-0.25,-0.48,5,73.2,20.46,0.09,0.019,0.095,-0.003,0.011,-0.086,-2.811,-179.39,11.66,1,-3.03,1,0.843,15.51,7.62,-4.421,1,5,0.1017,0.098,0.0869,0.0943
62.932,1,0.817,-0.75,-0.25,5,72.9,20.46,0.09,0.0111,0.097,0.001,0.043,-0.09,-2.811,-179.39,11.66,1,-3.03,1,0.817,15.51,7.89,-4.274,1,5,0.0999,0.1055,0.0907,0.0925
62.963,1,0.809,-0.5,-0.59,5,73.2,20.56,0.09,0.0128,0.095,0.002,-0.017,-0.094,-2.811,-179.39,11.66,1,-3.03,1,0.797,15.51,9.47,2.969,1,5,0.0943,0.0998,0.0943,0.0924
62.998,1,0.808,-0.5,-0.73,5,74.1,20.44,0.09,0.0152,0.094,0.0,-0.003,-0.096,-2.811,-179.39,11.66,1,-3.03,1,0.797,15.51,9.47,2.969,1,5,0.0906,0.0943,0.0943,0.0961
63.028,1,0.83,-0.5,-0.66,5,74.1,20.44,0.09,0.0175,0.092,-0.001,0.005,-0.099,-2.811,-179.34,11.66,1,-3.03,1,0.765,15.03,11.08,0.0,0,5,0.0869,0.0906,0.0924,0.0998
63.064,1,0.832,-0.75,-0.72,5,74.0,20.44,0.09,0.0162,0.09,0.001,0.01,-0.103,-2.811,-179.34,11.66,1,-2.59,1,0.758,15.03,11.68,0.0,0,5,0.0796,0.0925,0.0888,0.0981
63.095,1,0.842,-0.75,-0.93,5,74.0,20.44,0.09,0.0204,0.089,0.0,0.011,-0.104,-2.811,-179.34,11.66,1,-2.59,1,0.758,15.03,11.68,0.0,0,5,0.0814,0.0907,0.0888,0.0962
63.132,1,0.835,-0.5,-1.06,5,74.1,20.44,0.09,0.0237,0.087,-0.001,0.079,-0.108,-2.811,-179.22,11.66,1,-2.59,1,0.736,14.54,14.53,0.0,0,5,0.0833,0.087,0.0852,0.0926
63.163,1,0.835,-0.25,-0.68,5,74.3,20.2,0.09,0.0227,0.086,-0.002,0.004,-0.111,-2.811,-179.22,11.66,1,-2.59,1,0.734,15.03,15.74,0.0,0,5,0.087,0.0907,0.0778,0.0889
63.196,1,0.831,-0.5,-0.44,5,74.1,20.44,0.09,0.013,0.087,-0.001,-0.017,-0.113,-2.811,-179.22,11.66,1,-2.59,1,0.734,15.03,15.74,0.0,0,5,0.0888,0.0962,0.0759,0.087
63.232,1,0.821,-0.5,-0.71,5,74.2,20.56,0.09,0.0121,0.09,0.002,0.016,-0.117,-2.811,-179.16,11.66,1,-2.59,1,0.736,15.03,18.98,0.0,0,5,0.0907,0.1018,0.0815,0.0852
63.264,1,0.835,-0.5,-0.39,5,74.4,20.2,0.09,0.017,0.093,0.001,0.001,-0.121,-2.811,-179.16,11.65,1,0.44,1,0.742,15.03,19.96,0.0,0,5,0.0889,0.0926,0.0944,0.0944
63.297,1,0.836,-0.75,-0.31,5,74.3,20.46,0.09,0.0113,0.092,-0.0,-0.005,-0.122,-2.811,-179.16,11.65,1,0.44,1,0.742,15.03,19.96,0.0,0,5,0.087,0.087,0.0963,0.0981
63.329,1,0.823,-0.75,-0.94,5,74.3,20.46,0.09,0.0128,0.09,-0.001,0.014,-0.126,-2.811,-179.16,11.65,1,0.44,1,0.738,11.15,16.9,0.0,0,5,0.0833,0.0852,0.0926,0.1
63.362,1,0.837,-0.75,-0.61,5,74.2,20.44,0.09,0.0237,0.088,-0.001,0.023,-0.13,-2.811,-179.11,11.65,1,0.44,1,0.738,11.15,16.9,0.0,0,5,0.0846,0.0901,0.0846,0.0938
63.394,1,0.827,-0.75,-0.52,5,74.1,20.44,0.09,0.0178,0.088,-0.001,0.019,-0.131,-2.811,-179.05,11.65,1,0.44,1,0.738,11.15,16.9,0.0,0,5,0.0865,0.092,0.0828,0.092
63.43,1,0.814,-0.75,-0.87,5,74.3,20.44,0.09,0.016,0.087,-0.002,0.056,-0.135,-2.811,-178.99,11.65,1,0.44,1,0.738,11.15,16.9,0.0,0,5,0.0883,0.0902,0.0791,0.0902
63.461,1,0.815,-0.25,-1.0,5,74.5,20.46,0.09,0.022,0.087,-0.003,0.095,-0.136,-2.811,-178.88,11.65,1,3.52,1,0.711,8.24,16.6,0.0,0,5,0.0884,0.0902,0.0774,0.0902
63.496,1,0.817,-0.75,-0.46,5,74.3,20.46,0.09,0.0181,0.087,-0.002,-0.075,-0.14,-2.811,-178.93,11.65,1,3.52,1,0.711,8.24,16.6,0.0,0,5,0.0907,0.0963,0.0741,0.0889
63.53,1,0.816,-0.75,-1.15,5,74.7,20.46,0.09,0.0151,0.089,-0.002,-0.012,-0.144,-2.811,-178.93,11.65,1,3.52,1,0.655,3.39,25.19,0.0,0,5,0.0922,0.0977,0.0774,0.0903
63.563,1,0.831,-0.75,-1.14,5,75.2,20.46,0.09,0.027,0.09,-0.002,0.027,-0.147,-2.811,-178.88,11.65,1,3.52,1,0.655,3.39,25.19,0.0,0,5,0.0885,0.0921,0.0848,0.0958
63.596,1,0.847,-0.75,-1.04,5,75.4,20.46,0.09,0.0268,0.09,-0.001,0.004,-0.149,-2.811,-178.88,11.65,1,3.52,1,0.655,3.39,25.19,0.0,0,5,0.0866,0.0885,0.0885,0.0958
63.632,1,0.852,-0.75,-0.85,5,75.7,20.46,0.09,0.0251,0.088,0.0,0.024,-0.153,-2.812,-178.82,11.65,1,3.52,1,0.668,0.48,33.39,0.0,0,5,0.0814,0.0888,0.087,0.0944
63.664,1,0.854,-1.0,-0.42,5,75.6,19.97,0.09,0.0216,0.087,0.002,-0.001,-0.156,-2.812,-178.76,11.65,1,6.29,1,0.661,-0.48,39.61,0.0,0,5,0.0796,0.0926,0.087,0.0907
63.696,1,0.822,-1.25,-0.47,5,75.3,20.2,0.09,0.0172,0.087,0.001,0.017,-0.158,-2.812,-178.76,11.65,1,6.29,1,0.661,-0.48,39.61,0.0,0,5,0.0796,0.0907,0.087,0.0926
63.732,1,0.818,-0.75,-0.79,5,75.6,20.0,0.09,0.0208,0.09,0.0,0.061,-0.162,-2.812,-178.65,11.65,1,6.29,1,0.653,-0.48,46.15,0.0,0,5,0.0832,0.0887,0.0906,0.0961
63.762,1,0.871,-0.75,-0.87,5,75.4,20.0,0.09,0.0199,0.093,-0.003,-0.04,-0.165,-2.812,-178.65,11.65,1,6.29,1,0.657,-1.94,52.97,0.0,0,5,0.0887,0.0887,0.0887,0.098
63.796,1,0.883,-1.25,-0.48,5,75.1,20.46,0.09,0.0214,0.096,-0.004,-0.011,-0.168,-2.812,-178.71,11.65,1,6.29,1,0.657,-1.94,52.97,0.0,0,5,0.0998,0.098,0.0851,0.0998
63.829,1,0.87,-1.25,-0.95,5,75.1,20.2,0.09,0.021,0.097,-0.004,-0.024,-0.171,-2.812,-178.76,11.65,1,6.29,1,0.675,-6.79,57.22,0.0,0,5,0.102,0.0983,0.0874,0.1002
63.866,1,0.862,-1.25,-1.27,5,75.1,20.04,0.09,0.0288,0.096,-0.001,0.035,-0.175,-2.812,-178.71,11.65,1,6.29,1,0.664,-8.72,58.69,0.0,0,5,0.0965,0.0947,0.0947,0.0983
63.895,1,0.876,-1.25,-1.23,5,75.0,20.0,0.09,0.0342,0.094,0.001,0.033,-0.177,-2.812,-178.65,11.66,1,12.92,1,0.655,-11.63,59.7,0.0,0,5,0.0893,0.0911,0.1002,0.0966
63.928,1,0.891,-1.25,-0.97,5,74.9,20.2,0.09,0.0332,0.093,0.002,0.009,-0.181,-2.812,-178.65,11.66,1,12.92,1,0.667,-15.51,61.48,0.0,0,5,0.0851,0.0925,0.098,0.0962
63.963,1,0.865,-1.25,-0.78,5,74.8,20.44,0.09,0.0284,0.092,0.0,0.003,-0.184,-2.812,-178.65,11.66,1,12.92,1,0.667,-15.51,61.48,0.0,0,5,0.0851,0.0924,0.0924,0.098
63.995,1,0.854,-1.5,-0.53,5,74.7,19.97,0.09,0.025,0.089,0.0,0.022,-0.186,-2.812,-178.65,11.66,1,12.92,1,0.667,-15.51,61.48,0.0,0,5,0.0846,0.0902,0.0883,0.0938
64.029,1,0.848,-1.25,-0.35,5,74.2,20.2,0.09,0.0236,0.088,0.001,-0.001,-0.19,-2.812,-178.53,11.66,1,12.92,1,0.642,-23.27,63.78,0.0,0,5,0.0866,0.0921,0.0866,0.0884
64.062,1,0.863,-1.25,-0.36,5,74.2,20.44,0.09,0.0171,0.088,0.001,0.014,-0.192,-2.812,-178.53,11.66,1,12.92,1,0.624,-24.72,64.56,0.0,0,5,0.0866,0.0921,0.0866,0.0884
64.095,1,0.859,-1.25,-0.3,5,74.0,20.44,0.09,0.0174,0.087,0.0,-0.034,-0.193,-2.812,-178.59,11.66,1,20.04,1,0.644,-27.63,65.77,0.0,0,5,0.0895,0.0931,0.0822,0.084
64.13,1,0.86,-1.25,-1.68,5,74.0,20.44,0.09,0.0164,0.09,-0.003,-0.012,-0.199,-2.812,-178.65,11.66,1,20.04,1,0.638,-31.02,65.91,0.0,0,5,0.0935,0.0917,0.0825,0.0917
64.16,1,0.86,-1.25,-1.38,5,74.0,20.44,0.09,0.0404,0.09,-0.002,0.026,-0.201,-2.812,-178.65,11.66,1,20.04,1,0.639,-32.47,66.51,0.0,0,5,0.0906,0.0906,0.085,0.0924
64.195,1,0.871,-1.25,-1.37,5,74.2,20.44,0.09,0.0353,0.092,-0.0,0.051,-0.203,-2.812,-178.59,11.66,1,20.04,1,0.646,-35.87,67.22,0.0,0,5,0.0887,0.0924,0.0906,0.0961
64.228,1,0.877,-1.25,-1.09,5,74.0,20.44,0.09,0.0352,0.093,0.002,0.031,-0.206,-2.813,-178.48,11.66,1,20.04,1,0.609,-37.81,66.63,0.0,0,5,0.0851,0.0943,0.0962,0.0962
64.262,1,0.862,-1.0,-1.32,5,73.8,20.2,0.09,0.0302,0.094,0.001,0.045,-0.21,-2.813,-178.36,11.66,1,20.04,1,0.646,-39.26,66.9,0.0,0,5,0.0832,0.0962,0.0943,0.0999
64.297,1,0.858,-1.0,-1.09,5,73.3,19.97,0.09,0.0311,0.093,0.0,0.045,-0.212,-2.813,-178.36,11.65,1,25.17,1,0.646,-39.26,66.9,0.0,0,5,0.0862,0.097,0.0898,0.0988
64.327,1,0.824,-1.0,-0.6,5,73.2,20.44,0.09,0.0274,0.091,-0.001,0.034,-0.216,-2.813,-178.25,11.65,1,25.17,1,0.641,-42.65,67.03,0.0,0,5,0.088,0.097,0.0826,0.097
64.365,1,0.808,-1.0,-0.58,5,72.5,20.44,0.09,0.0191,0.09,-0.001,-0.002,-0.219,-2.813,-178.19,11.65,1,25.17,1,0.641,-42.65,67.03,0.0,0,5,0.0914,0.095,0.0822,0.0914
64.394,1,0.778,-1.0,-0.45,5,72.1,20.44,0.09,0.0189,0.09,-0.002,-0.034,-0.221,-2.813,-178.25,11.65,1,25.17,1,0.625,-46.53,66.85,0.0,0,5,0.0922,0.094,0.0811,0.0922
64.43,1,0.789,-1.0,-0.55,5,71.3,20.56,0.09,0.0166,0.089,-0.003,-0.004,-0.225,-2.813,-178.3,11.65,1,25.17,1,0.62,-47.98,66.38,0.0,0,5,0.0922,0.0922,0.0811,0.0922
64.465,1,0.806,-0.75,-0.97,5,71.3,20.56,0.09,0.0185,0.089,-0.0,0.019,-0.228,-2.813,-178.25,11.65,1,25.17,1,0.627,-47.01,66.79,0.0,0,5,0.0869,0.0924,0.0851,0.0924
64.497,1,0.795,-0.75,-0.98,5,72.2,20.46,0.09,0.0227,0.089,0.0,0.038,-0.23,-2.813,-178.19,11.65,1,30.36,1,0.612,-46.05,66.19,0.0,0,5,0.0851,0.0925,0.0869,0.0925
64.528,1,0.788,-0.75,-0.52,5,72.4,20.2,0.09,0.0232,0.09,0.003,0.056,-0.234,-2.813,-178.08,11.65,1,30.36,1,0.625,-43.14,65.75,0.0,0,5,0.0814,0.0924,0.0924,0.0924
64.562,1,0.812,-0.75,-0.92,5,72.3,20.46,0.09,0.0153,0.089,0.001,0.031,-0.236,-2.813,-178.08,11.65,1,30.36,1,0.61,-41.2,65.86,0.0,0,5,0.0814,0.0924,0.0887,0.0943
64.626,1,0.814,-0.75,-0.81,5,72.4,20.56,0.09,0.0226,0.089,-0.002,0.026,-0.243,-2.813,-177.79,11.65,1,30.36,1,0.617,-35.87,64.26,0.0,0,5,0.0832,0.0979,0.0758,0.0998
64.666,1,0.789,-0.75,-0.95,5,72.3,20.46,0.09,0.0208,0.092,-0.002,0.034,-0.247,-2.813,-177.79,11.65,1,30.36,1,0.617,-35.87,64.26,0.0,0,5,0.0887,0.0998,0.0813,0.0998
64.696,1,0.777,-0.75,-0.32,5,72.6,20.46,0.09,0.0233,0.093,-0.002,0.001,-0.248,-2.813,-177.79,11.65,1,33.99,1,0.665,-31.5,63.52,0.0,0,5,0.0905,0.0979,0.0832,0.0998
64.73,1,0.759,-0.75,0.18,5,73.2,20.57,0.09,0.0122,0.09,-0.002,0.019,-0.252,-2.814,-177.79,11.65,1,33.99,1,0.655,-29.08,63.7,0.0,0,5,0.0924,0.0924,0.0832,0.0924
64.765,1,0.743,-0.5,-0.22,5,73.8,21.1,0.09,0.0036,0.086,-0.002,0.02,-0.255,-2.814,-177.73,11.65,1,33.99,1,0.64,-26.66,64.05,0.0,0,5,0.0887,0.0905,0.0776,0.0868
64.795,1,0.706,-0.5,-0.3,5,74.1,20.04,0.09,0.0075,0.086,-0.0,0.034,-0.257,-2.814,-177.73,11.65,1,33.99,1,0.636,-25.69,62.82,0.0,0,5,0.0869,0.0924,0.0795,0.0869
64.827,1,0.619,-0.5,-1.75,4,73.9,20.0,0.09,0.0092,0.086,0.001,0.03,-0.261,-2.814,-177.62,11.65,1,33.99,1,0.665,-24.72,61.77,0.0,0,5,0.08,0.0909,0.0837,0.0909
64.863,1,0.601,-0.25,0.17,4,73.4,22.63,0.09,0.0347,0.086,0.0,0.062,-0.264,-2.814,-177.5,11.65,1,33.99,1,0.665,-24.72,61.77,0.0,0,5,0.0801,0.0892,0.0838,0.0911
64.895,1,0.568,0.0,1.46,4,72.2,24.57,0.09,-0.0019,0.084,0.001,0.05,-0.266,-2.814,-177.45,11.65,1,38.69,1,0.697,-20.84,60.27,0.0,0,5,0.0783,0.0892,0.0819,0.0874
64.93,1,0.523,0.25,0.92,4,72.1,21.95,0.09,-0.027,0.083,0.002,-0.018,-0.269,-2.815,-177.45,11.65,1,38.69,1,0.696,-18.9,59.86,0.0,0,5,0.0777,0.0907,0.0796,0.0833
64.962,1,0.501,-0.25,0.89,4,72.4,21.9,0.09,-0.0203,0.084,0.004,-0.048,-0.271,-2.815,-177.5,11.65,1,38.69,1,0.697,-16.96,59.19,0.0,0,5,0.0757,0.0923,0.0831,0.0831
64.995,1,0.462,-0.25,-3.17,3,73.4,20.46,0.09,-0.0128,0.087,0.003,-0.036,-0.274,-2.815,-177.5,11.65,1,38.69,1,0.698,-15.03,58.56,0.0,0,5,0.0791,0.0902,0.0902,0.0883
65.027,1,0.434,-0.25,0.26,3,73.9,25.84,0.09,0.0579,0.088,0.0,-0.035,-0.278,-2.815,-177.62,11.65,1,38.69,1,0.741,-15.99,56.97,0.0,0,5,0.0847,0.0847,0.0921,0.0921
65.062,1,0.382,-0.5,4.14,3,73.8,26.37,0.09,-0.0021,0.087,-0.001,-0.022,-0.279,-2.815,-177.62,11.65,1,38.69,1,0.741,-15.99,56.97,0.0,0,5,0.0879,0.0825,0.0898,0.0898
65.097,1,0.318,-0.5,4.91,3,73.5,27.42,0.09,-0.0668,0.086,-0.003,0.021,-0.283,-2.815,-177.62,11.65,1,41.1,1,0.796,-12.12,53.77,0.0,0,5,0.09,0.0845,0.0827,0.0882
65.128,1,0.324,-1.5,12.2,3,73.9,26.9,0.09,-0.0805,0.087,-0.001,0.044,-0.287,-2.815,-177.56,11.65,1,41.1,1,0.814,-8.72,54.29,0.0,0,5,0.0863,0.0881,0.0844,0.0899
65.161,1,0.265,-1.5,0.0,2,74.9,26.77,0.09,-0.1954,0.089,0.0,0.039,-0.288,-2.815,-177.5,11.65,1,41.1,1,0.814,-8.72,54.29,0.0,0,5,0.0851,0.0907,0.0888,0.0925
65.194,1,0.239,-1.5,0.0,2,75.2,29.41,0.09,-0.0781,0.087,0.0,0.011,-0.292,-2.815,-177.5,11.65,1,41.1,1,0.791,-5.82,54.1,0.0,0,5,0.0832,0.0832,0.0906,0.0906
65.229,1,0.221,-1.75,0.0,2,75.2,30.98,0.09,0.0151,0.086,0.0,-0.082,-0.295,-2.816,-177.56,11.65,1,41.1,1,0.818,-3.88,52.17,0.0,0,5,0.0924,0.0795,0.0943,0.0795
65.26,1,0.156,-2.0,0.0,1,75.0,24.96,0.09,0.0179,0.086,0.0,-0.116,-0.297,-2.816,-177.73,11.65,1,41.1,1,0.841,-1.94,51.49,0.0,0,5,0.0984,0.0765,0.0966,0.0729
65.295,1,0.118,0.0,0.0,1,73.2,29.95,0.09,0.0203,0.09,0.003,-0.085,-0.301,-2.816,-177.96,11.64,1,45.0,1,0.856,0.48,51.31,0.0,0,5,0.1056,0.0801,0.1056,0.0692
65.327,1,0.079,2.25,0.0,1,70.0,35.44,0.0657,0.0203,0.092,-0.0,-0.085,-0.305,-2.816,-178.13,11.64,1,45.0,1,0.855,2.91,51.0,0.0,0,5,0.1055,0.0819,0.1019,0.0782
65.359,1,0.061,5.49,0.0,1,64.1,37.93,0.054,0.0203,0.091,-0.002,-0.05,-0.306,-2.816,-178.19,11.64,1,45.0,1,0.855,5.33,50.81,0.0,0,5,0.1016,0.0831,0.0961,0.085
65.393,1,0.053,9.23,0.0,1,61.0,39.43,0.045,0.0203,0.091,-0.002,0.017,-0.31,-2.816,-178.19,11.64,1,45.0,1,0.853,8.24,50.73,0.0,0,5,0.0961,0.085,0.0924,0.0906
65.426,1,0.05,13.48,0.0,1,61.6,38.93,0.045,0.0203,0.086,-0.0,0.01,-0.313,-2.816,-178.13,11.64,1,45.0,1,0.851,10.66,51.37,0.0,0,5,0.085,0.0813,0.0906,0.0887
65.46,1,0.049,16.72,0.0,1,59.6,37.43,0.045,0.0203,0.083,0.001,-0.008,-0.315,-2.816,-178.13,11.64,1,45.0,1,0.851,10.66,51.37,0.0,0,5,0.0795,0.0795,0.0887,0.085
65.493,1,0.022,32.17,0.0,1,59.0,20.04,0.045,0.0203,0.074,-0.001,0.011,-0.317,-2.816,-178.13,11.64,1,40.94,1,0.844,16.96,52.63,0.0,0,5,0.0703,0.0684,0.0777,0.0795
65.528,1,0.033,33.75,0.0,1,59.2,16.88,0.0327,-0.1032,0.067,-0.002,0.01,-0.32,-2.816,-178.13,11.64,1,40.94,1,0.844,16.96,52.63,0.0,0,5,0.0666,0.0629,0.0666,0.0722
65.558,1,0.022,35.6,0.0,1,59.3,13.18,0.0209,-0.2203,0.064,-0.002,0.013,-0.321,-2.816,-178.13,11.64,1,40.94,1,0.799,24.23,55.58,0.0,0,5,0.0666,0.0611,0.0629,0.0666
65.624,1,0.066,28.7,0.0,1,58.1,22.46,0.0,-0.6,0.047,0.0,-0.149,-0.325,-2.816,-178.19,11.64,1,40.94,1,0.742,31.02,58.21,0.0,0,5,0.061,0.0444,0.0499,0.0314
65.661,1,0.071,28.95,0.0,1,56.8,21.96,0.0,-0.6,0.038,-0.001,-0.29,-0.325,-2.816,-178.53,11.64,1,40.94,1,0.732,31.99,58.73,0.0,0,5,0.061,0.024,0.0499,0.0185
65.694,1,0.069,28.2,0.0,1,57.5,23.46,0.0,-0.6,0.022,-0.001,-0.346,-0.326,-2.816,-179.39,11.64,1,40.94,1,0.732,31.99,58.73,0.0,0,5,0.0684,-0.0185,0.061,-0.0222
65.725,1,0.068,28.2,0.0,1,58.0,23.46,0.0,-0.6,0.011,0.0,-0.449,-0.326,-2.817,179.68,11.64,1,40.94,1,0.749,29.08,56.79,0.0,0,5,0.0833,-0.0537,0.0759,-0.0629
65.759,1,0.027,34.81,0.0,1,59.4,14.77,0.0,-0.6,0.006,0.002,-0.509,-0.326,-2.817,179.05,11.64,1,40.94,1,0.749,29.08,56.79,0.0,0,5,0.0852,-0.0648,0.0796,-0.0778
65.797,1,0.035,32.96,0.0,1,58.3,18.46,0.0,-0.6,-0.001,0.003,-0.517,-0.325,-2.817,177.9,11.64,1,40.94,1,0.785,23.27,54.38,0.0,0,5,0.0871,-0.0852,0.0889,-0.0963
65.827,1,0.123,19.97,0.0,2,58.2,27.05,0.0,-0.6,-0.008,0.0,-0.569,-0.325,-2.817,176.59,11.64,1,40.94,1,0.816,19.39,52.59,0.0,0,5,0.0834,-0.1019,0.0852,-0.1001
65.859,1,0.188,16.22,41.48,3,58.8,23.73,0.0,-0.6,-0.008,-0.001,-0.581,-0.325,-2.816,175.96,11.64,1,40.94,1,0.816,19.39,52.59,0.0,0,5,0.0852,-0.1056,0.087,-0.1
65.897,1,0.244,12.48,42.74,3,62.5,21.62,0.0,-0.6,-0.009,-0.005,-0.529,-0.324,-2.816,174.58,11.64,1,40.94,1,0.821,11.15,47.86,0.0,0,5,0.0889,-0.1111,0.0833,-0.0963
65.931,1,0.289,9.48,43.36,3,64.7,27.42,0.0071,-0.0432,-0.012,-0.003,-0.478,-0.324,-2.816,173.43,11.64,1,40.94,1,0.865,7.76,44.72,0.0,0,5,0.0832,-0.1146,0.0851,-0.0998
65.962,1,0.303,6.99,43.85,3,65.9,29.53,0.014,-0.0846,-0.012,-0.001,-0.519,-0.324,-2.816,172.86,11.64,1,40.94,1,0.897,4.36,41.8,0.0,0,5,0.0851,-0.1109,0.0851,-0.1054
65.997,1,0.295,3.24,45.66,3,67.6,31.44,0.028,-0.1695,-0.01,-0.0,-0.53,-0.323,-2.816,171.6,11.64,1,40.94,1,0.914,0.97,39.36,0.0,0,5,0.0869,-0.1035,0.0832,-0.1072
66.027,1,0.385,-2.75,48.2,4,68.7,32.36,0.0421,-0.2554,-0.002,-0.003,-0.47,-0.323,-2.816,170.51,11.64,1,40.94,1,0.907,-3.39,35.8,0.0,0,5,0.0943,-0.0906,0.0795,-0.0925
66.062,1,0.468,-4.49,47.24,4,70.1,31.85,0.049,-0.2968,-0.001,-0.006,-0.424,-0.323,-2.816,170.0,11.64,1,40.94,1,0.907,-3.39,35.8,0.0,0,5,0.0925,-0.087,0.0722,-0.0833
66.095,1,0.509,-5.49,46.3,4,72.0,31.14,0.063,-0.3817,0.005,-0.011,-0.279,-0.324,-2.815,169.31,11.64,1,45.0,1,0.856,-13.57,21.07,0.0,0,5,0.0832,-0.074,0.061,-0.0518
66.128,1,0.536,-6.24,45.56,4,73.4,29.71,0.0779,-0.472,0.014,-0.015,-0.267,-0.325,-2.814,168.74,11.64,1,45.0,1,0.919,-15.99,16.41,0.0,0,5,0.0815,-0.0537,0.0518,-0.0222
66.162,1,0.531,-6.99,45.52,4,73.6,29.98,0.084,-0.5089,0.024,-0.015,-0.303,-0.325,-2.814,168.39,11.64,1,45.0,1,0.927,-17.45,14.84,0.0,0,5,0.0851,-0.0407,0.0592,-0.0074
66.194,1,0.602,-8.24,45.7,4,74.4,29.94,0.09,-0.5455,0.043,-0.01,-0.382,-0.328,-2.813,167.59,11.64,1,45.0,1,0.931,-18.9,11.78,0.0,0,5,0.1055,-0.0148,0.0815,0.0
66.229,1,0.62,-8.49,44.59,4,74.5,27.7,0.09,-0.5455,0.061,-0.003,-0.403,-0.331,-2.813,166.67,11.64,1,45.0,1,0.936,-19.87,8.32,0.0,0,5,0.1293,0.0,0.1164,0.0
66.261,1,0.673,-8.24,43.78,5,74.1,27.44,0.09,-0.5455,0.069,-0.002,-0.451,-0.332,-2.812,166.16,11.64,1,45.0,1,0.952,-21.33,5.4,0.0,0,5,0.1423,0.0018,0.133,0.0
66.327,1,0.672,-9.23,43.2,5,72.6,26.86,0.09,-0.5455,0.09,-0.001,-0.575,-0.339,-2.81,163.69,11.63,1,45.0,1,0.942,-23.75,-3.0,0.0,0,5,0.1814,0.0,0.1777,0.0
66.362,1,0.664,-9.73,42.59,5,71.9,26.27,0.09,-0.5455,0.092,0.0,-0.539,-0.341,-2.81,163.06,11.63,1,45.0,1,0.942,-23.75,-3.0,0.0,0,5,0.1833,0.0,0.1833,0.0
66.394,1,0.662,-9.48,41.78,5,71.5,26.27,0.09,-0.5455,0.094,0.004,-0.531,-0.345,-2.809,161.86,11.63,1,45.0,1,0.94,-26.66,-12.51,2.381,1,5,0.1813,0.0,0.196,0.0
66.427,1,0.671,-8.98,40.96,5,71.4,25.69,0.09,-0.5455,0.099,0.001,-0.554,-0.349,-2.807,160.54,11.63,1,45.0,1,0.956,-28.6,-16.98,0.697,1,5,0.1889,0.0,0.2,0.0055
66.461,1,0.734,-9.73,40.09,5,71.3,25.1,0.09,-0.5455,0.1,-0.001,-0.565,-0.351,-2.806,159.91,11.63,1,45.0,1,0.956,-28.6,-16.98,0.697,1,5,0.1945,0.0,0.1982,0.0073
66.496,1,0.757,-9.48,38.98,5,71.5,24.52,0.09,-0.5455,0.1,-0.003,-0.553,-0.354,-2.805,158.59,11.63,1,45.0,1,0.958,-31.5,-25.21,0.0,0,5,0.1981,0.0,0.1926,0.0073
66.527,1,0.758,-9.98,38.35,5,71.3,24.48,0.09,-0.5455,0.098,0.001,-0.523,-0.358,-2.804,157.39,11.63,1,45.0,1,0.966,-33.44,-30.07,0.0,0,5,0.1924,0.0,0.198,0.0019
66.561,1,0.754,-10.73,37.48,5,70.8,24.48,0.09,-0.5455,0.096,0.001,-0.553,-0.361,-2.802,156.13,11.63,1,45.0,1,0.966,-33.44,-30.07,0.0,0,5,0.1906,0.0,0.1943,0.0
66.63,1,0.751,-11.73,35.5,5,70.4,23.26,0.09,-0.5455,0.094,-0.002,-0.523,-0.367,-2.8,154.18,11.63,1,45.0,1,0.98,-39.74,-39.32,0.0,0,5,0.1934,0.0,0.1842,0.0
66.661,1,0.772,-12.23,34.09,5,70.5,23.26,0.09,-0.5083,0.094,-0.001,-0.527,-0.368,-2.799,153.55,11.63,1,45.0,1,0.972,-41.68,-42.18,0.0,0,5,0.1917,0.0,0.1862,0.0
66.697,1,0.784,-11.98,32.85,5,70.5,23.2,0.09,-0.4796,0.095,0.0,-0.543,-0.372,-2.797,152.35,11.63,1,45.0,1,0.973,-43.62,-45.29,0.0,0,5,0.1899,0.0,0.1917,0.0
66.725,1,0.791,-12.48,31.68,5,71.3,22.65,0.09,-0.4629,0.094,0.0,-0.535,-0.375,-2.795,151.15,11.63,1,45.0,1,0.966,-46.05,-47.49,0.0,0,5,0.1869,0.0037,0.1851,0.0
66.76,1,0.798,-13.48,30.73,5,71.5,22.65,0.09,-0.4365,0.094,0.0,-0.535,-0.375,-2.795,151.15,11.63,1,45.0,1,0.963,-48.47,-49.59,0.0,0,5,0.1869,0.0037,0.1851,0.0
66.826,1,0.805,-14.72,28.62,5,72.3,22.78,0.0947,-0.4112,0.09,0.001,-0.46,-0.381,-2.792,148.85,11.63,1,45.0,1,0.942,-53.32,-53.53,0.0,0,5,0.173,0.0018,0.1803,0.0037
66.858,1,0.845,-13.98,26.85,5,73.7,22.22,0.1016,-0.3595,0.09,0.0,-0.479,-0.383,-2.791,148.34,11.63,1,45.0,1,0.915,-54.77,-55.14,0.0,0,5,0.1711,0.0,0.1803,0.0074
66.927,1,0.857,-14.72,24.83,5,74.6,21.67,0.1181,-0.3791,0.091,-0.008,-0.422,-0.389,-2.786,146.28,11.63,1,39.0,1,0.893,-53.8,-55.86,0.0,0,5,0.1738,0.0074,0.1572,0.024
66.962,1,0.864,-15.47,23.59,5,74.3,21.67,0.125,-0.3564,0.091,-0.007,-0.412,-0.39,-2.785,145.82,11.63,1,39.0,1,0.893,-53.8,-55.86,0.0,0,5,0.1701,0.0111,0.1553,0.0259
66.993,1,0.859,-16.47,22.72,5,74.1,21.67,0.1372,-0.3637,0.093,-0.006,-0.396,-0.393,-2.783,144.9,11.63,1,39.0,1,0.893,-49.92,-52.13,0.0,0,5,0.1647,0.0148,0.1591,0.0333
67.025,1,0.85,-16.22,20.86,5,74.1,21.46,0.143,-0.3528,0.104,-0.006,-0.353,-0.397,-2.78,144.1,11.63,1,39.0,1,0.893,-49.92,-52.13,0.0,0,5,0.172,0.0277,0.1683,0.0499
67.062,1,0.837,-16.47,20.12,5,73.6,21.11,0.1498,-0.334,0.111,-0.006,-0.35,-0.399,-2.778,143.7,11.63,1,39.0,1,0.893,-49.92,-52.13,0.0,0,5,0.1776,0.0351,0.1739,0.0555
67.127,1,0.847,-17.22,19.17,5,72.7,21.46,0.1587,-0.3391,0.134,-0.004,-0.307,-0.407,-2.771,142.15,11.63,1,27.0,1,0.947,-35.87,-40.86,0.0,0,5,0.198,0.0666,0.1924,0.0777
67.16,1,0.86,-17.22,18.27,5,72.5,21.11,0.1644,-0.3207,0.139,-0.006,-0.363,-0.41,-2.769,141.75,11.63,1,27.0,1,0.947,-35.87,-40.86,0.0,0,5,0.2034,0.0721,0.1942,0.0869
67.195,1,0.868,-16.72,17.93,5,73.0,21.11,0.1698,-0.3119,0.151,-0.003,-0.313,-0.414,-2.765,141.0,11.63,1,27.0,1,0.974,-32.96,-36.64,0.0,0,5,0.2073,0.0888,0.2073,0.0999
67.226,1,0.864,-16.22,17.83,5,73.3,21.11,0.1719,-0.3144,0.158,0.004,-0.254,-0.42,-2.762,140.43,11.63,1,27.0,1,0.952,-27.14,-32.79,0.0,0,5,0.2034,0.1128,0.2108,0.1054
67.261,1,0.859,-16.22,18.03,5,73.4,20.56,0.1725,-0.3195,0.163,0.01,-0.315,-0.423,-2.76,140.03,11.63,1,27.0,1,0.97,-24.23,-26.37,0.0,0,5,0.2017,0.1258,0.2202,0.1055
67.296,1,0.834,-15.47,17.1,5,72.2,21.1,0.1713,-0.3216,0.17,0.013,-0.275,-0.428,-2.756,139.46,11.64,1,13.5,1,0.97,-21.81,-23.34,0.0,0,5,0.2054,0.1351,0.2313,0.1092
67.326,1,0.827,-15.22,17.07,5,72.0,21.11,0.1769,-0.3174,0.175,0.006,-0.347,-0.434,-2.751,138.71,11.64,1,13.5,1,0.933,-18.42,-18.63,0.0,0,5,0.2213,0.1291,0.2342,0.1162
67.361,1,0.816,-14.47,16.4,5,71.5,21.11,0.1771,-0.3195,0.176,0.004,-0.273,-0.437,-2.749,138.37,11.64,1,13.5,1,0.933,-18.42,-18.63,0.0,0,5,0.2267,0.1253,0.2341,0.118
67.427,1,0.825,-13.23,14.02,5,72.3,20.56,0.1811,-0.3162,0.185,0.004,-0.315,-0.448,-2.739,137.05,11.64,1,13.5,1,0.929,-10.18,0.79,2.812,1,5,0.2292,0.1368,0.2403,0.1331
67.461,1,0.827,-13.48,13.29,5,72.9,20.81,0.1881,-0.2781,0.187,0.004,-0.359,-0.451,-2.736,136.59,11.64,1,13.5,1,0.929,-10.18,0.79,2.812,1,5,0.2293,0.1405,0.2404,0.1368
67.528,1,0.811,-13.48,11.91,5,71.8,20.2,0.1749,-0.2307,0.19,0.0,-0.236,-0.462,-2.725,135.39,11.64,1,1.5,1,0.833,2.91,17.92,0.0,0,5,0.2423,0.1369,0.2423,0.1369
67.562,1,0.815,-14.97,11.82,5,71.1,20.2,0.1636,-0.1776,0.192,-0.002,-0.269,-0.464,-2.723,135.1,11.64,1,1.5,1,0.86,6.3,27.19,0.0,0,5,0.2478,0.1369,0.2423,0.1406
67.627,1,0.832,-11.73,9.26,5,72.9,20.56,0.1145,-0.0792,0.2,0.001,-0.182,-0.476,-2.711,133.96,11.64,1,1.5,1,0.801,14.54,33.58,0.0,0,5,0.2401,0.1551,0.2475,0.1588
67.66,1,0.848,-12.73,9.59,5,73.3,20.46,0.1037,-0.0656,0.199,0.003,-0.235,-0.478,-2.708,133.67,11.64,1,1.5,1,0.847,15.99,40.94,0.0,0,5,0.2326,0.1588,0.2455,0.1606
67.726,1,0.846,-13.23,8.66,5,73.9,20.44,0.09,-0.0544,0.185,-0.0,-0.162,-0.488,-2.698,132.81,11.64,1,-2.08,1,0.849,14.54,37.84,0.0,0,5,0.223,0.1511,0.2174,0.1474
67.76,1,0.835,-12.98,8.35,5,73.6,20.56,0.09,-0.0317,0.182,-0.002,-0.178,-0.491,-2.695,132.58,11.64,1,-2.08,1,0.849,14.54,37.84,0.0,0,5,0.2213,0.1457,0.2139,0.1457
67.793,1,0.841,-14.23,8.42,5,72.7,20.46,0.09,-0.0296,0.177,-0.005,-0.296,-0.495,-2.69,132.01,11.64,1,-2.08,1,0.869,12.6,37.38,0.0,0,5,0.2156,0.1401,0.2045,0.1493
67.828,1,0.85,-14.47,7.81,5,73.1,20.56,0.09,-0.0158,0.17,-0.006,-0.124,-0.5,-2.685,131.61,11.64,1,-2.08,1,0.869,12.6,37.38,0.0,0,5,0.2017,0.1406,0.1887,0.1499
67.857,1,0.858,-14.72,7.5,5,73.3,20.44,0.09,-0.0027,0.167,-0.006,-0.086,-0.502,-2.682,131.49,11.64,1,-2.08,1,0.864,6.3,25.8,0.0,0,5,0.1979,0.1387,0.1831,0.148
67.927,1,0.862,-15.22,7.26,5,73.6,20.44,0.09,0.0036,0.148,-0.007,-0.154,-0.509,-2.673,131.04,11.67,1,3.33,1,0.878,0.97,20.05,0.0,0,5,0.1788,0.1143,0.1677,0.1308
67.958,1,0.868,-14.72,6.43,5,73.9,20.44,0.09,0.0136,0.143,-0.008,-0.164,-0.51,-2.671,130.86,11.67,1,3.33,1,0.855,-2.42,10.81,6.336,1,5,0.1713,0.1087,0.1603,0.1308
67.993,1,0.872,-14.97,6.22,5,74.5,20.56,0.09,0.0211,0.134,-0.008,-0.079,-0.514,-2.667,130.63,11.67,1,3.33,1,0.871,-3.39,5.36,3.842,1,5,0.1548,0.1014,0.1493,0.129
68.024,1,0.872,-15.72,6.04,5,74.6,20.46,0.09,0.0274,0.128,-0.003,-0.123,-0.517,-2.663,130.41,11.67,1,3.33,1,0.835,-4.85,6.16,0.0,0,5,0.1406,0.1054,0.1443,0.1221
68.06,1,0.884,-15.97,5.72,5,74.8,20.44,0.09,0.0396,0.124,-0.001,-0.076,-0.518,-2.661,130.29,11.67,1,3.33,1,0.835,-4.85,6.16,0.0,0,5,0.135,0.1036,0.1424,0.1165
68.123,1,0.884,-16.22,5.54,5,74.4,20.44,0.09,0.0458,0.109,-0.007,-0.037,-0.524,-2.654,130.06,11.67,1,5.48,1,0.845,-8.72,2.1,0.0,0,5,0.132,0.0898,0.1136,0.099
68.157,1,0.89,-16.47,5.6,5,74.4,20.44,0.09,0.0518,0.102,-0.008,-0.088,-0.524,-2.653,129.95,11.67,1,5.48,1,0.847,-9.21,3.2,0.0,0,5,0.1283,0.0862,0.1008,0.0917
68.194,1,0.902,-16.47,5.21,5,75.0,20.44,0.09,0.0528,0.089,-0.007,-0.07,-0.526,-2.65,129.77,11.67,1,5.48,1,0.845,-9.21,3.73,0.0,0,5,0.1119,0.0807,0.0825,0.0807
68.227,1,0.902,-16.47,4.93,5,75.0,20.44,0.09,0.0587,0.08,-0.006,-0.019,-0.528,-2.648,129.72,11.67,1,5.48,1,0.847,-9.69,3.9,0.0,0,5,0.0925,0.0703,0.0777,0.0814
68.258,1,0.898,-16.47,5.34,5,75.0,19.85,0.09,0.0633,0.08,-0.005,0.022,-0.529,-2.646,129.77,11.67,1,5.48,1,0.847,-9.69,3.9,0.0,0,5,0.0851,0.0703,0.0814,0.0851
68.326,1,0.893,-15.72,4.84,5,74.6,20.46,0.09,0.0555,0.077,0.003,0.022,-0.533,-2.642,129.89,11.69,1,4.76,1,0.842,-9.21,7.69,0.0,0,5,0.0649,0.0793,0.0793,0.0829
68.357,1,0.894,-15.47,5.2,5,74.6,20.44,0.09,0.0548,0.075,0.002,0.029,-0.534,-2.641,129.89,11.69,1,4.76,1,0.842,-9.21,7.69,0.0,0,5,0.0649,0.0793,0.0757,0.0811
68.395,1,0.892,-15.47,5.14,5,74.5,20.2,0.09,0.0464,0.076,-0.001,0.059,-0.536,-2.639,130.0,11.69,1,4.76,1,0.844,-8.72,9.44,0.0,0,5,0.0739,0.0813,0.0684,0.0813
68.423,1,0.897,-15.47,5.76,5,74.4,20.2,0.09,0.0482,0.076,-0.003,0.056,-0.538,-2.636,130.12,11.69,1,4.76,1,0.843,-8.24,11.02,0.0,0,5,0.0757,0.0813,0.0646,0.0813
68.458,1,0.895,-14.97,5.88,5,74.1,20.2,0.09,0.0376,0.074,-0.003,0.092,-0.538,-2.635,130.23,11.69,1,4.76,1,0.849,-7.27,12.16,0.0,0,5,0.0739,0.0813,0.0609,0.0794
68.531,1,0.854,-15.72,6.89,5,72.1,20.56,0.09,0.0308,0.065,-0.0,0.049,-0.542,-2.631,130.52,11.69,1,5.44,1,0.836,-6.3,18.07,0.0,0,5,0.0555,0.0814,0.0481,0.0758
68.557,1,0.842,-15.22,7.26,5,71.2,20.81,0.09,0.0228,0.063,0.0,0.065,-0.543,-2.63,130.63,11.69,1,5.44,1,0.835,-5.33,19.32,0.0,0,5,0.05,0.0814,0.0463,0.0759
68.626,1,0.811,-10.48,5.76,5,70.3,20.44,0.09,0.01,0.059,0.006,0.102,-0.546,-2.627,131.04,11.69,1,5.44,1,0.813,-2.91,23.12,0.0,0,5,0.0314,0.0794,0.0499,0.0739
68.657,1,0.805,-10.73,6.55,5,70.2,20.44,0.09,-0.0231,0.058,0.007,0.103,-0.547,-2.626,131.15,11.69,1,5.44,1,0.813,-2.91,23.12,0.0,0,5,0.0314,0.0812,0.0498,0.0702
68.726,1,0.794,-8.49,6.43,5,70.4,20.44,0.09,-0.0241,0.058,0.006,0.082,-0.55,-2.623,131.55,11.69,1,8.15,1,0.795,-2.42,28.57,0.0,0,5,0.0388,0.0777,0.0499,0.0666
68.76,1,0.791,-8.24,6.77,5,70.5,20.0,0.09,-0.0488,0.06,0.004,0.1,-0.551,-2.622,131.67,11.69,1,8.15,1,0.795,-2.42,28.57,0.0,0,5,0.0407,0.074,0.0536,0.0721
68.825,1,0.738,-8.73,7.26,5,70.4,20.2,0.09,-0.0498,0.062,0.0,0.019,-0.555,-2.619,131.89,11.69,1,8.15,1,0.795,-4.36,32.31,0.0,0,5,0.0536,0.0703,0.0555,0.0703
68.855,1,0.778,-5.99,6.58,5,70.4,20.56,0.09,-0.051,0.063,0.001,0.01,-0.556,-2.618,131.89,11.69,1,8.15,1,0.795,-4.36,32.31,0.0,0,5,0.0555,0.0703,0.0574,0.0685
68.893,1,0.777,-5.99,6.26,5,69.7,20.44,0.09,-0.0705,0.067,0.0,-0.04,-0.557,-2.616,131.84,11.71,1,12.8,1,0.795,-4.36,32.31,0.0,0,5,0.0665,0.0684,0.0665,0.0665
68.926,1,0.771,-5.99,6.58,5,69.4,20.56,0.09,-0.0614,0.071,-0.001,-0.012,-0.559,-2.613,131.78,11.71,1,12.8,1,0.795,-4.36,32.31,0.0,0,5,0.074,0.0666,0.074,0.0703
68.957,1,0.765,-5.74,6.36,5,69.1,20.44,0.09,-0.0658,0.073,-0.002,-0.03,-0.56,-2.612,131.78,11.71,1,12.8,1,0.797,-8.72,33.39,0.0,0,5,0.0795,0.0684,0.0739,0.0721
69.024,1,0.742,-6.74,7.08,5,70.3,20.44,0.09,-0.0618,0.073,0.001,0.003,-0.564,-2.608,131.78,11.71,1,12.8,1,0.819,-11.15,34.26,0.0,0,5,0.0684,0.0758,0.0721,0.074
69.057,1,0.325,-3.43,6.41,4,71.3,20.5,0.09,-0.0614,0.071,0.002,-0.015,-0.565,-2.607,131.78,11.71,1,12.8,1,0.819,-11.15,34.26,0.0,0,5,0.0666,0.0758,0.0703,0.0721
69.126,1,0.767,-3.99,6.22,5,70.1,20.56,0.09,-0.0864,0.075,0.002,0.005,-0.569,-2.602,131.72,11.71,1,16.76,1,0.831,-15.51,32.03,0.0,0,5,0.0738,0.0793,0.0738,0.0719
69.159,1,0.774,-3.74,5.8,5,70.3,20.44,0.09,-0.0749,0.076,0.003,0.024,-0.57,-2.601,131.72,11.71,1,16.76,1,0.825,-15.51,33.94,0.0,0,5,0.0719,0.0774,0.0793,0.0738
69.225,1,0.783,-3.49,6.23,5,70.2,20.44,0.09,-0.069,0.075,0.002,-0.023,-0.575,-2.597,131.67,11.71,1,16.76,1,0.818,-17.93,35.38,0.0,0,5,0.0796,0.0722,0.0814,0.0666
69.258,1,0.787,-3.49,6.08,5,70.3,20.2,0.09,-0.0794,0.076,0.001,-0.014,-0.576,-2.596,131.67,11.71,1,16.76,1,0.818,-17.93,35.38,0.0,0,5,0.087,0.074,0.0796,0.0629
69.292,1,0.784,-3.24,5.92,5,70.2,20.44,0.09,-0.076,0.079,-0.002,-0.039,-0.578,-2.593,131.61,11.72,1,19.83,1,0.822,-20.36,35.92,0.0,0,5,0.0907,0.074,0.0796,0.0703
69.323,1,0.78,-2.99,5.73,5,70.2,20.44,0.09,-0.0761,0.078,-0.004,0.007,-0.579,-2.591,131.55,11.72,1,19.83,1,0.821,-20.36,38.21,0.0,0,5,0.087,0.0685,0.0796,0.0759
69.357,1,0.774,-2.5,5.94,5,69.9,20.2,0.09,-0.0752,0.076,-0.004,-0.016,-0.58,-2.59,131.55,11.72,1,19.83,1,0.821,-20.36,38.21,0.0,0,5,0.0833,0.0666,0.0778,0.0778
69.425,1,0.774,-2.5,5.86,5,69.9,20.44,0.09,-0.0829,0.079,-0.002,-0.02,-0.585,-2.585,131.44,11.72,1,19.83,1,0.835,-23.75,38.62,0.0,0,5,0.0833,0.0777,0.0759,0.0777
69.456,1,0.771,-2.5,5.86,5,70.0,20.44,0.09,-0.0812,0.081,-0.001,-0.034,-0.586,-2.583,131.38,11.72,1,19.83,1,0.841,-23.75,40.44,0.0,0,5,0.085,0.0795,0.0795,0.0795
69.493,1,0.765,-2.5,5.38,5,70.0,20.44,0.09,-0.0807,0.083,0.002,-0.019,-0.588,-2.581,131.26,11.72,1,22.96,1,0.868,-26.66,41.67,0.0,0,5,0.0832,0.0776,0.0924,0.0776
69.524,1,0.64,-2.5,5.77,4,69.8,20.38,0.09,-0.072,0.085,0.0,-0.05,-0.59,-2.578,131.26,11.72,1,22.96,1,0.851,-30.05,39.86,0.0,0,5,0.0869,0.0758,0.0961,0.0832
69.556,1,0.761,-2.5,5.36,5,69.8,20.44,0.09,-0.0786,0.086,0.0,-0.017,-0.591,-2.577,131.26,11.72,1,22.96,1,0.855,-30.05,40.0,0.0,0,5,0.0887,0.0776,0.0961,0.0832
69.591,1,0.704,-2.5,5.0,5,69.8,20.44,0.09,-0.0714,0.089,-0.003,-0.033,-0.594,-2.574,131.15,11.72,1,22.96,1,0.862,-32.47,39.93,0.0,0,5,0.0962,0.0796,0.0925,0.0888
69.624,1,0.711,-2.25,5.19,5,69.6,19.85,0.09,-0.065,0.089,-0.002,-0.031,-0.596,-2.571,131.09,11.72,1,22.96,1,0.862,-32.47,39.93,0.0,0,5,0.0944,0.0815,0.0926,0.0889
69.659,1,0.763,-2.0,5.33,5,69.5,20.2,0.09,-0.0714,0.088,-0.002,-0.064,-0.597,-2.57,131.04,11.72,1,22.96,1,0.862,-32.47,39.93,0.0,0,5,0.0926,0.0796,0.0926,0.0889
69.693,1,0.772,-1.75,4.99,5,69.6,20.44,0.09,-0.0764,0.086,-0.002,-0.017,-0.599,-2.567,130.92,11.72,1,25.62,1,0.856,-32.96,40.94,0.0,0,5,0.0907,0.0759,0.0907,0.0851
69.725,1,0.777,-1.5,4.65,5,69.7,20.2,0.09,-0.0729,0.083,-0.001,-0.031,-0.601,-2.565,130.86,11.72,1,25.62,1,0.862,-32.96,41.96,0.0,0,5,0.0888,0.074,0.0907,0.0796
69.757,1,0.783,-1.5,5.13,5,69.9,20.04,0.09,-0.0699,0.084,0.001,0.001,-0.603,-2.564,130.86,11.72,1,25.62,1,0.862,-32.96,41.96,0.0,0,5,0.087,0.0777,0.0925,0.0796
69.792,1,0.785,-1.0,4.6,5,70.2,20.44,0.09,-0.0774,0.085,0.005,-0.03,-0.605,-2.561,130.81,11.72,1,25.62,1,0.875,-34.9,41.84,0.0,0,5,0.0833,0.0833,0.0962,0.0777
69.827,1,0.78,-1.0,4.78,5,70.3,20.2,0.09,-0.0736,0.087,0.003,-0.014,-0.607,-2.559,130.75,11.72,1,25.62,1,0.875,-34.9,41.84,0.0,0,5,0.087,0.0851,0.0944,0.0814
69.855,1,0.773,-1.0,4.77,5,70.3,20.2,0.09,-0.0762,0.086,0.001,-0.044,-0.608,-2.557,130.75,11.72,1,25.62,1,0.866,-32.47,41.81,0.0,0,5,0.0888,0.0814,0.0944,0.0814
69.924,1,0.778,-0.5,4.33,5,70.1,20.2,0.09,-0.0751,0.088,0.001,-0.019,-0.613,-2.552,130.58,11.73,1,28.38,1,0.866,-32.47,41.81,0.0,0,5,0.1008,0.0843,0.0953,0.0733
69.956,1,0.778,-0.5,4.2,5,70.3,20.04,0.09,-0.0734,0.088,0.002,-0.061,-0.614,-2.551,130.52,11.73,1,28.38,1,0.866,-32.47,41.81,0.0,0,5,0.1,0.0854,0.0945,0.0709
69.995,1,0.777,-0.5,4.33,5,71.0,20.2,0.09,-0.0704,0.086,0.0,-0.12,-0.617,-2.548,130.29,11.73,1,28.38,1,0.866,-32.47,41.81,0.0,0,5,0.1,0.08,0.0927,0.0709
70.057,1,0.77,-0.5,5.54,5,71.6,20.04,0.09,-0.0718,0.085,0.003,-0.072,-0.62,-2.544,130.06,11.73,1,28.38,1,0.877,-29.08,32.76,0.0,0,5,0.0887,0.0739,0.1017,0.0739
70.09,1,0.754,-0.5,6.06,5,71.7,20.04,0.09,-0.0928,0.084,0.006,-0.028,-0.622,-2.542,129.95,11.73,1,30.43,1,0.878,-27.63,32.66,0.0,0,5,0.0795,0.0776,0.1035,0.0758
70.127,1,0.749,-1.0,7.16,5,72.1,20.04,0.09,-0.1016,0.087,0.003,-0.062,-0.625,-2.539,129.83,11.73,1,30.43,1,0.873,-26.66,32.64,0.0,0,5,0.0874,0.082,0.0984,0.0802
70.155,1,0.755,-1.0,9.23,5,72.0,20.44,0.09,-0.1145,0.088,0.001,-0.067,-0.626,-2.538,129.72,11.73,1,30.43,1,0.866,-24.72,32.62,0.0,0,5,0.0948,0.0802,0.0984,0.0802
70.193,1,0.758,-1.25,11.05,5,72.4,20.46,0.09,-0.1512,0.091,-0.0,-0.065,-0.628,-2.535,129.55,11.73,1,30.43,1,0.866,-25.69,31.73,0.0,0,5,0.1056,0.0801,0.102,0.0783
70.223,1,0.75,-1.5,13.14,5,72.6,20.0,0.09,-0.1803,0.09,-0.001,-0.108,-0.631,-2.532,129.32,11.73,1,30.43,1,0.866,-25.69,31.73,0.0,0,5,0.1089,0.0757,0.1034,0.0738
70.256,1,0.731,-2.0,15.74,5,72.7,20.04,0.09,-0.2139,0.089,-0.001,-0.126,-0.632,-2.531,129.2,11.73,1,30.43,1,0.866,-25.69,31.73,0.0,0,5,0.1089,0.072,0.1033,0.072
70.291,1,0.702,-2.5,18.49,5,72.9,20.56,0.09,-0.2541,0.086,-0.0,-0.091,-0.634,-2.528,128.92,11.74,1,37.56,1,0.874,-27.14,18.47,0.0,0,5,0.112,0.0661,0.1065,0.0606
70.355,1,0.611,-4.49,23.39,4,73.9,20.82,0.09,-0.2979,0.085,-0.003,-0.155,-0.637,-2.524,128.34,11.74,1,37.56,1,0.898,-29.57,10.51,0.0,0,5,0.117,0.0475,0.117,0.0603
70.392,1,0.674,-5.99,26.25,5,74.6,23.34,0.09,-0.3607,0.091,-0.009,-0.272,-0.639,-2.52,127.77,11.74,1,37.56,1,0.898,-29.57,10.51,0.0,0,5,0.1287,0.0405,0.1232,0.0699
70.423,1,0.674,-7.24,27.75,5,75.6,23.87,0.09,-0.3956,0.095,-0.011,-0.261,-0.641,-2.517,127.14,11.74,1,37.56,1,0.828,-37.32,-10.0,0.0,0,5,0.1385,0.0369,0.1312,0.0739
70.457,1,0.671,-8.98,29.69,5,76.7,24.45,0.09,-0.4078,0.097,-0.009,-0.282,-0.642,-2.515,126.8,11.74,1,37.56,1,0.828,-37.32,-10.0,0.0,0,5,0.1441,0.0407,0.1367,0.0684
70.49,1,0.676,-10.48,31.75,5,77.8,23.89,0.09,-0.4251,0.098,-0.006,-0.269,-0.644,-2.512,126.11,11.74,1,45.0,1,0.849,-41.68,-21.65,0.0,0,5,0.1498,0.0407,0.1424,0.0592
70.524,1,0.702,-12.48,33.22,5,79.2,24.26,0.09,-0.4477,0.099,-0.004,-0.318,-0.647,-2.509,125.48,11.74,1,45.0,1,0.887,-45.08,-30.18,0.0,0,5,0.1535,0.0444,0.1461,0.0518
70.556,1,0.698,-13.98,33.52,5,80.1,23.87,0.09,-0.4509,0.1,-0.004,-0.25,-0.648,-2.507,125.13,11.74,1,45.0,1,0.887,-45.08,-30.18,0.0,0,5,0.1555,0.0444,0.1481,0.0537
70.588,1,0.711,-15.22,34.07,5,79.9,23.89,0.09,-0.4445,0.105,-0.004,-0.323,-0.65,-2.503,124.5,11.74,1,45.0,1,0.917,-47.01,-37.48,0.0,0,5,0.1612,0.0482,0.1537,0.0574
70.623,1,0.718,-15.47,34.11,5,79.2,24.48,0.09,-0.4447,0.111,-0.003,-0.348,-0.653,-2.499,123.64,11.74,1,45.0,1,0.914,-47.01,-38.72,0.0,0,5,0.1687,0.0519,0.165,0.0593
70.656,1,0.735,-14.72,33.23,5,77.8,23.46,0.09,-0.4447,0.11,-0.001,-0.323,-0.654,-2.498,123.3,11.74,1,45.0,1,0.914,-47.01,-38.72,0.0,0,5,0.1667,0.0537,0.1649,0.0556
70.691,1,0.73,-13.98,32.49,5,76.9,23.2,0.09,-0.4423,0.107,0.001,-0.367,-0.656,-2.494,122.5,11.74,1,41.93,1,0.904,-47.98,-42.2,0.0,0,5,0.1622,0.0479,0.1677,0.0498
70.724,1,0.741,-13.98,31.87,5,76.3,23.2,0.09,-0.44,0.1,-0.001,-0.36,-0.658,-2.491,121.75,11.74,1,41.93,1,0.896,-48.47,-43.63,0.0,0,5,0.164,0.0368,0.1621,0.0387
70.757,1,0.767,-13.98,31.36,5,76.3,23.26,0.09,-0.4295,0.102,-0.003,-0.389,-0.659,-2.489,121.3,11.74,1,41.93,1,0.896,-48.47,-43.63,0.0,0,5,0.1694,0.035,0.1639,0.0405
70.792,1,0.774,-13.98,31.23,5,76.4,25.71,0.0909,-0.4209,0.102,-0.005,-0.401,-0.661,-2.485,120.32,11.74,1,41.93,1,0.875,-46.53,-44.35,0.0,0,5,0.1793,0.0296,0.1646,0.0333
70.822,1,0.767,-14.23,31.32,5,76.6,26.93,0.0917,-0.4189,0.1,-0.004,-0.366,-0.663,-2.482,119.4,11.74,1,41.93,1,0.85,-43.14,-42.12,0.0,0,5,0.1825,0.0295,0.1641,0.0332
70.856,1,0.752,-14.72,29.95,5,76.8,25.71,0.0912,-0.4174,0.095,-0.001,-0.385,-0.664,-2.48,119.0,11.74,1,41.93,1,0.85,-43.14,-42.12,0.0,0,5,0.1752,0.0258,0.1623,0.0184
70.89,1,0.735,-15.72,29.49,5,77.4,22.78,0.0994,-0.3881,0.088,-0.0,-0.478,-0.665,-2.478,117.91,11.75,1,29.93,1,0.83,-37.81,-33.7,0.0,0,5,0.1677,0.0147,0.1604,0.0074
70.923,1,0.724,-16.72,29.42,5,78.1,22.78,0.1022,-0.369,0.085,0.001,-0.476,-0.667,-2.474,116.77,11.75,1,29.93,1,0.83,-37.81,-33.7,0.0,0,5,0.1683,0.0037,0.1683,0.0
70.954,1,0.703,-17.47,29.61,5,78.7,29.99,0.1026,-0.3561,0.086,-0.002,-0.498,-0.668,-2.473,116.2,11.75,1,29.93,1,0.83,-37.81,-33.7,0.0,0,5,0.1738,0.0,0.1664,0.0018
70.989,1,0.697,-18.22,28.76,5,79.4,29.99,0.1015,-0.3532,0.088,-0.003,-0.434,-0.669,-2.47,115.16,11.75,1,29.93,1,0.83,-37.81,-33.7,0.0,0,5,0.1774,0.0037,0.1664,0.0037
71.023,1,0.688,-19.47,28.21,5,79.6,22.78,0.1066,-0.3319,0.089,-0.007,-0.45,-0.67,-2.466,114.19,11.75,1,29.93,1,0.83,-37.81,-33.7,0.0,0,5,0.1734,0.0037,0.1605,0.0185
71.055,1,0.681,-20.46,27.53,5,80.6,22.78,0.1027,-0.3078,0.09,-0.006,-0.385,-0.671,-2.464,113.73,11.75,1,29.93,1,0.83,-37.81,-33.7,0.0,0,5,0.1698,0.0074,0.1606,0.024
71.091,1,0.69,-21.21,27.08,5,81.9,21.67,0.0966,-0.2876,0.096,-0.01,-0.335,-0.672,-2.46,112.93,11.75,1,17.93,1,0.793,-29.57,-15.45,6.059,1,5,0.1698,0.0148,0.1569,0.0406
71.123,1,0.692,-21.71,26.42,5,82.3,22.22,0.0977,-0.274,0.098,-0.01,-0.39,-0.673,-2.457,112.07,11.75,1,17.93,1,0.78,-25.2,-10.26,5.657,1,5,0.1701,0.0259,0.1516,0.0462
71.155,1,0.681,-22.21,25.88,5,82.5,21.67,0.09,-0.2578,0.099,-0.009,-0.379,-0.674,-2.455,111.61,11.75,1,17.93,1,0.78,-25.2,-10.26,5.657,1,5,0.1683,0.0296,0.1498,0.0481
71.19,1,0.667,-22.71,25.35,5,82.6,21.67,0.09,-0.2454,0.097,-0.007,-0.201,-0.675,-2.451,111.04,11.75,1,17.93,1,0.788,-23.75,-3.57,0.0,0,5,0.1572,0.0296,0.1498,0.0499
71.223,1,0.669,-23.21,24.85,5,82.3,21.62,0.1005,-0.2325,0.096,-0.007,-0.25,-0.676,-2.447,110.41,11.75,1,17.93,1,0.693,-17.45,4.87,0.0,0,5,0.1523,0.0367,0.1413,0.0532
71.256,1,0.687,-23.21,24.06,5,82.4,21.67,0.0984,-0.2186,0.096,-0.007,-0.25,-0.676,-2.447,110.41,11.75,1,17.93,1,0.693,-17.45,4.87,0.0,0,5,0.1523,0.0367,0.1413,0.0532
71.289,1,0.68,-23.46,23.39,5,82.3,21.67,0.1069,-0.2071,0.096,-0.009,-0.238,-0.677,-2.443,109.89,11.75,1,17.93,1,0.75,-15.51,13.45,0.0,0,5,0.1522,0.0422,0.132,0.0587
71.323,1,0.674,-23.46,22.43,5,82.2,21.67,0.1068,-0.194,0.098,-0.006,-0.203,-0.679,-2.438,109.15,11.75,1,9.75,1,0.77,-13.57,20.75,0.0,0,5,0.1395,0.0551,0.1285,0.0679
71.358,1,0.677,-23.46,22.49,5,81.7,21.62,0.0963,-0.1778,0.097,-0.004,-0.162,-0.679,-2.436,108.92,11.75,1,9.75,1,0.77,-13.57,20.75,0.0,0,5,0.1339,0.0605,0.1266,0.0679
71.391,1,0.668,-22.46,21.97,5,81.9,21.67,0.1049,-0.1797,0.099,0.003,-0.108,-0.681,-2.432,108.75,11.75,1,9.75,1,0.749,-11.15,22.19,0.0,0,5,0.1257,0.074,0.1294,0.0666
71.423,1,0.681,-21.96,21.96,5,81.8,21.67,0.0931,-0.1835,0.102,0.007,-0.101,-0.683,-2.428,108.52,11.75,1,9.75,1,0.749,-11.15,22.19,0.0,0,5,0.1213,0.0882,0.1286,0.068
71.454,1,0.69,-21.46,21.72,5,81.9,21.67,0.0958,-0.1889,0.105,0.009,-0.179,-0.684,-2.426,108.35,11.75,1,9.75,1,0.761,-10.18,24.65,0.0,0,5,0.1213,0.0956,0.1324,0.0699
71.489,1,0.686,-20.96,21.17,5,81.9,21.67,0.1097,-0.1925,0.107,0.006,-0.149,-0.684,-2.424,108.12,11.75,1,9.75,1,0.761,-10.18,24.65,0.0,0,5,0.125,0.0974,0.1287,0.0772
71.523,1,0.684,-20.46,21.02,5,81.9,21.67,0.1007,-0.1845,0.108,0.003,-0.197,-0.686,-2.42,107.77,11.75,1,9.54,1,0.761,-10.18,24.65,0.0,0,5,0.1294,0.0887,0.1331,0.0813
71.556,1,0.694,-20.46,20.42,5,81.9,21.67,0.1076,-0.1872,0.108,-0.0,-0.215,-0.686,-2.418,107.54,11.75,1,9.54,1,0.761,-10.18,24.65,0.0,0,5,0.1312,0.0813,0.1331,0.085
71.589,1,0.694,-20.21,19.6,5,81.6,21.67,0.115,-0.1946,0.104,-0.004,-0.08,-0.687,-2.414,107.2,11.75,1,9.54,1,0.77,-10.18,21.41,0.0,0,5,0.1312,0.0702,0.1294,0.0832
71.626,1,0.685,-19.97,19.2,5,80.8,21.67,0.1032,-0.1627,0.103,-0.006,-0.144,-0.688,-2.41,107.03,11.75,1,9.54,1,0.77,-10.18,21.41,0.0,0,5,0.1331,0.0666,0.1257,0.0851
71.655,1,0.705,-19.97,16.64,5,80.6,21.62,0.1101,-0.1623,0.104,-0.006,-0.172,-0.689,-2.408,106.86,11.75,1,9.54,1,0.766,-10.66,19.87,0.0,0,5,0.1367,0.0702,0.1257,0.085
71.692,1,0.71,-19.97,16.51,5,80.3,21.67,0.09,-0.1126,0.11,-0.007,-0.163,-0.69,-2.403,106.46,11.75,1,9.54,1,0.77,-12.12,17.12,0.0,0,5,0.1422,0.0738,0.1311,0.0923
71.726,1,0.678,-19.47,18.62,5,79.9,21.67,0.1,-0.1097,0.114,-0.002,-0.147,-0.692,-2.397,106.0,11.75,1,10.6,1,0.769,-11.63,14.86,0.0,0,5,0.1424,0.0851,0.1387,0.0906
71.754,1,0.713,-18.97,17.33,5,79.3,21.67,0.1068,-0.1526,0.114,-0.002,-0.147,-0.692,-2.397,106.0,11.75,1,10.6,1,0.774,-11.15,13.94,0.0,0,5,0.1424,0.0851,0.1387,0.0906
71.788,1,0.711,-18.72,16.4,5,78.9,21.67,0.1173,-0.157,0.109,0.006,-0.138,-0.693,-2.393,105.6,11.75,1,10.6,1,0.781,-11.15,12.82,0.0,0,5,0.1271,0.0963,0.1344,0.0799
71.822,1,0.687,-18.22,16.87,5,78.3,21.67,0.1148,-0.1355,0.105,0.009,-0.076,-0.695,-2.389,105.42,11.75,1,10.6,1,0.781,-11.15,12.82,0.0,0,5,0.1217,0.0981,0.1326,0.0763
71.857,1,0.694,-17.97,16.2,5,77.9,21.67,0.1138,-0.1472,0.105,0.007,-0.187,-0.695,-2.387,105.25,11.75,1,10.6,1,0.781,-11.15,12.82,0.0,0,5,0.1181,0.0927,0.1308,0.0781
71.89,1,0.651,-17.97,18.41,5,77.6,21.62,0.1209,-0.1535,0.108,0.0,-0.177,-0.696,-2.382,104.79,11.75,1,10.6,1,0.772,-11.15,9.64,0.0,0,5,0.1277,0.0778,0.1388,0.087
71.923,1,0.659,-17.97,17.87,5,77.5,21.11,0.1183,-0.188,0.11,-0.001,-0.162,-0.697,-2.378,104.39,11.75,1,10.69,1,0.755,-10.18,8.54,0.0,0,5,0.137,0.0778,0.1407,0.0852
71.955,1,0.687,-17.97,16.17,5,77.4,21.62,0.1134,-0.1644,0.11,0.0,-0.16,-0.698,-2.376,104.22,11.75,1,10.69,1,0.755,-10.18,8.54,0.0,0,5,0.1369,0.0759,0.1443,0.0814
71.989,1,0.653,-17.97,16.63,5,77.4,27.78,0.1023,-0.1217,0.112,0.002,-0.178,-0.699,-2.371,103.71,11.75,1,10.69,1,0.337,-13.82,9.47,0.0,0,4,0.1416,0.0809,0.1472,0.0773
72.023,1,0.649,-17.97,16.1,5,77.2,26.93,0.1163,-0.1481,0.114,0.004,-0.202,-0.701,-2.367,103.3,11.75,1,10.69,1,0.337,-13.82,9.47,0.0,0,4,0.1398,0.0827,0.1545,0.0809
72.055,1,0.676,-17.97,14.56,5,76.8,25.1,0.1232,-0.1543,0.114,0.004,-0.162,-0.701,-2.365,103.13,11.75,1,10.69,1,0.337,-13.82,9.47,0.0,0,4,0.1398,0.0846,0.1526,0.0809
72.088,1,0.693,-17.47,13.03,5,75.9,23.26,0.1272,-0.1321,0.114,0.006,-0.128,-0.702,-2.36,102.85,11.75,1,10.69,1,0.767,-16.48,2.99,4.963,1,5,0.1388,0.0907,0.1499,0.0759
72.123,1,0.689,-17.22,11.86,5,75.5,21.42,0.108,-0.0718,0.114,0.006,-0.196,-0.704,-2.356,102.44,11.75,1,9.38,1,0.767,-16.48,2.99,4.963,1,5,0.1406,0.0944,0.1462,0.074
72.157,1,0.698,-16.97,14.59,5,75.3,24.45,0.0961,-0.0542,0.116,0.007,-0.196,-0.704,-2.354,102.22,11.75,1,9.38,1,0.767,-16.48,2.99,4.963,1,5,0.1406,0.0962,0.1499,0.0777
72.188,1,0.748,-16.72,10.97,5,75.4,21.11,0.1101,-0.107,0.118,0.007,-0.134,-0.706,-2.349,101.87,11.75,1,9.38,1,0.771,-14.06,-3.08,6.288,1,5,0.135,0.098,0.1516,0.0869
72.222,1,0.721,-16.47,10.77,5,74.9,21.42,0.1241,-0.0678,0.118,0.007,-0.089,-0.707,-2.344,101.64,11.75,1,9.38,1,0.738,-11.63,-1.07,5.931,1,5,0.1294,0.0961,0.1534,0.0924
72.257,1,0.737,-15.97,10.5,5,74.5,21.1,0.1121,-0.0478,0.116,0.006,-0.108,-0.707,-2.342,101.53,11.75,1,9.38,1,0.738,-11.63,-1.07,5.931,1,5,0.1257,0.0961,0.1479,0.0924
72.288,1,0.758,-15.47,9.89,5,74.3,20.96,0.1172,-0.0559,0.114,0.006,-0.104,-0.708,-2.338,101.36,11.75,1,9.38,1,0.763,-10.18,4.9,4.059,1,5,0.1238,0.098,0.1405,0.0924
72.323,1,0.745,-15.22,10.23,5,74.1,20.81,0.1312,-0.069,0.112,0.004,-0.088,-0.709,-2.334,101.18,11.76,1,7.98,1,0.763,-10.18,4.9,4.059,1,5,0.122,0.1035,0.1276,0.0943
72.355,1,0.742,-14.72,9.76,5,73.4,21.1,0.1195,-0.0614,0.112,0.004,-0.09,-0.71,-2.331,101.07,11.76,1,7.98,1,0.767,-9.21,3.81,5.724,1,5,0.1201,0.1072,0.1257,0.0961
72.389,1,0.737,-14.23,9.77,5,73.1,21.1,0.0987,-0.0415,0.11,0.005,-0.018,-0.711,-2.327,100.96,11.76,1,7.98,1,0.77,-9.21,3.8,5.724,1,5,0.1166,0.1055,0.124,0.0944
72.423,1,0.741,-13.73,10.03,5,73.0,22.04,0.0987,-0.0463,0.112,0.007,-0.081,-0.712,-2.323,100.9,11.76,1,7.98,1,0.77,-9.21,3.8,5.724,1,5,0.1162,0.107,0.131,0.0941
72.454,1,0.744,-13.48,9.32,5,73.2,21.42,0.0987,-0.0563,0.112,0.006,-0.074,-0.713,-2.32,100.78,11.76,1,7.98,1,0.761,-8.24,2.72,2.407,1,5,0.1181,0.1052,0.131,0.0923
72.487,1,0.762,-12.73,8.88,5,73.2,20.81,0.0987,-0.0452,0.113,0.002,-0.075,-0.713,-2.316,100.61,11.76,1,7.98,1,0.765,-8.24,2.87,4.338,1,5,0.1235,0.1032,0.1272,0.0995
72.524,1,0.763,-12.73,9.18,5,73.5,21.42,0.0987,-0.046,0.108,-0.001,-0.078,-0.714,-2.312,100.5,11.76,1,9.45,1,0.765,-8.24,2.87,4.338,1,5,0.1217,0.0995,0.1217,0.1014
72.556,1,0.762,-12.73,9.46,5,73.1,20.81,0.0987,-0.0493,0.104,-0.002,-0.063,-0.714,-2.31,100.44,11.76,1,9.45,1,0.769,-7.27,1.09,3.815,1,5,0.1164,0.0924,0.1128,0.0961
72.587,1,0.76,-12.23,8.95,5,73.6,20.81,0.0987,-0.0529,0.097,0.001,-0.029,-0.715,-2.306,100.27,11.76,1,9.45,1,0.769,-7.76,0.39,0.414,1,5,0.1018,0.0925,0.1036,0.0907
72.627,1,0.778,-11.73,8.6,5,74.2,20.57,0.0987,-0.049,0.094,0.005,-0.053,-0.716,-2.303,100.27,11.76,1,9.45,1,0.769,-7.76,0.39,0.414,1,5,0.088,0.0917,0.1045,0.0899
72.653,1,0.798,-11.73,8.69,5,74.5,20.57,0.0987,-0.0486,0.093,0.006,-0.07,-0.717,-2.301,100.21,11.76,1,9.45,1,0.766,-7.27,-0.03,1.427,1,5,0.0862,0.0954,0.1027,0.0881
72.686,1,0.804,-11.73,8.67,5,74.8,20.57,0.0987,-0.0487,0.092,0.005,-0.038,-0.717,-2.297,100.1,11.76,1,9.45,1,0.77,-7.27,-0.04,1.426,1,5,0.0929,0.091,0.1038,0.0801
72.723,1,0.79,-11.73,8.48,5,75.0,20.57,0.0987,-0.0475,0.091,0.003,-0.064,-0.718,-2.294,99.98,11.76,1,10.47,1,0.775,-7.27,-0.05,1.432,1,5,0.1028,0.0881,0.0991,0.0734
72.788,1,0.797,-11.23,8.42,5,75.4,20.81,0.0987,-0.0434,0.088,0.003,-0.076,-0.719,-2.289,99.75,11.76,1,10.47,1,0.773,-7.27,-0.06,1.43,1,5,0.0956,0.0809,0.1011,0.0753
72.825,1,0.814,-10.73,7.94,5,75.5,20.81,0.0987,-0.0479,0.086,0.002,-0.062,-0.72,-2.285,99.58,11.76,1,10.47,1,0.773,-7.27,-0.06,1.43,1,5,0.092,0.0773,0.0994,0.0754
72.855,1,0.824,-10.23,7.77,5,75.7,20.81,0.0987,-0.0454,0.086,0.001,-0.017,-0.72,-2.283,99.52,11.76,1,10.47,1,0.783,-6.3,-2.42,2.202,1,5,0.092,0.0773,0.0975,0.0773
72.887,1,0.835,-9.73,7.1,5,75.8,20.56,0.0987,-0.047,0.086,0.003,-0.008,-0.721,-2.28,99.58,11.76,1,10.47,1,0.787,-6.3,-3.18,1.595,1,5,0.087,0.0777,0.0999,0.0796
72.923,1,0.827,-9.48,7.65,5,76.1,20.81,0.0987,-0.041,0.089,0.003,-0.007,-0.722,-2.276,99.52,11.76,1,9.83,1,0.787,-6.3,-3.18,1.595,1,5,0.0851,0.0851,0.0998,0.0869
72.988,1,0.836,-8.73,7.86,5,76.2,20.57,0.0987,-0.0506,0.095,0.002,-0.046,-0.723,-2.271,99.41,11.76,1,9.83,1,0.8,-5.33,-3.06,-0.799,1,5,0.0961,0.0924,0.1017,0.0887
73.024,1,0.846,-8.73,7.74,5,76.3,20.46,0.0987,-0.0623,0.097,0.003,-0.049,-0.724,-2.267,99.29,11.76,1,9.83,1,0.8,-5.33,-3.06,-0.799,1,5,0.1016,0.0942,0.1035,0.085
73.055,1,0.857,-8.49,7.33,5,76.5,20.56,0.0987,-0.0595,0.097,0.002,-0.051,-0.724,-2.265,99.18,11.76,1,9.83,1,0.795,-3.39,-5.14,4.184,1,5,0.1034,0.0905,0.1071,0.0868
73.086,1,0.863,-8.24,6.95,5,76.5,20.46,0.0987,-0.0541,0.094,0.002,-0.056,-0.724,-2.261,99.12,11.76,1,9.83,1,0.793,-2.42,-5.97,5.859,1,5,0.1017,0.0887,0.1035,0.0832
73.123,1,0.858,-8.24,6.95,5,76.7,20.44,0.0987,-0.0495,0.092,-0.0,-0.086,-0.725,-2.258,98.89,11.76,1,9.34,1,0.793,-2.42,-5.97,5.859,1,5,0.1008,0.0843,0.099,0.0843
73.188,1,0.867,-7.74,6.79,5,76.9,20.44,0.0987,-0.0483,0.093,0.005,-0.066,-0.726,-2.252,98.72,11.76,1,9.34,1,0.792,-4.36,-5.43,-0.0,1,5,0.0934,0.0825,0.1118,0.0825
73.221,1,0.871,-7.49,6.58,5,76.9,20.2,0.0987,-0.0516,0.092,0.005,-0.04,-0.727,-2.25,98.66,11.76,1,9.34,1,0.792,-4.36,-5.43,-0.0,1,5,0.0907,0.0814,0.1129,0.0833
73.254,1,0.866,-6.99,6.53,5,77.1,20.56,0.0987,-0.0501,0.094,0.004,-0.047,-0.727,-2.247,98.61,11.76,1,9.34,1,0.786,-4.36,-5.43,-0.0,1,5,0.0963,0.0852,0.1111,0.0852
73.286,1,0.86,-6.99,6.83,5,77.2,20.56,0.0987,-0.0541,0.098,0.002,-0.046,-0.728,-2.243,98.55,11.76,1,9.34,1,0.789,-3.39,-6.06,1.813,1,5,0.1024,0.0916,0.1078,0.0898
73.324,1,0.865,-6.74,6.76,5,77.2,20.57,0.0987,-0.0583,0.101,0.002,-0.05,-0.729,-2.239,98.43,11.75,1,8.24,1,0.789,-3.39,-6.06,1.813,1,5,0.1088,0.0999,0.1071,0.0892
73.355,1,0.874,-6.49,6.43,5,77.1,20.04,0.0987,-0.0598,0.102,0.002,-0.072,-0.729,-2.237,98.38,11.75,1,8.24,1,0.781,-3.39,-7.04,1.274,1,5,0.1088,0.1017,0.107,0.091
73.388,1,0.873,-5.99,6.18,5,77.0,20.2,0.0987,-0.0561,0.098,0.004,-0.022,-0.73,-2.233,98.32,11.75,1,8.24,1,0.78,-3.39,-7.16,-0.557,1,5,0.1085,0.0993,0.1048,0.0809
73.422,1,0.861,-5.74,6.45,5,77.1,20.56,0.0987,-0.0569,0.098,0.006,-0.085,-0.731,-2.229,98.15,11.75,1,8.24,1,0.78,-3.39,-7.16,-0.557,1,5,0.1055,0.0962,0.111,0.0796
73.455,1,0.86,-5.74,6.24,5,77.2,20.56,0.0987,-0.064,0.098,0.006,-0.082,-0.731,-2.227,98.09,11.75,1,8.24,1,0.772,-3.39,-7.27,-2.424,1,5,0.1036,0.0925,0.1147,0.0814
73.485,1,0.878,-5.74,5.97,5,77.2,20.56,0.0987,-0.0593,0.098,0.004,-0.05,-0.732,-2.224,97.92,11.75,1,8.24,1,0.772,-3.39,-7.27,-2.424,1,5,0.0999,0.0851,0.1184,0.0869
73.525,1,0.88,-5.24,5.41,5,77.1,20.46,0.0987,-0.0538,0.097,0.002,-0.052,-0.732,-2.22,97.8,11.75,1,6.72,1,0.772,-3.39,-7.27,-2.424,1,5,0.1017,0.0851,0.1128,0.0887
73.556,1,0.875,-5.49,5.74,5,76.9,20.56,0.0987,-0.05,0.098,0.002,-0.08,-0.732,-2.218,97.69,11.75,1,6.72,1,0.772,-3.39,-8.54,0.104,1,5,0.1017,0.0887,0.1109,0.0887
73.587,1,0.872,-5.49,5.72,5,76.9,20.57,0.0987,-0.0518,0.1,0.0,-0.061,-0.733,-2.214,97.57,11.75,1,6.72,1,0.765,-3.39,-10.02,-1.131,1,5,0.1074,0.0946,0.1056,0.0928
73.623,1,0.881,-5.24,5.13,5,76.4,20.56,0.0987,-0.0513,0.1,-0.001,-0.064,-0.733,-2.212,97.52,11.75,1,6.72,1,0.765,-3.39,-10.02,-1.131,1,5,0.1083,0.0957,0.1029,0.0939
73.654,1,0.889,-5.24,5.3,5,76.2,20.56,0.0987,-0.0438,0.098,-0.0,0.003,-0.734,-2.208,97.4,11.75,1,6.72,1,0.773,0.48,-0.7,2.51,1,5,0.1079,0.0935,0.1007,0.0881
73.69,1,0.886,-4.99,5.36,5,75.7,20.04,0.0987,-0.0463,0.097,0.004,-0.045,-0.735,-2.204,97.4,11.75,1,6.72,1,0.778,0.48,-0.69,2.51,1,5,0.1023,0.095,0.1078,0.0841
73.72,1,0.881,-4.74,5.15,5,75.2,20.46,0.0987,-0.0503,0.098,0.006,-0.045,-0.735,-2.202,97.35,11.75,1,4.73,1,0.783,0.48,-0.82,0.665,1,5,0.1014,0.0959,0.1107,0.083
73.756,1,0.885,-4.74,5.31,5,74.9,20.46,0.0987,-0.0491,0.099,0.003,-0.073,-0.735,-2.198,97.23,11.75,1,4.73,1,0.774,1.45,-1.73,-0.698,1,5,0.1001,0.0908,0.113,0.0908
73.788,1,0.887,-4.24,4.87,5,74.5,20.2,0.0987,-0.0512,0.096,-0.001,-0.029,-0.736,-2.194,97.12,11.75,1,4.73,1,0.764,3.88,2.85,0.665,1,5,0.1037,0.0815,0.1093,0.0908
73.82,1,0.878,-3.74,4.61,5,74.1,20.56,0.0987,-0.0496,0.097,-0.001,-0.036,-0.736,-2.192,97.06,11.75,1,4.73,1,0.764,3.88,2.85,0.665,1,5,0.1055,0.0815,0.1092,0.0907
73.855,1,0.877,-3.24,4.67,5,74.1,20.44,0.0987,-0.0502,0.097,0.0,-0.071,-0.736,-2.188,96.94,11.75,1,4.73,1,0.779,4.36,4.01,0.59,1,5,0.1073,0.0888,0.1055,0.087
73.887,1,0.881,-3.24,4.57,5,73.9,20.46,0.0987,-0.0559,0.102,0.003,-0.042,-0.737,-2.184,96.83,11.75,1,4.73,1,0.779,4.36,4.35,-2.309,1,5,0.1091,0.1036,0.1054,0.0888
73.921,1,0.884,-3.24,4.57,5,73.8,20.46,0.0987,-0.0535,0.1,0.004,-0.013,-0.738,-2.182,96.83,11.73,1,4.73,1,0.779,4.36,4.35,-2.309,1,5,0.1055,0.1018,0.1073,0.087
73.988,1,0.878,-3.24,4.18,5,73.8,20.57,0.0987,-0.0517,0.094,0.006,-0.044,-0.739,-2.175,96.6,11.73,1,4.73,1,0.773,4.36,2.98,1.663,1,5,0.0944,0.0907,0.1111,0.0815
74.02,1,0.883,-3.24,4.17,5,74.0,20.57,0.0987,-0.0448,0.095,0.006,-0.025,-0.739,-2.173,96.54,11.73,1,4.73,1,0.784,4.36,2.32,-0.214,1,5,0.0981,0.0926,0.1093,0.0815
74.056,1,0.88,-3.24,3.92,5,74.2,20.56,0.0987,-0.0441,0.097,0.001,-0.104,-0.74,-2.169,96.43,11.73,1,4.73,1,0.788,4.36,2.31,-0.217,1,5,0.1056,0.0908,0.1056,0.0853
74.088,1,0.887,-2.99,3.69,5,74.3,20.56,0.0987,-0.0395,0.098,-0.003,-0.04,-0.74,-2.165,96.2,11.73,1,4.73,1,0.785,3.88,2.73,-1.253,1,5,0.1092,0.0833,0.1055,0.0926
74.119,1,0.893,-2.75,3.62,5,74.6,20.56,0.0987,-0.0386,0.097,-0.001,-0.048,-0.74,-2.163,96.14,11.73,1,5.1,1,0.781,3.88,1.24,-2.51,1,5,0.1055,0.0833,0.1092,0.0907
74.186,1,0.896,-2.75,3.35,5,75.0,20.46,0.0987,-0.0395,0.102,0.007,-0.045,-0.742,-2.155,95.97,11.73,1,5.1,1,0.779,3.88,1.22,-2.54,1,5,0.1,0.1037,0.1148,0.0889
74.218,1,0.898,-2.75,2.97,5,75.0,20.46,0.0987,-0.0346,0.102,0.006,-0.026,-0.742,-2.153,95.91,11.73,1,5.1,1,0.776,3.39,0.29,-1.104,1,5,0.0999,0.1036,0.111,0.0925
74.254,1,0.893,-2.75,3.08,5,75.1,20.56,0.0987,-0.0276,0.099,0.003,-0.011,-0.742,-2.149,95.86,11.73,1,5.1,1,0.778,3.39,0.3,-1.088,1,5,0.0999,0.0962,0.1073,0.0925
74.287,1,0.894,-2.75,2.96,5,74.9,20.46,0.0987,-0.0294,0.095,0.001,-0.011,-0.743,-2.146,95.8,11.73,1,5.1,1,0.777,3.39,-0.76,-3.398,1,5,0.0998,0.0887,0.1035,0.0869
74.319,1,0.901,-2.75,2.96,5,75.2,20.46,0.0987,-0.0273,0.094,0.001,-0.037,-0.743,-2.144,95.74,11.71,1,3.64,1,0.777,3.39,-0.76,-3.398,1,5,0.1018,0.0888,0.1018,0.0851
74.353,1,0.902,-2.5,2.63,5,75.2,20.56,0.0987,-0.0272,0.093,-0.003,-0.093,-0.743,-2.14,95.63,11.71,1,3.64,1,0.78,3.39,-0.32,-2.939,1,5,0.1036,0.0833,0.0962,0.0888
74.386,1,0.898,-2.5,2.52,5,75.2,20.57,0.0987,-0.0242,0.096,-0.003,-0.009,-0.743,-2.136,95.51,11.71,1,3.64,1,0.78,3.39,-0.32,-2.939,1,5,0.1036,0.087,0.0981,0.0944
74.422,1,0.899,-2.25,2.4,5,75.0,20.56,0.0987,-0.0221,0.097,-0.001,0.012,-0.744,-2.134,95.51,11.71,1,3.64,1,0.78,3.39,-0.32,-2.939,1,5,0.1017,0.0888,0.1017,0.0943
74.455,1,0.898,-2.25,2.7,5,75.0,20.46,0.0987,-0.023,0.098,0.004,-0.056,-0.744,-2.13,95.51,11.71,1,3.64,1,0.779,3.88,-2.71,-5.076,1,5,0.0944,0.0963,0.1074,0.0926
74.484,1,0.896,-2.0,2.47,5,74.7,20.2,0.09,-0.0277,0.096,0.003,-0.043,-0.745,-2.126,95.45,11.71,1,3.64,1,0.729,7.76,3.41,-6.22,1,5,0.0925,0.0944,0.1036,0.0925
74.52,1,0.888,-1.75,2.4,5,74.6,20.81,0.09,-0.0267,0.095,0.002,-0.009,-0.745,-2.125,95.45,11.71,1,1.68,1,0.729,7.76,3.41,-6.22,1,5,0.0925,0.0925,0.1018,0.0944
74.618,1,0.881,-2.0,2.82,5,74.2,20.56,0.09,-0.0271,0.089,-0.0,-0.029,-0.746,-2.116,95.34,11.71,1,1.68,1,0.752,11.15,7.96,-5.394,1,5,0.0981,0.0852,0.0926,0.0815
74.655,1,0.883,-2.0,2.55,5,74.5,20.56,0.09,-0.031,0.087,-0.004,-0.102,-0.746,-2.112,95.23,11.71,1,1.68,1,0.776,12.12,12.82,-2.709,1,5,0.0999,0.0796,0.087,0.0833
74.687,1,0.884,-2.25,2.78,5,74.3,20.57,0.09,-0.0264,0.085,-0.003,0.0,-0.746,-2.109,95.11,11.71,1,1.68,1,0.795,11.15,12.69,-2.052,1,5,0.0944,0.0759,0.087,0.0814
74.722,1,0.885,-2.0,2.67,5,74.2,20.56,0.09,-0.0273,0.086,-0.001,0.004,-0.746,-2.107,95.11,11.71,1,0.84,1,0.795,11.15,12.69,-2.052,1,5,0.0907,0.0777,0.0907,0.0833
74.753,1,0.879,-1.75,2.63,5,74.2,20.46,0.09,-0.0289,0.085,0.003,-0.006,-0.747,-2.104,95.05,11.71,1,0.84,1,0.792,11.15,11.26,-3.204,1,5,0.0815,0.0796,0.0963,0.0815
74.785,1,0.876,-1.75,2.82,5,73.9,20.46,0.09,-0.031,0.085,0.003,-0.005,-0.747,-2.1,95.05,11.71,1,0.84,1,0.79,11.63,11.33,-3.095,1,5,0.0796,0.0833,0.0925,0.0851
74.823,1,0.874,-1.75,2.82,5,73.7,20.46,0.09,-0.0342,0.085,0.001,-0.005,-0.747,-2.097,95.05,11.71,1,0.84,1,0.79,11.63,11.33,-3.095,1,5,0.0815,0.0833,0.0907,0.0852
74.855,1,0.877,-1.75,2.82,5,73.5,20.46,0.09,-0.034,0.086,0.001,-0.021,-0.748,-2.095,95.0,11.71,1,0.84,1,0.79,12.12,10.5,-2.63,1,5,0.0852,0.0871,0.0871,0.0834
74.886,1,0.88,-1.75,2.82,5,73.2,20.46,0.09,-0.0338,0.087,0.0,-0.052,-0.748,-2.092,94.94,11.71,1,0.84,1,0.792,12.12,11.47,-0.572,1,5,0.0908,0.0852,0.0889,0.0815
74.92,1,0.876,-2.25,3.37,5,72.8,20.44,0.09,-0.0337,0.088,-0.001,-0.069,-0.748,-2.09,94.88,11.7,1,1.54,1,0.792,12.12,11.47,-0.572,1,5,0.0963,0.0834,0.0889,0.0815
74.954,1,0.869,-2.25,2.8,5,72.6,20.44,0.09,-0.037,0.09,-0.004,-0.017,-0.748,-2.086,94.77,11.7,1,1.54,1,0.799,11.15,9.77,-4.353,1,5,0.1056,0.0815,0.0908,0.0815
74.984,1,0.871,-2.25,2.8,5,72.6,20.44,0.09,-0.0277,0.092,-0.004,-0.042,-0.748,-2.082,94.65,11.7,1,1.54,1,0.795,11.15,9.89,-1.041,1,5,0.1054,0.0814,0.0943,0.0869
75.021,1,0.878,-2.25,2.8,5,72.5,20.44,0.09,-0.0279,0.091,-0.003,-0.06,-0.748,-2.081,94.6,11.7,1,1.54,1,0.795,11.15,9.89,-1.041,1,5,0.0998,0.0814,0.0943,0.0887
75.056,1,0.876,-1.75,2.23,5,72.5,20.46,0.09,-0.0282,0.087,-0.0,-0.026,-0.749,-2.077,94.54,11.7,1,1.54,1,0.788,11.15,8.84,-1.813,1,5,0.0887,0.0813,0.0924,0.0868
75.086,1,0.874,-1.75,2.24,5,72.4,20.2,0.09,-0.0242,0.086,0.001,-0.049,-0.749,-2.074,94.48,11.7,1,1.54,1,0.792,11.15,7.79,-3.868,1,5,0.0851,0.0814,0.0925,0.0833
75.121,1,0.884,-2.0,2.58,5,72.8,20.04,0.09,-0.0242,0.085,0.002,-0.04,-0.749,-2.072,94.42,11.7,1,2.62,1,0.792,11.15,7.79,-3.868,1,5,0.0851,0.0814,0.0925,0.0796
75.156,1,0.896,-2.25,2.41,5,73.8,20.46,0.09,-0.0268,0.086,0.002,-0.028,-0.749,-2.069,94.37,11.7,1,2.62,1,0.787,10.66,8.16,-3.564,1,5,0.0851,0.0814,0.0943,0.0832
75.186,1,0.892,-2.25,2.14,5,74.0,20.46,0.09,-0.021,0.088,-0.001,-0.064,-0.75,-2.065,94.25,11.7,1,2.62,1,0.783,10.18,7.18,-2.331,1,5,0.0924,0.0813,0.0924,0.085
75.219,1,0.892,-2.25,2.24,5,74.1,20.44,0.09,-0.0164,0.089,-0.002,-0.055,-0.75,-2.063,94.19,11.7,1,2.62,1,0.79,10.18,6.1,-4.377,1,5,0.096,0.0831,0.0905,0.0849
75.284,1,0.897,-2.25,2.12,5,74.4,20.46,0.09,-0.0187,0.089,0.001,-0.006,-0.75,-2.056,94.14,11.7,1,2.62,1,0.793,10.18,6.12,-3.088,1,5,0.0924,0.0851,0.0943,0.0832
75.324,1,0.893,-2.25,2.23,5,74.4,20.44,0.09,-0.0167,0.09,-0.0,-0.033,-0.75,-2.052,94.08,11.7,1,2.28,1,0.793,10.18,6.12,-3.088,1,5,0.0906,0.0832,0.0961,0.0887
75.355,1,0.882,-2.25,2.12,5,73.9,20.46,0.09,-0.0186,0.09,-0.001,-0.008,-0.751,-2.051,94.08,11.7,1,2.28,1,0.804,10.18,6.58,-2.556,1,5,0.0888,0.0832,0.0943,0.0925
75.418,1,0.88,-2.25,1.91,5,73.9,20.57,0.09,-0.0168,0.091,0.0,-0.019,-0.751,-2.045,94.02,11.7,1,2.28,1,0.81,10.18,5.63,-2.966,1,5,0.0887,0.0906,0.0906,0.0924
75.487,1,0.879,-2.25,2.12,5,73.6,20.46,0.09,-0.0131,0.091,0.0,-0.023,-0.752,-2.038,93.91,11.7,1,2.28,1,0.796,10.18,4.51,-5.052,1,5,0.0961,0.0906,0.0924,0.0869
75.524,1,0.873,-2.25,1.92,5,73.6,20.46,0.09,-0.0167,0.091,-0.002,-0.031,-0.752,-2.034,93.85,11.7,1,1.63,1,0.796,10.18,4.51,-5.052,1,5,0.098,0.0906,0.0906,0.0851
75.584,1,0.866,-2.0,1.88,5,73.4,20.44,0.09,-0.0132,0.088,0.002,-0.004,-0.752,-2.029,93.91,11.7,1,1.63,1,0.787,10.18,4.1,-2.558,1,5,0.0924,0.0869,0.0924,0.0795
75.623,1,0.86,-2.0,1.89,5,72.4,20.44,0.09,-0.0157,0.086,0.001,0.028,-0.752,-2.026,93.91,11.7,1,1.63,1,0.787,10.18,4.1,-2.558,1,5,0.0869,0.0814,0.0924,0.0814
75.686,1,0.861,-1.75,1.76,5,72.3,20.46,0.09,-0.0154,0.087,-0.0,-0.015,-0.753,-2.02,93.91,11.7,1,1.63,1,0.794,10.18,4.08,-4.172,1,5,0.085,0.0832,0.0906,0.0906
75.72,1,0.846,-1.75,1.66,5,72.5,21.1,0.09,-0.0162,0.089,0.001,-0.016,-0.753,-2.019,93.85,11.7,1,0.65,1,0.794,10.18,4.08,-4.172,1,5,0.0849,0.0886,0.0923,0.0905
75.785,1,0.871,-1.75,1.95,5,73.3,20.44,0.09,-0.0137,0.093,-0.002,-0.041,-0.753,-2.012,93.74,11.7,1,0.65,1,0.822,10.18,4.05,-4.223,1,5,0.099,0.0902,0.0919,0.0919
75.817,1,0.871,-1.75,1.75,5,73.2,20.46,0.09,-0.0187,0.093,-0.003,-0.031,-0.753,-2.01,93.74,11.7,1,0.65,1,0.821,10.18,4.1,-2.495,1,5,0.1008,0.0902,0.0902,0.0919
75.884,1,0.857,-1.5,1.64,5,73.2,19.97,0.09,-0.0149,0.094,-0.001,0.003,-0.754,-2.002,93.74,11.7,1,0.65,1,0.804,10.18,3.71,-1.508,1,5,0.098,0.0906,0.0962,0.0925
75.918,1,0.868,-1.5,1.54,5,73.2,20.44,0.09,-0.0162,0.093,-0.001,-0.017,-0.754,-2.0,93.74,11.7,1,-0.08,1,0.804,10.18,3.71,-1.508,1,5,0.0962,0.0888,0.0962,0.0925
75.987,1,0.856,-1.25,1.2,5,73.1,20.46,0.09,-0.0138,0.09,-0.001,-0.017,-0.754,-1.993,93.62,11.69,1,-0.08,1,0.789,10.18,3.72,-1.473,1,5,0.0888,0.0833,0.0944,0.0944
76.02,1,0.857,-1.25,1.19,5,73.3,20.46,0.09,-0.011,0.091,0.001,0.005,-0.754,-1.991,93.62,11.69,1,-0.08,1,0.789,10.18,3.72,-1.473,1,5,0.087,0.087,0.0962,0.0925
76.084,1,0.867,-0.75,1.12,5,73.6,20.46,0.09,-0.01,0.092,0.001,-0.011,-0.755,-1.984,93.62,11.69,1,-0.08,1,0.81,10.18,4.09,-2.616,1,5,0.0907,0.0944,0.0925,0.0907
76.118,1,0.877,-0.75,0.86,5,73.8,20.46,0.09,-0.0149,0.092,-0.001,-0.042,-0.755,-1.982,93.56,11.69,1,-0.39,1,0.81,10.18,4.09,-2.616,1,5,0.0944,0.0926,0.0889,0.0926
76.153,1,0.874,-0.75,0.86,5,73.8,20.46,0.09,-0.0096,0.091,-0.0,0.043,-0.755,-1.979,93.56,11.69,1,-0.39,1,0.805,10.18,3.63,-1.461,1,5,0.0943,0.0924,0.0887,0.0887
76.184,1,0.873,-0.75,1.14,5,73.8,20.46,0.09,-0.0091,0.089,0.003,-0.032,-0.756,-1.975,93.62,11.69,1,-0.39,1,0.797,10.18,2.51,-3.742,1,5,0.0906,0.0924,0.0906,0.0813
76.217,1,0.865,-0.75,1.78,5,73.7,20.46,0.09,-0.0138,0.088,0.004,-0.038,-0.756,-1.973,93.56,11.69,1,-0.39,1,0.797,10.18,2.51,-3.742,1,5,0.0868,0.0887,0.0942,0.0813
76.256,1,0.87,-0.25,0.87,5,73.3,20.46,0.09,-0.0248,0.085,0.003,0.022,-0.756,-1.97,93.51,11.69,1,-0.39,1,0.82,10.18,3.6,-1.455,1,5,0.0832,0.0814,0.0943,0.0814
76.284,1,0.862,-0.25,0.86,5,72.1,20.46,0.09,-0.0146,0.086,0.001,0.003,-0.756,-1.967,93.51,11.69,1,-0.39,1,0.82,10.66,3.57,-3.361,1,5,0.0832,0.0795,0.0943,0.0851
76.318,1,0.855,-0.25,0.97,5,71.9,20.46,0.09,-0.0141,0.086,0.002,-0.036,-0.757,-1.965,93.45,11.69,1,-0.46,1,0.82,10.66,3.57,-3.361,1,5,0.0851,0.0814,0.0944,0.0814
76.355,1,0.83,-0.75,1.09,5,72.1,20.46,0.09,-0.0155,0.089,0.003,-0.029,-0.757,-1.961,93.39,11.68,1,-0.46,1,0.813,10.18,3.66,-4.682,1,5,0.0906,0.0906,0.0924,0.0814
76.386,1,0.824,-0.5,0.57,5,71.9,19.97,0.09,-0.0115,0.091,-0.001,-0.051,-0.757,-1.957,93.33,11.68,1,-0.46,1,0.804,10.18,1.18,-4.939,1,5,0.0998,0.0905,0.0887,0.0831
76.421,1,0.837,-0.5,0.43,5,71.6,20.04,0.09,-0.0057,0.092,-0.001,-0.014,-0.757,-1.956,93.28,11.68,1,-0.46,1,0.804,10.18,1.18,-4.939,1,5,0.1016,0.0923,0.0886,0.0849
76.484,1,0.857,-0.5,0.63,5,71.4,19.97,0.09,-0.003,0.089,0.002,-0.009,-0.758,-1.949,93.33,11.68,1,-0.46,1,0.773,11.63,1.62,-6.114,1,5,0.0907,0.0888,0.0925,0.0833
76.52,1,0.836,-0.25,0.27,5,71.4,20.46,0.09,-0.0066,0.088,0.001,-0.014,-0.758,-1.947,93.33,11.68,1,-1.77,1,0.773,11.63,1.62,-6.114,1,5,0.0888,0.0869,0.0925,0.0851
76.585,1,0.824,-0.5,0.79,5,71.2,19.97,0.09,-0.0031,0.088,0.001,-0.003,-0.758,-1.94,93.16,11.68,1,-1.77,1,0.826,13.09,8.7,-1.96,1,5,0.0851,0.0796,0.0981,0.0888
76.618,1,0.842,-0.25,0.51,5,71.2,20.46,0.09,-0.0089,0.088,0.002,-0.028,-0.758,-1.938,93.16,11.68,1,-1.77,1,0.826,13.09,8.7,-1.96,1,5,0.0833,0.0796,0.1018,0.0889
76.654,1,0.84,-0.75,0.76,5,71.4,20.46,0.09,-0.0072,0.092,0.003,-0.078,-0.759,-1.934,93.05,11.68,1,-1.77,1,0.826,13.09,7.67,-2.513,1,5,0.0889,0.0852,0.1038,0.0889
76.684,1,0.821,-0.75,0.53,5,71.4,20.46,0.09,-0.0055,0.097,0.001,0.01,-0.759,-1.93,92.99,11.68,1,-1.77,1,0.813,12.6,7.55,-2.328,1,5,0.1,0.0945,0.1019,0.0926
76.717,1,0.817,-0.75,0.34,5,70.8,21.02,0.09,-0.0018,0.098,-0.0,-0.003,-0.759,-1.928,92.99,11.68,1,-1.66,1,0.813,12.6,7.55,-2.328,1,5,0.1037,0.0963,0.0981,0.0926
76.784,1,0.787,-0.75,0.28,5,69.5,21.02,0.09,0.0011,0.092,0.002,-0.018,-0.759,-1.921,92.93,11.68,1,-1.66,1,0.822,12.12,7.51,-2.026,1,5,0.0925,0.0907,0.0962,0.087
76.819,1,0.744,-0.75,0.03,5,69.1,20.44,0.09,0.0021,0.09,0.002,0.0,-0.759,-1.919,92.93,11.68,1,-1.66,1,0.822,12.12,7.51,-2.026,1,5,0.0906,0.0887,0.0961,0.0851
76.884,1,0.792,-0.75,-0.01,5,68.5,20.46,0.09,0.0064,0.089,0.003,-0.011,-0.76,-1.912,92.7,11.68,1,-1.66,1,0.825,12.12,6.57,-2.472,1,5,0.0888,0.0832,0.0999,0.0832
76.917,1,0.777,-0.75,0.43,5,68.2,21.02,0.09,0.0071,0.089,0.005,0.018,-0.76,-1.91,92.7,11.68,1,-1.27,1,0.825,12.12,6.57,-2.472,1,5,0.087,0.0833,0.1036,0.0814
76.986,1,0.768,-1.0,0.36,5,68.2,19.97,0.09,-0.0007,0.095,0.004,-0.01,-0.761,-1.902,92.53,11.67,1,-1.27,1,0.832,12.12,6.54,-2.452,1,5,0.0943,0.0998,0.098,0.0869
77.019,1,0.791,-1.0,0.33,5,70.2,19.97,0.09,0.0036,0.096,0.003,0.033,-0.761,-1.901,92.59,11.67,1,-1.27,1,0.826,11.63,5.91,-1.07,1,5,0.0943,0.1017,0.0961,0.0906
77.053,1,0.813,-1.0,0.29,5,70.4,19.97,0.09,0.0038,0.095,0.003,0.007,-0.761,-1.897,92.59,11.67,1,-1.27,1,0.825,12.12,3.61,-3.14,1,5,0.0924,0.098,0.098,0.0924
77.085,1,0.821,-0.75,-0.03,5,70.2,20.46,0.09,0.0043,0.092,0.003,0.005,-0.762,-1.893,92.59,11.67,1,-1.27,1,0.82,12.12,4.62,-0.926,1,5,0.0869,0.0888,0.0999,0.0906
77.117,1,0.812,-0.75,-0.07,5,70.2,20.46,0.09,0.0066,0.091,0.002,0.029,-0.762,-1.892,92.59,11.67,1,-0.85,1,0.82,12.12,4.62,-0.926,1,5,0.0888,0.0888,0.0962,0.0888
77.154,1,0.798,-0.75,-0.31,5,69.5,19.85,0.09,0.0075,0.088,0.001,-0.037,-0.762,-1.888,92.59,11.67,1,-0.85,1,0.823,12.12,6.06,-1.503,1,5,0.0888,0.087,0.0907,0.0851
77.184,1,0.802,-0.75,-0.15,5,69.6,20.0,0.09,0.0119,0.087,-0.0,0.012,-0.762,-1.885,92.53,11.67,1,-0.85,1,0.819,12.12,6.05,-1.496,1,5,0.0889,0.0852,0.0889,0.0852
77.217,1,0.802,-0.75,-0.23,5,69.1,20.46,0.09,0.0092,0.086,-0.001,-0.003,-0.762,-1.883,92.48,11.67,1,-0.85,1,0.819,12.12,6.05,-1.496,1,5,0.087,0.0814,0.0888,0.087
77.253,1,0.793,-0.75,-0.68,5,69.1,20.46,0.09,0.0106,0.088,-0.002,-0.039,-0.762,-1.879,92.42,11.67,1,-0.85,1,0.818,12.12,5.03,-3.671,1,5,0.0906,0.0851,0.0869,0.0888
77.284,1,0.776,-0.75,-0.66,5,69.0,20.46,0.09,0.0185,0.09,-0.003,0.012,-0.762,-1.876,92.42,11.67,1,-0.85,1,0.821,11.63,4.94,-3.742,1,5,0.0961,0.0887,0.085,0.0887
77.317,1,0.784,-0.75,-0.77,5,68.9,20.46,0.09,0.0182,0.092,-0.002,0.003,-0.762,-1.874,92.42,11.66,1,-0.85,1,0.821,11.63,4.94,-3.742,1,5,0.0961,0.0924,0.0887,0.0924
77.353,1,0.805,-0.75,-0.35,5,68.6,20.46,0.09,0.0202,0.092,0.002,0.013,-0.763,-1.87,92.42,11.66,1,-0.85,1,0.827,11.15,5.34,-2.486,1,5,0.0898,0.0898,0.0971,0.0898
77.384,1,0.785,-0.75,0.16,5,68.2,20.46,0.09,0.0128,0.09,0.003,0.001,-0.763,-1.866,92.42,11.66,1,-0.85,1,0.826,11.15,5.31,-4.186,1,5,0.0854,0.0872,0.0981,0.0872
77.416,1,0.742,0.25,0.02,5,67.5,22.46,0.09,0.004,0.087,0.004,0.023,-0.763,-1.865,92.48,11.66,1,-0.85,1,0.826,11.15,5.31,-4.186,1,5,0.0836,0.0873,0.0945,0.0836
77.483,1,0.816,-0.75,-0.05,5,69.1,20.46,0.09,-0.0044,0.084,0.002,-0.062,-0.763,-1.858,92.3,11.66,1,-0.85,1,0.818,12.12,5.1,-3.671,1,5,0.0827,0.0864,0.0845,0.0809
77.518,1,0.82,-0.75,-0.22,5,70.3,20.46,0.09,0.0096,0.084,0.002,-0.062,-0.763,-1.858,92.3,11.66,1,-0.85,1,0.818,12.12,5.1,-3.671,1,5,0.0827,0.0864,0.0845,0.0809
77.554,1,0.816,-0.75,-0.31,5,70.5,20.46,0.09,0.0119,0.084,0.001,-0.035,-0.764,-1.855,92.3,11.66,1,-0.85,1,0.822,11.63,4.46,-3.69,1,5,0.0832,0.0832,0.0868,0.0813
77.581,1,0.809,-0.75,-0.87,5,70.6,21.62,0.09,0.013,0.088,0.0,-0.007,-0.764,-1.851,92.25,11.66,1,-0.85,1,0.823,11.15,5.33,-2.469,1,5,0.0873,0.0837,0.0927,0.0873
77.615,1,0.82,-1.0,-0.64,5,71.3,21.62,0.09,0.0226,0.09,0.001,-0.001,-0.764,-1.849,92.25,11.66,1,-0.85,1,0.823,11.15,5.32,-2.454,1,5,0.0891,0.0872,0.0945,0.0872
77.653,1,0.83,-0.75,-0.6,5,71.4,20.46,0.09,0.0214,0.095,0.0,0.006,-0.764,-1.845,92.3,11.66,1,-0.85,1,0.823,11.15,5.32,-2.454,1,5,0.0924,0.0924,0.0979,0.0961
77.683,1,0.816,-0.75,-0.06,5,71.4,20.46,0.09,0.0173,0.095,0.003,0.026,-0.764,-1.841,92.36,11.66,1,-0.85,1,0.818,11.63,5.49,-1.539,1,5,0.0906,0.0998,0.0961,0.0924
77.716,1,0.806,-0.25,-0.18,5,71.5,20.46,0.09,0.0079,0.093,0.003,0.033,-0.765,-1.84,92.42,11.66,1,-1.63,1,0.818,11.63,5.49,-1.539,1,5,0.0888,0.0999,0.0925,0.0925
77.751,1,0.817,-0.25,-0.04,5,71.8,20.46,0.09,0.004,0.091,0.003,0.031,-0.765,-1.836,92.48,11.66,1,-1.63,1,0.818,11.63,5.49,-1.539,1,5,0.0851,0.0998,0.0869,0.0906
77.783,1,0.812,-0.25,0.19,5,72.2,20.46,0.09,0.0021,0.088,0.001,-0.042,-0.765,-1.832,92.48,11.66,1,-1.63,1,0.818,11.63,5.49,-1.539,1,5,0.0814,0.0961,0.0832,0.0924
77.816,1,0.821,-0.25,-0.18,5,72.0,20.46,0.09,-0.0019,0.088,0.001,-0.066,-0.765,-1.831,92.42,11.66,1,-1.63,1,0.818,11.63,5.49,-1.539,1,5,0.0814,0.0924,0.0851,0.0924
77.85,1,0.817,-0.25,0.25,5,72.6,20.46,0.09,0.005,0.088,0.0,0.012,-0.765,-1.827,92.42,11.66,1,-1.63,1,0.829,12.12,6.12,-1.561,1,5,0.0851,0.0907,0.087,0.0907
77.884,1,0.823,-0.25,0.09,5,73.1,20.46,0.09,-0.0024,0.091,0.0,-0.009,-0.765,-1.823,92.42,11.66,1,-1.63,1,0.831,12.12,6.56,-2.448,1,5,0.0906,0.0906,0.0924,0.0906
77.916,1,0.823,-0.25,-0.51,5,73.7,23.35,0.09,0.0004,0.092,0.001,-0.002,-0.765,-1.821,92.42,11.65,1,-0.54,1,0.832,12.12,6.12,-1.554,1,5,0.0924,0.0924,0.0943,0.0906
77.95,1,0.848,-0.5,0.09,5,74.4,21.6,0.09,0.0111,0.093,0.0,0.002,-0.766,-1.818,92.36,11.65,1,-0.54,1,0.834,12.12,6.13,-1.555,1,5,0.0906,0.0887,0.098,0.0943
77.982,1,0.853,-0.25,-0.01,5,74.9,20.46,0.09,0.0036,0.093,0.001,-0.0,-0.766,-1.814,92.42,11.65,1,-0.54,1,0.834,12.12,6.12,-1.549,1,5,0.0887,0.0906,0.098,0.0943
78.014,1,0.854,-0.25,-0.41,5,75.7,21.6,0.09,0.002,0.093,0.001,0.011,-0.766,-1.812,92.42,11.65,1,-0.54,1,0.837,12.12,6.12,-1.544,1,5,0.0887,0.0924,0.0961,0.0942
78.053,1,0.86,-0.25,-0.11,5,75.8,20.46,0.09,0.0091,0.093,0.002,0.026,-0.766,-1.808,92.48,11.65,1,-0.54,1,0.835,12.6,5.69,-0.449,1,5,0.0887,0.0961,0.0942,0.0924
78.083,1,0.861,0.0,0.27,5,75.7,21.02,0.09,0.004,0.091,0.002,-0.018,-0.766,-1.805,92.48,11.65,1,-0.54,1,0.834,12.6,6.72,-1.531,1,5,0.0868,0.0961,0.0905,0.0924
78.115,1,0.869,0.25,0.22,5,75.9,21.02,0.09,-0.0058,0.09,0.001,-0.033,-0.767,-1.803,92.42,11.65,1,0.19,1,0.834,12.6,6.72,-1.531,1,5,0.0851,0.0943,0.0887,0.0924
78.154,1,0.859,0.25,0.58,5,76.8,20.46,0.09,-0.0073,0.088,0.002,-0.004,-0.767,-1.8,92.48,11.65,1,0.19,1,0.834,12.6,6.72,-1.531,1,5,0.0832,0.098,0.0813,0.0887
78.182,1,0.857,0.25,0.08,5,77.4,20.46,0.09,-0.0132,0.09,0.001,0.016,-0.767,-1.796,92.48,11.65,1,0.19,1,0.837,13.09,6.38,-3.629,1,5,0.0888,0.0981,0.0833,0.0888
78.217,1,0.853,0.25,0.3,5,77.4,20.46,0.09,-0.0044,0.091,0.001,-0.012,-0.767,-1.794,92.48,11.65,1,0.19,1,0.837,13.09,6.38,-3.629,1,5,0.0906,0.098,0.0851,0.0887
78.253,1,0.859,0.25,0.0,5,77.5,20.46,0.09,-0.008,0.093,0.001,-0.002,-0.767,-1.79,92.48,11.65,1,0.19,1,0.836,13.09,6.39,-3.629,1,5,0.0925,0.0925,0.0962,0.0925
78.283,1,0.863,0.25,-0.09,5,77.4,20.46,0.09,-0.0026,0.092,0.002,-0.013,-0.768,-1.787,92.42,11.65,1,0.19,1,0.835,13.09,6.39,-3.629,1,5,0.0907,0.0888,0.0981,0.0888
78.317,1,0.865,0.25,-0.07,5,77.6,20.46,0.09,-0.0009,0.091,0.002,0.0,-0.768,-1.785,92.42,11.66,1,0.66,1,0.835,13.09,6.39,-3.629,1,5,0.0889,0.0889,0.0981,0.0889
78.349,1,0.856,0.25,-0.08,5,77.2,20.46,0.09,-0.0012,0.089,0.003,0.023,-0.768,-1.781,92.48,11.66,1,0.66,1,0.832,13.09,6.39,-3.629,1,5,0.0907,0.0907,0.0926,0.0815
78.383,1,0.86,0.25,0.72,5,76.9,20.46,0.09,-0.0009,0.089,0.001,-0.048,-0.768,-1.778,92.48,11.66,1,0.66,1,0.832,13.09,6.39,-3.629,1,5,0.087,0.0907,0.0888,0.0888
78.415,1,0.858,0.25,0.62,5,77.2,20.46,0.09,-0.0149,0.089,0.002,-0.074,-0.768,-1.776,92.42,11.66,1,0.66,1,0.832,13.09,6.39,-3.629,1,5,0.0869,0.0925,0.0888,0.0869
78.451,1,0.859,0.25,0.28,5,77.0,20.46,0.09,-0.0132,0.091,-0.0,0.006,-0.768,-1.772,92.36,11.66,1,0.66,1,0.832,13.09,6.39,-3.629,1,5,0.0906,0.0924,0.0887,0.0924
78.484,1,0.859,0.25,0.23,5,77.0,20.46,0.09,-0.0071,0.092,0.0,-0.004,-0.768,-1.769,92.3,11.66,1,0.66,1,0.842,13.09,6.42,-3.629,1,5,0.0961,0.0924,0.0924,0.0887
78.516,1,0.865,0.25,0.14,5,77.1,20.46,0.09,-0.0063,0.094,-0.001,0.004,-0.768,-1.767,92.36,11.66,1,0.61,1,0.842,13.09,6.42,-3.629,1,5,0.098,0.0906,0.0943,0.0924
78.55,1,0.861,0.25,0.5,5,76.5,20.46,0.09,-0.0047,0.096,-0.0,0.011,-0.769,-1.763,92.42,11.66,1,0.61,1,0.839,13.09,6.4,-3.629,1,5,0.0962,0.0906,0.0999,0.0962
78.582,1,0.855,0.25,0.49,5,76.4,20.46,0.09,-0.011,0.095,-0.0,0.01,-0.769,-1.759,92.42,11.66,1,0.61,1,0.849,13.09,7.34,-1.552,1,5,0.0944,0.0925,0.0981,0.0962
78.616,1,0.861,0.25,0.32,5,76.0,20.46,0.09,-0.0107,0.095,-0.0,-0.009,-0.769,-1.757,92.36,11.66,1,0.61,1,0.849,13.09,7.34,-1.552,1,5,0.0963,0.0944,0.0944,0.0944
78.649,1,0.861,0.25,0.51,5,75.8,20.46,0.09,-0.0079,0.092,-0.0,0.01,-0.769,-1.753,92.36,11.66,1,0.61,1,0.849,13.09,7.32,-1.538,1,5,0.0926,0.0907,0.0926,0.0926
78.681,1,0.859,0.75,0.33,5,75.6,20.46,0.09,-0.0111,0.092,-0.001,-0.025,-0.769,-1.75,92.36,11.66,1,0.61,1,0.848,13.09,7.32,-1.534,1,5,0.0907,0.0851,0.0962,0.0944
78.717,1,0.85,0.25,0.39,5,75.4,20.46,0.09,-0.0143,0.09,-0.0,-0.106,-0.769,-1.748,92.3,11.66,1,0.92,1,0.848,13.09,7.32,-1.534,1,5,0.0869,0.0869,0.0924,0.0943
78.749,1,0.848,0.25,0.0,5,74.7,20.46,0.0969,-0.0087,0.089,-0.002,0.001,-0.769,-1.745,92.25,11.66,1,0.92,1,0.842,13.09,7.33,-1.544,1,5,0.0887,0.0868,0.0868,0.0924
78.782,1,0.848,0.25,0.12,5,74.6,20.46,0.1109,-0.0021,0.091,-0.001,-0.0,-0.769,-1.741,92.19,11.66,1,0.92,1,0.842,13.09,7.33,-1.544,1,5,0.0924,0.0905,0.0868,0.0905
78.815,1,0.858,0.0,0.32,5,74.5,20.44,0.1178,-0.0043,0.092,-0.001,0.029,-0.769,-1.739,92.25,11.66,1,0.92,1,0.842,13.09,7.33,-1.544,1,5,0.0962,0.0907,0.0907,0.0907
78.848,1,0.861,-0.25,0.53,5,74.3,20.46,0.1319,-0.0059,0.096,0.001,0.001,-0.77,-1.735,92.25,11.66,1,0.92,1,0.843,12.6,7.21,-0.714,1,5,0.0943,0.0943,0.0999,0.0962
78.881,1,0.871,0.0,-0.54,5,74.4,20.57,0.146,-0.0087,0.098,0.002,0.002,-0.77,-1.731,92.25,11.66,1,0.92,1,0.845,12.6,7.22,-0.716,1,5,0.0925,0.0943,0.1017,0.0962
78.916,1,0.866,0.25,-0.14,5,74.8,20.46,0.1528,0.0127,0.102,0.003,-0.002,-0.77,-1.729,92.25,11.65,1,1.83,1,0.845,12.6,7.22,-0.716,1,5,0.0943,0.1017,0.1072,0.1035
78.949,1,0.866,0.25,0.08,5,75.0,20.46,0.1669,0.0006,0.112,0.001,-0.004,-0.77,-1.723,92.25,11.65,1,1.83,1,0.837,10.18,1.7,-0.871,1,5,0.1092,0.1129,0.1129,0.1129
78.982,1,0.87,0.25,0.17,5,75.0,20.46,0.1809,-0.0047,0.127,0.001,-0.025,-0.77,-1.718,92.19,11.65,1,1.83,1,0.846,10.18,1.3,-1.547,1,5,0.1256,0.1292,0.1274,0.1274
79.016,1,0.862,0.0,0.24,5,74.3,20.96,0.1878,-0.0072,0.136,0.0,0.001,-0.771,-1.715,92.13,11.65,1,1.83,1,0.846,10.18,1.3,-1.547,1,5,0.1384,0.1384,0.1329,0.1329
79.048,1,0.853,0.25,0.1,5,73.5,20.46,0.2019,-0.0066,0.155,-0.0,-0.025,-0.771,-1.708,92.19,11.65,1,1.83,1,0.846,10.18,1.3,-1.547,1,5,0.1591,0.1573,0.1536,0.1517
79.083,1,0.855,0.0,-0.0,5,73.0,20.44,0.2087,-0.0057,0.173,-0.0,0.002,-0.771,-1.701,92.19,11.65,1,1.83,1,0.846,10.18,1.3,-1.547,1,5,0.1759,0.1722,0.1722,0.1703
79.115,1,0.852,0.25,-0.28,5,72.7,20.46,0.2155,0.0007,0.18,0.0,0.012,-0.771,-1.697,92.25,11.65,1,1.83,1,0.846,10.18,1.3,-1.547,1,5,0.1802,0.1783,0.182,0.1802
79.15,1,0.847,0.0,0.04,5,72.6,20.44,0.2108,0.0061,0.194,0.0,-0.133,-0.772,-1.688,92.07,11.65,1,1.96,1,0.848,10.18,1.26,-5.001,1,5,0.1912,0.1949,0.1949,0.1967
79.182,1,0.854,-0.25,-0.32,5,73.3,20.46,0.1865,-0.0005,0.209,0.002,-0.006,-0.772,-1.679,92.07,11.65,1,1.96,1,0.85,9.69,2.16,-2.06,1,5,0.1985,0.2022,0.2058,0.2022
79.215,1,0.858,-0.5,-0.03,5,73.9,20.44,0.1748,0.012,0.217,0.002,0.011,-0.772,-1.675,92.07,11.65,1,1.96,1,0.85,9.69,2.16,-2.06,1,5,0.2128,0.2165,0.2221,0.2165
79.25,1,0.868,-0.25,0.02,5,74.9,20.46,0.1507,0.0068,0.224,0.002,-0.026,-0.773,-1.666,92.07,11.65,1,1.96,1,0.85,9.69,2.16,-2.06,1,5,0.22,0.22,0.2329,0.2237
79.282,1,0.871,-0.75,0.27,5,76.0,20.46,0.1267,0.0022,0.222,0.001,-0.08,-0.773,-1.657,91.85,11.65,1,1.96,1,0.854,9.69,1.22,-4.249,1,5,0.2181,0.2181,0.2292,0.2237
79.317,1,0.864,-1.25,-0.06,5,76.6,20.46,0.1216,0.0034,0.22,-0.0,-0.035,-0.773,-1.653,91.79,11.65,1,1.96,1,0.854,9.69,1.22,-4.249,1,5,0.218,0.2124,0.2272,0.2217
79.349,1,0.864,-1.0,0.02,5,77.3,20.44,0.1216,0.015,0.215,0.002,0.058,-0.773,-1.644,91.79,11.65,1,1.3,1,0.868,8.72,-0.47,-3.385,1,5,0.2147,0.2073,0.2258,0.211
79.386,1,0.863,-0.75,0.07,5,77.2,20.46,0.1216,0.0096,0.207,-0.0,-0.115,-0.774,-1.636,91.67,11.65,1,1.3,1,0.868,8.72,-0.47,-3.385,1,5,0.2147,0.1962,0.2165,0.1999
79.415,1,0.859,-1.25,0.33,5,76.9,20.46,0.1216,0.0054,0.202,-0.001,-0.072,-0.774,-1.633,91.62,11.65,1,1.3,1,0.876,9.21,0.16,-3.374,1,5,0.211,0.1925,0.2091,0.1943
79.448,1,0.862,-1.75,0.3,5,76.8,20.46,0.1216,0.0061,0.192,-0.002,-0.077,-0.774,-1.625,91.44,11.65,1,1.3,1,0.876,9.21,0.16,-3.374,1,5,0.2033,0.1811,0.1996,0.1848
79.482,1,0.87,-2.25,0.09,5,76.9,20.46,0.1216,0.0122,0.184,0.0,-0.038,-0.774,-1.618,91.33,11.65,1,1.3,1,0.876,9.21,0.16,-3.374,1,5,0.1922,0.1701,0.1996,0.1756
79.514,1,0.876,-2.75,0.19,5,76.7,20.46,0.1216,0.022,0.177,0.001,-0.074,-0.774,-1.615,91.27,11.65,1,1.3,1,0.876,9.21,0.16,-3.374,1,5,0.1867,0.1627,0.1941,0.1664
79.549,1,0.89,-3.24,-0.5,5,76.8,20.46,0.1216,0.0246,0.163,0.001,-0.11,-0.774,-1.609,90.99,11.65,1,0.05,1,0.876,9.21,0.16,-3.374,1,5,0.1758,0.148,0.1795,0.148
79.583,1,0.894,-3.74,-0.83,5,77.3,20.46,0.0976,0.0416,0.156,0.0,-0.03,-0.774,-1.602,90.87,11.65,1,0.05,1,0.882,5.33,-4.14,-5.982,1,5,0.1702,0.1425,0.1702,0.1425
79.618,1,0.902,-3.74,-0.83,5,77.1,20.46,0.0906,0.0529,0.157,-0.0,-0.052,-0.774,-1.599,90.81,11.65,1,0.05,1,0.886,5.33,-4.63,-5.14,1,5,0.1703,0.1425,0.1703,0.1443
79.651,1,0.891,-4.24,-1.05,5,77.2,20.46,0.0906,0.0512,0.155,0.001,-0.076,-0.775,-1.593,90.64,11.65,1,0.05,1,0.886,5.33,-4.61,-5.144,1,5,0.1628,0.1443,0.1684,0.1443
79.682,1,0.891,-4.74,-1.18,5,76.9,20.46,0.0906,0.0599,0.139,0.003,-0.111,-0.775,-1.588,90.41,11.65,1,0.05,1,0.884,6.79,-2.44,-2.654,1,5,0.1462,0.1332,0.1517,0.1258
79.715,1,0.889,-5.74,-1.44,5,76.6,20.46,0.0906,0.0676,0.131,0.004,-0.065,-0.775,-1.586,90.3,11.65,1,0.05,1,0.884,6.79,-2.44,-2.654,1,5,0.1387,0.1257,0.1442,0.1165
79.747,1,0.885,-5.99,-1.99,5,76.6,20.96,0.0906,0.0824,0.123,-0.0,-0.079,-0.775,-1.581,90.18,11.65,1,-3.28,1,0.884,6.79,-2.44,-2.654,1,5,0.1387,0.1128,0.1332,0.1073
79.782,1,0.884,-6.49,-2.22,5,76.8,20.96,0.0906,0.0929,0.123,-0.001,-0.084,-0.775,-1.576,89.95,11.65,1,-3.28,1,0.884,6.79,-2.44,-2.654,1,5,0.135,0.1091,0.1332,0.1128
79.814,1,0.889,-6.74,-1.68,5,77.2,20.46,0.0906,0.1023,0.121,-0.0,-0.025,-0.775,-1.574,89.9,11.65,1,-3.28,1,0.884,6.79,-2.44,-2.654,1,5,0.1275,0.1054,0.1349,0.1146
79.848,1,0.884,-6.74,-2.07,5,77.5,20.46,0.0906,0.094,0.113,0.005,-0.067,-0.775,-1.569,89.84,11.65,1,-3.28,1,0.884,6.79,-2.44,-2.654,1,5,0.1091,0.1035,0.1331,0.1072
79.884,1,0.878,-6.74,-2.66,5,77.5,20.46,0.0906,0.0993,0.109,0.007,-0.037,-0.775,-1.567,89.78,11.65,1,-3.28,1,0.87,12.12,13.93,-1.885,1,5,0.1035,0.1017,0.1294,0.0998
79.914,1,0.884,-6.74,-2.56,5,77.6,20.46,0.0906,0.1092,0.102,0.007,-0.034,-0.776,-1.563,89.67,11.65,1,-3.28,1,0.903,12.12,11.66,-3.429,1,5,0.0998,0.1035,0.1146,0.0887
79.948,1,0.887,-6.74,-2.46,5,77.6,20.46,0.0906,0.1067,0.093,0.006,0.086,-0.776,-1.56,89.78,11.66,1,-5.97,1,0.903,12.12,11.66,-3.429,1,5,0.0906,0.098,0.1017,0.0832
79.986,1,0.886,-6.74,-1.89,5,77.7,20.46,0.0906,0.1043,0.09,0.006,-0.002,-0.776,-1.556,89.9,11.66,1,-5.97,1,0.903,12.12,11.66,-3.429,1,5,0.0832,0.0942,0.0961,0.085
80.014,1,0.888,-6.74,-2.07,5,77.4,20.46,0.0906,0.0943,0.087,0.005,-0.001,-0.776,-1.555,89.84,11.66,1,-5.97,1,0.878,14.54,14.58,-3.212,1,5,0.0795,0.0924,0.0906,0.085
80.052,1,0.893,-6.74,-2.08,5,77.4,20.46,0.0906,0.0973,0.087,0.001,0.021,-0.776,-1.551,89.84,11.66,1,-5.97,1,0.878,14.54,14.58,-3.212,1,5,0.0813,0.0924,0.085,0.0905
80.084,1,0.891,-6.74,-1.8,5,77.3,20.46,0.0906,0.0973,0.085,0.0,0.019,-0.776,-1.548,89.95,11.66,1,-5.97,1,0.9,15.03,18.14,0.0,0,5,0.0795,0.0905,0.0795,0.0905
80.115,1,0.891,-6.74,-1.91,5,77.4,20.46,0.0906,0.0923,0.086,0.001,0.032,-0.776,-1.546,90.01,11.66,1,-5.97,1,0.91,15.51,18.68,0.0,0,5,0.0777,0.0924,0.0814,0.0924
80.147,1,0.896,-6.24,-2.22,5,77.4,20.46,0.0906,0.094,0.083,0.002,0.033,-0.776,-1.543,90.07,11.66,1,-5.25,1,0.909,15.51,18.71,0.0,0,5,0.074,0.0925,0.0777,0.0888
80.183,1,0.9,-6.24,-1.45,5,77.6,20.46,0.0906,0.0937,0.08,0.001,0.034,-0.776,-1.54,90.13,11.66,1,-5.25,1,0.905,15.99,18.35,0.0,0,5,0.0721,0.0924,0.0703,0.0851
80.216,1,0.898,-5.99,-1.9,5,77.7,20.44,0.0906,0.0804,0.077,0.001,0.046,-0.776,-1.538,90.18,11.66,1,-5.25,1,0.904,15.99,19.23,0.0,0,5,0.0702,0.0905,0.0647,0.0813
80.248,1,0.896,-5.74,-1.83,5,78.1,20.46,0.0906,0.0856,0.073,0.001,0.112,-0.776,-1.536,90.36,11.66,1,-5.25,1,0.887,14.54,18.85,0.0,0,5,0.0629,0.0906,0.0573,0.0795
80.28,1,0.899,-4.99,-1.65,5,77.7,20.44,0.0906,0.0816,0.071,0.002,0.162,-0.776,-1.534,90.53,11.66,1,-5.25,1,0.898,13.09,12.3,-1.227,1,5,0.0555,0.0887,0.0573,0.0814
80.317,1,0.901,-4.24,-1.21,5,78.1,20.46,0.0906,0.0698,0.071,0.006,0.096,-0.777,-1.531,90.87,11.66,1,-5.25,1,0.895,14.06,13.03,-0.533,1,5,0.0462,0.0924,0.061,0.085
80.351,1,0.9,-3.74,-0.95,5,78.3,20.46,0.0906,0.0547,0.071,0.006,0.078,-0.777,-1.528,91.16,11.65,1,-1.6,1,0.901,14.54,14.97,-0.849,1,5,0.0425,0.0942,0.061,0.0868
80.385,1,0.901,-2.99,-0.63,5,78.7,19.97,0.0906,0.0448,0.071,0.006,0.071,-0.777,-1.526,91.27,11.65,1,-1.6,1,0.897,13.57,11.93,-3.235,1,5,0.0444,0.0961,0.0591,0.085
80.415,1,0.897,-2.75,-0.36,5,78.4,20.46,0.0906,0.0319,0.07,0.004,0.081,-0.777,-1.524,91.39,11.65,1,-1.6,1,0.902,14.06,11.42,-2.229,1,5,0.0499,0.0943,0.0536,0.0814
80.448,1,0.886,-2.25,-0.04,5,78.6,20.46,0.0906,0.0264,0.071,0.001,0.035,-0.777,-1.521,91.5,11.65,1,-1.6,1,0.902,14.06,11.42,-2.229,1,5,0.0573,0.0851,0.0592,0.0814
80.482,1,0.889,-2.25,0.06,5,78.4,20.46,0.0906,0.0155,0.073,-0.001,0.037,-0.777,-1.52,91.5,11.65,1,-1.6,1,0.902,14.06,11.42,-2.229,1,5,0.0627,0.0829,0.0608,0.0848
80.517,1,0.884,-2.25,0.15,5,78.2,20.46,0.0906,0.0157,0.076,-0.003,0.069,-0.777,-1.517,91.62,11.65,1,-1.6,1,0.889,8.72,1.09,-3.784,1,5,0.0719,0.0774,0.07,0.0866
80.546,1,0.876,-1.75,0.4,5,77.9,20.46,0.0906,0.0154,0.08,-0.004,0.073,-0.777,-1.513,91.79,11.65,1,1.79,1,0.896,7.27,-3.05,-5.573,1,5,0.0792,0.0829,0.07,0.0884
80.581,1,0.868,-1.75,0.68,5,78.0,20.46,0.0906,0.006,0.079,-0.004,0.063,-0.777,-1.51,91.9,11.65,1,1.79,1,0.896,7.27,-3.05,-5.573,1,5,0.0775,0.0831,0.0702,0.0886
80.613,1,0.867,-1.25,0.56,5,77.8,20.46,0.0906,0.0016,0.078,-0.004,0.027,-0.777,-1.509,91.96,11.65,1,1.79,1,0.896,7.27,-3.05,-5.573,1,5,0.0738,0.0812,0.0664,0.0886
80.648,1,0.87,-1.25,0.82,5,77.9,20.46,0.0906,-0.0013,0.075,-0.003,0.031,-0.777,-1.506,92.02,11.65,1,1.79,1,0.896,7.27,-3.05,-5.573,1,5,0.0709,0.0836,0.0618,0.0854
80.684,1,0.856,-1.25,1.07,5,77.7,20.46,0.0906,-0.0048,0.076,-0.003,0.021,-0.777,-1.502,92.02,11.65,1,1.79,1,0.898,9.21,-1.95,-2.753,1,5,0.0709,0.0836,0.0618,0.0854
80.715,1,0.854,-1.0,0.87,5,77.8,20.44,0.0906,-0.0089,0.077,-0.002,0.03,-0.777,-1.501,92.07,11.65,1,1.79,1,0.899,9.21,-2.57,-4.485,1,5,0.071,0.0837,0.0673,0.0873
80.748,1,0.855,-0.75,0.67,5,77.7,20.46,0.09,-0.0079,0.077,0.001,0.077,-0.778,-1.498,92.19,11.65,1,1.44,1,0.9,9.21,-2.07,-6.838,1,5,0.0629,0.0796,0.0759,0.0888
80.781,1,0.847,-0.75,1.07,5,77.7,20.46,0.09,-0.0067,0.076,0.0,0.014,-0.778,-1.496,92.25,11.65,1,1.44,1,0.9,9.21,-2.07,-6.838,1,5,0.0639,0.0767,0.0767,0.0877
80.814,1,0.843,-0.75,1.35,5,77.6,20.46,0.09,-0.0133,0.075,0.001,0.036,-0.778,-1.495,92.3,11.65,1,1.44,1,0.9,9.21,-2.07,-6.838,1,5,0.0639,0.0767,0.0749,0.084
80.846,1,0.841,-0.75,1.42,5,77.8,20.46,0.09,-0.0178,0.074,-0.003,0.032,-0.778,-1.49,92.3,11.65,1,1.44,1,0.907,9.69,-0.21,-3.911,1,5,0.073,0.0748,0.0675,0.0821
80.882,1,0.836,-0.25,1.18,5,78.0,20.46,0.09,-0.0188,0.074,-0.003,0.032,-0.778,-1.49,92.3,11.65,1,1.44,1,0.907,9.69,-0.21,-3.911,1,5,0.073,0.0748,0.0675,0.0821
80.915,1,0.835,-0.25,1.58,5,78.0,20.46,0.09,-0.0205,0.077,-0.001,0.035,-0.778,-1.487,92.42,11.65,1,1.44,1,0.904,10.18,-0.83,-6.78,1,5,0.0733,0.0807,0.0697,0.0825
80.948,1,0.828,0.0,1.63,5,77.9,20.44,0.09,-0.0267,0.077,0.0,0.033,-0.778,-1.484,92.53,11.67,1,-0.35,1,0.908,10.66,-0.88,-6.429,1,5,0.0694,0.0803,0.0748,0.084
80.981,1,0.837,0.25,1.63,5,78.2,20.46,0.09,-0.0304,0.076,0.001,0.003,-0.778,-1.483,92.53,11.67,1,-0.35,1,0.908,10.66,-0.88,-6.429,1,5,0.0694,0.0803,0.073,0.0803
81.014,1,0.848,0.5,1.48,5,78.1,19.97,0.09,-0.0329,0.076,-0.0,-0.011,-0.778,-1.479,92.53,11.67,1,-0.35,1,0.868,13.57,1.83,-6.6,1,5,0.0718,0.0791,0.0718,0.081
81.048,1,0.845,0.5,1.44,5,78.4,20.44,0.09,-0.0323,0.075,-0.0,-0.021,-0.778,-1.476,92.53,11.67,1,-0.35,1,0.903,14.54,6.33,-4.463,1,5,0.0739,0.0832,0.0665,0.0776
81.079,1,0.847,0.5,1.44,5,78.3,20.44,0.09,-0.0313,0.077,0.0,0.015,-0.778,-1.475,92.48,11.67,1,-0.35,1,0.908,14.06,6.37,-4.799,1,5,0.0758,0.0869,0.0684,0.0777
81.115,1,0.849,0.75,1.79,5,78.3,20.46,0.09,-0.0308,0.076,0.002,0.042,-0.779,-1.472,92.59,11.67,1,-0.35,1,0.907,14.54,6.29,-4.481,1,5,0.0703,0.0851,0.0721,0.0777
81.146,1,0.851,0.75,1.97,5,77.9,20.46,0.09,-0.0393,0.077,0.001,0.04,-0.779,-1.469,92.7,11.67,1,-2.25,1,0.906,14.54,6.32,-4.474,1,5,0.0703,0.0814,0.0759,0.0814
81.18,1,0.848,0.75,2.01,5,77.9,20.46,0.09,-0.0423,0.076,-0.0,0.026,-0.779,-1.467,92.7,11.67,1,-2.25,1,0.893,15.03,6.64,-5.178,1,5,0.0685,0.0777,0.074,0.0851
81.214,1,0.851,0.75,1.96,5,77.9,20.46,0.09,-0.0426,0.078,-0.003,0.013,-0.779,-1.464,92.76,11.67,1,-2.25,1,0.892,15.03,7.51,-3.267,1,5,0.0759,0.0796,0.0703,0.0852
81.248,1,0.852,1.0,1.48,5,77.7,19.97,0.09,-0.0415,0.081,-0.005,0.039,-0.779,-1.461,92.76,11.67,1,-2.25,1,0.892,15.03,7.49,-3.261,1,5,0.0851,0.0796,0.0722,0.0851
81.282,1,0.832,1.5,1.68,5,77.2,19.97,0.09,-0.0361,0.082,-0.004,0.097,-0.779,-1.459,92.88,11.67,1,-2.25,1,0.892,15.03,7.49,-3.261,1,5,0.0888,0.0796,0.0759,0.0833
81.316,1,0.831,1.25,2.17,5,77.2,20.46,0.09,-0.0454,0.084,-0.003,-0.051,-0.779,-1.456,92.82,11.67,1,-2.25,1,0.891,15.99,7.8,-5.092,1,5,0.0887,0.0794,0.0813,0.085
81.349,1,0.842,1.5,1.69,5,77.0,19.97,0.09,-0.05,0.085,-0.001,-0.029,-0.779,-1.452,92.76,11.68,1,-2.25,1,0.898,15.51,7.48,-4.423,1,5,0.0849,0.0812,0.0868,0.0886
81.38,1,0.853,1.75,1.36,5,77.0,20.46,0.09,-0.0446,0.084,-0.0,-0.004,-0.779,-1.451,92.76,11.68,1,-2.25,1,0.898,15.51,7.48,-4.423,1,5,0.0831,0.0813,0.0868,0.0868
81.416,1,0.862,1.25,1.92,5,76.8,20.46,0.09,-0.0414,0.085,0.001,-0.041,-0.779,-1.447,92.7,11.68,1,-2.25,1,0.9,15.51,7.43,-4.437,1,5,0.0813,0.085,0.0868,0.085
81.447,1,0.86,1.25,1.55,5,76.7,20.46,0.09,-0.0446,0.084,0.002,0.012,-0.78,-1.444,92.65,11.68,1,-2.25,1,0.894,15.03,7.52,-4.757,1,5,0.0813,0.0868,0.0849,0.0831
81.485,1,0.866,1.25,1.9,5,76.4,20.46,0.09,-0.0382,0.089,0.001,-0.019,-0.78,-1.44,92.65,11.68,1,-2.25,1,0.894,15.03,7.52,-4.757,1,5,0.085,0.0887,0.0905,0.0905
81.515,1,0.866,1.25,1.21,5,76.8,20.46,0.09,-0.0443,0.09,0.0,0.01,-0.78,-1.438,92.7,11.68,1,-2.25,1,0.898,15.03,6.58,-5.149,1,5,0.0869,0.0887,0.0924,0.0924
81.548,1,0.87,1.25,1.39,5,76.8,20.46,0.09,-0.0324,0.092,0.001,-0.02,-0.78,-1.434,92.65,11.68,1,-2.22,1,0.898,15.03,6.58,-5.149,1,5,0.0907,0.0889,0.0981,0.0907
81.582,1,0.874,1.25,1.08,5,77.0,20.46,0.09,-0.0355,0.092,0.0,0.039,-0.78,-1.431,92.65,11.68,1,-2.22,1,0.898,15.03,6.58,-5.149,1,5,0.0943,0.0888,0.0999,0.0888
81.614,1,0.871,1.25,1.7,5,76.9,20.46,0.09,-0.03,0.091,0.0,-0.043,-0.78,-1.429,92.65,11.68,1,-2.22,1,0.892,15.03,6.1,-4.517,1,5,0.0973,0.0844,0.0973,0.0844
81.646,1,0.855,1.25,1.2,5,76.8,20.46,0.09,-0.0409,0.092,-0.002,-0.062,-0.78,-1.425,92.48,11.68,1,-2.22,1,0.892,15.03,6.1,-4.517,1,5,0.099,0.0861,0.0935,0.088
81.685,1,0.851,1.25,1.18,5,76.7,20.46,0.09,-0.0321,0.091,0.001,-0.002,-0.781,-1.422,92.42,11.68,1,-2.22,1,0.892,15.03,6.1,-4.517,1,5,0.0924,0.0906,0.0924,0.0869
81.713,1,0.863,1.25,1.12,5,76.6,20.46,0.09,-0.0318,0.091,0.001,-0.015,-0.781,-1.42,92.42,11.68,1,-2.22,1,0.89,18.42,12.98,-3.339,1,5,0.0906,0.0924,0.0906,0.0887
81.747,1,0.874,1.0,1.39,5,76.7,19.97,0.09,-0.0307,0.09,0.003,0.019,-0.781,-1.416,92.36,11.68,1,-2.79,1,0.89,18.42,12.98,-3.339,1,5,0.0869,0.0925,0.0925,0.0869
81.78,1,0.869,0.75,1.68,5,76.6,20.46,0.09,-0.0323,0.089,0.003,0.055,-0.781,-1.414,92.42,11.68,1,-2.79,1,0.901,17.93,12.42,-3.369,1,5,0.0851,0.0924,0.0924,0.0869
81.815,1,0.865,0.75,1.51,5,76.7,20.46,0.09,-0.0348,0.09,0.0,0.031,-0.781,-1.411,92.48,11.68,1,-2.79,1,0.898,17.93,13.73,-2.205,1,5,0.087,0.0907,0.0888,0.0925
81.845,1,0.862,0.75,1.31,5,77.1,20.46,0.09,-0.0323,0.089,-0.005,0.023,-0.781,-1.407,92.53,11.68,1,-2.79,1,0.902,17.93,13.28,-1.533,1,5,0.0906,0.0887,0.0795,0.098
81.886,1,0.864,1.0,1.09,5,77.0,20.2,0.09,-0.0291,0.086,-0.007,0.024,-0.781,-1.404,92.59,11.68,1,-2.79,1,0.902,17.93,13.28,-1.533,1,5,0.0925,0.0814,0.0777,0.0943
81.914,1,0.859,1.0,1.14,5,76.6,20.2,0.09,-0.0284,0.087,-0.006,-0.006,-0.781,-1.402,92.59,11.68,1,-2.79,1,0.893,17.93,14.73,-1.758,1,5,0.0906,0.0795,0.0813,0.0961
81.947,1,0.861,0.75,1.39,5,76.0,20.46,0.09,-0.0292,0.087,-0.003,-0.025,-0.781,-1.398,92.53,11.67,1,-1.83,1,0.896,17.93,14.73,-1.748,1,5,0.0881,0.0807,0.0881,0.0917
81.98,1,0.866,0.75,1.4,5,76.1,20.46,0.09,-0.0304,0.088,-0.002,0.01,-0.781,-1.397,92.53,11.67,1,-1.83,1,0.896,17.93,14.73,-1.748,1,5,0.0881,0.0844,0.0881,0.0917
82.015,1,0.849,1.0,1.16,5,76.0,20.2,0.09,-0.0308,0.088,-0.0,-0.016,-0.781,-1.393,92.53,11.67,1,-1.83,1,0.9,18.42,13.82,0.012,1,5,0.0881,0.0918,0.0826,0.0881
82.046,1,0.859,1.0,1.09,5,76.2,20.44,0.09,-0.0297,0.085,-0.002,0.006,-0.781,-1.39,92.53,11.67,1,-1.83,1,0.897,18.42,14.11,0.765,1,5,0.0863,0.09,0.0772,0.0882
82.081,1,0.862,1.0,1.05,5,76.4,20.44,0.09,-0.0284,0.085,-0.002,0.015,-0.781,-1.388,92.53,11.67,1,-1.83,1,0.897,18.42,14.11,0.765,1,5,0.0863,0.0882,0.0772,0.0882
82.116,1,0.864,1.0,1.0,5,76.7,20.44,0.09,-0.0275,0.086,-0.002,0.007,-0.781,-1.385,92.53,11.67,1,-1.83,1,0.866,15.51,13.76,-1.053,1,5,0.0863,0.0845,0.0845,0.09
82.151,1,0.863,0.5,1.18,5,75.6,20.44,0.09,-0.0266,0.087,0.0,-0.027,-0.782,-1.381,92.53,11.67,1,0.69,1,0.867,13.09,4.64,-2.709,1,5,0.0866,0.0792,0.0939,0.0866
82.182,1,0.872,0.5,0.8,5,75.8,20.44,0.09,-0.0234,0.087,0.001,-0.02,-0.782,-1.379,92.48,11.67,1,0.69,1,0.887,12.6,3.49,-5.345,1,5,0.0902,0.0791,0.0975,0.0828
82.214,1,0.87,0.25,1.09,5,75.7,20.46,0.09,-0.0173,0.086,0.0,-0.054,-0.782,-1.376,92.42,11.67,1,0.69,1,0.885,12.6,3.36,-3.861,1,5,0.0922,0.0756,0.0959,0.0793
82.246,1,0.878,0.25,0.63,5,76.0,20.46,0.09,-0.02,0.087,-0.001,-0.068,-0.782,-1.372,92.25,11.67,1,0.69,1,0.876,12.12,2.39,-3.042,1,5,0.0944,0.0777,0.0925,0.0814
82.28,1,0.88,0.0,0.66,5,76.0,20.44,0.09,-0.0121,0.085,-0.002,-0.059,-0.782,-1.371,92.19,11.67,1,0.69,1,0.876,12.12,2.39,-3.042,1,5,0.0925,0.0759,0.0888,0.0814
82.314,1,0.871,0.0,0.79,5,76.1,20.44,0.09,-0.0099,0.085,-0.002,-0.038,-0.782,-1.368,92.13,11.67,1,0.69,1,0.88,11.63,2.13,-3.901,1,5,0.0918,0.0792,0.0864,0.081
82.348,1,0.874,0.0,0.6,5,76.1,20.44,0.09,-0.0128,0.083,-0.001,0.004,-0.782,-1.365,92.13,11.68,1,0.58,1,0.877,11.63,0.72,-5.189,1,5,0.0877,0.0824,0.0806,0.0806
82.38,1,0.88,0.0,0.66,5,76.2,20.44,0.09,-0.0096,0.083,-0.0,0.009,-0.782,-1.363,92.13,11.68,1,0.58,1,0.878,11.63,0.75,-5.213,1,5,0.0842,0.086,0.0789,0.0824
82.447,1,0.867,0.0,0.67,5,77.2,20.44,0.09,-0.0111,0.088,-0.0,-0.017,-0.782,-1.356,92.19,11.68,1,0.58,1,0.885,11.63,2.63,-4.644,1,5,0.0851,0.087,0.0888,0.0925
82.479,1,0.876,-0.25,0.1,5,77.3,20.46,0.09,-0.0114,0.09,0.0,-0.02,-0.782,-1.354,92.19,11.68,1,0.58,1,0.885,11.63,2.63,-4.644,1,5,0.0906,0.0869,0.0924,0.0887
82.516,1,0.881,-0.5,0.28,5,77.6,20.2,0.09,0.0016,0.091,0.001,0.011,-0.783,-1.35,92.19,11.68,1,0.58,1,0.887,11.15,1.55,-2.255,1,5,0.0961,0.0887,0.0961,0.085
82.547,1,0.872,-0.5,0.41,5,77.6,20.44,0.09,0.001,0.091,0.002,-0.03,-0.783,-1.347,92.13,11.68,1,-0.72,1,0.885,11.15,1.3,-4.705,1,5,0.098,0.0906,0.0961,0.0813
82.581,1,0.863,-0.5,0.54,5,77.7,20.44,0.09,-0.0015,0.092,0.001,-0.07,-0.783,-1.345,92.07,11.68,1,-0.72,1,0.89,11.63,3.59,-2.601,1,5,0.0961,0.0906,0.0943,0.0851
82.616,1,0.861,-0.5,-0.17,5,77.6,20.44,0.09,-0.0042,0.089,-0.001,-0.025,-0.783,-1.341,91.9,11.68,1,-0.72,1,0.884,11.63,3.59,-2.598,1,5,0.0925,0.087,0.0888,0.0888
82.648,1,0.862,-0.5,-0.07,5,77.7,20.44,0.09,0.0078,0.088,0.0,-0.011,-0.783,-1.338,91.9,11.68,1,-0.72,1,0.886,11.63,2.18,-3.884,1,5,0.0869,0.0887,0.0887,0.0887
82.677,1,0.87,-0.5,0.03,5,77.2,20.81,0.09,0.0061,0.088,0.0,0.009,-0.783,-1.336,91.96,11.68,1,-0.72,1,0.885,11.15,2.2,-2.612,1,5,0.085,0.0887,0.0887,0.0906
82.744,1,0.833,-0.5,-0.04,5,77.3,20.44,0.09,0.0042,0.092,0.001,-0.016,-0.784,-1.329,91.96,11.68,1,-2.12,1,0.882,11.63,3.59,-2.593,1,5,0.0887,0.0887,0.098,0.0924
82.779,1,0.835,-0.75,0.04,5,77.5,21.02,0.09,0.0054,0.091,0.002,-0.016,-0.784,-1.327,91.9,11.68,1,-2.12,1,0.882,11.63,3.59,-2.593,1,5,0.0906,0.0869,0.0998,0.0887
82.844,1,0.862,-0.75,-0.08,5,77.2,20.46,0.09,0.0067,0.092,0.001,-0.029,-0.784,-1.319,91.9,11.68,1,-2.12,1,0.89,10.66,2.07,-3.41,1,5,0.0963,0.0907,0.0944,0.0852
82.881,1,0.843,-1.0,0.11,5,76.8,20.81,0.09,0.0087,0.092,0.0,-0.048,-0.784,-1.317,91.85,11.68,1,-2.12,1,0.89,10.66,2.07,-3.41,1,5,0.0963,0.0926,0.0926,0.087
82.915,1,0.871,-0.75,-0.31,5,76.4,20.81,0.09,0.0083,0.09,0.001,-0.016,-0.784,-1.314,91.73,11.68,1,-2.12,1,0.893,10.66,2.08,-3.4,1,5,0.0925,0.0925,0.0907,0.0851
82.947,1,0.889,-0.75,-0.41,5,75.7,20.81,0.09,0.0122,0.09,0.002,-0.003,-0.785,-1.31,91.73,11.7,1,-2.43,1,0.895,10.66,2.39,-2.615,1,5,0.0888,0.0962,0.0888,0.087
82.98,1,0.898,-0.75,-0.49,5,75.4,20.81,0.09,0.014,0.09,0.004,0.033,-0.785,-1.308,91.73,11.7,1,-2.43,1,0.895,10.66,2.39,-2.615,1,5,0.0847,0.0976,0.0902,0.0866
83.046,1,0.882,-0.5,-0.63,5,75.0,20.81,0.09,0.0152,0.089,0.003,-0.018,-0.785,-1.301,91.79,11.7,1,-2.43,1,0.851,15.03,9.05,-3.535,1,5,0.0829,0.0903,0.094,0.0903
83.077,1,0.889,-0.75,-0.4,5,75.2,20.81,0.09,0.0146,0.088,0.001,-0.015,-0.785,-1.3,91.79,11.7,1,-2.43,1,0.851,15.03,9.05,-3.535,1,5,0.087,0.0888,0.0907,0.087
83.146,1,0.881,-0.75,-0.33,5,75.6,20.81,0.09,0.0139,0.089,0.003,0.007,-0.786,-1.292,91.85,11.7,1,-3.04,1,0.894,14.54,11.22,-0.724,1,5,0.0906,0.0906,0.0906,0.0813
83.179,1,0.875,-0.5,-0.17,5,75.8,21.02,0.09,0.0125,0.089,0.001,-0.014,-0.786,-1.291,91.85,11.7,1,-3.04,1,0.89,15.51,10.78,-0.694,1,5,0.0906,0.0887,0.0924,0.085
83.243,1,0.872,-0.5,-0.28,5,76.2,21.02,0.09,0.0069,0.089,0.001,-0.007,-0.786,-1.283,91.73,11.7,1,-3.04,1,0.895,15.03,11.55,-1.058,1,5,0.0851,0.0925,0.0888,0.0907
83.276,1,0.882,-0.5,-0.21,5,76.0,21.02,0.09,0.009,0.091,0.003,0.05,-0.786,-1.282,91.73,11.7,1,-3.04,1,0.899,15.03,11.24,-1.785,1,5,0.0832,0.0961,0.0906,0.0924
83.346,1,0.887,-0.75,-0.31,5,75.3,20.81,0.1042,0.008,0.093,0.002,-0.025,-0.787,-1.274,91.73,11.68,1,-1.43,1,0.905,15.51,10.8,-2.32,1,5,0.0896,0.0896,0.1006,0.0914
83.378,1,0.89,-0.75,-0.47,5,75.5,21.02,0.111,0.013,0.093,0.001,-0.009,-0.787,-1.272,91.67,11.68,1,-1.43,1,0.905,15.51,10.8,-2.32,1,5,0.0943,0.0907,0.0979,0.0907
83.446,1,0.894,-0.75,-0.24,5,74.9,21.02,0.139,0.0172,0.099,-0.004,0.027,-0.786,-1.264,91.79,11.68,1,-1.43,1,0.914,15.03,11.55,-1.115,1,5,0.1026,0.0953,0.0953,0.1026
83.48,1,0.899,-0.5,-0.19,5,75.0,21.02,0.146,0.0125,0.101,-0.003,-0.012,-0.787,-1.262,91.79,11.68,1,-1.43,1,0.914,15.03,11.55,-1.115,1,5,0.1035,0.0998,0.0961,0.1054
83.513,1,0.893,-0.5,-0.33,5,75.6,21.02,0.1601,0.0086,0.107,-0.003,0.015,-0.786,-1.257,91.79,11.68,1,-1.43,1,0.895,11.63,8.37,0.932,1,5,0.1067,0.1104,0.0975,0.114
83.544,1,0.893,-0.25,-0.36,5,75.8,21.02,0.1743,0.0128,0.12,-0.001,0.069,-0.787,-1.252,91.9,11.68,1,0.16,1,0.895,11.63,8.37,0.932,1,5,0.1158,0.1287,0.1103,0.1269
83.579,1,0.896,-0.25,-0.48,5,75.8,21.02,0.181,0.0109,0.127,-0.0,0.043,-0.787,-1.249,91.96,11.68,1,0.16,1,0.895,11.63,8.37,0.932,1,5,0.1187,0.1333,0.1205,0.137
83.645,1,0.887,-0.5,-0.16,5,76.2,21.02,0.1877,0.0151,0.159,-0.0,0.023,-0.787,-1.236,92.02,11.68,1,0.16,1,0.937,11.63,4.28,-2.915,1,5,0.1526,0.1599,0.1563,0.1654
83.678,1,0.9,-0.25,-0.37,5,76.1,21.02,0.1877,0.0094,0.166,0.0,-0.041,-0.787,-1.232,92.02,11.68,1,0.16,1,0.937,11.63,4.28,-2.915,1,5,0.1611,0.1685,0.1629,0.1703
83.751,1,0.915,-0.5,-0.27,5,76.4,20.81,0.1523,0.0106,0.189,0.0,0.069,-0.788,-1.217,92.13,11.68,1,1.53,1,0.956,11.63,5.22,-5.93,1,5,0.1851,0.1962,0.1814,0.1925
83.777,1,0.914,-0.25,-0.02,5,76.5,21.02,0.1405,0.0111,0.194,-0.001,0.076,-0.788,-1.213,92.25,11.68,1,1.53,1,0.936,11.15,5.21,-3.202,1,5,0.1944,0.1999,0.1851,0.1962
83.845,1,0.903,-0.25,0.16,5,76.1,21.02,0.0917,0.0025,0.191,-0.003,-0.009,-0.788,-1.198,92.07,11.68,1,1.53,1,0.951,8.72,-1.3,-5.542,1,5,0.1854,0.1836,0.1927,0.2019
83.88,1,0.904,-0.5,0.5,5,75.9,20.44,0.09,-0.0007,0.187,-0.001,0.036,-0.789,-1.194,92.13,11.68,1,1.53,1,0.949,8.72,-1.83,-6.795,1,5,0.1781,0.1799,0.1928,0.1983
83.944,1,0.913,-0.75,0.51,5,76.2,20.46,0.09,-0.0038,0.179,0.004,-0.08,-0.789,-1.18,92.02,11.65,1,0.19,1,0.941,8.72,-1.88,-6.789,1,5,0.1776,0.1813,0.1943,0.1776
83.979,1,0.913,-1.0,-0.05,5,75.9,20.44,0.09,-0.001,0.175,0.003,-0.103,-0.79,-1.176,91.9,11.65,1,0.19,1,0.941,8.72,-1.88,-6.789,1,5,0.1813,0.1739,0.1832,0.1628
84.015,1,0.919,-1.25,0.38,5,76.0,20.46,0.09,0.0114,0.165,0.003,-0.028,-0.79,-1.17,91.73,11.65,1,0.19,1,0.939,7.76,-3.41,-7.667,1,5,0.1758,0.1629,0.1721,0.1481
84.043,1,0.914,-1.5,0.03,5,76.0,20.44,0.09,0.0062,0.157,0.006,-0.058,-0.79,-1.164,91.62,11.65,1,0.19,1,0.957,7.76,-4.58,0.0,0,5,0.1608,0.1553,0.1701,0.1423
84.077,1,0.911,-2.0,0.12,5,75.5,20.56,0.09,0.0151,0.152,0.006,-0.004,-0.791,-1.161,91.62,11.65,1,0.19,1,0.957,7.76,-4.58,0.0,0,5,0.1553,0.1479,0.1701,0.1368
84.115,1,0.92,-2.0,0.02,5,75.3,19.97,0.09,0.0187,0.142,0.004,-0.057,-0.791,-1.156,91.5,11.65,1,0.19,1,0.945,10.66,1.65,0.0,0,5,0.144,0.1292,0.1625,0.1311
84.146,1,0.914,-2.5,0.21,5,75.0,20.2,0.09,0.0194,0.133,0.0,-0.14,-0.791,-1.151,91.27,11.65,1,-3.15,1,0.95,10.18,1.5,-5.008,1,5,0.1403,0.1182,0.1477,0.1256
84.177,1,0.913,-2.5,-0.64,5,75.1,20.44,0.09,0.022,0.128,-0.002,-0.046,-0.791,-1.148,91.16,11.65,1,-3.15,1,0.95,10.18,1.5,-5.008,1,5,0.1367,0.1145,0.1367,0.1238
84.215,1,0.919,-2.75,-0.57,5,75.4,20.44,0.09,0.0357,0.122,0.001,0.012,-0.791,-1.144,91.16,11.65,1,-3.15,1,0.905,13.09,5.56,-7.628,1,5,0.1292,0.1181,0.1273,0.1125
84.246,1,0.923,-2.99,-0.9,5,75.5,20.2,0.09,0.0366,0.116,0.004,-0.085,-0.792,-1.139,91.04,11.65,1,-3.15,1,0.939,13.09,8.78,-5.537,1,5,0.1163,0.1163,0.1237,0.1071
84.277,1,0.922,-3.49,-1.03,5,75.7,20.44,0.09,0.0451,0.113,0.005,-0.026,-0.792,-1.137,90.99,11.65,1,-3.15,1,0.939,13.09,8.78,-5.537,1,5,0.1107,0.1107,0.1255,0.1052
84.312,1,0.915,-3.74,-1.11,5,76.0,19.85,0.09,0.0524,0.107,-0.0,-0.016,-0.791,-1.133,90.93,11.65,1,-3.15,1,0.945,11.63,5.87,-4.717,1,5,0.1072,0.0961,0.1165,0.1072
84.345,1,0.918,-3.99,-0.91,5,75.9,20.44,0.09,0.0556,0.097,-0.005,-0.008,-0.791,-1.129,90.87,11.67,1,-5.36,1,0.918,13.57,4.64,-7.444,1,5,0.1091,0.0832,0.1017,0.0943
84.378,1,0.922,-4.24,-1.22,5,76.4,20.44,0.09,0.0548,0.093,-0.006,-0.075,-0.791,-1.127,90.81,11.67,1,-5.36,1,0.918,13.57,4.64,-7.444,1,5,0.1103,0.0846,0.0882,0.0882
84.444,1,0.908,-4.74,-1.6,5,77.6,19.85,0.09,0.0612,0.081,-0.003,0.026,-0.791,-1.121,90.76,11.67,1,-5.36,1,0.965,14.54,12.77,-3.81,1,5,0.0865,0.081,0.0754,0.081
84.479,1,0.917,-4.74,-1.59,5,77.9,19.85,0.09,0.0737,0.081,0.0,0.029,-0.791,-1.119,90.76,11.67,1,-5.36,1,0.965,14.54,12.77,-3.81,1,5,0.0777,0.0796,0.0814,0.0833
84.544,1,0.916,-4.74,-1.18,5,77.6,20.44,0.09,0.0717,0.077,0.003,0.008,-0.791,-1.113,90.87,11.67,1,-6.25,1,0.96,18.42,19.66,0.0,0,5,0.0647,0.0814,0.0777,0.0832
84.577,1,0.91,-4.74,-1.47,5,77.7,20.44,0.09,0.0644,0.075,0.0,0.005,-0.791,-1.112,90.87,11.67,1,-6.25,1,0.96,18.42,19.66,0.0,0,5,0.0685,0.0796,0.0722,0.0814
84.646,1,0.916,-4.24,-1.22,5,77.4,20.44,0.09,0.0688,0.081,-0.003,0.092,-0.791,-1.105,91.21,11.67,1,-6.25,1,0.969,18.42,18.85,0.0,0,5,0.0834,0.0871,0.0686,0.0853
84.679,1,0.926,-3.99,-0.85,5,77.3,19.97,0.09,0.058,0.08,-0.002,0.055,-0.791,-1.104,91.27,11.67,1,-6.25,1,0.969,18.42,18.85,0.0,0,5,0.0794,0.0905,0.0646,0.0849
84.713,1,0.926,-3.74,-0.93,5,77.4,20.44,0.09,0.0491,0.075,-0.003,0.045,-0.791,-1.101,91.39,11.67,1,-6.25,1,0.974,19.39,20.73,0.0,0,5,0.0716,0.0899,0.0551,0.0844
84.745,1,0.929,-3.24,-0.57,5,77.2,20.44,0.09,0.0483,0.069,-0.001,0.047,-0.791,-1.098,91.5,11.67,1,-2.84,1,0.959,18.42,20.63,0.0,0,5,0.0636,0.0891,0.0527,0.0818
84.777,1,0.93,-2.75,-0.62,5,77.0,20.44,0.09,0.036,0.069,-0.001,0.047,-0.791,-1.098,91.5,11.67,1,-2.84,1,0.959,18.42,20.63,0.0,0,5,0.0595,0.0848,0.0505,0.0812
84.813,1,0.932,-2.25,-0.21,5,76.6,20.44,0.09,0.0321,0.066,0.004,0.092,-0.792,-1.096,91.67,11.67,1,-2.84,1,0.95,14.54,13.62,-0.517,1,5,0.0473,0.0837,0.0564,0.0782
84.846,1,0.931,-1.75,-0.16,5,75.9,20.44,0.09,0.0204,0.066,0.008,0.071,-0.792,-1.093,91.85,11.67,1,-2.84,1,0.969,14.06,6.29,-3.271,1,5,0.0386,0.0826,0.0643,0.0771
84.877,1,0.926,-1.25,0.07,5,75.4,20.44,0.09,0.0139,0.066,0.01,0.088,-0.792,-1.092,91.96,11.67,1,-2.84,1,0.969,14.06,6.29,-3.271,1,5,0.0367,0.0844,0.0661,0.0753
84.915,1,0.927,-0.75,0.09,5,75.0,20.44,0.09,0.0056,0.067,0.009,0.064,-0.793,-1.089,92.13,11.67,1,-2.84,1,0.943,11.63,2.75,-4.611,1,5,0.0422,0.0844,0.0679,0.0752
84.943,1,0.929,-0.5,0.63,5,74.5,20.44,0.09,0.0011,0.067,0.005,0.038,-0.793,-1.086,92.25,11.68,1,0.75,1,0.961,12.12,0.76,-4.872,1,5,0.0513,0.0788,0.0641,0.0733
84.977,1,0.933,-0.25,0.65,5,74.5,20.44,0.09,-0.0107,0.067,0.003,0.039,-0.793,-1.085,92.25,11.68,1,0.75,1,0.961,12.12,0.76,-4.872,1,5,0.0554,0.0776,0.0628,0.0739
85.013,1,0.921,-0.25,0.78,5,73.3,19.85,0.09,-0.0125,0.067,0.0,0.008,-0.793,-1.082,92.3,11.68,1,0.75,1,0.965,12.6,0.99,-5.593,1,5,0.061,0.0739,0.061,0.072
85.044,1,0.917,-0.25,0.87,5,73.4,19.85,0.09,-0.0135,0.07,-0.001,-0.003,-0.793,-1.079,92.3,11.68,1,0.75,1,0.964,12.6,1.0,-5.593,1,5,0.0716,0.0735,0.0643,0.0698
85.077,1,0.915,-0.5,0.76,5,73.4,20.44,0.09,-0.0147,0.071,-0.0,0.026,-0.793,-1.078,92.3,11.68,1,0.75,1,0.964,12.6,1.0,-5.593,1,5,0.0734,0.0734,0.0679,0.0698
85.114,1,0.906,-0.5,0.5,5,72.4,20.44,0.09,-0.0092,0.074,0.0,-0.037,-0.793,-1.074,92.25,11.68,1,0.75,1,0.957,9.21,-4.35,-4.587,1,5,0.0808,0.0735,0.0753,0.068
85.145,1,0.903,-0.5,0.36,5,70.6,20.44,0.09,-0.0046,0.078,0.0,-0.052,-0.793,-1.071,92.19,11.68,1,0.37,1,0.966,9.21,-4.37,-4.59,1,5,0.0777,0.0759,0.0796,0.0777
85.178,1,0.908,0.0,-0.28,5,70.1,20.2,0.09,-0.002,0.078,0.001,0.032,-0.794,-1.07,92.19,11.68,1,0.37,1,0.966,9.21,-4.37,-4.59,1,5,0.0777,0.0777,0.0796,0.0759
85.211,1,0.915,0.0,-0.43,5,70.3,20.2,0.09,0.0034,0.078,0.003,0.002,-0.794,-1.067,92.19,11.68,1,0.37,1,0.958,9.69,-4.84,-5.139,1,5,0.0703,0.0851,0.0777,0.0796
85.244,1,0.91,0.25,-0.5,5,69.8,20.44,0.09,0.0066,0.077,0.006,0.044,-0.794,-1.064,92.25,11.68,1,0.37,1,0.958,9.69,-4.84,-5.139,1,5,0.0685,0.0889,0.0778,0.074
85.276,1,0.912,0.5,-0.4,5,69.3,20.2,0.09,0.0049,0.078,0.006,0.042,-0.795,-1.062,92.3,11.68,1,0.37,1,0.958,9.69,-4.84,-5.139,1,5,0.0648,0.0889,0.0796,0.0778
85.313,1,0.92,0.75,-0.48,5,69.8,20.46,0.09,0.0007,0.076,0.005,0.021,-0.795,-1.059,92.36,11.68,1,0.37,1,0.944,13.57,3.19,-3.532,1,5,0.0653,0.0835,0.078,0.0762
85.344,1,0.904,1.25,-0.64,5,68.9,20.44,0.09,-0.0002,0.075,0.004,0.015,-0.795,-1.056,92.42,11.7,1,-2.52,1,0.956,13.57,2.21,-5.54,1,5,0.0652,0.0815,0.0761,0.0761
85.377,1,0.851,1.25,-0.35,5,64.7,20.2,0.09,-0.0033,0.075,0.003,0.025,-0.795,-1.054,92.48,11.7,1,-2.52,1,0.956,13.57,2.21,-5.54,1,5,0.0706,0.0815,0.0743,0.0743
85.412,1,0.823,1.25,0.32,5,63.9,20.44,0.09,-0.0071,0.077,0.001,0.038,-0.795,-1.051,92.53,11.7,1,-2.52,1,0.924,18.42,12.99,-3.339,1,5,0.0775,0.0812,0.0757,0.0738
85.443,1,0.814,1.25,0.33,5,64.1,20.44,0.09,-0.0182,0.079,-0.0,0.011,-0.795,-1.05,92.53,11.7,1,-2.52,1,0.943,18.42,11.9,-2.386,1,5,0.0831,0.0813,0.0757,0.0739
85.476,1,0.813,1.25,-0.03,5,63.3,20.44,0.09,-0.018,0.081,-0.002,-0.037,-0.795,-1.046,92.48,11.7,1,-2.52,1,0.943,18.42,11.9,-2.386,1,5,0.0847,0.0792,0.0792,0.081
85.513,1,0.812,1.0,-0.14,5,63.1,20.44,0.09,-0.0113,0.082,-0.002,-0.029,-0.795,-1.043,92.36,11.7,1,-2.52,1,0.939,18.42,11.91,-2.382,1,5,0.0848,0.0811,0.0793,0.083
85.545,1,0.801,1.0,-0.09,5,62.3,20.44,0.09,-0.0064,0.081,0.0,0.014,-0.796,-1.04,92.36,11.7,1,-2.53,1,0.934,17.45,12.92,-4.292,1,5,0.081,0.0829,0.081,0.081
85.576,1,0.802,1.5,-0.65,5,62.6,20.44,0.09,-0.0072,0.081,0.002,0.023,-0.796,-1.038,92.42,11.7,1,-2.53,1,0.934,17.93,11.98,-2.7,1,5,0.0777,0.0851,0.0814,0.0795
85.611,1,0.8,1.5,-0.02,5,62.5,20.44,0.09,-0.0034,0.081,0.004,0.042,-0.796,-1.035,92.48,11.7,1,-2.53,1,0.935,18.42,11.91,-2.378,1,5,0.0721,0.085,0.085,0.0813
85.644,1,0.8,2.0,-0.14,5,62.8,20.44,0.09,-0.0139,0.08,0.005,0.009,-0.797,-1.032,92.48,11.7,1,-2.53,1,0.934,18.42,11.91,-2.377,1,5,0.0679,0.0844,0.0844,0.0826
85.679,1,0.803,2.0,-0.1,5,62.9,20.44,0.09,-0.0179,0.08,0.004,0.016,-0.797,-1.03,92.53,11.7,1,-2.53,1,0.934,18.42,11.91,-2.377,1,5,0.0697,0.0844,0.0844,0.0826
85.712,1,0.804,1.75,0.22,5,63.3,20.44,0.09,-0.0178,0.081,0.001,-0.007,-0.797,-1.027,92.53,11.7,1,-2.53,1,0.921,18.42,12.52,-1.258,1,5,0.0771,0.0844,0.0808,0.0826
85.743,1,0.798,1.5,0.23,5,62.8,20.44,0.09,-0.0198,0.083,-0.003,-0.011,-0.797,-1.023,92.48,11.7,1,-2.53,1,0.919,18.42,12.8,-0.453,1,5,0.0807,0.0807,0.0807,0.0844
85.776,1,0.796,1.5,0.32,5,63.0,20.44,0.09,-0.0168,0.084,-0.005,-0.031,-0.797,-1.022,92.48,11.7,1,-1.08,1,0.919,18.42,12.8,-0.453,1,5,0.0924,0.0776,0.0813,0.085
85.813,1,0.798,1.5,-0.23,5,63.3,20.44,0.09,-0.0186,0.087,-0.005,-0.044,-0.797,-1.018,92.36,11.7,1,-1.08,1,0.903,17.45,13.22,-3.586,1,5,0.0963,0.0796,0.0852,0.087
85.843,1,0.801,1.5,-0.37,5,63.5,20.44,0.09,-0.0092,0.088,-0.002,0.002,-0.797,-1.014,92.3,11.7,1,-1.08,1,0.858,14.06,6.69,-2.476,1,5,0.094,0.0847,0.0866,0.0866
85.876,1,0.803,1.0,-0.16,5,63.2,20.44,0.09,-0.0068,0.089,-0.001,-0.024,-0.797,-1.013,92.3,11.7,1,-1.08,1,0.858,14.06,6.69,-2.476,1,5,0.0921,0.0884,0.0865,0.0884
85.911,1,0.807,1.0,-0.24,5,63.4,20.44,0.09,-0.0046,0.087,0.001,0.011,-0.797,-1.009,92.3,11.7,1,-1.08,1,0.893,12.6,2.09,-5.051,1,5,0.0858,0.0876,0.0876,0.0858
85.942,1,0.787,1.25,-0.24,5,62.4,20.46,0.09,-0.0039,0.085,0.004,0.007,-0.797,-1.006,92.36,11.71,1,0.15,1,0.892,12.6,2.09,-5.066,1,5,0.0771,0.0863,0.0918,0.0863
85.976,1,0.783,1.25,-0.15,5,62.0,20.44,0.09,-0.0071,0.084,0.005,-0.003,-0.798,-1.004,92.3,11.71,1,0.15,1,0.892,12.6,2.09,-5.066,1,5,0.0746,0.0837,0.0928,0.0837
86.011,1,0.787,1.0,0.03,5,62.1,20.44,0.09,-0.0087,0.084,0.004,-0.009,-0.798,-1.001,92.3,11.71,1,0.15,1,0.896,12.6,2.54,-5.826,1,5,0.077,0.0844,0.0917,0.0844
86.045,1,0.786,1.0,-0.05,5,62.3,20.44,0.09,-0.0088,0.084,0.0,-0.011,-0.798,-0.997,92.3,11.71,1,0.15,1,0.896,12.6,2.53,-5.829,1,5,0.0862,0.0825,0.0862,0.0807
86.076,1,0.791,0.75,-0.54,5,62.1,20.46,0.09,-0.0076,0.084,0.0,-0.021,-0.798,-0.996,92.3,11.71,1,0.15,1,0.896,12.6,2.53,-5.829,1,5,0.087,0.0814,0.087,0.0814
86.111,1,0.802,0.5,-0.46,5,62.6,20.44,0.09,0.0037,0.085,-0.001,-0.07,-0.798,-0.992,92.19,11.71,1,0.15,1,0.893,12.6,1.97,-1.942,1,5,0.0889,0.0833,0.0852,0.0833
86.143,1,0.796,0.5,-0.73,5,62.1,20.56,0.09,0.0049,0.085,-0.0,-0.015,-0.798,-0.989,92.13,11.71,1,-1.28,1,0.892,11.63,2.42,-5.404,1,5,0.087,0.087,0.0814,0.0833
86.175,1,0.798,0.5,-0.61,5,62.7,20.81,0.09,0.0094,0.085,-0.0,0.006,-0.798,-0.987,92.13,11.71,1,-1.28,1,0.892,11.63,2.42,-5.404,1,5,0.0866,0.0903,0.0793,0.0848
86.212,1,0.803,0.5,-0.34,5,63.1,20.44,0.09,0.0068,0.083,0.001,0.045,-0.798,-0.984,92.25,11.71,1,-1.28,1,0.896,11.63,0.87,-5.189,1,5,0.0792,0.0884,0.0792,0.0847
86.243,1,0.807,0.5,-0.54,5,63.1,20.44,0.09,0.0018,0.083,-0.0,0.037,-0.798,-0.98,92.36,11.71,1,-1.28,1,0.893,12.12,1.0,-6.335,1,5,0.0773,0.0865,0.0791,0.0901
86.278,1,0.816,0.5,-0.74,5,63.5,20.44,0.09,0.0052,0.082,-0.0,0.008,-0.799,-0.979,92.36,11.71,1,-1.28,1,0.893,12.12,1.0,-6.335,1,5,0.0757,0.0849,0.0775,0.0886
86.31,1,0.819,0.5,-0.4,5,63.7,20.56,0.09,0.0087,0.082,-0.002,0.029,-0.799,-0.976,92.42,11.71,1,-1.28,1,0.891,12.12,1.62,-5.14,1,5,0.077,0.0824,0.077,0.0896
86.339,1,0.824,0.5,-0.41,5,64.0,20.44,0.09,0.0027,0.082,-0.002,0.016,-0.799,-0.974,92.42,11.71,1,-1.28,1,0.89,12.6,2.02,-3.528,1,5,0.0788,0.0842,0.0753,0.0896
86.375,1,0.826,0.5,-0.31,5,64.0,20.44,0.09,0.0028,0.083,-0.001,0.003,-0.799,-0.971,92.42,11.73,1,-3.01,1,0.89,12.6,2.02,-3.528,1,5,0.0823,0.084,0.0787,0.0858
86.411,1,0.84,1.0,-0.68,5,64.6,20.44,0.09,0.0011,0.085,-0.003,0.071,-0.799,-0.968,92.48,11.73,1,-3.01,1,0.884,16.48,12.11,-3.664,1,5,0.0885,0.0811,0.0829,0.0885
86.442,1,0.85,1.0,-0.87,5,65.1,20.81,0.09,0.0016,0.087,-0.003,-0.048,-0.799,-0.966,92.48,11.73,1,-3.01,1,0.884,16.48,12.11,-3.664,1,5,0.0884,0.0829,0.0847,0.0903
86.478,1,0.864,0.75,-1.04,5,66.2,20.46,0.09,0.0051,0.09,-0.002,-0.001,-0.799,-0.962,92.42,11.73,1,-3.01,1,0.884,16.48,12.11,-3.664,1,5,0.0907,0.087,0.0888,0.0925
86.513,1,0.871,0.5,-0.83,5,67.1,20.56,0.09,0.0114,0.091,-0.0,0.01,-0.799,-0.958,92.42,11.73,1,-3.01,1,0.892,16.48,11.59,-1.589,1,5,0.0906,0.0924,0.0887,0.0924
86.543,1,0.868,0.5,-0.82,5,66.8,20.2,0.09,0.0107,0.091,-0.0,0.05,-0.799,-0.955,92.48,11.73,1,-3.52,1,0.889,16.48,11.59,-1.591,1,5,0.0898,0.0952,0.0861,0.0934
86.576,1,0.867,0.75,-1.04,5,66.5,20.44,0.09,0.0103,0.092,0.0,0.065,-0.799,-0.953,92.53,11.73,1,-3.52,1,0.889,16.48,11.59,-1.591,1,5,0.0879,0.0989,0.086,0.097
86.608,1,0.874,0.5,-0.48,5,67.0,20.44,0.09,0.011,0.091,0.001,0.012,-0.799,-0.949,92.65,11.73,1,-3.52,1,0.9,16.48,11.82,-4.372,1,5,0.0782,0.0982,0.0873,0.1019
86.643,1,0.874,0.75,-1.05,5,67.4,20.56,0.09,0.0045,0.091,0.002,0.053,-0.8,-0.945,92.7,11.73,1,-3.52,1,0.9,16.48,11.82,-4.372,1,5,0.0782,0.0946,0.0927,0.1
86.708,1,0.887,0.5,-0.43,5,68.4,20.56,0.09,0.0113,0.092,-0.001,-0.06,-0.8,-0.94,92.65,11.73,1,-3.52,1,0.897,17.45,11.64,-0.492,1,5,0.0953,0.0916,0.0898,0.0916
86.741,1,0.902,0.5,-0.96,5,69.8,20.44,0.09,0.0036,0.095,-0.003,-0.029,-0.8,-0.938,92.65,11.73,1,-3.52,1,0.903,16.48,11.87,-4.374,1,5,0.1018,0.0944,0.0907,0.0944
86.775,1,0.904,0.5,-0.83,5,69.9,20.44,0.09,0.0127,0.097,-0.002,-0.01,-0.8,-0.934,92.53,11.73,1,-2.57,1,0.903,16.48,11.87,-4.374,1,5,0.1018,0.0962,0.0925,0.0962
86.808,1,0.898,0.25,-1.05,5,69.1,20.46,0.09,0.0102,0.098,0.0,0.007,-0.8,-0.93,92.53,11.73,1,-2.57,1,0.893,16.48,11.05,0.639,1,5,0.0998,0.0998,0.0961,0.0961
86.846,1,0.893,0.0,-0.83,5,68.9,20.44,0.09,0.0169,0.095,0.001,0.028,-0.8,-0.926,92.53,11.73,1,-2.57,1,0.899,16.48,9.64,-2.438,1,5,0.0925,0.0962,0.0962,0.0962
86.874,1,0.897,0.0,-0.83,5,69.1,20.44,0.09,0.0161,0.095,0.001,0.03,-0.801,-0.924,92.59,11.73,1,-2.57,1,0.897,16.48,9.63,-2.438,1,5,0.0905,0.0961,0.0961,0.0961
86.907,1,0.896,0.0,-0.83,5,69.0,20.44,0.09,0.0155,0.092,0.0,0.019,-0.801,-0.921,92.65,11.73,1,-2.57,1,0.891,16.48,11.78,0.802,1,5,0.085,0.0905,0.0942,0.0998
86.941,1,0.903,0.5,-0.59,5,69.5,20.44,0.09,0.0151,0.091,-0.0,0.052,-0.801,-0.919,92.65,11.73,1,-2.57,1,0.896,16.48,11.79,0.802,1,5,0.085,0.0887,0.0924,0.0979
86.975,1,0.9,0.25,-0.51,5,69.4,20.44,0.09,0.0046,0.091,-0.001,0.012,-0.801,-0.915,92.76,11.73,1,-0.94,1,0.896,16.48,11.79,0.802,1,5,0.085,0.0887,0.0905,0.0979
87.01,1,0.893,0.0,-0.28,5,68.9,20.44,0.09,0.0065,0.094,-0.001,-0.009,-0.801,-0.911,92.76,11.73,1,-0.94,1,0.899,15.99,12.56,-3.256,1,5,0.0924,0.0942,0.0905,0.0979
87.046,1,0.889,0.0,-0.28,5,68.5,20.44,0.09,0.0055,0.098,-0.001,0.025,-0.801,-0.907,92.76,11.73,1,-0.94,1,0.873,13.09,7.85,-4.674,1,5,0.0924,0.0961,0.0924,0.1016
87.076,1,0.892,0.0,-0.27,5,68.5,20.44,0.09,0.0054,0.097,-0.003,-0.0,-0.801,-0.905,92.76,11.73,1,-0.94,1,0.896,12.6,3.72,-5.329,1,5,0.0943,0.098,0.0906,0.1054
87.108,1,0.909,0.0,-0.55,5,69.9,20.56,0.09,0.0051,0.092,-0.004,-0.007,-0.801,-0.902,92.76,11.73,1,-0.94,1,0.896,12.6,4.58,-3.392,1,5,0.0905,0.0961,0.0813,0.1016
87.143,1,0.906,0.0,-0.55,5,69.7,20.56,0.09,0.0098,0.089,-0.006,0.038,-0.801,-0.898,92.82,11.73,1,0.69,1,0.896,12.6,4.58,-3.392,1,5,0.0923,0.0942,0.072,0.096
87.178,1,0.909,0.0,-0.55,5,70.0,20.56,0.09,0.0098,0.086,-0.006,0.097,-0.801,-0.897,92.93,11.73,1,0.69,1,0.896,12.6,4.58,-3.392,1,5,0.0905,0.0905,0.0702,0.0942
87.208,1,0.906,0.0,-0.27,5,69.4,20.44,0.09,0.0097,0.085,-0.006,0.095,-0.801,-0.893,93.16,11.73,1,0.69,1,0.897,12.6,4.59,-3.389,1,5,0.0831,0.085,0.0739,0.0979
87.241,1,0.908,0.0,-0.27,5,69.7,20.44,0.09,0.0048,0.085,-0.006,0.011,-0.801,-0.89,93.22,11.73,1,0.69,1,0.894,12.6,5.11,-5.535,1,5,0.0776,0.085,0.0758,0.0998
87.278,1,0.908,0.0,-0.27,5,69.8,20.44,0.09,0.0048,0.085,-0.006,0.012,-0.801,-0.888,93.22,11.73,1,0.69,1,0.894,12.6,5.11,-5.535,1,5,0.0795,0.0832,0.0758,0.1017
87.311,1,0.915,-0.25,-0.06,5,70.5,20.46,0.09,0.0048,0.086,-0.006,0.042,-0.801,-0.885,93.28,11.73,1,0.69,1,0.893,13.09,6.61,-3.629,1,5,0.0851,0.0832,0.0758,0.098
87.341,1,0.91,-0.25,-0.06,5,70.0,20.46,0.09,0.0041,0.086,-0.006,0.039,-0.801,-0.881,93.39,11.73,1,0.69,1,0.893,13.09,6.61,-3.629,1,5,0.0869,0.0814,0.0758,0.0961
87.376,1,0.905,0.0,0.0,5,69.5,20.56,0.09,0.0039,0.087,-0.006,0.038,-0.801,-0.879,93.45,11.72,1,0.06,1,0.893,13.09,6.61,-3.629,1,5,0.0887,0.0869,0.0758,0.0961
87.41,1,0.911,0.0,0.12,5,70.1,20.57,0.09,-0.0006,0.087,-0.006,0.052,-0.801,-0.876,93.56,11.72,1,0.06,1,0.897,13.57,5.77,-3.367,1,5,0.0851,0.0906,0.0721,0.0998
87.443,1,0.909,0.25,0.06,5,69.9,20.46,0.09,-0.0024,0.086,-0.006,0.017,-0.801,-0.873,93.62,11.72,1,0.06,1,0.892,13.57,6.31,-5.461,1,5,0.0851,0.0943,0.0666,0.098
87.475,1,0.9,0.25,0.06,5,68.9,20.46,0.09,-0.0045,0.085,-0.005,0.016,-0.801,-0.871,93.62,11.72,1,0.06,1,0.891,13.57,8.54,-2.347,1,5,0.0833,0.0944,0.0648,0.0962
87.512,1,0.888,0.5,0.24,5,68.2,20.57,0.09,-0.0041,0.084,-0.002,0.005,-0.801,-0.868,93.68,11.72,1,0.06,1,0.893,14.06,7.78,-3.584,1,5,0.0834,0.0926,0.0704,0.0889
87.541,1,0.878,0.5,0.12,5,67.8,20.56,0.09,-0.0098,0.083,0.002,0.006,-0.801,-0.864,93.68,11.72,1,0.06,1,0.897,14.06,7.76,-3.584,1,5,0.0777,0.0851,0.0851,0.0851
87.577,1,0.88,0.5,0.39,5,67.9,20.2,0.09,-0.0075,0.085,0.002,0.003,-0.802,-0.862,93.68,11.72,1,0.06,1,0.896,14.54,7.22,-2.489,1,5,0.0777,0.0833,0.0907,0.087
87.609,1,0.878,0.5,0.12,5,67.8,20.56,0.09,-0.0119,0.085,-0.001,0.008,-0.802,-0.859,93.68,11.72,1,0.06,1,0.896,14.54,7.23,-2.487,1,5,0.0796,0.0777,0.0907,0.0925
87.642,1,0.872,0.5,0.23,5,67.0,20.57,0.09,-0.007,0.088,-0.002,-0.01,-0.802,-0.855,93.62,11.72,1,0.06,1,0.891,14.54,6.95,-3.346,1,5,0.0889,0.0834,0.0871,0.0908
87.674,1,0.869,0.5,0.23,5,66.8,20.81,0.09,-0.0088,0.088,-0.004,-0.0,-0.802,-0.854,93.62,11.72,1,0.06,1,0.892,14.06,7.49,-4.401,1,5,0.0926,0.0833,0.0852,0.0907
87.708,1,0.859,0.75,-0.1,5,66.0,21.02,0.09,-0.0088,0.092,-0.003,0.009,-0.802,-0.85,93.68,11.72,1,0.06,1,0.889,14.06,7.77,-3.584,1,5,0.0999,0.0888,0.0888,0.0888
87.749,1,0.861,0.75,-0.08,5,66.2,20.57,0.09,-0.0058,0.09,-0.002,-0.025,-0.802,-0.846,93.62,11.72,1,0.06,1,0.889,14.06,7.77,-3.584,1,5,0.0961,0.0869,0.0887,0.0887
87.775,1,0.846,0.75,-0.0,5,65.1,20.81,0.09,-0.006,0.09,-0.001,-0.047,-0.802,-0.845,93.56,11.72,1,0.06,1,0.889,14.54,6.95,-3.335,1,5,0.0961,0.0887,0.0887,0.0869
87.808,1,0.842,0.5,0.7,5,65.2,21.02,0.09,-0.0071,0.086,-0.001,0.01,-0.802,-0.841,93.56,11.72,1,0.06,1,0.886,14.06,8.04,-2.763,1,5,0.0925,0.0888,0.0814,0.0814
87.84,1,0.852,0.5,0.63,5,65.7,21.02,0.09,-0.0162,0.086,-0.002,0.061,-0.802,-0.838,93.62,11.72,1,0.06,1,0.886,14.06,8.04,-2.763,1,5,0.0925,0.0851,0.0814,0.0832
87.875,1,0.856,0.5,0.45,5,65.5,20.81,0.09,-0.0152,0.085,-0.002,0.035,-0.802,-0.836,93.68,11.72,1,0.06,1,0.886,14.06,8.04,-2.763,1,5,0.087,0.0833,0.0815,0.087
87.91,1,0.854,0.0,0.6,5,65.3,20.44,0.09,-0.0121,0.085,-0.006,0.0,-0.802,-0.833,93.68,11.72,1,0.06,1,0.878,14.06,8.1,-2.756,1,5,0.0833,0.0777,0.0796,0.0999
87.945,1,0.85,-0.25,0.65,5,65.2,21.02,0.09,-0.0089,0.088,-0.009,0.047,-0.802,-0.829,93.74,11.7,1,0.55,1,0.865,13.57,8.11,-1.72,1,5,0.0869,0.0814,0.0758,0.1073
87.974,1,0.852,-0.25,0.66,5,65.3,21.02,0.09,-0.007,0.089,-0.01,0.013,-0.802,-0.827,93.79,11.7,1,0.55,1,0.855,13.57,8.12,-1.755,1,5,0.0869,0.0851,0.074,0.111
88.009,1,0.857,-0.25,0.55,5,65.5,20.81,0.09,-0.0079,0.091,-0.006,0.022,-0.802,-0.824,93.85,11.7,1,0.55,1,0.855,13.57,8.12,-1.755,1,5,0.0924,0.0924,0.0776,0.1035
88.04,1,0.862,-0.25,0.65,5,66.2,20.81,0.09,-0.0062,0.09,-0.004,0.008,-0.802,-0.822,93.85,11.7,1,0.55,1,0.819,13.57,9.82,3.269,1,5,0.0905,0.0924,0.0795,0.0979
88.075,1,0.849,-0.25,0.65,5,65.1,20.81,0.09,-0.0085,0.09,-0.003,-0.007,-0.802,-0.818,93.85,11.7,1,0.55,1,0.803,13.57,10.42,5.928,1,5,0.0942,0.0924,0.0813,0.0905
88.109,1,0.846,-0.25,0.64,5,64.9,20.81,0.09,-0.0087,0.088,-0.0,-0.033,-0.803,-0.815,93.79,11.7,1,0.55,1,0.785,13.57,11.4,0.0,0,5,0.0924,0.0887,0.0868,0.085
88.142,1,0.839,-0.25,0.52,5,64.1,20.56,0.09,-0.0087,0.086,-0.001,-0.021,-0.803,-0.811,93.74,11.7,1,0.55,1,0.777,13.09,12.01,0.0,0,5,0.0925,0.0851,0.0833,0.0814
88.174,1,0.849,-0.25,0.31,5,64.6,20.56,0.09,-0.0066,0.084,-0.002,0.025,-0.803,-0.81,93.74,11.7,1,2.37,1,0.758,11.15,11.01,0.0,0,5,0.0907,0.0814,0.0833,0.0814
88.209,1,0.847,-0.25,0.23,5,64.6,21.02,0.09,-0.0031,0.083,-0.001,0.053,-0.803,-0.806,93.85,11.7,1,2.37,1,0.777,10.18,7.99,0.0,0,5,0.0834,0.0797,0.0852,0.0852
88.241,1,0.849,0.25,0.55,5,64.9,20.56,0.09,-0.0016,0.085,-0.0,0.02,-0.803,-0.805,93.91,11.7,1,2.37,1,0.776,10.66,10.18,0.0,0,5,0.0796,0.0796,0.0888,0.0907
88.276,1,0.833,0.0,0.84,5,63.9,21.02,0.09,-0.0135,0.088,0.0,0.001,-0.803,-0.801,93.91,11.7,1,2.37,1,0.775,11.15,11.34,0.0,0,5,0.0814,0.087,0.0888,0.0944
88.307,1,0.823,0.0,1.11,5,63.3,21.02,0.09,-0.015,0.09,-0.002,0.009,-0.804,-0.797,93.91,11.7,1,2.37,1,0.773,10.66,13.19,0.0,0,5,0.0869,0.0906,0.0851,0.0961
88.342,1,0.814,0.25,0.94,5,62.7,20.81,0.09,-0.0196,0.09,-0.001,0.005,-0.804,-0.796,93.91,11.7,1,2.37,1,0.773,10.66,13.19,0.0,0,5,0.0888,0.0925,0.0851,0.0944
88.374,1,0.814,0.25,0.85,5,62.7,20.81,0.09,-0.0198,0.089,-0.001,-0.011,-0.804,-0.792,93.91,11.7,1,4.39,1,0.743,6.3,10.53,0.0,0,5,0.0885,0.0867,0.0885,0.0922
88.409,1,0.821,0.25,0.7,5,63.3,21.02,0.09,-0.0177,0.088,-0.001,-0.021,-0.804,-0.788,93.85,11.7,1,4.39,1,0.743,6.3,10.53,0.0,0,5,0.0904,0.0885,0.0848,0.0885
88.44,1,0.823,0.0,0.66,5,63.5,21.11,0.09,-0.015,0.086,-0.003,-0.036,-0.804,-0.787,93.85,11.7,1,4.39,1,0.758,2.42,8.58,0.0,0,5,0.0922,0.0848,0.0811,0.0848
88.474,1,0.83,-0.25,0.54,5,63.3,21.02,0.09,-0.0111,0.084,-0.002,-0.01,-0.804,-0.784,93.74,11.7,1,4.39,1,0.797,1.94,3.94,0.0,0,5,0.0907,0.0851,0.0777,0.0814
88.511,1,0.828,-0.25,0.55,5,63.1,21.02,0.09,-0.0062,0.083,-0.004,0.069,-0.804,-0.78,93.79,11.7,1,4.39,1,0.789,1.94,4.29,0.0,0,5,0.0888,0.074,0.0851,0.0851
88.54,1,0.825,0.0,0.72,5,63.2,21.42,0.09,-0.0064,0.086,-0.004,0.043,-0.804,-0.778,93.91,11.7,1,4.39,1,0.775,1.94,5.9,0.0,0,5,0.0888,0.0758,0.0888,0.0906
88.575,1,0.831,0.0,0.83,5,63.5,21.42,0.097,-0.0128,0.09,-0.005,0.015,-0.804,-0.774,93.85,11.7,1,5.58,1,0.775,1.94,5.9,0.0,0,5,0.0898,0.0806,0.0898,0.0989
88.612,1,0.832,0.25,0.5,5,63.3,21.42,0.1111,-0.015,0.091,-0.003,0.008,-0.805,-0.771,93.91,11.7,1,5.58,1,0.743,2.42,15.25,0.0,0,5,0.0891,0.0909,0.0854,0.0982
88.64,1,0.83,0.25,0.31,5,62.6,21.1,0.1179,-0.0128,0.091,-0.003,0.01,-0.805,-0.769,93.91,11.7,1,5.58,1,0.727,2.42,22.1,0.0,0,5,0.0901,0.0919,0.0847,0.0973
88.676,1,0.817,0.0,0.53,5,61.8,21.1,0.1183,-0.0087,0.092,-0.001,-0.008,-0.805,-0.765,93.91,11.7,1,5.58,1,0.715,2.42,26.82,0.0,0,5,0.0927,0.0908,0.0908,0.0927
88.707,1,0.818,0.0,0.4,5,61.9,21.1,0.106,-0.009,0.098,-0.0,-0.016,-0.805,-0.761,93.85,11.7,1,5.58,1,0.703,1.94,32.86,0.0,0,5,0.1008,0.0953,0.0989,0.0953
88.742,1,0.812,0.25,0.18,5,61.3,21.1,0.09,-0.0068,0.101,0.0,-0.037,-0.805,-0.759,93.85,11.7,1,5.58,1,0.703,1.94,32.86,0.0,0,5,0.1008,0.0953,0.0989,0.0953
88.809,1,0.817,0.25,-0.21,5,61.7,20.81,0.09,-0.0058,0.106,-0.001,0.031,-0.806,-0.752,93.74,11.7,1,7.56,1,0.675,-0.97,49.51,0.0,0,5,0.1107,0.1034,0.1053,0.1034
88.84,1,0.814,0.25,0.35,5,61.6,21.02,0.09,0.0011,0.106,0.002,-0.006,-0.806,-0.748,93.79,11.7,1,7.56,1,0.684,-0.97,53.6,0.0,0,5,0.1052,0.1052,0.1107,0.1016
88.879,1,0.806,0.0,0.27,5,61.0,21.1,0.09,-0.0085,0.106,0.003,-0.069,-0.806,-0.746,93.74,11.7,1,7.56,1,0.684,-0.97,53.6,0.0,0,5,0.1034,0.1052,0.1124,0.1016
88.906,1,0.82,0.25,-0.22,5,62.0,21.02,0.09,-0.0041,0.103,0.003,-0.019,-0.807,-0.742,93.68,11.7,1,7.56,1,0.675,-5.33,59.54,0.0,0,5,0.098,0.1035,0.1072,0.1017
88.94,1,0.827,0.25,-0.22,5,62.6,21.02,0.09,0.0012,0.099,0.002,0.011,-0.807,-0.74,93.68,11.7,1,7.56,1,0.643,-7.27,62.65,0.0,0,5,0.0962,0.0999,0.1036,0.098
88.978,1,0.833,0.25,-0.22,5,63.0,20.81,0.09,0.0014,0.092,0.002,0.012,-0.807,-0.737,93.74,11.68,1,13.74,1,0.643,-7.27,62.65,0.0,0,5,0.0935,0.0935,0.0935,0.0861
89.008,1,0.851,0.25,-0.22,5,64.6,21.02,0.09,0.0015,0.087,0.001,-0.06,-0.807,-0.733,93.62,11.68,1,13.74,1,0.613,-13.57,65.08,0.0,0,5,0.0916,0.0916,0.0861,0.0806
89.042,1,0.842,0.0,0.0,5,63.6,21.02,0.09,0.0015,0.086,-0.0,-0.034,-0.807,-0.732,93.62,11.68,1,13.74,1,0.586,-15.99,65.89,0.0,0,5,0.0915,0.0878,0.0823,0.0805
89.076,1,0.842,0.0,-0.28,5,63.3,20.56,0.09,0.0008,0.085,-0.004,-0.015,-0.807,-0.728,93.51,11.68,1,13.74,1,0.588,-19.39,66.44,0.0,0,5,0.0919,0.0827,0.079,0.0864
89.106,1,0.842,0.0,-0.4,5,63.5,20.56,0.09,0.0054,0.085,-0.003,0.067,-0.808,-0.725,93.56,11.68,1,13.74,1,0.568,-21.81,66.46,0.0,0,5,0.0902,0.0773,0.0865,0.0865
89.139,1,0.827,0.25,-0.22,5,62.3,20.81,0.09,0.0073,0.086,-0.002,0.019,-0.808,-0.723,93.62,11.68,1,13.74,1,0.578,-23.27,66.75,0.0,0,5,0.0884,0.0773,0.0902,0.0884
89.176,1,0.833,0.5,-0.56,5,62.8,20.81,0.09,0.001,0.087,-0.0,0.039,-0.808,-0.719,93.62,11.68,1,20.55,1,0.578,-23.27,66.75,0.0,0,5,0.0869,0.0814,0.0924,0.0887
89.207,1,0.836,0.5,-0.43,5,62.9,20.57,0.09,0.0041,0.089,-0.0,0.012,-0.808,-0.716,93.68,11.68,1,20.55,1,0.594,-28.6,66.91,0.0,0,5,0.087,0.0888,0.0888,0.0925
89.241,1,0.841,0.5,-0.16,5,63.2,20.56,0.09,0.0021,0.091,0.0,0.002,-0.808,-0.714,93.68,11.68,1,20.55,1,0.594,-28.6,66.91,0.0,0,5,0.0889,0.0926,0.0889,0.0926
89.272,1,0.846,0.5,-0.16,5,63.9,20.56,0.09,-0.0023,0.089,0.001,-0.001,-0.809,-0.71,93.68,11.68,1,20.55,1,0.598,-32.47,68.54,0.0,0,5,0.0889,0.0926,0.0889,0.087
89.307,1,0.847,0.25,0.06,5,63.8,20.46,0.09,-0.0021,0.086,0.004,-0.018,-0.809,-0.707,93.62,11.68,1,20.55,1,0.598,-32.47,68.54,0.0,0,5,0.0869,0.0924,0.0887,0.0777
89.339,1,0.842,0.0,-0.13,5,63.6,20.44,0.09,-0.0027,0.085,0.004,-0.047,-0.809,-0.705,93.62,11.68,1,20.55,1,0.555,-38.29,66.97,0.0,0,5,0.085,0.0906,0.0887,0.0776
89.377,1,0.853,-0.25,-0.06,5,64.4,20.46,0.09,0.0033,0.083,0.002,-0.06,-0.809,-0.702,93.45,11.67,1,26.64,1,0.555,-38.29,66.97,0.0,0,5,0.0829,0.0847,0.0865,0.0792
89.407,1,0.853,-0.25,-0.06,5,64.2,20.46,0.09,0.0049,0.087,-0.002,0.014,-0.809,-0.698,93.45,11.67,1,26.64,1,0.591,-42.65,67.0,0.0,0,5,0.0902,0.081,0.0884,0.0865
89.442,1,0.857,-0.25,-0.73,5,64.7,20.56,0.09,0.0046,0.085,-0.001,-0.004,-0.81,-0.697,93.45,11.67,1,26.64,1,0.591,-42.65,67.0,0.0,0,5,0.0884,0.0792,0.0884,0.0847
89.474,1,0.87,0.0,-0.28,5,65.6,20.44,0.09,0.0159,0.089,-0.0,-0.016,-0.81,-0.693,93.45,11.67,1,26.64,1,0.595,-43.62,67.13,0.0,0,5,0.0887,0.0813,0.0961,0.0887
89.507,1,0.877,-0.25,-0.06,5,66.1,20.46,0.09,0.0047,0.089,0.001,-0.005,-0.81,-0.689,93.45,11.67,1,26.64,1,0.575,-42.17,67.18,0.0,0,5,0.0851,0.0851,0.0943,0.0906
89.54,1,0.872,0.0,-0.28,5,65.9,20.56,0.09,0.0041,0.092,0.001,-0.007,-0.81,-0.687,93.45,11.67,1,26.64,1,0.553,-39.26,66.48,0.0,0,5,0.0888,0.0906,0.0943,0.0925
89.576,1,0.873,-0.25,-0.86,5,65.9,20.46,0.09,0.0045,0.094,0.001,0.006,-0.81,-0.684,93.39,11.67,1,31.12,1,0.598,-35.87,66.09,0.0,0,5,0.0936,0.0973,0.0918,0.0918
89.608,1,0.885,-0.25,-0.86,5,67.0,20.46,0.09,0.0177,0.091,0.004,0.026,-0.811,-0.68,93.45,11.67,1,31.12,1,0.592,-34.9,65.92,0.0,0,5,0.091,0.0983,0.091,0.0837
89.641,1,0.909,-0.5,-0.4,5,69.5,20.44,0.09,0.0176,0.087,0.0,-0.058,-0.811,-0.677,93.33,11.67,1,31.12,1,0.588,-32.47,64.97,0.0,0,5,0.091,0.0946,0.0874,0.0819
89.674,1,0.902,-0.5,0.64,5,70.5,20.56,0.09,0.0125,0.085,-0.0,-0.021,-0.811,-0.675,93.33,11.67,1,31.12,1,0.611,-30.05,64.35,0.0,0,5,0.0881,0.0899,0.0789,0.0826
89.707,1,0.881,-0.5,1.94,5,71.3,20.56,0.09,-0.0059,0.086,-0.004,0.03,-0.811,-0.672,93.33,11.67,1,31.12,1,0.614,-28.6,64.34,0.0,0,5,0.0907,0.0852,0.0778,0.0889
89.743,1,0.845,-0.25,1.87,5,71.8,20.46,0.09,-0.0288,0.087,-0.003,0.061,-0.811,-0.668,93.45,11.67,1,31.12,1,0.614,-28.6,64.34,0.0,0,5,0.0865,0.081,0.0883,0.0938
89.808,1,0.745,-0.25,-0.17,4,73.0,20.45,0.09,-0.0308,0.092,-0.001,0.002,-0.811,-0.662,93.51,11.67,1,36.04,1,0.631,-22.78,62.62,0.0,0,5,0.0848,0.0866,0.0956,0.101
89.838,1,0.74,-0.25,0.97,4,73.0,20.52,0.09,0.005,0.092,-0.0,0.002,-0.812,-0.66,93.51,11.67,1,36.04,1,0.636,-21.81,61.63,0.0,0,5,0.0853,0.0908,0.0926,0.0998
89.874,1,0.698,-0.25,3.33,4,71.1,20.56,0.09,-0.0149,0.09,0.0,-0.004,-0.812,-0.657,93.51,11.67,1,36.04,1,0.636,-21.81,61.63,0.0,0,5,0.0888,0.0925,0.0888,0.0907
89.907,1,0.66,-0.25,4.8,4,71.9,20.51,0.09,-0.0559,0.087,0.002,-0.032,-0.812,-0.653,93.51,11.67,1,36.04,1,0.646,-20.84,58.27,0.0,0,5,0.0887,0.0924,0.0851,0.0814
89.941,1,0.622,-0.25,4.05,4,71.0,20.25,0.09,-0.0817,0.086,0.002,-0.038,-0.812,-0.652,93.45,11.67,1,36.04,1,0.646,-20.84,58.27,0.0,0,5,0.0902,0.0902,0.0847,0.0773
90.006,1,0.586,-1.0,7.31,4,72.3,21.41,0.09,-0.0686,0.083,-0.002,-0.057,-0.813,-0.645,93.16,11.68,1,42.5,1,0.733,-17.45,56.04,0.0,0,5,0.093,0.0766,0.0857,0.0766
90.042,1,0.547,-1.5,13.81,4,70.9,23.63,0.09,-0.116,0.084,-0.002,-0.052,-0.813,-0.643,93.11,11.68,1,42.5,1,0.733,-17.45,56.04,0.0,0,5,0.0952,0.0714,0.0915,0.0769
90.075,1,0.56,-1.75,29.34,5,69.0,20.57,0.09,-0.2241,0.088,-0.0,-0.054,-0.813,-0.64,92.99,11.68,1,42.5,1,0.715,-17.93,50.26,0.0,0,5,0.0994,0.07,0.1049,0.0773
90.105,1,0.561,-2.0,36.39,5,68.5,20.57,0.09,-0.4668,0.09,-0.001,-0.043,-0.813,-0.636,92.88,11.68,1,42.5,1,0.772,-16.48,49.41,0.0,0,5,0.1018,0.0722,0.1055,0.0815
90.143,1,0.386,-2.5,18.17,3,65.5,22.68,0.09,-0.5455,0.091,-0.0,-0.065,-0.813,-0.632,92.76,11.68,1,42.5,1,0.772,-16.48,49.41,0.0,0,5,0.1018,0.0796,0.1018,0.0815
90.177,1,0.364,-2.5,25.63,3,64.0,27.95,0.09,-0.4274,0.093,0.0,-0.099,-0.813,-0.63,92.65,11.68,1,44.7,1,0.779,-11.15,48.88,0.0,0,5,0.1036,0.0814,0.1036,0.0814
90.208,1,0.396,-3.24,42.15,4,61.6,28.85,0.09,-0.4224,0.099,0.004,-0.281,-0.814,-0.626,92.13,11.68,1,44.7,1,0.783,-8.72,49.22,0.0,0,5,0.1202,0.0795,0.1257,0.0703
90.242,1,0.422,-4.24,46.19,4,60.3,27.68,0.09,-0.5455,0.104,0.007,-0.334,-0.814,-0.622,91.27,11.68,1,44.7,1,0.778,-6.79,48.51,0.0,0,5,0.148,0.0703,0.1535,0.0462
90.307,1,0.229,-2.25,0.0,2,51.1,34.12,0.09,-0.5455,0.107,0.007,-0.362,-0.815,-0.615,90.01,11.68,1,44.7,1,0.791,-4.36,46.28,0.0,0,5,0.1701,0.0499,0.1793,0.0296
90.339,1,0.28,-1.25,51.98,3,49.2,33.75,0.09,-0.4296,0.108,0.005,-0.423,-0.815,-0.613,89.55,11.68,1,44.7,1,0.803,-3.88,45.19,0.0,0,5,0.1737,0.0443,0.1811,0.0333
90.407,1,0.283,3.74,47.46,3,45.7,31.44,0.09,-0.5455,0.098,-0.006,-0.37,-0.814,-0.605,87.55,11.67,1,44.7,1,0.82,-4.36,41.79,0.0,0,5,0.1756,0.0148,0.1682,0.0333
90.44,1,0.275,5.74,45.81,3,43.0,31.44,0.09,-0.5455,0.094,-0.006,-0.421,-0.814,-0.604,87.09,11.67,1,44.7,1,0.82,-4.36,41.79,0.0,0,5,0.1701,0.0092,0.1664,0.0314
90.506,1,0.266,8.49,43.78,3,41.9,29.95,0.09,-0.5455,0.09,-0.002,-0.517,-0.813,-0.596,84.8,11.67,1,44.7,1,0.848,-2.42,34.26,0.0,0,5,0.172,0.0018,0.1739,0.0111
90.538,1,0.274,9.48,42.36,3,42.6,29.95,0.09,-0.5455,0.088,-0.001,-0.521,-0.813,-0.595,84.22,11.67,1,44.7,1,0.848,-2.42,34.26,0.0,0,5,0.1757,0.0,0.1739,0.0018
90.608,1,0.288,10.48,41.15,3,44.6,28.95,0.09,-0.5455,0.09,-0.001,-0.494,-0.812,-0.588,81.99,11.67,1,44.7,1,0.881,-3.39,22.94,0.0,0,5,0.1832,0.0,0.1777,-0.0019
90.638,1,0.292,10.73,40.95,3,45.0,28.45,0.09,-0.5455,0.092,-0.001,-0.539,-0.812,-0.586,81.36,11.67,1,44.7,1,0.884,-4.85,20.09,0.0,0,5,0.1851,0.0,0.1814,0.0019
90.705,1,0.289,11.73,38.95,3,44.2,27.42,0.09,-0.5455,0.089,-0.0,-0.472,-0.81,-0.579,79.01,11.67,1,44.7,1,0.889,-7.76,12.82,0.0,0,5,0.1795,0.0,0.1777,0.0
90.737,1,0.281,11.73,38.68,3,43.0,26.9,0.09,-0.5455,0.089,0.0,-0.511,-0.81,-0.577,78.44,11.67,1,44.7,1,0.889,-7.76,12.82,0.0,0,5,0.1777,0.0,0.1777,0.0
90.806,1,0.267,11.98,39.46,3,42.9,26.37,0.09,-0.5455,0.091,-0.001,-0.531,-0.808,-0.57,76.03,11.67,1,44.7,1,0.906,-11.63,0.12,5.639,1,5,0.1834,0.0,0.1797,0.0
90.843,1,0.383,11.73,36.39,4,48.2,25.42,0.09,-0.5455,0.09,-0.001,-0.574,-0.808,-0.568,75.4,11.67,1,44.7,1,0.906,-11.63,0.12,5.639,1,5,0.1833,0.0,0.1777,0.0
90.905,1,0.361,10.98,34.53,4,52.8,26.87,0.09,-0.5455,0.091,0.0,-0.553,-0.806,-0.561,72.94,11.67,1,44.7,1,0.921,-16.48,-13.12,3.201,1,5,0.1814,0.0,0.1814,0.0
90.939,1,0.384,10.48,34.21,4,54.0,26.37,0.09,-0.5455,0.092,0.0,-0.524,-0.805,-0.559,72.36,11.67,1,44.7,1,0.921,-16.48,-13.12,3.201,1,5,0.1833,0.0,0.1833,0.0
91.004,1,0.433,8.73,33.89,4,52.2,23.81,0.09,-0.5455,0.091,-0.002,-0.512,-0.803,-0.552,69.9,11.67,1,44.7,1,0.928,-21.33,-25.0,0.0,0,5,0.1855,0.0,0.1782,0.0
91.041,1,0.565,5.99,34.33,5,55.0,24.52,0.09,-0.5455,0.091,-0.003,-0.528,-0.802,-0.551,69.33,11.67,1,44.7,1,0.928,-21.33,-25.0,0.0,0,5,0.1873,0.0,0.1763,0.0
91.106,1,0.624,6.99,31.14,5,56.4,23.94,0.09,-0.5455,0.091,-0.002,-0.542,-0.799,-0.544,66.86,11.67,1,44.7,1,0.94,-27.14,-35.48,0.0,0,5,0.1867,-0.0018,0.1793,0.0
91.137,1,0.626,6.24,30.56,5,55.4,23.34,0.09,-0.5455,0.09,-0.0,-0.574,-0.799,-0.542,66.23,11.67,1,44.7,1,0.939,-29.08,-38.5,0.0,0,5,0.1813,-0.0018,0.1813,0.0
91.205,1,0.685,7.49,27.52,5,53.3,22.78,0.0957,-0.5803,0.092,0.003,-0.541,-0.796,-0.535,63.88,11.67,1,44.7,1,0.933,-33.93,-43.57,0.0,0,5,0.1775,0.0,0.1904,0.0018
91.24,1,0.687,6.99,27.01,5,53.4,23.2,0.1022,-0.5498,0.093,0.002,-0.544,-0.795,-0.534,63.25,11.67,1,44.7,1,0.933,-33.93,-43.57,0.0,0,5,0.1792,0.0,0.1903,0.0018
91.276,1,0.708,3.74,27.12,5,55.2,22.22,0.1163,-0.5644,0.092,0.003,-0.585,-0.793,-0.53,61.94,11.67,1,44.7,1,0.92,-37.81,-48.36,0.0,0,5,0.1793,0.0,0.1904,0.0
91.305,1,0.783,1.75,26.54,5,60.5,22.46,0.1165,-0.5292,0.093,0.0,-0.529,-0.792,-0.529,61.25,11.67,1,44.7,1,0.912,-40.71,-50.31,0.0,0,5,0.1852,0.0,0.187,0.0
91.339,1,0.832,0.75,25.21,5,64.3,22.19,0.12,-0.5088,0.094,0.001,-0.537,-0.791,-0.527,60.68,11.67,1,44.7,1,0.898,-43.62,-52.11,0.0,0,5,0.1852,0.0018,0.1888,0.0018
91.376,1,0.834,-0.25,24.29,5,63.4,22.15,0.1263,-0.4986,0.102,0.001,-0.582,-0.789,-0.523,59.36,11.67,1,43.13,1,0.893,-46.05,-54.4,0.0,0,5,0.1942,0.0036,0.2033,0.0073
91.406,1,0.841,-1.5,23.25,5,64.3,21.96,0.1335,-0.4978,0.106,0.002,-0.58,-0.787,-0.519,57.98,11.67,1,43.13,1,0.872,-48.95,-55.76,0.0,0,5,0.1976,0.0055,0.2105,0.0111
91.438,1,0.846,-2.75,22.35,5,65.1,21.62,0.1398,-0.4823,0.108,0.0,-0.544,-0.786,-0.517,57.35,11.67,1,43.13,1,0.872,-48.95,-55.76,0.0,0,5,0.2014,0.0055,0.2106,0.0129
91.473,1,0.848,-4.24,21.11,5,65.7,21.62,0.1452,-0.4677,0.11,0.0,-0.56,-0.783,-0.514,56.15,11.67,1,43.13,1,0.85,-48.47,-57.03,0.0,0,5,0.2052,0.0129,0.2089,0.0148
91.507,1,0.85,-4.74,20.2,5,65.9,21.42,0.1527,-0.4473,0.119,-0.001,-0.507,-0.78,-0.509,55.0,11.67,1,43.13,1,0.85,-48.47,-57.03,0.0,0,5,0.2107,0.024,0.2107,0.0296
91.538,1,0.843,-5.49,19.09,5,65.6,21.1,0.1582,-0.4358,0.123,0.0,-0.498,-0.779,-0.507,54.43,11.67,1,43.13,1,0.86,-44.11,-54.45,0.0,0,5,0.2127,0.0333,0.2145,0.0333
91.605,1,0.834,-6.99,17.4,5,66.0,20.96,0.1649,-0.4234,0.141,0.001,-0.431,-0.772,-0.498,52.31,11.67,1,31.13,1,0.886,-37.81,-48.72,0.0,0,5,0.2165,0.0611,0.2239,0.0629
91.637,1,0.845,-6.74,16.48,5,65.8,20.81,0.1712,-0.3768,0.147,0.0,-0.384,-0.77,-0.495,51.91,11.67,1,31.13,1,0.886,-37.81,-48.72,0.0,0,5,0.2219,0.0684,0.2256,0.0703
91.705,1,0.835,-7.24,15.07,5,64.9,20.81,0.1806,-0.3803,0.167,0.009,-0.4,-0.762,-0.484,50.08,11.67,1,31.13,1,0.882,-29.08,-41.8,0.0,0,5,0.2291,0.1108,0.2401,0.0868
91.739,1,0.84,-7.24,14.03,5,64.9,20.46,0.1874,-0.3487,0.17,0.011,-0.332,-0.76,-0.481,49.68,11.67,1,31.13,1,0.882,-29.08,-41.8,0.0,0,5,0.2272,0.1164,0.2457,0.0924
91.804,1,0.816,-8.24,13.18,5,63.4,20.46,0.1954,-0.3354,0.184,-0.003,-0.36,-0.75,-0.471,48.07,11.67,1,19.13,1,0.945,-22.78,-35.01,0.0,0,5,0.2442,0.1147,0.2479,0.1295
91.842,1,0.811,-8.73,12.41,5,62.8,20.44,0.2005,-0.3063,0.187,-0.006,-0.336,-0.747,-0.468,47.67,11.67,1,19.13,1,0.945,-22.78,-35.01,0.0,0,5,0.2479,0.1147,0.2479,0.1388
91.905,1,0.799,-8.73,10.59,5,62.3,20.46,0.2052,-0.2876,0.202,-0.001,-0.265,-0.736,-0.456,46.24,11.67,1,19.13,1,0.91,-14.06,-23.97,0.0,0,5,0.2607,0.1461,0.257,0.1461
91.94,1,0.787,-8.98,10.54,5,62.0,20.56,0.2121,-0.242,0.206,0.003,-0.282,-0.733,-0.453,45.89,11.67,1,19.13,1,0.91,-14.06,-23.97,0.0,0,5,0.2605,0.1589,0.2587,0.146
92.004,1,0.801,-9.48,9.48,5,62.9,20.44,0.1923,-0.2161,0.213,-0.0,-0.271,-0.721,-0.441,44.58,11.64,1,7.13,1,0.902,-4.85,-4.33,-3.626,1,5,0.2625,0.1664,0.2606,0.1645
92.037,1,0.796,-9.48,8.84,5,62.3,20.2,0.1805,-0.1674,0.217,-0.005,-0.209,-0.717,-0.437,44.29,11.64,1,7.13,1,0.902,-4.85,-4.33,-3.626,1,5,0.2683,0.1628,0.2627,0.1758
92.108,1,0.73,-9.48,8.02,5,56.0,20.2,0.1895,-0.161,0.227,-0.0,-0.15,-0.704,-0.425,43.37,11.64,1,7.13,1,0.796,8.24,14.54,0.802,1,5,0.263,0.1908,0.263,0.1926
92.138,1,0.695,-9.73,7.54,5,52.7,20.46,0.1777,-0.1273,0.225,-0.0,-0.162,-0.701,-0.422,43.2,11.64,1,7.13,1,0.865,9.69,25.04,0.0,0,5,0.2594,0.1927,0.2557,0.1908
92.174,1,0.677,-9.48,6.79,5,51.2,20.44,0.1535,-0.0895,0.22,-0.006,-0.207,-0.694,-0.416,42.74,11.64,1,-4.87,1,0.858,12.12,23.5,0.0,0,5,0.2594,0.1816,0.2464,0.1927
92.205,1,0.689,-8.98,6.24,5,52.2,20.2,0.1296,-0.0535,0.218,-0.006,-0.049,-0.688,-0.41,42.46,11.64,1,-4.87,1,0.837,17.45,31.36,0.0,0,5,0.252,0.1816,0.2409,0.1964
92.239,1,0.713,-9.23,6.46,5,54.1,20.2,0.1178,-0.038,0.216,-0.003,-0.133,-0.685,-0.407,42.34,11.64,1,-4.87,1,0.837,17.45,31.36,0.0,0,5,0.2427,0.1871,0.2389,0.1945
92.303,1,0.77,-8.98,5.59,5,59.3,20.0,0.09,-0.0298,0.202,0.002,-0.118,-0.676,-0.4,41.88,11.64,1,-4.87,1,0.866,22.3,41.33,0.0,0,5,0.2182,0.1794,0.2275,0.1813
92.338,1,0.774,-9.23,5.4,5,59.7,20.0,0.09,-0.0177,0.193,-0.006,-0.127,-0.67,-0.395,41.6,11.64,1,-4.87,1,0.866,22.3,41.33,0.0,0,5,0.2162,0.1608,0.2125,0.1811
92.407,1,0.773,-9.73,5.0,5,59.2,20.2,0.09,-0.0112,0.176,-0.003,-0.122,-0.66,-0.386,41.14,11.65,1,-3.98,1,0.859,19.39,39.99,0.0,0,5,0.1924,0.1647,0.1813,0.1665
92.438,1,0.77,-9.48,4.26,5,58.8,19.97,0.09,0.0021,0.17,-0.002,-0.07,-0.657,-0.384,41.08,11.65,1,-3.98,1,0.859,19.39,39.99,0.0,0,5,0.1851,0.1573,0.1795,0.1592
92.506,1,0.765,-9.48,4.11,5,58.6,20.2,0.09,0.0112,0.153,-0.01,-0.083,-0.647,-0.376,40.79,11.65,1,-3.98,1,0.827,11.15,27.03,0.0,0,5,0.174,0.1203,0.1666,0.1518
92.539,1,0.765,-9.73,4.06,5,59.0,20.0,0.09,0.0138,0.15,-0.01,-0.066,-0.645,-0.375,40.74,11.65,1,-3.98,1,0.827,11.15,27.03,0.0,0,5,0.1684,0.1203,0.161,0.1518
92.571,1,0.767,-9.48,3.71,5,59.1,19.97,0.09,0.0175,0.142,-0.005,-0.009,-0.641,-0.371,40.68,11.65,1,2.56,1,0.869,8.24,19.27,0.0,0,5,0.1535,0.1294,0.1461,0.1405
92.605,1,0.766,-9.48,3.86,5,58.8,20.0,0.09,0.0204,0.134,0.001,-0.085,-0.637,-0.368,40.57,11.65,1,2.56,1,0.868,6.3,19.4,0.0,0,5,0.1349,0.1349,0.1349,0.1294
92.635,1,0.769,-8.98,3.17,5,58.7,19.97,0.09,0.0179,0.129,0.001,-0.02,-0.635,-0.366,40.57,11.65,1,2.56,1,0.87,3.88,12.04,1.997,1,5,0.1294,0.1312,0.1294,0.1257
92.673,1,0.767,-8.98,3.16,5,58.4,19.97,0.09,0.0237,0.121,-0.001,-0.024,-0.632,-0.363,40.45,11.65,1,2.56,1,0.869,1.45,9.15,2.016,1,5,0.124,0.1147,0.124,0.1203
92.704,1,0.775,-8.98,3.43,5,58.8,20.0,0.09,0.0244,0.112,-0.005,-0.01,-0.628,-0.361,40.39,11.65,1,2.56,1,0.877,-0.48,1.73,1.786,1,5,0.1184,0.0981,0.1166,0.1166
92.738,1,0.783,-8.98,3.31,5,59.5,20.2,0.09,0.02,0.11,-0.006,0.033,-0.627,-0.359,40.45,11.65,1,2.56,1,0.877,-0.48,1.73,1.786,1,5,0.1184,0.0925,0.1147,0.1129
92.772,1,0.79,-8.49,3.01,5,60.2,20.0,0.09,0.0224,0.103,-0.006,0.006,-0.624,-0.357,40.45,11.65,1,5.22,1,0.887,0.0,1.15,-1.205,1,5,0.111,0.0925,0.1017,0.1054
92.803,1,0.795,-8.49,3.29,5,60.7,19.97,0.09,0.022,0.097,-0.003,0.018,-0.621,-0.355,40.45,11.65,1,5.22,1,0.881,0.0,1.43,-0.338,1,5,0.1017,0.0961,0.0924,0.098
92.839,1,0.792,-8.24,3.22,5,60.3,20.2,0.09,0.0176,0.095,0.0,-0.016,-0.619,-0.353,40.45,11.65,1,5.22,1,0.881,0.0,1.43,-0.338,1,5,0.0961,0.1017,0.0887,0.0943
92.872,1,0.787,-8.24,3.35,5,59.8,20.44,0.09,0.0163,0.093,0.004,-0.062,-0.617,-0.351,40.34,11.65,1,5.22,1,0.884,-2.91,-6.9,-3.84,1,5,0.0864,0.1048,0.0882,0.0919
92.903,1,0.784,-7.99,3.01,5,59.4,20.2,0.09,0.0146,0.087,0.003,-0.03,-0.614,-0.349,40.34,11.65,1,5.22,1,0.895,-2.91,-7.46,-1.482,1,5,0.0802,0.0929,0.0857,0.0875
92.939,1,0.779,-8.24,2.67,5,59.0,20.2,0.09,0.0176,0.082,0.003,-0.027,-0.613,-0.348,40.28,11.65,1,5.22,1,0.895,-2.91,-7.46,-1.482,1,5,0.0746,0.0856,0.0838,0.0838
92.972,1,0.778,-7.99,3.01,5,58.8,20.2,0.09,0.027,0.075,0.001,0.005,-0.611,-0.346,40.28,11.64,1,4.27,1,0.895,-2.91,-7.61,1.776,1,5,0.0707,0.0707,0.0815,0.0779
93.003,1,0.778,-7.49,2.58,5,58.8,20.2,0.09,0.0184,0.072,-0.001,0.028,-0.609,-0.344,40.39,11.64,1,4.27,1,0.896,-2.91,-7.46,-1.51,1,5,0.0695,0.0658,0.0768,0.0768
93.036,1,0.783,-7.49,3.13,5,59.2,20.2,0.09,0.0198,0.071,-0.003,0.037,-0.607,-0.343,40.39,11.64,1,4.27,1,0.896,-2.91,-7.46,-1.51,1,5,0.0695,0.064,0.0713,0.0786
93.105,1,0.791,-6.99,3.25,5,59.6,20.2,0.09,0.0117,0.062,-0.003,0.053,-0.604,-0.34,40.74,11.64,1,4.27,1,0.897,-1.94,-7.34,-0.215,1,5,0.053,0.0695,0.0494,0.0768
93.135,1,0.791,-6.74,3.31,5,59.6,20.46,0.09,0.0035,0.06,-0.002,0.036,-0.603,-0.339,40.74,11.64,1,4.27,1,0.898,-0.97,-6.13,-0.213,1,5,0.0512,0.0695,0.0475,0.0731
93.17,1,0.793,-6.49,3.38,5,59.6,20.2,0.09,0.0004,0.06,-0.003,0.004,-0.601,-0.338,40.79,11.64,1,3.2,1,0.901,-0.97,-5.09,-1.501,1,5,0.0569,0.0661,0.0477,0.0679
93.203,1,0.788,-6.24,3.04,5,59.4,20.44,0.09,-0.0027,0.06,-0.001,0.005,-0.599,-0.336,40.74,11.64,1,3.2,1,0.902,-0.97,-5.1,-1.527,1,5,0.0591,0.0628,0.0536,0.0628
93.237,1,0.791,-6.24,3.17,5,59.5,20.2,0.09,0.0004,0.059,-0.001,-0.005,-0.598,-0.336,40.74,11.64,1,3.2,1,0.902,-0.97,-5.1,-1.527,1,5,0.0592,0.0592,0.0573,0.061
93.271,1,0.789,-5.74,3.41,5,59.5,20.46,0.09,-0.0009,0.058,0.003,0.013,-0.596,-0.334,40.74,11.64,1,3.2,1,0.849,1.94,-5.2,-2.993,1,5,0.0537,0.0574,0.0648,0.0574
93.305,1,0.792,-5.74,3.17,5,59.7,20.44,0.09,-0.0103,0.058,0.002,0.008,-0.595,-0.332,40.79,11.64,1,3.2,1,0.849,1.94,-5.2,-2.993,1,5,0.0534,0.0571,0.0626,0.0571
93.338,1,0.796,-5.74,3.29,5,60.0,20.46,0.09,-0.0056,0.058,0.002,0.01,-0.594,-0.332,40.79,11.64,1,3.2,1,0.849,1.94,-5.2,-2.993,1,5,0.0534,0.0608,0.0589,0.0589
93.372,1,0.798,-5.24,3.41,5,60.3,20.44,0.09,-0.0071,0.058,-0.002,0.011,-0.592,-0.33,40.79,11.64,1,1.32,1,0.878,4.85,4.62,0.323,1,5,0.0571,0.0608,0.0516,0.0626
93.403,1,0.802,-5.24,3.42,5,60.6,20.2,0.09,-0.0146,0.061,-0.003,0.018,-0.59,-0.329,40.85,11.64,1,1.32,1,0.878,4.85,4.62,0.323,1,5,0.0611,0.0667,0.0481,0.0667
93.438,1,0.802,-4.74,3.25,5,60.8,20.46,0.09,-0.0142,0.062,-0.004,0.026,-0.589,-0.328,40.85,11.64,1,1.32,1,0.878,4.85,4.62,0.323,1,5,0.063,0.0667,0.05,0.0685
93.471,1,0.802,-4.74,3.54,5,60.8,20.2,0.09,-0.0166,0.065,-0.003,0.033,-0.587,-0.326,40.97,11.64,1,1.32,1,0.887,5.82,6.1,1.203,1,5,0.0648,0.0703,0.0537,0.0722
93.502,1,0.803,-4.74,3.54,5,61.0,20.46,0.09,-0.0207,0.068,-0.003,0.049,-0.585,-0.324,41.02,11.64,1,1.32,1,0.877,6.3,5.04,-0.954,1,5,0.0663,0.0681,0.0626,0.0755
93.537,1,0.802,-4.24,3.66,5,61.0,20.44,0.09,-0.0204,0.07,-0.002,0.028,-0.583,-0.323,41.08,11.64,1,1.32,1,0.877,6.3,5.04,-0.954,1,5,0.0681,0.0681,0.0663,0.0755
93.575,1,0.805,-4.24,3.66,5,61.3,20.44,0.09,-0.0279,0.071,-0.001,0.001,-0.581,-0.321,41.08,11.64,1,1.64,1,0.886,6.79,7.3,1.2,1,5,0.07,0.0681,0.0718,0.0755
93.603,1,0.805,-4.24,3.66,5,61.3,20.2,0.09,-0.0271,0.071,0.0,-0.012,-0.579,-0.32,41.08,11.64,1,1.64,1,0.887,6.79,7.3,1.2,1,5,0.0702,0.0684,0.0739,0.0702
93.641,1,0.803,-4.24,3.67,5,61.3,20.46,0.09,-0.0269,0.071,0.0,-0.023,-0.578,-0.319,41.02,11.64,1,1.64,1,0.887,6.79,7.3,1.2,1,5,0.0702,0.0684,0.0739,0.0702
93.669,1,0.801,-4.24,3.67,5,61.3,20.46,0.09,-0.0265,0.071,-0.001,-0.013,-0.576,-0.317,40.97,11.64,1,1.64,1,0.888,6.79,7.01,0.298,1,5,0.0721,0.0666,0.074,0.0721
93.705,1,0.803,-3.74,3.39,5,61.5,20.04,0.09,-0.0262,0.073,-0.001,-0.008,-0.574,-0.315,40.97,11.64,1,1.64,1,0.892,6.79,7.01,0.316,1,5,0.074,0.0684,0.074,0.074
93.735,1,0.809,-3.74,3.67,5,61.9,20.44,0.09,-0.0276,0.073,-0.001,0.002,-0.573,-0.314,40.97,11.64,1,1.64,1,0.897,6.79,7.01,0.336,1,5,0.0739,0.0702,0.0739,0.0739
93.771,1,0.816,-3.74,3.67,5,62.6,20.44,0.09,-0.0317,0.075,0.0,-0.015,-0.57,-0.312,40.97,11.64,1,3.29,1,0.897,6.79,7.01,0.361,1,5,0.0739,0.0758,0.0739,0.0758
93.805,1,0.821,-3.74,3.67,5,63.3,20.44,0.09,-0.0313,0.075,-0.002,-0.014,-0.568,-0.31,40.91,11.64,1,3.29,1,0.897,6.79,7.01,0.361,1,5,0.0776,0.0758,0.0702,0.0776
93.835,1,0.829,-3.24,3.23,5,64.1,20.44,0.09,-0.0311,0.077,-0.005,-0.004,-0.566,-0.309,40.85,11.64,1,3.29,1,0.891,6.79,7.02,0.405,1,5,0.0813,0.0758,0.0684,0.0813
93.87,1,0.826,-3.24,3.24,5,64.0,20.2,0.09,-0.0291,0.079,-0.005,0.021,-0.564,-0.307,40.91,11.64,1,3.29,1,0.886,6.79,7.03,0.422,1,5,0.0886,0.0776,0.072,0.0794
93.903,1,0.821,-3.24,3.4,5,63.7,20.46,0.09,-0.0284,0.081,-0.001,0.016,-0.562,-0.305,40.97,11.64,1,3.29,1,0.881,7.76,5.97,0.998,1,5,0.0831,0.0794,0.0813,0.0813
93.937,1,0.814,-2.75,3.36,5,63.2,20.46,0.09,-0.0311,0.08,0.001,0.003,-0.56,-0.304,40.97,11.64,1,3.29,1,0.881,7.76,5.97,0.998,1,5,0.0794,0.0794,0.0831,0.0776
93.969,1,0.811,-2.75,3.47,5,62.7,20.46,0.09,-0.0359,0.078,0.001,-0.023,-0.558,-0.302,40.91,11.63,1,4.89,1,0.871,7.76,6.4,-3.69,1,5,0.0739,0.0757,0.0813,0.0794
94.003,1,0.805,-2.75,3.25,5,62.1,20.2,0.09,-0.0372,0.076,-0.001,-0.017,-0.556,-0.3,40.85,11.63,1,4.89,1,0.875,6.79,7.03,0.414,1,5,0.0758,0.0721,0.0777,0.0777
94.037,1,0.809,-2.25,3.48,5,62.4,20.44,0.09,-0.0331,0.076,-0.001,-0.0,-0.555,-0.299,40.85,11.63,1,4.89,1,0.875,6.79,7.03,0.414,1,5,0.0759,0.0722,0.0777,0.0777
94.068,1,0.808,-2.25,3.6,5,62.5,20.46,0.09,-0.0426,0.075,0.001,0.006,-0.552,-0.297,40.91,11.63,1,4.89,1,0.886,7.76,5.91,2.738,1,5,0.0741,0.0741,0.0778,0.0741
94.103,1,0.809,-2.0,3.16,5,62.7,20.2,0.09,-0.0439,0.077,0.001,-0.005,-0.55,-0.295,40.91,11.63,1,4.89,1,0.886,7.76,5.91,2.738,1,5,0.074,0.0777,0.0777,0.0777
94.135,1,0.809,-2.0,3.55,5,62.9,20.57,0.09,-0.0391,0.078,0.002,-0.024,-0.549,-0.294,40.85,11.63,1,4.89,1,0.886,7.76,5.91,2.738,1,5,0.074,0.0796,0.0796,0.0777
94.172,1,0.813,-2.0,3.16,5,63.1,20.2,0.09,-0.0452,0.079,-0.001,-0.015,-0.546,-0.292,40.79,11.63,1,6.11,1,0.882,3.88,-1.53,-1.553,1,5,0.0777,0.0795,0.0758,0.0814
94.202,1,0.818,-2.0,3.16,5,63.5,20.2,0.09,-0.0379,0.081,-0.001,-0.002,-0.544,-0.29,40.74,11.63,1,6.11,1,0.884,3.88,-3.92,-5.003,1,5,0.087,0.0814,0.0777,0.0777
94.235,1,0.824,-1.75,3.33,5,64.0,20.46,0.09,-0.0378,0.08,-0.0,0.016,-0.543,-0.288,40.79,11.63,1,6.11,1,0.884,3.88,-3.92,-5.003,1,5,0.0869,0.0814,0.0777,0.074
94.271,1,0.82,-1.75,3.61,5,63.8,20.46,0.09,-0.0435,0.084,0.003,-0.045,-0.54,-0.286,40.74,11.63,1,6.11,1,0.872,4.36,-2.51,0.526,1,5,0.0881,0.0844,0.0881,0.0734
94.303,1,0.818,-1.75,3.05,5,63.7,20.44,0.09,-0.0479,0.082,0.002,-0.036,-0.538,-0.284,40.68,11.63,1,6.11,1,0.874,3.88,-1.54,-1.538,1,5,0.0837,0.0818,0.0873,0.0764
94.335,1,0.815,-1.75,3.05,5,63.4,20.44,0.09,-0.0381,0.083,0.001,-0.025,-0.536,-0.283,40.62,11.63,1,6.11,1,0.874,3.88,-1.54,-1.538,1,5,0.0847,0.0793,0.0883,0.0793
94.369,1,0.813,-1.75,3.05,5,63.1,20.44,0.09,-0.0379,0.081,0.001,-0.025,-0.535,-0.282,40.62,11.62,1,5.0,1,0.889,3.88,-3.78,-5.022,1,5,0.0835,0.0763,0.0872,0.0763
94.403,1,0.812,-1.75,3.2,5,63.2,20.44,0.09,-0.0377,0.079,0.0,-0.004,-0.533,-0.28,40.57,11.62,1,5.0,1,0.889,3.88,-3.78,-5.022,1,5,0.0831,0.0759,0.0831,0.0741
94.437,1,0.808,-1.5,2.88,5,62.9,20.57,0.09,-0.0404,0.079,0.001,-0.012,-0.531,-0.279,40.57,11.62,1,5.0,1,0.889,3.88,-3.78,-5.022,1,5,0.082,0.0765,0.0838,0.0747
94.469,1,0.809,-1.5,2.89,5,62.7,20.57,0.09,-0.0377,0.08,-0.0,-0.025,-0.529,-0.277,40.51,11.62,1,5.0,1,0.887,3.88,-3.77,-5.023,1,5,0.0827,0.079,0.0809,0.079
94.502,1,0.805,-1.25,2.67,5,62.2,20.56,0.09,-0.0375,0.082,-0.002,-0.042,-0.526,-0.274,40.45,11.62,1,5.0,1,0.887,3.88,-3.77,-5.023,1,5,0.0868,0.0813,0.0795,0.0813
94.537,1,0.802,-1.25,3.07,5,62.5,20.2,0.09,-0.0367,0.083,-0.003,-0.007,-0.525,-0.273,40.45,11.62,1,5.0,1,0.887,3.88,-3.77,-5.023,1,5,0.0906,0.0814,0.0795,0.0814
94.569,1,0.786,-1.0,3.03,5,62.1,20.56,0.09,-0.0432,0.085,-0.003,-0.005,-0.522,-0.271,40.45,11.62,1,2.52,1,0.882,4.85,-4.86,-2.648,1,5,0.0924,0.0814,0.0832,0.0832
94.602,1,0.776,-0.75,3.2,5,61.5,20.2,0.09,-0.0451,0.088,-0.002,-0.028,-0.52,-0.269,40.51,11.62,1,2.52,1,0.882,4.85,-4.86,-2.648,1,5,0.0906,0.0814,0.0906,0.0887
94.634,1,0.779,-1.0,3.31,5,61.5,20.56,0.09,-0.051,0.087,-0.0,-0.031,-0.518,-0.268,40.45,11.62,1,2.52,1,0.882,4.85,-4.86,-2.648,1,5,0.0887,0.0813,0.0924,0.0869
94.674,1,0.786,-1.0,2.84,5,61.2,20.56,0.09,-0.0493,0.088,0.001,-0.038,-0.516,-0.265,40.34,11.62,1,2.52,1,0.848,9.69,7.41,0.631,1,5,0.0925,0.0851,0.0925,0.0814
94.702,1,0.789,-1.0,2.84,5,61.0,20.44,0.09,-0.041,0.085,0.0,-0.074,-0.513,-0.263,40.16,11.62,1,2.52,1,0.87,8.72,4.58,-1.53,1,5,0.0924,0.0795,0.0906,0.0776
94.736,1,0.782,-1.0,2.61,5,61.1,20.2,0.09,-0.0409,0.085,0.001,-0.039,-0.512,-0.262,40.11,11.62,1,2.52,1,0.87,8.72,4.58,-1.53,1,5,0.0905,0.0795,0.0924,0.0776
94.769,1,0.785,-1.25,2.94,5,61.3,20.46,0.09,-0.0368,0.084,0.001,-0.075,-0.509,-0.26,39.99,11.62,1,1.56,1,0.86,8.72,4.35,-0.069,1,5,0.085,0.0739,0.0961,0.0813
94.803,1,0.793,-1.5,2.71,5,61.1,20.56,0.09,-0.0394,0.085,0.001,-0.059,-0.506,-0.258,39.88,11.62,1,1.56,1,0.86,8.72,4.35,-0.069,1,5,0.0873,0.0782,0.0946,0.08
94.834,1,0.79,-1.5,2.49,5,61.2,20.56,0.09,-0.0325,0.086,-0.001,-0.016,-0.505,-0.257,39.82,11.62,1,1.56,1,0.839,7.76,3.79,1.716,1,5,0.0928,0.0782,0.091,0.0801
94.868,1,0.783,-1.5,2.31,5,61.3,20.56,0.09,-0.0291,0.089,-0.002,-0.01,-0.502,-0.254,39.76,11.62,1,1.56,1,0.828,7.76,4.26,3.373,1,5,0.0982,0.0837,0.091,0.0837
94.905,1,0.79,-1.5,2.31,5,61.7,20.44,0.09,-0.0263,0.091,-0.002,0.005,-0.499,-0.252,39.76,11.62,1,1.56,1,0.813,7.76,5.08,6.522,1,5,0.0979,0.0813,0.0961,0.0887
94.934,1,0.801,-1.5,2.6,5,62.0,20.2,0.09,-0.0264,0.091,-0.001,-0.001,-0.498,-0.251,39.76,11.62,1,1.56,1,0.804,7.76,7.16,0.0,0,5,0.0943,0.0813,0.0998,0.0906
94.969,1,0.795,-1.5,2.35,5,62.4,20.56,0.09,-0.0317,0.091,-0.0,-0.02,-0.495,-0.248,39.71,11.61,1,2.5,1,0.8,7.76,7.86,0.0,0,5,0.0943,0.0832,0.098,0.0887
95.005,1,0.786,-1.5,2.36,5,62.1,20.56,0.09,-0.0274,0.091,0.0,-0.046,-0.492,-0.246,39.65,11.61,1,2.5,1,0.8,7.76,7.86,0.0,0,5,0.0943,0.0869,0.0961,0.0869
95.035,1,0.795,-1.5,2.09,5,62.3,20.44,0.09,-0.0276,0.09,0.001,-0.023,-0.491,-0.245,39.59,11.61,1,2.5,1,0.798,7.76,9.75,0.0,0,5,0.0924,0.0869,0.0943,0.085
95.07,1,0.808,-1.75,2.26,5,62.8,20.56,0.09,-0.0228,0.086,0.002,-0.053,-0.489,-0.243,39.53,11.61,1,2.5,1,0.794,6.79,11.91,0.0,0,5,0.0869,0.0832,0.0925,0.0814
95.103,1,0.822,-1.5,2.04,5,63.7,20.56,0.09,-0.023,0.085,-0.0,-0.03,-0.486,-0.241,39.48,11.61,1,2.5,1,0.806,6.79,12.45,0.0,0,5,0.0889,0.0833,0.0852,0.0815
95.137,1,0.822,-2.0,1.97,5,63.9,20.44,0.09,-0.0224,0.085,-0.002,-0.033,-0.484,-0.24,39.42,11.61,1,2.5,1,0.801,6.79,12.51,0.0,0,5,0.0926,0.0834,0.0834,0.0815
95.167,1,0.824,-2.0,1.81,5,64.1,20.44,0.09,-0.0152,0.089,-0.005,-0.002,-0.481,-0.237,39.36,11.61,1,4.46,1,0.808,5.82,14.59,0.0,0,5,0.0982,0.0852,0.0834,0.0889
95.205,1,0.823,-2.0,1.81,5,64.2,20.44,0.09,-0.0128,0.09,-0.003,0.013,-0.479,-0.235,39.36,11.61,1,4.46,1,0.813,5.82,16.27,0.0,0,5,0.0981,0.0851,0.0851,0.0888
95.233,1,0.825,-2.0,2.08,5,64.3,20.0,0.09,-0.0129,0.091,-0.002,0.001,-0.477,-0.234,39.36,11.61,1,4.46,1,0.809,6.3,16.47,0.0,0,5,0.0925,0.0833,0.0944,0.0925
95.269,1,0.823,-2.0,2.2,5,64.0,20.0,0.09,-0.018,0.09,0.0,-0.019,-0.474,-0.232,39.36,11.61,1,4.46,1,0.809,6.3,16.47,0.0,0,5,0.0906,0.0869,0.0943,0.0888
95.303,1,0.824,-2.0,1.91,5,63.8,20.56,0.09,-0.0201,0.089,0.002,-0.03,-0.472,-0.229,39.25,11.61,1,4.46,1,0.796,4.36,21.12,0.0,0,5,0.0926,0.0907,0.0907,0.0815
95.335,1,0.824,-2.0,1.91,5,63.9,20.56,0.09,-0.0152,0.086,0.002,-0.066,-0.471,-0.228,39.19,11.61,1,4.46,1,0.797,1.94,17.59,0.0,0,5,0.0907,0.0888,0.0888,0.0777
95.37,1,0.829,-2.25,1.74,5,64.4,20.46,0.09,-0.0153,0.084,0.001,-0.032,-0.468,-0.226,39.02,11.61,1,6.56,1,0.798,0.97,17.32,0.0,0,5,0.0889,0.0796,0.0907,0.0778
95.404,1,0.834,-2.25,1.74,5,64.8,20.0,0.09,-0.0094,0.085,-0.0,0.001,-0.465,-0.224,39.02,11.61,1,6.56,1,0.786,0.97,20.34,0.0,0,5,0.0888,0.0777,0.0907,0.0814
95.435,1,0.837,-2.25,1.75,5,65.0,20.46,0.09,-0.0095,0.087,-0.001,-0.005,-0.464,-0.223,39.02,11.61,1,6.56,1,0.78,0.97,23.35,0.0,0,5,0.0907,0.0815,0.0907,0.0852
95.469,1,0.834,-2.25,1.63,5,64.6,20.44,0.09,-0.0098,0.089,-0.0,0.007,-0.461,-0.221,39.02,11.61,1,6.56,1,0.768,0.97,26.98,0.0,0,5,0.0907,0.087,0.0907,0.0888
95.502,1,0.832,-2.0,1.52,5,64.3,20.0,0.09,-0.0079,0.09,-0.0,-0.005,-0.458,-0.218,39.02,11.61,1,6.56,1,0.761,-1.94,30.52,0.0,0,5,0.0889,0.0852,0.0944,0.0926
95.534,1,0.83,-2.0,1.52,5,64.2,20.0,0.09,-0.0093,0.089,-0.001,0.023,-0.457,-0.217,39.02,11.61,1,6.56,1,0.777,-1.94,30.22,0.0,0,5,0.0889,0.0833,0.0926,0.0907
95.567,1,0.834,-1.75,1.47,5,64.5,20.44,0.09,-0.009,0.086,0.0,0.001,-0.454,-0.215,39.08,11.61,1,9.19,1,0.773,-1.94,33.17,0.0,0,5,0.087,0.0796,0.0925,0.0851
95.602,1,0.831,-1.75,1.47,5,64.2,20.44,0.09,-0.0109,0.087,0.002,-0.043,-0.451,-0.213,39.02,11.61,1,9.19,1,0.788,-2.42,37.01,0.0,0,5,0.0907,0.0851,0.0907,0.0833
95.636,1,0.836,-1.75,1.47,5,64.6,20.44,0.09,-0.0107,0.088,0.002,-0.018,-0.45,-0.212,39.02,11.61,1,9.19,1,0.799,-4.85,37.17,0.0,0,5,0.0888,0.0906,0.0906,0.0832
95.666,1,0.845,-1.75,1.58,5,65.3,20.2,0.09,-0.0104,0.089,0.001,-0.064,-0.447,-0.21,38.85,11.61,1,9.19,1,0.806,-5.82,37.09,0.0,0,5,0.087,0.0907,0.0888,0.0888
95.704,1,0.851,-1.75,1.31,5,65.7,20.04,0.09,-0.0122,0.086,-0.001,-0.016,-0.445,-0.207,38.79,11.61,1,9.19,1,0.806,-5.82,37.09,0.0,0,5,0.0888,0.0851,0.0833,0.0851
95.734,1,0.849,-1.75,1.42,5,65.4,20.46,0.09,-0.0074,0.086,-0.001,-0.013,-0.443,-0.206,38.79,11.61,1,9.19,1,0.82,-9.69,39.49,0.0,0,5,0.0889,0.0833,0.0852,0.0852
95.769,1,0.852,-1.75,1.46,5,65.9,20.44,0.09,-0.0092,0.09,-0.002,0.012,-0.44,-0.204,38.85,11.61,1,13.61,1,0.814,-10.66,39.89,0.0,0,5,0.0992,0.0881,0.0881,0.0845
95.801,1,0.852,-1.75,1.46,5,65.9,20.44,0.09,-0.01,0.089,-0.0,-0.008,-0.438,-0.202,38.79,11.61,1,13.61,1,0.81,-13.09,40.68,0.0,0,5,0.0955,0.0881,0.0918,0.0881
95.834,1,0.85,-1.5,1.25,5,65.9,20.56,0.09,-0.0099,0.089,-0.001,0.01,-0.436,-0.201,38.85,11.61,1,13.61,1,0.794,-14.06,41.63,0.0,0,5,0.0927,0.0855,0.0909,0.0873
95.866,1,0.862,-1.25,1.41,5,66.8,20.46,0.09,-0.009,0.084,-0.001,0.041,-0.433,-0.199,38.9,11.61,1,13.61,1,0.803,-15.99,42.57,0.0,0,5,0.0822,0.0803,0.0858,0.0876
95.902,1,0.867,-1.0,1.36,5,67.5,20.44,0.09,-0.0146,0.084,-0.0,0.001,-0.431,-0.197,38.9,11.61,1,13.61,1,0.803,-15.99,42.57,0.0,0,5,0.084,0.0877,0.0804,0.084
95.935,1,0.873,-1.0,1.36,5,68.2,20.44,0.09,-0.0166,0.083,0.001,-0.035,-0.43,-0.195,38.9,11.61,1,13.61,1,0.813,-17.93,45.77,0.0,0,5,0.0829,0.0884,0.081,0.081
95.97,1,0.876,-1.25,1.01,5,68.6,20.44,0.09,-0.016,0.086,0.003,-0.021,-0.427,-0.193,38.73,11.61,1,13.61,1,0.826,-20.84,45.45,0.0,0,5,0.0851,0.0943,0.0832,0.0814
96.004,1,0.876,-1.5,1.24,5,68.5,20.44,0.09,-0.0065,0.088,0.001,-0.023,-0.424,-0.191,38.62,11.6,1,18.66,1,0.837,-23.27,45.4,0.0,0,5,0.0888,0.0869,0.0906,0.0851
96.041,1,0.878,-1.5,1.24,5,68.5,20.44,0.09,-0.0073,0.088,0.001,-0.015,-0.423,-0.19,38.62,11.6,1,18.66,1,0.832,-25.2,45.24,0.0,0,5,0.0887,0.0851,0.0943,0.0851
96.067,1,0.87,-1.5,0.97,5,67.8,20.44,0.09,-0.0076,0.088,0.001,-0.019,-0.42,-0.187,38.56,11.6,1,18.66,1,0.838,-25.69,46.07,0.0,0,5,0.0905,0.0813,0.0979,0.0832
96.103,1,0.866,-1.5,0.97,5,67.0,20.44,0.09,-0.0032,0.088,0.001,-0.015,-0.417,-0.185,38.56,11.6,1,18.66,1,0.838,-25.69,46.07,0.0,0,5,0.0869,0.0832,0.0961,0.0869
96.135,1,0.855,-1.5,0.97,5,66.0,20.44,0.09,-0.0032,0.087,-0.0,0.002,-0.416,-0.184,38.56,11.6,1,18.66,1,0.831,-29.57,45.47,0.0,0,5,0.0869,0.0814,0.0924,0.0869
96.168,1,0.856,-1.5,0.97,5,65.8,20.44,0.09,-0.0033,0.085,-0.0,0.029,-0.413,-0.182,38.56,11.6,1,18.66,1,0.865,-32.47,46.27,0.0,0,5,0.0851,0.0795,0.0888,0.0851
96.204,1,0.861,-1.25,0.92,5,66.4,20.46,0.09,-0.0034,0.081,-0.0,0.022,-0.411,-0.18,38.67,11.6,1,23.15,1,0.865,-32.47,46.27,0.0,0,5,0.0832,0.0776,0.085,0.0795
96.235,1,0.867,-1.0,1.09,5,67.3,20.56,0.09,-0.0056,0.083,0.002,-0.015,-0.41,-0.179,38.67,11.6,1,23.15,1,0.838,-35.38,43.81,0.0,0,5,0.0814,0.0851,0.0851,0.0814
96.268,1,0.879,-1.0,1.1,5,68.3,20.44,0.09,-0.0112,0.084,0.002,-0.021,-0.407,-0.177,38.62,11.6,1,23.15,1,0.859,-37.32,44.71,0.0,0,5,0.0832,0.0887,0.0832,0.0814
96.302,1,0.887,-0.75,0.87,5,68.9,20.44,0.09,-0.0109,0.086,0.0,-0.016,-0.404,-0.175,38.5,11.6,1,23.15,1,0.869,-37.32,43.84,0.0,0,5,0.088,0.0897,0.0826,0.0826
96.334,1,0.883,-1.0,0.83,5,68.7,20.56,0.09,-0.01,0.084,-0.002,-0.027,-0.403,-0.174,38.45,11.6,1,23.15,1,0.867,-36.84,44.14,0.0,0,5,0.0915,0.0825,0.0825,0.0807
96.368,1,0.882,-1.25,0.76,5,68.4,20.46,0.09,-0.0057,0.086,-0.003,-0.016,-0.4,-0.172,38.39,11.6,1,23.15,1,0.867,-36.84,44.14,0.0,0,5,0.0951,0.079,0.0861,0.0825
96.405,1,0.872,-1.5,0.97,5,67.4,20.44,0.09,-0.0014,0.089,-0.003,-0.005,-0.397,-0.169,38.33,11.61,1,26.66,1,0.866,-35.87,41.98,0.0,0,5,0.0998,0.0813,0.0906,0.0832
96.435,1,0.87,-1.5,0.69,5,67.2,20.56,0.09,-0.0022,0.089,-0.002,-0.023,-0.395,-0.168,38.33,11.61,1,26.66,1,0.885,-33.93,41.47,0.0,0,5,0.0926,0.0778,0.0963,0.0907
96.467,1,0.873,-1.5,0.69,5,67.1,20.56,0.09,0.0023,0.087,-0.0,-0.014,-0.393,-0.166,38.27,11.61,1,26.66,1,0.896,-34.41,40.62,0.0,0,5,0.0907,0.0796,0.0944,0.0852
96.503,1,0.89,-1.5,0.57,5,68.5,20.56,0.09,0.002,0.084,0.0,-0.002,-0.39,-0.164,38.33,11.61,1,26.66,1,0.896,-34.41,40.62,0.0,0,5,0.0866,0.0793,0.0885,0.0811
96.536,1,0.893,-1.5,0.84,5,69.1,20.0,0.09,0.0039,0.083,0.0,-0.017,-0.389,-0.163,38.27,11.61,1,26.66,1,0.899,-31.5,37.72,0.0,0,5,0.0866,0.0811,0.0866,0.0793
96.567,1,0.891,-1.5,1.59,5,69.7,20.57,0.09,-0.0009,0.083,-0.0,0.003,-0.386,-0.161,38.33,11.61,1,26.66,1,0.899,-29.57,38.18,0.0,0,5,0.0848,0.083,0.0811,0.0811
96.603,1,0.877,-1.5,2.45,5,69.7,20.57,0.09,-0.0142,0.082,-0.001,-0.048,-0.384,-0.159,38.22,11.61,1,29.12,1,0.899,-29.57,38.18,0.0,0,5,0.0851,0.0851,0.0777,0.0814
96.635,1,0.861,-1.5,3.0,5,69.7,20.57,0.09,-0.0292,0.084,-0.002,-0.032,-0.382,-0.158,38.16,11.61,1,29.12,1,0.897,-27.14,38.46,0.0,0,5,0.087,0.087,0.0778,0.0852
96.672,1,0.834,-1.5,3.03,5,69.1,20.57,0.09,-0.0388,0.088,-0.001,0.03,-0.379,-0.156,38.22,11.61,1,29.12,1,0.905,-27.63,34.01,0.0,0,5,0.0888,0.0851,0.0888,0.0888
96.7,1,0.842,-1.25,5.61,5,69.9,20.46,0.09,-0.0394,0.09,-0.0,0.012,-0.378,-0.154,38.22,11.61,1,29.12,1,0.912,-25.69,31.88,0.0,0,5,0.0906,0.0851,0.0943,0.0906
96.736,1,0.85,-1.5,8.34,5,70.8,20.96,0.09,-0.0875,0.089,0.001,-0.012,-0.375,-0.152,38.22,11.61,1,29.12,1,0.907,-25.2,32.7,0.0,0,5,0.0887,0.0851,0.0943,0.0869
96.767,1,0.85,-1.5,11.37,5,71.3,20.96,0.09,-0.132,0.087,0.0,-0.023,-0.372,-0.15,38.16,11.61,1,29.12,1,0.922,-25.2,29.39,0.0,0,5,0.0887,0.085,0.0906,0.085
96.805,1,0.833,-1.5,13.62,5,71.5,20.96,0.09,-0.1848,0.086,-0.0,-0.038,-0.37,-0.148,38.04,11.61,1,33.74,1,0.922,-25.2,29.39,0.0,0,5,0.0924,0.0813,0.0905,0.0813
96.836,1,0.808,-1.5,16.0,5,71.8,20.96,0.09,-0.2242,0.087,0.0,-0.06,-0.368,-0.147,37.99,11.61,1,33.74,1,0.931,-23.27,27.36,0.0,0,5,0.0924,0.0794,0.0942,0.0813
96.87,1,0.692,-2.0,20.01,4,71.9,20.77,0.09,-0.2658,0.087,0.002,-0.094,-0.366,-0.145,37.82,11.61,1,33.74,1,0.943,-25.2,22.12,0.0,0,5,0.0958,0.0774,0.0995,0.0737
96.9,1,0.823,-2.5,22.63,5,72.3,22.22,0.09,-0.3295,0.087,0.004,-0.113,-0.364,-0.143,37.64,11.61,1,33.74,1,0.92,-29.08,12.98,0.0,0,5,0.1014,0.0774,0.1032,0.0645
96.934,1,0.821,-3.49,25.27,5,72.8,23.35,0.09,-0.3696,0.086,0.002,-0.231,-0.362,-0.141,37.18,11.61,1,33.74,1,0.952,-30.54,2.47,0.0,0,5,0.1134,0.0677,0.1097,0.0549
96.968,1,0.81,-4.49,27.68,5,73.5,23.35,0.09,-0.405,0.091,0.002,-0.245,-0.358,-0.139,36.61,11.61,1,33.74,1,0.925,-32.96,-2.09,0.0,0,5,0.1265,0.0587,0.1283,0.0513
96.999,1,0.778,-5.49,29.66,5,73.2,23.35,0.09,-0.4354,0.095,0.002,-0.232,-0.357,-0.138,36.33,11.61,1,45.0,1,0.897,-37.81,-14.34,0.0,0,5,0.1301,0.055,0.1393,0.055
97.037,1,0.802,-6.99,31.46,5,73.0,23.2,0.09,-0.46,0.098,0.003,-0.286,-0.354,-0.135,35.64,11.61,1,45.0,1,0.962,-40.23,-25.28,0.0,0,5,0.1378,0.0478,0.1544,0.0533
97.068,1,0.698,-8.73,32.91,4,70.9,23.88,0.09,-0.4768,0.098,0.0,-0.368,-0.35,-0.133,34.84,11.61,1,45.0,1,0.991,-40.71,-28.47,0.0,0,5,0.1477,0.0401,0.1568,0.0474
97.1,1,0.67,-10.73,33.99,4,70.0,23.58,0.09,-0.4821,0.096,-0.003,-0.379,-0.349,-0.132,34.38,11.61,1,45.0,1,0.993,-41.2,-30.03,0.0,0,5,0.155,0.0328,0.1532,0.0438
97.135,1,0.672,-12.23,33.98,4,69.2,23.6,0.09,-0.4808,0.099,-0.003,-0.351,-0.345,-0.13,33.46,11.61,1,45.0,1,0.994,-42.17,-32.65,0.0,0,5,0.1687,0.0293,0.1632,0.0348
97.168,1,0.684,-13.23,34.15,4,68.9,23.53,0.09,-0.4688,0.099,-0.003,-0.437,-0.344,-0.129,33.0,11.61,1,45.0,1,0.992,-43.14,-35.44,0.0,0,5,0.1742,0.0275,0.165,0.0293
97.2,1,0.656,-14.47,34.01,4,65.7,23.23,0.09,-0.462,0.1,-0.002,-0.445,-0.34,-0.127,31.97,11.61,1,45.0,1,0.992,-44.11,-37.1,0.0,0,5,0.1775,0.0203,0.1757,0.0259
97.235,1,0.648,-12.73,32.06,4,63.7,23.23,0.09,-0.4493,0.099,-0.002,-0.496,-0.339,-0.126,31.4,11.61,1,45.0,1,0.99,-45.08,-40.5,0.0,0,5,0.1795,0.0148,0.1795,0.0222
97.268,1,0.667,-13.48,30.85,4,66.5,22.87,0.09,-0.441,0.092,0.001,-0.536,-0.336,-0.124,30.14,11.61,1,45.0,1,0.987,-47.5,-42.15,0.0,0,5,0.1702,0.0056,0.1795,0.0111
97.305,1,0.683,-13.73,29.76,4,68.7,22.71,0.09,-0.4124,0.088,0.003,-0.45,-0.332,-0.121,28.65,11.61,1,45.0,1,0.987,-47.5,-42.15,0.0,0,5,0.1701,0.0018,0.1808,0.0
97.337,1,0.765,-13.73,28.87,5,69.7,22.22,0.09,-0.3912,0.089,0.004,-0.476,-0.33,-0.12,28.07,11.61,1,45.0,1,0.971,-49.92,-47.27,0.0,0,5,0.17,0.0036,0.1825,0.0
97.366,1,0.785,-14.47,28.31,5,68.7,22.22,0.09,-0.3774,0.09,0.007,-0.485,-0.329,-0.119,27.56,11.61,1,45.0,1,0.962,-47.01,-46.03,0.0,0,5,0.1664,0.0072,0.1861,0.0
97.4,1,0.793,-14.72,26.96,5,70.4,22.04,0.09,-0.3588,0.089,0.009,-0.48,-0.326,-0.117,26.41,11.6,1,35.3,1,0.961,-45.08,-43.53,0.0,0,5,0.1605,0.0148,0.1827,0.0
97.432,1,0.798,-15.22,25.96,5,71.3,21.67,0.09,-0.3339,0.088,0.007,-0.397,-0.323,-0.116,25.38,11.6,1,35.3,1,0.977,-44.59,-41.54,0.0,0,5,0.1624,0.0203,0.1698,0.0
97.467,1,0.792,-15.47,25.04,5,70.0,21.67,0.09,-0.3121,0.084,0.007,-0.387,-0.32,-0.114,24.47,11.6,1,35.3,1,0.977,-44.59,-41.54,0.0,0,5,0.1532,0.0185,0.1625,0.0
97.504,1,0.796,-15.47,24.33,5,70.1,21.67,0.09,-0.2937,0.088,0.011,-0.424,-0.317,-0.112,23.55,11.6,1,35.3,1,0.977,-44.59,-41.54,0.0,0,5,0.1516,0.0259,0.1646,0.0
97.534,1,0.795,-15.72,23.52,5,71.1,21.42,0.09,-0.2828,0.089,0.013,-0.413,-0.315,-0.111,23.09,11.6,1,35.3,1,0.925,-36.35,-30.9,0.0,0,5,0.1421,0.0314,0.1716,0.0092
97.566,1,0.797,-15.72,22.73,5,71.6,21.42,0.09,-0.2667,0.089,0.011,-0.341,-0.314,-0.11,22.69,11.6,1,35.3,1,0.951,-32.96,-31.29,0.0,0,5,0.1403,0.0295,0.1698,0.0148
97.603,1,0.795,-15.97,22.17,5,70.3,21.62,0.09,-0.2533,0.089,0.006,-0.3,-0.309,-0.108,21.54,11.6,1,23.3,1,0.951,-32.96,-31.29,0.0,0,5,0.1422,0.0332,0.1625,0.0203
97.633,1,0.801,-15.97,21.46,5,70.0,21.42,0.09,-0.2411,0.088,0.006,-0.285,-0.307,-0.107,21.2,11.6,1,23.3,1,0.93,-27.14,-18.42,0.0,0,5,0.1388,0.0352,0.1517,0.0259
97.667,1,0.8,-15.97,20.86,5,69.5,21.42,0.09,-0.2295,0.09,0.006,-0.221,-0.304,-0.106,20.68,11.6,1,23.3,1,0.911,-23.75,-14.49,2.113,1,5,0.1295,0.0425,0.1498,0.037
97.704,1,0.8,-14.97,19.87,5,69.8,21.42,0.09,-0.2195,0.09,0.007,-0.258,-0.301,-0.104,20.17,11.6,1,23.3,1,0.911,-23.75,-14.49,2.113,1,5,0.1277,0.0518,0.1425,0.0389
97.735,1,0.801,-14.72,19.63,5,70.4,21.42,0.09,-0.2148,0.091,0.008,-0.267,-0.299,-0.103,19.82,11.6,1,23.3,1,0.815,-15.99,-2.05,0.263,1,5,0.1257,0.0592,0.1387,0.0388
97.766,1,0.798,-14.47,19.16,5,70.6,20.81,0.09,-0.2126,0.091,0.008,-0.235,-0.297,-0.102,19.6,11.6,1,23.3,1,0.881,-12.6,7.49,6.677,1,5,0.1276,0.0666,0.1313,0.037
97.801,1,0.792,-14.47,18.83,5,69.8,20.56,0.09,-0.207,0.088,0.01,-0.167,-0.293,-0.1,18.91,11.6,1,11.3,1,0.881,-12.6,7.49,6.677,1,5,0.1221,0.0722,0.1258,0.0333
97.834,1,0.795,-14.47,18.41,5,69.7,21.1,0.09,-0.2002,0.087,0.008,-0.197,-0.291,-0.1,18.68,11.6,1,11.3,1,0.829,-5.82,18.9,0.0,0,5,0.1184,0.0648,0.1258,0.0407
97.868,1,0.79,-14.47,17.92,5,68.7,20.81,0.1043,-0.1922,0.089,0.003,-0.195,-0.287,-0.098,18.22,11.6,1,11.3,1,0.851,-2.91,21.11,0.0,0,5,0.1185,0.0555,0.1277,0.0537
97.9,1,0.804,-14.23,17.7,5,70.1,20.81,0.1109,-0.1894,0.088,0.001,-0.185,-0.286,-0.098,17.99,11.6,1,11.3,1,0.785,2.91,30.48,0.0,0,5,0.1185,0.0518,0.1259,0.0556
97.933,1,0.658,-13.73,16.08,4,69.9,21.1,0.125,-0.2245,0.091,0.001,-0.18,-0.282,-0.097,17.59,11.6,1,11.3,1,0.829,3.39,36.96,0.0,0,5,0.1241,0.0611,0.1223,0.0556
97.965,1,0.665,-13.73,16.19,4,71.3,21.01,0.1392,-0.2293,0.092,0.001,-0.184,-0.28,-0.096,17.36,11.6,1,11.3,1,0.848,2.91,33.66,0.0,0,5,0.1278,0.063,0.1223,0.0537
98.0,1,0.664,-13.23,15.63,4,72.3,20.83,0.146,-0.2457,0.098,0.0,-0.154,-0.277,-0.095,16.96,11.6,1,8.77,1,0.848,2.91,33.66,0.0,0,5,0.1314,0.0685,0.1277,0.0629
98.066,1,0.669,-13.48,15.34,4,72.4,21.37,0.1742,-0.2927,0.121,-0.003,-0.22,-0.267,-0.092,16.04,11.6,1,8.77,1,0.851,0.97,29.34,0.0,0,5,0.1559,0.0789,0.1559,0.0917
98.1,1,0.686,-13.23,14.24,4,73.5,21.01,0.1809,-0.2938,0.13,-0.005,-0.23,-0.264,-0.092,15.81,11.6,1,8.77,1,0.851,0.97,29.34,0.0,0,5,0.1687,0.0862,0.1651,0.1009
98.134,1,0.688,-12.73,13.64,4,74.2,21.1,0.1941,-0.2887,0.148,-0.006,-0.268,-0.258,-0.09,15.24,11.6,1,8.77,1,0.863,0.0,26.43,0.0,0,5,0.1925,0.099,0.1852,0.1137
98.165,1,0.806,-12.73,14.26,5,72.7,21.1,0.1978,-0.2825,0.158,-0.003,-0.262,-0.254,-0.089,14.9,11.6,1,8.77,1,0.848,-1.94,24.23,0.0,0,5,0.2035,0.1118,0.198,0.1192
98.2,1,0.803,-12.73,14.08,5,71.4,20.81,0.194,-0.2939,0.184,-0.001,-0.337,-0.243,-0.086,13.92,11.6,1,11.42,1,0.848,-1.94,24.23,0.0,0,5,0.2241,0.1286,0.2222,0.1304
98.267,1,0.801,-12.23,12.85,5,74.2,20.81,0.1951,-0.2896,0.202,-0.001,-0.24,-0.231,-0.083,12.95,11.6,1,11.42,1,0.873,-6.79,9.87,0.0,0,5,0.2511,0.1495,0.2511,0.1551
98.303,1,0.792,-11.73,11.89,5,72.1,20.81,0.2025,-0.2705,0.206,0.001,-0.182,-0.222,-0.081,12.43,11.6,1,11.42,1,0.873,-6.79,9.87,0.0,0,5,0.2537,0.1599,0.2555,0.1563
98.335,1,0.785,-10.98,11.06,5,71.1,20.81,0.2083,-0.2556,0.207,0.003,-0.217,-0.218,-0.08,12.2,11.6,1,11.42,1,0.836,-11.15,0.23,0.0,0,5,0.2525,0.1659,0.2543,0.1566
98.366,1,0.803,-10.73,11.43,5,73.7,20.81,0.2133,-0.2444,0.21,0.002,-0.34,-0.214,-0.079,11.86,11.6,1,11.42,1,0.892,-10.66,-6.0,3.531,1,5,0.2543,0.1695,0.2543,0.1603
98.402,1,0.81,-10.48,10.44,5,74.7,20.96,0.2111,-0.2543,0.214,0.002,-0.211,-0.206,-0.078,11.29,11.59,1,12.53,1,0.892,-10.66,-6.0,3.531,1,5,0.2589,0.1775,0.2552,0.1646
98.466,1,0.807,-9.98,9.7,5,75.5,20.57,0.2171,-0.2326,0.22,0.001,-0.302,-0.192,-0.075,10.43,11.59,1,12.53,1,0.894,-12.12,-11.2,2.738,1,5,0.2612,0.1766,0.2649,0.1766
98.5,1,0.818,-10.23,9.31,5,75.0,20.56,0.2215,-0.2195,0.221,0.001,-0.25,-0.188,-0.074,10.14,11.59,1,12.53,1,0.89,-12.12,-12.14,0.72,1,5,0.263,0.1765,0.2666,0.1765
98.534,1,0.798,-10.23,8.85,5,76.5,20.81,0.2239,-0.2051,0.226,-0.0,-0.159,-0.179,-0.073,9.68,11.59,1,12.53,1,0.879,-13.57,-14.54,0.985,1,5,0.2736,0.1867,0.2643,0.1793
98.564,1,0.811,-10.23,8.36,5,75.1,20.56,0.2267,-0.1925,0.229,-0.003,-0.315,-0.17,-0.071,9.0,11.59,1,12.53,1,0.891,-13.57,-17.65,0.0,0,5,0.2792,0.1886,0.2626,0.1849
98.6,1,0.804,-10.23,7.82,5,75.7,20.56,0.2296,-0.1791,0.232,-0.004,-0.221,-0.165,-0.071,8.71,11.59,1,10.13,1,0.906,-13.09,-14.97,1.996,1,5,0.2794,0.1887,0.2664,0.1924
98.67,1,0.803,-10.48,7.32,5,74.4,20.56,0.2329,-0.1638,0.238,-0.0,-0.246,-0.146,-0.068,7.91,11.59,1,10.13,1,0.871,-9.69,-10.87,-1.037,1,5,0.2736,0.1978,0.2773,0.2033
98.7,1,0.805,-10.98,6.87,5,73.6,20.56,0.2357,-0.1465,0.24,-0.0,-0.258,-0.141,-0.067,7.56,11.59,1,10.13,1,0.876,-9.21,-11.35,0.0,1,5,0.2773,0.2033,0.2754,0.2033
98.734,1,0.807,-10.48,5.78,5,74.3,20.56,0.2336,-0.1243,0.245,-0.002,-0.172,-0.131,-0.066,7.1,11.59,1,10.13,1,0.879,-8.24,-10.19,-0.0,1,5,0.2811,0.209,0.2756,0.2127
98.766,1,0.803,-10.48,5.63,5,76.1,20.2,0.2357,-0.0965,0.247,-0.002,-0.202,-0.121,-0.065,6.7,11.59,1,10.13,1,0.87,-6.79,-4.89,2.425,1,5,0.2793,0.209,0.2811,0.2182
98.8,1,0.787,-10.98,5.98,5,76.1,20.57,0.2357,-0.0913,0.249,-0.0,-0.12,-0.116,-0.064,6.59,11.59,1,5.42,1,0.87,-6.79,-4.89,2.425,1,5,0.2794,0.2146,0.2831,0.2202
98.865,1,0.79,-10.48,5.04,5,74.5,20.44,0.2283,-0.0928,0.252,-0.001,-0.115,-0.096,-0.062,5.84,11.59,1,5.42,1,0.827,-4.36,-8.57,-0.201,1,5,0.2773,0.2256,0.2755,0.2293
98.9,1,0.781,-10.48,5.13,5,73.2,20.2,0.2283,-0.0689,0.249,-0.003,-0.092,-0.091,-0.062,5.79,11.59,1,5.42,1,0.827,-4.36,-8.57,-0.201,1,5,0.2698,0.2217,0.2716,0.2347
98.97,1,0.772,-10.48,3.89,5,72.6,20.44,0.2308,-0.0728,0.246,-0.002,-0.084,-0.072,-0.06,5.21,11.59,1,5.42,1,0.855,-3.39,-0.71,0.718,1,5,0.2663,0.2275,0.2608,0.2312
99.034,1,0.767,-10.73,4.09,5,72.5,20.56,0.2357,-0.0343,0.245,-0.005,-0.059,-0.057,-0.059,4.93,11.62,1,3.29,1,0.852,-3.39,-0.7,0.694,1,5,0.2646,0.222,0.259,0.235
99.065,1,0.765,-10.48,3.78,5,72.3,20.56,0.2234,-0.0327,0.244,-0.002,-0.123,-0.047,-0.058,4.7,11.62,1,3.29,1,0.842,-3.39,-1.62,2.007,1,5,0.2572,0.2276,0.2554,0.235
99.1,1,0.765,-10.48,3.81,5,73.0,20.44,0.2165,-0.0233,0.242,-0.003,-0.078,-0.042,-0.058,4.58,11.62,1,3.29,1,0.842,-3.39,-1.62,2.007,1,5,0.2553,0.2276,0.2498,0.235
99.167,1,0.77,-9.48,3.43,5,71.9,20.2,0.201,-0.0174,0.242,-0.0,-0.04,-0.023,-0.056,4.58,11.62,1,3.29,1,0.827,0.48,3.56,2.493,1,5,0.2478,0.2367,0.2459,0.2367
99.197,1,0.681,-9.48,4.02,4,75.0,20.38,0.201,-0.0187,0.241,-0.0,-0.073,-0.018,-0.056,4.47,11.62,1,2.69,1,0.827,0.48,3.56,2.493,1,5,0.2459,0.2367,0.2441,0.2367
99.265,1,0.68,-8.98,3.43,4,75.9,20.58,0.2195,-0.0421,0.231,-0.002,-0.053,0.0,-0.055,4.41,11.62,1,2.69,1,0.812,1.45,4.72,0.605,1,5,0.2363,0.2234,0.2345,0.2308
99.297,1,0.684,-8.73,3.27,4,76.0,20.33,0.2192,-0.0293,0.229,-0.0,-0.051,0.005,-0.054,4.35,11.62,1,2.69,1,0.822,0.48,3.05,-1.643,1,5,0.2328,0.2235,0.2328,0.2254
99.366,1,0.661,-7.99,4.76,4,76.7,21.03,0.1959,-0.0171,0.218,-0.003,-0.025,0.022,-0.054,4.35,11.62,1,2.69,1,0.763,4.85,-2.81,3.218,1,5,0.2258,0.2129,0.2184,0.2166
99.397,1,0.549,-7.99,2.81,3,76.7,20.57,0.2025,-0.0725,0.219,-0.004,-0.082,0.027,-0.053,4.24,11.63,1,3.57,1,0.347,1.2,-0.26,2.446,1,4,0.2277,0.2129,0.2184,0.2184
99.467,1,0.696,-7.24,2.46,4,76.0,20.56,0.1703,-0.0022,0.219,-0.005,0.054,0.044,-0.052,4.13,11.63,1,3.57,1,0.346,0.6,-0.96,-3.986,1,4,0.2259,0.2074,0.2222,0.2222
99.497,1,0.545,-6.74,1.98,3,77.5,20.56,0.1772,-0.0043,0.217,-0.005,0.035,0.048,-0.052,4.18,11.63,1,3.57,1,0.338,1.8,-1.62,2.08,1,4,0.2241,0.2037,0.2204,0.2204
99.563,1,0.681,-7.24,3.26,4,78.0,20.56,0.1794,0.0043,0.207,-0.002,-0.088,0.065,-0.051,3.9,11.63,1,3.57,1,0.34,1.8,-1.66,-4.351,1,4,0.2184,0.2054,0.211,0.2036
99.665,1,0.681,-7.24,3.26,4,78.0,20.56,0.1556,-0.0129,0.193,0.001,-0.103,0.084,-0.05,3.72,11.63,1,2.82,1,0.35,1.8,0.26,-3.927,1,4,0.1944,0.187,0.2,0.1889
99.698,1,0.684,-6.99,2.69,4,78.1,20.56,0.1556,-0.013,0.191,0.0,-0.026,0.088,-0.05,3.67,11.63,1,2.82,1,0.35,1.8,0.26,-3.927,1,4,0.1926,0.1833,0.2,0.1889
99.765,1,0.68,-6.74,2.6,4,77.1,20.56,0.1766,-0.0091,0.172,-0.006,-0.032,0.101,-0.049,3.61,11.63,1,2.82,1,0.346,1.2,-3.73,-1.918,1,4,0.185,0.1554,0.1776,0.1702
99.797,1,0.664,-6.49,3.33,4,77.0,21.04,0.1836,-0.0116,0.17,-0.004,-0.014,0.105,-0.049,3.55,11.63,1,2.96,1,0.346,1.2,-3.73,-1.918,1,4,0.1813,0.1591,0.1739,0.1665
99.864,1,0.682,-6.24,2.48,4,76.9,20.51,0.2068,-0.0425,0.168,0.002,0.002,0.118,-0.048,3.5,11.63,1,2.96,1,0.343,1.2,-3.75,-1.918,1,4,0.1648,0.1722,0.1666,0.1666
99.901,1,0.686,-6.24,2.41,4,76.7,20.51,0.2137,-0.0218,0.166,0.0,0.023,0.121,-0.048,3.5,11.63,1,2.96,1,0.343,1.2,-3.75,-1.918,1,4,0.1648,0.1704,0.163,0.1667
99.932,1,0.685,-5.49,2.37,4,75.8,21.03,0.2075,-0.0173,0.169,-0.003,0.052,0.128,-0.048,3.55,11.63,1,2.96,1,0.345,1.8,-4.21,-2.921,1,4,0.1713,0.1639,0.1676,0.1713
99.964,1,0.691,-5.24,2.41,4,75.8,20.69,0.1875,-0.0191,0.178,-0.001,-0.046,0.136,-0.047,3.55,11.63,1,2.96,1,0.345,1.8,-4.21,-2.921,1,4,0.1769,0.1732,0.1806,0.1806
99.998,1,0.684,-4.99,2.16,4,76.5,20.89,0.1875,-0.023,0.184,0.0,-0.062,0.14,-0.047,3.44,11.64,1,2.72,1,0.345,1.8,-4.21,-2.921,1,4,0.1823,0.1805,0.1879,0.1842
100.069,1,0.665,-4.49,1.58,4,76.7,21.03,0.1907,-0.0179,0.191,-0.002,0.073,0.155,-0.046,3.5,11.64,1,2.72,1,0.755,36.84,-12.35,0.0,0,5,0.1962,0.1851,0.1925,0.1906
100.166,1,0.519,-3.99,1.44,3,78.0,21.1,0.1853,-0.0044,0.188,0.003,0.004,0.174,-0.045,3.32,11.64,1,2.72,1,0.352,4.21,-1.86,-2.992,1,4,0.1888,0.1907,0.1925,0.1815
100.199,1,0.676,-3.99,1.7,4,78.2,21.03,0.1831,-0.0063,0.188,0.003,-0.012,0.178,-0.044,3.27,11.64,1,1.57,1,0.351,4.21,-1.87,-3.061,1,4,0.1873,0.1873,0.1945,0.1818
100.264,1,0.683,-3.49,1.83,4,78.0,20.69,0.2038,-0.0157,0.188,0.001,-0.076,0.193,-0.043,3.15,11.64,1,1.57,1,0.352,5.41,-2.96,0.123,1,4,0.1875,0.1838,0.1948,0.1875
100.298,1,0.682,-3.49,1.74,4,79.4,20.89,0.2107,-0.0268,0.187,0.001,-0.022,0.197,-0.043,3.15,11.64,1,1.57,1,0.352,5.41,-2.96,0.123,1,4,0.1872,0.1835,0.1927,0.1853
100.333,1,0.665,-3.74,2.15,4,79.2,20.69,0.2063,-0.0223,0.187,-0.001,0.005,0.205,-0.043,3.09,11.64,1,1.57,1,0.352,4.81,-3.65,-6.267,1,4,0.1886,0.1832,0.1886,0.1868
100.366,1,0.676,-3.49,1.83,4,78.9,21.03,0.1824,-0.0252,0.19,-0.005,-0.037,0.213,-0.043,3.09,11.64,1,1.57,1,0.353,5.41,-4.53,-3.842,1,4,0.1973,0.1809,0.19,0.1919
100.396,1,0.678,-3.24,1.56,4,78.0,20.56,0.1706,-0.0169,0.193,-0.002,-0.016,0.217,-0.042,3.04,11.66,1,1.57,1,0.354,5.41,-4.53,-3.842,1,4,0.1992,0.1864,0.1956,0.1919
100.464,1,0.674,-3.24,1.56,4,77.9,20.56,0.1225,-0.0022,0.195,0.0,0.031,0.232,-0.042,2.86,11.66,1,1.57,1,0.741,10.18,-4.58,4.958,1,5,0.1977,0.1903,0.2014,0.1922
100.499,1,0.67,-2.99,1.38,4,77.4,20.89,0.1106,0.0007,0.194,-0.0,0.019,0.236,-0.041,2.92,11.66,1,1.57,1,0.741,10.18,-4.58,4.958,1,5,0.1958,0.1847,0.2014,0.1921
100.565,1,0.664,-3.24,1.49,4,77.7,20.69,0.09,0.0022,0.175,0.004,-0.16,0.25,-0.041,2.46,11.66,1,1.57,1,0.766,8.72,-5.16,3.561,1,5,0.1793,0.172,0.1849,0.1627
100.597,1,0.664,-3.49,1.11,4,77.0,20.89,0.09,0.0034,0.168,0.006,-0.057,0.253,-0.04,2.41,11.66,1,1.53,1,0.766,8.72,-5.16,3.561,1,5,0.172,0.1702,0.1776,0.1535
100.632,1,0.67,-3.24,0.63,4,77.7,20.51,0.09,0.013,0.16,0.006,0.033,0.259,-0.04,2.41,11.66,1,1.53,1,0.761,8.24,-8.05,2.822,1,5,0.1646,0.159,0.1738,0.1442
100.669,1,0.675,-3.24,0.84,4,78.6,20.69,0.09,0.0181,0.153,0.006,-0.065,0.265,-0.039,2.29,11.66,1,1.53,1,0.753,35.38,-13.68,0.0,0,5,0.1552,0.1441,0.1736,0.1404
100.695,1,0.68,-2.99,0.93,4,77.1,20.77,0.09,0.0144,0.149,0.003,-0.064,0.268,-0.039,2.23,11.66,1,1.53,1,0.731,9.69,-7.37,4.364,1,5,0.1511,0.1345,0.1695,0.14
100.764,1,0.679,-3.49,0.85,4,76.1,21.03,0.09,0.0101,0.133,0.003,-0.085,0.278,-0.039,1.89,11.66,1,1.53,1,0.735,9.69,-8.15,2.6,1,5,0.1401,0.1309,0.1401,0.1199
100.797,1,0.672,-3.49,0.48,4,76.6,20.89,0.09,0.0179,0.129,0.004,-0.001,0.281,-0.038,1.83,11.66,1,1.42,1,0.735,9.69,-8.15,2.6,1,5,0.1368,0.1294,0.1368,0.1128
100.83,1,0.665,-3.24,0.54,4,77.8,20.51,0.09,0.024,0.122,0.005,-0.041,0.285,-0.038,1.83,11.66,1,1.42,1,0.817,7.27,-0.7,-3.436,1,5,0.1275,0.1183,0.1349,0.1072
100.863,1,0.647,-3.24,0.21,4,78.1,20.69,0.09,0.0196,0.113,0.003,-0.014,0.29,-0.038,1.78,11.66,1,1.42,1,0.819,7.76,-0.37,-0.434,1,5,0.1159,0.1049,0.127,0.1049
100.898,1,0.578,-2.99,0.54,4,76.8,20.77,0.09,0.0254,0.11,0.002,-0.019,0.292,-0.038,1.72,11.66,1,1.42,1,0.819,7.76,-0.37,-0.434,1,5,0.1104,0.1012,0.1233,0.1049
100.932,1,0.595,-2.99,0.64,4,75.4,20.77,0.09,0.0168,0.102,0.001,-0.036,0.296,-0.038,1.66,11.66,1,1.42,1,0.827,7.27,-1.09,-3.815,1,5,0.1012,0.0939,0.1123,0.0994
100.963,1,0.608,-2.99,0.36,4,74.8,20.89,0.09,0.0153,0.094,0.005,0.015,0.299,-0.037,1.66,11.66,1,1.42,1,0.822,7.27,-1.09,-3.815,1,5,0.0887,0.0924,0.1053,0.0887
100.997,1,0.666,-2.99,-0.06,4,75.3,20.89,0.09,0.0202,0.091,0.006,0.01,0.301,-0.037,1.66,11.69,1,0.54,1,0.822,7.27,-1.09,-3.815,1,5,0.085,0.0942,0.0998,0.0868
101.031,1,0.667,-3.24,0.21,4,76.4,20.69,0.09,0.0278,0.089,0.008,-0.022,0.305,-0.037,1.55,11.69,1,0.54,1,0.763,10.18,-2.9,1.183,1,5,0.0793,0.0977,0.0959,0.083
101.062,1,0.659,-2.75,-0.3,4,77.1,20.69,0.09,0.0262,0.085,0.005,-0.061,0.308,-0.036,1.55,11.69,1,0.54,1,0.75,10.66,-2.87,4.22,1,5,0.0793,0.0904,0.0959,0.0812
101.096,1,0.658,-3.24,0.21,4,76.8,20.69,0.09,0.0287,0.083,0.004,-0.043,0.309,-0.036,1.49,11.69,1,0.54,1,0.75,10.66,-2.87,4.22,1,5,0.083,0.0812,0.0922,0.0738
101.132,1,0.593,-3.24,0.17,4,75.9,20.52,0.09,0.0261,0.078,0.001,-0.016,0.312,-0.036,1.43,11.69,1,0.54,1,0.729,11.63,-2.98,1.972,1,5,0.0832,0.0721,0.085,0.0702
101.163,1,0.605,-3.24,0.23,4,75.4,20.52,0.09,0.0266,0.075,0.0,-0.005,0.315,-0.036,1.43,11.69,1,0.54,1,0.75,11.15,-4.53,3.094,1,5,0.0777,0.0721,0.0795,0.0721
101.197,1,0.679,-3.24,-0.1,4,75.2,20.52,0.09,0.0254,0.074,-0.0,0.031,0.317,-0.036,1.43,11.69,1,0.29,1,0.75,11.15,-4.53,3.094,1,5,0.0758,0.0721,0.0758,0.074
101.229,1,0.682,-2.99,-0.39,4,75.1,20.77,0.09,0.0311,0.072,0.0,0.012,0.32,-0.036,1.49,11.69,1,0.29,1,0.737,12.12,-4.29,2.514,1,5,0.0685,0.0722,0.0722,0.074
101.263,1,0.667,-2.99,0.18,4,74.9,20.89,0.09,0.0332,0.069,0.0,0.001,0.322,-0.036,1.49,11.69,1,0.29,1,0.737,12.12,-4.29,2.514,1,5,0.0667,0.0741,0.0648,0.0704
101.298,1,0.69,-2.75,0.03,4,75.1,20.52,0.09,0.0234,0.068,0.001,0.012,0.324,-0.036,1.55,11.69,1,0.29,1,0.737,12.12,-4.29,2.514,1,5,0.063,0.0741,0.063,0.0704
101.33,1,0.691,-2.75,-0.05,4,75.2,20.78,0.09,0.0232,0.064,0.004,0.027,0.326,-0.035,1.55,11.69,1,0.29,1,0.723,12.6,-2.83,1.355,1,5,0.0583,0.0765,0.0583,0.0619
101.364,1,0.688,-2.75,-0.05,4,75.4,20.78,0.09,0.0249,0.063,0.005,0.046,0.329,-0.035,1.72,11.69,1,0.29,1,0.723,12.6,-2.83,1.355,1,5,0.0546,0.0765,0.0583,0.0619
101.396,1,0.684,-2.5,0.01,4,76.0,20.69,0.09,0.025,0.063,0.005,0.046,0.329,-0.035,1.72,11.69,1,0.29,1,0.723,12.6,-2.83,1.355,1,5,0.0546,0.0765,0.0583,0.0619
101.431,1,0.688,-2.25,-0.23,4,76.7,20.56,0.09,0.0212,0.065,-0.0,0.015,0.333,-0.035,1.72,11.69,1,1.44,1,0.722,13.09,-1.75,5.713,1,5,0.0567,0.0641,0.0641,0.0732
101.463,1,0.689,-2.5,0.34,4,76.8,20.56,0.09,0.0229,0.064,-0.001,0.001,0.335,-0.035,1.72,11.69,1,1.44,1,0.725,13.57,-3.01,2.239,1,5,0.0549,0.0586,0.0641,0.0714
101.497,1,0.688,-2.25,0.16,4,76.9,20.52,0.09,0.0163,0.064,-0.001,0.001,0.335,-0.035,1.72,11.69,1,1.44,1,0.725,13.57,-3.01,2.239,1,5,0.0585,0.0604,0.064,0.0713
101.529,1,0.66,-2.5,0.33,4,76.6,20.89,0.09,0.0165,0.065,-0.001,0.001,0.339,-0.035,1.72,11.69,1,1.44,1,0.714,13.57,-1.19,3.19,1,5,0.0663,0.0663,0.0626,0.0663
101.563,1,0.68,-2.25,0.15,4,76.8,20.52,0.09,0.0167,0.069,-0.0,0.033,0.342,-0.035,1.78,11.69,1,1.44,1,0.714,13.57,-1.19,3.19,1,5,0.0663,0.07,0.0663,0.0718
101.597,1,0.688,-2.25,0.16,4,77.0,20.52,0.09,0.0167,0.069,-0.0,0.033,0.342,-0.035,1.78,11.69,1,1.44,1,0.714,13.57,-1.19,3.19,1,5,0.0663,0.07,0.0663,0.0718
101.63,1,0.692,-1.75,0.28,4,77.1,20.52,0.09,0.017,0.068,-0.002,0.05,0.345,-0.035,1.89,11.69,1,3.85,1,0.333,1.8,-11.49,0.0,0,4,0.0629,0.0666,0.0666,0.0777
101.662,1,0.69,-1.75,0.18,4,77.3,20.51,0.09,0.0091,0.068,-0.001,0.026,0.347,-0.035,2.01,11.69,1,3.85,1,0.341,3.0,-12.75,-6.888,1,4,0.0607,0.0681,0.0663,0.0773
101.695,1,0.677,-1.5,0.59,4,78.0,20.56,0.09,0.0112,0.068,-0.003,0.031,0.349,-0.035,2.01,11.69,1,3.85,1,0.344,3.0,-10.67,-4.529,1,4,0.0626,0.0718,0.0589,0.0792
101.73,1,0.675,-1.25,0.79,4,77.5,20.56,0.09,0.0016,0.068,-0.001,0.03,0.352,-0.035,2.12,11.69,1,3.85,1,0.343,4.21,-11.64,-6.876,1,4,0.0644,0.081,0.0516,0.0736
101.762,1,0.678,-1.0,0.46,4,77.5,20.89,0.09,-0.0043,0.069,-0.001,0.03,0.354,-0.035,2.18,11.69,1,3.85,1,0.341,4.21,-9.49,-4.447,1,4,0.0666,0.0814,0.0481,0.0777
101.796,1,0.678,-1.0,1.1,4,77.4,20.89,0.09,-0.0013,0.068,-0.0,0.025,0.356,-0.035,2.23,11.69,1,3.85,1,0.341,4.21,-9.49,-4.447,1,4,0.0647,0.0814,0.0536,0.0721
101.829,1,0.677,-0.75,0.91,4,77.8,20.56,0.09,-0.0116,0.069,0.001,0.039,0.359,-0.035,2.29,11.7,1,3.85,1,0.339,4.21,-9.54,-4.583,1,4,0.0588,0.0735,0.0661,0.0772
101.866,1,0.629,-0.75,2.67,4,77.9,21.86,0.09,-0.0108,0.069,0.003,0.026,0.361,-0.034,2.35,11.7,1,3.85,1,0.338,5.41,-10.48,-6.922,1,4,0.057,0.068,0.0753,0.0753
101.895,1,0.676,-0.75,1.09,4,78.3,20.51,0.09,-0.0412,0.069,0.002,-0.002,0.363,-0.034,2.35,11.7,1,3.85,1,0.336,5.41,-8.93,-2.891,1,4,0.0606,0.0662,0.0753,0.0735
101.929,1,0.677,-0.75,1.16,4,78.2,20.51,0.09,-0.0131,0.072,0.0,-0.006,0.366,-0.034,2.35,11.7,1,3.85,1,0.336,5.41,-7.89,-1.723,1,4,0.0703,0.0703,0.074,0.0722
101.962,1,0.676,-0.5,0.84,4,78.1,20.56,0.09,-0.0141,0.074,-0.002,0.016,0.369,-0.034,2.35,11.7,1,3.85,1,0.335,5.41,-8.93,-2.864,1,4,0.074,0.0721,0.074,0.074
101.996,1,0.726,-0.25,1.67,5,77.8,20.57,0.09,-0.0115,0.077,-0.002,0.036,0.37,-0.034,2.41,11.7,1,3.85,1,0.335,5.41,-8.93,-2.864,1,4,0.0776,0.0739,0.0758,0.0795
102.029,1,0.7,-0.25,2.08,5,77.8,20.81,0.09,-0.0285,0.078,-0.001,0.012,0.374,-0.034,2.41,11.7,1,4.06,1,0.339,3.0,-13.22,0.0,0,4,0.0757,0.0757,0.0776,0.0813
102.062,1,0.722,0.0,1.75,5,78.1,20.96,0.09,-0.035,0.078,0.0,0.01,0.377,-0.034,2.46,11.7,1,4.06,1,0.755,9.21,-12.85,1.614,1,5,0.0739,0.0813,0.0739,0.0813
102.095,1,0.674,0.0,1.67,4,78.5,21.04,0.09,-0.0323,0.077,-0.001,0.002,0.378,-0.034,2.46,11.7,1,4.06,1,0.755,9.21,-12.85,1.614,1,5,0.0757,0.0831,0.0683,0.0794
102.127,1,0.686,0.0,1.02,4,78.6,20.77,0.09,-0.0302,0.076,-0.002,0.008,0.381,-0.034,2.46,11.7,1,4.06,1,0.348,4.21,-12.05,-3.166,1,4,0.0794,0.0868,0.0609,0.0776
102.163,1,0.689,0.25,0.78,4,78.9,20.52,0.09,-0.0185,0.075,-0.002,0.014,0.384,-0.034,2.46,11.7,1,4.06,1,0.346,4.21,-13.91,-3.554,1,4,0.0776,0.0832,0.0628,0.0776
102.195,1,0.739,0.25,1.39,5,78.5,20.57,0.09,-0.0172,0.077,-0.001,0.031,0.386,-0.034,2.52,11.7,1,4.06,1,0.346,4.21,-13.91,-3.554,1,4,0.0739,0.0813,0.0702,0.0813
102.232,1,0.737,0.25,1.9,5,78.0,20.81,0.09,-0.0275,0.076,0.0,0.004,0.389,-0.034,2.52,11.7,1,3.33,1,0.745,10.66,-12.74,1.437,1,5,0.0685,0.074,0.0796,0.0833
102.261,1,0.736,-0.25,1.68,5,76.8,20.81,0.09,-0.036,0.077,-0.001,-0.005,0.392,-0.034,2.52,11.7,1,3.33,1,0.755,10.18,-12.48,-0.114,1,5,0.0703,0.0703,0.0814,0.0851
102.296,1,0.674,-0.25,1.23,4,76.2,20.69,0.09,-0.0258,0.076,-0.003,-0.003,0.393,-0.034,2.52,11.7,1,3.33,1,0.755,10.18,-12.48,-0.114,1,5,0.0759,0.0685,0.0777,0.0814
102.329,1,0.691,0.25,0.84,4,76.1,21.0,0.09,-0.0183,0.08,-0.007,0.058,0.397,-0.034,2.58,11.7,1,3.33,1,0.347,4.21,-12.04,-3.164,1,4,0.0887,0.0684,0.0776,0.085
102.363,1,0.69,0.25,1.43,4,76.3,20.84,0.09,-0.0178,0.081,-0.006,0.006,0.4,-0.034,2.52,11.7,1,3.33,1,0.343,4.21,-11.64,-6.811,1,4,0.0924,0.0721,0.0795,0.0813
102.396,1,0.671,0.25,2.64,4,76.6,20.84,0.09,-0.0278,0.083,-0.003,0.005,0.402,-0.034,2.52,11.7,1,3.33,1,0.343,4.21,-11.64,-6.811,1,4,0.0887,0.0776,0.0813,0.0832
102.43,1,0.685,0.25,1.08,4,76.6,20.69,0.09,-0.0488,0.08,0.001,-0.011,0.405,-0.034,2.52,11.72,1,2.5,1,0.339,6.61,-9.6,0.0,0,4,0.0813,0.085,0.0776,0.0776
102.463,1,0.681,0.25,1.1,4,76.5,20.69,0.09,-0.0214,0.08,-0.001,-0.016,0.408,-0.034,2.46,11.72,1,2.5,1,0.343,6.61,-7.11,-4.761,1,4,0.0813,0.085,0.0721,0.0813
102.497,1,0.641,0.25,1.45,4,77.4,20.69,0.09,-0.0218,0.078,-0.003,-0.005,0.41,-0.034,2.46,11.72,1,2.5,1,0.343,6.61,-7.11,-4.761,1,4,0.0814,0.0814,0.0684,0.0795
102.53,1,0.633,0.25,1.54,4,76.7,20.69,0.09,-0.0277,0.075,-0.002,0.018,0.413,-0.033,2.46,11.72,1,2.5,1,0.348,7.21,-8.04,-2.323,1,4,0.0777,0.0759,0.0703,0.0777
102.561,1,0.687,0.75,2.02,5,76.1,21.42,0.09,-0.0291,0.075,0.002,0.029,0.416,-0.033,2.52,11.72,1,2.5,1,0.348,7.21,-8.04,-2.323,1,4,0.0741,0.0722,0.0759,0.0759
102.597,1,0.715,0.75,2.6,5,75.8,21.67,0.09,-0.0438,0.076,0.002,-0.007,0.417,-0.033,2.52,11.72,1,2.5,1,0.348,7.21,-8.04,-2.323,1,4,0.0704,0.0741,0.0834,0.0778
102.63,1,0.726,0.25,2.09,5,75.0,21.42,0.09,-0.0533,0.078,-0.0,-0.043,0.42,-0.033,2.46,11.72,1,2.31,1,0.344,7.21,-7.56,-5.753,1,4,0.0759,0.074,0.0815,0.0815
102.666,1,0.673,0.25,1.69,4,75.5,20.84,0.09,-0.0381,0.081,-0.005,-0.016,0.424,-0.033,2.41,11.72,1,2.31,1,0.342,6.61,-6.7,-1.825,1,4,0.0888,0.074,0.0777,0.0833
102.696,1,0.676,-0.25,0.9,4,76.2,20.95,0.09,-0.0313,0.081,-0.005,-0.036,0.425,-0.033,2.35,11.72,1,2.31,1,0.339,6.61,-7.65,-2.704,1,4,0.0907,0.0722,0.0814,0.0814
102.729,1,0.664,-0.25,0.98,4,76.7,20.69,0.09,-0.0117,0.084,-0.002,-0.019,0.429,-0.033,2.35,11.72,1,2.31,1,0.338,6.61,-7.66,-2.649,1,4,0.0907,0.074,0.0888,0.0814
102.762,1,0.649,-0.25,1.55,4,78.5,21.1,0.09,-0.0135,0.082,0.003,-0.01,0.432,-0.033,2.29,11.72,1,2.31,1,0.339,6.01,-8.74,-5.735,1,4,0.087,0.0759,0.0926,0.0815
102.794,1,0.635,-0.25,1.72,4,78.8,21.0,0.09,-0.024,0.082,0.001,-0.03,0.434,-0.033,2.29,11.72,1,2.31,1,0.339,6.01,-8.74,-5.735,1,4,0.0834,0.0815,0.0852,0.0778
102.828,1,0.632,-0.25,1.77,4,78.4,21.0,0.09,-0.0272,0.079,-0.001,-0.036,0.437,-0.033,2.18,11.72,1,1.87,1,0.339,6.01,-8.74,-5.735,1,4,0.0834,0.0815,0.0741,0.0759
102.863,1,0.615,-0.25,1.43,4,78.0,20.69,0.09,-0.0282,0.079,-0.003,0.027,0.44,-0.033,2.18,11.72,1,1.87,1,0.339,6.01,-8.74,-5.735,1,4,0.0815,0.0796,0.0722,0.0833
102.895,1,0.653,0.0,0.81,4,78.2,20.89,0.09,-0.0224,0.081,-0.002,0.038,0.442,-0.033,2.23,11.72,1,1.87,1,0.339,6.01,-8.74,-5.735,1,4,0.0796,0.0796,0.0778,0.0852
102.93,1,0.653,0.0,0.85,4,78.0,20.89,0.09,-0.0147,0.082,0.001,-0.012,0.445,-0.032,2.23,11.72,1,1.87,1,0.356,6.01,-8.77,-5.735,1,4,0.0759,0.0796,0.087,0.087
102.964,1,0.649,-0.25,1.11,4,77.8,20.95,0.09,-0.0151,0.085,-0.0,-0.032,0.448,-0.032,2.18,11.72,1,1.87,1,0.362,6.01,-8.81,-5.735,1,4,0.0852,0.0815,0.0871,0.0852
102.995,1,0.661,-0.25,0.65,4,77.4,20.84,0.09,-0.0166,0.086,-0.002,-0.026,0.45,-0.033,2.18,11.72,1,1.87,1,0.362,6.01,-8.81,-5.735,1,4,0.0908,0.0815,0.0852,0.0852
103.028,1,0.661,-0.25,0.65,4,78.2,20.84,0.09,-0.0087,0.088,-0.004,-0.01,0.454,-0.032,2.12,11.72,1,1.69,1,0.369,5.41,-7.9,-1.764,1,4,0.0963,0.0834,0.0852,0.0871
103.064,1,0.657,-0.25,0.8,4,78.3,21.0,0.09,-0.0089,0.088,-0.001,0.009,0.457,-0.032,2.18,11.72,1,1.69,1,0.369,5.41,-7.9,-1.764,1,4,0.0926,0.087,0.087,0.087
103.095,1,0.648,-0.25,0.77,4,78.7,21.26,0.09,-0.0116,0.087,0.0,0.0,0.459,-0.032,2.18,11.72,1,1.69,1,0.364,5.41,-7.9,-1.759,1,4,0.0889,0.0889,0.0852,0.0852
103.131,1,0.646,0.25,0.57,4,79.3,20.95,0.09,-0.0111,0.084,-0.0,-0.028,0.462,-0.032,2.12,11.72,1,1.69,1,0.364,6.01,-8.89,-5.735,1,4,0.0875,0.0911,0.0766,0.082
103.161,1,0.619,0.0,1.17,4,80.1,21.03,0.09,-0.0136,0.084,-0.001,0.013,0.466,-0.032,2.18,11.72,1,1.69,1,0.357,5.41,-7.61,-5.225,1,4,0.0885,0.0903,0.0759,0.0849
103.196,1,0.638,0.0,1.0,4,80.4,20.89,0.09,-0.0205,0.086,-0.002,0.03,0.468,-0.032,2.18,11.72,1,1.69,1,0.354,6.01,-8.92,-5.735,1,4,0.0848,0.0866,0.0812,0.0902
103.229,1,0.651,0.0,1.15,4,80.6,21.26,0.09,-0.0176,0.087,0.0,-0.002,0.471,-0.032,2.23,11.72,1,1.38,1,0.352,6.01,-8.93,-5.735,1,4,0.0801,0.0837,0.091,0.0928
103.264,1,0.655,-0.25,0.95,4,80.6,20.95,0.09,-0.0202,0.087,-0.0,-0.002,0.475,-0.032,2.18,11.72,1,1.38,1,0.745,56.71,-14.86,0.0,0,5,0.0845,0.0827,0.09,0.09
103.296,1,0.666,0.0,0.68,4,79.9,20.89,0.09,-0.0136,0.086,-0.001,0.031,0.476,-0.032,2.23,11.72,1,1.38,1,0.733,57.19,-24.73,0.0,0,5,0.0882,0.0826,0.0882,0.0863
103.326,1,0.678,0.0,0.68,4,79.6,20.89,0.09,-0.0121,0.087,-0.002,0.005,0.48,-0.032,2.18,11.72,1,1.38,1,0.74,57.19,-23.5,0.0,0,5,0.0927,0.0836,0.0854,0.0854
103.365,1,0.675,0.0,0.68,4,80.6,20.89,0.09,-0.012,0.087,-0.0,0.008,0.484,-0.031,2.23,11.72,1,1.38,1,0.74,57.19,-23.5,0.0,0,5,0.0908,0.0871,0.0853,0.0835
103.395,1,0.673,0.25,0.44,4,80.8,20.69,0.09,-0.0119,0.086,0.001,0.011,0.485,-0.031,2.23,11.72,1,1.38,1,0.737,58.65,-24.89,0.0,0,5,0.089,0.089,0.0853,0.0817
103.426,1,0.654,0.25,0.73,4,80.6,20.69,0.09,-0.0108,0.085,0.001,-0.076,0.489,-0.031,2.12,11.73,1,0.94,1,0.342,6.61,-10.11,0.0,0,4,0.0887,0.0924,0.0813,0.0794
103.465,1,0.677,0.25,0.45,4,80.1,20.69,0.09,-0.0155,0.083,0.0,-0.029,0.492,-0.031,2.06,11.73,1,0.94,1,0.342,6.61,-10.11,0.0,0,4,0.0887,0.0887,0.0776,0.0757
103.496,1,0.678,0.25,0.44,4,79.0,20.69,0.09,-0.0104,0.082,0.0,-0.01,0.493,-0.031,2.01,11.73,1,0.94,1,0.357,12.02,0.18,-4.312,1,4,0.0849,0.0849,0.0794,0.0776
103.526,1,0.653,0.25,0.69,4,78.6,20.69,0.09,-0.0103,0.082,0.002,0.022,0.497,-0.031,2.06,11.73,1,0.94,1,0.774,64.46,-6.67,0.0,0,5,0.0794,0.0831,0.0849,0.0813
103.566,1,0.595,0.25,0.72,4,78.7,20.69,0.09,-0.0144,0.086,0.002,0.002,0.501,-0.031,2.06,11.73,1,0.94,1,0.748,64.46,-17.23,0.0,0,5,0.0813,0.085,0.0924,0.0868
103.595,1,0.584,0.25,0.76,4,78.7,20.69,0.09,-0.0149,0.089,0.002,-0.013,0.502,-0.03,2.06,11.73,1,0.94,1,0.732,63.98,-8.25,0.0,0,5,0.085,0.0887,0.0942,0.0887
103.626,1,0.563,0.0,2.07,4,79.2,21.81,0.09,-0.0156,0.092,0.0,-0.014,0.506,-0.03,2.01,11.73,1,0.94,1,0.337,12.02,0.36,-7.81,1,4,0.0924,0.0868,0.0979,0.0905
103.665,1,0.48,0.25,3.77,3,79.4,20.57,0.09,-0.0355,0.091,-0.001,0.014,0.51,-0.03,2.06,11.73,1,0.94,1,0.357,12.02,0.64,-1.51,1,4,0.0923,0.0849,0.096,0.0923
103.697,1,0.514,0.5,0.48,3,79.7,21.1,0.09,-0.0684,0.09,-0.001,0.003,0.512,-0.03,2.06,11.73,1,0.94,1,0.353,12.62,0.05,-3.471,1,4,0.0905,0.0849,0.0942,0.0923
103.728,1,0.51,0.75,0.54,3,79.7,20.57,0.09,-0.0138,0.091,0.001,-0.035,0.515,-0.03,2.06,11.73,1,0.94,1,0.35,12.62,1.26,-1.544,1,4,0.0905,0.0924,0.0905,0.0887
103.764,1,0.568,0.75,0.78,4,80.1,20.69,0.09,-0.0175,0.089,0.002,-0.049,0.519,-0.03,1.95,11.73,1,0.94,1,0.35,12.62,1.26,-1.544,1,4,0.0905,0.0961,0.0868,0.085
103.795,1,0.576,0.75,0.82,4,80.1,20.69,0.09,-0.0213,0.089,0.001,-0.038,0.52,-0.03,1.89,11.73,1,0.94,1,0.344,9.62,-0.29,2.639,1,4,0.0923,0.096,0.0849,0.0831
103.828,1,0.578,0.75,0.81,4,79.6,20.69,0.09,-0.0217,0.087,0.001,0.012,0.524,-0.03,1.89,11.73,1,1.17,1,0.352,10.82,-6.95,-7.553,1,4,0.0886,0.0886,0.0886,0.0831
103.866,1,0.602,0.75,0.9,4,78.9,20.69,0.09,-0.0213,0.088,0.001,-0.024,0.527,-0.029,1.89,11.73,1,1.17,1,0.362,12.62,-0.27,-5.579,1,4,0.0887,0.0832,0.0961,0.085
103.894,1,0.602,0.75,0.9,4,78.7,20.69,0.09,-0.0228,0.089,0.002,-0.016,0.529,-0.029,1.89,11.73,1,1.17,1,0.37,12.62,-0.65,-1.666,1,4,0.0888,0.0851,0.0962,0.0851
103.929,1,0.598,1.0,0.34,4,79.0,21.19,0.09,-0.0227,0.091,-0.0,0.032,0.533,-0.029,1.89,11.73,1,1.17,1,0.373,12.62,-0.67,-1.727,1,4,0.0962,0.087,0.0944,0.087
103.961,1,0.572,1.25,0.55,4,79.3,21.0,0.09,-0.0159,0.09,-0.0,0.017,0.537,-0.029,1.95,11.73,1,1.17,1,0.374,12.62,-0.68,-1.741,1,4,0.0944,0.087,0.0907,0.087
103.995,1,0.576,1.5,0.72,4,79.0,20.89,0.09,-0.0224,0.09,-0.001,0.022,0.538,-0.029,1.95,11.73,1,1.17,1,0.369,12.62,1.05,-7.623,1,4,0.0925,0.0869,0.0906,0.0888
104.027,1,0.515,1.5,0.43,3,79.1,20.81,0.09,-0.0277,0.089,0.002,0.004,0.542,-0.029,1.95,11.73,1,1.17,1,0.769,17.45,0.94,3.512,1,5,0.0869,0.0906,0.0906,0.0869
104.06,1,0.522,1.5,0.43,3,78.8,20.81,0.09,-0.0223,0.089,0.003,-0.023,0.544,-0.029,1.95,11.73,1,1.17,1,0.793,15.99,-0.01,4.254,1,5,0.087,0.0925,0.0907,0.0851
104.097,1,0.575,1.25,0.56,4,78.9,21.0,0.09,-0.0219,0.086,0.003,-0.056,0.547,-0.029,1.78,11.73,1,1.17,1,0.759,17.93,1.06,3.086,1,5,0.0833,0.0907,0.087,0.0833
104.127,1,0.568,1.25,0.58,4,78.6,21.0,0.09,-0.0208,0.086,0.003,-0.0,0.551,-0.028,1.78,11.73,1,1.17,1,0.79,15.51,-1.65,2.587,1,5,0.0833,0.087,0.0907,0.0814
104.16,1,0.574,1.25,0.21,4,79.3,20.69,0.09,-0.0212,0.087,0.003,-0.002,0.552,-0.028,1.78,11.73,1,1.17,1,0.79,15.51,-1.65,2.587,1,5,0.0833,0.0851,0.0944,0.0833
104.196,1,0.575,1.25,0.23,4,78.7,20.95,0.09,-0.0149,0.091,0.005,-0.024,0.556,-0.028,1.72,11.73,1,1.17,1,0.789,17.93,-1.37,2.462,1,5,0.0889,0.0852,0.1055,0.0833
104.228,1,0.526,1.25,0.02,3,78.3,20.81,0.09,-0.0152,0.093,0.001,-0.029,0.56,-0.028,1.66,11.73,1,2.81,1,0.815,16.96,-1.2,5.377,1,5,0.0962,0.0851,0.1036,0.087
104.26,1,0.535,1.0,0.25,3,77.7,20.96,0.09,-0.0115,0.093,0.001,-0.036,0.562,-0.028,1.6,11.73,1,2.81,1,0.385,12.62,-1.78,-2.857,1,4,0.0981,0.0851,0.1018,0.0851
104.295,1,0.538,1.25,-0.34,3,77.3,20.46,0.09,-0.0124,0.092,0.001,-0.02,0.565,-0.027,1.55,11.73,1,2.81,1,0.381,11.42,-1.47,-5.268,1,4,0.0963,0.0889,0.0963,0.0852
104.327,1,0.53,1.0,-0.11,3,76.6,20.96,0.09,-0.0055,0.09,0.003,-0.032,0.569,-0.027,1.49,11.73,1,2.81,1,0.374,7.21,-5.66,-5.264,1,4,0.0918,0.09,0.0955,0.0826
104.363,1,0.533,0.75,0.19,3,76.4,20.46,0.09,-0.0063,0.088,0.002,-0.005,0.572,-0.027,1.43,11.73,1,2.81,1,0.389,5.41,-12.28,-7.153,1,4,0.0918,0.0955,0.0918,0.0808
104.396,1,0.535,0.75,-0.46,3,74.1,20.46,0.09,-0.0086,0.087,0.001,-0.018,0.574,-0.027,1.43,11.73,1,2.81,1,0.391,5.41,-12.67,-3.61,1,4,0.0899,0.0918,0.0844,0.0826
104.426,1,0.519,0.75,-0.47,3,72.7,20.46,0.09,0.0022,0.085,-0.001,-0.01,0.577,-0.027,1.38,11.74,1,2.93,1,0.389,4.81,-11.83,-6.113,1,4,0.0851,0.087,0.0814,0.087
104.461,1,0.487,0.5,0.12,3,72.1,20.96,0.09,0.0021,0.086,-0.001,0.005,0.579,-0.027,1.38,11.74,1,2.93,1,0.389,4.81,-11.83,-6.113,1,4,0.0851,0.0814,0.087,0.0888
104.494,1,0.465,0.25,0.06,3,72.2,20.46,0.09,-0.0053,0.088,0.001,-0.017,0.583,-0.027,1.38,11.74,1,2.93,1,0.392,5.41,-12.27,-7.146,1,4,0.087,0.0814,0.0962,0.087
104.526,1,0.474,0.5,-0.54,3,72.0,20.57,0.09,-0.0018,0.09,0.002,-0.002,0.587,-0.027,1.32,11.74,1,2.93,1,0.896,8.24,-11.14,-0.25,1,5,0.0884,0.0847,0.0995,0.0866
104.561,1,0.626,0.25,-0.0,4,72.8,20.52,0.09,0.0053,0.09,0.002,-0.005,0.588,-0.027,1.32,11.74,1,2.93,1,0.853,10.66,-12.95,-0.851,1,5,0.0885,0.0866,0.0977,0.0885
104.596,1,0.629,0.25,-0.23,4,70.8,20.45,0.09,-0.0011,0.09,0.0,0.01,0.592,-0.027,1.38,11.74,1,2.93,1,0.882,9.21,-12.74,-1.376,1,5,0.0885,0.0885,0.0922,0.0922
104.627,1,0.614,0.75,-0.56,4,69.9,20.33,0.09,0.0025,0.087,0.0,0.019,0.595,-0.026,1.43,11.74,1,1.32,1,0.907,7.76,-11.97,-3.502,1,5,0.086,0.0879,0.086,0.0879
104.66,1,0.508,1.0,-0.4,3,69.0,20.57,0.09,0.0019,0.087,0.0,0.019,0.595,-0.026,1.43,11.74,1,1.32,1,0.93,6.79,-10.14,-6.453,1,5,0.086,0.0879,0.086,0.0879
104.693,1,0.59,0.75,0.1,4,69.3,20.03,0.09,-0.0037,0.085,0.001,0.001,0.599,-0.026,1.43,11.74,1,1.32,1,0.915,7.76,-10.84,-6.514,1,5,0.086,0.0952,0.0769,0.0805
104.728,1,0.604,1.0,0.05,4,71.2,21.03,0.09,-0.0089,0.085,0.003,-0.037,0.604,-0.026,1.38,11.74,1,1.32,1,0.915,7.76,-10.84,-6.514,1,5,0.0833,0.0963,0.0796,0.0815
104.764,1,0.521,1.0,-0.46,3,71.0,20.96,0.09,-0.0107,0.086,0.001,-0.029,0.607,-0.026,1.32,11.74,1,1.32,1,0.915,7.76,-10.84,-6.514,1,5,0.0851,0.0925,0.0833,0.0851
104.795,1,0.523,0.75,-0.17,3,70.6,20.46,0.09,-0.0016,0.086,0.001,-0.029,0.607,-0.026,1.32,11.74,1,1.32,1,0.9,11.15,-1.83,-5.729,1,5,0.0851,0.0851,0.0906,0.0851
104.829,1,0.656,0.75,-0.49,4,70.5,20.33,0.09,-0.0035,0.089,0.001,-0.001,0.611,-0.026,1.26,11.74,1,-1.74,1,0.892,12.6,-0.87,-6.773,1,5,0.0887,0.0833,0.0978,0.0869
104.859,1,0.662,0.75,-0.49,4,70.8,20.33,0.09,0.0019,0.091,0.001,-0.026,0.613,-0.026,1.26,11.74,1,-1.74,1,0.889,14.06,6.01,-4.713,1,5,0.0942,0.0851,0.0996,0.0869
104.895,1,0.644,0.75,-0.41,4,70.8,20.12,0.09,0.0019,0.091,0.002,-0.004,0.617,-0.025,1.2,11.74,1,-1.74,1,0.864,16.96,7.69,-4.127,1,5,0.0924,0.0887,0.0978,0.0869
104.929,1,0.614,0.75,-0.52,4,69.5,20.03,0.09,0.0005,0.09,0.0,-0.007,0.62,-0.026,1.2,11.74,1,-1.74,1,0.884,17.93,15.57,-1.254,1,5,0.0906,0.0887,0.0906,0.0887
104.958,1,0.605,0.75,-0.47,4,68.6,20.03,0.09,0.0025,0.088,-0.0,0.013,0.622,-0.026,1.26,11.74,1,-1.74,1,0.904,17.93,13.6,-2.311,1,5,0.0887,0.0887,0.0869,0.0887
104.995,1,0.62,0.75,-0.19,4,67.6,20.16,0.09,0.0014,0.088,0.001,0.024,0.626,-0.025,1.26,11.74,1,-1.74,1,0.89,17.93,13.62,-2.316,1,5,0.0869,0.0943,0.0851,0.0869
105.028,1,0.62,0.75,-0.5,4,67.3,20.03,0.09,-0.0035,0.088,0.005,-0.004,0.629,-0.025,1.32,11.74,1,-3.46,1,0.886,17.93,13.59,-3.675,1,5,0.0833,0.1,0.087,0.0833
105.061,1,0.588,0.75,-0.54,4,66.3,20.03,0.09,0.002,0.087,0.004,-0.022,0.631,-0.025,1.32,11.74,1,-3.46,1,0.886,17.93,13.59,-3.675,1,5,0.0815,0.0963,0.0852,0.0852
105.127,1,0.627,0.5,-0.13,4,70.2,20.32,0.09,0.0026,0.086,-0.003,0.004,0.638,-0.025,1.26,11.74,1,-3.46,1,0.889,17.93,13.63,-2.312,1,5,0.0888,0.0814,0.0851,0.0906
105.16,1,0.688,1.0,-0.72,4,74.1,20.08,0.09,-0.0014,0.089,-0.002,0.059,0.64,-0.025,1.26,11.74,1,-3.46,1,0.889,17.93,13.63,-2.312,1,5,0.0943,0.0851,0.0888,0.0888
105.231,1,0.704,1.25,-0.65,4,75.4,20.24,0.09,0.0028,0.088,-0.001,-0.013,0.647,-0.025,1.32,11.74,1,-1.3,1,0.885,17.93,14.57,-1.779,1,5,0.0908,0.0852,0.0889,0.0889
105.258,1,0.702,1.25,-0.73,4,74.4,20.45,0.09,-0.0013,0.086,-0.001,-0.017,0.648,-0.025,1.32,11.74,1,-1.3,1,0.873,18.42,14.41,-0.001,1,5,0.0852,0.0852,0.0852,0.0889
105.296,1,0.7,1.25,-0.65,4,73.9,20.24,0.09,0.0006,0.085,-0.0,0.002,0.652,-0.025,1.26,11.74,1,-1.3,1,0.878,18.42,15.05,1.243,1,5,0.087,0.0907,0.0777,0.0833
105.328,1,0.703,1.25,-0.35,4,73.7,20.33,0.09,-0.0004,0.084,0.002,0.045,0.655,-0.024,1.43,11.74,1,-1.3,1,0.881,18.42,13.79,-1.404,1,5,0.0813,0.0924,0.0795,0.0813
105.362,1,0.702,1.25,-0.35,4,73.6,20.33,0.09,-0.0055,0.084,0.003,-0.008,0.657,-0.024,1.43,11.74,1,-1.3,1,0.881,18.42,13.79,-1.404,1,5,0.0795,0.0924,0.0813,0.0813
105.394,1,0.708,1.0,-0.42,4,74.6,20.0,0.09,-0.0054,0.083,0.001,-0.006,0.66,-0.024,1.38,11.74,1,-1.3,1,0.845,14.06,9.63,-1.021,1,5,0.0772,0.0809,0.0864,0.0864
105.426,1,0.713,0.75,-0.11,4,75.4,19.95,0.09,-0.0012,0.084,-0.002,-0.039,0.664,-0.024,1.26,11.76,1,1.27,1,0.859,14.06,5.08,-3.797,1,5,0.0845,0.0772,0.0864,0.0864
105.46,1,0.714,0.25,-0.32,4,76.0,20.16,0.09,-0.0036,0.084,-0.003,-0.045,0.665,-0.024,1.2,11.76,1,1.27,1,0.859,14.06,5.08,-3.797,1,5,0.0901,0.0735,0.0882,0.0845
105.526,1,0.708,-0.25,-0.41,4,73.6,20.24,0.09,0.005,0.087,-0.003,-0.001,0.672,-0.025,1.15,11.76,1,1.27,1,0.867,10.18,-1.77,-3.358,1,5,0.0944,0.0777,0.0907,0.087
105.559,1,0.701,-0.25,-0.45,4,73.1,20.16,0.09,0.0125,0.088,-0.002,-0.027,0.674,-0.025,1.09,11.76,1,1.27,1,0.861,9.69,-1.26,-4.44,1,5,0.0925,0.0814,0.0907,0.0888
105.595,1,0.696,-0.25,-0.45,4,72.8,20.16,0.09,0.012,0.087,-0.001,-0.029,0.678,-0.025,1.03,11.76,1,1.27,1,0.861,9.21,-0.71,-5.511,1,5,0.0925,0.087,0.0851,0.0851
105.626,1,0.705,-0.25,-0.45,4,74.5,20.16,0.09,0.0113,0.087,-0.002,0.043,0.681,-0.025,1.09,11.76,1,1.12,1,0.859,9.21,-2.18,-6.787,1,5,0.0926,0.0889,0.0797,0.0852
105.662,1,0.702,-0.25,-0.44,4,75.1,20.16,0.09,0.011,0.086,-0.0,0.059,0.683,-0.024,1.15,11.76,1,1.12,1,0.859,9.21,-2.18,-6.787,1,5,0.0889,0.0907,0.0796,0.0833
105.694,1,0.678,-0.25,-0.85,4,75.6,20.16,0.09,0.0107,0.085,0.0,-0.037,0.686,-0.024,1.2,11.76,1,1.12,1,0.85,9.69,-1.22,-4.419,1,5,0.0814,0.087,0.0833,0.0888
105.726,1,0.656,-0.25,-0.95,4,75.6,20.16,0.09,0.0175,0.088,-0.001,0.011,0.69,-0.025,1.15,11.76,1,1.12,1,0.846,9.69,-0.3,-2.231,1,5,0.0814,0.0851,0.0888,0.0962
105.762,1,0.641,-0.25,-0.92,4,75.0,20.16,0.09,0.019,0.089,-0.003,-0.014,0.693,-0.024,1.15,11.76,1,1.12,1,0.846,9.69,-0.3,-2.231,1,5,0.0888,0.0851,0.087,0.0962
105.795,1,0.55,-0.25,-0.78,3,74.9,20.44,0.09,0.0185,0.091,-0.003,-0.001,0.695,-0.025,1.15,11.76,1,1.12,1,0.837,10.18,-1.73,-5.025,1,5,0.0925,0.087,0.0888,0.0944
105.826,1,0.646,-0.25,-0.89,4,75.4,20.16,0.09,0.0159,0.092,-0.001,0.0,0.699,-0.024,1.15,11.76,1,-1.45,1,0.819,13.09,3.44,-3.513,1,5,0.0925,0.0888,0.0925,0.0925
105.863,1,0.65,-0.25,-0.95,4,74.8,20.16,0.09,0.0178,0.091,-0.0,-0.015,0.703,-0.024,1.09,11.76,1,-1.45,1,0.819,13.09,3.44,-3.513,1,5,0.0925,0.0888,0.0907,0.0925
105.895,1,0.632,-0.25,-1.23,4,73.9,20.33,0.09,0.0189,0.091,-0.001,-0.009,0.704,-0.024,1.09,11.76,1,-1.45,1,0.84,13.09,5.39,-2.597,1,5,0.0925,0.0925,0.087,0.0907
105.927,1,0.541,-0.25,-0.42,3,72.5,19.85,0.09,0.0237,0.089,0.0,0.037,0.708,-0.024,1.15,11.76,1,-1.45,1,0.834,13.09,5.41,-2.592,1,5,0.0907,0.0963,0.0833,0.087
105.959,1,0.637,-0.25,-0.98,4,72.0,20.16,0.09,0.0096,0.09,0.0,0.053,0.71,-0.024,1.2,11.76,1,-1.45,1,0.83,13.09,5.94,-1.24,1,5,0.0888,0.0962,0.0833,0.0907
105.996,1,0.654,-0.25,-1.05,4,73.1,20.16,0.09,0.0194,0.089,-0.0,-0.008,0.713,-0.024,1.26,11.76,1,-1.45,1,0.828,13.09,5.98,-2.918,1,5,0.0844,0.0899,0.0881,0.0954
106.026,1,0.663,-0.25,-1.06,4,74.3,20.16,0.09,0.0206,0.09,-0.004,0.053,0.717,-0.024,1.32,11.76,1,-1.8,1,0.821,13.09,5.93,-1.289,1,5,0.0855,0.0873,0.0855,0.1018
106.06,1,0.651,-0.25,-1.04,4,74.1,20.16,0.09,0.0208,0.09,-0.004,-0.005,0.719,-0.024,1.32,11.76,1,-1.8,1,0.821,13.09,5.93,-1.289,1,5,0.0884,0.0866,0.0848,0.0992
106.096,1,0.663,-0.25,-0.92,4,75.4,20.16,0.09,0.0204,0.09,-0.003,0.008,0.723,-0.024,1.32,11.76,1,-1.8,1,0.807,13.09,8.94,2.271,1,5,0.0909,0.0909,0.0818,0.0946
106.127,1,0.663,0.0,-0.86,4,75.5,19.62,0.09,0.0183,0.088,-0.001,0.023,0.726,-0.024,1.38,11.76,1,-1.8,1,0.804,13.09,9.62,4.214,1,5,0.0881,0.0881,0.0844,0.0899
106.16,1,0.636,-0.25,-0.66,4,75.7,19.87,0.09,0.0141,0.088,-0.001,0.01,0.728,-0.024,1.43,11.76,1,-1.8,1,0.804,13.09,9.62,4.214,1,5,0.0868,0.0887,0.085,0.0905
106.225,1,0.692,0.0,-0.07,4,75.2,19.91,0.09,0.0139,0.087,-0.001,-0.015,0.735,-0.024,1.38,11.76,1,-0.42,1,0.787,13.57,11.47,0.0,0,5,0.0906,0.098,0.074,0.0869
106.261,1,0.696,0.0,-0.38,4,74.3,19.62,0.09,0.0006,0.088,0.0,0.001,0.737,-0.024,1.38,11.76,1,-0.42,1,0.787,13.57,11.47,0.0,0,5,0.0906,0.0999,0.0758,0.0851
106.326,1,0.597,0.0,-0.34,4,73.3,19.91,0.09,0.0064,0.09,0.001,-0.007,0.744,-0.024,1.49,11.76,1,-0.42,1,0.767,14.06,12.42,0.0,0,5,0.0853,0.0889,0.0926,0.0926
106.36,1,0.681,0.0,-0.08,4,73.6,19.91,0.09,0.0056,0.09,0.0,0.004,0.746,-0.024,1.49,11.76,1,-0.42,1,0.767,14.06,12.42,0.0,0,5,0.0854,0.0872,0.0927,0.0945
106.393,1,0.627,0.0,-0.51,4,73.4,19.91,0.09,0.0012,0.091,0.0,-0.007,0.75,-0.024,1.49,11.76,1,-0.42,1,0.752,10.18,11.21,0.0,0,5,0.0888,0.0906,0.0924,0.0942
106.426,1,0.64,0.0,-0.57,4,73.5,19.91,0.09,0.0087,0.092,-0.0,0.013,0.753,-0.024,1.49,11.77,1,3.17,1,0.752,10.18,11.21,0.0,0,5,0.0923,0.0904,0.0923,0.0923
106.461,1,0.544,0.25,-0.2,3,73.7,19.59,0.09,0.0099,0.092,-0.001,0.012,0.755,-0.024,1.49,11.77,1,3.17,1,0.752,10.18,11.21,0.0,0,5,0.0923,0.0886,0.0923,0.0941
106.528,1,0.656,0.25,-0.75,4,74.6,20.03,0.09,0.0007,0.093,-0.003,-0.007,0.763,-0.024,1.43,11.77,1,3.17,1,0.756,6.3,6.61,0.0,0,5,0.098,0.0962,0.0851,0.0943
106.559,1,0.622,0.25,-0.69,4,74.5,20.03,0.09,0.0104,0.094,-0.003,0.012,0.765,-0.024,1.43,11.77,1,3.17,1,0.756,6.3,6.61,0.0,0,5,0.0999,0.0999,0.0832,0.0943
106.625,1,0.692,0.5,-0.41,4,76.9,19.91,0.09,0.0097,0.097,-0.005,0.002,0.772,-0.024,1.6,11.77,1,4.92,1,0.761,6.3,13.02,0.0,0,5,0.0944,0.0944,0.0907,0.1092
106.659,1,0.553,0.5,0.12,3,76.8,19.85,0.09,0.0017,0.095,-0.005,0.01,0.774,-0.024,1.6,11.77,1,4.92,1,0.761,6.3,13.02,0.0,0,5,0.0924,0.0924,0.0887,0.1072
106.726,1,0.556,0.5,-0.08,3,75.7,19.85,0.09,-0.0071,0.092,-0.003,0.009,0.782,-0.024,1.6,11.77,1,4.92,1,0.768,3.39,11.46,0.0,0,5,0.0979,0.0905,0.0886,0.0923
106.762,1,0.645,0.5,-0.53,4,76.5,19.91,0.09,-0.0035,0.093,-0.002,0.036,0.783,-0.024,1.6,11.77,1,4.92,1,0.768,3.39,11.46,0.0,0,5,0.0978,0.0886,0.0923,0.0923
106.824,1,0.546,1.0,-0.47,3,77.4,19.85,0.09,0.0047,0.095,0.002,-0.085,0.791,-0.024,1.49,11.76,1,6.55,1,0.747,4.36,20.74,0.0,0,5,0.0938,0.0975,0.0956,0.0919
106.86,1,0.551,0.75,-0.17,3,77.6,19.85,0.09,-0.0027,0.096,0.003,-0.01,0.793,-0.023,1.49,11.76,1,6.55,1,0.747,4.36,20.74,0.0,0,5,0.0938,0.0994,0.0975,0.092
106.894,1,0.557,0.75,-0.17,3,76.1,19.85,0.09,-0.0041,0.096,0.002,0.041,0.797,-0.023,1.49,11.76,1,6.55,1,0.732,3.39,25.62,0.0,0,5,0.0944,0.0944,0.1018,0.0944
106.925,1,0.555,0.75,-0.17,3,77.3,19.85,0.09,-0.004,0.098,0.002,-0.021,0.801,-0.023,1.49,11.76,1,6.55,1,0.732,3.39,25.62,0.0,0,5,0.0962,0.0925,0.1073,0.0962
106.957,1,0.546,0.5,-0.14,3,78.5,19.97,0.09,-0.0039,0.097,0.001,-0.016,0.803,-0.023,1.49,11.76,1,6.55,1,0.732,3.39,25.62,0.0,0,5,0.0962,0.0907,0.1055,0.0962
107.026,1,0.549,0.25,-0.29,3,76.9,19.85,0.09,-0.0016,0.092,-0.0,-0.022,0.81,-0.023,1.38,11.76,1,9.18,1,0.723,-1.45,27.78,0.0,0,5,0.0961,0.0868,0.0961,0.0887
107.056,1,0.55,0.25,-0.29,3,74.9,19.85,0.09,0.0042,0.092,0.001,0.001,0.812,-0.023,1.38,11.76,1,9.18,1,0.723,-1.45,27.78,0.0,0,5,0.0961,0.0905,0.0961,0.0868
107.093,1,0.544,0.25,-0.3,3,74.7,19.85,0.09,0.0037,0.091,0.0,-0.046,0.816,-0.023,1.32,11.76,1,9.18,1,0.723,-1.45,27.78,0.0,0,5,0.0961,0.0924,0.0905,0.085
107.128,1,0.543,0.0,-0.26,3,75.4,19.97,0.09,0.0034,0.09,-0.002,-0.065,0.819,-0.023,1.2,11.76,1,9.18,1,0.723,-1.45,27.78,0.0,0,5,0.0963,0.0945,0.0815,0.0889
107.156,1,0.546,-0.25,-0.42,3,75.0,19.85,0.09,0.0058,0.091,-0.002,-0.037,0.821,-0.023,1.15,11.76,1,9.18,1,0.734,-5.33,33.19,0.0,0,5,0.0963,0.0944,0.0833,0.0907
107.193,1,0.546,-0.25,-0.42,3,76.5,19.85,0.09,0.0111,0.094,-0.0,0.011,0.825,-0.023,1.2,11.76,1,9.18,1,0.743,-6.3,36.25,0.0,0,5,0.0925,0.0925,0.0944,0.0962
107.224,1,0.541,-0.25,-0.42,3,76.9,19.85,0.09,0.0108,0.096,0.003,-0.002,0.829,-0.022,1.2,11.76,1,11.87,1,0.743,-6.3,36.25,0.0,0,5,0.0888,0.0925,0.1017,0.0962
107.256,1,0.538,-0.5,-0.39,3,75.6,19.97,0.09,0.0103,0.095,0.001,-0.016,0.831,-0.023,1.2,11.76,1,11.87,1,0.757,-10.18,35.94,0.0,0,5,0.0907,0.0907,0.1018,0.0962
107.292,1,0.535,-0.5,-0.48,3,74.0,20.2,0.09,0.0125,0.093,-0.0,-0.004,0.834,-0.023,1.15,11.76,1,11.87,1,0.768,-11.15,38.4,0.0,0,5,0.0945,0.0908,0.0945,0.0926
107.325,1,0.537,-0.5,-0.48,3,74.0,20.2,0.09,0.0137,0.09,-0.001,0.037,0.838,-0.022,1.2,11.76,1,11.87,1,0.768,-11.15,38.4,0.0,0,5,0.0937,0.0863,0.0918,0.09
107.356,1,0.543,-0.25,-0.42,3,75.7,19.85,0.09,0.0135,0.089,-0.001,0.009,0.84,-0.022,1.26,11.76,1,11.87,1,0.768,-11.15,38.4,0.0,0,5,0.0919,0.0845,0.0919,0.0882
107.427,1,0.547,-0.25,-0.42,3,75.8,19.85,0.09,0.0094,0.091,-0.004,0.019,0.847,-0.023,1.15,11.77,1,15.78,1,0.789,-17.93,38.68,0.0,0,5,0.0946,0.091,0.0801,0.091
107.457,1,0.547,-0.25,-0.06,3,74.7,20.44,0.09,0.0094,0.094,-0.002,-0.009,0.849,-0.022,1.15,11.77,1,15.78,1,0.789,-17.93,38.68,0.0,0,5,0.0973,0.0991,0.0844,0.0954
107.526,1,0.542,-0.25,-0.68,3,76.2,20.2,0.09,0.0033,0.095,0.004,-0.009,0.857,-0.022,1.15,11.77,1,15.78,1,0.806,-25.2,40.49,0.0,0,5,0.0915,0.0952,0.1025,0.0915
107.557,1,0.539,-0.25,-0.59,3,77.1,20.44,0.09,0.0141,0.094,0.003,-0.016,0.859,-0.022,1.09,11.77,1,15.78,1,0.806,-25.2,40.49,0.0,0,5,0.0915,0.0915,0.1025,0.0915
107.594,1,0.54,-0.25,-0.78,3,77.1,20.44,0.09,0.0125,0.093,0.003,-0.016,0.861,-0.022,1.09,11.77,1,15.78,1,0.812,-27.14,39.96,0.0,0,5,0.0916,0.0916,0.1007,0.0898
107.625,1,0.541,-0.25,-0.78,3,76.8,20.44,0.09,0.0158,0.092,0.001,-0.01,0.864,-0.022,1.09,11.77,1,19.48,1,0.815,-26.66,37.51,0.0,0,5,0.0915,0.0915,0.0952,0.0897
107.661,1,0.536,-0.25,-0.58,3,76.4,20.44,0.09,0.0158,0.092,0.001,0.025,0.866,-0.022,1.09,11.77,1,19.48,1,0.815,-26.66,37.51,0.0,0,5,0.0925,0.0925,0.0925,0.0888
107.691,1,0.503,0.25,-2.55,3,76.9,20.46,0.09,0.0124,0.089,0.001,-0.001,0.87,-0.022,1.2,11.77,1,19.48,1,0.813,-25.2,39.95,0.0,0,5,0.0887,0.0943,0.0869,0.0869
107.723,1,0.477,-0.25,-2.88,3,78.0,20.46,0.09,0.0409,0.092,0.003,-0.045,0.874,-0.021,1.09,11.77,1,19.48,1,0.832,-27.14,39.65,0.0,0,5,0.087,0.1018,0.087,0.0907
107.76,1,0.476,0.25,-3.59,3,78.9,20.46,0.09,0.0531,0.094,0.003,0.046,0.876,-0.021,1.09,11.77,1,19.48,1,0.833,-28.11,34.78,0.0,0,5,0.0888,0.1036,0.0906,0.0925
107.824,1,0.502,0.25,-2.68,3,79.9,20.46,0.09,0.0597,0.096,0.004,-0.012,0.883,-0.021,1.09,11.77,1,19.48,1,0.819,-26.17,37.57,0.0,0,5,0.093,0.093,0.1058,0.0912
107.857,1,0.493,0.5,-2.36,3,80.0,23.87,0.09,0.044,0.096,0.003,0.043,0.885,-0.021,1.15,11.77,1,20.37,1,0.819,-26.17,37.57,0.0,0,5,0.0949,0.0931,0.104,0.0913
107.925,1,0.515,1.5,-0.31,4,81.5,26.53,0.09,0.0361,0.092,0.001,0.049,0.893,-0.021,1.38,11.77,1,20.37,1,0.805,-21.81,37.99,0.0,0,5,0.085,0.0998,0.0868,0.0979
107.956,1,0.539,2.0,0.27,4,82.3,26.58,0.09,-0.012,0.09,0.002,0.077,0.894,-0.02,1.43,11.77,1,20.37,1,0.805,-21.81,37.99,0.0,0,5,0.0794,0.1015,0.0831,0.096
107.992,1,0.541,2.0,0.92,4,82.5,26.33,0.09,-0.0266,0.089,0.006,-0.052,0.898,-0.02,1.43,11.77,1,20.37,1,0.833,-20.36,33.46,0.0,0,5,0.074,0.1091,0.0814,0.0924
108.026,1,0.566,2.0,1.82,4,83.0,24.36,0.09,-0.0366,0.091,0.006,0.018,0.902,-0.02,1.43,11.77,1,25.68,1,0.833,-20.36,33.46,0.0,0,5,0.0758,0.1054,0.0869,0.0943
108.059,1,0.551,2.25,3.1,4,83.5,25.15,0.09,-0.0517,0.091,0.006,0.028,0.903,-0.019,1.49,11.77,1,25.68,1,0.833,-20.36,33.46,0.0,0,5,0.0758,0.1017,0.0925,0.0925
108.129,1,0.523,2.0,5.63,4,83.6,25.0,0.09,-0.0757,0.092,0.004,-0.039,0.911,-0.019,1.38,11.77,1,25.68,1,0.822,-20.36,23.12,0.0,0,5,0.0906,0.0869,0.1054,0.0851
108.158,1,0.485,1.5,7.11,4,83.3,27.96,0.09,-0.1163,0.092,0.001,-0.033,0.913,-0.019,1.32,11.77,1,25.68,1,0.822,-16.96,19.25,0.0,0,5,0.0943,0.0832,0.1036,0.0888
108.193,1,0.467,1.5,8.71,4,83.2,29.66,0.09,-0.1363,0.091,-0.001,-0.034,0.916,-0.019,1.26,11.77,1,25.68,1,0.845,-17.45,13.54,0.0,0,5,0.0961,0.0795,0.0998,0.0887
108.225,1,0.484,0.75,12.63,4,83.5,29.18,0.09,-0.1646,0.091,-0.004,-0.031,0.92,-0.019,1.15,11.77,1,31.4,1,0.845,-16.48,11.61,0.0,0,5,0.0999,0.0814,0.0925,0.0888
108.259,1,0.357,-2.25,17.89,3,83.6,30.61,0.09,-0.2238,0.09,-0.003,-0.053,0.922,-0.019,1.09,11.77,1,31.4,1,0.845,-16.48,11.61,0.0,0,5,0.0999,0.0833,0.0907,0.0851
108.291,1,0.346,-3.74,19.85,3,83.8,32.44,0.09,-0.2817,0.088,-0.0,-0.067,0.925,-0.019,0.97,11.77,1,31.4,1,0.828,-19.39,4.82,0.0,0,5,0.1018,0.087,0.0889,0.0759
108.324,1,0.391,-3.49,19.47,4,83.8,34.95,0.09,-0.3018,0.089,0.001,-0.131,0.929,-0.019,0.69,11.77,1,31.4,1,0.869,-20.84,-1.79,0.0,0,5,0.1073,0.0814,0.0981,0.0685
108.356,1,0.457,-3.49,24.81,4,84.5,29.62,0.09,-0.3004,0.091,0.001,-0.174,0.931,-0.019,0.52,11.77,1,31.4,1,0.869,-20.84,-1.79,0.0,0,5,0.111,0.0759,0.1073,0.0685
108.424,1,0.537,-3.74,25.74,4,84.7,27.2,0.09,-0.3983,0.099,-0.004,-0.228,0.939,-0.019,-0.52,11.78,1,41.24,1,0.859,-29.08,-22.52,0.0,0,5,0.1332,0.0518,0.1369,0.0722
108.459,1,0.509,-3.49,25.83,4,84.5,28.62,0.09,-0.4121,0.099,-0.005,-0.231,0.941,-0.02,-0.74,11.78,1,41.24,1,0.859,-29.08,-22.52,0.0,0,5,0.1388,0.0518,0.1369,0.0703
108.491,1,0.559,-4.24,26.46,5,84.0,32.7,0.09,-0.4179,0.099,-0.005,-0.265,0.945,-0.02,-1.38,11.78,1,41.24,1,0.877,-35.87,-35.95,0.0,0,5,0.1455,0.0516,0.1363,0.0626
108.559,1,0.618,-6.24,28.12,5,82.5,29.45,0.09,-0.4212,0.103,-0.004,-0.265,0.951,-0.02,-2.29,11.78,1,41.24,1,0.939,-39.74,-43.03,0.0,0,5,0.1548,0.0498,0.1474,0.059
108.592,1,0.577,-6.99,28.84,4,81.5,26.86,0.1041,-0.4274,0.105,-0.007,-0.316,0.955,-0.021,-3.04,11.78,1,41.24,1,0.949,-40.23,-44.68,0.0,0,5,0.1648,0.0444,0.1518,0.0593
108.624,1,0.551,-7.99,28.1,4,80.8,27.86,0.1061,-0.4337,0.106,-0.007,-0.304,0.959,-0.021,-3.72,11.78,1,37.37,1,0.942,-40.71,-45.03,0.0,0,5,0.1686,0.0445,0.1519,0.0574
108.657,1,0.625,-8.98,27.89,5,80.7,33.94,0.1106,-0.4176,0.103,-0.007,-0.331,0.961,-0.022,-4.13,11.78,1,37.37,1,0.942,-40.71,-45.03,0.0,0,5,0.1685,0.0426,0.15,0.0518
108.691,1,0.647,-7.74,27.55,5,81.2,31.44,0.09,-0.3976,0.102,-0.001,-0.32,0.965,-0.022,-4.87,11.78,1,37.37,1,0.944,-37.32,-45.55,0.0,0,5,0.1647,0.0481,0.1536,0.0407
108.757,1,0.726,-7.24,24.54,5,81.5,22.77,0.09,-0.4096,0.109,0.008,-0.319,0.972,-0.022,-6.07,11.78,1,37.37,1,0.952,-34.9,-42.53,0.0,0,5,0.1665,0.0592,0.1758,0.0352
108.791,1,0.692,-7.74,24.19,5,81.2,22.77,0.0967,-0.3639,0.113,0.01,-0.353,0.977,-0.022,-6.88,11.78,1,37.37,1,0.922,-29.57,-39.5,0.0,0,5,0.1629,0.0629,0.1833,0.0444
108.825,1,0.649,-2.5,19.36,5,81.5,22.77,0.09,-0.3517,0.113,0.01,-0.362,0.981,-0.022,-7.68,11.78,1,25.82,1,0.922,-29.57,-39.5,0.0,0,5,0.163,0.0667,0.1796,0.0481
108.856,1,0.692,-2.5,19.13,5,82.3,22.19,0.09,-0.3336,0.111,0.009,-0.324,0.983,-0.022,-8.08,11.78,1,25.82,1,0.922,-29.57,-39.5,0.0,0,5,0.1591,0.0685,0.1702,0.0444
108.89,1,0.715,-2.5,18.49,5,82.7,22.19,0.0954,-0.323,0.107,0.011,-0.318,0.988,-0.022,-8.82,11.78,1,25.82,1,0.863,-19.87,-27.43,0.0,0,5,0.1554,0.0629,0.172,0.037
108.925,1,0.71,-2.5,18.34,5,82.0,21.96,0.1094,-0.3095,0.106,0.01,-0.311,0.992,-0.023,-9.51,11.78,1,25.82,1,0.874,-15.99,-20.12,0.0,0,5,0.1535,0.0592,0.1757,0.037
108.956,1,0.698,-2.75,17.66,5,81.8,22.04,0.1164,-0.3245,0.106,0.008,-0.364,0.994,-0.023,-9.91,11.78,1,25.82,1,0.874,-15.99,-20.12,0.0,0,5,0.1555,0.05,0.1777,0.0407
108.991,1,0.702,-2.99,17.02,5,81.3,21.96,0.1014,-0.2865,0.103,0.004,-0.324,0.998,-0.024,-10.77,11.78,1,25.82,1,0.885,-12.6,-12.4,3.029,1,5,0.1574,0.0481,0.1666,0.0407
109.024,1,0.685,-3.49,16.14,5,80.6,21.96,0.1051,-0.2713,0.101,0.002,-0.288,1.002,-0.024,-11.46,11.78,1,13.82,1,0.811,-8.72,-10.54,2.3,1,5,0.1555,0.05,0.1574,0.0426
109.056,1,0.675,-3.99,15.78,5,79.7,22.04,0.0928,-0.2496,0.101,0.001,-0.294,1.004,-0.025,-11.8,11.78,1,13.82,1,0.811,-8.72,-10.54,2.3,1,5,0.1555,0.0481,0.1573,0.0444
109.092,1,0.69,-4.24,15.23,5,80.1,21.46,0.09,-0.2377,0.106,0.001,-0.267,1.008,-0.026,-12.49,11.78,1,13.82,1,0.785,-2.42,4.23,5.388,1,5,0.1564,0.0515,0.1619,0.0533
109.123,1,0.675,-4.49,14.69,5,80.0,21.96,0.09,-0.2258,0.109,-0.0,-0.297,1.013,-0.027,-13.18,11.78,1,13.82,1,0.81,0.48,13.98,6.835,1,5,0.1566,0.0546,0.1621,0.0619
109.157,1,0.679,-4.74,14.11,5,79.8,21.46,0.09,-0.2135,0.106,0.002,-0.276,1.015,-0.027,-13.46,11.78,1,13.82,1,0.81,0.48,13.98,6.835,1,5,0.1516,0.0595,0.157,0.0577
109.189,1,0.681,-4.74,13.37,5,79.5,21.46,0.09,-0.2014,0.101,0.002,-0.214,1.018,-0.028,-14.04,11.78,1,13.82,1,0.772,4.85,19.85,0.0,0,5,0.1452,0.0617,0.1434,0.0526
109.224,1,0.701,-4.24,12.95,5,78.9,21.46,0.09,-0.1892,0.096,0.006,-0.208,1.023,-0.028,-14.5,11.78,1,8.94,1,0.772,4.85,19.85,0.0,0,5,0.1345,0.0654,0.14,0.0455
109.256,1,0.687,-4.49,12.45,5,78.0,21.96,0.09,-0.1884,0.097,0.007,-0.236,1.025,-0.029,-14.78,11.78,1,8.94,1,0.772,4.85,19.85,0.0,0,5,0.1321,0.0679,0.1413,0.0477
109.29,1,0.69,-4.24,11.94,5,78.4,21.46,0.09,-0.1766,0.099,0.012,-0.222,1.029,-0.029,-15.24,11.78,1,8.94,1,0.815,4.36,23.06,0.0,0,5,0.1247,0.0752,0.1485,0.0495
109.323,1,0.688,-4.24,11.78,5,80.0,21.46,0.09,-0.1707,0.099,0.013,-0.208,1.033,-0.03,-15.76,11.78,1,8.94,1,0.815,4.36,23.06,0.0,0,5,0.1205,0.0785,0.1442,0.0511
109.355,1,0.712,-4.24,11.11,5,80.7,21.46,0.09,-0.1679,0.097,0.012,-0.137,1.034,-0.03,-15.93,11.78,1,8.94,1,0.815,4.36,23.06,0.0,0,5,0.1186,0.0785,0.1387,0.0511
109.392,1,0.755,-3.99,10.8,5,79.7,21.02,0.0938,-0.1559,0.09,0.007,-0.156,1.038,-0.031,-16.21,11.78,1,8.94,1,0.815,4.36,23.06,0.0,0,5,0.1131,0.0712,0.1222,0.0529
109.423,1,0.762,-3.99,10.8,5,79.1,20.96,0.1079,-0.1534,0.087,0.003,-0.175,1.039,-0.032,-16.44,11.78,1,9.88,1,0.827,3.39,17.47,0.0,0,5,0.1108,0.0646,0.1145,0.0572
109.457,1,0.777,-3.99,10.64,5,78.6,20.96,0.1148,-0.163,0.081,0.001,-0.115,1.042,-0.032,-16.79,11.78,1,9.88,1,0.827,3.39,17.47,0.0,0,5,0.1035,0.0536,0.1109,0.0555
109.523,1,0.66,-3.74,9.64,5,80.2,21.46,0.1429,-0.2018,0.087,0.002,-0.106,1.049,-0.034,-17.36,11.78,1,9.88,1,0.833,2.42,13.77,6.071,1,5,0.109,0.061,0.1182,0.061
109.556,1,0.666,-3.49,9.16,5,81.3,20.96,0.1313,-0.1673,0.093,0.0,-0.143,1.051,-0.035,-17.48,11.78,1,9.88,1,0.833,2.42,13.77,6.071,1,5,0.1164,0.0665,0.1201,0.0702
109.591,1,0.696,-3.49,8.91,5,81.5,20.96,0.1071,-0.1299,0.107,-0.0,-0.153,1.056,-0.036,-17.88,11.78,1,9.88,1,0.835,0.48,8.3,6.067,1,5,0.1294,0.0832,0.1294,0.085
109.623,1,0.766,-3.49,9.32,5,80.9,20.96,0.09,-0.125,0.119,0.001,-0.157,1.061,-0.038,-18.22,11.78,1,12.07,1,0.833,0.0,7.35,3.758,1,5,0.1424,0.0961,0.1442,0.0924
109.658,1,0.756,-3.74,8.77,5,78.9,20.46,0.0969,-0.1319,0.122,0.003,-0.181,1.063,-0.039,-18.45,11.78,1,12.07,1,0.833,0.0,7.35,3.758,1,5,0.1424,0.0998,0.1498,0.0961
109.691,1,0.751,-3.49,8.36,5,77.9,20.96,0.1112,-0.1224,0.122,0.002,-0.099,1.067,-0.04,-18.68,11.78,1,12.07,1,0.832,-0.97,3.78,3.624,1,5,0.1443,0.0962,0.1518,0.0962
109.724,1,0.727,-3.24,8.29,5,78.5,20.46,0.1251,-0.135,0.119,0.001,-0.172,1.072,-0.042,-19.02,11.78,1,12.07,1,0.832,-0.97,3.78,3.624,1,5,0.1425,0.0944,0.1481,0.0963
109.755,1,0.74,-2.99,8.95,5,78.6,20.44,0.1134,-0.1226,0.118,0.001,-0.181,1.074,-0.042,-19.19,11.78,1,12.07,1,0.793,-3.88,1.0,5.773,1,5,0.1425,0.0962,0.1425,0.0925
109.791,1,0.71,-3.24,8.35,5,78.1,20.46,0.092,-0.1308,0.116,0.005,-0.076,1.079,-0.044,-19.54,11.78,1,12.07,1,0.831,-6.3,-8.73,-2.197,1,5,0.1331,0.0998,0.1405,0.0887
109.825,1,0.769,-2.75,7.94,5,77.2,20.56,0.09,-0.1169,0.112,0.006,-0.074,1.083,-0.045,-19.71,11.77,1,14.35,1,0.844,-5.33,-9.75,-0.057,1,5,0.1258,0.0962,0.1406,0.0851
109.855,1,0.788,-2.99,8.42,5,76.6,20.44,0.0968,-0.1159,0.11,0.007,-0.127,1.085,-0.045,-19.82,11.77,1,14.35,1,0.844,-5.33,-9.75,-0.057,1,5,0.1203,0.0925,0.1406,0.0851
109.887,1,0.721,-2.99,8.28,5,77.4,20.44,0.1109,-0.1234,0.107,0.002,-0.108,1.089,-0.047,-20.11,11.77,1,14.35,1,0.835,-8.24,-16.8,-2.8,1,5,0.1202,0.0832,0.135,0.0888
109.922,1,0.678,-2.5,7.25,5,78.1,20.96,0.0989,-0.118,0.106,0.0,-0.182,1.091,-0.048,-20.28,11.77,1,14.35,1,0.86,-9.21,-19.22,0.0,0,5,0.1221,0.0814,0.1314,0.0907
109.954,1,0.68,-2.5,6.93,5,77.7,20.96,0.09,-0.1061,0.107,0.001,-0.147,1.095,-0.049,-20.63,11.77,1,14.35,1,0.86,-9.21,-19.22,0.0,0,5,0.1276,0.0869,0.1294,0.0851
109.989,1,0.711,-2.5,7.08,5,76.9,20.96,0.09,-0.0999,0.106,0.006,-0.093,1.099,-0.05,-20.91,11.77,1,14.35,1,0.86,-9.21,-19.22,0.0,0,5,0.1258,0.0944,0.1295,0.074
110.055,1,0.698,-2.75,6.89,5,77.0,20.46,0.0978,-0.1018,0.099,0.009,-0.135,1.104,-0.052,-21.2,11.77,1,10.28,1,0.854,-6.3,-17.74,0.0,0,5,0.1145,0.0905,0.1256,0.0647
110.09,1,0.689,-2.5,6.1,5,77.9,20.44,0.09,-0.0953,0.095,0.004,-0.171,1.108,-0.053,-21.6,11.77,1,10.28,1,0.836,-4.36,-16.89,0.0,0,5,0.1108,0.0776,0.12,0.0702
110.123,1,0.671,-2.75,5.9,5,78.1,20.46,0.09,-0.0846,0.089,0.001,-0.139,1.111,-0.054,-21.89,11.77,1,10.28,1,0.836,-4.36,-16.89,0.0,0,5,0.1091,0.0666,0.1147,0.0666
110.156,1,0.674,-2.75,5.72,5,77.7,20.46,0.09,-0.0778,0.089,0.0,-0.142,1.113,-0.055,-22.06,11.77,1,10.28,1,0.836,-4.36,-16.89,0.0,0,5,0.111,0.0629,0.1147,0.0666
110.188,1,0.681,-2.99,5.31,5,77.9,20.96,0.09,-0.0749,0.087,0.0,-0.094,1.116,-0.056,-22.35,11.77,1,10.28,1,0.824,-1.45,-12.79,0.0,0,5,0.1111,0.063,0.1111,0.063
110.223,1,0.682,-2.99,5.09,5,77.8,20.96,0.09,-0.0649,0.086,0.0,-0.065,1.118,-0.057,-22.46,11.77,1,6.14,1,0.824,-1.45,-12.79,0.0,0,5,0.1073,0.0648,0.1073,0.0629
110.255,1,0.686,-3.24,4.9,5,77.8,20.46,0.09,-0.0612,0.086,0.0,-0.101,1.121,-0.058,-22.63,11.77,1,6.14,1,0.824,-1.45,-12.79,0.0,0,5,0.1036,0.0703,0.1036,0.0685
110.289,1,0.661,-3.74,4.76,5,77.2,20.46,0.09,-0.0551,0.087,0.0,-0.076,1.124,-0.06,-22.86,11.77,1,6.14,1,0.827,1.45,-3.31,0.0,0,5,0.0999,0.074,0.0999,0.074
110.321,1,0.674,-4.24,5.0,5,77.7,20.46,0.09,-0.0473,0.086,-0.001,-0.128,1.127,-0.061,-23.09,11.77,1,6.14,1,0.827,1.45,-3.31,0.0,0,5,0.1018,0.0703,0.1,0.0759
110.358,1,0.68,-4.49,4.86,5,77.6,20.96,0.09,-0.0456,0.084,-0.002,-0.082,1.129,-0.062,-23.2,11.77,1,6.14,1,0.827,1.45,-3.31,0.0,0,5,0.1018,0.0666,0.0981,0.0703
110.39,1,0.685,-4.74,4.57,5,77.5,20.46,0.09,-0.0415,0.084,-0.0,-0.058,1.132,-0.063,-23.38,11.77,1,6.14,1,0.804,4.36,0.39,0.0,0,5,0.1055,0.0666,0.0999,0.0629
110.421,1,0.669,-4.74,4.43,5,77.4,20.46,0.09,-0.0345,0.085,0.0,-0.103,1.133,-0.064,-23.49,11.77,1,6.14,1,0.826,4.36,2.28,-6.382,1,5,0.1054,0.0703,0.0999,0.0629
110.455,1,0.67,-4.74,3.82,5,77.2,20.46,0.09,-0.0325,0.085,-0.001,-0.083,1.136,-0.065,-23.72,11.76,1,3.59,1,0.826,4.36,2.28,-6.382,1,5,0.1054,0.0721,0.0962,0.0666
110.488,1,0.659,-5.24,4.34,5,76.8,20.46,0.09,-0.0226,0.083,-0.002,-0.053,1.139,-0.067,-23.84,11.76,1,3.59,1,0.825,3.88,0.22,0.0,0,5,0.0999,0.0703,0.0925,0.0703
110.523,1,0.653,-5.24,3.88,5,75.9,20.46,0.09,-0.0264,0.082,-0.004,-0.031,1.142,-0.068,-23.95,11.76,1,3.59,1,0.825,3.88,0.22,0.0,0,5,0.0934,0.0659,0.0898,0.0788
110.556,1,0.654,-5.24,3.86,5,76.0,20.46,0.09,-0.0188,0.083,-0.005,-0.035,1.144,-0.069,-23.95,11.76,1,3.59,1,0.825,3.88,0.22,0.0,0,5,0.0898,0.0641,0.0916,0.0861
110.587,1,0.69,-4.99,3.68,5,76.1,20.96,0.09,-0.0191,0.083,-0.007,-0.034,1.147,-0.071,-24.01,11.76,1,3.59,1,0.832,7.27,7.37,-7.747,1,5,0.0879,0.0641,0.0879,0.0916
110.623,1,0.701,-4.99,4.04,5,76.5,20.96,0.09,-0.0192,0.085,-0.005,-0.075,1.15,-0.072,-24.12,11.76,1,1.46,1,0.832,7.27,7.37,-7.747,1,5,0.0919,0.0735,0.0882,0.0882
110.655,1,0.7,-5.24,3.7,5,76.6,20.46,0.09,-0.0255,0.086,-0.003,-0.072,1.152,-0.073,-24.18,11.76,1,1.46,1,0.832,7.27,7.37,-7.747,1,5,0.0937,0.079,0.0882,0.0845
110.69,1,0.702,-5.49,3.75,5,76.6,20.96,0.09,-0.0167,0.088,-0.001,-0.036,1.155,-0.074,-24.24,11.76,1,1.46,1,0.828,7.27,4.98,0.0,0,5,0.0956,0.0827,0.0919,0.0827
110.72,1,0.684,-5.49,3.54,5,77.1,20.96,0.09,-0.015,0.087,-0.001,-0.054,1.158,-0.076,-24.35,11.76,1,1.46,1,0.791,10.18,8.65,0.0,0,5,0.0966,0.0821,0.093,0.0839
110.759,1,0.681,-5.49,3.33,5,77.6,20.96,0.09,-0.0114,0.086,-0.001,-0.038,1.16,-0.077,-24.41,11.76,1,1.46,1,0.791,10.18,8.65,0.0,0,5,0.0954,0.0789,0.0899,0.0789
110.79,1,0.699,-5.49,3.15,5,77.6,20.96,0.09,-0.0081,0.084,-0.001,-0.025,1.162,-0.078,-24.47,11.76,1,1.46,1,0.827,10.18,10.24,-7.065,1,5,0.0935,0.0807,0.0862,0.077
110.823,1,0.712,-5.74,3.57,5,78.1,20.46,0.09,-0.0051,0.082,-0.001,-0.049,1.163,-0.078,-24.52,11.75,1,0.52,1,0.825,10.18,10.22,-7.065,1,5,0.09,0.0774,0.0846,0.0756
110.854,1,0.727,-5.74,3.59,5,78.1,20.46,0.09,-0.0095,0.084,-0.002,-0.048,1.167,-0.08,-24.64,11.75,1,0.52,1,0.823,9.69,9.94,0.0,0,5,0.09,0.0756,0.0882,0.0828
110.89,1,0.737,-5.49,3.64,5,78.7,20.96,0.09,-0.0102,0.083,-0.003,-0.013,1.169,-0.081,-24.69,11.75,1,0.52,1,0.822,9.69,8.69,-7.739,1,5,0.0865,0.0684,0.0919,0.0865
110.921,1,0.732,-5.24,3.15,5,78.1,20.46,0.09,-0.0144,0.086,-0.002,-0.029,1.173,-0.083,-24.69,11.75,1,0.52,1,0.822,9.69,8.26,-6.966,1,5,0.0887,0.0721,0.0943,0.0887
110.958,1,0.713,-4.99,2.82,5,78.6,20.96,0.09,-0.0088,0.087,-0.001,-0.013,1.174,-0.084,-24.75,11.75,1,0.52,1,0.822,9.69,8.26,-6.966,1,5,0.0906,0.0777,0.0943,0.0851
110.988,1,0.715,-4.74,3.12,5,78.8,20.46,0.09,-0.0056,0.091,-0.001,-0.056,1.178,-0.085,-24.75,11.75,1,0.52,1,0.837,10.66,6.64,-6.459,1,5,0.0962,0.0888,0.0906,0.0869
111.021,1,0.706,-4.99,3.42,5,79.1,20.96,0.09,-0.0134,0.091,0.0,-0.044,1.179,-0.086,-24.81,11.75,1,0.52,1,0.837,10.66,6.64,-6.459,1,5,0.0962,0.0925,0.0888,0.0851
111.055,1,0.711,-4.74,3.14,5,79.5,20.46,0.09,-0.0152,0.091,0.0,-0.036,1.183,-0.088,-24.87,11.75,1,-0.52,1,0.827,10.18,7.13,-7.215,1,5,0.0981,0.0926,0.0889,0.0833
111.086,1,0.72,-4.74,2.94,5,79.9,20.46,0.09,-0.0131,0.089,0.001,0.022,1.186,-0.089,-24.92,11.75,1,-0.52,1,0.825,10.18,6.06,0.0,0,5,0.0977,0.0903,0.0903,0.0774
111.123,1,0.732,-4.74,3.0,5,79.7,20.46,0.09,-0.0092,0.086,0.0,-0.029,1.189,-0.09,-24.92,11.75,1,-0.52,1,0.792,12.12,6.4,-7.361,1,5,0.0958,0.0866,0.0885,0.0774
111.156,1,0.726,-4.74,3.14,5,79.7,20.46,0.09,-0.0102,0.086,-0.0,-0.039,1.191,-0.091,-24.98,11.75,1,-0.52,1,0.803,13.57,12.97,-6.471,1,5,0.0902,0.081,0.0902,0.0829
111.188,1,0.738,-4.74,3.15,5,79.7,20.46,0.09,-0.0124,0.086,-0.003,-0.018,1.194,-0.093,-25.04,11.75,1,-0.52,1,0.823,13.57,10.25,-6.023,1,5,0.0868,0.0739,0.0924,0.0905
111.224,1,0.74,-4.74,3.16,5,79.6,20.46,0.09,-0.0124,0.085,-0.004,-0.047,1.197,-0.094,-25.15,11.75,1,-1.39,1,0.823,13.57,10.25,-6.023,1,5,0.0886,0.0702,0.0923,0.0905
111.254,1,0.718,-4.49,2.68,5,79.0,20.96,0.09,-0.0126,0.086,-0.005,0.025,1.198,-0.095,-25.15,11.75,1,-1.39,1,0.834,13.09,9.59,-3.396,1,5,0.0904,0.0701,0.0923,0.0904
111.288,1,0.719,-4.49,2.8,5,78.7,20.96,0.09,-0.0072,0.089,-0.004,-0.039,1.202,-0.097,-25.27,11.75,1,-1.39,1,0.844,13.57,8.15,-4.524,1,5,0.0942,0.0757,0.0942,0.0924
111.323,1,0.72,-4.49,2.77,5,78.0,20.96,0.09,-0.0091,0.093,-0.001,-0.037,1.205,-0.098,-25.32,11.75,1,-1.39,1,0.844,13.57,8.15,-4.524,1,5,0.098,0.0814,0.0943,0.0906
111.388,1,0.705,-4.24,2.63,5,78.5,20.46,0.09,-0.0083,0.09,0.004,0.002,1.21,-0.101,-25.38,11.75,1,-1.39,1,0.817,13.57,8.31,-4.002,1,5,0.0944,0.0926,0.0944,0.0778
111.425,1,0.732,-3.99,2.76,5,78.8,20.96,0.09,-0.0086,0.088,0.004,-0.014,1.211,-0.101,-25.38,11.74,1,-2.02,1,0.817,13.57,8.31,-4.002,1,5,0.0926,0.0889,0.0944,0.0759
111.458,1,0.756,-3.99,3.24,5,78.7,20.96,0.09,-0.0138,0.087,0.0,-0.061,1.214,-0.103,-25.5,11.74,1,-2.02,1,0.787,17.45,4.15,5.593,1,5,0.0907,0.0833,0.0907,0.0815
111.489,1,0.748,-3.99,2.93,5,78.5,20.96,0.09,-0.0216,0.086,-0.0,-0.045,1.218,-0.104,-25.61,11.74,1,-2.02,1,0.828,13.09,6.28,-3.629,1,5,0.0906,0.0758,0.0943,0.0814
111.526,1,0.71,-4.49,3.19,5,78.5,20.96,0.09,-0.0158,0.086,0.0,-0.027,1.221,-0.106,-25.73,11.74,1,-2.02,1,0.828,13.09,6.28,-3.629,1,5,0.0888,0.074,0.098,0.0814
111.556,1,0.596,-4.49,4.53,5,78.7,20.96,0.09,-0.0139,0.086,-0.0,-0.042,1.222,-0.107,-25.78,11.74,1,-2.02,1,0.844,12.12,6.18,-1.498,1,5,0.0906,0.0721,0.098,0.0814
111.592,1,0.603,-4.49,4.19,5,78.8,20.96,0.09,-0.0379,0.087,-0.001,-0.031,1.225,-0.108,-25.84,11.74,1,-2.02,1,0.844,12.12,5.17,-3.671,1,5,0.0925,0.0758,0.0962,0.0851
111.622,1,0.718,-4.49,2.33,5,78.8,20.96,0.09,-0.032,0.089,-0.002,-0.037,1.227,-0.109,-25.84,11.74,1,-2.02,1,0.838,11.63,5.98,-4.086,1,5,0.0943,0.0795,0.0943,0.0887
111.655,1,0.754,-4.49,2.32,5,78.9,20.96,0.09,0.0003,0.088,-0.0,-0.055,1.23,-0.111,-25.95,11.74,1,0.37,1,0.849,11.15,5.39,-2.523,1,5,0.0961,0.0851,0.0906,0.0814
111.692,1,0.737,-4.24,1.62,5,79.3,20.46,0.09,0.0003,0.086,0.0,-0.024,1.233,-0.112,-26.01,11.74,1,0.37,1,0.849,11.15,3.99,-3.709,1,5,0.0942,0.0868,0.085,0.0776
111.722,1,0.688,-3.99,2.14,5,79.2,20.96,0.09,0.0094,0.085,0.001,0.013,1.236,-0.113,-26.01,11.74,1,0.37,1,0.844,11.15,3.99,-3.709,1,5,0.0924,0.0887,0.085,0.0758
111.756,1,0.672,-3.99,1.91,5,78.9,20.96,0.09,-0.0027,0.086,0.003,-0.015,1.238,-0.114,-26.01,11.74,1,0.37,1,0.844,11.15,4.0,-3.709,1,5,0.0887,0.0887,0.0887,0.0777
111.788,1,0.747,-3.74,1.33,5,78.1,20.46,0.09,0.0018,0.089,0.003,-0.035,1.241,-0.116,-26.07,11.74,1,0.37,1,0.846,11.15,4.01,-3.709,1,5,0.087,0.087,0.0981,0.0851
111.823,1,0.782,-3.49,0.77,5,78.0,20.96,0.09,0.0092,0.09,0.001,-0.03,1.245,-0.117,-26.13,11.74,1,-1.69,1,0.846,11.15,4.01,-3.709,1,5,0.0881,0.0826,0.1009,0.0899
111.855,1,0.831,-3.49,0.9,5,77.5,20.56,0.09,0.0162,0.089,0.0,-0.041,1.246,-0.118,-26.18,11.74,1,-1.69,1,0.85,10.66,3.38,-5.31,1,5,0.0899,0.0808,0.0991,0.0881
111.89,1,0.785,-3.49,0.02,5,76.9,20.0,0.09,0.0146,0.088,-0.0,-0.017,1.249,-0.12,-26.24,11.74,1,-1.69,1,0.85,10.66,3.3,-0.455,1,5,0.0917,0.0826,0.0917,0.0844
111.925,1,0.736,-3.49,0.01,5,77.1,19.85,0.09,0.0303,0.086,-0.0,-0.006,1.252,-0.121,-26.3,11.74,1,-1.69,1,0.849,10.18,2.81,-3.742,1,5,0.0906,0.0887,0.0832,0.0832
111.956,1,0.821,-2.99,-0.53,5,77.0,20.56,0.09,0.0306,0.086,-0.0,0.009,1.254,-0.122,-26.3,11.74,1,-1.69,1,0.834,11.15,1.88,-4.843,1,5,0.0887,0.0906,0.0813,0.085
111.987,1,0.842,-2.75,-0.23,5,77.2,20.46,0.09,0.0343,0.087,0.0,0.023,1.257,-0.123,-26.24,11.74,1,-1.69,1,0.805,14.06,8.21,-5.735,1,5,0.0848,0.0921,0.0829,0.0885
112.022,1,0.834,-2.5,-1.13,5,77.5,20.44,0.09,0.0269,0.087,0.004,0.082,1.26,-0.125,-26.07,11.74,1,-3.82,1,0.805,14.06,8.21,-5.735,1,5,0.0811,0.0958,0.0848,0.0866
112.056,1,0.824,-2.0,-1.28,5,77.7,19.85,0.09,0.0398,0.086,0.005,0.051,1.262,-0.125,-26.01,11.74,1,-3.82,1,0.847,14.54,11.19,-0.418,1,5,0.0774,0.094,0.0866,0.0848
112.088,1,0.825,-1.5,-1.04,5,77.3,20.56,0.09,0.0374,0.085,0.003,0.013,1.265,-0.127,-25.95,11.74,1,-3.82,1,0.85,15.03,11.56,-4.132,1,5,0.0769,0.0933,0.0824,0.0878
112.121,1,0.745,2.0,-4.28,5,76.8,20.44,0.09,0.0276,0.086,0.0,-0.009,1.267,-0.128,-26.01,11.74,1,-3.82,1,0.85,15.03,11.56,-4.132,1,5,0.0805,0.0915,0.0805,0.0915
112.157,1,0.722,3.49,-4.93,5,76.5,20.44,0.09,0.0419,0.086,-0.001,0.022,1.268,-0.129,-25.95,11.74,1,-3.82,1,0.853,15.03,12.18,-2.804,1,5,0.0823,0.0896,0.0787,0.0915
112.188,1,0.794,-1.25,-1.6,5,77.3,20.56,0.09,0.041,0.088,-0.003,0.001,1.271,-0.13,-25.95,11.74,1,-3.82,1,0.855,15.51,11.71,-1.857,1,5,0.0885,0.0903,0.0793,0.0922
112.22,1,0.791,-1.0,-1.59,5,78.1,20.96,0.09,0.0449,0.089,-0.004,0.016,1.273,-0.131,-25.95,11.74,1,-3.82,1,0.855,15.51,11.71,-1.857,1,5,0.0924,0.0887,0.0813,0.0943
112.256,1,0.787,-1.0,-1.24,5,78.6,20.81,0.09,0.0395,0.093,-0.004,0.01,1.276,-0.133,-25.9,11.74,1,-5.23,1,0.835,15.99,12.01,-2.424,1,5,0.0979,0.0942,0.085,0.0961
112.288,1,0.775,-1.0,-1.21,5,78.7,20.81,0.09,0.0325,0.095,0.0,0.016,1.28,-0.134,-25.84,11.74,1,-5.23,1,0.819,19.39,17.65,0.0,0,5,0.0943,0.1017,0.0887,0.0943
112.323,1,0.781,-0.5,-1.42,5,78.5,20.56,0.09,0.0312,0.091,0.007,0.036,1.283,-0.136,-25.78,11.74,1,-5.23,1,0.819,19.39,17.65,0.0,0,5,0.084,0.1041,0.0913,0.084
112.355,1,0.782,-0.5,-1.35,5,78.0,20.56,0.09,0.0285,0.09,0.008,0.043,1.285,-0.136,-25.73,11.74,1,-5.23,1,0.857,19.87,20.4,0.0,0,5,0.0804,0.1041,0.0932,0.084
112.39,1,0.789,-0.25,-1.13,5,77.7,20.46,0.09,0.0276,0.088,0.006,0.006,1.288,-0.138,-25.73,11.74,1,-5.23,1,0.859,19.39,21.71,0.0,0,5,0.0785,0.0949,0.0931,0.0858
112.42,1,0.785,-0.5,-1.43,5,77.9,20.96,0.09,0.0206,0.086,0.006,-0.039,1.29,-0.138,-25.73,11.74,1,-5.23,1,0.844,17.45,17.97,0.0,0,5,0.0758,0.0924,0.0924,0.085
112.486,1,0.785,-0.25,-1.65,5,78.9,20.46,0.09,0.0295,0.091,0.001,0.009,1.296,-0.142,-25.78,11.73,1,-1.05,1,0.852,16.48,13.84,0.173,1,5,0.087,0.0888,0.0944,0.0925
112.519,1,0.789,-0.5,-1.5,5,78.8,20.56,0.09,0.0303,0.092,-0.001,-0.018,1.298,-0.142,-25.78,11.73,1,-1.05,1,0.822,13.57,10.78,-0.714,1,5,0.0906,0.0869,0.0943,0.0961
112.557,1,0.796,-0.5,-1.43,5,78.8,20.96,0.09,0.0311,0.097,-0.003,0.021,1.302,-0.144,-25.78,11.73,1,-1.05,1,0.853,12.6,4.7,-2.647,1,5,0.0998,0.0924,0.0942,0.0998
112.587,1,0.802,-0.5,-1.49,5,78.7,20.96,0.09,0.0297,0.098,-0.001,0.009,1.305,-0.146,-25.78,11.73,1,-1.05,1,0.85,12.6,4.7,-2.65,1,5,0.0979,0.0998,0.0942,0.0998
112.624,1,0.79,-0.5,-1.07,5,78.4,20.96,0.09,0.0307,0.1,0.001,0.024,1.309,-0.148,-25.78,11.73,1,-1.05,1,0.85,12.6,4.7,-2.65,1,5,0.098,0.1054,0.0961,0.0998
112.656,1,0.789,-0.5,-0.98,5,78.2,20.81,0.09,0.0233,0.099,0.004,0.023,1.311,-0.148,-25.73,11.73,1,1.09,1,0.848,12.6,4.71,-2.64,1,5,0.098,0.1072,0.098,0.0924
112.687,1,0.781,-0.5,-0.81,5,78.4,20.96,0.09,0.0217,0.096,0.005,-0.008,1.314,-0.15,-25.73,11.73,1,1.09,1,0.857,12.6,4.72,-2.634,1,5,0.0942,0.1016,0.0998,0.0887
112.723,1,0.795,-0.25,-1.32,5,78.1,20.56,0.09,0.0187,0.095,0.003,-0.025,1.318,-0.151,-25.84,11.73,1,1.09,1,0.857,12.6,4.72,-2.634,1,5,0.0906,0.0943,0.1017,0.0924
112.755,1,0.798,0.0,-1.34,5,77.6,20.56,0.09,0.0244,0.094,0.001,0.019,1.319,-0.152,-25.78,11.73,1,1.09,1,0.851,11.63,6.02,-2.49,1,5,0.0887,0.0887,0.1017,0.0961
112.786,1,0.797,0.0,-1.31,5,77.8,20.56,0.09,0.0222,0.093,-0.002,-0.002,1.322,-0.154,-25.84,11.73,1,1.09,1,0.847,9.69,-0.28,-2.249,1,5,0.0925,0.0851,0.0962,0.0962
112.819,1,0.75,0.0,-1.77,5,78.1,20.96,0.09,0.0218,0.092,-0.001,-0.013,1.324,-0.155,-25.84,11.73,1,1.09,1,0.856,9.21,-0.92,-2.233,1,5,0.0944,0.0888,0.0925,0.0925
112.854,1,0.803,0.0,-1.6,5,78.5,20.96,0.09,0.0303,0.094,-0.003,0.006,1.328,-0.157,-25.78,11.72,1,1.52,1,0.858,9.21,-1.24,-2.887,1,5,0.098,0.0962,0.0851,0.0962
112.885,1,0.802,-0.25,-1.29,5,78.8,21.11,0.09,0.0275,0.096,-0.002,0.017,1.331,-0.158,-25.78,11.72,1,1.52,1,0.855,9.69,-1.74,-1.792,1,5,0.0962,0.1018,0.087,0.0999
112.921,1,0.804,-0.5,-1.01,5,79.0,20.81,0.09,0.0254,0.096,-0.001,0.011,1.333,-0.159,-25.73,11.72,1,1.52,1,0.851,9.69,-1.74,-3.482,1,5,0.0944,0.0999,0.0907,0.0999
112.954,1,0.809,-0.5,-1.43,5,80.0,20.96,0.09,0.0233,0.095,0.001,0.071,1.336,-0.161,-25.67,11.72,1,1.52,1,0.853,9.21,-1.22,-4.588,1,5,0.0907,0.0963,0.0963,0.0963
112.984,1,0.814,-0.5,-0.8,5,80.4,20.56,0.09,0.0302,0.092,0.002,-0.016,1.339,-0.162,-25.61,11.72,1,1.52,1,0.855,9.69,-1.72,-5.138,1,5,0.0865,0.092,0.0957,0.092
113.022,1,0.813,-0.5,-0.75,5,80.7,20.56,0.09,0.019,0.091,0.0,-0.003,1.341,-0.163,-25.61,11.72,1,1.52,1,0.855,9.69,-1.72,-5.138,1,5,0.0847,0.0902,0.092,0.0957
113.056,1,0.824,-0.5,-0.7,5,80.6,20.56,0.09,0.018,0.089,-0.003,0.05,1.344,-0.165,-25.55,11.72,1,0.05,1,0.854,9.69,-1.27,-6.086,1,5,0.0827,0.0883,0.0846,0.1011
113.088,1,0.829,-0.5,-0.69,5,80.7,20.56,0.09,0.017,0.089,-0.006,0.032,1.347,-0.167,-25.5,11.72,1,0.05,1,0.855,9.69,0.14,-4.882,1,5,0.0869,0.0887,0.0777,0.1035
113.119,1,0.841,0.0,-1.25,5,80.7,20.56,0.09,0.0168,0.089,-0.007,0.04,1.349,-0.168,-25.44,11.72,1,0.05,1,0.855,9.69,0.14,-4.882,1,5,0.0906,0.0906,0.0721,0.1017
113.156,1,0.84,0.0,-1.15,5,80.6,20.96,0.09,0.0201,0.088,-0.008,0.078,1.352,-0.169,-25.32,11.72,1,0.05,1,0.852,10.18,0.29,-3.864,1,5,0.0944,0.0963,0.0648,0.0981
113.188,1,0.831,0.0,-0.57,5,79.6,20.96,0.09,0.019,0.089,-0.006,0.09,1.355,-0.171,-25.1,11.72,1,0.05,1,0.82,12.12,1.54,-5.1,1,5,0.0907,0.1,0.0666,0.0981
113.221,1,0.829,0.0,-0.6,5,79.2,20.56,0.09,0.0093,0.089,-0.004,0.052,1.357,-0.172,-25.04,11.72,1,0.05,1,0.844,14.06,7.67,-3.584,1,5,0.087,0.0999,0.0703,0.0981
113.254,1,0.828,0.0,-0.73,5,78.8,20.56,0.09,0.0099,0.088,-0.003,0.02,1.36,-0.173,-24.98,11.72,1,-1.88,1,0.867,13.57,8.15,-4.532,1,5,0.0814,0.0944,0.0759,0.0999
113.287,1,0.809,0.0,-0.69,5,78.2,20.56,0.09,0.0123,0.086,-0.005,0.037,1.363,-0.175,-24.92,11.72,1,-1.88,1,0.861,13.57,8.16,-4.529,1,5,0.0795,0.0851,0.0777,0.1036
113.321,1,0.809,0.5,-1.01,5,78.2,20.0,0.09,0.0118,0.087,-0.005,0.055,1.364,-0.176,-24.87,11.72,1,-1.88,1,0.861,13.57,8.16,-4.529,1,5,0.0796,0.0851,0.0796,0.1036
113.386,1,0.795,0.5,-0.45,5,79.2,20.44,0.09,0.0118,0.087,-0.003,0.021,1.37,-0.179,-24.75,11.72,1,-1.88,1,0.862,14.54,9.61,-3.919,1,5,0.0815,0.087,0.0796,0.0981
113.421,1,0.796,0.5,-0.38,5,79.1,20.44,0.09,0.0024,0.087,-0.003,0.06,1.372,-0.18,-24.69,11.72,1,-1.88,1,0.862,14.54,9.61,-3.919,1,5,0.0833,0.0889,0.0778,0.0963
113.455,1,0.793,1.5,-0.87,5,78.4,20.2,0.09,0.0016,0.09,-0.003,0.081,1.375,-0.181,-24.52,11.72,1,-2.21,1,0.863,14.54,9.36,-4.457,1,5,0.0869,0.098,0.0758,0.0999
113.484,1,0.8,1.0,-0.35,5,78.0,20.44,0.09,-0.0016,0.091,-0.004,0.007,1.379,-0.183,-24.41,11.72,1,-2.21,1,0.855,15.51,10.8,-2.386,1,5,0.0898,0.1045,0.0697,0.099
113.517,1,0.791,1.0,-0.39,5,78.8,20.44,0.09,-0.0037,0.091,-0.006,0.01,1.38,-0.184,-24.41,11.72,1,-2.21,1,0.857,15.51,10.79,-2.388,1,5,0.0917,0.1008,0.0697,0.1008
113.587,1,0.796,1.0,-0.46,5,79.0,20.56,0.09,-0.0024,0.089,-0.005,0.046,1.387,-0.187,-24.35,11.72,1,-2.21,1,0.849,15.51,11.05,-1.845,1,5,0.0881,0.0844,0.0826,0.0991
113.621,1,0.799,1.0,-0.13,5,78.3,20.81,0.09,-0.0012,0.088,-0.003,0.053,1.388,-0.188,-24.29,11.72,1,-2.21,1,0.849,15.51,11.05,-1.845,1,5,0.0837,0.0855,0.0855,0.0983
113.653,1,0.798,1.0,0.28,5,78.6,20.56,0.09,-0.0068,0.085,-0.002,-0.002,1.391,-0.19,-24.24,11.72,1,-0.73,1,0.859,15.51,11.4,-2.426,1,5,0.0812,0.0812,0.0848,0.0938
113.687,1,0.798,1.0,0.26,5,78.6,20.56,0.09,-0.0139,0.087,-0.002,0.008,1.395,-0.191,-24.29,11.72,1,-0.73,1,0.856,15.51,12.37,-0.407,1,5,0.0854,0.0872,0.0818,0.0927
113.719,1,0.798,1.25,-0.1,5,78.7,20.2,0.09,-0.0136,0.087,-0.003,0.013,1.396,-0.192,-24.24,11.72,1,-0.73,1,0.856,15.51,12.37,-0.407,1,5,0.0879,0.0861,0.0824,0.0916
113.756,1,0.794,1.5,-0.25,5,78.9,20.44,0.09,-0.0103,0.092,-0.002,0.002,1.4,-0.194,-24.24,11.72,1,-0.73,1,0.859,16.48,11.83,0.761,1,5,0.0974,0.0937,0.0864,0.0901
113.787,1,0.788,1.0,-0.03,5,78.6,20.81,0.09,-0.0103,0.093,0.0,-0.001,1.403,-0.195,-24.29,11.72,1,-0.73,1,0.859,16.48,11.83,0.761,1,5,0.0975,0.0957,0.0902,0.0883
113.82,1,0.795,1.0,-0.15,5,78.5,20.81,0.09,-0.0077,0.094,-0.001,-0.049,1.405,-0.196,-24.29,11.72,1,-0.73,1,0.859,16.48,11.83,0.761,1,5,0.1011,0.0956,0.0901,0.0882
113.885,1,0.797,0.75,-0.28,5,78.7,20.2,0.09,-0.0061,0.088,-0.006,0.023,1.411,-0.199,-24.47,11.72,1,1.34,1,0.83,13.57,9.82,-2.78,1,5,0.096,0.0812,0.0831,0.0905
113.919,1,0.788,0.75,-0.12,5,78.2,20.44,0.09,-0.0007,0.085,-0.005,0.069,1.412,-0.2,-24.41,11.72,1,1.34,1,0.83,13.57,9.82,-2.78,1,5,0.0906,0.0795,0.0813,0.0906
113.988,1,0.78,0.75,0.08,5,77.9,20.56,0.09,-0.0043,0.086,-0.007,-0.006,1.419,-0.203,-24.29,11.72,1,1.34,1,0.861,12.6,4.72,-2.639,1,5,0.0833,0.0777,0.0796,0.1018
114.017,1,0.789,1.0,-0.22,5,77.8,20.81,0.09,-0.0078,0.087,-0.007,0.056,1.42,-0.204,-24.24,11.72,1,1.34,1,0.856,12.6,4.71,-2.641,1,5,0.0869,0.0814,0.0795,0.1017
114.055,1,0.799,1.0,0.08,5,77.7,20.44,0.09,-0.0058,0.09,-0.004,0.055,1.424,-0.206,-24.12,11.72,1,2.39,1,0.85,12.6,4.42,-3.256,1,5,0.0906,0.0924,0.0795,0.0961
114.086,1,0.779,1.0,0.18,5,77.6,20.56,0.09,-0.0107,0.091,-0.001,-0.013,1.427,-0.207,-24.18,11.72,1,2.39,1,0.838,13.09,6.41,-3.629,1,5,0.0924,0.0942,0.0868,0.0924
114.121,1,0.77,1.0,0.19,5,76.8,20.96,0.09,-0.0125,0.091,-0.0,-0.048,1.428,-0.208,-24.24,11.72,1,2.39,1,0.838,13.09,6.41,-3.629,1,5,0.0888,0.0925,0.0888,0.0943
114.154,1,0.779,1.0,-0.14,5,76.2,20.81,0.09,-0.0125,0.089,-0.003,-0.038,1.432,-0.21,-24.29,11.72,1,2.39,1,0.834,12.6,7.3,-2.437,1,5,0.0906,0.0813,0.0906,0.0924
114.186,1,0.801,0.5,0.01,5,76.0,20.56,0.09,-0.0068,0.085,-0.006,-0.059,1.434,-0.211,-24.41,11.72,1,2.39,1,0.825,12.6,5.4,-1.221,1,5,0.0924,0.0758,0.0832,0.0887
114.221,1,0.79,0.5,-0.14,5,76.6,20.81,0.09,-0.0033,0.083,-0.006,0.003,1.437,-0.213,-24.47,11.72,1,2.39,1,0.825,12.6,5.4,-1.221,1,5,0.0961,0.0739,0.0795,0.0832
114.283,1,0.774,0.5,-0.03,5,76.6,20.81,0.09,-0.0015,0.086,-0.004,0.026,1.442,-0.215,-24.29,11.72,1,2.39,1,0.802,11.63,9.87,5.393,1,5,0.0905,0.0813,0.0832,0.0887
114.32,1,0.767,0.25,0.16,5,76.6,20.46,0.09,-0.0034,0.087,-0.004,-0.001,1.444,-0.216,-24.29,11.72,1,2.39,1,0.802,11.63,9.87,5.393,1,5,0.0886,0.0831,0.0831,0.0942
114.386,1,0.782,0.5,0.09,5,76.5,20.56,0.09,-0.0042,0.089,-0.002,-0.032,1.45,-0.219,-24.29,11.72,1,2.39,1,0.789,10.18,12.17,0.0,0,5,0.0869,0.0906,0.0832,0.0961
114.419,1,0.791,0.5,0.32,5,76.7,20.56,0.09,-0.0062,0.09,-0.0,-0.015,1.452,-0.22,-24.29,11.72,1,2.39,1,0.789,10.18,12.17,0.0,0,5,0.087,0.0907,0.0888,0.0944
114.486,1,0.789,0.75,0.17,5,76.6,20.44,0.09,-0.0101,0.09,-0.002,-0.017,1.458,-0.223,-24.29,11.71,1,4.66,1,0.806,6.79,5.67,0.0,0,5,0.0905,0.0868,0.0887,0.0924
114.517,1,0.791,0.75,0.24,5,76.0,20.46,0.09,-0.0107,0.089,-0.003,-0.018,1.46,-0.224,-24.29,11.71,1,4.66,1,0.806,6.79,5.67,0.0,0,5,0.0924,0.0887,0.0831,0.0924
114.585,1,0.795,0.75,0.11,5,75.7,20.56,0.09,-0.0114,0.088,-0.003,0.043,1.466,-0.227,-24.29,11.71,1,4.66,1,0.814,4.36,3.34,0.0,0,5,0.0926,0.0907,0.0796,0.0889
114.619,1,0.802,1.25,-0.17,5,76.2,20.81,0.09,-0.0089,0.088,-0.001,0.07,1.468,-0.227,-24.18,11.71,1,4.66,1,0.814,4.36,3.34,0.0,0,5,0.0907,0.0889,0.0852,0.0889
114.656,1,0.818,1.25,0.4,5,76.6,20.81,0.09,-0.0103,0.092,0.002,0.015,1.471,-0.229,-24.06,11.71,1,6.1,1,0.82,4.85,5.63,0.0,0,5,0.0888,0.0925,0.0944,0.0907
114.685,1,0.828,1.25,0.31,5,77.1,20.56,0.09,-0.0195,0.092,0.001,-0.042,1.475,-0.23,-24.18,11.71,1,6.1,1,0.818,5.33,7.96,0.0,0,5,0.0887,0.0906,0.0943,0.0924
114.717,1,0.832,1.25,0.23,5,77.0,20.56,0.09,-0.0176,0.09,0.0,0.007,1.476,-0.231,-24.18,11.71,1,6.1,1,0.813,5.33,9.84,0.0,0,5,0.0884,0.0884,0.0921,0.0921
114.786,1,0.843,1.5,-0.0,5,77.9,20.56,0.09,-0.0156,0.086,-0.001,-0.016,1.483,-0.234,-24.18,11.71,1,6.1,1,0.802,5.33,12.49,0.0,0,5,0.0884,0.0847,0.0847,0.0847
114.82,1,0.857,1.75,0.02,5,77.6,20.46,0.09,-0.0147,0.085,-0.002,-0.011,1.484,-0.235,-24.24,11.71,1,6.1,1,0.802,5.33,12.49,0.0,0,5,0.0887,0.0868,0.0795,0.085
114.854,1,0.848,1.75,0.11,5,77.4,20.46,0.09,-0.0176,0.085,-0.003,-0.007,1.487,-0.236,-24.24,11.71,1,6.97,1,0.794,5.33,18.07,0.0,0,5,0.0888,0.0888,0.0759,0.087
114.887,1,0.843,1.25,-0.25,5,77.0,20.46,0.09,-0.0185,0.086,-0.003,0.056,1.49,-0.238,-24.18,11.71,1,6.97,1,0.804,2.91,20.47,0.0,0,5,0.0888,0.0851,0.0814,0.0888
114.919,1,0.838,1.75,-0.31,5,76.4,20.56,0.09,-0.0058,0.086,-0.0,0.056,1.492,-0.238,-24.12,11.71,1,6.97,1,0.814,0.97,16.52,0.0,0,5,0.087,0.0833,0.087,0.0851
114.985,1,0.797,4.49,-2.39,5,75.0,20.56,0.09,-0.0107,0.086,-0.002,-0.005,1.498,-0.242,-24.18,11.71,1,6.97,1,0.808,0.97,18.03,0.0,0,5,0.0926,0.089,0.0799,0.0835
115.019,1,0.818,4.74,-2.92,5,74.9,20.56,0.09,-0.0088,0.087,-0.003,-0.037,1.5,-0.242,-24.18,11.71,1,6.97,1,0.808,0.97,18.03,0.0,0,5,0.0926,0.089,0.0781,0.0872
115.053,1,0.839,3.49,-1.52,5,74.8,20.56,0.09,0.001,0.085,-0.001,-0.016,1.501,-0.243,-24.24,11.71,1,8.44,1,0.815,0.97,20.13,0.0,0,5,0.0891,0.0854,0.0818,0.0836
115.085,1,0.793,5.99,-3.55,5,74.3,21.11,0.09,-0.0062,0.082,0.002,-0.008,1.506,-0.245,-24.24,11.71,1,8.44,1,0.816,0.97,23.32,0.0,0,5,0.08,0.0782,0.0909,0.08
115.118,1,0.794,5.74,-3.42,5,74.3,20.2,0.09,-0.0016,0.082,0.002,-0.008,1.506,-0.245,-24.24,11.71,1,8.44,1,0.823,0.97,25.09,0.0,0,5,0.08,0.0782,0.0909,0.08
115.187,1,0.809,6.24,-3.63,5,73.7,20.0,0.09,0.0045,0.084,0.0,0.001,1.512,-0.248,-24.29,11.71,1,8.44,1,0.821,0.97,27.49,0.0,0,5,0.0812,0.0886,0.0794,0.0868
115.217,1,0.819,5.74,-2.82,5,73.4,20.2,0.09,0.0027,0.086,-0.001,0.026,1.514,-0.248,-24.24,11.71,1,8.44,1,0.821,0.97,27.49,0.0,0,5,0.0851,0.0907,0.0796,0.0888
115.287,1,0.865,2.75,0.14,5,74.3,20.56,0.09,-0.0034,0.092,-0.001,-0.013,1.521,-0.252,-24.06,11.71,1,9.26,1,0.825,-0.97,31.25,0.0,0,5,0.0906,0.0869,0.0943,0.0961
115.319,1,0.883,2.5,0.79,5,74.6,20.2,0.09,-0.0175,0.093,-0.0,-0.027,1.522,-0.252,-24.06,11.71,1,9.26,1,0.823,-1.45,30.89,0.0,0,5,0.0905,0.0905,0.0942,0.0961
115.353,1,0.874,3.99,-0.09,5,74.7,20.2,0.09,-0.0294,0.093,0.001,-0.017,1.526,-0.254,-24.12,11.71,1,9.26,1,0.832,-2.42,32.94,0.0,0,5,0.0924,0.0961,0.0924,0.0924
115.386,1,0.868,4.24,-0.41,5,74.2,20.44,0.09,-0.0342,0.093,0.002,0.004,1.529,-0.255,-24.18,11.71,1,9.26,1,0.844,-5.33,31.54,0.0,0,5,0.0905,0.0942,0.096,0.0923
115.427,1,0.87,3.74,-0.06,5,73.8,20.56,0.09,-0.0315,0.091,0.001,-0.008,1.532,-0.257,-24.18,11.71,1,14.82,1,0.85,-9.69,27.09,0.0,0,5,0.0905,0.0887,0.0942,0.0887
115.486,1,0.872,2.5,0.91,5,73.5,20.2,0.09,-0.0319,0.088,-0.002,-0.008,1.537,-0.259,-24.24,11.71,1,14.82,1,0.849,-14.54,18.43,0.0,0,5,0.0943,0.0888,0.0832,0.0869
115.516,1,0.855,2.5,0.94,5,72.9,20.0,0.09,-0.0333,0.088,-0.002,-0.014,1.539,-0.26,-24.24,11.71,1,14.82,1,0.841,-14.54,17.52,0.0,0,5,0.0943,0.0888,0.0832,0.0869
115.552,1,0.807,6.74,-2.28,5,72.5,20.2,0.09,-0.0357,0.091,-0.004,0.07,1.542,-0.262,-24.24,11.71,1,14.82,1,0.835,-14.54,18.5,0.0,0,5,0.0998,0.0869,0.0869,0.0887
115.585,1,0.815,5.99,-2.2,5,72.8,20.56,0.09,-0.0307,0.09,-0.001,-0.009,1.545,-0.263,-24.18,11.71,1,14.82,1,0.833,-14.54,18.68,0.0,0,5,0.096,0.0813,0.0979,0.0868
115.617,1,0.84,2.75,-0.27,5,73.9,20.46,0.09,-0.0207,0.092,0.0,-0.058,1.547,-0.264,-24.24,11.71,1,14.82,1,0.833,-14.54,18.68,0.0,0,5,0.0961,0.0832,0.1016,0.0887
115.686,1,0.819,5.99,-2.62,5,73.9,20.44,0.09,-0.0164,0.094,0.002,-0.033,1.554,-0.267,-24.41,11.71,1,14.92,1,0.823,-18.42,16.48,0.0,0,5,0.0944,0.0926,0.1,0.0889
115.716,1,0.822,6.24,-2.48,5,73.9,20.44,0.09,-0.0166,0.092,0.001,-0.04,1.556,-0.267,-24.41,11.71,1,14.92,1,0.801,-18.42,19.1,0.0,0,5,0.0944,0.0889,0.0981,0.087
115.753,1,0.818,6.24,-2.88,5,73.3,20.56,0.09,-0.0189,0.09,0.001,-0.061,1.559,-0.269,-24.58,11.71,1,14.92,1,0.812,-18.42,20.7,0.0,0,5,0.0925,0.0888,0.0943,0.0851
115.787,1,0.827,3.49,-1.34,5,73.6,20.56,0.09,-0.0097,0.09,-0.001,-0.017,1.562,-0.27,-24.64,11.71,1,14.92,1,0.814,-17.93,22.99,0.0,0,5,0.098,0.0888,0.0888,0.0851
115.819,1,0.819,2.5,-0.74,5,72.7,20.56,0.09,-0.0016,0.092,-0.002,0.015,1.564,-0.271,-24.64,11.71,1,14.92,1,0.817,-16.96,23.53,0.0,0,5,0.1017,0.0906,0.0906,0.0869
115.853,1,0.817,4.99,-2.33,5,72.8,20.56,0.09,-0.0026,0.093,0.0,0.049,1.567,-0.273,-24.58,11.71,1,14.56,1,0.814,-15.99,24.98,0.0,0,5,0.1016,0.0887,0.0979,0.085
115.883,1,0.836,2.75,-0.92,5,73.8,20.46,0.09,-0.0068,0.094,0.002,-0.024,1.571,-0.274,-24.58,11.71,1,14.56,1,0.82,-14.54,25.92,0.0,0,5,0.0958,0.0903,0.1014,0.0885
115.916,1,0.841,2.5,-0.68,5,74.5,20.56,0.09,-0.0028,0.093,0.003,-0.021,1.573,-0.275,-24.64,11.71,1,14.56,1,0.82,-14.54,25.92,0.0,0,5,0.0922,0.0922,0.0996,0.0885
115.984,1,0.815,5.24,-1.53,5,72.9,22.04,0.09,-0.0078,0.09,0.003,-0.049,1.579,-0.278,-24.87,11.71,1,14.56,1,0.821,-11.63,25.32,0.0,0,5,0.0925,0.0907,0.0962,0.0814
116.019,1,0.817,5.49,-0.56,5,73.3,22.04,0.09,-0.0277,0.089,0.003,-0.046,1.581,-0.278,-24.92,11.71,1,14.56,1,0.821,-11.63,25.32,0.0,0,5,0.0925,0.0888,0.0962,0.0796
116.051,1,0.798,5.24,0.98,5,73.0,22.04,0.09,-0.045,0.086,0.004,-0.05,1.584,-0.28,-25.04,11.71,1,16.55,1,0.817,-9.69,25.41,0.0,0,5,0.087,0.0851,0.0944,0.0777
116.086,1,0.821,3.74,2.95,5,73.8,21.42,0.09,-0.067,0.09,0.001,0.005,1.588,-0.281,-25.04,11.71,1,16.55,1,0.817,-9.69,25.41,0.0,0,5,0.0924,0.0887,0.0943,0.085
116.115,1,0.816,1.75,5.15,5,73.6,21.02,0.09,-0.0822,0.09,0.0,-0.046,1.589,-0.282,-25.1,11.71,1,16.55,1,0.812,-7.76,28.63,0.0,0,5,0.0924,0.085,0.0961,0.0868
116.151,1,0.801,4.49,4.93,5,73.2,22.19,0.09,-0.0981,0.094,-0.001,0.005,1.593,-0.284,-25.1,11.71,1,16.55,1,0.812,-7.76,28.63,0.0,0,5,0.098,0.0851,0.1017,0.0925
116.183,1,0.811,2.0,8.25,5,73.4,21.6,0.09,-0.1293,0.091,0.0,-0.023,1.596,-0.285,-25.15,11.71,1,16.55,1,0.812,-7.76,28.63,0.0,0,5,0.0961,0.0776,0.1035,0.085
116.22,1,0.808,1.75,10.16,5,73.6,21.6,0.09,-0.1556,0.091,0.001,-0.051,1.598,-0.286,-25.21,11.71,1,16.55,1,0.812,-7.76,28.63,0.0,0,5,0.0998,0.0813,0.1035,0.0813
116.283,1,0.821,1.0,12.53,5,73.6,21.67,0.09,-0.1899,0.093,0.0,-0.115,1.604,-0.289,-25.67,11.71,1,22.4,1,0.782,-15.03,23.74,0.0,0,5,0.1036,0.0851,0.1017,0.0814
116.32,1,0.816,0.5,13.92,5,73.7,21.67,0.09,-0.2226,0.091,0.001,-0.103,1.606,-0.29,-25.78,11.71,1,22.4,1,0.782,-15.03,23.74,0.0,0,5,0.1018,0.0814,0.1018,0.0777
116.353,1,0.82,-0.25,15.36,5,74.2,21.6,0.09,-0.2424,0.088,0.001,-0.15,1.609,-0.291,-26.07,11.71,1,22.4,1,0.764,-17.45,26.83,0.0,0,5,0.1073,0.0703,0.1073,0.0666
116.382,1,0.815,-0.75,15.62,5,73.7,21.6,0.09,-0.2605,0.09,0.0,-0.145,1.612,-0.293,-26.41,11.71,1,22.4,1,0.773,-19.39,25.59,0.0,0,5,0.1166,0.0648,0.1166,0.0629
116.416,1,0.805,-1.75,16.73,5,73.3,21.6,0.09,-0.2598,0.092,0.0,-0.189,1.614,-0.294,-26.64,11.71,1,22.4,1,0.773,-19.39,25.59,0.0,0,5,0.1203,0.0629,0.1222,0.0629
116.453,1,0.813,-2.75,17.35,5,72.2,21.42,0.09,-0.2696,0.093,0.0,-0.199,1.617,-0.296,-27.04,11.71,1,30.79,1,0.786,-23.75,25.55,0.0,0,5,0.1241,0.0611,0.1241,0.0611
116.484,1,0.823,-3.74,17.53,5,72.2,21.02,0.0969,-0.271,0.091,0.001,-0.217,1.621,-0.297,-27.56,11.71,1,30.79,1,0.797,-28.11,21.61,0.0,0,5,0.1241,0.0593,0.1259,0.0556
116.515,1,0.831,-4.74,17.96,5,73.0,21.11,0.1038,-0.2631,0.09,0.0,-0.247,1.622,-0.298,-27.79,11.71,1,30.79,1,0.797,-28.11,21.61,0.0,0,5,0.124,0.0555,0.1259,0.0555
116.553,1,0.829,-4.99,17.52,5,73.0,21.42,0.1179,-0.2866,0.09,0.002,-0.242,1.625,-0.3,-28.48,11.71,1,30.79,1,0.797,-28.11,21.61,0.0,0,5,0.1257,0.0518,0.1313,0.0499
116.583,1,0.82,-4.49,16.43,5,72.5,21.11,0.1318,-0.3133,0.092,0.002,-0.253,1.629,-0.301,-28.93,11.71,1,30.79,1,0.771,-32.96,24.26,0.0,0,5,0.135,0.0518,0.1369,0.0462
116.617,1,0.814,-4.74,16.08,5,71.8,21.42,0.1388,-0.3137,0.096,0.003,-0.256,1.631,-0.302,-29.22,11.71,1,30.79,1,0.771,-32.96,24.26,0.0,0,5,0.1405,0.0555,0.1424,0.0462
116.653,1,0.819,-4.99,15.77,5,71.8,21.11,0.1528,-0.3339,0.107,0.004,-0.266,1.635,-0.304,-29.85,11.71,1,32.19,1,0.764,-34.9,30.06,0.0,0,5,0.1518,0.0667,0.1555,0.0537
116.684,1,0.818,-4.99,15.32,5,71.4,21.11,0.1668,-0.352,0.116,0.004,-0.303,1.639,-0.307,-30.54,11.71,1,32.19,1,0.767,-35.87,34.45,0.0,0,5,0.1596,0.0734,0.167,0.0642
116.716,1,0.8,-5.49,14.76,5,70.2,21.11,0.1738,-0.3541,0.121,0.003,-0.343,1.642,-0.308,-30.94,11.71,1,32.19,1,0.767,-35.87,34.45,0.0,0,5,0.1656,0.0764,0.1729,0.071
116.752,1,0.798,-5.74,13.91,5,69.6,21.02,0.1548,-0.2999,0.133,0.001,-0.341,1.647,-0.311,-31.74,11.71,1,32.19,1,0.798,-37.81,39.8,0.0,0,5,0.182,0.0775,0.1911,0.0811
116.783,1,0.782,-6.24,13.56,5,69.8,21.02,0.1559,-0.2794,0.149,0.0,-0.357,1.652,-0.315,-32.54,11.71,1,32.19,1,0.798,-37.81,39.8,0.0,0,5,0.2036,0.0854,0.2127,0.0927
116.817,1,0.769,-6.74,12.83,5,69.9,21.02,0.144,-0.2444,0.154,0.001,-0.384,1.655,-0.317,-33.06,11.71,1,32.19,1,0.798,-37.81,39.8,0.0,0,5,0.2124,0.09,0.2196,0.0936
116.851,1,0.78,-6.74,11.87,5,70.0,20.46,0.1199,-0.1809,0.161,-0.0,-0.316,1.661,-0.32,-33.8,11.71,1,29.95,1,0.753,-42.17,45.23,0.0,0,5,0.2214,0.1016,0.2196,0.0998
116.883,1,0.802,-6.74,10.9,5,70.4,20.81,0.1018,-0.1441,0.161,0.002,-0.277,1.666,-0.324,-34.49,11.71,1,29.95,1,0.759,-43.62,48.97,0.0,0,5,0.2177,0.1089,0.2177,0.0998
116.916,1,0.807,-6.24,10.31,5,70.4,20.56,0.1088,-0.1279,0.159,0.003,-0.244,1.669,-0.325,-34.78,11.71,1,29.95,1,0.759,-43.62,48.97,0.0,0,5,0.2108,0.1072,0.2163,0.0998
116.953,1,0.812,-6.24,10.33,5,70.6,21.02,0.1215,-0.1434,0.153,0.01,-0.311,1.674,-0.328,-35.41,11.71,1,29.95,1,0.822,-44.59,54.36,0.0,0,5,0.1922,0.109,0.218,0.0942
116.983,1,0.798,-5.99,9.56,5,70.2,20.56,0.1205,-0.1424,0.147,0.016,-0.239,1.679,-0.331,-35.98,11.71,1,29.95,1,0.778,-43.14,57.2,0.0,0,5,0.1717,0.1108,0.2142,0.0905
117.017,1,0.797,-5.74,8.88,5,69.9,20.56,0.1235,-0.1348,0.146,0.019,-0.261,1.682,-0.332,-36.27,11.71,1,29.95,1,0.778,-43.14,57.2,0.0,0,5,0.1678,0.118,0.2121,0.0867
117.082,1,0.826,-5.24,7.83,5,71.1,21.02,0.132,-0.134,0.134,0.013,-0.202,1.691,-0.338,-37.3,11.71,1,30.77,1,0.734,-41.68,57.62,0.0,0,5,0.1632,0.11,0.1834,0.0789
117.116,1,0.828,-4.74,7.04,5,70.6,20.56,0.1319,-0.1182,0.132,0.009,-0.178,1.693,-0.34,-37.53,11.71,1,30.77,1,0.734,-41.68,57.62,0.0,0,5,0.1611,0.1062,0.1758,0.0842
117.15,1,0.812,-4.74,6.9,5,69.7,20.46,0.1363,-0.111,0.131,0.008,-0.172,1.697,-0.343,-37.87,11.71,1,30.77,1,0.787,-36.35,55.54,0.0,0,5,0.1496,0.1127,0.1663,0.0961
117.184,1,0.636,-5.24,6.46,4,68.8,20.79,0.1262,-0.0973,0.133,0.006,-0.136,1.702,-0.346,-38.22,11.71,1,30.77,1,0.787,-32.96,55.72,0.0,0,5,0.1495,0.1126,0.1661,0.1034
117.215,1,0.636,-5.24,6.04,4,68.5,20.79,0.1176,-0.0739,0.134,0.006,-0.145,1.704,-0.347,-38.39,11.71,1,30.77,1,0.787,-32.96,55.72,0.0,0,5,0.1498,0.1146,0.1664,0.1054
117.248,1,0.765,-4.74,11.99,5,68.3,20.46,0.1135,-0.0624,0.136,0.007,-0.098,1.708,-0.35,-38.62,11.71,1,33.03,1,0.783,-26.66,54.55,0.0,0,5,0.1534,0.1201,0.1663,0.1035
117.282,1,0.603,-4.74,16.12,4,68.8,23.75,0.09,-0.1679,0.137,0.006,-0.109,1.713,-0.354,-38.85,11.71,1,33.03,1,0.783,-26.66,54.55,0.0,0,5,0.1572,0.1239,0.1646,0.1073
117.316,1,0.579,-4.49,17.01,4,69.9,24.8,0.09,-0.2398,0.135,0.006,-0.111,1.715,-0.355,-38.96,11.71,1,33.03,1,0.783,-26.66,54.55,0.0,0,5,0.1462,0.1221,0.1591,0.1129
117.349,1,0.688,-4.24,20.43,5,70.2,20.56,0.09,-0.2578,0.13,0.003,-0.055,1.719,-0.358,-39.13,11.71,1,33.03,1,0.739,-19.39,53.47,0.0,0,5,0.1369,0.111,0.1555,0.1184
117.384,1,0.67,-4.24,24.05,5,70.4,22.77,0.09,-0.32,0.122,-0.0,-0.123,1.722,-0.361,-39.42,11.71,1,33.03,1,0.739,-19.39,53.47,0.0,0,5,0.1332,0.1018,0.1425,0.111
117.419,1,0.506,-4.24,28.08,4,69.9,28.81,0.09,-0.3828,0.119,-0.001,-0.146,1.724,-0.363,-39.59,11.71,1,33.03,1,0.739,-19.39,53.47,0.0,0,5,0.135,0.0999,0.1369,0.1054
117.45,1,0.557,-4.24,31.62,5,69.5,29.19,0.09,-0.4528,0.114,-0.001,-0.143,1.728,-0.366,-39.88,11.71,1,42.52,1,0.727,-20.36,42.39,0.0,0,5,0.1388,0.0999,0.1258,0.0907
117.483,1,0.563,-4.49,31.95,5,66.6,28.61,0.09,-0.5142,0.11,0.003,-0.093,1.731,-0.368,-40.16,11.71,1,42.52,1,0.727,-20.36,42.39,0.0,0,5,0.135,0.0924,0.1331,0.0777
117.516,1,0.427,-5.24,34.11,4,63.2,23.39,0.09,-0.5167,0.108,0.005,-0.15,1.733,-0.37,-40.34,11.71,1,42.52,1,0.727,-20.36,42.39,0.0,0,5,0.1368,0.0887,0.1368,0.0703
117.548,1,0.461,-6.24,36.45,4,61.7,22.48,0.09,-0.5455,0.107,0.001,-0.251,1.736,-0.373,-40.85,11.71,1,42.52,1,0.763,-24.23,23.23,0.0,0,5,0.1441,0.072,0.1441,0.0683
117.582,1,0.186,4.75,38.94,3,64.7,25.31,0.09,-0.5455,0.109,-0.006,-0.379,1.739,-0.376,-41.6,11.71,1,42.52,1,0.796,-23.27,21.95,0.0,0,5,0.1552,0.0647,0.1478,0.0684
117.615,1,0.191,2.37,42.29,3,72.9,29.45,0.09,-0.5455,0.108,-0.01,-0.392,1.74,-0.377,-42.06,11.71,1,42.52,1,0.796,-23.27,21.95,0.0,0,5,0.1683,0.0481,0.148,0.0684
117.649,1,0.195,1.05,43.97,3,77.0,30.0,0.09,-0.5455,0.104,-0.01,-0.413,1.743,-0.38,-42.97,11.71,1,45.0,1,0.783,-22.3,16.77,0.0,0,5,0.1759,0.0315,0.1555,0.0518
117.682,1,0.476,-5.24,42.0,4,74.3,24.24,0.09,-0.5455,0.094,-0.009,-0.486,1.745,-0.383,-44.06,11.71,1,45.0,1,0.771,-22.3,14.78,0.0,0,5,0.1777,0.0074,0.1629,0.0296
117.716,1,0.535,-8.49,41.67,4,71.4,25.65,0.09,-0.5455,0.092,-0.009,-0.505,1.746,-0.384,-44.63,11.71,1,45.0,1,0.771,-22.3,14.78,0.0,0,5,0.1796,0.0019,0.1648,0.0222
117.749,1,0.685,-10.48,43.31,5,73.1,27.95,0.09,-0.5455,0.089,-0.01,-0.498,1.749,-0.387,-45.72,11.71,1,45.0,1,0.767,-24.72,8.63,0.0,0,5,0.1833,-0.0056,0.1648,0.0148
117.782,1,0.706,-10.23,42.19,5,73.3,27.45,0.09,-0.5455,0.088,-0.009,-0.524,1.751,-0.39,-46.93,11.71,1,45.0,1,0.767,-24.72,8.63,0.0,0,5,0.1853,-0.0019,0.1593,0.0093
117.816,1,0.715,-9.98,41.5,5,73.0,26.95,0.09,-0.5455,0.087,-0.007,-0.486,1.752,-0.391,-47.5,11.71,1,45.0,1,0.767,-24.72,8.63,0.0,0,5,0.1815,-0.0019,0.1612,0.0056
117.882,1,0.731,-9.48,40.49,5,74.7,26.32,0.09,-0.5455,0.087,-0.0,-0.515,1.757,-0.397,-49.73,11.71,1,45.0,1,0.768,-28.11,-3.63,0.0,0,5,0.1757,0.0,0.1739,0.0
117.916,1,0.731,-9.23,39.48,5,75.5,26.67,0.09,-0.5455,0.088,-0.0,-0.493,1.758,-0.398,-50.31,11.71,1,45.0,1,0.768,-28.11,-3.63,0.0,0,5,0.1775,0.0,0.1757,0.0
117.951,1,0.737,-9.23,39.05,5,75.4,27.44,0.09,-0.5455,0.088,-0.001,-0.536,1.76,-0.401,-51.51,11.71,1,45.0,1,0.783,-31.99,-15.54,7.063,1,5,0.1774,0.0,0.1737,0.0
117.983,1,0.744,-9.48,38.21,5,75.5,26.86,0.09,-0.5455,0.086,-0.001,-0.535,1.762,-0.403,-52.71,11.71,1,45.0,1,0.805,-33.44,-20.17,0.0,0,5,0.1742,0.0,0.1687,0.0
118.017,1,0.793,-9.73,37.86,5,75.5,25.56,0.09,-0.5455,0.087,-0.0,-0.498,1.763,-0.405,-53.29,11.71,1,45.0,1,0.805,-33.44,-20.17,0.0,0,5,0.1743,0.0,0.1724,0.0
118.049,1,0.787,-9.73,35.32,5,74.9,25.0,0.09,-0.5455,0.089,0.001,-0.505,1.765,-0.408,-54.49,11.71,1,45.0,1,0.797,-37.32,-27.26,0.0,0,5,0.1747,0.0,0.1802,0.0
118.083,1,0.78,-10.23,36.03,5,74.7,25.71,0.09,-0.528,0.09,0.002,-0.535,1.767,-0.411,-55.63,11.71,1,45.0,1,0.807,-38.78,-30.55,0.0,0,5,0.1762,0.0,0.1836,0.0
118.115,1,0.791,-10.48,34.99,5,74.8,25.11,0.09,-0.5341,0.088,0.0,-0.531,1.768,-0.412,-56.32,11.71,1,45.0,1,0.807,-38.78,-30.55,0.0,0,5,0.1767,0.0,0.1767,0.0
118.152,1,0.79,-10.73,34.57,5,74.8,24.52,0.09,-0.5141,0.087,-0.0,-0.502,1.769,-0.414,-56.89,11.71,1,45.0,1,0.8,-42.17,-36.61,0.0,0,5,0.1749,0.0,0.1731,0.0
118.183,1,0.777,-11.48,35.01,5,74.4,25.84,0.09,-0.5046,0.087,0.001,-0.513,1.772,-0.418,-58.67,11.71,1,45.0,1,0.805,-44.59,-39.3,0.0,0,5,0.1724,0.0,0.1761,0.0
118.214,1,0.767,-11.98,33.02,5,74.2,23.94,0.09,-0.5034,0.087,0.001,-0.513,1.772,-0.418,-58.67,11.71,1,45.0,1,0.812,-46.53,-42.14,0.0,0,5,0.1724,0.0,0.1761,0.0
118.25,1,0.762,-12.48,32.37,5,74.4,23.94,0.09,-0.4643,0.09,0.002,-0.524,1.775,-0.423,-60.45,11.71,1,45.0,1,0.809,-48.47,-44.23,0.0,0,5,0.1755,0.0018,0.1811,0.0
118.282,1,0.753,-12.98,31.05,5,74.1,23.35,0.09,-0.4485,0.089,0.001,-0.502,1.776,-0.424,-61.02,11.71,1,45.0,1,0.81,-50.41,-46.64,0.0,0,5,0.1757,0.0018,0.1775,0.0
118.314,1,0.734,-13.98,30.16,5,73.9,23.35,0.09,-0.4201,0.089,0.0,-0.507,1.777,-0.426,-61.59,11.71,1,45.0,1,0.81,-50.41,-46.64,0.0,0,5,0.1772,0.0037,0.1754,0.0
118.348,1,0.72,-14.72,29.29,5,73.6,23.35,0.09,-0.3946,0.087,-0.0,-0.499,1.778,-0.429,-62.74,11.71,1,45.0,1,0.81,-50.41,-46.64,0.0,0,5,0.1735,0.0018,0.1717,0.0
118.388,1,0.722,-15.22,27.96,5,74.4,23.34,0.09,-0.3727,0.087,0.001,-0.506,1.78,-0.432,-63.88,11.71,1,45.0,1,0.81,-50.41,-46.64,0.0,0,5,0.1717,0.0018,0.1753,0.0
118.415,1,0.711,-15.97,27.22,5,74.4,22.78,0.09,-0.3444,0.087,0.001,-0.48,1.781,-0.434,-64.46,11.71,1,45.0,1,0.793,-52.35,-49.65,0.0,0,5,0.1701,0.0018,0.1738,0.0018
118.45,1,0.688,-16.97,26.3,5,74.1,22.78,0.09,-0.3251,0.085,0.001,-0.456,1.782,-0.437,-65.49,11.7,1,33.0,1,0.793,-52.35,-49.65,0.0,0,5,0.1644,0.0037,0.1699,0.0037
118.487,1,0.666,-17.97,25.26,5,73.8,22.78,0.09,-0.2995,0.087,0.0,-0.395,1.784,-0.44,-66.46,11.7,1,33.0,1,0.793,-52.35,-49.65,0.0,0,5,0.1552,0.0092,0.1645,0.0185
118.514,1,0.651,-18.22,24.45,5,73.7,22.22,0.09,-0.2702,0.088,-0.0,-0.318,1.784,-0.442,-66.81,11.7,1,33.0,1,0.755,-46.05,-43.33,0.0,0,5,0.1534,0.0129,0.1626,0.024
118.549,1,0.653,-18.47,23.54,5,73.8,22.22,0.09,-0.2564,0.092,-0.004,-0.279,1.786,-0.445,-67.55,11.7,1,33.0,1,0.755,-46.05,-43.33,0.0,0,5,0.1537,0.0241,0.1519,0.0389
118.587,1,0.655,-18.47,22.71,5,73.4,21.96,0.09,-0.2398,0.092,-0.006,-0.287,1.787,-0.449,-68.18,11.7,1,33.0,1,0.755,-46.05,-43.33,0.0,0,5,0.1537,0.037,0.1352,0.0407
118.653,1,0.648,-18.72,21.94,5,73.1,21.67,0.09,-0.2277,0.087,-0.005,-0.208,1.788,-0.454,-68.93,11.7,1,21.0,1,0.785,-33.44,-27.25,0.0,0,5,0.1369,0.0462,0.1184,0.0481
118.682,1,0.688,-18.72,22.31,5,73.4,22.22,0.09,-0.2122,0.086,-0.003,-0.173,1.79,-0.457,-69.33,11.7,1,21.0,1,0.728,-30.54,-22.75,0.0,0,5,0.1221,0.0463,0.1203,0.0574
118.718,1,0.698,-19.22,22.55,5,73.4,22.19,0.09,-0.2191,0.087,-0.003,-0.193,1.79,-0.458,-69.56,11.7,1,21.0,1,0.728,-30.54,-22.75,0.0,0,5,0.1202,0.0462,0.122,0.061
118.751,1,0.696,-19.22,22.13,5,73.3,21.67,0.09,-0.2177,0.087,-0.005,-0.136,1.791,-0.462,-69.9,11.7,1,21.0,1,0.739,-24.72,-11.16,3.847,1,5,0.1221,0.05,0.1147,0.0611
118.783,1,0.688,-19.22,21.57,5,73.1,21.62,0.09,-0.2114,0.089,-0.006,-0.165,1.792,-0.465,-70.3,11.7,1,21.0,1,0.641,-21.33,-6.05,5.293,1,5,0.1277,0.0555,0.111,0.0611
118.814,1,0.657,-18.97,20.25,5,73.0,21.67,0.09,-0.202,0.089,-0.006,-0.194,1.793,-0.467,-70.47,11.7,1,21.0,1,0.653,-16.48,4.21,6.606,1,5,0.1277,0.0574,0.1092,0.0629
118.886,1,0.667,-18.72,20.0,5,72.1,22.22,0.09,-0.1825,0.083,-0.004,-0.16,1.794,-0.473,-71.39,11.69,1,9.0,1,0.563,-9.69,21.24,0.0,0,5,0.1183,0.0518,0.1054,0.0555
118.917,1,0.665,-18.97,20.14,5,71.6,21.62,0.09,-0.1813,0.081,-0.004,-0.131,1.795,-0.475,-71.51,11.69,1,9.0,1,0.588,-6.79,28.05,0.0,0,5,0.1165,0.0481,0.1073,0.0536
118.949,1,0.625,-18.97,19.18,5,71.5,22.19,0.09,-0.1806,0.082,-0.003,-0.177,1.796,-0.478,-71.85,11.69,1,9.0,1,0.515,-2.42,32.68,0.0,0,5,0.111,0.0481,0.111,0.0592
118.987,1,0.628,-18.97,18.52,5,71.6,21.67,0.09,-0.164,0.084,-0.006,-0.137,1.797,-0.482,-72.19,11.69,1,9.0,1,0.515,-2.42,32.68,0.0,0,5,0.1128,0.0481,0.1091,0.0666
119.015,1,0.633,-18.97,18.5,5,71.6,21.67,0.09,-0.1525,0.084,-0.006,-0.133,1.797,-0.483,-72.36,11.69,1,9.0,1,0.581,0.48,42.03,0.0,0,5,0.1146,0.0518,0.1054,0.0647
119.048,1,0.632,-18.97,18.43,5,71.6,22.19,0.09,-0.1521,0.085,-0.006,-0.146,1.798,-0.487,-72.65,11.69,1,7.01,1,0.594,0.0,42.77,0.0,0,5,0.1165,0.0555,0.1017,0.0666
119.085,1,0.64,-18.97,18.04,5,71.9,21.67,0.09,-0.151,0.085,-0.008,-0.134,1.798,-0.49,-72.99,11.69,1,7.01,1,0.594,0.0,42.77,0.0,0,5,0.1166,0.0574,0.0962,0.0703
119.113,1,0.65,-18.47,17.69,5,72.0,21.67,0.09,-0.1442,0.084,-0.008,-0.099,1.799,-0.491,-73.11,11.69,1,7.01,1,0.594,-0.48,41.89,0.0,0,5,0.1146,0.0573,0.0943,0.0703
119.149,1,0.651,-18.47,17.9,5,72.0,22.22,0.09,-0.1439,0.085,-0.007,-0.069,1.8,-0.495,-73.22,11.69,1,7.01,1,0.594,-0.48,41.89,0.0,0,5,0.1128,0.0591,0.0961,0.0702
119.183,1,0.641,-18.47,17.19,5,72.0,21.67,0.09,-0.1472,0.086,-0.006,-0.092,1.8,-0.498,-73.45,11.69,1,7.01,1,0.594,-0.48,41.89,0.0,0,5,0.1139,0.0606,0.0992,0.0698
119.214,1,0.65,-17.97,16.96,5,72.2,21.67,0.09,-0.1344,0.089,-0.007,-0.056,1.801,-0.5,-73.51,11.69,1,7.01,1,0.603,-4.36,35.08,0.0,0,5,0.1177,0.0644,0.0993,0.0736
119.283,1,0.647,-17.22,16.51,5,72.3,21.67,0.09,-0.1354,0.093,-0.003,-0.086,1.803,-0.507,-73.85,11.69,1,12.7,1,0.576,-9.21,28.17,0.0,0,5,0.1092,0.0814,0.0981,0.0833
119.313,1,0.613,-16.72,18.93,5,72.3,28.48,0.09,-0.1368,0.092,-0.003,-0.091,1.803,-0.509,-73.97,11.69,1,12.7,1,0.618,-11.63,17.5,0.0,0,5,0.1036,0.0777,0.0999,0.0851
119.349,1,0.64,-16.47,17.48,5,72.3,25.11,0.09,-0.1836,0.09,-0.005,-0.077,1.804,-0.513,-74.2,11.69,1,12.7,1,0.618,-11.63,17.5,0.0,0,5,0.1056,0.0722,0.0981,0.0852
119.382,1,0.655,-16.47,15.78,5,72.1,21.67,0.09,-0.1607,0.086,-0.008,-0.142,1.804,-0.516,-74.43,11.69,1,12.7,1,0.6,-12.6,14.08,0.0,0,5,0.1055,0.0685,0.0981,0.0815
119.414,1,0.657,-16.72,15.92,5,71.5,21.67,0.09,-0.1297,0.087,-0.008,-0.102,1.804,-0.518,-74.6,11.69,1,12.7,1,0.607,-15.51,8.74,0.0,0,5,0.111,0.0647,0.0925,0.0795
119.451,1,0.658,-16.97,15.71,5,70.5,21.67,0.09,-0.1282,0.088,-0.008,-0.117,1.805,-0.521,-74.83,11.69,1,15.45,1,0.607,-15.51,8.74,0.0,0,5,0.1147,0.0592,0.0999,0.0777
119.482,1,0.659,-16.97,15.2,5,69.7,21.67,0.09,-0.1213,0.09,-0.008,-0.096,1.806,-0.525,-75.11,11.69,1,15.45,1,0.626,-20.36,-4.69,0.0,0,5,0.1184,0.0574,0.1055,0.0777
119.514,1,0.659,-16.97,15.32,5,69.4,21.67,0.09,-0.1125,0.089,-0.007,-0.096,1.806,-0.527,-75.23,11.69,1,15.45,1,0.637,-20.84,-4.88,0.0,0,5,0.1166,0.0574,0.1055,0.0759
119.551,1,0.658,-16.72,15.89,5,68.8,21.6,0.09,-0.1146,0.086,-0.008,-0.076,1.807,-0.53,-75.4,11.69,1,15.45,1,0.637,-20.84,-4.88,0.0,0,5,0.1146,0.0591,0.0979,0.0739
119.584,1,0.651,-16.47,16.85,5,68.6,23.73,0.09,-0.1275,0.088,-0.003,-0.084,1.808,-0.534,-75.57,11.69,1,15.45,1,0.701,-20.84,-13.59,2.032,1,5,0.1109,0.0684,0.1017,0.0721
119.617,1,0.65,-16.22,15.42,5,68.7,21.6,0.09,-0.1473,0.089,-0.002,-0.086,1.808,-0.535,-75.63,11.69,1,15.45,1,0.699,-20.84,-13.58,2.032,1,5,0.111,0.074,0.0999,0.0721
119.648,1,0.646,-15.22,14.96,5,68.4,21.11,0.09,-0.1248,0.092,0.001,-0.095,1.809,-0.539,-75.86,11.69,1,15.07,1,0.634,-20.36,-7.85,0.0,0,5,0.1081,0.0861,0.1008,0.0733
119.68,1,0.653,-14.47,14.33,5,68.7,21.11,0.09,-0.1289,0.095,0.0,-0.017,1.81,-0.543,-76.03,11.69,1,15.07,1,0.624,-19.87,-8.52,0.0,0,5,0.1081,0.088,0.1008,0.0751
119.717,1,0.66,-14.23,14.6,5,68.9,21.11,0.09,-0.1255,0.096,0.0,-0.063,1.81,-0.545,-76.09,11.69,1,15.07,1,0.624,-19.87,-8.52,0.0,0,5,0.1099,0.0843,0.1081,0.0806
119.746,1,0.661,-14.23,15.03,5,68.9,21.67,0.09,-0.1312,0.095,-0.003,-0.085,1.811,-0.548,-76.26,11.69,1,15.07,1,0.553,-16.96,-5.15,0.0,0,5,0.1106,0.0774,0.1069,0.0848
119.783,1,0.644,-14.23,15.19,5,68.3,22.19,0.09,-0.1378,0.093,-0.006,-0.095,1.812,-0.552,-76.49,11.69,1,15.07,1,0.571,-15.03,0.37,0.0,0,5,0.1124,0.0755,0.105,0.0866
119.818,1,0.629,-14.23,14.52,5,67.9,21.02,0.09,-0.1392,0.092,-0.007,-0.096,1.812,-0.553,-76.55,11.69,1,15.07,1,0.528,-12.6,10.39,0.0,0,5,0.1111,0.0681,0.1021,0.0878
119.845,1,0.635,-14.23,13.85,5,68.1,21.6,0.09,-0.1268,0.09,-0.008,-0.095,1.812,-0.557,-76.78,11.68,1,12.15,1,0.544,-12.12,13.82,0.0,0,5,0.1142,0.0642,0.0999,0.0821
119.879,1,0.644,-14.47,14.16,5,68.6,21.11,0.09,-0.1148,0.089,-0.006,-0.097,1.813,-0.559,-76.89,11.68,1,12.15,1,0.547,-12.6,14.07,0.0,0,5,0.1123,0.0642,0.1016,0.0784
119.914,1,0.658,-14.72,14.68,5,69.1,21.02,0.09,-0.1167,0.088,-0.006,-0.153,1.813,-0.562,-77.18,11.68,1,12.15,1,0.553,-13.09,14.05,0.0,0,5,0.1155,0.0624,0.1009,0.0715
119.948,1,0.666,-14.72,14.18,5,69.6,20.57,0.09,-0.123,0.089,-0.006,-0.126,1.814,-0.566,-77.52,11.68,1,12.15,1,0.539,-13.57,12.86,0.0,0,5,0.1216,0.0645,0.1013,0.0682
119.98,1,0.27,-10.81,15.21,4,70.4,22.67,0.09,-0.1144,0.092,-0.004,-0.074,1.815,-0.569,-77.75,11.68,1,12.15,1,0.535,-14.06,11.24,0.0,0,5,0.124,0.0666,0.1018,0.0685
120.017,1,0.28,-11.07,15.41,4,73.6,22.4,0.09,-0.1817,0.093,-0.001,-0.092,1.815,-0.571,-77.86,11.68,1,12.15,1,0.527,-14.06,11.01,0.0,0,5,0.1184,0.074,0.111,0.0703
120.048,1,0.686,-15.22,14.56,5,73.9,21.11,0.09,-0.1769,0.094,-0.002,-0.098,1.816,-0.575,-78.15,11.68,1,12.48,1,0.548,-14.54,1.07,0.0,0,5,0.1128,0.0721,0.1128,0.0795
120.08,1,0.63,-18.47,16.15,5,74.1,21.02,0.09,-0.1086,0.093,-0.006,-0.127,1.816,-0.579,-78.44,11.68,1,12.48,1,0.548,-14.54,1.07,0.0,0,5,0.1109,0.0684,0.1109,0.0832
120.118,1,0.692,-15.47,12.89,5,73.6,21.6,0.09,-0.0989,0.093,-0.008,-0.116,1.816,-0.58,-78.55,11.68,1,12.48,1,0.523,-15.51,7.61,0.0,0,5,0.1146,0.0629,0.1072,0.0887
120.148,1,0.673,-15.97,11.69,5,72.5,21.11,0.09,-0.0834,0.092,-0.008,-0.126,1.817,-0.584,-78.84,11.68,1,12.48,1,0.535,-15.99,5.38,0.0,0,5,0.1183,0.0628,0.1053,0.0813
120.18,1,0.691,-15.97,11.94,5,71.6,21.11,0.09,-0.0566,0.092,-0.009,-0.137,1.817,-0.586,-79.01,11.68,1,12.48,1,0.535,-15.99,5.38,0.0,0,5,0.1201,0.0628,0.1035,0.0813
120.215,1,0.721,-16.22,11.7,5,72.0,21.1,0.09,-0.0623,0.09,-0.007,-0.106,1.817,-0.589,-79.3,11.68,1,12.48,1,0.53,-17.45,4.29,0.0,0,5,0.122,0.0665,0.098,0.0721
120.247,1,0.698,-16.22,11.0,5,72.0,21.11,0.09,-0.0561,0.089,-0.003,-0.053,1.818,-0.593,-79.47,11.68,1,9.47,1,0.534,-17.45,2.6,0.0,0,5,0.1165,0.0703,0.1017,0.0684
120.281,1,0.698,-15.97,11.69,5,72.1,21.11,0.09,-0.0442,0.088,-0.0,-0.078,1.818,-0.595,-79.53,11.68,1,9.47,1,0.507,-14.54,4.28,0.0,0,5,0.111,0.0721,0.1036,0.0666
120.316,1,0.705,-15.97,12.1,5,72.0,21.1,0.09,-0.06,0.086,-0.001,-0.044,1.819,-0.598,-79.64,11.68,1,9.47,1,0.532,-13.57,9.66,0.0,0,5,0.1035,0.0684,0.1017,0.0721
120.35,1,0.702,-15.47,11.83,5,72.0,21.1,0.09,-0.0672,0.086,-0.005,-0.081,1.819,-0.602,-79.76,11.68,1,9.47,1,0.535,-12.6,7.61,0.0,0,5,0.098,0.0666,0.0962,0.0832
120.38,1,0.702,-15.47,12.55,5,71.8,21.11,0.09,-0.0688,0.087,-0.005,-0.042,1.819,-0.603,-79.81,11.68,1,9.47,1,0.515,-10.18,9.94,0.0,0,5,0.098,0.0684,0.0961,0.0869
120.447,1,0.718,-14.97,11.79,5,71.9,21.1,0.09,-0.0805,0.093,-0.003,-0.046,1.82,-0.611,-79.93,11.66,1,9.85,1,0.55,-8.24,14.2,0.0,0,5,0.098,0.0888,0.0906,0.0943
120.481,1,0.709,-14.47,11.51,5,72.2,21.1,0.09,-0.0733,0.092,-0.005,-0.058,1.821,-0.613,-80.04,11.66,1,9.85,1,0.55,-8.24,14.2,0.0,0,5,0.1017,0.0869,0.0869,0.0924
120.515,1,0.693,-14.23,11.51,5,72.3,21.1,0.09,-0.0738,0.092,-0.003,-0.033,1.821,-0.616,-80.1,11.66,1,9.85,1,0.547,-9.69,10.63,0.0,0,5,0.1036,0.0869,0.0906,0.0851
120.547,1,0.668,-13.98,13.91,5,72.8,21.1,0.09,-0.0756,0.088,-0.0,-0.055,1.822,-0.619,-80.21,11.66,1,9.85,1,0.54,-9.69,10.64,0.0,0,5,0.0961,0.0777,0.098,0.0795
120.582,1,0.697,-13.98,13.79,5,72.7,21.11,0.09,-0.1201,0.087,0.001,-0.036,1.822,-0.621,-80.21,11.66,1,9.85,1,0.54,-9.69,10.64,0.0,0,5,0.0944,0.0796,0.0981,0.0777
120.616,1,0.718,-13.73,13.01,5,72.8,21.11,0.09,-0.1168,0.085,0.002,-0.074,1.823,-0.624,-80.33,11.66,1,9.85,1,0.519,-9.21,12.93,0.0,0,5,0.0925,0.0777,0.0962,0.0721
120.647,1,0.721,-13.73,12.48,5,72.9,21.11,0.09,-0.1055,0.085,0.0,-0.102,1.823,-0.628,-80.56,11.66,1,11.8,1,0.516,-9.69,13.64,0.0,0,5,0.0962,0.074,0.0962,0.0722
120.68,1,0.735,-13.73,11.16,5,73.1,21.02,0.09,-0.0959,0.086,-0.0,-0.127,1.824,-0.63,-80.73,11.66,1,11.8,1,0.516,-9.69,13.64,0.0,0,5,0.098,0.0703,0.0998,0.074
120.716,1,0.755,-12.98,10.74,5,72.7,21.11,0.09,-0.0722,0.086,-0.003,-0.08,1.824,-0.633,-80.84,11.66,1,11.8,1,0.529,-13.09,1.98,0.0,0,5,0.1063,0.0623,0.1026,0.0715
120.748,1,0.764,-12.98,10.46,5,72.4,21.02,0.09,-0.0733,0.086,-0.002,-0.075,1.825,-0.637,-81.13,11.66,1,11.8,1,0.507,-12.6,5.35,3.762,1,5,0.109,0.069,0.0981,0.0672
120.784,1,0.318,-11.07,11.26,4,72.7,21.06,0.09,-0.0675,0.088,0.006,-0.061,1.826,-0.64,-81.3,11.66,1,11.8,1,0.507,-12.6,5.35,3.762,1,5,0.1009,0.0844,0.1027,0.0624
120.817,1,0.318,-11.34,11.71,4,73.9,21.07,0.09,-0.105,0.088,0.005,-0.064,1.826,-0.642,-81.36,11.66,1,11.8,1,0.53,-12.6,-1.06,0.0,0,5,0.099,0.0844,0.1027,0.0679
120.846,1,0.777,-12.73,9.86,5,73.0,20.57,0.09,-0.1068,0.089,0.004,-0.073,1.826,-0.645,-81.53,11.66,1,10.58,1,0.53,-12.6,-0.16,0.0,0,5,0.0955,0.0808,0.1047,0.0734
120.88,1,0.783,-12.73,9.7,5,73.1,21.02,0.09,-0.0563,0.087,0.003,-0.08,1.827,-0.647,-81.65,11.66,1,10.58,1,0.53,-12.6,-0.16,0.0,0,5,0.0937,0.0772,0.1029,0.0753
120.916,1,0.772,-13.23,9.99,5,73.0,21.11,0.09,-0.0539,0.084,0.0,-0.107,1.827,-0.65,-81.88,11.66,1,10.58,1,0.531,-13.57,-2.96,0.0,0,5,0.0931,0.0693,0.1004,0.0748
120.949,1,0.765,-13.48,9.7,5,73.3,21.11,0.09,-0.0534,0.086,-0.001,-0.089,1.827,-0.654,-82.1,11.66,1,10.58,1,0.532,-14.54,-3.9,0.0,0,5,0.1011,0.0662,0.103,0.0717
120.98,1,0.74,-13.98,10.23,5,72.9,21.1,0.09,-0.0455,0.086,-0.002,-0.095,1.828,-0.656,-82.22,11.66,1,10.58,1,0.532,-14.54,-3.9,0.0,0,5,0.1067,0.0662,0.1012,0.0699
121.019,1,0.738,-13.98,9.1,5,72.9,21.1,0.09,-0.0494,0.088,-0.004,-0.114,1.828,-0.659,-82.51,11.66,1,10.58,1,0.534,-15.99,-5.04,0.0,0,5,0.1128,0.0702,0.098,0.0702
121.046,1,0.708,-13.98,10.62,5,72.6,21.11,0.09,-0.0309,0.087,-0.003,-0.055,1.828,-0.663,-82.68,11.66,1,10.58,1,0.537,-15.99,-7.62,0.0,0,5,0.1127,0.0702,0.0961,0.0684
121.081,1,0.728,-13.73,9.37,5,72.6,20.57,0.09,-0.0579,0.086,-0.002,-0.009,1.829,-0.664,-82.68,11.66,1,8.71,1,0.537,-15.99,-7.62,0.0,0,5,0.1015,0.0664,0.1015,0.0738
121.115,1,0.716,-13.48,10.26,5,72.3,20.57,0.09,-0.0398,0.088,0.0,-0.07,1.829,-0.668,-82.79,11.66,1,8.71,1,0.545,-15.99,-7.61,0.0,0,5,0.0944,0.0703,0.1055,0.0814
121.149,1,0.711,-13.48,10.58,5,72.2,21.11,0.09,-0.0583,0.091,0.001,-0.032,1.83,-0.672,-82.85,11.66,1,8.71,1,0.536,-13.57,-8.9,0.0,0,5,0.092,0.081,0.103,0.0883
121.179,1,0.706,-13.48,10.87,5,71.8,21.11,0.09,-0.0639,0.093,0.0,-0.033,1.83,-0.673,-82.91,11.66,1,8.71,1,0.536,-13.57,-8.9,0.0,0,5,0.0957,0.0865,0.0993,0.0901
121.215,1,0.711,-13.48,10.87,5,71.9,21.11,0.09,-0.0688,0.093,-0.001,-0.069,1.83,-0.677,-83.02,11.66,1,8.71,1,0.568,-10.66,1.97,0.0,0,5,0.1008,0.0843,0.099,0.088
121.247,1,0.698,-13.73,10.99,5,71.5,21.11,0.09,-0.0686,0.091,-0.003,-0.094,1.83,-0.681,-83.25,11.66,1,7.48,1,0.572,-10.66,0.73,0.0,0,5,0.1071,0.0775,0.0978,0.0812
121.277,1,0.685,-13.98,10.91,5,71.4,21.11,0.09,-0.0676,0.091,-0.003,-0.107,1.831,-0.683,-83.37,11.66,1,7.48,1,0.569,-11.15,1.04,0.0,0,5,0.1089,0.0757,0.0997,0.0794
121.346,1,0.687,-14.23,10.32,5,71.0,21.11,0.09,-0.0638,0.084,0.002,-0.094,1.832,-0.689,-83.65,11.66,1,7.48,1,0.566,-12.12,-0.12,0.0,0,5,0.102,0.0711,0.1002,0.0619
121.379,1,0.684,-14.47,10.59,5,70.7,21.1,0.09,-0.0506,0.083,0.002,-0.129,1.832,-0.691,-83.82,11.66,1,7.48,1,0.561,-12.12,-0.52,0.0,0,5,0.0985,0.0693,0.1003,0.0638
121.447,1,0.698,-14.72,9.96,5,70.6,21.11,0.09,-0.0534,0.083,0.0,-0.063,1.832,-0.698,-84.28,11.66,1,6.05,1,0.558,-12.6,-2.51,0.0,0,5,0.0907,0.0648,0.1018,0.0741
121.483,1,0.7,-14.47,9.6,5,70.7,21.11,0.09,-0.0395,0.085,0.002,-0.095,1.833,-0.701,-84.34,11.66,1,6.05,1,0.558,-12.6,-2.51,0.0,0,5,0.0926,0.0667,0.1018,0.0704
121.546,1,0.731,-14.23,8.92,5,71.1,21.1,0.111,-0.0404,0.089,0.002,-0.058,1.834,-0.706,-84.57,11.66,1,6.05,1,0.575,-10.18,-1.27,0.0,0,5,0.0998,0.0851,0.0961,0.074
121.58,1,0.729,-13.98,8.82,5,71.0,21.1,0.1178,-0.0405,0.089,0.002,-0.038,1.834,-0.708,-84.63,11.66,1,6.05,1,0.575,-10.18,-1.27,0.0,0,5,0.098,0.0869,0.0962,0.0758
121.645,1,0.741,-13.73,8.24,5,71.1,21.11,0.1464,-0.0757,0.096,0.003,-0.031,1.835,-0.716,-84.68,11.66,1,6.05,1,0.577,-4.85,4.31,0.0,0,5,0.098,0.0925,0.1054,0.0869
121.681,1,0.751,-13.73,7.91,5,71.4,21.11,0.1528,-0.0724,0.101,0.003,-0.035,1.835,-0.718,-84.74,11.66,1,4.1,1,0.577,-4.85,4.31,0.0,0,5,0.1036,0.098,0.111,0.0925
121.745,1,0.745,-13.73,7.85,5,71.8,21.1,0.1813,-0.0911,0.128,0.003,-0.079,1.836,-0.729,-85.2,11.66,1,4.1,1,0.571,-4.36,1.73,0.0,0,5,0.1369,0.1147,0.1461,0.1128
121.78,1,0.748,-13.73,7.84,5,72.1,20.57,0.1878,-0.0954,0.135,0.004,-0.104,1.837,-0.732,-85.26,11.66,1,4.1,1,0.571,-4.36,1.73,0.0,0,5,0.1442,0.1238,0.1534,0.1183
121.813,1,0.769,-13.73,6.78,5,72.4,20.57,0.1892,-0.0962,0.152,0.006,-0.09,1.837,-0.738,-85.49,11.66,1,4.1,1,0.566,-5.33,0.73,0.0,0,5,0.1608,0.1405,0.1756,0.1331
121.849,1,0.769,-13.48,6.47,5,73.0,21.11,0.2022,-0.0763,0.17,0.006,-0.097,1.838,-0.746,-85.71,11.65,1,3.44,1,0.566,-5.33,0.73,0.0,0,5,0.1793,0.159,0.1922,0.1479
121.88,1,0.78,-13.73,6.92,5,73.7,21.11,0.1942,-0.0645,0.177,0.003,-0.065,1.838,-0.749,-85.77,11.65,1,3.44,1,0.566,-6.79,1.63,0.0,0,5,0.1922,0.1608,0.1996,0.1553
121.944,1,0.793,-13.98,6.1,5,74.1,21.11,0.1919,-0.0722,0.199,0.001,-0.091,1.84,-0.766,-86.23,11.65,1,3.44,1,0.549,-4.85,-0.34,0.0,0,5,0.2145,0.185,0.2164,0.1813
121.978,1,0.771,-14.47,6.48,5,74.3,21.11,0.199,-0.0507,0.203,0.004,-0.12,1.84,-0.77,-86.34,11.65,1,3.44,1,0.549,-4.85,-0.34,0.0,0,5,0.2108,0.1923,0.2201,0.1868
122.078,1,0.758,-14.47,6.65,5,75.5,20.57,0.2076,-0.0633,0.207,0.002,-0.106,1.841,-0.79,-86.8,11.65,1,1.67,1,0.566,-2.42,2.17,0.0,0,5,0.2221,0.1943,0.2239,0.1888
122.147,1,0.723,-14.97,6.6,5,75.0,21.11,0.1906,-0.0565,0.217,0.008,-0.085,1.843,-0.808,-87.26,11.65,1,1.67,1,0.579,-3.39,-0.18,0.0,0,5,0.2202,0.2073,0.2424,0.1962
122.178,1,0.726,-14.72,6.26,5,74.7,21.11,0.179,-0.0399,0.214,0.01,0.013,1.844,-0.812,-87.26,11.65,1,1.67,1,0.579,-3.39,-0.18,0.0,0,5,0.2202,0.2072,0.2405,0.1887
122.245,1,0.715,-14.97,6.81,5,74.8,21.11,0.1485,-0.0113,0.208,0.006,-0.057,1.845,-0.829,-87.72,11.65,1,1.67,1,0.572,-7.76,3.55,6.683,1,5,0.2161,0.1995,0.2291,0.1866
122.278,1,0.707,-14.97,6.32,5,75.4,21.11,0.1367,-0.0103,0.207,0.006,-0.113,1.845,-0.832,-87.78,11.65,1,1.98,1,0.572,-7.76,3.55,6.683,1,5,0.2126,0.1978,0.2274,0.1885
122.343,1,0.706,-14.97,6.29,5,75.4,20.57,0.09,0.025,0.192,0.011,-0.103,1.846,-0.844,-88.01,11.65,1,1.98,1,0.586,-3.88,-3.73,0.0,0,5,0.198,0.187,0.2182,0.165
122.377,1,0.696,-15.47,6.37,5,75.0,20.57,0.09,0.0254,0.188,0.013,-0.178,1.847,-0.847,-88.18,11.65,1,1.98,1,0.581,-4.36,-3.88,0.0,0,5,0.1871,0.1852,0.2164,0.1614
122.446,1,0.706,-15.97,5.77,5,75.4,21.11,0.09,0.0294,0.168,0.01,-0.058,1.848,-0.861,-88.64,11.64,1,2.19,1,0.571,-4.36,-5.87,0.0,0,5,0.1683,0.1591,0.196,0.148
122.478,1,0.705,-15.97,5.89,5,75.7,20.56,0.09,0.0458,0.163,0.008,-0.028,1.848,-0.864,-88.69,11.64,1,2.19,1,0.571,-4.36,-5.87,0.0,0,5,0.1683,0.1517,0.1905,0.1406
122.544,1,0.688,-16.47,6.18,5,76.1,21.11,0.09,0.0421,0.136,0.007,-0.101,1.849,-0.874,-88.98,11.64,1,2.19,1,0.557,-4.36,-3.37,0.0,0,5,0.1388,0.1296,0.1555,0.1185
122.578,1,0.682,-16.97,6.14,5,76.4,21.11,0.09,0.0431,0.128,0.007,-0.133,1.849,-0.877,-89.09,11.64,1,2.19,1,0.554,-5.33,-7.08,0.0,0,5,0.1277,0.1258,0.1443,0.1147
122.644,1,0.678,-17.47,6.22,5,76.9,20.57,0.09,0.0477,0.119,0.003,-0.031,1.849,-0.884,-89.27,11.64,1,2.19,1,0.549,-11.15,-2.31,0.0,0,5,0.1247,0.1137,0.1302,0.1064
122.679,1,0.674,-17.47,5.84,5,77.1,21.11,0.09,0.0523,0.112,0.001,-0.021,1.849,-0.888,-89.32,11.64,1,1.05,1,0.538,-3.88,-8.82,0.0,0,5,0.1192,0.1027,0.1247,0.1027
122.745,1,0.675,-17.47,5.79,5,77.4,21.11,0.09,0.0568,0.094,0.001,0.014,1.849,-0.895,-89.32,11.64,1,1.05,1,0.55,-9.21,3.69,0.0,0,5,0.0924,0.0942,0.0961,0.0924
122.777,1,0.688,-17.22,5.84,5,77.2,20.57,0.09,0.0573,0.09,0.001,0.059,1.85,-0.897,-89.27,11.64,1,1.05,1,0.55,-9.21,3.69,0.0,0,5,0.0869,0.0924,0.0906,0.0906
122.847,1,0.688,-16.97,5.63,5,77.5,20.57,0.09,0.053,0.075,0.002,0.037,1.85,-0.904,-89.21,11.64,1,0.07,1,0.558,-8.24,2.78,0.0,0,5,0.0715,0.0929,0.0661,0.0822
122.88,1,0.692,-16.72,5.47,5,77.5,20.56,0.09,0.0536,0.075,0.002,0.037,1.85,-0.904,-89.21,11.64,1,0.07,1,0.558,-8.24,2.78,0.0,0,5,0.0698,0.0912,0.0626,0.0769
122.912,1,0.696,-16.47,5.37,5,76.9,20.57,0.09,0.0536,0.071,0.0,0.055,1.85,-0.907,-89.15,11.64,1,0.07,1,0.555,-8.24,4.25,0.0,0,5,0.0679,0.0858,0.0572,0.0733
122.949,1,0.696,-16.72,5.89,5,77.1,20.57,0.09,0.053,0.07,-0.0,0.062,1.85,-0.91,-88.98,11.64,1,0.07,1,0.562,-2.42,-2.92,0.0,0,5,0.0628,0.0757,0.0628,0.0776
122.98,1,0.689,-16.47,5.88,5,77.2,21.11,0.09,0.0473,0.072,-0.001,0.06,1.85,-0.911,-88.92,11.64,1,0.07,1,0.548,-7.27,4.15,0.0,0,5,0.0628,0.0757,0.0665,0.0831
123.046,1,0.699,-15.97,5.86,5,77.5,21.11,0.09,0.0449,0.074,-0.002,0.076,1.85,-0.917,-88.58,11.64,1,0.07,1,0.565,-1.94,-0.46,0.0,0,5,0.0629,0.0814,0.0629,0.0906
123.077,1,0.701,-15.47,5.96,5,77.6,20.56,0.09,0.0392,0.073,-0.001,0.083,1.85,-0.919,-88.52,11.64,1,0.11,1,0.565,-1.94,-0.46,0.0,0,5,0.061,0.0832,0.061,0.0887
123.146,1,0.709,-14.47,6.05,5,77.2,20.57,0.09,0.0334,0.071,-0.0,0.003,1.85,-0.926,-88.06,11.64,1,0.11,1,0.568,-0.48,1.48,0.0,0,5,0.0574,0.087,0.0537,0.0851
123.177,1,0.72,-14.23,6.24,5,77.1,20.56,0.09,0.0197,0.071,-0.0,0.003,1.85,-0.926,-88.06,11.64,1,0.11,1,0.568,-0.48,1.48,0.0,0,5,0.0574,0.087,0.0537,0.0851
123.212,1,0.728,-13.98,5.93,5,77.1,20.56,0.09,0.0153,0.07,0.002,0.052,1.85,-0.928,-88.01,11.64,1,0.11,1,0.594,0.97,-3.68,5.194,1,5,0.0555,0.087,0.0574,0.0796
123.243,1,0.741,-13.48,5.82,5,76.8,20.57,0.09,0.0191,0.069,0.004,0.043,1.85,-0.931,-87.89,11.64,1,0.11,1,0.578,1.45,-0.16,0.0,0,5,0.0555,0.0851,0.0611,0.074
123.277,1,0.753,-13.48,6.24,5,76.7,20.56,0.09,0.0153,0.069,0.004,0.047,1.851,-0.933,-87.83,11.64,1,0.88,1,0.608,1.45,-4.91,0.261,1,5,0.0555,0.0814,0.0647,0.074
123.345,1,0.753,-12.98,6.03,5,76.7,20.04,0.09,0.0106,0.078,0.0,0.032,1.851,-0.94,-87.72,11.64,1,0.88,1,0.596,1.94,-2.7,4.39,1,5,0.0722,0.0814,0.0722,0.0796
123.378,1,0.756,-12.98,5.79,5,76.7,20.04,0.09,0.0084,0.078,0.0,0.032,1.851,-0.94,-87.72,11.64,1,0.88,1,0.596,1.94,-2.7,4.39,1,5,0.074,0.0815,0.074,0.0815
123.416,1,0.764,-12.98,6.12,5,76.7,20.56,0.09,0.0137,0.082,0.0,0.02,1.851,-0.944,-87.61,11.64,1,0.88,1,0.596,1.94,-2.7,4.39,1,5,0.0793,0.0849,0.0793,0.0849
123.446,1,0.764,-12.98,5.84,5,76.4,20.56,0.09,0.0086,0.084,-0.0,0.006,1.851,-0.949,-87.55,11.64,1,2.02,1,0.575,1.45,4.6,0.0,0,5,0.0831,0.0868,0.0794,0.0849
123.48,1,0.778,-12.73,5.85,5,76.1,20.56,0.09,0.0139,0.084,-0.0,0.006,1.851,-0.949,-87.55,11.64,1,2.02,1,0.575,1.45,4.6,0.0,0,5,0.0831,0.0868,0.0794,0.0849
123.514,1,0.782,-12.48,5.43,5,75.7,21.11,0.09,0.0112,0.082,-0.001,-0.011,1.851,-0.952,-87.49,11.64,1,2.02,1,0.571,1.45,6.7,0.0,0,5,0.0814,0.0851,0.0759,0.0851
123.546,1,0.78,-12.23,5.39,5,75.3,20.56,0.09,0.016,0.079,0.0,0.026,1.852,-0.957,-87.49,11.64,1,2.02,1,0.572,1.45,6.93,0.0,0,5,0.072,0.0849,0.0739,0.0849
123.577,1,0.792,-11.98,5.44,5,74.9,21.11,0.09,0.0139,0.078,0.001,0.025,1.852,-0.958,-87.43,11.64,1,2.02,1,0.572,1.45,6.93,0.0,0,5,0.0702,0.0868,0.072,0.0849
123.613,1,0.796,-11.73,4.93,5,74.5,20.56,0.09,0.0107,0.078,0.0,0.044,1.852,-0.96,-87.38,11.64,1,2.02,1,0.574,1.45,8.32,0.0,0,5,0.0698,0.0863,0.0698,0.0845
123.644,1,0.803,-11.48,5.1,5,73.9,20.57,0.09,0.0174,0.078,0.001,0.048,1.852,-0.963,-87.26,11.64,1,2.02,1,0.58,1.45,9.6,0.0,0,5,0.068,0.0901,0.068,0.0845
123.677,1,0.809,-11.23,4.88,5,73.6,20.57,0.09,0.0118,0.078,0.0,0.035,1.852,-0.965,-87.26,11.64,1,2.88,1,0.58,1.45,9.6,0.0,0,5,0.0662,0.0883,0.068,0.0883
123.713,1,0.822,-10.73,4.31,5,73.1,20.57,0.09,0.0135,0.081,0.002,0.072,1.852,-0.968,-87.09,11.64,1,2.88,1,0.579,2.91,9.45,0.0,0,5,0.0685,0.0907,0.0759,0.0907
123.744,1,0.837,-10.73,4.07,5,73.0,20.56,0.09,0.0184,0.084,0.001,0.023,1.852,-0.971,-86.97,11.64,1,2.88,1,0.581,3.88,9.01,0.0,0,5,0.0736,0.0901,0.0809,0.092
123.777,1,0.831,-10.73,4.3,5,73.0,20.56,0.09,0.0232,0.086,-0.0,0.045,1.852,-0.973,-86.92,11.64,1,2.88,1,0.581,3.88,9.01,0.0,0,5,0.0809,0.0919,0.079,0.0919
123.812,1,0.829,-10.73,4.53,5,73.2,20.56,0.09,0.02,0.084,-0.002,0.013,1.853,-0.977,-86.92,11.64,1,2.88,1,0.562,0.48,1.63,0.0,0,5,0.0808,0.0881,0.0771,0.0918
123.845,1,0.833,-10.73,4.89,5,73.2,20.56,0.09,0.0166,0.085,-0.004,0.013,1.853,-0.98,-86.86,11.64,1,2.88,1,0.568,0.48,-2.1,0.0,0,5,0.0826,0.0845,0.0771,0.0955
123.88,1,0.83,-10.73,4.8,5,73.3,20.57,0.09,0.0104,0.085,-0.003,0.028,1.853,-0.982,-86.86,11.63,1,3.31,1,0.568,0.48,-2.1,0.0,0,5,0.0808,0.0826,0.0808,0.0955
123.944,1,0.842,-10.48,4.82,5,73.2,20.57,0.09,0.0124,0.083,-0.005,0.021,1.853,-0.988,-86.75,11.63,1,3.31,1,0.6,0.48,-7.34,-1.953,1,5,0.083,0.0867,0.0701,0.0923
123.976,1,0.838,-10.23,4.93,5,73.1,20.57,0.09,0.009,0.082,-0.006,0.016,1.852,-0.99,-86.69,11.63,1,3.31,1,0.611,1.45,-7.27,-0.032,1,5,0.0831,0.0867,0.0664,0.0923
124.045,1,0.853,-9.98,4.86,5,73.3,20.57,0.09,0.005,0.085,-0.003,0.077,1.853,-0.997,-86.52,11.63,1,3.31,1,0.61,0.97,-5.79,-1.548,1,5,0.0831,0.0905,0.0738,0.0923
124.075,1,0.851,-9.73,4.63,5,73.4,20.56,0.09,0.0034,0.086,-0.002,0.05,1.853,-0.999,-86.4,11.63,1,3.38,1,0.6,1.45,-6.5,-3.995,1,5,0.0831,0.0923,0.0757,0.0923
124.111,1,0.85,-9.73,5.24,5,73.4,20.57,0.09,0.005,0.086,-0.005,-0.021,1.853,-1.002,-86.34,11.63,1,3.38,1,0.607,1.94,-5.65,-4.121,1,5,0.0849,0.0923,0.0702,0.096
124.142,1,0.848,-9.73,5.17,5,73.6,21.11,0.09,-0.0049,0.085,-0.007,0.016,1.853,-1.006,-86.29,11.63,1,3.38,1,0.598,2.42,-5.3,-1.034,1,5,0.085,0.0905,0.072,0.0979
124.177,1,0.857,-9.73,5.36,5,73.5,20.57,0.09,-0.0036,0.084,-0.007,0.034,1.853,-1.007,-86.23,11.63,1,3.38,1,0.598,2.42,-5.3,-1.034,1,5,0.085,0.085,0.0684,0.0961
124.209,1,0.86,-9.73,5.38,5,73.5,20.57,0.09,-0.0065,0.083,-0.004,0.014,1.853,-1.011,-86.23,11.63,1,3.38,1,0.594,2.91,-5.54,1.015,1,5,0.0812,0.0812,0.0775,0.0923
124.245,1,0.863,-9.48,5.04,5,73.8,20.56,0.09,-0.0067,0.084,-0.001,0.022,1.853,-1.014,-86.17,11.63,1,3.38,1,0.594,2.91,-5.54,1.015,1,5,0.0831,0.0868,0.0794,0.0868
124.279,1,0.858,-9.23,5.33,5,73.8,20.57,0.09,-0.0037,0.085,-0.001,0.009,1.853,-1.016,-86.17,11.63,1,1.8,1,0.587,3.88,0.05,0.0,0,5,0.0831,0.0868,0.0812,0.0905
124.311,1,0.856,-8.98,5.24,5,73.4,20.57,0.09,-0.0115,0.086,-0.001,0.009,1.853,-1.019,-86.12,11.63,1,1.8,1,0.579,3.88,4.24,0.0,0,5,0.0851,0.0888,0.0797,0.0888
124.343,1,0.85,-8.98,5.52,5,73.5,20.57,0.09,-0.0122,0.084,-0.003,-0.008,1.853,-1.023,-86.12,11.63,1,1.8,1,0.579,3.88,4.24,0.0,0,5,0.087,0.0852,0.0779,0.087
124.376,1,0.849,-8.73,5.34,5,73.5,20.56,0.09,-0.0168,0.084,-0.003,0.002,1.853,-1.024,-86.12,11.63,1,1.8,1,0.579,3.88,4.24,0.0,0,5,0.0888,0.0852,0.0761,0.0852
124.412,1,0.857,-8.73,5.54,5,73.7,20.57,0.0969,-0.0162,0.086,-0.003,-0.042,1.853,-1.028,-86.17,11.63,1,1.8,1,0.582,3.88,1.66,0.0,0,5,0.0943,0.0869,0.0795,0.0851
124.446,1,0.854,-8.73,5.29,5,73.7,21.11,0.1109,-0.0208,0.092,-0.0,0.044,1.854,-1.032,-86.12,11.63,1,1.8,1,0.577,4.36,1.08,0.0,0,5,0.0924,0.0905,0.0924,0.0924
124.475,1,0.862,-8.73,5.34,5,73.9,20.57,0.1178,-0.0217,0.092,0.001,-0.012,1.854,-1.034,-86.12,11.61,1,1.46,1,0.577,4.36,1.08,0.0,0,5,0.0879,0.0897,0.0971,0.0952
124.512,1,0.852,-8.49,5.66,5,74.0,20.57,0.1319,-0.033,0.093,0.001,-0.008,1.854,-1.037,-86.12,11.61,1,1.46,1,0.571,0.48,7.01,2.494,1,5,0.0861,0.0916,0.0971,0.0971
124.543,1,0.851,-8.24,5.42,5,74.0,20.56,0.108,-0.0234,0.095,-0.0,-0.01,1.854,-1.041,-86.17,11.61,1,1.46,1,0.57,0.48,6.26,7.754,1,5,0.0936,0.0917,0.0972,0.0972
124.576,1,0.858,-8.24,5.09,5,74.1,20.56,0.0961,-0.0222,0.099,-0.0,-0.005,1.855,-1.044,-86.17,11.61,1,1.46,1,0.57,0.48,6.26,7.754,1,5,0.1018,0.0981,0.0999,0.0981
124.609,1,0.864,-7.99,4.97,5,74.2,20.57,0.09,-0.0157,0.11,0.0,0.016,1.855,-1.048,-86.17,11.61,1,1.46,1,0.597,4.85,-0.08,0.0,0,5,0.1123,0.1068,0.1123,0.1068
124.643,1,0.87,-7.74,3.1,5,73.3,20.46,0.09,-0.0162,0.112,-0.001,-0.027,1.855,-1.053,-86.17,11.61,1,1.46,1,0.597,4.85,-0.08,0.0,0,5,0.1195,0.1103,0.1103,0.1067
124.677,1,0.866,-7.74,3.37,5,73.0,20.57,0.09,0.0135,0.111,-0.002,-0.009,1.855,-1.055,-86.17,11.61,1,3.26,1,0.597,4.85,-0.08,0.0,0,5,0.1214,0.1122,0.1049,0.1049
124.71,1,0.853,-7.49,4.92,5,72.8,20.56,0.09,0.0096,0.11,-0.002,-0.015,1.856,-1.06,-86.17,11.61,1,3.26,1,0.601,4.85,2.61,0.0,0,5,0.1177,0.114,0.1029,0.1066
124.742,1,0.84,-7.24,5.14,5,72.6,20.56,0.09,-0.0199,0.111,0.0,0.02,1.856,-1.062,-86.17,11.61,1,3.26,1,0.601,4.85,3.15,0.0,0,5,0.113,0.1148,0.1075,0.1093
124.776,1,0.859,-7.24,4.1,5,72.4,20.46,0.09,-0.0267,0.111,0.002,-0.023,1.856,-1.066,-86.17,11.61,1,3.26,1,0.601,4.85,3.15,0.0,0,5,0.102,0.1075,0.1184,0.1166
124.81,1,0.861,-7.24,3.94,5,72.3,20.04,0.09,-0.0077,0.104,0.0,0.001,1.856,-1.07,-86.17,11.61,1,3.26,1,0.6,5.33,2.37,0.0,0,5,0.099,0.099,0.11,0.11
124.842,1,0.847,-6.99,4.82,5,72.2,20.57,0.09,-0.0048,0.097,-0.002,0.027,1.856,-1.074,-86.17,11.61,1,3.26,1,0.603,4.36,3.08,0.0,0,5,0.098,0.0943,0.1035,0.1054
124.878,1,0.855,-6.74,4.74,5,72.2,20.56,0.09,-0.0227,0.093,-0.003,0.026,1.856,-1.075,-86.12,11.61,1,3.72,1,0.603,4.36,3.08,0.0,0,5,0.0976,0.0921,0.0884,0.094
124.909,1,0.864,-6.99,4.41,5,72.6,20.04,0.09,-0.0237,0.089,-0.004,-0.006,1.857,-1.079,-86.17,11.61,1,3.72,1,0.606,4.36,4.29,0.0,0,5,0.0974,0.0919,0.079,0.0882
124.942,1,0.871,-6.74,4.44,5,73.1,20.46,0.09,-0.0146,0.091,-0.005,-0.038,1.857,-1.083,-86.17,11.61,1,3.72,1,0.603,4.36,3.78,0.0,0,5,0.0993,0.0938,0.0772,0.0882
124.976,1,0.877,-6.99,4.68,5,73.5,20.57,0.09,-0.0181,0.094,-0.004,-0.025,1.857,-1.085,-86.23,11.61,1,3.72,1,0.603,4.36,3.78,0.0,0,5,0.1014,0.0978,0.083,0.0941
125.01,1,0.88,-6.99,4.55,5,73.5,20.57,0.09,-0.0188,0.095,-0.002,0.003,1.857,-1.089,-86.17,11.61,1,3.72,1,0.598,4.85,2.95,0.0,0,5,0.0943,0.0906,0.0962,0.0999
125.043,1,0.878,-6.74,4.57,5,73.6,20.56,0.09,-0.0166,0.094,0.0,-0.002,1.857,-1.092,-86.17,11.61,1,3.72,1,0.596,4.36,4.0,0.0,0,5,0.0889,0.0889,0.0981,0.0981
125.075,1,0.871,-6.74,4.71,5,73.9,20.56,0.09,-0.02,0.091,-0.0,0.002,1.857,-1.094,-86.17,11.61,1,4.85,1,0.596,4.36,4.0,0.0,0,5,0.0871,0.0871,0.0945,0.0963
125.11,1,0.874,-6.74,4.97,5,74.1,20.56,0.09,-0.0222,0.089,-0.001,-0.005,1.857,-1.098,-86.17,11.61,1,4.85,1,0.6,4.85,4.39,0.0,0,5,0.087,0.087,0.0889,0.0926
125.142,1,0.885,-6.49,4.57,5,74.3,20.57,0.09,-0.0264,0.086,-0.001,-0.004,1.858,-1.101,-86.17,11.61,1,4.85,1,0.605,4.85,4.47,0.0,0,5,0.0866,0.0847,0.0847,0.0884
125.176,1,0.896,-6.49,4.48,5,74.9,20.57,0.09,-0.0225,0.084,-0.002,0.003,1.858,-1.103,-86.17,11.61,1,4.85,1,0.605,4.85,4.47,0.0,0,5,0.0884,0.0811,0.0829,0.0847
125.207,1,0.903,-6.49,3.84,5,74.9,20.57,0.09,-0.0206,0.082,-0.004,-0.034,1.858,-1.106,-86.17,11.61,1,4.85,1,0.586,3.88,1.98,0.0,0,5,0.0921,0.0792,0.0774,0.0792
125.242,1,0.91,-6.24,3.38,5,74.8,20.56,0.09,-0.0091,0.087,-0.004,0.04,1.858,-1.11,-86.17,11.61,1,4.85,1,0.598,1.94,-3.31,0.0,0,5,0.1018,0.0852,0.0815,0.0815
125.277,1,0.921,-5.74,3.24,5,74.9,20.57,0.09,-0.0041,0.091,-0.002,-0.027,1.858,-1.112,-86.17,11.61,1,5.19,1,0.598,1.94,-3.31,0.0,0,5,0.1018,0.0926,0.0852,0.0852
125.313,1,0.92,-5.74,3.24,5,74.8,20.57,0.09,-0.0071,0.096,-0.0,0.014,1.858,-1.115,-86.17,11.61,1,5.19,1,0.592,2.42,-4.17,0.0,0,5,0.1011,0.0974,0.0938,0.092
125.343,1,0.917,-5.74,3.75,5,74.9,20.57,0.09,-0.0062,0.094,-0.001,0.005,1.858,-1.118,-86.17,11.61,1,5.19,1,0.583,2.91,-3.69,0.0,0,5,0.0916,0.0934,0.0934,0.0988
125.377,1,0.926,-5.74,3.61,5,75.3,20.46,0.09,-0.0148,0.093,-0.001,-0.003,1.858,-1.12,-86.17,11.61,1,5.19,1,0.583,2.91,-3.69,0.0,0,5,0.088,0.0898,0.0934,0.0988
125.41,1,0.926,-5.74,3.59,5,75.4,20.46,0.09,-0.012,0.09,-0.003,-0.012,1.859,-1.124,-86.23,11.61,1,5.19,1,0.587,2.91,-3.45,0.0,0,5,0.0902,0.0847,0.0883,0.0957
125.442,1,0.927,-5.74,3.41,5,75.3,20.46,0.09,-0.0114,0.088,-0.001,-0.017,1.859,-1.127,-86.23,11.61,1,5.19,1,0.587,2.91,-3.45,0.0,0,5,0.0907,0.0851,0.0888,0.0888
125.476,1,0.921,-5.99,3.76,5,75.4,20.57,0.09,-0.0083,0.086,-0.0,-0.027,1.859,-1.129,-86.29,11.6,1,4.54,1,0.587,2.91,-3.45,0.0,0,5,0.0887,0.0832,0.0887,0.085
125.51,1,0.912,-6.24,3.84,5,76.0,20.56,0.09,-0.0112,0.085,-0.0,-0.054,1.859,-1.132,-86.4,11.6,1,4.54,1,0.591,2.91,-3.65,0.0,0,5,0.0925,0.0814,0.087,0.0777
125.543,1,0.924,-5.74,3.03,5,75.6,20.57,0.09,-0.0099,0.087,-0.002,-0.032,1.859,-1.136,-86.46,11.6,1,4.54,1,0.598,2.42,-5.23,0.0,0,5,0.0962,0.0814,0.0888,0.0814
125.575,1,0.926,-5.74,3.03,5,75.7,20.57,0.09,-0.0022,0.09,-0.002,0.015,1.859,-1.138,-86.46,11.6,1,4.54,1,0.598,2.42,-5.23,0.0,0,5,0.0981,0.087,0.0888,0.0851
125.609,1,0.922,-5.74,3.04,5,75.7,20.57,0.09,-0.0019,0.096,0.0,0.007,1.86,-1.142,-86.4,11.6,1,4.54,1,0.589,2.42,-4.81,0.0,0,5,0.0907,0.0962,0.0962,0.0999
125.642,1,0.915,-5.74,3.31,5,75.5,21.11,0.09,-0.0017,0.095,0.0,0.003,1.86,-1.146,-86.4,11.6,1,4.54,1,0.589,2.42,-4.81,0.0,0,5,0.088,0.0954,0.0954,0.1027
125.675,1,0.91,-5.74,3.54,5,75.3,20.57,0.09,-0.0064,0.095,-0.0,-0.021,1.86,-1.148,-86.46,11.6,1,3.58,1,0.589,2.42,-4.81,0.0,0,5,0.0899,0.0917,0.0972,0.1009
125.712,1,0.914,-5.74,3.41,5,74.8,20.57,0.09,-0.0103,0.093,-0.002,-0.036,1.86,-1.151,-86.52,11.6,1,3.58,1,0.582,2.42,-6.0,0.0,0,5,0.0946,0.0873,0.0946,0.0946
125.741,1,0.921,-5.74,2.79,5,74.7,20.57,0.09,-0.0079,0.091,0.0,-0.03,1.86,-1.155,-86.57,11.6,1,3.58,1,0.583,2.42,-6.06,0.0,0,5,0.0938,0.0883,0.0956,0.0901
125.775,1,0.92,-5.74,2.55,5,74.4,20.57,0.09,0.0029,0.091,-0.001,-0.021,1.86,-1.157,-86.57,11.6,1,3.58,1,0.583,2.42,-6.06,0.0,0,5,0.0946,0.0855,0.0946,0.0891
125.808,1,0.91,-5.74,2.55,5,74.4,20.57,0.09,0.0072,0.088,-0.001,-0.04,1.861,-1.16,-86.69,11.6,1,3.58,1,0.586,1.45,-6.36,4.947,1,5,0.0971,0.0806,0.0934,0.0806
125.843,1,0.911,-5.74,2.65,5,74.5,20.57,0.09,0.0071,0.089,-0.003,-0.027,1.861,-1.164,-86.75,11.6,1,3.58,1,0.586,1.45,-6.36,4.947,1,5,0.0998,0.0776,0.0942,0.0831
125.876,1,0.916,-5.74,2.37,5,74.1,20.57,0.09,0.0054,0.089,-0.002,0.035,1.861,-1.166,-86.69,11.59,1,2.66,1,0.586,1.45,-6.36,4.947,1,5,0.0961,0.0795,0.0942,0.085
125.913,1,0.908,-5.49,2.44,5,73.3,21.11,0.09,0.0102,0.092,-0.001,-0.017,1.861,-1.169,-86.69,11.59,1,2.66,1,0.588,5.82,7.27,0.0,0,5,0.087,0.0851,0.0962,0.0981
125.944,1,0.907,-5.49,2.76,5,73.1,20.96,0.09,0.0061,0.092,-0.0,-0.011,1.861,-1.173,-86.63,11.59,1,2.66,1,0.584,5.82,4.24,3.515,1,5,0.0852,0.0926,0.0907,0.1
125.975,1,0.888,-5.49,3.0,5,72.4,20.96,0.09,0.0007,0.092,-0.0,0.004,1.861,-1.175,-86.63,11.59,1,2.66,1,0.572,5.82,5.07,-3.761,1,5,0.087,0.0926,0.0907,0.0981
126.012,1,0.88,-5.49,2.87,5,72.0,20.96,0.09,-0.0034,0.089,0.0,-0.037,1.861,-1.178,-86.69,11.59,1,2.66,1,0.569,3.88,5.79,-6.437,1,5,0.0889,0.0889,0.0889,0.0889
126.043,1,0.878,-5.49,2.74,5,71.3,21.1,0.09,-0.0009,0.087,0.0,-0.031,1.862,-1.182,-86.75,11.59,1,2.66,1,0.584,3.88,7.16,-0.487,1,5,0.0888,0.0833,0.0907,0.0833
126.076,1,0.869,-5.49,2.34,5,70.9,21.1,0.09,0.0014,0.085,0.0,-0.019,1.862,-1.183,-86.8,11.59,1,3.33,1,0.584,3.88,7.16,-0.487,1,5,0.0887,0.0814,0.0887,0.0795
126.109,1,0.867,-5.24,2.14,5,70.8,20.57,0.09,0.0084,0.083,-0.002,-0.048,1.862,-1.187,-86.8,11.59,1,3.33,1,0.599,4.36,1.01,5.74,1,5,0.0961,0.0814,0.0814,0.074
126.143,1,0.864,-5.24,2.06,5,71.0,20.57,0.09,0.0091,0.083,-0.002,-0.026,1.862,-1.19,-86.92,11.59,1,3.33,1,0.583,4.36,-0.32,-4.122,1,5,0.0943,0.0832,0.0795,0.0758
126.177,1,0.872,-5.24,2.04,5,71.1,20.57,0.09,0.0107,0.084,-0.002,0.016,1.862,-1.192,-86.86,11.59,1,3.33,1,0.583,4.36,-0.32,-4.122,1,5,0.0907,0.0815,0.0833,0.0815
126.208,1,0.879,-4.99,1.81,5,70.7,21.1,0.09,0.0111,0.086,0.0,-0.0,1.862,-1.195,-86.86,11.59,1,3.33,1,0.578,4.85,0.09,-5.204,1,5,0.0796,0.0814,0.0907,0.0907
126.244,1,0.891,-4.99,1.78,5,70.5,20.96,0.09,0.0123,0.086,0.001,0.004,1.862,-1.199,-86.86,11.59,1,3.33,1,0.578,4.85,0.09,-5.204,1,5,0.0795,0.085,0.0887,0.0906
126.275,1,0.891,-4.74,1.44,5,70.5,20.57,0.09,0.013,0.086,0.001,0.005,1.863,-1.201,-86.86,11.59,1,2.6,1,0.592,5.33,-0.38,-0.968,1,5,0.0814,0.0887,0.0869,0.0887
126.306,1,0.877,-4.49,1.67,5,69.9,20.81,0.09,0.0163,0.086,0.001,-0.003,1.863,-1.204,-86.86,11.59,1,2.6,1,0.604,5.82,0.65,5.08,1,5,0.0833,0.0888,0.0851,0.087
126.341,1,0.87,-4.49,1.58,5,69.5,21.02,0.09,0.0094,0.087,0.002,-0.005,1.863,-1.207,-86.8,11.59,1,2.6,1,0.604,5.82,0.65,5.08,1,5,0.0833,0.0889,0.087,0.087
126.375,1,0.881,-4.49,1.58,5,69.6,21.02,0.09,0.0117,0.085,0.002,-0.006,1.863,-1.209,-86.86,11.59,1,2.6,1,0.621,5.82,-2.06,-0.35,1,5,0.0796,0.087,0.087,0.087
126.41,1,0.892,-4.49,1.57,5,69.6,21.02,0.09,0.0122,0.086,-0.0,-0.017,1.863,-1.212,-86.86,11.59,1,2.6,1,0.617,5.82,-0.17,5.927,1,5,0.0869,0.0887,0.0814,0.0851
126.441,1,0.883,-4.49,1.57,5,69.9,21.02,0.09,0.0124,0.085,-0.001,0.002,1.863,-1.214,-86.86,11.59,1,2.6,1,0.618,6.3,-1.2,7.562,1,5,0.0887,0.0887,0.0795,0.085
126.476,1,0.877,-4.49,1.58,5,70.3,20.96,0.09,0.0126,0.086,-0.001,0.002,1.864,-1.218,-86.86,11.57,1,2.5,1,0.618,6.3,-1.2,7.562,1,5,0.0905,0.0905,0.0794,0.0849
126.509,1,0.89,-3.99,1.15,5,70.3,20.57,0.09,0.0126,0.087,0.0,0.027,1.864,-1.221,-86.8,11.57,1,2.5,1,0.629,6.79,-2.32,6.102,1,5,0.0832,0.0887,0.0868,0.0905
126.547,1,0.905,-3.99,1.7,5,70.3,21.02,0.09,0.0144,0.089,0.0,0.0,1.864,-1.225,-86.8,11.57,1,2.5,1,0.632,6.79,-1.83,6.178,1,5,0.0813,0.0868,0.0923,0.096
126.577,1,0.896,-3.99,1.59,5,70.4,20.96,0.09,0.005,0.089,0.0,0.016,1.864,-1.227,-86.8,11.57,1,2.5,1,0.638,7.27,-3.29,5.264,1,5,0.0831,0.0868,0.0905,0.0942
126.606,1,0.886,-3.74,1.49,5,70.7,20.57,0.09,0.0074,0.089,0.0,0.002,1.864,-1.23,-86.75,11.57,1,2.5,1,0.637,7.27,-2.95,6.95,1,5,0.0849,0.0886,0.0886,0.0923
126.645,1,0.901,-3.74,1.49,5,71.0,20.56,0.09,0.0065,0.087,-0.0,-0.015,1.864,-1.234,-86.8,11.57,1,2.5,1,0.636,7.27,-3.87,5.034,1,5,0.0887,0.0869,0.0869,0.0869
126.677,1,0.913,-3.74,1.49,5,71.4,20.56,0.09,0.0067,0.087,-0.001,-0.016,1.864,-1.235,-86.8,11.57,1,5.73,1,0.614,4.85,-5.57,6.088,1,5,0.087,0.0851,0.087,0.0888
126.706,1,0.897,-3.74,1.37,5,71.8,20.57,0.09,0.007,0.085,-0.001,-0.023,1.865,-1.239,-86.86,11.57,1,5.73,1,0.63,3.88,-10.94,7.211,1,5,0.0907,0.0833,0.0852,0.0815
126.74,1,0.897,-3.74,1.37,5,72.7,20.57,0.09,0.0093,0.085,-0.0,-0.013,1.865,-1.24,-86.86,11.57,1,5.73,1,0.642,3.88,-11.9,5.663,1,5,0.0926,0.0833,0.0852,0.0778
126.776,1,0.917,-3.49,1.63,5,73.5,20.81,0.09,0.0095,0.086,-0.002,-0.052,1.865,-1.244,-86.97,11.57,1,5.73,1,0.642,3.88,-11.9,5.663,1,5,0.098,0.0869,0.0814,0.0777
126.807,1,0.926,-3.49,1.76,5,75.1,20.81,0.09,0.0021,0.088,-0.002,0.03,1.865,-1.247,-86.92,11.57,1,5.73,1,0.633,1.94,-13.24,4.691,1,5,0.0943,0.0869,0.0851,0.0851
126.843,1,0.92,-3.24,1.72,5,75.8,20.57,0.09,0.0002,0.089,-0.0,0.024,1.865,-1.251,-86.86,11.57,1,5.73,1,0.624,0.0,-18.02,0.0,0,5,0.0887,0.0887,0.0869,0.0906
126.878,1,0.917,-3.24,2.0,5,76.3,20.57,0.09,-0.0021,0.089,-0.0,0.005,1.865,-1.253,-86.86,11.55,1,7.58,1,0.637,-0.48,-18.63,0.0,0,5,0.0832,0.0887,0.0887,0.0961
126.909,1,0.916,-3.49,1.94,5,76.4,20.96,0.09,-0.0065,0.091,0.0,-0.01,1.865,-1.257,-86.86,11.55,1,7.58,1,0.637,0.0,-17.37,0.0,0,5,0.0851,0.0925,0.0888,0.0962
126.94,1,0.911,-3.74,2.27,5,77.6,20.57,0.09,-0.0022,0.09,-0.0,-0.02,1.866,-1.258,-86.92,11.55,1,7.58,1,0.636,0.0,-18.33,0.0,0,5,0.0889,0.0907,0.0889,0.0926
126.976,1,0.909,-3.74,1.48,5,77.5,20.57,0.09,-0.005,0.09,0.0,-0.036,1.866,-1.262,-86.97,11.55,1,7.58,1,0.636,0.0,-18.33,0.0,0,5,0.0907,0.087,0.0944,0.0889
127.006,1,0.905,-3.99,1.92,5,77.3,20.96,0.09,0.0085,0.089,-0.0,-0.01,1.866,-1.266,-87.03,11.55,1,7.58,1,0.629,-0.48,-17.67,0.0,0,5,0.0944,0.0833,0.0944,0.0851
127.043,1,0.904,-4.24,1.87,5,77.5,20.57,0.09,0.0036,0.089,-0.004,-0.056,1.866,-1.269,-87.15,11.55,1,7.58,1,0.629,-0.48,-17.67,0.0,0,5,0.098,0.0832,0.0925,0.0869
127.075,1,0.906,-4.24,1.63,5,77.4,20.57,0.09,0.0074,0.087,-0.004,-0.03,1.866,-1.271,-87.15,11.55,1,5.06,1,0.624,-0.97,-17.2,0.0,0,5,0.0999,0.0814,0.0851,0.0833
127.108,1,0.909,-3.99,1.68,5,77.3,20.96,0.09,0.0109,0.089,-0.004,0.04,1.866,-1.274,-87.2,11.55,1,5.06,1,0.622,-1.45,-17.28,0.0,0,5,0.0977,0.0848,0.0848,0.0885
127.142,1,0.913,-3.74,1.1,5,77.4,20.57,0.09,0.0067,0.093,0.001,0.039,1.866,-1.278,-87.09,11.55,1,5.06,1,0.622,-1.45,-17.28,0.0,0,5,0.0866,0.0921,0.0958,0.0958
127.176,1,0.917,-3.74,1.48,5,77.7,20.57,0.09,0.0137,0.095,0.001,-0.009,1.866,-1.28,-87.09,11.55,1,5.06,1,0.602,1.94,-18.1,0.0,0,5,0.0866,0.094,0.0977,0.1014
127.208,1,0.918,-3.74,1.64,5,77.7,20.57,0.09,0.0073,0.097,0.001,-0.003,1.867,-1.284,-87.09,11.55,1,5.06,1,0.629,2.91,-7.2,1.561,1,5,0.0888,0.0981,0.0981,0.1036
127.24,1,0.916,-3.74,1.38,5,77.5,20.57,0.09,0.0047,0.097,-0.002,-0.002,1.867,-1.288,-87.09,11.55,1,5.06,1,0.629,2.91,-7.2,1.561,1,5,0.0925,0.0962,0.0944,0.1036
127.274,1,0.916,-3.74,1.38,5,77.0,20.57,0.09,0.0094,0.096,-0.001,-0.008,1.867,-1.29,-87.09,11.55,1,2.61,1,0.601,4.85,-6.83,2.517,1,5,0.0944,0.0944,0.0944,0.0999
127.308,1,0.918,-3.74,1.02,5,76.7,20.46,0.09,0.0094,0.093,0.0,0.002,1.867,-1.294,-87.15,11.55,1,2.61,1,0.625,6.3,0.88,5.013,1,5,0.0944,0.0907,0.0962,0.0925
127.341,1,0.922,-3.74,1.25,5,76.8,20.46,0.09,0.0158,0.09,-0.002,-0.057,1.867,-1.297,-87.09,11.55,1,2.61,1,0.625,6.3,0.88,5.013,1,5,0.0962,0.0888,0.087,0.087
127.377,1,0.921,-3.74,1.37,5,76.6,20.57,0.09,0.0118,0.09,-0.004,-0.038,1.867,-1.299,-87.2,11.55,1,2.61,1,0.634,4.85,0.95,3.122,1,5,0.0981,0.0907,0.0814,0.0888
127.406,1,0.92,-3.49,1.03,5,76.8,20.2,0.09,0.0097,0.091,-0.005,0.069,1.867,-1.303,-87.15,11.55,1,2.61,1,0.637,4.85,1.7,4.718,1,5,0.0944,0.0925,0.0796,0.0962
127.441,1,0.917,-3.24,1.09,5,77.1,20.46,0.09,0.0127,0.093,-0.002,0.083,1.867,-1.305,-87.03,11.55,1,2.61,1,0.641,5.33,0.42,4.227,1,5,0.0907,0.0962,0.0851,0.0999
127.477,1,0.915,-3.24,1.38,5,77.6,20.46,0.09,0.0087,0.097,0.0,0.019,1.867,-1.309,-86.92,11.54,1,3.3,1,0.645,5.33,2.63,7.602,1,5,0.0869,0.0998,0.0943,0.1054
127.508,1,0.922,-2.75,1.08,5,77.6,20.44,0.09,0.0042,0.096,-0.001,0.041,1.867,-1.312,-86.86,11.54,1,3.3,1,0.641,5.33,3.29,5.356,1,5,0.0888,0.0999,0.0906,0.1054
127.54,1,0.923,-2.75,1.35,5,77.8,20.44,0.09,0.0033,0.096,-0.002,0.044,1.867,-1.314,-86.8,11.54,1,3.3,1,0.64,5.33,0.94,3.7,1,5,0.0889,0.1,0.0889,0.1074
127.574,1,0.926,-2.75,1.36,5,77.8,20.46,0.09,-0.0004,0.093,-0.002,0.021,1.868,-1.318,-86.8,11.54,1,3.3,1,0.647,4.85,0.03,-0.729,1,5,0.0908,0.0945,0.0871,0.0982
127.607,1,0.923,-2.75,1.27,5,77.9,20.2,0.09,-0.0001,0.09,-0.002,0.02,1.868,-1.321,-86.75,11.54,1,3.3,1,0.653,5.33,-1.42,2.202,1,5,0.0926,0.0926,0.0834,0.0926
127.64,1,0.92,-2.5,1.4,5,78.0,20.04,0.09,0.0017,0.088,-0.004,-0.014,1.868,-1.323,-86.75,11.54,1,3.3,1,0.653,5.33,-1.42,2.202,1,5,0.0944,0.0889,0.0796,0.0889
127.674,1,0.918,-2.5,1.42,5,77.9,20.0,0.09,-0.0034,0.088,-0.006,-0.007,1.868,-1.327,-86.8,11.54,1,5.52,1,0.633,2.91,-3.09,1.304,1,5,0.0943,0.0869,0.0758,0.0943
127.707,1,0.921,-2.25,1.19,5,77.6,20.04,0.09,-0.0031,0.091,-0.005,0.046,1.868,-1.331,-86.75,11.54,1,5.52,1,0.633,2.91,-3.09,1.304,1,5,0.0898,0.0898,0.0825,0.1027
127.743,1,0.922,-2.0,1.01,5,77.7,20.2,0.09,-0.0021,0.093,-0.001,0.037,1.868,-1.334,-86.63,11.54,1,5.52,1,0.633,2.91,-3.09,1.304,1,5,0.088,0.0917,0.0862,0.1027
127.776,1,0.919,-2.0,1.4,5,77.7,19.97,0.09,-0.0016,0.095,0.0,-0.043,1.868,-1.336,-86.63,11.54,1,5.52,1,0.636,2.42,-6.09,-0.15,1,5,0.0862,0.0991,0.0917,0.1027
127.806,1,0.911,-2.0,1.35,5,77.8,20.04,0.09,-0.0076,0.094,0.0,0.004,1.868,-1.339,-86.63,11.54,1,5.52,1,0.638,2.42,-6.16,1.287,1,5,0.0898,0.097,0.0916,0.097
127.842,1,0.918,-2.0,1.14,5,77.8,20.04,0.09,-0.0066,0.091,0.001,0.011,1.869,-1.343,-86.63,11.54,1,5.52,1,0.638,2.42,-6.16,1.287,1,5,0.0876,0.0948,0.0912,0.0966
127.875,1,0.923,-2.0,1.4,5,77.9,19.97,0.09,-0.0026,0.089,0.0,0.012,1.869,-1.345,-86.63,11.55,1,5.99,1,0.633,2.42,-5.23,3.318,1,5,0.0894,0.0912,0.0876,0.0894
127.906,1,0.921,-2.0,1.41,5,77.8,19.97,0.09,-0.0069,0.087,-0.0,-0.004,1.869,-1.348,-86.63,11.55,1,5.99,1,0.64,2.42,-6.17,3.12,1,5,0.0901,0.0882,0.0846,0.0846
127.939,1,0.915,-1.75,1.18,5,77.7,20.04,0.09,-0.0069,0.086,-0.003,0.019,1.869,-1.35,-86.63,11.55,1,5.99,1,0.64,2.42,-5.38,4.961,1,5,0.0942,0.085,0.0813,0.085
127.974,1,0.911,-1.0,1.08,5,77.7,19.97,0.09,-0.0059,0.087,-0.008,-0.048,1.868,-1.353,-86.57,11.55,1,5.99,1,0.651,2.91,-7.49,0.74,1,5,0.0979,0.0813,0.0757,0.0924
128.008,1,0.912,-1.0,0.98,5,77.9,19.97,0.09,-0.0127,0.089,-0.006,0.046,1.869,-1.357,-86.57,11.55,1,5.99,1,0.658,3.39,-6.8,0.965,1,5,0.0943,0.0851,0.0795,0.0961
128.04,1,0.911,-0.75,1.16,5,77.8,20.2,0.09,-0.0103,0.09,-0.002,0.051,1.869,-1.359,-86.52,11.55,1,5.99,1,0.659,3.39,-7.86,0.361,1,5,0.0887,0.0906,0.0851,0.0961
128.074,1,0.912,-0.75,1.56,5,77.9,20.04,0.09,-0.0158,0.093,0.003,-0.019,1.869,-1.363,-86.46,11.55,1,5.99,1,0.661,3.88,-7.97,-3.372,1,5,0.085,0.0998,0.0924,0.0961
128.108,1,0.907,-0.75,1.56,5,77.8,20.04,0.09,-0.022,0.093,0.0,-0.003,1.869,-1.366,-86.46,11.55,1,5.99,1,0.662,4.36,-7.94,-2.851,1,5,0.0868,0.0961,0.0905,0.0979
128.145,1,0.904,-0.75,1.43,5,77.7,20.04,0.09,-0.0214,0.091,-0.002,-0.005,1.869,-1.37,-86.46,11.55,1,5.99,1,0.662,4.36,-7.94,-2.851,1,5,0.0905,0.0887,0.0887,0.0961
128.174,1,0.902,-0.75,1.43,5,77.6,20.04,0.09,-0.0189,0.089,-0.001,-0.03,1.87,-1.372,-86.52,11.55,1,5.99,1,0.664,3.39,-7.88,-7.359,1,5,0.0906,0.0869,0.0887,0.0887
128.207,1,0.9,-1.0,1.26,5,77.6,20.04,0.09,-0.0187,0.088,-0.001,-0.06,1.87,-1.375,-86.63,11.55,1,5.99,1,0.659,3.39,-7.89,-7.351,1,5,0.0925,0.0833,0.0907,0.0851
128.238,1,0.899,-1.0,0.89,5,77.6,19.97,0.09,-0.0126,0.089,-0.001,-0.082,1.87,-1.377,-86.75,11.55,1,5.99,1,0.664,3.39,-9.91,-6.497,1,5,0.0944,0.0833,0.0925,0.087
128.276,1,0.903,-0.75,1.03,5,77.6,20.2,0.09,-0.0062,0.089,-0.002,-0.002,1.87,-1.38,-86.8,11.55,1,2.76,1,0.664,3.39,-9.91,-6.497,1,5,0.0962,0.0796,0.0944,0.0851
128.306,1,0.905,-0.75,1.16,5,77.9,20.2,0.09,-0.0117,0.09,0.0,-0.003,1.87,-1.384,-86.8,11.55,1,2.76,1,0.677,3.39,-9.95,-6.5,1,5,0.0943,0.0869,0.0943,0.085
128.34,1,0.907,-0.5,1.21,5,78.0,20.44,0.09,-0.0139,0.091,0.001,0.007,1.87,-1.386,-86.75,11.55,1,2.76,1,0.677,3.39,-9.95,-6.5,1,5,0.0924,0.0887,0.0943,0.0869
128.441,1,0.924,-0.25,1.27,5,79.0,20.04,0.09,-0.0172,0.093,0.001,0.011,1.871,-1.395,-86.69,11.55,1,2.76,1,0.642,12.12,4.85,-5.956,1,5,0.0868,0.0961,0.0924,0.0961
128.474,1,0.92,-0.25,1.55,5,79.2,20.04,0.09,-0.0212,0.09,-0.001,-0.011,1.871,-1.399,-86.75,11.55,1,-1.2,1,0.655,12.12,6.75,-6.734,1,5,0.0905,0.0887,0.0887,0.0924
128.507,1,0.908,-0.25,1.16,5,79.2,20.44,0.09,-0.0256,0.089,0.0,-0.08,1.871,-1.402,-86.86,11.55,1,-1.2,1,0.636,13.57,7.16,-6.375,1,5,0.0924,0.085,0.0943,0.085
128.54,1,0.904,-0.25,0.72,5,79.1,20.46,0.09,-0.0186,0.089,-0.001,-0.072,1.871,-1.404,-86.92,11.55,1,-1.2,1,0.636,13.57,7.16,-6.375,1,5,0.0943,0.0813,0.0943,0.085
128.575,1,0.907,-0.25,0.33,5,78.9,20.04,0.09,-0.0108,0.086,-0.0,-0.05,1.872,-1.407,-87.03,11.55,1,-1.2,1,0.655,15.03,11.66,-2.519,1,5,0.0942,0.0795,0.0924,0.0795
128.606,1,0.906,0.0,-0.02,5,78.6,20.56,0.09,-0.0037,0.085,-0.0,0.035,1.872,-1.411,-87.03,11.55,1,-1.2,1,0.663,15.03,9.81,-4.631,1,5,0.0905,0.0776,0.0905,0.0794
128.641,1,0.905,0.25,0.68,5,78.5,20.46,0.09,-0.0008,0.085,0.001,0.039,1.872,-1.413,-86.97,11.55,1,-1.2,1,0.663,15.03,9.81,-4.631,1,5,0.0886,0.0812,0.0923,0.0794
128.706,1,0.902,0.5,0.78,5,78.5,20.57,0.09,-0.0151,0.091,0.001,-0.014,1.872,-1.42,-86.92,11.55,1,-2.83,1,0.635,18.9,16.24,0.606,1,5,0.0851,0.0925,0.0906,0.0943
128.741,1,0.902,0.5,0.69,5,78.7,20.57,0.09,-0.0198,0.089,0.001,-0.002,1.872,-1.422,-86.97,11.55,1,-2.83,1,0.635,18.9,16.24,0.606,1,5,0.0851,0.0925,0.0869,0.0906
128.773,1,0.904,0.25,1.15,5,78.4,20.46,0.09,-0.0176,0.087,0.001,-0.022,1.873,-1.425,-86.97,11.55,1,-2.83,1,0.645,18.9,16.08,-1.96,1,5,0.087,0.0851,0.0907,0.0851
128.806,1,0.906,0.25,1.0,5,78.4,20.44,0.09,-0.0223,0.087,-0.002,-0.035,1.873,-1.429,-87.03,11.55,1,-2.83,1,0.649,18.9,15.19,-3.546,1,5,0.0942,0.0831,0.0868,0.0831
128.842,1,0.903,0.25,1.02,5,78.0,20.46,0.09,-0.0196,0.088,-0.003,-0.102,1.873,-1.431,-87.15,11.55,1,-2.83,1,0.649,18.9,15.19,-3.546,1,5,0.0961,0.0813,0.0887,0.085
128.876,1,0.902,0.25,0.61,5,78.2,20.2,0.09,-0.0201,0.085,-0.002,-0.051,1.873,-1.434,-87.26,11.58,1,-0.89,1,0.648,18.42,14.14,-1.723,1,5,0.0943,0.0776,0.0869,0.0795
128.905,1,0.903,0.25,0.61,5,78.3,20.2,0.09,-0.0129,0.083,0.0,-0.036,1.873,-1.435,-87.32,11.58,1,-0.89,1,0.646,18.42,13.67,0.215,1,5,0.0925,0.0777,0.0888,0.074
128.941,1,0.91,0.25,0.72,5,78.1,20.46,0.09,-0.0129,0.083,0.002,-0.007,1.873,-1.439,-87.32,11.58,1,-0.89,1,0.646,18.42,13.67,0.215,1,5,0.087,0.0778,0.0926,0.0741
128.973,1,0.91,0.25,0.74,5,78.2,20.2,0.09,-0.0148,0.086,0.001,-0.001,1.873,-1.442,-87.38,11.58,1,-0.89,1,0.646,15.03,9.13,-2.269,1,5,0.0851,0.0814,0.0925,0.0833
129.005,1,0.899,0.75,0.46,5,78.3,20.46,0.09,-0.0152,0.088,0.002,-0.01,1.874,-1.446,-87.38,11.58,1,-0.89,1,0.646,15.03,9.13,-2.269,1,5,0.085,0.0868,0.0924,0.0868
129.041,1,0.897,0.75,0.46,5,78.6,20.46,0.09,-0.0165,0.088,0.001,-0.008,1.874,-1.448,-87.38,11.58,1,-0.89,1,0.641,15.03,7.7,-2.004,1,5,0.0849,0.0886,0.0905,0.0886
129.107,1,0.91,0.75,0.19,5,78.5,20.46,0.09,-0.0155,0.091,0.001,-0.013,1.874,-1.455,-87.43,11.58,1,1.19,1,0.646,15.03,7.26,-1.444,1,5,0.0887,0.0924,0.0924,0.0924
129.14,1,0.909,0.75,0.19,5,78.4,20.46,0.09,-0.0106,0.091,0.001,-0.028,1.874,-1.457,-87.43,11.58,1,1.19,1,0.646,15.03,7.26,-1.444,1,5,0.0887,0.0906,0.0943,0.0924
129.206,1,0.916,0.75,0.72,5,78.7,20.46,0.09,-0.0102,0.087,0.004,-0.025,1.875,-1.464,-87.61,11.58,1,1.19,1,0.644,11.63,3.45,-2.174,1,5,0.0873,0.091,0.091,0.0801
129.241,1,0.913,1.25,0.18,5,79.0,20.57,0.09,-0.0194,0.088,0.004,-0.004,1.875,-1.466,-87.66,11.58,1,1.19,1,0.644,11.63,3.45,-2.174,1,5,0.0884,0.0921,0.0921,0.0794
129.307,1,0.906,1.25,0.15,5,79.6,20.57,0.09,-0.0155,0.093,0.005,-0.019,1.876,-1.472,-87.61,11.58,1,2.11,1,0.651,12.12,0.12,-1.986,1,5,0.0861,0.0916,0.1045,0.088
129.339,1,0.902,1.25,0.17,5,80.2,20.57,0.09,-0.0149,0.093,0.005,-0.021,1.876,-1.473,-87.66,11.58,1,2.11,1,0.655,12.12,0.48,-2.521,1,5,0.0854,0.0908,0.1036,0.0908
129.406,1,0.909,1.25,0.31,5,80.3,20.46,0.09,-0.0145,0.09,0.004,-0.022,1.876,-1.481,-87.72,11.58,1,2.11,1,0.655,12.12,-0.81,-5.475,1,5,0.0917,0.0935,0.0935,0.0807
129.441,1,0.909,1.25,0.3,5,80.1,20.46,0.09,-0.017,0.091,0.003,-0.033,1.877,-1.482,-87.72,11.58,1,2.11,1,0.655,12.12,-0.81,-5.475,1,5,0.098,0.0943,0.0943,0.0777
129.505,1,0.899,1.5,0.04,5,80.2,20.57,0.09,-0.0165,0.092,-0.001,-0.005,1.877,-1.49,-87.95,11.61,1,0.76,1,0.663,12.12,-0.03,-5.066,1,5,0.1012,0.0902,0.092,0.0846
129.538,1,0.899,1.75,-0.13,5,80.2,20.46,0.09,-0.0151,0.092,0.001,0.002,1.877,-1.492,-87.95,11.61,1,0.76,1,0.663,12.12,-0.03,-5.066,1,5,0.0957,0.0902,0.0957,0.0846
129.604,1,0.895,1.75,-0.59,5,80.2,20.56,0.09,-0.0144,0.092,0.01,-0.011,1.878,-1.499,-88.01,11.61,1,0.76,1,0.662,12.12,-0.48,-5.86,1,5,0.0814,0.0961,0.1072,0.0814
129.639,1,0.893,1.5,-0.25,5,80.0,20.96,0.09,-0.0062,0.092,0.009,-0.017,1.878,-1.501,-88.01,11.61,1,0.76,1,0.663,12.12,-1.05,-6.983,1,5,0.0814,0.098,0.1054,0.0851
129.675,1,0.893,1.75,-0.6,5,79.9,20.56,0.09,-0.0087,0.094,0.006,-0.025,1.879,-1.505,-88.06,11.61,1,-2.06,1,0.662,12.6,0.1,-7.539,1,5,0.0886,0.0997,0.0997,0.0867
129.704,1,0.901,1.5,0.06,5,79.6,20.57,0.09,-0.0057,0.096,0.002,-0.046,1.879,-1.509,-88.18,11.61,1,-2.06,1,0.644,14.54,3.14,-7.72,1,5,0.0971,0.0952,0.1007,0.0898
129.739,1,0.892,1.5,-0.76,5,79.5,20.57,0.09,-0.014,0.097,0.001,-0.052,1.879,-1.511,-88.24,11.61,1,-2.06,1,0.644,14.54,3.14,-7.72,1,5,0.1025,0.0952,0.1007,0.0879
129.806,1,0.888,1.5,-0.64,5,79.3,20.96,0.09,0.0001,0.097,0.003,-0.036,1.879,-1.518,-88.29,11.61,1,-2.06,1,0.619,17.93,9.28,-5.372,1,5,0.1054,0.0999,0.0999,0.0814
129.839,1,0.89,1.75,-0.69,5,79.2,21.02,0.09,-0.0022,0.097,0.003,-0.05,1.879,-1.52,-88.35,11.61,1,-2.06,1,0.619,17.93,9.28,-5.372,1,5,0.1018,0.0981,0.1018,0.0851
129.905,1,0.884,2.0,-0.87,5,79.0,20.96,0.09,-0.0042,0.096,0.009,-0.029,1.88,-1.528,-88.46,11.63,1,-4.31,1,0.627,18.42,9.23,-1.776,1,5,0.0833,0.0981,0.1129,0.0907
129.941,1,0.878,2.0,-0.88,5,78.9,20.96,0.09,-0.0041,0.095,0.01,-0.006,1.881,-1.53,-88.46,11.63,1,-4.31,1,0.627,18.42,9.23,-1.776,1,5,0.0832,0.0999,0.111,0.0869
130.005,1,0.89,1.5,-0.64,5,78.9,20.57,0.09,-0.003,0.092,0.001,-0.066,1.881,-1.537,-88.69,11.63,1,-4.31,1,0.64,15.99,10.43,-5.675,1,5,0.0999,0.0907,0.0962,0.0814
130.039,1,0.882,1.5,-0.76,5,79.1,20.57,0.09,-0.0009,0.092,-0.0,-0.043,1.881,-1.539,-88.75,11.63,1,-4.31,1,0.64,15.99,10.43,-5.675,1,5,0.1036,0.0888,0.0944,0.0796
130.107,1,0.873,1.75,-1.0,5,78.9,20.46,0.09,0.0003,0.092,0.006,-0.009,1.882,-1.547,-88.69,11.63,1,-3.94,1,0.646,15.03,12.76,-5.077,1,5,0.0925,0.0925,0.1036,0.0814
130.139,1,0.881,1.75,-1.02,5,78.8,20.46,0.09,0.0013,0.094,0.006,-0.032,1.882,-1.549,-88.69,11.63,1,-3.94,1,0.656,15.03,12.81,0.0,0,5,0.0888,0.0943,0.1073,0.0869
130.173,1,0.879,1.75,-1.02,5,78.6,20.46,0.09,0.0019,0.095,0.005,-0.003,1.882,-1.552,-88.81,11.63,1,-3.94,1,0.655,15.03,13.79,-4.577,1,5,0.0869,0.0924,0.1072,0.0924
130.205,1,0.879,1.75,-1.02,5,78.8,20.46,0.09,0.002,0.092,0.003,0.011,1.882,-1.556,-88.81,11.63,1,-3.94,1,0.659,15.03,12.8,-6.082,1,5,0.0887,0.0924,0.098,0.0906
130.24,1,0.883,1.75,-1.03,5,78.5,20.56,0.09,0.002,0.091,0.002,0.001,1.882,-1.558,-88.81,11.63,1,-3.94,1,0.659,15.03,12.8,-6.082,1,5,0.0887,0.0906,0.0943,0.0887
130.307,1,0.879,1.25,-1.43,5,78.7,20.56,0.09,0.0022,0.089,-0.005,-0.008,1.882,-1.565,-88.87,11.63,1,-3.94,1,0.666,17.45,10.13,4.376,1,5,0.0961,0.0887,0.0795,0.0905
130.337,1,0.882,1.25,-1.64,5,78.5,20.56,0.09,0.0155,0.089,-0.006,0.001,1.882,-1.567,-88.87,11.63,1,-3.94,1,0.666,17.45,9.44,3.069,1,5,0.098,0.0888,0.0777,0.0906
130.374,1,0.877,1.5,-1.49,5,78.3,20.96,0.09,0.0185,0.089,-0.001,0.064,1.882,-1.57,-88.75,11.63,1,-3.94,1,0.668,17.45,9.45,3.06,1,5,0.0925,0.0925,0.0833,0.087
130.406,1,0.875,1.75,-1.49,5,78.2,20.57,0.09,0.0125,0.091,0.005,0.011,1.882,-1.574,-88.75,11.63,1,-3.94,1,0.663,17.45,10.12,1.03,1,5,0.0851,0.0962,0.0944,0.087
130.441,1,0.864,2.0,-1.93,5,78.0,20.96,0.09,0.0093,0.089,0.007,-0.012,1.883,-1.575,-88.75,11.63,1,-3.94,1,0.663,17.45,10.12,1.03,1,5,0.0777,0.0962,0.0962,0.0851
130.473,1,0.864,2.0,-1.96,5,77.9,20.96,0.09,0.0143,0.089,0.007,-0.011,1.883,-1.579,-88.75,11.65,1,-1.33,1,0.667,17.93,10.07,-0.358,1,5,0.0777,0.0962,0.0962,0.0869
130.505,1,0.864,2.0,-1.95,5,77.9,20.96,0.09,0.0153,0.085,0.005,0.019,1.883,-1.582,-88.75,11.65,1,-1.33,1,0.667,17.93,10.07,-0.358,1,5,0.0777,0.0925,0.0869,0.0832
130.539,1,0.871,1.75,-1.25,5,78.0,20.57,0.09,0.0153,0.084,0.002,0.005,1.883,-1.584,-88.75,11.65,1,-1.33,1,0.667,17.93,10.07,-0.358,1,5,0.0795,0.0888,0.0832,0.0851
130.604,1,0.865,1.75,-1.59,5,77.9,20.57,0.09,0.0063,0.085,-0.003,0.0,1.883,-1.591,-88.75,11.65,1,-1.33,1,0.674,13.57,4.16,-3.083,1,5,0.0862,0.0862,0.0789,0.0899
130.64,1,0.878,1.75,-1.01,5,78.0,20.46,0.09,0.0123,0.088,-0.002,-0.011,1.883,-1.593,-88.75,11.65,1,-1.33,1,0.674,13.57,4.16,-3.083,1,5,0.0909,0.0873,0.0836,0.0891
130.675,1,0.864,2.25,-1.56,5,77.8,21.1,0.09,0.002,0.091,-0.002,0.065,1.883,-1.597,-88.58,11.65,1,1.22,1,0.672,13.09,2.75,-1.586,1,5,0.0955,0.0865,0.0901,0.0901
130.705,1,0.874,2.25,-1.38,5,78.0,21.1,0.09,0.0057,0.09,0.001,0.005,1.883,-1.6,-88.52,11.65,1,1.22,1,0.671,12.12,-1.52,-4.644,1,5,0.0889,0.0907,0.0926,0.0889
130.739,1,0.866,2.5,-1.24,5,78.3,20.96,0.09,0.0028,0.091,0.002,0.016,1.883,-1.602,-88.52,11.65,1,1.22,1,0.674,12.12,-1.21,-3.723,1,5,0.0879,0.0952,0.0897,0.0897
130.774,1,0.874,2.75,-1.09,5,78.4,20.57,0.09,-0.0022,0.088,0.003,0.015,1.884,-1.606,-88.52,11.65,1,1.22,1,0.67,12.12,-1.57,-4.604,1,5,0.0794,0.0961,0.0868,0.0905
130.805,1,0.872,2.75,-1.08,5,78.4,21.1,0.09,-0.0073,0.088,0.002,0.008,1.884,-1.609,-88.46,11.65,1,1.22,1,0.676,12.6,-1.59,-5.818,1,5,0.0803,0.0931,0.0858,0.0912
130.838,1,0.88,2.75,-0.84,5,78.2,20.46,0.09,-0.0071,0.086,0.003,-0.009,1.884,-1.611,-88.46,11.65,1,1.22,1,0.676,12.6,-1.59,-5.818,1,5,0.0767,0.0913,0.0858,0.0894
130.905,1,0.88,2.5,-0.92,5,78.3,20.96,0.09,-0.0105,0.085,0.001,0.011,1.884,-1.618,-88.58,11.66,1,0.79,1,0.662,12.12,-2.97,-7.845,1,5,0.0834,0.0889,0.0834,0.0852
130.94,1,0.873,2.25,-0.85,5,78.6,21.02,0.09,-0.006,0.087,-0.0,-0.016,1.884,-1.619,-88.58,11.66,1,0.79,1,0.662,12.12,-2.97,-7.845,1,5,0.0871,0.0889,0.0852,0.0871
130.975,1,0.88,2.25,-1.22,5,78.5,21.1,0.09,-0.0044,0.092,-0.001,0.043,1.884,-1.623,-88.58,11.66,1,0.79,1,0.668,12.12,-2.95,-7.835,1,5,0.0963,0.0889,0.0926,0.0889
131.005,1,0.895,2.25,-0.78,5,78.8,20.57,0.09,0.0017,0.093,0.001,0.014,1.884,-1.627,-88.46,11.66,1,0.79,1,0.673,11.63,-2.43,0.0,0,5,0.0926,0.0889,0.0981,0.0907
131.037,1,0.894,2.25,-0.44,5,78.8,20.46,0.09,-0.0061,0.094,0.002,-0.048,1.885,-1.629,-88.52,11.66,1,0.79,1,0.667,12.6,-2.34,0.0,0,5,0.0925,0.0925,0.0999,0.0925
131.074,1,0.88,2.0,-0.9,5,79.0,20.57,0.09,-0.0122,0.096,0.003,-0.002,1.885,-1.633,-88.58,11.66,1,-1.86,1,0.661,14.06,3.43,0.0,0,5,0.0925,0.098,0.0999,0.0925
131.104,1,0.882,2.25,-0.76,5,79.0,20.46,0.09,-0.0014,0.093,0.003,0.013,1.885,-1.636,-88.64,11.66,1,-1.86,1,0.659,14.06,1.82,0.0,0,5,0.0906,0.0961,0.0961,0.0906
131.137,1,0.885,2.25,-0.76,5,79.2,20.46,0.09,-0.0071,0.092,0.002,-0.02,1.885,-1.638,-88.64,11.66,1,-1.86,1,0.659,14.06,1.82,0.0,0,5,0.0906,0.0943,0.0943,0.0887
131.174,1,0.895,2.25,-0.9,5,79.0,20.46,0.09,-0.0071,0.088,0.002,-0.022,1.885,-1.642,-88.64,11.66,1,-1.86,1,0.665,14.54,0.94,0.0,0,5,0.085,0.0906,0.0887,0.0869
131.204,1,0.884,2.25,-1.3,5,78.7,20.56,0.09,-0.0046,0.089,0.0,-0.025,1.885,-1.645,-88.75,11.66,1,-1.86,1,0.663,14.06,0.76,0.0,0,5,0.0924,0.0924,0.0869,0.0851
131.238,1,0.88,2.0,-0.47,5,78.7,20.2,0.09,0.0025,0.089,-0.001,-0.011,1.885,-1.647,-88.75,11.66,1,-1.86,1,0.663,14.06,0.76,0.0,0,5,0.0943,0.0906,0.0851,0.0851
131.304,1,0.866,2.5,-1.2,5,78.4,20.96,0.09,-0.0093,0.091,-0.0,-0.029,1.885,-1.654,-88.58,11.66,1,-1.56,1,0.673,14.54,0.34,0.0,0,5,0.0909,0.0853,0.0964,0.0927
131.337,1,0.869,2.5,-1.05,5,78.3,20.96,0.09,-0.0028,0.094,0.0,-0.032,1.885,-1.657,-88.58,11.66,1,-1.56,1,0.673,14.54,0.34,0.0,0,5,0.0908,0.089,0.1001,0.0964
131.375,1,0.863,2.5,-1.41,5,78.1,20.96,0.09,-0.005,0.094,0.003,0.01,1.886,-1.66,-88.64,11.66,1,-1.56,1,0.674,14.06,1.42,0.0,0,5,0.0889,0.0926,0.1,0.0926
131.404,1,0.876,2.5,-1.15,5,78.0,20.96,0.09,0.0016,0.093,0.004,-0.024,1.886,-1.664,-88.69,11.66,1,-1.56,1,0.676,14.54,0.43,0.0,0,5,0.0889,0.0926,0.1,0.0889
131.436,1,0.883,2.5,-0.95,5,77.9,20.96,0.09,-0.0028,0.088,0.005,-0.036,1.886,-1.665,-88.75,11.66,1,-1.56,1,0.67,14.54,-0.15,0.0,0,5,0.0852,0.0889,0.0981,0.0815
131.502,1,0.878,2.25,-0.83,5,77.7,20.46,0.09,-0.006,0.089,0.001,-0.015,1.886,-1.673,-88.87,11.67,1,-0.32,1,0.671,14.54,-0.63,0.0,0,5,0.094,0.0885,0.0922,0.083
131.539,1,0.88,2.25,-1.45,5,77.4,20.57,0.09,-0.0049,0.091,-0.0,0.01,1.886,-1.674,-88.87,11.67,1,-0.32,1,0.671,14.54,-0.63,0.0,0,5,0.0959,0.0866,0.094,0.0866
131.571,1,0.88,2.25,-1.22,5,77.7,20.57,0.09,0.0056,0.091,-0.0,-0.022,1.886,-1.678,-88.87,11.67,1,-0.32,1,0.672,13.57,-1.34,0.0,0,5,0.0939,0.0847,0.0958,0.0884
131.602,1,0.883,1.75,-0.83,5,77.9,21.02,0.09,0.0014,0.092,0.001,-0.014,1.887,-1.682,-88.92,11.67,1,-0.32,1,0.668,13.57,-0.43,0.0,0,5,0.0962,0.0851,0.0999,0.0851
131.636,1,0.877,1.75,-1.39,5,77.8,21.62,0.09,0.0007,0.092,0.002,-0.018,1.887,-1.684,-88.92,11.67,1,-0.32,1,0.674,13.57,-1.71,0.0,0,5,0.0962,0.087,0.0999,0.0833
131.673,1,0.885,1.75,-1.08,5,77.9,20.57,0.09,0.0098,0.093,0.002,-0.063,1.887,-1.687,-89.04,11.67,1,0.04,1,0.682,13.57,-0.45,0.0,0,5,0.0962,0.0907,0.0981,0.0851
131.702,1,0.886,1.75,-0.96,5,78.0,20.46,0.09,0.0039,0.093,0.003,-0.045,1.887,-1.691,-89.15,11.67,1,0.04,1,0.676,13.57,-1.25,0.0,0,5,0.0926,0.0907,0.1,0.087
131.737,1,0.886,1.5,-1.27,5,78.2,20.57,0.09,0.0017,0.091,0.004,-0.06,1.887,-1.693,-89.21,11.67,1,0.04,1,0.676,13.57,-1.25,0.0,0,5,0.0888,0.0907,0.0981,0.0851
131.772,1,0.889,1.75,-1.63,5,78.5,20.57,0.09,0.0098,0.09,0.004,0.008,1.887,-1.696,-89.27,11.67,1,0.04,1,0.683,13.09,-1.38,0.0,0,5,0.0888,0.0925,0.0962,0.0832
131.802,1,0.891,1.75,-1.62,5,78.8,20.57,0.09,0.0128,0.09,0.002,-0.022,1.887,-1.7,-89.27,11.67,1,0.04,1,0.68,13.09,-1.93,0.0,0,5,0.0887,0.0924,0.0924,0.0869
131.838,1,0.9,1.5,-1.28,5,78.6,21.02,0.09,0.0126,0.091,0.0,-0.0,1.887,-1.702,-89.27,11.67,1,0.04,1,0.68,13.09,-1.93,0.0,0,5,0.0943,0.0906,0.0924,0.0887
131.872,1,0.906,1.25,-1.44,5,78.6,20.46,0.09,0.0096,0.091,-0.0,-0.006,1.887,-1.706,-89.32,11.67,1,0.59,1,0.683,12.6,-1.13,0.0,0,5,0.0924,0.0869,0.0943,0.0906
131.904,1,0.904,1.25,-1.33,5,79.0,20.46,0.09,0.015,0.092,0.002,0.003,1.888,-1.709,-89.32,11.67,1,0.59,1,0.684,12.6,-1.62,0.0,0,5,0.092,0.0902,0.0975,0.0883
131.935,1,0.904,1.25,-1.33,5,79.3,20.46,0.09,0.0129,0.092,0.004,-0.004,1.888,-1.711,-89.32,11.67,1,0.59,1,0.685,12.6,-1.6,0.0,0,5,0.0883,0.092,0.0994,0.0883
131.971,1,0.912,1.25,-1.44,5,79.3,20.46,0.09,0.0126,0.091,0.005,-0.014,1.888,-1.715,-89.32,11.67,1,0.59,1,0.682,12.6,-1.62,0.0,0,5,0.0884,0.094,0.0976,0.0829
132.002,1,0.918,1.25,-1.36,5,79.3,20.46,0.09,0.0143,0.088,0.003,-0.045,1.888,-1.718,-89.44,11.67,1,0.59,1,0.677,12.6,-1.72,-6.814,1,5,0.0852,0.0889,0.0926,0.0852
132.038,1,0.916,1.25,-1.36,5,78.9,20.46,0.09,0.0127,0.087,0.002,0.0,1.888,-1.72,-89.44,11.67,1,0.59,1,0.677,12.6,-1.72,-6.814,1,5,0.0871,0.089,0.089,0.0834
132.072,1,0.91,1.25,-1.36,5,78.7,20.46,0.09,0.0126,0.087,-0.001,0.023,1.888,-1.723,-89.44,11.67,1,0.59,1,0.675,12.6,-0.73,-5.414,1,5,0.0871,0.0871,0.0834,0.0889
132.104,1,0.912,1.25,-1.49,5,78.8,20.46,0.09,0.0127,0.087,-0.002,0.019,1.888,-1.727,-89.38,11.67,1,0.59,1,0.667,12.6,-2.07,-6.59,1,5,0.0889,0.0871,0.0815,0.0889
132.137,1,0.92,0.75,-1.29,5,78.9,20.46,0.09,0.0149,0.087,-0.003,0.027,1.888,-1.729,-89.38,11.67,1,0.59,1,0.667,12.6,-2.07,-6.59,1,5,0.0889,0.0852,0.0833,0.0926
132.17,1,0.921,1.25,-1.6,5,79.1,20.46,0.09,0.0176,0.089,-0.002,-0.012,1.888,-1.732,-89.32,11.67,1,0.59,1,0.665,12.6,-2.4,-4.793,1,5,0.0907,0.087,0.087,0.0926
132.204,1,0.929,1.0,-1.49,5,79.0,20.56,0.09,0.0165,0.09,0.0,0.013,1.888,-1.736,-89.32,11.67,1,0.59,1,0.665,12.6,-2.4,-4.793,1,5,0.0907,0.0907,0.0907,0.0888
132.236,1,0.922,1.25,-1.48,5,79.0,20.2,0.09,0.0178,0.09,0.002,0.013,1.888,-1.738,-89.27,11.67,1,0.59,1,0.665,12.6,-2.4,-4.793,1,5,0.0888,0.0944,0.0888,0.087
132.269,1,0.916,1.0,-1.39,5,79.3,20.56,0.09,0.0144,0.088,0.004,-0.027,1.888,-1.741,-89.32,11.67,1,-1.54,1,0.675,12.6,0.15,-4.794,1,5,0.087,0.0962,0.0888,0.0814
132.303,1,0.926,1.0,-1.5,5,79.5,20.56,0.09,0.0159,0.087,0.003,-0.051,1.888,-1.745,-89.44,11.67,1,-1.54,1,0.675,12.6,0.15,-4.794,1,5,0.087,0.0944,0.087,0.0815
132.335,1,0.934,0.75,-1.18,5,79.8,20.46,0.09,0.0177,0.086,0.003,-0.028,1.889,-1.746,-89.5,11.67,1,-1.54,1,0.675,12.6,0.15,-4.794,1,5,0.0833,0.0889,0.0889,0.0815
132.372,1,0.929,0.75,-1.84,5,80.0,20.46,0.09,0.0148,0.085,0.002,0.021,1.889,-1.75,-89.55,11.67,1,-1.54,1,0.666,12.6,-1.09,-3.451,1,5,0.0807,0.0844,0.0899,0.0862
132.402,1,0.923,0.75,-1.84,5,80.0,20.46,0.09,0.026,0.088,0.003,0.027,1.889,-1.754,-89.5,11.67,1,-1.54,1,0.645,15.51,4.29,-3.641,1,5,0.0837,0.0892,0.0928,0.0873
132.438,1,0.929,0.5,-1.61,5,79.9,20.57,0.09,0.0259,0.091,0.001,0.015,1.889,-1.756,-89.5,11.67,1,-1.54,1,0.645,15.51,4.29,-3.641,1,5,0.0873,0.0891,0.0946,0.0928
132.469,1,0.932,0.5,-1.62,5,79.9,20.57,0.09,0.0247,0.093,0.0,0.006,1.889,-1.759,-89.44,11.69,1,-3.67,1,0.657,15.51,7.89,0.808,1,5,0.0918,0.0899,0.0954,0.0936
132.504,1,0.926,0.75,-1.69,5,79.6,20.81,0.09,0.0244,0.094,-0.001,0.02,1.889,-1.763,-89.38,11.69,1,-3.67,1,0.657,15.51,7.89,0.808,1,5,0.0925,0.0907,0.0962,0.0981
132.539,1,0.925,0.75,-1.56,5,79.6,20.46,0.09,0.0224,0.094,0.001,0.045,1.889,-1.765,-89.32,11.69,1,-3.67,1,0.657,15.51,7.89,0.808,1,5,0.0906,0.0962,0.0943,0.0962
132.57,1,0.927,0.75,-1.18,5,79.9,21.02,0.09,0.0203,0.094,0.004,0.007,1.889,-1.769,-89.32,11.69,1,-3.67,1,0.661,16.48,8.47,3.787,1,5,0.0884,0.105,0.0921,0.0921
132.603,1,0.924,0.75,-1.16,5,80.1,21.02,0.09,0.0136,0.094,0.006,0.002,1.889,-1.771,-89.32,11.69,1,-3.67,1,0.67,16.48,8.57,1.153,1,5,0.0884,0.1068,0.0921,0.0884
132.638,1,0.921,1.0,-1.39,5,79.9,21.02,0.09,0.0134,0.093,0.003,-0.062,1.889,-1.772,-89.32,11.69,1,-3.67,1,0.67,16.48,8.57,1.153,1,5,0.0884,0.1031,0.0884,0.0921
132.669,1,0.926,0.75,-1.17,5,79.6,21.02,0.09,0.0145,0.091,0.001,0.008,1.889,-1.776,-89.38,11.69,1,-2.08,1,0.66,16.48,7.77,0.088,1,5,0.0842,0.0951,0.0878,0.0951
132.702,1,0.917,0.75,-1.17,5,80.7,21.02,0.09,0.0138,0.09,-0.0,0.011,1.889,-1.78,-89.38,11.69,1,-2.08,1,0.657,16.48,7.76,0.113,1,5,0.0863,0.0918,0.0882,0.0955
132.737,1,0.9,0.75,-1.29,5,82.4,20.46,0.09,0.0139,0.09,0.0,0.015,1.889,-1.782,-89.32,11.69,1,-2.08,1,0.657,16.48,7.76,0.113,1,5,0.0882,0.0919,0.0882,0.0919
132.769,1,0.903,0.75,-1.71,5,82.3,20.46,0.09,0.016,0.091,-0.001,-0.008,1.889,-1.785,-89.38,11.69,1,-2.08,1,0.662,15.99,7.45,-3.269,1,5,0.0925,0.0888,0.0907,0.0907
132.803,1,0.897,1.0,-1.79,5,82.4,20.96,0.09,0.0232,0.091,-0.0,0.009,1.889,-1.789,-89.32,11.69,1,-2.08,1,0.662,15.99,7.45,-3.269,1,5,0.0888,0.087,0.0944,0.0925
132.838,1,0.893,1.0,-1.41,5,82.4,21.02,0.09,0.0215,0.092,0.002,0.026,1.89,-1.791,-89.32,11.69,1,-2.08,1,0.662,15.99,7.45,-3.269,1,5,0.0875,0.0893,0.0985,0.0912
132.868,1,0.889,1.0,-1.41,5,82.6,21.02,0.09,0.0151,0.093,0.005,0.041,1.89,-1.795,-89.27,11.71,1,-0.58,1,0.652,12.12,5.18,0.316,1,5,0.0857,0.0985,0.0967,0.0894
132.903,1,0.888,1.0,-1.4,5,82.4,20.96,0.09,0.0153,0.093,0.004,-0.001,1.89,-1.798,-89.21,11.71,1,-0.58,1,0.652,12.12,5.18,0.316,1,5,0.0894,0.1021,0.0912,0.0876
132.936,1,0.889,1.0,-1.41,5,82.4,21.02,0.09,0.0151,0.092,0.0,-0.033,1.89,-1.8,-89.21,11.71,1,-0.58,1,0.652,12.12,5.18,0.316,1,5,0.0906,0.0998,0.085,0.0924
132.974,1,0.88,1.0,-1.55,5,82.1,21.1,0.09,0.0154,0.089,-0.003,0.012,1.89,-1.804,-89.21,11.71,1,-0.58,1,0.68,11.63,0.54,2.147,1,5,0.0906,0.0925,0.0795,0.0943
133.003,1,0.876,1.0,-1.43,5,81.8,21.02,0.09,0.018,0.088,-0.005,0.026,1.89,-1.807,-89.21,11.71,1,-0.58,1,0.68,11.63,0.57,2.311,1,5,0.0889,0.0907,0.0815,0.0944
133.035,1,0.874,1.0,-1.43,5,81.7,21.02,0.09,0.0159,0.087,-0.003,0.043,1.89,-1.809,-89.15,11.71,1,-0.58,1,0.68,11.63,0.57,2.311,1,5,0.087,0.087,0.0814,0.0925
133.068,1,0.878,0.75,-1.21,5,81.5,21.02,0.09,0.016,0.088,-0.003,0.017,1.89,-1.812,-89.09,11.71,1,1.14,1,0.681,11.63,0.66,0.838,1,5,0.0868,0.085,0.085,0.0942
133.105,1,0.882,0.5,-1.09,5,81.4,20.96,0.09,0.0152,0.09,-0.001,0.008,1.89,-1.816,-89.15,11.71,1,1.14,1,0.681,11.63,0.66,0.838,1,5,0.0905,0.0886,0.0905,0.0923
133.137,1,0.883,0.75,-1.19,5,81.5,21.02,0.09,0.0159,0.092,0.0,0.01,1.89,-1.818,-89.15,11.71,1,1.14,1,0.686,11.63,0.66,1.077,1,5,0.0923,0.0923,0.0923,0.0905
133.172,1,0.875,0.75,-1.0,5,81.8,21.02,0.09,0.0143,0.094,0.004,0.01,1.89,-1.822,-89.04,11.71,1,1.14,1,0.682,10.18,-0.53,-2.967,1,5,0.0923,0.0997,0.096,0.0886
133.202,1,0.879,0.75,-0.99,5,82.0,21.02,0.09,0.0108,0.094,0.004,-0.019,1.89,-1.826,-89.09,11.71,1,1.14,1,0.693,9.69,-4.26,-0.588,1,5,0.0905,0.0997,0.096,0.0886
133.235,1,0.883,0.75,-0.93,5,81.8,20.46,0.09,0.0107,0.093,0.002,-0.044,1.89,-1.827,-89.15,11.71,1,1.14,1,0.693,9.69,-4.26,-0.588,1,5,0.0887,0.0979,0.0924,0.0924
133.27,1,0.873,0.75,-0.86,5,81.9,20.46,0.09,0.0096,0.089,-0.001,0.004,1.89,-1.831,-89.15,11.71,1,2.06,1,0.687,9.21,-4.35,-1.437,1,5,0.0868,0.0924,0.0831,0.0924
133.304,1,0.866,0.75,-1.05,5,81.9,21.02,0.09,0.0083,0.085,-0.002,0.027,1.89,-1.834,-89.09,11.71,1,2.06,1,0.687,9.21,-2.78,-2.841,1,5,0.0832,0.0887,0.0776,0.0924
133.336,1,0.87,0.75,-0.92,5,81.8,21.6,0.09,0.0117,0.085,-0.002,0.033,1.89,-1.836,-89.09,11.71,1,2.06,1,0.682,9.21,-2.45,-1.992,1,5,0.0832,0.0869,0.0776,0.0906
133.37,1,0.871,0.75,-0.89,5,81.5,21.6,0.09,0.0093,0.086,-0.002,0.028,1.89,-1.839,-88.98,11.71,1,2.06,1,0.684,9.21,-1.11,1.186,1,5,0.0832,0.0832,0.0851,0.0943
133.403,1,0.877,0.75,-0.85,5,81.4,21.02,0.09,0.0088,0.09,-0.003,0.032,1.89,-1.843,-88.92,11.71,1,2.06,1,0.694,9.21,-0.93,-0.586,1,5,0.0887,0.0869,0.0869,0.0961
133.437,1,0.865,0.75,-0.63,5,81.1,20.46,0.09,0.0081,0.091,-0.003,0.02,1.89,-1.845,-88.92,11.71,1,2.06,1,0.694,9.21,-0.93,-0.586,1,5,0.0924,0.0887,0.0868,0.0961
133.475,1,0.855,0.75,-0.53,5,81.5,20.46,0.09,0.0043,0.093,-0.004,0.055,1.89,-1.849,-88.81,11.71,1,1.71,1,0.694,9.69,-0.09,1.801,1,5,0.0998,0.0961,0.0813,0.0942
133.503,1,0.857,0.5,-0.32,5,81.7,20.96,0.09,0.0025,0.091,-0.003,-0.005,1.89,-1.852,-88.81,11.71,1,1.71,1,0.697,9.69,0.83,2.243,1,5,0.0924,0.0961,0.0813,0.0961
133.535,1,0.864,0.5,-0.84,5,81.8,20.96,0.09,0.002,0.091,-0.004,-0.011,1.89,-1.854,-88.81,11.71,1,1.71,1,0.694,9.69,-0.11,1.771,1,5,0.0887,0.0943,0.0795,0.0998
133.569,1,0.887,0.5,-0.44,5,81.7,20.96,0.09,0.0108,0.087,-0.003,0.007,1.89,-1.858,-88.81,11.71,1,1.71,1,0.694,9.69,0.66,3.769,1,5,0.0814,0.0906,0.0777,0.098
133.604,1,0.878,0.25,-0.37,5,81.8,20.46,0.09,0.0036,0.084,-0.005,-0.011,1.89,-1.861,-88.81,11.71,1,1.71,1,0.687,9.69,1.32,5.599,1,5,0.0832,0.0869,0.074,0.098
133.634,1,0.857,0.25,-0.69,5,81.6,20.46,0.09,0.0053,0.082,-0.003,-0.01,1.89,-1.862,-88.81,11.71,1,1.71,1,0.688,9.21,-0.14,1.008,1,5,0.0814,0.0832,0.074,0.0887
133.675,1,0.856,0.0,-0.75,5,81.3,20.96,0.09,0.0106,0.084,-0.003,0.062,1.89,-1.866,-88.75,11.71,1,3.47,1,0.677,8.72,-0.24,3.155,1,5,0.0832,0.0795,0.0814,0.0906
133.705,1,0.873,-0.25,-0.2,5,81.5,20.46,0.09,0.0142,0.085,-0.003,0.019,1.889,-1.869,-88.64,11.71,1,3.47,1,0.67,5.82,-3.8,3.011,1,5,0.0813,0.0795,0.085,0.0942
133.734,1,0.881,0.0,-0.49,5,81.6,20.96,0.09,0.0075,0.087,-0.003,0.038,1.889,-1.871,-88.58,11.71,1,3.47,1,0.681,4.85,-7.41,2.233,1,5,0.085,0.085,0.0832,0.0961
133.768,1,0.874,0.0,-0.29,5,81.9,20.96,0.09,0.0089,0.087,-0.003,-0.017,1.889,-1.875,-88.58,11.71,1,3.47,1,0.681,4.85,-7.41,2.233,1,5,0.085,0.0905,0.0776,0.0961
133.804,1,0.865,0.0,0.07,5,82.0,20.56,0.09,0.0053,0.09,-0.003,0.018,1.889,-1.878,-88.64,11.71,1,3.47,1,0.677,4.85,-6.78,1.834,1,5,0.0888,0.0925,0.0814,0.0962
133.834,1,0.866,0.0,-0.12,5,82.1,20.56,0.09,-0.0011,0.091,-0.001,0.016,1.89,-1.88,-88.58,11.71,1,3.47,1,0.678,4.85,-6.02,3.746,1,5,0.0888,0.0925,0.087,0.0962
133.872,1,0.886,-0.25,-0.25,5,82.2,20.46,0.09,0.0022,0.092,-0.001,0.004,1.89,-1.884,-88.58,11.72,1,4.68,1,0.679,4.85,-7.43,2.247,1,5,0.0889,0.0889,0.0926,0.0963
133.905,1,0.886,-0.25,-0.37,5,81.4,20.46,0.09,0.0074,0.089,-0.0,-0.006,1.89,-1.887,-88.58,11.72,1,4.68,1,0.683,4.85,-7.47,2.265,1,5,0.0882,0.09,0.0863,0.09
133.937,1,0.866,-0.5,-0.15,5,81.5,20.96,0.09,0.0093,0.087,-0.002,-0.002,1.89,-1.889,-88.58,11.72,1,4.68,1,0.688,4.85,-7.43,4.807,1,5,0.0873,0.0873,0.0837,0.091
133.968,1,0.857,-0.25,-0.29,5,81.4,20.46,0.09,0.0083,0.085,-0.003,0.036,1.889,-1.893,-88.52,11.72,1,4.68,1,0.688,4.85,-7.16,5.369,1,5,0.0873,0.0873,0.0764,0.0873
134.001,1,0.883,-0.25,-0.24,5,81.2,20.46,0.09,0.0073,0.085,-0.005,0.081,1.889,-1.896,-88.35,11.72,1,4.68,1,0.692,4.85,-7.59,2.232,1,5,0.0873,0.0818,0.0782,0.0909
134.036,1,0.884,-0.25,-0.05,5,80.7,20.46,0.09,0.0064,0.085,-0.004,0.013,1.889,-1.898,-88.29,11.72,1,4.68,1,0.692,4.85,-7.59,2.232,1,5,0.0863,0.0844,0.0789,0.0918
134.066,1,0.847,-0.25,0.55,5,80.6,20.46,0.09,0.0032,0.088,-0.005,-0.025,1.889,-1.901,-88.35,11.72,1,5.07,1,0.694,5.33,-5.29,3.361,1,5,0.0875,0.0839,0.082,0.0984
134.105,1,0.858,-0.25,0.46,5,80.4,20.46,0.09,-0.0073,0.09,-0.004,0.025,1.889,-1.903,-88.29,11.72,1,5.07,1,0.69,5.33,-5.44,4.874,1,5,0.0873,0.0892,0.0819,0.1001
134.138,1,0.876,-0.25,0.32,5,81.9,20.46,0.09,-0.0058,0.09,-0.002,0.022,1.889,-1.907,-88.29,11.72,1,5.07,1,0.681,4.85,-5.73,4.402,1,5,0.0873,0.091,0.0855,0.0964
134.168,1,0.873,-0.25,0.22,5,83.2,20.46,0.09,-0.0034,0.089,0.0,0.01,1.89,-1.911,-88.29,11.72,1,5.07,1,0.667,1.94,-10.96,-2.641,1,5,0.0842,0.0916,0.0879,0.0934
134.204,1,0.874,-0.25,-0.16,5,83.4,20.46,0.09,-0.0016,0.087,-0.001,-0.013,1.89,-1.914,-88.29,11.72,1,5.07,1,0.667,1.94,-10.96,-2.641,1,5,0.0869,0.0851,0.0869,0.0906
134.235,1,0.877,-0.5,0.18,5,83.3,20.96,0.09,0.005,0.086,-0.001,-0.026,1.89,-1.916,-88.35,11.72,1,5.07,1,0.701,1.45,-12.26,-2.06,1,5,0.087,0.0851,0.0851,0.087
134.269,1,0.876,-0.5,0.18,5,83.3,20.96,0.09,0.0021,0.086,-0.003,-0.01,1.89,-1.919,-88.41,11.72,1,5.09,1,0.699,0.97,-12.36,-2.823,1,5,0.0944,0.0852,0.0815,0.0833
134.301,1,0.874,-0.5,0.17,5,83.4,20.96,0.09,0.002,0.085,-0.004,0.037,1.89,-1.921,-88.35,11.72,1,5.09,1,0.696,0.97,-12.62,-0.684,1,5,0.0962,0.0814,0.0814,0.0814
134.335,1,0.885,-0.5,0.18,5,83.4,20.56,0.09,0.0018,0.088,-0.001,0.031,1.89,-1.924,-88.29,11.72,1,5.09,1,0.702,0.97,-13.0,-0.833,1,5,0.0942,0.0886,0.0849,0.0831
134.367,1,0.888,0.0,-0.11,5,83.2,20.56,0.09,0.0016,0.091,0.001,-0.039,1.89,-1.928,-88.24,11.72,1,5.09,1,0.713,1.45,-13.27,2.441,1,5,0.0887,0.0924,0.0905,0.0905
134.408,1,0.885,0.0,0.08,5,83.2,20.56,0.0976,0.0007,0.091,-0.0,0.003,1.89,-1.932,-88.35,11.72,1,5.09,1,0.713,1.45,-13.27,2.441,1,5,0.0888,0.0907,0.0907,0.0944
134.435,1,0.887,-0.25,0.3,5,83.0,20.46,0.104,-0.0023,0.091,-0.001,0.008,1.89,-1.934,-88.35,11.72,1,5.09,1,0.71,1.45,-12.15,4.829,1,5,0.0888,0.0888,0.0907,0.0944
134.471,1,0.892,-0.25,0.2,5,82.6,20.46,0.1181,-0.0034,0.09,0.0,0.01,1.89,-1.937,-88.29,11.72,1,3.33,1,0.711,1.45,-12.76,3.371,1,5,0.0888,0.0888,0.0925,0.0907
134.502,1,0.895,-0.25,0.03,5,82.0,20.46,0.1271,-0.0018,0.092,0.002,-0.005,1.89,-1.941,-88.35,11.72,1,3.33,1,0.716,1.45,-12.76,3.411,1,5,0.087,0.0926,0.0963,0.0926
134.536,1,0.891,-0.25,0.03,5,82.0,20.46,0.1271,0.0017,0.094,0.003,-0.021,1.891,-1.943,-88.35,11.72,1,3.33,1,0.716,1.45,-12.76,3.411,1,5,0.0888,0.0962,0.098,0.0943
134.568,1,0.89,-0.25,-0.33,5,82.0,20.46,0.1271,0.0016,0.102,0.0,-0.026,1.89,-1.948,-88.41,11.72,1,3.33,1,0.706,1.45,-14.15,2.085,1,5,0.1017,0.1035,0.0998,0.1017
134.604,1,0.891,-0.25,-0.46,5,82.0,20.46,0.1271,0.0088,0.113,0.001,0.038,1.891,-1.952,-88.35,11.72,1,3.33,1,0.703,1.45,-14.08,2.299,1,5,0.1141,0.1178,0.1104,0.1104
134.639,1,0.897,-0.25,-0.06,5,82.0,20.46,0.1271,0.0115,0.119,0.0,-0.009,1.891,-1.955,-88.35,11.72,1,3.33,1,0.692,1.94,-14.39,-0.242,1,5,0.1216,0.1216,0.1161,0.1161
134.669,1,0.891,-0.25,-0.22,5,82.7,20.46,0.1271,0.0035,0.128,0.002,-0.025,1.891,-1.96,-88.35,11.72,1,2.01,1,0.667,5.82,-8.84,-2.696,1,5,0.1236,0.1291,0.131,0.1273
134.705,1,0.887,-0.25,-0.02,5,83.0,20.46,0.1271,0.0067,0.132,0.001,-0.015,1.891,-1.966,-88.35,11.72,1,2.01,1,0.667,5.82,-8.84,-2.696,1,5,0.1258,0.1295,0.1369,0.1369
134.735,1,0.893,0.0,-0.3,5,83.2,20.44,0.1271,0.0027,0.132,0.0,0.002,1.891,-1.968,-88.35,11.72,1,2.01,1,0.682,6.3,-4.05,3.566,1,5,0.1257,0.1294,0.135,0.1368
134.767,1,0.88,0.25,-0.5,5,83.1,20.46,0.115,0.0048,0.132,-0.0,0.004,1.891,-1.974,-88.35,11.72,1,2.01,1,0.669,6.3,-3.41,5.328,1,5,0.1313,0.1331,0.1294,0.1331
134.799,1,0.883,0.25,-0.5,5,82.9,20.46,0.1029,0.0051,0.129,-0.001,0.075,1.891,-1.976,-88.29,11.72,1,2.01,1,0.67,6.3,-3.53,6.743,1,5,0.1331,0.1331,0.1239,0.1276
134.836,1,0.885,0.25,0.03,5,82.8,20.46,0.09,0.0056,0.134,-0.0,-0.036,1.892,-1.982,-88.24,11.72,1,2.01,1,0.676,6.79,-4.29,5.351,1,5,0.1388,0.1406,0.1258,0.1295
134.871,1,0.879,0.0,-0.27,5,82.6,20.56,0.09,-0.0033,0.133,0.0,0.004,1.892,-1.987,-88.29,11.74,1,2.14,1,0.682,6.79,-4.3,5.224,1,5,0.1332,0.1369,0.1295,0.1314
134.906,1,0.881,0.25,-0.24,5,82.7,20.46,0.09,0.005,0.128,0.001,0.012,1.892,-1.992,-88.29,11.74,1,2.14,1,0.691,6.3,-4.33,6.389,1,5,0.1221,0.1277,0.1314,0.1314
134.934,1,0.888,0.25,-0.24,5,82.7,20.46,0.09,0.0014,0.123,0.003,-0.06,1.892,-1.994,-88.35,11.74,1,2.14,1,0.693,6.79,-4.59,4.087,1,5,0.1147,0.1221,0.1314,0.1258
134.967,1,0.887,-0.25,-0.33,5,82.7,20.46,0.09,0.0015,0.116,0.005,-0.018,1.893,-1.998,-88.41,11.74,1,2.14,1,0.691,5.82,-5.24,5.734,1,5,0.1054,0.1128,0.1276,0.1165
135.005,1,0.888,-0.25,-0.33,5,83.0,20.46,0.09,0.0092,0.111,0.003,0.041,1.893,-2.003,-88.41,11.74,1,2.14,1,0.691,5.82,-5.24,5.734,1,5,0.1074,0.1055,0.1222,0.1074
135.036,1,0.892,0.25,-0.4,5,83.0,20.46,0.09,0.009,0.109,0.002,0.012,1.893,-2.005,-88.41,11.74,1,2.14,1,0.694,5.33,-5.7,0.0,0,5,0.1093,0.1018,0.1204,0.1037
135.069,1,0.894,-0.25,-0.06,5,82.8,20.46,0.09,0.0039,0.107,0.001,-0.131,1.893,-2.009,-88.58,11.74,1,4.56,1,0.694,5.33,-5.7,0.0,0,5,0.1167,0.1019,0.1148,0.0963
135.101,1,0.89,-0.5,-0.51,5,82.6,20.44,0.09,0.0044,0.103,0.001,-0.01,1.893,-2.013,-88.64,11.74,1,4.56,1,0.696,4.85,-4.17,5.425,1,5,0.1149,0.1019,0.1112,0.0945
135.136,1,0.89,-0.25,-0.75,5,82.4,20.46,0.09,0.0151,0.101,0.002,-0.015,1.893,-2.015,-88.69,11.74,1,4.56,1,0.69,4.85,-6.14,6.673,1,5,0.1038,0.0982,0.1075,0.0945
135.167,1,0.89,-0.25,-0.74,5,82.1,20.46,0.09,0.0157,0.095,0.002,-0.007,1.893,-2.019,-88.69,11.74,1,4.56,1,0.676,4.85,-6.81,5.04,1,5,0.0926,0.0926,0.1019,0.0926
135.202,1,0.895,-0.25,-0.75,5,81.9,20.46,0.09,0.0154,0.092,0.004,-0.013,1.894,-2.022,-88.69,11.74,1,4.56,1,0.676,4.85,-6.81,5.04,1,5,0.087,0.0925,0.0981,0.0888
135.234,1,0.896,-0.5,-0.97,5,81.7,20.44,0.09,0.0155,0.09,0.002,0.005,1.894,-2.024,-88.69,11.74,1,4.56,1,0.67,0.97,-14.05,2.422,1,5,0.0869,0.0925,0.0925,0.0888
135.268,1,0.892,-0.25,-1.02,5,81.5,20.46,0.09,0.0222,0.087,-0.001,0.022,1.894,-2.027,-88.69,11.74,1,5.46,1,0.689,0.97,-13.01,3.534,1,5,0.087,0.0907,0.0814,0.0888
135.302,1,0.897,-0.25,-1.12,5,81.3,20.46,0.09,0.0199,0.086,-0.002,0.077,1.894,-2.031,-88.58,11.74,1,5.46,1,0.685,0.97,-13.07,3.323,1,5,0.087,0.0888,0.0777,0.0888
135.335,1,0.907,-0.25,-0.85,5,81.3,20.46,0.09,0.0217,0.084,-0.003,0.006,1.894,-2.033,-88.52,11.74,1,5.46,1,0.688,0.97,-12.64,3.875,1,5,0.0852,0.0852,0.0778,0.0889
135.371,1,0.908,-0.25,-0.75,5,80.9,20.46,0.09,0.017,0.087,0.0,-0.009,1.894,-2.036,-88.52,11.74,1,5.46,1,0.685,0.97,-12.37,4.181,1,5,0.0832,0.0888,0.0869,0.0906
135.403,1,0.905,-0.25,-0.75,5,81.0,20.46,0.09,0.0152,0.09,0.001,0.01,1.894,-2.04,-88.58,11.74,1,5.46,1,0.686,1.45,-12.93,5.075,1,5,0.0851,0.0888,0.0888,0.0925
135.434,1,0.906,-0.25,-0.75,5,80.7,20.46,0.09,0.0152,0.091,0.002,0.015,1.894,-2.042,-88.58,11.74,1,5.46,1,0.684,0.97,-12.59,4.057,1,5,0.087,0.0907,0.0944,0.0907
135.469,1,0.91,-0.25,-0.75,5,80.6,20.46,0.09,0.0152,0.088,0.001,0.014,1.894,-2.045,-88.52,11.73,1,5.46,1,0.685,0.97,-12.65,4.07,1,5,0.0851,0.0869,0.0925,0.0888
135.504,1,0.915,-0.25,-0.75,5,80.5,20.46,0.09,0.0152,0.086,0.0,0.026,1.894,-2.049,-88.52,11.73,1,5.46,1,0.685,0.97,-12.61,4.222,1,5,0.0832,0.0869,0.0851,0.0887
135.537,1,0.916,-0.25,-0.76,5,80.2,20.46,0.09,0.0154,0.085,-0.001,0.021,1.894,-2.05,-88.52,11.73,1,5.46,1,0.685,0.97,-12.6,4.357,1,5,0.0832,0.0869,0.0813,0.0887
135.568,1,0.915,-0.25,-0.76,5,79.9,20.46,0.09,0.0154,0.083,-0.005,0.031,1.894,-2.053,-88.46,11.73,1,5.46,1,0.685,0.97,-12.81,3.338,1,5,0.0844,0.0862,0.0697,0.0899
135.601,1,0.916,-0.25,-0.74,5,79.6,20.46,0.09,0.0154,0.081,-0.006,0.031,1.894,-2.055,-88.41,11.73,1,5.46,1,0.682,0.97,-12.81,3.41,1,5,0.0843,0.0843,0.0641,0.0898
135.635,1,0.916,-0.25,-0.62,5,79.6,20.46,0.09,0.0152,0.083,-0.006,0.036,1.894,-2.059,-88.35,11.73,1,5.46,1,0.679,1.45,-12.61,3.474,1,5,0.0866,0.0884,0.0649,0.092
135.667,1,0.918,-0.25,-0.62,5,79.4,20.46,0.09,0.013,0.084,-0.004,0.036,1.894,-2.061,-88.29,11.73,1,5.46,1,0.68,1.45,-12.08,3.095,1,5,0.0855,0.091,0.0691,0.091
135.701,1,0.918,-0.25,-0.61,5,79.4,20.46,0.09,0.0131,0.086,-0.003,-0.005,1.894,-2.062,-88.29,11.73,1,5.46,1,0.68,1.45,-12.08,3.095,1,5,0.0867,0.0904,0.0759,0.0922
135.735,1,0.912,-0.25,-0.74,5,79.5,20.46,0.09,0.0128,0.09,-0.001,-0.024,1.894,-2.066,-88.29,11.73,1,5.46,1,0.676,1.94,-10.56,6.044,1,5,0.0856,0.0911,0.0874,0.0966
135.766,1,0.91,-0.25,-0.85,5,79.5,20.46,0.09,0.0152,0.09,0.0,0.02,1.894,-2.07,-88.24,11.73,1,5.46,1,0.672,1.45,-10.0,4.874,1,5,0.0827,0.0882,0.0919,0.0955
135.803,1,0.911,-0.25,-0.46,5,79.5,20.46,0.09,0.0171,0.088,0.0,0.034,1.894,-2.073,-88.18,11.73,1,5.46,1,0.672,1.45,-10.0,4.874,1,5,0.0814,0.0869,0.0906,0.0962
135.835,1,0.91,-0.25,-0.06,5,79.6,20.46,0.09,0.0102,0.087,0.0,0.029,1.894,-2.075,-88.18,11.73,1,5.46,1,0.673,1.94,-10.78,6.093,1,5,0.0802,0.0893,0.0838,0.0929
135.87,1,0.914,-0.25,-0.06,5,79.4,20.46,0.09,0.0033,0.084,-0.003,0.027,1.894,-2.078,-88.12,11.74,1,5.85,1,0.671,1.94,-11.0,3.851,1,5,0.0821,0.0857,0.0766,0.093
135.9,1,0.917,0.0,-0.3,5,79.2,20.44,0.09,0.0033,0.083,-0.003,0.022,1.894,-2.08,-88.06,11.74,1,5.85,1,0.672,1.94,-11.06,3.659,1,5,0.0821,0.0875,0.0729,0.0912
135.935,1,0.913,0.25,-0.1,5,79.1,20.46,0.09,0.0043,0.081,-0.006,0.029,1.894,-2.083,-88.01,11.74,1,5.85,1,0.676,2.42,-10.93,2.988,1,5,0.0833,0.0833,0.0685,0.0907
135.967,1,0.913,0.25,0.16,5,78.3,20.46,0.09,-0.0018,0.083,-0.002,0.004,1.894,-2.086,-88.01,11.74,1,5.85,1,0.682,2.91,-10.2,3.212,1,5,0.0832,0.0869,0.0739,0.0869
136.004,1,0.911,0.75,-0.37,5,78.4,20.46,0.09,-0.0059,0.089,-0.0,0.032,1.894,-2.09,-87.89,11.74,1,5.85,1,0.682,2.91,-10.2,3.212,1,5,0.0887,0.0887,0.0887,0.0905
136.036,1,0.92,0.25,0.06,5,78.4,20.46,0.09,-0.0027,0.091,0.0,-0.055,1.894,-2.092,-87.95,11.74,1,5.85,1,0.68,2.91,-10.51,1.716,1,5,0.0905,0.0905,0.0924,0.0924
136.067,1,0.924,0.25,0.17,5,79.0,20.46,0.09,-0.0034,0.091,-0.003,-0.004,1.894,-2.096,-87.95,11.74,1,6.2,1,0.679,2.91,-10.58,1.627,1,5,0.0906,0.0869,0.0888,0.0962
136.103,1,0.918,0.25,0.06,5,79.3,20.46,0.09,-0.0052,0.087,-0.002,-0.002,1.894,-2.099,-87.95,11.74,1,6.2,1,0.679,2.91,-10.58,1.627,1,5,0.0851,0.0851,0.0851,0.0943
136.134,1,0.912,0.25,0.06,5,79.8,20.46,0.09,-0.0034,0.086,-0.001,0.006,1.895,-2.101,-87.89,11.74,1,6.2,1,0.677,2.91,-10.54,3.925,1,5,0.0832,0.0869,0.0832,0.0906
136.166,1,0.91,0.25,0.06,5,80.3,20.46,0.09,-0.0034,0.086,-0.001,0.007,1.894,-2.104,-87.89,11.74,1,6.2,1,0.675,2.91,-10.53,3.972,1,5,0.0851,0.0869,0.0832,0.0887
136.202,1,0.904,0.25,0.06,5,81.1,20.46,0.09,-0.0034,0.086,-0.002,0.0,1.894,-2.108,-87.89,11.74,1,6.2,1,0.675,2.91,-10.53,3.972,1,5,0.0869,0.0888,0.0777,0.0888
136.235,1,0.904,0.5,-0.16,5,81.1,20.44,0.09,-0.0034,0.085,-0.005,0.016,1.894,-2.109,-87.89,11.74,1,6.2,1,0.669,2.91,-9.83,5.97,1,5,0.0889,0.0852,0.074,0.0907
136.265,1,0.9,0.25,-0.04,5,81.5,20.46,0.09,-0.0023,0.086,-0.005,-0.036,1.894,-2.113,-87.89,11.74,1,6.2,1,0.669,2.91,-9.91,7.082,1,5,0.0888,0.0851,0.0759,0.0925
136.3,1,0.897,0.25,0.15,5,81.9,20.46,0.09,-0.0013,0.089,-0.005,-0.001,1.894,-2.117,-87.89,11.74,1,6.2,1,0.669,2.91,-9.91,7.082,1,5,0.0888,0.0851,0.0796,0.0962
136.335,1,0.897,0.0,-0.39,5,81.8,20.96,0.09,-0.0047,0.092,-0.002,0.062,1.894,-2.118,-87.89,11.74,1,6.2,1,0.679,2.42,-11.28,5.175,1,5,0.0906,0.0888,0.0906,0.0962
136.367,1,0.893,0.25,-0.63,5,81.2,20.46,0.09,0.0076,0.092,-0.002,0.016,1.894,-2.122,-87.83,11.74,1,6.2,1,0.678,2.42,-10.61,5.366,1,5,0.0887,0.0906,0.0887,0.0998
136.405,1,0.891,0.25,-0.5,5,81.2,20.46,0.09,0.0086,0.09,-0.002,0.009,1.894,-2.126,-87.83,11.74,1,6.2,1,0.678,2.42,-10.61,5.366,1,5,0.0887,0.0906,0.0869,0.0961
136.434,1,0.889,0.25,-0.5,5,82.0,20.46,0.09,0.0063,0.089,-0.002,-0.007,1.895,-2.127,-87.83,11.74,1,6.2,1,0.679,2.42,-11.29,2.957,1,5,0.0868,0.0905,0.0832,0.0961
136.468,1,0.888,0.25,-0.47,5,82.5,20.46,0.09,0.0063,0.091,0.0,0.004,1.895,-2.131,-87.83,11.75,1,6.52,1,0.681,2.42,-11.23,2.934,1,5,0.0905,0.0924,0.0905,0.0924
136.5,1,0.891,0.25,-0.2,5,81.8,20.46,0.09,0.0059,0.091,0.0,0.009,1.895,-2.133,-87.83,11.75,1,6.52,1,0.686,2.42,-11.18,2.836,1,5,0.0905,0.0905,0.0924,0.0924
136.538,1,0.885,0.75,-0.5,5,81.9,20.46,0.09,0.0013,0.092,0.001,0.036,1.895,-2.137,-87.78,11.75,1,6.52,1,0.68,2.42,-9.59,3.582,1,5,0.0905,0.0887,0.0979,0.0924
136.566,1,0.884,0.75,-0.37,5,82.2,20.46,0.09,0.0006,0.092,-0.0,-0.046,1.895,-2.14,-87.83,11.75,1,6.52,1,0.675,2.91,-8.91,4.031,1,5,0.0924,0.0868,0.0961,0.0924
136.601,1,0.882,0.75,-0.37,5,82.3,21.02,0.09,-0.0015,0.093,-0.0,0.023,1.895,-2.142,-87.83,11.75,1,6.52,1,0.675,2.91,-8.91,4.031,1,5,0.0942,0.0887,0.0961,0.0924
136.637,1,0.883,0.75,-0.08,5,82.4,20.57,0.09,-0.001,0.095,-0.0,0.04,1.895,-2.146,-87.72,11.75,1,6.52,1,0.671,2.91,-8.9,4.106,1,5,0.0943,0.0943,0.0943,0.0962
136.668,1,0.882,0.75,-0.09,5,82.5,20.57,0.09,-0.0058,0.097,-0.001,0.011,1.895,-2.15,-87.72,11.75,1,6.83,1,0.672,2.91,-8.8,2.702,1,5,0.0924,0.0961,0.0943,0.1035
136.698,1,0.881,0.75,0.01,5,82.4,20.81,0.09,-0.0056,0.096,-0.001,-0.003,1.895,-2.152,-87.72,11.75,1,6.83,1,0.67,2.91,-8.71,1.511,1,5,0.0905,0.0961,0.0942,0.1035
136.734,1,0.879,0.75,-0.5,5,82.6,20.46,0.09,-0.0072,0.094,-0.002,-0.015,1.896,-2.156,-87.72,11.75,1,6.83,1,0.661,2.42,-8.4,5.598,1,5,0.0924,0.0924,0.0924,0.0998
136.767,1,0.883,0.75,-0.5,5,82.4,20.46,0.09,0.0018,0.09,0.0,-0.022,1.896,-2.159,-87.78,11.75,1,6.83,1,0.647,-0.97,-13.36,-1.171,1,5,0.0924,0.0887,0.0924,0.0869
136.797,1,0.887,0.5,-0.27,5,82.5,20.56,0.09,0.0018,0.089,0.0,-0.007,1.896,-2.161,-87.78,11.75,1,6.83,1,0.668,-1.94,-16.61,-0.409,1,5,0.0925,0.0851,0.0943,0.0851
136.834,1,0.88,0.25,-0.5,5,82.5,20.46,0.09,0.0008,0.086,0.0,-0.087,1.896,-2.164,-87.89,11.75,1,6.83,1,0.68,-1.94,-17.7,0.0,0,5,0.0926,0.0815,0.0907,0.0778
136.866,1,0.875,0.25,-0.63,5,82.4,20.46,0.09,0.0076,0.087,-0.001,0.016,1.896,-2.168,-87.95,11.73,1,5.79,1,0.683,-1.94,-17.76,0.0,0,5,0.0963,0.0815,0.0889,0.0797
136.901,1,0.877,0.25,-0.64,5,82.3,20.46,0.09,0.0096,0.087,-0.002,0.006,1.896,-2.17,-87.95,11.73,1,5.79,1,0.683,-1.94,-18.45,0.0,0,5,0.0963,0.0852,0.0852,0.0815
136.934,1,0.883,0.25,-0.24,5,82.6,21.02,0.09,0.0094,0.088,-0.003,0.016,1.896,-2.173,-87.83,11.73,1,5.79,1,0.681,-1.94,-18.37,0.0,0,5,0.0888,0.0832,0.0869,0.0925
136.967,1,0.889,0.25,-0.23,5,82.5,21.02,0.09,0.0023,0.086,-0.003,0.012,1.896,-2.176,-87.83,11.73,1,5.79,1,0.678,-1.94,-18.48,0.0,0,5,0.0814,0.0851,0.0814,0.0962
137.0,1,0.887,0.5,-0.28,5,82.4,21.02,0.09,0.0021,0.086,-0.003,0.005,1.896,-2.178,-87.83,11.73,1,5.79,1,0.678,-1.94,-18.48,0.0,0,5,0.0814,0.0833,0.0814,0.0962
137.068,1,0.881,0.25,-0.36,5,82.3,20.46,0.09,-0.0001,0.087,0.001,-0.005,1.896,-2.185,-87.89,11.73,1,2.86,1,0.687,2.91,-9.37,3.878,1,5,0.0881,0.0862,0.0899,0.0844
137.098,1,0.875,0.25,-0.44,5,82.5,20.46,0.09,0.0046,0.087,0.001,-0.01,1.896,-2.187,-87.89,11.73,1,2.86,1,0.68,2.91,-7.21,7.689,1,5,0.0881,0.0862,0.0899,0.0844
137.133,1,0.881,0.25,-0.62,5,82.9,20.46,0.09,0.0058,0.086,0.001,-0.014,1.897,-2.19,-87.89,11.73,1,2.86,1,0.671,3.39,-5.99,0.0,0,5,0.0881,0.0881,0.0863,0.0808
137.164,1,0.888,-0.25,-0.35,5,83.2,21.02,0.09,0.0089,0.084,-0.001,-0.034,1.897,-2.194,-88.01,11.73,1,2.86,1,0.671,3.39,-5.99,0.0,0,5,0.0889,0.0852,0.0796,0.0815
137.203,1,0.891,-0.25,-0.45,5,83.6,20.81,0.09,0.0102,0.084,-0.001,-0.013,1.897,-2.195,-88.01,11.73,1,2.86,1,0.671,3.39,-5.99,0.0,0,5,0.0888,0.087,0.0777,0.0814
137.269,1,0.88,0.25,-0.61,5,84.6,20.46,0.09,0.0109,0.092,0.001,0.027,1.897,-2.203,-87.89,11.73,1,2.86,1,0.683,6.3,3.29,0.0,0,5,0.083,0.0922,0.094,0.0996
137.3,1,0.887,0.25,-0.62,5,84.8,20.46,0.09,0.0073,0.091,0.003,0.0,1.897,-2.205,-87.89,11.73,1,2.86,1,0.684,6.79,3.6,0.0,0,5,0.0812,0.0904,0.0978,0.0959
137.366,1,0.892,0.25,-0.63,5,85.1,20.46,0.09,0.0081,0.089,-0.0,-0.001,1.897,-2.212,-87.89,11.73,1,2.86,1,0.681,6.79,5.5,0.0,0,5,0.0899,0.0881,0.0881,0.0881
137.4,1,0.887,0.25,-0.62,5,85.5,20.46,0.09,0.0083,0.089,0.0,0.004,1.897,-2.214,-87.89,11.73,1,2.86,1,0.681,6.79,5.5,0.0,0,5,0.0899,0.0899,0.0899,0.0881
137.466,1,0.893,0.25,-0.62,5,85.9,20.46,0.09,0.0084,0.086,0.001,-0.08,1.898,-2.221,-88.06,11.73,1,2.86,1,0.675,6.79,8.55,0.0,0,5,0.0924,0.0887,0.0869,0.0777
137.5,1,0.891,0.25,-0.73,5,85.9,20.46,0.09,0.0084,0.088,-0.001,0.023,1.898,-2.222,-88.06,11.72,1,3.2,1,0.663,5.82,5.66,0.0,0,5,0.0961,0.0905,0.0831,0.0813
137.563,1,0.892,0.75,-0.41,5,86.3,20.46,0.09,0.0105,0.091,0.003,-0.015,1.898,-2.23,-87.95,11.72,1,3.2,1,0.653,6.3,4.25,0.0,0,5,0.0849,0.096,0.0923,0.0923
137.598,1,0.898,0.75,-0.39,5,86.6,20.46,0.09,-0.0014,0.091,0.003,0.013,1.898,-2.232,-87.89,11.72,1,3.2,1,0.651,6.3,4.51,0.0,0,5,0.0842,0.0952,0.0934,0.0915
137.666,1,0.886,0.75,-0.23,5,86.5,20.46,0.09,-0.0006,0.092,0.0,-0.002,1.899,-2.239,-87.89,11.72,1,3.2,1,0.638,6.3,6.71,0.0,0,5,0.0916,0.0952,0.0898,0.0916
137.701,1,0.887,0.25,0.2,5,86.8,20.46,0.09,-0.0032,0.092,0.001,0.0,1.899,-2.241,-87.89,11.72,1,4.11,1,0.638,6.3,6.71,0.0,0,5,0.0888,0.0943,0.0925,0.0925
137.733,1,0.898,0.25,0.31,5,87.5,20.46,0.09,-0.0043,0.089,0.002,-0.013,1.899,-2.244,-87.95,11.72,1,4.11,1,0.628,6.3,9.93,0.0,0,5,0.0852,0.0889,0.0945,0.0889
137.767,1,0.889,0.25,0.06,5,88.0,20.46,0.09,-0.0067,0.089,0.002,-0.104,1.899,-2.248,-88.06,11.72,1,4.11,1,0.63,6.3,10.9,0.0,0,5,0.089,0.089,0.0945,0.0853
137.8,1,0.884,0.25,0.14,5,87.7,20.46,0.09,-0.0026,0.089,0.0,-0.051,1.899,-2.25,-88.12,11.72,1,4.11,1,0.63,6.3,10.9,0.0,0,5,0.0945,0.0889,0.0908,0.0834
137.866,1,0.891,0.25,0.06,5,87.0,20.46,0.09,-0.0045,0.094,0.001,0.021,1.9,-2.257,-88.06,11.72,1,4.11,1,0.625,2.91,10.08,0.0,0,5,0.093,0.093,0.0966,0.093
137.9,1,0.885,0.25,0.46,5,86.7,20.57,0.09,-0.0031,0.095,0.003,0.005,1.9,-2.259,-88.06,11.7,1,5.48,1,0.625,2.91,10.08,0.0,0,5,0.0892,0.0946,0.1017,0.0964
137.936,1,0.884,0.25,0.2,5,86.5,20.46,0.09,-0.0101,0.096,0.004,-0.018,1.9,-2.263,-88.12,11.7,1,5.48,1,0.624,2.42,10.48,0.0,0,5,0.0905,0.0961,0.1034,0.0942
137.967,1,0.89,0.25,0.06,5,86.1,20.46,0.09,-0.0057,0.093,0.002,-0.003,1.9,-2.266,-88.12,11.7,1,5.48,1,0.665,2.42,28.04,0.0,0,5,0.0923,0.0923,0.0979,0.0905
137.998,1,0.894,0.25,0.06,5,85.6,20.46,0.09,-0.0033,0.091,0.002,-0.015,1.9,-2.268,-88.12,11.7,1,5.48,1,0.681,2.42,30.0,0.0,0,5,0.0907,0.0907,0.0944,0.087
138.034,1,0.894,0.25,0.06,5,85.1,20.46,0.09,-0.0033,0.087,0.001,-0.002,1.9,-2.271,-88.18,11.7,1,5.48,1,0.681,2.42,30.0,0.0,0,5,0.087,0.0851,0.0907,0.0851
138.065,1,0.886,0.25,0.06,5,85.1,20.46,0.09,-0.0033,0.085,0.001,-0.014,1.9,-2.275,-88.12,11.7,1,5.48,1,0.685,1.94,33.83,0.0,0,5,0.088,0.088,0.0844,0.0807
138.1,1,0.883,0.25,-0.07,5,84.4,20.46,0.09,-0.0033,0.085,-0.002,-0.067,1.9,-2.276,-88.24,11.7,1,7.64,1,0.685,1.94,33.83,0.0,0,5,0.0917,0.0881,0.0789,0.0826
138.166,1,0.881,0.25,-0.59,5,83.5,20.46,0.09,-0.001,0.092,-0.001,0.028,1.901,-2.284,-88.24,11.7,1,7.64,1,0.69,-1.94,34.12,0.0,0,5,0.0914,0.0914,0.0914,0.095
138.2,1,0.881,0.25,0.06,5,83.3,20.46,0.09,0.008,0.095,0.001,0.004,1.901,-2.286,-88.18,11.7,1,7.64,1,0.69,-1.94,34.12,0.0,0,5,0.0877,0.0913,0.1005,0.0986
138.234,1,0.884,0.25,0.06,5,83.1,20.46,0.09,-0.0033,0.094,0.004,-0.013,1.901,-2.29,-88.24,11.7,1,7.64,1,0.689,-4.85,36.42,0.0,0,5,0.0882,0.0919,0.1048,0.0919
138.266,1,0.882,0.0,0.39,5,83.5,20.44,0.09,-0.0033,0.094,0.001,0.004,1.901,-2.294,-88.24,11.7,1,7.64,1,0.687,-4.85,38.33,0.0,0,5,0.0923,0.0923,0.0978,0.0923
138.367,1,0.878,0.25,0.17,5,84.3,20.46,0.09,-0.0065,0.085,-0.002,-0.012,1.901,-2.302,-88.24,11.7,1,11.78,1,0.724,-12.12,41.93,0.0,0,5,0.0905,0.0887,0.0776,0.085
138.401,1,0.884,0.25,0.03,5,84.5,20.2,0.09,-0.0057,0.086,-0.004,-0.023,1.901,-2.304,-88.24,11.7,1,11.78,1,0.711,-13.57,40.5,0.0,0,5,0.0961,0.0906,0.0739,0.085
138.465,1,0.881,0.25,-0.1,5,84.4,20.81,0.09,-0.003,0.093,-0.002,0.047,1.901,-2.311,-88.18,11.7,1,11.78,1,0.725,-17.45,40.56,0.0,0,5,0.0907,0.0944,0.087,0.0999
138.565,1,0.886,0.5,0.35,5,84.0,20.57,0.09,-0.0005,0.095,-0.001,0.032,1.901,-2.321,-88.01,11.7,1,16.79,1,0.771,-19.87,39.44,0.0,0,5,0.0885,0.094,0.094,0.1033
138.599,1,0.88,0.5,0.52,5,83.9,20.44,0.09,-0.0115,0.093,-0.002,0.032,1.901,-2.323,-88.01,11.7,1,16.79,1,0.771,-19.87,39.44,0.0,0,5,0.0907,0.0925,0.0888,0.0999
138.665,1,0.881,0.5,0.52,5,84.9,20.44,0.09,-0.0139,0.087,-0.002,-0.031,1.902,-2.33,-87.95,11.7,1,16.79,1,0.736,-18.9,40.97,0.0,0,5,0.0907,0.0944,0.074,0.087
138.698,1,0.882,0.75,0.31,5,85.8,20.46,0.09,-0.0139,0.087,-0.003,0.011,1.901,-2.332,-87.95,11.7,1,21.19,1,0.736,-18.9,40.97,0.0,0,5,0.0926,0.0944,0.0741,0.0889
138.764,1,0.872,0.75,0.99,5,86.1,21.1,0.09,-0.0128,0.097,-0.004,-0.004,1.901,-2.339,-87.83,11.7,1,21.19,1,0.756,-20.36,38.79,0.0,0,5,0.0979,0.0942,0.0924,0.1035
138.798,1,0.878,0.75,1.72,5,86.3,20.56,0.09,-0.0247,0.096,-0.003,0.006,1.902,-2.341,-87.83,11.7,1,21.19,1,0.756,-20.36,38.79,0.0,0,5,0.096,0.0942,0.0923,0.1015
138.833,1,0.867,0.75,2.88,5,86.3,20.56,0.09,-0.0371,0.091,-0.001,0.011,1.902,-2.345,-87.83,11.7,1,21.19,1,0.773,-21.33,35.14,0.0,0,5,0.0892,0.091,0.0874,0.0946
138.862,1,0.866,0.75,3.93,5,85.9,20.57,0.09,-0.0572,0.087,-0.001,-0.003,1.902,-2.348,-87.83,11.7,1,21.19,1,0.765,-20.84,35.89,0.0,0,5,0.0875,0.0875,0.0839,0.0892
138.9,1,0.867,0.75,4.89,5,85.6,20.57,0.09,-0.0756,0.085,-0.001,0.016,1.902,-2.35,-87.78,11.69,1,25.39,1,0.765,-20.84,35.89,0.0,0,5,0.0875,0.0857,0.0822,0.0857
138.934,1,0.848,0.75,5.7,5,85.5,20.57,0.09,-0.0922,0.084,-0.002,-0.047,1.902,-2.353,-87.83,11.69,1,25.39,1,0.785,-20.84,37.12,0.0,0,5,0.0851,0.0814,0.0832,0.0869
138.964,1,0.83,0.5,6.54,5,85.4,21.11,0.09,-0.1063,0.082,-0.005,-0.037,1.902,-2.357,-88.01,11.69,1,25.39,1,0.802,-21.81,35.78,0.0,0,5,0.0906,0.074,0.0814,0.0832
138.998,1,0.82,0.25,7.26,5,85.5,20.57,0.09,-0.1178,0.083,-0.005,-0.056,1.902,-2.358,-88.06,11.69,1,25.39,1,0.802,-21.81,35.78,0.0,0,5,0.0925,0.0722,0.0851,0.0833
139.064,1,0.817,-0.25,9.71,5,85.4,22.22,0.09,-0.1282,0.093,0.002,-0.018,1.902,-2.366,-88.29,11.69,1,25.39,1,0.81,-24.23,30.69,0.0,0,5,0.1018,0.087,0.1036,0.0814
139.099,1,0.803,-0.75,11.45,5,85.1,22.77,0.09,-0.1649,0.093,0.003,-0.07,1.902,-2.368,-88.35,11.69,1,31.32,1,0.81,-24.23,30.69,0.0,0,5,0.098,0.0869,0.1054,0.0832
139.167,1,0.794,-1.5,14.44,5,84.6,22.77,0.09,-0.1909,0.088,-0.002,-0.101,1.902,-2.375,-88.75,11.69,1,31.32,1,0.787,-27.63,22.3,0.0,0,5,0.1011,0.0698,0.1011,0.079
139.197,1,0.793,-2.25,16.33,5,84.5,22.68,0.09,-0.2342,0.089,-0.003,-0.126,1.902,-2.377,-88.87,11.69,1,31.32,1,0.77,-29.57,20.77,0.0,0,5,0.1066,0.0698,0.101,0.0772
139.264,1,0.789,-3.99,18.39,5,84.6,22.77,0.09,-0.2617,0.089,-0.008,-0.167,1.901,-2.384,-89.55,11.69,1,31.32,1,0.749,-34.41,12.27,0.0,0,5,0.1267,0.0551,0.1065,0.0661
139.3,1,0.796,-5.74,20.01,5,84.9,22.68,0.09,-0.2763,0.089,-0.01,-0.187,1.901,-2.386,-89.78,11.69,1,37.71,1,0.749,-34.41,12.27,0.0,0,5,0.1303,0.0477,0.1101,0.0661
139.331,1,0.804,-5.99,20.15,5,85.0,22.22,0.09,-0.2873,0.09,-0.009,-0.216,1.901,-2.389,-90.18,11.69,1,37.71,1,0.732,-37.81,7.75,0.0,0,5,0.1283,0.0422,0.1192,0.0697
139.363,1,0.798,-5.99,19.69,5,84.4,22.22,0.09,-0.2904,0.092,-0.006,-0.201,1.901,-2.393,-90.7,11.69,1,37.71,1,0.72,-39.74,6.91,0.0,0,5,0.1267,0.0441,0.1267,0.0698
139.397,1,0.794,-5.49,19.43,5,83.1,22.22,0.09,-0.2839,0.092,-0.004,-0.228,1.901,-2.395,-90.99,11.69,1,37.71,1,0.72,-39.74,6.91,0.0,0,5,0.1268,0.0478,0.1286,0.0662
139.466,1,0.83,-4.99,18.67,5,81.6,22.19,0.09,-0.2881,0.096,-0.003,-0.182,1.9,-2.403,-92.02,11.69,1,37.71,1,0.736,-45.08,5.21,0.0,0,5,0.1406,0.0555,0.1314,0.0574
139.499,1,0.852,-4.24,18.73,5,80.4,22.19,0.09,-0.2815,0.097,-0.001,-0.214,1.9,-2.405,-92.25,11.68,1,36.5,1,0.736,-45.08,5.21,0.0,0,5,0.1406,0.0592,0.1332,0.0555
139.53,1,0.888,-3.99,20.73,5,81.1,21.96,0.09,-0.2911,0.098,0.001,-0.181,1.9,-2.407,-92.48,11.68,1,36.5,1,0.764,-42.65,6.05,0.0,0,5,0.1369,0.0648,0.1332,0.0555
139.564,1,0.905,-3.74,20.34,5,81.0,21.6,0.09,-0.3282,0.097,0.004,-0.222,1.9,-2.411,-92.88,11.68,1,36.5,1,0.788,-41.68,5.92,0.0,0,5,0.1314,0.0685,0.1333,0.0537
139.599,1,0.912,-3.99,20.08,5,80.9,21.96,0.09,-0.324,0.095,0.005,-0.254,1.9,-2.412,-93.16,11.68,1,36.5,1,0.788,-41.68,5.92,0.0,0,5,0.1277,0.0629,0.137,0.0537
139.633,1,0.915,-4.24,19.65,5,80.6,21.6,0.09,-0.3155,0.093,-0.0,-0.281,1.9,-2.416,-93.79,11.68,1,36.5,1,0.846,-37.81,9.72,0.0,0,5,0.1313,0.0481,0.1369,0.0555
139.663,1,0.906,-4.99,19.19,5,80.7,21.96,0.09,-0.3047,0.091,-0.004,-0.307,1.899,-2.42,-94.54,11.68,1,36.5,1,0.848,-37.81,14.7,0.0,0,5,0.1406,0.0352,0.1388,0.05
139.697,1,0.899,-5.74,18.43,5,79.6,21.6,0.09,-0.2874,0.091,-0.005,-0.32,1.899,-2.421,-94.88,11.68,1,33.53,1,0.848,-37.81,14.7,0.0,0,5,0.1462,0.0352,0.1369,0.0444
139.731,1,0.895,-6.74,17.99,5,79.3,21.6,0.09,-0.2663,0.089,-0.007,-0.233,1.898,-2.425,-95.57,11.68,1,33.53,1,0.843,-38.29,15.24,0.0,0,5,0.1536,0.0278,0.1351,0.0389
139.762,1,0.894,-7.99,17.22,5,79.3,21.67,0.09,-0.2481,0.086,-0.012,-0.291,1.897,-2.428,-96.2,11.68,1,33.53,1,0.847,-38.78,14.49,0.0,0,5,0.1499,0.0204,0.1277,0.0463
139.796,1,0.891,-9.23,16.71,5,79.3,21.6,0.09,-0.2201,0.085,-0.016,-0.273,1.897,-2.43,-96.54,11.68,1,33.53,1,0.847,-38.78,14.49,0.0,0,5,0.148,0.0148,0.1221,0.0537
139.831,1,0.893,-10.23,16.14,5,79.2,21.46,0.09,-0.1997,0.084,-0.021,-0.253,1.895,-2.433,-97.17,11.68,1,33.53,1,0.814,-36.84,20.44,0.0,0,5,0.1452,0.0129,0.1139,0.0643
139.867,1,0.893,-10.73,15.57,5,78.8,21.46,0.09,-0.181,0.086,-0.018,-0.239,1.895,-2.437,-97.75,11.68,1,33.53,1,0.805,-36.35,24.61,0.0,0,5,0.1451,0.022,0.1138,0.0624
139.895,1,0.881,-11.23,15.19,5,78.0,21.67,0.09,-0.1665,0.086,-0.013,-0.258,1.894,-2.438,-98.03,11.66,1,28.22,1,0.813,-34.41,26.21,0.0,0,5,0.1415,0.0294,0.1176,0.057
139.931,1,0.868,-11.48,15.58,5,77.3,21.67,0.09,-0.1571,0.084,-0.006,-0.248,1.894,-2.441,-98.55,11.66,1,28.22,1,0.792,-31.5,30.89,0.0,0,5,0.135,0.0388,0.1184,0.0444
139.965,1,0.857,-11.48,14.79,5,76.7,21.11,0.09,-0.1634,0.082,0.001,-0.151,1.893,-2.445,-98.95,11.66,1,28.22,1,0.8,-30.54,34.38,0.0,0,5,0.1185,0.0444,0.1222,0.0444
139.995,1,0.856,-11.73,15.61,5,76.5,21.67,0.09,-0.1507,0.082,0.001,-0.191,1.893,-2.446,-99.18,11.66,1,28.22,1,0.793,-28.6,38.59,0.0,0,5,0.1147,0.0463,0.1203,0.0481
140.031,1,0.863,-11.98,16.03,5,76.0,21.6,0.09,-0.1635,0.083,0.003,-0.175,1.893,-2.45,-99.58,11.66,1,28.22,1,0.783,-26.66,41.01,0.0,0,5,0.1037,0.0518,0.1204,0.0556
140.063,1,0.853,-11.98,16.15,5,75.7,22.65,0.09,-0.1691,0.086,0.001,-0.165,1.892,-2.453,-99.98,11.66,1,28.22,1,0.753,-26.66,43.78,0.0,0,5,0.1111,0.0556,0.1185,0.0574
140.096,1,0.831,-11.98,16.6,5,75.0,23.26,0.09,-0.1719,0.088,0.001,-0.163,1.892,-2.455,-100.15,11.66,1,27.85,1,0.753,-26.66,43.78,0.0,0,5,0.1148,0.0593,0.1204,0.0593
140.13,1,0.805,-11.48,17.32,5,73.5,23.26,0.09,-0.1805,0.092,0.004,-0.142,1.891,-2.459,-100.5,11.66,1,27.85,1,0.735,-25.69,48.65,0.0,0,5,0.1184,0.0703,0.1221,0.0592
140.164,1,0.813,-10.98,17.94,5,73.2,23.26,0.09,-0.1994,0.094,0.008,-0.141,1.891,-2.463,-100.84,11.66,1,27.85,1,0.723,-25.2,52.16,0.0,0,5,0.1147,0.0814,0.1221,0.0573
140.197,1,0.816,-10.48,18.93,5,73.9,23.26,0.09,-0.2165,0.093,0.01,-0.103,1.891,-2.465,-100.96,11.66,1,27.85,1,0.723,-25.2,52.16,0.0,0,5,0.1092,0.0814,0.124,0.0555
140.228,1,0.803,-10.98,20.87,5,74.3,22.65,0.09,-0.2388,0.091,0.007,-0.141,1.89,-2.468,-101.24,11.66,1,27.85,1,0.732,-26.17,53.64,0.0,0,5,0.111,0.074,0.1221,0.0555
140.264,1,0.84,-11.48,22.6,5,74.5,22.65,0.09,-0.2658,0.089,-0.001,-0.164,1.889,-2.471,-101.59,11.66,1,27.85,1,0.732,-26.17,53.64,0.0,0,5,0.1147,0.0592,0.1166,0.0666
140.298,1,0.847,-12.23,23.84,5,75.0,22.65,0.09,-0.2897,0.091,-0.006,-0.225,1.889,-2.473,-101.87,11.66,1,35.22,1,0.732,-26.17,53.64,0.0,0,5,0.1221,0.0555,0.1147,0.0703
140.328,1,0.814,-12.73,24.23,5,75.5,22.68,0.09,-0.3029,0.091,-0.009,-0.212,1.888,-2.477,-102.39,11.66,1,35.22,1,0.722,-36.84,52.34,0.0,0,5,0.1258,0.0444,0.1203,0.074
140.362,1,0.794,-13.48,24.57,5,75.6,22.78,0.09,-0.3051,0.09,-0.005,-0.283,1.887,-2.48,-102.96,11.66,1,35.22,1,0.766,-39.74,51.13,0.0,0,5,0.1325,0.0442,0.127,0.057
140.398,1,0.767,-14.23,24.95,5,76.0,22.78,0.09,-0.3021,0.088,-0.003,-0.257,1.887,-2.482,-103.3,11.66,1,35.22,1,0.766,-39.74,51.13,0.0,0,5,0.1324,0.0404,0.1305,0.0496
140.428,1,0.769,-15.47,24.91,5,75.6,22.22,0.09,-0.3013,0.089,0.001,-0.253,1.886,-2.486,-103.88,11.66,1,35.22,1,0.8,-48.47,45.46,0.0,0,5,0.1361,0.0423,0.1379,0.0386
140.463,1,0.787,-15.72,24.28,5,75.3,22.78,0.09,-0.2881,0.091,0.002,-0.295,1.885,-2.489,-104.56,11.66,1,35.22,1,0.828,-52.83,42.31,0.0,0,5,0.135,0.0407,0.1442,0.0425
140.496,1,0.844,-15.72,24.93,5,75.3,22.46,0.09,-0.2754,0.091,0.002,-0.282,1.884,-2.491,-104.91,11.66,1,44.24,1,0.828,-52.83,42.31,0.0,0,5,0.135,0.0407,0.1443,0.0425
140.53,1,0.847,-15.97,24.66,5,75.3,22.68,0.0965,-0.2893,0.092,0.0,-0.276,1.884,-2.494,-105.54,11.66,1,44.24,1,0.828,-58.65,40.03,0.0,0,5,0.1405,0.0425,0.1405,0.0425
140.564,1,0.843,-15.47,23.67,5,75.2,22.15,0.1105,-0.2899,0.092,-0.0,-0.258,1.882,-2.498,-106.23,11.66,1,44.24,1,0.823,-60.59,37.95,0.0,0,5,0.1443,0.0481,0.1351,0.0407
140.596,1,0.788,-14.97,22.61,5,75.5,22.15,0.1174,-0.3034,0.093,0.002,-0.235,1.882,-2.5,-106.46,11.66,1,44.24,1,0.823,-60.59,37.95,0.0,0,5,0.1425,0.0518,0.1369,0.0389
140.628,1,0.848,-14.47,22.96,5,75.9,21.67,0.0932,-0.2605,0.094,0.007,-0.213,1.882,-2.504,-106.97,11.66,1,44.24,1,0.841,-61.56,37.96,0.0,0,5,0.1333,0.0611,0.1425,0.0407
140.663,1,0.845,-13.48,22.31,5,76.5,21.67,0.1072,-0.2723,0.099,0.013,-0.273,1.881,-2.508,-107.54,11.66,1,44.24,1,0.841,-61.56,37.96,0.0,0,5,0.1275,0.0702,0.1534,0.0444
140.696,1,0.861,-12.98,21.88,5,76.9,21.96,0.114,-0.2909,0.103,0.013,-0.258,1.88,-2.51,-107.83,11.66,1,43.65,1,0.841,-61.56,37.96,0.0,0,5,0.1293,0.0739,0.1571,0.0499
140.73,1,0.879,-12.98,21.31,5,77.7,21.67,0.1281,-0.3317,0.104,0.008,-0.323,1.879,-2.514,-108.58,11.66,1,43.65,1,0.858,-62.52,39.57,0.0,0,5,0.1405,0.0684,0.1571,0.0518
140.762,1,0.883,-12.73,21.06,5,77.6,21.46,0.1422,-0.3593,0.106,0.005,-0.218,1.878,-2.518,-109.15,11.66,1,43.65,1,0.864,-63.49,40.18,0.0,0,5,0.1499,0.0685,0.1573,0.0481
140.796,1,0.878,-12.73,20.48,5,77.1,21.6,0.149,-0.3753,0.108,0.003,-0.311,1.877,-2.52,-109.49,11.66,1,43.65,1,0.864,-63.49,40.18,0.0,0,5,0.1647,0.0629,0.1592,0.0444
140.863,1,0.882,-13.48,19.26,5,77.0,21.42,0.1565,-0.3795,0.122,-0.002,-0.415,1.873,-2.53,-111.15,11.66,1,43.65,1,0.876,-58.65,36.45,0.0,0,5,0.1813,0.0592,0.1795,0.0666
140.898,1,0.877,-13.73,17.96,5,76.9,21.46,0.1633,-0.3567,0.127,-0.004,-0.447,1.872,-2.532,-111.67,11.66,1,42.56,1,0.876,-58.65,36.45,0.0,0,5,0.1924,0.0574,0.1887,0.0703
140.929,1,0.87,-13.98,17.4,5,76.9,21.02,0.1717,-0.3404,0.141,0.001,-0.397,1.87,-2.538,-112.64,11.66,1,42.56,1,0.885,-55.74,33.31,0.0,0,5,0.209,0.0703,0.2127,0.0703
140.963,1,0.876,-14.23,16.86,5,77.0,21.11,0.1751,-0.3307,0.153,0.005,-0.417,1.868,-2.544,-113.56,11.66,1,42.56,1,0.911,-53.8,30.91,0.0,0,5,0.22,0.0851,0.2311,0.0758
140.995,1,0.855,-14.47,16.42,5,77.8,21.62,0.1783,-0.3202,0.159,0.006,-0.399,1.867,-2.547,-114.02,11.66,1,42.56,1,0.899,-49.92,32.3,0.0,0,5,0.2238,0.0943,0.2349,0.0814
141.029,1,0.821,-13.98,16.28,5,78.3,21.11,0.181,-0.3114,0.169,0.006,-0.333,1.864,-2.554,-114.82,11.66,1,42.56,1,0.901,-47.5,31.32,0.0,0,5,0.2296,0.1148,0.2352,0.0963
141.061,1,0.81,-13.73,17.93,5,79.1,21.1,0.1818,-0.3159,0.172,0.006,-0.296,1.863,-2.557,-115.16,11.66,1,42.56,1,0.911,-41.68,30.64,0.0,0,5,0.2296,0.1222,0.2352,0.1018
141.098,1,0.759,-13.73,21.39,5,79.4,24.45,0.1701,-0.3388,0.179,0.009,-0.339,1.86,-2.564,-115.85,11.66,1,38.71,1,0.911,-41.68,30.64,0.0,0,5,0.2297,0.1334,0.2427,0.1111
141.128,1,0.739,-13.48,25.32,5,78.6,23.2,0.1459,-0.3624,0.183,0.005,-0.301,1.857,-2.57,-116.6,11.66,1,38.71,1,0.869,-34.41,35.07,0.0,0,5,0.2389,0.1315,0.2444,0.1185
141.163,1,0.766,-13.48,30.99,5,77.0,26.11,0.1217,-0.3703,0.184,0.001,-0.316,1.853,-2.577,-117.34,11.66,1,38.71,1,0.869,-34.41,35.07,0.0,0,5,0.2406,0.1267,0.2443,0.1249
141.196,1,0.784,-14.72,37.2,5,75.6,28.16,0.1101,-0.4268,0.185,0.002,-0.339,1.852,-2.581,-117.74,11.66,1,38.71,1,0.869,-34.41,35.07,0.0,0,5,0.2407,0.1286,0.2463,0.125
141.233,1,0.785,-13.73,41.16,5,75.8,28.77,0.09,-0.5139,0.181,0.004,-0.348,1.848,-2.587,-118.6,11.66,1,38.71,1,0.883,-27.63,28.11,0.0,0,5,0.2273,0.1255,0.2455,0.1273
141.262,1,0.781,-13.48,43.03,5,75.1,29.19,0.09,-0.5455,0.175,0.004,-0.292,1.845,-2.593,-119.23,11.66,1,38.71,1,0.893,-27.63,22.02,0.0,0,5,0.2235,0.1228,0.2345,0.1173
141.296,1,0.75,-13.73,43.79,5,73.6,26.86,0.09,-0.5455,0.17,0.005,-0.299,1.844,-2.596,-119.58,11.66,1,45.0,1,0.893,-27.63,22.02,0.0,0,5,0.2196,0.1208,0.2306,0.1098
141.33,1,0.705,-10.98,44.05,5,69.9,28.03,0.09,-0.5455,0.16,0.009,-0.326,1.841,-2.602,-120.32,11.66,1,45.0,1,0.918,-24.72,12.58,0.0,0,5,0.2121,0.1142,0.223,0.0907
141.362,1,0.626,-7.24,43.43,5,66.9,28.34,0.09,-0.5455,0.148,0.007,-0.293,1.838,-2.606,-121.07,11.66,1,45.0,1,0.901,-22.78,10.5,0.0,0,5,0.2066,0.0979,0.2121,0.0743
141.395,1,0.534,-3.74,42.11,4,64.8,27.62,0.09,-0.5455,0.141,0.005,-0.392,1.837,-2.609,-121.47,11.66,1,45.0,1,0.887,-20.84,8.64,0.0,0,5,0.2031,0.0871,0.2049,0.0689
141.43,1,0.488,-1.0,40.32,4,62.9,27.06,0.09,-0.5455,0.129,0.005,-0.447,1.835,-2.613,-122.44,11.66,1,45.0,1,0.873,-19.87,6.53,0.0,0,5,0.1942,0.0684,0.1997,0.0555
141.461,1,0.483,0.75,39.36,4,61.3,26.36,0.09,-0.5455,0.121,0.007,-0.492,1.833,-2.617,-123.59,11.66,1,45.0,1,0.87,-19.87,3.71,0.0,0,5,0.1868,0.0592,0.2016,0.0518
141.496,1,0.483,2.5,38.14,4,59.8,25.9,0.09,-0.5455,0.118,0.01,-0.383,1.831,-2.619,-124.05,11.65,1,45.0,1,0.87,-19.87,3.71,0.0,0,5,0.1796,0.0481,0.2074,0.037
141.527,1,0.484,3.49,37.65,4,58.9,25.9,0.09,-0.5455,0.11,0.012,-0.518,1.83,-2.623,-125.13,11.65,1,45.0,1,0.864,-19.87,-3.98,6.841,1,5,0.1795,0.0389,0.2054,0.0148
141.562,1,0.502,4.24,36.76,4,59.3,25.38,0.09,-0.5455,0.103,0.012,-0.521,1.828,-2.626,-126.34,11.65,1,45.0,1,0.86,-19.87,-6.51,7.795,1,5,0.1813,0.0333,0.1979,0.0
141.597,1,0.548,4.49,35.9,5,57.9,25.31,0.09,-0.5455,0.099,0.012,-0.499,1.827,-2.628,-126.91,11.65,1,45.0,1,0.866,-20.84,-10.2,0.0,0,5,0.1775,0.0277,0.1941,-0.0037
141.629,1,0.627,4.49,35.55,5,60.6,24.96,0.09,-0.5455,0.093,0.005,-0.523,1.825,-2.631,-128.11,11.65,1,45.0,1,0.872,-22.3,-13.27,7.073,1,5,0.1755,0.0111,0.1848,0.0
141.662,1,0.638,4.49,34.84,5,60.5,24.96,0.09,-0.5455,0.089,0.002,-0.506,1.822,-2.634,-129.26,11.65,1,45.0,1,0.872,-22.3,-13.27,7.073,1,5,0.1727,0.0,0.1819,0.0
141.698,1,0.643,3.99,34.54,5,59.3,24.26,0.09,-0.5455,0.088,0.001,-0.493,1.821,-2.635,-129.83,11.65,1,45.0,1,0.872,-22.3,-13.27,7.073,1,5,0.1728,-0.0018,0.1801,0.0
141.731,1,0.635,3.49,33.83,5,58.4,24.26,0.09,-0.5455,0.087,0.003,-0.489,1.819,-2.638,-130.98,11.65,1,45.0,1,0.869,-27.14,-25.05,0.0,0,5,0.1674,0.0,0.1803,0.0
141.763,1,0.637,3.24,33.1,5,60.0,23.73,0.09,-0.5455,0.085,0.003,-0.497,1.817,-2.64,-132.07,11.65,1,45.0,1,0.899,-29.08,-27.72,0.0,0,5,0.1647,0.0,0.1758,0.0
141.796,1,0.638,2.75,32.63,5,61.4,23.46,0.09,-0.5455,0.084,0.001,-0.489,1.816,-2.641,-132.64,11.65,1,45.0,1,0.906,-30.54,-31.37,0.0,0,5,0.1666,0.0,0.1703,0.0
141.828,1,0.646,2.5,32.16,5,62.8,23.73,0.09,-0.5455,0.086,0.0,-0.502,1.813,-2.644,-133.73,11.65,1,45.0,1,0.909,-31.99,-33.82,0.0,0,5,0.1703,0.0,0.1721,0.0
141.861,1,0.643,2.0,31.62,5,62.9,23.2,0.09,-0.5455,0.086,0.002,-0.502,1.811,-2.647,-134.82,11.65,1,45.0,1,0.909,-31.99,-33.82,0.0,0,5,0.1685,0.0,0.174,0.0
141.895,1,0.659,1.25,32.11,5,61.5,22.77,0.09,-0.5455,0.086,0.003,-0.483,1.81,-2.648,-135.39,11.65,1,42.71,1,0.907,-35.87,-38.48,0.0,0,5,0.1666,0.0,0.1777,0.0
141.931,1,0.63,0.5,31.78,5,60.7,22.77,0.09,-0.5455,0.084,0.002,-0.529,1.808,-2.65,-136.59,11.65,1,42.71,1,0.914,-37.81,-41.57,0.0,0,5,0.1647,0.0,0.1721,0.0
141.964,1,0.641,-0.25,30.32,5,60.1,22.77,0.09,-0.5455,0.085,0.0,-0.478,1.806,-2.651,-137.11,11.65,1,42.71,1,0.915,-38.78,-43.45,0.0,0,5,0.1683,0.0,0.1701,0.0
141.995,1,0.634,-0.5,27.81,5,60.4,22.68,0.0969,-0.5204,0.087,-0.0,-0.426,1.803,-2.654,-138.2,11.65,1,42.71,1,0.905,-38.29,-43.05,0.0,0,5,0.1758,0.0,0.174,0.0
142.03,1,0.666,-1.25,27.34,5,62.9,22.19,0.111,-0.4859,0.087,0.001,-0.479,1.801,-2.656,-139.34,11.65,1,42.71,1,0.906,-36.84,-42.19,0.0,0,5,0.1722,0.0,0.1777,0.0
142.065,1,0.295,3.16,27.62,4,63.3,22.46,0.1152,-0.4872,0.087,0.002,-0.521,1.798,-2.658,-140.49,11.65,1,42.71,1,0.906,-34.41,-41.14,0.0,0,5,0.1704,0.0,0.1759,0.0
142.096,1,0.63,-10.48,27.17,5,62.5,22.77,0.1037,-0.522,0.087,0.003,-0.503,1.797,-2.66,-141.06,11.65,1,31.38,1,0.897,-31.5,-37.46,0.0,0,5,0.1644,0.0074,0.1717,0.0037
142.127,1,0.669,-8.98,26.38,5,66.5,22.77,0.1162,-0.3794,0.093,0.003,-0.462,1.794,-2.662,-142.15,11.65,1,31.38,1,0.916,-30.54,-31.74,0.0,0,5,0.1716,0.0148,0.1771,0.0074
142.165,1,0.702,-8.98,25.23,5,67.0,22.19,0.1209,-0.4118,0.101,0.005,-0.457,1.791,-2.665,-143.18,11.65,1,31.38,1,0.916,-30.54,-31.74,0.0,0,5,0.1738,0.0259,0.1867,0.0185
142.195,1,0.722,-9.23,24.37,5,68.1,21.67,0.1279,-0.4176,0.104,0.005,-0.409,1.789,-2.666,-143.64,11.65,1,31.38,1,0.887,-26.66,-28.82,0.0,0,5,0.172,0.0277,0.1904,0.0259
142.228,1,0.734,-8.73,23.33,5,68.2,22.19,0.133,-0.4193,0.109,0.004,-0.393,1.786,-2.669,-144.56,11.65,1,31.38,1,0.844,-22.3,-21.14,0.0,0,5,0.1702,0.0407,0.185,0.0389
142.262,1,0.733,-9.48,22.76,5,68.1,22.22,0.1393,-0.4253,0.108,0.002,-0.388,1.784,-2.67,-145.02,11.65,1,31.38,1,0.888,-21.33,-16.86,0.0,0,5,0.1722,0.0407,0.1796,0.0407
142.295,1,0.732,-10.23,22.42,5,67.5,22.19,0.1428,-0.4158,0.117,-0.001,-0.356,1.779,-2.673,-145.82,11.65,1,19.38,1,0.836,-18.9,-18.63,0.0,0,5,0.1851,0.0481,0.1833,0.05
142.328,1,0.747,-11.23,22.19,5,68.6,21.67,0.1448,-0.4076,0.125,-0.006,-0.386,1.775,-2.676,-146.73,11.65,1,19.38,1,0.865,-16.48,-7.48,0.0,0,5,0.1997,0.0481,0.1905,0.0629
142.362,1,0.751,-12.98,21.85,5,69.5,21.67,0.1462,-0.3968,0.131,-0.007,-0.401,1.772,-2.677,-147.19,11.65,1,19.38,1,0.868,-15.51,-7.58,0.0,0,5,0.2053,0.0536,0.1942,0.0703
142.396,1,0.763,-13.48,20.81,5,70.7,21.67,0.1482,-0.3744,0.136,-0.009,-0.394,1.767,-2.68,-148.11,11.65,1,19.38,1,0.868,-15.51,-7.58,0.0,0,5,0.2109,0.0574,0.198,0.0796
142.427,1,0.797,-13.73,20.01,5,72.6,21.6,0.1546,-0.3654,0.145,-0.009,-0.327,1.762,-2.683,-148.85,11.65,1,19.38,1,0.819,-9.69,6.91,0.0,0,5,0.2205,0.0667,0.2038,0.0871
142.466,1,0.803,-10.73,17.34,5,73.5,21.1,0.1594,-0.3588,0.147,-0.01,-0.306,1.757,-2.685,-149.6,11.65,1,19.38,1,0.819,-9.69,6.91,0.0,0,5,0.2202,0.0703,0.2036,0.0944
142.496,1,0.801,-13.23,17.8,5,74.6,21.1,0.1662,-0.3471,0.15,-0.011,-0.336,1.754,-2.687,-150.0,11.65,1,10.5,1,0.824,-6.79,15.5,0.0,0,5,0.2203,0.0778,0.1999,0.1018
142.527,1,0.791,-14.47,16.91,5,76.0,20.81,0.1727,-0.3411,0.154,-0.015,-0.385,1.748,-2.689,-150.75,11.65,1,10.5,1,0.825,-5.33,17.1,0.0,0,5,0.2201,0.0814,0.196,0.1184
142.562,1,0.82,-14.23,16.22,5,76.5,20.81,0.1781,-0.3137,0.162,-0.009,-0.242,1.742,-2.693,-151.43,11.65,1,10.5,1,0.825,-5.33,17.1,0.0,0,5,0.2182,0.0869,0.2015,0.122
142.594,1,0.834,-13.23,15.19,5,77.2,20.81,0.1822,-0.309,0.166,-0.006,-0.298,1.739,-2.694,-151.72,11.65,1,10.5,1,0.813,-4.36,17.79,0.0,0,5,0.2199,0.1035,0.218,0.1238
142.63,1,0.844,-12.73,14.15,5,76.7,21.1,0.1884,-0.3049,0.173,0.003,-0.288,1.733,-2.698,-152.46,11.65,1,10.5,1,0.811,-3.39,23.44,0.0,0,5,0.2201,0.1247,0.2274,0.121
142.665,1,0.837,-13.98,14.61,5,76.6,20.81,0.1947,-0.2918,0.181,0.002,-0.217,1.726,-2.701,-153.09,11.65,1,10.5,1,0.809,-2.91,21.39,0.0,0,5,0.233,0.134,0.2312,0.1248
142.696,1,0.794,-14.23,14.18,5,76.1,20.81,0.1919,-0.2844,0.181,0.002,-0.217,1.726,-2.701,-153.09,11.65,1,10.5,1,0.769,-0.48,25.47,0.0,0,5,0.233,0.134,0.2312,0.1248
142.728,1,0.797,-14.23,14.71,5,76.6,20.81,0.1824,-0.255,0.191,0.005,-0.401,1.716,-2.707,-154.07,11.65,1,7.89,1,0.772,0.48,29.29,0.0,0,5,0.2353,0.1434,0.2482,0.136
142.764,1,0.789,-14.97,13.75,5,77.0,20.56,0.1584,-0.2277,0.194,0.005,-0.312,1.712,-2.709,-154.47,11.65,1,7.89,1,0.768,-0.48,29.45,0.0,0,5,0.237,0.1477,0.2497,0.1422
142.794,1,0.772,-15.22,12.77,5,77.0,20.81,0.1466,-0.1746,0.199,0.004,-0.289,1.705,-2.712,-155.04,11.65,1,7.89,1,0.772,-1.45,27.36,0.0,0,5,0.2386,0.1541,0.2514,0.1523
142.831,1,0.805,-14.47,12.72,5,76.6,20.81,0.1224,-0.1083,0.202,0.004,-0.263,1.701,-2.714,-155.39,11.65,1,7.89,1,0.772,-1.45,27.36,0.0,0,5,0.2427,0.1582,0.2535,0.1528
142.863,1,0.82,-13.98,12.37,5,76.4,20.56,0.1025,-0.0918,0.199,0.009,-0.246,1.694,-2.718,-156.02,11.65,1,7.89,1,0.773,-4.85,21.51,0.0,0,5,0.2409,0.16,0.2553,0.1492
142.896,1,0.804,-14.47,11.86,5,76.5,20.44,0.1025,-0.0919,0.196,0.01,-0.166,1.69,-2.72,-156.25,11.65,1,10.35,1,0.789,-5.33,20.13,0.0,0,5,0.2301,0.1595,0.2519,0.1413
142.928,1,0.818,-13.48,12.04,5,77.0,21.11,0.1025,-0.0765,0.186,0.009,-0.281,1.684,-2.723,-156.76,11.65,1,10.35,1,0.785,-4.85,20.02,0.0,0,5,0.2153,0.1509,0.2392,0.1398
142.96,1,0.802,-12.98,11.74,5,76.9,20.56,0.1025,-0.0922,0.182,0.008,-0.153,1.681,-2.724,-156.99,11.65,1,10.35,1,0.785,-4.85,20.02,0.0,0,5,0.2079,0.149,0.2318,0.1398
142.994,1,0.785,-12.98,11.28,5,77.4,20.56,0.1025,-0.0919,0.173,0.012,-0.181,1.675,-2.728,-157.39,11.65,1,10.35,1,0.764,-3.88,21.63,0.0,0,5,0.1914,0.1472,0.2227,0.1325
143.027,1,0.844,-10.73,11.21,5,77.1,21.02,0.1025,-0.0825,0.165,0.015,-0.197,1.669,-2.731,-157.79,11.65,1,10.35,1,0.757,-4.85,24.02,0.0,0,5,0.1793,0.1479,0.2126,0.122
143.064,1,0.853,-9.98,10.56,5,77.4,20.81,0.1025,-0.1069,0.156,0.015,-0.114,1.664,-2.733,-158.14,11.65,1,10.35,1,0.757,-4.85,24.02,0.0,0,5,0.1702,0.1406,0.2016,0.1128
143.096,1,0.631,-11.73,10.7,4,77.7,20.79,0.1025,-0.1033,0.152,0.015,-0.118,1.661,-2.735,-158.25,11.65,1,12.42,1,0.769,-6.79,18.92,0.0,0,5,0.1646,0.1369,0.196,0.1091
143.127,1,0.847,-9.98,10.86,5,77.8,20.81,0.1025,-0.0821,0.14,0.012,-0.167,1.656,-2.737,-158.54,11.65,1,12.42,1,0.767,-6.3,20.88,0.0,0,5,0.1536,0.1258,0.1776,0.1036
143.163,1,0.766,-8.24,10.04,5,77.7,21.02,0.1025,-0.1052,0.128,0.006,-0.058,1.652,-2.739,-158.77,11.65,1,12.42,1,0.767,-6.3,20.88,0.0,0,5,0.1369,0.1147,0.1536,0.1055
143.195,1,0.698,-9.23,10.51,4,77.2,20.79,0.0998,-0.1116,0.123,0.005,-0.068,1.65,-2.74,-158.82,11.65,1,12.42,1,0.767,-6.3,20.88,0.0,0,5,0.1314,0.1092,0.1462,0.1055
143.228,1,0.868,-7.74,9.05,5,76.8,20.81,0.1025,-0.1042,0.112,0.004,-0.091,1.646,-2.741,-159.05,11.65,1,12.42,1,0.738,-11.63,15.77,0.0,0,5,0.1202,0.098,0.135,0.0962
143.26,1,0.355,-5.54,9.42,4,77.3,21.07,0.1025,-0.0967,0.108,0.006,-0.073,1.644,-2.742,-159.17,11.65,1,12.42,1,0.743,-11.63,16.02,0.0,0,5,0.1146,0.0943,0.1331,0.0906
143.3,1,0.354,-5.27,9.07,4,76.8,21.07,0.1025,-0.1277,0.102,0.005,-0.097,1.641,-2.744,-159.34,11.65,1,13.16,1,0.745,-11.63,17.6,0.0,0,5,0.1127,0.0905,0.1238,0.0813
143.325,1,0.644,-9.73,9.98,4,75.9,20.79,0.1025,-0.1199,0.097,0.004,-0.099,1.637,-2.745,-159.57,11.65,1,13.16,1,0.748,-11.63,19.06,0.0,0,5,0.1072,0.0887,0.1127,0.0776
143.359,1,0.674,-8.73,9.94,4,75.5,20.56,0.1025,-0.0783,0.092,0.004,-0.059,1.636,-2.746,-159.63,11.65,1,13.16,1,0.746,-11.63,19.44,0.0,0,5,0.1035,0.0832,0.1091,0.0739
143.394,1,0.688,-8.24,9.67,4,76.0,20.56,0.1025,-0.0931,0.086,0.005,-0.061,1.633,-2.747,-159.74,11.65,1,13.16,1,0.746,-11.15,19.88,0.0,0,5,0.0961,0.0795,0.1016,0.0665
143.43,1,0.711,-7.24,8.83,4,76.2,20.53,0.1025,-0.0949,0.082,0.002,-0.081,1.63,-2.748,-159.97,11.65,1,13.16,1,0.748,-11.63,22.36,0.0,0,5,0.0942,0.0684,0.0998,0.0647
143.462,1,0.664,-9.48,9.65,4,76.6,20.3,0.1025,-0.092,0.083,-0.0,-0.062,1.626,-2.749,-160.08,11.65,1,13.16,1,0.751,-12.12,21.44,0.0,0,5,0.0943,0.0703,0.098,0.0684
143.496,1,0.684,-8.73,9.49,4,76.3,20.79,0.1025,-0.0775,0.082,-0.003,-0.125,1.625,-2.75,-160.2,11.64,1,14.51,1,0.755,-13.09,22.62,0.0,0,5,0.0962,0.0685,0.0907,0.074
143.527,1,0.71,-7.49,8.08,4,76.0,20.53,0.1025,-0.0855,0.083,-0.0,-0.065,1.622,-2.751,-160.43,11.64,1,14.51,1,0.759,-15.51,19.27,0.0,0,5,0.0943,0.0758,0.0888,0.0721
143.564,1,0.713,-7.49,8.25,4,75.9,20.79,0.1025,-0.0763,0.081,0.002,-0.094,1.619,-2.752,-160.66,11.64,1,14.51,1,0.763,-16.48,17.35,0.0,0,5,0.0925,0.074,0.0925,0.0666
143.594,1,0.714,-7.24,7.16,4,76.0,20.79,0.1025,-0.0786,0.083,0.002,-0.073,1.617,-2.753,-160.77,11.64,1,14.51,1,0.719,-16.48,16.44,0.0,0,5,0.0943,0.0739,0.0961,0.0665
143.629,1,0.715,-6.74,6.4,4,76.1,20.53,0.1025,-0.0618,0.084,0.002,-0.056,1.614,-2.754,-160.89,11.64,1,14.51,1,0.746,-16.48,17.38,0.0,0,5,0.0925,0.0721,0.0999,0.0703
143.66,1,0.717,-6.74,6.4,4,76.1,20.53,0.1025,-0.0545,0.085,0.003,-0.031,1.612,-2.755,-160.94,11.64,1,14.51,1,0.738,-16.48,17.46,0.0,0,5,0.0907,0.074,0.1018,0.0722
143.697,1,0.718,-6.99,6.71,4,75.8,20.53,0.1025,-0.0533,0.084,0.002,-0.059,1.609,-2.756,-161.06,11.64,1,13.73,1,0.742,-16.48,19.33,0.0,0,5,0.0888,0.074,0.0981,0.0759
143.728,1,0.712,-6.74,6.55,4,75.9,20.79,0.1025,-0.0549,0.083,-0.001,-0.045,1.606,-2.757,-161.17,11.64,1,13.73,1,0.747,-16.96,19.78,0.0,0,5,0.0906,0.0721,0.0924,0.0777
143.761,1,0.703,-7.24,7.17,4,75.6,20.79,0.1025,-0.0552,0.084,-0.002,-0.047,1.604,-2.757,-161.23,11.64,1,13.73,1,0.747,-16.96,19.78,0.0,0,5,0.0942,0.0739,0.0905,0.0776
143.827,1,0.693,-7.24,6.12,4,75.7,20.79,0.1025,-0.0594,0.089,-0.001,-0.014,1.597,-2.759,-161.4,11.64,1,13.73,1,0.747,-16.96,20.29,0.0,0,5,0.1072,0.0814,0.0943,0.074
143.863,1,0.695,-6.74,6.4,4,75.0,20.53,0.1025,-0.0413,0.095,-0.0,-0.113,1.594,-2.761,-161.57,11.64,1,13.73,1,0.747,-16.96,20.29,0.0,0,5,0.1073,0.0851,0.0962,0.0777
143.896,1,0.701,-6.74,5.84,4,75.1,20.5,0.1025,-0.0525,0.097,-0.001,-0.1,1.592,-2.761,-161.69,11.65,1,14.26,1,0.748,-14.54,19.66,0.0,0,5,0.1074,0.0963,0.0963,0.0889
143.926,1,0.691,-6.49,5.54,4,75.2,20.84,0.1025,-0.0423,0.098,-0.001,-0.036,1.588,-2.762,-161.75,11.65,1,14.26,1,0.753,-14.06,19.17,0.0,0,5,0.1036,0.0944,0.0981,0.0944
143.965,1,0.692,-6.99,5.62,4,75.4,20.56,0.1025,-0.0397,0.095,-0.002,-0.03,1.585,-2.763,-161.8,11.65,1,14.26,1,0.753,-14.06,19.17,0.0,0,5,0.098,0.0832,0.1017,0.0961
144.03,1,0.697,-6.99,5.06,4,75.4,20.3,0.1025,-0.0347,0.093,-0.004,-0.061,1.579,-2.765,-162.03,11.65,1,14.26,1,0.744,-12.12,19.2,0.0,0,5,0.1044,0.077,0.1008,0.0898
144.06,1,0.7,-7.49,5.31,4,75.1,20.3,0.1025,-0.0251,0.092,-0.004,-0.056,1.577,-2.765,-162.09,11.65,1,14.26,1,0.734,-11.63,18.71,0.0,0,5,0.1063,0.077,0.099,0.0843
144.094,1,0.698,-7.24,4.79,4,75.4,20.58,0.1025,-0.0233,0.096,-0.002,-0.033,1.574,-2.767,-162.15,11.65,1,14.65,1,0.73,-10.66,17.72,0.0,0,5,0.1118,0.088,0.099,0.0843
144.13,1,0.68,-7.74,6.85,4,75.7,20.58,0.1025,-0.0178,0.097,0.003,-0.041,1.57,-2.768,-162.2,11.65,1,14.65,1,0.718,-9.69,18.62,0.0,0,5,0.1066,0.0974,0.1029,0.0809
144.161,1,0.683,-6.49,6.95,4,76.2,20.56,0.1025,-0.0477,0.1,0.002,-0.061,1.568,-2.769,-162.26,11.65,1,14.65,1,0.713,-8.72,18.61,0.0,0,5,0.1066,0.1029,0.1011,0.0882
144.193,1,0.689,-5.99,7.43,4,76.7,21.12,0.1025,-0.0659,0.098,0.002,0.005,1.564,-2.77,-162.32,11.65,1,14.65,1,0.721,-7.76,18.18,0.0,0,5,0.1021,0.1003,0.1003,0.0912
144.228,1,0.693,-5.74,8.05,4,76.8,21.09,0.1025,-0.0789,0.096,-0.001,-0.008,1.56,-2.771,-162.32,11.65,1,14.65,1,0.721,-7.76,18.18,0.0,0,5,0.0972,0.0936,0.0972,0.0972
144.264,1,0.752,-5.99,11.59,5,76.9,21.11,0.1025,-0.0916,0.093,-0.0,-0.042,1.557,-2.772,-162.43,11.65,1,14.65,1,0.721,-7.76,18.18,0.0,0,5,0.0954,0.0881,0.0973,0.0918
144.327,1,0.783,-6.49,16.26,5,76.1,21.6,0.09,-0.1493,0.096,-0.004,-0.041,1.551,-2.774,-162.66,11.65,1,17.73,1,0.713,-8.24,10.48,7.126,1,5,0.1092,0.0819,0.102,0.0892
144.36,1,0.764,-6.49,17.32,5,76.0,21.6,0.09,-0.2244,0.096,-0.005,-0.057,1.549,-2.774,-162.72,11.65,1,17.73,1,0.713,-8.24,10.48,7.126,1,5,0.1129,0.0783,0.1056,0.0892
144.395,1,0.756,-6.49,18.88,5,76.5,21.67,0.09,-0.2433,0.097,-0.005,-0.079,1.545,-2.775,-162.89,11.65,1,17.73,1,0.678,-10.18,7.85,6.59,1,5,0.1147,0.0765,0.1092,0.0892
144.428,1,0.783,-6.74,19.57,5,76.5,21.67,0.09,-0.2707,0.097,-0.004,-0.075,1.542,-2.776,-163.12,11.65,1,17.73,1,0.707,-13.09,-3.49,5.44,1,5,0.1129,0.0759,0.111,0.0888
144.462,1,0.799,-6.99,20.51,5,76.9,21.6,0.09,-0.2796,0.098,-0.001,-0.068,1.54,-2.777,-163.18,11.65,1,17.73,1,0.703,-14.06,-5.27,2.13,1,5,0.113,0.0815,0.1111,0.0852
144.494,1,0.788,-6.99,20.22,5,76.4,21.6,0.1025,-0.2936,0.098,0.001,-0.14,1.536,-2.778,-163.41,11.65,1,17.73,1,0.64,-19.39,-15.62,2.079,1,5,0.1111,0.087,0.1111,0.0833
144.527,1,0.755,-7.74,19.28,5,75.9,21.67,0.1025,-0.289,0.099,0.001,-0.133,1.532,-2.779,-163.75,11.65,1,28.17,1,0.713,-23.75,-25.28,0.0,0,5,0.1167,0.0833,0.1167,0.0796
144.56,1,0.806,-6.49,19.1,5,75.0,21.6,0.1025,-0.2635,0.1,-0.001,-0.18,1.53,-2.779,-163.98,11.65,1,28.17,1,0.713,-23.75,-25.28,0.0,0,5,0.1203,0.0759,0.1203,0.0815
144.594,1,0.73,-5.99,20.91,5,74.4,21.67,0.1165,-0.2994,0.102,-0.004,-0.178,1.526,-2.781,-164.38,11.65,1,28.17,1,0.738,-27.14,-34.95,0.0,0,5,0.1332,0.0629,0.1332,0.0777
144.626,1,0.745,-5.49,20.22,5,74.1,21.11,0.1313,-0.3822,0.106,-0.004,-0.235,1.522,-2.782,-164.9,11.65,1,28.17,1,0.748,-27.14,-35.76,0.0,0,5,0.1442,0.0628,0.1405,0.0758
144.659,1,0.785,-5.99,18.33,5,74.6,21.11,0.1374,-0.3907,0.107,-0.004,-0.26,1.52,-2.782,-165.18,11.65,1,28.17,1,0.748,-27.14,-35.76,0.0,0,5,0.1478,0.0647,0.1423,0.0739
144.694,1,0.774,-6.74,18.0,5,75.0,21.11,0.1473,-0.3664,0.111,-0.004,-0.26,1.515,-2.783,-165.76,11.65,1,28.17,1,0.722,-28.6,-38.81,0.0,0,5,0.1589,0.0647,0.1497,0.0702
144.728,1,0.785,-7.49,17.79,5,75.6,21.67,0.1422,-0.3374,0.115,-0.006,-0.305,1.51,-2.784,-166.56,11.65,1,23.77,1,0.73,-29.57,-40.06,0.0,0,5,0.1737,0.0555,0.1627,0.0665
144.759,1,0.79,-7.49,16.74,5,76.1,21.6,0.1342,-0.3047,0.119,-0.003,-0.3,1.508,-2.785,-166.9,11.65,1,23.77,1,0.721,-28.6,-39.41,0.0,0,5,0.181,0.0573,0.1755,0.0628
144.795,1,0.784,-7.99,16.41,5,75.7,21.11,0.1224,-0.2562,0.13,-0.002,-0.337,1.502,-2.786,-167.59,11.65,1,23.77,1,0.719,-25.2,-37.4,0.0,0,5,0.194,0.0702,0.1866,0.0702
144.827,1,0.791,-8.98,15.97,5,75.7,21.11,0.1304,-0.2633,0.14,0.0,-0.308,1.497,-2.787,-168.34,11.65,1,23.77,1,0.736,-24.72,-32.83,0.0,0,5,0.1922,0.0924,0.1885,0.0869
144.863,1,0.782,-9.48,15.23,5,75.6,21.1,0.1308,-0.2431,0.143,-0.001,-0.224,1.491,-2.788,-168.85,11.65,1,23.77,1,0.736,-24.72,-32.83,0.0,0,5,0.1923,0.0999,0.1868,0.098
144.926,1,0.765,-8.73,14.24,5,74.3,21.1,0.1262,-0.2159,0.143,0.002,-0.187,1.483,-2.79,-169.48,11.63,1,11.82,1,0.678,-12.12,-19.03,0.0,0,5,0.1698,0.1071,0.1828,0.1108
144.959,1,0.79,-8.49,14.15,5,74.8,20.96,0.1227,-0.1991,0.141,0.002,-0.234,1.48,-2.79,-169.71,11.63,1,11.82,1,0.678,-12.12,-19.03,0.0,0,5,0.1679,0.107,0.179,0.1107
145.027,1,0.766,-9.23,13.26,5,75.2,20.57,0.1184,-0.1916,0.134,-0.001,-0.21,1.469,-2.792,-170.57,11.63,1,11.82,1,0.69,-3.39,4.39,-0.762,1,5,0.1719,0.1017,0.1645,0.098
145.059,1,0.761,-8.98,12.58,5,75.4,20.57,0.1069,-0.1461,0.13,-0.001,-0.16,1.467,-2.793,-170.74,11.63,1,11.82,1,0.691,-3.39,3.59,2.652,1,5,0.1683,0.098,0.1591,0.0943
145.126,1,0.757,-8.49,11.71,5,74.7,20.44,0.09,-0.1383,0.128,0.006,-0.079,1.457,-2.795,-171.54,11.63,1,6.38,1,0.702,0.0,11.87,5.65,1,5,0.1479,0.1091,0.159,0.0961
145.159,1,0.746,-8.24,11.01,5,74.0,20.46,0.0965,-0.1294,0.128,0.009,-0.115,1.455,-2.795,-171.66,11.63,1,6.38,1,0.702,0.0,11.87,5.65,1,5,0.1405,0.1128,0.1609,0.0961
145.226,1,0.76,-8.24,10.63,5,73.4,20.57,0.1003,-0.1191,0.117,0.0,-0.12,1.445,-2.796,-172.23,11.63,1,6.38,1,0.705,0.97,11.93,2.683,1,5,0.1333,0.0944,0.1389,0.1
145.259,1,0.769,-7.99,10.73,5,73.6,20.44,0.1011,-0.1124,0.114,-0.003,-0.11,1.443,-2.797,-172.35,11.63,1,6.38,1,0.705,0.97,11.93,2.683,1,5,0.1352,0.087,0.1352,0.1
145.326,1,0.772,-8.24,10.13,5,75.2,20.44,0.1011,-0.1163,0.105,-0.001,-0.102,1.435,-2.798,-172.98,11.63,1,6.74,1,0.702,0.97,8.32,-0.556,1,5,0.1314,0.0833,0.1258,0.0814
145.36,1,0.772,-8.73,9.86,5,75.7,20.46,0.1011,-0.1026,0.103,-0.001,-0.108,1.433,-2.798,-173.09,11.63,1,6.74,1,0.702,0.97,8.32,-0.556,1,5,0.1312,0.0832,0.1201,0.0776
145.425,1,0.772,-8.98,9.08,5,75.9,20.96,0.1011,-0.0924,0.098,-0.006,-0.082,1.425,-2.798,-173.61,11.63,1,6.74,1,0.715,-1.45,5.59,1.966,1,5,0.1183,0.0721,0.1128,0.0887
145.459,1,0.785,-8.98,9.64,5,75.9,20.56,0.1011,-0.0758,0.1,-0.004,-0.081,1.423,-2.799,-173.66,11.63,1,6.74,1,0.715,-1.45,5.59,1.966,1,5,0.1147,0.0777,0.1147,0.0925
145.492,1,0.783,-8.98,8.95,5,76.0,20.56,0.1011,-0.0862,0.102,0.0,-0.067,1.419,-2.799,-173.89,11.63,1,6.74,1,0.703,-1.45,2.57,0.177,1,5,0.1166,0.0888,0.1166,0.087
145.527,1,0.78,-9.48,8.84,5,75.9,20.57,0.1011,-0.0746,0.102,0.0,-0.107,1.415,-2.799,-174.12,11.63,1,7.67,1,0.703,-1.45,2.57,0.177,1,5,0.1185,0.0889,0.1166,0.0852
145.558,1,0.779,-9.73,8.56,5,75.7,20.46,0.0984,-0.0665,0.1,-0.003,-0.101,1.413,-2.799,-174.24,11.63,1,7.67,1,0.714,-2.42,1.67,1.4,1,5,0.1203,0.0814,0.1129,0.0851
145.626,1,0.777,-10.73,8.94,5,76.0,20.46,0.09,-0.0603,0.093,-0.011,-0.108,1.405,-2.799,-174.58,11.63,1,7.67,1,0.727,-3.88,0.29,0.079,1,5,0.1153,0.0641,0.1007,0.0915
145.658,1,0.783,-11.23,8.88,5,76.3,20.46,0.0903,-0.0548,0.092,-0.011,-0.102,1.403,-2.799,-174.69,11.63,1,7.67,1,0.727,-3.88,0.29,0.079,1,5,0.1153,0.0622,0.1006,0.0915
145.726,1,0.746,-11.98,7.84,5,78.3,20.96,0.0961,-0.0509,0.09,-0.007,-0.094,1.396,-2.799,-175.27,11.63,1,7.7,1,0.721,-5.82,-2.57,1.294,1,5,0.1145,0.0646,0.1016,0.0813
145.757,1,0.742,-12.23,7.35,5,78.5,20.56,0.09,-0.024,0.091,-0.005,-0.083,1.394,-2.799,-175.33,11.63,1,7.7,1,0.726,-6.79,-3.78,1.273,1,5,0.1122,0.0681,0.103,0.0791
145.824,1,0.74,-12.98,6.85,5,79.2,20.57,0.09,-0.0156,0.09,-0.003,-0.079,1.388,-2.8,-175.73,11.63,1,7.7,1,0.734,-7.76,-4.81,1.877,1,5,0.1034,0.0749,0.0998,0.082
145.856,1,0.739,-13.48,6.7,5,79.5,20.56,0.09,0.0019,0.09,-0.004,-0.041,1.386,-2.8,-175.78,11.63,1,7.7,1,0.732,-8.72,-6.18,-0.322,1,5,0.1038,0.0751,0.0966,0.0841
145.925,1,0.681,-13.98,4.96,4,79.7,20.77,0.09,0.0072,0.089,-0.007,-0.058,1.379,-2.8,-176.01,11.64,1,5.2,1,0.731,-9.21,-6.37,-0.091,1,5,0.1071,0.0702,0.0942,0.085
145.957,1,0.697,-14.23,5.02,4,79.5,20.45,0.0969,0.0432,0.088,-0.006,-0.065,1.377,-2.8,-176.07,11.64,1,5.2,1,0.731,-9.21,-6.37,-0.091,1,5,0.1053,0.0684,0.0942,0.0832
146.027,1,0.7,-14.47,4.3,4,79.1,20.5,0.1011,0.0425,0.085,-0.006,-0.084,1.37,-2.8,-176.41,11.64,1,5.2,1,0.7,-6.79,-3.15,-0.696,1,5,0.0998,0.0665,0.0924,0.0813
146.057,1,0.7,-14.23,3.73,4,79.0,20.25,0.1011,0.0577,0.085,-0.004,-0.013,1.368,-2.8,-176.41,11.64,1,5.2,1,0.715,-6.79,-0.15,4.16,1,5,0.0979,0.0683,0.0942,0.0813
146.093,1,0.707,-14.23,4.14,4,78.4,20.51,0.1011,0.0636,0.087,-0.004,-0.029,1.365,-2.8,-176.47,11.64,1,5.2,1,0.709,-6.3,-3.01,1.897,1,5,0.0923,0.072,0.0942,0.0886
146.125,1,0.712,-14.23,4.14,4,78.1,20.51,0.1011,0.0562,0.089,0.0,-0.002,1.361,-2.8,-176.47,11.64,1,2.25,1,0.698,-2.91,3.73,1.868,1,5,0.0886,0.0849,0.0923,0.0886
146.157,1,0.71,-14.23,4.15,4,78.0,20.51,0.1011,0.0561,0.089,-0.0,0.022,1.36,-2.8,-176.47,11.64,1,2.25,1,0.724,-2.91,7.49,5.608,1,5,0.0868,0.0868,0.0905,0.0923
146.226,1,0.713,-13.98,3.8,4,78.3,20.56,0.1011,0.0558,0.094,-0.004,-0.001,1.352,-2.8,-176.47,11.64,1,2.25,1,0.719,-2.91,4.7,2.773,1,5,0.0943,0.0887,0.0906,0.1017
146.257,1,0.774,-13.98,5.39,5,78.1,20.57,0.1011,0.0588,0.096,-0.005,0.013,1.35,-2.801,-176.41,11.64,1,2.25,1,0.719,-2.91,4.7,2.773,1,5,0.098,0.0924,0.0906,0.1035
146.326,1,0.775,-13.48,5.81,5,77.7,20.57,0.09,0.0315,0.095,-0.001,-0.024,1.342,-2.801,-176.53,11.64,1,3.26,1,0.729,-2.42,6.66,3.836,1,5,0.0943,0.0925,0.0962,0.098
146.358,1,0.772,-13.23,5.84,5,77.9,20.57,0.09,0.0179,0.094,-0.002,-0.009,1.34,-2.801,-176.53,11.64,1,3.26,1,0.729,-2.42,6.66,3.836,1,5,0.0925,0.0888,0.0962,0.0999
146.425,1,0.796,-12.73,5.62,5,77.4,20.44,0.09,0.0158,0.092,0.0,0.033,1.333,-2.801,-176.53,11.64,1,3.26,1,0.692,-4.85,3.16,4.99,1,5,0.0904,0.0923,0.0923,0.0941
146.457,1,0.799,-12.48,6.0,5,77.2,20.57,0.0969,0.0136,0.092,0.001,0.036,1.331,-2.802,-176.47,11.64,1,3.26,1,0.692,-4.85,3.16,4.99,1,5,0.0904,0.0941,0.0923,0.0923
146.525,1,0.779,-12.23,5.35,5,77.1,20.56,0.1011,0.0061,0.093,-0.005,-0.011,1.324,-2.802,-176.41,11.65,1,7.63,1,0.737,-5.82,-3.34,-0.433,1,5,0.098,0.0924,0.0832,0.098
146.559,1,0.781,-11.98,5.83,5,77.5,20.96,0.09,0.0145,0.091,-0.005,-0.003,1.322,-2.802,-176.41,11.65,1,7.63,1,0.737,-5.82,-3.34,-0.433,1,5,0.0962,0.0906,0.0814,0.0962
146.625,1,0.793,-11.73,6.0,5,77.5,20.46,0.09,0.0047,0.092,-0.003,0.003,1.314,-2.802,-176.47,11.65,1,7.63,1,0.736,-8.72,-11.92,1.036,1,5,0.0925,0.0851,0.0925,0.0962
146.657,1,0.813,-11.48,6.06,5,76.9,20.57,0.0969,-0.0012,0.093,-0.002,-0.004,1.313,-2.802,-176.47,11.65,1,7.63,1,0.736,-8.72,-11.92,1.036,1,5,0.0925,0.087,0.0944,0.0962
146.691,1,0.823,-11.23,5.89,5,76.2,20.57,0.1011,-0.0044,0.092,0.0,-0.017,1.309,-2.802,-176.53,11.65,1,7.63,1,0.734,-8.72,-11.33,0.576,1,5,0.0881,0.0881,0.0973,0.0954
146.724,1,0.869,-11.23,4.22,5,76.0,20.46,0.1011,-0.0037,0.093,0.003,0.011,1.305,-2.803,-176.47,11.65,1,6.86,1,0.736,-8.24,-11.91,1.578,1,5,0.0881,0.09,0.0973,0.0936
146.756,1,0.827,-10.73,5.72,5,76.3,20.56,0.1011,0.0259,0.094,0.002,0.038,1.303,-2.803,-176.47,11.65,1,6.86,1,0.736,-8.24,-11.91,1.578,1,5,0.0917,0.0954,0.0972,0.0917
146.791,1,0.814,-10.73,6.15,5,76.8,20.56,0.1011,-0.0056,0.097,-0.0,0.004,1.299,-2.803,-176.41,11.65,1,6.86,1,0.733,-7.76,-10.92,0.383,1,5,0.0979,0.0961,0.0961,0.0961
146.825,1,0.821,-10.98,6.07,5,76.3,20.57,0.1011,-0.0123,0.096,-0.004,-0.035,1.295,-2.803,-176.53,11.65,1,6.86,1,0.733,-7.76,-11.06,-1.652,1,5,0.1034,0.0886,0.0941,0.096
146.856,1,0.816,-10.73,5.67,5,76.5,20.46,0.1011,-0.0075,0.096,-0.004,-0.035,1.295,-2.803,-176.53,11.65,1,6.86,1,0.733,-7.76,-11.06,-1.652,1,5,0.1034,0.0886,0.0941,0.096
146.926,1,0.807,-11.23,5.54,5,76.9,20.44,0.1011,-0.003,0.097,-0.005,-0.039,1.286,-2.803,-176.81,11.64,1,4.89,1,0.732,-8.72,-12.23,-0.15,1,5,0.1089,0.0812,0.1034,0.0942
146.956,1,0.8,-11.48,5.65,5,77.2,20.57,0.1011,0.0057,0.098,-0.004,-0.042,1.284,-2.803,-176.87,11.64,1,4.89,1,0.732,-8.72,-12.23,-0.15,1,5,0.1071,0.0831,0.1052,0.096
146.991,1,0.805,-11.48,5.65,5,77.4,20.57,0.1011,0.0062,0.101,-0.003,-0.036,1.28,-2.803,-176.93,11.64,1,4.89,1,0.708,-4.85,-4.4,-4.54,1,5,0.109,0.0905,0.1053,0.0997
147.026,1,0.828,-11.48,5.42,5,76.8,20.57,0.1011,0.0056,0.104,-0.001,0.005,1.275,-2.803,-176.93,11.64,1,4.89,1,0.708,-4.85,-4.4,-4.54,1,5,0.1055,0.1018,0.1036,0.1036
147.057,1,0.827,-11.48,5.67,5,76.5,20.57,0.1011,0.0096,0.105,-0.0,0.006,1.273,-2.804,-176.93,11.64,1,4.89,1,0.708,-4.85,-4.4,-4.54,1,5,0.1073,0.1054,0.1036,0.1036
147.091,1,0.822,-11.23,5.48,5,76.6,20.46,0.1011,0.0048,0.107,-0.0,-0.017,1.269,-2.804,-176.93,11.64,1,4.89,1,0.712,-2.42,-1.21,-1.524,1,5,0.1051,0.107,0.1051,0.1088
147.126,1,0.835,-11.23,5.87,5,76.4,20.56,0.09,0.005,0.105,-0.002,-0.016,1.265,-2.804,-176.93,11.64,1,1.62,1,0.736,0.0,5.83,6.539,1,5,0.1068,0.1013,0.105,0.1087
147.156,1,0.847,-10.98,5.45,5,76.1,20.96,0.09,-0.0017,0.105,-0.002,-0.016,1.265,-2.804,-176.93,11.64,1,1.62,1,0.736,0.0,5.83,6.539,1,5,0.1068,0.1013,0.105,0.1087
147.194,1,0.837,-10.98,5.49,5,76.3,20.96,0.09,0.0029,0.101,-0.003,-0.002,1.259,-2.804,-176.99,11.64,1,1.62,1,0.751,-0.97,5.26,-0.208,1,5,0.1028,0.0954,0.1009,0.1046
147.257,1,0.812,-10.48,5.92,5,76.0,20.57,0.09,0.0026,0.099,-0.004,0.016,1.255,-2.804,-176.93,11.64,1,1.62,1,0.751,-0.97,5.26,-0.193,1,5,0.0992,0.0937,0.0955,0.1066
147.29,1,0.822,-9.98,5.31,5,75.2,20.57,0.09,-0.0107,0.096,-0.007,0.032,1.251,-2.804,-176.93,11.64,1,1.62,1,0.753,0.0,4.84,3.761,1,5,0.0992,0.09,0.0863,0.1066
147.324,1,0.855,-9.98,4.76,5,75.1,20.96,0.09,-0.0053,0.092,-0.004,0.072,1.246,-2.804,-176.76,11.64,1,2.03,1,0.753,0.0,4.84,3.761,1,5,0.0916,0.0952,0.0791,0.1006
147.357,1,0.855,-9.48,4.88,5,74.8,21.02,0.09,0.0048,0.092,-0.004,0.072,1.246,-2.804,-176.76,11.64,1,2.03,1,0.753,0.0,4.84,3.761,1,5,0.0916,0.0952,0.0791,0.1006
147.39,1,0.831,-9.23,5.49,5,74.7,20.56,0.09,-0.0025,0.091,0.0,0.0,1.241,-2.804,-176.59,11.64,1,2.03,1,0.753,0.97,6.05,0.09,1,5,0.0863,0.0971,0.0845,0.0953
147.425,1,0.86,-9.23,3.81,5,73.9,20.46,0.09,-0.0152,0.088,-0.001,-0.004,1.237,-2.804,-176.64,11.64,1,2.03,1,0.753,0.97,6.05,0.09,1,5,0.0868,0.0868,0.0868,0.0924
147.46,1,0.86,-8.98,3.7,5,73.4,20.81,0.09,0.0147,0.088,-0.001,-0.004,1.237,-2.804,-176.64,11.64,1,2.03,1,0.753,0.97,6.05,0.09,1,5,0.0868,0.0868,0.0868,0.0924
147.49,1,0.856,-8.98,3.69,5,73.0,20.81,0.09,0.0144,0.085,-0.0,-0.003,1.232,-2.805,-176.7,11.64,1,2.03,1,0.758,1.45,7.09,0.867,1,5,0.085,0.0813,0.0868,0.085
147.525,1,0.852,-8.98,3.77,5,72.9,20.81,0.09,0.0151,0.084,-0.001,-0.026,1.229,-2.805,-176.7,11.67,1,2.67,1,0.758,1.45,7.09,0.867,1,5,0.085,0.0813,0.0832,0.085
147.557,1,0.849,-8.98,3.63,5,73.0,20.57,0.09,0.0141,0.084,-0.001,-0.026,1.229,-2.805,-176.7,11.67,1,2.67,1,0.758,1.45,7.09,0.867,1,5,0.085,0.0813,0.0832,0.085
147.591,1,0.851,-8.49,3.62,5,72.8,20.56,0.09,0.0169,0.082,-0.007,0.009,1.224,-2.805,-176.7,11.67,1,2.67,1,0.757,1.94,6.12,3.001,1,5,0.0907,0.0796,0.0703,0.0889
147.626,1,0.85,-7.99,3.5,5,72.4,20.96,0.09,0.0114,0.085,-0.006,0.081,1.22,-2.805,-176.53,11.67,1,2.67,1,0.757,1.94,6.12,3.001,1,5,0.0963,0.0889,0.0703,0.0852
147.655,1,0.843,-7.74,5.19,5,72.7,20.57,0.09,0.0076,0.085,-0.006,0.081,1.22,-2.805,-176.53,11.67,1,2.67,1,0.747,2.91,5.94,1.788,1,5,0.0963,0.0889,0.0703,0.0852
147.693,1,0.845,-7.49,5.29,5,72.5,20.96,0.09,-0.0237,0.085,0.001,0.004,1.215,-2.805,-176.41,11.67,1,2.67,1,0.747,2.91,5.94,1.788,1,5,0.0833,0.0925,0.0796,0.0851
147.723,1,0.844,-7.24,5.42,5,72.8,21.02,0.09,-0.0274,0.084,0.0,-0.005,1.214,-2.805,-176.41,11.67,1,5.44,1,0.748,2.91,5.76,1.233,1,5,0.0796,0.0888,0.0796,0.087
147.757,1,0.842,-6.99,5.22,5,72.8,20.96,0.09,-0.0324,0.082,-0.002,0.013,1.212,-2.805,-176.41,11.67,1,5.44,1,0.748,2.91,5.76,1.233,1,5,0.0759,0.0833,0.0778,0.0926
147.788,1,0.842,-6.99,5.22,5,72.6,20.57,0.09,-0.0307,0.081,-0.004,0.016,1.207,-2.805,-176.36,11.67,1,5.44,1,0.736,0.0,1.19,-1.093,1,5,0.0777,0.0777,0.0759,0.0925
147.825,1,0.862,-6.74,5.03,5,72.8,20.56,0.09,-0.0298,0.079,0.0,-0.016,1.204,-2.806,-176.36,11.67,1,5.44,1,0.736,0.0,1.19,-1.093,1,5,0.0758,0.0777,0.0795,0.0814
147.856,1,0.87,-6.74,4.71,5,73.0,20.57,0.09,-0.0294,0.079,0.0,-0.016,1.204,-2.806,-176.36,11.67,1,5.44,1,0.736,0.0,1.19,-1.093,1,5,0.0758,0.0777,0.0795,0.0814
147.894,1,0.867,-6.99,4.87,5,73.0,20.96,0.09,-0.0229,0.081,-0.003,-0.035,1.199,-2.805,-176.53,11.67,1,5.44,1,0.736,0.0,1.19,-1.093,1,5,0.0833,0.0759,0.0815,0.0852
147.923,1,0.873,-6.99,4.38,5,73.2,20.57,0.09,-0.0222,0.084,-0.005,-0.013,1.196,-2.806,-176.59,11.68,1,6.47,1,0.741,0.0,0.0,0.0,1,5,0.0926,0.0778,0.0815,0.0852
147.955,1,0.878,-6.99,4.74,5,72.9,20.96,0.09,-0.0137,0.084,-0.005,-0.013,1.196,-2.806,-176.59,11.68,1,6.47,1,0.741,0.0,0.0,0.0,1,5,0.0926,0.0778,0.0815,0.0852
147.994,1,0.884,-6.99,4.15,5,73.1,20.57,0.09,-0.0199,0.089,0.003,-0.001,1.19,-2.806,-176.53,11.68,1,6.47,1,0.741,0.0,0.0,0.0,1,5,0.094,0.0959,0.0885,0.0774
148.023,1,0.878,-6.49,3.7,5,73.1,20.96,0.09,-0.0096,0.088,0.003,0.012,1.189,-2.806,-176.47,11.68,1,6.47,1,0.74,0.0,0.34,-2.959,1,5,0.094,0.0959,0.0885,0.0774
148.057,1,0.88,-6.49,4.14,5,72.9,20.96,0.09,-0.008,0.088,0.002,-0.008,1.187,-2.806,-176.47,11.68,1,6.47,1,0.74,0.0,0.34,-2.959,1,5,0.0878,0.0933,0.0878,0.0842
148.09,1,0.881,-6.49,4.41,5,73.1,20.81,0.09,-0.015,0.084,-0.004,0.013,1.182,-2.806,-176.53,11.68,1,6.47,1,0.738,0.97,-0.14,0.605,1,5,0.0826,0.0771,0.0826,0.0937
148.123,1,0.872,-5.99,5.05,5,73.2,20.96,0.09,-0.0194,0.084,-0.003,-0.009,1.18,-2.807,-176.53,11.68,1,5.33,1,0.737,0.97,-0.14,0.592,1,5,0.0827,0.0808,0.0808,0.0919
148.154,1,0.879,-5.99,5.15,5,73.1,20.96,0.09,-0.0366,0.083,-0.003,0.004,1.179,-2.807,-176.53,11.68,1,5.33,1,0.737,0.97,-0.14,0.592,1,5,0.0833,0.0796,0.0814,0.0888
148.19,1,0.889,-5.74,4.16,5,73.3,20.56,0.09,-0.0374,0.084,-0.001,-0.004,1.173,-2.807,-176.53,11.68,1,5.33,1,0.737,0.97,-0.14,0.592,1,5,0.087,0.0815,0.0833,0.0833
148.225,1,0.889,-5.74,4.16,5,73.3,20.56,0.09,-0.0226,0.085,-0.002,-0.042,1.172,-2.807,-176.59,11.68,1,5.33,1,0.737,0.97,-0.14,0.592,1,5,0.0889,0.0797,0.0871,0.0852
148.259,1,0.89,-5.99,4.38,5,74.0,20.57,0.09,-0.0222,0.087,-0.003,-0.056,1.17,-2.807,-176.64,11.68,1,5.33,1,0.737,0.97,-0.14,0.592,1,5,0.0945,0.0797,0.0871,0.0852
148.289,1,0.885,-5.49,3.76,5,74.1,20.81,0.09,-0.0227,0.085,-0.005,0.007,1.166,-2.807,-176.7,11.68,1,5.33,1,0.737,1.45,-0.69,1.644,1,5,0.0996,0.0775,0.083,0.0812
148.323,1,0.883,-5.24,3.81,5,74.5,20.56,0.09,-0.0178,0.088,-0.002,-0.018,1.163,-2.807,-176.64,11.68,1,5.57,1,0.738,1.94,-1.16,-2.53,1,5,0.0995,0.0866,0.0866,0.0811
148.356,1,0.883,-5.24,3.87,5,74.6,20.46,0.09,-0.0213,0.091,0.0,-0.051,1.161,-2.807,-176.7,11.68,1,5.57,1,0.738,1.94,-1.16,-2.53,1,5,0.0958,0.0921,0.0903,0.0847
148.388,1,0.881,-5.24,3.39,5,74.8,20.56,0.09,-0.0217,0.091,0.002,-0.046,1.157,-2.807,-176.76,11.68,1,5.57,1,0.733,1.94,-1.31,0.856,1,5,0.0887,0.0887,0.0979,0.0887
148.423,1,0.874,-5.49,3.21,5,74.6,20.57,0.09,-0.0128,0.087,0.002,-0.013,1.154,-2.808,-176.87,11.68,1,5.57,1,0.733,1.94,-1.31,0.856,1,5,0.085,0.0813,0.0961,0.085
148.456,1,0.88,-5.24,3.75,5,74.7,20.46,0.09,-0.0065,0.084,0.0,-0.028,1.152,-2.808,-176.87,11.68,1,5.57,1,0.733,1.94,-1.31,0.856,1,5,0.085,0.0758,0.0924,0.0813
148.489,1,0.877,-5.24,3.0,5,74.9,20.56,0.09,-0.0188,0.084,0.0,-0.017,1.149,-2.808,-176.93,11.68,1,5.57,1,0.747,1.45,-1.79,-2.582,1,5,0.0868,0.0813,0.0886,0.0813
148.523,1,0.876,-5.24,2.65,5,75.1,20.56,0.09,-0.0056,0.085,-0.004,-0.046,1.145,-2.808,-176.99,11.66,1,4.69,1,0.747,1.45,-1.79,-2.582,1,5,0.0923,0.0794,0.0831,0.0849
148.557,1,0.884,-4.99,3.24,5,74.9,20.57,0.09,0.0007,0.087,-0.005,-0.036,1.144,-2.808,-177.04,11.66,1,4.69,1,0.747,1.45,-1.79,-2.582,1,5,0.0958,0.0811,0.0829,0.0866
148.59,1,0.886,-4.74,3.63,5,75.0,20.56,0.09,-0.0125,0.085,-0.004,-0.013,1.14,-2.808,-177.04,11.66,1,4.69,1,0.75,1.45,-1.91,-1.07,1,5,0.0973,0.0807,0.0807,0.0807
148.622,1,0.883,-4.49,3.79,5,74.7,20.56,0.09,-0.0219,0.087,-0.0,0.026,1.137,-2.808,-176.93,11.66,1,4.69,1,0.75,1.94,-1.16,-2.575,1,5,0.0948,0.0893,0.0838,0.0802
148.656,1,0.876,-4.24,3.31,5,74.5,20.56,0.09,-0.0277,0.088,0.003,-0.023,1.135,-2.809,-176.93,11.66,1,4.69,1,0.75,1.94,-1.16,-2.575,1,5,0.0895,0.095,0.0859,0.0804
148.687,1,0.869,-4.24,2.35,5,74.8,20.56,0.09,-0.0215,0.089,0.003,-0.065,1.131,-2.809,-177.04,11.66,1,4.69,1,0.767,2.42,-1.09,0.095,1,5,0.0863,0.0936,0.0899,0.0844
148.726,1,0.874,-4.24,3.57,5,74.9,20.46,0.09,-0.0041,0.086,0.003,-0.026,1.128,-2.809,-177.1,11.66,1,3.9,1,0.767,2.42,-1.09,0.095,1,5,0.085,0.085,0.0924,0.0813
148.756,1,0.869,-3.99,2.49,5,75.1,20.57,0.09,-0.0252,0.083,0.001,-0.028,1.126,-2.809,-177.16,11.66,1,3.9,1,0.767,2.42,-1.09,0.095,1,5,0.085,0.0776,0.0906,0.0795
148.793,1,0.865,-4.24,2.21,5,75.3,20.46,0.09,-0.0089,0.081,0.001,-0.043,1.123,-2.809,-177.22,11.66,1,3.9,1,0.763,2.91,-2.45,-0.884,1,5,0.0813,0.0776,0.0869,0.0776
148.824,1,0.864,-4.24,2.3,5,75.7,20.56,0.09,-0.0005,0.082,-0.0,-0.025,1.12,-2.809,-177.27,11.66,1,3.9,1,0.734,5.82,2.81,-2.781,1,5,0.0835,0.0762,0.0871,0.0816
148.858,1,0.846,-4.49,2.97,5,76.1,20.57,0.09,-0.0021,0.084,-0.001,-0.055,1.118,-2.809,-177.33,11.66,1,3.9,1,0.734,5.82,2.81,-2.781,1,5,0.087,0.0798,0.087,0.0834
148.889,1,0.849,-4.49,1.81,5,76.0,20.57,0.09,-0.0108,0.087,-0.005,-0.01,1.114,-2.809,-177.39,11.66,1,3.9,1,0.774,4.85,3.87,-1.281,1,5,0.0962,0.0798,0.0853,0.0871
148.924,1,0.849,-3.99,1.54,5,75.7,20.96,0.09,0.0092,0.087,-0.004,0.06,1.111,-2.809,-177.33,11.64,1,2.2,1,0.774,4.85,3.87,-1.281,1,5,0.0938,0.0846,0.0828,0.0883
148.954,1,0.858,-3.99,1.69,5,75.0,21.02,0.09,0.0076,0.087,-0.002,0.035,1.109,-2.81,-177.27,11.64,1,2.2,1,0.777,5.33,3.11,-0.703,1,5,0.0902,0.0846,0.0846,0.0883
148.989,1,0.856,-3.99,1.69,5,75.1,21.02,0.09,0.0056,0.089,0.001,-0.002,1.105,-2.81,-177.27,11.64,1,2.2,1,0.777,5.33,3.11,-0.703,1,5,0.0883,0.0902,0.0902,0.0865
149.027,1,0.845,-3.74,1.69,5,75.3,20.56,0.09,0.0058,0.089,0.0,-0.046,1.102,-2.81,-177.33,11.64,1,2.2,1,0.777,5.33,3.11,-0.703,1,5,0.087,0.087,0.0907,0.0907
149.055,1,0.847,-3.49,1.29,5,75.5,20.96,0.09,0.0028,0.088,-0.001,-0.02,1.1,-2.81,-177.39,11.64,1,2.2,1,0.773,5.33,4.2,-1.699,1,5,0.0869,0.0832,0.0906,0.0925
149.092,1,0.871,-3.49,2.42,5,75.2,20.57,0.09,0.0073,0.086,0.0,-0.012,1.097,-2.81,-177.45,11.64,1,2.2,1,0.769,5.33,2.71,-2.909,1,5,0.0844,0.0825,0.0899,0.0862
149.123,1,0.861,-3.49,1.51,5,75.4,20.57,0.09,-0.0118,0.086,0.0,-0.029,1.093,-2.81,-177.5,11.64,1,1.56,1,0.769,6.3,4.23,0.86,1,5,0.0862,0.0807,0.0899,0.0844
149.156,1,0.856,-3.49,1.14,5,75.4,20.57,0.09,0.0042,0.087,0.0,-0.021,1.091,-2.81,-177.5,11.64,1,1.56,1,0.769,6.3,4.23,0.86,1,5,0.0933,0.0878,0.086,0.0805
149.188,1,0.86,-3.24,2.16,5,75.4,20.56,0.09,0.011,0.09,-0.005,-0.006,1.088,-2.81,-177.5,11.64,1,1.56,1,0.739,7.76,3.22,-3.138,1,5,0.101,0.0863,0.0826,0.0882
149.224,1,0.865,-2.99,2.93,5,74.7,20.96,0.09,-0.0095,0.093,-0.003,0.035,1.084,-2.81,-177.5,11.64,1,1.56,1,0.739,7.76,3.22,-3.138,1,5,0.0995,0.0921,0.0866,0.0921
149.257,1,0.866,-2.75,2.94,5,74.7,20.46,0.09,-0.0258,0.093,-0.001,0.071,1.082,-2.811,-177.45,11.64,1,1.56,1,0.739,7.76,3.22,-3.138,1,5,0.0958,0.0921,0.0903,0.0921
149.288,1,0.864,-2.5,3.2,5,74.1,20.56,0.09,-0.0286,0.093,0.003,0.002,1.078,-2.811,-177.33,11.64,1,1.56,1,0.755,9.21,7.89,-0.661,1,5,0.0888,0.0999,0.0925,0.0907
149.321,1,0.869,-2.5,3.38,5,74.3,20.44,0.09,-0.0359,0.091,0.004,-0.05,1.075,-2.811,-177.39,11.64,1,2.47,1,0.76,9.21,8.9,-1.631,1,5,0.0869,0.0999,0.0906,0.0888
149.357,1,0.861,-2.5,3.34,5,73.5,20.56,0.09,-0.0381,0.091,0.003,-0.061,1.073,-2.811,-177.45,11.64,1,2.47,1,0.76,9.21,8.9,-1.631,1,5,0.0851,0.0962,0.0907,0.0907
149.388,1,0.863,-2.5,3.39,5,73.6,20.57,0.09,-0.0368,0.091,0.001,-0.019,1.069,-2.811,-177.5,11.64,1,2.47,1,0.764,9.21,7.88,-0.687,1,5,0.0888,0.087,0.0962,0.0907
149.424,1,0.866,-2.5,3.2,5,73.5,20.56,0.09,-0.0373,0.092,-0.0,-0.046,1.065,-2.812,-177.62,11.64,1,2.47,1,0.768,9.21,7.87,-0.691,1,5,0.0962,0.0833,0.0999,0.0888
149.455,1,0.867,-2.5,2.84,5,74.1,20.56,0.09,-0.0339,0.092,-0.001,-0.067,1.064,-2.812,-177.67,11.64,1,2.47,1,0.778,8.72,8.29,-0.166,1,5,0.0999,0.0832,0.0999,0.0869
149.49,1,0.872,-2.5,2.84,5,74.8,20.56,0.1041,-0.0274,0.092,-0.002,-0.059,1.06,-2.812,-177.79,11.64,1,2.47,1,0.75,6.3,7.31,-2.145,1,5,0.1035,0.0851,0.0943,0.0832
149.557,1,0.884,-2.25,2.53,5,75.1,20.0,0.125,-0.034,0.091,0.004,0.018,1.054,-2.812,-177.79,11.65,1,3.54,1,0.755,5.82,1.89,1.29,1,5,0.0973,0.0936,0.0973,0.0771
149.587,1,0.877,-2.0,2.65,5,75.0,20.44,0.1392,-0.0357,0.096,0.006,-0.041,1.05,-2.813,-177.85,11.65,1,3.54,1,0.752,6.3,1.74,-0.94,1,5,0.0947,0.0983,0.1056,0.0856
149.624,1,0.86,-2.0,2.53,5,74.5,20.2,0.146,-0.0438,0.1,0.005,-0.019,1.048,-2.813,-177.9,11.65,1,3.54,1,0.751,6.3,1.74,-0.929,1,5,0.0983,0.0983,0.1111,0.091
149.655,1,0.858,-2.25,2.78,5,74.8,20.2,0.1601,-0.045,0.108,0.001,-0.038,1.043,-2.813,-177.96,11.65,1,3.54,1,0.754,5.82,1.76,-0.671,1,5,0.11,0.1027,0.1155,0.1045
149.692,1,0.86,-2.5,2.62,5,74.5,20.56,0.1741,-0.0527,0.119,-0.001,-0.047,1.038,-2.813,-178.08,11.65,1,3.54,1,0.751,5.82,0.74,-1.235,1,5,0.1257,0.1109,0.1257,0.1146
149.727,1,0.863,-2.75,2.66,5,75.0,20.2,0.1645,-0.0425,0.136,-0.001,-0.054,1.032,-2.813,-178.25,11.65,1,3.54,1,0.752,5.82,-0.4,-3.648,1,5,0.1443,0.1276,0.1424,0.1313
149.755,1,0.862,-2.5,2.43,5,74.8,20.0,0.1706,-0.0424,0.145,-0.0,-0.026,1.029,-2.813,-178.25,11.65,1,3.54,1,0.756,5.33,0.13,-1.21,1,5,0.1528,0.1362,0.1528,0.1381
149.787,1,0.835,-2.75,1.57,5,75.1,20.46,0.1819,-0.0432,0.162,0.002,-0.052,1.022,-2.814,-178.36,11.65,1,3.54,1,0.753,4.85,-0.7,-3.099,1,5,0.1659,0.1566,0.1714,0.153
149.821,1,0.838,-2.75,1.53,5,75.1,20.46,0.16,-0.0129,0.168,0.002,-0.048,1.016,-2.814,-178.42,11.65,1,3.54,1,0.753,4.85,-0.7,-3.099,1,5,0.1695,0.164,0.1732,0.1548
149.858,1,0.856,-2.75,2.4,5,75.2,20.0,0.167,-0.0135,0.172,0.002,-0.044,1.013,-2.814,-178.48,11.65,1,3.54,1,0.753,4.85,-0.7,-3.099,1,5,0.1756,0.1684,0.1792,0.1631
149.889,1,0.86,-2.75,2.3,5,74.8,20.0,0.1618,-0.0343,0.177,-0.002,-0.022,1.006,-2.814,-178.59,11.65,1,3.54,1,0.769,4.85,-1.84,-5.486,1,5,0.1851,0.1689,0.1797,0.1725
149.921,1,0.825,-2.25,1.0,5,75.5,20.04,0.15,-0.0284,0.18,-0.0,0.007,0.998,-2.814,-178.59,11.67,1,2.52,1,0.763,5.33,-0.16,-4.557,1,5,0.185,0.1725,0.1797,0.1743
149.956,1,0.837,-2.25,0.82,5,75.1,20.46,0.1259,-0.0014,0.181,0.001,0.007,0.995,-2.814,-178.59,11.67,1,2.52,1,0.763,5.33,-0.16,-4.557,1,5,0.1842,0.1787,0.1842,0.175
149.987,1,0.817,-2.75,1.33,5,75.6,20.04,0.1063,0.0049,0.177,0.003,-0.043,0.988,-2.815,-178.71,11.67,1,2.52,1,0.777,4.85,0.11,-3.533,1,5,0.1789,0.1789,0.1825,0.1696
150.026,1,0.846,-2.5,0.96,5,75.5,20.04,0.1063,0.0023,0.172,-0.0,-0.024,0.981,-2.815,-178.82,11.67,1,2.52,1,0.777,4.85,0.11,-3.533,1,5,0.1811,0.1682,0.1755,0.1645
150.056,1,0.852,-2.0,1.0,5,75.7,20.0,0.0946,0.0054,0.168,-0.002,-0.0,0.978,-2.815,-178.82,11.67,1,2.52,1,0.742,5.33,0.21,-7.039,1,5,0.1774,0.1608,0.1701,0.1627
150.088,1,0.857,-2.25,1.43,5,75.0,20.04,0.09,-0.001,0.158,-0.005,0.017,0.972,-2.815,-178.82,11.67,1,2.52,1,0.735,9.21,3.27,-2.36,1,5,0.1645,0.146,0.1608,0.1608
150.126,1,0.84,-2.25,0.97,5,74.7,20.04,0.09,-0.005,0.146,0.0,-0.026,0.966,-2.815,-178.82,11.67,1,-0.56,1,0.735,9.21,3.27,-2.36,1,5,0.1387,0.1387,0.1535,0.1535
150.156,1,0.843,-2.25,0.91,5,74.4,20.04,0.09,0.003,0.141,0.001,-0.0,0.964,-2.815,-178.88,11.67,1,-0.56,1,0.768,9.69,9.16,1.467,1,5,0.1313,0.135,0.1479,0.1479
150.188,1,0.846,-2.0,0.75,5,74.4,19.97,0.09,0.0041,0.132,0.001,-0.013,0.959,-2.815,-178.88,11.67,1,-0.56,1,0.772,9.69,7.32,-3.001,1,5,0.1295,0.1314,0.1351,0.1332
150.221,1,0.851,-2.25,1.73,5,73.7,20.0,0.09,0.0039,0.128,-0.002,-0.026,0.956,-2.815,-178.93,11.67,1,-0.56,1,0.772,9.69,7.32,-3.001,1,5,0.1331,0.1257,0.1257,0.1275
150.256,1,0.85,-2.25,1.84,5,73.5,20.0,0.09,-0.0098,0.119,-0.004,0.032,0.952,-2.815,-178.99,11.67,1,-0.56,1,0.722,8.24,8.44,-6.523,1,5,0.1301,0.1136,0.1173,0.1155
150.286,1,0.846,-2.25,1.99,5,73.8,20.0,0.09,-0.0117,0.11,-0.003,0.018,0.947,-2.815,-178.88,11.67,1,-0.56,1,0.721,10.18,14.23,-1.881,1,5,0.1135,0.1044,0.1099,0.1117
150.324,1,0.848,-2.25,2.03,5,74.4,19.45,0.09,-0.0145,0.102,-0.001,0.063,0.943,-2.815,-178.76,11.67,1,-0.41,1,0.774,12.6,15.54,-2.559,1,5,0.0992,0.1029,0.0992,0.1084
150.356,1,0.847,-1.75,1.91,5,74.4,20.04,0.09,-0.0152,0.1,-0.002,0.02,0.941,-2.815,-178.71,11.67,1,-0.41,1,0.776,12.6,15.9,-3.54,1,5,0.0955,0.1029,0.0937,0.1084
150.388,1,0.843,-1.75,1.34,5,74.4,20.04,0.09,-0.0189,0.093,-0.0,0.009,0.938,-2.815,-178.71,11.67,1,-0.41,1,0.784,12.6,17.0,-1.491,1,5,0.092,0.103,0.0828,0.0957
150.425,1,0.827,-1.75,1.2,5,74.1,20.04,0.09,-0.0085,0.09,-0.0,-0.04,0.934,-2.815,-178.76,11.67,1,-0.41,1,0.784,12.6,17.0,-1.491,1,5,0.0901,0.0956,0.0827,0.0901
150.455,1,0.841,-2.0,1.83,5,73.9,19.97,0.09,-0.0059,0.086,-0.001,-0.068,0.933,-2.815,-178.82,11.67,1,-0.41,1,0.78,12.6,16.49,-1.469,1,5,0.0901,0.0882,0.0827,0.0845
150.488,1,0.843,-2.25,1.92,5,73.7,20.0,0.09,-0.0137,0.086,-0.004,-0.039,0.929,-2.815,-178.93,11.67,1,-0.41,1,0.771,12.12,17.23,0.0,0,5,0.0955,0.0772,0.0863,0.0845
150.524,1,0.837,-2.25,1.27,5,73.5,20.0,0.09,-0.0124,0.085,-0.004,-0.0,0.926,-2.815,-178.93,11.65,1,0.67,1,0.771,12.12,17.23,0.0,0,5,0.0963,0.0778,0.0852,0.0815
150.556,1,0.832,-2.5,1.61,5,73.4,19.97,0.09,-0.0013,0.087,-0.003,0.013,0.924,-2.815,-178.93,11.65,1,0.67,1,0.34,16.23,14.56,2.262,1,4,0.0944,0.0815,0.0852,0.0852
150.589,1,0.819,-2.25,0.86,5,73.7,20.04,0.09,-0.0044,0.087,-0.001,0.015,0.921,-2.815,-178.88,11.65,1,0.67,1,0.694,11.15,14.36,0.162,1,5,0.087,0.0851,0.087,0.0888
150.622,1,0.823,-2.25,1.2,5,74.0,20.0,0.09,0.0052,0.087,-0.001,0.01,0.919,-2.815,-178.88,11.65,1,0.67,1,0.758,8.24,7.5,-4.092,1,5,0.0851,0.0814,0.0906,0.0906
150.655,1,0.844,-2.0,1.1,5,74.0,19.97,0.09,-0.0007,0.085,0.001,-0.003,0.916,-2.815,-178.88,11.65,1,0.67,1,0.757,8.72,7.17,-4.73,1,5,0.0796,0.0814,0.0907,0.087
150.687,1,0.844,-2.0,1.29,5,73.9,19.97,0.09,-0.0019,0.084,0.003,-0.022,0.912,-2.815,-178.88,11.65,1,0.67,1,0.755,8.72,7.2,-4.728,1,5,0.0814,0.0869,0.0869,0.0795
150.722,1,0.837,-2.0,0.93,5,74.0,19.97,0.09,-0.0049,0.085,0.001,-0.027,0.909,-2.815,-178.93,11.65,1,1.74,1,0.755,8.72,7.2,-4.728,1,5,0.0887,0.0887,0.085,0.0795
150.755,1,0.832,-2.25,1.02,5,73.9,20.04,0.09,0.0014,0.086,0.0,-0.074,0.907,-2.815,-179.05,11.65,1,1.74,1,0.742,8.24,7.42,-5.331,1,5,0.0906,0.0887,0.085,0.0813
150.787,1,0.826,-2.25,0.73,5,73.7,20.04,0.09,0.0028,0.086,-0.002,-0.044,0.903,-2.815,-179.16,11.65,1,1.74,1,0.756,9.21,7.58,-2.644,1,5,0.095,0.0823,0.0859,0.0823
150.823,1,0.828,-2.25,0.67,5,73.8,20.04,0.09,0.0077,0.085,-0.001,-0.016,0.9,-2.815,-179.22,11.65,1,1.74,1,0.756,9.21,7.58,-2.644,1,5,0.095,0.0824,0.086,0.077
150.855,1,0.824,-2.5,0.88,5,74.3,19.97,0.09,0.0088,0.087,-0.0,-0.013,0.898,-2.815,-179.22,11.65,1,1.74,1,0.718,3.88,6.95,-6.115,1,5,0.0967,0.086,0.0878,0.077
150.889,1,0.817,-2.25,0.55,5,74.1,20.04,0.09,0.008,0.089,0.002,-0.012,0.894,-2.816,-179.28,11.65,1,1.74,1,0.337,10.82,4.2,-5.715,1,4,0.0905,0.0869,0.0941,0.0833
150.921,1,0.83,-2.25,1.36,5,73.8,19.27,0.09,0.0105,0.091,0.002,-0.021,0.892,-2.816,-179.28,11.67,1,0.95,1,0.332,10.82,4.19,-5.708,1,4,0.0883,0.0865,0.0991,0.0883
150.956,1,0.831,-2.0,1.17,5,73.8,19.45,0.09,-0.0037,0.09,0.003,-0.008,0.889,-2.816,-179.34,11.67,1,0.95,1,0.334,10.82,4.21,-5.701,1,4,0.0864,0.0864,0.0992,0.0882
150.993,1,0.828,-2.25,0.92,5,74.0,20.04,0.09,-0.0033,0.088,0.005,-0.015,0.885,-2.816,-179.34,11.67,1,0.95,1,0.333,10.82,4.21,-5.687,1,4,0.0846,0.0919,0.0938,0.0809
151.021,1,0.841,-2.5,1.46,5,74.3,19.97,0.09,0.0045,0.088,0.006,-0.043,0.884,-2.816,-179.34,11.67,1,0.95,1,0.333,10.82,4.24,-5.684,1,4,0.0868,0.0961,0.0905,0.0776
151.055,1,0.845,-2.5,1.3,5,74.4,19.97,0.09,-0.002,0.089,0.003,-0.035,0.88,-2.816,-179.39,11.67,1,0.95,1,0.752,7.27,6.44,-4.214,1,5,0.0906,0.0943,0.0887,0.0813
151.087,1,0.84,-2.75,1.59,5,74.4,19.85,0.09,0.0004,0.09,-0.003,-0.068,0.876,-2.816,-179.62,11.67,1,0.95,1,0.763,8.72,5.66,-1.862,1,5,0.0998,0.0869,0.0869,0.085
151.123,1,0.828,-2.99,1.47,5,74.5,20.0,0.09,-0.0019,0.085,-0.004,0.002,0.873,-2.816,-179.68,11.67,1,0.73,1,0.763,8.72,5.66,-1.862,1,5,0.0963,0.0796,0.0833,0.0815
151.155,1,0.822,-3.24,1.59,5,74.7,20.04,0.09,0.003,0.084,-0.001,0.01,0.871,-2.816,-179.68,11.67,1,0.73,1,0.762,8.24,3.45,-2.994,1,5,0.0925,0.0814,0.0851,0.0777
151.189,1,0.796,-3.24,1.25,5,74.9,20.04,0.09,0.0033,0.085,0.002,-0.005,0.868,-2.816,-179.68,11.67,1,0.73,1,0.705,2.91,3.91,-7.179,1,5,0.0851,0.0833,0.0907,0.0814
151.22,1,0.795,-2.75,0.69,5,74.9,20.04,0.09,0.0088,0.086,0.001,-0.015,0.866,-2.816,-179.68,11.67,1,0.73,1,0.705,2.91,3.91,-7.179,1,5,0.0814,0.0814,0.0925,0.0869
151.287,1,0.805,-2.0,0.04,5,75.3,20.0,0.09,0.0121,0.085,0.003,-0.018,0.859,-2.817,-179.62,11.67,1,0.73,1,0.332,10.22,2.25,-3.481,1,4,0.0815,0.0871,0.0889,0.0834
151.321,1,0.817,-2.0,0.19,5,75.5,20.0,0.09,0.0142,0.086,0.005,-0.001,0.858,-2.817,-179.62,11.67,1,-0.55,1,0.332,10.22,2.25,-3.481,1,4,0.0834,0.0926,0.0889,0.0778
151.356,1,0.822,-2.0,0.19,5,75.3,20.0,0.09,0.0127,0.087,0.004,-0.028,0.854,-2.817,-179.68,11.67,1,-0.55,1,0.331,10.22,3.7,-5.666,1,4,0.0888,0.0925,0.0888,0.0777
151.386,1,0.839,-2.5,1.28,5,74.9,19.97,0.09,0.0135,0.087,-0.001,-0.108,0.85,-2.816,-179.85,11.67,1,-0.55,1,0.33,10.82,2.31,-6.078,1,4,0.0944,0.0853,0.0853,0.0817
151.424,1,0.844,-2.75,0.96,5,75.8,20.0,0.09,0.0007,0.089,-0.005,0.026,0.847,-2.816,-179.91,11.67,1,-0.55,1,0.33,10.82,2.31,-6.078,1,4,0.0998,0.0817,0.0853,0.0889
151.455,1,0.847,-2.75,0.97,5,75.1,20.44,0.09,0.0092,0.089,-0.005,0.032,0.845,-2.816,-179.91,11.67,1,-0.55,1,0.759,11.63,10.42,0.578,1,5,0.0998,0.0835,0.0853,0.0889
151.485,1,0.837,-2.75,0.25,5,75.0,20.46,0.09,0.0086,0.089,-0.001,0.002,0.842,-2.816,-179.85,11.67,1,-0.55,1,0.759,11.63,10.42,0.578,1,5,0.0924,0.085,0.0905,0.0887
151.521,1,0.834,-2.75,0.33,5,75.2,20.56,0.09,0.0211,0.088,-0.001,-0.006,0.84,-2.816,-179.85,11.67,1,-0.02,1,0.758,11.15,10.51,-2.15,1,5,0.0882,0.0846,0.0882,0.0901
151.587,1,0.834,-2.25,0.23,5,74.9,20.46,0.09,0.0193,0.086,0.002,0.033,0.833,-2.817,-179.79,11.67,1,-0.02,1,0.75,11.63,9.94,-5.586,1,5,0.0754,0.0883,0.0865,0.092
151.623,1,0.829,-2.25,0.34,5,74.8,20.56,0.09,0.015,0.087,0.003,0.014,0.831,-2.817,-179.79,11.67,1,-0.02,1,0.75,11.63,9.94,-5.586,1,5,0.0773,0.092,0.0883,0.0902
151.656,1,0.829,-2.0,0.47,5,75.6,20.56,0.09,0.0134,0.088,0.004,0.04,0.829,-2.817,-179.74,11.67,1,-0.02,1,0.757,12.12,8.75,-5.204,1,5,0.0809,0.0957,0.0883,0.0883
151.687,1,0.841,-2.0,0.96,5,76.2,20.56,0.09,0.0084,0.089,0.001,-0.01,0.826,-2.817,-179.68,11.67,1,-0.02,1,0.757,12.6,9.26,-4.042,1,5,0.09,0.0955,0.0845,0.0863
151.724,1,0.826,-2.25,0.15,5,76.2,20.56,0.09,0.0002,0.089,-0.002,-0.022,0.822,-2.816,-179.79,11.67,1,-0.6,1,0.757,12.6,9.26,-4.042,1,5,0.0937,0.0974,0.0808,0.0845
151.785,1,0.834,-1.75,0.21,5,75.8,20.56,0.09,0.0178,0.091,-0.002,0.092,0.816,-2.816,-179.68,11.67,1,-0.6,1,0.33,15.02,8.45,-5.467,1,4,0.0906,0.0924,0.0869,0.0961
151.821,1,0.835,-1.75,0.78,5,76.0,20.46,0.09,0.0104,0.092,0.0,0.017,0.814,-2.817,-179.56,11.67,1,-0.6,1,0.33,15.02,8.45,-5.467,1,4,0.0869,0.0906,0.0924,0.0998
151.854,1,0.842,-1.25,0.35,5,76.1,20.56,0.09,0.001,0.091,-0.0,0.02,0.812,-2.816,-179.56,11.67,1,-0.6,1,0.335,16.23,11.18,-1.778,1,4,0.0806,0.0913,0.0895,0.1021
151.885,1,0.838,-1.25,0.68,5,76.3,20.56,0.09,0.0031,0.089,-0.0,0.08,0.808,-2.816,-179.39,11.67,1,-0.6,1,0.771,13.57,11.55,-1.752,1,5,0.0787,0.0931,0.0841,0.1002
151.918,1,0.832,-1.25,0.92,5,76.6,20.57,0.09,-0.0023,0.089,-0.002,0.047,0.806,-2.816,-179.34,11.69,1,-0.8,1,0.767,13.57,12.46,-2.515,1,5,0.0806,0.0931,0.0806,0.1003
151.99,1,0.831,-1.0,0.97,5,76.3,20.57,0.09,-0.0055,0.087,-0.003,0.011,0.798,-2.816,-179.16,11.69,1,-0.8,1,0.792,14.06,13.05,-2.492,1,5,0.0869,0.0924,0.0758,0.0924
152.018,1,0.833,-1.0,0.77,5,76.0,20.57,0.09,-0.0094,0.087,-0.003,0.011,0.798,-2.816,-179.16,11.69,1,-0.8,1,0.791,14.06,14.23,-0.215,1,5,0.0869,0.0924,0.0758,0.0924
152.087,1,0.814,-1.0,0.65,5,76.5,20.57,0.09,-0.0051,0.088,-0.008,0.015,0.791,-2.816,-179.16,11.69,1,-0.8,1,0.735,9.21,15.12,-3.912,1,5,0.0944,0.087,0.074,0.0981
152.117,1,0.804,-1.0,0.65,5,77.1,20.57,0.09,-0.0027,0.088,-0.007,0.022,0.789,-2.816,-179.16,11.69,1,0.95,1,0.735,9.21,15.12,-3.912,1,5,0.0925,0.0851,0.0759,0.0981
152.185,1,0.834,-0.75,1.72,5,77.1,20.46,0.09,-0.0025,0.089,-0.003,0.055,0.782,-2.816,-178.88,11.69,1,0.95,1,0.775,15.51,12.98,-0.894,1,5,0.085,0.0924,0.0795,0.0998
152.22,1,0.837,-1.0,2.08,5,76.8,20.96,0.09,-0.0244,0.091,-0.003,0.0,0.78,-2.815,-178.88,11.69,1,0.95,1,0.775,15.51,12.98,-0.894,1,5,0.085,0.0961,0.0795,0.1017
152.287,1,0.841,-0.5,2.23,5,76.8,20.56,0.09,-0.0271,0.091,-0.006,0.005,0.771,-2.815,-178.76,11.69,1,0.95,1,0.759,10.66,8.53,1.659,1,5,0.0905,0.0868,0.0813,0.1034
152.321,1,0.842,-0.5,2.13,5,77.0,20.56,0.09,-0.0361,0.091,-0.006,0.005,0.771,-2.815,-178.76,11.69,1,4.01,1,0.759,10.66,8.53,1.659,1,5,0.0905,0.0868,0.0813,0.1034
152.384,1,0.836,-0.25,2.1,5,77.0,20.57,0.09,-0.0334,0.09,-0.005,0.021,0.763,-2.815,-178.65,11.69,1,4.01,1,0.755,7.76,-0.26,-0.141,1,5,0.0898,0.0879,0.0806,0.1008
152.418,1,0.807,-0.25,1.41,5,76.7,20.57,0.09,-0.0358,0.089,-0.006,0.007,0.762,-2.815,-178.65,11.69,1,4.01,1,0.75,7.76,-0.49,-2.045,1,5,0.0916,0.0861,0.0788,0.0989
152.454,1,0.821,-0.25,1.71,5,76.8,20.56,0.09,-0.0232,0.089,-0.009,0.004,0.758,-2.814,-178.65,11.69,1,4.01,1,0.738,6.79,0.43,-5.03,1,5,0.0979,0.0832,0.0758,0.0979
152.487,1,0.815,-0.25,1.37,5,76.7,20.56,0.09,-0.0282,0.092,-0.005,0.024,0.752,-2.814,-178.48,11.69,1,4.01,1,0.73,6.3,0.61,-5.68,1,5,0.0979,0.0887,0.085,0.0961
152.52,1,0.812,-0.5,1.51,5,76.4,20.96,0.09,-0.0222,0.092,-0.005,0.024,0.752,-2.814,-178.48,11.7,1,4.13,1,0.735,7.27,0.47,-5.489,1,5,0.0979,0.0887,0.085,0.0961
152.555,1,0.82,-0.5,1.37,5,76.2,20.96,0.09,-0.0213,0.092,-0.003,-0.027,0.749,-2.814,-178.53,11.7,1,4.13,1,0.733,6.79,0.8,-6.286,1,5,0.0941,0.0904,0.0867,0.0959
152.585,1,0.846,-0.75,2.38,5,76.8,20.56,0.09,-0.019,0.092,-0.006,-0.014,0.743,-2.814,-178.53,11.7,1,4.13,1,0.74,7.27,0.77,-3.821,1,5,0.096,0.0886,0.0886,0.096
152.622,1,0.848,-0.5,2.23,5,76.9,20.56,0.09,-0.0336,0.094,-0.006,-0.002,0.741,-2.814,-178.59,11.7,1,4.13,1,0.74,7.27,0.77,-3.821,1,5,0.0958,0.0848,0.0885,0.0995
152.656,1,0.817,-0.5,1.38,5,76.7,21.1,0.09,-0.0346,0.095,-0.006,0.015,0.739,-2.814,-178.53,11.7,1,4.13,1,0.745,8.24,2.95,0.106,1,5,0.0998,0.0868,0.0924,0.1016
152.686,1,0.855,-0.25,2.13,5,76.1,20.46,0.09,-0.0196,0.092,-0.006,-0.02,0.734,-2.814,-178.59,11.7,1,4.13,1,0.332,10.22,1.38,1.716,1,4,0.1031,0.0865,0.0865,0.0994
152.726,1,0.861,-0.5,2.15,5,76.1,20.56,0.09,-0.0358,0.089,-0.007,-0.003,0.732,-2.813,-178.59,11.7,1,2.55,1,0.332,10.22,1.38,1.716,1,4,0.0987,0.0804,0.0841,0.0932
152.785,1,0.811,-0.25,0.91,5,76.2,20.56,0.09,-0.0328,0.089,-0.004,-0.003,0.726,-2.814,-178.65,11.7,1,2.55,1,0.772,7.27,2.62,-3.311,1,5,0.0986,0.0858,0.0858,0.0876
152.82,1,0.806,0.0,1.39,5,76.1,20.57,0.09,-0.0144,0.09,-0.0,0.051,0.725,-2.814,-178.59,11.7,1,2.55,1,0.772,7.27,2.62,-3.311,1,5,0.0967,0.0894,0.0894,0.0839
152.853,1,0.811,-0.25,0.95,5,76.0,21.1,0.09,-0.0255,0.091,0.002,-0.05,0.722,-2.814,-178.65,11.7,1,2.55,1,0.779,9.21,2.14,-2.827,1,5,0.0927,0.0945,0.0927,0.0856
152.885,1,0.812,-0.5,1.2,5,76.1,20.57,0.09,-0.0144,0.093,-0.002,-0.011,0.716,-2.814,-178.71,11.7,1,2.55,1,0.772,7.76,1.69,-6.093,1,5,0.0967,0.086,0.0949,0.0931
152.919,1,0.809,-0.5,1.38,5,76.1,20.96,0.09,-0.0157,0.093,-0.002,-0.011,0.716,-2.814,-178.71,11.71,1,1.05,1,0.772,7.76,1.69,-6.093,1,5,0.0967,0.086,0.0949,0.0931
152.987,1,0.796,-0.25,1.18,5,76.7,20.56,0.09,-0.0192,0.099,-0.007,-0.009,0.706,-2.813,-178.76,11.71,1,1.05,1,0.359,13.82,11.29,0.0,0,4,0.1014,0.0922,0.0922,0.1106
153.022,1,0.823,-0.25,1.5,5,76.2,20.56,0.09,-0.0188,0.098,-0.008,-0.019,0.704,-2.813,-178.76,11.71,1,1.05,1,0.359,13.82,11.29,0.0,0,4,0.1014,0.0922,0.0922,0.1106
153.086,1,0.834,-0.5,1.62,5,75.7,20.96,0.09,-0.0242,0.096,-0.004,0.031,0.698,-2.813,-178.76,11.71,1,1.05,1,0.761,6.79,12.21,0.0,0,5,0.1043,0.0952,0.0878,0.0952
153.117,1,0.825,-0.75,1.22,5,75.9,20.57,0.09,-0.0232,0.093,-0.0,-0.0,0.696,-2.813,-178.76,11.71,1,0.56,1,0.761,6.79,12.21,0.0,0,5,0.1001,0.0946,0.091,0.0873
153.185,1,0.833,-1.0,1.2,5,75.6,20.96,0.09,-0.0137,0.092,-0.006,-0.021,0.687,-2.813,-178.93,11.71,1,0.56,1,0.82,9.69,11.29,-5.513,1,5,0.0989,0.0805,0.0915,0.0989
153.218,1,0.841,-0.75,0.98,5,75.3,20.56,0.09,-0.0105,0.092,-0.006,-0.021,0.687,-2.813,-178.93,11.71,1,0.56,1,0.82,9.69,11.29,-5.513,1,5,0.0989,0.0805,0.0915,0.0989
153.254,1,0.831,-0.75,0.67,5,75.2,20.56,0.09,-0.0103,0.094,-0.004,-0.024,0.683,-2.813,-178.93,11.71,1,0.56,1,0.847,9.21,10.95,-4.529,1,5,0.0942,0.0868,0.0942,0.1016
153.286,1,0.829,-1.0,0.03,5,74.5,20.57,0.09,-0.0049,0.095,-0.003,-0.025,0.679,-2.813,-178.99,11.71,1,0.56,1,0.841,9.21,11.34,-5.454,1,5,0.0961,0.0887,0.0943,0.0998
153.321,1,0.835,-1.25,-0.01,5,74.1,20.56,0.09,0.0094,0.093,-0.003,-0.019,0.678,-2.813,-179.05,11.71,1,0.56,1,0.841,9.21,11.34,-5.454,1,5,0.098,0.0851,0.0943,0.0943
153.385,1,0.833,-0.75,0.15,5,72.6,20.44,0.09,0.0123,0.087,-0.001,0.008,0.671,-2.813,-179.05,11.71,1,0.56,1,0.846,10.18,9.79,-3.117,1,5,0.0959,0.0811,0.0904,0.0793
153.42,1,0.815,-0.5,0.14,5,71.9,20.56,0.09,0.0031,0.089,0.0,0.006,0.669,-2.813,-179.05,11.71,1,0.56,1,0.846,10.18,9.79,-3.117,1,5,0.0959,0.0867,0.0922,0.0811
153.487,1,0.809,-0.25,-0.28,5,71.8,20.46,0.09,0.0012,0.095,-0.001,0.008,0.661,-2.813,-179.05,11.71,1,0.56,1,0.815,11.15,9.81,-3.491,1,5,0.0903,0.0921,0.0958,0.1013
153.527,1,0.809,-0.25,0.71,5,71.6,20.46,0.09,0.0057,0.092,-0.003,0.021,0.657,-2.813,-178.99,11.71,1,-0.56,1,0.792,15.51,7.74,3.759,1,5,0.0902,0.0866,0.0902,0.0995
153.555,1,0.801,-0.25,1.13,5,71.5,20.0,0.09,-0.0112,0.092,-0.004,0.002,0.656,-2.813,-178.99,11.71,1,-0.56,1,0.786,15.03,8.26,1.362,1,5,0.092,0.0883,0.0883,0.0994
153.588,1,0.782,0.0,0.93,5,70.9,18.98,0.09,-0.0182,0.089,-0.0,-0.008,0.652,-2.813,-179.05,11.71,1,-0.56,1,0.772,8.24,11.59,-6.381,1,5,0.0905,0.0887,0.0887,0.0887
153.617,1,0.781,0.25,0.78,5,71.0,18.98,0.09,-0.0176,0.089,-0.0,-0.016,0.65,-2.813,-179.05,11.71,1,-0.56,1,0.795,12.12,10.59,-2.535,1,5,0.0905,0.0887,0.0887,0.0887
153.686,1,0.782,-0.25,1.55,5,71.0,18.98,0.09,-0.0169,0.081,0.002,0.041,0.644,-2.813,-179.11,11.71,1,-0.56,1,0.815,12.6,9.04,-1.078,1,5,0.087,0.0833,0.0833,0.0722
153.72,1,0.789,0.0,2.11,5,71.0,19.27,0.09,-0.0239,0.081,0.004,-0.003,0.642,-2.814,-179.11,11.71,1,1.33,1,0.815,12.6,9.04,-1.078,1,5,0.0851,0.0833,0.087,0.0703
153.784,1,0.791,0.25,2.04,5,71.7,19.59,0.09,-0.037,0.088,0.001,-0.019,0.635,-2.814,-179.22,11.71,1,1.33,1,0.819,13.09,7.7,-0.825,1,5,0.0833,0.0833,0.0944,0.0907
153.82,1,0.784,0.25,1.85,5,71.6,19.85,0.09,-0.039,0.087,0.0,-0.0,0.633,-2.814,-179.22,11.71,1,1.33,1,0.819,13.09,7.7,-0.825,1,5,0.0852,0.0852,0.0889,0.0889
153.884,1,0.803,-1.25,3.73,5,72.5,19.59,0.09,-0.0349,0.088,0.0,-0.049,0.626,-2.814,-179.34,11.71,1,1.33,1,0.355,15.02,7.02,-3.29,1,4,0.0944,0.0851,0.0907,0.0814
153.921,1,0.797,-1.25,3.04,5,72.8,19.59,0.09,-0.049,0.089,0.0,-0.074,0.625,-2.814,-179.45,11.69,1,3.26,1,0.355,15.02,7.02,-3.29,1,4,0.0962,0.0833,0.0962,0.0814
153.985,1,0.787,-1.75,3.04,5,72.9,19.59,0.09,-0.0399,0.086,0.002,-0.003,0.618,-2.814,-179.56,11.69,1,3.26,1,0.358,6.01,-7.51,0.0,0,4,0.0961,0.0814,0.0943,0.0721
154.02,1,0.781,-2.0,2.55,5,72.9,19.85,0.09,-0.0339,0.086,0.001,-0.06,0.616,-2.814,-179.62,11.69,1,3.26,1,0.358,6.01,-7.51,0.0,0,4,0.0961,0.0795,0.0942,0.0739
154.084,1,0.795,-1.75,2.76,5,72.3,19.85,0.09,-0.0247,0.089,-0.002,-0.067,0.609,-2.814,-179.79,11.69,1,3.26,1,0.806,5.82,-5.18,-7.642,1,5,0.0943,0.0777,0.0962,0.0869
154.119,1,0.82,-0.5,1.31,5,73.3,19.97,0.09,-0.0318,0.088,-0.001,-0.047,0.607,-2.814,-179.85,11.69,1,2.7,1,0.806,5.82,-5.18,-7.642,1,5,0.0925,0.0777,0.0962,0.0869
154.185,1,0.81,-0.5,1.14,5,73.7,19.97,0.09,-0.0204,0.086,-0.0,-0.066,0.6,-2.814,-180.02,11.69,1,2.7,1,0.789,7.76,-4.18,-7.8,1,5,0.0906,0.0795,0.0924,0.0832
154.218,1,0.79,-0.75,0.08,5,73.3,20.04,0.09,-0.0169,0.085,0.0,-0.081,0.599,-2.814,179.91,11.69,1,2.7,1,0.789,7.76,-4.18,-7.8,1,5,0.0887,0.0814,0.0887,0.0795
154.283,1,0.816,-0.75,0.78,5,72.8,20.0,0.09,0.0053,0.083,0.006,0.002,0.592,-2.814,179.79,11.69,1,2.7,1,0.825,7.27,4.39,0.0,0,5,0.0869,0.0832,0.0943,0.0684
154.319,1,0.812,-1.25,0.97,5,72.9,20.0,0.09,-0.0069,0.084,0.005,-0.031,0.59,-2.814,179.74,11.69,1,-1.03,1,0.825,7.27,4.39,0.0,0,5,0.0888,0.0833,0.0944,0.0703
154.384,1,0.773,-0.75,-0.4,5,73.1,20.46,0.09,-0.0049,0.087,0.0,-0.028,0.583,-2.814,179.68,11.69,1,-1.03,1,0.82,10.66,9.6,0.0,0,5,0.0925,0.0851,0.0907,0.0814
154.417,1,0.806,-1.0,0.4,5,73.0,20.57,0.09,0.0127,0.089,0.0,-0.022,0.581,-2.814,179.62,11.69,1,-1.03,1,0.82,10.66,9.6,0.0,0,5,0.0925,0.087,0.0925,0.0851
154.485,1,0.757,-0.75,-1.8,5,72.3,20.46,0.09,0.002,0.093,0.001,-0.018,0.574,-2.814,179.45,11.69,1,-1.03,1,0.84,13.57,8.99,-3.375,1,5,0.0907,0.0888,0.0981,0.0925
154.521,1,0.794,-1.0,-0.89,5,72.5,19.97,0.09,0.0373,0.092,0.003,-0.045,0.572,-2.815,179.39,11.68,1,-0.37,1,0.84,13.57,8.99,-3.375,1,5,0.0888,0.0888,0.0999,0.0888
154.553,1,0.781,-0.75,-1.77,5,72.3,20.46,0.09,0.0246,0.089,0.004,-0.016,0.568,-2.815,179.34,11.68,1,-0.37,1,0.816,13.57,9.64,-1.724,1,5,0.0888,0.0888,0.0962,0.0814
154.584,1,0.806,-0.75,-0.34,5,72.0,20.46,0.09,0.0371,0.089,0.007,0.003,0.565,-2.815,179.34,11.68,1,-0.37,1,0.817,13.09,8.95,-3.179,1,5,0.0887,0.0924,0.0998,0.0739
154.617,1,0.801,-0.75,-0.25,5,71.7,20.46,0.09,0.0122,0.09,0.007,-0.016,0.563,-2.815,179.34,11.68,1,-0.37,1,0.817,13.09,8.95,-3.179,1,5,0.0906,0.0924,0.1017,0.074
154.654,1,0.805,-0.75,-1.03,5,71.9,20.04,0.09,0.0109,0.09,0.008,-0.033,0.559,-2.815,179.22,11.68,1,-0.37,1,0.815,12.6,9.22,-4.009,1,5,0.0887,0.0906,0.1054,0.0758
154.686,1,0.795,-0.75,-0.33,5,71.5,20.0,0.09,0.0246,0.091,0.006,-0.015,0.556,-2.816,179.22,11.68,1,-0.37,1,0.816,12.6,9.01,-1.062,1,5,0.0888,0.0925,0.1018,0.0814
154.719,1,0.811,-0.75,-0.44,5,72.2,19.59,0.09,0.0124,0.09,0.004,-0.018,0.554,-2.815,179.16,11.68,1,-0.39,1,0.816,12.6,9.01,-1.062,1,5,0.0869,0.0906,0.098,0.0851
154.783,1,0.823,-0.75,-0.32,5,73.1,20.04,0.09,0.0143,0.086,0.002,-0.0,0.547,-2.816,179.16,11.68,1,-0.39,1,0.355,15.02,8.15,-2.195,1,4,0.0832,0.0888,0.0869,0.0851
154.816,1,0.83,-0.5,0.05,5,73.5,20.04,0.09,0.0123,0.086,0.002,-0.0,0.545,-2.816,179.16,11.68,1,-0.39,1,0.355,15.02,8.15,-2.195,1,4,0.0832,0.0906,0.0851,0.0851
154.884,1,0.79,-0.25,-0.31,5,73.4,19.59,0.09,0.0031,0.09,0.0,0.026,0.538,-2.815,179.28,11.68,1,-0.39,1,0.81,13.57,7.32,-4.357,1,5,0.0868,0.0924,0.0887,0.0924
154.919,1,0.797,-0.5,0.16,5,73.6,19.97,0.09,0.0065,0.091,0.001,0.003,0.536,-2.816,179.28,11.69,1,-0.07,1,0.81,13.57,7.32,-4.357,1,5,0.0887,0.0924,0.0924,0.0924
154.952,1,0.807,-0.5,-0.16,5,73.2,20.0,0.09,0.0017,0.093,0.001,-0.0,0.532,-2.815,179.28,11.69,1,-0.07,1,0.817,14.06,8.67,-2.544,1,5,0.0905,0.0924,0.0961,0.0942
154.984,1,0.814,-0.75,0.42,5,73.1,20.2,0.09,0.0074,0.093,0.002,-0.037,0.529,-2.816,179.28,11.69,1,-0.07,1,0.817,14.54,8.38,-1.672,1,5,0.0943,0.0943,0.0961,0.0887
155.017,1,0.813,-1.5,0.91,5,73.0,20.0,0.09,0.0003,0.094,0.002,-0.037,0.527,-2.816,179.22,11.69,1,-0.07,1,0.817,14.54,8.38,-1.672,1,5,0.0961,0.098,0.0943,0.0887
155.086,1,0.801,-1.75,1.44,5,73.1,20.0,0.09,-0.0008,0.09,-0.001,-0.062,0.52,-2.815,179.11,11.69,1,-0.07,1,0.812,15.03,8.25,0.626,1,5,0.0924,0.0905,0.0868,0.0887
155.154,1,0.832,-1.25,0.49,5,73.4,20.2,0.09,-0.0079,0.085,0.0,0.021,0.514,-2.815,179.11,11.69,1,1.0,1,0.828,13.09,7.51,-2.581,1,5,0.0845,0.0845,0.0863,0.0863
155.183,1,0.834,-0.75,0.76,5,73.5,20.04,0.09,0.0021,0.086,0.004,-0.001,0.511,-2.816,179.11,11.69,1,1.0,1,0.769,14.54,6.94,-1.66,1,5,0.079,0.0863,0.0937,0.0845
155.217,1,0.85,-0.75,1.22,5,73.4,20.04,0.09,-0.0087,0.086,0.005,-0.015,0.509,-2.816,179.05,11.69,1,1.0,1,0.769,14.54,6.94,-1.66,1,5,0.0809,0.0864,0.0956,0.0827
155.252,1,0.852,-0.75,0.55,5,73.5,20.56,0.09,-0.0159,0.086,0.003,0.012,0.506,-2.816,179.05,11.69,1,1.0,1,0.817,8.72,-1.65,-5.119,1,5,0.0869,0.0851,0.0943,0.0795
155.283,1,0.845,-0.75,0.68,5,73.3,20.56,0.09,-0.0038,0.086,0.003,0.006,0.502,-2.816,179.05,11.69,1,1.0,1,0.833,9.21,-0.14,-6.14,1,5,0.0924,0.0887,0.0887,0.074
155.316,1,0.847,-0.5,0.47,5,73.1,20.56,0.09,-0.0058,0.086,0.004,-0.009,0.5,-2.816,179.05,11.69,1,1.0,1,0.833,9.21,-0.14,-6.14,1,5,0.0906,0.0925,0.0888,0.074
155.352,1,0.842,-0.5,0.05,5,72.6,20.04,0.09,-0.0049,0.087,0.004,0.009,0.497,-2.816,179.05,11.69,1,1.0,1,0.833,9.21,-0.14,-6.14,1,5,0.0884,0.0958,0.0866,0.0774
155.384,1,0.839,-0.5,0.35,5,72.0,20.04,0.09,0.0029,0.084,0.0,-0.037,0.494,-2.816,178.99,11.69,1,1.0,1,0.834,9.69,-0.35,-5.186,1,5,0.0829,0.0884,0.081,0.0847
155.417,1,0.837,-0.25,-0.04,5,71.5,20.44,0.09,-0.0023,0.083,-0.001,0.012,0.492,-2.816,178.99,11.69,1,1.0,1,0.837,9.69,-0.32,-5.169,1,5,0.0804,0.0841,0.0786,0.0877
155.451,1,0.832,-0.25,-0.04,5,71.1,20.44,0.09,0.0019,0.081,0.001,0.034,0.489,-2.816,179.05,11.69,1,1.0,1,0.835,10.18,-0.65,-4.189,1,5,0.0734,0.0826,0.0807,0.0862
155.484,1,0.818,0.25,-0.33,5,70.8,20.46,0.09,0.0023,0.082,0.004,0.003,0.485,-2.816,179.11,11.69,1,1.0,1,0.832,10.18,-1.57,-4.913,1,5,0.0716,0.0863,0.0845,0.0845
155.517,1,0.792,0.25,-0.57,5,70.4,20.2,0.09,0.0012,0.083,0.003,0.017,0.484,-2.816,179.11,11.69,1,1.0,1,0.832,10.18,-1.57,-4.913,1,5,0.0739,0.0869,0.085,0.085
155.551,1,0.81,0.25,-0.4,5,70.8,20.2,0.09,0.0062,0.084,0.0,0.002,0.48,-2.816,179.11,11.69,1,-1.52,1,0.8,13.09,0.18,-6.015,1,5,0.0814,0.0851,0.0833,0.087
155.583,1,0.817,0.25,-0.33,5,71.2,20.56,0.09,0.0037,0.086,0.0,0.026,0.477,-2.816,179.11,11.69,1,-1.52,1,0.8,13.09,0.18,-6.015,1,5,0.0869,0.0869,0.0851,0.0851
155.616,1,0.825,0.25,-0.18,5,71.8,20.56,0.09,0.0027,0.086,0.001,-0.001,0.475,-2.816,179.16,11.69,1,-1.52,1,0.8,13.09,0.18,-6.015,1,5,0.0906,0.0888,0.0851,0.0795
155.651,1,0.83,0.25,-0.32,5,72.4,20.44,0.09,0.0005,0.087,0.002,-0.026,0.472,-2.816,179.11,11.69,1,-1.52,1,0.84,13.09,7.24,-1.424,1,5,0.0905,0.0942,0.085,0.0794
155.682,1,0.832,0.25,-0.33,5,72.9,20.46,0.09,0.003,0.087,0.001,-0.011,0.468,-2.816,179.11,11.69,1,-1.52,1,0.791,15.51,6.68,-3.761,1,5,0.0906,0.0924,0.0832,0.0813
155.716,1,0.837,0.25,-0.24,5,72.9,20.46,0.09,0.0033,0.088,0.0,0.001,0.466,-2.816,179.11,11.69,1,-1.52,1,0.791,15.51,6.68,-3.761,1,5,0.0868,0.0924,0.085,0.0887
155.752,1,0.838,0.25,-0.28,5,72.9,20.46,0.09,0.0017,0.088,-0.001,0.005,0.463,-2.816,179.11,11.69,1,-3.06,1,0.84,17.93,14.56,-0.238,1,5,0.0827,0.0863,0.0863,0.0955
155.782,1,0.841,0.5,-0.2,5,73.1,20.44,0.09,0.0025,0.09,-0.0,0.053,0.459,-2.816,179.16,11.69,1,-3.06,1,0.85,17.93,14.56,-0.241,1,5,0.0809,0.0864,0.0864,0.0992
155.815,1,0.84,0.75,-0.15,5,73.5,20.46,0.09,-0.0019,0.089,0.0,0.089,0.457,-2.816,179.28,11.69,1,-3.06,1,0.85,17.93,14.56,-0.241,1,5,0.079,0.09,0.0882,0.0974
155.854,1,0.844,0.75,0.19,5,73.9,20.46,0.09,-0.0054,0.089,-0.0,0.059,0.454,-2.815,179.39,11.69,1,-3.06,1,0.85,17.93,14.56,-0.241,1,5,0.0834,0.0943,0.0834,0.0961
155.882,1,0.851,0.75,0.47,5,74.2,20.46,0.09,-0.0108,0.09,-0.001,-0.014,0.45,-2.815,179.45,11.69,1,-3.06,1,0.849,18.9,15.69,-0.248,1,5,0.0872,0.0963,0.0817,0.0945
155.916,1,0.848,0.25,0.71,5,74.4,20.46,0.09,-0.0156,0.092,-0.003,-0.005,0.448,-2.815,179.45,11.69,1,-3.06,1,0.849,18.9,15.69,-0.248,1,5,0.0927,0.0981,0.0799,0.0963
155.949,1,0.854,0.25,0.44,5,74.6,20.46,0.09,-0.0137,0.094,-0.0,-0.006,0.444,-2.815,179.45,11.7,1,-0.73,1,0.843,18.42,16.05,-1.135,1,5,0.094,0.0995,0.0885,0.0959
155.983,1,0.855,0.25,0.35,5,74.8,20.46,0.09,-0.0094,0.094,-0.003,-0.029,0.44,-2.815,179.39,11.7,1,-0.73,1,0.846,17.93,16.83,-1.62,1,5,0.0973,0.0991,0.0881,0.0954
156.015,1,0.857,0.25,0.34,5,74.9,20.46,0.09,-0.0078,0.092,-0.004,-0.042,0.439,-2.815,179.39,11.7,1,-0.73,1,0.802,15.03,12.5,-0.754,1,5,0.0934,0.0898,0.0861,0.0971
156.051,1,0.845,-0.25,0.62,5,74.7,20.04,0.09,-0.0079,0.089,-0.006,0.002,0.435,-2.815,179.34,11.7,1,-0.73,1,0.842,14.06,6.77,-2.234,1,5,0.0958,0.0848,0.0829,0.094
156.082,1,0.852,-0.25,0.23,5,74.7,20.0,0.09,-0.0069,0.089,-0.002,0.016,0.431,-2.815,179.34,11.7,1,-0.73,1,0.838,14.06,6.26,-4.288,1,5,0.0907,0.0851,0.0888,0.0907
156.116,1,0.865,-0.25,0.24,5,74.8,20.04,0.09,-0.0005,0.089,-0.0,0.012,0.43,-2.815,179.39,11.7,1,-0.73,1,0.838,14.06,6.26,-4.288,1,5,0.0907,0.0852,0.0926,0.0889
156.149,1,0.864,-0.25,0.22,5,74.8,20.46,0.09,-0.0012,0.088,-0.002,0.062,0.426,-2.814,179.39,11.7,1,1.16,1,0.837,13.57,6.73,-3.607,1,5,0.0869,0.0814,0.0906,0.0943
156.182,1,0.827,0.25,0.32,5,74.8,20.04,0.09,-0.0011,0.089,-0.005,0.065,0.423,-2.814,179.51,11.7,1,1.16,1,0.838,13.57,6.71,-3.607,1,5,0.0905,0.0831,0.085,0.0961
156.219,1,0.831,0.25,0.3,5,74.9,20.04,0.09,-0.0092,0.091,-0.006,0.057,0.421,-2.814,179.62,11.7,1,1.16,1,0.838,13.57,6.71,-3.607,1,5,0.0942,0.0887,0.0813,0.0979
156.25,1,0.832,0.25,0.82,5,75.2,20.04,0.09,-0.0084,0.094,-0.002,0.013,0.417,-2.814,179.68,11.7,1,1.16,1,0.831,15.03,7.88,-3.621,1,5,0.096,0.1034,0.0813,0.096
156.282,1,0.873,0.25,0.44,5,75.3,20.46,0.09,-0.0172,0.095,-0.003,-0.03,0.413,-2.814,179.68,11.7,1,1.16,1,0.832,15.03,8.94,-3.151,1,5,0.0943,0.1017,0.0814,0.1017
156.316,1,0.877,0.25,0.45,5,75.4,20.46,0.09,-0.0104,0.094,-0.005,-0.038,0.411,-2.813,179.62,11.7,1,1.16,1,0.832,15.03,8.94,-3.151,1,5,0.0943,0.0962,0.0832,0.1036
156.348,1,0.87,-0.25,1.01,5,75.3,20.04,0.09,-0.0103,0.093,-0.007,0.008,0.407,-2.813,179.56,11.7,1,1.68,1,0.839,14.06,8.46,-1.428,1,5,0.0981,0.087,0.0851,0.1036
156.383,1,0.86,-0.25,0.33,5,75.1,20.0,0.09,-0.0142,0.094,-0.006,-0.009,0.404,-2.813,179.56,11.7,1,1.68,1,0.824,11.15,3.85,-3.709,1,5,0.0991,0.0862,0.0881,0.1009
156.418,1,0.865,-0.75,0.9,5,74.9,20.0,0.09,-0.0026,0.092,-0.005,0.021,0.402,-2.813,179.56,11.7,1,1.68,1,0.824,11.15,3.85,-3.709,1,5,0.0972,0.0843,0.0898,0.0972
156.448,1,0.862,-0.75,0.39,5,74.8,20.04,0.09,-0.0069,0.091,-0.005,0.002,0.398,-2.813,179.56,11.7,1,1.68,1,0.842,10.18,2.58,-3.742,1,5,0.0952,0.0788,0.0916,0.0971
156.481,1,0.857,-0.75,0.15,5,74.6,20.04,0.09,0.0015,0.09,-0.005,0.023,0.396,-2.813,179.62,11.7,1,1.68,1,0.846,10.18,2.6,-3.742,1,5,0.0934,0.0806,0.0898,0.0952
156.517,1,0.852,-0.75,0.4,5,74.5,20.2,0.09,0.0052,0.094,-0.001,0.003,0.392,-2.813,179.62,11.7,1,1.68,1,0.846,10.18,2.6,-3.742,1,5,0.0961,0.0924,0.0924,0.0942
156.548,1,0.848,-0.75,0.5,5,75.5,20.44,0.09,0.0005,0.097,0.001,-0.049,0.389,-2.813,179.56,11.7,1,0.97,1,0.848,10.18,2.6,-3.742,1,5,0.0962,0.1036,0.0925,0.0944
156.582,1,0.836,-1.0,0.26,5,75.6,19.97,0.09,-0.0016,0.096,-0.002,-0.033,0.385,-2.812,179.56,11.7,1,0.97,1,0.847,10.18,2.6,-3.742,1,5,0.0978,0.0959,0.0922,0.0978
156.616,1,0.859,-1.25,0.55,5,75.7,20.44,0.09,0.0056,0.095,-0.005,-0.041,0.383,-2.812,179.51,11.7,1,0.97,1,0.847,10.18,2.6,-3.742,1,5,0.0987,0.0914,0.0878,0.1024
156.647,1,0.854,-1.25,0.36,5,76.3,20.44,0.09,0.003,0.094,-0.008,0.015,0.379,-2.812,179.51,11.7,1,0.97,1,0.852,10.18,1.13,-4.92,1,5,0.1005,0.0877,0.0841,0.1024
156.683,1,0.824,-1.25,0.28,5,76.4,20.2,0.09,0.0059,0.094,-0.007,0.029,0.375,-2.812,179.56,11.7,1,0.97,1,0.852,10.18,1.13,-4.92,1,5,0.099,0.0898,0.0843,0.1027
156.715,1,0.822,-1.25,0.12,5,76.6,20.04,0.09,0.0071,0.094,-0.007,0.029,0.375,-2.812,179.56,11.7,1,0.97,1,0.852,10.18,1.13,-4.92,1,5,0.099,0.0898,0.0843,0.1027
156.749,1,0.838,-1.25,0.5,5,76.7,20.04,0.09,0.0097,0.091,-0.005,0.002,0.37,-2.811,179.68,11.7,1,-0.3,1,0.857,10.18,1.22,-3.271,1,5,0.0957,0.0829,0.0884,0.0957
156.783,1,0.831,-1.25,0.52,5,77.0,20.04,0.09,0.0029,0.091,-0.003,-0.005,0.368,-2.811,179.68,11.7,1,-0.3,1,0.852,10.18,1.59,-5.897,1,5,0.0957,0.0829,0.0884,0.0957
156.815,1,0.846,-1.25,0.6,5,76.0,20.44,0.09,0.0024,0.093,-0.004,0.018,0.366,-2.811,179.68,11.7,1,-0.3,1,0.852,10.18,1.59,-5.897,1,5,0.0994,0.0902,0.0884,0.0939
156.851,1,0.86,-1.25,0.67,5,76.3,20.44,0.09,0.0009,0.096,-0.003,-0.021,0.363,-2.811,179.68,11.7,1,-0.3,1,0.852,10.18,1.59,-5.897,1,5,0.1019,0.0948,0.0912,0.0948
156.882,1,0.822,-1.25,0.72,5,76.3,20.46,0.09,-0.0004,0.095,-0.003,-0.043,0.357,-2.811,179.56,11.7,1,-0.3,1,0.841,13.09,10.09,-2.374,1,5,0.0983,0.0948,0.0948,0.0983
156.915,1,0.839,-1.75,0.59,5,76.2,20.04,0.09,-0.0012,0.095,-0.003,-0.043,0.357,-2.811,179.56,11.7,1,-0.3,1,0.841,13.09,10.09,-2.374,1,5,0.0966,0.0894,0.0948,0.1002
156.953,1,0.85,-2.25,0.38,5,76.0,20.46,0.09,0.0069,0.091,-0.005,-0.017,0.351,-2.81,179.45,11.7,1,-1.15,1,0.86,12.12,8.91,-2.388,1,5,0.0921,0.0848,0.0885,0.0995
156.983,1,0.848,-2.25,0.49,5,76.2,20.04,0.09,0.0159,0.091,-0.002,0.033,0.348,-2.81,179.45,11.7,1,-1.15,1,0.864,12.12,6.51,-2.555,1,5,0.094,0.0885,0.0885,0.0922
157.015,1,0.839,-2.25,0.5,5,76.1,20.04,0.09,0.0135,0.091,-0.002,0.033,0.348,-2.81,179.45,11.7,1,-1.15,1,0.864,12.12,6.51,-2.555,1,5,0.094,0.0885,0.0885,0.0922
157.05,1,0.861,-2.25,0.54,5,75.9,20.04,0.09,0.0127,0.09,-0.001,0.049,0.344,-2.81,179.51,11.7,1,-1.15,1,0.864,12.12,6.51,-2.555,1,5,0.0944,0.0889,0.0889,0.087
157.082,1,0.86,-2.25,0.53,5,75.8,20.04,0.09,0.0116,0.088,-0.002,-0.013,0.341,-2.81,179.56,11.7,1,-1.15,1,0.862,12.12,7.51,-1.958,1,5,0.0944,0.0852,0.0852,0.0852
157.114,1,0.837,-2.25,0.37,5,75.6,20.46,0.09,0.0117,0.087,-0.001,-0.006,0.339,-2.81,179.56,11.7,1,-1.15,1,0.862,12.12,7.51,-1.958,1,5,0.0925,0.087,0.0851,0.0851
157.152,1,0.858,-1.75,0.13,5,75.2,20.2,0.09,0.0141,0.09,0.001,0.003,0.335,-2.81,179.56,11.7,1,-1.53,1,0.862,12.12,7.51,-1.958,1,5,0.0906,0.0925,0.0888,0.0869
157.182,1,0.85,-1.75,0.54,5,74.9,20.44,0.09,0.0123,0.094,0.003,0.006,0.331,-2.81,179.56,11.7,1,-1.53,1,0.865,12.12,7.93,-2.973,1,5,0.0887,0.098,0.0961,0.0943
157.216,1,0.802,-1.75,0.5,5,75.4,20.44,0.09,0.0054,0.096,0.001,0.0,0.329,-2.81,179.56,11.7,1,-1.53,1,0.865,12.12,7.93,-2.973,1,5,0.0906,0.098,0.0961,0.0998
157.25,1,0.807,-1.75,0.5,5,75.3,20.44,0.09,0.0065,0.096,-0.001,-0.007,0.326,-2.81,179.56,11.7,1,-1.53,1,0.86,12.12,7.89,-4.472,1,5,0.0906,0.0962,0.0943,0.1036
157.283,1,0.841,-1.75,0.48,5,75.1,20.44,0.09,0.0066,0.092,-0.001,0.016,0.322,-2.81,179.56,11.7,1,-1.53,1,0.863,12.12,7.93,-2.943,1,5,0.0883,0.092,0.0902,0.0994
157.315,1,0.849,-1.75,0.64,5,75.1,20.04,0.09,0.007,0.091,0.0,0.075,0.32,-2.81,179.62,11.7,1,-1.53,1,0.863,12.12,7.93,-2.943,1,5,0.0893,0.0912,0.0912,0.0912
157.347,1,0.844,-1.5,0.38,5,74.9,20.04,0.09,0.0044,0.087,0.002,0.016,0.317,-2.81,179.68,11.7,1,-1.01,1,0.862,12.12,8.54,-2.925,1,5,0.0868,0.0905,0.0887,0.0832
157.385,1,0.849,-1.25,0.59,5,75.1,20.46,0.09,0.0061,0.086,0.003,-0.004,0.313,-2.81,179.68,11.7,1,-1.01,1,0.861,13.09,7.31,-1.464,1,5,0.0873,0.091,0.0873,0.08
157.418,1,0.847,-1.25,0.5,5,74.8,20.04,0.09,-0.0006,0.087,0.002,0.005,0.311,-2.81,179.68,11.7,1,-1.01,1,0.861,13.09,8.77,-0.298,1,5,0.0844,0.0918,0.0863,0.0844
157.45,1,0.841,-1.25,0.71,5,74.6,20.04,0.09,0.0016,0.09,0.001,0.011,0.308,-2.81,179.74,11.7,1,-1.01,1,0.87,13.09,7.68,-2.493,1,5,0.087,0.0944,0.0888,0.0907
157.482,1,0.834,-0.75,0.42,5,74.4,20.46,0.09,-0.002,0.092,0.0,-0.002,0.304,-2.81,179.74,11.7,1,-1.01,1,0.858,13.09,9.08,-2.914,1,5,0.0869,0.0961,0.0887,0.0943
157.515,1,0.854,-0.75,0.47,5,74.3,20.46,0.09,-0.0029,0.092,-0.0,-0.008,0.302,-2.81,179.74,11.7,1,-1.01,1,0.859,13.09,8.64,-3.513,1,5,0.0887,0.0924,0.0906,0.0961
157.549,1,0.856,-0.75,0.74,5,74.4,20.46,0.09,-0.0029,0.092,-0.0,-0.0,0.298,-2.81,179.74,11.7,1,-0.11,1,0.857,13.09,8.63,-3.497,1,5,0.0888,0.0906,0.0925,0.0962
157.583,1,0.853,-0.75,0.46,5,74.2,20.46,0.09,-0.0072,0.089,-0.001,0.008,0.293,-2.81,179.74,11.7,1,-0.11,1,0.86,13.09,8.69,-1.955,1,5,0.0904,0.0885,0.0885,0.0904
157.614,1,0.842,-0.75,0.44,5,73.7,20.46,0.09,-0.002,0.089,-0.001,0.008,0.293,-2.81,179.74,11.7,1,-0.11,1,0.86,13.09,8.69,-1.955,1,5,0.0904,0.0885,0.0885,0.0904
157.647,1,0.847,-0.75,0.47,5,73.6,20.46,0.09,-0.0014,0.087,-0.001,-0.007,0.29,-2.81,179.74,11.7,1,-0.11,1,0.868,13.09,8.7,-1.942,1,5,0.0897,0.0824,0.0879,0.0861
157.684,1,0.827,-0.75,0.7,5,73.6,20.46,0.09,-0.0017,0.086,-0.0,-0.011,0.286,-2.81,179.74,11.7,1,-0.11,1,0.868,13.09,8.7,-1.942,1,5,0.0881,0.0826,0.0881,0.0881
157.715,1,0.833,-0.75,0.72,5,73.6,20.44,0.09,-0.0056,0.086,0.0,-0.004,0.284,-2.81,179.74,11.7,1,-0.11,1,0.855,13.09,9.04,-4.396,1,5,0.0862,0.0844,0.0881,0.0862
157.751,1,0.841,-0.75,0.82,5,73.5,20.46,0.09,-0.006,0.089,0.001,-0.044,0.281,-2.81,179.68,11.7,1,0.23,1,0.854,13.09,8.67,-4.884,1,5,0.0868,0.0905,0.0887,0.0887
157.783,1,0.841,-0.75,0.72,5,73.4,20.44,0.09,-0.0077,0.09,-0.0,-0.03,0.277,-2.81,179.62,11.7,1,0.23,1,0.863,13.09,7.64,-4.022,1,5,0.0902,0.0884,0.0921,0.0902
157.817,1,0.828,-1.0,0.39,5,73.4,19.97,0.09,-0.006,0.09,-0.0,-0.014,0.275,-2.81,179.62,11.7,1,0.23,1,0.862,13.09,7.64,-4.018,1,5,0.0902,0.0865,0.0921,0.0902
157.848,1,0.825,-0.75,0.16,5,73.3,20.46,0.1041,0.0028,0.089,-0.001,-0.02,0.272,-2.81,179.56,11.7,1,0.23,1,0.861,13.09,7.68,-2.539,1,5,0.0922,0.0832,0.0922,0.0868
157.887,1,0.829,-0.75,0.17,5,73.5,20.46,0.1187,0.0034,0.087,0.001,-0.036,0.268,-2.81,179.51,11.7,1,0.23,1,0.865,13.09,7.69,-2.536,1,5,0.089,0.0853,0.0908,0.0817
157.914,1,0.834,-0.75,0.16,5,73.8,20.04,0.125,0.0032,0.086,0.002,0.005,0.267,-2.81,179.51,11.7,1,0.23,1,0.859,13.09,7.31,-1.455,1,5,0.0872,0.0853,0.0908,0.0817
157.948,1,0.828,-0.25,-0.11,5,73.6,20.2,0.1391,0.0032,0.09,0.004,0.085,0.263,-2.81,179.68,11.69,1,0.19,1,0.859,13.09,7.31,-1.455,1,5,0.0925,0.0943,0.0943,0.0795
157.982,1,0.822,-0.25,0.48,5,73.7,20.2,0.1531,0.0034,0.097,0.003,-0.03,0.259,-2.81,179.62,11.69,1,0.19,1,0.859,13.09,7.31,-1.455,1,5,0.1016,0.0998,0.0998,0.0868
158.015,1,0.825,-0.25,0.21,5,73.7,20.04,0.16,-0.0108,0.104,0.002,-0.039,0.256,-2.81,179.62,11.69,1,0.19,1,0.855,14.06,7.47,-3.584,1,5,0.1072,0.1054,0.1072,0.0961
158.048,1,0.831,-0.25,0.2,5,74.0,20.04,0.1665,-0.0037,0.117,0.003,-0.008,0.251,-2.811,179.51,11.69,1,0.19,1,0.855,14.06,7.47,-3.584,1,5,0.1145,0.1182,0.1219,0.1127
158.08,1,0.822,0.0,-0.02,5,74.0,19.97,0.1675,-0.0034,0.123,0.005,-0.014,0.248,-2.811,179.51,11.69,1,0.19,1,0.871,13.57,7.23,-3.053,1,5,0.1201,0.1238,0.1312,0.1164
158.116,1,0.813,-0.25,0.21,5,74.1,20.04,0.1653,-0.0007,0.139,0.006,-0.05,0.242,-2.811,179.45,11.69,1,0.19,1,0.873,13.57,7.23,-3.055,1,5,0.1349,0.1441,0.146,0.1312
158.149,1,0.816,-0.25,0.31,5,74.0,19.85,0.1411,-0.0024,0.151,0.005,0.02,0.236,-2.811,179.39,11.69,1,0.74,1,0.87,13.09,7.69,-4.003,1,5,0.148,0.1517,0.161,0.1443
158.182,1,0.83,-0.25,0.32,5,74.4,20.46,0.1467,-0.0049,0.158,0.005,0.012,0.232,-2.811,179.45,11.69,1,0.74,1,0.862,13.09,7.35,-1.473,1,5,0.1555,0.1592,0.1666,0.1518
158.215,1,0.848,-0.5,0.15,5,74.4,20.44,0.1535,-0.0053,0.164,0.002,-0.052,0.226,-2.811,179.39,11.69,1,0.74,1,0.869,13.09,7.74,-2.502,1,5,0.1667,0.163,0.1704,0.1574
158.247,1,0.858,-0.5,0.25,5,74.2,20.2,0.1651,0.0014,0.168,-0.0,-0.048,0.219,-2.811,179.22,11.69,1,0.74,1,0.871,13.09,6.31,-3.629,1,5,0.174,0.1666,0.1684,0.1629
158.286,1,0.845,-0.25,-0.36,5,74.3,20.04,0.1651,-0.0013,0.169,-0.001,0.065,0.212,-2.811,179.28,11.69,1,0.74,1,0.871,13.09,6.31,-3.629,1,5,0.1701,0.1664,0.1701,0.1701
158.314,1,0.852,-0.5,0.25,5,74.3,20.44,0.172,0.0111,0.169,-0.0,0.043,0.209,-2.811,179.34,11.69,1,0.74,1,0.873,13.09,4.86,-3.204,1,5,0.1682,0.1664,0.1701,0.1701
158.347,1,0.875,-0.25,-0.06,5,74.2,20.46,0.1785,-0.0017,0.168,-0.0,0.011,0.202,-2.81,179.39,11.69,1,0.74,1,0.873,13.09,4.86,-3.204,1,5,0.1664,0.1664,0.1683,0.1701
158.384,1,0.862,-0.75,0.21,5,74.0,20.46,0.1785,0.0034,0.171,0.001,0.009,0.195,-2.811,179.28,11.69,1,0.74,1,0.873,13.09,4.86,-3.204,1,5,0.1719,0.1737,0.1701,0.1664
158.418,1,0.838,-0.75,0.2,5,73.9,20.46,0.1667,0.0028,0.173,0.001,-0.037,0.191,-2.811,179.28,11.69,1,0.74,1,0.857,13.09,6.32,-3.629,1,5,0.1738,0.1738,0.1738,0.1701
158.446,1,0.872,-0.75,-0.19,5,73.7,20.46,0.1536,0.0029,0.177,0.001,0.006,0.184,-2.81,179.16,11.69,1,0.74,1,0.866,12.12,6.15,-4.609,1,5,0.1775,0.1775,0.1775,0.1738
158.483,1,0.87,-0.25,-0.45,5,73.3,20.46,0.134,0.0112,0.181,0.001,0.032,0.177,-2.81,179.34,11.69,1,0.74,1,0.866,12.12,6.15,-4.609,1,5,0.1793,0.1775,0.183,0.1775
158.517,1,0.836,-0.25,0.06,5,72.7,20.46,0.1409,0.0108,0.18,0.001,-0.018,0.173,-2.81,179.34,11.69,1,0.74,1,0.854,13.09,6.38,-3.629,1,5,0.1795,0.1776,0.185,0.1776
158.548,1,0.852,-0.25,-0.36,5,72.4,20.0,0.1551,0.0,0.182,0.001,-0.09,0.166,-2.81,179.16,11.69,1,0.16,1,0.86,13.09,6.38,-3.629,1,5,0.1795,0.1813,0.185,0.1813
158.583,1,0.852,-0.75,0.2,5,72.8,20.46,0.1638,0.0107,0.175,-0.002,-0.035,0.159,-2.81,179.11,11.69,1,0.16,1,0.871,12.12,5.19,-3.671,1,5,0.1776,0.1758,0.1795,0.1795
158.614,1,0.855,-0.75,-0.49,5,73.1,20.0,0.152,0.0034,0.175,-0.002,0.017,0.156,-2.81,179.05,11.69,1,0.16,1,0.871,12.12,4.17,-5.725,1,5,0.1757,0.172,0.1738,0.1775
158.646,1,0.861,-0.75,-0.08,5,73.8,20.2,0.1278,0.0175,0.168,0.0,-0.002,0.149,-2.81,179.16,11.69,1,0.16,1,0.869,12.12,5.19,-3.671,1,5,0.1685,0.163,0.174,0.1667
158.685,1,0.865,-0.75,-0.27,5,73.9,20.44,0.1038,0.0087,0.166,0.003,-0.06,0.142,-2.81,179.11,11.69,1,0.16,1,0.869,12.12,5.19,-3.671,1,5,0.1649,0.1685,0.1685,0.1612
158.714,1,0.869,-0.75,-0.37,5,73.3,20.44,0.0987,0.0118,0.164,0.003,-0.029,0.139,-2.81,179.05,11.69,1,0.16,1,0.871,12.12,5.16,-3.671,1,5,0.1635,0.169,0.1653,0.1599
158.747,1,0.876,-0.75,-0.49,5,73.5,20.04,0.0987,0.0136,0.159,-0.0,0.004,0.133,-2.81,178.99,11.69,1,-0.61,1,0.881,12.12,3.71,-4.821,1,5,0.1596,0.1633,0.1541,0.1596
158.78,1,0.868,-1.25,-0.0,5,73.7,20.04,0.0987,0.0155,0.156,-0.002,0.025,0.13,-2.81,179.05,11.69,1,-0.61,1,0.883,12.12,3.74,-3.288,1,5,0.1579,0.156,0.1524,0.1579
158.817,1,0.877,-1.0,-0.36,5,73.7,20.04,0.0987,0.0132,0.147,-0.004,0.086,0.124,-2.809,179.11,11.69,1,-0.61,1,0.888,11.63,4.89,-3.059,1,5,0.1537,0.137,0.1481,0.1481
158.846,1,0.883,-0.75,-0.11,5,74.1,20.44,0.0987,0.0158,0.138,-0.004,-0.106,0.119,-2.809,179.05,11.69,1,-0.61,1,0.884,12.12,3.73,-4.842,1,5,0.148,0.1258,0.1425,0.1369
158.883,1,0.847,-1.25,-0.38,5,73.8,20.46,0.0987,0.0082,0.132,-0.004,-0.085,0.114,-2.809,178.76,11.69,1,-0.61,1,0.884,12.12,3.73,-4.842,1,5,0.1462,0.124,0.1406,0.1332
158.916,1,0.875,-1.75,-0.41,5,74.2,20.46,0.0969,0.0193,0.126,-0.001,-0.036,0.112,-2.809,178.76,11.69,1,-0.61,1,0.88,11.15,2.93,-5.782,1,5,0.1314,0.1184,0.1314,0.1221
158.945,1,0.888,-2.25,-0.56,5,74.4,20.46,0.0969,0.0252,0.115,0.001,-0.051,0.107,-2.809,178.59,11.68,1,-1.36,1,0.89,10.18,4.19,-2.534,1,5,0.1148,0.1074,0.126,0.113
158.985,1,0.876,-2.75,-0.68,5,74.7,20.46,0.0969,0.0328,0.107,0.005,0.002,0.103,-2.809,178.53,11.68,1,-1.36,1,0.89,10.18,4.19,-2.534,1,5,0.1036,0.0999,0.1239,0.1017
159.013,1,0.881,-2.75,-1.07,5,75.0,20.46,0.0969,0.0407,0.106,0.002,-0.03,0.101,-2.809,178.53,11.68,1,-1.36,1,0.898,9.21,1.56,-3.771,1,5,0.1035,0.0961,0.1202,0.1035
159.048,1,0.887,-2.75,-0.99,5,75.4,20.04,0.0969,0.046,0.104,0.0,0.033,0.097,-2.809,178.48,11.68,1,-1.36,1,0.898,9.21,1.56,-3.771,1,5,0.1104,0.0994,0.1104,0.0975
159.117,1,0.888,-2.75,-0.9,5,75.5,20.46,0.0929,0.0433,0.094,0.0,0.001,0.092,-2.809,178.53,11.68,1,-1.36,1,0.828,12.12,4.52,0.0,0,5,0.1049,0.0976,0.0902,0.0829
159.148,1,0.888,-2.75,-0.99,5,75.6,20.04,0.0929,0.0413,0.089,0.002,-0.028,0.088,-2.809,178.48,11.68,1,-3.06,1,0.884,13.09,10.16,-2.264,1,5,0.0906,0.0961,0.0869,0.0832
159.181,1,0.888,-2.75,-1.07,5,75.7,20.0,0.0929,0.0426,0.089,0.003,-0.046,0.086,-2.809,178.48,11.68,1,-3.06,1,0.89,13.09,10.18,-0.727,1,5,0.0831,0.0961,0.0887,0.0887
159.25,1,0.877,-2.75,-0.96,5,75.5,20.46,0.0929,0.0436,0.087,0.002,0.018,0.079,-2.809,178.48,11.68,1,-3.06,1,0.891,13.09,9.21,-2.781,1,5,0.0795,0.0887,0.0887,0.0905
159.279,1,0.877,-2.75,-0.96,5,75.3,20.46,0.0929,0.0417,0.086,0.002,0.018,0.077,-2.809,178.53,11.68,1,-3.06,1,0.891,13.09,9.21,-2.787,1,5,0.0814,0.0888,0.0888,0.0869
159.313,1,0.873,-2.75,-0.76,5,75.0,20.44,0.0929,0.0416,0.087,0.003,0.019,0.074,-2.809,178.53,11.68,1,-3.06,1,0.89,13.09,9.22,-4.185,1,5,0.0829,0.0884,0.0921,0.0865
159.348,1,0.863,-2.25,-1.14,5,74.6,20.2,0.0929,0.038,0.087,0.004,0.025,0.071,-2.809,178.59,11.69,1,-2.73,1,0.89,13.09,9.22,-4.185,1,5,0.0813,0.0883,0.0919,0.0848
159.379,1,0.85,-2.25,-0.53,5,74.7,20.46,0.0929,0.0384,0.085,0.005,0.057,0.069,-2.809,178.65,11.69,1,-2.73,1,0.89,13.09,9.22,-4.185,1,5,0.0777,0.0919,0.0883,0.0813
159.419,1,0.857,-1.75,-0.64,5,74.4,20.46,0.0929,0.0283,0.082,0.007,0.027,0.066,-2.809,178.76,11.69,1,-2.73,1,0.89,13.09,9.22,-4.185,1,5,0.0759,0.0954,0.083,0.0742
159.448,1,0.859,-1.5,-0.69,5,74.2,20.2,0.0929,0.0245,0.083,0.007,0.017,0.063,-2.809,178.82,11.69,1,-2.73,1,0.885,14.54,9.26,-4.482,1,5,0.074,0.098,0.0814,0.0777
159.481,1,0.861,-1.25,-0.69,5,74.0,20.0,0.0929,0.0226,0.083,0.006,0.007,0.061,-2.809,178.82,11.69,1,-2.73,1,0.888,15.03,10.15,-2.442,1,5,0.074,0.0961,0.0814,0.0814
159.515,1,0.86,-0.75,-1.15,5,73.9,20.04,0.0929,0.0206,0.083,0.003,-0.019,0.058,-2.809,178.82,11.69,1,-2.73,1,0.884,15.03,10.14,-3.811,1,5,0.0721,0.0906,0.0814,0.0888
159.547,1,0.865,-1.0,-0.52,5,73.9,20.0,0.0929,0.0237,0.08,0.0,0.028,0.054,-2.809,178.82,11.69,1,-1.84,1,0.884,15.03,10.14,-3.811,1,5,0.0744,0.0872,0.0744,0.0853
159.58,1,0.863,-0.75,-0.49,5,73.2,20.0,0.0929,0.0165,0.08,0.0,0.014,0.051,-2.809,178.82,11.69,1,-1.84,1,0.884,15.03,10.14,-3.811,1,5,0.0745,0.0854,0.0745,0.0836
159.616,1,0.863,-0.75,-0.49,5,73.3,20.0,0.0929,0.0133,0.08,-0.0,0.02,0.05,-2.809,178.88,11.69,1,-1.84,1,0.88,15.51,10.46,-4.406,1,5,0.0799,0.0853,0.0744,0.0817
159.647,1,0.859,-0.75,-0.49,5,73.4,20.0,0.0929,0.014,0.083,0.001,0.014,0.046,-2.809,178.88,11.69,1,-1.84,1,0.884,15.51,10.45,-4.405,1,5,0.0789,0.0844,0.0844,0.0844
159.682,1,0.848,-0.75,-0.56,5,72.9,20.0,0.0929,0.0143,0.086,0.0,0.011,0.044,-2.809,178.93,11.69,1,-1.84,1,0.884,15.51,10.45,-4.405,1,5,0.0825,0.0843,0.088,0.088
159.714,1,0.846,-0.75,-0.57,5,73.5,20.46,0.0929,0.0159,0.086,0.002,0.0,0.041,-2.809,178.93,11.69,1,-1.84,1,0.89,15.51,10.42,-4.399,1,5,0.0825,0.0843,0.0916,0.0861
159.746,1,0.847,-0.75,-0.19,5,73.5,20.46,0.0929,0.0163,0.086,0.003,0.015,0.037,-2.809,178.99,11.69,1,-1.33,1,0.889,15.51,10.39,-4.394,1,5,0.0849,0.0923,0.0849,0.0812
159.779,1,0.847,-0.75,-0.19,5,73.3,20.46,0.0929,0.0097,0.085,0.004,0.006,0.036,-2.809,178.99,11.69,1,-1.33,1,0.889,15.51,10.39,-4.394,1,5,0.0832,0.0961,0.0813,0.0776
159.814,1,0.841,-0.75,-0.19,5,73.1,20.46,0.0929,0.0098,0.083,0.002,-0.048,0.033,-2.809,178.99,11.69,1,-1.33,1,0.886,15.99,9.92,-3.482,1,5,0.0832,0.0961,0.074,0.0777
159.845,1,0.851,-0.75,-0.17,5,73.9,20.44,0.0929,0.0099,0.082,-0.003,0.003,0.029,-2.809,178.99,11.69,1,-1.33,1,0.891,15.99,11.63,-4.618,1,5,0.0814,0.0869,0.0721,0.0887
159.879,1,0.859,-0.75,-0.19,5,74.1,20.46,0.0929,0.0097,0.082,-0.004,0.051,0.028,-2.809,178.99,11.69,1,-1.33,1,0.894,15.51,10.38,-4.39,1,5,0.0795,0.0813,0.0739,0.0924
159.915,1,0.869,-0.5,-0.44,5,74.5,20.2,0.0929,0.0099,0.083,-0.001,-0.002,0.024,-2.809,179.05,11.69,1,-1.33,1,0.896,15.99,10.33,-4.355,1,5,0.0757,0.0849,0.0794,0.0923
159.946,1,0.868,-0.5,-0.44,5,74.8,20.2,0.0929,0.0115,0.084,0.002,0.036,0.021,-2.809,179.05,11.68,1,-0.87,1,0.899,15.99,10.34,-4.361,1,5,0.0776,0.0868,0.085,0.0868
159.979,1,0.864,-0.5,-0.51,5,75.0,20.04,0.0929,0.0116,0.085,0.002,0.026,0.019,-2.809,179.11,11.68,1,-0.87,1,0.899,15.99,10.34,-4.361,1,5,0.0813,0.0887,0.0869,0.085
160.017,1,0.856,-0.5,-0.44,5,75.0,20.44,0.0929,0.0131,0.088,0.002,0.037,0.015,-2.809,179.16,11.68,1,-0.87,1,0.906,15.99,11.29,-3.775,1,5,0.0867,0.0886,0.0904,0.0849
160.048,1,0.838,0.25,-0.11,5,75.1,20.46,0.0929,0.0119,0.088,0.001,0.048,0.012,-2.809,179.34,11.68,1,-0.87,1,0.905,16.48,10.81,-2.863,1,5,0.0903,0.0903,0.0866,0.083
160.078,1,0.858,0.25,0.06,5,75.5,20.46,0.0929,-0.0032,0.087,0.002,-0.016,0.01,-2.809,179.34,11.68,1,-0.87,1,0.901,16.96,11.51,-4.29,1,5,0.0867,0.0959,0.083,0.083
160.115,1,0.856,0.25,-0.32,5,75.8,20.46,0.0929,-0.0052,0.087,0.001,0.018,0.007,-2.809,179.34,11.68,1,-0.87,1,0.893,16.96,13.52,-4.503,1,5,0.0868,0.0961,0.0795,0.085
160.146,1,0.855,0.25,0.06,5,75.7,20.46,0.0929,0.0023,0.085,0.0,-0.004,0.003,-2.809,179.34,11.68,1,-0.35,1,0.911,16.48,11.56,-4.323,1,5,0.0796,0.0925,0.0777,0.0907
160.178,1,0.853,0.75,-0.43,5,75.6,20.46,0.0929,-0.0043,0.085,-0.0,0.041,0.002,-2.809,179.39,11.68,1,-0.35,1,0.911,16.48,11.56,-4.323,1,5,0.0795,0.0906,0.0776,0.0906
160.214,1,0.847,0.75,-0.19,5,75.5,20.0,0.0929,-0.0017,0.082,0.0,0.015,-0.002,-2.809,179.39,11.68,1,-0.35,1,0.908,14.06,3.75,-5.029,1,5,0.074,0.0869,0.0777,0.0888
160.247,1,0.842,0.75,-0.19,5,75.5,20.0,0.0929,-0.0049,0.082,0.004,0.017,-0.005,-2.809,179.45,11.68,1,-0.35,1,0.913,14.06,4.16,0.0,0,5,0.0702,0.0887,0.0832,0.0869
160.279,1,0.849,0.75,-0.12,5,75.3,20.0,0.0929,-0.0047,0.083,0.004,0.062,-0.007,-2.809,179.51,11.68,1,-0.35,1,0.913,14.06,4.16,0.0,0,5,0.0703,0.0869,0.0869,0.0888
160.346,1,0.863,0.75,0.19,5,75.5,20.46,0.0929,-0.0051,0.088,0.001,-0.002,-0.014,-2.809,179.56,11.67,1,-0.01,1,0.916,14.54,4.74,-5.767,1,5,0.0869,0.0943,0.0851,0.0869
160.38,1,0.858,0.75,0.19,5,75.4,20.46,0.0929,-0.0104,0.09,0.0,0.003,-0.016,-2.809,179.56,11.67,1,-0.01,1,0.916,14.54,4.74,-5.767,1,5,0.0925,0.098,0.0832,0.0869
160.444,1,0.854,0.75,0.19,5,74.9,20.46,0.09,-0.0102,0.094,-0.001,-0.023,-0.023,-2.809,179.51,11.67,1,-0.01,1,0.921,14.54,3.76,-7.715,1,5,0.0926,0.0926,0.0945,0.0982
160.481,1,0.852,0.75,0.19,5,74.5,20.46,0.09,-0.0101,0.093,-0.002,0.01,-0.025,-2.809,179.51,11.67,1,-0.01,1,0.921,14.54,3.76,-7.715,1,5,0.0908,0.0889,0.0926,0.0982
160.513,1,0.844,0.75,0.19,5,73.8,20.46,0.09,-0.0101,0.09,-0.001,0.029,-0.029,-2.809,179.56,11.67,1,-0.01,1,0.918,14.06,3.78,-6.438,1,5,0.0871,0.0908,0.0871,0.0964
160.547,1,0.829,1.25,0.19,5,73.4,20.46,0.09,-0.0101,0.09,-0.002,0.051,-0.032,-2.809,179.62,11.67,1,-0.48,1,0.918,14.06,3.78,-6.438,1,5,0.0869,0.0924,0.0832,0.0961
160.58,1,0.843,1.25,0.01,5,73.6,20.0,0.09,-0.0164,0.089,-0.0,0.095,-0.034,-2.809,179.74,11.67,1,-0.48,1,0.917,14.54,3.67,-7.738,1,5,0.0831,0.0924,0.085,0.0942
160.616,1,0.845,1.25,0.39,5,73.7,20.2,0.09,-0.0125,0.087,-0.001,0.005,-0.037,-2.809,179.79,11.67,1,-0.48,1,0.903,15.03,4.04,-6.984,1,5,0.0848,0.0922,0.0793,0.0922
160.643,1,0.848,1.25,0.07,5,73.7,20.0,0.09,-0.0188,0.089,-0.0,-0.016,-0.041,-2.809,179.74,11.67,1,-0.48,1,0.907,15.03,4.97,-4.997,1,5,0.0904,0.0959,0.0812,0.0886
160.679,1,0.842,1.0,0.67,5,73.8,19.97,0.09,-0.0131,0.09,-0.002,0.0,-0.043,-2.809,179.74,11.67,1,-0.48,1,0.907,15.03,4.97,-4.997,1,5,0.0942,0.0923,0.0849,0.0905
160.746,1,0.819,0.75,0.75,5,73.6,20.46,0.09,-0.0203,0.089,-0.0,-0.01,-0.05,-2.809,179.68,11.67,1,-2.22,1,0.898,14.54,4.73,-5.761,1,5,0.087,0.0833,0.0944,0.0926
160.778,1,0.813,0.75,0.8,5,73.5,20.46,0.09,-0.0186,0.089,-0.001,0.011,-0.052,-2.809,179.68,11.67,1,-2.22,1,0.898,14.54,4.73,-5.761,1,5,0.087,0.0852,0.0907,0.0926
160.843,1,0.81,0.75,0.49,5,72.8,20.0,0.09,-0.0203,0.086,-0.003,0.01,-0.059,-2.808,179.62,11.67,1,-2.22,1,0.891,14.54,3.21,-6.909,1,5,0.0887,0.0869,0.0795,0.0887
160.878,1,0.825,0.75,0.38,5,73.0,20.44,0.09,-0.0149,0.086,-0.001,0.05,-0.061,-2.808,179.68,11.67,1,-2.22,1,0.866,17.45,7.28,-7.839,1,5,0.0869,0.0887,0.0814,0.0869
160.914,1,0.818,0.75,0.8,5,73.5,20.46,0.09,-0.0132,0.086,-0.0,0.025,-0.064,-2.808,179.85,11.67,1,-2.22,1,0.901,18.42,12.25,-4.596,1,5,0.0869,0.0832,0.0887,0.0869
160.946,1,0.801,0.75,0.93,5,73.5,20.46,0.09,-0.0206,0.091,-0.001,0.025,-0.068,-2.808,179.85,11.65,1,-3.89,1,0.904,18.42,12.59,-5.184,1,5,0.0906,0.0887,0.0906,0.0924
160.978,1,0.827,1.0,0.51,5,73.7,20.0,0.09,-0.0228,0.094,-0.002,-0.053,-0.07,-2.808,179.79,11.65,1,-3.89,1,0.904,18.42,12.59,-5.184,1,5,0.0943,0.0925,0.0906,0.098
161.045,1,0.848,1.0,0.2,5,73.8,20.2,0.09,-0.0182,0.092,0.001,-0.011,-0.077,-2.808,179.79,11.65,1,-3.89,1,0.888,18.42,12.62,-5.191,1,5,0.0888,0.0925,0.0925,0.0925
161.076,1,0.845,0.75,0.17,5,73.7,20.44,0.09,-0.0128,0.088,0.0,-0.015,-0.079,-2.808,179.74,11.65,1,-3.89,1,0.886,18.42,12.63,-3.916,1,5,0.0869,0.085,0.0924,0.0887
161.143,1,0.822,0.75,0.84,5,73.5,20.44,0.09,-0.0094,0.089,-0.003,-0.009,-0.086,-2.808,179.68,11.65,1,-3.89,1,0.877,17.93,12.37,-3.369,1,5,0.0942,0.0886,0.0831,0.0886
161.177,1,0.82,0.75,0.52,5,73.4,20.46,0.09,-0.0211,0.088,-0.001,-0.009,-0.088,-2.808,179.62,11.65,1,-3.89,1,0.877,17.93,12.37,-3.369,1,5,0.0942,0.0905,0.0831,0.0849
161.245,1,0.823,0.25,0.23,5,74.4,20.2,0.09,-0.0157,0.089,-0.0,0.0,-0.095,-2.808,179.62,11.65,1,-3.89,1,0.867,17.45,10.86,-5.224,1,5,0.0942,0.085,0.0924,0.085
161.277,1,0.832,0.0,0.39,5,74.6,20.44,0.09,-0.0044,0.091,-0.0,-0.041,-0.097,-2.808,179.62,11.65,1,-3.89,1,0.867,17.45,10.86,-5.224,1,5,0.0942,0.0887,0.0924,0.0887
161.314,1,0.837,-0.25,0.07,5,74.6,20.46,0.09,-0.005,0.093,-0.002,0.01,-0.101,-2.808,179.56,11.65,1,-3.89,1,0.862,16.48,11.67,-4.349,1,5,0.0942,0.0923,0.0905,0.096
161.346,1,0.836,-0.25,0.03,5,73.8,20.46,0.09,0.003,0.092,-0.0,-0.01,-0.104,-2.808,179.51,11.65,1,-3.15,1,0.857,16.48,9.74,-5.297,1,5,0.0897,0.0915,0.0915,0.095
161.378,1,0.84,-0.25,-0.1,5,73.6,20.46,0.09,0.0033,0.091,-0.0,0.011,-0.105,-2.808,179.51,11.65,1,-3.15,1,0.857,16.48,9.74,-5.297,1,5,0.0915,0.0898,0.0915,0.0915
161.444,1,0.796,-0.5,-0.14,5,73.1,20.44,0.09,0.0047,0.089,-0.003,0.02,-0.113,-2.807,179.45,11.65,1,-3.15,1,0.836,16.48,9.68,-2.439,1,5,0.0943,0.0906,0.0814,0.0888
161.479,1,0.798,-0.5,-0.15,5,72.7,20.44,0.09,0.0084,0.089,-0.002,0.036,-0.114,-2.807,179.51,11.65,1,-3.15,1,0.836,16.48,9.68,-2.439,1,5,0.0906,0.0888,0.0851,0.0906
161.545,1,0.805,0.0,-0.25,5,73.9,20.56,0.09,0.0076,0.091,-0.001,0.012,-0.122,-2.807,179.68,11.65,1,-3.01,1,0.782,16.48,13.4,4.511,1,5,0.0906,0.0906,0.0887,0.0924
161.577,1,0.821,0.0,-0.11,5,74.1,20.56,0.09,0.0031,0.092,-0.001,-0.018,-0.124,-2.807,179.68,11.65,1,-3.01,1,0.782,16.48,13.4,4.511,1,5,0.0944,0.0944,0.087,0.0925
161.642,1,0.83,0.0,-0.31,5,73.9,20.56,0.09,0.0014,0.093,-0.0,-0.015,-0.129,-2.807,179.62,11.65,1,-3.01,1,0.747,16.48,15.08,0.0,0,5,0.0906,0.0925,0.0925,0.0962
161.677,1,0.833,0.0,-0.42,5,74.0,20.56,0.09,0.005,0.086,0.0,-0.015,-0.132,-2.807,179.56,11.65,1,-3.01,1,0.744,16.48,14.47,0.0,0,5,0.0832,0.0832,0.0906,0.0887
161.713,1,0.834,-0.25,0.01,5,74.0,20.2,0.09,0.007,0.085,0.001,-0.035,-0.136,-2.807,179.51,11.65,1,-3.01,1,0.734,16.48,15.8,0.0,0,5,0.0832,0.0868,0.085,0.0832
161.746,1,0.83,-0.25,-0.03,5,74.0,20.46,0.09,0.0026,0.082,0.002,-0.024,-0.139,-2.807,179.45,11.65,1,0.49,1,0.712,14.54,17.64,0.0,0,5,0.0794,0.0868,0.0813,0.0813
161.777,1,0.827,-0.5,-0.37,5,73.8,20.56,0.09,0.0033,0.083,0.001,0.017,-0.141,-2.807,179.45,11.65,1,0.49,1,0.712,14.54,17.64,0.0,0,5,0.0793,0.0849,0.0849,0.0849
161.844,1,0.83,-0.25,-0.56,5,74.1,20.46,0.09,0.0115,0.086,0.001,-0.005,-0.148,-2.807,179.56,11.65,1,0.49,1,0.729,9.21,14.83,0.0,0,5,0.0886,0.0868,0.0886,0.0812
161.877,1,0.831,-0.25,-0.38,5,74.2,20.46,0.09,0.0116,0.087,0.002,0.03,-0.149,-2.807,179.62,11.65,1,0.49,1,0.729,9.21,14.83,0.0,0,5,0.0887,0.0905,0.0868,0.0813
161.944,1,0.831,-0.25,-0.41,5,74.0,20.46,0.09,0.0087,0.09,0.001,-0.018,-0.157,-2.807,179.51,11.65,1,3.44,1,0.734,8.72,13.66,0.0,0,5,0.0888,0.0906,0.0925,0.0888
161.977,1,0.819,-0.5,-0.37,5,74.0,20.44,0.09,0.0093,0.09,0.001,-0.014,-0.158,-2.807,179.51,11.65,1,3.44,1,0.734,8.72,13.66,0.0,0,5,0.0887,0.0869,0.0943,0.0887
162.043,1,0.818,-0.25,-0.71,5,74.4,20.46,0.09,0.0114,0.087,0.001,-0.011,-0.165,-2.807,179.51,11.65,1,3.44,1,0.719,3.39,11.1,0.0,0,5,0.0832,0.0887,0.0869,0.0887
162.076,1,0.821,-0.5,-0.69,5,74.6,20.2,0.09,0.0142,0.085,0.001,-0.033,-0.167,-2.807,179.45,11.65,1,3.44,1,0.708,3.39,9.53,0.0,0,5,0.0832,0.0887,0.085,0.085
162.115,1,0.819,-0.5,-0.72,5,75.0,20.2,0.09,0.0169,0.087,0.003,0.08,-0.171,-2.808,179.51,11.65,1,3.44,1,0.696,2.91,15.96,0.0,0,5,0.0851,0.0924,0.0887,0.0832
162.146,1,0.844,-0.25,-1.0,5,75.3,20.46,0.09,0.0173,0.089,0.005,0.03,-0.174,-2.808,179.62,11.65,1,5.33,1,0.681,1.45,23.49,0.0,0,5,0.0869,0.0943,0.0924,0.0813
162.176,1,0.849,-0.75,-0.55,5,75.6,20.46,0.09,0.019,0.091,0.005,-0.017,-0.176,-2.808,179.62,11.65,1,5.33,1,0.68,0.0,29.47,0.0,0,5,0.0888,0.0962,0.0943,0.0832
162.243,1,0.835,-0.75,-0.51,5,75.4,20.44,0.09,0.017,0.093,-0.001,0.01,-0.184,-2.808,179.56,11.65,1,5.33,1,0.661,-0.48,37.13,0.0,0,5,0.0907,0.0907,0.0925,0.0962
162.28,1,0.818,-0.75,-0.75,5,75.5,20.44,0.09,0.0161,0.092,-0.002,0.004,-0.185,-2.808,179.56,11.65,1,5.33,1,0.661,-0.48,37.13,0.0,0,5,0.0888,0.0888,0.0906,0.098
162.345,1,0.871,-0.75,-0.73,5,75.3,20.0,0.09,0.02,0.089,-0.0,-0.006,-0.192,-2.808,179.68,11.64,1,8.6,1,0.662,-3.39,51.17,0.0,0,5,0.0851,0.0943,0.0851,0.0943
162.38,1,0.874,-0.75,-0.53,5,75.4,20.2,0.09,0.0196,0.09,-0.001,0.003,-0.194,-2.807,179.68,11.64,1,8.6,1,0.662,-3.39,51.17,0.0,0,5,0.0887,0.0961,0.0813,0.0924
162.444,1,0.862,-0.75,-0.65,5,75.2,20.0,0.09,0.0161,0.092,0.0,0.003,-0.202,-2.808,179.79,11.64,1,8.6,1,0.68,-7.76,58.44,0.0,0,5,0.0906,0.0943,0.0832,0.0924
162.476,1,0.875,-1.0,-0.92,5,75.2,20.0,0.09,0.0182,0.094,0.002,-0.042,-0.204,-2.808,179.74,11.64,1,8.6,1,0.68,-7.76,58.44,0.0,0,5,0.0924,0.0998,0.0924,0.0924
162.514,1,0.889,-0.75,-1.54,5,75.1,20.2,0.09,0.0257,0.095,0.002,-0.009,-0.207,-2.808,179.74,11.64,1,8.6,1,0.68,-7.76,58.44,0.0,0,5,0.0943,0.098,0.0961,0.0924
162.547,1,0.869,-1.0,-0.7,5,74.9,20.2,0.09,0.0333,0.093,0.0,0.009,-0.211,-2.807,179.74,11.64,1,16.41,1,0.643,-17.45,60.58,0.0,0,5,0.0942,0.0923,0.0942,0.0923
162.58,1,0.853,-1.0,-0.72,5,74.9,20.2,0.09,0.0218,0.091,-0.001,0.003,-0.213,-2.807,179.74,11.64,1,16.41,1,0.643,-17.45,60.58,0.0,0,5,0.0906,0.0887,0.0906,0.0924
162.613,1,0.85,-0.75,-1.01,5,74.5,20.2,0.09,0.022,0.09,-0.0,0.009,-0.217,-2.807,179.79,11.64,1,16.41,1,0.656,-22.78,62.63,0.0,0,5,0.0862,0.0917,0.088,0.0954
162.644,1,0.867,-0.75,-0.83,5,74.6,20.2,0.09,0.024,0.089,-0.001,0.021,-0.22,-2.807,179.79,11.64,1,16.41,1,0.647,-24.72,64.17,0.0,0,5,0.0844,0.0936,0.0807,0.0954
162.677,1,0.859,-0.75,-0.43,5,74.2,20.44,0.09,0.021,0.088,-0.002,-0.001,-0.222,-2.807,179.79,11.64,1,16.41,1,0.647,-24.72,64.17,0.0,0,5,0.0856,0.0947,0.0783,0.0947
162.711,1,0.862,-1.0,-1.35,5,74.2,20.0,0.09,0.014,0.086,0.0,0.035,-0.225,-2.807,179.85,11.64,1,16.41,1,0.649,-30.54,65.71,0.0,0,5,0.0837,0.0946,0.0782,0.0891
162.747,1,0.863,-0.75,-1.26,5,74.3,20.44,0.09,0.0332,0.09,0.003,0.031,-0.229,-2.808,179.97,11.64,1,23.31,1,0.649,-30.54,65.71,0.0,0,5,0.0854,0.0964,0.08,0.0873
162.813,1,0.875,-1.0,-1.27,5,74.1,20.44,0.09,0.0284,0.093,0.004,0.04,-0.233,-2.808,179.97,11.64,1,23.31,1,0.637,-36.35,67.01,0.0,0,5,0.0948,0.1003,0.0948,0.0839
162.843,1,0.862,-0.75,-0.93,5,74.0,20.46,0.09,0.0316,0.097,0.002,-0.011,-0.237,-2.808,179.97,11.64,1,23.31,1,0.633,-38.29,67.36,0.0,0,5,0.098,0.0998,0.098,0.0925
162.879,1,0.86,-0.5,-1.2,5,73.4,20.2,0.09,0.0226,0.095,0.0,0.008,-0.239,-2.808,179.97,11.64,1,23.31,1,0.633,-38.29,67.36,0.0,0,5,0.0926,0.0944,0.0962,0.098
162.914,1,0.83,-0.5,-0.76,5,73.3,20.2,0.09,0.0244,0.094,-0.0,0.04,-0.243,-2.808,-179.91,11.64,1,23.31,1,0.651,-44.59,66.97,0.0,0,5,0.086,0.097,0.0897,0.1025
162.943,1,0.8,-0.25,-0.63,5,72.6,20.44,0.09,0.0171,0.088,-0.0,0.056,-0.246,-2.808,-179.79,11.64,1,23.31,1,0.65,-44.59,66.48,0.0,0,5,0.0777,0.0944,0.0814,0.0999
162.974,1,0.782,0.0,-0.37,5,72.3,20.2,0.09,0.0118,0.087,-0.001,0.035,-0.248,-2.808,-179.74,11.63,1,28.01,1,0.648,-45.56,67.05,0.0,0,5,0.0758,0.0962,0.0758,0.0999
163.011,1,0.794,-0.25,-0.27,5,71.3,20.2,0.09,0.0049,0.084,-0.002,-0.002,-0.251,-2.807,-179.74,11.63,1,28.01,1,0.648,-45.56,67.05,0.0,0,5,0.0721,0.0924,0.0721,0.0998
163.047,1,0.81,-0.25,-0.44,5,71.5,20.2,0.09,0.0066,0.087,0.001,0.086,-0.255,-2.808,-179.56,11.63,1,28.01,1,0.608,-45.56,66.82,0.0,0,5,0.0739,0.0961,0.0758,0.0979
163.076,1,0.801,-0.25,0.06,5,72.5,20.46,0.09,0.0097,0.09,0.002,0.068,-0.257,-2.808,-179.51,11.63,1,28.01,1,0.612,-44.59,66.28,0.0,0,5,0.0829,0.0994,0.0847,0.0921
163.111,1,0.801,-0.25,0.26,5,72.5,20.46,0.09,0.0011,0.091,0.001,-0.016,-0.26,-2.808,-179.51,11.63,1,28.01,1,0.618,-43.62,65.88,0.0,0,5,0.0903,0.0977,0.0866,0.0885
163.148,1,0.816,-0.25,-0.78,5,72.5,20.46,0.09,-0.0024,0.091,-0.003,0.032,-0.264,-2.808,-179.45,11.63,1,33.03,1,0.612,-41.68,64.66,0.0,0,5,0.0887,0.0924,0.0832,0.0998
163.176,1,0.841,-0.25,-0.78,5,72.7,20.46,0.09,0.0157,0.09,-0.005,0.041,-0.266,-2.807,-179.39,11.63,1,33.03,1,0.655,-38.78,64.43,0.0,0,5,0.087,0.0888,0.0814,0.1036
163.21,1,0.812,-0.25,-0.68,5,72.5,20.56,0.09,0.0159,0.092,-0.006,0.036,-0.269,-2.807,-179.28,11.63,1,33.03,1,0.627,-36.84,64.02,0.0,0,5,0.0851,0.0925,0.0814,0.111
163.244,1,0.785,-0.25,-0.84,5,72.5,20.46,0.09,0.0141,0.092,-0.007,0.052,-0.273,-2.807,-179.22,11.63,1,33.03,1,0.658,-32.96,63.5,0.0,0,5,0.0869,0.0888,0.0814,0.111
163.276,1,0.762,-0.25,0.64,5,72.8,20.46,0.09,0.017,0.092,-0.006,0.047,-0.275,-2.807,-179.16,11.63,1,33.03,1,0.658,-32.96,63.5,0.0,0,5,0.0869,0.0924,0.0795,0.1109
163.309,1,0.753,0.0,0.24,5,73.6,20.57,0.09,-0.0089,0.092,-0.004,0.035,-0.279,-2.807,-179.05,11.63,1,33.03,1,0.648,-27.14,64.21,0.0,0,5,0.0906,0.098,0.0776,0.1017
163.344,1,0.722,-0.25,-0.03,5,74.0,20.57,0.09,-0.0049,0.092,-0.001,0.048,-0.282,-2.807,-179.05,11.62,1,37.49,1,0.626,-24.72,64.24,0.0,0,5,0.0943,0.1054,0.0777,0.0925
163.377,1,0.632,-0.25,-1.77,4,74.2,20.25,0.09,0.0032,0.092,0.0,-0.017,-0.284,-2.807,-179.05,11.62,1,37.49,1,0.626,-24.72,64.24,0.0,0,5,0.0962,0.1017,0.0814,0.0869
163.408,1,0.623,-0.25,-2.13,4,73.9,20.52,0.09,0.0334,0.092,-0.0,-0.012,-0.288,-2.807,-179.11,11.62,1,37.49,1,0.64,-23.75,61.64,0.0,0,5,0.0944,0.0907,0.0926,0.0907
163.445,1,0.591,-0.5,1.28,4,72.8,24.03,0.09,0.0395,0.093,-0.002,-0.019,-0.292,-2.807,-179.11,11.62,1,37.49,1,0.64,-23.75,61.64,0.0,0,5,0.0907,0.0833,0.0981,0.0981
163.475,1,0.538,-0.5,1.73,4,72.1,25.1,0.09,-0.0169,0.093,-0.002,0.007,-0.293,-2.807,-179.11,11.62,1,37.49,1,0.64,-23.75,61.64,0.0,0,5,0.0888,0.0851,0.0962,0.0999
163.509,1,0.507,-0.5,0.33,4,72.2,21.41,0.09,-0.0251,0.091,-0.003,0.017,-0.297,-2.807,-179.05,11.62,1,37.49,1,0.668,-15.99,60.68,0.0,0,5,0.0887,0.0869,0.0887,0.098
163.543,1,0.504,-0.25,0.76,4,72.5,21.9,0.09,-0.0009,0.09,-0.002,0.013,-0.299,-2.807,-179.05,11.62,1,37.49,1,0.668,-15.99,60.68,0.0,0,5,0.0887,0.0887,0.0869,0.0943
163.577,1,0.446,-0.25,-0.1,3,73.1,23.73,0.09,-0.0116,0.088,-0.001,0.033,-0.302,-2.807,-178.99,11.62,1,42.54,1,0.668,-15.99,60.68,0.0,0,5,0.0888,0.0869,0.0869,0.0906
163.61,1,0.386,0.0,3.7,3,73.4,26.37,0.09,0.0036,0.087,0.001,-0.039,-0.306,-2.807,-178.99,11.62,1,42.54,1,0.706,-13.57,57.34,0.0,0,5,0.0851,0.087,0.0888,0.087
163.642,1,0.328,-0.5,5.4,3,73.6,26.37,0.09,-0.0656,0.088,0.002,-0.033,-0.309,-2.807,-179.11,11.62,1,42.54,1,0.765,-12.6,54.68,0.0,0,5,0.0888,0.0944,0.0851,0.0833
163.677,1,0.316,-1.25,10.44,3,73.7,27.42,0.09,-0.0888,0.09,0.001,0.033,-0.311,-2.807,-179.11,11.62,1,42.54,1,0.765,-12.6,54.68,0.0,0,5,0.0924,0.0961,0.0851,0.0851
163.71,1,0.271,-1.5,0.0,2,75.0,25.98,0.09,-0.1682,0.092,0.0,-0.013,-0.315,-2.807,-179.05,11.62,1,42.54,1,0.802,-7.27,54.02,0.0,0,5,0.0961,0.0943,0.0906,0.0887
163.746,1,0.246,-1.5,0.0,2,75.3,28.62,0.09,0.0159,0.091,-0.001,-0.014,-0.319,-2.807,-179.11,11.62,1,44.94,1,0.793,-5.82,54.1,0.0,0,5,0.0906,0.0814,0.098,0.0924
163.776,1,0.223,-2.25,0.0,2,75.8,30.45,0.09,0.0154,0.088,-0.001,-0.057,-0.32,-2.807,-179.16,11.62,1,44.94,1,0.793,-5.82,54.1,0.0,0,5,0.0907,0.0777,0.0962,0.0888
163.809,1,0.217,-2.75,0.0,2,75.8,30.98,0.09,0.0236,0.087,-0.001,-0.103,-0.324,-2.807,-179.39,11.62,1,44.94,1,0.821,-1.94,51.61,0.0,0,5,0.0944,0.074,0.0981,0.0814
163.843,1,0.129,-0.75,0.0,1,74.4,28.45,0.09,0.0282,0.089,-0.002,-0.058,-0.327,-2.807,-179.56,11.62,1,44.94,1,0.845,0.0,51.63,0.0,0,5,0.1036,0.0758,0.098,0.0777
163.876,1,0.091,1.25,0.0,1,71.1,33.44,0.078,0.0282,0.089,0.0,-0.027,-0.329,-2.807,-179.56,11.62,1,44.94,1,0.845,0.0,51.63,0.0,0,5,0.0999,0.0777,0.0999,0.0777
163.907,1,0.06,4.24,0.0,1,66.7,38.43,0.0538,0.0282,0.087,-0.0,-0.008,-0.333,-2.807,-179.62,11.62,1,44.94,1,0.849,5.33,51.78,0.0,0,5,0.0957,0.0865,0.0865,0.0791
163.942,1,0.053,8.49,0.0,1,61.9,38.93,0.045,0.0282,0.085,0.003,-0.044,-0.336,-2.808,-179.62,11.62,1,42.71,1,0.853,8.24,52.23,0.0,0,5,0.086,0.0951,0.0805,0.0768
163.975,1,0.046,12.23,0.0,1,61.5,40.43,0.045,0.0282,0.085,0.004,-0.017,-0.338,-2.808,-179.68,11.62,1,42.71,1,0.853,8.24,52.23,0.0,0,5,0.0842,0.097,0.0805,0.0769
164.008,1,0.049,15.97,0.0,1,60.7,37.93,0.045,0.0282,0.082,0.004,-0.027,-0.341,-2.808,-179.62,11.62,1,42.71,1,0.842,15.03,53.44,0.0,0,5,0.0764,0.0855,0.0874,0.0801
164.042,1,0.098,19.22,0.0,2,59.5,27.53,0.045,0.0282,0.076,0.0,0.007,-0.344,-2.808,-179.68,11.62,1,42.71,1,0.83,16.96,54.45,0.0,0,5,0.071,0.0764,0.0892,0.0819
164.076,1,0.034,32.96,0.0,1,58.8,18.46,0.045,0.0282,0.069,-0.0,-0.013,-0.345,-2.808,-179.68,11.62,1,42.71,1,0.83,16.96,54.45,0.0,0,5,0.0659,0.0604,0.0769,0.0732
164.108,1,0.031,34.28,0.0,1,59.7,15.82,0.0208,-0.2136,0.06,-0.001,-0.023,-0.347,-2.808,-179.74,11.62,1,42.71,1,0.82,20.84,54.44,0.0,0,5,0.061,0.0555,0.0629,0.061
164.142,1,0.023,35.6,0.0,1,60.2,13.18,0.0,-0.4539,0.052,-0.0,0.006,-0.349,-2.808,-179.68,11.62,1,42.71,1,0.797,25.2,54.79,0.0,0,5,0.0591,0.0554,0.0554,0.0554
164.175,1,0.063,28.7,0.0,1,59.0,22.46,0.0,-0.5721,0.048,-0.001,0.001,-0.35,-2.808,-179.68,11.62,1,41.96,1,0.797,25.2,54.79,0.0,0,5,0.0499,0.0462,0.0481,0.0481
164.21,1,0.069,28.2,0.0,1,58.6,23.46,0.0,-0.6,0.03,-0.002,-0.109,-0.35,-2.808,-179.91,11.62,1,41.96,1,0.763,28.6,57.67,0.0,0,5,0.0462,0.0148,0.0425,0.0185
164.241,1,0.069,28.7,0.0,1,58.2,22.46,0.0,-0.6,0.013,-0.001,-0.335,-0.35,-2.808,179.39,11.62,1,41.96,1,0.763,28.6,57.67,0.0,0,5,0.0462,-0.0055,0.0444,0.0
164.275,0,0.0,0.0,0.0,0,59.0,0.0,0.0,-0.6,0.008,-0.002,-0.428,-0.35,-2.808,178.93,11.62,1,41.96,1,0.763,28.6,57.67,0.0,0,5,0.061,-0.0425,0.0554,-0.0406
164.307,1,0.021,34.02,0.0,1,58.8,16.35,0.0,-0.6,0.002,0.0,-0.551,-0.35,-2.808,177.67,11.62,1,41.96,1,0.783,23.27,54.77,0.0,0,5,0.0739,-0.0702,0.0739,-0.0702
164.341,1,0.121,21.21,0.0,2,58.2,25.51,0.0,-0.6,-0.004,0.002,-0.556,-0.35,-2.808,176.3,11.62,1,41.96,1,0.819,19.39,52.61,0.0,0,5,0.0832,-0.0814,0.0832,-0.0851
164.375,1,0.139,17.97,0.0,2,60.0,28.34,0.0,-0.6,-0.007,0.002,-0.506,-0.35,-2.808,175.67,11.61,1,41.96,1,0.819,19.39,52.61,0.0,0,5,0.0874,-0.0984,0.0893,-0.1057
164.41,1,0.19,15.22,42.14,3,59.7,24.26,0.0,-0.6,-0.01,-0.001,-0.486,-0.349,-2.808,174.52,11.61,1,41.96,1,0.809,11.63,48.16,0.0,0,5,0.0929,-0.1057,0.0838,-0.1112
164.444,1,0.171,11.98,0.0,2,62.1,24.86,0.0,-0.6,-0.008,-0.002,-0.541,-0.349,-2.808,173.38,11.61,1,41.96,1,0.859,8.72,45.33,0.0,0,5,0.0947,-0.1002,0.0783,-0.1093
164.477,1,0.288,8.73,43.94,3,64.6,27.95,0.007,-0.0422,-0.006,-0.002,-0.534,-0.349,-2.808,172.75,11.61,1,41.96,1,0.881,5.82,42.7,0.0,0,5,0.0944,-0.0962,0.0796,-0.1036
164.51,1,0.298,5.24,45.36,3,65.7,30.59,0.0211,-0.1277,-0.005,0.0,-0.565,-0.349,-2.808,171.49,11.61,1,41.96,1,0.892,1.45,39.71,0.0,0,5,0.0925,-0.0962,0.087,-0.1036
164.542,1,0.319,0.75,48.5,3,67.1,34.44,0.0351,-0.2126,-0.006,0.0,-0.605,-0.349,-2.808,170.17,11.61,1,41.96,1,0.924,-1.94,37.09,0.0,0,5,0.0888,-0.1036,0.0925,-0.0999
164.576,1,0.431,-2.99,47.44,4,69.1,31.97,0.042,-0.2544,-0.006,-0.001,-0.566,-0.348,-2.808,169.48,11.61,1,44.96,1,0.924,-1.94,37.09,0.0,0,5,0.087,-0.1036,0.0907,-0.0962
164.608,1,0.503,-5.99,46.84,4,71.5,31.88,0.0561,-0.3397,-0.004,-0.003,-0.415,-0.348,-2.807,168.39,11.61,1,44.96,1,0.869,-11.63,27.04,0.0,0,5,0.0795,-0.0943,0.0814,-0.0814
164.642,1,0.537,-6.99,45.86,4,72.6,30.42,0.0704,-0.4268,0.001,-0.006,-0.314,-0.348,-2.807,167.65,11.61,1,44.96,1,0.91,-14.54,21.37,0.0,0,5,0.0776,-0.0757,0.0646,-0.0628
164.674,1,0.606,-7.99,45.8,4,73.8,29.64,0.077,-0.4664,0.006,-0.008,-0.33,-0.349,-2.807,167.3,11.61,1,44.96,1,0.919,-16.96,17.42,0.0,0,5,0.0794,-0.0665,0.0628,-0.0517
164.712,1,0.624,-8.49,45.05,4,74.5,29.49,0.09,-0.5455,0.023,-0.009,-0.267,-0.35,-2.806,166.62,11.61,1,44.96,1,0.924,-18.9,14.38,0.0,0,5,0.0924,-0.0425,0.0703,-0.0277
164.742,1,0.687,-8.49,44.39,5,75.0,28.03,0.09,-0.5455,0.048,-0.007,-0.343,-0.353,-2.805,165.87,11.61,1,44.96,1,0.932,-19.87,11.0,0.0,0,5,0.1128,-0.0166,0.098,-0.0037
164.775,1,0.684,-8.98,44.67,5,75.0,27.78,0.09,-0.5455,0.058,-0.005,-0.404,-0.354,-2.805,165.41,11.61,1,44.96,1,0.932,-19.87,11.0,0.0,0,5,0.1258,-0.0056,0.1129,0.0
164.808,1,0.694,-8.73,43.62,5,74.7,27.44,0.09,-0.5455,0.077,-0.001,-0.49,-0.358,-2.804,164.32,11.61,1,44.96,1,0.943,-21.81,4.69,0.0,0,5,0.1518,0.0056,0.1462,0.0037
164.841,1,0.693,-8.73,43.15,5,74.1,26.67,0.09,-0.5455,0.086,0.001,-0.544,-0.361,-2.803,163.06,11.61,1,44.96,1,0.947,-22.78,1.38,0.0,0,5,0.1611,0.0056,0.1611,0.0
164.875,1,0.687,-9.23,43.0,5,73.1,26.27,0.09,-0.5455,0.089,0.0,-0.552,-0.363,-2.803,162.43,11.61,1,44.96,1,0.947,-22.78,1.38,0.0,0,5,0.1775,0.0,0.1793,0.0
164.909,1,0.673,-9.73,42.47,5,72.1,25.69,0.09,-0.5455,0.094,0.001,-0.53,-0.367,-2.801,161.23,11.61,1,44.96,1,0.938,-25.69,-7.28,4.225,1,5,0.1847,0.0,0.1903,0.0
164.943,1,0.662,-9.98,42.06,5,71.6,25.69,0.09,-0.5455,0.097,0.002,-0.55,-0.371,-2.8,159.97,11.6,1,44.96,1,0.949,-26.66,-12.79,1.67,1,5,0.1902,0.0,0.1975,0.0
164.975,1,0.671,-8.98,41.13,5,71.5,25.11,0.09,-0.5455,0.096,0.002,-0.514,-0.372,-2.8,159.4,11.6,1,44.96,1,0.949,-26.66,-12.79,1.67,1,5,0.1884,0.0,0.1976,0.0
165.01,1,0.732,-9.48,40.17,5,71.2,25.11,0.09,-0.5455,0.095,0.0,-0.538,-0.376,-2.798,158.19,11.6,1,44.96,1,0.958,-29.57,-20.6,0.0,0,5,0.1884,0.0,0.1903,0.0
165.041,1,0.739,-10.23,39.96,5,71.0,24.52,0.09,-0.5455,0.093,-0.002,-0.47,-0.379,-2.797,157.05,11.6,1,44.96,1,0.969,-30.54,-23.94,0.0,0,5,0.1902,0.0,0.1828,0.0
165.075,1,0.743,-9.73,38.4,5,71.0,24.48,0.09,-0.5455,0.094,-0.0,-0.518,-0.381,-2.796,156.47,11.6,1,44.96,1,0.973,-32.47,-27.72,0.0,0,5,0.1884,0.0,0.1866,0.0
165.109,1,0.742,-10.48,38.17,5,70.7,23.94,0.09,-0.5455,0.094,0.0,-0.526,-0.384,-2.794,155.21,11.6,1,44.96,1,0.977,-33.93,-30.53,0.0,0,5,0.1867,0.0,0.1885,0.0
165.145,1,0.74,-10.73,37.01,5,69.9,23.87,0.09,-0.5455,0.093,0.002,-0.561,-0.386,-2.794,154.58,11.6,1,44.96,1,0.977,-33.93,-30.53,0.0,0,5,0.1813,0.0,0.1905,0.0
165.174,1,0.748,-10.48,35.73,5,70.0,23.34,0.09,-0.5455,0.092,0.0,-0.505,-0.389,-2.792,153.38,11.6,1,44.96,1,0.969,-37.32,-38.34,0.0,0,5,0.1848,0.0,0.1848,0.0
165.212,1,0.744,-11.48,35.29,5,69.8,23.87,0.09,-0.528,0.096,-0.001,-0.504,-0.393,-2.79,152.23,11.6,1,44.96,1,0.971,-39.26,-41.11,0.0,0,5,0.194,0.0,0.1884,0.0
165.242,1,0.75,-11.73,33.69,5,69.7,22.78,0.09,-0.5091,0.096,-0.001,-0.497,-0.396,-2.788,151.09,11.6,1,44.96,1,0.971,-41.2,-43.25,0.0,0,5,0.194,0.0018,0.1866,0.0
165.274,1,0.768,-11.48,32.84,5,69.8,23.26,0.09,-0.4788,0.093,-0.0,-0.565,-0.398,-2.788,150.46,11.6,1,44.96,1,0.97,-43.14,-45.72,0.0,0,5,0.1866,0.0018,0.1847,0.0
165.308,1,0.771,-12.48,31.37,5,70.3,22.78,0.09,-0.4682,0.089,0.001,-0.486,-0.401,-2.786,149.2,11.6,1,44.96,1,0.968,-45.56,-48.01,0.0,0,5,0.1736,0.0037,0.1755,0.0018
165.342,1,0.78,-13.48,30.61,5,70.6,22.19,0.0909,-0.4312,0.091,0.001,-0.446,-0.402,-2.785,148.68,11.6,1,44.96,1,0.957,-47.98,-50.61,0.0,0,5,0.1755,0.0037,0.1792,0.0037
165.374,1,0.79,-13.98,29.91,5,70.6,22.65,0.0954,-0.4064,0.092,-0.001,-0.516,-0.406,-2.783,147.54,11.6,1,44.96,1,0.935,-49.92,-52.36,0.0,0,5,0.1828,0.0018,0.1791,0.0037
165.409,1,0.802,-13.73,28.14,5,71.4,22.65,0.0997,-0.3906,0.091,-0.0,-0.482,-0.409,-2.781,146.45,11.6,1,44.96,1,0.935,-49.92,-52.36,0.0,0,5,0.1811,0.0018,0.1793,0.0018
165.442,1,0.829,-13.48,26.67,5,72.8,21.67,0.1067,-0.364,0.088,-0.0,-0.506,-0.41,-2.78,145.88,11.6,1,44.96,1,0.935,-49.92,-52.36,0.0,0,5,0.1776,0.0019,0.1739,0.0
165.477,1,0.844,-13.73,25.39,5,73.5,21.67,0.1168,-0.3751,0.089,-0.002,-0.392,-0.413,-2.778,144.84,11.6,1,44.96,1,0.914,-53.8,-55.68,0.0,0,5,0.1745,0.0092,0.1653,0.0073
165.514,1,0.847,-14.47,24.87,5,73.5,21.67,0.1269,-0.3856,0.094,-0.002,-0.4,-0.416,-2.775,143.98,11.6,1,44.96,1,0.885,-52.83,-55.1,0.0,0,5,0.1674,0.0164,0.1674,0.0255
165.541,1,0.843,-14.72,23.93,5,72.9,21.67,0.1301,-0.3778,0.098,-0.003,-0.366,-0.418,-2.774,143.53,11.6,1,32.75,1,0.92,-50.41,-54.59,0.0,0,5,0.1655,0.0236,0.1655,0.0364
165.575,1,0.841,-14.97,23.32,5,72.7,21.11,0.1357,-0.3746,0.104,-0.002,-0.369,-0.421,-2.771,142.72,11.6,1,32.75,1,0.92,-50.41,-54.59,0.0,0,5,0.1631,0.033,0.1704,0.0477
165.608,1,0.83,-14.23,21.42,5,72.2,21.46,0.1394,-0.3715,0.111,-0.005,-0.385,-0.425,-2.768,141.81,11.6,1,32.75,1,0.875,-44.11,-47.81,0.0,0,5,0.1775,0.0388,0.1738,0.0555
165.64,1,0.833,-14.72,20.44,5,72.7,21.42,0.1463,-0.3595,0.124,-0.006,-0.309,-0.429,-2.764,140.95,11.6,1,32.75,1,0.969,-42.65,-48.26,0.0,0,5,0.1858,0.0442,0.1803,0.057
165.676,1,0.83,-15.22,19.94,5,71.9,21.67,0.1568,-0.3583,0.131,-0.006,-0.36,-0.431,-2.763,140.55,11.6,1,32.75,1,0.969,-42.65,-48.26,0.0,0,5,0.2025,0.0552,0.1951,0.0699
165.706,1,0.841,-15.97,19.67,5,71.7,21.11,0.1598,-0.3481,0.139,-0.005,-0.412,-0.435,-2.759,139.63,11.6,1,32.75,1,0.906,-34.9,-39.47,0.0,0,5,0.2098,0.0662,0.2024,0.0791
165.74,1,0.854,-16.72,18.92,5,72.0,21.11,0.1614,-0.3377,0.144,-0.005,-0.388,-0.438,-2.757,139.17,11.6,1,32.75,1,0.986,-32.96,-36.56,0.0,0,5,0.2108,0.0703,0.2071,0.0869
165.775,1,0.864,-16.72,17.99,5,73.1,21.11,0.1659,-0.3212,0.147,-0.005,-0.371,-0.44,-2.755,138.71,11.6,1,20.75,1,0.986,-32.96,-36.56,0.0,0,5,0.2126,0.074,0.2089,0.0906
165.807,1,0.87,-16.72,17.59,5,73.8,20.81,0.1715,-0.3119,0.16,-0.002,-0.362,-0.447,-2.748,137.62,11.6,1,20.75,1,0.96,-27.14,-32.82,0.0,0,5,0.2248,0.094,0.2211,0.0995
165.843,1,0.863,-16.22,16.12,5,73.6,20.46,0.174,-0.3074,0.16,-0.002,-0.362,-0.447,-2.748,137.62,11.6,1,20.75,1,0.969,-24.23,-27.58,0.0,0,5,0.2248,0.094,0.2211,0.0995
165.875,1,0.854,-16.47,15.69,5,73.0,20.56,0.1808,-0.2893,0.167,-0.0,-0.307,-0.453,-2.743,136.88,11.6,1,20.75,1,0.964,-21.81,-22.11,0.0,0,5,0.2274,0.1101,0.2238,0.1083
165.908,1,0.832,-15.72,15.96,5,72.5,21.11,0.1854,-0.2831,0.175,0.0,-0.291,-0.458,-2.738,136.25,11.6,1,20.75,1,0.948,-18.42,-17.39,0.0,0,5,0.2283,0.1287,0.2229,0.1214
165.943,1,0.829,-14.97,15.05,5,72.4,20.56,0.1838,-0.2967,0.184,0.005,-0.263,-0.464,-2.733,135.62,11.59,1,8.75,1,0.923,-14.54,-11.51,-0.088,1,5,0.2275,0.1424,0.2349,0.1295
165.974,1,0.844,-14.72,13.8,5,72.5,20.81,0.1892,-0.2904,0.187,0.005,-0.302,-0.467,-2.73,135.28,11.59,1,8.75,1,0.923,-14.54,-11.51,-0.088,1,5,0.2311,0.1449,0.2385,0.1339
166.008,1,0.842,-14.72,13.29,5,73.0,20.46,0.1968,-0.2686,0.187,0.002,-0.237,-0.472,-2.725,134.59,11.59,1,8.75,1,0.923,-14.54,-11.51,-0.088,1,5,0.2328,0.1357,0.242,0.1375
166.041,1,0.829,-14.47,12.53,5,72.5,20.44,0.1999,-0.2578,0.188,-0.002,-0.226,-0.474,-2.722,134.36,11.59,1,8.75,1,0.923,-14.54,-11.51,-0.088,1,5,0.2383,0.1301,0.2419,0.1411
166.074,1,0.817,-14.23,11.38,5,71.8,20.44,0.2044,-0.2443,0.195,-0.001,-0.328,-0.48,-2.716,133.67,11.59,1,8.75,1,0.733,0.48,12.54,3.932,1,5,0.244,0.1405,0.2458,0.1479
166.109,1,0.81,-14.23,10.7,5,71.4,20.81,0.2114,-0.2208,0.205,0.004,-0.257,-0.486,-2.71,132.98,11.59,1,8.75,1,0.856,3.88,21.16,0.0,0,5,0.2459,0.1627,0.2552,0.1572
166.145,1,0.813,-14.23,10.91,5,71.6,20.44,0.2146,-0.2028,0.209,0.006,-0.245,-0.492,-2.704,132.41,11.59,1,8.75,1,0.867,5.82,27.26,0.0,0,5,0.2418,0.1716,0.2584,0.1643
166.175,1,0.833,-11.73,9.16,5,73.1,20.44,0.2142,-0.2085,0.21,0.005,-0.225,-0.495,-2.701,132.18,11.59,1,-3.25,1,0.856,8.72,28.2,0.0,0,5,0.2436,0.1698,0.2602,0.1661
166.212,1,0.85,-12.98,9.29,5,73.3,20.44,0.1901,-0.1593,0.211,0.0,-0.2,-0.501,-2.695,131.67,11.59,1,-3.25,1,0.8,14.54,34.07,0.0,0,5,0.2511,0.168,0.2548,0.1698
166.244,1,0.847,-13.23,8.97,5,73.5,20.81,0.1659,-0.1189,0.214,-0.001,-0.258,-0.503,-2.691,131.44,11.59,1,-3.25,1,0.835,16.48,39.32,0.0,0,5,0.257,0.1738,0.2533,0.1738
166.308,1,0.831,-12.98,8.47,5,72.8,20.44,0.13,-0.0654,0.222,0.005,-0.147,-0.516,-2.678,130.52,11.59,1,-3.25,1,0.834,17.93,42.41,0.0,0,5,0.2459,0.1941,0.2607,0.1886
166.339,1,0.821,-12.98,7.88,5,71.2,20.56,0.1183,-0.0442,0.216,0.006,-0.107,-0.521,-2.672,130.23,11.59,1,-3.25,1,0.843,17.45,41.29,0.0,0,5,0.2387,0.1906,0.2609,0.1924
166.376,1,0.813,-13.48,8.94,5,70.7,20.56,0.0943,-0.0213,0.212,0.006,-0.15,-0.524,-2.669,130.06,11.59,1,-1.2,1,0.843,17.45,41.29,0.0,0,5,0.2311,0.183,0.2533,0.1812
166.41,1,0.815,-13.98,8.4,5,71.3,20.81,0.09,-0.0338,0.207,0.004,-0.197,-0.529,-2.662,129.66,11.59,1,-1.2,1,0.834,13.57,36.6,0.0,0,5,0.233,0.1813,0.2404,0.1739
166.439,1,0.828,-12.98,7.02,5,72.5,20.56,0.09,-0.0183,0.203,0.002,-0.17,-0.532,-2.659,129.43,11.59,1,-1.2,1,0.854,10.66,33.38,0.0,0,5,0.2311,0.1793,0.2311,0.1701
166.476,1,0.826,-11.98,6.04,5,72.2,20.44,0.09,-0.0076,0.194,-0.002,-0.092,-0.536,-2.654,129.14,11.59,1,-1.2,1,0.854,10.66,33.38,0.0,0,5,0.2201,0.1683,0.2145,0.172
166.507,1,0.821,-11.98,6.04,5,72.0,20.44,0.09,-0.0016,0.182,-0.004,-0.117,-0.54,-2.648,128.97,11.59,1,-1.2,1,0.833,5.33,19.25,0.0,0,5,0.2052,0.1535,0.2015,0.1664
166.544,1,0.819,-12.48,6.2,5,71.7,20.81,0.09,-0.0008,0.174,-0.001,-0.192,-0.545,-2.643,128.63,11.59,1,-1.2,1,0.833,5.33,19.25,0.0,0,5,0.1978,0.1516,0.1997,0.1646
166.576,1,0.834,-13.98,6.46,5,72.6,20.44,0.09,0.0039,0.17,-0.002,-0.127,-0.547,-2.64,128.46,11.59,1,3.81,1,0.809,-1.45,14.35,0.0,0,5,0.1886,0.1517,0.185,0.1554
166.639,1,0.835,-14.47,6.59,5,72.7,20.2,0.09,0.0163,0.152,-0.004,-0.07,-0.552,-2.633,128.29,11.59,1,3.81,1,0.831,-2.42,13.08,0.0,0,5,0.1777,0.1369,0.1592,0.1351
166.677,1,0.853,-13.73,5.58,5,73.1,20.2,0.09,0.019,0.141,-0.003,-0.059,-0.555,-2.629,128.11,11.59,1,3.81,1,0.831,-2.42,13.08,0.0,0,5,0.1629,0.1222,0.1536,0.1259
166.706,1,0.861,-13.98,5.78,5,73.3,20.2,0.09,0.0265,0.135,0.0,-0.067,-0.558,-2.625,128.0,11.59,1,3.81,1,0.834,-5.82,9.3,0.0,0,5,0.1443,0.1184,0.1518,0.1258
166.74,1,0.871,-13.23,5.03,5,73.1,20.56,0.09,0.0257,0.131,0.0,-0.072,-0.56,-2.623,127.94,11.59,1,3.81,1,0.834,-5.82,9.3,0.0,0,5,0.137,0.1148,0.1463,0.1241
166.776,1,0.865,-15.72,6.26,5,72.5,20.56,0.09,0.0294,0.123,-0.002,-0.062,-0.563,-2.619,127.65,11.59,1,5.61,1,0.834,-5.82,9.3,0.0,0,5,0.1288,0.1104,0.1306,0.1214
166.807,1,0.861,-14.72,5.85,5,72.0,20.81,0.09,0.0381,0.115,-0.007,0.073,-0.565,-2.615,127.83,11.59,1,5.61,1,0.83,-7.27,13.79,0.0,0,5,0.1295,0.104,0.1131,0.1149
166.845,1,0.877,-13.23,5.34,5,72.3,20.46,0.09,0.0316,0.11,-0.008,-0.065,-0.568,-2.612,127.83,11.59,1,5.61,1,0.83,-7.27,13.79,0.0,0,5,0.121,0.099,0.1045,0.1137
166.876,1,0.881,-14.72,5.62,5,72.7,20.56,0.09,0.0212,0.107,-0.007,-0.032,-0.569,-2.61,127.77,11.59,1,5.61,1,0.812,-6.3,21.27,0.0,0,5,0.1166,0.0984,0.102,0.113
166.906,1,0.877,-13.98,5.17,5,73.4,20.44,0.09,0.0356,0.1,-0.007,0.022,-0.571,-2.607,127.83,11.59,1,5.61,1,0.799,-7.27,24.36,0.0,0,5,0.102,0.0911,0.0947,0.1111
166.942,1,0.868,-14.23,5.47,5,73.7,20.44,0.09,0.0342,0.094,-0.007,0.003,-0.572,-2.605,127.88,11.59,1,5.61,1,0.799,-6.3,29.47,0.0,0,5,0.0939,0.0866,0.0884,0.1083
166.974,1,0.86,-14.23,5.49,5,74.1,20.0,0.09,0.0323,0.084,-0.004,0.005,-0.574,-2.603,127.83,11.62,1,6.95,1,0.799,-6.3,29.47,0.0,0,5,0.0818,0.08,0.08,0.0945
167.007,1,0.874,-12.48,4.46,5,73.7,20.44,0.09,0.0321,0.078,-0.002,-0.009,-0.575,-2.6,127.77,11.62,1,6.95,1,0.799,-6.3,29.47,0.0,0,5,0.0733,0.0788,0.0733,0.0861
167.044,1,0.864,-11.98,4.17,5,73.1,20.44,0.09,0.0296,0.075,-0.002,0.001,-0.577,-2.598,127.77,11.62,1,6.95,1,0.799,-6.3,29.47,0.0,0,5,0.0773,0.0773,0.0699,0.0773
167.072,1,0.855,-12.23,4.19,5,72.7,20.44,0.09,0.0293,0.075,-0.003,0.008,-0.578,-2.597,127.83,11.62,1,6.95,1,0.794,-9.69,34.08,0.0,0,5,0.079,0.0754,0.068,0.0772
167.106,1,0.856,-12.23,4.78,5,72.8,20.2,0.09,0.034,0.073,-0.003,0.03,-0.58,-2.594,127.83,11.62,1,6.95,1,0.794,-9.69,34.08,0.0,0,5,0.0772,0.0698,0.0698,0.0735
167.14,1,0.852,-11.73,4.52,5,72.6,20.2,0.09,0.0247,0.071,-0.001,0.061,-0.581,-2.593,127.88,11.62,1,6.95,1,0.794,-9.69,34.08,0.0,0,5,0.0703,0.0684,0.0721,0.074
167.177,1,0.846,-11.48,4.7,5,72.1,20.44,0.09,0.0234,0.068,0.0,0.039,-0.582,-2.591,128.0,11.62,1,9.54,1,0.794,-9.69,34.08,0.0,0,5,0.0592,0.0703,0.0666,0.0777
167.209,1,0.835,-10.98,4.83,5,71.6,20.44,0.09,0.0185,0.066,0.0,0.068,-0.584,-2.589,128.17,11.62,1,9.54,1,0.822,-11.15,39.59,0.0,0,5,0.0537,0.0759,0.0574,0.0777
167.239,1,0.823,-10.23,4.47,5,71.4,20.56,0.09,0.0105,0.064,0.0,0.079,-0.585,-2.588,128.29,11.62,1,9.54,1,0.822,-10.18,41.58,0.0,0,5,0.0518,0.0758,0.0518,0.0758
167.279,1,0.82,-9.98,4.76,5,71.7,20.56,0.09,0.0089,0.06,0.0,0.082,-0.586,-2.586,128.46,11.62,1,9.54,1,0.813,-10.66,43.01,0.0,0,5,0.0499,0.0721,0.0481,0.0684
167.305,1,0.825,-9.73,5.08,5,72.1,20.0,0.09,0.0026,0.056,-0.0,0.064,-0.587,-2.585,128.63,11.62,1,9.54,1,0.816,-13.09,43.25,0.0,0,5,0.0462,0.0684,0.0425,0.0666
167.345,1,0.819,-8.98,4.72,5,72.0,20.2,0.09,-0.0044,0.055,-0.0,0.051,-0.589,-2.583,128.74,11.62,1,9.54,1,0.816,-13.09,43.25,0.0,0,5,0.0443,0.0664,0.0424,0.0664
167.376,1,0.82,-8.73,5.0,5,72.3,20.2,0.09,-0.0068,0.055,-0.0,0.059,-0.589,-2.582,128.8,11.64,1,14.71,1,0.809,-16.48,41.69,0.0,0,5,0.0443,0.0664,0.0424,0.0664
167.41,1,0.818,-8.24,5.16,5,72.1,20.44,0.09,-0.0128,0.055,0.0,0.065,-0.591,-2.58,128.92,11.64,1,14.71,1,0.822,-18.42,41.0,0.0,0,5,0.0424,0.0646,0.0461,0.0682
167.44,1,0.816,-7.74,5.44,5,72.3,20.44,0.09,-0.021,0.055,0.0,0.075,-0.591,-2.579,129.03,11.64,1,14.71,1,0.822,-18.42,41.0,0.0,0,5,0.0424,0.0664,0.0443,0.0683
167.475,1,0.817,-7.24,5.54,5,72.0,20.44,0.09,-0.0304,0.057,-0.002,0.045,-0.593,-2.578,129.14,11.64,1,14.71,1,0.823,-21.81,39.88,0.0,0,5,0.0463,0.0704,0.0407,0.0722
167.507,1,0.812,-6.74,5.07,5,71.8,20.44,0.09,-0.0361,0.058,-0.004,0.039,-0.594,-2.576,129.32,11.64,1,14.71,1,0.815,-22.3,37.92,0.0,0,5,0.0516,0.0682,0.0387,0.0719
167.539,1,0.813,-6.74,5.76,5,71.5,20.2,0.09,-0.0333,0.059,-0.005,0.038,-0.595,-2.575,129.32,11.64,1,14.71,1,0.815,-22.3,37.92,0.0,0,5,0.055,0.0678,0.0403,0.0715
167.576,1,0.805,-6.49,5.36,5,71.5,20.44,0.09,-0.0433,0.06,-0.006,0.026,-0.596,-2.572,129.43,11.64,1,20.31,1,0.843,-25.69,39.22,0.0,0,5,0.0586,0.0641,0.0421,0.0733
167.607,1,0.801,-6.24,5.79,5,71.2,20.44,0.09,-0.038,0.063,-0.006,0.05,-0.598,-2.57,129.49,11.64,1,20.31,1,0.838,-28.11,36.2,0.0,0,5,0.0644,0.0681,0.046,0.0718
167.64,1,0.796,-5.99,5.48,5,71.2,20.44,0.09,-0.0481,0.063,-0.006,0.027,-0.598,-2.569,129.55,11.64,1,20.31,1,0.838,-28.11,36.2,0.0,0,5,0.0648,0.0666,0.0481,0.0722
167.705,1,0.788,-5.49,5.61,5,70.8,20.44,0.09,-0.0437,0.067,-0.001,-0.009,-0.602,-2.565,129.6,11.64,1,20.31,1,0.862,-30.05,39.39,0.0,0,5,0.0666,0.0666,0.0647,0.0703
167.74,1,0.784,-5.24,5.72,5,70.6,20.44,0.09,-0.0517,0.07,0.0,-0.007,-0.603,-2.564,129.6,11.64,1,20.31,1,0.862,-30.05,39.39,0.0,0,5,0.0684,0.0702,0.0702,0.0721
167.806,1,0.768,-4.24,5.57,5,70.2,20.2,0.09,-0.0545,0.07,-0.002,0.005,-0.606,-2.559,129.66,11.64,1,24.1,1,0.865,-33.44,39.1,0.0,0,5,0.0647,0.0628,0.0739,0.0795
167.84,1,0.771,-3.99,5.8,5,70.3,20.44,0.09,-0.0641,0.07,0.0,-0.027,-0.607,-2.558,129.66,11.64,1,24.1,1,0.865,-33.44,39.1,0.0,0,5,0.061,0.0666,0.074,0.0777
167.875,1,0.774,-3.99,5.47,5,70.0,20.44,0.09,-0.0694,0.073,0.002,0.001,-0.609,-2.556,129.6,11.64,1,24.1,1,0.855,-33.93,38.64,0.0,0,5,0.0641,0.0751,0.0751,0.077
167.907,1,0.778,-3.74,5.85,5,70.1,20.04,0.09,-0.0622,0.077,0.002,-0.017,-0.611,-2.554,129.6,11.64,1,24.1,1,0.851,-33.93,40.03,0.0,0,5,0.0745,0.0799,0.0781,0.0745
167.939,1,0.775,-3.49,5.61,5,69.9,20.44,0.09,-0.0715,0.077,-0.001,-0.023,-0.612,-2.552,129.55,11.64,1,24.1,1,0.866,-35.38,41.6,0.0,0,5,0.0793,0.0757,0.0757,0.0757
167.975,1,0.777,-3.49,5.6,5,70.1,20.44,0.09,-0.0693,0.078,-0.001,-0.027,-0.613,-2.551,129.55,11.67,1,27.1,1,0.856,-36.84,39.12,0.0,0,5,0.0819,0.0764,0.0764,0.0764
168.006,1,0.784,-3.24,5.26,5,70.0,20.2,0.09,-0.0681,0.078,-0.002,-0.033,-0.615,-2.549,129.43,11.67,1,27.1,1,0.863,-36.84,40.47,0.0,0,5,0.0855,0.0764,0.0764,0.0746
168.044,1,0.787,-2.99,5.33,5,69.7,19.97,0.09,-0.0645,0.079,0.003,0.038,-0.618,-2.546,129.49,11.67,1,27.1,1,0.863,-36.84,40.47,0.0,0,5,0.0837,0.0764,0.0801,0.071
168.075,1,0.789,-2.75,5.29,5,69.8,20.04,0.09,-0.0685,0.078,0.004,-0.02,-0.619,-2.545,129.43,11.67,1,27.1,1,0.879,-39.74,38.18,0.0,0,5,0.0807,0.0789,0.0844,0.066
168.105,1,0.786,-2.5,5.19,5,70.1,20.2,0.09,-0.0698,0.076,0.004,-0.077,-0.621,-2.543,129.37,11.67,1,27.1,1,0.886,-38.78,38.98,0.0,0,5,0.0776,0.0739,0.0869,0.0665
168.141,1,0.782,-2.5,5.19,5,70.1,20.2,0.09,-0.0708,0.078,0.004,-0.053,-0.622,-2.542,129.26,11.67,1,27.1,1,0.886,-38.78,38.98,0.0,0,5,0.0777,0.074,0.0888,0.0703
168.176,1,0.783,-2.0,5.05,5,70.1,19.97,0.09,-0.0698,0.076,0.001,-0.027,-0.624,-2.539,129.2,11.67,1,28.92,1,0.876,-35.38,38.26,0.0,0,5,0.0792,0.0682,0.0866,0.0718
168.207,1,0.783,-2.0,5.06,5,69.9,19.97,0.09,-0.0727,0.077,0.003,-0.083,-0.626,-2.537,129.03,11.67,1,28.92,1,0.874,-34.41,39.05,0.0,0,5,0.0773,0.0699,0.0902,0.0699
168.238,1,0.782,-2.5,5.19,5,69.9,20.2,0.09,-0.0723,0.077,0.004,-0.057,-0.627,-2.536,128.97,11.67,1,28.92,1,0.867,-32.96,38.89,0.0,0,5,0.0773,0.0736,0.0883,0.0699
168.305,1,0.781,-2.25,4.56,5,70.6,20.44,0.09,-0.068,0.083,0.0,-0.079,-0.631,-2.531,128.74,11.67,1,28.92,1,0.872,-32.96,34.83,0.0,0,5,0.0907,0.0796,0.087,0.074
168.341,1,0.777,-2.25,4.86,5,71.2,20.44,0.09,-0.0601,0.083,-0.0,-0.055,-0.632,-2.529,128.69,11.67,1,28.92,1,0.872,-32.96,34.83,0.0,0,5,0.0943,0.0777,0.0869,0.0721
168.406,1,0.762,-2.0,6.49,5,71.5,20.44,0.09,-0.0649,0.082,0.003,-0.039,-0.637,-2.524,128.57,11.67,1,30.28,1,0.875,-28.6,34.01,0.0,0,5,0.0891,0.0764,0.0946,0.0691
168.44,1,0.747,-2.0,7.1,5,71.7,20.44,0.09,-0.0964,0.083,0.001,-0.056,-0.639,-2.522,128.46,11.67,1,30.28,1,0.875,-28.6,34.01,0.0,0,5,0.0855,0.0746,0.0946,0.071
168.503,1,0.759,-2.0,10.32,5,72.1,20.04,0.09,-0.1064,0.082,-0.002,-0.049,-0.641,-2.518,128.34,11.67,1,30.28,1,0.868,-23.75,33.52,0.0,0,5,0.0907,0.0666,0.0925,0.0777
168.541,1,0.754,-2.0,12.48,5,72.3,20.56,0.09,-0.1625,0.083,-0.003,-0.099,-0.643,-2.516,128.23,11.67,1,30.28,1,0.868,-23.75,33.52,0.0,0,5,0.0921,0.0663,0.0939,0.081
168.605,1,0.728,-2.0,16.21,5,72.9,20.04,0.09,-0.2,0.088,0.001,-0.103,-0.647,-2.511,127.88,11.67,1,34.57,1,0.873,-25.69,28.97,0.0,0,5,0.0959,0.0793,0.0977,0.0774
168.64,1,0.693,-2.0,19.4,5,72.9,20.04,0.09,-0.265,0.088,0.002,-0.067,-0.648,-2.51,127.77,11.67,1,34.57,1,0.873,-25.69,28.97,0.0,0,5,0.1,0.0815,0.0982,0.0722
168.704,1,0.616,-2.99,24.21,4,74.6,21.13,0.09,-0.3207,0.091,0.003,-0.153,-0.653,-2.504,127.2,11.67,1,34.57,1,0.888,-28.6,8.05,0.0,0,5,0.1091,0.0684,0.1184,0.0666
168.741,1,0.683,-3.99,27.35,5,75.1,23.89,0.09,-0.3922,0.089,0.002,-0.192,-0.654,-2.503,126.97,11.67,1,34.57,1,0.888,-28.6,8.05,0.0,0,5,0.1091,0.061,0.122,0.0647
168.804,1,0.667,-6.74,30.74,5,76.9,23.87,0.09,-0.4378,0.085,-0.001,-0.281,-0.658,-2.497,125.76,11.67,1,43.61,1,0.886,-35.38,-11.95,7.719,1,5,0.1291,0.0387,0.1291,0.0443
168.839,1,0.682,-8.73,32.56,5,77.8,24.45,0.09,-0.4633,0.086,-0.002,-0.341,-0.659,-2.495,125.36,11.67,1,43.61,1,0.886,-35.38,-11.95,7.719,1,5,0.1401,0.0332,0.1346,0.0369
168.875,1,0.711,-10.98,34.2,5,78.5,24.45,0.09,-0.4744,0.086,-0.002,-0.318,-0.661,-2.493,124.62,11.67,1,43.61,1,0.827,-41.68,-25.87,0.0,0,5,0.1553,0.0222,0.1461,0.0222
168.906,1,0.702,-13.48,34.57,5,79.7,25.1,0.09,-0.482,0.091,-0.006,-0.424,-0.662,-2.489,123.64,11.67,1,43.61,1,0.905,-44.11,-31.69,0.0,0,5,0.1701,0.0148,0.1553,0.0222
168.939,1,0.706,-15.97,34.17,5,80.3,23.73,0.09,-0.4605,0.092,-0.007,-0.461,-0.663,-2.487,123.13,11.67,1,43.61,1,0.905,-44.11,-31.69,0.0,0,5,0.172,0.0111,0.1572,0.0259
169.004,1,0.692,-18.72,33.93,5,80.1,24.48,0.09,-0.4394,0.091,-0.007,-0.389,-0.667,-2.481,121.01,11.69,1,45.0,1,0.915,-49.44,-40.15,0.0,0,5,0.1743,0.0073,0.1596,0.022
169.04,1,0.691,-18.47,32.81,5,79.4,23.87,0.09,-0.4034,0.091,-0.005,-0.401,-0.668,-2.479,120.55,11.69,1,45.0,1,0.915,-49.44,-40.15,0.0,0,5,0.1743,0.011,0.1615,0.0184
169.075,1,0.678,-18.97,32.01,5,78.8,23.26,0.09,-0.3944,0.093,-0.009,-0.443,-0.669,-2.476,119.52,11.69,1,45.0,1,0.912,-52.83,-44.45,0.0,0,5,0.1757,0.0092,0.1591,0.0296
169.104,1,0.668,-19.72,31.56,5,78.7,24.48,0.09,-0.3788,0.092,-0.009,-0.459,-0.671,-2.472,118.43,11.69,1,45.0,1,0.903,-54.77,-46.79,0.0,0,5,0.1711,0.0037,0.1638,0.0313
169.205,1,0.675,-21.71,31.89,5,80.2,22.78,0.09,-0.3693,0.085,-0.003,-0.36,-0.674,-2.465,116.08,11.69,1,35.67,1,0.885,-51.86,-45.55,0.0,0,5,0.1674,0.011,0.1527,0.0092
169.238,1,0.69,-22.21,30.63,5,80.5,22.68,0.09,-0.3508,0.082,-0.002,-0.403,-0.675,-2.463,115.62,11.69,1,35.67,1,0.885,-51.86,-45.55,0.0,0,5,0.1599,0.0129,0.1471,0.0074
169.305,1,0.655,-23.21,29.64,5,81.0,22.46,0.09,-0.3293,0.079,0.0,-0.372,-0.678,-2.457,113.79,11.69,1,35.67,1,0.844,-44.59,-36.39,0.0,0,5,0.1397,0.0074,0.1507,0.0184
169.338,1,0.649,-23.46,28.75,5,81.1,21.96,0.09,-0.3006,0.081,0.0,-0.362,-0.678,-2.456,113.39,11.69,1,35.67,1,0.844,-44.59,-36.39,0.0,0,5,0.1415,0.0129,0.1507,0.0202
169.373,1,0.645,-23.46,28.64,5,81.3,21.96,0.09,-0.2851,0.083,0.001,-0.238,-0.68,-2.453,112.7,11.68,1,23.67,1,0.848,-39.26,-30.75,0.0,0,5,0.1461,0.0259,0.1424,0.0166
169.406,1,0.657,-23.46,28.52,5,81.3,22.22,0.09,-0.2851,0.084,0.003,-0.283,-0.681,-2.45,112.07,11.68,1,23.67,1,0.848,-39.26,-30.75,0.0,0,5,0.1405,0.037,0.1368,0.0203
169.439,1,0.655,-23.21,27.79,5,81.6,21.67,0.09,-0.2837,0.085,0.003,-0.264,-0.682,-2.448,111.78,11.68,1,23.67,1,0.848,-39.26,-30.75,0.0,0,5,0.1369,0.0389,0.1369,0.0259
169.504,1,0.671,-22.96,26.79,5,82.0,21.67,0.09,-0.2755,0.089,0.002,-0.212,-0.685,-2.441,110.7,11.68,1,23.67,1,0.775,-26.17,-6.74,4.808,1,5,0.1229,0.0495,0.134,0.0514
169.541,1,0.677,-22.21,26.01,5,81.7,21.67,0.09,-0.2612,0.09,0.002,-0.251,-0.685,-2.44,110.41,11.68,1,23.67,1,0.802,-24.23,-1.05,0.0,0,5,0.1248,0.0532,0.1321,0.0514
169.605,1,0.676,-21.71,25.42,5,81.4,22.22,0.09,-0.2558,0.095,0.006,-0.246,-0.689,-2.433,109.55,11.68,1,11.67,1,0.716,-15.03,11.63,0.0,0,5,0.1277,0.0685,0.1332,0.05
169.638,1,0.67,-21.71,25.02,5,81.1,21.67,0.09,-0.2515,0.094,0.003,-0.144,-0.689,-2.431,109.38,11.68,1,11.67,1,0.716,-15.03,11.63,0.0,0,5,0.1292,0.0628,0.1311,0.0535
169.706,1,0.698,-21.71,24.28,5,80.7,21.67,0.09,-0.2426,0.091,-0.004,-0.206,-0.691,-2.424,108.4,11.68,1,11.67,1,0.743,-6.3,33.31,0.0,0,5,0.131,0.0517,0.1237,0.0591
169.736,1,0.695,-21.96,23.51,5,80.6,21.67,0.0969,-0.2295,0.092,-0.003,-0.231,-0.692,-2.422,108.12,11.68,1,11.67,1,0.76,-8.24,29.73,0.0,0,5,0.1313,0.0536,0.1239,0.0573
169.804,1,0.69,-21.71,22.61,5,80.8,21.67,0.1219,-0.2583,0.091,-0.005,-0.212,-0.693,-2.415,107.26,11.68,1,10.49,1,0.763,-9.21,26.87,0.0,0,5,0.1404,0.0517,0.1201,0.0517
169.84,1,0.686,-21.96,22.62,5,81.2,21.67,0.1102,-0.205,0.092,-0.005,-0.156,-0.694,-2.413,107.03,11.68,1,10.49,1,0.763,-9.21,26.87,0.0,0,5,0.1387,0.0536,0.1202,0.0536
169.872,1,0.686,-21.71,22.27,5,81.5,21.67,0.1065,-0.1971,0.097,-0.003,-0.224,-0.695,-2.41,106.63,11.68,1,10.49,1,0.768,-9.69,25.56,0.0,0,5,0.1383,0.0611,0.1275,0.0629
169.904,1,0.69,-21.46,21.35,5,82.0,21.11,0.1121,-0.2052,0.106,-0.002,-0.238,-0.696,-2.405,106.11,11.68,1,10.49,1,0.77,-10.18,23.93,0.0,0,5,0.1383,0.0683,0.1401,0.0773
169.937,1,0.683,-21.46,20.83,5,82.1,21.67,0.1061,-0.1808,0.111,-0.0,-0.236,-0.697,-2.403,105.83,11.68,1,10.49,1,0.77,-10.18,23.93,0.0,0,5,0.1419,0.0719,0.1491,0.0808
169.974,1,0.682,-20.96,20.43,5,81.9,21.67,0.1046,-0.1713,0.118,-0.0,-0.102,-0.698,-2.398,105.42,11.69,1,12.13,1,0.769,-11.63,21.15,0.0,0,5,0.1499,0.0814,0.1536,0.087
170.003,1,0.692,-20.46,19.97,5,81.7,21.67,0.1097,-0.1729,0.12,0.001,-0.144,-0.7,-2.394,105.2,11.69,1,12.13,1,0.77,-10.66,18.04,0.0,0,5,0.1476,0.0922,0.1512,0.0904
170.038,1,0.704,-20.46,16.49,5,81.3,21.67,0.1165,-0.191,0.121,0.001,-0.216,-0.7,-2.391,104.97,11.69,1,12.13,1,0.77,-10.66,18.04,0.0,0,5,0.1457,0.0959,0.1494,0.0941
170.073,1,0.704,-20.46,16.02,5,80.6,21.42,0.1052,-0.1057,0.122,-0.0,-0.148,-0.701,-2.387,104.68,11.69,1,12.13,1,0.769,-12.6,14.46,0.0,0,5,0.1453,0.0956,0.1471,0.0993
170.103,1,0.708,-20.46,16.71,5,80.5,21.67,0.0934,-0.0971,0.121,-0.006,-0.197,-0.702,-2.382,104.22,11.69,1,12.13,1,0.77,-13.09,13.97,0.0,0,5,0.1512,0.0867,0.1438,0.1033
170.138,1,0.675,-20.46,18.88,5,80.3,21.67,0.0966,-0.1085,0.121,-0.007,-0.193,-0.703,-2.379,103.99,11.69,1,12.13,1,0.77,-13.09,13.97,0.0,0,5,0.1538,0.0824,0.1464,0.1025
170.173,1,0.699,-20.46,17.23,5,80.1,21.67,0.1095,-0.1483,0.121,-0.007,-0.163,-0.704,-2.374,103.59,11.69,1,10.55,1,0.78,-13.57,10.56,0.0,0,5,0.155,0.0821,0.1459,0.1021
170.204,1,0.715,-20.46,14.6,5,79.7,21.11,0.1066,-0.1169,0.118,-0.005,-0.133,-0.704,-2.37,103.25,11.69,1,10.55,1,0.78,-12.6,10.37,0.0,0,5,0.1459,0.0802,0.1459,0.1003
170.238,1,0.663,-20.46,16.91,5,79.9,21.67,0.0946,-0.0709,0.116,-0.006,-0.149,-0.705,-2.368,103.08,11.69,1,10.55,1,0.78,-12.6,10.37,0.0,0,5,0.1433,0.0808,0.1396,0.0992
170.273,1,0.681,-19.97,15.4,5,79.5,21.11,0.0965,-0.1112,0.115,-0.004,-0.108,-0.706,-2.363,102.85,11.69,1,10.55,1,0.771,-14.06,7.68,0.0,0,5,0.1378,0.0864,0.136,0.0992
170.305,1,0.63,-19.97,17.95,5,80.0,21.62,0.0947,-0.0907,0.116,-0.0,-0.125,-0.707,-2.359,102.56,11.69,1,10.55,1,0.765,-13.57,6.09,0.0,0,5,0.1377,0.0973,0.1341,0.0937
170.338,1,0.649,-19.47,17.2,5,79.5,21.67,0.097,-0.1348,0.116,0.001,-0.122,-0.708,-2.356,102.39,11.69,1,10.55,1,0.765,-13.57,6.09,0.0,0,5,0.1378,0.101,0.1341,0.0919
170.373,1,0.663,-19.22,16.26,5,79.1,21.67,0.09,-0.1275,0.111,0.004,-0.074,-0.709,-2.352,102.16,11.69,1,11.7,1,0.336,-14.42,9.85,0.0,0,4,0.1367,0.0998,0.1293,0.0776
170.402,1,0.664,-18.97,16.48,5,78.7,21.67,0.1018,-0.1132,0.105,0.003,-0.104,-0.71,-2.348,101.93,11.69,1,11.7,1,0.339,-14.42,8.4,0.0,0,4,0.1314,0.0907,0.124,0.0722
170.435,1,0.632,-18.97,16.64,5,78.6,28.16,0.1059,-0.1197,0.103,0.003,-0.132,-0.71,-2.346,101.81,11.69,1,11.7,1,0.339,-14.42,8.4,0.0,0,4,0.1259,0.0852,0.1259,0.0741
170.503,1,0.653,-18.47,14.66,5,77.4,25.1,0.1176,-0.1429,0.1,0.0,-0.076,-0.712,-2.339,101.3,11.69,1,11.7,1,0.77,-16.48,6.0,5.719,1,5,0.1091,0.074,0.1258,0.0906
170.536,1,0.674,-17.97,12.76,5,76.7,21.42,0.1056,-0.0924,0.099,-0.001,-0.086,-0.712,-2.337,101.18,11.69,1,11.7,1,0.77,-16.48,6.0,5.719,1,5,0.111,0.074,0.1221,0.0888
170.571,1,0.718,-17.47,11.99,5,76.1,21.42,0.09,-0.0644,0.105,-0.001,-0.102,-0.713,-2.332,101.01,11.69,1,10.25,1,0.775,-13.09,3.52,0.0,0,5,0.1258,0.0869,0.1202,0.0869
170.606,1,0.71,-16.97,14.49,5,76.1,22.78,0.104,-0.0557,0.11,0.003,-0.021,-0.714,-2.328,100.84,11.69,1,10.25,1,0.775,-13.09,3.52,0.0,0,5,0.1277,0.1,0.1259,0.087
170.636,1,0.716,-16.47,11.65,5,75.9,21.42,0.1109,-0.1095,0.111,0.005,-0.012,-0.715,-2.326,100.78,11.69,1,10.25,1,0.765,-13.09,1.79,0.0,0,5,0.124,0.1036,0.1277,0.0888
170.67,1,0.735,-16.47,11.67,5,75.2,21.1,0.1004,-0.0595,0.105,0.006,-0.05,-0.715,-2.322,100.67,11.69,1,10.25,1,0.776,-12.6,2.07,7.286,1,5,0.1088,0.0996,0.1236,0.0885
170.702,1,0.731,-16.22,11.45,5,74.5,21.46,0.1072,-0.0583,0.102,0.004,-0.076,-0.716,-2.318,100.5,11.69,1,10.25,1,0.779,-12.6,2.06,7.283,1,5,0.1034,0.0923,0.12,0.0923
170.738,1,0.751,-15.97,11.11,5,74.3,20.96,0.1111,-0.0611,0.102,0.003,-0.098,-0.717,-2.316,100.38,11.69,1,10.25,1,0.779,-12.6,2.06,7.283,1,5,0.107,0.0923,0.1181,0.0923
170.771,1,0.742,-15.47,10.97,5,74.0,21.42,0.1178,-0.068,0.103,0.0,-0.089,-0.717,-2.312,100.15,11.69,1,9.39,1,0.775,-12.6,-0.41,5.593,1,5,0.111,0.0888,0.1166,0.0944
170.803,1,0.757,-14.97,10.79,5,73.8,21.42,0.1291,-0.0879,0.099,-0.001,-0.012,-0.718,-2.308,100.1,11.69,1,9.39,1,0.772,-12.6,-0.34,5.593,1,5,0.1109,0.0851,0.1109,0.0887
170.837,1,0.742,-14.47,10.6,5,73.5,20.96,0.1351,-0.099,0.099,0.0,-0.013,-0.719,-2.306,100.1,11.69,1,9.39,1,0.772,-12.6,-0.34,5.593,1,5,0.1092,0.0888,0.111,0.0888
170.87,1,0.743,-13.98,11.38,5,73.3,22.04,0.1401,-0.1064,0.104,0.002,-0.072,-0.719,-2.302,99.92,11.69,1,9.39,1,0.766,-11.15,-1.2,5.331,1,5,0.1092,0.0962,0.1147,0.0944
170.902,1,0.753,-13.23,10.44,5,73.5,21.42,0.1543,-0.1489,0.113,0.005,-0.104,-0.72,-2.297,99.69,11.69,1,9.39,1,0.765,-11.15,-0.74,4.267,1,5,0.1165,0.1073,0.1295,0.0999
170.936,1,0.764,-12.73,10.22,5,73.5,20.81,0.16,-0.1426,0.116,0.005,-0.078,-0.721,-2.294,99.58,11.69,1,9.39,1,0.765,-11.15,-0.74,4.267,1,5,0.122,0.1072,0.1349,0.0998
170.97,1,0.771,-12.73,10.09,5,73.7,20.81,0.1683,-0.1513,0.125,0.007,-0.087,-0.722,-2.289,99.35,11.68,1,11.1,1,0.772,-10.66,-3.26,1.92,1,5,0.1367,0.1145,0.1496,0.0979
171.003,1,0.758,-12.48,9.92,5,74.1,20.96,0.1667,-0.1443,0.135,0.003,-0.151,-0.723,-2.284,99.06,11.68,1,11.1,1,0.772,-10.66,-3.26,1.92,1,5,0.1551,0.1163,0.1588,0.109
171.038,1,0.78,-12.73,9.68,5,74.5,20.57,0.1549,-0.1279,0.142,0.001,-0.147,-0.723,-2.28,98.89,11.68,1,11.1,1,0.772,-10.66,-3.26,1.92,1,5,0.1644,0.1182,0.168,0.1182
171.071,1,0.795,-12.48,9.13,5,75.0,20.96,0.1689,-0.1346,0.154,-0.002,-0.15,-0.724,-2.274,98.55,11.68,1,11.1,1,0.772,-11.15,-6.4,0.215,1,5,0.1754,0.1218,0.1828,0.1366
171.103,1,0.781,-12.23,8.94,5,75.6,20.81,0.183,-0.1385,0.162,0.003,-0.209,-0.726,-2.267,98.15,11.68,1,11.1,1,0.779,-11.15,-7.25,2.946,1,5,0.1787,0.1363,0.1934,0.14
171.139,1,0.777,-12.48,8.64,5,76.0,20.96,0.1743,-0.1266,0.163,0.003,-0.122,-0.726,-2.264,97.98,11.68,1,11.1,1,0.779,-11.15,-7.25,2.946,1,5,0.1787,0.14,0.1916,0.14
171.171,1,0.781,-11.98,8.86,5,76.2,21.42,0.1677,-0.1082,0.167,0.004,-0.059,-0.727,-2.257,97.86,11.68,1,10.15,1,0.782,-12.12,-11.02,-0.496,1,5,0.1899,0.1512,0.1918,0.1364
171.203,1,0.795,-11.73,8.29,5,76.4,20.81,0.1818,-0.1343,0.172,0.002,-0.135,-0.728,-2.25,97.52,11.68,1,10.15,1,0.782,-12.12,-11.02,-0.496,1,5,0.1942,0.1517,0.196,0.1461
171.238,1,0.813,-11.23,8.08,5,76.2,20.46,0.18,-0.1198,0.174,0.003,-0.147,-0.729,-2.247,97.35,11.68,1,10.15,1,0.782,-12.12,-11.02,-0.496,1,5,0.1941,0.1516,0.2015,0.1479
171.269,1,0.825,-10.73,7.36,5,76.3,20.46,0.194,-0.1323,0.174,0.006,-0.182,-0.73,-2.24,97.0,11.68,1,10.15,1,0.761,-7.27,-17.8,0.0,0,5,0.1847,0.1515,0.2069,0.1515
171.304,1,0.828,-10.48,7.36,5,76.7,20.81,0.2081,-0.1282,0.177,0.009,-0.143,-0.731,-2.233,96.72,11.68,1,10.15,1,0.777,-11.15,-12.59,2.172,1,5,0.1884,0.1607,0.2124,0.1477
171.336,1,0.823,-10.23,7.28,5,76.7,20.81,0.215,-0.1359,0.182,0.011,-0.07,-0.732,-2.229,96.66,11.68,1,10.15,1,0.777,-11.15,-12.59,2.172,1,5,0.1903,0.17,0.2143,0.1515
171.37,1,0.828,-9.98,7.67,5,76.8,20.57,0.2071,-0.1291,0.189,0.011,-0.124,-0.733,-2.222,96.37,11.67,1,7.06,1,0.76,-5.82,-17.27,0.0,0,5,0.2014,0.1818,0.2174,0.1551
171.403,1,0.83,-9.48,6.81,5,76.6,20.2,0.1952,-0.1333,0.192,0.009,-0.184,-0.734,-2.219,96.2,11.67,1,7.06,1,0.76,-5.82,-17.27,0.0,0,5,0.2049,0.1817,0.2209,0.1604
171.438,1,0.834,-8.73,6.16,5,76.9,20.81,0.1759,-0.0984,0.201,0.005,-0.019,-0.735,-2.21,95.97,11.67,1,7.06,1,0.76,-5.82,-17.27,0.0,0,5,0.2196,0.1842,0.2284,0.1718
171.474,1,0.841,-8.73,6.55,5,77.2,20.57,0.1828,-0.0936,0.21,0.007,-0.165,-0.736,-2.201,95.63,11.67,1,7.06,1,0.767,-6.3,-8.19,-0.319,1,5,0.2271,0.1941,0.2399,0.1795
171.502,1,0.838,-8.98,6.05,5,77.0,20.2,0.1968,-0.1133,0.208,0.011,-0.157,-0.737,-2.193,95.17,11.67,1,7.06,1,0.766,-5.33,-6.63,-0.0,1,5,0.2289,0.1996,0.2435,0.1795
171.535,1,0.849,-8.73,5.33,5,76.4,20.81,0.2036,-0.0996,0.205,0.01,-0.137,-0.738,-2.189,95.0,11.67,1,7.06,1,0.766,-5.33,-6.63,-0.0,1,5,0.2206,0.1967,0.2335,0.1691
171.57,1,0.867,-8.24,4.58,5,76.1,20.57,0.2177,-0.0887,0.2,0.005,-0.112,-0.738,-2.181,94.77,11.67,1,4.11,1,0.766,-5.33,-6.63,-0.0,1,5,0.2197,0.1809,0.2289,0.1698
171.603,1,0.861,-7.99,4.69,5,75.5,20.57,0.2318,-0.0776,0.204,0.006,-0.213,-0.739,-2.173,94.31,11.67,1,4.11,1,0.766,-5.33,-6.63,-0.0,1,5,0.218,0.1829,0.2365,0.1792
171.635,1,0.856,-7.74,3.95,5,74.6,20.57,0.2386,-0.0871,0.207,0.007,-0.088,-0.74,-2.169,94.19,11.67,1,4.11,1,0.766,-5.33,-6.63,-0.0,1,5,0.2184,0.187,0.2425,0.1814
171.67,1,0.857,-7.74,3.85,5,74.3,20.81,0.24,-0.0649,0.213,0.01,-0.096,-0.741,-2.16,94.02,11.67,1,4.11,1,0.766,-5.33,-6.63,-0.0,1,5,0.2202,0.1999,0.2461,0.1851
171.702,1,0.858,-7.49,3.52,5,74.4,20.81,0.2273,-0.056,0.22,0.007,-0.121,-0.742,-2.151,93.74,11.67,1,4.11,1,0.74,2.42,5.56,3.581,1,5,0.2239,0.2017,0.248,0.1888
171.737,1,0.865,-7.24,2.92,5,74.7,20.56,0.2041,-0.039,0.224,0.006,-0.1,-0.742,-2.146,93.62,11.67,1,4.11,1,0.776,2.42,7.09,4.816,1,5,0.233,0.2127,0.2478,0.2034
171.77,1,0.873,-7.24,3.42,5,74.8,20.57,0.18,-0.0156,0.233,0.005,-0.066,-0.743,-2.137,93.45,11.67,1,1.68,1,0.782,2.42,5.59,3.598,1,5,0.2441,0.2238,0.2515,0.2127
171.803,1,0.88,-6.74,2.77,5,75.1,20.57,0.1559,-0.0181,0.235,0.008,-0.062,-0.744,-2.128,93.33,11.67,1,1.68,1,0.779,2.42,4.13,2.348,1,5,0.2444,0.2295,0.2555,0.2092
171.838,1,0.876,-6.24,2.39,5,75.1,20.57,0.1441,-0.0045,0.232,0.01,-0.038,-0.744,-2.123,93.28,11.67,1,1.68,1,0.779,2.42,4.13,2.348,1,5,0.2407,0.2277,0.2555,0.2036
171.87,1,0.885,-6.24,2.38,5,75.1,20.56,0.1275,0.0047,0.222,0.011,-0.063,-0.745,-2.115,93.11,11.67,1,1.68,1,0.775,2.91,5.05,-0.626,1,5,0.222,0.2202,0.2461,0.2017
171.904,1,0.882,-6.24,2.5,5,75.2,20.46,0.1275,0.0061,0.213,0.008,-0.001,-0.746,-2.106,93.05,11.67,1,1.68,1,0.78,2.91,4.02,-2.883,1,5,0.2091,0.2072,0.235,0.1998
171.936,1,0.878,-5.74,2.21,5,74.8,20.46,0.1275,0.0041,0.21,0.004,-0.02,-0.746,-2.102,92.99,11.67,1,1.68,1,0.78,2.91,4.02,-2.883,1,5,0.2073,0.198,0.2295,0.2036
171.973,1,0.868,-5.74,2.43,5,74.5,20.81,0.1275,0.0046,0.2,-0.002,-0.171,-0.746,-2.095,92.76,11.67,1,2.29,1,0.786,3.39,3.21,-2.279,1,5,0.2018,0.1852,0.2111,0.2018
172.002,1,0.868,-5.74,1.91,5,74.6,20.56,0.1275,0.0011,0.187,-0.002,0.021,-0.747,-2.088,92.65,11.67,1,2.29,1,0.781,3.39,1.73,-3.51,1,5,0.1925,0.1777,0.1925,0.1851
172.038,1,0.872,-5.74,2.31,5,74.7,20.57,0.1275,0.0118,0.182,0.0,-0.011,-0.747,-2.084,92.7,11.67,1,2.29,1,0.781,3.39,1.73,-3.51,1,5,0.1851,0.1795,0.1851,0.1777
172.068,1,0.869,-5.74,2.6,5,74.5,20.46,0.1275,0.0042,0.172,0.007,-0.016,-0.748,-2.077,92.59,11.67,1,2.29,1,0.79,3.39,0.19,-4.748,1,5,0.174,0.174,0.1833,0.1555
172.105,1,0.868,-5.24,2.17,5,73.9,20.46,0.1275,-0.0014,0.161,0.005,-0.042,-0.748,-2.071,92.59,11.67,1,2.29,1,0.79,3.39,0.19,-4.748,1,5,0.161,0.1628,0.1684,0.1517
172.135,1,0.878,-5.24,2.62,5,73.9,20.44,0.1275,0.0011,0.154,0.002,-0.052,-0.748,-2.069,92.53,11.67,1,2.29,1,0.79,3.39,0.19,-4.748,1,5,0.1573,0.1554,0.1573,0.148
172.17,1,0.869,-5.24,2.52,5,73.6,20.46,0.1275,-0.0072,0.144,0.0,0.006,-0.748,-2.063,92.48,11.67,1,1.35,1,0.797,3.88,0.23,-4.731,1,5,0.1441,0.1459,0.1422,0.1441
172.204,1,0.875,-4.99,2.51,5,73.7,20.44,0.1275,-0.0046,0.139,0.0,-0.004,-0.748,-2.058,92.53,11.67,1,1.35,1,0.796,4.36,-1.01,-4.627,1,5,0.1367,0.1367,0.1404,0.1404
172.236,1,0.882,-5.24,2.75,5,74.0,20.46,0.1275,-0.0074,0.135,0.001,-0.031,-0.749,-2.055,92.48,11.67,1,1.35,1,0.796,4.36,-1.01,-4.627,1,5,0.1313,0.1313,0.1424,0.1368
172.269,1,0.881,-4.74,2.28,5,73.8,20.46,0.1275,-0.0087,0.128,-0.002,0.028,-0.749,-2.05,92.48,11.67,1,1.35,1,0.793,4.36,-0.63,-4.135,1,5,0.1314,0.1166,0.1351,0.1295
172.301,1,0.891,-4.74,2.75,5,73.9,20.44,0.1249,-0.0042,0.12,-0.003,-0.061,-0.749,-2.046,92.42,11.67,1,1.35,1,0.752,6.3,-1.06,-4.899,1,5,0.1315,0.113,0.1315,0.1222
172.337,1,0.888,-4.74,2.75,5,74.2,20.44,0.1249,-0.0131,0.117,-0.003,-0.086,-0.749,-2.043,92.3,11.67,1,1.35,1,0.752,6.3,-1.06,-4.899,1,5,0.1277,0.1129,0.1147,0.1129
172.368,1,0.889,-4.24,2.19,5,74.2,20.46,0.1249,-0.0127,0.113,0.001,0.045,-0.749,-2.039,92.3,11.66,1,-0.09,1,0.775,9.21,7.47,0.334,1,5,0.1148,0.1166,0.1129,0.1092
172.405,1,0.898,-4.24,2.42,5,74.5,20.44,0.1249,-0.0072,0.111,0.003,-0.003,-0.749,-2.034,92.36,11.66,1,-0.09,1,0.775,9.21,7.47,0.334,1,5,0.1018,0.1111,0.1167,0.113
172.435,1,0.895,-4.24,2.32,5,74.7,20.44,0.1249,-0.0113,0.108,0.004,-0.004,-0.75,-2.032,92.36,11.66,1,-0.09,1,0.804,9.21,7.39,-2.836,1,5,0.1,0.1074,0.1167,0.1093
172.47,1,0.885,-4.24,2.32,5,74.4,20.44,0.1249,-0.0089,0.107,-0.001,0.014,-0.749,-2.028,92.36,11.66,1,-0.09,1,0.804,9.69,6.95,-4.86,1,5,0.1075,0.1019,0.1094,0.1075
172.503,1,0.882,-3.74,2.03,5,74.2,20.46,0.1249,-0.0085,0.105,-0.004,-0.007,-0.75,-2.024,92.36,11.66,1,-0.09,1,0.806,11.15,11.26,-3.182,1,5,0.1129,0.1018,0.1018,0.1055
172.534,1,0.883,-3.74,2.03,5,74.0,20.46,0.1249,-0.0088,0.104,-0.005,0.049,-0.749,-2.022,92.36,11.66,1,-0.09,1,0.81,12.12,11.45,-0.597,1,5,0.1111,0.1,0.0981,0.1055
172.571,1,0.887,-3.74,2.72,5,74.0,20.04,0.1249,-0.008,0.102,-0.004,-0.039,-0.75,-2.018,92.36,11.66,1,-0.7,1,0.81,12.12,11.45,-0.597,1,5,0.1072,0.1035,0.0924,0.1035
172.601,1,0.883,-3.24,2.17,5,73.5,20.46,0.1249,-0.0211,0.103,-0.002,0.03,-0.75,-2.014,92.36,11.66,1,-0.7,1,0.795,12.12,11.43,-3.559,1,5,0.1051,0.1088,0.0922,0.1051
172.635,1,0.879,-3.24,2.26,5,73.6,20.46,0.1249,-0.0163,0.105,-0.0,0.041,-0.75,-2.011,92.42,11.66,1,-0.7,1,0.795,12.12,11.43,-3.559,1,5,0.1014,0.1125,0.0959,0.1088
172.669,1,0.874,-3.24,2.54,5,73.6,20.46,0.123,-0.0166,0.104,-0.001,-0.015,-0.75,-2.007,92.53,11.66,1,-0.7,1,0.784,12.12,11.41,-4.958,1,5,0.094,0.1069,0.0977,0.1162
172.702,1,0.879,-3.24,2.45,5,73.7,20.2,0.123,-0.0215,0.104,-0.002,0.019,-0.75,-2.003,92.53,11.66,1,-0.7,1,0.794,12.6,13.04,1.514,1,5,0.0961,0.1016,0.1016,0.1164
172.735,1,0.884,-3.24,2.84,5,73.6,20.44,0.123,-0.0195,0.104,-0.003,0.003,-0.75,-2.001,92.53,11.66,1,-0.7,1,0.794,13.09,12.59,0.956,1,5,0.0998,0.1016,0.0998,0.1145
172.767,1,0.873,-2.75,2.29,5,73.5,20.46,0.123,-0.0269,0.107,-0.002,0.021,-0.75,-1.997,92.59,11.66,1,0.73,1,0.796,13.09,12.2,0.363,1,5,0.1071,0.1053,0.1034,0.1108
172.801,1,0.87,-2.75,2.4,5,73.7,20.0,0.123,-0.0219,0.104,-0.003,0.017,-0.75,-1.993,92.65,11.66,1,0.73,1,0.796,13.09,12.2,0.363,1,5,0.1054,0.1017,0.1017,0.1091
172.835,1,0.872,-2.25,2.52,5,73.3,20.46,0.123,-0.0236,0.104,-0.004,-0.069,-0.75,-1.991,92.59,11.66,1,0.73,1,0.821,13.09,12.54,-3.414,1,5,0.1073,0.0999,0.0999,0.1091
172.868,1,0.871,-2.0,2.27,5,73.2,20.44,0.123,-0.0313,0.107,-0.004,0.025,-0.75,-1.986,92.48,11.66,1,0.73,1,0.795,11.63,11.45,0.965,1,5,0.111,0.1036,0.1018,0.111
172.903,1,0.857,-1.75,1.98,5,73.0,20.46,0.123,-0.0285,0.112,0.0,0.018,-0.751,-1.981,92.53,11.66,1,0.73,1,0.822,11.15,5.35,-2.492,1,5,0.1111,0.1148,0.1092,0.1111
172.934,1,0.861,-1.75,2.54,5,73.1,20.46,0.123,-0.0256,0.114,0.001,-0.012,-0.751,-1.979,92.53,11.66,1,0.73,1,0.801,11.15,7.7,-2.599,1,5,0.113,0.1167,0.113,0.113
172.967,1,0.871,-1.75,2.54,5,73.0,20.46,0.123,-0.0356,0.114,-0.0,-0.0,-0.751,-1.975,92.53,11.65,1,2.49,1,0.801,11.15,7.34,-2.986,1,5,0.1148,0.113,0.1148,0.1148
173.001,1,0.866,-1.5,2.32,5,72.9,19.97,0.123,-0.035,0.115,-0.005,-0.013,-0.751,-1.97,92.53,11.65,1,2.49,1,0.796,11.15,7.34,-2.951,1,5,0.1221,0.1092,0.111,0.1166
173.038,1,0.856,-1.25,1.97,5,73.0,20.46,0.123,-0.0336,0.113,-0.002,0.014,-0.751,-1.968,92.53,11.65,1,2.49,1,0.796,11.15,7.34,-2.951,1,5,0.1203,0.1092,0.1129,0.111
173.07,1,0.86,-1.25,1.96,5,73.2,20.46,0.123,-0.0291,0.111,-0.001,-0.11,-0.751,-1.963,92.42,11.65,1,2.49,1,0.797,11.63,6.93,-3.537,1,5,0.1184,0.1073,0.1128,0.1054
173.104,1,0.87,-1.0,1.84,5,73.4,19.97,0.123,-0.0284,0.11,0.001,-0.005,-0.751,-1.959,92.25,11.65,1,2.49,1,0.811,11.63,6.89,-3.55,1,5,0.1147,0.1073,0.1147,0.1036
173.137,1,0.873,-0.75,1.63,5,73.4,20.46,0.123,-0.0288,0.112,0.002,-0.044,-0.752,-1.957,92.19,11.65,1,2.49,1,0.81,11.15,6.91,-0.237,1,5,0.1129,0.111,0.1166,0.1073
173.169,1,0.877,-1.25,2.08,5,74.0,20.04,0.123,-0.0271,0.113,0.004,-0.009,-0.752,-1.952,92.19,11.65,1,2.62,1,0.803,11.15,7.36,0.347,1,5,0.1092,0.111,0.1221,0.1092
173.205,1,0.872,-1.25,2.06,5,73.8,20.46,0.123,-0.0293,0.115,0.001,-0.016,-0.752,-1.947,92.07,11.65,1,2.62,1,0.803,11.15,7.36,0.347,1,5,0.1164,0.1109,0.122,0.1127
173.235,1,0.882,-1.25,1.62,5,73.4,20.46,0.123,-0.0289,0.115,-0.001,-0.033,-0.752,-1.945,92.07,11.65,1,2.62,1,0.822,10.66,5.6,-3.473,1,5,0.1201,0.1072,0.1201,0.1109
173.268,1,0.869,-1.25,1.29,5,72.5,20.04,0.123,-0.0204,0.115,-0.001,-0.016,-0.752,-1.941,92.02,11.65,1,2.62,1,0.819,9.69,6.56,-0.778,1,5,0.1238,0.1072,0.1201,0.1072
173.308,1,0.829,-1.25,1.34,5,72.4,20.46,0.123,-0.014,0.113,-0.0,-0.094,-0.752,-1.936,91.9,11.65,1,2.62,1,0.819,9.69,6.56,-0.778,1,5,0.1221,0.1055,0.1203,0.1055
173.337,1,0.838,-1.25,0.94,5,72.3,20.04,0.123,-0.0149,0.114,-0.002,-0.09,-0.752,-1.934,91.79,11.65,1,2.62,1,0.792,5.33,-6.94,-2.928,1,5,0.122,0.1035,0.1202,0.1091
173.369,1,0.864,-0.75,0.71,5,72.2,20.57,0.123,-0.0072,0.114,0.001,-0.02,-0.753,-1.929,91.73,11.65,1,2.72,1,0.807,5.33,-7.3,-3.404,1,5,0.1155,0.1081,0.1228,0.11
173.404,1,0.863,-1.25,1.21,5,72.1,20.46,0.123,-0.0086,0.117,0.004,-0.024,-0.753,-1.924,91.67,11.66,1,2.72,1,0.807,5.33,-7.3,-3.404,1,5,0.1118,0.11,0.132,0.1136
173.435,1,0.835,-1.0,0.96,5,71.9,20.57,0.123,-0.0118,0.118,0.006,-0.052,-0.753,-1.922,91.62,11.66,1,2.72,1,0.812,6.3,-3.6,-3.262,1,5,0.1138,0.1138,0.134,0.1101
173.472,1,0.831,-1.25,0.7,5,71.9,20.46,0.123,-0.01,0.12,0.002,-0.038,-0.753,-1.917,91.5,11.66,1,2.72,1,0.82,6.3,-3.65,-3.289,1,5,0.1214,0.1122,0.1324,0.114
173.506,1,0.855,-1.25,0.72,5,72.0,20.46,0.123,-0.0019,0.119,0.003,-0.027,-0.754,-1.912,91.44,11.66,1,2.72,1,0.82,6.3,-3.65,-3.289,1,5,0.1231,0.1157,0.1268,0.1084
173.535,1,0.848,-1.25,0.72,5,72.0,20.46,0.123,-0.0024,0.117,0.002,-0.031,-0.754,-1.91,91.39,11.66,1,2.72,1,0.82,6.3,-6.28,-3.376,1,5,0.1212,0.1138,0.123,0.1083
173.566,1,0.825,-1.25,0.91,5,71.6,19.85,0.123,-0.0026,0.116,0.001,-0.02,-0.754,-1.908,91.39,11.66,1,2.72,1,0.787,8.24,-4.37,-3.448,1,5,0.1204,0.1131,0.1222,0.1095
173.6,1,0.816,-1.25,0.99,5,70.6,20.46,0.123,-0.0063,0.115,0.002,-0.034,-0.754,-1.903,91.33,11.66,1,0.22,1,0.787,8.24,-4.37,-3.448,1,5,0.1157,0.112,0.1212,0.1102
173.636,1,0.799,-0.75,0.51,5,69.7,20.46,0.123,-0.008,0.118,0.003,-0.02,-0.754,-1.898,91.27,11.66,1,0.22,1,0.815,10.18,3.66,-1.494,1,5,0.1157,0.1139,0.1268,0.1139
173.667,1,0.744,-1.0,0.3,5,69.3,20.44,0.123,-0.0046,0.12,0.002,-0.032,-0.754,-1.893,91.21,11.66,1,0.22,1,0.825,10.18,3.69,-1.53,1,5,0.1202,0.1147,0.1295,0.1165
173.736,1,0.784,-1.0,1.11,5,68.2,21.02,0.123,0.003,0.12,0.004,-0.023,-0.755,-1.889,91.16,11.66,1,0.22,1,0.816,10.18,2.16,-2.776,1,5,0.1221,0.1203,0.1277,0.111
173.771,1,0.739,-0.75,1.23,5,67.9,21.02,0.123,-0.0127,0.118,0.005,0.001,-0.755,-1.884,91.16,11.66,1,0.22,1,0.823,10.18,1.18,-3.185,1,5,0.1201,0.122,0.1238,0.1053
173.806,1,0.776,-0.75,0.77,5,68.8,20.46,0.123,-0.018,0.115,0.005,0.003,-0.755,-1.879,91.16,11.66,1,-0.99,1,0.823,10.18,1.18,-3.185,1,5,0.1163,0.1219,0.1182,0.1053
173.835,1,0.798,-0.5,0.77,5,70.5,20.2,0.123,-0.0089,0.115,0.004,-0.004,-0.755,-1.877,91.16,11.66,1,-0.99,1,0.809,13.09,9.17,-4.497,1,5,0.1145,0.1201,0.1182,0.109
173.866,1,0.813,-0.25,0.45,5,70.3,20.46,0.123,-0.0117,0.116,0.005,0.004,-0.755,-1.873,91.16,11.66,1,-0.99,1,0.824,13.09,9.68,-2.94,1,5,0.1098,0.1206,0.1206,0.1134
173.905,1,0.807,-0.25,0.44,5,70.0,20.46,0.123,-0.0079,0.119,0.002,-0.006,-0.755,-1.868,91.16,11.66,1,-0.99,1,0.824,13.09,10.1,-2.53,1,5,0.1166,0.1166,0.1256,0.1184
173.936,1,0.798,-0.25,0.56,5,69.8,20.44,0.123,-0.0075,0.121,0.002,0.002,-0.756,-1.865,91.1,11.66,1,-0.99,1,0.822,13.09,9.65,-2.93,1,5,0.1219,0.1183,0.1273,0.1165
173.966,1,0.793,-0.25,0.62,5,69.2,20.46,0.123,-0.0094,0.124,-0.0,-0.013,-0.756,-1.861,91.1,11.66,1,-0.99,1,0.824,13.57,8.81,-2.405,1,5,0.1306,0.1232,0.1232,0.1177
174.001,1,0.776,-0.25,0.05,5,68.7,20.46,0.123,-0.0104,0.12,-0.0,0.017,-0.756,-1.856,91.1,11.66,1,-0.99,1,0.824,13.57,8.81,-2.405,1,5,0.1236,0.1236,0.1162,0.118
174.035,1,0.766,0.25,-0.29,5,68.6,20.44,0.123,0.001,0.12,-0.0,0.029,-0.756,-1.853,91.16,11.66,1,-0.99,1,0.826,14.06,8.44,-1.466,1,5,0.1181,0.1237,0.1144,0.1218
174.067,1,0.793,-0.25,0.99,5,68.2,20.46,0.123,0.0018,0.118,0.002,-0.058,-0.756,-1.849,91.1,11.66,1,-0.99,1,0.828,14.06,8.92,-2.386,1,5,0.109,0.1219,0.1182,0.1219
174.103,1,0.759,0.0,0.82,5,68.0,20.44,0.123,-0.0167,0.119,0.007,-0.006,-0.757,-1.844,90.99,11.66,1,-0.99,1,0.828,14.06,8.92,-2.386,1,5,0.1055,0.124,0.1277,0.1184
174.134,1,0.766,-0.25,0.68,5,67.7,20.46,0.123,-0.0166,0.12,0.007,-0.009,-0.757,-1.841,90.99,11.66,1,-0.99,1,0.818,13.09,9.15,-4.44,1,5,0.111,0.124,0.1295,0.1147
174.168,1,0.819,-0.5,0.41,5,69.8,20.96,0.123,-0.0108,0.122,0.003,-0.027,-0.757,-1.837,90.87,11.66,1,-0.99,1,0.824,13.09,8.76,-0.273,1,5,0.1184,0.1203,0.1295,0.1184
174.202,1,0.822,-0.25,-0.1,5,70.8,20.46,0.123,-0.0026,0.122,-0.0,-0.017,-0.757,-1.832,90.81,11.66,1,0.08,1,0.825,13.09,7.74,-2.404,1,5,0.1257,0.1202,0.122,0.1183
174.234,1,0.81,-0.25,-0.54,5,70.9,22.15,0.123,0.004,0.12,0.001,0.022,-0.757,-1.829,90.87,11.66,1,0.08,1,0.822,13.09,7.73,-2.407,1,5,0.122,0.122,0.1202,0.1165
174.265,1,0.809,-0.25,-0.08,5,70.7,22.15,0.123,0.0127,0.118,0.004,0.031,-0.757,-1.825,90.93,11.66,1,0.08,1,0.816,13.09,8.75,-0.269,1,5,0.1202,0.1239,0.1202,0.1073
174.305,1,0.818,-0.25,0.64,5,71.0,20.46,0.123,0.0038,0.12,0.005,-0.032,-0.757,-1.82,90.93,11.66,1,0.08,1,0.816,13.09,8.75,-0.269,1,5,0.1166,0.124,0.1258,0.1147
174.336,1,0.807,-0.25,0.39,5,71.3,20.46,0.123,-0.0103,0.122,0.004,-0.038,-0.757,-1.817,90.87,11.66,1,0.08,1,0.816,13.57,9.31,-2.003,1,5,0.1166,0.124,0.1277,0.1203
174.368,1,0.809,-0.25,0.34,5,71.8,20.46,0.123,-0.0055,0.125,0.001,0.004,-0.758,-1.812,90.87,11.66,1,0.08,1,0.819,13.09,8.76,-0.276,1,5,0.1238,0.1257,0.1275,0.1238
174.4,1,0.82,-0.5,0.44,5,72.0,20.96,0.123,-0.0044,0.126,-0.0,-0.041,-0.758,-1.81,90.81,11.66,1,0.92,1,0.824,13.09,8.76,-0.276,1,5,0.1275,0.1257,0.1257,0.1238
174.434,1,0.821,-0.5,0.5,5,72.6,20.96,0.1298,-0.0036,0.127,-0.003,-0.042,-0.757,-1.804,90.76,11.66,1,0.92,1,0.829,13.09,8.77,-0.287,1,5,0.1349,0.1256,0.1219,0.1256
174.469,1,0.823,-0.25,0.16,5,73.6,23.35,0.144,-0.0062,0.126,-0.003,0.119,-0.757,-1.799,90.87,11.66,1,0.92,1,0.833,13.09,7.77,-2.41,1,5,0.1293,0.1238,0.122,0.1275
174.5,1,0.841,-0.25,0.39,5,74.4,22.19,0.1509,-0.0018,0.125,-0.001,0.047,-0.758,-1.797,90.93,11.66,1,0.92,1,0.814,12.12,8.61,-1.379,1,5,0.1256,0.1238,0.1238,0.1256
174.534,1,0.848,-0.25,0.36,5,75.0,21.6,0.1648,-0.0079,0.125,0.003,-0.006,-0.758,-1.792,90.87,11.66,1,0.92,1,0.791,8.72,3.07,-2.85,1,5,0.1183,0.1257,0.1293,0.1257
174.567,1,0.854,-0.25,0.26,5,75.7,21.6,0.1596,-0.0068,0.131,0.001,-0.006,-0.758,-1.786,90.81,11.66,1,0.92,1,0.832,8.72,-1.62,-3.965,1,5,0.1276,0.1294,0.135,0.1331
174.603,1,0.858,-0.25,0.49,5,76.7,21.02,0.1357,-0.0035,0.141,-0.003,0.019,-0.758,-1.78,90.81,11.66,1,1.72,1,0.833,9.21,0.03,-4.997,1,5,0.1351,0.1332,0.1388,0.1388
174.634,1,0.864,-0.25,0.36,5,76.8,20.46,0.1239,-0.0075,0.147,-0.003,-0.02,-0.758,-1.777,90.81,11.66,1,1.72,1,0.838,8.72,-0.14,-2.693,1,5,0.1518,0.1443,0.1425,0.1481
174.668,1,0.862,-0.25,0.69,5,77.6,20.46,0.1218,-0.0048,0.154,-0.001,0.096,-0.758,-1.771,90.93,11.66,1,1.72,1,0.845,9.21,0.11,-3.355,1,5,0.1548,0.1567,0.1493,0.1548
174.7,1,0.864,-0.75,0.94,5,77.8,20.46,0.1218,-0.0111,0.155,0.001,-0.004,-0.758,-1.768,90.99,11.66,1,1.72,1,0.841,9.69,1.1,-2.68,1,5,0.1529,0.1602,0.151,0.1547
174.736,1,0.87,-0.75,0.19,5,78.0,20.46,0.1218,-0.0097,0.154,0.005,-0.012,-0.758,-1.762,90.81,11.66,1,1.72,1,0.839,8.72,0.97,-2.057,1,5,0.1437,0.1566,0.1603,0.1547
174.765,1,0.869,-0.75,0.58,5,77.8,20.46,0.1218,0.0042,0.152,0.0,-0.017,-0.758,-1.755,90.81,11.66,1,1.72,1,0.838,8.72,-1.59,-3.974,1,5,0.146,0.1478,0.1571,0.1589
174.801,1,0.868,-0.75,0.6,5,77.7,20.46,0.1218,-0.0036,0.151,-0.002,0.021,-0.758,-1.753,90.81,11.66,1,1.31,1,0.841,9.21,1.11,-1.138,1,5,0.1498,0.1442,0.1535,0.1572
174.836,1,0.865,-0.25,0.24,5,77.5,20.46,0.1218,-0.0042,0.143,-0.006,0.048,-0.758,-1.747,90.81,11.66,1,1.31,1,0.849,8.72,0.87,-0.494,1,5,0.1516,0.1386,0.1349,0.1479
174.864,1,0.871,-0.25,1.18,5,76.9,20.46,0.1206,-0.0033,0.134,-0.001,0.023,-0.758,-1.742,90.99,11.66,1,1.31,1,0.841,9.21,0.11,-5.034,1,5,0.1364,0.1364,0.129,0.1345
174.904,1,0.866,-0.25,0.71,5,76.8,20.46,0.1206,-0.021,0.132,0.0,-0.006,-0.758,-1.736,90.87,11.66,1,1.31,1,0.849,9.69,2.18,-2.004,1,5,0.1261,0.1316,0.1334,0.1371
174.935,1,0.865,-0.25,0.78,5,76.2,20.46,0.1206,-0.012,0.133,0.0,0.029,-0.758,-1.734,90.93,11.66,1,1.31,1,0.849,9.69,2.18,-2.004,1,5,0.1262,0.1299,0.1354,0.139
174.967,1,0.87,-0.25,0.78,5,75.9,20.46,0.1206,-0.0131,0.129,-0.004,-0.057,-0.758,-1.726,90.87,11.66,1,1.31,1,0.831,10.18,1.22,-1.8,1,5,0.1358,0.1248,0.1303,0.134
175.001,1,0.858,-0.25,0.92,5,75.7,20.46,0.1206,-0.013,0.126,-0.004,-0.018,-0.758,-1.724,90.81,11.66,1,0.23,1,0.831,10.18,1.22,-1.8,1,5,0.1369,0.124,0.1258,0.1295
175.036,1,0.86,-0.25,0.78,5,75.4,20.46,0.1206,-0.0155,0.123,-0.003,-0.01,-0.758,-1.721,90.81,11.66,1,0.23,1,0.84,10.18,2.76,-2.002,1,5,0.135,0.1239,0.1165,0.1184
175.065,1,0.862,0.0,0.91,5,75.1,20.2,0.1206,-0.0129,0.118,0.0,0.077,-0.758,-1.717,90.93,11.66,1,0.23,1,0.844,10.18,1.28,-4.998,1,5,0.1221,0.1221,0.1147,0.1129
175.099,1,0.876,-0.75,0.87,5,74.9,20.46,0.1206,-0.0184,0.117,0.002,-0.059,-0.758,-1.715,90.93,11.66,1,0.23,1,0.851,10.18,3.73,-1.593,1,5,0.1165,0.1202,0.1165,0.1128
175.134,1,0.877,-0.75,0.1,5,75.5,20.46,0.1206,-0.0081,0.116,0.003,-0.017,-0.758,-1.71,90.7,11.66,1,0.23,1,0.842,9.21,4.06,-1.794,1,5,0.1091,0.1146,0.1239,0.1183
175.167,1,0.876,-0.75,0.21,5,75.6,20.46,0.1206,0.0061,0.121,0.0,-0.042,-0.758,-1.705,90.64,11.66,1,0.23,1,0.842,9.21,4.06,-1.794,1,5,0.1183,0.1146,0.1275,0.122
175.204,1,0.867,-1.0,0.34,5,75.6,20.44,0.1206,0.0035,0.122,-0.002,-0.045,-0.758,-1.7,90.58,11.66,1,-0.14,1,0.842,9.21,4.06,-1.794,1,5,0.1294,0.1146,0.1257,0.1202
175.234,1,0.874,-1.0,0.14,5,75.5,19.97,0.1206,0.0041,0.122,-0.001,-0.018,-0.758,-1.697,90.58,11.66,1,-0.14,1,0.842,9.21,1.94,-1.371,1,5,0.1293,0.1164,0.1257,0.1183
175.267,1,0.875,-0.75,0.26,5,75.1,20.46,0.1206,0.0074,0.118,0.0,0.097,-0.759,-1.69,90.64,11.66,1,-0.14,1,0.816,11.15,1.97,-4.702,1,5,0.1257,0.1183,0.122,0.1164
175.301,1,0.87,-0.25,0.39,5,74.5,20.46,0.1206,0.0017,0.118,0.0,0.097,-0.759,-1.69,90.64,11.66,1,-0.14,1,0.816,11.15,1.97,-4.702,1,5,0.1202,0.1165,0.1202,0.1146
175.334,1,0.874,-0.75,0.57,5,74.0,20.46,0.1206,-0.0071,0.117,0.004,-0.087,-0.759,-1.686,90.58,11.66,1,-0.14,1,0.839,13.09,9.82,-2.983,1,5,0.1147,0.1184,0.1221,0.111
175.366,1,0.867,-0.75,0.39,5,73.5,20.46,0.1206,-0.0039,0.118,0.004,-0.045,-0.759,-1.681,90.41,11.66,1,-0.14,1,0.842,13.09,10.19,0.966,1,5,0.1147,0.1147,0.1295,0.1147
175.399,1,0.863,-0.75,-0.07,5,73.5,20.46,0.1206,-0.0007,0.121,0.004,-0.033,-0.759,-1.678,90.41,11.65,1,-0.71,1,0.842,13.09,10.19,0.966,1,5,0.1184,0.1165,0.1332,0.1165
175.433,1,0.864,-0.75,-0.09,5,73.4,20.46,0.1206,0.0082,0.122,0.001,-0.05,-0.759,-1.673,90.3,11.65,1,-0.71,1,0.842,12.6,8.6,-2.825,1,5,0.124,0.111,0.1351,0.1184
175.468,1,0.867,-1.0,-0.52,5,73.5,20.44,0.1206,0.0085,0.121,0.001,-0.031,-0.759,-1.669,90.18,11.65,1,-0.71,1,0.842,12.6,8.6,-2.825,1,5,0.1258,0.1147,0.1295,0.1147
175.501,1,0.867,-1.0,-0.29,5,73.7,20.2,0.1206,0.0199,0.119,0.0,0.001,-0.759,-1.666,90.18,11.65,1,-0.71,1,0.842,12.6,8.6,-2.825,1,5,0.1239,0.1147,0.1239,0.1128
175.537,1,0.863,-1.0,0.27,5,73.7,20.44,0.1206,0.0152,0.118,0.001,0.075,-0.759,-1.662,90.3,11.65,1,-0.71,1,0.852,12.12,9.02,-2.347,1,5,0.1201,0.1183,0.1201,0.1128
175.566,1,0.875,-1.0,0.14,5,74.4,20.2,0.1206,0.0042,0.117,0.002,-0.018,-0.759,-1.657,90.3,11.65,1,-0.71,1,0.859,12.6,8.27,-3.412,1,5,0.1145,0.1182,0.1201,0.1145
175.603,1,0.862,-1.0,0.44,5,74.7,20.44,0.1206,0.0066,0.119,0.001,-0.013,-0.759,-1.654,90.3,11.65,1,-0.33,1,0.859,12.6,8.27,-3.412,1,5,0.1164,0.1183,0.122,0.1183
175.636,1,0.872,-1.0,0.45,5,75.3,20.44,0.1206,0.0007,0.12,0.0,0.0,-0.759,-1.65,90.24,11.65,1,-0.33,1,0.861,12.6,8.28,-3.421,1,5,0.1202,0.1183,0.122,0.1202
175.667,1,0.872,-1.0,0.52,5,75.8,20.2,0.1206,0.0004,0.121,-0.002,-0.037,-0.759,-1.645,90.24,11.65,1,-0.33,1,0.857,12.6,8.19,-1.975,1,5,0.124,0.1184,0.1203,0.1221
175.701,1,0.872,-0.75,0.29,5,76.7,20.46,0.1206,-0.001,0.121,-0.0,0.0,-0.759,-1.642,90.24,11.65,1,-0.33,1,0.857,12.6,8.19,-1.975,1,5,0.1221,0.1221,0.1184,0.1203
175.735,1,0.873,-0.75,0.2,5,76.9,20.46,0.1206,0.0004,0.117,0.0,0.069,-0.76,-1.638,90.36,11.65,1,-0.33,1,0.863,12.6,8.24,-3.437,1,5,0.1183,0.122,0.1128,0.1146
175.766,1,0.872,-0.75,0.53,5,77.2,20.46,0.1206,0.0024,0.115,0.002,0.001,-0.76,-1.633,90.41,11.65,1,-0.33,1,0.86,13.09,8.79,-1.94,1,5,0.1109,0.1201,0.1146,0.1146
175.8,1,0.864,-0.5,0.35,5,77.5,19.97,0.1206,-0.0038,0.114,0.004,-0.023,-0.76,-1.631,90.41,11.65,1,0.44,1,0.86,13.09,8.79,-1.94,1,5,0.1072,0.1183,0.1164,0.1127
175.834,1,0.858,-0.5,0.78,5,77.6,20.44,0.1206,-0.0035,0.117,0.002,-0.009,-0.76,-1.626,90.36,11.65,1,0.44,1,0.863,13.09,9.24,-2.749,1,5,0.111,0.1184,0.1202,0.1184
175.866,1,0.862,-0.75,1.04,5,77.4,20.46,0.1206,-0.0112,0.119,0.0,-0.008,-0.76,-1.621,90.36,11.65,1,0.44,1,0.863,13.09,8.9,-4.86,1,5,0.1203,0.1184,0.1203,0.1166
175.9,1,0.86,-0.75,1.03,5,77.2,20.46,0.1206,-0.0129,0.12,-0.002,-0.014,-0.76,-1.619,90.36,11.65,1,0.44,1,0.863,13.09,8.9,-4.86,1,5,0.1258,0.1184,0.1184,0.1184
175.936,1,0.853,-0.75,1.17,5,76.8,20.46,0.1206,-0.0129,0.119,-0.003,-0.008,-0.76,-1.614,90.3,11.65,1,0.44,1,0.874,13.09,9.25,-2.736,1,5,0.1277,0.1184,0.1129,0.1166
175.966,1,0.855,-0.5,0.91,5,76.8,20.44,0.1206,-0.0156,0.118,-0.002,0.02,-0.76,-1.609,90.41,11.65,1,0.44,1,0.875,13.57,8.44,-2.369,1,5,0.1202,0.1202,0.1109,0.1202
175.997,1,0.843,-0.25,1.11,5,76.7,20.46,0.1206,-0.0137,0.117,-0.001,0.017,-0.76,-1.607,90.41,11.63,1,1.14,1,0.88,13.57,9.09,-2.628,1,5,0.1165,0.1183,0.1146,0.1202
176.068,1,0.857,-0.75,1.38,5,76.5,20.46,0.1206,-0.0199,0.119,0.003,-0.093,-0.76,-1.597,90.18,11.63,1,1.14,1,0.841,11.15,8.08,-3.733,1,5,0.1164,0.1183,0.1257,0.1164
176.099,1,0.865,-1.25,1.13,5,76.6,20.46,0.1206,-0.0187,0.12,0.002,-0.02,-0.76,-1.595,90.18,11.63,1,1.14,1,0.878,9.69,1.15,-2.647,1,5,0.12,0.12,0.1256,0.1163
176.133,1,0.871,-1.25,1.07,5,76.2,20.46,0.1092,-0.006,0.121,-0.0,-0.026,-0.76,-1.59,90.07,11.63,1,1.14,1,0.884,9.21,0.66,-5.84,1,5,0.1258,0.1184,0.1221,0.1165
176.167,1,0.872,-1.25,0.97,5,76.0,20.46,0.0951,-0.0058,0.119,0.0,0.004,-0.76,-1.586,90.07,11.63,1,1.14,1,0.884,9.21,0.66,-5.84,1,5,0.1221,0.1184,0.1203,0.1147
176.2,1,0.869,-1.0,0.71,5,75.9,20.44,0.0951,-0.0044,0.117,0.001,0.033,-0.76,-1.583,90.07,11.63,1,1.2,1,0.884,9.21,0.66,-5.84,1,5,0.1203,0.1166,0.1203,0.1129
176.233,1,0.882,-0.75,0.68,5,75.8,20.46,0.0951,-0.0035,0.115,0.003,0.026,-0.76,-1.579,90.18,11.63,1,1.2,1,0.887,9.69,0.21,-4.764,1,5,0.1105,0.1141,0.1215,0.1123
176.266,1,0.874,-0.25,0.53,5,75.7,20.46,0.0951,-0.0058,0.112,0.002,-0.018,-0.76,-1.574,90.18,11.63,1,1.2,1,0.883,10.18,1.45,-5.01,1,5,0.1106,0.1087,0.1198,0.1087
176.335,1,0.871,-1.25,0.48,5,75.6,20.46,0.0951,-0.0085,0.11,0.0,-0.032,-0.76,-1.568,89.84,11.63,1,1.2,1,0.89,9.69,0.26,-4.744,1,5,0.1147,0.1055,0.1147,0.1055
176.367,1,0.881,-1.25,0.5,5,75.8,20.46,0.0951,0.0046,0.107,0.0,-0.074,-0.76,-1.563,89.73,11.63,1,1.2,1,0.886,9.21,-0.64,-5.506,1,5,0.1166,0.1036,0.111,0.0981
176.399,1,0.882,-1.75,0.77,5,75.6,20.46,0.0951,0.004,0.106,0.001,-0.041,-0.76,-1.562,89.67,11.63,1,-0.72,1,0.886,9.21,-0.64,-5.506,1,5,0.1148,0.1018,0.1111,0.0944
176.465,1,0.873,-1.75,0.81,5,75.8,20.46,0.0951,0.0039,0.094,0.003,-0.013,-0.76,-1.554,89.67,11.63,1,-0.72,1,0.86,12.12,3.41,-4.513,1,5,0.0944,0.0889,0.1056,0.0889
176.501,1,0.883,-1.25,0.26,5,76.0,20.46,0.0951,0.003,0.093,0.003,0.032,-0.761,-1.552,89.67,11.63,1,-0.72,1,0.86,12.12,3.41,-4.513,1,5,0.0907,0.0907,0.1018,0.0888
176.533,1,0.881,-1.25,0.32,5,76.0,20.46,0.0951,0.0058,0.093,0.001,-0.035,-0.761,-1.548,89.67,11.63,1,-0.72,1,0.893,12.12,6.22,-1.655,1,5,0.0905,0.0924,0.0961,0.0924
176.567,1,0.874,-1.25,0.34,5,76.2,20.46,0.0951,0.0051,0.096,-0.0,-0.061,-0.76,-1.544,89.61,11.63,1,-0.72,1,0.897,12.12,6.7,-2.386,1,5,0.0978,0.0941,0.0978,0.0959
176.6,1,0.876,-1.5,0.23,5,76.0,20.96,0.0951,0.0049,0.098,-0.001,-0.041,-0.76,-1.542,89.55,11.63,1,-2.6,1,0.897,12.12,5.32,-3.671,1,5,0.1015,0.0941,0.0996,0.0978
176.666,1,0.883,-1.75,0.47,5,76.0,20.46,0.0951,0.0098,0.095,-0.001,0.034,-0.76,-1.535,89.5,11.63,1,-2.6,1,0.879,15.03,8.95,-3.535,1,5,0.098,0.0943,0.0924,0.0943
176.7,1,0.883,-1.5,0.52,5,76.2,20.2,0.0951,0.0087,0.093,-0.001,0.054,-0.76,-1.533,89.55,11.63,1,-2.6,1,0.879,15.03,8.95,-3.535,1,5,0.0944,0.0925,0.0925,0.0944
176.765,1,0.887,-1.25,0.4,5,76.1,20.46,0.0951,0.0044,0.088,0.001,-0.013,-0.76,-1.526,89.67,11.63,1,-2.6,1,0.895,15.03,12.27,-2.93,1,5,0.0817,0.089,0.089,0.0926
176.799,1,0.89,-1.25,0.36,5,76.1,20.46,0.0951,0.0033,0.086,0.002,0.017,-0.76,-1.524,89.67,11.63,1,-2.6,1,0.895,15.03,12.27,-2.93,1,5,0.0805,0.0912,0.0859,0.0876
176.864,1,0.892,-1.5,0.67,5,76.3,20.44,0.0951,0.0045,0.093,0.003,-0.056,-0.76,-1.516,89.61,11.63,1,-2.6,1,0.908,15.51,11.86,-3.248,1,5,0.0885,0.0975,0.0939,0.0903
176.901,1,0.883,-1.5,0.34,5,76.6,19.97,0.0951,0.0023,0.094,0.001,-0.003,-0.76,-1.514,89.55,11.63,1,-2.6,1,0.908,15.51,11.86,-3.248,1,5,0.0934,0.0953,0.0953,0.0934
176.935,1,0.891,-1.75,0.57,5,76.3,20.46,0.0951,0.0079,0.093,-0.003,-0.016,-0.76,-1.511,89.55,11.63,1,-2.6,1,0.907,15.03,10.28,-3.799,1,5,0.0971,0.0916,0.0879,0.0934
176.962,1,0.888,-1.75,0.47,5,77.3,20.46,0.0951,0.0066,0.09,-0.004,0.059,-0.76,-1.507,89.55,11.63,1,-2.6,1,0.904,15.03,10.22,-2.297,1,5,0.0943,0.0906,0.0813,0.0924
177.0,1,0.892,-1.75,0.41,5,77.6,20.46,0.0951,0.0083,0.089,-0.003,0.066,-0.76,-1.505,89.67,11.64,1,-1.82,1,0.904,15.03,10.22,-2.297,1,5,0.0889,0.0926,0.0796,0.0944
177.032,1,0.889,-1.25,0.35,5,77.9,20.46,0.0951,0.0091,0.088,-0.002,0.046,-0.76,-1.502,89.84,11.64,1,-1.82,1,0.904,15.03,11.21,-1.928,1,5,0.0815,0.0926,0.0797,0.1
177.065,1,0.877,-1.0,0.49,5,77.7,19.97,0.0951,0.0041,0.085,-0.004,0.072,-0.76,-1.499,90.01,11.64,1,-1.82,1,0.904,15.03,11.21,-1.928,1,5,0.0777,0.087,0.0759,0.0999
177.101,1,0.865,-1.0,1.22,5,77.8,20.44,0.0951,-0.0014,0.085,-0.004,0.02,-0.76,-1.497,90.01,11.64,1,-1.82,1,0.904,15.03,11.21,-1.928,1,5,0.0795,0.0869,0.0758,0.098
177.165,1,0.857,-0.75,1.18,5,77.5,20.46,0.0951,-0.0131,0.095,-0.002,0.01,-0.759,-1.489,90.01,11.64,1,-1.82,1,0.899,15.99,13.46,-2.859,1,5,0.0942,0.0961,0.0905,0.0998
177.201,1,0.854,-0.75,1.07,5,77.6,20.46,0.0951,-0.0152,0.097,-0.002,-0.009,-0.759,-1.487,90.01,11.64,1,0.04,1,0.899,15.99,13.46,-2.859,1,5,0.0998,0.0979,0.0924,0.0998
177.266,1,0.846,-0.75,0.75,5,77.6,20.46,0.0951,-0.0126,0.099,-0.003,0.016,-0.759,-1.479,89.95,11.64,1,0.04,1,0.878,13.09,6.59,-3.629,1,5,0.1074,0.1,0.0926,0.0963
177.3,1,0.854,-0.75,0.66,5,77.7,20.46,0.0951,-0.0069,0.098,-0.001,0.044,-0.759,-1.477,89.95,11.64,1,0.04,1,0.878,13.09,6.59,-3.629,1,5,0.1019,0.1001,0.0945,0.0964
177.336,1,0.849,-0.75,1.08,5,77.7,20.46,0.0951,-0.005,0.093,0.001,0.011,-0.759,-1.474,90.07,11.64,1,0.04,1,0.898,13.09,5.09,-3.368,1,5,0.0908,0.0945,0.0926,0.0926
177.365,1,0.844,-0.5,0.8,5,78.0,19.97,0.0951,-0.0124,0.09,-0.0,-0.02,-0.759,-1.47,90.13,11.64,1,0.04,1,0.907,13.09,5.08,-3.378,1,5,0.0852,0.0907,0.0889,0.0963
177.397,1,0.845,-0.75,1.32,5,77.7,20.46,0.0951,-0.0106,0.089,-0.001,-0.073,-0.759,-1.468,90.01,11.63,1,0.75,1,0.907,13.09,5.08,-3.378,1,5,0.0833,0.0888,0.087,0.0962
177.432,1,0.839,-0.75,1.4,5,78.1,20.46,0.0951,-0.016,0.092,-0.0,-0.033,-0.759,-1.465,89.95,11.63,1,0.75,1,0.904,13.09,5.15,-4.85,1,5,0.0888,0.0907,0.0925,0.0962
177.464,1,0.844,-0.75,1.0,5,78.0,20.46,0.0951,-0.0176,0.097,0.002,0.009,-0.759,-1.46,89.9,11.63,1,0.75,1,0.906,12.6,5.64,-4.421,1,5,0.0962,0.0962,0.1018,0.0925
177.498,1,0.855,-0.75,0.95,5,78.2,20.46,0.0951,-0.0106,0.098,0.002,-0.021,-0.759,-1.459,89.9,11.63,1,0.75,1,0.906,12.6,5.64,-4.421,1,5,0.0999,0.0962,0.1036,0.0925
177.565,1,0.86,-1.0,0.81,5,78.6,19.97,0.0951,-0.0098,0.096,0.0,0.027,-0.759,-1.451,89.84,11.63,1,0.75,1,0.909,12.12,4.43,-5.625,1,5,0.0975,0.0957,0.0975,0.0938
177.664,1,0.861,-0.75,1.41,5,78.1,20.46,0.0951,-0.0047,0.092,-0.001,-0.02,-0.759,-1.442,89.95,11.63,1,0.34,1,0.896,12.6,5.65,-4.395,1,5,0.0888,0.0851,0.0962,0.0962
177.764,1,0.888,-1.0,0.55,5,78.6,19.97,0.0951,-0.0181,0.097,0.0,-0.045,-0.759,-1.432,89.78,11.63,1,0.34,1,0.894,12.12,4.37,-5.633,1,5,0.0999,0.0925,0.1018,0.0944
177.8,1,0.881,-1.25,0.65,5,78.1,20.46,0.0951,0.0001,0.096,0.0,-0.061,-0.759,-1.43,89.73,11.63,1,-0.06,1,0.894,12.12,4.37,-5.633,1,5,0.0981,0.0907,0.1018,0.0925
177.866,1,0.89,-1.5,0.26,5,78.2,20.2,0.0951,0.0006,0.095,-0.001,0.031,-0.759,-1.422,89.61,11.63,1,-0.06,1,0.899,11.15,2.69,-4.992,1,5,0.0998,0.0924,0.0942,0.0924
177.9,1,0.891,-1.5,0.55,5,78.2,19.97,0.0951,0.0103,0.096,-0.001,0.023,-0.759,-1.42,89.61,11.63,1,-0.06,1,0.897,11.15,2.69,-4.991,1,5,0.0997,0.0942,0.0942,0.0942
177.963,1,0.892,-1.5,0.38,5,78.1,19.97,0.0951,0.0044,0.094,-0.0,-0.057,-0.759,-1.413,89.67,11.63,1,-0.06,1,0.903,11.15,3.12,-5.695,1,5,0.0926,0.0907,0.0963,0.0963
178.064,1,0.895,-1.75,0.38,5,78.0,20.46,0.09,0.0071,0.098,-0.001,-0.0,-0.759,-1.403,89.55,11.63,1,-2.15,1,0.855,13.57,2.82,-6.138,1,5,0.1018,0.0962,0.0962,0.0962
178.097,1,0.88,-1.5,0.2,5,78.1,20.44,0.09,0.01,0.098,-0.001,-0.02,-0.759,-1.401,89.55,11.63,1,-2.15,1,0.855,13.57,2.82,-6.138,1,5,0.1018,0.0981,0.0962,0.0962
178.13,1,0.873,-1.5,0.54,5,77.9,19.97,0.09,0.0098,0.097,-0.001,0.012,-0.759,-1.397,89.55,11.63,1,-2.15,1,0.894,15.03,10.24,-2.315,1,5,0.0981,0.0999,0.0907,0.0981
178.164,1,0.892,-1.25,0.03,5,77.9,20.46,0.09,0.004,0.094,0.002,0.042,-0.759,-1.394,89.67,11.63,1,-2.15,1,0.897,15.03,11.15,-0.345,1,5,0.0924,0.0998,0.0924,0.0924
178.197,1,0.891,-1.25,0.03,5,77.8,20.46,0.09,0.0097,0.092,0.004,0.061,-0.759,-1.392,89.73,11.63,1,-3.66,1,0.897,15.03,11.15,-0.345,1,5,0.0869,0.098,0.0943,0.0906
178.232,1,0.884,-1.25,0.4,5,77.5,20.46,0.09,0.01,0.09,0.006,-0.015,-0.759,-1.388,89.73,11.63,1,-3.66,1,0.9,15.51,11.48,-2.623,1,5,0.0814,0.0944,0.0962,0.087
178.264,1,0.879,-1.25,0.63,5,77.7,20.46,0.09,0.0037,0.087,0.004,-0.019,-0.759,-1.385,89.73,11.63,1,-3.66,1,0.901,15.51,11.47,-2.613,1,5,0.0814,0.0907,0.0925,0.0851
178.296,1,0.885,-1.25,0.63,5,77.8,20.46,0.09,-0.0001,0.089,0.002,-0.004,-0.759,-1.383,89.73,11.63,1,-3.66,1,0.901,15.51,11.47,-2.613,1,5,0.087,0.0907,0.0907,0.087
178.332,1,0.884,-1.25,0.49,5,77.5,20.46,0.09,0.0,0.091,-0.001,-0.02,-0.759,-1.379,89.67,11.63,1,-3.66,1,0.898,15.51,11.46,-2.604,1,5,0.0953,0.0898,0.0898,0.0898
178.364,1,0.891,-1.25,-0.18,5,77.0,20.46,0.09,0.0025,0.093,-0.002,-0.014,-0.759,-1.377,89.67,11.63,1,-3.66,1,0.896,15.51,10.88,-3.765,1,5,0.099,0.0935,0.088,0.0917
178.397,1,0.888,-1.25,-0.19,5,76.5,20.46,0.09,0.0143,0.094,-0.003,-0.002,-0.759,-1.375,89.67,11.62,1,-2.22,1,0.896,15.51,10.88,-3.765,1,5,0.0991,0.0954,0.0862,0.0954
178.431,1,0.883,-1.25,-0.16,5,76.3,20.46,0.09,0.0144,0.093,-0.003,0.026,-0.759,-1.37,89.73,11.62,1,-2.22,1,0.894,15.03,11.34,-3.29,1,5,0.0936,0.0973,0.0826,0.0973
178.466,1,0.88,-1.25,0.28,5,76.1,20.46,0.09,0.0139,0.093,-0.001,0.049,-0.759,-1.366,89.84,11.62,1,-2.22,1,0.894,15.03,11.34,-3.29,1,5,0.0918,0.0973,0.0844,0.0973
178.498,1,0.887,-1.0,0.23,5,76.5,20.44,0.09,0.0063,0.093,-0.001,0.049,-0.759,-1.366,89.84,11.62,1,-2.22,1,0.894,15.03,11.34,-3.29,1,5,0.0881,0.0936,0.0899,0.0991
178.53,1,0.887,-1.0,0.24,5,76.4,20.44,0.09,0.0043,0.092,0.003,-0.003,-0.759,-1.362,89.84,11.62,1,-2.22,1,0.891,15.51,12.36,-0.667,1,5,0.0814,0.0924,0.0961,0.0961
178.563,1,0.885,-1.0,0.25,5,77.0,20.44,0.09,0.0043,0.089,0.003,-0.03,-0.759,-1.359,89.84,11.62,1,-2.22,1,0.891,15.51,11.45,-2.584,1,5,0.0796,0.0907,0.0944,0.0925
178.597,1,0.884,-1.0,0.25,5,76.9,20.44,0.09,0.0043,0.09,0.003,-0.019,-0.759,-1.357,89.78,11.62,1,-1.34,1,0.891,15.51,11.45,-2.584,1,5,0.0833,0.0925,0.0925,0.0907
178.631,1,0.884,-1.0,0.3,5,76.9,20.44,0.09,0.0043,0.092,0.001,-0.034,-0.759,-1.353,89.73,11.62,1,-1.34,1,0.89,15.51,11.76,-1.892,1,5,0.0907,0.0944,0.0907,0.0907
178.663,1,0.887,-1.25,-0.27,5,77.0,20.46,0.09,0.0036,0.092,0.0,-0.007,-0.759,-1.35,89.67,11.62,1,-1.34,1,0.88,15.51,10.82,-2.324,1,5,0.0944,0.0944,0.0907,0.0888
178.699,1,0.881,-1.5,0.03,5,77.0,20.44,0.09,0.0167,0.092,0.0,-0.022,-0.759,-1.348,89.67,11.62,1,-1.34,1,0.88,15.51,10.82,-2.324,1,5,0.0944,0.0944,0.0888,0.0888
178.762,1,0.881,-1.25,-0.11,5,77.4,20.2,0.09,0.0136,0.089,0.001,0.043,-0.759,-1.341,89.73,11.62,1,-1.34,1,0.847,11.63,5.65,-1.723,1,5,0.0851,0.0925,0.087,0.0907
178.795,1,0.886,-1.0,0.27,5,77.3,20.44,0.09,0.0129,0.088,0.001,0.076,-0.759,-1.339,89.84,11.62,1,-0.26,1,0.876,11.15,1.22,-4.682,1,5,0.0833,0.0907,0.0888,0.0907
178.83,1,0.878,-1.0,0.11,5,77.1,20.44,0.09,0.0035,0.085,0.002,0.056,-0.759,-1.336,89.9,11.62,1,-0.26,1,0.885,11.15,4.09,-3.709,1,5,0.0795,0.0887,0.085,0.0868
178.862,1,0.872,-0.5,0.13,5,77.3,20.44,0.09,0.0066,0.083,0.002,-0.022,-0.759,-1.333,89.95,11.62,1,-0.26,1,0.89,11.63,3.27,-3.357,1,5,0.0776,0.0887,0.0831,0.0831
178.897,1,0.883,-0.5,0.31,5,77.2,20.44,0.09,-0.0001,0.084,0.001,-0.024,-0.759,-1.331,89.9,11.62,1,-0.26,1,0.89,11.63,3.27,-3.357,1,5,0.0804,0.0875,0.0839,0.0857
178.93,1,0.886,-0.75,-0.05,5,77.4,20.46,0.09,-0.0023,0.088,0.002,-0.036,-0.759,-1.327,89.84,11.62,1,-0.26,1,0.889,11.63,3.29,-3.371,1,5,0.0839,0.0893,0.0893,0.0875
178.963,1,0.874,-1.0,0.31,5,77.6,20.44,0.09,0.0074,0.093,0.002,-0.014,-0.759,-1.322,89.78,11.62,1,-0.26,1,0.889,11.63,3.29,-3.371,1,5,0.0961,0.0905,0.0998,0.0868
178.996,1,0.864,-1.0,0.35,5,77.7,20.44,0.09,0.0042,0.093,0.002,-0.014,-0.759,-1.322,89.78,11.6,1,0.19,1,0.889,11.63,3.29,-3.371,1,5,0.0961,0.0905,0.0998,0.0868
179.031,1,0.869,-1.25,0.0,5,77.7,20.46,0.09,0.0033,0.095,-0.002,-0.033,-0.759,-1.318,89.73,11.6,1,0.19,1,0.88,11.15,4.06,-2.116,1,5,0.1018,0.0888,0.0962,0.0925
179.062,1,0.874,-1.0,-0.29,5,77.5,20.44,0.09,0.0122,0.093,-0.0,0.073,-0.759,-1.312,89.84,11.6,1,0.19,1,0.891,10.66,2.99,-1.284,1,5,0.0963,0.0963,0.0889,0.0907
179.096,1,0.866,-1.0,0.17,5,77.0,20.44,0.09,0.014,0.091,0.002,0.028,-0.759,-1.31,89.84,11.6,1,0.19,1,0.891,10.66,2.99,-1.284,1,5,0.0907,0.0944,0.0925,0.087
179.131,1,0.836,-1.0,0.21,5,76.9,20.44,0.09,0.0059,0.092,0.004,0.005,-0.759,-1.309,89.84,11.6,1,0.19,1,0.889,11.15,4.1,-3.709,1,5,0.0888,0.0962,0.0962,0.0869
179.164,1,0.833,-0.75,0.05,5,77.0,21.02,0.09,0.0052,0.092,0.003,-0.043,-0.759,-1.303,89.78,11.6,1,0.19,1,0.892,11.63,3.6,-2.596,1,5,0.0831,0.0887,0.1016,0.0942
179.196,1,0.849,-0.75,-0.1,5,77.1,20.46,0.09,0.0049,0.092,0.003,-0.043,-0.759,-1.303,89.78,11.6,1,-0.79,1,0.892,11.63,3.6,-2.596,1,5,0.0831,0.0887,0.1016,0.0942
179.232,1,0.854,-1.0,-0.04,5,77.0,20.81,0.09,0.0079,0.095,0.001,-0.054,-0.76,-1.297,89.67,11.6,1,-0.79,1,0.886,11.15,4.09,-3.709,1,5,0.0961,0.0924,0.0998,0.0905
179.262,1,0.86,-1.0,-0.35,5,76.7,20.44,0.09,0.01,0.096,0.0,-0.047,-0.759,-1.295,89.55,11.6,1,-0.79,1,0.889,10.66,4.89,-2.445,1,5,0.1017,0.0924,0.0998,0.0887
179.296,1,0.866,-1.25,-0.14,5,76.3,20.46,0.09,0.0154,0.095,-0.001,-0.008,-0.759,-1.292,89.55,11.6,1,-0.79,1,0.889,10.66,4.89,-2.445,1,5,0.1036,0.0925,0.0944,0.0888
179.332,1,0.889,-1.25,-0.29,5,76.4,20.46,0.09,0.0145,0.095,-0.0,0.053,-0.759,-1.288,89.67,11.6,1,-0.79,1,0.894,10.66,2.09,-3.402,1,5,0.098,0.0962,0.0925,0.0925
179.362,1,0.901,-1.0,-0.4,5,75.5,20.44,0.09,0.0168,0.093,0.001,0.014,-0.759,-1.284,89.78,11.6,1,-0.79,1,0.894,10.66,2.1,-3.408,1,5,0.0887,0.0943,0.0943,0.0943
179.396,1,0.88,-0.75,-0.42,5,75.8,20.81,0.09,0.0156,0.093,0.001,0.014,-0.759,-1.284,89.78,11.58,1,-1.17,1,0.894,10.66,2.1,-3.408,1,5,0.0887,0.0943,0.0943,0.0943
179.43,1,0.883,-1.0,-0.05,5,75.9,20.81,0.09,0.0131,0.089,0.001,-0.002,-0.76,-1.279,89.73,11.58,1,-1.17,1,0.893,10.66,4.95,-4.031,1,5,0.085,0.0924,0.0887,0.0905
179.463,1,0.89,-1.0,-0.14,5,75.3,21.02,0.09,0.0099,0.091,0.002,-0.052,-0.76,-1.275,89.67,11.58,1,-1.17,1,0.893,10.66,4.9,-2.442,1,5,0.0869,0.0961,0.0887,0.0906
179.495,1,0.881,-1.25,-0.21,5,75.6,20.46,0.09,0.0115,0.091,0.002,-0.052,-0.76,-1.275,89.67,11.58,1,-1.17,1,0.893,10.66,4.9,-2.442,1,5,0.0869,0.0961,0.0887,0.0906
179.53,1,0.876,-1.5,-0.2,5,76.0,20.81,0.09,0.0155,0.093,0.001,-0.006,-0.76,-1.271,89.61,11.58,1,-1.17,1,0.889,10.66,3.93,0.798,1,5,0.0903,0.094,0.094,0.0922
179.562,1,0.884,-1.5,-0.24,5,76.4,21.02,0.09,0.0182,0.091,0.0,-0.017,-0.76,-1.268,89.55,11.58,1,-1.17,1,0.888,10.66,3.93,0.794,1,5,0.0895,0.0895,0.0931,0.0913
179.598,1,0.883,-1.5,-0.42,5,76.6,21.02,0.09,0.0186,0.09,0.0,-0.009,-0.759,-1.264,89.55,11.58,1,-1.5,1,0.888,10.66,3.93,0.794,1,5,0.0905,0.0887,0.0905,0.0887
179.628,1,0.888,-1.5,-0.32,5,76.8,20.81,0.09,0.0214,0.09,0.0,0.043,-0.759,-1.26,89.67,11.58,1,-1.5,1,0.895,10.66,2.37,-2.618,1,5,0.0883,0.0919,0.0883,0.0919
179.663,1,0.888,-1.5,-0.36,5,76.8,20.81,0.09,0.0195,0.089,0.0,0.035,-0.759,-1.259,89.73,11.58,1,-1.5,1,0.895,10.66,2.37,-2.618,1,5,0.0865,0.0919,0.0865,0.0919
179.696,1,0.891,-1.0,-0.55,5,76.6,20.44,0.09,0.02,0.087,0.001,0.039,-0.759,-1.257,89.73,11.58,1,-1.5,1,0.895,10.66,2.37,-2.618,1,5,0.0818,0.089,0.0872,0.0908
179.732,1,0.888,-0.5,-0.17,5,75.2,21.02,0.09,0.0173,0.085,-0.0,0.039,-0.759,-1.253,89.9,11.58,1,-1.5,1,0.906,11.63,3.53,-2.608,1,5,0.0786,0.086,0.0841,0.0914
179.761,1,0.895,-0.75,-0.09,5,75.1,20.46,0.09,0.0052,0.087,-0.0,-0.054,-0.759,-1.25,89.84,11.58,1,-1.5,1,0.908,11.63,5.99,-0.834,1,5,0.0811,0.0903,0.083,0.0922
179.796,1,0.893,-0.75,-0.4,5,76.0,20.81,0.09,0.0075,0.089,0.0,-0.028,-0.759,-1.248,89.78,11.58,1,-0.77,1,0.908,11.63,5.99,-0.834,1,5,0.0849,0.0923,0.0867,0.0923
179.83,1,0.894,-1.0,-0.17,5,76.0,20.81,0.09,0.0133,0.094,0.001,-0.026,-0.76,-1.244,89.73,11.58,1,-0.77,1,0.915,11.63,4.52,-0.483,1,5,0.0942,0.0961,0.0942,0.0905
179.865,1,0.901,-1.25,0.11,5,76.0,21.02,0.09,0.0123,0.096,0.0,-0.042,-0.759,-1.24,89.67,11.58,1,-0.77,1,0.917,11.15,5.02,-1.629,1,5,0.1002,0.0911,0.1002,0.0911
179.894,1,0.898,-1.25,-0.14,5,76.2,21.02,0.09,0.0105,0.097,0.0,-0.007,-0.759,-1.238,89.61,11.58,1,-0.77,1,0.921,10.66,4.91,-4.002,1,5,0.102,0.0947,0.0983,0.0911
179.93,1,0.896,-1.0,-0.11,5,76.3,21.02,0.09,0.0143,0.095,0.0,0.041,-0.76,-1.234,89.73,11.58,1,-0.77,1,0.924,10.66,4.91,-3.996,1,5,0.0983,0.0946,0.0965,0.091
179.965,1,0.896,-1.0,-0.31,5,76.4,21.02,0.09,0.0107,0.092,0.001,0.025,-0.759,-1.231,89.78,11.58,1,-0.77,1,0.925,10.66,4.93,-4.005,1,5,0.0946,0.0964,0.0927,0.0946
179.995,1,0.899,-0.75,-0.49,5,76.3,20.81,0.09,0.0142,0.09,0.0,0.049,-0.759,-1.229,89.84,11.59,1,-0.33,1,0.932,11.63,4.52,-0.485,1,5,0.0868,0.0905,0.0886,0.0923
