t,valid,conf,lat_mm,head_deg,bandas,contraste,larg_mm,vx,wz,odom_vx,odom_vy,odom_wz,volts,servo,f_valid,f_conf,f_lat_mm,f_head_deg,f_curv,f_curv_ok,f_bandas,fl,fr,rl,rr
0.046,1,0.828,0.25,0.14,5,73.4,20.0,0.014,-0.0046,0.0,0.0,-0.005,12.55,0.0,1,0.834,7.27,10.37,2.855,1,5,0.0,0.0,0.0,0.0
0.217,1,0.827,0.0,0.0,5,73.3,19.97,0.0772,-0.0046,0.01,-0.005,-0.021,12.55,0.58,1,0.842,2.42,3.02,0.0,1,5,0.0111,0.0037,0.0074,0.0185
0.253,1,0.83,-0.25,0.22,5,73.5,19.45,0.0911,0.0007,0.015,-0.003,-0.043,12.55,0.58,1,0.808,-1.45,1.7,0.595,1,5,0.0148,0.0074,0.0167,0.0223
0.317,1,0.836,-0.25,0.13,5,73.8,19.27,0.1121,-0.0009,0.048,0.002,-0.004,12.55,3.31,1,0.844,-2.42,-5.53,-0.118,1,5,0.0389,0.0315,0.0445,0.0334
0.453,1,0.82,-1.25,0.02,5,73.7,19.45,0.1611,-0.0007,0.112,0.003,0.026,12.55,3.31,1,0.844,-2.91,-6.49,-0.851,1,5,0.1084,0.1084,0.1212,0.1102
0.517,1,0.812,-1.0,-0.61,5,74.2,19.97,0.1821,0.013,0.154,0.001,-0.004,12.55,2.39,1,0.844,-2.91,-6.49,-0.851,1,5,0.1462,0.1407,0.1499,0.1407
0.554,1,0.783,-1.0,-0.99,5,74.0,20.0,0.1755,0.0259,0.173,0.003,-0.011,12.55,2.39,1,0.845,-3.39,-7.72,-2.33,1,5,0.1639,0.162,0.1694,0.1583
0.654,1,0.8,-1.75,-0.48,5,74.1,20.04,0.1584,0.0333,0.197,0.005,-0.074,12.55,2.39,1,0.821,-0.97,-5.49,-2.234,1,5,0.1915,0.2007,0.2025,0.1915
0.717,1,0.801,-1.75,-0.65,5,74.4,20.46,0.168,0.0296,0.195,-0.001,-0.005,12.55,-0.83,1,0.847,-0.48,-0.61,0.0,1,5,0.1966,0.1966,0.191,0.1947
0.817,1,0.805,-2.5,-0.05,5,75.2,20.57,0.1798,0.0339,0.196,-0.001,-0.006,12.55,-0.83,1,0.856,-0.48,-0.64,-1.608,1,5,0.1929,0.1929,0.191,0.2003
0.851,1,0.809,-2.5,-0.22,5,75.5,20.56,0.1908,0.0264,0.196,-0.001,0.023,12.55,-0.83,1,0.803,4.36,6.88,-0.349,1,5,0.1892,0.1947,0.1947,0.2059
0.919,1,0.803,-2.25,0.28,5,76.1,20.56,0.1634,0.0293,0.198,-0.004,-0.02,12.55,-1.64,1,0.84,5.33,11.2,2.606,1,5,0.1929,0.1966,0.191,0.2114
0.946,1,0.804,-2.5,-0.21,5,76.2,20.57,0.1548,0.0138,0.202,-0.004,0.04,12.55,-1.64,1,0.84,5.33,11.2,2.606,1,5,0.1984,0.2021,0.1929,0.2133
0.984,1,0.823,-2.5,-0.65,5,76.0,20.57,0.1548,0.0284,0.204,-0.008,-0.001,12.55,-1.64,1,0.834,4.85,9.51,2.26,1,5,0.2075,0.2057,0.1873,0.2167
1.015,1,0.821,-2.5,-0.34,5,75.6,20.57,0.1406,0.0373,0.202,-0.011,-0.014,12.55,-1.64,1,0.83,4.36,10.75,4.164,1,5,0.2094,0.2002,0.1837,0.2167
1.052,1,0.821,-2.5,-0.32,5,75.5,20.57,0.1168,0.0292,0.194,-0.013,0.032,12.55,-1.64,1,0.828,4.36,10.39,5.321,1,5,0.2039,0.1855,0.1763,0.2094
1.087,1,0.803,-2.99,0.41,5,75.7,20.57,0.1043,0.0282,0.189,-0.009,0.013,12.55,0.02,1,0.837,3.88,11.13,4.766,1,5,0.1947,0.1817,0.178,0.2021
1.186,1,0.857,-3.74,0.31,5,75.7,20.46,0.0862,0.0205,0.172,-0.016,0.028,12.55,0.02,1,0.832,-0.97,6.17,-0.211,1,5,0.1817,0.1613,0.1502,0.1929
1.218,1,0.857,-4.24,0.68,5,75.3,20.0,0.1,0.0309,0.165,-0.016,-0.028,12.55,0.02,1,0.816,-4.85,0.31,1.514,1,5,0.1762,0.1521,0.1447,0.1855
1.352,1,0.812,-7.24,1.15,5,75.6,20.56,0.1489,0.0235,0.135,-0.016,-0.001,12.55,3.76,1,0.86,-8.72,-1.25,-1.909,1,5,0.1558,0.1113,0.128,0.1465
1.386,1,0.823,-7.74,0.82,5,75.5,20.56,0.1533,0.049,0.136,-0.013,-0.007,12.55,3.76,1,0.861,-9.69,-1.4,-1.445,1,5,0.1595,0.1187,0.1261,0.1391
1.484,1,0.829,-7.49,-0.21,5,74.4,20.04,0.1341,0.0566,0.145,-0.002,0.004,12.55,3.6,1,0.861,-8.24,-4.25,2.305,1,5,0.1372,0.1447,0.1409,0.1558
1.517,1,0.83,-7.49,0.54,5,74.1,20.0,0.1479,0.0742,0.144,0.002,0.017,12.55,3.6,1,0.861,-8.24,-4.25,2.305,1,5,0.1298,0.1465,0.1409,0.1558
1.546,1,0.828,-7.24,-0.6,5,73.4,20.0,0.1458,0.0568,0.145,0.001,0.033,12.55,3.6,1,0.863,-8.24,-3.22,2.966,1,5,0.1298,0.1502,0.1409,0.1576
1.583,1,0.834,-6.74,-0.67,5,72.6,20.46,0.1458,0.0791,0.145,-0.001,-0.001,12.55,3.6,1,0.863,-8.24,-3.22,2.966,1,5,0.1354,0.1502,0.1372,0.1558
1.612,1,0.831,-6.74,-0.8,5,72.1,20.0,0.1595,0.0758,0.147,-0.001,0.06,12.55,3.6,1,0.867,-7.27,-3.69,-0.722,1,5,0.1409,0.1539,0.1372,0.1558
1.716,1,0.789,-5.99,0.16,5,70.2,20.04,0.1423,0.0781,0.143,0.0,0.057,12.55,2.37,1,0.856,-5.82,-2.0,2.566,1,5,0.1354,0.1539,0.1354,0.1539
1.785,1,0.779,-3.99,-0.02,5,68.9,20.56,0.1559,0.0482,0.146,-0.002,0.041,12.55,2.37,1,0.86,-3.39,-1.37,0.779,1,5,0.1372,0.1539,0.1335,0.1595
1.854,1,0.793,-3.49,1.75,5,69.5,19.27,0.1129,0.0319,0.145,0.005,-0.005,12.55,2.37,1,0.862,-2.42,-0.48,0.069,1,5,0.128,0.1595,0.1391,0.1521
1.885,1,0.773,-3.74,2.2,5,70.0,18.98,0.1004,-0.0043,0.14,0.005,-0.027,12.54,3.17,1,0.869,-2.91,0.97,-0.447,1,5,0.1224,0.1484,0.1409,0.1484
1.916,1,0.776,-4.74,3.18,5,71.1,18.98,0.0903,-0.0074,0.134,-0.001,0.022,12.54,3.17,1,0.87,-2.91,1.33,1.92,1,5,0.1243,0.1298,0.1354,0.1447
1.949,1,0.769,-4.49,3.26,5,71.4,18.36,0.0972,-0.0115,0.13,-0.003,-0.035,12.54,3.17,1,0.861,-4.36,2.04,0.367,1,5,0.1261,0.1205,0.1335,0.1409
1.983,1,0.766,-4.74,3.35,5,71.3,19.27,0.1118,-0.018,0.125,-0.005,-0.022,12.54,3.17,1,0.838,-8.24,-3.21,1.119,1,5,0.1298,0.1131,0.1261,0.1298
2.016,1,0.768,-4.99,3.51,5,71.5,19.27,0.1255,-0.0233,0.118,-0.003,0.001,12.54,3.17,1,0.872,-9.21,-7.71,-4.497,1,5,0.1317,0.1131,0.1168,0.1113
2.084,1,0.775,-3.99,1.98,5,71.5,19.51,0.1081,-0.0155,0.111,0.003,-0.051,12.54,5.68,1,0.869,-8.72,-8.3,0.082,1,5,0.1168,0.1131,0.115,0.0983
2.116,1,0.77,-3.99,1.67,5,71.6,19.97,0.122,-0.0048,0.109,0.003,-0.02,12.54,5.68,1,0.869,-8.72,-8.3,0.082,1,5,0.1086,0.1068,0.116,0.1031
2.144,1,0.78,-3.74,1.45,5,71.9,20.04,0.1288,0.0001,0.107,0.001,-0.017,12.54,5.68,1,0.876,-8.72,-8.45,1.735,1,5,0.1068,0.1049,0.1123,0.1049
2.183,1,0.79,-3.74,1.04,5,72.2,19.51,0.1431,-0.0005,0.107,0.0,0.004,12.54,5.68,1,0.879,-8.24,-9.29,2.083,1,5,0.1058,0.1058,0.1094,0.1076
2.284,1,0.785,-2.5,0.63,5,71.5,19.97,0.1744,0.0058,0.125,0.008,0.035,12.54,1.95,1,0.847,-5.33,-9.17,-4.247,1,5,0.1081,0.1356,0.1301,0.1246
2.315,1,0.779,-2.0,0.45,5,71.4,20.04,0.1507,0.004,0.132,0.008,0.019,12.54,1.95,1,0.858,-1.94,-0.09,1.762,1,5,0.1181,0.144,0.1366,0.131
2.383,1,0.783,-1.25,0.03,5,70.6,20.04,0.1719,0.0032,0.157,0.003,-0.058,12.54,1.95,1,0.869,-1.45,-0.69,-1.156,1,5,0.1502,0.1612,0.1576,0.1576
2.416,1,0.777,-1.5,1.07,5,70.3,20.04,0.1859,0.0064,0.159,0.003,-0.023,12.54,1.95,1,0.871,-1.45,-0.7,-1.153,1,5,0.1539,0.1631,0.1612,0.1576
2.482,1,0.769,-1.25,1.15,5,69.6,20.04,0.1866,-0.0178,0.165,0.006,0.004,12.53,0.28,1,0.841,1.45,-0.72,-0.106,1,5,0.1613,0.1706,0.1706,0.1558
2.515,1,0.802,-1.25,1.68,5,70.2,19.27,0.1627,-0.0189,0.171,0.006,-0.047,12.53,0.28,1,0.86,3.39,7.68,0.619,1,5,0.1651,0.1762,0.178,0.1651
2.545,1,0.805,-1.0,1.44,5,70.6,18.99,0.1694,-0.0332,0.174,0.006,-0.047,12.53,0.28,1,0.86,3.39,7.68,0.619,1,5,0.1651,0.1762,0.1836,0.1706
2.582,1,0.811,-1.25,2.04,5,71.2,19.85,0.1597,-0.0278,0.179,0.006,-0.046,12.53,0.28,1,0.878,3.39,6.75,0.084,1,5,0.1706,0.1817,0.1873,0.1743
2.613,1,0.811,-1.5,2.07,5,71.8,19.27,0.151,-0.0368,0.18,0.005,0.019,12.53,0.28,1,0.871,2.42,6.49,0.646,1,5,0.1743,0.1817,0.1873,0.1762
2.684,1,0.816,-1.75,2.02,5,71.4,19.85,0.1579,-0.0363,0.173,0.004,-0.083,12.53,1.6,1,0.874,3.39,6.61,1.798,1,5,0.1743,0.1743,0.1799,0.1632
2.716,1,0.82,-1.25,1.53,5,71.5,20.46,0.1717,-0.0358,0.165,0.0,-0.078,12.53,1.6,1,0.881,2.42,5.55,0.101,1,5,0.1651,0.1613,0.1688,0.1632
2.783,1,0.837,-1.25,1.1,5,72.2,20.04,0.1663,-0.0282,0.163,-0.0,-0.039,12.53,1.6,1,0.873,2.42,4.0,0.492,1,5,0.1669,0.1558,0.1706,0.1595
2.815,1,0.831,-0.75,0.74,5,71.4,20.46,0.1803,-0.0189,0.163,0.004,0.019,12.53,1.6,1,0.881,2.42,4.59,-2.01,1,5,0.1651,0.1632,0.1706,0.1521
2.845,1,0.827,-0.75,0.54,5,70.7,20.04,0.1698,-0.0142,0.162,0.005,0.003,12.53,1.6,1,0.881,2.42,4.59,-2.01,1,5,0.1632,0.1669,0.1669,0.1521
2.881,1,0.816,-0.75,1.17,5,69.6,20.04,0.1697,-0.0085,0.163,0.004,-0.116,12.52,1.97,1,0.887,2.42,5.54,0.112,1,5,0.1632,0.1706,0.1632,0.1558
2.916,1,0.814,-0.75,0.51,5,69.6,20.04,0.1835,-0.0262,0.168,0.003,0.012,12.52,1.97,1,0.88,2.42,3.7,-0.282,1,5,0.1669,0.1706,0.1669,0.1595
2.981,1,0.8,-0.5,0.72,5,71.5,19.51,0.1922,-0.0081,0.17,0.004,0.004,12.52,1.97,1,0.879,2.91,4.1,-0.898,1,5,0.1651,0.1688,0.178,0.1669
3.01,1,0.799,-0.25,0.6,5,71.1,20.46,0.19,-0.0168,0.17,0.004,-0.002,12.52,1.97,1,0.879,2.91,4.1,-0.898,1,5,0.1651,0.1725,0.1762,0.1669
3.082,1,0.798,-0.75,0.58,5,72.1,20.46,0.1898,-0.0155,0.185,0.001,0.04,12.52,2.36,1,0.877,2.42,3.7,-0.217,1,5,0.1855,0.1836,0.1892,0.1817
3.115,1,0.812,-0.75,0.48,5,72.5,20.04,0.1794,-0.008,0.19,0.002,-0.013,12.52,2.36,1,0.877,2.42,4.59,-2.058,1,5,0.191,0.1892,0.1947,0.1855
3.144,1,0.829,-0.75,0.79,5,72.7,20.04,0.1676,-0.0049,0.191,0.001,0.004,12.52,2.36,1,0.877,2.42,4.59,-2.058,1,5,0.191,0.1892,0.1947,0.1873
3.182,1,0.823,-0.75,0.77,5,73.0,20.04,0.1685,-0.013,0.185,-0.001,-0.054,12.52,2.36,1,0.885,2.42,5.56,-1.506,1,5,0.1836,0.1855,0.1817,0.1892
3.215,1,0.823,-1.25,0.92,5,73.4,20.04,0.1824,-0.014,0.185,-0.001,0.031,12.52,2.36,1,0.881,2.42,3.99,0.627,1,5,0.1836,0.1817,0.1799,0.1892
3.282,1,0.858,-1.25,0.37,5,73.7,20.0,0.1934,-0.0137,0.183,-0.001,0.014,12.52,2.36,1,0.89,2.42,3.02,-0.0,1,5,0.1855,0.1817,0.1817,0.1836
3.314,1,0.86,-1.25,0.38,5,74.7,19.45,0.1987,0.0011,0.179,-0.006,0.001,12.52,2.36,1,0.884,2.42,3.7,1.446,1,5,0.1855,0.1743,0.1725,0.1855
3.381,1,0.848,-0.75,0.53,5,74.0,20.04,0.1626,0.0022,0.191,-0.003,-0.032,12.52,2.36,1,0.892,2.42,5.55,-1.514,1,5,0.1929,0.1892,0.1873,0.1947
3.415,1,0.839,-0.75,0.51,5,73.5,20.04,0.1624,-0.0076,0.195,0.0,-0.03,12.52,2.36,1,0.893,3.39,4.53,0.732,1,5,0.1947,0.191,0.1929,0.1947
3.58,1,0.86,-1.5,0.63,5,75.1,19.97,0.1815,-0.0074,0.185,-0.001,-0.049,12.52,2.36,1,0.893,2.42,3.34,0.693,1,5,0.1873,0.1855,0.1817,0.1855
3.616,1,0.858,-1.75,0.53,5,74.8,20.04,0.172,-0.0008,0.177,-0.002,-0.075,12.52,2.36,1,0.889,-3.39,-4.02,-3.357,1,5,0.1836,0.1817,0.1799,0.1817
3.68,1,0.869,-1.75,0.52,5,75.1,20.0,0.1744,0.0034,0.178,0.001,-0.007,12.52,3.17,1,0.905,-2.42,-5.55,-0.121,1,5,0.1799,0.1762,0.1817,0.1743
3.713,1,0.861,-1.75,0.26,5,74.7,20.04,0.1638,0.0037,0.178,0.001,-0.031,12.52,3.17,1,0.905,-2.42,-3.98,-2.248,1,5,0.1799,0.1762,0.1817,0.1743
3.781,1,0.852,-1.75,0.34,5,73.9,20.0,0.1638,0.0098,0.172,-0.002,0.004,12.52,3.17,1,0.892,-2.91,-3.63,-1.681,1,5,0.1763,0.1671,0.1726,0.1726
3.817,1,0.829,-1.75,0.22,5,73.1,20.0,0.1777,0.007,0.171,-0.0,-0.025,12.52,3.17,1,0.899,-2.42,-3.67,-1.515,1,5,0.171,0.171,0.1692,0.171
3.88,1,0.837,-2.0,0.66,5,72.8,19.97,0.1892,0.0098,0.168,0.0,0.022,12.51,1.6,1,0.9,-2.42,-3.66,-1.48,1,5,0.1645,0.1698,0.1662,0.1698
3.913,1,0.841,-2.0,0.67,5,72.5,19.97,0.183,0.0009,0.167,0.001,-0.017,12.51,1.6,1,0.906,-2.42,-3.96,-2.234,1,5,0.1624,0.1714,0.166,0.1696
3.945,1,0.838,-1.75,0.26,5,72.0,20.0,0.1707,0.0014,0.169,0.001,0.029,12.51,1.6,1,0.906,-2.42,-3.96,-2.234,1,5,0.1651,0.1706,0.1706,0.1706
3.98,1,0.835,-0.75,0.46,5,71.9,20.0,0.1642,0.0091,0.175,-0.002,0.007,12.51,1.6,1,0.895,-1.45,-2.73,-2.219,1,5,0.1725,0.1743,0.1725,0.1817
4.009,1,0.838,-1.0,0.79,5,71.8,20.0,0.1645,-0.0086,0.179,-0.001,-0.02,12.51,1.6,1,0.895,-1.45,-2.73,-2.219,1,5,0.1743,0.1817,0.1743,0.1855
4.081,1,0.826,-1.25,0.92,5,71.5,20.04,0.1645,-0.0118,0.172,0.002,-0.123,12.51,-0.1,1,0.882,2.42,4.66,-2.021,1,5,0.1688,0.178,0.1706,0.1706
4.115,1,0.839,-1.25,0.38,5,71.7,20.0,0.1695,-0.0123,0.166,-0.0,0.018,12.51,-0.1,1,0.895,2.42,3.31,0.695,1,5,0.1651,0.1669,0.1706,0.1688
4.18,1,0.834,-1.25,0.38,5,72.0,20.0,0.1904,0.0007,0.166,-0.0,0.009,12.51,-0.1,1,0.898,2.42,2.41,-1.508,1,5,0.1632,0.1632,0.1688,0.1706
4.208,1,0.829,-1.25,0.38,5,71.9,20.0,0.1823,0.0009,0.167,-0.0,0.017,12.51,-0.1,1,0.898,2.42,2.41,-1.508,1,5,0.1669,0.1669,0.1669,0.1688
4.243,1,0.837,-1.25,0.34,5,72.8,19.51,0.1823,0.001,0.169,-0.0,-0.05,12.51,-0.1,1,0.898,2.42,2.41,-1.508,1,5,0.1725,0.1706,0.1669,0.1669
4.281,1,0.828,-1.0,0.15,5,72.5,19.97,0.1823,0.0019,0.174,0.0,-0.021,12.51,-0.74,1,0.896,2.42,2.41,-1.53,1,5,0.1743,0.1743,0.1743,0.1725
4.307,1,0.834,-1.25,0.49,5,72.6,19.51,0.1817,0.004,0.178,0.004,-0.009,12.51,-0.74,1,0.896,2.42,2.41,-1.53,1,5,0.1743,0.1817,0.1817,0.1743
4.381,1,0.859,-1.5,0.7,5,73.3,19.51,0.1805,-0.002,0.181,0.003,-0.049,12.51,-0.74,1,0.899,1.94,2.91,-0.912,1,5,0.1799,0.1817,0.1855,0.1762
4.409,1,0.865,-1.25,0.43,5,73.3,20.04,0.1871,-0.0051,0.177,0.0,-0.081,12.51,-0.74,1,0.899,1.94,2.91,-0.912,1,5,0.178,0.1743,0.1799,0.1743
4.482,1,0.871,-1.25,0.46,5,73.6,20.0,0.1998,-0.0014,0.183,0.001,-0.018,12.52,-0.43,1,0.887,1.45,3.43,-2.004,1,5,0.1776,0.1813,0.1869,0.185
4.509,1,0.859,-1.0,0.22,5,73.0,19.97,0.1883,-0.0018,0.185,0.0,0.017,12.52,-0.43,1,0.887,1.45,3.43,-2.004,1,5,0.1813,0.185,0.1869,0.1887
4.581,1,0.865,-1.25,0.03,5,73.1,20.0,0.184,0.0024,0.187,-0.0,0.018,12.52,-0.43,1,0.897,1.45,0.88,-2.183,1,5,0.1873,0.1855,0.1873,0.1873
4.68,1,0.843,-1.25,0.17,5,71.7,19.45,0.1869,0.0107,0.186,0.002,-0.055,12.52,-0.87,1,0.901,1.45,0.22,-1.864,1,5,0.1836,0.1929,0.1836,0.1836
4.708,1,0.827,-1.25,-0.21,5,72.0,19.45,0.1758,0.0069,0.18,0.0,-0.025,12.52,-0.87,1,0.901,1.45,0.22,-1.864,1,5,0.1817,0.1855,0.1743,0.178
4.744,1,0.833,-0.75,0.5,5,72.3,20.0,0.1734,0.0167,0.177,-0.0,-0.024,12.52,-0.87,1,0.901,1.45,0.22,-1.864,1,5,0.178,0.178,0.1743,0.1762
4.779,1,0.824,-0.75,0.4,5,72.2,20.0,0.1484,-0.0061,0.179,0.002,-0.009,12.52,-0.87,1,0.897,1.45,-0.26,-1.005,1,5,0.1743,0.178,0.1836,0.178
4.813,1,0.846,-0.5,-0.4,5,72.5,19.97,0.1462,-0.0033,0.179,0.004,0.002,12.52,-0.87,1,0.897,1.45,-0.26,-1.005,1,5,0.1725,0.1799,0.1855,0.1762
4.88,1,0.869,-1.0,0.02,5,73.7,19.97,0.1468,0.0126,0.16,0.003,0.008,12.51,-0.87,1,0.903,0.97,-1.13,-3.474,1,5,0.1576,0.1632,0.1632,0.1558
4.908,1,0.866,-0.75,0.19,5,74.1,20.0,0.1357,0.0095,0.16,0.002,0.033,12.51,-0.87,1,0.903,0.97,-1.13,-3.474,1,5,0.1576,0.1595,0.1651,0.1576
4.942,1,0.858,-0.75,0.04,5,73.8,20.0,0.1331,0.0025,0.159,0.0,-0.018,12.51,-0.87,1,0.903,0.97,-1.13,-3.474,1,5,0.158,0.1561,0.1635,0.1598
4.98,1,0.861,-0.75,0.31,5,74.1,20.0,0.1331,0.0058,0.154,0.002,-0.024,12.51,-0.87,1,0.888,5.33,5.12,-3.441,1,5,0.1539,0.1539,0.1594,0.1502
5.007,1,0.883,-1.25,0.37,5,73.8,19.85,0.134,-0.0,0.149,0.002,-0.088,12.51,-0.87,1,0.888,5.33,5.12,-3.441,1,5,0.1502,0.1502,0.1521,0.1447
5.042,1,0.868,-1.5,0.46,5,74.0,19.97,0.134,0.0048,0.139,0.0,-0.061,12.51,-0.87,1,0.888,5.33,5.12,-3.441,1,5,0.1436,0.1399,0.1399,0.1344
5.078,1,0.863,-1.75,0.37,5,73.9,20.0,0.134,0.0054,0.136,-0.0,0.014,12.51,-2.07,1,0.905,4.36,3.9,-3.513,1,5,0.1411,0.1356,0.1356,0.1319
5.109,1,0.873,-1.75,0.34,5,74.1,20.0,0.1322,0.0102,0.134,0.001,-0.009,12.51,-2.07,1,0.905,4.36,3.9,-3.513,1,5,0.1361,0.1325,0.1379,0.1307
5.142,1,0.87,-1.75,0.29,5,74.3,20.0,0.1322,0.0101,0.134,0.003,-0.024,12.51,-2.07,1,0.905,4.36,3.9,-3.513,1,5,0.1295,0.1313,0.1422,0.1313
5.175,1,0.879,-1.75,-0.44,5,74.6,19.45,0.1322,0.0106,0.13,0.001,0.02,12.51,-2.07,1,0.905,4.36,3.9,-3.513,1,5,0.1249,0.1267,0.1359,0.1322
5.208,1,0.87,-1.75,0.1,5,74.6,19.45,0.1322,0.0255,0.128,0.0,0.026,12.51,-2.07,1,0.905,4.36,3.9,-3.513,1,5,0.1261,0.128,0.128,0.128
5.28,1,0.878,-1.75,-0.44,5,74.5,19.45,0.146,0.0138,0.124,-0.002,-0.004,12.51,-3.77,1,0.89,8.72,12.17,-1.941,1,5,0.1273,0.1273,0.1163,0.1255
5.308,1,0.869,-2.25,0.14,5,74.7,20.0,0.1528,0.0262,0.125,-0.001,-0.007,12.51,-3.77,1,0.89,8.72,12.17,-1.941,1,5,0.1237,0.1273,0.12,0.1292
5.38,1,0.853,-1.75,0.01,5,73.8,20.0,0.1381,0.0182,0.133,0.003,0.013,12.51,-3.77,1,0.894,9.21,12.92,-1.855,1,5,0.1234,0.1381,0.1326,0.1362
5.407,1,0.845,-1.75,-0.19,5,73.8,19.45,0.145,0.0144,0.137,0.003,0.034,12.51,-3.77,1,0.894,9.21,12.92,-1.855,1,5,0.1307,0.1436,0.1362,0.1362
5.443,1,0.865,-2.0,-0.2,5,73.8,19.45,0.1585,0.0198,0.138,0.001,-0.069,12.51,-3.77,1,0.894,9.21,12.92,-1.855,1,5,0.1344,0.1436,0.1344,0.1381
5.48,1,0.867,-1.75,-0.33,5,73.8,20.0,0.1585,0.0231,0.142,0.002,0.011,12.52,-3.08,1,0.902,8.24,12.65,-1.444,1,5,0.1391,0.1465,0.1409,0.1409
5.508,1,0.828,-1.75,-1.02,5,73.0,19.45,0.1598,0.0233,0.145,0.0,0.002,12.52,-3.08,1,0.902,8.24,12.65,-1.444,1,5,0.1409,0.1484,0.1428,0.1484
5.542,1,0.849,-1.75,-0.89,5,73.3,20.0,0.1474,0.0387,0.156,0.002,0.057,12.52,-3.08,1,0.902,8.24,12.65,-1.444,1,5,0.1521,0.1595,0.1558,0.1558
5.579,1,0.858,-1.25,-0.31,5,73.7,19.45,0.1598,0.0372,0.156,0.003,0.053,12.52,-3.08,1,0.874,9.69,13.1,-2.644,1,5,0.1502,0.1669,0.1521,0.1558
5.61,1,0.842,-1.25,-0.64,5,73.2,19.45,0.1539,0.0171,0.153,0.003,-0.025,12.52,-3.08,1,0.874,9.69,13.1,-2.644,1,5,0.1465,0.1651,0.1484,0.1539
5.68,1,0.853,-1.25,-0.72,5,73.9,19.45,0.1403,0.0246,0.154,0.0,0.063,12.52,-1.69,1,0.866,8.24,11.42,-4.857,1,5,0.1447,0.1595,0.1502,0.1632
5.707,1,0.829,-1.25,-0.18,5,74.1,20.0,0.1287,0.0252,0.156,0.0,0.053,12.52,-1.69,1,0.866,8.24,11.42,-4.857,1,5,0.1465,0.1595,0.1539,0.1651
5.742,1,0.843,-1.25,0.15,5,74.2,20.0,0.104,0.014,0.156,-0.001,0.048,12.52,-1.69,1,0.866,8.24,11.42,-4.857,1,5,0.1539,0.1576,0.1521,0.1595
5.778,1,0.842,-1.25,0.39,5,74.7,20.0,0.0986,0.0083,0.146,-0.004,-0.045,12.52,-1.69,1,0.851,9.21,11.53,-1.813,1,5,0.1499,0.148,0.1351,0.1499
5.808,1,0.852,-1.25,0.13,5,74.7,20.0,0.1054,0.0042,0.142,-0.006,-0.031,12.52,-1.69,1,0.851,9.21,11.53,-1.813,1,5,0.148,0.1443,0.1277,0.1462
5.848,1,0.829,-1.25,-0.16,5,74.3,20.0,0.1196,0.0086,0.137,-0.006,-0.012,12.52,-1.69,1,0.815,4.36,4.51,-0.506,1,5,0.1388,0.1388,0.124,0.1462
5.879,1,0.831,-1.75,0.1,5,74.2,20.0,0.1336,0.0146,0.135,-0.003,0.032,12.51,-0.91,1,0.795,4.36,5.5,0.455,1,5,0.1314,0.1332,0.1314,0.1443
5.907,1,0.857,-1.75,0.14,5,74.5,19.59,0.1404,0.0152,0.133,-0.002,-0.011,12.51,-0.91,1,0.795,4.36,5.5,0.455,1,5,0.1295,0.1277,0.1332,0.1406
5.976,1,0.855,-2.25,0.26,5,74.2,20.0,0.1687,0.0128,0.124,-0.001,-0.015,12.51,-0.91,1,0.74,4.36,4.48,-1.082,1,4,0.128,0.1224,0.1224,0.1224
6.007,1,0.843,-2.25,0.05,5,73.8,20.0,0.1754,0.0156,0.127,-0.0,-0.04,12.51,-0.91,1,0.74,4.36,4.48,-1.082,1,4,0.128,0.128,0.1243,0.1261
6.107,1,0.844,-1.75,0.87,5,72.7,20.0,0.1725,0.0196,0.159,0.002,0.02,12.51,-0.19,1,0.728,4.36,5.43,-0.0,1,4,0.1521,0.1651,0.1576,0.1632
6.179,1,0.838,-1.5,0.5,5,72.5,19.97,0.1632,-0.0066,0.165,0.001,-0.1,12.51,-0.19,1,0.722,4.36,5.5,-5.168,1,4,0.1591,0.1684,0.1647,0.1684
6.207,1,0.827,-1.75,0.48,5,72.1,20.0,0.1516,0.0004,0.166,0.002,-0.09,12.51,-0.19,1,0.722,4.36,5.5,-5.168,1,4,0.1591,0.1702,0.1647,0.1684
6.278,1,0.843,-1.75,0.53,5,73.4,20.0,0.1031,0.0072,0.165,0.002,0.018,12.51,0.26,1,0.722,4.36,5.5,-5.168,1,4,0.1613,0.1688,0.1651,0.1632
6.314,1,0.858,-1.75,0.12,5,74.0,20.0,0.0974,0.0064,0.161,0.001,0.024,12.51,0.26,1,0.712,0.48,-1.89,-6.746,1,4,0.1595,0.1632,0.1613,0.1595
6.379,1,0.85,-1.75,0.62,5,73.6,20.0,0.0996,0.0136,0.14,-0.006,-0.052,12.51,0.26,1,0.703,0.48,-1.98,-1.35,1,4,0.1429,0.1301,0.1374,0.1484
6.415,1,0.857,-2.0,0.06,5,73.3,20.0,0.1135,0.0045,0.134,-0.003,-0.005,12.51,0.26,1,0.692,-0.48,-2.51,-3.241,1,4,0.1374,0.1283,0.1338,0.1356
6.481,1,0.861,-2.75,0.1,5,73.8,20.0,0.1346,0.0173,0.124,-0.002,-0.009,12.49,-1.04,1,0.682,-0.48,-1.29,5.261,1,4,0.1332,0.1203,0.124,0.1203
6.506,1,0.862,-2.99,0.3,5,74.0,20.56,0.123,0.0259,0.121,-0.002,0.001,12.49,-1.04,1,0.682,-0.48,-1.29,5.261,1,4,0.1295,0.1166,0.1221,0.1166
6.549,1,0.868,-3.24,-0.02,5,74.3,20.0,0.105,0.0239,0.113,-0.004,-0.053,12.49,-1.04,1,0.637,0.97,-2.1,1.162,1,4,0.1215,0.1105,0.1086,0.1123
6.577,1,0.865,-3.24,-0.25,5,74.4,20.0,0.1122,0.0322,0.111,-0.004,-0.06,12.49,-1.04,1,0.646,1.45,3.4,-2.218,1,4,0.1152,0.1078,0.1078,0.1152
6.608,1,0.865,-3.24,-0.91,5,74.1,20.46,0.119,0.036,0.11,-0.003,0.017,12.49,-1.04,1,0.646,1.45,3.4,-2.218,1,4,0.1042,0.1078,0.106,0.1206
6.68,1,0.878,-3.49,-0.22,5,74.4,20.0,0.1472,0.0508,0.115,-0.0,0.042,12.49,-1.46,1,0.532,1.94,2.42,0.0,0,3,0.1094,0.1205,0.1076,0.1205
6.705,1,0.878,-2.99,-0.56,5,75.0,20.0,0.154,0.0381,0.115,-0.0,0.042,12.49,-1.46,1,0.532,1.94,2.42,0.0,0,3,0.1094,0.1205,0.1076,0.1205
6.777,1,0.871,-2.5,-0.21,5,74.9,20.0,0.1442,0.0392,0.123,0.001,-0.005,12.49,-1.46,1,0.584,2.42,16.57,0.0,0,4,0.1144,0.1329,0.1144,0.1292
6.808,1,0.872,-2.0,-0.61,5,74.7,20.0,0.1511,0.0253,0.127,0.003,0.053,12.49,-1.46,1,0.514,2.91,3.63,0.0,0,3,0.1144,0.1366,0.1237,0.1329
6.879,1,0.864,-1.5,-0.57,5,74.6,20.0,0.1792,0.0327,0.14,0.007,0.057,12.49,-0.78,1,0.585,3.39,23.26,0.0,0,4,0.1224,0.1558,0.1372,0.1428
6.906,1,0.865,-1.25,-0.31,5,74.7,20.46,0.1675,0.0247,0.143,0.006,0.098,12.49,-0.78,1,0.585,3.39,23.26,0.0,0,4,0.128,0.1558,0.1409,0.1465
6.977,1,0.86,-0.75,-0.11,5,74.3,20.0,0.1192,0.0154,0.155,0.005,0.02,12.49,-0.78,1,0.544,5.33,42.27,0.0,0,4,0.1428,0.1632,0.1558,0.1576
7.007,1,0.862,-0.75,-0.11,5,74.1,20.0,0.1074,0.0056,0.155,0.005,-0.029,12.49,-0.78,1,0.544,5.33,42.27,0.0,0,4,0.1409,0.1669,0.1539,0.1595
7.075,1,0.863,-0.75,-0.15,5,75.2,20.0,0.07,0.0074,0.147,-0.002,0.066,12.49,-0.78,1,0.35,0.97,65.34,0.0,0,4,0.1443,0.1573,0.1443,0.1573
7.177,1,0.867,-1.25,-0.31,5,75.1,19.45,0.07,0.0089,0.121,-0.006,-0.028,12.49,2.65,1,0.303,-4.36,72.47,0.0,0,4,0.1295,0.1073,0.124,0.124
7.213,1,0.88,-1.5,0.01,5,75.0,19.45,0.0771,0.0178,0.117,-0.006,-0.029,12.49,2.65,1,0.298,-4.36,73.09,0.0,0,4,0.124,0.0999,0.1203,0.1221
7.279,1,0.857,-2.5,-0.77,5,75.3,20.0,0.07,0.0144,0.105,-0.0,0.008,12.49,2.87,1,0.26,-6.3,70.47,0.0,0,3,0.1076,0.1039,0.1057,0.1039
7.306,1,0.871,-2.5,-0.91,5,75.4,20.0,0.0768,0.0403,0.103,0.0,0.064,12.49,2.87,1,0.26,-6.3,70.47,0.0,0,3,0.1076,0.1039,0.102,0.0983
7.377,1,0.885,-2.75,-0.0,5,75.8,20.0,0.105,0.0401,0.091,-0.002,-0.041,12.49,2.87,1,0.281,-5.33,73.65,0.0,0,3,0.1039,0.089,0.089,0.0816
7.408,1,0.867,-2.75,-0.8,5,75.6,19.45,0.1118,0.0271,0.087,-0.002,-0.028,12.49,2.87,1,0.281,-5.33,73.65,0.0,0,3,0.0964,0.0853,0.0853,0.0816
7.445,1,0.864,-2.5,-0.79,5,75.5,19.45,0.1261,0.0421,0.083,-0.003,0.006,12.49,2.87,1,0.281,-5.33,73.65,0.0,0,3,0.0835,0.0797,0.0797,0.089
7.479,1,0.876,-2.25,-0.45,5,75.0,19.45,0.14,0.04,0.08,-0.001,0.052,12.49,2.5,1,0.275,-5.33,75.64,0.0,0,3,0.0686,0.0816,0.076,0.0927
7.514,1,0.898,-1.75,-0.99,5,75.0,20.0,0.1539,0.0304,0.081,0.001,0.05,12.49,2.5,1,0.277,-5.33,76.17,0.0,0,3,0.0668,0.089,0.0742,0.0927
7.545,1,0.893,-1.75,-0.49,5,74.9,20.0,0.1617,0.0381,0.085,0.005,0.053,12.49,2.5,1,0.285,-5.33,76.13,0.0,0,3,0.0631,0.102,0.0779,0.0964
7.578,1,0.872,-1.25,-0.17,5,75.1,19.45,0.175,0.0272,0.097,0.006,0.054,12.49,2.5,1,0.289,-5.33,76.76,0.0,0,3,0.0742,0.1168,0.089,0.1094
7.616,1,0.877,-1.25,-0.32,5,75.1,19.85,0.189,0.0136,0.115,0.004,0.094,12.49,2.5,1,0.272,-4.85,76.15,0.0,0,3,0.0964,0.1298,0.1076,0.1243
7.679,1,0.869,-0.75,-0.19,5,74.3,19.45,0.2015,0.0195,0.142,0.001,0.012,12.49,2.24,1,0.273,0.0,0.0,0.0,0,2,0.1354,0.1502,0.1372,0.1465
7.777,1,0.841,-0.25,-0.06,5,72.2,19.45,0.2004,0.0111,0.181,0.003,0.025,12.49,2.24,1,0.214,25.69,0.0,0.0,0,2,0.1706,0.1929,0.1743,0.1855
7.845,1,0.864,0.25,-0.72,5,73.8,20.46,0.1962,0.0024,0.191,0.003,-0.019,12.49,2.24,1,0.148,45.56,0.0,0.0,0,1,0.1836,0.1966,0.1929,0.1929
7.876,1,0.785,0.25,0.96,5,73.7,20.04,0.1926,0.0158,0.198,0.002,0.017,12.49,2.24,1,0.138,52.83,0.0,0.0,0,1,0.1873,0.1984,0.1966,0.1984
7.977,1,0.571,0.75,1.49,4,72.2,21.34,0.1878,-0.0299,0.194,-0.001,-0.045,12.49,1.68,0,0.0,0.0,0.0,0.0,0,0,0.191,0.1929,0.1929,0.1984
8.077,1,0.326,-0.5,8.99,3,73.2,26.95,0.1277,-0.0378,0.185,0.001,-0.001,12.49,3.14,0,0.0,0.0,0.0,0.0,0,0,0.1873,0.1855,0.1855,0.1799
8.176,1,0.062,1.0,0.0,1,77.0,37.93,0.07,-0.151,0.164,-0.005,-0.088,12.49,3.14,0,0.0,0.0,0.0,0.0,0,0,0.1694,0.1436,0.1749,0.1694
8.278,1,0.049,9.73,0.0,1,69.5,15.47,0.035,-0.151,0.132,-0.005,-0.138,12.49,6.3,0,0.0,0.0,0.0,0.0,0,0,0.1532,0.1163,0.1384,0.1218
8.375,0,0.0,0.0,0.0,0,59.8,0.0,0.035,-0.151,0.1,-0.009,-0.163,12.49,6.3,0,0.0,0.0,0.0,0.0,0,0,0.1243,0.0786,0.117,0.106
8.476,1,0.028,-2.99,0.0,1,50.5,33.94,0.0,-0.6,0.069,-0.003,-0.274,12.49,2.0,0,0.0,0.0,0.0,0.0,0,0,0.1039,0.0408,0.0909,0.0389
8.508,1,0.05,-3.24,0.0,1,51.1,34.44,0.0,-0.6,0.056,-0.002,-0.445,12.49,2.0,0,0.0,0.0,0.0,0.0,0,0,0.1001,0.0148,0.0927,0.0167
8.575,1,0.073,-5.24,0.0,1,56.1,26.45,0.0,-0.6,-0.002,-0.005,-0.678,12.49,2.0,0,0.0,0.0,0.0,0.0,0,0,0.1057,-0.1076,0.0946,-0.1001
8.677,0,0.0,0.0,0.0,0,69.8,0.0,0.0,-0.6,-0.032,0.0,-0.635,12.49,10.0,1,0.001,-58.29,0.0,0.0,0,1,0.0909,-0.1539,0.0909,-0.1558
8.776,1,0.017,20.04,0.0,1,72.9,28.48,0.0,-0.6,-0.033,-0.001,-0.601,12.49,10.0,0,0.0,0.0,0.0,0.0,0,0,0.0742,-0.1447,0.076,-0.1372
8.879,1,0.145,5.27,45.45,3,73.3,27.42,0.0,-0.6,-0.039,-0.002,-0.591,12.49,18.0,1,0.417,41.2,66.8,0.0,0,4,0.0705,-0.1372,0.0556,-0.1447
8.975,1,0.56,-12.73,40.14,5,72.2,28.16,0.0,-0.6,-0.038,-0.004,-0.571,12.49,18.0,1,0.633,15.99,63.26,0.0,0,5,0.0686,-0.1391,0.0538,-0.1372
9.045,1,0.61,-25.21,41.9,5,67.9,26.67,0.0075,-0.0454,-0.036,-0.001,-0.578,12.49,18.0,1,0.608,5.82,60.48,0.0,0,5,0.0631,-0.1409,0.0668,-0.1335
9.077,1,0.32,-20.04,41.63,4,65.4,26.3,0.0211,-0.1279,-0.037,0.003,-0.567,12.49,19.5,1,0.678,1.45,58.93,0.0,0,5,0.0631,-0.1298,0.0631,-0.1428
9.145,1,0.287,-26.9,40.1,4,67.8,24.47,0.0423,-0.2562,-0.029,0.002,-0.465,12.49,19.5,1,0.706,-8.24,56.19,0.0,0,5,0.0668,-0.1168,0.0631,-0.1298
9.176,1,0.319,-29.27,39.19,4,68.4,24.09,0.0561,-0.3403,-0.017,-0.001,-0.394,12.49,19.5,1,0.705,-15.03,53.43,0.0,0,5,0.0668,-0.102,0.0668,-0.0983
9.277,1,0.277,-32.17,37.71,4,68.6,23.0,0.07,-0.4064,0.026,-0.004,-0.222,12.49,31.5,1,0.796,-33.44,32.27,0.0,0,5,0.0705,-0.0185,0.0631,-0.0093
9.347,1,0.296,-32.43,36.07,4,67.0,23.58,0.07,-0.3553,0.051,0.0,-0.302,12.49,31.5,1,0.856,-40.71,22.51,0.0,0,5,0.0946,0.0111,0.0909,0.0074
9.375,1,0.299,-32.43,35.65,4,67.2,23.27,0.07,-0.3281,0.056,0.001,-0.33,12.49,31.5,1,0.861,-46.53,11.9,0.0,0,5,0.102,0.0111,0.102,0.0074
9.437,1,0.292,-32.96,34.85,4,67.4,22.99,0.07,-0.3255,0.06,-0.003,-0.29,12.49,31.5,1,0.878,-50.89,3.31,0.0,0,5,0.1113,0.0019,0.1113,0.0148
9.479,1,0.294,-32.96,34.31,4,66.8,23.0,0.07,-0.3069,0.064,-0.005,-0.245,12.49,34.13,1,0.893,-57.68,-15.13,0.0,0,5,0.115,0.0111,0.1076,0.0223
9.544,1,0.293,-32.96,33.24,4,67.6,22.4,0.07,-0.2998,0.071,-0.003,-0.228,12.49,34.13,1,0.935,-57.68,-16.31,0.0,0,5,0.1224,0.026,0.1094,0.026
9.575,1,0.299,-32.7,32.66,4,67.4,22.71,0.07,-0.2819,0.071,-0.002,-0.228,12.49,34.13,1,0.931,-57.19,-17.63,0.0,0,5,0.1205,0.0297,0.1113,0.026
9.676,1,0.301,-32.43,31.81,4,68.2,22.11,0.07,-0.2756,0.073,0.0,-0.191,12.49,34.13,1,0.922,-52.83,-14.34,0.0,0,5,0.0973,0.0404,0.1047,0.0478
9.705,1,0.302,-32.17,31.09,4,67.6,22.11,0.07,-0.2641,0.072,0.0,-0.219,12.49,26.59,1,0.916,-49.44,-8.99,0.0,0,5,0.0992,0.0404,0.1029,0.0441
9.776,1,0.302,-31.91,30.87,4,66.7,21.81,0.072,-0.254,0.076,-0.003,-0.172,12.49,26.59,1,0.884,-42.65,-2.29,0.0,0,5,0.116,0.0442,0.1031,0.0423
9.807,1,0.301,-31.91,30.47,4,66.6,21.5,0.073,-0.2533,0.077,-0.003,-0.197,12.49,26.59,1,0.884,-42.65,-2.29,0.0,0,5,0.116,0.0442,0.1049,0.0442
9.837,1,0.301,-31.91,29.72,4,66.4,21.51,0.075,-0.2456,0.076,-0.005,-0.206,12.49,26.59,1,0.884,-42.65,-2.29,0.0,0,5,0.1122,0.0392,0.1033,0.0499
9.871,1,0.301,-31.91,29.71,4,66.0,21.51,0.0785,-0.2322,0.074,-0.005,-0.207,12.49,26.59,1,0.884,-42.65,-2.29,0.0,0,5,0.1099,0.0354,0.1028,0.0496
9.907,1,0.301,-31.64,29.13,4,66.1,21.35,0.0786,-0.2319,0.073,-0.003,-0.215,12.48,19.53,1,0.884,-42.65,-2.29,0.0,0,5,0.1048,0.0338,0.1066,0.0462
9.975,1,0.304,-31.64,28.41,4,66.7,21.51,0.0813,-0.2243,0.07,0.002,-0.196,12.48,19.53,1,0.86,-33.44,16.29,0.0,0,5,0.1039,0.0371,0.1057,0.0315
10.074,1,0.305,-31.38,26.89,4,67.1,21.61,0.0848,-0.2113,0.074,0.0,-0.174,12.48,19.53,1,0.863,-30.54,17.21,0.0,0,5,0.1057,0.0371,0.1113,0.0408
10.176,1,0.721,-32.69,24.77,5,69.1,21.02,0.092,-0.1873,0.083,-0.004,-0.164,12.48,16.51,1,0.883,-29.08,16.89,0.0,0,5,0.1113,0.0482,0.1094,0.0631
10.238,1,0.739,-32.19,24.19,5,68.7,21.02,0.1021,-0.1354,0.094,-0.006,-0.107,12.48,16.51,1,0.883,-29.08,16.89,0.0,0,5,0.1243,0.0631,0.1131,0.0742
10.274,1,0.753,-31.69,23.59,5,67.8,21.6,0.1049,-0.132,0.096,-0.002,-0.014,12.48,16.51,1,0.853,-25.69,21.34,0.0,0,5,0.1243,0.0705,0.1168,0.0723
10.306,1,0.754,-31.44,23.48,5,67.4,21.6,0.1077,-0.128,0.1,0.004,-0.196,12.48,14.46,1,0.853,-25.69,21.34,0.0,0,5,0.1187,0.0853,0.1224,0.0742
10.411,1,0.756,-29.95,22.37,5,66.9,21.02,0.1082,-0.1275,0.106,0.001,-0.13,12.48,14.46,1,0.861,-24.23,17.37,0.0,0,5,0.1224,0.0853,0.128,0.0872
10.475,1,0.776,-28.45,21.54,5,66.4,21.02,0.1135,-0.1408,0.106,0.002,-0.049,12.48,14.46,1,0.877,-23.27,14.11,0.0,0,5,0.1224,0.0853,0.1298,0.0853
10.577,1,0.793,-25.21,20.09,5,66.6,21.11,0.1175,-0.1514,0.115,0.001,-0.098,12.47,14.46,1,0.881,-22.78,13.02,0.0,0,5,0.1317,0.0964,0.1354,0.0964
10.677,1,0.74,-15.47,18.15,5,67.8,21.11,0.1244,-0.1758,0.122,0.006,-0.127,12.47,13.49,1,0.893,-20.36,8.71,0.0,0,5,0.1428,0.1039,0.1521,0.089
10.744,1,0.778,-15.47,16.79,5,68.7,20.56,0.0884,-0.2022,0.125,0.0,-0.184,12.47,13.49,1,0.874,-17.93,11.06,0.0,0,5,0.151,0.0902,0.1602,0.0976
10.869,1,0.821,-15.47,14.78,5,69.5,20.56,0.07,-0.1604,0.111,-0.003,-0.092,12.47,13.49,1,0.854,-19.87,6.78,6.765,1,5,0.1436,0.0755,0.1418,0.0847
10.973,1,0.828,-15.47,14.6,5,70.0,20.56,0.0998,-0.1204,0.104,0.006,-0.14,12.5,12.87,1,0.826,-20.36,2.35,6.404,1,5,0.1261,0.089,0.1298,0.0705
11.008,1,0.845,-15.72,14.08,5,70.7,20.2,0.1068,-0.1169,0.098,0.002,-0.151,12.5,12.87,1,0.818,-20.36,2.24,0.0,0,5,0.1187,0.0797,0.1205,0.0742
11.075,1,0.825,-15.97,13.32,5,70.7,19.85,0.1225,-0.133,0.096,0.001,-0.073,12.5,12.87,1,0.792,-20.84,-2.07,0.0,0,5,0.1113,0.0723,0.1224,0.0779
11.173,1,0.834,-14.97,12.13,5,70.0,20.2,0.1504,-0.1659,0.104,0.001,-0.117,12.5,11.37,1,0.731,-14.54,2.18,6.214,1,4,0.1181,0.0849,0.1255,0.0886
11.276,1,0.868,-12.48,11.31,5,70.8,20.56,0.1564,-0.1583,0.141,0.007,-0.11,12.5,11.37,1,0.72,-9.69,11.04,0.0,0,4,0.1558,0.128,0.1688,0.1131
11.375,1,0.89,-12.98,11.4,5,72.0,20.0,0.1325,-0.1279,0.155,0.002,-0.172,12.5,9.7,1,0.724,-10.18,8.92,4.114,1,4,0.1762,0.1261,0.1892,0.1298
11.47,1,0.884,-13.98,11.91,5,71.5,20.56,0.1657,-0.1711,0.147,-0.001,-0.057,12.5,9.7,1,0.726,-11.15,3.75,4.909,1,4,0.1743,0.1205,0.1706,0.1224
11.511,1,0.875,-13.98,11.65,5,70.8,20.56,0.1633,-0.1685,0.151,0.0,-0.227,12.52,10.55,1,0.72,-11.15,3.77,5.016,1,4,0.178,0.1317,0.1706,0.1224
11.574,1,0.895,-14.47,11.14,5,72.5,20.0,0.1645,-0.165,0.152,0.002,-0.215,12.52,10.55,1,0.758,-14.06,16.1,0.0,0,5,0.1743,0.128,0.1799,0.1243
11.641,1,0.901,-13.48,9.8,5,72.1,20.2,0.167,-0.1506,0.162,0.001,-0.151,12.52,10.55,1,0.746,-14.06,26.71,0.0,0,5,0.1873,0.1298,0.1966,0.1354
11.669,1,0.898,-13.48,9.95,5,72.5,20.0,0.1731,-0.1366,0.166,0.001,-0.171,12.52,10.55,1,0.746,-14.06,26.71,0.0,0,5,0.1892,0.1372,0.1966,0.1391
11.77,1,0.885,-12.48,8.61,5,71.6,20.0,0.1727,-0.1383,0.174,0.006,-0.146,12.52,10.55,1,0.736,-15.03,35.37,0.0,0,5,0.1929,0.1539,0.2059,0.1447
11.874,1,0.9,-11.73,7.59,5,72.6,20.0,0.1784,-0.1195,0.178,0.001,-0.017,12.52,10.55,1,0.695,-19.87,42.71,0.0,0,5,0.1929,0.1576,0.2003,0.1595
11.969,1,0.911,-10.73,7.01,5,72.8,20.0,0.1809,-0.1015,0.182,0.002,-0.107,12.53,13.09,1,0.681,-20.36,46.81,0.0,0,5,0.1966,0.1632,0.2059,0.1632
12.041,1,0.9,-10.23,5.94,5,73.1,20.0,0.1842,-0.0985,0.186,0.005,-0.071,12.53,13.09,1,0.69,-26.17,52.34,0.0,0,5,0.1966,0.1725,0.2096,0.1651
12.068,1,0.898,-10.23,6.23,5,73.3,20.0,0.1859,-0.0762,0.187,0.005,-0.131,12.53,13.09,1,0.69,-26.17,52.34,0.0,0,5,0.1984,0.1743,0.2096,0.1651
12.169,1,0.889,-8.98,5.59,5,73.3,19.97,0.1859,-0.081,0.188,0.001,-0.068,12.53,17.22,1,0.635,-30.54,55.29,0.0,0,5,0.1984,0.1706,0.2077,0.1762
12.21,1,0.889,-8.73,5.26,5,73.0,20.0,0.1901,-0.0804,0.191,0.003,-0.126,12.53,17.22,1,0.629,-37.81,54.62,0.0,0,5,0.2021,0.1817,0.2059,0.1743
12.24,1,0.888,-8.98,5.18,5,72.6,19.97,0.1909,-0.0737,0.189,-0.001,-0.143,12.53,17.22,1,0.646,-38.78,55.2,0.0,0,5,0.204,0.1799,0.1966,0.1762
12.27,1,0.881,-9.23,5.13,5,72.5,20.0,0.1901,-0.0667,0.19,-0.001,-0.066,12.53,17.22,1,0.646,-38.78,55.2,0.0,0,5,0.204,0.1762,0.2003,0.178
12.31,1,0.873,-8.73,4.85,5,72.0,20.0,0.1892,-0.0611,0.191,-0.001,-0.088,12.53,23.04,1,0.671,-39.26,53.73,0.0,0,5,0.2021,0.1669,0.2114,0.1817
12.374,1,0.876,-9.23,4.44,5,71.9,20.0,0.1909,-0.0595,0.197,0.0,-0.066,12.53,23.04,1,0.677,-36.84,51.92,0.0,0,5,0.2091,0.185,0.2091,0.185
12.442,1,0.885,-8.73,3.9,5,71.9,19.45,0.1892,-0.0407,0.195,-0.002,-0.093,12.53,23.04,1,0.723,-34.9,45.09,0.0,0,5,0.204,0.1743,0.2114,0.191
12.468,1,0.893,-8.98,4.1,5,72.4,19.97,0.1909,-0.0326,0.195,-0.001,-0.123,12.53,23.04,1,0.723,-34.9,45.09,0.0,0,5,0.2003,0.1762,0.2114,0.1929
12.509,1,0.884,-8.98,5.21,5,72.4,19.97,0.1901,-0.0345,0.194,0.0,0.028,12.55,27.06,1,0.727,-30.54,44.08,0.0,0,5,0.204,0.1817,0.2059,0.1836
12.569,1,0.841,-8.49,8.88,5,72.7,19.97,0.1901,-0.0655,0.195,-0.0,-0.043,12.55,27.06,1,0.734,-27.63,41.88,0.0,0,5,0.2054,0.1832,0.2054,0.185
12.639,1,0.759,-7.99,17.01,5,72.1,20.04,0.1537,-0.1353,0.191,0.003,-0.012,12.55,27.06,1,0.758,-21.81,38.21,0.0,0,5,0.1929,0.1892,0.1984,0.1836
12.668,1,0.775,-7.99,23.59,5,72.9,22.22,0.1423,-0.2496,0.191,0.006,-0.014,12.55,27.06,1,0.758,-21.81,38.21,0.0,0,5,0.1947,0.1929,0.2003,0.1762
12.74,1,0.634,-7.99,31.78,5,75.6,25.56,0.0939,-0.341,0.186,-0.003,-0.131,12.55,35.08,1,0.802,-21.33,27.05,0.0,0,5,0.2021,0.1669,0.1984,0.1762
12.84,1,0.655,-6.99,36.82,5,74.5,25.95,0.07,-0.4242,0.166,-0.004,-0.133,12.55,35.08,1,0.823,-28.11,-2.38,0.0,0,5,0.1818,0.1414,0.1837,0.158
12.867,1,0.784,-2.99,35.56,5,73.3,24.79,0.07,-0.4242,0.162,-0.006,-0.176,12.55,35.08,1,0.823,-28.11,-2.38,0.0,0,5,0.1818,0.1322,0.18,0.1543
12.941,1,0.792,1.25,34.29,5,74.6,23.46,0.07,-0.4242,0.137,-0.012,-0.189,12.56,45.0,1,0.837,-32.47,-20.32,0.0,0,5,0.1817,0.0909,0.1595,0.115
12.973,1,0.788,2.25,33.62,5,74.9,23.46,0.07,-0.4242,0.129,-0.009,-0.242,12.56,45.0,1,0.838,-32.47,-22.38,0.0,0,5,0.1762,0.0853,0.1558,0.1001
13.04,1,0.796,3.99,32.7,5,75.7,23.96,0.07,-0.4242,0.107,-0.009,-0.32,12.56,45.0,1,0.834,-32.96,-25.8,0.0,0,5,0.1657,0.0589,0.1362,0.0663
13.068,1,0.809,3.74,32.28,5,75.8,23.73,0.07,-0.4242,0.103,-0.011,-0.394,12.56,45.0,1,0.834,-32.96,-25.8,0.0,0,5,0.1657,0.0516,0.1326,0.0626
13.107,1,0.873,3.74,32.11,5,76.7,23.46,0.07,-0.4242,0.094,-0.013,-0.335,12.56,45.0,1,0.834,-35.38,-31.3,0.0,0,5,0.1595,0.0315,0.1298,0.0538
13.14,1,0.88,3.49,31.67,5,76.4,23.2,0.07,-0.4242,0.082,-0.011,-0.315,12.56,45.0,1,0.829,-37.32,-32.64,0.0,0,5,0.1465,0.013,0.128,0.0389
13.167,1,0.876,2.75,31.26,5,76.1,23.2,0.07,-0.4242,0.076,-0.012,-0.328,12.56,45.0,1,0.829,-37.32,-32.64,0.0,0,5,0.1428,0.0056,0.1224,0.0334
13.242,1,0.883,1.75,29.74,5,76.2,22.68,0.0712,-0.4315,0.065,-0.006,-0.368,12.56,45.0,1,0.838,-41.2,-38.27,0.0,0,5,0.1335,0.0,0.1187,0.0074
13.273,1,0.896,1.25,29.13,5,76.2,22.68,0.0785,-0.4755,0.064,-0.001,-0.374,12.56,45.0,1,0.828,-41.68,-39.25,0.0,0,5,0.128,0.0,0.1243,0.0019
13.373,1,0.878,-1.0,27.8,5,76.5,22.15,0.0813,-0.4928,0.062,0.001,-0.388,12.56,38.35,1,0.816,-36.35,-35.26,0.0,0,5,0.1255,0.0,0.1255,-0.0036
13.44,1,0.88,-2.25,25.94,5,76.8,22.15,0.0877,-0.4704,0.069,0.0,-0.449,12.56,38.35,1,0.828,-29.08,-21.96,0.0,0,5,0.1381,-0.0018,0.1417,0.0
13.474,1,0.894,-3.24,25.43,5,76.5,22.04,0.0965,-0.4254,0.073,0.005,-0.47,12.56,38.35,1,0.845,-28.6,-24.69,0.0,0,5,0.1372,0.0,0.1502,0.0019
13.54,1,0.867,-4.49,24.27,5,76.2,21.67,0.099,-0.4087,0.077,0.005,-0.38,12.56,24.85,1,0.833,-23.75,-17.21,0.0,0,5,0.1409,0.0074,0.1558,0.0037
13.567,1,0.866,-4.99,23.45,5,76.1,21.42,0.1045,-0.3739,0.077,0.001,-0.419,12.56,24.85,1,0.833,-23.75,-17.21,0.0,0,5,0.1447,0.0056,0.1521,0.0074
13.637,1,0.863,-6.24,22.31,5,76.7,21.46,0.1084,-0.3597,0.093,-0.005,-0.346,12.56,24.85,1,0.809,-18.9,-2.84,0.0,0,5,0.1595,0.026,0.1502,0.0352
13.667,1,0.85,-6.49,21.52,5,76.5,21.42,0.1138,-0.3421,0.096,-0.004,-0.327,12.56,24.85,1,0.826,-17.93,-3.92,7.481,1,5,0.1595,0.0334,0.1502,0.0408
13.767,1,0.822,-7.49,19.87,5,76.7,21.1,0.1176,-0.3426,0.111,-0.004,-0.258,12.56,15.65,1,0.806,-12.6,3.65,0.0,0,5,0.1632,0.0538,0.1595,0.0668
13.839,1,0.817,-8.49,19.1,5,76.4,21.1,0.1254,-0.3251,0.125,-0.007,-0.298,12.56,15.65,1,0.822,-13.57,4.44,0.0,0,5,0.1836,0.0631,0.1725,0.0816
13.867,1,0.811,-8.24,18.63,5,76.2,21.1,0.1291,-0.3077,0.127,-0.008,-0.249,12.56,15.65,1,0.822,-13.57,4.44,0.0,0,5,0.1836,0.0649,0.1725,0.0853
13.939,1,0.816,-8.73,17.34,5,75.3,21.1,0.1313,-0.3103,0.137,-0.004,-0.273,12.56,13.24,1,0.823,-10.18,7.21,0.0,0,5,0.1846,0.0867,0.179,0.096
13.968,1,0.815,-8.49,16.38,5,74.8,21.1,0.1363,-0.2894,0.141,-0.002,-0.237,12.56,13.24,1,0.823,-10.18,7.21,0.0,0,5,0.1864,0.0923,0.1846,0.0997
14.041,1,0.831,-7.99,15.63,5,74.5,20.96,0.1348,-0.2703,0.145,0.001,-0.159,12.56,13.24,1,0.814,-10.18,7.19,7.662,1,5,0.1855,0.102,0.191,0.102
14.066,1,0.818,-7.74,14.94,5,73.4,20.81,0.1414,-0.2748,0.144,0.002,-0.273,12.56,13.24,1,0.814,-10.18,7.19,7.662,1,5,0.1836,0.1057,0.1873,0.1001
14.167,1,0.811,-7.74,13.08,5,72.8,20.57,0.1489,-0.2759,0.145,-0.0,-0.193,12.56,11.26,1,0.825,-7.27,12.42,0.0,0,5,0.1855,0.101,0.1892,0.1047
14.239,1,0.829,-6.99,12.81,5,72.6,20.81,0.1577,-0.2473,0.158,0.003,-0.273,12.56,11.26,1,0.828,-8.24,6.98,5.985,1,5,0.1947,0.1224,0.1984,0.115
14.267,1,0.844,-6.74,11.87,5,73.0,20.57,0.159,-0.2523,0.16,0.003,-0.203,12.56,11.26,1,0.828,-8.24,6.98,5.985,1,5,0.1947,0.1243,0.2021,0.1187
14.338,1,0.861,-6.74,11.02,5,72.9,20.57,0.1635,-0.2369,0.162,0.006,-0.244,12.56,12.06,1,0.827,-9.21,3.32,3.974,1,5,0.191,0.1261,0.2096,0.1224
14.367,1,0.872,-6.24,10.32,5,74.2,20.57,0.1675,-0.2209,0.164,0.004,-0.192,12.56,12.06,1,0.825,-9.69,1.1,5.843,1,5,0.1947,0.128,0.2077,0.1243
14.439,1,0.854,-6.74,9.79,5,73.3,20.46,0.1709,-0.2118,0.169,-0.0,-0.238,12.56,12.06,1,0.868,-12.12,-5.59,1.303,1,5,0.204,0.1354,0.2021,0.1354
14.466,1,0.842,-6.74,9.41,5,72.9,20.81,0.1734,-0.1945,0.174,0.001,-0.159,12.56,12.06,1,0.868,-12.12,-5.59,1.303,1,5,0.204,0.1409,0.2096,0.1409
14.539,1,0.844,-6.49,8.72,5,74.1,20.04,0.1752,-0.1871,0.176,0.002,-0.201,12.56,12.07,1,0.875,-13.09,-9.27,2.731,1,5,0.2012,0.144,0.2122,0.1458
14.566,1,0.862,-6.49,8.43,5,74.7,20.04,0.1785,-0.1754,0.175,0.001,-0.07,12.56,12.07,1,0.875,-13.09,-9.27,2.731,1,5,0.203,0.144,0.2086,0.144
14.638,1,0.862,-5.24,7.16,5,76.3,20.44,0.1799,-0.1687,0.181,0.005,-0.146,12.56,12.07,1,0.85,-13.09,-13.66,1.494,1,5,0.2003,0.1539,0.217,0.1521
14.668,1,0.874,-5.24,7.72,5,76.8,20.44,0.1859,-0.1551,0.182,0.006,-0.128,12.56,12.07,1,0.85,-13.09,-13.66,1.494,1,5,0.1975,0.1606,0.2159,0.155
14.741,1,0.872,-4.99,6.82,5,77.2,19.97,0.1833,-0.1653,0.183,0.004,-0.11,12.56,9.65,1,0.835,-12.12,-17.57,0.0,0,5,0.1992,0.1572,0.2157,0.159
14.767,1,0.881,-4.99,7.1,5,77.1,19.97,0.1875,-0.1471,0.183,0.001,-0.229,12.56,9.65,1,0.835,-12.12,-17.57,0.0,0,5,0.2039,0.1524,0.2167,0.1598
14.838,1,0.88,-4.74,6.61,5,77.4,20.0,0.1862,-0.1522,0.192,0.006,-0.136,12.56,9.65,1,0.849,-8.24,-12.17,0.714,1,5,0.2123,0.1742,0.2214,0.1597
14.938,1,0.881,-4.49,5.89,5,77.2,19.97,0.177,-0.1336,0.189,0.002,-0.206,12.55,7.13,1,0.85,-7.27,-9.03,1.675,1,5,0.2122,0.1661,0.2159,0.1606
14.967,1,0.87,-4.74,5.72,5,77.2,20.0,0.177,-0.1174,0.191,0.007,-0.211,12.55,7.13,1,0.85,-7.27,-9.03,1.675,1,5,0.2067,0.1735,0.2233,0.1624
15.039,1,0.874,-4.49,4.67,5,77.0,20.04,0.1526,-0.0922,0.195,0.006,-0.173,12.55,7.13,1,0.824,-7.27,-13.73,-1.809,1,5,0.2133,0.1706,0.23,0.1651
15.066,1,0.887,-4.49,4.27,5,76.6,19.97,0.1546,-0.0717,0.191,0.006,-0.11,12.55,7.13,1,0.824,-7.27,-13.73,-1.809,1,5,0.2114,0.1669,0.2263,0.1595
15.139,1,0.886,-4.74,3.92,5,75.7,20.0,0.1564,-0.0626,0.183,0.007,-0.148,12.55,3.91,1,0.839,-3.88,-5.42,0.339,1,5,0.2003,0.1669,0.2133,0.1521
15.166,1,0.881,-4.99,3.48,5,75.4,20.04,0.1631,-0.0542,0.182,0.005,-0.144,12.55,3.91,1,0.839,-3.88,-5.42,0.339,1,5,0.1984,0.1669,0.2077,0.1558
15.24,1,0.885,-4.99,3.37,5,75.4,19.97,0.1563,-0.038,0.174,0.001,-0.04,12.55,3.91,1,0.846,-2.42,-2.48,-2.569,1,5,0.1817,0.1613,0.1892,0.1651
15.308,1,0.885,-4.49,3.03,5,75.6,19.97,0.1558,-0.0355,0.169,0.0,-0.043,12.55,1.54,1,0.828,1.94,5.88,0.542,1,5,0.1706,0.1632,0.1762,0.1669
15.338,1,0.888,-4.24,2.71,5,75.8,20.04,0.1699,-0.0391,0.163,-0.001,-0.01,12.55,1.54,1,0.845,1.45,4.34,0.152,1,5,0.1651,0.1613,0.1632,0.1632
15.367,1,0.884,-4.24,2.71,5,76.4,20.04,0.1766,-0.0357,0.16,-0.001,0.002,12.55,1.54,1,0.845,1.45,4.34,0.152,1,5,0.1613,0.1576,0.1613,0.1613
15.504,1,0.895,-3.24,2.16,5,76.2,20.46,0.1337,-0.0192,0.17,0.0,-0.029,12.54,0.87,1,0.838,2.42,2.18,-3.758,1,5,0.1725,0.1743,0.1669,0.1669
15.54,1,0.891,-3.49,2.38,5,76.3,19.97,0.1261,-0.0171,0.163,0.002,0.011,12.54,0.87,1,0.851,2.42,3.08,-1.74,1,5,0.1576,0.1613,0.1688,0.1632
15.567,1,0.89,-3.49,2.37,5,76.1,19.97,0.1326,-0.02,0.159,0.001,0.06,12.54,0.87,1,0.851,2.42,3.08,-1.74,1,5,0.1521,0.1521,0.1688,0.1632
15.606,1,0.889,-3.24,2.27,5,74.8,20.46,0.1468,-0.0237,0.152,-0.0,-0.05,12.54,0.87,1,0.83,4.36,3.19,-3.391,1,5,0.1484,0.1391,0.1632,0.1558
15.638,1,0.883,-3.24,2.27,5,74.6,20.46,0.1352,-0.0205,0.147,-0.004,-0.014,12.54,0.87,1,0.838,4.85,7.19,-2.76,1,5,0.1539,0.1391,0.1484,0.1484
15.666,1,0.879,-2.99,2.05,5,74.5,19.97,0.1416,-0.0222,0.145,-0.001,-0.012,12.54,0.87,1,0.838,4.85,7.19,-2.76,1,5,0.1502,0.1447,0.1428,0.1409
15.738,1,0.876,-2.99,2.72,5,74.4,20.04,0.165,-0.0253,0.137,0.002,-0.016,12.54,-0.15,1,0.854,5.33,6.69,-1.641,1,5,0.1341,0.1414,0.1359,0.1359
15.775,1,0.876,-3.24,3.24,5,74.2,20.04,0.1789,-0.0465,0.136,-0.002,-0.029,12.54,-0.15,1,0.858,5.33,6.69,-1.655,1,5,0.1322,0.1359,0.1359,0.1377
15.836,1,0.875,-3.24,3.23,5,73.5,20.04,0.179,-0.0572,0.146,-0.003,-0.078,12.54,-0.15,1,0.86,5.33,6.69,-1.64,1,5,0.1528,0.1399,0.1473,0.1454
15.909,1,0.878,-2.75,2.58,5,72.7,20.0,0.1811,-0.0581,0.162,0.002,-0.02,12.54,0.57,1,0.839,5.33,8.95,1.792,1,5,0.162,0.1583,0.1694,0.1583
15.937,1,0.882,-2.75,2.77,5,73.2,20.0,0.1752,-0.0449,0.168,0.0,0.008,12.54,0.57,1,0.848,4.36,4.55,-2.061,1,5,0.1706,0.1595,0.178,0.1651
16.037,1,0.891,-2.25,2.14,5,74.2,20.0,0.191,-0.054,0.176,0.002,0.009,12.54,0.57,1,0.855,4.36,4.08,-1.337,1,5,0.1817,0.178,0.178,0.1669
16.066,1,0.881,-2.5,2.46,5,74.2,19.97,0.1866,-0.0411,0.177,0.003,-0.027,12.54,0.57,1,0.855,4.36,4.08,-1.337,1,5,0.178,0.178,0.1817,0.1688
16.138,1,0.885,-2.0,1.81,5,73.7,19.97,0.1691,-0.0409,0.177,-0.002,0.0,12.54,1.38,1,0.832,4.36,3.86,0.412,1,5,0.1799,0.1613,0.1873,0.178
16.165,1,0.883,-2.0,1.91,5,73.8,19.97,0.1757,-0.0321,0.181,-0.006,-0.093,12.54,1.38,1,0.832,4.36,3.86,0.412,1,5,0.191,0.1669,0.1817,0.1836
16.236,1,0.874,-2.25,2.14,5,73.8,20.46,0.2024,-0.0392,0.184,-0.001,-0.029,12.54,1.38,1,0.847,4.36,1.98,-0.62,1,5,0.1896,0.1786,0.186,0.1804
16.306,1,0.867,-1.75,2.07,5,73.2,20.0,0.1819,-0.0378,0.185,-0.006,-0.125,12.54,2.09,1,0.847,4.85,3.15,-0.903,1,5,0.1966,0.1743,0.1836,0.1855
16.336,1,0.872,-1.75,1.59,5,73.1,20.0,0.1959,-0.0452,0.19,-0.002,-0.062,12.54,2.09,1,0.847,4.85,3.15,-0.903,1,5,0.1966,0.1855,0.191,0.1873
16.371,1,0.87,-2.0,1.37,5,73.6,19.97,0.1882,-0.0293,0.189,0.0,-0.029,12.54,2.09,1,0.845,3.39,2.55,3.759,1,5,0.1928,0.1856,0.1928,0.1838
16.438,1,0.882,-1.75,1.3,5,74.1,20.0,0.1905,-0.0205,0.19,-0.0,-0.123,12.54,2.09,1,0.862,3.39,2.46,3.659,1,5,0.1973,0.1775,0.2009,0.1829
16.499,1,0.878,-2.0,1.12,5,73.1,19.97,0.1909,-0.0214,0.192,0.001,-0.043,12.54,2.39,1,0.87,2.42,3.58,1.164,1,5,0.1966,0.1855,0.2003,0.1855
16.537,1,0.841,-2.25,1.19,5,72.7,20.0,0.1909,-0.0131,0.191,0.001,-0.061,12.54,2.39,1,0.851,1.94,0.03,-1.726,1,5,0.1952,0.1823,0.2025,0.1841
16.636,1,0.85,-2.25,0.48,5,72.9,20.0,0.1528,-0.0073,0.187,0.002,-0.025,12.54,2.39,1,0.88,-3.39,-8.16,0.17,1,5,0.1896,0.1823,0.1951,0.1805
16.704,1,0.851,-2.25,0.3,5,72.4,19.27,0.1738,0.0078,0.185,0.001,-0.009,12.54,2.46,1,0.866,-2.42,-7.54,2.533,1,5,0.1855,0.1817,0.191,0.1836
16.736,1,0.841,-2.25,0.39,5,71.1,19.45,0.1567,0.0132,0.184,-0.0,-0.031,12.54,2.46,1,0.877,-2.42,-6.97,0.174,1,5,0.1855,0.1817,0.1855,0.1836
16.773,1,0.797,-1.75,-0.22,5,70.7,19.51,0.1705,0.0102,0.178,-0.0,0.0,12.54,2.46,1,0.874,-2.91,-7.57,0.198,1,5,0.1762,0.1762,0.178,0.1799
16.837,1,0.798,-2.0,0.18,5,69.5,19.97,0.1815,0.0205,0.168,0.004,0.007,12.54,2.46,1,0.869,-3.39,-7.59,-2.24,1,5,0.161,0.1647,0.1795,0.1684
16.865,1,0.777,-2.0,0.64,5,69.5,19.97,0.1696,0.0135,0.167,0.004,-0.018,12.54,2.46,1,0.869,-3.39,-7.59,-2.24,1,5,0.1628,0.1647,0.1776,0.1647
16.904,1,0.826,-1.75,0.63,5,71.2,20.46,0.164,0.0021,0.169,-0.001,0.003,12.53,1.28,1,0.875,-2.42,-6.49,-0.52,1,5,0.1743,0.1688,0.1669,0.1669
16.938,1,0.837,-1.75,0.45,5,71.1,20.46,0.1783,-0.0018,0.168,0.0,-0.023,12.53,1.28,1,0.88,-2.42,-6.49,-0.526,1,5,0.1669,0.1743,0.1632,0.1688
16.965,1,0.817,-2.0,0.07,5,70.8,19.59,0.1846,0.0028,0.167,0.002,-0.002,12.53,1.28,1,0.88,-2.42,-6.49,-0.526,1,5,0.1613,0.1743,0.1651,0.1688
17.003,1,0.83,-2.25,0.22,5,70.3,20.0,0.1891,0.0164,0.167,0.001,0.0,12.53,1.28,1,0.87,-3.39,-6.2,0.987,1,5,0.1576,0.1706,0.1688,0.1688
17.037,1,0.797,-1.75,-0.42,5,69.2,19.51,0.1905,0.0151,0.169,0.002,0.006,12.53,1.28,1,0.877,-2.42,-8.41,0.49,1,5,0.1669,0.1706,0.1706,0.1669
17.102,1,0.78,-1.25,0.21,5,68.0,20.46,0.1687,0.0259,0.179,0.002,0.005,12.53,-0.58,1,0.849,0.97,-6.09,-2.052,1,5,0.1706,0.1817,0.1799,0.1817
17.137,1,0.826,-1.5,0.21,5,69.7,20.56,0.1819,0.0038,0.181,0.002,-0.012,12.53,-0.58,1,0.867,2.42,-0.43,-0.548,1,5,0.1725,0.1855,0.1817,0.1855
17.238,1,0.822,-1.0,0.71,5,70.2,20.96,0.1697,0.0079,0.179,0.001,-0.006,12.53,-0.58,1,0.87,2.91,2.47,1.237,1,5,0.1762,0.1817,0.178,0.178
17.305,1,0.831,-1.25,1.09,5,71.1,20.46,0.1891,-0.0122,0.187,0.002,-0.029,12.53,0.14,1,0.877,2.91,2.18,0.314,1,5,0.1743,0.1873,0.191,0.1947
17.337,1,0.841,-1.0,0.53,5,72.0,20.0,0.1859,-0.019,0.185,-0.002,0.011,12.53,0.14,1,0.867,2.42,1.09,1.008,1,5,0.1836,0.1817,0.1836,0.1892
17.403,1,0.876,-1.25,0.53,5,75.1,20.46,0.1813,-0.0059,0.186,-0.001,-0.028,12.53,0.14,1,0.874,2.42,2.94,1.715,1,5,0.1892,0.1873,0.1817,0.1855
17.434,1,0.878,-1.25,0.79,5,75.9,20.46,0.1771,-0.0025,0.189,0.0,-0.048,12.53,0.14,1,0.874,2.42,1.34,1.892,1,5,0.1873,0.1873,0.1855,0.1892
17.465,1,0.882,-1.75,0.94,5,76.9,20.46,0.1727,-0.0091,0.186,0.0,-0.022,12.53,0.14,1,0.874,2.42,1.34,1.892,1,5,0.1817,0.1817,0.191,0.191
17.535,1,0.887,-1.25,0.69,5,78.2,20.46,0.1871,-0.0095,0.179,-0.002,0.012,12.53,1.15,1,0.87,3.39,2.58,1.9,1,5,0.1836,0.1762,0.1762,0.178
17.564,1,0.88,-1.25,0.61,5,78.4,20.46,0.1762,-0.0081,0.179,-0.001,0.037,12.53,1.15,1,0.87,3.39,2.58,1.9,1,5,0.1762,0.1799,0.1762,0.1836
17.634,1,0.888,-0.5,0.8,5,77.8,20.96,0.1815,-0.0057,0.181,-0.002,0.059,12.53,1.15,1,0.873,3.39,2.78,0.332,1,5,0.178,0.1799,0.178,0.1892
17.702,1,0.891,-0.75,1.09,5,77.1,20.46,0.1809,-0.0191,0.179,-0.0,-0.01,12.53,2.21,1,0.873,3.39,2.78,0.332,1,5,0.178,0.1836,0.1743,0.1817
17.736,1,0.888,-0.75,1.02,5,76.8,20.46,0.1949,-0.025,0.181,0.002,-0.021,12.53,2.21,1,0.868,3.39,3.28,-0.365,1,5,0.1725,0.1799,0.1873,0.1855
17.803,1,0.885,-0.25,1.14,5,75.8,20.46,0.1858,-0.0216,0.179,-0.0,-0.036,12.53,2.21,1,0.872,3.39,3.3,-0.418,1,5,0.1817,0.1743,0.1836,0.178
17.837,1,0.888,-0.25,0.73,5,76.1,20.46,0.1874,-0.031,0.184,0.002,-0.04,12.53,2.21,1,0.85,0.97,0.8,3.254,1,5,0.1869,0.1832,0.1887,0.1776
17.865,1,0.879,-0.25,0.97,5,76.2,20.46,0.1772,-0.0186,0.185,0.002,-0.034,12.53,2.21,1,0.85,0.97,0.8,3.254,1,5,0.185,0.1832,0.1906,0.1813
17.902,1,0.881,-0.75,0.98,5,76.0,20.46,0.1525,-0.0213,0.19,0.003,-0.044,12.52,3.01,1,0.877,0.48,-2.85,-0.538,1,5,0.1887,0.1832,0.2017,0.185
17.934,1,0.884,-1.0,1.23,5,75.6,20.0,0.1663,-0.0171,0.189,0.002,-0.018,12.52,3.01,1,0.88,0.48,-3.72,-2.62,1,5,0.1924,0.1795,0.2017,0.1813
17.971,1,0.881,-1.0,1.12,5,75.1,20.0,0.1616,-0.0201,0.183,0.001,-0.045,12.52,3.01,1,0.869,0.0,-2.27,-1.769,1,5,0.1929,0.1725,0.1947,0.1706
18.035,1,0.88,-1.0,0.32,5,74.6,19.59,0.1456,-0.0158,0.175,0.002,-0.011,12.52,3.01,1,0.883,-0.48,-4.25,-3.149,1,5,0.1817,0.1706,0.1855,0.1669
18.066,1,0.88,-0.75,0.23,5,74.6,20.0,0.1413,0.0025,0.175,0.001,-0.023,12.52,3.01,1,0.883,-0.48,-4.25,-3.149,1,5,0.1762,0.1706,0.1817,0.1706
18.103,1,0.874,-0.75,0.21,5,74.0,20.04,0.1413,0.0013,0.171,-0.001,-0.005,12.52,1.59,1,0.885,-0.48,-3.96,-2.23,1,5,0.1725,0.1669,0.1725,0.1706
18.135,1,0.878,-0.75,0.49,5,74.0,20.46,0.1553,0.0016,0.167,-0.001,-0.047,12.52,1.59,1,0.887,-0.48,-4.25,-3.141,1,5,0.1669,0.1632,0.1688,0.1706
18.171,1,0.875,-1.25,0.87,5,74.8,20.0,0.1315,-0.0036,0.162,0.001,-0.005,12.52,1.59,1,0.895,-0.48,-4.82,-4.342,1,5,0.1536,0.1591,0.1665,0.1684
18.2,1,0.882,-1.25,0.58,5,75.7,20.46,0.1193,-0.0037,0.157,0.004,-0.051,12.52,1.59,1,0.897,-0.48,-4.82,-4.34,1,5,0.1454,0.1547,0.1675,0.1602
18.23,1,0.88,-1.25,0.81,5,77.0,20.46,0.1115,0.0019,0.154,0.003,-0.048,12.52,1.59,1,0.897,-0.48,-4.82,-4.34,1,5,0.1473,0.151,0.1639,0.1547
18.265,1,0.885,-1.25,0.22,5,77.8,20.46,0.1115,-0.0023,0.148,-0.002,0.033,12.52,1.59,1,0.897,-0.48,-4.82,-4.34,1,5,0.1572,0.1407,0.1499,0.1426
18.302,1,0.88,-1.75,0.94,5,78.1,20.46,0.1115,0.0079,0.141,-0.004,-0.085,12.52,-1.3,1,0.882,2.91,0.48,-3.8,1,5,0.1564,0.1328,0.1401,0.1328
18.333,1,0.876,-1.75,0.48,5,79.0,20.46,0.125,-0.0012,0.139,-0.003,-0.08,12.52,-1.3,1,0.889,2.42,-0.36,-2.235,1,5,0.151,0.1328,0.1383,0.1328
18.435,1,0.88,-2.5,0.34,5,79.0,20.56,0.1553,0.0049,0.123,0.0,-0.006,12.52,-1.3,1,0.876,2.42,-3.2,-3.264,1,5,0.1267,0.1212,0.1249,0.1175
18.504,1,0.878,-2.25,0.55,5,78.4,20.46,0.1189,0.0181,0.123,-0.001,0.054,12.51,-2.95,1,0.876,6.3,8.97,-1.178,1,5,0.1261,0.1261,0.1187,0.1224
18.534,1,0.871,-1.25,0.33,5,77.9,19.85,0.1326,0.0093,0.125,-0.002,-0.003,12.51,-2.95,1,0.876,6.3,8.97,-1.178,1,5,0.1243,0.1243,0.1205,0.1298
18.563,1,0.878,-1.5,0.9,5,77.8,20.56,0.1395,0.001,0.125,-0.001,0.01,12.51,-2.95,1,0.867,8.24,5.42,-1.87,1,5,0.115,0.1261,0.1224,0.1372
18.6,1,0.88,-2.0,1.56,5,77.5,20.56,0.1538,-0.0091,0.128,-0.002,-0.011,12.51,-2.95,1,0.867,8.24,5.42,-1.87,1,5,0.1221,0.1277,0.124,0.1369
18.635,1,0.879,-2.75,1.81,5,77.1,20.56,0.1474,-0.0171,0.129,-0.0,-0.016,12.51,-2.95,1,0.879,11.15,14.77,-1.093,1,5,0.1307,0.1307,0.127,0.1289
18.703,1,0.89,-2.0,0.58,5,77.2,20.0,0.1497,-0.0153,0.132,0.0,0.066,12.51,-1.44,1,0.875,11.15,14.3,-0.563,1,5,0.1384,0.1329,0.131,0.1255
18.735,1,0.896,-1.5,0.7,5,77.1,20.56,0.1519,0.0036,0.136,0.001,-0.043,12.51,-1.44,1,0.886,11.63,14.78,-2.076,1,5,0.1344,0.1381,0.1362,0.1344
18.77,1,0.89,-1.5,0.7,5,77.1,20.56,0.1486,-0.0045,0.138,0.001,-0.049,12.51,-1.44,1,0.87,9.21,15.0,1.49,1,5,0.1307,0.1381,0.1399,0.1418
18.834,1,0.887,-1.5,1.02,5,76.5,20.0,0.1626,-0.0049,0.144,0.0,0.001,12.51,-1.44,1,0.872,7.27,8.2,-1.912,1,5,0.1391,0.1447,0.1428,0.1484
18.87,1,0.881,-1.25,1.18,5,76.4,20.0,0.1497,-0.0109,0.144,-0.001,0.003,12.51,-1.44,1,0.892,7.27,7.9,-2.811,1,5,0.1484,0.1465,0.1391,0.1409
18.9,1,0.88,-1.5,1.57,5,76.6,20.56,0.1497,-0.0176,0.144,0.001,0.028,12.51,-0.13,1,0.892,7.27,7.9,-2.811,1,5,0.1484,0.1465,0.1428,0.1372
18.934,1,0.884,-1.5,1.59,5,76.8,20.56,0.1637,-0.0259,0.147,0.0,-0.016,12.51,-0.13,1,0.899,8.24,6.88,-2.109,1,5,0.1447,0.1484,0.1447,0.1447
19.0,1,0.891,-1.5,1.6,5,76.7,20.0,0.1815,-0.0296,0.152,0.0,0.017,12.51,-0.13,1,0.9,8.24,6.78,-0.552,1,5,0.1447,0.1539,0.1502,0.1576
19.033,1,0.889,-1.5,1.14,5,76.5,20.0,0.1703,-0.0277,0.153,-0.0,-0.029,12.51,-0.13,1,0.873,4.36,3.17,-1.759,1,5,0.1502,0.1521,0.1521,0.1558
19.101,1,0.892,-1.5,1.13,5,76.8,20.0,0.1517,-0.0133,0.159,-0.002,-0.03,12.51,0.54,1,0.897,4.36,-0.27,-3.954,1,5,0.1632,0.1521,0.1632,0.1595
19.128,1,0.887,-1.5,1.7,5,76.7,20.56,0.1402,-0.0113,0.162,-0.0,-0.078,12.51,0.54,1,0.892,3.88,1.64,-3.83,1,5,0.1613,0.1558,0.1669,0.1632
19.168,1,0.895,-2.0,1.35,5,77.4,20.0,0.1243,-0.0202,0.168,-0.001,0.02,12.51,0.54,1,0.89,2.91,-1.4,-4.475,1,5,0.1651,0.1632,0.1706,0.1743
19.202,1,0.894,-1.5,1.06,5,77.9,20.0,0.1081,-0.0039,0.169,0.0,0.027,12.51,0.54,1,0.893,3.39,-1.96,-3.286,1,5,0.1688,0.1669,0.1725,0.1688
19.236,1,0.887,-1.25,1.46,5,77.9,20.0,0.1225,-0.0075,0.16,-0.0,-0.09,12.51,0.54,1,0.897,3.39,-1.97,-3.287,1,5,0.1706,0.1632,0.1669,0.1632
19.272,1,0.889,-1.5,1.67,5,78.8,20.0,0.1358,-0.0208,0.154,0.0,-0.119,12.51,0.54,1,0.892,3.39,-0.12,-2.638,1,5,0.1576,0.1502,0.1576,0.1502
19.301,1,0.881,-1.5,0.69,5,79.3,20.56,0.1429,-0.0236,0.146,0.0,-0.049,12.51,-0.6,1,0.895,2.42,-1.82,-1.921,1,5,0.1447,0.1409,0.1521,0.1465
19.333,1,0.886,-2.0,0.8,5,79.5,20.0,0.1569,-0.003,0.146,0.002,-0.067,12.51,-0.6,1,0.898,2.42,-3.26,-1.598,1,5,0.1409,0.1409,0.1539,0.1465
19.428,1,0.872,-2.0,1.1,5,79.5,20.0,0.1602,-0.0006,0.144,0.003,0.001,12.51,-0.6,1,0.883,3.39,-5.23,-5.47,1,5,0.148,0.1443,0.1499,0.1332
19.469,1,0.868,-2.0,1.18,5,78.7,20.0,0.1427,-0.0061,0.147,0.001,0.028,12.51,-0.6,1,0.878,7.27,6.52,-0.16,1,5,0.1465,0.1484,0.1484,0.1447
19.534,1,0.868,-2.25,1.63,5,79.5,20.0,0.1644,-0.0114,0.15,0.001,-0.019,12.5,-2.46,1,0.89,6.3,4.48,-2.185,1,5,0.1409,0.1521,0.1502,0.1576
19.571,1,0.871,-2.5,1.74,5,79.5,20.0,0.167,-0.0202,0.15,0.0,0.002,12.5,-2.46,1,0.888,6.3,4.38,-0.519,1,5,0.1502,0.1502,0.1502,0.1484
19.601,1,0.861,-2.99,2.19,5,79.3,20.0,0.1711,-0.0209,0.147,-0.001,-0.017,12.5,-2.46,1,0.889,6.3,4.38,-0.531,1,5,0.1539,0.1447,0.1465,0.1409
19.628,1,0.871,-3.49,1.85,5,79.7,20.0,0.1778,-0.0285,0.148,-0.001,-0.018,12.5,-2.46,1,0.889,6.3,4.38,-0.531,1,5,0.1576,0.1447,0.1484,0.1409
19.671,1,0.887,-3.24,2.08,5,79.6,20.0,0.1898,-0.0177,0.15,0.0,0.006,12.5,-2.46,1,0.887,6.3,3.88,0.149,1,5,0.1513,0.1495,0.1513,0.1476
19.702,1,0.886,-2.99,1.62,5,79.6,20.0,0.1963,-0.0294,0.16,0.0,-0.004,12.5,-1.62,1,0.895,6.3,4.38,-0.538,1,5,0.159,0.1608,0.1608,0.1608
19.735,1,0.887,-2.5,1.57,5,79.6,20.0,0.1922,-0.0189,0.171,-0.001,0.026,12.5,-1.62,1,0.895,6.3,4.38,-0.538,1,5,0.1647,0.1666,0.1611,0.1666
19.803,1,0.887,-2.5,1.33,5,78.6,19.45,0.1893,-0.0225,0.184,0.001,-0.009,12.5,-1.62,1,0.898,6.3,5.32,-0.122,1,5,0.1801,0.1855,0.1837,0.1855
19.835,1,0.876,-2.25,1.62,5,78.6,20.0,0.1947,-0.0162,0.187,0.004,-0.064,12.5,-1.62,1,0.899,6.3,5.32,-0.126,1,5,0.1801,0.1855,0.1837,0.1855
19.903,1,0.876,-2.99,1.5,5,78.5,20.0,0.1843,-0.0252,0.191,0.001,0.01,12.5,-0.84,1,0.896,5.82,3.29,0.186,1,5,0.1892,0.191,0.1947,0.191
19.928,1,0.882,-1.75,0.42,5,78.6,20.0,0.191,-0.0134,0.192,-0.0,0.048,12.5,-0.84,1,0.896,5.82,3.29,0.186,1,5,0.1965,0.191,0.1928,0.1892
20.003,1,0.883,-3.24,0.4,5,78.6,19.45,0.1922,0.0019,0.196,0.0,-0.01,12.5,-0.84,1,0.9,4.36,3.77,1.921,1,5,0.1992,0.1938,0.1974,0.1919
20.028,1,0.886,-2.5,-0.76,5,78.5,20.0,0.1811,0.0221,0.196,0.001,-0.003,12.5,-0.84,1,0.9,4.36,3.77,1.921,1,5,0.1992,0.1956,0.1992,0.1919
20.07,1,0.884,-2.75,-0.48,5,79.0,20.0,0.172,0.0424,0.197,0.0,0.025,12.5,-0.84,1,0.901,4.36,3.8,1.949,1,5,0.1988,0.1952,0.2007,0.1952
20.102,1,0.885,-2.5,-0.4,5,78.6,20.0,0.1713,0.0382,0.194,-0.0,-0.029,12.5,-1.33,1,0.903,4.36,3.78,1.939,1,5,0.1947,0.1892,0.1984,0.1947
20.136,1,0.888,-2.5,-0.01,5,78.0,20.0,0.1715,0.0329,0.192,0.001,-0.077,12.5,-1.33,1,0.902,4.36,3.52,1.045,1,5,0.1873,0.1873,0.1984,0.1966
20.2,1,0.884,-2.99,-0.76,5,79.4,20.56,0.1784,0.0226,0.189,0.002,0.089,12.5,-1.33,1,0.911,3.88,3.62,2.892,1,5,0.1892,0.1929,0.1892,0.1836
20.228,1,0.884,-2.75,-0.45,5,79.2,20.0,0.1669,0.048,0.186,0.002,-0.039,12.5,-1.33,1,0.911,3.88,3.62,2.892,1,5,0.1892,0.191,0.1855,0.1799
20.302,1,0.875,-2.99,-0.75,5,80.0,20.0,0.1454,0.0351,0.182,0.001,-0.012,12.5,0.62,1,0.908,0.48,-1.71,-1.736,1,5,0.1762,0.1799,0.1855,0.1855
20.333,1,0.876,-2.99,-0.91,5,79.9,20.0,0.1596,0.0461,0.182,0.0,0.027,12.5,0.62,1,0.908,0.0,-1.16,1.22,1,5,0.1799,0.1799,0.1836,0.1836
20.4,1,0.87,-2.99,-0.71,5,80.1,20.56,0.1764,0.0515,0.171,0.005,-0.111,12.5,0.62,1,0.915,-0.48,-2.93,-1.742,1,5,0.1725,0.1725,0.178,0.1595
20.428,1,0.871,-3.24,-0.68,5,79.8,20.46,0.1833,0.0467,0.168,0.006,-0.092,12.5,0.62,1,0.916,-0.48,-3.13,-0.16,1,5,0.1651,0.1706,0.178,0.1595
20.5,1,0.889,-3.24,-0.9,5,78.4,20.46,0.1549,0.046,0.171,0.002,0.038,12.5,0.62,1,0.925,-0.97,-4.68,-0.567,1,5,0.1669,0.1762,0.1706,0.1706
20.527,1,0.889,-2.75,-1.65,5,77.7,20.44,0.1618,0.052,0.17,0.003,0.084,12.5,0.62,1,0.925,-0.97,-4.68,-0.567,1,5,0.1651,0.178,0.1688,0.1688
20.569,1,0.884,-2.25,-0.96,5,78.3,20.0,0.1828,0.0687,0.168,0.001,-0.033,12.5,0.62,1,0.933,0.0,-3.47,-0.588,1,5,0.1595,0.1743,0.1632,0.1743
20.599,1,0.888,-2.75,-0.76,5,78.6,20.46,0.1859,0.0442,0.166,0.002,0.015,12.5,0.62,1,0.94,-0.48,-2.93,-1.79,1,5,0.1539,0.1743,0.1613,0.1725
20.633,1,0.89,-2.5,-1.09,5,78.2,20.56,0.1752,0.0445,0.167,0.0,0.04,12.5,0.62,1,0.945,0.0,-4.32,-2.682,1,5,0.1595,0.1743,0.1613,0.1743
20.7,1,0.892,-1.5,-0.5,5,78.2,20.56,0.1395,0.0456,0.171,-0.001,0.015,12.5,-1.31,1,0.946,1.94,-0.53,-1.372,1,5,0.1651,0.178,0.1613,0.178
20.727,1,0.897,-1.5,-0.31,5,78.3,20.56,0.1463,0.0209,0.17,-0.0,-0.036,12.5,-1.31,1,0.946,1.94,-0.53,-1.372,1,5,0.1595,0.178,0.1613,0.1817
20.8,1,0.898,-1.5,-1.05,5,79.0,20.56,0.1364,0.0184,0.171,0.005,0.073,12.5,-1.31,1,0.945,1.45,-2.81,-5.227,1,5,0.1576,0.1799,0.1706,0.1743
20.828,1,0.898,-1.0,-0.31,5,78.8,20.56,0.1246,0.0329,0.168,0.005,0.112,12.5,-1.31,1,0.945,1.45,-2.81,-5.227,1,5,0.1595,0.1743,0.1706,0.1669
20.869,1,0.897,-1.0,-0.12,5,79.1,20.56,0.1004,0.0122,0.161,0.005,-0.06,12.5,-1.31,1,0.95,3.39,-0.42,-5.151,1,5,0.1558,0.1651,0.1669,0.1576
20.9,1,0.899,-1.25,-0.4,5,79.5,20.46,0.0912,0.0097,0.153,0.005,-0.031,12.53,-2.57,1,0.876,7.27,-0.23,-6.9,1,5,0.1447,0.1576,0.1595,0.1521
20.927,1,0.904,-1.25,-0.38,5,79.0,20.46,0.0795,0.0179,0.153,0.005,-0.003,12.53,-2.57,1,0.876,7.27,-0.23,-6.9,1,5,0.1428,0.1576,0.1576,0.1521
20.999,1,0.907,-1.5,-0.53,5,79.6,20.56,0.084,0.0177,0.137,-0.001,0.022,12.53,-2.57,1,0.958,8.72,9.64,-4.214,1,5,0.1491,0.127,0.1454,0.127
21.027,1,0.914,-2.0,-0.51,5,79.9,20.56,0.0908,0.0236,0.131,-0.0,-0.049,12.53,-2.57,1,0.958,8.72,9.64,-4.214,1,5,0.1454,0.1197,0.1418,0.1178
21.068,1,0.913,-2.5,-0.63,5,80.1,20.56,0.105,0.0288,0.122,0.002,-0.099,12.53,-2.57,1,0.95,7.76,8.47,-4.277,1,5,0.1372,0.115,0.1335,0.1039
21.092,1,0.91,-2.5,-0.75,5,80.6,20.56,0.1131,0.0369,0.122,0.003,-0.038,12.53,-2.57,1,0.95,7.76,8.47,-4.277,1,5,0.1335,0.115,0.1354,0.1039
21.127,1,0.914,-2.75,-0.96,5,80.5,20.46,0.1131,0.0384,0.118,0.005,-0.013,12.53,-4.5,1,0.95,7.76,8.47,-4.277,1,5,0.1218,0.1144,0.131,0.1052
21.199,1,0.912,-2.99,-0.87,5,80.8,20.56,0.0892,0.0428,0.106,-0.0,-0.001,12.53,-4.5,1,0.977,10.66,13.3,-2.924,1,5,0.1052,0.1034,0.107,0.107
21.227,1,0.91,-2.99,-0.74,5,80.8,20.56,0.096,0.0441,0.104,-0.003,0.07,12.53,-4.5,1,0.977,10.66,13.3,-2.924,1,5,0.1076,0.1039,0.0983,0.1057
21.299,1,0.91,-2.5,-0.88,5,80.2,20.56,0.1242,0.0423,0.098,0.001,0.048,12.53,-4.96,1,0.986,11.15,13.38,-2.162,1,5,0.0884,0.1031,0.0957,0.1049
21.328,1,0.909,-2.0,-0.77,5,79.8,20.56,0.131,0.0395,0.095,0.004,0.037,12.53,-4.96,1,0.986,11.15,13.38,-2.162,1,5,0.081,0.1013,0.0976,0.1013
21.402,1,0.907,-1.25,-0.6,5,79.1,20.46,0.1214,0.0316,0.093,0.007,0.058,12.53,-4.96,1,0.98,13.09,13.28,-2.299,1,5,0.0748,0.1094,0.0893,0.0966
21.5,1,0.906,-1.0,0.53,5,78.5,20.0,0.1513,0.0237,0.107,-0.004,0.072,12.53,-4.96,1,0.973,14.06,14.58,-3.569,1,5,0.1039,0.1187,0.0872,0.1168
21.535,1,0.905,-1.0,1.16,5,77.8,20.56,0.147,-0.0048,0.114,-0.005,0.049,12.53,-3.25,1,0.97,15.03,14.68,-2.653,1,5,0.115,0.1224,0.0946,0.1224
21.599,1,0.901,-1.0,1.71,5,77.3,20.56,0.1371,-0.0168,0.121,-0.002,0.024,12.53,-3.25,1,0.931,14.54,15.26,-0.129,1,5,0.115,0.1335,0.1057,0.1317
21.626,1,0.913,-1.0,1.76,5,77.2,20.0,0.1439,-0.03,0.122,0.0,0.03,12.53,-3.25,1,0.931,14.54,15.26,-0.129,1,5,0.1131,0.1354,0.1094,0.1298
21.697,1,0.914,-0.25,0.62,5,76.8,20.0,0.146,-0.0313,0.122,-0.0,-0.013,12.53,-3.25,1,0.927,8.72,7.13,-2.96,1,5,0.1166,0.1221,0.1203,0.1277
21.795,1,0.91,-1.75,1.73,5,76.1,20.0,0.094,-0.0098,0.128,0.001,-0.022,12.53,0.42,1,0.963,7.27,1.88,-5.247,1,5,0.1261,0.1261,0.1335,0.128
21.826,1,0.914,-1.25,1.39,5,76.1,20.0,0.0888,-0.0101,0.128,0.002,-0.011,12.53,0.42,1,0.963,7.27,1.88,-5.247,1,5,0.1224,0.1261,0.1354,0.1298
21.899,1,0.904,-2.0,1.9,5,76.7,19.45,0.1028,-0.0121,0.123,-0.001,0.002,12.53,0.42,1,0.97,7.27,1.83,-3.607,1,5,0.1187,0.1187,0.1243,0.1298
21.967,1,0.91,-1.25,1.45,5,78.6,20.0,0.0888,-0.0131,0.112,-0.002,0.055,12.53,-0.67,1,0.967,7.27,1.84,-3.602,1,5,0.1178,0.1141,0.1049,0.1105
22.0,1,0.906,-0.75,1.55,5,78.6,20.0,0.1028,-0.0149,0.108,-0.002,-0.013,12.53,-0.67,1,0.96,7.76,2.26,-2.08,1,5,0.1178,0.1086,0.1031,0.1013
22.033,1,0.908,-1.0,1.75,5,78.5,20.0,0.1167,-0.0241,0.107,-0.002,-0.068,12.53,-0.67,1,0.963,7.27,2.79,-3.209,1,5,0.1141,0.1068,0.1031,0.1049
22.099,1,0.916,0.0,0.94,5,78.3,19.97,0.1299,-0.0274,0.105,0.001,-0.022,12.53,-0.67,1,0.96,7.27,2.81,-3.214,1,5,0.0964,0.1039,0.1094,0.1113
22.134,1,0.922,-0.25,1.27,5,78.6,20.0,0.1397,-0.0236,0.103,0.001,-0.002,12.53,-1.33,1,0.96,7.27,2.81,-3.214,1,5,0.0964,0.1039,0.1057,0.1076
22.198,1,0.919,-0.75,1.42,5,77.6,20.0,0.1295,-0.0247,0.108,-0.003,0.032,12.53,-1.33,1,0.967,7.27,1.85,-3.618,1,5,0.115,0.1094,0.1001,0.1076
22.298,1,0.931,-1.0,2.03,5,76.5,20.0,0.1433,-0.0246,0.123,0.001,-0.031,12.53,-1.33,1,0.967,7.27,1.85,-3.621,1,5,0.1187,0.1261,0.1224,0.1261
22.334,1,0.927,-0.5,1.17,5,75.9,20.0,0.1294,-0.0315,0.122,0.001,0.01,12.53,-2.1,1,0.97,7.27,1.84,-3.625,1,5,0.1168,0.1261,0.1205,0.1243
22.392,1,0.949,-0.75,1.29,5,74.4,20.0,0.1293,-0.0201,0.121,0.004,-0.066,12.53,-2.1,1,0.967,7.27,1.86,-3.627,1,5,0.115,0.1224,0.1261,0.1187
22.433,1,0.949,-0.75,1.05,5,74.4,20.0,0.1293,-0.0194,0.117,0.003,-0.014,12.53,-2.1,1,0.955,6.79,1.06,-2.077,1,5,0.1168,0.115,0.1243,0.1113
22.499,1,0.963,0.75,0.19,5,73.3,20.0,0.1125,-0.012,0.122,-0.0,-0.048,12.53,-2.1,1,0.909,12.12,10.3,-3.29,1,5,0.128,0.1187,0.1243,0.1168
22.598,1,0.9,0.75,-0.48,5,69.9,20.0,0.1476,-0.0132,0.123,0.003,-0.011,12.51,-3.14,1,0.923,11.15,8.99,-1.813,1,5,0.1178,0.1234,0.1289,0.1215
22.697,1,0.862,0.75,-0.61,5,67.5,20.0,0.1587,0.0042,0.131,-0.004,-0.08,12.51,-3.14,1,0.914,11.15,9.49,-2.453,1,5,0.1354,0.1224,0.1224,0.1261
22.8,1,0.86,0.5,-0.57,5,67.4,19.97,0.1676,0.0087,0.15,0.003,-0.048,12.51,-3.78,1,0.894,11.15,10.44,-2.085,1,5,0.1428,0.1558,0.1502,0.1502
22.834,1,0.869,-0.75,0.22,5,67.9,20.0,0.1679,0.0106,0.151,0.003,0.01,12.51,-3.78,1,0.896,11.15,9.21,0.619,1,5,0.1447,0.1558,0.1521,0.1484
22.898,1,0.855,0.25,-0.38,5,67.2,20.0,0.1785,0.004,0.155,0.0,-0.017,12.51,-3.78,1,0.904,11.15,10.96,-0.976,1,5,0.1574,0.1539,0.1574,0.1521
23.0,1,0.873,-0.25,-0.37,5,68.5,20.04,0.1747,0.0074,0.17,0.002,0.007,12.54,-1.66,1,0.903,11.15,9.57,-3.935,1,5,0.1679,0.1753,0.1698,0.1679
23.025,1,0.883,0.25,-0.62,5,69.2,20.0,0.1628,0.0128,0.17,0.003,-0.026,12.54,-1.66,1,0.903,11.15,9.57,-3.935,1,5,0.1706,0.1743,0.1706,0.1632
23.099,1,0.929,0.25,-0.9,5,72.2,20.0,0.1525,0.012,0.172,0.002,0.0,12.54,-1.66,1,0.907,4.36,-2.2,-2.98,1,5,0.1684,0.1702,0.1776,0.1702
23.198,1,0.939,0.0,-0.81,5,76.4,19.97,0.1347,0.0168,0.163,-0.002,0.012,12.54,-0.82,1,0.878,4.36,0.62,-4.707,1,5,0.1651,0.1576,0.1632,0.1651
23.298,1,0.933,-0.5,-0.92,5,76.7,19.97,0.1512,0.0192,0.151,0.005,-0.05,12.54,-0.82,1,0.86,4.36,-0.96,-2.281,1,5,0.1428,0.1502,0.1613,0.1502
23.396,1,0.941,-1.0,-0.93,5,76.8,19.97,0.1642,0.0284,0.146,0.001,0.075,12.54,-1.23,1,0.746,4.36,-1.73,-5.867,1,4,0.1484,0.1484,0.1447,0.1409
23.466,1,0.943,-0.75,-0.74,5,76.5,20.0,0.1281,0.0294,0.156,-0.003,-0.014,12.54,-1.23,1,0.753,5.33,2.56,-7.033,1,4,0.1558,0.1632,0.1428,0.1632
23.496,1,0.95,-1.25,-0.83,5,75.8,20.04,0.1042,0.0199,0.151,-0.001,-0.006,12.54,-1.23,1,0.749,5.33,2.57,-7.031,1,4,0.1409,0.1558,0.1428,0.1632
23.558,1,0.959,-1.25,-0.71,5,76.2,20.46,0.1066,0.027,0.145,-0.001,-0.006,12.55,-2.71,1,0.744,5.33,2.36,-1.907,1,4,0.1354,0.1409,0.1465,0.1558
23.597,1,0.958,-1.5,-0.37,5,76.7,20.0,0.1206,0.0258,0.146,-0.002,-0.041,12.55,-2.71,1,0.733,9.69,11.93,0.0,1,4,0.1409,0.1391,0.1484,0.1558
23.691,1,0.957,-1.75,-0.83,5,76.5,20.0,0.1554,0.023,0.139,-0.004,-0.002,12.55,-2.71,1,0.742,8.72,9.83,-0.586,1,4,0.1391,0.1409,0.128,0.1465
23.791,1,0.955,-1.5,-0.25,5,75.8,20.04,0.1754,0.0382,0.134,-0.005,0.028,12.55,-3.0,1,0.736,9.69,9.38,-1.197,1,4,0.1335,0.1372,0.1205,0.1428
23.866,1,0.956,-1.0,-0.26,5,75.3,20.0,0.1754,0.0198,0.152,-0.006,0.038,12.55,-3.0,1,0.722,10.66,12.88,-2.473,1,4,0.1436,0.1528,0.1399,0.1731
23.891,1,0.964,-1.0,-0.25,5,75.5,19.97,0.1582,0.0138,0.155,-0.006,0.041,12.55,-3.0,1,0.722,10.66,12.88,-2.473,1,4,0.1491,0.1547,0.1418,0.1731
23.992,1,0.952,-1.25,0.37,5,74.6,20.2,0.1529,0.0143,0.163,-0.005,0.055,12.55,-1.48,1,0.656,9.21,12.79,2.682,1,4,0.1605,0.1678,0.1495,0.1751
24.097,1,0.942,-0.75,0.21,5,73.6,20.0,0.1478,0.0029,0.15,-0.009,0.013,12.55,-1.48,1,0.558,6.79,4.75,0.0,0,3,0.1521,0.1447,0.1372,0.1669
24.198,1,0.935,-0.75,0.76,5,72.8,20.46,0.1201,0.0022,0.149,-0.003,0.002,12.55,0.7,1,0.613,3.39,30.02,0.0,0,4,0.1465,0.1521,0.1409,0.1576
24.225,1,0.929,-0.75,0.6,5,73.0,20.46,0.1083,-0.007,0.147,-0.004,-0.01,12.55,0.7,1,0.613,3.39,30.02,0.0,0,4,0.1447,0.1447,0.1409,0.1558
24.296,1,0.908,-0.75,0.6,5,70.8,20.46,0.07,-0.004,0.14,-0.009,-0.056,12.55,0.7,1,0.541,1.45,32.71,0.0,0,4,0.1447,0.1261,0.1354,0.1521
24.365,1,0.91,-0.75,0.49,5,70.9,20.57,0.07,-0.0039,0.127,-0.005,-0.058,12.55,3.95,1,0.569,-0.97,50.25,0.0,0,4,0.1343,0.1216,0.1216,0.1307
24.432,1,0.922,-1.25,0.37,5,71.5,20.46,0.07,-0.0018,0.114,-0.001,-0.038,12.55,3.95,1,0.511,-6.3,58.26,0.0,0,4,0.118,0.1198,0.1071,0.1125
24.491,1,0.909,-1.75,0.24,5,70.4,20.46,0.07,0.0059,0.096,0.0,-0.025,12.55,3.95,1,0.466,-8.24,63.43,0.0,0,4,0.0964,0.0927,0.1001,0.0964
24.533,1,0.894,-1.75,0.23,5,69.2,20.46,0.0771,0.0136,0.09,-0.001,-0.086,12.53,10.62,1,0.411,-14.54,65.17,0.0,0,4,0.0927,0.0779,0.1001,0.0909
24.562,1,0.894,-1.75,-0.04,5,69.0,20.57,0.0843,0.0133,0.086,-0.003,-0.008,12.53,10.62,1,0.411,-14.54,65.17,0.0,0,4,0.0939,0.0681,0.0976,0.0829
24.596,1,0.892,-1.75,-0.03,5,68.6,20.56,0.0981,0.0174,0.082,-0.002,-0.071,12.53,10.62,1,0.408,-22.78,65.85,0.0,0,4,0.0957,0.07,0.0902,0.0736
24.663,1,0.9,-2.0,-0.22,5,69.7,20.56,0.1193,0.0169,0.076,0.004,0.012,12.53,10.62,1,0.441,-27.14,65.54,0.0,0,4,0.0779,0.0797,0.0797,0.0668
24.799,1,0.908,-1.25,-0.04,5,69.6,20.46,0.1681,0.0239,0.089,0.003,0.033,12.53,17.42,1,0.479,-36.35,71.33,0.0,0,5,0.0816,0.0964,0.0872,0.089
24.897,1,0.917,-0.75,-0.19,5,71.0,20.46,0.2031,0.0116,0.132,0.001,0.02,12.53,17.42,1,0.405,-39.74,72.91,0.0,0,5,0.1243,0.1372,0.128,0.1372
24.964,1,0.914,0.0,-0.01,5,70.7,20.56,0.2076,0.0107,0.162,0.004,0.062,12.53,21.41,1,0.44,-38.78,73.78,0.0,0,5,0.1502,0.1706,0.1613,0.1669
24.997,1,0.916,0.25,-0.09,5,70.4,20.44,0.2072,-0.0027,0.179,0.005,0.021,12.53,21.41,1,0.424,-38.29,73.53,0.0,0,5,0.1669,0.1892,0.178,0.1817
25.066,1,0.916,0.25,0.22,5,69.9,20.44,0.2074,-0.0017,0.195,0.0,0.006,12.53,21.41,1,0.394,-28.11,73.42,0.0,0,5,0.191,0.2003,0.191,0.1984
25.096,1,0.923,0.75,-0.21,5,71.1,20.0,0.2074,-0.0102,0.201,0.002,0.041,12.53,21.41,1,0.43,-25.2,71.69,0.0,0,5,0.1966,0.2077,0.1984,0.2003
25.198,1,0.899,1.0,1.87,5,71.8,20.57,0.2085,-0.0016,0.204,0.002,0.04,12.53,26.11,1,0.435,-7.76,70.23,0.0,0,5,0.2021,0.2096,0.2021,0.2003
25.263,1,0.732,1.25,1.85,4,71.5,20.25,0.1722,-0.0588,0.209,0.003,-0.015,12.53,26.11,1,0.431,5.33,70.28,0.0,0,5,0.2112,0.2186,0.2057,0.202
25.297,1,0.646,1.25,4.96,4,70.7,20.25,0.1798,-0.0623,0.204,0.003,-0.089,12.53,26.11,1,0.445,7.76,69.72,0.0,0,5,0.2002,0.2075,0.2057,0.202
25.397,1,0.324,1.0,0.0,2,62.3,21.32,0.1198,-0.1065,0.197,0.001,-0.022,12.53,33.1,1,0.486,15.99,66.23,0.0,0,5,0.2002,0.1892,0.2057,0.191
25.463,1,0.118,2.75,0.0,1,51.1,25.46,0.1187,-0.0087,0.181,0.002,-0.11,12.53,33.1,1,0.547,19.87,63.78,0.0,0,5,0.1882,0.1772,0.1901,0.1698
25.494,1,0.057,6.99,0.0,1,44.9,33.94,0.095,-0.0087,0.177,0.001,-0.004,12.53,33.1,1,0.581,20.84,59.98,0.0,0,5,0.1864,0.1716,0.1846,0.1661
25.525,0,0.0,0.0,0.0,0,31.9,0.0,0.0832,-0.0087,0.171,0.001,-0.048,12.51,36.95,1,0.581,20.84,59.98,0.0,0,5,0.1772,0.1624,0.1809,0.1624
25.562,1,0.007,30.59,0.0,1,29.3,23.2,0.0586,-0.0087,0.16,0.004,-0.084,12.51,36.95,1,0.655,31.02,59.52,0.0,0,5,0.1613,0.1521,0.1762,0.1521
25.664,0,0.0,0.0,0.0,0,23.0,0.0,0.035,-0.0087,0.13,-0.0,-0.054,12.51,36.95,1,0.73,47.98,60.48,0.0,0,5,0.1484,0.1187,0.1409,0.1131
25.693,0,0.0,0.0,0.0,0,14.9,0.0,0.0236,-0.1225,0.127,-0.0,-0.077,12.51,36.95,1,0.73,47.98,60.48,0.0,0,5,0.1428,0.115,0.1372,0.1113
25.732,0,0.0,0.0,0.0,0,12.9,0.0,0.0,-0.3639,0.116,0.003,-0.056,12.51,34.08,1,0.566,56.22,62.81,0.0,0,5,0.1187,0.1113,0.128,0.1076
25.762,0,0.0,0.0,0.0,0,8.8,0.0,0.0,-0.6,0.085,0.003,-0.143,12.51,34.08,1,0.49,58.65,62.06,0.0,0,4,0.0983,0.0686,0.1076,0.0649
25.788,0,0.0,0.0,0.0,0,7.6,0.0,0.0,-0.6,0.064,0.004,-0.529,12.51,34.08,1,0.49,58.65,62.06,0.0,0,4,0.089,0.0371,0.1001,0.0315
25.823,0,0.0,0.0,0.0,0,9.0,0.0,0.0,-0.6,0.022,0.004,-0.481,12.51,34.08,1,0.49,58.65,62.06,0.0,0,4,0.089,-0.0389,0.0909,-0.0519
25.893,0,0.0,0.0,0.0,0,20.0,0.0,0.0,-0.6,-0.013,0.006,-0.62,12.51,34.08,1,0.586,48.95,59.23,0.0,0,5,0.0853,-0.1076,0.0927,-0.1224
25.923,0,0.0,0.0,0.0,0,24.7,0.0,0.0,-0.6,-0.032,0.008,-0.582,12.51,34.08,1,0.721,44.59,59.48,0.0,0,5,0.0631,-0.1298,0.0816,-0.1447
25.964,1,0.012,28.45,0.0,2,31.5,17.54,0.0,-0.6,-0.046,0.01,-0.524,12.51,34.08,1,0.673,34.9,56.67,0.0,0,5,0.0482,-0.1335,0.0612,-0.1595
25.995,1,0.021,33.75,0.0,1,35.8,16.88,0.0,-0.6,-0.053,0.005,-0.538,12.51,34.08,1,0.713,30.05,55.31,0.0,0,5,0.0427,-0.1372,0.0408,-0.1576
26.024,1,0.116,21.96,31.98,3,36.1,23.73,0.0,-0.6,-0.055,-0.0,-0.536,12.51,34.08,1,0.713,30.05,55.31,0.0,0,5,0.0427,-0.1428,0.0315,-0.1521
26.062,1,0.17,16.22,38.92,3,39.2,25.84,0.0,-0.6,-0.057,-0.007,-0.51,12.51,34.08,1,0.713,19.39,52.88,0.0,0,5,0.0427,-0.1502,0.0223,-0.1409
26.095,1,0.241,10.98,41.5,3,41.6,30.06,0.0,-0.6,-0.057,-0.005,-0.441,12.51,34.08,1,0.732,15.03,50.55,0.0,0,5,0.0334,-0.1484,0.026,-0.1372
26.133,1,0.281,6.74,43.4,3,45.8,30.06,0.014,-0.0851,-0.057,-0.001,-0.482,12.51,34.08,1,0.745,10.66,50.05,0.0,0,5,0.0334,-0.1428,0.026,-0.1447
26.196,1,0.398,-2.5,43.1,4,58.7,28.2,0.035,-0.2119,-0.053,-0.001,-0.519,12.51,34.08,1,0.764,0.97,46.37,0.0,0,5,0.0408,-0.1372,0.0297,-0.1447
26.263,1,0.237,0.0,44.57,4,66.1,27.6,0.0561,-0.34,-0.045,-0.007,-0.328,12.51,34.08,1,0.726,-13.57,38.35,0.0,0,5,0.0352,-0.1261,0.0204,-0.1113
26.296,1,0.302,-3.43,44.3,4,70.4,27.7,0.07,-0.424,-0.038,-0.005,-0.27,12.51,34.08,1,0.805,-22.3,30.03,0.0,0,5,0.0222,-0.1018,0.0167,-0.0888
26.324,1,0.753,-18.47,42.97,5,72.8,26.9,0.07,-0.4242,-0.028,-0.004,-0.233,12.51,44.58,1,0.805,-22.3,30.03,0.0,0,5,0.0259,-0.087,0.0222,-0.074
26.361,1,0.735,-21.96,43.34,5,74.8,26.67,0.07,-0.4242,-0.01,-0.002,-0.345,12.51,44.58,1,0.812,-31.5,16.05,0.0,0,5,0.0444,-0.0666,0.0426,-0.0592
26.396,1,0.779,-21.71,42.55,5,75.9,26.27,0.07,-0.4242,0.015,-0.004,-0.368,12.51,44.58,1,0.851,-35.38,7.68,0.0,0,5,0.0835,-0.0482,0.0705,-0.0445
26.462,1,0.728,-24.21,40.54,5,76.6,25.56,0.07,-0.4242,0.047,-0.006,-0.312,12.51,44.58,1,0.86,-39.26,-0.63,0.0,0,5,0.1224,-0.0185,0.1001,-0.0148
26.495,1,0.334,-10.02,40.64,4,76.3,25.62,0.07,-0.4242,0.062,-0.006,-0.327,12.51,44.58,1,0.874,-40.23,-3.23,0.0,0,5,0.1317,0.0,0.1113,0.0037
26.535,1,0.335,-10.28,40.73,4,77.4,25.33,0.07,-0.4242,0.064,-0.002,-0.348,12.52,45.0,1,0.875,-41.2,-5.38,0.0,0,5,0.1298,0.0074,0.1168,0.0037
26.562,1,0.328,-10.28,40.19,4,77.1,25.05,0.07,-0.4242,0.064,-0.0,-0.397,12.52,45.0,1,0.88,-43.14,-7.08,0.0,0,5,0.1298,0.0074,0.1205,0.0
26.589,1,0.725,-23.96,40.78,5,77.2,25.0,0.07,-0.4242,0.063,0.0,-0.407,12.52,45.0,1,0.88,-43.14,-7.08,0.0,0,5,0.128,0.0037,0.1224,-0.0037
26.695,1,0.672,-24.71,36.79,5,76.7,24.48,0.07,-0.4242,0.068,0.0,-0.392,12.52,45.0,1,0.89,-48.95,-20.56,0.0,0,5,0.1354,0.0019,0.1335,0.0
26.761,1,0.765,-23.71,36.28,5,76.8,23.73,0.07,-0.4102,0.069,-0.0,-0.39,12.52,45.0,1,0.897,-51.86,-25.7,0.0,0,5,0.1354,0.0019,0.1354,0.0019
26.795,1,0.734,-25.21,36.07,5,77.0,23.73,0.07,-0.4166,0.068,-0.002,-0.375,12.52,45.0,1,0.891,-53.8,-29.62,0.0,0,5,0.1372,0.0,0.1317,0.0037
26.824,1,0.731,-25.7,35.74,5,77.5,23.73,0.07,-0.3949,0.068,-0.003,-0.404,12.52,45.0,1,0.891,-53.8,-29.62,0.0,0,5,0.1372,0.0,0.1298,0.0037
26.861,1,0.696,-25.95,35.1,5,77.7,23.2,0.07,-0.386,0.067,-0.002,-0.415,12.52,45.0,1,0.885,-57.68,-34.75,0.0,0,5,0.1372,0.0,0.1298,0.0
26.889,1,0.716,-25.95,34.53,5,77.2,23.2,0.07,-0.373,0.067,-0.001,-0.326,12.52,45.0,1,0.885,-57.68,-34.75,0.0,0,5,0.1354,0.0019,0.1298,0.0
26.934,1,0.722,-25.95,34.22,5,76.8,22.68,0.07,-0.366,0.069,0.003,-0.375,12.55,45.0,1,0.878,-61.07,-38.43,0.0,0,5,0.1335,0.0056,0.1354,0.0
27.032,1,0.738,-26.2,31.44,5,77.7,21.6,0.07,-0.3627,0.066,0.003,-0.358,12.55,45.0,1,0.859,-65.92,-44.44,0.0,0,5,0.1258,0.0093,0.1277,0.0
27.061,1,0.792,-25.46,29.95,5,77.9,21.6,0.0703,-0.3113,0.062,0.001,-0.372,12.55,45.0,1,0.823,-66.89,-46.25,0.0,0,5,0.1221,0.0037,0.1221,0.0
27.161,1,0.737,-27.45,28.24,5,78.8,21.62,0.0775,-0.2941,0.067,0.003,-0.321,12.55,34.99,1,0.853,-60.59,-43.13,0.0,0,5,0.1168,0.0167,0.1224,0.0111
27.189,1,0.746,-27.45,27.47,5,78.9,21.62,0.084,-0.2392,0.07,0.003,-0.259,12.55,34.99,1,0.853,-60.59,-43.13,0.0,0,5,0.1168,0.0204,0.1243,0.0167
27.223,1,0.753,-27.45,26.65,5,78.5,21.62,0.0892,-0.2282,0.07,0.001,-0.285,12.55,34.99,1,0.853,-60.59,-43.13,0.0,0,5,0.1102,0.0239,0.1194,0.0275
27.261,1,0.756,-27.7,26.49,5,78.7,21.62,0.0932,-0.2153,0.075,-0.0,-0.247,12.55,34.99,1,0.804,-49.44,-29.01,0.0,0,5,0.1157,0.0294,0.1194,0.0349
27.289,1,0.823,-26.95,25.38,5,79.4,21.62,0.0939,-0.21,0.078,0.0,-0.234,12.55,34.99,1,0.804,-49.44,-29.01,0.0,0,5,0.1157,0.0367,0.1194,0.0404
27.324,1,0.845,-26.2,24.42,5,77.5,21.62,0.0992,-0.2011,0.087,0.002,-0.139,12.55,22.99,1,0.804,-49.44,-29.01,0.0,0,5,0.1178,0.0552,0.1215,0.0516
27.36,1,0.86,-25.46,24.53,5,76.1,21.6,0.1038,-0.1929,0.095,0.004,-0.156,12.55,22.99,1,0.804,-49.44,-29.01,0.0,0,5,0.1189,0.0703,0.1279,0.0631
27.43,1,0.854,-25.21,24.77,5,74.5,21.6,0.1032,-0.2014,0.1,0.002,-0.132,12.55,22.99,1,0.865,-29.08,0.96,7.623,1,5,0.1252,0.078,0.127,0.0708
27.461,1,0.864,-24.96,24.65,5,74.5,21.6,0.1021,-0.2082,0.102,0.0,-0.218,12.55,22.99,1,0.875,-26.66,2.17,0.0,0,5,0.1273,0.0764,0.1273,0.0764
27.489,1,0.862,-24.96,24.01,5,74.1,21.02,0.1027,-0.2087,0.102,-0.003,-0.203,12.55,22.99,1,0.875,-26.66,2.17,0.0,0,5,0.131,0.072,0.1273,0.0794
27.561,1,0.862,-23.21,23.6,5,72.5,21.02,0.1057,-0.1958,0.105,0.002,-0.139,12.58,11.1,1,0.864,-14.06,19.34,0.0,0,5,0.1289,0.0736,0.1399,0.0773
27.588,1,0.849,-23.46,23.86,5,72.5,21.02,0.1077,-0.2102,0.108,0.005,-0.116,12.58,11.1,1,0.864,-14.06,19.34,0.0,0,5,0.1307,0.0829,0.1418,0.0755
27.662,1,0.803,-22.71,22.4,5,72.5,21.02,0.1064,-0.2078,0.113,-0.0,-0.135,12.58,11.1,1,0.835,-7.27,29.45,0.0,0,5,0.1372,0.0853,0.1391,0.089
27.688,1,0.823,-22.21,22.75,5,72.9,21.02,0.113,-0.2057,0.111,-0.002,-0.176,12.58,11.1,1,0.835,-7.27,29.45,0.0,0,5,0.1354,0.0816,0.1372,0.0909
27.761,1,0.83,-20.21,21.05,5,72.1,20.2,0.1117,-0.2104,0.112,-0.0,-0.118,12.58,11.26,1,0.852,-7.27,25.32,0.0,0,5,0.1403,0.0812,0.1421,0.0849
27.789,1,0.825,-20.21,21.33,5,72.2,20.44,0.1185,-0.2256,0.114,0.0,-0.143,12.58,11.26,1,0.852,-7.27,25.32,0.0,0,5,0.1421,0.0831,0.1458,0.0867
27.861,1,0.81,-19.72,20.39,5,70.3,20.2,0.1185,-0.2252,0.12,0.0,-0.208,12.58,11.26,1,0.867,-8.24,22.61,0.0,0,5,0.1502,0.0872,0.1521,0.089
27.895,1,0.867,-17.72,18.95,5,70.0,20.44,0.1229,-0.2251,0.12,-0.006,-0.234,12.58,11.26,1,0.875,-8.72,21.07,0.0,0,5,0.1613,0.0779,0.1502,0.089
27.96,1,0.867,-17.47,18.57,5,69.1,20.44,0.1298,-0.2359,0.125,-0.008,-0.246,12.6,13.23,1,0.896,-10.18,18.38,0.0,0,5,0.1651,0.0835,0.1502,0.1001
27.988,1,0.858,-17.22,17.73,5,68.8,20.2,0.1316,-0.2345,0.128,-0.005,-0.134,12.6,13.23,1,0.896,-10.18,18.38,0.0,0,5,0.1632,0.0909,0.1558,0.102
28.028,1,0.846,-15.97,17.9,5,67.5,20.44,0.1356,-0.2276,0.13,0.0,-0.187,12.6,13.23,1,0.905,-9.21,14.87,0.0,0,5,0.1595,0.1001,0.1613,0.1001
28.06,1,0.842,-15.47,16.95,5,67.0,20.2,0.1348,-0.2423,0.135,0.006,-0.249,12.6,13.23,1,0.904,-10.18,13.95,0.0,0,5,0.1613,0.1113,0.1706,0.0983
28.088,1,0.828,-15.47,16.27,5,66.0,20.44,0.1393,-0.2375,0.136,0.005,-0.146,12.6,13.23,1,0.904,-10.18,13.95,0.0,0,5,0.1651,0.1131,0.1688,0.0983
28.161,1,0.827,-15.72,15.99,5,65.5,20.46,0.1426,-0.2256,0.143,-0.01,-0.24,12.6,13.05,1,0.894,-15.03,3.62,4.763,1,5,0.1892,0.0946,0.1706,0.1168
28.19,1,0.817,-16.22,15.37,5,65.0,20.04,0.1439,-0.2185,0.144,-0.013,-0.259,12.6,13.05,1,0.894,-15.03,3.62,4.763,1,5,0.191,0.089,0.1743,0.1224
28.261,1,0.808,-15.97,14.39,5,64.2,20.0,0.1468,-0.2042,0.152,-0.01,-0.207,12.6,13.05,1,0.898,-16.96,-2.01,4.997,1,5,0.2021,0.1057,0.178,0.1224
28.289,1,0.83,-15.72,13.95,5,65.8,20.04,0.1515,-0.1938,0.155,-0.005,-0.183,12.6,13.05,1,0.898,-16.96,-2.01,4.997,1,5,0.1984,0.1187,0.1817,0.1224
28.359,1,0.828,-15.47,12.95,5,66.0,19.97,0.1536,-0.1897,0.16,0.004,-0.2,12.6,12.94,1,0.898,-18.9,-8.4,3.068,1,5,0.1892,0.128,0.2003,0.1243
28.388,1,0.818,-15.47,12.73,5,65.0,20.0,0.1583,-0.1768,0.159,0.001,-0.226,12.6,12.94,1,0.898,-18.9,-8.4,3.068,1,5,0.1947,0.1224,0.1984,0.1224
28.46,1,0.789,-16.72,12.17,5,62.7,19.85,0.1594,-0.1722,0.164,-0.005,-0.235,12.6,12.94,1,0.901,-20.84,-11.01,2.213,1,5,0.2002,0.1194,0.1984,0.1377
28.488,1,0.77,-16.47,10.92,5,60.2,19.97,0.1621,-0.1469,0.167,-0.004,-0.174,12.6,12.94,1,0.911,-21.81,-12.37,3.588,1,5,0.2001,0.1237,0.2019,0.1419
28.558,1,0.731,-15.97,10.24,5,56.5,19.97,0.1651,-0.125,0.171,0.0,-0.124,12.6,10.15,1,0.915,-23.27,-15.44,3.654,1,5,0.1983,0.1455,0.1983,0.1437
28.588,1,0.733,-16.22,10.32,5,56.6,20.0,0.1668,-0.1166,0.172,0.001,-0.207,12.6,10.15,1,0.913,-23.27,-18.84,0.0,0,5,0.2003,0.1502,0.1966,0.1409
28.66,1,0.733,-15.47,9.3,5,56.7,20.0,0.1659,-0.114,0.172,-0.003,-0.042,12.6,10.15,1,0.911,-16.96,-7.64,1.059,1,5,0.1966,0.1465,0.1929,0.1539
28.688,1,0.768,-14.97,8.76,5,60.0,20.04,0.1684,-0.1007,0.175,-0.001,-0.108,12.6,10.15,1,0.911,-16.96,-7.64,1.059,1,5,0.1929,0.1539,0.1929,0.1595
28.759,1,0.788,-15.22,8.71,5,61.7,20.0,0.1579,-0.0797,0.175,-0.002,-0.097,12.6,7.32,1,0.89,-14.54,-8.12,0.5,1,5,0.1947,0.1539,0.191,0.1595
28.788,1,0.782,-14.72,8.17,5,61.2,19.85,0.1648,-0.0823,0.174,-0.006,-0.092,12.6,7.32,1,0.89,-14.54,-8.12,0.5,1,5,0.2021,0.1484,0.1873,0.1595
28.828,1,0.78,-14.72,8.19,5,61.1,20.0,0.1709,-0.0808,0.175,-0.01,-0.073,12.6,7.32,1,0.881,-13.09,-4.01,3.816,1,5,0.2059,0.1484,0.1817,0.1632
28.859,1,0.767,-14.47,7.82,5,60.2,19.85,0.1469,-0.0558,0.176,-0.005,-0.079,12.6,7.32,1,0.882,-12.12,-5.32,5.131,1,5,0.1942,0.1597,0.1815,0.167
28.887,1,0.761,-14.23,7.52,5,59.7,19.85,0.1352,-0.0382,0.176,-0.003,-0.086,12.6,7.32,1,0.882,-12.12,-5.32,5.131,1,5,0.1905,0.1615,0.1833,0.167
28.93,1,0.766,-14.23,7.51,5,60.2,20.0,0.0991,-0.0048,0.175,-0.004,-0.131,12.59,5.13,1,0.881,-9.69,3.88,7.025,1,5,0.1869,0.1597,0.1833,0.1706
28.987,1,0.773,-13.98,6.75,5,60.6,19.97,0.0752,-0.0041,0.168,-0.009,-0.067,12.59,5.13,1,0.896,-10.18,0.8,6.774,1,5,0.1809,0.1421,0.1753,0.1735
29.027,1,0.772,-13.73,6.42,5,60.5,19.85,0.07,0.0067,0.161,-0.008,-0.022,12.59,5.13,1,0.888,-10.18,-0.56,5.533,1,5,0.1698,0.1384,0.1661,0.1679
29.059,1,0.772,-13.48,6.76,5,60.3,19.59,0.0817,0.0099,0.153,-0.003,-0.083,12.59,5.13,1,0.888,-9.69,-0.22,4.735,1,5,0.1595,0.1447,0.1558,0.1539
29.127,1,0.777,-12.98,6.09,5,60.8,19.85,0.081,0.002,0.141,-0.003,-0.005,12.59,6.5,1,0.897,-10.66,-0.99,3.824,1,5,0.1539,0.1317,0.1447,0.1335
29.158,1,0.773,-12.98,6.34,5,60.5,19.85,0.0951,0.0083,0.137,-0.004,-0.066,12.59,6.5,1,0.897,-10.66,-0.99,3.824,1,5,0.1484,0.1224,0.1428,0.1335
29.194,1,0.769,-13.48,6.21,5,60.2,19.85,0.1094,0.0041,0.125,-0.005,-0.058,12.59,6.5,1,0.902,-10.66,-0.98,3.815,1,5,0.1298,0.1076,0.1335,0.1298
29.225,1,0.768,-13.73,5.76,5,60.0,20.0,0.116,0.0066,0.122,-0.005,0.016,12.59,6.5,1,0.9,-11.63,-2.19,3.778,1,5,0.1261,0.1076,0.128,0.128
29.258,1,0.771,-13.23,5.76,5,60.2,20.04,0.1255,0.0098,0.119,-0.007,0.003,12.59,6.5,1,0.894,-11.63,-4.04,4.866,1,5,0.131,0.107,0.1163,0.1218
29.287,1,0.778,-12.98,6.2,5,61.0,19.97,0.1138,0.0132,0.119,-0.007,-0.07,12.59,6.5,1,0.894,-11.63,-4.04,4.866,1,5,0.1329,0.1089,0.1144,0.1181
29.359,1,0.767,-13.23,5.36,5,60.2,20.04,0.0981,0.0077,0.109,-0.006,0.012,12.59,7.6,1,0.901,-12.12,-3.92,3.388,1,5,0.1224,0.1076,0.1001,0.1076
29.393,1,0.769,-13.23,5.76,5,60.3,20.04,0.1121,0.023,0.106,-0.005,0.05,12.59,7.6,1,0.897,-11.63,-5.08,2.903,1,5,0.115,0.102,0.1001,0.1057
29.46,1,0.772,-12.73,5.2,5,60.5,20.0,0.1273,0.003,0.096,-0.003,0.054,12.59,7.6,1,0.868,-11.15,-4.33,3.709,1,5,0.089,0.089,0.0964,0.1076
29.487,1,0.769,-11.98,5.52,5,60.3,20.0,0.1273,0.0079,0.097,-0.003,0.045,12.59,7.6,1,0.868,-11.15,-4.33,3.709,1,5,0.089,0.0964,0.0927,0.1113
29.557,1,0.778,-11.23,5.83,5,60.8,19.85,0.104,0.0095,0.106,-0.0,-0.03,12.59,7.57,1,0.854,-9.69,-2.39,4.638,1,5,0.1001,0.115,0.0964,0.1113
29.591,1,0.783,-11.23,5.57,5,61.0,20.0,0.1179,-0.0121,0.106,-0.001,-0.041,12.59,7.57,1,0.832,-9.69,-4.81,5.116,1,5,0.1039,0.1094,0.1001,0.1094
29.658,1,0.792,-10.23,5.29,5,61.4,20.0,0.1197,-0.007,0.101,-0.002,0.053,12.59,7.57,1,0.831,-9.69,-4.8,3.189,1,5,0.102,0.102,0.0964,0.1039
29.758,1,0.8,-8.98,5.07,5,61.9,19.97,0.0976,-0.0022,0.106,-0.005,-0.015,12.59,8.23,1,0.785,-7.76,-3.02,0.0,0,5,0.1076,0.1039,0.0983,0.115
29.795,1,0.793,-8.73,5.64,5,60.7,20.0,0.1115,-0.0145,0.108,-0.004,-0.037,12.59,8.23,1,0.779,-7.76,-2.41,7.795,1,5,0.1113,0.1076,0.1001,0.1131
29.858,1,0.784,-8.24,5.76,5,59.8,20.0,0.1326,-0.0422,0.101,-0.0,-0.007,12.59,8.23,1,0.712,-10.66,-7.57,-0.134,1,4,0.102,0.0983,0.102,0.1001
29.958,1,0.789,-7.24,5.34,5,60.0,19.59,0.1676,-0.0741,0.111,0.003,-0.076,12.59,9.29,1,0.728,-9.69,-10.75,3.103,1,4,0.1086,0.1086,0.1197,0.1068
30.026,1,0.812,-7.24,5.34,5,61.2,20.0,0.1883,-0.0869,0.136,0.004,-0.065,12.59,9.29,1,0.726,-9.69,-11.93,0.0,1,4,0.1391,0.1317,0.1484,0.1243
30.057,1,0.806,-6.74,4.79,5,60.9,20.0,0.1918,-0.0877,0.152,0.002,-0.105,12.59,9.29,1,0.734,-10.18,-10.91,0.506,1,4,0.1613,0.1447,0.1632,0.1372
30.158,1,0.797,-6.49,4.45,5,59.8,19.97,0.191,-0.0756,0.182,0.004,-0.04,12.59,7.17,1,0.794,-10.66,5.08,0.0,0,5,0.191,0.1688,0.204,0.1651
30.258,1,0.769,-6.24,4.11,5,58.9,20.0,0.1686,-0.0561,0.191,-0.001,-0.114,12.59,7.17,1,0.745,-9.69,14.66,0.0,0,5,0.2061,0.1823,0.1988,0.1787
30.357,1,0.755,-5.74,4.23,5,58.4,20.46,0.1086,-0.0163,0.182,0.003,-0.109,12.59,6.16,1,0.733,-7.27,31.13,0.0,0,5,0.186,0.1694,0.2007,0.1731
30.387,1,0.751,-6.24,4.29,5,58.5,20.46,0.097,-0.0244,0.177,0.003,-0.092,12.59,6.16,1,0.71,-7.76,35.17,0.0,0,5,0.1814,0.1686,0.1924,0.1667
30.425,1,0.773,-6.24,3.31,5,59.5,20.04,0.0726,-0.0188,0.171,0.002,-0.016,12.59,6.16,1,0.73,-8.72,41.17,0.0,0,5,0.1796,0.1667,0.1796,0.1594
30.453,1,0.808,-5.74,3.56,5,60.7,20.0,0.07,-0.0016,0.168,0.001,-0.012,12.59,6.16,1,0.73,-8.72,41.17,0.0,0,5,0.1796,0.1631,0.1759,0.1539
30.558,1,0.823,-5.74,3.56,5,61.9,20.46,0.0772,-0.0112,0.132,0.003,-0.093,12.59,9.83,1,0.688,-10.18,52.43,0.0,0,5,0.1354,0.1243,0.1447,0.1224
30.659,1,0.831,-6.24,2.64,5,62.5,20.0,0.1122,-0.0126,0.106,0.001,-0.056,12.59,9.83,1,0.684,-20.84,53.38,0.0,0,5,0.1131,0.0946,0.1187,0.0964
30.757,1,0.842,-6.24,2.76,5,63.3,20.0,0.1472,-0.0036,0.089,-0.006,-0.001,12.59,16.25,1,0.649,-27.14,52.58,0.0,0,5,0.102,0.0816,0.0835,0.089
30.799,1,0.838,-5.99,2.31,5,63.0,20.0,0.1611,-0.0114,0.091,0.001,0.033,12.59,16.25,1,0.689,-30.54,53.35,0.0,0,5,0.0872,0.0964,0.0872,0.0927
30.859,1,0.837,-5.24,3.01,5,62.9,20.0,0.1821,-0.0091,0.106,0.004,0.022,12.59,16.25,1,0.687,-34.9,53.14,0.0,0,5,0.0946,0.1131,0.1076,0.1094
30.951,1,0.864,-4.49,2.79,5,64.9,19.97,0.1955,-0.0403,0.138,-0.001,-0.024,12.59,22.9,1,0.655,-38.78,52.36,0.0,0,5,0.1372,0.1372,0.1354,0.1409
31.026,1,0.861,-3.74,2.7,5,64.7,20.0,0.1995,-0.0433,0.169,0.004,0.018,12.59,22.9,1,0.69,-47.01,53.23,0.0,0,5,0.1706,0.1725,0.1743,0.1595
31.157,1,0.866,-2.99,2.22,5,65.2,20.0,0.1991,-0.046,0.191,-0.001,-0.041,12.59,27.8,1,0.677,-43.14,49.41,0.0,0,5,0.1984,0.1836,0.1947,0.1855
31.221,1,0.889,-3.24,2.29,5,66.8,20.0,0.1999,-0.0401,0.191,0.007,-0.086,12.59,27.8,1,0.754,-39.74,47.65,0.0,0,5,0.1929,0.1947,0.2021,0.1762
31.258,1,0.881,-3.24,2.29,5,66.1,20.0,0.2034,-0.0392,0.192,0.0,-0.074,12.59,27.8,1,0.747,-35.87,45.35,0.0,0,5,0.1966,0.1873,0.1984,0.1873
31.356,1,0.832,-2.99,4.75,5,66.6,20.04,0.2021,-0.0383,0.198,0.001,-0.033,12.59,31.56,1,0.766,-26.17,40.71,0.0,0,5,0.2059,0.1966,0.2003,0.1873
31.386,1,0.832,-2.75,7.38,5,67.1,20.46,0.1904,-0.1075,0.198,0.002,-0.095,12.59,31.56,1,0.766,-26.17,40.71,0.0,0,5,0.2059,0.2003,0.2003,0.1873
31.459,1,0.756,-2.75,17.51,5,69.4,20.46,0.142,-0.1399,0.195,0.004,-0.024,12.59,31.56,1,0.802,-18.9,39.16,0.0,0,5,0.1947,0.191,0.2059,0.1873
31.519,1,0.708,-3.74,29.96,5,70.0,23.94,0.106,-0.2813,0.189,0.004,-0.17,12.59,31.56,1,0.835,-19.87,32.67,0.0,0,5,0.198,0.1795,0.2072,0.1721
31.557,1,0.779,-3.49,34.65,5,71.0,23.34,0.082,-0.4868,0.182,-0.001,-0.065,12.58,40.44,1,0.848,-20.36,18.64,0.0,0,5,0.1998,0.161,0.1998,0.1665
31.658,1,0.444,-0.5,37.89,4,64.5,26.06,0.07,-0.4242,0.151,0.009,-0.17,12.58,40.44,1,0.888,-25.69,-4.09,0.0,0,5,0.1669,0.1354,0.1836,0.1168
31.692,1,0.471,4.49,35.02,4,68.3,24.87,0.07,-0.4242,0.146,0.006,-0.244,12.58,40.44,1,0.912,-25.69,-12.82,6.384,1,5,0.1725,0.128,0.1743,0.1076
31.756,1,0.424,8.73,33.62,3,74.1,23.94,0.07,-0.4242,0.112,0.006,-0.176,12.58,44.94,1,0.919,-25.69,-15.45,4.282,1,5,0.1422,0.0766,0.1586,0.0693
31.785,1,0.519,10.23,34.19,4,75.9,23.57,0.07,-0.4242,0.104,0.007,-0.257,12.58,44.94,1,0.92,-24.72,-17.84,0.0,0,5,0.1331,0.062,0.1605,0.062
31.857,1,0.528,11.73,32.78,4,77.6,23.83,0.07,-0.4242,0.086,0.004,-0.315,12.58,44.94,1,0.914,-24.72,-22.29,0.0,0,5,0.1295,0.0401,0.1495,0.0401
31.956,1,0.578,11.48,31.72,5,79.4,22.77,0.07,-0.4242,0.065,0.007,-0.346,12.57,44.94,1,0.905,-28.6,-30.89,0.0,0,5,0.116,0.0147,0.1289,0.0
32.024,1,0.516,10.73,30.15,4,78.4,23.07,0.07,-0.4242,0.057,0.001,-0.345,12.57,44.94,1,0.906,-31.5,-36.1,0.0,0,5,0.1131,-0.0019,0.1187,0.0
32.057,1,0.59,10.23,30.25,4,77.8,23.33,0.0765,-0.4636,0.057,-0.0,-0.353,12.57,44.94,1,0.899,-33.44,-37.65,0.0,0,5,0.115,0.0,0.1131,0.0
32.086,1,0.539,9.98,29.69,4,77.7,23.32,0.076,-0.4606,0.058,0.0,-0.327,12.57,44.94,1,0.899,-33.44,-37.65,0.0,0,5,0.115,0.0037,0.1131,0.0
32.12,1,0.537,9.73,29.62,4,77.0,23.07,0.0787,-0.4767,0.062,0.001,-0.322,12.57,44.94,1,0.899,-33.44,-37.65,0.0,0,5,0.1205,0.0056,0.1205,0.0
32.155,1,0.603,8.73,29.29,4,75.2,23.07,0.079,-0.4789,0.064,0.001,-0.361,12.57,40.85,1,0.879,-37.32,-42.26,0.0,0,5,0.1224,0.0056,0.1224,0.0
32.256,1,0.502,6.24,26.65,3,68.4,21.62,0.0806,-0.4885,0.069,0.002,-0.459,12.57,40.85,1,0.872,-33.93,-41.86,0.0,0,5,0.1335,0.0,0.1409,0.0
32.292,1,0.599,5.24,26.37,4,69.7,21.22,0.0931,-0.513,0.07,0.003,-0.424,12.57,40.85,1,0.857,-28.6,-37.41,0.0,0,5,0.1354,0.0037,0.1428,0.0
32.356,1,0.67,4.74,24.42,5,69.8,21.42,0.0945,-0.5009,0.084,0.013,-0.414,12.57,29.65,1,0.892,-25.2,-29.92,0.0,0,5,0.1372,0.0315,0.1632,0.0037
32.455,1,0.642,2.99,21.75,4,69.7,21.26,0.1038,-0.466,0.087,0.006,-0.428,12.57,29.65,1,0.891,-18.9,-22.44,0.0,0,5,0.1558,0.0185,0.1669,0.0037
32.517,1,0.752,1.5,20.75,5,68.9,20.81,0.1165,-0.4264,0.1,0.006,-0.398,12.57,29.65,1,0.891,-18.9,-22.44,0.0,0,5,0.1632,0.0334,0.178,0.026
32.555,1,0.76,1.5,19.56,5,68.8,20.81,0.1212,-0.4065,0.102,0.006,-0.375,12.56,17.65,1,0.891,-18.9,-22.44,0.0,0,5,0.1595,0.0389,0.178,0.0334
32.656,1,0.747,-0.5,17.46,5,71.0,20.2,0.1269,-0.4044,0.12,-0.0,-0.363,12.56,17.65,1,0.826,-2.42,5.08,3.518,1,5,0.1855,0.0556,0.1836,0.0556
32.756,1,0.762,-2.99,15.83,5,74.7,20.57,0.1369,-0.3671,0.127,-0.005,-0.294,12.56,11.16,1,0.827,-1.45,12.63,0.0,0,5,0.1929,0.0631,0.1817,0.0668
32.851,1,0.672,-4.49,13.83,4,74.3,20.56,0.1447,-0.3249,0.14,-0.006,-0.337,12.56,11.16,1,0.827,-0.48,14.16,5.639,1,5,0.1966,0.076,0.1929,0.0946
32.917,1,0.678,-5.24,12.63,4,75.6,21.1,0.1542,-0.2824,0.15,-0.003,-0.233,12.56,11.16,1,0.837,-0.48,11.8,5.544,1,5,0.2059,0.1001,0.1947,0.1001
32.956,1,0.687,-5.49,12.26,4,74.3,20.56,0.1599,-0.2563,0.154,-0.0,-0.258,12.57,10.59,1,0.84,-2.42,9.45,5.593,1,5,0.204,0.1113,0.1966,0.1039
32.985,1,0.677,-5.99,11.82,4,73.3,20.69,0.1617,-0.2478,0.154,-0.0,-0.263,12.57,10.59,1,0.84,-2.42,9.45,5.593,1,5,0.2021,0.1113,0.1966,0.1076
33.024,1,0.68,-6.49,11.69,4,73.9,20.69,0.1638,-0.2362,0.157,0.0,-0.265,12.57,10.59,1,0.835,-5.33,5.87,4.008,1,5,0.2003,0.1131,0.2003,0.1131
33.055,1,0.686,-6.49,10.79,4,74.4,20.56,0.1643,-0.2297,0.163,-0.002,-0.2,12.57,10.59,1,0.842,-6.3,4.65,5.602,1,5,0.204,0.115,0.2003,0.1187
33.12,1,0.787,-5.99,9.44,5,75.3,20.2,0.1686,-0.2151,0.174,-0.002,-0.231,12.57,10.59,1,0.842,-6.3,4.65,5.602,1,5,0.2059,0.1317,0.2133,0.1465
33.155,1,0.791,-6.49,9.36,5,75.0,20.56,0.1751,-0.1945,0.175,0.001,-0.184,12.57,11.51,1,0.865,-8.24,-0.26,3.795,1,5,0.204,0.1335,0.2151,0.1447
33.223,1,0.788,-6.49,8.8,5,74.3,20.56,0.1754,-0.1874,0.176,0.003,-0.181,12.57,11.51,1,0.852,-15.03,-13.46,0.297,1,5,0.2096,0.1465,0.2114,0.1372
33.255,1,0.78,-6.74,8.11,5,74.7,20.0,0.1781,-0.1758,0.179,0.001,-0.205,12.57,11.51,1,0.852,-15.03,-13.46,0.297,1,5,0.2114,0.1484,0.2114,0.1447
33.355,1,0.786,-6.49,7.01,5,74.5,20.0,0.1814,-0.1583,0.189,-0.002,-0.154,12.57,10.19,1,0.891,-13.09,-13.21,0.683,1,5,0.2133,0.1613,0.2114,0.1688
33.386,1,0.784,-6.49,6.99,5,73.3,19.59,0.1866,-0.1361,0.19,-0.0,-0.145,12.57,10.19,1,0.889,-13.09,-13.62,1.588,1,5,0.2096,0.1669,0.2114,0.1706
33.423,1,0.781,-6.99,7.05,5,73.8,20.0,0.1867,-0.1355,0.191,-0.004,-0.126,12.57,10.19,1,0.874,-10.18,-9.7,0.702,1,5,0.217,0.1651,0.2077,0.1725
33.456,1,0.787,-6.49,6.48,5,73.7,20.0,0.1864,-0.131,0.192,-0.003,-0.177,12.57,10.19,1,0.886,-10.18,-10.12,1.681,1,5,0.217,0.1688,0.2096,0.1743
33.491,1,0.781,-6.49,6.35,5,73.1,20.0,0.188,-0.1227,0.194,-0.003,-0.104,12.57,10.19,1,0.877,-8.24,-8.78,-0.5,1,5,0.2151,0.1706,0.2114,0.178
33.516,1,0.781,-6.49,5.99,5,73.3,20.0,0.1871,-0.1182,0.194,0.003,-0.118,12.57,10.19,1,0.877,-8.24,-8.78,-0.5,1,5,0.2059,0.1762,0.2188,0.1762
33.555,1,0.684,-6.49,5.44,4,74.7,20.38,0.1782,-0.1018,0.194,0.003,-0.149,12.56,6.98,1,0.883,-9.69,-8.52,0.645,1,5,0.2114,0.1762,0.217,0.1706
33.585,1,0.679,-6.99,5.61,4,74.8,20.29,0.1727,-0.0835,0.196,0.002,-0.126,12.56,6.98,1,0.883,-9.69,-8.52,0.645,1,5,0.217,0.178,0.2188,0.1706
33.654,1,0.679,-6.99,5.05,4,74.1,20.08,0.1607,-0.074,0.201,0.001,-0.121,12.56,6.98,1,0.855,-5.82,-9.62,-3.472,1,5,0.2173,0.1823,0.2228,0.1823
33.717,1,0.669,-6.99,5.0,4,72.0,20.29,0.169,-0.0659,0.186,0.001,-0.131,12.56,6.98,1,0.875,-5.33,-1.7,0.179,1,5,0.2089,0.1686,0.2052,0.1612
33.755,1,0.672,-7.24,4.64,4,72.0,20.23,0.1704,-0.0658,0.183,-0.001,-0.16,12.56,3.74,1,0.875,-5.33,-1.7,0.179,1,5,0.2034,0.1612,0.2015,0.1649
33.821,1,0.661,-7.49,4.22,4,71.3,20.29,0.1708,-0.054,0.183,-0.001,-0.005,12.56,3.74,1,0.859,-3.88,-3.76,-1.126,1,5,0.1966,0.1669,0.1966,0.1706
33.854,1,0.661,-7.49,4.22,4,71.6,20.29,0.1692,-0.0395,0.182,0.001,-0.04,12.56,3.74,1,0.862,-3.39,-1.74,3.458,1,5,0.1947,0.1743,0.191,0.1669
33.921,1,0.652,-6.99,3.93,4,71.3,20.29,0.1691,-0.04,0.176,-0.004,-0.017,12.56,3.74,1,0.829,0.48,1.0,0.706,1,5,0.1878,0.1626,0.1806,0.1716
33.985,1,0.648,-6.49,3.76,4,72.1,20.08,0.1678,-0.038,0.171,-0.006,0.007,12.54,1.76,1,0.842,0.97,5.13,1.311,1,5,0.1767,0.1602,0.1694,0.1767
34.021,1,0.655,-6.49,4.09,4,72.6,20.01,0.1673,-0.0389,0.171,-0.002,0.055,12.54,1.76,1,0.839,0.97,6.17,1.909,1,5,0.1725,0.1725,0.1651,0.1725
34.05,1,0.655,-6.24,3.85,4,72.1,19.96,0.1682,-0.0474,0.171,-0.002,-0.031,12.54,1.76,1,0.839,0.97,6.17,1.909,1,5,0.1743,0.1725,0.1651,0.1706
34.084,1,0.638,-6.24,3.85,4,70.0,19.96,0.1683,-0.0439,0.168,-0.004,-0.025,12.54,1.76,1,0.839,0.97,6.17,1.909,1,5,0.1743,0.1632,0.1651,0.1706
34.155,1,0.671,-5.74,3.63,4,74.3,20.03,0.1657,-0.0415,0.168,-0.007,0.008,12.54,2.6,1,0.843,1.45,4.72,0.746,1,5,0.1799,0.1595,0.1613,0.1706
34.217,1,0.662,-5.74,3.7,4,73.3,19.81,0.1468,-0.0328,0.167,-0.002,-0.089,12.54,2.6,1,0.837,1.45,6.29,4.625,1,5,0.1743,0.1632,0.1669,0.1632
34.256,1,0.665,-5.74,3.37,4,72.6,19.74,0.1227,-0.0216,0.163,-0.005,-0.029,12.54,2.6,1,0.84,0.97,4.72,0.678,1,5,0.1688,0.1484,0.1688,0.1669
34.284,1,0.677,-5.74,3.3,4,74.6,19.96,0.1296,-0.0183,0.163,-0.007,-0.037,12.54,2.6,1,0.84,0.97,4.72,0.678,1,5,0.1706,0.1409,0.1706,0.1688
34.316,1,0.673,-5.24,3.13,4,74.9,20.02,0.1437,-0.0228,0.163,-0.007,-0.02,12.54,2.6,1,0.84,0.97,4.72,0.678,1,5,0.1706,0.1447,0.1669,0.1688
34.354,1,0.679,-5.74,3.56,4,75.1,19.81,0.1579,-0.0304,0.161,-0.004,-0.023,12.54,3.95,1,0.843,1.45,4.24,1.778,1,5,0.1688,0.1484,0.1669,0.1613
34.422,1,0.679,-5.74,3.22,4,75.5,19.74,0.1718,-0.0404,0.153,0.0,-0.031,12.54,3.95,1,0.851,0.97,2.67,1.249,1,5,0.1576,0.1484,0.1576,0.1484
34.448,1,0.681,-5.74,3.22,4,74.9,19.74,0.1719,-0.0318,0.151,-0.003,-0.009,12.54,3.95,1,0.851,0.97,2.67,1.249,1,5,0.1595,0.1428,0.1539,0.1484
34.484,1,0.685,-5.24,2.79,4,73.6,20.02,0.1721,-0.0319,0.153,-0.004,-0.042,12.54,3.95,1,0.851,0.97,2.67,1.249,1,5,0.1613,0.1465,0.1521,0.1539
34.515,1,0.683,-5.24,2.71,4,73.6,20.02,0.1728,-0.0269,0.16,-0.002,0.057,12.54,3.95,1,0.851,0.97,2.67,1.249,1,5,0.1669,0.1595,0.1576,0.1576
34.55,1,0.682,-5.24,3.13,4,75.3,20.02,0.1725,-0.0241,0.163,-0.0,-0.023,12.52,5.07,1,0.851,0.97,2.67,1.249,1,5,0.1651,0.1632,0.1613,0.1613
34.585,1,0.677,-5.24,3.13,4,75.8,20.02,0.1722,-0.0348,0.166,-0.003,-0.019,12.52,5.07,1,0.851,0.97,2.67,1.249,1,5,0.1706,0.1613,0.1651,0.1688
34.65,1,0.659,-4.24,2.77,4,77.3,20.23,0.1715,-0.0342,0.167,-0.01,-0.032,12.52,5.07,1,0.862,-4.36,-7.87,-1.727,1,5,0.1743,0.1539,0.1613,0.1799
34.723,1,0.664,-4.24,3.33,4,76.5,20.51,0.1689,-0.0352,0.17,0.001,-0.029,12.52,5.07,1,0.867,-3.39,-6.74,-0.137,1,5,0.1706,0.1706,0.1706,0.1669
34.748,1,0.658,-4.49,3.29,4,77.2,20.3,0.1696,-0.0492,0.17,0.002,-0.076,12.52,5.24,1,0.867,-3.39,-6.74,-0.137,1,5,0.1725,0.1706,0.1725,0.1632
34.85,1,0.656,-3.74,2.74,4,76.4,20.23,0.1462,-0.0346,0.17,-0.007,-0.013,12.52,5.24,1,0.864,-3.39,-7.99,-3.065,1,5,0.1836,0.1632,0.1632,0.1706
34.923,1,0.535,-3.74,2.86,3,77.0,20.46,0.1302,-0.0245,0.167,0.002,-0.066,12.52,5.24,1,0.865,-3.39,-7.09,-0.832,1,5,0.1651,0.1595,0.178,0.1651
34.956,1,0.536,-3.99,2.37,3,77.0,20.57,0.1441,-0.0316,0.164,-0.003,-0.031,12.53,3.14,1,0.867,-3.39,-9.11,-3.591,1,5,0.1688,0.1521,0.1706,0.1651
35.053,1,0.66,-3.49,2.57,4,75.5,20.08,0.1438,-0.0172,0.157,0.004,-0.06,12.53,3.14,1,0.849,-2.42,-10.42,-3.612,1,5,0.1594,0.1576,0.1631,0.1466
35.151,1,0.766,-3.49,1.91,5,76.2,20.0,0.1335,-0.0232,0.143,-0.005,-0.013,12.53,0.05,1,0.849,2.42,2.54,2.64,1,5,0.1558,0.1317,0.1447,0.1391
35.255,1,0.652,-3.49,2.0,4,76.2,20.08,0.1545,-0.0143,0.134,0.004,-0.046,12.53,0.05,1,0.855,3.39,6.63,1.792,1,5,0.1317,0.1317,0.1428,0.128
35.291,1,0.644,-3.49,1.74,4,76.5,20.21,0.1678,-0.0196,0.134,0.002,-0.044,12.53,0.05,1,0.857,3.39,4.22,-1.621,1,5,0.1391,0.1317,0.1409,0.1261
35.321,1,0.531,-3.49,1.85,3,76.8,20.96,0.1665,-0.0128,0.136,-0.002,-0.01,12.53,0.05,1,0.852,3.39,4.23,-1.638,1,5,0.1502,0.128,0.1391,0.1261
35.348,1,0.538,-3.24,1.55,3,77.2,20.46,0.1552,-0.0129,0.137,-0.003,0.035,12.53,-0.65,1,0.852,3.39,4.23,-1.638,1,5,0.1484,0.128,0.1409,0.1317
35.419,1,0.666,-2.99,2.07,4,77.2,20.56,0.1507,-0.0076,0.146,0.0,-0.053,12.53,-0.65,1,0.866,3.39,6.74,0.13,1,5,0.1402,0.1492,0.1438,0.151
35.448,1,0.661,-2.99,2.03,4,77.1,20.21,0.1575,-0.0245,0.148,0.001,0.013,12.53,-0.65,1,0.866,3.39,6.74,0.13,1,5,0.142,0.151,0.1474,0.151
35.519,1,0.528,-2.99,2.04,3,78.1,20.57,0.1691,-0.0257,0.152,-0.002,0.024,12.53,-0.65,1,0.866,3.39,4.22,-1.683,1,5,0.1558,0.1447,0.1539,0.1521
35.549,1,0.536,-2.75,1.68,3,78.4,20.46,0.1579,-0.023,0.153,-0.004,0.036,12.53,0.45,1,0.866,3.39,4.22,-1.683,1,5,0.1576,0.1447,0.1539,0.1558
35.621,1,0.539,-2.5,2.09,3,77.2,20.96,0.1357,-0.0118,0.16,0.001,-0.054,12.53,0.45,1,0.857,4.36,5.38,3.37,1,5,0.1613,0.1632,0.1595,0.1576
35.648,1,0.537,-2.25,1.45,3,77.2,20.46,0.1359,-0.0238,0.161,0.001,-0.065,12.53,0.45,1,0.86,4.36,5.36,3.364,1,5,0.1632,0.1632,0.1613,0.1576
35.722,1,0.537,-2.25,1.8,3,77.5,20.46,0.1501,-0.0145,0.153,-0.002,-0.05,12.53,0.45,1,0.855,4.36,4.35,1.145,1,5,0.1613,0.1447,0.1576,0.1484
35.748,1,0.656,-2.25,1.17,4,76.2,20.16,0.1505,-0.0227,0.15,0.0,-0.039,12.53,1.64,1,0.855,4.36,4.35,1.145,1,5,0.1521,0.1447,0.1558,0.1465
35.822,1,0.532,-2.5,0.74,3,76.7,20.57,0.1684,-0.01,0.146,0.004,-0.048,12.53,1.64,1,0.863,2.91,2.2,-1.258,1,5,0.1465,0.1447,0.1558,0.1372
35.848,1,0.528,-2.5,0.74,3,76.4,20.57,0.157,0.0053,0.148,0.002,-0.127,12.53,1.64,1,0.863,2.91,2.2,-1.258,1,5,0.1539,0.1447,0.1558,0.1372
35.89,1,0.646,-2.5,0.8,4,76.7,20.21,0.1492,0.0057,0.149,-0.002,0.025,12.53,1.64,1,0.853,2.42,1.6,-1.266,1,5,0.1595,0.1409,0.1539,0.1428
35.921,1,0.532,-2.25,1.08,3,77.7,20.46,0.1566,0.0034,0.15,0.001,0.002,12.53,1.64,1,0.857,3.39,1.83,-1.789,1,5,0.1484,0.1465,0.1558,0.1502
35.948,1,0.637,-2.0,0.92,4,76.9,20.21,0.1498,-0.0057,0.151,0.001,-0.028,12.54,1.84,1,0.857,3.39,1.83,-1.789,1,5,0.1465,0.1484,0.1558,0.1521
36.019,1,0.67,-2.25,1.09,4,74.2,20.03,0.1608,-0.0055,0.155,0.001,-0.09,12.54,1.84,1,0.84,2.42,2.25,-1.493,1,5,0.1576,0.1539,0.1576,0.1502
36.048,1,0.666,-2.0,0.85,4,74.5,20.08,0.1676,-0.0071,0.154,-0.0,0.001,12.54,1.84,1,0.84,2.42,2.25,-1.493,1,5,0.1595,0.1521,0.1558,0.1484
36.087,1,0.651,-1.75,0.7,4,76.3,20.16,0.1699,-0.0046,0.152,0.001,0.059,12.54,1.84,1,0.858,3.39,1.7,-0.089,1,5,0.1539,0.1502,0.1558,0.1484
36.121,1,0.643,-1.5,0.98,4,77.2,20.08,0.1677,-0.0032,0.154,0.003,-0.009,12.54,1.84,1,0.838,4.36,0.57,-3.518,1,5,0.1502,0.1576,0.1558,0.1521
36.154,1,0.651,-1.5,0.69,4,74.2,19.92,0.1434,-0.0098,0.161,0.002,0.009,12.54,1.84,1,0.85,3.39,2.79,0.385,1,5,0.1521,0.1651,0.1595,0.1558
36.188,1,0.647,-1.5,0.98,4,73.1,20.08,0.1501,-0.0036,0.163,0.0,-0.047,12.54,1.84,1,0.855,3.39,1.85,-1.809,1,5,0.1651,0.1688,0.1576,0.1595
36.22,1,0.656,-1.25,0.45,4,76.2,19.87,0.1642,-0.0117,0.163,-0.002,0.013,12.54,1.84,1,0.852,3.39,1.85,-1.785,1,5,0.1688,0.1632,0.1576,0.1613
36.248,1,0.66,-1.0,0.43,4,75.8,20.21,0.1685,-0.0017,0.158,-0.003,0.038,12.54,1.84,1,0.852,3.39,1.85,-1.785,1,5,0.1632,0.1539,0.1558,0.1595
36.291,1,0.661,-0.75,0.58,4,73.9,19.87,0.169,-0.0036,0.158,0.001,-0.025,12.54,1.84,1,0.861,4.36,2.9,-0.133,1,5,0.1502,0.1539,0.1632,0.1632
36.319,1,0.661,-1.0,0.53,4,73.6,20.08,0.1692,-0.01,0.159,0.005,0.036,12.54,1.84,1,0.85,4.36,1.47,-1.405,1,5,0.1521,0.1613,0.1669,0.1576
36.347,1,0.666,-0.75,0.87,4,73.9,20.03,0.1692,-0.0052,0.162,0.005,-0.031,12.54,1.11,1,0.85,4.36,1.47,-1.405,1,5,0.1576,0.1669,0.1669,0.1558
36.419,1,0.665,-0.5,0.55,4,76.1,20.21,0.1699,-0.0163,0.163,-0.001,0.043,12.54,1.11,1,0.859,4.36,3.03,-1.75,1,5,0.1669,0.1632,0.1613,0.1613
36.454,1,0.666,-0.5,0.94,4,74.4,19.92,0.1698,-0.0108,0.165,0.002,-0.025,12.54,1.11,1,0.857,4.36,3.03,-1.752,1,5,0.1558,0.1651,0.1688,0.1706
36.52,1,0.664,-0.75,0.86,4,73.9,20.03,0.1698,-0.0202,0.169,0.002,-0.055,12.54,1.11,1,0.862,4.36,1.47,-1.357,1,5,0.1657,0.1675,0.1749,0.1694
36.548,1,0.656,-0.75,0.86,4,73.9,20.03,0.1696,-0.0151,0.17,-0.001,-0.068,12.53,1.41,1,0.862,4.36,1.47,-1.357,1,5,0.1731,0.1675,0.1712,0.1694
36.621,1,0.537,-0.75,0.88,3,74.9,20.46,0.1684,-0.0152,0.173,0.001,0.014,12.53,1.41,1,0.869,4.36,1.49,0.345,1,5,0.1706,0.1725,0.1762,0.1725
36.719,1,0.663,-1.0,0.61,4,74.7,20.77,0.1505,-0.0137,0.168,-0.006,0.006,12.53,1.41,1,0.857,3.39,0.33,-3.039,1,5,0.178,0.1613,0.1632,0.1688
36.754,1,0.67,-1.0,0.43,4,73.4,20.21,0.144,-0.004,0.166,-0.0,0.006,12.53,1.41,1,0.867,3.88,1.27,-0.607,1,5,0.1651,0.1613,0.1688,0.1669
36.821,1,0.652,-1.5,0.68,4,73.0,20.5,0.1651,-0.0015,0.161,0.004,-0.048,12.53,1.41,1,0.86,3.39,0.64,1.01,1,5,0.1547,0.162,0.1675,0.1583
36.887,1,0.64,-1.25,0.17,4,71.4,20.45,0.1679,-0.0027,0.156,-0.002,0.063,12.53,1.41,1,0.864,3.39,-0.4,0.489,1,5,0.1662,0.1553,0.1535,0.1499
36.92,1,0.63,-1.0,0.43,4,70.1,20.21,0.1661,0.0072,0.156,-0.001,0.058,12.53,1.41,1,0.853,3.39,1.38,-0.86,1,5,0.1583,0.1546,0.1546,0.1564
36.956,1,0.635,-1.0,0.59,4,72.4,20.77,0.1645,-0.0025,0.159,0.002,0.017,12.52,0.98,1,0.872,3.88,1.28,-0.655,1,5,0.1513,0.1606,0.1606,0.1624
37.018,1,0.581,-1.5,1.13,4,74.5,20.77,0.1653,-0.0061,0.161,-0.003,-0.044,12.52,0.98,1,0.887,2.91,1.1,-0.071,1,5,0.1624,0.1624,0.1532,0.1643
37.088,1,0.521,-1.0,0.4,3,74.4,20.57,0.1293,-0.0086,0.159,-0.003,0.065,12.52,0.98,1,0.887,2.42,-2.26,-2.652,1,5,0.1613,0.1576,0.1558,0.1632
37.154,1,0.651,-0.75,0.58,4,74.7,20.45,0.1378,-0.0004,0.156,0.001,-0.028,12.52,1.57,1,0.884,2.91,0.11,-0.856,1,5,0.1502,0.1558,0.1613,0.1613
37.187,1,0.531,-0.75,0.53,3,75.4,20.46,0.1448,-0.0077,0.152,-0.001,-0.072,12.52,1.57,1,0.873,2.91,0.11,-0.834,1,5,0.1539,0.1539,0.1484,0.1521
37.32,1,0.628,-0.75,1.27,4,78.1,20.52,0.1496,-0.0058,0.139,0.003,0.008,12.52,1.57,1,0.9,2.91,0.11,-0.781,1,5,0.1298,0.1409,0.1428,0.1409
37.359,1,0.674,-0.75,0.3,4,77.9,20.45,0.1253,-0.0186,0.141,0.002,-0.026,12.52,0.98,1,0.905,2.91,-0.34,0.364,1,5,0.1372,0.1428,0.1428,0.1409
37.419,1,0.682,-0.75,0.2,4,76.7,20.16,0.146,-0.0001,0.14,-0.002,0.031,12.52,0.98,1,0.893,2.42,-2.26,-4.269,1,5,0.1465,0.1354,0.1391,0.1372
37.455,1,0.672,-0.5,-0.12,4,76.3,19.95,0.1399,0.0024,0.136,0.0,0.038,12.52,0.98,1,0.882,2.91,-2.75,-3.205,1,5,0.1354,0.1298,0.1428,0.1372
37.518,1,0.646,-0.5,0.27,4,76.9,20.38,0.1539,0.0069,0.137,0.002,0.014,12.52,0.98,1,0.892,3.39,-0.65,-0.026,1,5,0.1298,0.1372,0.1409,0.1391
37.554,1,0.513,-0.5,0.17,3,77.3,20.57,0.167,-0.0026,0.138,0.002,-0.022,12.5,-0.04,1,0.896,3.39,-0.65,-0.037,1,5,0.1335,0.1409,0.1391,0.1372
37.621,1,0.644,-0.25,-0.06,4,76.8,20.45,0.1469,0.0004,0.14,0.001,0.047,12.5,-0.04,1,0.927,2.91,-1.31,-1.92,1,5,0.1391,0.1428,0.1409,0.1391
37.688,1,0.656,0.5,0.12,4,76.1,20.41,0.1575,0.0031,0.146,0.005,-0.014,12.5,-0.04,1,0.895,3.88,-1.28,-4.24,1,5,0.1354,0.1502,0.1502,0.1465
37.719,1,0.66,0.25,0.44,4,76.8,20.16,0.133,-0.0096,0.148,0.006,-0.022,12.5,-0.04,1,0.894,3.88,-0.22,-1.917,1,5,0.1428,0.1576,0.1502,0.1428
37.747,1,0.526,0.25,0.42,3,76.8,20.46,0.1395,-0.0131,0.148,0.004,0.008,12.5,-0.36,1,0.894,3.88,-0.22,-1.917,1,5,0.1484,0.1558,0.1484,0.1391
37.818,1,0.66,0.25,0.06,4,76.9,20.45,0.1249,-0.011,0.14,-0.003,0.005,12.5,-0.36,1,0.934,3.39,-1.2,0.69,1,5,0.1465,0.1372,0.1372,0.1391
37.847,1,0.663,0.25,-0.13,4,75.9,20.16,0.1317,-0.0039,0.139,-0.002,0.032,12.5,-0.36,1,0.934,3.39,-1.2,0.69,1,5,0.1409,0.1354,0.1372,0.1409
37.919,1,0.662,0.0,0.41,4,73.8,20.21,0.1388,0.0004,0.133,0.006,0.007,12.5,-0.36,1,0.927,3.39,-1.21,0.618,1,5,0.128,0.1354,0.1428,0.1261
37.946,1,0.642,0.0,0.53,4,71.8,20.77,0.1456,-0.0085,0.133,0.004,-0.011,12.49,-1.5,1,0.927,3.39,-1.21,0.618,1,5,0.1335,0.1354,0.1391,0.1243
38.019,1,0.572,0.5,-0.26,4,68.5,20.12,0.1664,-0.0132,0.132,-0.002,0.032,12.49,-1.5,1,0.866,8.24,8.0,0.581,1,5,0.1391,0.1317,0.128,0.1298
38.047,1,0.606,0.5,-0.21,4,69.0,20.21,0.1558,0.0003,0.133,0.0,0.028,12.49,-1.5,1,0.866,8.24,8.0,0.581,1,5,0.1335,0.1335,0.1335,0.1317
38.119,1,0.427,0.75,0.34,3,67.5,18.98,0.1609,-0.0,0.147,0.003,-0.021,12.49,-1.5,1,0.837,9.21,8.16,-0.149,1,5,0.1414,0.1506,0.1506,0.1469
38.146,1,0.563,0.75,-0.7,4,67.6,20.03,0.1493,-0.0161,0.15,0.001,-0.025,12.49,-1.11,1,0.837,9.21,8.16,-0.149,1,5,0.1473,0.1528,0.1492,0.151
38.254,1,0.634,0.5,-0.25,4,69.3,19.65,0.092,0.005,0.153,-0.002,-0.003,12.49,-1.11,1,0.79,8.24,8.11,5.782,1,5,0.1543,0.1506,0.1524,0.1561
38.318,1,0.602,0.5,-0.25,4,66.4,19.65,0.094,0.0003,0.14,0.006,-0.043,12.49,-1.11,1,0.723,8.24,7.6,-1.374,1,4,0.1329,0.1403,0.1513,0.1366
38.352,1,0.466,0.5,-0.23,3,64.3,19.27,0.108,0.0001,0.135,0.006,-0.0,12.49,1.42,1,0.784,4.85,12.63,0.0,0,5,0.1314,0.1388,0.1443,0.1258
38.417,1,0.605,0.0,-1.52,5,65.6,19.97,0.129,0.0003,0.114,0.003,-0.035,12.49,1.42,1,0.717,2.42,-2.97,-2.424,1,4,0.1289,0.1197,0.1252,0.1031
38.447,1,0.6,0.25,-1.43,4,68.9,19.87,0.1172,0.0303,0.11,0.002,-0.008,12.49,1.42,1,0.717,2.42,-2.97,-2.424,1,4,0.1144,0.1015,0.1237,0.1015
38.518,1,0.535,-0.25,-0.59,3,72.3,19.27,0.1047,0.0231,0.109,0.006,-0.031,12.49,1.42,1,0.706,1.94,-1.89,-1.921,1,4,0.102,0.1076,0.1224,0.1001
38.586,1,0.532,-0.25,-0.68,3,70.1,19.85,0.1258,0.0153,0.104,0.003,-0.01,12.48,1.0,1,0.708,1.45,-2.48,-1.921,1,4,0.1057,0.1076,0.1057,0.0964
38.719,1,0.547,0.0,-0.62,3,72.8,19.27,0.1497,0.0183,0.109,-0.003,0.054,12.48,1.0,1,0.705,2.42,-2.51,-5.294,1,4,0.1001,0.1076,0.1039,0.1243
38.819,1,0.538,0.0,-0.36,3,70.7,19.27,0.09,0.0105,0.13,-0.001,-0.011,12.48,-0.38,1,0.694,2.91,-0.87,3.475,1,4,0.1298,0.1372,0.1205,0.1335
38.885,1,0.661,-0.25,-0.34,4,72.5,19.64,0.111,0.0063,0.122,-0.005,0.013,12.48,-0.38,1,0.738,4.85,14.57,0.0,0,5,0.128,0.1261,0.1094,0.1261
38.914,1,0.664,-0.25,-0.08,4,72.9,19.64,0.1249,0.0097,0.119,-0.004,0.052,12.48,-0.38,1,0.738,4.85,14.57,0.0,0,5,0.1205,0.1187,0.1113,0.1261
39.217,1,0.666,0.0,-0.02,4,74.0,19.07,0.07,0.0037,0.122,-0.001,-0.061,12.49,1.35,1,0.66,3.88,40.31,0.0,0,5,0.1131,0.1243,0.1168,0.1335
39.311,1,0.659,-0.25,-0.44,4,72.0,19.07,0.07,0.0,0.109,0.005,-0.07,12.49,1.35,1,0.639,-1.45,40.13,0.0,0,5,0.1076,0.1113,0.1168,0.102
39.351,1,0.661,-0.5,-0.12,4,71.5,18.79,0.07,0.0105,0.1,-0.001,-0.054,12.49,7.29,1,0.639,-1.45,40.13,0.0,0,5,0.1076,0.0927,0.1057,0.0946
39.452,1,0.647,-1.0,-0.27,4,69.2,19.07,0.07,0.0072,0.076,-0.004,0.017,12.49,7.29,1,0.692,-10.18,35.93,0.0,0,5,0.076,0.0631,0.0797,0.0835
39.485,1,0.645,-1.0,-0.28,4,69.4,19.07,0.07,0.0159,0.07,-0.005,0.021,12.49,7.29,1,0.701,-13.57,34.96,0.0,0,5,0.0705,0.0649,0.0649,0.0797
39.586,1,0.651,-0.75,0.19,4,70.1,19.07,0.0861,0.0145,0.065,0.005,-0.022,12.48,11.9,1,0.726,-20.36,31.58,0.0,0,5,0.0581,0.0744,0.0653,0.0617
39.719,1,0.65,-0.5,-0.61,4,71.0,19.62,0.1351,0.0027,0.076,-0.003,-0.009,12.48,11.9,1,0.721,-26.66,25.15,0.0,0,5,0.076,0.0742,0.0705,0.0816
39.785,1,0.672,-0.5,-0.24,4,72.2,19.08,0.1562,0.0186,0.096,-0.002,0.01,12.48,14.76,1,0.702,-26.66,26.66,0.0,0,5,0.0937,0.0937,0.0937,0.1029
39.816,1,0.677,-0.5,-0.26,4,73.1,19.36,0.17,0.0102,0.111,-0.002,0.034,12.48,14.76,1,0.708,-25.69,30.13,0.0,0,5,0.1084,0.1102,0.1084,0.1175
39.883,1,0.633,0.0,-0.34,4,72.3,19.62,0.1715,0.0111,0.143,0.001,0.021,12.48,14.76,1,0.697,-25.69,35.79,0.0,0,5,0.1407,0.1499,0.1371,0.1426
39.917,1,0.691,0.0,-0.11,4,74.9,19.62,0.1479,0.0063,0.159,0.001,-0.048,12.48,14.76,1,0.71,-25.69,39.52,0.0,0,5,0.1572,0.1682,0.1517,0.159
40.018,1,0.649,0.75,-0.16,4,75.9,19.72,0.1737,0.0024,0.167,0.001,-0.046,12.49,16.21,1,0.71,-29.57,42.9,0.0,0,5,0.1628,0.1665,0.1684,0.1684
40.083,1,0.669,0.75,-0.54,4,73.7,19.64,0.1514,-0.0048,0.171,0.001,-0.045,12.49,16.21,1,0.71,-29.57,42.9,0.0,0,5,0.1739,0.1739,0.1702,0.1665
40.116,1,0.586,0.25,0.08,4,74.6,20.03,0.1653,0.0056,0.171,-0.005,-0.002,12.49,16.21,1,0.731,-36.35,46.13,0.0,0,5,0.1836,0.1688,0.1632,0.1669
40.183,1,0.652,0.25,-0.06,4,73.7,19.87,0.129,-0.0035,0.166,0.0,-0.042,12.49,19.55,1,0.713,-35.38,45.68,0.0,0,5,0.1669,0.1669,0.1651,0.1651
40.283,1,0.66,-0.75,0.16,4,72.6,19.93,0.1641,-0.0006,0.163,-0.001,-0.033,12.49,19.55,1,0.733,-37.81,44.78,0.0,0,5,0.1651,0.1521,0.1725,0.1632
40.317,1,0.522,-0.75,-0.08,3,73.4,19.85,0.169,0.0056,0.16,0.0,0.003,12.49,19.55,1,0.738,-38.78,42.24,0.0,0,5,0.1632,0.1521,0.1688,0.1558
40.385,1,0.493,-0.25,-2.29,3,74.5,20.46,0.1484,0.0101,0.161,0.006,-0.03,12.49,23.69,1,0.76,-33.93,40.91,0.0,0,5,0.1595,0.1669,0.1669,0.1521
40.483,1,0.603,-0.5,-1.67,4,77.3,22.19,0.144,0.0535,0.162,0.0,-0.006,12.49,23.69,1,0.791,-28.11,30.22,0.0,0,5,0.1613,0.1595,0.1651,0.1613
40.515,1,0.459,-0.5,0.07,3,76.9,23.87,0.1324,0.0399,0.161,0.003,-0.01,12.49,23.69,1,0.798,-26.17,30.54,0.0,0,5,0.1576,0.1595,0.1688,0.1595
40.584,1,0.452,-1.0,1.98,3,79.8,23.35,0.0961,0.0035,0.155,0.007,-0.082,12.51,24.4,1,0.806,-22.3,30.39,0.0,0,5,0.1539,0.1632,0.1613,0.1428
40.616,1,0.438,-1.0,4.16,3,80.3,23.94,0.0724,-0.024,0.152,-0.001,-0.001,12.51,24.4,1,0.816,-20.36,28.76,0.0,0,5,0.1632,0.1484,0.1521,0.1428
40.717,1,0.434,-1.5,12.51,4,80.8,30.78,0.1075,-0.063,0.134,0.004,-0.045,12.51,24.4,1,0.84,-20.36,19.25,0.0,0,5,0.1261,0.1205,0.1539,0.1335
40.783,1,0.372,-5.24,19.3,4,80.6,34.96,0.0711,-0.2036,0.122,0.001,-0.054,12.51,28.98,1,0.858,-19.39,13.26,0.0,0,5,0.1317,0.1298,0.1168,0.1094
40.814,1,0.494,-4.49,24.83,4,81.4,28.81,0.0849,-0.2783,0.119,-0.001,-0.051,12.51,28.98,1,0.85,-18.42,12.16,0.0,0,5,0.1354,0.1261,0.1094,0.1057
40.918,1,0.498,-0.75,26.81,4,83.3,29.73,0.07,-0.3902,0.104,-0.003,-0.062,12.51,28.98,1,0.863,-25.2,-5.34,0.0,0,5,0.1076,0.0853,0.1168,0.1076
41.016,1,0.537,0.75,30.38,4,83.6,27.19,0.07,-0.4242,0.098,-0.001,-0.125,12.51,41.13,1,0.854,-31.5,-20.4,0.0,0,5,0.128,0.089,0.1057,0.0705
41.081,1,0.662,0.25,29.89,5,84.2,23.89,0.0754,-0.457,0.092,-0.002,-0.232,12.51,41.13,1,0.92,-38.78,-35.68,0.0,0,5,0.1317,0.0612,0.1187,0.0556
41.115,1,0.681,-0.75,30.23,5,83.9,23.34,0.0777,-0.471,0.085,-0.003,-0.35,12.51,41.13,1,0.925,-39.74,-38.28,0.0,0,5,0.128,0.0482,0.1243,0.0519
41.183,1,0.604,-2.0,29.4,4,82.1,24.16,0.0761,-0.4611,0.076,-0.007,-0.38,12.51,40.77,1,0.917,-43.62,-42.02,0.0,0,5,0.1354,0.0019,0.1354,0.0297
41.213,1,0.619,-1.75,27.82,4,82.3,24.72,0.0801,-0.4853,0.075,-0.008,-0.42,12.51,40.77,1,0.906,-45.08,-43.29,0.0,0,5,0.1428,0.0,0.1335,0.0223
41.282,1,0.673,-4.49,26.12,5,81.9,24.45,0.0876,-0.4682,0.072,-0.003,-0.399,12.51,40.77,1,0.912,-44.59,-44.92,0.0,0,5,0.1532,-0.0036,0.1422,-0.0036
41.315,1,0.643,-6.99,25.53,5,81.1,24.45,0.07,-0.4067,0.075,0.0,-0.437,12.51,40.77,1,0.876,-44.11,-42.63,0.0,0,5,0.1495,-0.0018,0.1459,0.0
41.381,1,0.652,-4.49,20.24,5,79.7,22.65,0.07,-0.3727,0.076,0.0,-0.44,12.51,29.64,1,0.902,-37.81,-36.85,0.0,0,5,0.1431,0.0072,0.1449,0.0072
41.415,1,0.684,-5.24,19.98,5,80.4,22.46,0.07,-0.3133,0.074,-0.001,-0.405,12.51,29.64,1,0.907,-35.87,-32.08,0.0,0,5,0.1418,0.0035,0.1418,0.0071
41.514,1,0.686,-7.24,18.23,5,78.9,21.46,0.07,-0.3007,0.074,0.004,-0.273,12.51,29.64,1,0.912,-29.08,-20.22,0.0,0,5,0.1205,0.0223,0.1335,0.0185
41.544,1,0.704,-7.24,17.14,5,78.2,21.46,0.07,-0.2454,0.072,0.005,-0.21,12.51,29.64,1,0.912,-29.08,-20.22,0.0,0,5,0.1113,0.0297,0.1243,0.0223
41.583,1,0.708,-7.49,17.27,5,77.9,21.96,0.07,-0.2292,0.07,0.0,-0.217,12.52,17.64,1,0.858,-20.84,-11.49,2.929,1,5,0.1057,0.0297,0.1113,0.0334
41.619,1,0.719,-8.24,17.44,5,78.5,21.46,0.07,-0.2301,0.068,-0.002,-0.212,12.52,17.64,1,0.888,-17.93,-4.13,7.435,1,5,0.1057,0.0315,0.1001,0.0352
41.682,1,0.668,-7.99,16.7,4,77.8,21.64,0.07,-0.2266,0.069,-0.003,-0.101,12.52,17.64,1,0.791,-9.21,7.53,6.806,1,5,0.102,0.0408,0.0909,0.0408
41.715,1,0.68,-8.24,17.13,4,77.3,21.24,0.0838,-0.2179,0.07,-0.002,-0.118,12.52,17.64,1,0.848,-7.27,15.68,6.765,1,5,0.0964,0.0501,0.0872,0.0482
41.783,1,0.681,-7.99,16.03,4,76.1,21.2,0.1049,-0.2234,0.074,-0.002,-0.131,12.52,8.59,1,0.784,3.88,29.48,0.0,0,5,0.0927,0.0519,0.0909,0.0593
41.815,1,0.612,-7.74,15.49,4,75.0,20.95,0.1188,-0.2317,0.078,-0.0,-0.136,12.52,8.59,1,0.84,3.88,32.88,0.0,0,5,0.0964,0.0575,0.0983,0.0612
41.846,1,0.66,-7.74,15.67,4,75.7,20.95,0.1069,-0.2015,0.083,0.001,-0.173,12.52,8.59,1,0.84,3.88,32.88,0.0,0,5,0.1001,0.0649,0.1039,0.0631
41.882,1,0.672,-7.74,15.5,4,76.2,21.14,0.1213,-0.2335,0.094,0.001,-0.147,12.52,8.59,1,0.84,3.88,32.88,0.0,0,5,0.1187,0.0742,0.1168,0.0668
41.915,1,0.683,-7.24,15.0,4,75.9,20.96,0.1351,-0.2601,0.105,-0.001,-0.217,12.52,8.59,1,0.827,2.42,30.16,0.0,0,5,0.1354,0.0797,0.128,0.076
41.982,1,0.677,-6.49,14.24,4,75.3,20.48,0.1486,-0.2819,0.117,-0.0,-0.189,12.52,12.54,1,0.834,-1.94,21.52,0.0,0,5,0.1502,0.0872,0.1465,0.0853
42.013,1,0.684,-6.49,14.23,4,76.0,20.41,0.1522,-0.28,0.122,0.0,-0.228,12.52,12.54,1,0.834,-1.94,21.52,0.0,0,5,0.1558,0.089,0.1558,0.089
42.115,1,0.676,-4.49,11.13,4,75.7,20.66,0.1522,-0.2773,0.154,-0.001,-0.258,12.52,12.54,1,0.844,-10.66,1.44,0.343,1,5,0.191,0.1039,0.1892,0.1113
42.183,1,0.746,-5.74,11.5,5,78.5,20.0,0.167,-0.2467,0.166,0.007,-0.214,12.52,14.9,1,0.863,-12.12,-4.14,-6.395,1,5,0.204,0.1335,0.2114,0.1131
42.214,1,0.775,-5.74,10.59,5,77.2,19.85,0.1432,-0.2048,0.167,0.006,-0.299,12.52,14.9,1,0.863,-12.12,-4.14,-6.395,1,5,0.2059,0.1335,0.2114,0.1168
42.282,1,0.76,-5.24,9.68,5,75.8,20.0,0.1075,-0.1329,0.166,0.004,-0.202,12.52,14.9,1,0.877,-13.09,-12.63,0.0,0,5,0.1984,0.128,0.2133,0.1261
42.31,1,0.762,-5.24,9.67,5,76.1,20.0,0.0959,-0.1234,0.166,0.007,-0.214,12.52,14.9,1,0.877,-13.09,-12.63,0.0,0,5,0.1929,0.128,0.217,0.1243
42.344,1,0.74,-5.49,10.01,5,75.5,19.97,0.0717,-0.1227,0.161,0.01,-0.248,12.52,14.9,1,0.877,-13.09,-12.63,0.0,0,5,0.1813,0.1277,0.2146,0.1203
42.383,1,0.725,-4.24,8.42,5,73.5,20.56,0.07,-0.1253,0.156,0.011,-0.125,12.52,8.99,1,0.844,-6.3,-6.44,0.0,0,5,0.1795,0.1332,0.2017,0.111
42.417,1,0.731,-3.99,8.39,5,75.3,20.56,0.07,-0.1123,0.148,0.015,-0.209,12.52,8.99,1,0.87,-5.33,-5.96,0.0,0,5,0.1708,0.1359,0.191,0.0955
42.48,1,0.731,-3.99,8.15,5,74.7,19.97,0.07,-0.1128,0.138,0.014,-0.248,12.52,8.99,1,0.845,-2.42,-5.86,0.0,0,5,0.1565,0.1234,0.1804,0.0902
42.582,1,0.716,-3.24,6.79,5,76.4,20.46,0.07,-0.107,0.11,0.007,-0.187,12.52,6.01,1,0.861,0.0,-4.21,0.0,0,5,0.1255,0.0867,0.1476,0.0794
42.613,1,0.712,-2.99,6.61,5,76.7,20.0,0.07,-0.0918,0.11,0.007,-0.187,12.52,6.01,1,0.855,1.45,-0.9,0.0,0,5,0.1255,0.0867,0.1476,0.0794
42.649,1,0.709,-2.25,5.82,5,75.9,20.0,0.07,-0.0908,0.099,0.011,-0.116,12.52,6.01,1,0.861,1.45,-0.34,0.0,0,5,0.1078,0.0932,0.1261,0.0695
42.681,1,0.709,-2.75,6.2,5,77.7,20.46,0.07,-0.0859,0.094,0.009,-0.117,12.52,6.01,1,0.856,1.45,-2.42,0.0,0,5,0.1021,0.0875,0.1185,0.0675
42.708,1,0.696,-2.75,5.53,5,76.9,20.46,0.07,-0.0854,0.088,0.01,-0.115,12.52,6.01,1,0.856,1.45,-2.42,0.0,0,5,0.0985,0.0839,0.1131,0.0584
42.78,1,0.741,-2.75,5.61,5,77.2,20.46,0.07,-0.0725,0.073,0.003,-0.105,12.52,4.04,1,0.853,1.94,-5.66,0.0,0,5,0.0927,0.0631,0.089,0.0464
42.809,1,0.736,-2.99,5.77,5,77.7,20.56,0.0726,-0.0738,0.07,0.001,-0.093,12.52,4.04,1,0.84,4.85,0.16,0.0,0,5,0.089,0.0556,0.0853,0.0482
42.852,1,0.728,-3.24,5.21,5,77.5,20.46,0.07,-0.0733,0.057,-0.002,-0.105,12.52,4.04,1,0.857,4.36,0.78,0.0,0,5,0.0705,0.0371,0.0723,0.0482
42.882,1,0.722,-3.49,5.5,5,77.6,20.96,0.07,-0.0605,0.054,-0.001,-0.117,12.52,4.04,1,0.855,3.39,0.69,0.0,0,5,0.0663,0.035,0.0718,0.0442
42.914,1,0.724,-3.49,4.99,5,76.9,20.0,0.07,-0.063,0.049,0.001,-0.106,12.52,4.04,1,0.86,3.39,-0.62,0.0,0,5,0.0626,0.0331,0.0681,0.0331
42.98,1,0.724,-3.99,4.88,5,76.8,20.0,0.07,-0.0549,0.048,0.002,-0.093,12.49,3.27,1,0.866,2.42,-2.14,0.0,0,5,0.0575,0.0334,0.0668,0.0334
43.01,1,0.72,-4.49,4.9,5,76.9,20.0,0.07,-0.0473,0.048,0.001,-0.064,12.49,3.27,1,0.866,2.42,-2.14,0.0,0,5,0.0556,0.0334,0.0649,0.0371
43.044,1,0.726,-4.74,4.86,5,76.6,20.0,0.07,-0.0419,0.047,-0.001,-0.073,12.49,3.27,1,0.866,2.42,-2.14,0.0,0,5,0.0556,0.0334,0.0593,0.0408
43.08,1,0.732,-4.74,4.47,5,76.4,20.0,0.07,-0.0394,0.05,-0.004,-0.053,12.49,3.27,1,0.877,0.48,-4.52,0.0,0,5,0.0593,0.0371,0.0556,0.0482
43.116,1,0.731,-4.24,3.62,5,75.7,20.56,0.07,-0.0335,0.052,-0.003,-0.02,12.49,3.27,1,0.875,0.48,-4.48,0.0,0,5,0.0631,0.0445,0.0538,0.0482
43.144,1,0.734,-4.49,3.88,5,75.6,20.0,0.07,-0.0254,0.054,-0.003,-0.001,12.49,3.27,1,0.875,0.48,-4.48,0.0,0,5,0.0612,0.0482,0.0538,0.0519
43.18,1,0.74,-4.74,4.36,5,75.3,20.0,0.07,-0.0268,0.052,-0.001,0.028,12.49,2.49,1,0.865,2.42,-5.99,0.0,0,5,0.0538,0.0501,0.0519,0.0538
43.213,1,0.736,-4.74,4.56,5,75.4,20.46,0.07,-0.0324,0.052,-0.0,0.033,12.49,2.49,1,0.845,5.33,1.35,-7.998,1,5,0.0482,0.0519,0.0519,0.0575
43.244,1,0.737,-4.49,4.84,5,75.4,20.56,0.07,-0.0361,0.05,-0.001,-0.003,12.49,2.49,1,0.845,5.33,1.35,-7.998,1,5,0.0464,0.0482,0.0482,0.0556
43.279,1,0.74,-4.49,4.73,5,75.6,20.0,0.07,-0.0442,0.05,-0.001,-0.023,12.49,2.49,1,0.857,5.33,3.57,-6.165,1,5,0.0482,0.0519,0.0464,0.0538
43.314,1,0.738,-4.24,4.37,5,76.2,20.56,0.07,-0.0422,0.05,-0.003,-0.006,12.49,2.49,1,0.852,5.82,2.75,-5.791,1,5,0.0538,0.0501,0.0445,0.0519
43.379,1,0.729,-4.24,4.2,5,76.8,21.46,0.07,-0.0386,0.056,-0.002,-0.034,12.49,1.44,1,0.855,5.33,1.33,0.0,0,5,0.0575,0.0519,0.0519,0.0556
43.408,1,0.749,-3.74,3.9,5,76.5,20.0,0.07,-0.0356,0.057,-0.001,-0.031,12.49,1.44,1,0.855,5.33,1.33,0.0,0,5,0.0612,0.0538,0.0593,0.0556
43.48,1,0.758,-4.49,4.34,5,76.0,20.56,0.07,-0.0355,0.06,-0.001,-0.073,12.49,1.44,1,0.849,6.79,0.5,0.0,0,5,0.0649,0.0482,0.0686,0.0575
43.508,1,0.754,-4.49,4.14,5,76.2,20.56,0.07,-0.0336,0.06,-0.001,-0.039,12.49,1.44,1,0.849,6.79,0.5,0.0,0,5,0.0649,0.0482,0.0705,0.0575
43.55,1,0.756,-4.74,4.33,5,76.1,20.46,0.07,-0.031,0.06,-0.0,-0.06,12.49,1.44,1,0.849,7.27,6.32,-3.93,1,5,0.0649,0.0501,0.0686,0.0556
43.582,1,0.752,-4.99,4.65,5,76.2,20.0,0.07,-0.0313,0.06,-0.002,-0.052,12.51,0.14,1,0.856,7.27,4.92,-3.564,1,5,0.0686,0.0519,0.0631,0.0556
43.612,1,0.753,-4.74,3.71,5,76.5,20.0,0.07,-0.0345,0.059,-0.003,-0.037,12.51,0.14,1,0.865,6.79,4.77,-5.968,1,5,0.0686,0.0556,0.0575,0.0556
43.682,1,0.758,-4.24,3.76,5,77.2,20.0,0.07,-0.0218,0.063,0.0,0.023,12.51,0.14,1,0.86,7.27,4.92,-3.638,1,5,0.0593,0.0668,0.0593,0.0668
43.707,1,0.759,-3.99,4.18,5,77.2,20.0,0.07,-0.029,0.064,0.0,-0.008,12.51,0.14,1,0.86,7.27,4.92,-3.638,1,5,0.0593,0.0631,0.0649,0.0668
43.75,1,0.763,-3.99,4.13,5,77.2,20.0,0.07,-0.0384,0.064,0.001,-0.019,12.51,0.14,1,0.856,7.27,4.85,-3.586,1,5,0.0612,0.0593,0.0705,0.0649
43.779,1,0.766,-3.99,3.86,5,77.1,20.2,0.0727,-0.0372,0.063,0.0,-0.032,12.51,-0.71,1,0.853,7.27,3.86,-5.597,1,5,0.0668,0.0575,0.0686,0.0593
43.809,1,0.772,-4.49,4.18,5,77.5,20.2,0.0733,-0.0323,0.063,-0.001,-0.033,12.51,-0.71,1,0.853,7.27,3.86,-5.597,1,5,0.0686,0.0556,0.0668,0.0593
43.88,1,0.781,-4.49,3.76,5,77.6,20.0,0.07,-0.0318,0.064,-0.003,-0.059,12.51,-0.71,1,0.852,7.27,2.64,-1.393,1,5,0.0753,0.0533,0.068,0.0588
43.942,1,0.765,-4.99,3.76,5,78.1,20.0,0.07,-0.0248,0.064,-0.005,-0.03,12.51,-0.71,1,0.857,6.3,2.84,-3.616,1,5,0.0744,0.049,0.069,0.0653
43.975,1,0.767,-4.99,3.87,5,77.9,20.56,0.07,-0.0191,0.064,-0.004,-0.016,12.51,-1.65,1,0.857,6.3,2.84,-3.616,1,5,0.0729,0.0547,0.0656,0.062
44.007,1,0.77,-4.99,3.81,5,78.0,20.0,0.07,-0.0213,0.062,-0.005,-0.025,12.51,-1.65,1,0.857,6.3,2.84,-3.616,1,5,0.0711,0.0547,0.0602,0.0638
44.043,1,0.772,-4.49,3.43,5,77.6,20.0,0.07,-0.0207,0.061,-0.004,0.023,12.51,-1.65,1,0.857,6.3,2.84,-3.616,1,5,0.0664,0.0627,0.0517,0.0627
44.08,1,0.768,-3.74,2.64,5,77.0,20.56,0.0706,-0.0204,0.061,-0.004,0.043,12.51,-1.65,1,0.864,10.18,10.07,-0.153,1,5,0.0593,0.0631,0.0519,0.0705
44.142,1,0.77,-3.49,2.99,5,77.0,20.0,0.071,-0.0145,0.065,0.0,-0.021,12.51,-1.65,1,0.863,10.18,10.2,-1.645,1,5,0.0593,0.0686,0.0631,0.0705
44.18,1,0.765,-3.49,3.05,5,76.8,20.0,0.0802,-0.0228,0.066,0.003,-0.027,12.51,-2.61,1,0.854,12.12,10.1,-1.79,1,5,0.0631,0.0686,0.0686,0.0631
44.21,1,0.763,-3.49,3.32,5,76.6,20.0,0.0729,-0.0234,0.066,0.003,-0.017,12.51,-2.61,1,0.854,12.12,10.1,-1.79,1,5,0.0666,0.0666,0.0703,0.0592
44.276,1,0.761,-3.74,3.83,5,75.9,20.56,0.0714,-0.0272,0.069,0.001,-0.032,12.51,-2.61,1,0.852,13.09,17.22,0.0,0,5,0.074,0.0685,0.0722,0.0629
44.307,1,0.765,-3.49,3.5,5,75.9,20.56,0.07,-0.0328,0.07,0.0,-0.07,12.51,-2.61,1,0.852,13.09,17.22,0.0,0,5,0.0723,0.0686,0.0723,0.0668
44.341,1,0.762,-3.49,3.55,5,76.0,20.56,0.075,-0.0302,0.07,0.0,-0.059,12.51,-2.61,1,0.852,13.09,17.22,0.0,0,5,0.0705,0.0649,0.076,0.0686
44.378,1,0.741,-1.5,1.29,5,75.6,20.56,0.0717,-0.0309,0.07,-0.001,-0.049,12.51,-0.13,1,0.858,9.21,8.89,-0.139,1,5,0.0728,0.0637,0.0746,0.0691
44.407,1,0.746,-2.25,1.52,5,76.5,20.56,0.0785,-0.0164,0.071,-0.002,-0.023,12.51,-0.13,1,0.858,9.21,8.89,-0.139,1,5,0.0782,0.0637,0.0746,0.0691
44.442,1,0.729,-2.25,2.18,5,76.9,20.56,0.0919,-0.009,0.073,-0.004,0.054,12.51,-0.13,1,0.858,9.21,8.89,-0.139,1,5,0.0837,0.0655,0.0728,0.0709
44.48,1,0.735,-2.75,3.38,5,77.2,20.0,0.0872,-0.0194,0.077,-0.002,0.036,12.51,-0.13,1,0.858,10.18,8.69,-1.361,1,5,0.0797,0.0723,0.076,0.0779
44.542,1,0.768,-2.5,3.18,5,78.1,20.0,0.0718,-0.034,0.08,0.001,-0.014,12.51,-0.13,1,0.866,9.21,8.89,-0.124,1,5,0.076,0.0853,0.0779,0.0816
44.573,1,0.786,-2.5,3.16,5,79.0,20.0,0.0741,-0.0336,0.081,0.001,-0.002,12.5,1.69,1,0.866,9.21,8.89,-0.124,1,5,0.0779,0.0853,0.0779,0.0816
44.608,1,0.784,-2.25,2.79,5,78.2,20.0,0.0808,-0.0332,0.078,0.002,-0.001,12.5,1.69,1,0.866,9.21,8.89,-0.124,1,5,0.0797,0.0816,0.0779,0.0723
44.678,1,0.679,-2.25,3.04,5,78.2,20.0,0.0903,-0.0293,0.075,0.0,-0.043,12.5,1.69,1,0.873,5.33,1.71,-1.907,1,5,0.076,0.0742,0.076,0.0723
44.708,1,0.684,-1.75,2.17,5,78.6,20.0,0.0786,-0.0334,0.076,-0.001,-0.046,12.5,1.69,1,0.873,5.33,1.71,-1.907,1,5,0.0779,0.0723,0.076,0.076
44.742,1,0.78,-2.0,2.31,5,78.8,20.0,0.07,-0.0239,0.077,-0.003,-0.059,12.5,1.69,1,0.873,5.33,1.71,-1.907,1,5,0.0816,0.0742,0.0742,0.0779
44.774,1,0.79,-2.25,1.98,5,79.1,20.56,0.0821,-0.0227,0.081,-0.005,-0.001,12.5,2.0,1,0.873,5.33,1.71,-1.907,1,5,0.0853,0.0742,0.076,0.0779
44.807,1,0.815,-2.25,1.83,5,77.9,20.0,0.0881,-0.0139,0.081,-0.004,-0.025,12.5,2.0,1,0.873,5.33,1.71,-1.907,1,5,0.089,0.0705,0.0835,0.0816
44.877,1,0.718,-1.75,0.93,5,77.4,19.85,0.1162,-0.0135,0.085,0.002,-0.01,12.5,2.0,1,0.873,4.36,0.51,-1.914,1,5,0.0816,0.0797,0.0946,0.0835
44.979,1,0.833,-1.0,-0.45,5,76.9,20.0,0.07,-0.0012,0.1,0.001,-0.011,12.5,0.85,1,0.872,4.36,0.54,-1.914,1,5,0.102,0.1039,0.0983,0.0946
45.007,1,0.811,-0.25,-0.09,5,76.9,20.0,0.07,0.0136,0.101,0.001,-0.046,12.5,0.85,1,0.872,4.36,0.54,-1.914,1,5,0.1001,0.1039,0.1001,0.0983
