t,valid,conf,lat_mm,head_deg,bandas,contraste,larg_mm,vx,wz,odom_vx,odom_vy,odom_wz,x_m,y_m,yaw_deg,volts,perfil,servo,f_valid,f_conf,f_lat_mm,f_head_deg,f_curv,f_curv_ok,f_bandas,fl,fr,rl,rr
0.064,1,0.775,-0.5,-0.86,5,76.4,20.56,0.035,0.0194,0.004,0.0,0.0,1.777,-1.08,-68.87,11.59,2,-0.08,1,0.843,13.57,8.3,0.802,1,5,0.0037,0.0056,0.0037,0.0037
0.099,1,0.775,-0.5,-0.85,5,76.4,20.56,0.0489,0.0195,0.006,0.0,0.005,1.778,-1.08,-68.87,11.59,2,-0.08,1,0.839,13.57,8.78,-0.053,1,5,0.0056,0.0074,0.0056,0.0056
0.164,1,0.773,-0.5,-1.2,5,76.2,20.96,0.07,0.0194,0.01,0.001,0.05,1.778,-1.081,-68.93,11.59,2,0.51,1,0.845,13.09,8.31,0.526,1,5,0.0074,0.0093,0.013,0.0111
0.265,1,0.785,-0.5,-1.15,5,75.4,20.96,0.105,0.0254,0.049,-0.002,-0.005,1.78,-1.085,-68.93,11.59,2,0.51,1,0.83,9.69,2.64,0.875,1,5,0.0538,0.0464,0.0482,0.0482
0.365,1,0.785,-0.5,-0.58,5,75.8,20.56,0.14,0.0298,0.095,0.0,0.012,1.783,-1.094,-68.87,11.59,2,2.52,1,0.812,10.66,6.35,7.725,1,5,0.0923,0.0941,0.096,0.096
0.463,1,0.79,-0.25,-0.75,5,76.7,20.56,0.1386,0.0171,0.135,0.002,-0.058,1.788,-1.107,-68.98,11.59,2,2.52,1,0.799,8.72,10.43,0.0,0,5,0.1298,0.1372,0.1372,0.1372
0.498,1,0.78,-0.5,-0.47,5,76.8,20.56,0.1444,0.0183,0.14,0.001,-0.016,1.789,-1.109,-69.04,11.59,2,2.52,1,0.786,4.85,8.89,0.0,0,5,0.1372,0.1391,0.1428,0.1409
0.564,1,0.794,0.25,-0.67,5,75.3,20.81,0.12,0.0137,0.15,-0.001,-0.019,1.793,-1.121,-68.81,11.6,2,4.9,1,0.819,5.82,5.83,0.0,0,5,0.1502,0.1447,0.1502,0.1484
0.598,1,0.802,0.5,-0.73,5,75.6,20.81,0.1269,0.0088,0.152,-0.0,-0.012,1.795,-1.123,-68.87,11.6,2,4.9,1,0.804,3.88,6.92,0.0,0,5,0.1502,0.1521,0.1502,0.1539
0.763,1,0.845,1.0,-1.22,5,76.6,20.56,0.1667,0.0134,0.156,0.0,-0.042,1.805,-1.149,-68.98,11.6,2,5.55,1,0.807,2.91,17.85,0.0,0,5,0.1539,0.1484,0.1558,0.1539
0.791,1,0.814,3.24,-3.35,5,75.6,20.56,0.1735,0.0208,0.161,0.001,-0.002,1.806,-1.152,-68.98,11.6,2,5.55,1,0.807,2.91,17.85,0.0,0,5,0.1574,0.1556,0.1686,0.1612
0.861,1,0.782,4.74,-4.6,5,73.9,20.44,0.1931,0.061,0.174,0.002,-0.009,1.81,-1.162,-69.04,11.6,2,5.55,1,0.811,2.91,24.32,0.0,0,5,0.1723,0.1741,0.1778,0.1723
0.963,1,0.873,3.99,-1.53,5,75.1,20.0,0.1323,0.0496,0.196,0.005,-0.016,1.819,-1.184,-68.81,11.6,2,5.23,1,0.828,4.85,38.0,0.0,0,5,0.179,0.2067,0.1956,0.203
1.064,1,0.844,3.74,-0.65,5,73.3,20.44,0.12,-0.0069,0.187,0.004,-0.071,1.826,-1.201,-68.58,11.6,2,5.23,1,0.807,3.88,44.88,0.0,0,5,0.1741,0.1926,0.1889,0.1908
1.163,1,0.838,7.24,-2.82,5,74.3,20.44,0.12,-0.0209,0.163,0.007,-0.003,1.832,-1.216,-68.75,11.6,2,12.94,1,0.771,-6.3,36.5,0.0,0,5,0.1574,0.1704,0.1686,0.1537
1.233,1,0.842,6.74,-1.82,5,74.3,20.56,0.12,-0.0188,0.151,0.004,-0.114,1.836,-1.224,-68.75,11.6,2,12.94,1,0.802,-10.18,30.09,0.0,0,5,0.1539,0.1409,0.1688,0.1391
1.261,1,0.863,4.74,-0.65,5,74.9,20.46,0.12,-0.0292,0.151,0.005,-0.158,1.837,-1.227,-68.93,11.6,2,12.94,1,0.806,-9.21,31.03,0.0,0,5,0.1521,0.1409,0.1706,0.1391
1.292,1,0.855,6.49,-2.05,5,74.6,20.44,0.12,-0.0261,0.144,0.008,-0.103,1.839,-1.232,-69.1,11.6,2,12.94,1,0.806,-9.21,31.03,0.0,0,5,0.1465,0.1391,0.1651,0.1243
1.458,1,0.832,4.99,5.16,5,74.6,22.04,0.12,-0.0196,0.119,0.006,-0.07,1.847,-1.25,-69.61,11.6,2,17.08,1,0.827,-7.27,26.44,0.0,0,5,0.1211,0.1082,0.1413,0.1064
1.564,1,0.842,3.74,11.44,5,75.6,21.42,0.12,-0.1417,0.11,0.006,-0.056,1.853,-1.262,-70.07,11.59,2,18.98,1,0.777,-4.36,33.5,0.0,0,5,0.1106,0.1069,0.1253,0.0959
1.591,1,0.849,3.74,13.04,5,75.8,21.42,0.12,-0.2465,0.11,0.006,-0.112,1.853,-1.265,-70.19,11.59,2,18.98,1,0.777,-4.36,33.5,0.0,0,5,0.1144,0.1015,0.1292,0.0941
1.662,1,0.841,4.74,14.99,5,75.5,21.67,0.12,-0.2807,0.112,0.001,-0.189,1.856,-1.271,-70.65,11.59,2,18.98,1,0.783,-13.57,30.66,0.0,0,5,0.1324,0.0901,0.1361,0.0883
1.693,1,0.856,2.25,16.94,5,74.9,21.42,0.12,-0.331,0.111,0.004,-0.198,1.858,-1.275,-71.05,11.59,2,18.98,1,0.783,-13.57,30.66,0.0,0,5,0.1359,0.0863,0.1433,0.079
1.765,1,0.865,0.0,18.37,5,74.7,21.02,0.12,-0.3404,0.113,0.012,-0.28,1.86,-1.281,-71.91,11.59,2,31.22,1,0.802,-25.2,24.56,0.0,0,5,0.1369,0.0888,0.161,0.0666
1.829,1,0.871,0.75,17.14,5,74.7,21.42,0.12,-0.3444,0.119,0.012,-0.303,1.863,-1.288,-72.82,11.59,2,31.22,1,0.749,-33.93,26.06,0.0,0,5,0.1502,0.0853,0.1762,0.0631
1.86,1,0.863,0.75,16.31,5,74.0,21.11,0.12,-0.3323,0.119,0.01,-0.347,1.864,-1.29,-73.22,11.59,2,31.22,1,0.775,-36.35,22.46,0.0,0,5,0.155,0.0802,0.1787,0.0638
1.93,1,0.87,0.75,15.78,5,73.5,21.02,0.12,-0.3176,0.116,0.009,-0.298,1.867,-1.299,-74.71,11.6,2,34.96,1,0.789,-41.2,25.96,0.0,0,5,0.1586,0.0675,0.1823,0.0547
1.961,1,0.852,0.25,14.66,5,72.3,21.42,0.12,-0.3078,0.114,0.008,-0.313,1.869,-1.303,-75.4,11.6,2,34.96,1,0.809,-42.17,28.84,0.0,0,5,0.1576,0.0649,0.1836,0.0538
2.062,1,0.857,-0.5,12.97,5,72.3,20.96,0.12,-0.2817,0.113,0.001,-0.284,1.871,-1.314,-77.12,11.6,2,34.96,1,0.803,-43.14,37.34,0.0,0,5,0.1613,0.0575,0.1706,0.0631
2.163,1,0.825,-1.75,10.86,5,71.9,21.02,0.12,-0.2422,0.116,0.002,-0.219,1.874,-1.326,-78.61,11.6,2,33.35,1,0.769,-47.01,41.35,0.0,0,5,0.1632,0.0742,0.1613,0.0649
2.261,1,0.84,-2.5,9.56,5,71.6,20.96,0.12,-0.1899,0.114,0.006,-0.26,1.876,-1.334,-79.58,11.6,2,33.35,1,0.825,-43.62,52.48,0.0,0,5,0.1502,0.0816,0.1576,0.0668
2.36,1,0.831,-2.75,7.89,5,70.7,20.56,0.12,-0.1586,0.113,-0.001,-0.189,1.878,-1.346,-80.73,11.6,2,32.42,1,0.678,-39.26,58.8,0.0,0,5,0.1428,0.0779,0.1465,0.0853
2.398,1,0.842,-2.75,7.9,5,70.9,20.56,0.12,-0.1244,0.115,-0.002,-0.136,1.879,-1.35,-81.07,11.6,2,32.42,1,0.743,-41.2,56.63,0.0,0,5,0.1465,0.0816,0.1428,0.0872
2.464,1,0.843,-3.24,7.3,5,71.7,20.46,0.12,-0.1255,0.12,0.003,-0.145,1.881,-1.36,-81.76,11.6,2,32.42,1,0.826,-39.74,53.71,0.0,0,5,0.1391,0.0983,0.1484,0.0946
2.557,1,0.666,-3.24,5.61,4,69.8,20.51,0.12,-0.1094,0.121,0.001,-0.177,1.882,-1.369,-82.39,11.59,2,34.52,1,0.818,-33.93,53.57,0.0,0,5,0.1521,0.1039,0.1391,0.0872
2.628,1,0.792,-3.24,11.94,5,69.6,20.46,0.12,-0.0775,0.119,0.0,-0.086,1.883,-1.379,-82.91,11.59,2,34.52,1,0.812,-29.57,49.07,0.0,0,5,0.1354,0.0964,0.1428,0.102
2.657,1,0.737,-3.24,13.83,5,69.6,21.11,0.12,-0.1989,0.119,0.003,-0.091,1.884,-1.381,-83.02,11.59,2,34.52,1,0.812,-29.57,49.07,0.0,0,5,0.1298,0.0964,0.1465,0.102
2.761,1,0.654,-3.74,20.97,5,70.1,21.11,0.12,-0.2353,0.124,-0.006,-0.115,1.885,-1.396,-83.77,11.59,2,39.16,1,0.795,-23.27,45.46,0.0,0,5,0.1419,0.0959,0.1383,0.1124
2.829,1,0.532,-4.74,30.36,5,69.0,29.19,0.12,-0.3663,0.126,0.003,-0.219,1.886,-1.403,-84.34,11.59,2,39.16,1,0.809,-25.69,32.03,0.0,0,5,0.1558,0.102,0.1558,0.089
2.855,1,0.561,-5.49,31.46,5,67.9,28.61,0.12,-0.4832,0.125,0.001,-0.228,1.886,-1.406,-84.63,11.59,2,39.16,1,0.809,-25.69,32.03,0.0,0,5,0.1558,0.0946,0.1576,0.0909
2.929,1,0.452,-7.74,36.27,4,60.9,24.98,0.12,-0.5488,0.125,-0.005,-0.326,1.887,-1.416,-86.06,11.59,2,45.0,1,0.81,-24.72,19.07,0.0,0,5,0.1745,0.0643,0.1763,0.0845
2.956,1,0.187,1.85,41.59,3,67.8,29.45,0.12,-0.6135,0.128,-0.004,-0.389,1.887,-1.419,-86.46,11.59,2,45.0,1,0.81,-24.72,19.07,0.0,0,5,0.1837,0.0606,0.1873,0.079
3.029,1,0.493,-5.74,41.18,4,71.5,25.16,0.12,-0.7273,0.134,-0.006,-0.486,1.887,-1.43,-88.64,11.59,2,45.0,1,0.784,-23.75,10.46,0.0,0,5,0.2173,0.046,0.2117,0.0626
3.055,1,0.665,-8.24,42.6,5,72.2,26.45,0.12,-0.7229,0.133,-0.006,-0.538,1.887,-1.432,-89.21,11.59,2,45.0,1,0.784,-23.75,10.46,0.0,0,5,0.2228,0.0423,0.2136,0.0552
3.097,1,0.703,-6.99,41.79,5,74.5,26.95,0.12,-0.727,0.134,-0.001,-0.604,1.887,-1.438,-90.58,11.59,2,45.0,1,0.767,-23.75,2.81,0.0,0,5,0.232,0.035,0.232,0.0387
3.128,1,0.721,-6.24,40.77,5,75.7,26.45,0.12,-0.7273,0.13,0.003,-0.654,1.887,-1.443,-92.19,11.59,2,45.0,1,0.748,-25.2,-1.59,0.0,0,5,0.2396,0.0221,0.2433,0.0147
3.16,1,0.723,-5.49,39.84,5,76.7,25.95,0.12,-0.7217,0.129,0.002,-0.673,1.887,-1.445,-92.93,11.59,2,45.0,1,0.754,-26.17,-6.66,0.0,0,5,0.247,0.0166,0.247,0.0074
3.256,1,0.802,-5.74,37.34,5,76.9,25.31,0.12,-0.713,0.125,0.004,-0.716,1.886,-1.458,-97.0,11.59,2,45.0,1,0.756,-30.05,-17.83,0.0,0,5,0.243,0.0074,0.2504,0.0
3.33,1,0.83,-5.49,34.52,5,76.2,24.45,0.12,-0.6622,0.124,0.0,-0.689,1.885,-1.468,-100.1,11.59,2,45.0,1,0.755,-36.84,-31.57,0.0,0,5,0.243,0.0,0.2485,0.0037
3.355,1,0.836,-5.99,33.23,5,76.1,23.96,0.12,-0.6114,0.124,0.001,-0.688,1.884,-1.47,-100.96,11.59,2,45.0,1,0.755,-36.84,-31.57,0.0,0,5,0.2419,0.0,0.251,0.0037
3.429,1,0.84,-6.99,32.0,5,76.0,24.52,0.12,-0.5808,0.12,0.003,-0.659,1.882,-1.48,-103.99,11.59,2,45.0,1,0.762,-43.62,-42.93,0.0,0,5,0.234,0.0037,0.2431,0.0
3.461,1,0.837,-7.74,31.48,5,75.8,23.94,0.12,-0.5459,0.12,0.005,-0.665,1.882,-1.482,-104.74,11.59,2,45.0,1,0.753,-46.53,-46.07,0.0,0,5,0.2294,0.0111,0.2387,0.0
3.561,1,0.829,-8.24,27.28,5,76.6,22.78,0.1203,-0.5318,0.122,0.006,-0.526,1.878,-1.496,-108.52,11.58,2,42.0,1,0.729,-50.89,-51.31,0.0,0,5,0.2151,0.0297,0.2263,0.0204
3.628,1,0.807,-8.98,26.17,5,75.8,25.31,0.1415,-0.527,0.121,0.005,-0.475,1.876,-1.503,-110.41,11.58,2,42.0,1,0.666,-49.92,-53.83,0.0,0,5,0.2059,0.0334,0.2188,0.026
3.657,1,0.822,-9.23,24.52,5,75.7,22.22,0.1482,-0.5166,0.122,0.005,-0.451,1.875,-1.506,-110.92,11.58,2,42.0,1,0.666,-49.92,-53.83,0.0,0,5,0.207,0.037,0.2162,0.0277
3.697,1,0.808,-9.73,23.34,5,75.3,22.22,0.1693,-0.5426,0.129,0.003,-0.495,1.873,-1.511,-112.01,11.58,2,42.0,1,0.652,-44.59,-49.28,0.0,0,5,0.2125,0.0462,0.218,0.0407
3.727,1,0.794,-10.23,22.38,5,74.9,22.22,0.1765,-0.527,0.14,0.0,-0.507,1.871,-1.516,-113.16,11.58,2,30.0,1,0.682,-42.65,-48.2,0.0,0,5,0.2236,0.0554,0.2254,0.0554
3.76,1,0.793,-10.73,21.56,5,74.7,21.67,0.1526,-0.4313,0.145,-0.0,-0.428,1.87,-1.519,-113.62,11.58,2,30.0,1,0.686,-41.68,-47.4,0.0,0,5,0.2318,0.0593,0.23,0.0593
3.856,1,0.737,-12.48,18.93,5,73.4,22.77,0.1613,-0.4325,0.162,-0.004,-0.45,1.863,-1.534,-116.48,11.58,2,30.0,1,0.621,-33.44,-39.1,0.0,0,5,0.243,0.0779,0.2392,0.089
3.929,1,0.725,-12.73,18.3,5,73.1,25.11,0.1576,-0.3407,0.167,0.001,-0.359,1.857,-1.546,-118.2,11.58,2,18.0,1,0.671,-28.11,-31.51,0.0,0,5,0.2347,0.0998,0.2365,0.0961
3.957,1,0.709,-13.23,18.38,5,72.8,26.86,0.1525,-0.3126,0.167,0.001,-0.393,1.855,-1.549,-118.66,11.58,2,18.0,1,0.671,-28.11,-31.51,0.0,0,5,0.231,0.1035,0.2328,0.0998
3.995,1,0.72,-13.23,17.02,5,72.9,25.69,0.1596,-0.3253,0.164,0.003,-0.276,1.852,-1.554,-119.4,11.58,2,18.0,1,0.64,-24.23,-17.08,0.0,0,5,0.2236,0.1109,0.2217,0.0979
4.026,1,0.716,-13.73,16.9,5,72.6,25.69,0.1737,-0.3234,0.161,-0.001,-0.268,1.849,-1.56,-120.03,11.58,2,18.0,1,0.555,-19.39,-13.35,0.0,0,5,0.2204,0.1074,0.2112,0.1037
4.055,1,0.704,-14.23,17.06,5,72.5,24.26,0.1805,-0.328,0.161,-0.002,-0.325,1.847,-1.563,-120.38,11.58,2,18.0,1,0.555,-19.39,-13.35,0.0,0,5,0.2204,0.1056,0.2112,0.1056
4.095,1,0.687,-14.72,14.72,5,72.3,22.77,0.1946,-0.3551,0.163,-0.008,-0.272,1.843,-1.568,-121.12,11.58,2,18.0,1,0.557,-14.06,-0.83,0.0,0,5,0.2204,0.1,0.2093,0.1223
4.126,1,0.685,-15.22,13.68,5,70.8,21.11,0.1893,-0.2749,0.17,-0.01,-0.311,1.839,-1.574,-121.81,11.58,2,6.0,1,0.555,-10.66,5.0,0.0,0,5,0.2294,0.1055,0.2146,0.1295
4.162,1,0.679,-15.72,12.96,5,69.4,21.11,0.1653,-0.2027,0.175,-0.009,-0.309,1.837,-1.577,-122.15,11.58,2,6.0,1,0.578,-9.69,9.78,0.0,0,5,0.235,0.111,0.2202,0.1332
4.257,1,0.626,-16.22,11.39,5,67.7,21.11,0.123,-0.1099,0.187,-0.002,-0.185,1.826,-1.593,-123.59,11.58,2,6.0,1,0.534,-0.48,27.14,0.0,0,5,0.2427,0.1426,0.2278,0.1352
4.294,1,0.603,-16.72,11.51,5,67.7,21.6,0.12,-0.0683,0.182,-0.002,-0.295,1.822,-1.599,-124.27,11.58,2,6.0,1,0.553,3.39,34.96,0.0,0,5,0.2278,0.1389,0.2204,0.1389
4.325,1,0.587,-17.47,10.52,5,68.2,21.11,0.12,-0.0661,0.179,-0.003,-0.256,1.82,-1.601,-124.56,11.58,2,6.0,1,0.584,5.82,40.6,0.0,0,5,0.2188,0.1335,0.2188,0.1447
4.357,1,0.628,-17.22,10.66,5,68.2,21.02,0.12,-0.0396,0.168,-0.007,-0.112,1.816,-1.606,-124.96,11.57,2,-2.62,1,0.584,5.82,40.6,0.0,0,5,0.2002,0.1139,0.2075,0.1488
4.425,1,0.263,-15.82,13.35,4,72.3,21.1,0.12,-0.0473,0.155,0.001,-0.054,1.809,-1.617,-125.54,11.57,2,-2.62,1,0.615,7.76,42.17,0.0,0,5,0.1779,0.1357,0.1779,0.1302
4.46,1,0.272,-15.82,13.71,4,73.2,21.1,0.12,-0.0935,0.151,0.001,-0.119,1.808,-1.619,-125.65,11.57,2,-2.62,1,0.626,7.76,40.18,0.0,0,5,0.1741,0.1371,0.1667,0.1241
4.528,1,0.66,-16.97,8.29,5,71.6,21.11,0.12,-0.0983,0.134,-0.008,-0.022,1.801,-1.627,-126.11,11.57,2,-2.62,1,0.604,1.45,34.35,0.0,0,5,0.1548,0.1106,0.1419,0.129
4.595,1,0.69,-16.47,8.08,5,71.3,21.11,0.12,-0.0039,0.124,-0.002,0.001,1.796,-1.633,-126.11,11.57,2,5.33,1,0.556,-4.85,24.35,0.0,0,5,0.1267,0.1047,0.1377,0.1249
4.625,1,0.696,-15.97,8.86,5,71.2,21.1,0.12,-0.0068,0.118,0.001,-0.007,1.794,-1.637,-126.11,11.57,2,5.33,1,0.558,-4.85,18.92,0.0,0,5,0.1175,0.1157,0.1231,0.1175
4.661,1,0.704,-15.47,9.71,5,71.5,21.1,0.12,-0.0275,0.118,0.002,-0.036,1.793,-1.639,-126.17,11.57,2,5.33,1,0.569,-4.85,18.41,0.0,0,5,0.1168,0.1243,0.1168,0.115
4.725,1,0.718,-14.47,9.71,5,71.5,20.56,0.12,-0.0486,0.113,-0.003,-0.022,1.788,-1.644,-126.22,11.57,2,5.33,1,0.553,-3.88,18.82,0.0,0,5,0.1205,0.1187,0.102,0.1113
4.762,1,0.734,-13.98,9.36,5,71.7,21.1,0.12,-0.0595,0.11,-0.004,-0.022,1.787,-1.645,-126.22,11.57,2,7.67,1,0.56,-4.85,17.3,0.0,0,5,0.1185,0.113,0.1,0.1093
4.825,1,0.713,-13.23,9.37,5,72.4,21.02,0.12,-0.0565,0.104,-0.001,0.022,1.782,-1.652,-126.11,11.57,2,7.67,1,0.549,-7.27,11.39,0.0,0,5,0.0997,0.0997,0.107,0.1107
4.924,1,0.739,-12.73,10.49,5,72.9,21.11,0.12,-0.0622,0.106,0.001,-0.072,1.776,-1.661,-126.28,11.57,2,7.67,1,0.54,-7.76,10.41,-5.583,1,5,0.1061,0.1061,0.108,0.1025
4.962,1,0.76,-12.48,9.08,5,72.8,21.02,0.12,-0.089,0.105,-0.002,-0.066,1.773,-1.664,-126.51,11.57,2,8.74,1,0.532,-8.72,8.27,0.0,0,5,0.1113,0.102,0.1094,0.102
5.026,1,0.773,-11.98,8.95,5,72.3,20.57,0.12,-0.0633,0.106,-0.002,-0.049,1.769,-1.669,-126.62,11.57,2,8.74,1,0.549,-9.69,1.98,0.0,0,5,0.115,0.0946,0.1131,0.102
5.059,1,0.785,-11.98,8.79,5,72.9,21.1,0.12,-0.066,0.105,-0.002,-0.018,1.768,-1.671,-126.62,11.57,2,8.74,1,0.55,-9.69,1.25,7.997,1,5,0.1131,0.0946,0.1113,0.1001
5.124,1,0.82,-10.98,8.11,5,72.9,20.57,0.12,-0.0618,0.105,-0.002,-0.031,1.763,-1.678,-126.74,11.57,2,8.74,1,0.547,-8.72,-0.75,3.532,1,5,0.1094,0.0927,0.1094,0.1057
5.16,1,0.814,-10.73,7.74,5,73.0,21.02,0.12,-0.0599,0.107,-0.0,-0.008,1.762,-1.679,-126.74,11.57,2,7.82,1,0.548,-4.36,-6.54,0.0,0,5,0.1113,0.0983,0.115,0.1039
5.193,1,0.813,-10.23,7.89,5,72.6,21.02,0.12,-0.0554,0.113,0.001,-0.042,1.759,-1.683,-126.8,11.57,2,7.82,1,0.564,-6.3,-3.57,0.0,0,5,0.1187,0.1131,0.115,0.1039
5.228,1,0.806,-10.23,7.84,5,72.1,21.02,0.12,-0.0627,0.115,-0.001,-0.083,1.756,-1.687,-126.97,11.57,2,7.82,1,0.562,-6.79,-2.38,0.0,0,5,0.1261,0.115,0.1113,0.1057
5.26,1,0.802,-9.98,7.46,5,71.6,21.02,0.12,-0.0603,0.115,-0.003,-0.018,1.754,-1.688,-127.02,11.57,2,7.82,1,0.574,-7.76,-2.16,0.0,0,5,0.128,0.1113,0.1131,0.1094
5.325,1,0.796,-9.73,8.35,5,71.1,20.57,0.12,-0.0548,0.113,0.001,-0.018,1.749,-1.696,-127.14,11.57,2,7.82,1,0.585,-6.79,-3.71,0.0,0,5,0.115,0.102,0.1261,0.1094
5.362,1,0.786,-9.23,8.33,5,71.2,21.11,0.12,-0.0739,0.112,0.0,-0.043,1.746,-1.699,-127.2,11.56,2,6.59,1,0.588,-6.3,-4.83,0.0,0,5,0.1131,0.1001,0.1243,0.1094
5.423,1,0.801,-9.23,8.15,5,71.1,21.11,0.12,-0.0783,0.117,-0.001,-0.15,1.742,-1.705,-127.37,11.56,2,6.59,1,0.599,-3.88,1.57,0.0,0,5,0.1261,0.1113,0.1205,0.1094
5.459,1,0.802,-9.23,7.7,5,71.0,21.11,0.12,-0.0742,0.116,-0.002,-0.105,1.74,-1.707,-127.54,11.56,2,6.59,1,0.607,-4.85,2.01,5.216,1,5,0.1298,0.1094,0.1187,0.1076
5.492,1,0.806,-8.98,7.66,5,70.4,21.1,0.12,-0.0652,0.115,-0.001,-0.025,1.738,-1.71,-127.65,11.56,2,6.59,1,0.612,-4.85,1.29,3.031,1,5,0.1298,0.1094,0.1187,0.1039
5.527,1,0.811,-8.73,7.29,5,70.4,21.1,0.12,-0.0671,0.115,0.0,-0.045,1.735,-1.714,-127.77,11.56,2,6.59,1,0.613,-4.85,0.86,3.404,1,5,0.1224,0.102,0.128,0.1057
5.597,1,0.835,-8.98,7.0,5,70.7,20.57,0.12,-0.0619,0.114,-0.0,-0.047,1.731,-1.719,-127.94,11.56,2,7.0,1,0.616,-4.85,1.5,0.0,0,5,0.1187,0.1001,0.1261,0.1094
5.623,1,0.841,-8.73,6.0,5,70.6,21.02,0.12,-0.053,0.112,-0.005,0.007,1.728,-1.723,-128.0,11.56,2,7.0,1,0.615,-4.85,-0.57,7.024,1,5,0.1224,0.0946,0.1187,0.1113
5.658,1,0.856,-8.49,6.25,5,71.7,20.57,0.12,-0.0367,0.111,-0.004,-0.011,1.726,-1.724,-128.0,11.56,2,7.0,1,0.622,-3.88,1.06,0.0,0,5,0.1205,0.0964,0.1187,0.1094
5.724,1,0.868,-8.24,5.56,5,72.0,20.57,0.12,-0.044,0.117,0.0,-0.001,1.721,-1.732,-128.17,11.56,2,7.0,1,0.606,-2.42,-2.51,0.0,0,5,0.1223,0.1148,0.1185,0.1111
5.759,1,0.873,-7.99,5.62,5,72.4,20.57,0.12,-0.0336,0.118,0.0,-0.023,1.719,-1.734,-128.23,11.56,2,6.92,1,0.61,-2.91,-1.8,0.0,0,5,0.1223,0.1148,0.1204,0.113
5.823,1,0.879,-7.74,5.82,5,73.6,20.57,0.12,-0.0369,0.114,0.001,-0.025,1.714,-1.741,-128.34,11.56,2,6.92,1,0.617,-4.36,0.09,5.658,1,5,0.1168,0.1057,0.1243,0.1076
5.858,1,0.888,-7.74,5.57,5,73.7,20.56,0.12,-0.0432,0.113,0.0,-0.026,1.712,-1.743,-128.34,11.56,2,6.92,1,0.619,-4.36,-1.63,4.501,1,5,0.1187,0.1057,0.1205,0.1076
5.894,1,0.903,-7.49,4.59,5,74.1,20.56,0.12,-0.038,0.111,-0.004,-0.035,1.709,-1.746,-128.4,11.56,2,6.92,1,0.622,-3.88,-1.78,5.166,1,5,0.1205,0.1039,0.1113,0.1094
5.924,1,0.913,-7.24,3.87,5,74.5,20.46,0.12,-0.0221,0.112,-0.001,0.001,1.707,-1.75,-128.46,11.56,2,6.92,1,0.624,-3.88,-1.97,4.345,1,5,0.1187,0.1094,0.1113,0.1076
5.962,1,0.919,-6.99,4.06,5,74.7,20.04,0.12,-0.0106,0.115,0.001,-0.025,1.704,-1.753,-128.51,11.56,2,7.21,1,0.622,-3.88,-1.53,3.921,1,5,0.1168,0.1113,0.115,0.1076
6.024,1,0.929,-6.49,4.05,5,75.3,20.04,0.12,-0.0162,0.116,0.002,-0.031,1.699,-1.759,-128.57,11.56,2,7.21,1,0.621,-3.39,-2.42,2.444,1,5,0.1116,0.1135,0.1226,0.1171
6.123,1,0.937,-5.49,3.61,5,75.6,20.2,0.12,-0.0203,0.116,-0.001,0.022,1.692,-1.768,-128.63,11.56,2,7.21,1,0.628,-2.42,-2.38,0.63,1,5,0.1243,0.1168,0.1131,0.1113
6.224,1,0.936,-4.74,3.82,5,75.3,20.44,0.12,-0.0214,0.116,0.004,-0.002,1.685,-1.777,-128.69,11.56,2,7.15,1,0.628,-1.45,-3.12,-2.2,1,5,0.1122,0.114,0.125,0.1122
6.26,1,0.934,-4.49,3.83,5,75.1,20.2,0.12,-0.0336,0.115,0.003,-0.067,1.684,-1.779,-128.74,11.56,2,7.15,1,0.629,-1.45,-3.12,-2.075,1,5,0.1103,0.114,0.1232,0.114
6.324,1,0.937,-4.49,3.7,5,75.1,20.56,0.1271,-0.039,0.116,0.001,-0.031,1.678,-1.786,-128.92,11.56,2,7.15,1,0.631,-1.94,-2.95,2.066,1,5,0.1168,0.1131,0.1224,0.1131
6.423,1,0.925,-3.99,3.7,5,74.4,20.57,0.1621,-0.052,0.124,0.006,-0.118,1.67,-1.797,-129.14,11.55,2,6.85,1,0.649,-0.97,-6.72,-1.167,1,5,0.1254,0.1254,0.1343,0.1093
6.459,1,0.924,-3.99,3.03,5,74.2,20.44,0.1762,-0.064,0.127,0.006,-0.032,1.669,-1.799,-129.2,11.55,2,6.85,1,0.641,-1.45,-6.44,-1.243,1,5,0.128,0.128,0.1391,0.1131
6.524,1,0.921,-4.49,3.59,5,73.6,20.44,0.1971,-0.0526,0.147,0.001,-0.079,1.661,-1.808,-129.49,11.55,2,6.85,1,0.641,-1.94,-7.21,-3.005,1,5,0.1576,0.1409,0.1539,0.1335
6.558,1,0.921,-4.49,3.31,5,73.6,20.2,0.2112,-0.068,0.155,0.0,-0.057,1.659,-1.811,-129.6,11.55,2,5.49,1,0.636,-2.42,-8.43,-3.167,1,5,0.1669,0.1484,0.1632,0.1428
6.623,1,0.92,-4.49,2.9,5,73.5,20.56,0.1944,-0.0537,0.191,0.006,-0.069,1.649,-1.823,-129.95,11.55,2,5.49,1,0.647,-2.91,-8.3,-6.475,1,5,0.1947,0.1855,0.2077,0.1762
6.658,1,0.921,-4.49,2.64,5,73.6,20.44,0.1706,-0.0342,0.199,0.006,-0.056,1.646,-1.827,-130.0,11.55,2,5.49,1,0.636,-1.94,-9.23,0.798,1,5,0.2038,0.1945,0.2167,0.1815
6.723,1,0.911,-4.24,2.3,5,72.5,20.2,0.1917,-0.0341,0.207,0.001,-0.044,1.639,-1.836,-130.23,11.55,2,5.49,1,0.635,3.39,-1.19,2.26,1,5,0.2204,0.1963,0.2204,0.1926
6.825,1,0.909,-4.74,2.07,5,72.4,20.2,0.1617,-0.019,0.199,0.006,-0.019,1.624,-1.855,-130.75,11.55,2,1.7,1,0.648,4.36,3.85,3.543,1,5,0.2021,0.1947,0.2151,0.1855
6.86,1,0.913,-4.49,1.97,5,72.2,20.04,0.1565,-0.0059,0.199,0.004,-0.051,1.621,-1.858,-130.81,11.55,2,1.7,1,0.647,4.36,5.5,7.565,1,5,0.2021,0.1929,0.2133,0.1892
6.919,1,0.924,-4.49,1.43,5,72.8,20.2,0.1589,-0.0076,0.196,0.006,-0.102,1.614,-1.867,-131.04,11.55,2,1.7,1,0.644,4.36,4.51,4.845,1,5,0.1966,0.1929,0.2096,0.1836
7.023,1,0.928,-3.74,1.22,5,73.1,20.04,0.1934,-0.0001,0.174,0.009,-0.086,1.601,-1.883,-131.32,11.55,2,3.31,1,0.642,3.39,-2.11,-5.383,1,5,0.1669,0.1725,0.1947,0.1632
7.058,1,0.932,-3.99,1.3,5,73.6,20.04,0.1816,-0.002,0.174,0.009,0.004,1.598,-1.886,-131.38,11.55,2,3.31,1,0.645,4.36,-0.41,3.66,1,5,0.1651,0.1743,0.191,0.1651
7.091,1,0.937,-3.99,1.3,5,73.9,20.04,0.1958,-0.0023,0.179,0.003,-0.062,1.593,-1.891,-131.49,11.55,2,3.31,1,0.642,3.88,-1.54,1.106,1,5,0.1762,0.1817,0.1836,0.1762
7.123,1,0.94,-3.99,1.03,5,74.3,20.44,0.2097,-0.0041,0.185,-0.002,0.032,1.588,-1.897,-131.44,11.55,2,3.31,1,0.643,4.36,-3.79,-2.133,1,5,0.1873,0.1836,0.1817,0.1855
7.162,1,0.945,-3.99,1.31,5,74.7,20.04,0.2237,0.003,0.193,0.001,0.006,1.583,-1.903,-131.44,11.55,2,3.76,1,0.645,3.39,-3.43,-7.628,1,5,0.1889,0.1889,0.1871,0.1926
7.226,1,0.951,-3.99,1.3,5,75.1,20.04,0.2257,-0.006,0.207,-0.0,-0.069,1.575,-1.912,-131.49,11.55,2,3.76,1,0.642,2.91,-2.79,0.0,0,5,0.2038,0.2093,0.2038,0.2112
7.323,1,0.954,-3.24,0.93,5,74.6,20.46,0.1841,0.0002,0.224,-0.002,0.028,1.563,-1.926,-131.32,11.55,2,3.76,1,0.621,3.88,-0.3,-0.237,1,5,0.2223,0.226,0.2186,0.2297
7.425,1,0.957,-2.99,1.4,5,74.7,20.56,0.1813,0.0029,0.217,-0.004,-0.038,1.545,-1.946,-131.21,11.53,2,2.04,1,0.636,5.33,-4.17,-7.403,1,5,0.2143,0.2143,0.2125,0.2273
7.456,1,0.95,-3.24,1.35,5,73.7,20.46,0.1575,-0.0083,0.217,-0.004,-0.038,1.545,-1.946,-131.21,11.53,2,2.04,1,0.64,5.33,-4.44,-6.908,1,5,0.2143,0.2143,0.2125,0.2273
7.522,1,0.96,-2.75,1.06,5,74.0,20.46,0.1212,0.003,0.202,-0.007,0.01,1.531,-1.961,-131.09,11.53,2,2.04,1,0.628,9.69,6.2,-4.725,1,5,0.2051,0.1959,0.194,0.2125
7.624,1,0.963,-3.24,1.19,5,74.7,20.44,0.1562,-0.0016,0.17,-0.001,0.069,1.52,-1.973,-131.26,11.53,2,-0.55,1,0.608,12.12,10.49,-3.749,1,5,0.1725,0.1743,0.1743,0.1836
7.724,1,0.947,-2.99,1.4,5,74.7,20.56,0.1912,-0.004,0.159,-0.003,0.001,1.511,-1.983,-131.21,11.53,2,-0.55,1,0.64,12.12,14.84,-1.326,1,5,0.1613,0.1558,0.1576,0.1632
7.76,1,0.947,-3.24,1.61,5,74.3,20.46,0.2052,-0.0152,0.158,-0.002,0.007,1.507,-1.987,-131.21,11.53,2,-0.87,1,0.647,12.12,13.43,-0.973,1,5,0.1613,0.1613,0.1502,0.1576
7.79,1,0.948,-3.24,1.22,5,74.5,20.46,0.2123,-0.0195,0.16,-0.005,-0.088,1.504,-1.99,-131.26,11.53,2,-0.87,1,0.64,12.6,14.16,2.747,1,5,0.1684,0.1591,0.1499,0.161
7.823,1,0.946,-3.24,1.22,5,74.2,20.46,0.2262,-0.0093,0.172,-0.006,0.004,1.498,-1.996,-131.32,11.53,2,-0.87,1,0.639,12.6,14.76,5.251,1,5,0.1795,0.1665,0.1628,0.1702
7.858,1,0.941,-3.24,1.38,5,74.0,20.56,0.2215,-0.0089,0.18,-0.007,-0.011,1.495,-2.0,-131.32,11.53,2,-0.87,1,0.643,12.12,15.24,4.04,1,5,0.1865,0.1686,0.1775,0.1865
7.924,1,0.94,-2.75,1.06,5,73.5,20.46,0.2006,-0.011,0.198,0.002,-0.097,1.487,-2.009,-131.38,11.53,2,-0.87,1,0.623,10.66,15.82,7.258,1,5,0.1957,0.1993,0.2011,0.1957
8.023,1,0.951,-1.75,0.77,5,75.5,20.57,0.1784,-0.0042,0.212,-0.006,0.033,1.473,-2.025,-131.26,11.53,2,3.73,1,0.614,6.3,6.55,6.551,1,5,0.2167,0.2038,0.2093,0.2186
8.123,1,0.953,-2.25,1.06,5,76.4,20.56,0.1568,-0.0045,0.195,-0.002,-0.049,1.457,-2.042,-131.49,11.53,2,3.73,1,0.593,1.45,-8.66,5.828,1,5,0.1984,0.1929,0.1966,0.1929
8.191,1,0.948,-2.75,0.95,5,76.7,20.46,0.1234,-0.0003,0.188,0.002,-0.081,1.45,-2.051,-131.72,11.53,2,7.21,1,0.608,-0.97,-16.23,5.695,1,5,0.191,0.1836,0.1966,0.1817
8.224,1,0.961,-2.25,0.48,5,76.5,20.56,0.1363,0.0059,0.183,0.0,0.032,1.448,-2.053,-131.72,11.53,2,7.21,1,0.614,-1.45,-18.73,0.0,0,5,0.1873,0.178,0.1892,0.178
8.326,1,0.953,-2.75,0.39,5,75.8,20.56,0.1706,0.0077,0.158,0.002,-0.025,1.435,-2.067,-131.95,11.53,2,7.21,1,0.614,-1.45,-17.01,4.703,1,5,0.1593,0.1482,0.1723,0.1519
8.421,1,0.939,-2.75,0.39,5,74.5,20.56,0.2057,0.0139,0.159,0.002,0.008,1.426,-2.077,-132.07,11.52,2,6.78,1,0.611,-2.42,-19.73,0.0,0,5,0.1593,0.1593,0.163,0.1537
8.59,1,0.909,-2.25,0.23,5,71.0,20.46,0.2578,0.0112,0.21,-0.002,0.034,1.403,-2.103,-131.95,11.52,2,3.87,1,0.62,2.91,-6.79,-3.227,1,5,0.206,0.2096,0.206,0.2188
8.621,1,0.899,-2.0,0.17,5,70.8,20.81,0.2679,0.0106,0.21,-0.002,0.034,1.403,-2.103,-131.95,11.52,2,3.87,1,0.617,3.88,-10.23,-1.794,1,5,0.206,0.2096,0.206,0.2188
8.724,1,0.917,-1.25,0.08,5,71.4,20.57,0.2643,0.0111,0.261,-0.002,-0.026,1.379,-2.129,-131.72,11.52,2,3.87,1,0.654,8.24,-2.2,1.905,1,5,0.2501,0.2575,0.2464,0.263
8.823,1,0.936,-0.75,0.74,5,76.8,20.57,0.2993,0.0068,0.279,-0.0,0.04,1.364,-2.146,-131.61,11.52,2,1.05,1,0.642,11.15,2.6,-3.41,1,5,0.2753,0.2846,0.2716,0.2827
8.852,1,0.935,-0.75,0.63,5,78.0,21.02,0.2874,-0.0241,0.28,0.0,-0.011,1.36,-2.15,-131.61,11.52,2,1.05,1,0.642,11.15,2.6,-3.41,1,5,0.2772,0.2846,0.2753,0.2827
9.022,1,0.931,-0.5,0.28,5,78.4,20.2,0.2746,-0.0168,0.281,-0.007,-0.021,1.325,-2.188,-131.78,11.53,2,0.68,1,0.653,10.18,2.89,-3.742,1,5,0.2912,0.2689,0.2782,0.2838
9.051,1,0.93,-0.75,0.51,5,78.5,20.44,0.2627,-0.0066,0.276,-0.006,-0.018,1.322,-2.192,-131.78,11.53,2,0.68,1,0.653,10.18,2.89,-3.742,1,5,0.2856,0.2671,0.2745,0.2782
9.125,1,0.919,0.25,0.17,5,78.3,20.44,0.2167,-0.009,0.273,-0.001,0.02,1.307,-2.209,-131.67,11.53,2,0.68,1,0.638,11.15,2.4,-0.194,1,5,0.2745,0.2763,0.2671,0.2726
9.223,1,0.909,0.25,0.34,5,77.9,20.04,0.2143,-0.0089,0.257,-0.001,-0.026,1.29,-2.228,-131.67,11.53,2,0.35,1,0.647,11.15,1.88,-6.978,1,5,0.2593,0.2575,0.2556,0.2575
9.29,1,0.903,0.5,-0.12,5,78.0,20.04,0.178,-0.012,0.251,-0.003,0.022,1.28,-2.239,-131.84,11.53,2,0.35,1,0.667,11.15,0.78,-5.728,1,5,0.2575,0.2464,0.2482,0.2501
9.322,1,0.906,0.75,0.07,5,78.6,20.44,0.1542,-0.0027,0.239,-0.002,0.035,1.274,-2.245,-131.78,11.53,2,0.35,1,0.66,12.12,1.27,-5.506,1,5,0.2482,0.2408,0.2464,0.2482
9.418,1,0.897,0.75,-0.51,5,78.5,20.46,0.1602,-0.0091,0.217,0.004,-0.043,1.262,-2.258,-132.07,11.53,2,-1.35,1,0.646,15.03,5.97,-4.601,1,5,0.2112,0.2056,0.2352,0.2149
9.491,1,0.909,0.25,0.3,5,77.8,20.46,0.1815,0.0067,0.2,0.0,-0.134,1.252,-2.27,-132.35,11.53,2,-1.35,1,0.644,14.54,6.15,-3.915,1,5,0.2059,0.191,0.2096,0.1929
9.721,1,0.923,0.25,0.06,5,78.6,20.46,0.1968,-0.0107,0.161,-0.002,0.036,1.227,-2.297,-132.53,11.53,2,-2.84,1,0.655,17.45,10.35,-4.458,1,5,0.1632,0.1632,0.1558,0.1632
9.752,1,0.921,0.5,-0.17,5,79.2,20.44,0.2022,-0.004,0.163,0.002,0.035,1.222,-2.302,-132.47,11.53,2,-2.84,1,0.655,17.45,10.35,-4.458,1,5,0.1595,0.1669,0.1632,0.1613
9.922,1,0.905,1.25,-0.38,5,80.0,20.46,0.1753,-0.0002,0.184,0.006,0.026,1.201,-2.326,-132.35,11.53,2,-2.84,1,0.665,18.42,10.89,-6.189,1,5,0.1723,0.1926,0.1871,0.1852
10.018,1,0.901,0.75,-0.62,5,79.2,20.46,0.1913,-0.0016,0.18,0.003,0.005,1.192,-2.337,-132.58,11.54,2,-2.84,1,0.656,17.93,11.92,-2.835,1,5,0.1762,0.1836,0.1836,0.178
10.055,1,0.903,1.0,-0.43,5,79.1,20.57,0.1983,0.0122,0.178,0.003,0.01,1.187,-2.342,-132.58,11.54,2,-2.84,1,0.639,17.93,10.11,-3.442,1,5,0.1797,0.1778,0.1834,0.1704
10.122,1,0.898,1.0,-0.16,5,78.7,20.96,0.2263,0.0046,0.177,0.005,-0.08,1.178,-2.353,-132.64,11.54,2,-2.84,1,0.648,15.99,14.3,-6.568,1,5,0.1725,0.1855,0.178,0.1706
10.224,1,0.886,1.5,-0.69,5,78.3,20.56,0.2019,-0.0042,0.196,0.006,0.02,1.165,-2.368,-132.58,11.54,2,-2.06,1,0.669,15.99,15.22,-4.894,1,5,0.1873,0.2003,0.204,0.1929
10.456,1,0.894,1.5,-0.73,5,78.4,20.57,0.268,0.0113,0.203,0.003,0.014,1.136,-2.4,-132.81,11.57,2,-0.98,1,0.677,15.03,6.23,-1.234,1,5,0.1984,0.2077,0.204,0.2003
10.516,1,0.897,1.5,-0.34,5,78.9,20.96,0.2514,0.0117,0.228,0.004,-0.032,1.126,-2.411,-132.75,11.57,2,-0.98,1,0.671,15.51,5.98,-4.182,1,5,0.222,0.2331,0.2313,0.2276
10.623,1,0.887,2.25,-0.45,5,78.4,20.46,0.267,-0.0011,0.257,0.006,-0.096,1.106,-2.434,-132.7,11.57,2,1.01,1,0.662,13.09,1.95,0.0,0,5,0.2485,0.2615,0.2652,0.2522
10.717,1,0.888,2.25,-0.84,5,78.3,20.46,0.2949,-0.0041,0.265,0.005,-0.015,1.092,-2.45,-132.75,11.57,2,1.01,1,0.69,10.66,-5.45,0.0,0,5,0.2578,0.2708,0.2689,0.2615
10.788,1,0.889,1.75,-1.05,5,79.0,20.57,0.3231,0.0138,0.282,0.004,0.031,1.076,-2.467,-132.81,11.57,2,1.98,1,0.68,10.66,-6.05,0.0,0,5,0.2753,0.2845,0.2863,0.2808
10.816,1,0.892,1.75,-0.38,5,78.2,20.46,0.3369,0.0299,0.289,0.004,0.052,1.072,-2.472,-132.81,11.57,2,1.98,1,0.68,10.66,-6.05,0.0,0,5,0.2826,0.2936,0.2936,0.2881
10.918,1,0.919,1.75,-0.68,5,77.1,20.46,0.2962,-0.0007,0.327,0.0,-0.058,1.049,-2.496,-132.75,11.57,2,1.98,1,0.681,11.63,-4.46,-6.812,1,5,0.3212,0.3321,0.323,0.3321
10.958,1,0.925,1.75,-0.25,5,77.2,20.46,0.2722,0.0093,0.337,0.001,0.031,1.04,-2.506,-132.7,11.6,2,1.02,1,0.676,10.66,-4.61,-6.613,1,5,0.3338,0.3394,0.3357,0.3375
10.988,1,0.933,1.75,-0.25,5,78.8,20.2,0.2599,-0.0067,0.335,0.003,-0.122,1.031,-2.516,-132.81,11.6,2,1.02,1,0.679,10.66,-1.71,-5.086,1,5,0.33,0.3392,0.3373,0.3336
11.016,1,0.929,1.25,-0.66,5,79.4,20.57,0.2483,-0.0072,0.331,0.003,-0.02,1.027,-2.521,-132.87,11.6,2,1.02,1,0.679,10.66,-1.71,-5.086,1,5,0.3268,0.3304,0.3377,0.3286
11.087,1,0.908,0.75,-0.49,5,81.8,20.46,0.2382,0.0117,0.311,0.004,-0.088,1.01,-2.54,-133.1,11.6,2,1.02,1,0.678,9.69,-0.9,-0.153,1,5,0.3082,0.3045,0.3265,0.3064
11.115,1,0.9,0.5,-0.85,5,82.5,20.96,0.2449,0.0127,0.307,0.003,-0.066,1.006,-2.544,-133.16,11.6,2,1.02,1,0.678,9.69,-0.9,-0.153,1,5,0.3093,0.2982,0.3223,0.2982
11.157,1,0.888,0.5,-0.84,5,82.7,21.02,0.2659,0.0282,0.296,0.004,-0.094,0.998,-2.553,-133.33,11.6,2,-0.85,1,0.678,12.6,0.92,-1.508,1,5,0.3038,0.289,0.3112,0.2816
11.187,1,0.884,0.0,-0.89,5,82.2,21.02,0.2732,0.0278,0.283,0.005,-0.114,0.991,-2.561,-133.5,11.6,2,-0.85,1,0.672,11.15,3.18,0.694,1,5,0.2927,0.2778,0.2982,0.263
11.217,1,0.885,-0.5,-1.22,5,82.0,20.96,0.287,0.0361,0.278,0.005,-0.038,0.987,-2.565,-133.56,11.6,2,-0.85,1,0.672,11.15,3.18,0.694,1,5,0.2853,0.2741,0.2908,0.2612
11.287,1,0.88,-1.0,-0.84,5,82.4,21.02,0.3082,0.0555,0.273,0.001,0.035,0.972,-2.581,-133.61,11.6,2,-0.85,1,0.678,10.66,4.61,2.665,1,5,0.2741,0.2723,0.276,0.2704
11.322,1,0.88,-1.0,-1.1,5,82.4,21.02,0.2979,0.0446,0.277,0.0,0.03,0.964,-2.589,-133.5,11.6,2,-0.85,1,0.697,10.66,3.79,0.408,1,5,0.2741,0.2834,0.2723,0.2797
11.355,1,0.875,-1.0,-1.24,5,82.4,21.02,0.3048,0.0548,0.282,-0.0,0.042,0.96,-2.593,-133.5,11.61,2,-0.84,1,0.696,10.66,5.26,4.3,1,5,0.2794,0.2886,0.2738,0.2849
11.387,1,0.878,-1.25,-0.91,5,82.7,20.46,0.2805,0.0566,0.29,-0.003,0.056,0.952,-2.602,-133.38,11.61,2,-0.84,1,0.691,10.66,5.51,5.347,1,5,0.2853,0.2964,0.2778,0.3001
11.488,1,0.878,-1.25,-0.57,5,83.0,20.46,0.2302,0.0416,0.284,-0.001,0.058,0.932,-2.622,-133.21,11.61,2,-0.84,1,0.691,11.15,6.48,1.895,1,5,0.272,0.2868,0.2775,0.2979
11.52,1,0.866,-1.0,-0.78,5,82.6,20.44,0.244,0.0312,0.279,-0.0,0.084,0.928,-2.626,-133.1,11.61,2,-0.84,1,0.695,11.15,5.75,2.406,1,5,0.2649,0.2816,0.276,0.2927
11.588,1,0.879,-1.25,-0.4,5,84.2,20.46,0.2265,0.0338,0.266,-0.003,0.021,0.914,-2.641,-133.1,11.61,2,2.48,1,0.687,7.76,2.91,0.209,1,5,0.2615,0.2615,0.2652,0.2763
11.617,1,0.889,-1.0,-0.73,5,83.9,20.56,0.2402,0.0253,0.263,-0.001,0.077,0.91,-2.645,-132.98,11.61,2,2.48,1,0.687,7.76,2.91,0.209,1,5,0.2596,0.2596,0.2634,0.2689
11.687,1,0.893,-1.25,-0.18,5,82.9,20.46,0.2229,0.0318,0.246,0.002,-0.033,0.897,-2.66,-133.04,11.61,2,2.48,1,0.666,3.88,-4.4,0.75,1,5,0.2427,0.2501,0.2464,0.2445
11.715,1,0.893,-1.25,-0.71,5,83.0,20.46,0.2296,0.0178,0.243,0.0,0.051,0.894,-2.663,-132.98,11.61,2,2.48,1,0.666,3.88,-4.4,0.75,1,5,0.2412,0.2467,0.2412,0.2449
11.787,1,0.888,-0.75,-0.49,5,83.6,20.46,0.2194,0.0336,0.232,0.001,0.04,0.881,-2.677,-133.04,11.61,2,5.17,1,0.644,2.42,-7.75,7.696,1,5,0.2286,0.2341,0.2323,0.2341
11.819,1,0.885,-0.75,-0.88,5,83.3,20.46,0.2152,0.0207,0.23,0.003,0.028,0.878,-2.68,-132.98,11.61,2,5.17,1,0.659,-0.48,-15.08,3.846,1,5,0.2244,0.2337,0.2318,0.23
11.887,1,0.886,-0.25,-0.46,5,83.2,20.0,0.2361,0.0352,0.223,0.003,-0.073,0.866,-2.693,-132.93,11.61,2,5.17,1,0.711,0.97,-13.95,5.878,1,5,0.2151,0.2263,0.2263,0.2263
11.917,1,0.888,-0.75,-0.19,5,83.0,20.46,0.2245,0.0147,0.22,0.005,0.037,0.864,-2.697,-132.93,11.61,2,5.17,1,0.711,0.97,-13.95,5.878,1,5,0.2077,0.2244,0.2244,0.2226
11.956,1,0.892,-0.75,-0.46,5,82.9,20.46,0.1885,0.0122,0.217,0.004,0.05,0.857,-2.703,-132.87,11.62,2,5.83,1,0.701,0.48,-14.74,5.326,1,5,0.2041,0.2188,0.2225,0.2207
11.986,1,0.89,-0.75,-0.18,5,82.8,20.46,0.1761,0.019,0.217,0.002,-0.017,0.851,-2.71,-132.87,11.62,2,5.83,1,0.702,0.48,-12.79,4.868,1,5,0.2097,0.217,0.2206,0.2206
12.015,1,0.893,-0.75,-0.71,5,82.1,20.46,0.1804,0.0118,0.215,0.0,-0.045,0.849,-2.713,-132.93,11.62,2,5.83,1,0.702,0.48,-12.79,4.868,1,5,0.2115,0.2152,0.2152,0.2188
12.054,1,0.896,-0.75,-1.12,5,81.7,20.46,0.1804,0.0258,0.208,0.001,0.011,0.843,-2.719,-132.93,11.62,2,5.83,1,0.682,0.0,-14.29,1.075,1,5,0.2039,0.2094,0.2075,0.2094
12.086,1,0.906,-1.0,-0.65,5,81.1,20.56,0.1945,0.0388,0.198,-0.001,0.045,0.838,-2.724,-132.93,11.62,2,5.83,1,0.692,0.0,-14.16,3.33,1,5,0.1982,0.1908,0.2019,0.2001
12.117,1,0.905,-0.75,-0.87,5,80.8,20.46,0.2084,0.0292,0.193,-0.003,-0.023,0.835,-2.727,-132.93,11.62,2,5.83,1,0.692,0.0,-14.16,3.33,1,5,0.1933,0.1823,0.1988,0.1988
12.186,1,0.915,-1.0,-0.81,5,80.1,20.57,0.2128,0.0332,0.183,-0.002,0.101,0.825,-2.737,-132.87,11.62,2,5.36,1,0.686,0.0,-15.33,4.261,1,5,0.1788,0.1899,0.1733,0.1917
12.221,1,0.915,-1.0,-0.64,5,79.7,20.96,0.2127,0.0342,0.185,-0.002,0.086,0.822,-2.74,-132.75,11.62,2,5.36,1,0.689,0.0,-13.63,4.574,1,5,0.1788,0.1899,0.1733,0.1917
12.286,1,0.912,-0.25,-0.74,5,79.5,20.46,0.2149,0.029,0.187,-0.004,0.072,0.817,-2.745,-132.58,11.62,2,5.36,1,0.678,0.48,-12.83,2.269,1,5,0.1817,0.191,0.1743,0.2003
12.32,1,0.911,-0.25,-0.75,5,79.6,20.46,0.2104,0.0229,0.185,-0.005,0.045,0.809,-2.754,-132.53,11.62,2,5.36,1,0.676,0.97,-12.06,3.863,1,5,0.1817,0.1947,0.1669,0.1984
12.385,1,0.915,-0.25,0.04,5,78.4,20.46,0.2314,0.0257,0.189,-0.004,0.063,0.801,-2.762,-132.3,11.63,2,5.05,1,0.681,0.97,-11.7,2.866,1,5,0.1869,0.1942,0.1759,0.1997
12.421,1,0.925,-0.25,0.04,5,78.7,20.46,0.2454,0.0002,0.192,-0.004,0.0,0.799,-2.765,-132.3,11.63,2,5.05,1,0.682,1.45,-10.86,1.772,1,5,0.1869,0.196,0.1814,0.2052
12.487,1,0.902,-0.25,0.04,5,81.0,20.46,0.2281,0.0007,0.212,-0.003,0.082,0.784,-2.78,-132.24,11.63,2,5.05,1,0.673,1.45,-11.02,3.062,1,5,0.213,0.213,0.2038,0.2167
12.518,1,0.9,0.25,-0.63,5,81.1,20.46,0.2228,0.0007,0.212,-0.003,0.082,0.784,-2.78,-132.24,11.63,2,5.05,1,0.673,1.94,-11.78,5.204,1,5,0.213,0.213,0.2038,0.2167
12.586,1,0.894,0.25,-0.04,5,81.7,20.46,0.1866,0.0138,0.225,-0.003,-0.071,0.772,-2.794,-132.24,11.63,2,5.46,1,0.683,1.94,-10.67,1.801,1,5,0.2239,0.2257,0.2183,0.2313
12.619,1,0.887,0.25,-0.2,5,82.6,20.46,0.2005,-0.0019,0.224,-0.001,0.072,0.769,-2.797,-132.18,11.63,2,5.46,1,0.676,1.94,-11.97,1.594,1,5,0.2202,0.2257,0.2202,0.2294
12.685,1,0.882,0.25,0.06,5,81.5,20.46,0.2216,0.0036,0.215,-0.003,-0.116,0.757,-2.809,-132.12,11.63,2,5.46,1,0.672,1.94,-8.59,4.98,1,5,0.2149,0.2075,0.2167,0.2204
12.719,1,0.883,-0.25,-0.36,5,81.7,20.81,0.2171,-0.0044,0.214,-0.004,-0.12,0.754,-2.813,-132.3,11.63,2,5.46,1,0.667,0.97,-10.6,0.774,1,5,0.2149,0.2075,0.213,0.2204
12.75,1,0.879,-0.25,-0.62,5,82.3,20.46,0.224,0.0152,0.211,-0.003,0.047,0.749,-2.819,-132.24,11.63,2,5.46,1,0.667,0.97,-10.6,0.774,1,5,0.2165,0.2128,0.2035,0.2128
12.785,1,0.885,-0.25,-0.06,5,82.1,20.46,0.2381,0.024,0.208,-0.003,0.073,0.743,-2.825,-132.12,11.63,2,5.59,1,0.682,1.45,-11.19,0.074,1,5,0.213,0.2075,0.2038,0.2093
12.819,1,0.886,0.25,-0.36,5,82.2,20.46,0.2526,0.0051,0.207,-0.003,-0.002,0.74,-2.828,-132.07,11.63,2,5.59,1,0.69,1.45,-10.68,0.916,1,5,0.2112,0.2056,0.2019,0.2093
12.854,1,0.877,0.25,-0.44,5,82.4,20.46,0.259,0.0092,0.21,-0.004,0.046,0.734,-2.834,-132.12,11.63,2,5.59,1,0.681,1.94,-8.32,7.249,1,5,0.2096,0.2114,0.2021,0.2188
12.887,1,0.886,0.25,-0.62,5,83.4,20.46,0.2349,0.0114,0.219,-0.004,0.078,0.728,-2.841,-132.01,11.63,2,5.59,1,0.69,1.94,-6.04,0.0,0,5,0.2188,0.2226,0.2077,0.2281
12.984,1,0.887,0.75,0.03,5,85.9,20.46,0.2699,0.0199,0.236,-0.002,0.038,0.712,-2.858,-131.89,11.64,2,4.57,1,0.679,2.91,-1.26,0.0,0,5,0.2318,0.2374,0.2244,0.2411
13.018,1,0.891,0.75,0.19,5,86.0,20.46,0.2838,-0.0096,0.239,-0.002,0.147,0.709,-2.862,-131.78,11.64,2,4.57,1,0.666,3.39,-0.51,0.0,0,5,0.2374,0.2448,0.2281,0.2448
13.085,1,0.887,0.75,0.88,5,87.1,20.46,0.3049,-0.0151,0.255,-0.001,-0.014,0.695,-2.877,-131.72,11.64,2,4.57,1,0.642,4.36,2.65,0.0,0,5,0.2504,0.2578,0.2485,0.2615
13.119,1,0.884,0.75,0.96,5,87.9,20.46,0.3189,-0.0431,0.26,-0.0,0.048,0.691,-2.881,-131.67,11.64,2,4.57,1,0.629,3.88,8.9,0.0,0,5,0.2541,0.2634,0.2559,0.2671
13.184,1,0.89,0.75,0.84,5,85.3,20.46,0.3068,-0.0451,0.292,-0.0,-0.022,0.676,-2.899,-131.84,11.64,2,5.41,1,0.664,3.39,32.57,0.0,0,5,0.2949,0.2912,0.2912,0.2893
13.216,1,0.888,0.75,0.83,5,83.7,20.46,0.2951,-0.0393,0.299,-0.001,0.025,0.671,-2.903,-131.84,11.64,2,5.41,1,0.664,3.39,32.57,0.0,0,5,0.3079,0.2967,0.2986,0.293
13.285,1,0.889,0.75,0.29,5,83.2,20.46,0.2468,-0.0351,0.311,-0.002,0.04,0.655,-2.922,-132.07,11.64,2,5.41,1,0.72,2.91,52.79,0.0,0,5,0.3186,0.3056,0.313,0.3075
13.32,1,0.888,1.25,0.41,5,82.6,20.46,0.223,-0.016,0.31,-0.001,0.065,0.65,-2.926,-132.01,11.64,2,5.41,1,0.726,2.91,57.5,0.0,0,5,0.3167,0.3038,0.313,0.3056
13.385,1,0.888,0.0,0.66,5,82.7,20.81,0.1868,-0.0238,0.293,0.002,-0.009,0.635,-2.944,-132.3,11.64,2,9.13,1,0.714,0.48,59.67,0.0,0,5,0.2986,0.2893,0.3004,0.2838
13.484,1,0.829,-0.25,7.1,5,82.5,21.11,0.1268,-0.012,0.272,-0.006,0.028,0.616,-2.964,-132.64,11.64,2,9.13,1,0.724,6.79,62.78,0.0,0,5,0.2871,0.2519,0.2816,0.2686
13.527,1,0.799,-0.25,11.26,5,81.8,23.35,0.12,-0.132,0.258,-0.003,-0.157,0.61,-2.971,-132.81,11.64,2,9.13,1,0.674,6.79,60.41,0.0,0,5,0.2723,0.2408,0.2704,0.2501
13.554,1,0.791,-1.5,15.42,5,81.5,23.35,0.12,-0.2119,0.249,-0.002,-0.22,0.606,-2.974,-133.1,11.64,2,9.13,1,0.73,5.33,58.95,0.0,0,5,0.2587,0.231,0.2642,0.2439
13.586,1,0.763,-2.25,18.84,5,80.6,24.26,0.12,-0.2771,0.233,0.002,0.034,0.6,-2.981,-133.16,11.64,2,18.61,1,0.711,5.82,57.7,0.0,0,5,0.2384,0.218,0.2513,0.2236
13.615,1,0.728,0.0,20.23,5,78.7,24.26,0.12,-0.3341,0.225,0.001,0.02,0.597,-2.984,-133.1,11.64,2,18.61,1,0.711,5.82,57.7,0.0,0,5,0.2328,0.2107,0.2421,0.2162
13.685,1,0.755,4.99,23.23,5,75.0,22.96,0.12,-0.3894,0.202,-0.003,-0.053,0.586,-2.995,-133.67,11.64,2,18.61,1,0.737,1.45,55.35,0.0,0,5,0.2146,0.1887,0.2091,0.1961
13.757,1,0.764,9.73,23.68,5,71.7,23.34,0.12,-0.4993,0.183,0.0,-0.019,0.579,-3.003,-133.67,11.64,2,18.61,1,0.773,-0.97,53.49,0.0,0,5,0.1954,0.1714,0.1954,0.1714
13.784,1,0.749,12.23,23.41,5,70.5,23.34,0.12,-0.5652,0.17,-0.005,-0.085,0.574,-3.007,-133.79,11.64,2,30.61,1,0.796,-2.42,53.75,0.0,0,5,0.1917,0.1622,0.1862,0.1659
13.885,1,0.602,16.97,22.8,5,67.1,22.22,0.12,-0.5694,0.149,-0.006,-0.195,0.563,-3.018,-134.47,11.64,2,30.61,1,0.841,-6.3,46.12,0.0,0,5,0.1733,0.1287,0.1573,0.1358
13.914,1,0.679,17.47,21.92,5,66.9,22.22,0.12,-0.6148,0.145,-0.006,-0.158,0.561,-3.02,-134.65,11.64,2,30.61,1,0.841,-6.3,46.12,0.0,0,5,0.1751,0.1197,0.159,0.1269
13.984,1,0.67,17.72,22.32,5,65.4,22.46,0.12,-0.5881,0.127,-0.018,-0.262,0.553,-3.026,-135.79,11.65,2,42.61,1,0.813,-13.09,38.65,0.0,0,5,0.178,0.0631,0.1558,0.1113
14.053,1,0.626,16.47,23.48,5,64.7,22.22,0.12,-0.593,0.121,-0.024,-0.34,0.546,-3.03,-136.88,11.65,2,42.61,1,0.804,-21.81,27.83,0.0,0,5,0.1966,0.0371,0.1558,0.0927
14.084,1,0.646,15.22,24.54,5,64.8,22.22,0.12,-0.5982,0.114,-0.019,-0.411,0.543,-3.032,-137.8,11.65,2,42.61,1,0.799,-22.78,26.38,0.0,0,5,0.1947,0.0278,0.1613,0.0705
14.118,1,0.669,13.48,25.47,5,65.8,22.68,0.12,-0.6034,0.11,-0.017,-0.463,0.541,-3.033,-138.31,11.65,2,42.61,1,0.802,-24.72,28.18,0.0,0,5,0.191,0.0204,0.1651,0.0631
14.185,1,0.666,9.73,27.66,5,67.8,23.94,0.12,-0.603,0.102,-0.016,-0.453,0.534,-3.038,-140.49,11.65,2,45.0,1,0.814,-28.11,31.98,0.0,0,5,0.1966,0.0,0.1725,0.0408
14.219,1,0.718,7.49,29.18,5,68.7,23.35,0.12,-0.6031,0.101,-0.014,-0.472,0.533,-3.039,-141.06,11.65,2,45.0,1,0.825,-30.05,33.74,0.0,0,5,0.1963,0.0,0.1741,0.0333
14.284,1,0.817,3.74,30.2,5,70.2,23.34,0.12,-0.6132,0.1,-0.009,-0.504,0.526,-3.043,-143.41,11.65,2,45.0,1,0.815,-34.41,37.28,0.0,0,5,0.1982,0.0,0.1815,0.0204
14.384,1,0.829,-1.5,29.11,5,71.5,22.96,0.12,-0.6019,0.094,-0.001,-0.543,0.518,-3.048,-146.51,11.66,2,45.0,1,0.833,-40.71,37.87,0.0,0,5,0.191,-0.0019,0.1873,0.0
14.484,1,0.825,-4.74,26.39,5,71.3,22.65,0.12,-0.5328,0.096,-0.004,-0.527,0.51,-3.053,-149.6,11.66,2,45.0,1,0.853,-49.44,39.58,0.0,0,5,0.1966,-0.0019,0.1855,0.0019
14.518,1,0.872,-5.99,25.17,5,71.9,22.65,0.12,-0.4462,0.095,-0.004,-0.54,0.508,-3.054,-150.23,11.66,2,45.0,1,0.835,-52.35,39.17,0.0,0,5,0.1947,-0.0019,0.1836,0.0019
14.584,1,0.856,-8.73,22.86,5,73.7,21.6,0.12,-0.4167,0.091,-0.001,-0.583,0.502,-3.057,-152.75,11.66,2,45.0,1,0.853,-58.16,37.76,0.0,0,5,0.1855,0.0,0.1799,0.0
14.618,1,0.888,-9.98,21.78,5,74.5,21.96,0.12,-0.3441,0.091,-0.002,-0.524,0.5,-3.058,-153.32,11.66,2,45.0,1,0.877,-61.56,36.99,0.0,0,5,0.1855,0.0,0.178,0.0
14.685,1,0.862,-12.98,20.15,5,76.3,21.67,0.1339,-0.3593,0.085,0.0,-0.465,0.494,-3.061,-155.56,11.66,2,45.0,1,0.839,-64.46,36.92,0.0,0,5,0.1706,0.0,0.1706,0.0
14.718,1,0.871,-14.23,19.01,5,76.1,21.6,0.1478,-0.3305,0.084,0.001,-0.473,0.492,-3.062,-156.07,11.66,2,45.0,1,0.847,-65.92,34.35,0.0,0,5,0.1669,0.0019,0.1688,0.0
14.784,1,0.841,-16.72,17.11,5,76.4,21.6,0.1689,-0.3482,0.086,0.0,-0.454,0.486,-3.065,-158.25,11.66,2,45.0,1,0.86,-66.89,28.98,0.0,0,5,0.1723,0.0037,0.1686,0.0
14.883,1,0.768,-20.71,13.84,5,77.3,21.46,0.204,-0.3495,0.117,0.004,-0.477,0.475,-3.069,-161.06,11.66,2,45.0,1,0.888,-66.89,19.23,0.0,0,5,0.1947,0.0371,0.204,0.0315
14.984,1,0.723,-22.46,10.72,5,80.5,21.42,0.2389,-0.2665,0.16,0.013,-0.338,0.46,-3.075,-163.35,11.67,2,39.28,1,0.919,-60.1,8.56,0.0,0,5,0.2188,0.0927,0.2337,0.0631
15.084,1,0.721,-22.96,16.37,5,78.3,24.26,0.1789,-0.0799,0.2,0.006,-0.306,0.441,-3.081,-165.24,11.67,2,39.28,1,0.913,-41.68,23.62,0.0,0,5,0.2464,0.1482,0.263,0.1408
15.118,1,0.716,-22.96,23.11,5,79.2,23.73,0.1551,-0.1796,0.202,0.006,-0.271,0.437,-3.082,-165.53,11.67,2,39.28,1,0.903,-35.87,30.84,0.0,0,5,0.2467,0.1521,0.2634,0.1447
15.152,1,0.737,-23.21,29.58,5,78.7,26.27,0.1429,-0.3016,0.197,0.008,-0.23,0.43,-3.084,-166.1,11.67,2,39.28,1,0.921,-31.02,32.28,0.0,0,5,0.2355,0.1595,0.2504,0.1428
15.183,1,0.741,-22.71,35.55,5,78.7,27.44,0.12,-0.3538,0.189,0.01,-0.213,0.423,-3.087,-166.56,11.67,2,35.55,1,0.884,-25.2,37.55,0.0,0,5,0.2281,0.1632,0.243,0.1409
15.217,1,0.799,-22.71,38.93,5,79.1,27.44,0.12,-0.4718,0.185,0.014,-0.262,0.42,-3.088,-166.85,11.67,2,35.55,1,0.884,-25.2,37.55,0.0,0,5,0.2114,0.1613,0.2374,0.1298
15.282,1,0.775,-20.71,41.42,5,75.9,26.45,0.12,-0.54,0.169,0.006,-0.233,0.407,-3.091,-167.99,11.67,2,35.55,1,0.896,-25.69,21.19,0.0,0,5,0.206,0.1287,0.2207,0.1195
15.318,1,0.819,-17.22,41.44,5,73.9,26.67,0.12,-0.6112,0.162,0.002,-0.309,0.404,-3.092,-168.34,11.67,2,35.55,1,0.889,-26.66,14.87,0.0,0,5,0.2033,0.1161,0.2123,0.118
15.352,1,0.793,-14.23,40.89,5,71.8,26.27,0.12,-0.6543,0.158,0.003,-0.336,0.401,-3.092,-168.74,11.67,2,35.55,1,0.882,-29.08,3.89,0.0,0,5,0.1987,0.112,0.2095,0.112
15.384,1,0.755,-11.98,40.76,5,69.2,26.27,0.12,-0.6732,0.149,0.003,-0.339,0.394,-3.094,-169.6,11.68,2,45.0,1,0.88,-31.5,-7.33,0.0,0,5,0.1985,0.1028,0.2021,0.0939
15.419,1,0.688,-9.48,39.18,5,67.1,25.95,0.12,-0.6902,0.147,0.003,-0.326,0.392,-3.094,-170.0,11.68,2,45.0,1,0.903,-31.5,-11.49,0.0,0,5,0.2021,0.0975,0.2021,0.0868
15.484,1,0.657,-5.24,37.39,5,65.4,25.31,0.12,-0.679,0.143,0.0,-0.454,0.38,-3.096,-171.94,11.68,2,45.0,1,0.902,-30.54,-16.96,0.0,0,5,0.2207,0.0668,0.2207,0.0649
15.518,1,0.667,-4.49,36.67,5,64.2,24.79,0.12,-0.6896,0.142,-0.002,-0.46,0.377,-3.096,-172.46,11.68,2,45.0,1,0.909,-31.5,-18.78,0.0,0,5,0.2263,0.0593,0.2207,0.0631
15.552,1,0.641,-6.74,37.6,5,62.1,25.0,0.12,-0.6807,0.141,-0.014,-0.529,0.372,-3.096,-173.61,11.68,2,45.0,1,0.915,-32.47,-22.2,0.0,0,5,0.2334,0.0408,0.213,0.0759
15.583,1,0.638,-8.24,37.89,5,62.4,24.79,0.12,-0.6649,0.137,-0.019,-0.51,0.366,-3.096,-174.75,11.68,2,45.0,1,0.923,-33.93,-26.26,0.0,0,5,0.2334,0.0259,0.2093,0.0797
15.618,1,0.645,-7.74,36.69,5,64.0,24.45,0.12,-0.6505,0.134,-0.022,-0.529,0.364,-3.095,-175.38,11.68,2,45.0,1,0.915,-35.87,-27.97,0.0,0,5,0.2334,0.0167,0.2075,0.0778
15.682,1,0.659,-10.23,35.54,5,61.8,23.94,0.12,-0.6334,0.124,-0.018,-0.632,0.354,-3.095,-178.02,11.68,2,45.0,1,0.919,-39.74,-35.02,0.0,0,5,0.2392,0.0,0.2133,0.0445
15.718,1,0.649,-11.98,34.16,5,61.4,23.89,0.12,-0.5815,0.122,-0.015,-0.609,0.352,-3.095,-178.76,11.68,2,45.0,1,0.92,-42.65,-37.88,0.0,0,5,0.2355,0.0,0.2151,0.0389
15.783,1,0.286,-2.11,30.41,4,67.4,23.27,0.12,-0.5384,0.115,-0.009,-0.573,0.342,-3.094,178.53,11.68,2,41.4,1,0.93,-47.01,-44.37,0.0,0,5,0.2244,0.0,0.2114,0.0223
15.883,1,0.706,-13.98,27.38,5,72.5,22.15,0.12,-0.5235,0.105,-0.004,-0.614,0.332,-3.093,175.15,11.68,2,41.4,1,0.941,-45.56,-42.65,0.0,0,5,0.2188,0.0,0.2021,-0.0019
15.913,1,0.801,-13.98,25.8,5,73.5,22.15,0.1268,-0.4064,0.103,-0.003,-0.572,0.33,-3.093,174.47,11.68,2,41.4,1,0.941,-45.56,-42.65,0.0,0,5,0.2151,0.0,0.2003,-0.0019
15.981,1,0.773,-17.47,23.78,5,76.9,21.42,0.155,-0.4768,0.1,0.003,-0.568,0.322,-3.092,171.77,11.69,2,29.4,1,0.943,-40.71,-33.32,0.0,0,5,0.1947,0.0,0.204,0.0
16.019,1,0.808,-18.22,22.31,5,79.2,21.42,0.169,-0.4333,0.101,0.003,-0.512,0.32,-3.092,171.14,11.69,2,29.4,1,0.951,-40.71,-32.46,0.0,0,5,0.1947,0.0037,0.204,0.0
16.083,1,0.789,-19.97,19.93,5,81.0,21.42,0.19,-0.4511,0.111,0.008,-0.543,0.311,-3.091,168.56,11.69,2,29.4,1,0.93,-37.32,-26.61,0.0,0,5,0.204,0.026,0.2133,0.0019
16.119,1,0.807,-21.46,19.01,5,81.4,21.42,0.2041,-0.3994,0.116,0.01,-0.593,0.308,-3.091,167.88,11.69,2,29.4,1,0.942,-36.84,-23.95,0.0,0,5,0.204,0.0278,0.2244,0.0074
16.183,1,0.819,-21.96,16.31,5,81.7,20.96,0.2249,-0.4034,0.138,0.013,-0.513,0.3,-3.089,165.93,11.69,2,17.4,1,0.915,-33.44,-22.85,0.0,0,5,0.217,0.0519,0.2485,0.0334
16.251,1,0.836,-23.21,14.4,5,82.4,20.81,0.2459,-0.3512,0.174,0.011,-0.453,0.286,-3.086,163.75,11.69,2,17.4,1,0.882,-26.66,-5.33,0.0,0,5,0.2504,0.1001,0.2708,0.076
16.352,1,0.817,-25.7,12.25,5,84.1,20.57,0.275,-0.3175,0.218,0.014,-0.408,0.264,-3.081,161.23,11.69,2,17.4,1,0.837,-19.39,8.31,0.0,0,5,0.2782,0.1688,0.2949,0.1298
16.385,1,0.851,-25.21,11.24,5,84.1,21.02,0.2572,-0.1895,0.233,0.013,-0.397,0.255,-3.078,160.43,11.7,2,5.4,1,0.818,-16.96,13.82,0.0,0,5,0.2912,0.1855,0.3079,0.1484
16.449,1,0.846,-26.2,9.97,5,84.2,21.02,0.2364,-0.141,0.25,0.015,-0.264,0.24,-3.074,159.17,11.7,2,5.4,1,0.808,-12.6,25.43,0.0,0,5,0.2967,0.2077,0.3227,0.1725
16.484,1,0.855,-25.21,9.18,5,83.9,21.02,0.2125,-0.0636,0.256,0.018,-0.306,0.23,-3.071,158.54,11.7,2,5.4,1,0.725,-6.79,31.31,0.0,0,5,0.2912,0.2226,0.3264,0.1855
16.581,1,0.863,-23.71,9.01,5,83.7,20.57,0.1526,0.011,0.254,0.018,-0.224,0.211,-3.065,157.39,11.7,2,-2.13,1,0.75,2.91,44.4,0.0,0,5,0.2763,0.2281,0.3153,0.1947
16.682,1,0.859,-21.96,8.74,5,84.1,20.81,0.12,0.039,0.223,0.015,-0.22,0.185,-3.056,155.96,11.7,2,-2.13,1,0.721,2.42,49.2,0.0,0,5,0.2395,0.1996,0.2758,0.176
16.782,1,0.872,-20.71,8.39,5,83.3,20.57,0.12,0.0274,0.199,0.014,-0.126,0.17,-3.05,155.39,11.7,2,5.26,1,0.722,-5.33,44.97,0.0,0,5,0.2101,0.1843,0.2415,0.1604
16.883,1,0.839,-19.47,7.46,5,84.1,20.2,0.12,0.0231,0.162,0.005,-0.096,0.152,-3.042,154.64,11.7,2,5.26,1,0.747,-12.12,39.39,0.0,0,5,0.1748,0.1548,0.1912,0.1493
17.182,1,0.807,-16.72,6.19,5,80.4,20.44,0.12,0.0321,0.102,0.001,-0.044,0.121,-3.029,153.72,11.71,2,14.41,1,0.756,-22.3,24.62,0.0,0,5,0.1094,0.0927,0.115,0.0927
17.378,1,0.682,-14.97,6.03,4,79.8,20.84,0.12,0.0307,0.09,-0.0,0.011,0.104,-3.021,153.78,11.7,2,15.24,1,0.749,-19.39,18.87,0.0,0,5,0.089,0.0909,0.089,0.0927
17.48,1,0.657,-14.97,8.36,4,79.7,20.58,0.12,0.0166,0.091,-0.001,-0.005,0.096,-3.017,153.78,11.7,2,15.24,1,0.67,-14.54,19.05,0.0,0,5,0.0908,0.0926,0.0871,0.0945
17.583,1,0.67,-12.23,9.78,4,80.3,21.11,0.12,-0.0261,0.089,0.002,-0.031,0.087,-3.012,153.95,11.7,2,17.46,1,0.617,-11.63,19.38,0.0,0,4,0.0835,0.0964,0.0853,0.0909
17.68,1,0.7,-13.48,19.38,5,79.2,21.6,0.12,-0.0812,0.091,-0.001,-0.031,0.08,-3.009,153.9,11.7,2,17.46,1,0.701,-13.09,12.93,0.0,0,5,0.0909,0.0853,0.0946,0.0946
17.749,1,0.728,-11.23,19.6,5,79.4,21.67,0.12,-0.2487,0.097,-0.001,-0.058,0.073,-3.006,153.61,11.7,2,17.46,1,0.729,-12.6,5.91,5.08,1,5,0.1113,0.089,0.1039,0.0853
17.817,1,0.768,-11.48,21.82,5,79.2,21.62,0.12,-0.2775,0.098,0.003,-0.094,0.068,-3.003,153.32,11.7,2,22.3,1,0.635,-18.9,-5.26,3.658,1,5,0.1168,0.0909,0.1113,0.0723
17.882,1,0.73,-12.48,20.93,5,77.2,21.6,0.12,-0.3155,0.102,0.001,-0.152,0.06,-3.0,152.58,11.7,2,22.3,1,0.757,-26.66,-25.21,0.0,0,5,0.1187,0.0797,0.1261,0.0742
17.981,1,0.713,-8.98,22.35,5,75.5,21.67,0.12,-0.287,0.106,0.004,-0.199,0.053,-2.996,151.72,11.7,2,26.03,1,0.752,-29.57,-35.27,0.0,0,5,0.1334,0.0797,0.1408,0.0704
18.081,1,0.776,-9.23,19.46,5,76.6,21.6,0.12,-0.3514,0.109,-0.004,-0.246,0.041,-2.989,150.17,11.7,2,26.03,1,0.745,-27.63,-33.68,0.0,0,5,0.1465,0.0705,0.1447,0.0779
18.117,1,0.777,-9.48,18.65,5,77.0,21.6,0.12,-0.2915,0.107,-0.006,-0.253,0.04,-2.988,149.83,11.7,2,26.03,1,0.711,-28.11,-35.35,0.0,0,5,0.1502,0.0556,0.1465,0.0742
18.318,1,0.769,-8.98,15.96,5,73.8,21.02,0.12,-0.2714,0.113,0.008,-0.262,0.019,-2.978,146.96,11.7,2,19.41,1,0.675,-10.66,-11.66,-4.986,1,5,0.1465,0.0853,0.1558,0.0631
18.378,1,0.791,-8.98,14.99,5,75.2,21.02,0.12,-0.2256,0.112,0.006,-0.223,0.014,-2.975,146.28,11.68,2,11.16,1,0.715,-10.18,-6.61,0.831,1,5,0.1484,0.0797,0.1576,0.0631
18.448,1,0.754,-10.23,13.38,5,75.8,20.57,0.12,-0.2066,0.111,-0.007,-0.209,0.007,-2.969,145.13,11.68,2,11.16,1,0.642,-3.88,0.81,-0.902,1,5,0.1526,0.0588,0.1489,0.0827
18.477,1,0.745,-10.48,12.57,5,76.2,20.96,0.12,-0.1608,0.11,-0.006,-0.187,0.005,-2.968,144.9,11.68,2,11.16,1,0.642,-3.88,0.81,-0.902,1,5,0.1508,0.0607,0.1471,0.0827
18.549,1,0.748,-9.98,11.93,5,75.8,20.96,0.12,-0.1439,0.111,0.001,-0.046,-0.003,-2.963,144.33,11.68,2,11.16,1,0.715,-1.45,9.04,2.743,1,5,0.1409,0.089,0.1354,0.0779
18.575,1,0.749,-9.48,11.79,5,75.4,20.96,0.12,-0.1383,0.113,0.003,-0.079,-0.005,-2.961,144.27,11.68,2,4.24,1,0.715,-1.45,9.04,2.743,1,5,0.1391,0.0983,0.1335,0.0797
18.675,1,0.762,-8.98,10.86,5,73.9,20.56,0.12,-0.1411,0.113,0.006,-0.184,-0.014,-2.955,143.35,11.68,2,4.24,1,0.707,4.85,20.71,0.0,0,5,0.127,0.0976,0.1399,0.0865
18.717,1,0.773,-8.98,10.69,5,74.2,20.57,0.12,-0.1288,0.112,0.005,-0.155,-0.018,-2.953,143.01,11.68,2,4.24,1,0.702,3.88,17.86,0.0,0,5,0.133,0.0887,0.146,0.0813
18.747,1,0.772,-8.98,10.31,5,75.7,20.96,0.12,-0.1251,0.115,0.005,-0.134,-0.022,-2.95,142.72,11.68,2,4.24,1,0.702,3.39,15.96,3.164,1,5,0.1386,0.0905,0.1497,0.0832
18.78,1,0.766,-9.48,10.31,5,76.7,20.44,0.12,-0.1173,0.115,0.005,-0.134,-0.022,-2.95,142.72,11.68,2,4.24,1,0.713,2.91,15.29,5.538,1,5,0.1386,0.0905,0.1497,0.0832
18.881,1,0.769,-9.98,9.28,5,76.9,20.96,0.1277,-0.1227,0.12,-0.004,-0.023,-0.034,-2.94,141.92,11.68,2,6.12,1,0.694,-0.48,10.95,2.886,1,5,0.1456,0.1007,0.1312,0.1007
18.975,1,0.769,-10.48,8.55,5,76.9,20.57,0.1289,-0.0984,0.118,-0.004,-0.117,-0.041,-2.934,141.35,11.68,2,6.12,1,0.699,-3.88,1.96,2.606,1,5,0.1389,0.1,0.1278,0.1056
19.047,1,0.76,-11.73,8.44,5,77.8,20.46,0.12,-0.0676,0.117,-0.008,-0.088,-0.048,-2.927,140.83,11.68,2,8.51,1,0.712,-7.27,-3.01,-0.792,1,5,0.1388,0.0833,0.1351,0.1129
19.075,1,0.749,-11.73,7.67,5,78.3,20.46,0.12,-0.0502,0.12,-0.009,-0.084,-0.05,-2.925,140.72,11.68,2,8.51,1,0.712,-7.27,-3.01,-0.792,1,5,0.1443,0.0851,0.1369,0.1129
19.11,1,0.743,-11.98,7.86,5,78.6,20.56,0.12,-0.0376,0.122,-0.007,-0.067,-0.053,-2.922,140.49,11.68,2,8.51,1,0.712,-7.27,-3.01,-0.792,1,5,0.1478,0.0924,0.1367,0.1109
19.147,1,0.746,-11.98,7.5,5,78.6,20.96,0.12,-0.0395,0.124,-0.004,-0.098,-0.057,-2.919,140.37,11.68,2,8.51,1,0.727,-10.18,-11.77,0.035,1,5,0.1423,0.1053,0.1349,0.1146
19.175,1,0.739,-12.48,7.27,5,79.0,20.96,0.12,-0.0333,0.124,-0.001,-0.088,-0.059,-2.917,140.26,11.68,2,8.51,1,0.727,-10.18,-11.77,0.035,1,5,0.1367,0.1109,0.1349,0.1127
19.275,1,0.748,-12.98,6.65,5,78.7,20.44,0.12,-0.0251,0.122,-0.005,-0.076,-0.068,-2.909,139.74,11.68,2,7.64,1,0.727,-10.66,-11.95,-1.072,1,5,0.1389,0.1,0.1352,0.1148
19.375,1,0.759,-12.98,6.29,5,77.9,20.96,0.12,-0.009,0.123,-0.005,-0.038,-0.078,-2.901,139.52,11.68,2,7.64,1,0.73,-9.21,-8.87,-0.044,1,5,0.1354,0.1113,0.1261,0.1205
19.447,1,0.768,-13.23,6.4,5,78.3,20.56,0.12,-0.003,0.121,-0.001,-0.07,-0.085,-2.894,139.17,11.68,2,4.31,1,0.725,-5.82,-0.78,-0.507,1,5,0.1298,0.1131,0.1261,0.115
19.475,1,0.775,-13.23,5.95,5,77.9,20.46,0.12,-0.002,0.12,-0.003,-0.045,-0.086,-2.893,139.11,11.68,2,4.31,1,0.725,-5.82,-0.78,-0.507,1,5,0.1298,0.1076,0.1261,0.115
19.583,1,0.785,-12.73,5.61,5,77.4,20.46,0.12,0.0056,0.117,-0.004,0.078,-0.097,-2.883,139.17,11.68,2,2.48,1,0.705,-4.36,-3.3,1.256,1,5,0.1201,0.109,0.1183,0.122
19.675,1,0.782,-12.23,5.44,5,76.6,20.56,0.1219,0.005,0.119,-0.003,0.002,-0.104,-2.877,139.11,11.68,2,2.48,1,0.729,-0.97,7.09,2.754,1,5,0.1185,0.1185,0.1148,0.126
19.714,1,0.779,-11.98,5.87,5,77.4,20.96,0.12,0.0037,0.124,-0.006,-0.024,-0.108,-2.873,139.06,11.68,2,2.48,1,0.731,-0.97,7.1,2.786,1,5,0.1317,0.1205,0.1168,0.128
19.748,1,0.791,-11.73,6.04,5,77.3,20.56,0.12,-0.0066,0.122,-0.006,-0.03,-0.111,-2.87,139.0,11.68,2,2.48,1,0.727,-0.48,6.35,3.198,1,5,0.1315,0.113,0.1185,0.126
19.779,1,0.813,-11.73,5.99,5,76.5,20.56,0.1338,-0.0238,0.122,-0.004,-0.033,-0.113,-2.868,138.94,11.68,2,2.48,1,0.728,-0.48,6.34,3.195,1,5,0.1297,0.113,0.1223,0.1223
19.843,1,0.819,-11.48,5.77,5,76.2,20.44,0.1548,-0.0383,0.12,0.001,-0.035,-0.12,-2.862,138.88,11.68,2,3.19,1,0.729,-0.48,6.34,3.196,1,5,0.1223,0.113,0.1297,0.1148
19.875,1,0.814,-11.23,5.38,5,76.3,20.44,0.1617,-0.041,0.122,0.0,-0.036,-0.122,-2.86,138.83,11.68,2,3.19,1,0.729,-0.48,6.34,3.196,1,5,0.1241,0.1148,0.1297,0.1185
19.943,1,0.81,-11.23,5.56,5,77.1,20.56,0.1574,-0.0302,0.142,-0.004,-0.041,-0.131,-2.852,138.66,11.68,2,3.19,1,0.73,-0.97,4.57,2.929,1,5,0.1489,0.1324,0.1434,0.1434
19.978,1,0.809,-11.23,6.11,5,77.6,20.46,0.1531,-0.0312,0.147,-0.004,-0.05,-0.133,-2.85,138.6,11.68,2,3.19,1,0.717,-4.85,-2.6,2.349,1,5,0.1561,0.1396,0.1469,0.1469
20.046,1,0.85,-10.73,5.21,5,77.2,20.46,0.1742,-0.0597,0.157,-0.003,-0.027,-0.143,-2.842,138.6,11.68,2,5.22,1,0.74,-3.88,-3.47,2.751,1,5,0.1641,0.1512,0.1567,0.1548
20.078,1,0.828,-10.73,5.64,5,76.9,20.56,0.1881,-0.0501,0.159,-0.004,-0.049,-0.145,-2.839,138.54,11.68,2,5.22,1,0.741,-3.88,-3.33,3.341,1,5,0.1661,0.1495,0.1606,0.1587
20.148,1,0.84,-10.73,5.52,5,76.1,20.56,0.2092,-0.0747,0.174,-0.007,-0.012,-0.155,-2.829,138.37,11.68,2,5.22,1,0.748,-4.85,-3.01,3.426,1,5,0.1852,0.1612,0.1723,0.1778
20.178,1,0.804,-10.48,5.2,5,76.3,20.57,0.2231,-0.0787,0.179,-0.007,-0.0,-0.158,-2.827,138.37,11.68,2,5.22,1,0.75,-4.36,-4.51,2.257,1,5,0.1908,0.1667,0.1778,0.1815
20.246,1,0.844,-10.48,4.8,5,74.9,20.96,0.1869,-0.0506,0.199,-0.006,-0.145,-0.167,-2.818,138.08,11.68,2,6.22,1,0.753,-4.85,-4.85,-1.077,1,5,0.2159,0.1867,0.1995,0.1958
20.28,1,0.856,-10.48,2.7,5,73.6,21.02,0.2014,-0.047,0.206,-0.006,-0.026,-0.17,-2.815,138.03,11.68,2,6.22,1,0.754,-4.85,-4.9,1.049,1,5,0.2233,0.1922,0.2068,0.2013
20.346,1,0.845,-10.48,4.0,5,73.8,21.02,0.2219,0.0089,0.208,-0.003,0.033,-0.182,-2.804,137.97,11.68,2,6.22,1,0.755,-5.33,-5.66,2.256,1,5,0.2204,0.1963,0.213,0.2019
20.378,1,0.84,-10.48,4.96,5,74.0,21.1,0.2287,-0.035,0.206,-0.004,-0.073,-0.185,-2.801,137.91,11.68,2,6.22,1,0.753,-4.85,-5.64,-2.839,1,5,0.218,0.1942,0.2089,0.2015
20.447,1,0.868,-9.73,3.84,5,74.0,20.57,0.2569,-0.0797,0.22,-0.003,0.044,-0.199,-2.788,137.8,11.67,2,3.78,1,0.746,-4.36,-6.43,-2.32,1,5,0.2268,0.216,0.2178,0.2196
20.478,1,0.877,-9.48,3.47,5,73.6,21.1,0.2707,-0.0542,0.226,-0.001,0.009,-0.202,-2.785,137.85,11.67,2,3.78,1,0.739,-3.88,-6.17,0.598,1,5,0.233,0.2238,0.2256,0.2201
20.55,1,0.885,-9.23,3.96,5,74.6,20.56,0.2921,-0.0497,0.249,0.001,-0.029,-0.217,-2.772,137.45,11.67,2,3.78,1,0.746,-3.88,-7.57,-0.543,1,5,0.2565,0.2418,0.2584,0.2381
20.58,1,0.883,-8.98,2.56,5,75.1,20.57,0.3058,-0.0756,0.256,0.001,0.0,-0.221,-2.768,137.45,11.67,2,3.78,1,0.746,-3.88,-7.57,-0.543,1,5,0.2639,0.2473,0.2676,0.2455
20.643,1,0.876,-8.98,2.55,5,75.1,20.57,0.3268,-0.0268,0.287,0.001,-0.031,-0.239,-2.752,137.17,11.67,2,2.63,1,0.715,-0.48,-1.82,-0.838,1,5,0.2967,0.2819,0.2949,0.2763
20.678,1,0.88,-9.23,2.24,5,75.4,20.44,0.3215,-0.0246,0.295,0.002,-0.048,-0.243,-2.748,137.11,11.67,2,2.63,1,0.747,-0.48,-1.63,-2.352,1,5,0.3023,0.2893,0.3042,0.2838
20.746,1,0.856,-8.98,1.81,5,76.9,20.57,0.3286,-0.0101,0.328,0.0,-0.002,-0.263,-2.73,136.88,11.67,2,2.63,1,0.754,-0.97,0.15,-0.639,1,5,0.3375,0.3246,0.332,0.3171
20.778,1,0.862,-8.98,1.81,5,75.9,20.57,0.3239,0.0056,0.332,-0.0,-0.084,-0.267,-2.726,136.82,11.67,2,2.63,1,0.744,0.48,-1.54,-1.259,1,5,0.3394,0.3301,0.332,0.3246
20.879,1,0.865,-8.98,2.45,5,74.5,20.56,0.3529,0.0015,0.343,-0.003,-0.106,-0.292,-2.702,136.71,11.67,2,0.75,1,0.751,3.39,7.73,-0.762,1,5,0.3482,0.3445,0.3353,0.3427
20.946,1,0.853,-8.73,1.83,5,76.0,20.46,0.3488,-0.0253,0.354,-0.001,-0.042,-0.313,-2.682,136.59,11.67,2,0.75,1,0.749,3.88,7.17,4.892,1,5,0.3519,0.3519,0.3538,0.3594
20.977,1,0.858,-8.49,1.59,5,75.3,20.56,0.344,-0.0008,0.36,-0.002,-0.005,-0.318,-2.677,136.59,11.67,2,0.75,1,0.751,3.39,5.62,-0.691,1,5,0.3594,0.3556,0.3594,0.3649
21.046,1,0.854,-8.73,2.04,5,76.2,20.46,0.3609,0.005,0.368,-0.002,0.059,-0.339,-2.657,136.48,11.66,2,1.36,1,0.763,3.39,6.82,1.672,1,5,0.3728,0.3635,0.3672,0.3672
21.079,1,0.845,-8.24,1.73,5,76.6,20.46,0.358,-0.0112,0.368,-0.001,-0.012,-0.345,-2.651,136.48,11.66,2,1.36,1,0.771,3.88,4.35,-0.189,1,5,0.3728,0.3635,0.3691,0.3654
21.112,1,0.851,-8.24,1.56,5,76.8,20.04,0.3649,-0.0049,0.369,-0.001,-0.045,-0.356,-2.641,136.31,11.66,2,1.36,1,0.734,1.45,9.67,-1.203,1,5,0.3686,0.3723,0.3631,0.3705
21.144,1,0.845,-7.74,1.61,5,76.3,20.04,0.3419,0.0065,0.37,-0.001,-0.012,-0.366,-2.631,136.36,11.66,2,1.36,1,0.765,1.94,4.17,-1.773,1,5,0.3723,0.3723,0.3668,0.3705
21.173,1,0.852,-7.74,1.61,5,75.2,20.0,0.3454,-0.0023,0.371,-0.001,-0.091,-0.372,-2.626,136.31,11.66,2,1.36,1,0.765,1.94,4.17,-1.773,1,5,0.3723,0.3742,0.3668,0.3723
21.216,1,0.847,-7.24,1.25,5,74.4,19.85,0.3454,-0.0013,0.374,-0.001,0.046,-0.383,-2.615,136.31,11.66,2,2.04,1,0.764,3.39,3.31,0.947,1,5,0.382,0.3728,0.3728,0.3672
21.245,1,0.844,-7.74,1.7,5,74.5,20.04,0.3594,0.0072,0.371,0.002,-0.154,-0.393,-2.605,136.02,11.66,2,2.04,1,0.746,2.91,6.35,-2.691,1,5,0.3802,0.3746,0.3728,0.3635
21.347,1,0.826,-9.23,1.32,5,75.5,20.0,0.2994,0.0029,0.369,0.001,-0.024,-0.42,-2.58,135.62,11.66,2,2.04,1,0.321,1.8,1.98,6.363,1,4,0.3774,0.3664,0.3737,0.359
21.38,1,0.82,-8.73,1.65,5,76.0,20.0,0.2948,0.0363,0.368,0.001,0.038,-0.425,-2.575,135.68,11.66,2,2.04,1,0.324,1.8,-2.19,-0.792,1,4,0.3774,0.3645,0.3737,0.3572
21.443,1,0.786,-9.48,1.68,5,76.4,20.2,0.2772,0.0186,0.353,0.001,-0.029,-0.446,-2.555,135.33,11.65,2,2.34,1,0.326,0.0,-1.43,2.43,1,4,0.3664,0.3461,0.3682,0.3443
21.479,1,0.804,-9.73,1.88,5,76.1,20.46,0.2531,0.0296,0.349,0.0,-0.093,-0.45,-2.55,135.28,11.65,2,2.34,1,0.742,-3.88,1.69,-5.863,1,5,0.359,0.3388,0.3609,0.3388
21.542,1,0.811,-10.48,1.33,5,76.9,20.57,0.2553,0.024,0.33,-0.0,-0.187,-0.469,-2.531,134.93,11.65,2,2.34,1,0.737,-1.45,-2.3,-0.147,1,5,0.3371,0.3186,0.3408,0.3223
21.579,1,0.811,-11.48,1.07,5,77.3,20.96,0.2548,0.0511,0.324,-0.0,-0.103,-0.473,-2.527,134.76,11.65,2,2.34,1,0.723,-4.36,-3.09,-6.043,1,5,0.3297,0.3112,0.3371,0.3186
21.646,1,0.781,-12.48,1.17,5,77.9,21.1,0.2567,0.0699,0.307,-0.003,-0.075,-0.49,-2.509,134.53,11.65,2,1.2,1,0.752,-3.39,-3.42,2.368,1,5,0.319,0.2893,0.319,0.3004
21.678,1,0.771,-13.48,1.03,5,78.8,21.1,0.2329,0.0794,0.304,-0.004,-0.036,-0.495,-2.505,134.47,11.65,2,1.2,1,0.73,-4.36,-2.88,0.214,1,5,0.3186,0.2871,0.313,0.2964
21.745,1,0.824,-14.23,-0.45,5,78.5,21.1,0.1967,0.0965,0.285,-0.012,0.03,-0.51,-2.488,134.36,11.65,2,1.2,1,0.762,-5.82,-4.44,2.999,1,5,0.3056,0.2704,0.276,0.289
21.778,1,0.796,-14.47,0.82,5,79.0,21.1,0.2107,0.1471,0.28,-0.013,0.015,-0.513,-2.484,134.42,11.65,2,1.2,1,0.721,-4.36,-5.08,-1.64,1,5,0.3004,0.2652,0.2671,0.2856
21.844,1,0.759,-16.72,0.83,5,78.9,21.42,0.2254,0.1075,0.264,-0.013,-0.061,-0.525,-2.47,134.13,11.65,2,-1.2,1,0.733,-3.88,4.61,5.232,1,5,0.2745,0.2559,0.2522,0.2819
21.878,1,0.789,-16.97,0.36,5,79.0,21.1,0.2207,0.1327,0.26,-0.013,0.03,-0.529,-2.466,134.19,11.65,2,-1.2,1,0.331,-4.21,2.36,0.0,0,4,0.2675,0.2478,0.2478,0.2783
21.912,1,0.809,-17.72,-0.32,5,79.2,20.56,0.2278,0.1487,0.255,-0.014,0.028,-0.536,-2.458,134.24,11.65,2,-1.2,1,0.755,-6.3,6.39,5.458,1,5,0.2657,0.2406,0.2406,0.2729
21.944,1,0.696,-17.72,-0.7,4,79.1,20.95,0.204,0.1759,0.249,-0.017,0.052,-0.542,-2.451,134.36,11.65,2,-1.2,1,0.775,-5.33,2.55,1.266,1,5,0.2633,0.2293,0.2329,0.2687
21.979,1,0.752,-17.47,0.29,5,78.3,21.11,0.218,0.1858,0.246,-0.019,0.065,-0.545,-2.447,134.42,11.65,2,-1.2,1,0.785,-4.36,5.54,3.132,1,5,0.2646,0.2294,0.2257,0.2646
22.044,1,0.749,-18.47,0.79,5,77.5,21.1,0.182,0.151,0.236,-0.009,0.11,-0.558,-2.433,134.65,11.63,2,-2.55,1,0.793,-2.91,13.83,1.899,1,5,0.2421,0.2365,0.218,0.2568
22.145,1,0.826,-17.97,-1.08,5,74.8,20.56,0.1264,0.1523,0.22,-0.005,0.045,-0.573,-2.417,134.93,11.63,2,-2.55,1,0.803,-4.36,15.58,2.889,1,5,0.2151,0.2207,0.2096,0.2355
22.179,1,0.819,-18.22,-1.27,5,74.6,20.46,0.1404,0.1853,0.218,-0.005,0.015,-0.576,-2.414,134.93,11.63,2,-2.55,1,0.775,-5.82,5.43,4.097,1,5,0.2151,0.2188,0.2077,0.2318
22.245,1,0.797,-18.47,-0.19,5,72.2,20.2,0.1614,0.1958,0.196,-0.011,0.081,-0.586,-2.402,134.99,11.63,2,0.36,1,0.788,-7.76,3.6,3.013,1,5,0.2056,0.1908,0.1797,0.2093
22.28,1,0.792,-18.97,0.33,5,71.7,20.2,0.1562,0.1718,0.189,-0.01,-0.01,-0.589,-2.4,134.99,11.63,2,0.36,1,0.792,-6.3,2.68,5.7,1,5,0.2001,0.1852,0.1741,0.1982
22.345,1,0.778,-19.47,1.55,5,72.9,19.59,0.158,0.1644,0.173,-0.011,0.021,-0.598,-2.389,135.1,11.63,2,0.36,1,0.762,-8.24,2.79,1.619,1,5,0.1795,0.161,0.1647,0.1887
22.379,1,0.776,-19.72,2.23,5,73.7,19.47,0.1719,0.1375,0.171,-0.012,0.01,-0.6,-2.387,135.1,11.63,2,0.36,1,0.346,-7.81,4.03,4.315,1,4,0.1758,0.1591,0.1591,0.1906
22.443,1,0.771,-20.46,2.94,5,75.2,20.04,0.1929,0.116,0.16,-0.003,0.107,-0.609,-2.378,135.28,11.62,2,1.42,1,0.355,-9.62,-0.16,0.862,1,4,0.1535,0.1718,0.1426,0.1736
22.479,1,0.749,-20.21,3.3,5,74.7,20.56,0.2069,0.0994,0.158,0.0,0.117,-0.611,-2.375,135.45,11.62,2,1.42,1,0.354,-9.01,2.37,1.328,1,4,0.1466,0.172,0.1448,0.1702
22.512,1,0.779,-18.22,1.53,5,74.1,20.46,0.214,0.0823,0.154,0.001,0.125,-0.616,-2.371,135.73,11.62,2,1.42,1,0.8,-6.79,2.02,5.043,1,5,0.1364,0.1692,0.1401,0.1692
22.545,1,0.743,-17.47,2.41,5,74.7,20.57,0.19,0.1164,0.155,-0.001,0.122,-0.62,-2.366,136.02,11.62,2,1.42,1,0.778,-8.24,2.81,5.468,1,5,0.1383,0.1837,0.1237,0.1746
22.643,1,0.746,-13.48,2.72,5,74.3,20.96,0.147,0.0996,0.143,0.006,0.283,-0.631,-2.357,137.22,11.62,2,2.55,1,0.848,-7.27,0.94,0.536,1,5,0.0909,0.1817,0.1168,0.1817
22.745,1,0.793,-10.48,1.97,5,72.9,20.44,0.182,0.0409,0.132,-0.003,0.137,-0.641,-2.348,138.14,11.62,2,2.55,1,0.806,-0.97,0.93,1.499,1,5,0.1076,0.1595,0.0983,0.1632
22.845,1,0.772,-8.49,3.73,5,72.0,20.57,0.217,0.0267,0.128,-0.004,0.153,-0.649,-2.34,138.77,11.62,2,3.25,1,0.807,1.94,4.56,1.537,1,5,0.115,0.1502,0.0983,0.1484
22.877,1,0.796,-7.49,3.64,5,71.3,20.0,0.231,-0.0547,0.132,0.001,0.099,-0.652,-2.338,138.88,11.62,2,3.25,1,0.803,3.39,7.06,3.66,1,5,0.1137,0.1588,0.1064,0.1479
22.942,1,0.811,-5.24,4.57,5,72.2,20.44,0.2307,-0.058,0.158,0.007,0.037,-0.662,-2.33,139.34,11.62,2,3.25,1,0.77,2.42,9.16,-5.023,1,5,0.133,0.1816,0.1492,0.169
23.044,1,0.82,-3.99,5.28,5,73.0,20.2,0.2469,-0.1145,0.186,0.003,0.004,-0.676,-2.318,139.4,11.62,2,5.47,1,0.807,4.85,0.49,-0.861,1,5,0.1855,0.1947,0.1762,0.1762
23.078,1,0.823,-4.24,5.59,5,73.0,20.56,0.2608,-0.1584,0.188,0.005,-0.036,-0.679,-2.316,139.34,11.62,2,5.47,1,0.811,5.82,1.48,2.181,1,5,0.1892,0.1984,0.1873,0.178
23.144,1,0.836,-2.5,4.95,5,72.8,20.57,0.2819,-0.1744,0.21,0.002,-0.044,-0.692,-2.305,139.11,11.62,2,5.47,1,0.788,3.39,1.87,1.725,1,5,0.2133,0.204,0.2188,0.2021
23.178,1,0.851,-1.75,4.34,5,72.7,20.46,0.2767,-0.1674,0.216,0.002,-0.033,-0.696,-2.302,139.11,11.62,2,5.47,1,0.822,1.45,-5.43,-3.391,1,5,0.2226,0.2114,0.2244,0.204
23.211,1,0.843,-1.75,4.46,5,72.0,20.46,0.2645,-0.148,0.228,0.005,-0.138,-0.703,-2.296,138.88,11.62,2,7.92,1,0.834,1.94,-7.34,-3.523,1,5,0.2337,0.2244,0.2411,0.2114
23.243,1,0.831,-1.25,3.84,5,71.0,20.56,0.2521,-0.1438,0.243,0.005,-0.138,-0.711,-2.289,138.6,11.62,2,7.92,1,0.831,1.94,-7.88,-5.673,1,5,0.243,0.2281,0.2522,0.217
23.278,1,0.828,-1.25,3.95,5,71.0,20.56,0.2284,-0.1173,0.248,0.004,-0.068,-0.715,-2.286,138.48,11.62,2,7.92,1,0.839,1.45,-9.39,-6.2,1,5,0.2596,0.2392,0.2652,0.2281
23.344,1,0.85,-0.25,3.39,5,73.1,20.46,0.1922,-0.1031,0.244,0.004,-0.087,-0.729,-2.273,138.2,11.62,2,7.92,1,0.842,2.42,-10.96,-4.977,1,5,0.2615,0.2374,0.2578,0.2188
23.411,1,0.85,-0.5,3.8,5,74.0,20.56,0.1945,-0.0982,0.233,-0.003,-0.102,-0.74,-2.264,137.97,11.61,2,4.3,1,0.803,5.33,-10.84,-5.925,1,5,0.243,0.2188,0.2411,0.23
23.443,1,0.85,-0.75,2.91,5,74.6,20.46,0.1705,-0.0951,0.226,-0.001,-0.004,-0.746,-2.258,137.8,11.61,2,4.3,1,0.836,6.3,-2.78,-0.476,1,5,0.2281,0.2114,0.2374,0.2263
23.477,1,0.859,-0.25,2.91,5,74.8,20.46,0.1671,-0.0674,0.22,-0.002,-0.043,-0.749,-2.255,137.74,11.61,2,4.3,1,0.833,5.82,-5.03,-5.117,1,5,0.2226,0.204,0.2318,0.2226
23.579,1,0.873,-1.25,3.26,5,75.7,20.2,0.1665,-0.0721,0.197,-0.004,-0.066,-0.763,-2.241,137.51,11.61,2,4.3,1,0.841,9.21,2.85,-2.579,1,5,0.2131,0.1873,0.1984,0.1873
23.643,1,0.862,-1.75,2.57,5,75.1,20.0,0.1875,-0.0776,0.173,-0.016,0.01,-0.773,-2.231,137.34,11.61,2,0.64,1,0.832,12.12,12.37,-3.111,1,5,0.2003,0.153,0.1621,0.1785
23.677,1,0.851,-2.25,3.15,5,74.6,20.46,0.2016,-0.0573,0.173,-0.015,-0.035,-0.775,-2.228,137.28,11.61,2,0.64,1,0.849,12.12,11.45,0.91,1,5,0.1931,0.1563,0.16,0.182
23.744,1,0.856,-2.5,2.64,5,75.2,19.97,0.2225,-0.077,0.173,-0.009,-0.06,-0.783,-2.221,137.22,11.61,2,0.64,1,0.855,11.15,10.26,0.926,1,5,0.1812,0.1629,0.1647,0.183
23.777,1,0.823,-2.25,2.5,5,75.8,20.44,0.2364,-0.0626,0.174,-0.012,-0.058,-0.787,-2.215,137.17,11.61,2,0.64,1,0.859,11.15,10.24,0.951,1,5,0.1885,0.1592,0.1647,0.1848
23.844,1,0.839,-2.5,2.73,5,76.4,20.04,0.2575,-0.067,0.187,-0.001,-0.074,-0.797,-2.206,137.05,11.61,2,0.85,1,0.849,11.15,10.26,-0.683,1,5,0.191,0.1855,0.1855,0.1855
23.942,1,0.841,-1.25,1.79,5,75.6,20.04,0.2925,-0.0819,0.216,-0.004,-0.056,-0.81,-2.194,136.88,11.61,2,0.85,1,0.863,11.63,9.39,-1.802,1,5,0.2319,0.2121,0.2121,0.2085
23.977,1,0.836,-1.25,1.95,5,75.2,20.46,0.3064,-0.063,0.233,-0.0,-0.051,-0.818,-2.187,136.94,11.61,2,0.85,1,0.866,12.12,8.97,-0.812,1,5,0.243,0.2263,0.2392,0.2244
24.177,1,0.828,0.0,1.96,5,72.9,20.57,0.2512,-0.0563,0.276,-0.001,-0.006,-0.858,-2.149,136.54,11.61,2,2.51,1,0.857,12.12,6.49,-2.531,1,5,0.2853,0.2741,0.276,0.2704
24.242,1,0.823,0.25,1.66,5,73.0,20.04,0.267,-0.0737,0.266,-0.002,-0.046,-0.873,-2.134,136.36,11.61,2,2.92,1,0.861,12.12,6.53,-2.552,1,5,0.2704,0.2556,0.2723,0.2649
24.311,1,0.816,0.25,1.11,5,73.6,20.04,0.2791,-0.0662,0.26,0.0,-0.048,-0.884,-2.124,136.19,11.61,2,2.92,1,0.829,7.76,0.12,-1.367,1,5,0.2671,0.2541,0.2671,0.2522
24.344,1,0.808,0.25,1.09,5,73.7,20.44,0.2555,-0.0422,0.261,-0.0,0.006,-0.892,-2.116,136.08,11.61,2,2.92,1,0.867,7.27,-6.62,-7.413,1,5,0.2726,0.2541,0.2671,0.2485
24.472,1,0.87,0.75,0.46,5,74.1,20.46,0.1976,-0.0341,0.255,0.003,0.034,-0.915,-2.095,135.73,11.6,2,2.76,1,0.869,7.27,-7.7,-7.612,1,5,0.2596,0.2467,0.2708,0.2448
24.547,1,0.865,-0.25,0.33,5,73.4,20.46,0.1492,-0.0184,0.244,0.003,-0.066,-0.929,-2.082,135.28,11.6,2,2.76,1,0.855,9.69,-2.91,-7.298,1,5,0.2448,0.2318,0.2615,0.2374
24.743,1,0.848,-2.5,-0.24,5,73.2,20.2,0.1635,-0.0056,0.195,-0.004,-0.089,-0.958,-2.052,134.53,11.6,2,-1.37,1,0.862,14.06,12.72,-1.117,1,5,0.217,0.1799,0.2096,0.1873
24.777,1,0.873,-2.99,-0.36,5,73.6,20.2,0.1704,0.0368,0.19,-0.003,-0.078,-0.96,-2.049,134.42,11.6,2,-1.37,1,0.883,12.6,10.63,-1.778,1,5,0.2003,0.1694,0.204,0.1858
24.813,1,0.866,-3.74,-0.56,5,73.8,20.46,0.1844,0.0438,0.183,0.0,-0.064,-0.965,-2.044,134.24,11.6,2,-2.87,1,0.882,12.12,10.72,-0.336,1,5,0.1876,0.1712,0.1949,0.1785
24.842,1,0.882,-4.24,-0.76,5,74.3,20.04,0.1984,0.0565,0.175,-0.0,0.027,-0.97,-2.039,134.24,11.6,2,-2.87,1,0.885,11.63,9.46,-1.802,1,5,0.1858,0.1676,0.1876,0.173
24.944,1,0.89,-3.99,-0.81,5,74.2,20.2,0.2334,0.0658,0.164,0.002,0.053,-0.982,-2.028,134.42,11.6,2,-2.87,1,0.889,12.12,8.99,-2.31,1,5,0.1532,0.1846,0.1476,0.1698
25.109,1,0.863,-2.0,0.19,5,75.4,19.97,0.2896,0.0671,0.212,0.002,0.078,-1.005,-2.005,135.28,11.6,2,-3.12,1,0.884,15.03,13.25,-2.35,1,5,0.1945,0.2352,0.1926,0.226
25.171,1,0.863,-1.25,0.27,5,74.8,20.04,0.2967,0.0061,0.242,0.002,0.081,-1.016,-1.994,135.56,11.6,2,-3.12,1,0.887,15.51,14.11,-1.697,1,5,0.2226,0.2578,0.23,0.2559
25.243,1,0.863,-0.75,0.47,5,74.6,20.2,0.2984,-0.0024,0.273,0.003,0.112,-1.032,-1.979,135.73,11.6,2,-0.47,1,0.852,12.12,7.61,-0.364,1,5,0.2634,0.2856,0.2652,0.2763
25.31,1,0.859,0.0,0.65,5,74.2,20.04,0.3195,-0.015,0.284,0.003,-0.06,-1.044,-1.967,135.73,11.6,2,-0.47,1,0.882,13.09,7.79,-2.497,1,5,0.2763,0.2949,0.28,0.2856
25.344,1,0.856,0.25,0.45,5,74.6,20.46,0.3068,-0.0298,0.289,0.005,-0.022,-1.053,-1.959,135.79,11.6,2,-0.47,1,0.894,13.09,3.93,-6.777,1,5,0.2782,0.2967,0.2838,0.2856
25.443,1,0.859,0.75,0.27,5,75.1,20.2,0.2468,-0.0192,0.3,0.001,0.028,-1.074,-1.938,135.85,11.59,2,1.78,1,0.888,11.15,1.22,-4.6,1,5,0.3023,0.3023,0.3004,0.2949
25.643,1,0.819,-0.75,0.03,5,73.8,20.44,0.2598,-0.0168,0.261,0.0,0.008,-1.113,-1.901,135.22,11.59,2,0.53,1,0.874,8.72,-4.88,-7.895,1,5,0.2652,0.2485,0.2726,0.2559
25.743,1,0.828,-1.25,0.08,5,73.6,20.44,0.2382,0.0077,0.245,-0.001,-0.009,-1.131,-1.883,135.05,11.59,2,0.53,1,0.857,7.27,-6.9,0.0,0,5,0.2556,0.2445,0.2445,0.2371
25.841,1,0.813,-1.5,-0.22,5,73.1,20.2,0.2339,0.0101,0.244,0.002,0.052,-1.148,-1.866,135.16,11.59,2,-1.12,1,0.787,11.15,3.33,0.05,1,5,0.2352,0.2519,0.2445,0.2482
25.909,1,0.83,-1.5,-0.11,5,73.6,20.56,0.2545,0.0224,0.24,-0.0,0.016,-1.158,-1.856,135.22,11.59,2,-1.12,1,0.744,10.66,7.0,0.0,0,5,0.2384,0.2513,0.2273,0.2421
25.941,1,0.821,-1.5,-0.31,5,73.8,20.56,0.2688,0.0181,0.237,-0.002,0.018,-1.162,-1.853,135.22,11.59,2,-1.12,1,0.737,10.66,10.91,0.0,0,5,0.2381,0.2492,0.2215,0.2399
26.137,1,0.865,-1.25,-0.28,5,75.5,20.0,0.2244,0.0234,0.259,0.0,-0.021,-1.197,-1.818,135.68,11.59,2,-2.01,1,0.634,11.15,45.31,0.0,0,5,0.2541,0.2689,0.2504,0.2634
26.241,1,0.855,-1.75,0.29,5,75.0,20.2,0.1644,0.0179,0.248,-0.001,0.019,-1.219,-1.797,135.85,11.59,2,2.1,1,0.524,6.79,57.39,0.0,0,4,0.2485,0.2559,0.2467,0.2596
26.337,1,0.858,-2.99,-0.65,5,73.7,20.44,0.12,0.0107,0.231,-0.005,-0.064,-1.232,-1.783,135.79,11.59,2,2.1,1,0.466,1.94,71.24,0.0,0,4,0.2318,0.2263,0.2263,0.2411
26.409,1,0.796,-3.24,-0.84,5,70.9,20.46,0.12,0.0425,0.211,-0.01,0.035,-1.243,-1.771,135.85,11.59,2,10.38,1,0.422,-8.72,73.78,0.0,0,4,0.2207,0.1966,0.2059,0.2207
26.438,1,0.778,-3.74,-0.43,5,71.3,20.46,0.12,0.0479,0.205,-0.011,-0.022,-1.246,-1.768,135.85,11.59,2,10.38,1,0.422,-8.72,73.78,0.0,0,4,0.2207,0.1892,0.2003,0.2114
26.506,1,0.77,-5.74,-2.27,5,70.8,20.46,0.12,0.0444,0.185,-0.006,-0.088,-1.256,-1.758,135.22,11.59,2,10.38,1,0.429,-3.88,74.2,0.0,0,4,0.2059,0.1706,0.1892,0.1762
26.577,1,0.684,-6.74,-1.34,5,71.4,20.46,0.12,0.0997,0.17,-0.005,-0.09,-1.263,-1.751,135.1,11.59,2,10.38,1,0.424,8.72,72.91,0.0,0,4,0.1836,0.1428,0.1873,0.1651
26.606,1,0.571,-7.74,-1.75,4,70.8,23.37,0.12,0.0934,0.163,-0.002,-0.085,-1.267,-1.746,134.93,11.59,2,13.54,1,0.368,14.06,72.32,0.0,0,3,0.176,0.1408,0.1797,0.1537
26.709,1,0.439,-9.23,-0.79,3,72.2,23.2,0.12,0.1069,0.138,-0.002,-0.029,-1.277,-1.736,134.42,11.59,2,13.54,1,0.342,27.63,71.21,0.0,0,3,0.1519,0.1297,0.1426,0.1278
26.737,1,0.345,-9.73,4.94,3,72.0,26.37,0.12,0.1049,0.134,-0.004,-0.025,-1.279,-1.734,134.42,11.59,2,13.54,1,0.342,27.63,71.21,0.0,0,3,0.1463,0.1204,0.1408,0.1297
26.807,1,0.243,-11.98,0.0,2,74.4,28.88,0.12,-0.0024,0.121,0.003,0.036,-1.285,-1.728,134.3,11.59,2,13.21,1,0.269,42.65,70.37,0.0,0,3,0.1224,0.1187,0.1298,0.115
26.837,1,0.234,-12.23,0.0,2,75.7,30.45,0.12,0.1147,0.116,0.003,-0.004,-1.287,-1.726,134.3,11.59,2,13.21,1,0.269,42.65,70.37,0.0,0,3,0.1205,0.1187,0.1205,0.1057
26.908,1,0.128,-10.23,0.0,1,76.4,28.45,0.12,0.1153,0.097,-0.003,0.029,-1.292,-1.721,134.24,11.59,2,13.21,1,0.16,52.35,0.0,0.0,0,2,0.1056,0.1019,0.0871,0.0945
26.936,1,0.091,-8.24,0.0,1,74.9,33.44,0.1081,0.1153,0.095,-0.003,0.071,-1.293,-1.719,134.36,11.59,2,13.21,1,0.16,52.35,0.0,0.0,0,2,0.0982,0.0982,0.0871,0.0982
27.069,0,0.0,0.0,0.0,0,59.1,0.0,0.06,0.1153,0.076,-0.005,0.097,-1.301,-1.711,135.1,11.57,2,10.61,0,0.0,0.0,0.0,0.0,0,0,0.0608,0.0811,0.0608,0.1014
27.106,0,0.0,0.0,0.0,0,60.5,0.0,0.06,0.1153,0.07,-0.003,0.034,-1.303,-1.709,135.22,11.57,2,10.61,0,0.0,0.0,0.0,0.0,0,0,0.0606,0.0863,0.0478,0.0845
27.206,0,0.0,0.0,0.0,0,59.4,0.0,0.0,-0.4858,0.043,-0.006,-0.03,-1.306,-1.705,135.28,11.57,2,3.86,0,0.0,0.0,0.0,0.0,0,0,0.05,0.0537,0.0352,0.063
27.236,1,0.008,32.43,0.0,1,58.9,19.51,0.0,-0.6,0.03,-0.003,-0.064,-1.306,-1.706,135.22,11.57,2,3.86,0,0.0,0.0,0.0,0.0,0,0,0.0389,0.0223,0.0315,0.026
27.273,1,0.129,22.71,0.0,2,57.9,22.75,0.0,-0.6,0.016,-0.0,-0.194,-1.305,-1.706,134.99,11.57,2,3.86,0,0.0,0.0,0.0,0.0,0,0,0.0371,0.0019,0.0297,-0.0037
27.307,1,0.12,18.22,0.0,2,58.1,28.56,0.0,-0.6,-0.024,0.006,-0.37,-1.304,-1.708,133.73,11.57,2,3.86,0,0.0,0.0,0.0,0.0,0,0,0.0334,-0.0705,0.0334,-0.0927
27.407,1,0.051,21.1,0.0,2,63.9,26.68,0.0,-0.6,-0.048,0.004,-0.423,-1.302,-1.711,131.78,11.57,2,10.0,1,0.011,73.67,0.0,0.0,0,2,0.0215,-0.1202,0.0323,-0.1237
27.435,1,0.169,-0.5,50.59,3,66.6,31.64,0.0,-0.6,-0.049,0.002,-0.427,-1.301,-1.712,131.32,11.57,2,10.0,1,0.011,73.67,0.0,0.0,0,2,0.0197,-0.1237,0.0287,-0.1219
27.506,1,0.34,-10.23,51.02,3,70.8,34.28,0.0072,-0.0438,-0.053,0.0,-0.417,-1.298,-1.715,129.26,11.57,2,10.0,1,0.095,57.68,0.0,0.0,0,2,0.0204,-0.1278,0.0222,-0.1278
27.607,1,0.168,-6.86,49.68,3,74.5,31.53,0.0422,-0.2557,-0.053,-0.005,-0.287,-1.294,-1.719,127.02,11.57,2,19.5,1,0.428,28.11,68.6,0.0,0,4,0.024,-0.1218,0.0055,-0.12
27.737,1,0.581,-28.45,49.52,5,75.4,30.0,0.084,-0.509,-0.011,-0.011,-0.171,-1.292,-1.72,125.65,11.57,2,19.5,1,0.613,7.76,66.14,0.0,0,5,0.026,-0.0631,0.0204,-0.026
27.806,1,0.736,-28.2,47.02,5,74.9,29.45,0.1122,-0.5874,0.035,-0.007,-0.327,-1.294,-1.717,124.45,11.57,2,31.5,1,0.757,-4.36,58.51,0.0,0,5,0.0946,-0.0074,0.0631,-0.0093
27.874,1,0.737,-28.2,45.94,5,76.3,28.16,0.12,-0.6222,0.064,0.0,-0.449,-1.296,-1.713,123.07,11.57,2,31.5,1,0.859,-14.54,47.86,0.0,0,5,0.128,0.0037,0.1261,0.0
27.905,1,0.756,-27.45,45.36,5,76.6,28.34,0.12,-0.6099,0.08,-0.0,-0.538,-1.298,-1.71,121.93,11.57,2,31.5,1,0.903,-17.93,43.13,0.0,0,5,0.1521,0.0,0.1595,0.0093
28.006,1,0.813,-24.21,42.07,5,77.8,26.67,0.12,-0.6167,0.107,-0.002,-0.59,-1.303,-1.701,118.83,11.56,2,43.5,1,0.859,-31.99,14.42,0.0,0,5,0.2001,0.0056,0.2038,0.0167
28.042,1,0.826,-23.96,41.14,5,77.7,26.32,0.12,-0.5935,0.112,-0.005,-0.604,-1.305,-1.696,117.46,11.56,2,43.5,1,0.866,-36.84,0.25,0.0,0,5,0.213,0.0056,0.2075,0.0204
28.106,1,0.837,-23.21,38.89,5,77.0,25.69,0.12,-0.5752,0.113,-0.01,-0.481,-1.308,-1.69,115.57,11.56,2,43.5,1,0.946,-42.17,-17.93,0.0,0,5,0.2241,0.0019,0.2038,0.0204
28.206,1,0.844,-22.21,35.86,5,76.4,24.46,0.12,-0.5374,0.115,-0.005,-0.526,-1.312,-1.679,112.3,11.56,2,45.0,1,0.974,-47.01,-29.59,0.0,0,5,0.2188,0.013,0.2059,0.0204
28.242,1,0.857,-21.71,34.98,5,76.7,24.46,0.12,-0.4904,0.119,-0.006,-0.538,-1.314,-1.675,111.21,11.56,2,45.0,1,0.983,-47.98,-33.53,0.0,0,5,0.2188,0.013,0.2077,0.0297
28.275,1,0.856,-21.71,34.04,5,76.2,23.94,0.12,-0.479,0.118,-0.006,-0.517,-1.314,-1.673,110.58,11.56,2,45.0,1,0.973,-49.92,-35.92,0.0,0,5,0.2096,0.0185,0.2059,0.0371
28.409,1,0.871,-20.21,30.93,5,75.3,23.34,0.12,-0.4568,0.12,-0.007,-0.412,-1.319,-1.657,107.26,11.56,2,39.31,1,0.977,-50.89,-44.61,0.0,0,5,0.1974,0.0439,0.1828,0.0567
28.473,1,0.871,-19.47,29.42,5,76.2,22.78,0.12,-0.4136,0.123,-0.006,-0.365,-1.321,-1.649,106.0,11.56,2,39.31,1,0.974,-43.14,-37.71,0.0,0,5,0.1949,0.0478,0.1857,0.0625
28.608,1,0.862,-16.72,27.01,5,75.7,22.46,0.1413,-0.476,0.124,0.004,-0.368,-1.325,-1.633,103.25,11.56,2,27.31,1,0.949,-29.57,-22.77,0.0,0,5,0.1706,0.0649,0.191,0.0686
28.707,1,0.832,-15.97,24.23,5,73.1,21.67,0.1657,-0.5347,0.138,0.0,-0.455,-1.328,-1.619,100.78,11.56,2,27.31,1,0.919,-21.81,-11.47,3.459,1,5,0.2125,0.061,0.2162,0.0628
28.739,1,0.855,-16.22,23.8,5,73.3,21.46,0.1798,-0.5127,0.14,0.001,-0.48,-1.329,-1.616,100.27,11.56,2,27.31,1,0.934,-18.9,-2.08,4.443,1,5,0.2186,0.0611,0.2223,0.0593
28.839,1,0.865,-16.72,21.19,5,74.4,21.11,0.1983,-0.5457,0.167,-0.002,-0.534,-1.331,-1.6,97.4,11.56,2,16.1,1,0.919,-14.06,5.1,6.807,1,5,0.2559,0.0723,0.2578,0.0816
28.907,1,0.857,-16.97,19.16,5,73.8,21.11,0.2191,-0.5116,0.192,0.001,-0.448,-1.333,-1.584,95.0,11.56,2,16.1,1,0.94,-13.09,5.93,6.102,1,5,0.2752,0.1068,0.2806,0.1068
28.942,1,0.833,-16.97,18.99,5,72.8,21.67,0.2332,-0.4733,0.203,0.005,-0.446,-1.334,-1.575,93.85,11.56,2,16.1,1,0.929,-14.54,1.65,4.313,1,5,0.277,0.1231,0.2933,0.1195
29.005,1,0.846,-16.22,16.14,5,73.0,20.81,0.2471,-0.4951,0.222,0.001,-0.468,-1.335,-1.561,92.3,11.54,2,13.22,1,0.954,-15.99,-5.01,2.31,1,5,0.3019,0.1426,0.3038,0.1389
29.074,1,0.832,-16.22,13.34,5,72.5,20.46,0.2681,-0.4394,0.238,0.001,-0.451,-1.335,-1.547,90.81,11.54,2,13.22,1,0.942,-16.96,-8.43,2.787,1,5,0.3186,0.1574,0.3223,0.1556
29.106,1,0.836,-16.47,12.19,5,72.1,20.96,0.2822,-0.3551,0.254,0.006,-0.486,-1.336,-1.536,89.73,11.54,2,13.22,1,0.934,-17.93,-12.38,3.369,1,5,0.3242,0.1815,0.339,0.1723
29.167,1,0.871,-15.97,11.04,5,74.1,20.44,0.2794,-0.3056,0.275,0.008,-0.411,-1.336,-1.519,88.35,11.54,2,13.22,1,0.94,-16.48,-14.24,0.689,1,5,0.3357,0.2077,0.3579,0.1984
29.206,1,0.879,-15.97,9.9,5,74.2,20.56,0.2935,-0.283,0.28,0.002,-0.287,-1.335,-1.508,87.61,11.54,2,8.47,1,0.939,-13.09,-9.22,1.289,1,5,0.345,0.2114,0.3524,0.2114
29.238,1,0.866,-15.22,9.38,5,74.0,20.56,0.3074,-0.2507,0.285,0.002,-0.309,-1.335,-1.502,87.26,11.54,2,8.47,1,0.866,-9.21,-3.78,2.854,1,5,0.3431,0.2226,0.3524,0.2226
29.305,1,0.864,-15.97,8.51,5,73.1,20.81,0.3285,-0.2552,0.306,0.006,-0.239,-1.334,-1.477,86.0,11.54,2,8.47,1,0.899,-8.72,-2.76,1.771,1,5,0.3412,0.2634,0.3598,0.2596
29.34,1,0.867,-15.47,8.07,5,73.5,20.81,0.3264,-0.2081,0.311,0.004,-0.303,-1.334,-1.471,85.66,11.54,2,8.47,1,0.903,-6.79,2.43,2.67,1,5,0.3468,0.2689,0.3616,0.2671
29.374,1,0.859,-14.47,6.74,5,73.5,20.44,0.33,-0.1986,0.324,0.003,-0.186,-1.333,-1.457,85.14,11.54,2,8.47,1,0.838,-8.24,0.2,6.646,1,5,0.3612,0.2853,0.3686,0.2816
29.404,1,0.851,-14.23,6.83,5,73.1,20.44,0.3248,-0.1516,0.335,0.004,-0.262,-1.332,-1.444,84.63,11.53,2,5.34,1,0.833,-7.27,-0.73,0.0,0,5,0.3686,0.3001,0.3779,0.2927
29.438,1,0.853,-14.72,6.6,5,73.0,20.2,0.3388,-0.165,0.339,0.004,-0.196,-1.331,-1.437,84.34,11.53,2,5.34,1,0.829,-6.79,7.3,0.0,0,5,0.3705,0.3056,0.3797,0.3001
29.474,1,0.864,-13.48,5.78,5,72.5,20.56,0.3353,-0.1466,0.345,0.005,-0.141,-1.33,-1.423,84.0,11.53,2,5.34,1,0.81,-4.85,9.47,0.0,0,5,0.3672,0.3153,0.3858,0.3134
29.574,1,0.868,-12.48,4.56,5,73.2,20.2,0.3077,-0.1107,0.356,0.006,-0.125,-1.326,-1.387,83.14,11.53,2,5.34,1,0.796,-6.3,37.38,0.0,0,5,0.3715,0.3365,0.3862,0.3292
29.64,1,0.87,-11.98,3.6,5,73.5,19.97,0.2591,-0.0514,0.353,0.005,-0.054,-1.324,-1.366,82.74,11.53,2,5.13,1,0.796,-7.27,53.39,0.0,0,5,0.3652,0.3379,0.3779,0.3307
29.672,1,0.862,-11.48,3.55,5,73.3,20.2,0.2477,-0.019,0.346,0.005,-0.07,-1.323,-1.359,82.68,11.53,2,5.13,1,0.731,-8.24,58.05,0.0,0,5,0.3589,0.3317,0.3698,0.3245
29.705,1,0.856,-11.48,3.51,5,72.7,20.2,0.2238,-0.0133,0.333,-0.0,-0.062,-1.32,-1.339,82.39,11.53,2,5.13,1,0.768,-7.76,61.21,0.0,0,5,0.3445,0.3151,0.35,0.3225
29.768,1,0.875,-11.48,3.22,5,72.6,19.97,0.1878,0.0037,0.321,-0.002,-0.071,-1.318,-1.321,82.1,11.53,2,5.13,1,0.659,-8.24,64.67,0.0,0,5,0.3357,0.3079,0.3301,0.3097
29.805,1,0.876,-11.23,3.03,5,72.6,20.0,0.1637,0.0218,0.316,-0.002,-0.067,-1.317,-1.314,81.99,11.53,2,10.59,1,0.641,-7.27,64.3,0.0,0,5,0.3324,0.3049,0.3233,0.303
29.906,1,0.774,-11.98,11.45,5,72.7,20.57,0.12,0.0424,0.28,-0.007,-0.012,-1.312,-1.286,81.59,11.53,2,10.59,1,0.642,0.97,61.33,0.0,0,5,0.2955,0.2592,0.2882,0.2791
29.942,1,0.717,-11.73,18.46,5,73.9,22.78,0.12,-0.1096,0.27,-0.006,-0.112,-1.31,-1.276,81.53,11.53,2,10.59,1,0.646,2.42,59.81,0.0,0,5,0.2864,0.2501,0.2773,0.2665
30.004,1,0.529,-13.73,31.45,4,78.8,25.71,0.12,-0.2473,0.251,-0.006,-0.001,-1.308,-1.261,81.02,11.53,2,19.29,1,0.649,6.3,56.52,0.0,0,5,0.2704,0.2371,0.2519,0.2445
30.039,1,0.647,-13.23,35.27,5,76.1,26.93,0.12,-0.4722,0.244,-0.007,0.067,-1.307,-1.257,81.07,11.53,2,19.29,1,0.658,8.24,54.11,0.0,0,5,0.263,0.2297,0.2445,0.2389
30.069,1,0.738,-7.99,34.98,5,72.9,25.1,0.12,-0.5527,0.23,-0.007,-0.167,-1.305,-1.248,80.96,11.53,2,19.29,1,0.658,8.24,54.11,0.0,0,5,0.2492,0.2067,0.2381,0.2252
30.106,1,0.814,-3.49,33.79,5,72.8,24.48,0.12,-0.6101,0.221,-0.008,-0.134,-1.303,-1.239,80.5,11.53,2,19.29,1,0.724,6.79,45.61,0.0,0,5,0.2402,0.1959,0.2291,0.218
30.173,1,0.669,5.49,31.68,5,71.7,24.96,0.12,-0.6315,0.204,-0.008,-0.083,-1.301,-1.228,80.39,11.53,2,19.29,1,0.754,8.72,36.25,0.0,0,5,0.2281,0.178,0.2133,0.1966
30.204,1,0.715,8.98,29.3,5,70.6,24.96,0.12,-0.6911,0.19,-0.007,-0.189,-1.3,-1.221,79.98,11.53,2,31.29,1,0.748,7.27,31.49,0.0,0,5,0.2186,0.1612,0.2056,0.176
30.24,1,0.6,11.98,27.85,5,67.0,24.79,0.12,-0.6741,0.186,-0.005,-0.173,-1.299,-1.217,79.76,11.53,2,31.29,1,0.74,4.36,20.36,0.0,0,5,0.2112,0.1593,0.2019,0.1704
30.273,1,0.4,15.22,26.05,3,56.2,24.79,0.12,-0.6771,0.176,-0.002,-0.079,-1.298,-1.21,79.53,11.53,2,31.29,1,0.768,3.39,11.52,5.435,1,5,0.2001,0.1482,0.2001,0.1556
30.304,1,0.242,18.22,0.0,2,47.6,24.36,0.12,-0.6678,0.169,-0.0,-0.154,-1.296,-1.204,79.18,11.53,2,31.29,1,0.752,3.88,10.73,5.98,1,5,0.1929,0.1428,0.1947,0.1465
30.405,1,0.214,24.71,24.31,3,49.0,22.15,0.12,-0.1789,0.149,-0.006,-0.086,-1.293,-1.189,78.27,11.52,2,37.29,1,0.762,-1.94,-20.09,0.0,0,5,0.1836,0.1168,0.1688,0.128
30.44,1,0.223,27.2,21.34,3,49.2,20.04,0.12,-0.4238,0.145,-0.007,-0.105,-1.292,-1.187,78.15,11.52,2,37.29,1,0.738,1.45,-21.29,0.0,0,5,0.1799,0.1113,0.1651,0.1243
30.504,1,0.14,29.45,-6.82,3,47.3,16.35,0.12,-0.6728,0.131,-0.006,-0.106,-1.29,-1.177,77.58,11.52,2,37.29,1,0.73,10.18,-4.35,-5.188,1,5,0.1521,0.0983,0.1502,0.1224
30.573,1,0.188,31.2,-13.33,3,52.7,15.76,0.0836,-0.5069,0.123,-0.007,-0.174,-1.287,-1.17,77.06,11.52,2,37.29,1,0.712,5.33,-17.34,0.0,0,5,0.1528,0.0939,0.1381,0.1068
30.605,1,0.157,31.69,0.0,2,56.1,16.7,0.0974,-0.271,0.118,-0.006,-0.169,-1.286,-1.165,76.66,11.52,2,39.04,1,0.743,5.33,-23.71,0.0,0,5,0.1583,0.0847,0.1399,0.0884
30.704,1,0.184,31.94,-13.62,3,50.7,15.97,0.12,-0.2938,0.093,-0.009,-0.229,-1.283,-1.157,75.17,11.52,2,39.04,1,0.734,4.36,-19.26,0.0,0,5,0.1475,0.0442,0.1309,0.0627
30.806,1,0.19,32.94,-16.68,3,49.7,13.98,0.12,-0.0301,0.096,-0.01,-0.041,-1.28,-1.147,74.37,11.52,2,27.04,1,0.646,21.33,-1.29,0.0,0,5,0.1323,0.0689,0.1015,0.0798
30.839,1,0.08,16.11,0.0,2,50.1,17.47,0.12,0.0178,0.097,-0.008,0.013,-1.279,-1.146,74.43,11.52,2,27.04,1,0.661,27.14,9.21,0.0,0,5,0.1251,0.0798,0.0979,0.0834
30.872,1,0.092,15.84,0.0,2,52.3,18.59,0.1079,0.0178,0.098,-0.002,0.053,-1.278,-1.141,74.54,11.52,2,27.04,1,0.704,30.05,15.53,-7.571,1,5,0.1039,0.1003,0.0914,0.0967
30.903,1,0.099,16.39,0.0,2,50.7,20.58,0.0837,0.0178,0.097,-0.0,0.08,-1.277,-1.138,74.77,11.52,2,27.04,1,0.678,37.81,20.05,0.0,0,5,0.0831,0.1084,0.0849,0.112
31.005,1,0.11,17.78,11.87,3,42.3,25.56,0.06,0.0178,0.089,-0.005,0.056,-1.274,-1.129,75.11,11.48,2,18.54,1,0.822,50.41,34.48,0.0,0,5,0.0759,0.0926,0.0759,0.1111
31.038,1,0.071,16.11,0.0,2,39.3,29.89,0.06,0.0178,0.087,-0.008,0.053,-1.273,-1.128,75.17,11.48,2,18.54,1,0.834,55.25,40.71,0.0,0,5,0.0815,0.0815,0.0759,0.1074
31.304,1,0.104,16.11,11.47,3,39.9,24.45,0.0,-0.6,-0.007,-0.004,-0.396,-1.27,-1.119,72.94,11.48,2,18.42,1,0.878,59.13,45.35,0.0,0,5,0.0631,-0.076,0.0538,-0.0705
31.37,1,0.111,14.72,10.79,3,38.3,20.56,0.0,-0.6,-0.021,-0.001,-0.419,-1.27,-1.12,71.51,11.48,2,18.42,1,0.855,51.86,40.99,0.0,0,5,0.0501,-0.0927,0.0482,-0.089
31.402,1,0.093,14.45,0.0,2,47.3,18.0,0.0,-0.6,-0.022,-0.001,-0.462,-1.27,-1.121,70.53,11.49,2,18.42,1,0.846,48.95,38.16,0.0,0,5,0.0501,-0.0983,0.0519,-0.0927
31.503,1,0.035,13.14,0.0,1,59.8,13.43,0.0,-0.6,-0.021,-0.0,-0.448,-1.271,-1.123,67.78,11.49,2,18.42,1,0.781,36.84,30.01,0.0,0,5,0.0631,-0.102,0.0593,-0.1039
31.543,1,0.029,12.55,0.0,1,61.3,12.26,0.0,-0.6,-0.02,0.002,-0.455,-1.271,-1.123,66.81,11.49,2,18.42,1,0.759,33.44,25.67,0.0,0,5,0.0668,-0.0964,0.0575,-0.1076
31.703,1,0.509,18.97,8.5,5,69.0,21.96,0.0,-0.6,-0.02,-0.003,-0.465,-1.273,-1.126,62.45,11.49,2,18.42,1,0.655,15.03,7.48,-1.288,1,5,0.0586,-0.1081,0.0623,-0.0916
31.806,1,0.6,10.48,13.5,5,72.0,22.04,0.0209,-0.1269,-0.02,-0.003,-0.475,-1.273,-1.128,59.76,11.49,2,18.42,1,0.711,3.88,-6.58,0.146,1,5,0.0698,-0.1029,0.0569,-0.1047
31.998,1,0.76,2.25,9.17,5,75.1,21.11,0.0908,-0.3228,0.024,0.006,-0.207,-1.273,-1.126,56.89,11.49,2,18.42,1,0.788,-23.27,-44.74,0.0,0,5,0.0538,-0.0111,0.0705,-0.0185
32.042,1,0.897,1.75,9.08,5,75.1,21.11,0.1047,-0.1525,0.046,0.008,-0.244,-1.271,-1.123,56.09,11.51,2,28.27,1,0.813,-29.08,-50.84,0.0,0,5,0.0705,0.0223,0.0872,0.0056
32.101,1,0.906,1.0,7.94,5,75.0,20.96,0.1259,-0.1819,0.064,0.01,-0.187,-1.27,-1.119,55.35,11.51,2,28.27,1,0.82,-28.11,-52.75,0.0,0,5,0.0868,0.0259,0.1072,0.0055
32.135,1,0.904,1.0,7.67,5,74.6,20.96,0.1329,-0.1606,0.071,0.009,-0.137,-1.269,-1.118,55.18,11.51,2,28.27,1,0.82,-28.11,-52.75,0.0,0,5,0.0979,0.0407,0.1183,0.0259
32.205,1,0.897,1.25,7.32,5,74.0,20.81,0.1609,-0.1917,0.107,0.006,-0.126,-1.264,-1.11,54.6,11.51,2,17.13,1,0.793,-20.36,-46.12,0.0,0,5,0.122,0.0905,0.1349,0.0813
32.238,1,0.884,1.25,6.98,5,73.5,20.81,0.1748,-0.2007,0.117,0.005,-0.128,-1.262,-1.108,54.49,11.51,2,17.13,1,0.793,-20.36,-46.12,0.0,0,5,0.133,0.0998,0.1441,0.0924
32.299,1,0.884,1.75,6.78,5,72.4,20.57,0.1959,-0.2102,0.141,0.004,-0.173,-1.257,-1.1,53.86,11.51,2,17.13,1,0.74,-10.18,-33.48,0.0,0,5,0.1632,0.1187,0.1725,0.1113
32.405,1,0.853,1.75,5.22,5,71.9,20.57,0.2309,-0.2362,0.188,0.004,-0.172,-1.244,-1.082,52.71,11.52,2,5.13,1,0.697,5.82,-7.45,-5.764,1,5,0.2167,0.1612,0.2241,0.1519
32.503,1,0.846,1.25,3.88,5,71.4,20.81,0.2471,-0.1941,0.225,0.001,-0.175,-1.231,-1.064,51.57,11.52,2,5.13,1,0.668,14.06,14.19,-1.488,1,5,0.2522,0.1873,0.2652,0.1966
32.539,1,0.856,1.25,3.84,5,71.9,20.46,0.2609,-0.1476,0.23,0.001,-0.181,-1.228,-1.061,51.39,11.52,2,5.13,1,0.727,17.93,24.03,0.0,0,5,0.2541,0.1892,0.2726,0.204
32.602,1,0.871,0.5,3.26,5,73.3,20.57,0.2248,-0.133,0.244,0.004,-0.24,-1.218,-1.049,50.71,11.52,2,-2.32,1,0.778,19.39,26.97,0.0,0,5,0.2689,0.2151,0.2819,0.2114
32.7,1,0.89,1.0,2.64,5,74.0,20.2,0.1648,-0.0849,0.258,0.006,-0.133,-1.202,-1.029,49.85,11.52,2,-2.32,1,0.774,20.84,27.28,0.0,0,5,0.2708,0.2318,0.2967,0.2337
32.733,1,0.877,1.25,2.82,5,74.0,20.46,0.153,-0.072,0.252,0.005,-0.142,-1.196,-1.021,49.62,11.52,2,-2.32,1,0.774,20.84,27.28,0.0,0,5,0.2671,0.23,0.2838,0.2263
32.906,1,0.833,1.5,0.15,5,74.1,21.42,0.1498,-0.0769,0.21,0.006,-0.101,-1.17,-0.989,48.07,11.52,2,2.35,1,0.795,12.12,10.61,0.146,1,5,0.2249,0.191,0.241,0.1821
33.003,1,0.815,1.25,0.52,5,72.7,20.46,0.1498,-0.0173,0.191,0.007,-0.152,-1.158,-0.975,47.38,11.52,2,3.72,1,0.784,8.24,-2.74,-2.471,1,5,0.204,0.1799,0.217,0.1632
33.17,1,0.811,0.25,-0.17,5,71.7,20.46,0.1498,-0.0232,0.162,0.001,-0.02,-1.14,-0.955,46.75,11.52,2,3.72,1,0.778,6.3,-5.35,-4.082,1,5,0.1714,0.153,0.1733,0.1512
33.201,1,0.806,0.75,-0.73,5,71.9,20.57,0.1498,0.0045,0.158,-0.002,0.017,-1.138,-0.953,46.75,11.52,2,3.72,1,0.777,6.3,-5.75,-4.5,1,5,0.1696,0.1438,0.1677,0.1493
33.302,1,0.842,0.75,-0.47,5,72.6,20.57,0.1258,0.0081,0.141,0.003,0.01,-1.126,-0.94,46.7,11.52,2,2.34,1,0.771,6.3,-5.78,-4.523,1,5,0.1351,0.1461,0.1406,0.1406
33.37,1,0.862,0.25,-0.6,5,73.0,20.46,0.1467,0.0041,0.126,-0.001,0.015,-1.121,-0.935,46.58,11.52,2,2.34,1,0.755,7.76,-6.51,0.0,0,5,0.1224,0.1298,0.1187,0.1317
33.401,1,0.868,0.75,-1.13,5,73.0,20.57,0.1498,0.0131,0.122,-0.003,0.085,-1.119,-0.933,46.7,11.52,2,2.34,1,0.74,10.18,2.77,-6.726,1,5,0.1205,0.1205,0.1187,0.1298
33.498,1,0.847,1.75,-0.67,5,72.7,20.81,0.1498,0.0193,0.122,0.002,0.079,-1.111,-0.924,47.04,11.52,2,-0.68,1,0.77,11.63,4.87,-4.692,1,5,0.1076,0.1335,0.115,0.1335
33.532,1,0.832,1.75,-0.09,5,72.3,20.81,0.1498,-0.0038,0.119,0.0,0.049,-1.108,-0.921,47.21,11.52,2,-0.68,1,0.77,11.63,4.87,-4.692,1,5,0.1074,0.1334,0.1056,0.1297
33.603,1,0.806,2.75,-0.68,5,71.8,20.81,0.1257,-0.0154,0.119,-0.002,0.084,-1.103,-0.915,47.27,11.52,2,-1.65,1,0.781,15.03,14.5,-7.355,1,5,0.113,0.126,0.1093,0.1297
33.696,1,0.776,3.24,0.23,5,71.4,21.1,0.1339,-0.0123,0.126,0.0,0.004,-1.094,-0.906,47.38,11.52,2,-1.65,1,0.784,18.42,13.07,-5.537,1,5,0.1223,0.1297,0.1241,0.1297
33.804,1,0.783,3.24,0.72,5,70.7,21.62,0.169,-0.0365,0.114,0.002,0.059,-1.085,-0.896,47.33,11.52,2,-1.92,1,0.787,18.9,13.24,-3.308,1,5,0.1074,0.1148,0.1185,0.1167
33.896,1,0.795,3.74,0.59,5,71.0,20.57,0.1665,-0.0478,0.138,0.003,-0.064,-1.077,-0.887,47.33,11.52,2,-1.92,1,0.782,19.39,13.72,-5.704,1,5,0.1352,0.1408,0.1426,0.1352
34.0,1,0.79,3.49,0.34,5,71.6,20.2,0.1689,-0.0497,0.16,0.0,-0.087,-1.066,-0.875,47.04,11.52,2,-1.92,1,0.78,18.9,11.71,-4.436,1,5,0.163,0.1556,0.1649,0.1574
34.102,1,0.777,3.74,0.33,5,71.4,20.57,0.1877,-0.0408,0.166,0.0,0.0,-1.053,-0.861,46.98,11.54,2,-0.89,1,0.803,18.9,10.8,-6.187,1,5,0.1669,0.1613,0.1725,0.1651
34.197,1,0.739,4.24,0.87,5,70.7,25.84,0.1642,-0.0422,0.174,-0.005,0.06,-1.043,-0.851,46.93,11.54,2,-0.89,1,0.777,18.9,10.76,-6.162,1,5,0.1799,0.1669,0.1725,0.178
34.301,1,0.704,4.99,0.54,5,70.2,27.44,0.1423,-0.0583,0.174,0.005,-0.081,-1.031,-0.838,46.81,11.54,2,-0.89,1,0.806,19.87,10.11,-3.523,1,5,0.1725,0.178,0.1799,0.1669
34.399,1,0.725,5.49,-0.01,5,69.7,21.1,0.12,-0.0566,0.16,-0.002,-0.053,-1.02,-0.826,46.81,11.54,2,-0.89,1,0.784,20.84,9.66,-4.226,1,5,0.1613,0.1521,0.1651,0.1632
34.469,1,0.713,4.99,0.51,5,70.2,26.27,0.1365,-0.051,0.141,-0.001,-0.094,-1.013,-0.818,46.47,11.55,2,-0.22,1,0.789,19.87,8.95,-5.225,1,5,0.1502,0.1409,0.1391,0.1354
34.496,1,0.74,4.74,0.2,5,70.6,25.69,0.1246,-0.0548,0.136,0.0,0.009,-1.011,-0.816,46.47,11.55,2,-0.22,1,0.789,19.87,8.95,-5.225,1,5,0.1428,0.1335,0.1391,0.128
34.567,1,0.738,4.74,0.44,5,70.3,23.94,0.1411,-0.0464,0.128,-0.003,0.002,-1.004,-0.809,46.41,11.55,2,-0.22,1,0.791,18.9,8.2,-5.148,1,5,0.1243,0.1076,0.1428,0.1391
34.595,1,0.729,4.74,0.34,5,70.3,25.11,0.142,-0.0518,0.127,-0.003,-0.023,-1.002,-0.807,46.41,11.55,2,-0.22,1,0.791,18.9,8.2,-5.148,1,5,0.1243,0.1113,0.1372,0.1354
34.668,1,0.73,4.24,-0.2,5,68.4,25.11,0.1249,-0.0493,0.125,0.002,-0.052,-0.995,-0.8,46.24,11.55,2,0.1,1,0.812,17.93,7.84,-3.557,1,5,0.1324,0.1287,0.125,0.1122
34.695,1,0.707,4.24,-0.82,5,68.6,25.69,0.1317,-0.0321,0.124,0.002,-0.022,-0.993,-0.798,46.24,11.55,2,0.1,1,0.812,17.93,7.84,-3.557,1,5,0.1306,0.125,0.1269,0.114
34.735,1,0.719,4.24,-0.67,5,68.5,25.69,0.1458,-0.0183,0.121,-0.0,-0.029,-0.99,-0.795,46.12,11.55,2,0.1,1,0.8,17.93,6.69,-5.309,1,5,0.125,0.1122,0.1287,0.1177
34.77,1,0.748,3.74,-0.24,5,68.8,24.79,0.1568,-0.0213,0.122,-0.003,0.006,-0.986,-0.791,46.07,11.55,2,0.1,1,0.8,17.45,6.62,-5.27,1,5,0.1261,0.1076,0.1298,0.1243
34.8,1,0.747,3.99,-0.53,5,69.4,24.26,0.1662,-0.0257,0.124,-0.004,-0.005,-0.985,-0.79,46.12,11.55,2,0.1,1,0.806,17.45,6.24,-2.657,1,5,0.1298,0.1094,0.1298,0.1261
34.867,1,0.749,3.74,0.67,5,69.5,20.46,0.1589,-0.0225,0.144,0.002,-0.002,-0.976,-0.78,46.01,11.55,2,-1.12,1,0.822,16.96,6.45,-3.518,1,5,0.1441,0.1478,0.1441,0.1405
34.901,1,0.756,3.74,0.08,5,70.0,20.46,0.172,-0.0502,0.148,0.002,-0.006,-0.974,-0.778,46.01,11.55,2,-1.12,1,0.809,16.96,7.43,-2.831,1,5,0.1441,0.1478,0.1441,0.1405
34.997,1,0.675,3.74,-1.14,5,67.6,24.52,0.1513,-0.0353,0.154,-0.005,-0.053,-0.965,-0.77,45.89,11.55,2,-1.12,1,0.817,16.96,4.98,-4.457,1,5,0.1576,0.1372,0.1613,0.1595
35.067,1,0.669,3.24,0.45,5,66.5,25.11,0.1491,-0.0071,0.152,0.001,-0.083,-0.957,-0.761,45.66,11.58,2,-0.71,1,0.814,15.99,6.29,-4.195,1,5,0.1569,0.1476,0.1587,0.144
35.095,1,0.702,2.75,0.08,5,66.7,20.46,0.1458,-0.0375,0.151,0.004,-0.043,-0.955,-0.759,45.55,11.58,2,-0.71,1,0.814,15.99,6.29,-4.195,1,5,0.155,0.1513,0.1587,0.1403
35.168,1,0.763,2.25,-0.65,5,68.6,22.77,0.167,-0.0249,0.147,-0.0,-0.03,-0.947,-0.75,45.38,11.58,2,-0.71,1,0.817,15.03,4.1,-5.035,1,5,0.1502,0.1335,0.1613,0.1447
35.199,1,0.753,2.25,-0.99,5,68.2,22.78,0.1715,-0.0009,0.146,-0.001,-0.049,-0.944,-0.748,45.32,11.58,2,-0.71,1,0.817,14.06,3.41,-4.699,1,5,0.1502,0.1317,0.1576,0.1447
35.23,1,0.766,2.25,-0.97,5,68.4,21.02,0.1785,0.0083,0.146,0.001,-0.003,-0.94,-0.744,45.26,11.58,2,-1.96,1,0.817,14.06,3.41,-4.699,1,5,0.15,0.1426,0.1519,0.1408
35.297,1,0.737,2.0,-1.42,5,67.7,21.6,0.1892,0.0079,0.157,0.003,-0.04,-0.934,-0.737,45.21,11.58,2,-1.96,1,0.821,14.06,3.39,-4.702,1,5,0.1537,0.1556,0.163,0.1537
35.367,1,0.711,2.25,-0.87,5,66.6,22.77,0.2034,0.0251,0.174,0.0,-0.004,-0.924,-0.727,45.21,11.58,2,-1.96,1,0.819,14.06,3.49,-4.785,1,5,0.1753,0.1735,0.1753,0.1735
35.399,1,0.76,2.25,-1.16,5,68.6,22.77,0.1848,0.0037,0.177,0.002,0.008,-0.921,-0.724,45.21,11.58,2,-1.96,1,0.781,16.96,7.14,-4.987,1,5,0.1753,0.1809,0.1772,0.1753
35.433,1,0.761,1.75,-0.86,5,69.6,23.94,0.174,0.0102,0.184,0.007,-0.006,-0.916,-0.718,45.32,11.59,2,-3.22,1,0.81,17.45,10.58,-2.515,1,5,0.1698,0.1919,0.1901,0.1827
35.467,1,0.769,1.75,-0.8,5,70.0,22.19,0.1882,0.0096,0.192,0.004,-0.052,-0.91,-0.713,45.21,11.59,2,-3.22,1,0.814,16.96,10.94,-3.427,1,5,0.1817,0.1929,0.1984,0.1947
35.5,1,0.763,1.75,-0.88,5,70.1,20.46,0.2021,0.0088,0.194,0.002,-0.027,-0.908,-0.71,45.21,11.59,2,-3.22,1,0.817,16.96,10.97,-3.427,1,5,0.1873,0.191,0.2003,0.1966
35.6,1,0.803,1.0,-1.12,5,73.2,23.35,0.2036,0.0105,0.197,0.006,-0.002,-0.894,-0.696,45.09,11.59,2,-3.22,1,0.83,15.99,10.85,-1.477,1,5,0.1929,0.204,0.2003,0.1892
35.666,1,0.85,0.75,-0.54,5,74.8,21.02,0.2245,0.0284,0.203,-0.002,0.034,-0.883,-0.685,45.09,11.59,2,-2.84,1,0.835,16.48,10.03,-1.021,1,5,0.2003,0.1984,0.204,0.2096
35.701,1,0.844,1.0,-0.49,5,76.2,20.44,0.2385,0.0131,0.204,0.0,0.076,-0.88,-0.681,45.21,11.59,2,-2.84,1,0.833,16.96,11.11,-1.919,1,5,0.1984,0.2059,0.2021,0.2077
35.735,1,0.84,1.0,-0.42,5,76.8,20.44,0.2454,0.0082,0.211,0.002,0.069,-0.874,-0.675,45.26,11.59,2,-2.84,1,0.836,16.96,11.12,-1.882,1,5,0.204,0.2188,0.2077,0.2151
35.799,1,0.848,0.75,-0.05,5,76.3,20.46,0.2346,0.0052,0.225,-0.0,-0.018,-0.864,-0.665,45.21,11.59,2,-2.84,1,0.838,16.96,12.98,0.517,1,5,0.2186,0.2278,0.2204,0.2315
35.866,1,0.852,0.75,-0.06,5,75.8,20.46,0.2498,-0.0043,0.243,0.001,0.028,-0.85,-0.651,45.38,11.59,2,-0.61,1,0.819,13.57,8.87,0.392,1,5,0.2374,0.2467,0.2411,0.2467
35.902,1,0.849,1.0,-0.0,5,75.3,20.44,0.25,-0.0042,0.247,-0.001,-0.055,-0.846,-0.648,45.32,11.59,2,-0.61,1,0.848,13.57,5.92,-2.614,1,5,0.2448,0.2485,0.243,0.2522
35.934,1,0.849,0.75,-0.04,5,74.6,20.46,0.2489,-0.0094,0.252,-0.001,-0.035,-0.839,-0.641,45.26,11.59,2,-0.61,1,0.843,13.09,6.37,-3.629,1,5,0.2522,0.2541,0.2467,0.2541
35.965,1,0.845,0.25,0.05,5,74.3,20.46,0.2464,-0.0047,0.255,-0.0,0.034,-0.832,-0.633,45.32,11.59,2,-0.61,1,0.847,13.09,4.85,0.016,1,5,0.2541,0.2522,0.2559,0.2559
36.0,1,0.856,0.75,-0.18,5,74.7,20.46,0.261,-0.0024,0.255,0.001,-0.034,-0.829,-0.63,45.26,11.59,2,-0.61,1,0.842,13.09,6.36,-3.629,1,5,0.2504,0.2504,0.2615,0.2578
36.066,1,0.851,0.0,-0.06,5,73.2,19.97,0.264,-0.0005,0.264,-0.0,0.023,-0.814,-0.615,45.26,11.6,2,1.13,1,0.843,13.09,6.29,-0.486,1,5,0.2615,0.2634,0.2634,0.2671
36.168,1,0.854,-0.25,-0.28,5,73.6,20.46,0.299,0.0033,0.271,-0.001,0.045,-0.794,-0.595,45.21,11.6,2,1.13,1,0.855,12.12,6.17,-1.599,1,5,0.27,0.2682,0.2718,0.2737
36.2,1,0.842,0.25,-0.4,5,73.7,20.46,0.2936,0.0144,0.274,-0.001,0.009,-0.79,-0.591,45.26,11.6,2,1.13,1,0.853,11.63,6.06,-4.034,1,5,0.2737,0.2737,0.2718,0.2773
36.238,1,0.866,0.0,-0.03,5,75.3,20.44,0.2881,0.0124,0.285,0.0,-0.048,-0.782,-0.583,45.15,11.6,2,1.48,1,0.828,9.69,1.48,-0.157,1,5,0.2832,0.285,0.285,0.2869
36.301,1,0.853,-0.25,-0.21,5,76.9,20.46,0.2706,0.0013,0.297,0.0,0.003,-0.769,-0.57,45.15,11.6,2,1.48,1,0.87,9.21,-2.31,-5.152,1,5,0.2914,0.2932,0.3023,0.3023
36.368,1,0.845,-0.25,0.12,5,76.5,20.46,0.2351,0.0098,0.303,0.0,0.03,-0.751,-0.552,45.15,11.6,2,1.48,1,0.88,8.72,-3.41,0.0,0,5,0.3027,0.299,0.3064,0.3027
36.398,1,0.85,0.0,0.55,5,75.8,20.96,0.2296,-0.0011,0.301,0.001,-0.034,-0.747,-0.548,45.09,11.6,2,1.48,1,0.871,9.69,-2.0,-6.061,1,5,0.3008,0.299,0.3064,0.299
36.499,1,0.872,-0.75,-0.18,5,75.9,20.46,0.1695,-0.0143,0.278,0.01,-0.073,-0.728,-0.528,44.69,11.6,2,0.32,1,0.89,8.24,-3.33,-6.857,1,5,0.2738,0.2757,0.3016,0.2627
36.536,1,0.876,-1.75,0.26,5,75.9,20.46,0.1577,0.0136,0.271,0.008,-0.144,-0.721,-0.52,44.35,11.6,2,0.32,1,0.887,7.76,-5.0,-7.418,1,5,0.2794,0.2646,0.2923,0.2461
36.564,1,0.879,-1.75,-0.86,5,76.5,20.46,0.1335,0.0153,0.266,0.006,-0.138,-0.717,-0.517,44.18,11.6,2,0.32,1,0.894,6.79,-5.75,0.0,0,5,0.2782,0.2578,0.2875,0.2411
36.599,1,0.883,-2.25,-0.61,5,76.4,20.46,0.1477,0.0387,0.255,0.006,-0.107,-0.71,-0.51,44.0,11.6,2,0.32,1,0.872,8.72,-3.91,0.0,0,5,0.2671,0.2374,0.2838,0.2318
36.666,1,0.896,-3.74,-1.21,5,76.8,20.46,0.1684,0.0387,0.231,0.009,-0.153,-0.698,-0.496,43.37,11.6,2,-3.25,1,0.879,8.72,-2.25,-7.504,1,5,0.2392,0.2151,0.2652,0.2059
36.766,1,0.889,-5.24,-2.1,5,79.1,20.46,0.1468,0.0643,0.209,0.011,-0.161,-0.683,-0.481,42.69,11.6,2,-3.25,1,0.88,10.66,2.15,-5.032,1,5,0.2188,0.1984,0.2411,0.178
36.798,1,0.893,-5.74,-2.27,5,79.2,20.46,0.1611,0.1049,0.204,0.013,-0.107,-0.68,-0.478,42.57,11.6,2,-3.25,1,0.878,12.6,9.78,-2.148,1,5,0.2114,0.1966,0.2355,0.1706
36.866,1,0.884,-6.74,-2.91,5,79.3,20.46,0.1818,0.1176,0.195,0.007,-0.108,-0.669,-0.468,42.11,11.6,2,-6.33,1,0.891,12.6,10.72,-1.778,1,5,0.2003,0.1836,0.2207,0.1743
36.899,1,0.877,-7.74,-3.01,5,79.3,20.46,0.1962,0.1499,0.19,0.006,-0.087,-0.667,-0.465,42.0,11.6,2,-6.33,1,0.901,12.12,11.68,-3.478,1,5,0.1947,0.1799,0.2133,0.1725
36.934,1,0.877,-8.24,-3.13,5,79.6,20.46,0.2028,0.1663,0.183,0.005,0.008,-0.661,-0.46,41.94,11.6,2,-6.33,1,0.899,11.15,11.46,-3.096,1,5,0.1855,0.1762,0.1984,0.1706
36.964,1,0.879,-8.24,-3.52,5,79.9,20.46,0.2168,0.1776,0.18,0.001,0.06,-0.656,-0.455,42.0,11.6,2,-6.33,1,0.902,11.15,10.53,-3.545,1,5,0.1778,0.1778,0.1834,0.1797
36.998,1,0.879,-7.74,-3.66,5,80.1,20.46,0.2308,0.1925,0.181,0.0,0.164,-0.653,-0.453,42.17,11.6,2,-6.33,1,0.897,12.12,10.44,-1.039,1,5,0.1704,0.1797,0.1815,0.1908
37.065,1,0.885,-6.74,-2.39,5,80.4,20.46,0.2519,0.1974,0.189,0.001,0.192,-0.642,-0.443,42.91,11.61,2,-7.05,1,0.891,13.57,14.13,-0.135,1,5,0.1502,0.2133,0.1651,0.2151
37.103,1,0.889,-5.74,-2.93,5,80.2,20.46,0.266,0.1444,0.199,-0.004,0.316,-0.636,-0.437,43.54,11.61,2,-7.05,1,0.892,15.03,14.62,-1.227,1,5,0.1669,0.2374,0.1539,0.2392
37.165,1,0.886,-4.24,-1.2,5,79.5,20.46,0.2597,0.1519,0.215,-0.004,0.227,-0.626,-0.428,44.4,11.61,2,-7.05,1,0.903,18.42,19.67,0.0,0,5,0.1743,0.2541,0.1669,0.2634
37.265,1,0.858,-1.25,0.38,5,78.1,20.46,0.2163,0.0722,0.232,-0.008,0.166,-0.609,-0.412,45.61,11.61,2,-3.12,1,0.886,19.39,22.11,0.0,0,5,0.2038,0.263,0.1852,0.2778
37.301,1,0.886,-1.0,0.46,5,77.3,19.97,0.2155,-0.0113,0.232,-0.007,0.14,-0.603,-0.406,45.89,11.61,2,-3.12,1,0.872,16.48,15.08,1.253,1,5,0.2056,0.2593,0.1908,0.2741
37.333,1,0.874,-0.5,0.8,5,77.3,19.97,0.2225,-0.015,0.23,-0.007,0.125,-0.599,-0.403,46.07,11.61,2,-3.12,1,0.888,16.48,13.51,-0.736,1,5,0.2028,0.247,0.1991,0.271
37.365,1,0.878,-0.25,1.24,5,77.0,20.46,0.2365,-0.0292,0.222,-0.009,0.024,-0.593,-0.397,46.18,11.61,2,-3.12,1,0.859,15.03,14.68,-2.673,1,5,0.203,0.2325,0.1938,0.2584
37.398,1,0.865,0.0,1.28,5,75.9,20.2,0.2504,-0.046,0.22,-0.008,0.099,-0.59,-0.394,46.24,11.61,2,-3.12,1,0.831,10.66,5.01,-2.321,1,5,0.2067,0.2289,0.1938,0.2492
37.433,1,0.868,0.25,1.47,5,76.1,20.46,0.2575,-0.05,0.22,-0.006,-0.011,-0.584,-0.387,46.35,11.6,2,3.41,1,0.876,9.69,-0.1,-5.485,1,5,0.2151,0.23,0.1984,0.2374
37.465,1,0.863,0.5,1.08,5,76.5,19.97,0.2334,-0.0544,0.224,-0.002,0.023,-0.577,-0.381,46.41,11.6,2,3.41,1,0.827,6.79,-2.48,-0.881,1,5,0.2207,0.23,0.2133,0.2318
37.497,1,0.87,0.75,1.22,5,76.5,20.46,0.2473,-0.0448,0.226,-0.002,0.03,-0.574,-0.377,46.41,11.6,2,3.41,1,0.827,6.79,-2.48,-0.881,1,5,0.2244,0.23,0.217,0.2318
37.6,1,0.864,0.75,1.17,5,76.7,20.46,0.2061,-0.0446,0.227,0.004,-0.03,-0.559,-0.361,46.29,11.6,2,3.41,1,0.884,6.79,-8.71,-5.913,1,5,0.2226,0.23,0.2318,0.2244
37.702,1,0.821,0.0,1.25,5,76.8,20.44,0.1727,-0.0376,0.22,-0.002,-0.099,-0.54,-0.342,45.84,11.6,2,2.76,1,0.883,5.82,-8.97,-3.739,1,5,0.2281,0.2003,0.2355,0.2188
37.732,1,0.851,-0.5,0.78,5,76.6,21.02,0.1796,-0.0314,0.217,-0.001,-0.073,-0.537,-0.339,45.72,11.6,2,2.76,1,0.88,4.85,-9.71,-4.546,1,5,0.2207,0.1929,0.2374,0.2151
37.865,1,0.874,-1.5,-0.23,5,76.1,20.81,0.2124,-0.0185,0.194,0.007,-0.0,-0.518,-0.318,45.15,11.6,2,-1.16,1,0.88,10.66,6.48,-0.76,1,5,0.203,0.1882,0.2141,0.1698
37.9,1,0.88,-1.5,-0.37,5,76.7,21.02,0.2268,0.0243,0.193,0.006,-0.062,-0.516,-0.316,45.09,11.6,2,-1.16,1,0.879,10.66,3.31,-0.522,1,5,0.2021,0.1892,0.2096,0.1706
37.964,1,0.897,-1.5,-0.95,5,76.7,20.81,0.2474,0.0278,0.198,0.003,0.028,-0.504,-0.304,44.98,11.6,2,-1.16,1,0.861,13.09,7.47,-1.688,1,5,0.1938,0.2012,0.2012,0.1956
37.997,1,0.903,-1.5,-0.56,5,75.3,21.02,0.2613,0.0484,0.201,0.003,0.024,-0.501,-0.301,45.03,11.6,2,-1.16,1,0.902,15.03,13.19,-1.0,1,5,0.1956,0.2067,0.2012,0.2012
38.063,1,0.898,-1.5,-0.42,5,76.3,20.81,0.2824,0.0352,0.223,-0.003,0.079,-0.488,-0.288,45.32,11.6,2,-3.37,1,0.919,14.54,13.7,-2.027,1,5,0.2136,0.2338,0.2062,0.2393
38.265,1,0.903,-0.25,0.12,5,76.0,21.02,0.2738,0.0291,0.281,-0.004,0.088,-0.454,-0.254,46.07,11.6,2,-1.23,1,0.965,17.45,15.81,-1.388,1,5,0.2741,0.289,0.2649,0.2964
38.332,1,0.911,-0.25,1.25,5,75.6,20.46,0.2626,-0.0048,0.279,-0.001,0.035,-0.438,-0.238,46.12,11.6,2,-1.23,1,0.956,16.96,16.71,-4.185,1,5,0.2689,0.2838,0.2726,0.2912
38.398,1,0.903,0.5,1.48,5,74.5,20.2,0.2271,-0.039,0.277,-0.001,0.008,-0.43,-0.229,46.24,11.6,2,-1.23,1,0.951,13.57,5.94,-7.558,1,5,0.2717,0.279,0.2717,0.2845
38.563,1,0.883,0.0,1.36,5,74.0,20.44,0.2081,-0.0498,0.243,0.004,-0.061,-0.399,-0.197,45.78,11.6,2,2.08,1,0.951,10.66,-2.22,-7.712,1,5,0.2504,0.2374,0.2559,0.2281
38.598,1,0.904,0.0,1.0,5,74.5,20.0,0.184,-0.0362,0.239,0.004,-0.063,-0.396,-0.193,45.66,11.6,2,2.08,1,0.96,9.69,-3.45,-7.781,1,5,0.2485,0.2337,0.2522,0.2226
38.664,1,0.918,-0.5,0.58,5,75.7,20.44,0.1482,-0.0225,0.222,0.009,-0.02,-0.384,-0.18,45.38,11.6,2,1.08,1,0.973,8.72,-6.18,-7.526,1,5,0.2254,0.2236,0.2476,0.207
38.699,1,0.925,-0.5,0.42,5,75.5,20.0,0.1236,-0.0053,0.217,0.01,-0.045,-0.382,-0.177,45.32,11.6,2,1.08,1,0.973,8.72,-6.21,-7.523,1,5,0.218,0.2143,0.2402,0.1959
38.764,1,0.921,-0.75,-0.04,5,73.5,20.44,0.12,-0.0026,0.202,0.004,-0.131,-0.371,-0.165,44.98,11.6,2,1.08,1,0.929,11.63,-2.87,-6.72,1,5,0.2114,0.1966,0.2263,0.191
38.798,1,0.921,-1.0,-0.43,5,72.4,20.44,0.1271,0.0088,0.196,0.002,-0.044,-0.368,-0.163,44.86,11.6,2,1.08,1,0.952,11.63,0.82,-5.219,1,5,0.2003,0.1817,0.2151,0.1873
38.831,1,0.928,-1.0,-1.08,5,71.4,20.44,0.1342,0.02,0.188,0.002,-0.058,-0.363,-0.157,44.75,11.6,2,-3.76,1,0.921,13.09,0.76,-5.918,1,5,0.1966,0.1743,0.2059,0.1762
38.863,1,0.931,-1.25,-1.38,5,70.4,20.44,0.1244,0.0314,0.181,0.004,-0.084,-0.358,-0.152,44.52,11.6,2,-3.76,1,0.953,13.57,5.99,-2.559,1,5,0.1889,0.1704,0.2001,0.1649
38.964,1,0.84,-2.0,-1.91,5,64.5,20.2,0.1594,0.0457,0.156,0.007,-0.02,-0.347,-0.141,44.18,11.6,2,-3.76,1,0.941,16.48,13.54,-0.711,1,5,0.1651,0.1502,0.1762,0.1335
38.998,1,0.83,-2.5,-1.71,5,63.6,20.44,0.1733,0.0705,0.154,0.008,-0.066,-0.345,-0.139,44.12,11.6,2,-3.76,1,0.942,15.99,12.8,-2.544,1,5,0.1632,0.1521,0.1725,0.1298
39.098,1,0.84,-2.75,-2.38,5,65.4,20.44,0.2084,0.0754,0.141,0.006,0.026,-0.335,-0.128,43.89,11.6,2,-5.89,1,0.919,15.03,11.65,-2.585,1,5,0.1335,0.1447,0.1502,0.1372
39.164,1,0.843,-2.5,-2.38,5,65.6,20.44,0.2294,0.103,0.153,0.002,0.079,-0.326,-0.12,44.23,11.6,2,-5.89,1,0.892,15.51,10.93,-3.718,1,5,0.1447,0.1688,0.1409,0.1558
39.2,1,0.843,-2.25,-2.37,5,65.3,20.44,0.2433,0.1028,0.157,-0.001,0.082,-0.324,-0.117,44.35,11.6,2,-5.89,1,0.892,15.99,12.76,-1.141,1,5,0.1465,0.1706,0.1409,0.1688
39.264,1,0.791,-0.5,-1.59,5,62.1,20.81,0.2644,0.1046,0.172,-0.001,0.141,-0.314,-0.108,45.03,11.6,2,-4.78,1,0.893,18.42,14.39,-3.537,1,5,0.1426,0.2019,0.1408,0.2038
39.364,1,0.817,-0.25,-1.17,5,63.6,20.44,0.2617,0.0584,0.213,-0.006,0.139,-0.299,-0.093,45.84,11.6,2,-4.78,1,0.9,19.39,17.77,0.0,0,5,0.191,0.23,0.1836,0.2485
39.433,1,0.868,0.0,-0.71,5,66.1,20.44,0.2596,0.0419,0.226,-0.005,0.032,-0.289,-0.083,46.07,11.6,2,-1.32,1,0.868,16.48,11.88,-0.756,1,5,0.2115,0.2464,0.1968,0.2501
39.463,1,0.876,0.5,-0.95,5,67.5,20.2,0.2735,0.024,0.234,-0.005,0.115,-0.282,-0.076,46.24,11.6,2,-1.32,1,0.881,16.48,12.9,-0.37,1,5,0.2243,0.2482,0.2096,0.2538
39.564,1,0.895,0.5,-0.27,5,69.2,20.44,0.2709,0.0288,0.253,-0.004,0.055,-0.264,-0.058,46.58,11.6,2,-1.32,1,0.889,14.54,9.54,-4.533,1,5,0.2449,0.2596,0.2375,0.2688
39.662,1,0.891,1.0,-0.03,5,68.8,20.44,0.2109,0.0032,0.262,-0.002,0.103,-0.246,-0.039,46.81,11.6,2,1.47,1,0.875,13.09,5.48,-2.517,1,5,0.2519,0.2704,0.2482,0.276
39.697,1,0.89,1.25,0.31,5,68.5,20.46,0.2108,-0.0098,0.261,-0.004,0.069,-0.242,-0.035,46.93,11.6,2,1.47,1,0.881,11.63,1.34,-4.297,1,5,0.2538,0.2667,0.2482,0.276
39.865,1,0.868,0.5,0.24,5,67.0,20.57,0.1381,-0.0184,0.234,-0.004,-0.095,-0.214,-0.006,46.75,11.6,2,1.03,1,0.88,10.66,-0.13,-6.777,1,5,0.2405,0.2313,0.2276,0.235
39.893,1,0.847,0.75,-0.26,5,65.1,21.02,0.1261,-0.0071,0.226,-0.004,0.064,-0.21,-0.002,46.75,11.6,2,1.03,1,0.88,10.66,-0.13,-6.777,1,5,0.2331,0.2224,0.2224,0.226
39.963,1,0.852,-0.25,0.44,5,65.3,20.81,0.1339,-0.0007,0.209,-0.004,-0.12,-0.198,0.01,46.58,11.6,2,1.03,1,0.858,10.18,1.88,-2.568,1,5,0.2175,0.1977,0.2121,0.2103
39.998,1,0.851,-0.5,0.31,5,65.2,21.02,0.1478,-0.0048,0.207,-0.004,-0.047,-0.196,0.013,46.52,11.6,2,1.03,1,0.814,12.12,0.45,-2.527,1,5,0.2133,0.1966,0.2096,0.2077
40.063,1,0.837,-0.75,0.53,5,64.1,20.81,0.1689,-0.0013,0.187,-0.007,-0.043,-0.185,0.023,46.41,11.6,2,-1.67,1,0.778,12.6,10.52,0.0,0,5,0.1961,0.1665,0.1924,0.1924
40.13,1,0.864,-1.25,-0.59,5,66.2,21.02,0.19,-0.0064,0.175,-0.004,-0.092,-0.178,0.03,46.18,11.6,2,-1.67,1,0.769,11.63,13.59,0.0,0,5,0.1834,0.1667,0.176,0.1741
40.158,1,0.833,-1.25,-0.48,5,63.9,21.02,0.2038,0.0312,0.17,-0.001,-0.004,-0.176,0.032,46.18,11.6,2,-1.67,1,0.769,11.63,13.59,0.0,0,5,0.178,0.1688,0.1688,0.1632
40.231,1,0.838,-1.25,-0.49,5,64.2,21.02,0.2251,0.0279,0.157,0.001,0.023,-0.167,0.042,46.29,11.6,2,-0.56,1,0.765,11.63,16.78,0.0,0,5,0.1571,0.1589,0.1571,0.1534
40.263,1,0.84,-1.25,-0.6,5,63.9,21.02,0.2395,0.0283,0.159,0.002,-0.014,-0.163,0.046,46.29,11.6,2,-0.56,1,0.748,11.63,20.97,0.0,0,5,0.1497,0.1663,0.1552,0.1645
40.292,1,0.848,-1.25,-0.59,5,64.2,20.81,0.2287,0.0311,0.162,-0.0,0.041,-0.16,0.049,46.35,11.6,2,-0.56,1,0.748,11.63,20.97,0.0,0,5,0.1534,0.17,0.1534,0.1718
40.363,1,0.81,-0.25,-0.61,5,61.3,21.1,0.203,0.0291,0.18,-0.006,0.134,-0.15,0.059,46.75,11.6,2,-0.56,1,0.696,12.6,44.64,0.0,0,5,0.1778,0.1852,0.1612,0.1945
40.398,1,0.817,0.25,-0.22,5,61.6,21.02,0.1795,0.0161,0.182,-0.006,0.162,-0.147,0.061,46.93,11.6,2,-0.56,1,0.655,13.09,49.35,0.0,0,5,0.1778,0.1889,0.163,0.1963
40.561,1,0.842,0.5,0.52,5,63.5,20.56,0.12,0.0012,0.17,-0.003,-0.009,-0.128,0.082,47.27,11.59,2,4.22,1,0.552,-1.94,68.62,0.0,0,5,0.1688,0.1632,0.1706,0.178
40.66,1,0.825,0.25,0.06,5,62.0,20.46,0.12,-0.0151,0.144,0.0,-0.048,-0.118,0.092,47.1,11.59,2,13.88,1,0.487,-11.15,71.98,0.0,0,5,0.1447,0.1447,0.1447,0.1428
40.693,1,0.825,0.5,-0.16,5,62.0,20.56,0.12,-0.0031,0.13,-0.006,0.021,-0.115,0.096,46.98,11.59,2,13.88,1,0.487,-11.15,71.98,0.0,0,5,0.1447,0.1187,0.1298,0.128
40.729,1,0.828,0.25,0.05,5,62.5,21.02,0.12,-0.0019,0.12,-0.003,-0.032,-0.111,0.099,46.98,11.59,2,13.88,1,0.538,-17.93,73.04,0.0,0,5,0.1319,0.1081,0.1246,0.1136
40.763,1,0.828,-0.25,-0.06,5,62.3,20.46,0.12,-0.0028,0.114,0.001,-0.055,-0.108,0.103,46.87,11.59,2,13.88,1,0.535,-20.84,72.81,0.0,0,5,0.1258,0.1058,0.1258,0.1112
40.862,1,0.839,-0.25,-0.86,5,63.1,20.46,0.12,0.0043,0.093,0.005,-0.052,-0.102,0.11,46.58,11.59,2,20.83,1,0.541,-27.63,72.41,0.0,0,5,0.0905,0.0924,0.1035,0.0868
40.892,1,0.851,-0.75,-0.19,5,64.0,20.46,0.12,0.0194,0.09,0.003,-0.052,-0.101,0.111,46.52,11.59,2,20.83,1,0.541,-27.63,72.41,0.0,0,5,0.0909,0.089,0.0964,0.0835
40.962,1,0.86,-0.25,-0.62,5,64.8,20.46,0.12,0.0115,0.082,-0.003,0.06,-0.096,0.116,46.52,11.59,2,20.83,1,0.524,-28.11,70.84,0.0,0,5,0.0926,0.0834,0.0759,0.0778
41.025,1,0.871,-0.25,-0.59,5,65.5,20.46,0.12,0.0136,0.078,0.002,0.045,-0.093,0.119,46.75,11.59,2,26.34,1,0.524,-28.11,70.84,0.0,0,5,0.0702,0.0813,0.0776,0.0813
41.061,1,0.883,0.25,-0.49,5,66.8,20.46,0.12,0.0132,0.078,0.003,0.011,-0.092,0.12,46.75,11.59,2,26.34,1,0.522,-22.78,69.9,0.0,0,5,0.0684,0.085,0.0758,0.0813
41.092,1,0.89,0.25,-0.07,5,68.1,20.46,0.12,0.0052,0.079,0.001,0.031,-0.09,0.123,46.81,11.59,2,26.34,1,0.522,-22.78,69.9,0.0,0,5,0.0705,0.089,0.0723,0.0853
41.161,1,0.846,0.75,2.17,5,69.5,20.56,0.12,-0.0017,0.084,0.003,-0.003,-0.086,0.128,46.81,11.59,2,26.34,1,0.542,-16.48,68.19,0.0,0,5,0.0741,0.0889,0.0815,0.0908
41.231,1,0.794,0.75,1.01,5,71.5,20.56,0.12,-0.0497,0.087,0.002,-0.03,-0.082,0.132,46.81,11.59,2,33.04,1,0.569,-15.51,66.5,0.0,0,5,0.0833,0.0907,0.087,0.087
41.262,1,0.734,0.5,-0.26,4,72.4,20.5,0.12,-0.0271,0.089,-0.003,-0.012,-0.08,0.134,46.75,11.59,2,33.04,1,0.583,-14.06,65.67,0.0,0,5,0.0944,0.0888,0.0833,0.0888
41.357,1,0.624,0.75,3.11,4,71.1,20.56,0.12,0.0005,0.094,0.003,0.038,-0.075,0.14,46.87,11.59,2,33.04,1,0.609,-13.09,62.94,0.0,0,5,0.0909,0.0964,0.0964,0.0909
41.457,1,0.477,0.5,7.63,3,67.6,20.04,0.12,-0.0666,0.098,-0.003,0.011,-0.068,0.146,46.87,11.59,2,38.34,1,0.68,-3.88,62.5,0.0,0,5,0.0985,0.1003,0.0896,0.1039
41.496,1,0.433,0.5,9.23,3,66.4,20.57,0.12,-0.1499,0.101,-0.003,-0.03,-0.065,0.149,46.81,11.59,2,38.34,1,0.685,-2.42,60.5,0.0,0,5,0.1039,0.0983,0.0983,0.1039
41.562,1,0.356,0.0,18.85,3,62.6,25.84,0.12,-0.1808,0.103,-0.004,-0.093,-0.059,0.155,46.58,11.59,2,38.34,1,0.736,-3.39,56.18,0.0,0,5,0.12,0.0904,0.1089,0.0941
41.591,1,0.378,-0.75,39.92,4,59.3,27.21,0.12,-0.2994,0.104,-0.003,-0.046,-0.058,0.157,46.47,11.59,2,38.34,1,0.736,-3.39,56.18,0.0,0,5,0.1218,0.0886,0.1126,0.0923
41.66,1,0.216,0.0,0.0,2,51.8,33.05,0.12,-0.7273,0.102,0.0,-0.142,-0.054,0.161,46.12,11.59,2,45.0,1,0.781,-0.48,50.26,0.0,0,5,0.1243,0.0853,0.1205,0.0797
41.758,1,0.092,8.49,0.0,2,35.2,27.53,0.12,-0.1288,0.12,0.003,-0.391,-0.045,0.17,44.29,11.59,2,45.0,1,0.79,2.42,48.97,0.0,0,5,0.173,0.0747,0.1712,0.0619
41.796,1,0.104,12.73,0.0,2,34.7,25.33,0.0961,-0.1288,0.124,0.005,-0.377,-0.042,0.174,43.37,11.59,2,45.0,1,0.808,4.85,45.77,0.0,0,5,0.1873,0.0661,0.191,0.0496
41.828,1,0.112,16.47,0.0,2,33.2,28.86,0.0837,-0.1288,0.121,0.007,-0.312,-0.039,0.177,42.63,11.59,2,44.38,1,0.821,6.79,43.4,0.0,0,5,0.176,0.063,0.1945,0.0519
41.856,1,0.117,20.96,0.0,2,33.2,28.1,0.06,-0.1288,0.119,0.007,-0.28,-0.037,0.179,42.34,11.59,2,44.38,1,0.821,6.79,43.4,0.0,0,5,0.1632,0.0612,0.191,0.0593
41.897,1,0.017,32.17,0.0,1,33.0,20.04,0.06,-0.1288,0.113,0.002,-0.219,-0.034,0.181,41.83,11.59,2,44.38,1,0.848,11.63,40.88,0.0,0,5,0.1502,0.0631,0.1669,0.0723
41.928,1,0.024,31.69,0.0,1,32.3,16.47,0.06,-0.1288,0.103,-0.0,-0.185,-0.031,0.184,41.42,11.59,2,44.38,1,0.86,14.54,40.29,0.0,0,5,0.1372,0.0631,0.1428,0.0705
41.955,1,0.036,27.95,0.0,1,30.4,23.96,0.06,-0.1288,0.101,0.001,-0.165,-0.03,0.185,41.2,11.59,2,44.38,1,0.86,14.54,40.29,0.0,0,5,0.1332,0.0666,0.1369,0.0666
42.027,1,0.025,30.7,0.0,1,27.2,18.47,0.0359,-0.3701,0.085,0.011,-0.066,-0.025,0.19,40.68,11.6,2,41.5,1,0.884,23.75,42.81,0.0,0,5,0.0944,0.074,0.1166,0.0537
42.054,1,0.017,31.94,0.0,1,25.1,15.97,0.0243,-0.4856,0.078,0.009,-0.087,-0.025,0.191,40.62,11.6,2,41.5,1,0.884,23.75,42.81,0.0,0,5,0.0853,0.0705,0.1039,0.0519
42.128,0,0.0,0.0,0.0,0,23.6,0.0,0.0,-0.6,0.036,0.001,-0.349,-0.023,0.193,39.76,11.6,2,41.5,1,0.884,28.6,44.12,0.0,0,5,0.074,0.0074,0.0666,-0.0056
42.194,1,0.018,30.95,0.0,1,29.3,17.97,0.0,-0.6,0.006,-0.001,-0.492,-0.023,0.193,38.22,11.6,2,41.5,1,0.883,23.27,40.97,0.0,0,5,0.0834,-0.0667,0.0759,-0.0704
42.23,1,0.037,29.2,0.0,1,32.4,21.46,0.0,-0.6,-0.004,0.001,-0.509,-0.023,0.193,37.01,11.6,2,41.5,1,0.876,19.39,38.67,0.0,0,5,0.0796,-0.0925,0.087,-0.0888
42.255,1,0.044,27.7,0.0,1,35.1,24.46,0.0,-0.6,-0.01,0.001,-0.519,-0.023,0.192,36.44,11.6,2,41.5,1,0.876,19.39,38.67,0.0,0,5,0.074,-0.1018,0.0833,-0.0962
42.296,1,0.017,32.96,0.0,1,36.5,18.46,0.0,-0.6,-0.018,-0.001,-0.565,-0.024,0.192,35.18,11.6,2,41.5,1,0.858,12.12,31.88,0.0,0,5,0.0722,-0.1111,0.0741,-0.1056
42.326,1,0.122,21.96,0.0,2,37.2,25.58,0.0,-0.6,-0.022,-0.004,-0.55,-0.025,0.191,33.92,11.6,2,41.5,1,0.863,7.76,27.85,0.0,0,5,0.0723,-0.1187,0.0668,-0.1094
42.355,1,0.181,17.72,37.02,3,39.4,25.31,0.0,-0.6,-0.024,-0.004,-0.534,-0.025,0.191,33.29,11.6,2,41.5,1,0.863,7.76,27.85,0.0,0,5,0.0721,-0.122,0.0647,-0.1127
42.429,1,0.284,9.73,37.57,4,44.1,26.78,0.0073,-0.0441,-0.028,-0.004,-0.493,-0.027,0.189,31.11,11.6,2,41.5,1,0.857,-5.82,17.18,0.0,0,5,0.0697,-0.1179,0.0536,-0.1179
42.455,1,0.388,5.74,39.6,4,45.0,27.06,0.014,-0.0851,-0.029,-0.006,-0.52,-0.027,0.189,30.54,11.6,2,41.5,1,0.857,-5.82,17.18,0.0,0,5,0.0715,-0.1215,0.0518,-0.1162
42.528,1,0.542,-1.25,37.55,5,59.3,26.67,0.0423,-0.2563,-0.02,-0.012,-0.478,-0.028,0.187,28.13,11.6,2,41.5,1,0.787,-21.33,0.44,0.0,0,5,0.0759,-0.1185,0.0556,-0.0926
42.555,1,0.611,-3.74,36.66,5,63.1,26.11,0.049,-0.2973,-0.017,-0.011,-0.404,-0.028,0.187,27.62,11.6,2,41.5,1,0.787,-21.33,0.44,0.0,0,5,0.0722,-0.1111,0.0556,-0.0852
42.629,1,0.684,-4.99,37.24,5,65.8,25.31,0.0773,-0.4683,0.002,0.01,-0.184,-0.028,0.188,26.64,11.6,2,45.0,1,0.914,-28.6,-16.88,5.934,1,5,0.0334,-0.0371,0.0612,-0.0501
42.655,1,0.701,-4.74,36.91,5,65.9,25.56,0.084,-0.5092,0.012,0.014,-0.198,-0.028,0.189,26.41,11.6,2,45.0,1,0.914,-28.6,-16.88,5.934,1,5,0.0334,-0.0167,0.0686,-0.0371
42.727,1,0.777,-5.24,36.66,5,65.8,25.0,0.1124,-0.6154,0.056,-0.0,-0.425,-0.023,0.191,24.92,11.6,2,45.0,1,0.929,-31.5,-21.15,0.0,0,5,0.1187,0.0037,0.1076,-0.0056
42.755,1,0.805,-5.99,36.4,5,66.0,25.1,0.119,-0.642,0.064,-0.004,-0.492,-0.022,0.191,24.41,11.6,2,45.0,1,0.929,-31.5,-21.15,0.0,0,5,0.1391,0.0019,0.1187,-0.0037
42.795,1,0.781,-6.74,35.7,5,65.3,24.79,0.12,-0.6354,0.081,-0.006,-0.53,-0.018,0.193,23.2,11.6,2,45.0,1,0.925,-35.87,-27.69,0.0,0,5,0.1745,0.0,0.1506,0.0
42.827,1,0.724,-6.74,34.96,5,65.3,24.79,0.12,-0.6151,0.095,-0.003,-0.609,-0.014,0.194,21.77,11.6,2,45.0,1,0.927,-37.32,-32.1,0.0,0,5,0.1947,0.0,0.1837,0.0018
42.854,1,0.747,-6.74,33.98,5,64.8,24.48,0.12,-0.6024,0.103,-0.001,-0.618,-0.012,0.195,21.08,11.6,2,45.0,1,0.927,-37.32,-32.1,0.0,0,5,0.2057,0.0037,0.2002,0.0018
42.928,1,0.716,-8.49,32.0,5,64.2,23.35,0.12,-0.587,0.116,0.005,-0.677,-0.003,0.199,18.05,11.6,2,45.0,1,0.926,-44.59,-42.08,0.0,0,5,0.223,0.0037,0.2378,0.0
42.955,1,0.735,-9.23,30.08,5,64.9,23.35,0.12,-0.5277,0.116,0.002,-0.635,-0.001,0.199,17.25,11.6,2,45.0,1,0.926,-44.59,-42.08,0.0,0,5,0.2267,0.0,0.2358,0.0018
43.027,1,0.728,-19.97,30.16,5,67.1,22.68,0.12,-0.4874,0.12,-0.001,-0.549,0.008,0.202,14.5,11.6,2,45.0,1,0.893,-52.35,-50.81,0.0,0,5,0.2207,0.0092,0.228,0.0202
43.06,1,0.33,-4.48,25.81,4,66.6,22.5,0.12,-0.3642,0.119,-0.0,-0.567,0.011,0.202,13.87,11.6,2,45.0,1,0.883,-54.77,-52.54,0.0,0,5,0.2138,0.0129,0.2249,0.0258
43.127,1,0.806,-11.23,24.45,5,66.8,21.62,0.1273,-0.4452,0.122,0.003,-0.427,0.02,0.205,11.92,11.6,2,45.0,1,0.851,-56.71,-55.71,0.0,0,5,0.1936,0.0442,0.2046,0.0442
43.156,1,0.342,-6.59,24.53,4,66.7,21.83,0.134,-0.4054,0.122,0.003,-0.408,0.022,0.205,11.4,11.6,2,45.0,1,0.851,-56.71,-55.71,0.0,0,5,0.191,0.0501,0.2003,0.0482
43.255,1,0.812,-12.48,21.4,5,65.9,21.6,0.169,-0.5239,0.132,-0.003,-0.411,0.035,0.207,9.17,11.6,2,34.49,1,0.841,-51.86,-54.69,0.0,0,5,0.2038,0.0593,0.1982,0.0667
43.425,1,0.779,-15.22,17.21,5,66.3,21.02,0.2227,-0.5612,0.196,-0.003,-0.436,0.068,0.211,4.24,11.61,2,22.49,1,0.945,-37.32,-39.46,0.0,0,5,0.2739,0.1117,0.2739,0.1225
43.462,1,0.837,-15.22,16.27,5,67.7,20.81,0.2368,-0.4225,0.21,-0.001,-0.547,0.077,0.211,3.09,11.61,2,22.49,1,0.967,-36.84,-41.39,0.0,0,5,0.2912,0.1205,0.2986,0.1317
43.526,1,0.837,-16.72,14.23,5,68.3,20.56,0.2577,-0.4302,0.228,0.001,-0.427,0.091,0.212,1.32,11.61,2,22.49,1,0.962,-31.02,-36.95,0.0,0,5,0.3164,0.1388,0.3182,0.1369
43.559,1,0.85,-16.47,13.01,5,68.0,20.44,0.2718,-0.3616,0.235,0.0,-0.399,0.096,0.212,0.86,11.61,2,22.49,1,0.942,-29.08,-31.23,0.0,0,5,0.3201,0.148,0.3238,0.1499
43.661,1,0.818,-16.97,10.93,5,65.5,20.2,0.3066,-0.366,0.275,-0.002,-0.385,0.124,0.212,-1.32,11.61,2,10.49,1,0.942,-19.87,-19.97,0.0,0,5,0.339,0.2112,0.3353,0.2149
43.727,1,0.801,-16.47,9.62,5,63.7,20.44,0.3193,-0.2911,0.304,0.001,-0.481,0.148,0.211,-2.81,11.61,2,10.49,1,0.881,-11.63,-9.05,-0.405,1,5,0.3612,0.2501,0.3594,0.2445
43.827,1,0.745,-17.22,7.7,5,58.3,20.56,0.3229,-0.2471,0.341,-0.003,-0.296,0.182,0.208,-4.47,11.61,2,-1.51,1,0.883,-2.91,13.01,7.474,1,5,0.395,0.293,0.3839,0.293
43.859,1,0.709,-17.22,6.48,5,54.3,20.46,0.2985,-0.1432,0.346,-0.003,-0.203,0.189,0.208,-4.76,11.61,2,-1.51,1,0.889,-4.36,6.83,3.981,1,5,0.3987,0.2986,0.3876,0.3004
43.926,1,0.744,-16.72,6.33,5,57.4,20.56,0.2987,-0.0965,0.349,-0.007,-0.265,0.217,0.205,-5.61,11.61,2,-1.51,1,0.847,7.76,28.78,0.0,0,5,0.3922,0.3038,0.3811,0.3204
43.96,1,0.763,-16.72,5.27,5,59.5,20.2,0.2745,-0.0831,0.347,-0.006,-0.195,0.224,0.204,-5.9,11.61,2,-1.51,1,0.876,9.21,30.01,0.0,0,5,0.3848,0.3075,0.3756,0.3204
43.997,1,0.763,-16.72,4.59,5,59.6,20.44,0.2509,-0.0318,0.343,-0.001,-0.2,0.238,0.202,-6.19,11.61,2,-1.51,1,0.847,13.09,33.49,0.0,0,5,0.3683,0.3136,0.3702,0.3209
44.025,1,0.765,-17.22,4.47,5,60.1,20.44,0.2384,-0.0027,0.337,-0.003,-0.087,0.251,0.201,-6.59,11.6,2,-7.8,1,0.864,13.57,37.97,0.0,0,5,0.3618,0.303,0.3655,0.3196
44.058,1,0.773,-16.72,3.66,5,61.0,20.56,0.2149,0.0183,0.333,-0.006,-0.011,0.258,0.2,-6.59,11.6,2,-7.8,1,0.869,14.54,38.44,0.0,0,5,0.36,0.2939,0.3618,0.3177
44.127,1,0.793,-17.22,2.74,5,62.5,20.46,0.1788,0.0521,0.311,-0.006,-0.032,0.282,0.196,-7.33,11.6,2,-7.8,1,0.861,12.6,37.32,0.0,0,5,0.3414,0.2824,0.3267,0.2934
44.16,1,0.787,-16.72,2.3,5,61.9,20.46,0.154,0.0911,0.311,-0.006,-0.032,0.282,0.196,-7.33,11.6,2,-7.8,1,0.867,11.15,35.85,0.0,0,5,0.3414,0.2824,0.3267,0.2934
44.194,1,0.79,-17.47,3.06,5,63.2,20.81,0.1428,0.0983,0.3,-0.001,-0.216,0.294,0.195,-7.62,11.6,2,-7.8,1,0.856,8.24,32.27,0.0,0,5,0.3236,0.2777,0.32,0.2795
44.229,1,0.799,-17.97,2.27,5,64.2,20.57,0.12,0.1008,0.292,-0.0,-0.119,0.306,0.193,-8.02,11.6,2,-3.33,1,0.878,6.79,28.58,0.0,0,5,0.3104,0.2682,0.3159,0.2755
44.26,1,0.803,-18.22,1.92,5,64.1,20.56,0.12,0.121,0.29,0.0,-0.067,0.311,0.192,-8.14,11.6,2,-3.33,1,0.871,5.33,26.99,0.0,0,5,0.3049,0.2663,0.3141,0.2737
44.327,1,0.826,-18.97,1.75,5,66.3,20.56,0.12,0.1293,0.268,-0.005,-0.088,0.332,0.189,-8.54,11.6,2,-3.33,1,0.87,-0.97,17.65,0.0,0,5,0.2886,0.2442,0.2831,0.2572
44.36,1,0.826,-18.97,1.23,5,65.8,20.57,0.12,0.1406,0.262,-0.006,-0.024,0.337,0.188,-8.59,11.6,2,-3.33,1,0.894,-1.94,13.04,6.098,1,5,0.2831,0.2405,0.272,0.2516
44.395,1,0.816,-19.47,1.31,5,65.5,20.96,0.12,0.1499,0.245,-0.004,-0.138,0.35,0.186,-8.94,11.6,2,-3.33,1,0.872,-3.39,15.0,5.765,1,5,0.2633,0.2275,0.2544,0.2364
44.426,1,0.836,-19.97,0.7,5,67.4,20.56,0.12,0.1537,0.241,-0.003,-0.032,0.354,0.185,-9.0,11.6,2,0.65,1,0.847,-6.79,7.27,7.179,1,5,0.2568,0.2244,0.2514,0.2316
44.458,1,0.843,-19.97,0.8,5,67.3,20.56,0.12,0.1698,0.238,-0.002,-0.004,0.359,0.184,-9.0,11.6,2,0.65,1,0.898,-7.76,3.57,6.064,1,5,0.2511,0.2242,0.2475,0.2278
44.525,1,0.836,-20.96,0.26,5,67.1,20.81,0.12,0.1662,0.212,-0.002,-0.136,0.375,0.182,-9.34,11.6,2,0.65,1,0.872,-11.63,-0.64,5.5,1,5,0.2149,0.1963,0.2241,0.213
44.558,1,0.837,-20.96,0.24,5,68.0,20.81,0.12,0.1877,0.204,-0.004,-0.027,0.379,0.181,-9.4,11.6,2,0.65,1,0.909,-11.63,-6.14,3.951,1,5,0.2077,0.1855,0.2151,0.2096
44.626,1,0.831,-21.46,0.42,5,68.6,20.96,0.12,0.1861,0.188,-0.004,-0.041,0.394,0.178,-9.4,11.6,2,2.27,1,0.911,-11.63,-3.33,3.422,1,5,0.1966,0.178,0.191,0.1873
44.659,1,0.829,-21.71,0.28,5,68.6,20.57,0.12,0.1878,0.181,-0.001,-0.063,0.397,0.178,-9.45,11.6,2,2.27,1,0.905,-12.6,-4.81,2.564,1,5,0.1873,0.1762,0.1836,0.178
44.695,1,0.82,-21.46,0.06,5,68.3,20.81,0.12,0.1931,0.166,-0.003,-0.012,0.403,0.176,-9.51,11.6,2,2.27,1,0.911,-12.6,-4.81,2.568,1,5,0.1762,0.1651,0.1613,0.1632
44.726,1,0.828,-21.46,0.04,5,68.7,20.81,0.12,0.1933,0.155,-0.003,0.005,0.409,0.175,-9.51,11.6,2,2.27,1,0.897,-12.12,-5.4,3.671,1,5,0.1613,0.1539,0.1502,0.1558
44.758,1,0.832,-21.46,0.14,5,69.7,20.81,0.12,0.1932,0.153,-0.001,0.017,0.412,0.175,-9.45,11.6,2,2.27,1,0.881,-12.12,-5.52,3.671,1,5,0.1532,0.1532,0.1495,0.155
44.794,1,0.829,-21.46,0.13,5,69.2,20.96,0.12,0.1912,0.139,0.003,0.019,0.42,0.174,-9.34,11.6,2,2.27,1,0.855,-11.63,-4.27,0.0,0,5,0.1263,0.1446,0.1391,0.1464
44.826,1,0.826,-21.46,0.11,5,69.0,20.96,0.12,0.191,0.133,0.001,0.007,0.423,0.173,-9.34,11.6,2,2.6,1,0.828,-11.63,-2.94,0.0,0,5,0.1225,0.1371,0.1316,0.1426
44.859,1,0.807,-20.96,0.22,5,67.8,20.96,0.12,0.1912,0.127,-0.002,0.045,0.425,0.173,-9.28,11.6,2,2.6,1,0.829,-11.63,-1.16,0.0,0,5,0.1212,0.1286,0.1212,0.1377
44.924,1,0.801,-20.46,0.82,5,66.8,21.02,0.12,0.1835,0.115,-0.002,0.086,0.434,0.171,-9.05,11.6,2,2.6,1,0.819,-10.66,3.9,0.0,0,5,0.1106,0.1272,0.0995,0.1235
44.96,1,0.803,-20.46,1.02,5,66.3,20.81,0.12,0.1665,0.113,0.0,0.126,0.436,0.171,-8.88,11.6,2,2.6,1,0.816,-9.69,3.62,0.0,0,5,0.1051,0.1309,0.0959,0.1198
45.023,1,0.802,-21.21,2.53,5,65.3,20.57,0.12,0.1635,0.091,0.0,0.086,0.443,0.17,-8.48,11.6,2,2.6,1,0.821,-8.72,10.25,0.0,0,5,0.0809,0.1177,0.0772,0.1103
45.125,1,0.794,-16.22,1.63,5,65.5,20.57,0.12,0.1432,0.078,0.009,0.114,0.451,0.169,-7.79,11.59,2,2.15,1,0.809,-6.79,17.33,0.0,0,5,0.0424,0.1015,0.0738,0.096
45.227,1,0.788,-13.98,2.3,5,63.0,20.56,0.12,0.1079,0.072,0.001,0.14,0.458,0.169,-7.1,11.59,2,3.86,1,0.816,-5.82,14.24,0.0,0,5,0.0459,0.1046,0.0404,0.0954
45.258,1,0.801,-13.23,2.76,5,62.6,20.56,0.12,0.071,0.071,-0.004,0.162,0.46,0.168,-6.88,11.59,2,3.86,1,0.816,-4.85,17.76,0.0,0,5,0.0532,0.0991,0.0349,0.0954
45.424,1,0.771,-8.73,3.76,5,62.2,20.56,0.12,0.0638,0.061,0.005,0.233,0.471,0.167,-5.16,11.56,2,7.12,1,0.786,-0.97,28.82,0.0,0,5,0.0218,0.0982,0.0346,0.091
45.46,1,0.822,-7.49,4.47,5,62.2,20.56,0.12,-0.0074,0.061,0.005,0.175,0.473,0.167,-4.87,11.56,2,7.12,1,0.784,0.0,32.31,0.0,0,5,0.0235,0.101,0.0307,0.0884
45.525,1,0.805,-4.99,5.48,5,61.9,20.56,0.12,-0.0281,0.056,-0.004,0.236,0.477,0.167,-3.84,11.56,2,7.12,1,0.781,-2.91,32.24,0.0,0,5,0.0202,0.0938,0.0092,0.0993
45.559,1,0.817,-3.99,6.0,5,62.1,20.44,0.12,-0.0731,0.055,-0.006,0.247,0.478,0.166,-3.55,11.56,2,7.12,1,0.774,-0.97,34.02,0.0,0,5,0.0223,0.0909,0.0056,0.1001
45.623,1,0.82,-2.5,6.37,5,62.9,20.44,0.12,-0.088,0.055,-0.01,0.11,0.482,0.165,-2.69,11.56,2,7.12,1,0.782,-5.33,38.59,0.0,0,5,0.0315,0.0835,0.0037,0.0964
45.659,1,0.827,-2.0,6.76,5,63.1,20.44,0.12,-0.1094,0.057,-0.011,0.092,0.484,0.165,-2.64,11.56,2,14.75,1,0.787,-7.76,35.19,0.0,0,5,0.0408,0.0723,0.0204,0.0964
45.724,1,0.832,-1.0,7.29,5,63.8,20.44,0.12,-0.1177,0.07,-0.005,0.031,0.489,0.164,-2.29,11.56,2,14.75,1,0.81,-11.15,34.0,0.0,0,5,0.0571,0.0737,0.0571,0.0922
45.759,1,0.843,-0.5,7.64,5,64.3,20.56,0.12,-0.1373,0.072,-0.001,0.035,0.491,0.164,-2.29,11.56,2,14.75,1,0.82,-13.57,29.98,0.0,0,5,0.0608,0.0793,0.0627,0.0848
45.794,1,0.845,0.0,7.64,5,64.6,20.57,0.12,-0.1488,0.076,0.0,-0.003,0.494,0.164,-2.29,11.56,2,14.75,1,0.822,-14.54,29.27,0.0,0,5,0.0715,0.0843,0.0678,0.0806
45.924,1,0.857,0.5,7.76,5,66.1,20.56,0.12,-0.148,0.081,-0.001,-0.06,0.505,0.164,-2.58,11.56,2,20.52,1,0.807,-18.42,33.86,0.0,0,5,0.097,0.0769,0.0824,0.0659
45.958,1,0.856,1.0,7.21,5,66.1,20.44,0.12,-0.1556,0.08,-0.001,-0.06,0.507,0.164,-2.69,11.56,2,20.52,1,0.807,-18.42,37.03,0.0,0,5,0.0957,0.0755,0.0829,0.0663
46.024,1,0.866,1.25,6.87,5,66.9,20.46,0.12,-0.1494,0.084,0.001,-0.048,0.514,0.163,-2.92,11.54,2,22.91,1,0.812,-22.78,39.87,0.0,0,5,0.0879,0.0715,0.0989,0.0788
46.058,1,0.865,1.5,6.67,5,67.1,20.56,0.12,-0.145,0.087,0.002,-0.051,0.516,0.163,-2.98,11.54,2,22.91,1,0.819,-24.72,39.5,0.0,0,5,0.0879,0.0751,0.1026,0.0825
46.124,1,0.871,1.5,6.53,5,68.3,20.56,0.12,-0.1428,0.092,0.001,-0.027,0.523,0.163,-3.21,11.54,2,22.91,1,0.842,-27.63,40.38,0.0,0,5,0.0983,0.0853,0.1001,0.0835
46.158,1,0.868,1.75,6.46,5,68.3,20.46,0.12,-0.1395,0.095,0.0,-0.08,0.525,0.163,-3.27,11.54,2,22.91,1,0.837,-27.63,42.48,0.0,0,5,0.1039,0.0872,0.102,0.0853
46.225,1,0.863,2.0,6.13,5,67.9,20.44,0.12,-0.1405,0.098,0.0,-0.029,0.533,0.162,-3.55,11.54,2,26.12,1,0.841,-27.63,45.88,0.0,0,5,0.1113,0.0946,0.102,0.0835
46.259,1,0.857,2.5,5.94,5,67.4,20.56,0.12,-0.1367,0.096,0.002,-0.013,0.535,0.162,-3.55,11.54,2,26.12,1,0.833,-28.6,47.53,0.0,0,5,0.1076,0.0946,0.102,0.0797
46.322,1,0.851,2.75,5.9,5,66.7,20.2,0.12,-0.138,0.1,0.003,-0.074,0.543,0.162,-3.84,11.54,2,26.12,1,0.822,-30.05,46.79,0.0,0,5,0.1076,0.0964,0.1113,0.0835
46.365,1,0.854,2.99,5.82,5,67.0,20.56,0.12,-0.1394,0.102,0.001,-0.06,0.547,0.162,-3.95,11.54,2,26.12,1,0.844,-31.02,48.3,0.0,0,5,0.1069,0.0906,0.1142,0.0943
46.426,1,0.863,2.99,5.69,5,67.6,20.56,0.12,-0.1398,0.103,-0.002,-0.079,0.553,0.161,-4.24,11.54,2,30.26,1,0.875,-35.87,47.34,0.0,0,5,0.1106,0.0888,0.1142,0.0943
46.522,1,0.861,2.99,5.32,5,67.6,20.56,0.12,-0.1363,0.102,0.004,-0.057,0.564,0.161,-4.64,11.54,2,30.26,1,0.875,-33.44,41.19,0.0,0,5,0.1168,0.0964,0.115,0.0797
46.556,1,0.872,2.99,5.18,5,68.3,20.56,0.12,-0.1291,0.104,0.004,-0.087,0.566,0.16,-4.7,11.54,2,30.26,1,0.893,-31.99,39.64,0.0,0,5,0.1187,0.0964,0.1187,0.0816
46.623,1,0.874,2.99,5.39,5,69.7,20.57,0.12,-0.1261,0.106,-0.001,-0.078,0.572,0.16,-4.98,11.54,2,32.89,1,0.903,-27.63,39.34,0.0,0,5,0.1205,0.0909,0.1187,0.0927
46.658,1,0.872,2.99,5.93,5,71.1,20.57,0.12,-0.1301,0.108,-0.002,-0.132,0.577,0.159,-5.27,11.54,2,32.89,1,0.913,-27.63,37.98,0.0,0,5,0.1232,0.0938,0.1177,0.0956
46.724,1,0.819,2.99,6.3,5,70.5,20.96,0.12,-0.1405,0.109,0.003,-0.053,0.585,0.159,-5.56,11.54,2,32.89,1,0.905,-26.66,34.3,0.0,0,5,0.1198,0.1014,0.1235,0.0922
46.792,1,0.824,2.75,13.13,5,71.6,21.46,0.12,-0.1474,0.108,0.001,-0.086,0.592,0.158,-5.84,11.54,2,32.89,1,0.922,-22.3,32.71,0.0,0,5,0.1175,0.0937,0.1249,0.0955
46.859,1,0.752,2.0,19.73,5,71.8,20.04,0.12,-0.2755,0.108,-0.002,-0.071,0.598,0.157,-6.25,11.54,2,36.79,1,0.921,-20.84,27.0,0.0,0,5,0.1313,0.0875,0.124,0.0893
46.922,1,0.65,1.25,26.05,4,71.0,22.51,0.12,-0.3935,0.111,-0.005,-0.213,0.605,0.156,-6.82,11.54,2,36.79,1,0.919,-22.3,16.58,0.0,0,5,0.1422,0.0839,0.1258,0.0821
47.024,1,0.643,-2.25,34.36,4,69.7,24.62,0.12,-0.5078,0.118,0.002,-0.364,0.617,0.155,-8.42,11.54,2,45.0,1,0.904,-30.05,-8.34,0.0,0,5,0.1576,0.0649,0.1743,0.0742
47.123,1,0.648,-5.49,37.12,4,68.2,24.37,0.12,-0.6314,0.125,0.003,-0.453,0.629,0.153,-10.83,11.54,2,45.0,1,0.958,-32.47,-25.26,0.0,0,5,0.1966,0.0519,0.204,0.0482
47.157,1,0.629,-6.49,37.16,4,66.6,23.8,0.12,-0.6479,0.126,0.004,-0.496,0.632,0.153,-11.4,11.54,2,45.0,1,0.978,-32.47,-28.17,0.0,0,5,0.2003,0.0501,0.2096,0.0445
47.224,1,0.579,-2.99,33.62,4,67.5,23.5,0.12,-0.6436,0.126,0.001,-0.575,0.642,0.15,-13.98,11.54,2,45.0,1,0.965,-35.38,-34.63,0.0,0,5,0.2263,0.0315,0.2226,0.0241
47.292,1,0.64,-3.49,31.76,4,66.4,22.8,0.12,-0.6195,0.125,0.007,-0.599,0.649,0.149,-16.04,11.54,2,45.0,1,0.971,-38.78,-40.86,0.0,0,5,0.226,0.0278,0.2371,0.0111
47.358,1,0.653,-2.99,29.08,4,66.9,22.36,0.12,-0.5766,0.12,0.007,-0.573,0.656,0.147,-18.11,11.54,2,45.0,1,0.956,-42.17,-46.86,0.0,0,5,0.2226,0.0223,0.2318,0.0019
47.421,1,0.638,-4.49,27.11,4,65.6,22.36,0.12,-0.5306,0.119,0.011,-0.621,0.663,0.146,-20.23,11.54,2,45.0,1,0.928,-44.59,-50.96,0.0,0,5,0.2151,0.026,0.2337,0.0
47.458,1,0.669,-4.74,25.97,4,67.9,21.94,0.12,-0.4748,0.117,0.012,-0.584,0.667,0.144,-21.6,11.53,2,37.5,1,0.913,-43.62,-50.48,0.0,0,5,0.2114,0.026,0.2318,0.0
47.491,1,0.655,-4.99,24.6,4,66.4,21.69,0.12,-0.4505,0.117,0.013,-0.592,0.674,0.143,-23.61,11.53,2,37.5,1,0.921,-40.23,-49.26,0.0,0,5,0.2059,0.0315,0.23,0.0019
47.521,1,0.656,-5.49,23.63,4,67.2,21.22,0.12,-0.4227,0.119,0.014,-0.564,0.677,0.142,-24.24,11.53,2,37.5,1,0.915,-38.29,-45.25,0.0,0,5,0.2059,0.0315,0.23,0.0019
47.623,1,0.675,-5.99,20.54,4,70.0,21.37,0.1411,-0.4702,0.123,0.011,-0.436,0.688,0.138,-26.87,11.53,2,25.5,1,0.915,-29.08,-39.04,0.0,0,5,0.194,0.0536,0.2143,0.0296
47.79,1,0.781,-7.74,16.85,5,73.5,21.42,0.1972,-0.5386,0.148,0.004,-0.467,0.708,0.128,-30.77,11.53,2,25.5,1,0.896,-18.9,-24.8,0.0,0,5,0.2151,0.076,0.2281,0.0723
47.824,1,0.666,-8.73,14.99,4,76.8,21.24,0.2111,-0.4373,0.16,0.0,-0.445,0.714,0.124,-31.86,11.53,2,25.5,1,0.891,-15.99,-18.38,0.0,0,5,0.2337,0.0779,0.243,0.0853
47.923,1,0.78,-10.98,13.06,5,73.5,21.1,0.2461,-0.4285,0.201,-0.004,-0.338,0.73,0.113,-34.43,11.53,2,13.5,1,0.863,-9.21,-1.73,3.771,1,5,0.2838,0.1187,0.2745,0.1261
48.023,1,0.784,-12.48,10.21,5,71.4,20.96,0.2811,-0.3851,0.24,-0.002,-0.336,0.75,0.099,-36.73,11.53,2,13.5,1,0.8,-0.97,11.6,3.603,1,5,0.3097,0.1706,0.306,0.1743
48.123,1,0.819,-12.98,8.32,5,75.0,20.56,0.2241,-0.2088,0.273,-0.002,-0.353,0.771,0.082,-38.5,11.56,2,1.5,1,0.806,7.27,27.17,0.0,0,5,0.3357,0.2133,0.3283,0.2133
48.225,1,0.826,-13.48,6.75,5,74.2,20.56,0.164,-0.0893,0.271,-0.002,-0.264,0.792,0.064,-40.05,11.56,2,-1.31,1,0.82,7.76,30.05,0.0,0,5,0.3153,0.217,0.3208,0.23
48.321,1,0.794,-14.97,4.99,5,70.4,20.0,0.1349,-0.0206,0.252,0.002,-0.184,0.807,0.051,-41.25,11.56,2,-1.31,1,0.824,4.36,23.9,0.0,0,5,0.2893,0.2114,0.2967,0.2096
48.422,1,0.772,-16.47,3.97,5,68.6,20.56,0.1349,0.0315,0.222,0.0,-0.297,0.824,0.037,-42.57,11.56,2,-1.31,1,0.869,0.48,19.8,0.0,0,5,0.2578,0.1817,0.2634,0.1855
48.523,1,0.776,-17.97,3.0,5,68.2,20.56,0.1349,0.067,0.195,0.004,-0.212,0.841,0.021,-43.89,11.56,2,0.62,1,0.875,-2.42,14.21,3.977,1,5,0.23,0.1595,0.2374,0.1521
48.621,1,0.75,-19.47,1.44,5,64.7,20.56,0.12,0.1075,0.176,0.008,-0.085,0.854,0.009,-44.92,11.56,2,0.62,1,0.89,-8.24,2.9,4.002,1,5,0.191,0.1558,0.217,0.1465
48.721,1,0.781,-19.97,1.17,5,66.4,20.56,0.1349,0.1479,0.158,0.009,-0.081,0.864,0.001,-45.38,11.56,2,2.34,1,0.893,-10.18,-3.13,1.464,1,5,0.1647,0.1499,0.1832,0.1332
48.756,1,0.788,-19.97,0.76,5,67.5,20.96,0.1349,0.1583,0.149,0.008,-0.005,0.868,-0.003,-45.44,11.56,2,2.34,1,0.894,-10.18,-3.76,1.525,1,5,0.15,0.1519,0.163,0.1315
48.822,1,0.777,-19.47,1.29,5,66.8,20.56,0.1349,0.1652,0.147,0.0,0.065,0.876,-0.012,-45.26,11.56,2,2.34,1,0.897,-9.21,-2.63,4.756,1,5,0.1393,0.1466,0.1484,0.1557
48.921,1,0.761,-17.97,1.56,5,67.0,20.56,0.1349,0.1477,0.129,0.002,0.143,0.886,-0.021,-44.81,11.56,2,1.7,1,0.874,-7.27,-1.62,3.583,1,5,0.1166,0.1591,0.1036,0.1369
49.02,1,0.588,-15.72,2.1,4,61.1,20.55,0.1349,0.1265,0.123,-0.002,0.181,0.893,-0.028,-44.18,11.56,2,1.7,1,0.859,-5.82,1.27,2.597,1,5,0.1025,0.1373,0.1043,0.1482
49.09,1,0.615,-13.73,2.59,4,65.2,20.65,0.1349,0.0907,0.119,-0.0,0.168,0.899,-0.035,-43.43,11.58,2,3.17,1,0.861,-5.33,-3.11,0.691,1,5,0.0882,0.1469,0.09,0.1506
49.117,1,0.645,-12.73,2.9,4,68.9,20.38,0.1349,0.0591,0.119,0.001,0.158,0.901,-0.036,-43.26,11.58,2,3.17,1,0.861,-5.33,-3.11,0.691,1,5,0.0872,0.1502,0.089,0.1484
49.184,1,0.753,-10.48,3.61,5,73.9,20.57,0.1349,0.0459,0.11,-0.002,0.202,0.907,-0.042,-42.46,11.58,2,3.17,1,0.861,-5.33,-3.11,0.691,1,5,0.0797,0.1391,0.0779,0.1447
49.218,1,0.674,-8.98,3.83,4,75.0,20.89,0.1349,0.0068,0.108,-0.002,0.14,0.909,-0.044,-42.28,11.58,2,3.17,1,0.861,-5.33,-3.11,0.691,1,5,0.076,0.1372,0.0742,0.1428
49.32,1,0.674,-7.24,4.95,4,76.2,20.51,0.1349,-0.0062,0.106,-0.007,0.111,0.916,-0.051,-41.37,11.58,2,6.41,1,0.838,0.97,1.33,1.809,1,5,0.0925,0.1258,0.0722,0.1351
49.357,1,0.627,-6.74,8.04,4,77.6,20.56,0.1349,-0.0485,0.106,-0.012,0.119,0.919,-0.055,-41.14,11.58,2,6.41,1,0.821,1.94,3.63,4.208,1,5,0.1018,0.1203,0.0685,0.1351
49.491,1,0.652,-4.49,7.42,4,79.0,20.29,0.1349,-0.1127,0.103,-0.005,-0.035,0.93,-0.065,-40.51,11.54,2,9.24,1,0.345,-2.4,-5.41,-1.458,1,4,0.0995,0.1088,0.0885,0.1161
49.523,1,0.592,-4.74,9.34,4,78.9,20.25,0.1349,-0.1251,0.103,-0.005,-0.01,0.933,-0.068,-40.62,11.54,2,9.24,1,0.345,-4.21,-10.18,-2.953,1,4,0.1069,0.1088,0.0885,0.1088
49.556,1,0.593,-4.74,9.61,4,79.0,20.52,0.1349,-0.16,0.105,-0.007,-0.028,0.935,-0.07,-40.62,11.54,2,9.24,1,0.35,-5.41,-11.37,-2.959,1,4,0.113,0.1056,0.0908,0.1111
49.618,1,0.655,-4.24,7.51,4,78.2,20.56,0.1349,-0.1636,0.113,-0.006,0.001,0.94,-0.074,-40.62,11.54,2,9.24,1,0.348,-4.81,-11.62,-2.198,1,4,0.115,0.102,0.1113,0.1224
49.688,1,0.678,-4.24,6.59,4,78.9,20.51,0.149,-0.1374,0.111,-0.008,-0.001,0.946,-0.081,-40.68,11.54,2,11.02,1,0.801,-4.85,-21.19,0.0,0,5,0.1243,0.0927,0.1131,0.115
49.717,1,0.676,-3.99,5.66,4,79.6,20.56,0.1628,-0.127,0.112,-0.009,-0.036,0.948,-0.082,-40.74,11.54,2,11.02,1,0.801,-4.85,-21.19,0.0,0,5,0.128,0.0946,0.1113,0.1131
49.789,1,0.667,-3.74,5.79,4,79.7,20.84,0.184,-0.1202,0.125,-0.005,-0.036,0.955,-0.089,-41.02,11.54,2,11.02,1,0.338,-7.21,-21.11,0.0,0,4,0.1371,0.1223,0.1185,0.1241
49.815,1,0.662,-3.74,5.55,4,80.5,20.56,0.1907,-0.1313,0.132,-0.004,0.01,0.958,-0.091,-41.02,11.54,2,11.02,1,0.338,-7.21,-21.11,0.0,0,4,0.1408,0.1278,0.1278,0.1297
49.887,1,0.585,-3.49,8.82,4,79.8,21.04,0.219,-0.1405,0.158,-0.004,-0.058,0.967,-0.1,-41.2,11.54,2,5.74,1,0.348,0.0,-6.94,-2.303,1,4,0.1688,0.1447,0.1632,0.1558
49.917,1,0.656,-3.24,5.19,4,79.6,20.56,0.2299,-0.2553,0.165,-0.006,-0.033,0.97,-0.103,-41.25,11.54,2,5.74,1,0.348,0.0,-6.94,-2.303,1,4,0.1799,0.1502,0.1688,0.1613
49.987,1,0.662,-3.49,5.47,4,79.9,20.77,0.2129,-0.1308,0.199,-0.005,-0.098,0.982,-0.114,-41.77,11.54,2,5.74,1,0.347,-0.6,-6.61,-2.844,1,4,0.2239,0.1776,0.2109,0.185
50.016,1,0.647,-3.74,6.34,4,79.3,20.84,0.2267,-0.144,0.206,-0.006,-0.155,0.985,-0.117,-41.94,11.54,2,5.74,1,0.347,-0.6,-6.61,-2.844,1,4,0.2328,0.1811,0.2199,0.1922
50.088,1,0.664,-3.49,3.89,4,78.7,20.69,0.2479,-0.1825,0.219,-0.006,-0.092,0.997,-0.129,-42.46,11.55,2,5.23,1,0.343,-1.8,-11.58,-3.731,1,4,0.2473,0.1919,0.2325,0.203
50.117,1,0.674,-3.24,3.95,4,78.4,20.78,0.241,-0.0992,0.224,-0.004,-0.106,1.001,-0.132,-42.57,11.55,2,5.23,1,0.343,-1.8,-11.58,-3.731,1,4,0.2476,0.2014,0.2384,0.2088
50.186,1,0.681,-3.24,3.63,4,77.1,20.95,0.2424,-0.1043,0.245,-0.002,-0.12,1.016,-0.146,-43.03,11.55,2,5.23,1,0.702,31.99,-27.54,0.0,0,5,0.2623,0.2238,0.2623,0.2311
50.217,1,0.672,-2.99,3.36,4,78.6,20.69,0.2308,-0.0892,0.245,-0.002,-0.111,1.019,-0.149,-43.14,11.55,2,5.23,1,0.702,31.99,-27.54,0.0,0,5,0.2642,0.2256,0.2605,0.2311
50.288,1,0.625,-2.75,5.54,4,79.1,20.84,0.1823,-0.0651,0.244,0.003,0.003,1.034,-0.162,-43.37,11.55,2,3.02,1,0.335,3.0,-9.89,-5.185,1,4,0.2485,0.2337,0.2615,0.2337
50.317,1,0.663,-2.25,2.86,4,79.1,20.84,0.1708,-0.1198,0.242,0.004,-0.065,1.037,-0.166,-43.43,11.55,2,3.02,1,0.335,3.0,-9.89,-5.185,1,4,0.2461,0.2294,0.2627,0.2313
50.39,1,0.683,-2.5,2.41,4,79.1,21.03,0.136,-0.0426,0.229,0.005,-0.026,1.051,-0.178,-43.89,11.55,2,3.02,1,0.333,6.01,0.71,-4.847,1,4,0.2307,0.2159,0.251,0.2178
50.418,1,0.622,-2.25,5.67,4,79.0,20.56,0.15,-0.0339,0.229,0.005,-0.026,1.051,-0.178,-43.89,11.55,2,3.02,1,0.342,6.61,-4.77,-1.362,1,4,0.2307,0.2159,0.251,0.2178
50.486,1,0.664,-2.25,2.46,4,79.5,20.56,0.1603,-0.1197,0.212,0.004,-0.17,1.063,-0.189,-44.29,11.57,2,1.9,1,0.349,7.81,-2.1,-3.838,1,4,0.2281,0.2003,0.2318,0.1892
50.519,1,0.675,-2.75,2.01,4,79.1,20.56,0.1603,-0.0406,0.21,0.004,-0.213,1.066,-0.192,-44.52,11.57,2,1.9,1,0.351,5.41,-4.49,-3.842,1,4,0.2281,0.2003,0.2281,0.1855
50.551,1,0.677,-2.75,1.69,4,79.3,20.56,0.1603,-0.0233,0.201,0.004,-0.074,1.072,-0.197,-44.69,11.57,2,1.9,1,0.351,5.41,-4.49,-3.842,1,4,0.2202,0.1943,0.2165,0.1739
50.617,1,0.668,-2.99,1.31,4,78.7,20.69,0.1603,-0.016,0.183,0.004,-0.141,1.079,-0.205,-44.92,11.57,2,1.9,1,0.736,10.18,-9.93,3.05,1,5,0.1943,0.1684,0.2054,0.1628
50.657,1,0.589,-3.49,4.85,4,78.1,20.77,0.1603,-0.0042,0.177,0.002,-0.12,1.084,-0.21,-45.26,11.57,2,1.52,1,0.35,1.8,-8.06,-3.809,1,4,0.1832,0.161,0.198,0.1665
50.688,1,0.66,-3.24,0.85,4,78.6,20.69,0.1603,-0.085,0.175,0.004,-0.004,1.089,-0.215,-45.32,11.57,2,1.52,1,0.348,3.0,-9.81,1.037,1,4,0.1832,0.1647,0.1924,0.1591
50.715,1,0.663,-3.74,0.73,4,78.4,20.69,0.1603,0.0095,0.173,0.004,-0.093,1.092,-0.217,-45.38,11.57,2,1.52,1,0.348,3.0,-9.81,1.037,1,4,0.1832,0.1665,0.1887,0.1554
50.786,1,0.662,-3.74,0.81,4,78.1,20.95,0.1603,0.0174,0.155,0.004,-0.099,1.1,-0.225,-45.61,11.57,2,1.52,1,0.746,36.84,-8.38,0.0,0,5,0.1576,0.1484,0.1688,0.1447
50.815,1,0.68,-3.74,0.42,4,78.5,20.51,0.1603,0.0152,0.153,0.003,-0.091,1.103,-0.228,-45.72,11.57,2,1.52,1,0.746,36.84,-8.38,0.0,0,5,0.1558,0.1484,0.1632,0.1447
50.887,1,0.686,-3.24,0.6,4,77.0,20.78,0.1603,0.024,0.155,0.005,0.014,1.112,-0.236,-45.61,11.57,2,0.48,1,0.811,7.76,-1.54,-2.835,1,5,0.1484,0.1595,0.1613,0.1521
50.921,1,0.674,-2.75,0.4,4,76.1,20.95,0.1603,0.0134,0.153,0.005,0.013,1.114,-0.238,-45.61,11.57,2,0.48,1,0.803,7.76,-1.51,-2.8,1,5,0.1447,0.1558,0.1595,0.1521
50.987,1,0.65,-2.5,0.4,4,79.0,20.77,0.1603,0.0131,0.146,0.004,-0.052,1.122,-0.246,-45.61,11.57,2,0.48,1,0.803,8.24,1.08,-1.158,1,5,0.1428,0.1558,0.1428,0.1409
51.015,1,0.58,-2.25,0.45,4,77.7,20.52,0.1603,0.0105,0.146,0.003,0.046,1.124,-0.249,-45.61,11.57,2,0.48,1,0.803,8.24,1.08,-1.158,1,5,0.1428,0.1558,0.1409,0.1428
51.086,1,0.62,-2.0,0.91,4,76.1,20.77,0.1242,0.0099,0.148,-0.001,0.043,1.132,-0.257,-45.44,11.57,2,0.08,1,0.75,12.6,-2.14,3.203,1,5,0.1391,0.1465,0.1465,0.1595
51.12,1,0.655,-1.5,0.31,4,77.7,20.69,0.1383,-0.0034,0.145,-0.0,0.094,1.134,-0.259,-45.38,11.57,2,0.08,1,0.73,13.57,-3.3,-0.196,1,5,0.1352,0.1445,0.1445,0.1556
51.186,1,0.676,-1.25,0.49,4,75.7,20.52,0.1593,0.0041,0.134,-0.001,0.042,1.142,-0.267,-45.32,11.57,2,0.08,1,0.333,10.22,0.34,-3.815,1,4,0.1297,0.1389,0.1278,0.1408
51.223,1,0.678,-1.25,0.76,4,75.5,20.95,0.1603,-0.0028,0.138,-0.002,0.061,1.146,-0.271,-45.21,11.57,2,0.08,1,0.336,10.22,0.34,-3.815,1,4,0.1372,0.1447,0.128,0.1428
51.286,1,0.683,-0.75,0.83,4,76.4,20.69,0.1603,-0.0085,0.138,-0.002,0.019,1.151,-0.277,-45.09,11.57,2,-0.23,1,0.71,15.99,0.44,3.027,1,5,0.1372,0.1447,0.1298,0.1465
51.319,1,0.688,-0.25,0.66,4,77.3,20.52,0.1603,-0.0157,0.137,-0.001,0.024,1.153,-0.279,-45.09,11.57,2,-0.23,1,0.714,16.48,0.6,2.429,1,5,0.1335,0.1409,0.1317,0.1428
51.387,1,0.684,-0.75,0.53,4,78.5,20.52,0.1603,-0.016,0.142,0.001,0.035,1.161,-0.287,-45.26,11.57,2,-0.23,1,0.329,10.82,1.39,-0.92,1,4,0.1409,0.1465,0.1391,0.1409
51.419,1,0.685,-1.0,0.77,4,78.9,20.77,0.1741,-0.0071,0.144,0.001,-0.04,1.164,-0.289,-45.32,11.57,2,-0.23,1,0.33,10.82,0.97,-3.805,1,4,0.1447,0.1465,0.1428,0.1409
51.491,1,0.677,-0.75,0.85,4,78.5,20.69,0.1954,-0.0126,0.151,0.0,0.034,1.172,-0.297,-45.32,11.59,2,1.23,1,0.33,9.01,-2.37,-7.686,1,4,0.1521,0.1447,0.1576,0.1502
51.52,1,0.67,-0.25,1.29,4,78.8,20.84,0.1711,-0.0155,0.152,-0.0,0.043,1.174,-0.3,-45.26,11.59,2,1.23,1,0.33,10.22,-1.14,-7.636,1,4,0.1502,0.1447,0.1576,0.1539
51.561,1,0.677,-0.25,0.65,4,78.3,20.52,0.1669,-0.0322,0.159,-0.002,-0.049,1.179,-0.305,-45.38,11.59,2,1.23,1,0.706,15.51,-2.49,1.755,1,5,0.1595,0.1558,0.1595,0.1632
51.585,1,0.725,0.0,1.34,5,77.9,20.96,0.174,-0.0161,0.168,-0.004,0.014,1.184,-0.31,-45.32,11.59,2,1.23,1,0.737,13.57,-3.79,1.497,1,5,0.1725,0.1688,0.1595,0.1706
51.621,1,0.677,-0.25,0.89,4,78.4,20.56,0.1503,-0.0327,0.172,-0.004,0.039,1.188,-0.314,-45.26,11.59,2,1.23,1,0.335,10.22,-0.19,-6.506,1,4,0.1762,0.1725,0.1632,0.1743
51.686,1,0.74,-0.25,1.6,5,77.1,20.81,0.12,-0.015,0.166,0.0,-0.1,1.195,-0.321,-45.38,11.59,2,1.8,1,0.747,14.54,-0.94,3.315,1,5,0.1613,0.1595,0.1725,0.1688
51.72,1,0.685,-0.5,0.72,4,75.6,21.03,0.12,-0.0285,0.162,0.0,-0.036,1.197,-0.324,-45.44,11.59,2,1.8,1,0.341,9.62,-1.77,-1.392,1,4,0.1576,0.1558,0.1688,0.1651
51.752,1,0.625,-0.25,3.85,4,76.2,20.84,0.1271,-0.0093,0.157,-0.0,0.022,1.202,-0.328,-45.49,11.59,2,1.8,1,0.338,10.22,-3.11,-1.756,1,4,0.1539,0.1521,0.1613,0.1613
51.784,1,0.678,-0.25,0.32,4,77.2,20.69,0.1411,-0.083,0.153,-0.001,-0.018,1.206,-0.332,-45.49,11.59,2,1.8,1,0.335,10.22,-2.65,-5.287,1,4,0.1539,0.1465,0.1576,0.1539
51.821,1,0.635,-0.25,1.06,4,76.7,20.52,0.1551,-0.0056,0.147,0.003,-0.011,1.21,-0.336,-45.55,11.59,2,1.8,1,0.343,10.22,-3.09,-1.826,1,4,0.1502,0.1465,0.1576,0.1502
51.886,1,0.678,-0.5,1.04,4,75.5,21.26,0.1761,-0.0257,0.136,0.003,-0.034,1.216,-0.342,-45.66,11.59,2,1.25,1,0.34,9.62,-1.73,-1.349,1,4,0.1372,0.1372,0.1409,0.128
51.991,1,0.65,-0.5,0.78,4,78.8,21.03,0.2037,-0.026,0.148,-0.002,0.02,1.226,-0.353,-45.66,11.59,2,1.25,1,0.334,9.62,-3.12,-5.174,1,4,0.1484,0.1502,0.1428,0.1521
52.02,1,0.655,-0.25,0.46,4,78.4,20.69,0.1995,-0.0179,0.154,0.0,0.033,1.228,-0.355,-45.61,11.59,2,1.25,1,0.342,9.62,-1.73,-1.347,1,4,0.1521,0.1558,0.1521,0.1558
52.085,1,0.664,-0.25,0.32,4,77.5,20.69,0.1826,-0.0106,0.177,-0.002,0.052,1.238,-0.365,-45.61,11.6,2,1.25,1,0.352,10.22,-2.64,-5.239,1,4,0.1823,0.1841,0.1657,0.1767
52.185,1,0.635,0.25,0.77,4,80.4,20.69,0.1797,-0.0065,0.185,-0.002,-0.004,1.251,-0.379,-45.38,11.6,2,1.25,1,0.333,12.62,-0.31,-4.978,1,4,0.1804,0.1841,0.1823,0.1952
52.221,1,0.663,0.0,0.72,4,80.4,21.03,0.1818,-0.0246,0.186,-0.005,0.026,1.256,-0.385,-45.49,11.6,2,1.25,1,0.347,12.62,2.85,2.516,1,4,0.1857,0.1857,0.1765,0.1949
52.286,1,0.653,0.5,0.82,4,79.6,21.26,0.2026,-0.0213,0.186,-0.002,0.035,1.264,-0.392,-45.26,11.6,2,0.94,1,0.349,12.62,2.69,-3.771,1,4,0.1894,0.1894,0.1784,0.1857
52.319,1,0.673,0.5,0.81,4,78.5,20.89,0.2164,-0.0315,0.185,-0.001,0.03,1.267,-0.395,-45.21,11.6,2,0.94,1,0.363,13.22,1.38,-4.193,1,4,0.1873,0.1855,0.1817,0.1836
52.484,1,0.584,0.25,0.96,4,78.4,20.78,0.2389,-0.0317,0.217,0.0,-0.04,1.293,-0.422,-45.38,11.61,2,0.94,1,0.373,12.62,2.77,-3.771,1,4,0.2123,0.2105,0.2105,0.2105
52.52,1,0.514,0.5,0.48,3,79.2,21.1,0.215,-0.0313,0.221,0.0,-0.01,1.296,-0.425,-45.38,11.61,2,0.94,1,0.797,16.48,0.04,0.081,1,5,0.2233,0.2233,0.2178,0.2178
52.586,1,0.523,0.75,0.54,3,78.9,20.57,0.236,-0.0205,0.229,0.002,-0.009,1.309,-0.438,-45.32,11.61,2,0.94,1,0.805,15.99,0.6,3.88,1,5,0.23,0.23,0.2318,0.2226
52.619,1,0.529,0.5,0.77,3,78.4,20.81,0.233,-0.0254,0.229,0.003,-0.135,1.312,-0.441,-45.44,11.61,2,0.94,1,0.808,17.45,2.14,4.224,1,5,0.2278,0.2278,0.2352,0.2241
52.684,1,0.535,1.0,0.6,3,75.0,20.96,0.1973,-0.0267,0.232,0.002,0.056,1.326,-0.454,-45.49,11.61,2,0.93,1,0.381,13.22,1.46,-4.22,1,4,0.2344,0.2325,0.2344,0.2252
52.719,1,0.473,1.0,0.57,3,72.1,20.57,0.1918,-0.0274,0.232,0.003,-0.041,1.329,-0.458,-45.49,11.61,2,0.93,1,0.857,15.03,-1.44,4.729,1,5,0.2328,0.2347,0.2347,0.2254
52.785,1,0.573,0.5,0.28,4,69.7,20.08,0.2018,-0.0264,0.219,0.003,-0.038,1.341,-0.47,-45.84,11.61,2,0.93,1,0.922,10.66,-1.38,-3.494,1,5,0.2188,0.2151,0.2281,0.2133
52.822,1,0.634,0.75,-0.19,4,70.6,20.16,0.2157,-0.0123,0.21,0.004,0.041,1.347,-0.475,-45.78,11.61,2,0.93,1,0.918,10.66,0.67,-3.886,1,5,0.2133,0.2021,0.2263,0.2003
52.854,1,0.607,1.0,0.47,4,72.0,21.03,0.2228,-0.0008,0.208,0.005,-0.133,1.35,-0.478,-45.89,11.61,2,1.17,1,0.914,11.63,-0.58,-2.326,1,5,0.2096,0.2003,0.2263,0.1966
52.885,1,0.645,0.75,0.19,4,71.1,20.45,0.2175,-0.0245,0.207,0.003,0.001,1.356,-0.485,-46.07,11.61,2,1.17,1,0.909,10.18,-0.24,-2.816,1,5,0.2151,0.2003,0.2188,0.1929
52.921,1,0.603,1.0,-0.15,4,69.0,20.03,0.2124,-0.0123,0.21,0.002,0.033,1.362,-0.491,-46.07,11.61,2,1.17,1,0.892,11.15,-2.17,-6.232,1,5,0.2151,0.2059,0.217,0.1966
52.951,1,0.605,1.0,-0.15,4,66.9,20.12,0.2001,-0.0053,0.213,0.002,0.018,1.365,-0.494,-46.01,11.61,2,1.17,1,0.888,11.15,0.37,-1.13,1,5,0.2133,0.2114,0.2188,0.2077
52.984,1,0.633,1.0,-0.0,4,71.1,20.32,0.2141,-0.005,0.21,0.002,-0.076,1.371,-0.5,-46.12,11.61,2,1.17,1,0.898,10.66,-1.11,-6.629,1,5,0.2077,0.2096,0.2151,0.2096
53.018,1,0.696,0.75,-0.48,4,76.0,20.33,0.2094,-0.0093,0.21,-0.0,-0.043,1.373,-0.503,-46.18,11.61,2,1.17,1,0.895,10.18,-1.2,-3.471,1,5,0.2096,0.2077,0.2133,0.2114
53.119,1,0.713,0.75,-0.11,4,75.7,19.95,0.214,0.0083,0.206,0.004,-0.032,1.388,-0.517,-46.24,11.61,2,-0.24,1,0.851,12.12,-2.94,-7.269,1,5,0.2021,0.2077,0.2133,0.2021
53.183,1,0.701,0.75,-0.66,4,73.9,19.95,0.2158,-0.0031,0.211,0.0,0.026,1.4,-0.53,-46.24,11.61,2,-0.24,1,0.85,14.06,6.4,0.661,1,5,0.2075,0.213,0.2093,0.213
53.219,1,0.697,0.75,-0.19,4,75.2,20.16,0.2297,0.0148,0.211,0.001,0.028,1.403,-0.533,-46.24,11.61,2,-0.24,1,0.84,14.06,5.67,-3.022,1,5,0.2075,0.2112,0.213,0.213
53.284,1,0.645,0.25,-0.81,4,75.0,20.16,0.2508,0.0,0.212,0.0,0.002,1.415,-0.545,-46.35,11.61,2,-1.96,1,0.849,13.09,5.03,-3.277,1,5,0.2151,0.2151,0.2096,0.2077
53.318,1,0.635,0.25,-0.86,4,73.9,20.16,0.2414,0.0265,0.216,-0.0,0.029,1.418,-0.548,-46.29,11.61,2,-1.96,1,0.837,13.09,5.99,-2.924,1,5,0.217,0.2188,0.2114,0.2151
53.384,1,0.663,0.5,-0.79,4,76.4,19.62,0.2053,0.0242,0.233,-0.002,0.125,1.431,-0.562,-46.18,11.61,2,-1.96,1,0.801,13.57,10.34,6.889,1,5,0.2318,0.2374,0.2244,0.2392
53.419,1,0.627,1.0,-0.92,4,75.4,19.78,0.1812,0.0166,0.236,-0.003,0.032,1.434,-0.565,-46.12,11.61,2,-1.96,1,0.802,14.06,8.59,4.93,1,5,0.2355,0.2411,0.2244,0.243
53.484,1,0.626,1.75,-0.43,4,74.4,20.16,0.1639,0.0128,0.221,0.0,-0.074,1.446,-0.578,-45.95,11.61,2,-1.1,1,0.774,15.03,16.19,0.0,0,5,0.2109,0.2202,0.222,0.2294
53.584,1,0.551,1.5,-0.25,3,75.9,19.59,0.1712,-0.006,0.202,-0.003,0.004,1.46,-0.593,-45.89,11.61,2,-1.1,1,0.756,15.03,24.01,0.0,0,5,0.2019,0.1945,0.2038,0.2075
53.684,1,0.645,1.0,-0.53,4,76.4,19.78,0.1454,-0.008,0.183,-0.002,0.023,1.473,-0.606,-46.07,11.61,2,3.0,1,0.765,10.66,29.16,0.0,0,5,0.1873,0.1818,0.18,0.1818
53.718,1,0.542,1.0,-0.47,3,77.9,19.85,0.1318,0.0033,0.178,-0.0,-0.008,1.475,-0.609,-46.07,11.61,2,3.0,1,0.739,9.69,33.84,0.0,0,5,0.1787,0.1751,0.1805,0.1787
53.752,1,0.554,1.25,-0.05,3,76.8,19.85,0.12,0.001,0.166,-0.002,-0.044,1.479,-0.613,-46.07,11.61,2,3.0,1,0.732,7.27,33.93,0.0,0,5,0.1673,0.1545,0.1747,0.1692
53.783,1,0.547,1.0,-0.11,3,78.2,19.27,0.12,-0.0104,0.157,-0.005,-0.044,1.483,-0.618,-46.29,11.61,2,3.0,1,0.735,6.3,35.34,0.0,0,5,0.1641,0.1495,0.1659,0.1641
53.819,1,0.546,1.0,-0.47,3,78.4,19.85,0.12,-0.0062,0.155,-0.005,0.021,1.485,-0.62,-46.24,11.61,2,3.0,1,0.738,3.39,37.66,0.0,0,5,0.1653,0.1506,0.1506,0.1543
53.883,1,0.544,0.75,-0.17,3,75.4,19.85,0.12,0.0003,0.149,0.001,0.012,1.492,-0.626,-46.24,11.61,2,7.99,1,0.743,-0.48,38.58,0.0,0,5,0.1521,0.1502,0.1502,0.1447
53.983,1,0.538,0.25,-0.29,3,76.1,19.85,0.12,-0.003,0.121,0.001,-0.116,1.5,-0.635,-46.58,11.61,2,7.99,1,0.753,-4.85,43.99,0.0,0,5,0.1311,0.1238,0.133,0.1166
54.018,1,0.54,0.25,-0.56,3,74.8,20.2,0.12,0.0051,0.12,0.001,-0.013,1.502,-0.637,-46.64,11.61,2,7.99,1,0.778,-8.72,40.57,0.0,0,5,0.128,0.1168,0.1243,0.1094
54.084,1,0.666,-0.25,-1.16,4,76.6,20.45,0.12,0.0093,0.118,0.003,-0.036,1.508,-0.644,-46.81,11.6,2,13.27,1,0.782,-12.6,40.88,0.0,0,5,0.1187,0.1113,0.1298,0.1113
54.117,1,0.543,-0.5,-0.48,3,76.9,20.2,0.12,0.0264,0.116,0.002,-0.041,1.51,-0.645,-46.87,11.6,2,13.27,1,0.791,-14.54,40.38,0.0,0,5,0.1168,0.1094,0.1261,0.1113
54.183,1,0.669,-0.25,-1.21,4,75.0,20.45,0.12,0.0153,0.105,0.001,-0.003,1.516,-0.651,-46.87,11.6,2,13.27,1,0.801,-21.81,42.95,0.0,0,5,0.1131,0.1039,0.1094,0.0964
54.219,1,0.545,-0.25,-0.78,3,76.0,20.44,0.12,0.0256,0.103,0.001,-0.047,1.517,-0.653,-46.87,11.6,2,13.27,1,0.805,-23.27,41.99,0.0,0,5,0.1076,0.1039,0.1039,0.0964
54.251,1,0.542,-0.25,-0.78,3,77.0,20.44,0.12,0.0173,0.105,-0.003,0.006,1.52,-0.656,-46.98,11.6,2,13.27,1,0.81,-25.69,40.27,0.0,0,5,0.1113,0.102,0.102,0.1039
54.283,1,0.542,-0.25,-0.78,3,77.3,20.44,0.12,0.0172,0.106,-0.002,-0.01,1.523,-0.659,-46.98,11.6,2,17.45,1,0.811,-25.2,40.11,0.0,0,5,0.1113,0.1039,0.1039,0.1057
54.319,1,0.542,-0.25,-1.04,3,76.6,20.46,0.12,0.0172,0.108,0.0,-0.017,1.524,-0.661,-47.04,11.6,2,17.45,1,0.817,-25.69,40.7,0.0,0,5,0.1094,0.1057,0.1094,0.1057
54.352,1,0.534,-0.5,-0.74,3,76.3,20.81,0.12,0.0222,0.108,0.004,-0.015,1.528,-0.664,-47.04,11.6,2,17.45,1,0.827,-26.17,37.93,0.0,0,5,0.1057,0.1076,0.1168,0.1039
54.383,1,0.498,-0.75,-2.73,3,76.5,20.46,0.12,0.0195,0.109,0.004,-0.014,1.529,-0.665,-47.04,11.6,2,17.45,1,0.828,-26.17,38.12,0.0,0,5,0.1039,0.1094,0.1168,0.1076
54.418,1,0.479,-0.75,-3.77,3,77.9,20.46,0.12,0.0601,0.106,0.004,-0.021,1.532,-0.668,-47.1,11.6,2,17.45,1,0.823,-25.69,39.13,0.0,0,5,0.102,0.1057,0.1131,0.102
54.483,1,0.497,-1.25,-2.66,3,78.9,21.02,0.12,0.0795,0.104,-0.001,-0.08,1.538,-0.674,-47.21,11.6,2,19.68,1,0.814,-26.17,38.63,0.0,0,5,0.1016,0.1035,0.1053,0.0998
54.582,1,0.524,0.0,-0.67,4,81.0,26.24,0.12,0.063,0.115,0.006,0.042,1.546,-0.683,-47.04,11.6,2,19.68,1,0.827,-21.33,35.23,0.0,0,5,0.1039,0.1261,0.115,0.115
54.619,1,0.545,0.5,-0.52,4,81.7,26.3,0.12,0.01,0.115,0.009,0.039,1.547,-0.684,-46.98,11.6,2,19.68,1,0.827,-17.93,36.13,0.0,0,5,0.0964,0.128,0.1187,0.115
54.684,1,0.512,1.0,2.48,4,83.4,27.56,0.12,0.0029,0.111,0.009,0.044,1.554,-0.69,-46.75,11.6,2,24.0,1,0.828,-17.93,34.25,0.0,0,5,0.0945,0.126,0.1167,0.1148
54.784,1,0.464,1.5,7.51,4,83.9,28.84,0.12,-0.0579,0.114,0.0,-0.01,1.562,-0.698,-46.87,11.6,2,24.0,1,0.833,-14.54,21.28,0.0,0,5,0.1131,0.115,0.1131,0.115
54.819,1,0.478,0.5,12.55,4,84.3,29.18,0.12,-0.1595,0.115,-0.0,-0.015,1.563,-0.7,-46.87,11.6,2,24.0,1,0.842,-15.51,13.9,0.0,0,5,0.115,0.1113,0.1168,0.115
54.85,1,0.339,-3.24,18.69,3,84.3,31.22,0.12,-0.2429,0.116,0.002,-0.019,1.567,-0.703,-46.93,11.6,2,24.0,1,0.848,-14.54,9.95,0.0,0,5,0.1131,0.1113,0.1261,0.115
54.886,1,0.341,-2.99,19.44,3,84.7,33.05,0.12,-0.3168,0.114,0.0,-0.056,1.57,-0.707,-47.04,11.6,2,30.73,1,0.84,-14.54,10.22,0.0,0,5,0.1204,0.1074,0.1223,0.1074
54.982,1,0.461,-1.25,25.96,4,86.2,27.79,0.12,-0.3414,0.116,0.001,-0.189,1.576,-0.713,-47.56,11.6,2,30.73,1,0.823,-20.36,-9.17,0.0,0,5,0.1426,0.1019,0.1315,0.0871
55.183,1,0.616,-4.49,29.01,5,82.5,33.94,0.12,-0.4858,0.124,-0.01,-0.41,1.593,-0.735,-51.17,11.59,2,41.62,1,0.934,-38.78,-47.72,0.0,0,5,0.1966,0.0519,0.1762,0.0723
55.251,1,0.724,-3.24,25.92,5,82.4,23.2,0.12,-0.5075,0.123,-0.013,-0.411,1.597,-0.741,-52.54,11.59,2,41.62,1,0.923,-35.38,-44.71,0.0,0,5,0.1966,0.0427,0.178,0.076
55.353,1,0.718,-1.5,20.88,5,82.6,22.65,0.12,-0.4661,0.125,-0.006,-0.409,1.604,-0.751,-54.83,11.59,2,35.96,1,0.947,-34.41,-45.53,0.0,0,5,0.2004,0.0478,0.1894,0.0607
55.383,1,0.711,-2.0,19.7,5,82.6,22.19,0.12,-0.3906,0.128,-0.002,-0.434,1.606,-0.756,-55.81,11.59,2,35.96,1,0.936,-31.99,-43.21,0.0,0,5,0.2004,0.057,0.1949,0.0588
55.481,1,0.693,-2.99,17.98,5,81.3,21.96,0.12,-0.3597,0.122,-0.002,-0.327,1.612,-0.764,-57.52,11.59,2,24.04,1,0.926,-22.78,-29.73,0.0,0,5,0.1915,0.0534,0.186,0.0552
55.512,1,0.686,-3.24,17.08,5,80.3,22.19,0.12,-0.3142,0.124,0.005,-0.379,1.615,-0.768,-58.33,11.59,2,24.04,1,0.926,-22.78,-29.73,0.0,0,5,0.1782,0.0661,0.191,0.0588
55.684,1,0.718,-2.75,14.68,5,79.0,21.46,0.12,-0.2969,0.123,0.007,-0.293,1.626,-0.787,-61.13,11.59,2,12.04,1,0.771,-3.39,-1.9,1.792,1,5,0.1576,0.0853,0.1743,0.0742
55.749,1,0.695,-2.5,12.87,5,80.4,21.96,0.12,-0.2569,0.118,0.0,-0.187,1.629,-0.793,-61.82,11.59,2,12.04,1,0.805,1.45,12.54,6.075,1,5,0.1613,0.0797,0.1558,0.0742
55.78,1,0.76,-2.5,12.61,5,80.5,20.96,0.12,-0.225,0.117,-0.001,-0.192,1.63,-0.795,-62.05,11.59,2,12.04,1,0.738,6.3,15.65,5.686,1,5,0.1576,0.0797,0.1521,0.0797
55.912,1,0.688,-2.0,11.56,5,81.4,20.96,0.1231,-0.2248,0.123,-0.001,-0.224,1.638,-0.81,-63.31,11.59,2,6.86,1,0.821,12.12,31.18,0.0,0,5,0.1498,0.0927,0.1515,0.0998
55.949,1,0.721,-1.5,10.85,5,82.1,20.96,0.12,-0.2047,0.128,-0.002,-0.136,1.64,-0.815,-63.71,11.59,2,6.86,1,0.824,11.63,28.01,0.0,0,5,0.1642,0.0964,0.1553,0.0964
55.982,1,0.771,-1.25,11.46,5,81.4,20.81,0.12,-0.1966,0.133,0.002,-0.196,1.643,-0.819,-64.11,11.59,2,6.86,1,0.813,10.66,28.14,0.0,0,5,0.1702,0.1003,0.1684,0.0914
56.049,1,0.73,-1.75,10.95,5,78.7,20.81,0.12,-0.2098,0.129,0.005,-0.178,1.646,-0.826,-64.74,11.59,2,6.86,1,0.818,7.27,18.6,0.0,0,5,0.1558,0.1001,0.1688,0.0927
56.083,1,0.729,-1.5,10.41,5,79.0,20.96,0.12,-0.1935,0.126,-0.002,-0.238,1.648,-0.831,-65.32,11.58,2,11.21,1,0.807,4.85,17.31,0.0,0,5,0.1537,0.0926,0.1556,0.1019
56.186,1,0.789,-2.0,9.87,5,77.8,20.44,0.12,-0.1859,0.123,0.006,-0.173,1.653,-0.842,-66.23,11.58,2,11.21,1,0.824,1.45,3.27,1.254,1,5,0.1465,0.0983,0.1595,0.089
56.281,1,0.692,-1.75,8.15,5,78.4,20.46,0.12,-0.1702,0.117,-0.002,-0.178,1.657,-0.85,-67.09,11.58,2,12.86,1,0.78,-3.88,-4.08,1.695,1,5,0.1484,0.0853,0.1447,0.089
56.312,1,0.718,-1.75,8.25,5,77.3,20.46,0.12,-0.1406,0.114,0.001,-0.1,1.659,-0.854,-67.32,11.58,2,12.86,1,0.837,-5.33,-13.5,-4.74,1,5,0.1465,0.0853,0.1447,0.0797
56.349,1,0.701,-2.0,8.29,5,77.8,20.2,0.12,-0.1424,0.115,0.004,-0.213,1.661,-0.859,-67.72,11.58,2,12.86,1,0.851,-5.33,-14.47,-7.051,1,5,0.1445,0.0871,0.15,0.0778
56.484,1,0.679,-2.0,6.32,5,78.7,20.96,0.12,-0.1404,0.113,0.003,-0.153,1.667,-0.873,-69.1,11.58,2,9.4,1,0.828,-2.91,-14.36,0.0,0,5,0.1391,0.089,0.1428,0.0797
56.581,1,0.687,-3.24,5.55,5,77.8,20.46,0.12,-0.1028,0.111,-0.001,-0.18,1.671,-0.884,-70.13,11.58,2,9.4,1,0.81,-0.97,-11.79,0.0,0,5,0.1409,0.0816,0.1354,0.089
56.612,1,0.699,-3.49,5.44,5,77.9,20.96,0.12,-0.0724,0.11,0.002,-0.137,1.672,-0.886,-70.3,11.58,2,9.4,1,0.81,-0.97,-11.79,0.0,0,5,0.1359,0.0845,0.1396,0.0808
56.65,1,0.677,-3.24,4.9,5,78.0,20.46,0.12,-0.0691,0.111,0.003,-0.075,1.673,-0.89,-70.47,11.58,2,9.4,1,0.827,2.42,-2.19,0.0,0,5,0.1383,0.0873,0.1401,0.0782
56.684,1,0.684,-3.74,5.26,5,77.4,20.46,0.12,-0.063,0.113,0.002,-0.107,1.674,-0.893,-70.59,11.58,2,4.42,1,0.803,3.88,-4.61,0.0,0,5,0.1401,0.0928,0.1383,0.0819
56.718,1,0.678,-3.74,4.77,5,76.9,20.46,0.12,-0.0645,0.117,-0.0,-0.081,1.676,-0.897,-70.99,11.58,2,4.42,1,0.816,6.3,3.99,0.0,0,5,0.1399,0.0981,0.1345,0.0945
56.783,1,0.701,-3.74,4.12,5,76.2,20.46,0.12,-0.0564,0.114,0.003,-0.141,1.679,-0.906,-71.51,11.58,2,4.42,1,0.837,5.82,2.06,0.0,0,5,0.1286,0.0973,0.1377,0.0937
56.812,1,0.711,-4.24,3.95,5,76.5,20.46,0.12,-0.0442,0.114,0.002,-0.153,1.68,-0.908,-71.62,11.58,2,4.42,1,0.837,5.82,2.06,0.0,0,5,0.1272,0.094,0.1383,0.0959
56.884,1,0.698,-4.74,3.85,5,76.8,20.46,0.12,-0.0361,0.114,-0.001,-0.043,1.682,-0.916,-71.91,11.58,2,3.14,1,0.839,4.36,-1.84,0.0,0,5,0.1297,0.0963,0.1297,0.1
56.948,1,0.724,-4.74,3.83,5,77.9,20.46,0.12,-0.0291,0.114,-0.003,-0.099,1.684,-0.922,-72.14,11.58,2,3.14,1,0.821,4.36,-4.26,0.0,0,5,0.1261,0.0937,0.1279,0.1063
57.048,1,0.72,-4.74,3.14,5,79.0,20.46,0.12,-0.03,0.116,0.002,-0.064,1.688,-0.934,-72.71,11.58,2,3.14,1,0.842,3.39,-8.29,0.0,0,5,0.1293,0.109,0.1275,0.0998
57.081,1,0.71,-4.99,3.33,5,79.4,20.96,0.12,-0.017,0.116,0.0,-0.045,1.689,-0.938,-72.82,11.58,2,2.8,1,0.826,4.85,-9.69,0.0,0,5,0.1293,0.1072,0.1275,0.0998
57.149,1,0.72,-5.24,2.82,5,80.2,20.46,0.12,-0.0181,0.116,-0.002,-0.046,1.691,-0.945,-72.99,11.58,2,2.8,1,0.823,5.82,-3.27,0.0,0,5,0.1278,0.1,0.1278,0.1074
57.176,1,0.727,-5.24,2.96,5,79.7,20.46,0.12,-0.0052,0.114,-0.001,-0.026,1.692,-0.947,-73.05,11.58,2,2.8,1,0.823,5.82,-3.27,0.0,0,5,0.126,0.1,0.126,0.1037
57.215,1,0.73,-5.24,3.01,5,80.2,20.46,0.12,-0.0084,0.114,-0.001,-0.101,1.693,-0.951,-73.17,11.58,2,2.8,1,0.824,5.33,-4.93,0.0,0,5,0.1298,0.1039,0.1205,0.1001
57.281,1,0.722,-4.99,2.21,5,79.9,20.96,0.12,-0.0101,0.116,-0.003,0.023,1.695,-0.958,-73.45,11.58,2,1.45,1,0.848,5.33,-7.03,0.0,0,5,0.1261,0.1057,0.1205,0.1113
57.316,1,0.718,-4.99,2.66,5,79.2,20.96,0.12,0.0022,0.116,-0.004,0.005,1.696,-0.962,-73.45,11.58,2,1.45,1,0.843,5.82,-6.45,-6.856,1,5,0.1224,0.1094,0.115,0.1168
57.377,1,0.709,-4.49,2.23,5,79.4,20.96,0.12,-0.0063,0.115,-0.001,-0.023,1.698,-0.969,-73.51,11.58,2,1.45,1,0.825,5.82,-9.04,0.0,0,5,0.1185,0.1148,0.113,0.1148
57.415,1,0.75,-4.24,2.82,5,79.9,20.46,0.12,-0.0038,0.116,0.0,-0.005,1.699,-0.974,-73.51,11.58,2,1.45,1,0.785,13.57,-3.47,1.941,1,5,0.1185,0.1148,0.1185,0.113
57.482,1,0.698,-3.99,2.85,5,79.7,20.96,0.12,-0.0171,0.115,0.002,-0.06,1.702,-0.982,-73.74,11.57,2,-0.83,1,0.834,10.66,-0.49,-5.103,1,5,0.1211,0.1174,0.1211,0.1027
57.579,1,0.76,-3.74,1.76,5,79.5,20.46,0.12,-0.0194,0.118,0.0,-0.014,1.705,-0.992,-73.85,11.57,2,-0.83,1,0.841,12.12,5.18,-3.671,1,5,0.118,0.1088,0.1272,0.118
57.647,1,0.681,-3.49,1.82,5,78.7,20.96,0.1209,-0.0012,0.118,0.005,-0.044,1.708,-1.001,-74.08,11.57,2,-0.83,1,0.845,11.15,4.0,-3.709,1,5,0.1244,0.1153,0.1299,0.1007
57.677,1,0.769,-3.49,1.04,5,77.8,20.96,0.1313,-0.0075,0.118,0.005,-0.075,1.709,-1.003,-74.14,11.57,2,-2.12,1,0.845,11.15,4.0,-3.709,1,5,0.127,0.1178,0.1289,0.0994
57.747,1,0.788,-3.49,0.36,5,76.9,20.44,0.1434,0.0074,0.124,0.004,-0.053,1.712,-1.013,-74.43,11.57,2,-2.12,1,0.843,10.66,2.3,-2.687,1,5,0.1317,0.1243,0.1317,0.1094
57.815,1,0.835,-2.75,-0.67,5,77.7,20.46,0.12,0.0243,0.131,0.004,0.0,1.714,-1.02,-74.43,11.57,2,-2.12,1,0.816,14.54,9.73,-3.851,1,5,0.1317,0.1317,0.1391,0.1224
57.846,1,0.832,-2.5,-1.55,5,77.6,20.2,0.127,0.0354,0.134,0.003,-0.027,1.716,-1.025,-74.48,11.57,2,-2.12,1,0.843,14.06,10.4,-1.268,1,5,0.1295,0.1332,0.1406,0.1314
57.876,1,0.824,-2.25,-1.66,5,76.8,20.46,0.12,0.0496,0.132,0.004,-0.052,1.716,-1.028,-74.54,11.57,2,-3.59,1,0.843,14.06,10.4,-1.268,1,5,0.1266,0.1321,0.1394,0.1302
57.916,1,0.727,2.5,-6.01,5,75.9,20.2,0.1271,0.0509,0.127,0.001,-0.01,1.718,-1.033,-74.6,11.57,2,-3.59,1,0.854,13.57,8.42,-3.947,1,5,0.1224,0.1278,0.1296,0.1296
57.943,1,0.793,-2.25,-2.38,5,77.5,20.56,0.1411,0.0917,0.128,-0.002,-0.09,1.719,-1.038,-74.71,11.57,2,-3.59,1,0.854,13.57,8.42,-3.947,1,5,0.1317,0.1299,0.1227,0.1281
57.981,1,0.794,-2.5,-2.62,5,78.1,20.56,0.1552,0.0785,0.133,-0.003,0.007,1.72,-1.043,-74.71,11.57,2,-3.59,1,0.805,16.48,12.03,-2.269,1,5,0.1383,0.131,0.1237,0.1292
58.047,1,0.79,-2.0,-2.54,5,77.5,20.56,0.1678,0.0904,0.138,0.003,0.048,1.723,-1.051,-74.54,11.57,2,-3.59,1,0.836,20.36,20.96,0.0,0,5,0.1298,0.1447,0.1372,0.1409
58.084,1,0.788,-2.0,-2.52,5,77.5,20.96,0.1486,0.0759,0.147,0.004,0.097,1.725,-1.057,-74.43,11.57,2,-5.02,1,0.857,21.33,23.18,0.0,0,5,0.1317,0.1613,0.1409,0.1539
58.118,1,0.788,-1.5,-2.44,5,78.7,20.96,0.1519,0.0767,0.151,0.005,0.102,1.726,-1.06,-74.26,11.57,2,-5.02,1,0.859,21.33,24.02,0.0,0,5,0.1354,0.1669,0.1447,0.1576
58.175,1,0.797,-1.5,-1.94,5,79.3,20.96,0.162,0.0723,0.162,0.001,0.063,1.728,-1.07,-74.2,11.57,2,-5.02,1,0.839,18.42,21.52,0.0,0,5,0.1502,0.1743,0.1521,0.1706
58.216,1,0.794,-1.5,-1.65,5,78.5,20.96,0.1583,0.0596,0.166,-0.001,0.079,1.73,-1.076,-74.14,11.57,2,-5.02,1,0.852,16.48,16.18,-1.216,1,5,0.1576,0.1706,0.1595,0.178
58.247,1,0.792,-1.25,-1.89,5,78.5,20.46,0.1612,0.0536,0.167,-0.0,0.049,1.732,-1.083,-73.97,11.57,2,-5.02,1,0.844,15.51,12.03,-1.301,1,5,0.1595,0.1706,0.1632,0.1743
58.348,1,0.808,-1.25,-1.63,5,78.8,20.81,0.1833,0.0622,0.171,-0.004,0.05,1.736,-1.099,-73.85,11.57,2,-0.18,1,0.853,10.66,2.32,-2.67,1,5,0.1686,0.1778,0.1574,0.1815
58.376,1,0.806,-1.25,-1.32,5,79.3,20.46,0.1971,0.058,0.173,-0.004,0.086,1.737,-1.103,-73.8,11.57,2,-0.18,1,0.853,10.66,2.32,-2.67,1,5,0.1688,0.178,0.1613,0.1855
58.446,1,0.822,-0.5,-0.93,5,80.9,20.56,0.1771,0.0461,0.181,-0.003,-0.011,1.741,-1.117,-73.45,11.57,2,-0.18,1,0.852,11.63,4.64,-3.69,1,5,0.1684,0.1943,0.161,0.1998
58.476,1,0.838,-0.5,-1.3,5,80.7,20.2,0.1908,0.0285,0.186,-0.005,0.137,1.742,-1.121,-73.34,11.58,2,1.14,1,0.852,11.63,4.64,-3.69,1,5,0.1758,0.198,0.1647,0.2054
58.578,1,0.802,1.0,-0.97,5,79.7,20.2,0.2258,0.0454,0.194,-0.001,-0.055,1.748,-1.139,-72.88,11.58,2,1.14,1,0.853,13.57,7.06,-2.065,1,5,0.1834,0.2056,0.1815,0.2075
58.648,1,0.798,0.5,-0.6,5,78.5,20.2,0.1894,0.0146,0.207,-0.004,0.122,1.752,-1.156,-72.65,11.58,2,1.14,1,0.838,14.06,6.56,-2.589,1,5,0.1982,0.2149,0.1908,0.2223
58.675,1,0.795,1.0,-0.77,5,78.7,20.81,0.1779,0.0102,0.21,-0.006,0.048,1.753,-1.16,-72.54,11.58,2,1.2,1,0.838,14.06,6.56,-2.589,1,5,0.2019,0.2112,0.1982,0.2297
58.717,1,0.805,1.0,-0.41,5,78.2,20.56,0.1518,0.0071,0.216,-0.006,-0.04,1.756,-1.168,-72.54,11.58,2,1.2,1,0.835,14.54,9.59,-2.404,1,5,0.2056,0.2149,0.2038,0.2389
58.745,1,0.801,1.0,-0.42,5,78.3,20.56,0.159,-0.0006,0.211,-0.009,0.066,1.758,-1.176,-72.54,11.58,2,1.2,1,0.842,14.54,9.58,-2.42,1,5,0.2109,0.2109,0.1943,0.2294
58.779,1,0.795,1.0,-0.14,5,78.6,20.81,0.1729,0.0009,0.208,-0.008,0.122,1.759,-1.18,-72.36,11.58,2,1.2,1,0.834,12.6,6.79,-1.533,1,5,0.2112,0.2075,0.1926,0.2223
58.847,1,0.785,0.75,-0.15,5,78.3,20.44,0.1407,-0.0065,0.193,-0.007,0.002,1.763,-1.195,-72.42,11.58,2,1.2,1,0.847,12.6,4.72,-2.638,1,5,0.1929,0.1873,0.1836,0.2077
58.88,1,0.794,0.75,-0.24,5,77.8,20.46,0.1508,-0.0029,0.19,-0.008,-0.015,1.764,-1.198,-72.42,11.58,2,2.38,1,0.844,12.12,5.19,-3.671,1,5,0.1873,0.1855,0.178,0.2077
58.948,1,0.802,1.0,-0.23,5,76.1,20.81,0.1447,-0.0012,0.172,-0.005,0.002,1.768,-1.211,-72.42,11.58,2,2.38,1,0.825,12.6,5.4,-1.205,1,5,0.1784,0.1692,0.1655,0.1765
58.981,1,0.798,1.0,0.0,5,76.6,20.81,0.1587,-0.004,0.168,-0.002,-0.009,1.769,-1.215,-72.42,11.58,2,2.38,1,0.817,12.6,6.23,0.864,1,5,0.173,0.1676,0.1657,0.1676
59.046,1,0.791,1.0,-0.43,5,76.4,20.56,0.1797,-0.0094,0.159,-0.002,-0.001,1.772,-1.227,-72.54,11.58,2,2.38,1,0.804,12.6,10.84,0.0,0,5,0.1603,0.1548,0.1585,0.1621
59.08,1,0.798,1.0,0.0,5,77.1,20.81,0.1722,0.002,0.159,-0.002,-0.001,1.772,-1.227,-72.54,11.57,2,2.79,1,0.807,12.6,12.62,0.0,0,5,0.1603,0.1548,0.1585,0.1621
59.146,1,0.798,1.5,0.05,5,76.2,20.81,0.1745,-0.0091,0.16,0.001,-0.029,1.777,-1.242,-72.36,11.57,2,2.79,1,0.81,13.57,16.82,0.0,0,5,0.1604,0.1677,0.1548,0.1585
59.178,1,0.8,1.5,0.03,5,76.5,20.81,0.1852,-0.0162,0.16,0.001,-0.029,1.777,-1.242,-72.36,11.57,2,2.79,1,0.797,11.15,20.84,0.0,0,5,0.1604,0.1677,0.1548,0.1585
59.277,1,0.844,1.75,0.01,5,77.7,20.46,0.1852,-0.0148,0.173,-0.005,-0.028,1.782,-1.259,-72.42,11.57,2,5.28,1,0.811,9.21,15.2,0.0,0,5,0.1782,0.1708,0.1653,0.1763
59.379,1,0.826,3.74,-2.58,5,75.6,20.56,0.2179,-0.0164,0.178,-0.001,0.037,1.788,-1.276,-72.54,11.57,2,5.28,1,0.806,4.36,21.87,0.0,0,5,0.1772,0.1698,0.1846,0.1809
59.447,1,0.807,5.74,-4.01,5,74.3,20.44,0.1935,0.0351,0.189,-0.001,0.002,1.792,-1.291,-72.54,11.57,2,5.28,1,0.813,4.36,31.98,0.0,0,5,0.1933,0.1878,0.1878,0.1878
59.58,1,0.877,3.24,0.18,5,74.5,20.2,0.12,0.0223,0.203,-0.001,0.024,1.799,-1.314,-72.48,11.57,2,6.6,1,0.818,2.91,41.17,0.0,0,5,0.2003,0.2059,0.1984,0.2077
59.646,1,0.82,6.74,-2.6,5,72.8,20.56,0.12,-0.0286,0.191,-0.001,-0.016,1.804,-1.329,-72.48,11.57,2,6.6,1,0.794,1.94,43.13,0.0,0,5,0.1834,0.1889,0.1908,0.2001
59.747,1,0.84,6.49,-2.34,5,74.0,20.2,0.12,-0.0146,0.167,-0.002,-0.02,1.809,-1.345,-72.42,11.57,2,13.31,1,0.771,-8.72,36.61,0.0,0,5,0.1651,0.1595,0.1706,0.1743
59.78,1,0.835,5.99,-1.54,5,74.3,20.0,0.12,-0.0152,0.161,-0.003,-0.018,1.81,-1.348,-72.48,11.57,2,13.31,1,0.778,-8.24,34.76,0.0,0,5,0.1576,0.1521,0.1651,0.1706
59.841,1,0.844,6.49,-2.48,5,74.7,20.2,0.12,-0.0242,0.147,0.003,0.019,1.813,-1.359,-72.48,11.57,2,13.31,1,0.804,-8.24,35.32,0.0,0,5,0.1408,0.1482,0.1574,0.1519
59.875,1,0.855,6.24,-0.97,5,74.5,21.42,0.12,-0.0125,0.145,0.002,-0.023,1.814,-1.361,-72.54,11.57,2,17.68,1,0.804,-8.24,35.32,0.0,0,5,0.148,0.1517,0.1425,0.1369
59.945,1,0.848,5.24,3.28,5,75.0,21.62,0.12,-0.0376,0.127,0.002,-0.041,1.818,-1.371,-72.71,11.57,2,17.68,1,0.812,-6.3,29.22,0.0,0,5,0.1278,0.126,0.1334,0.1223
59.979,1,0.838,5.24,3.99,5,74.8,22.04,0.12,-0.1072,0.123,0.005,-0.065,1.818,-1.373,-72.82,11.57,2,17.68,1,0.809,-6.79,29.83,0.0,0,5,0.1187,0.1187,0.1372,0.1187
60.045,1,0.838,3.99,8.03,5,74.9,21.6,0.12,-0.1221,0.115,0.005,-0.049,1.821,-1.382,-72.99,11.57,2,17.68,1,0.803,-9.21,25.62,0.0,0,5,0.1205,0.115,0.1261,0.1001
60.074,1,0.835,3.49,9.98,5,75.1,21.42,0.12,-0.1841,0.112,0.004,-0.043,1.822,-1.384,-73.05,11.57,2,24.16,1,0.803,-9.21,25.62,0.0,0,5,0.1224,0.1113,0.1205,0.0927
60.146,1,0.844,2.75,13.24,5,75.6,21.6,0.12,-0.2191,0.101,0.002,-0.151,1.825,-1.391,-73.51,11.57,2,24.16,1,0.773,-16.96,24.22,0.0,0,5,0.1131,0.0835,0.1224,0.0853
60.18,1,0.842,3.49,13.71,5,75.4,21.67,0.12,-0.2738,0.1,0.001,-0.093,1.825,-1.393,-73.63,11.57,2,24.16,1,0.767,-18.42,22.82,0.0,0,5,0.1113,0.0779,0.1243,0.0853
60.246,1,0.831,0.75,16.77,5,74.7,21.6,0.12,-0.2932,0.096,0.003,-0.258,1.827,-1.401,-74.54,11.57,2,24.16,1,0.789,-24.23,17.82,0.0,0,5,0.1261,0.0668,0.1298,0.0593
60.38,1,0.844,-3.24,17.29,5,73.8,21.46,0.12,-0.325,0.099,0.006,-0.302,1.831,-1.412,-76.49,11.57,2,32.11,1,0.784,-33.93,15.78,0.0,0,5,0.1396,0.0551,0.1543,0.0459
60.444,1,0.822,-3.74,15.62,5,72.2,21.42,0.12,-0.2912,0.1,0.007,-0.307,1.833,-1.42,-78.04,11.57,2,32.11,1,0.764,-36.84,23.81,0.0,0,5,0.1497,0.0505,0.1642,0.0361
60.48,1,0.837,-3.74,15.14,5,72.4,21.42,0.12,-0.2571,0.103,0.007,-0.267,1.834,-1.422,-78.32,11.55,2,32.58,1,0.763,-37.81,26.84,0.0,0,5,0.1566,0.0546,0.1657,0.0364
60.579,1,0.812,-4.49,13.28,5,70.5,21.02,0.12,-0.2533,0.102,0.009,-0.335,1.837,-1.432,-80.16,11.55,2,32.58,1,0.812,-39.74,34.32,0.0,0,5,0.1476,0.0554,0.1661,0.0369
60.645,1,0.797,-5.24,11.84,5,69.8,20.81,0.12,-0.2105,0.1,0.005,-0.242,1.838,-1.44,-81.47,11.55,2,32.58,1,0.82,-41.68,40.55,0.0,0,5,0.1427,0.0586,0.1519,0.0476
60.68,1,0.79,-5.49,11.55,5,70.0,20.96,0.12,-0.1753,0.102,0.005,-0.255,1.839,-1.442,-81.76,11.55,2,29.8,1,0.802,-42.65,41.61,0.0,0,5,0.1427,0.0586,0.1537,0.0512
60.744,1,0.781,-5.74,10.58,5,70.2,21.02,0.12,-0.1689,0.104,0.007,-0.241,1.84,-1.45,-82.91,11.55,2,29.8,1,0.758,-43.62,41.22,0.0,0,5,0.1352,0.0648,0.1574,0.0593
60.778,1,0.789,-5.74,9.92,5,70.0,20.81,0.12,-0.1483,0.103,0.007,-0.216,1.841,-1.452,-83.14,11.55,2,29.8,1,0.765,-41.2,46.62,0.0,0,5,0.1334,0.0704,0.15,0.0593
60.845,1,0.814,-5.74,9.45,5,70.5,20.56,0.12,-0.1368,0.108,0.006,-0.176,1.842,-1.461,-83.94,11.55,2,29.8,1,0.756,-40.23,51.22,0.0,0,5,0.1352,0.0852,0.1426,0.0685
60.878,1,0.817,-5.49,8.81,5,70.7,20.81,0.12,-0.1284,0.11,0.006,-0.143,1.843,-1.463,-84.11,11.55,2,30.01,1,0.792,-40.71,53.4,0.0,0,5,0.1335,0.0872,0.1447,0.0742
60.912,1,0.827,-5.24,8.55,5,70.6,20.56,0.12,-0.1193,0.113,0.007,-0.155,1.843,-1.468,-84.45,11.55,2,30.01,1,0.818,-40.71,55.2,0.0,0,5,0.1321,0.0917,0.1486,0.0789
60.946,1,0.823,-4.99,8.45,5,70.9,20.81,0.12,-0.1173,0.11,0.008,-0.173,1.844,-1.472,-84.86,11.55,2,30.01,1,0.775,-40.23,57.87,0.0,0,5,0.1278,0.0913,0.1461,0.0767
60.979,1,0.808,-4.74,7.77,5,70.3,20.46,0.12,-0.118,0.109,0.01,-0.2,1.845,-1.474,-85.03,11.55,2,30.01,1,0.701,-36.35,61.27,0.0,0,5,0.126,0.0949,0.1424,0.073
61.013,1,0.81,-4.74,7.33,5,70.1,20.81,0.12,-0.1078,0.108,0.009,-0.074,1.845,-1.478,-85.31,11.55,2,30.01,1,0.671,-38.29,60.85,0.0,0,5,0.1273,0.096,0.1384,0.072
61.047,1,0.821,-4.74,7.61,5,70.5,20.46,0.12,-0.0988,0.112,0.007,-0.107,1.846,-1.483,-85.6,11.55,2,30.01,1,0.694,-41.68,57.8,0.0,0,5,0.1317,0.1001,0.1391,0.0779
61.08,1,0.831,-4.74,7.41,5,71.3,20.56,0.12,-0.1037,0.115,0.005,-0.154,1.846,-1.485,-85.77,11.55,2,32.33,1,0.787,-40.23,55.29,0.0,0,5,0.1354,0.0983,0.1428,0.0853
61.144,1,0.831,-4.24,6.42,5,70.3,21.02,0.12,-0.0994,0.119,0.004,-0.144,1.847,-1.495,-86.4,11.55,2,32.33,1,0.799,-38.29,53.84,0.0,0,5,0.1332,0.0981,0.148,0.0962
61.179,1,0.786,-4.24,5.67,5,69.6,20.46,0.12,-0.0862,0.118,0.005,-0.126,1.847,-1.497,-86.57,11.55,2,32.33,1,0.823,-34.9,52.21,0.0,0,5,0.1314,0.0999,0.1462,0.0962
61.244,1,0.707,-4.24,7.31,5,69.0,20.46,0.12,-0.0712,0.12,0.003,-0.087,1.848,-1.507,-87.03,11.55,2,32.33,1,0.81,-32.47,48.9,0.0,0,5,0.1354,0.1039,0.1428,0.0983
61.282,1,0.796,-3.99,12.89,5,69.6,20.81,0.12,-0.1022,0.121,0.004,-0.056,1.848,-1.509,-87.15,11.55,2,35.66,1,0.825,-30.05,48.14,0.0,0,5,0.1371,0.1056,0.1445,0.0963
61.345,1,0.584,-4.24,16.1,4,70.3,24.25,0.12,-0.2115,0.12,0.004,-0.141,1.849,-1.519,-87.66,11.55,2,35.66,1,0.806,-24.72,47.79,0.0,0,5,0.1356,0.1118,0.1356,0.0953
61.379,1,0.693,-4.24,20.37,5,70.4,20.56,0.12,-0.2696,0.117,0.003,-0.166,1.849,-1.521,-87.83,11.55,2,35.66,1,0.811,-25.2,46.87,0.0,0,5,0.1351,0.1077,0.1314,0.0931
61.412,1,0.695,-4.24,23.43,5,70.7,21.6,0.12,-0.3514,0.113,-0.001,-0.142,1.849,-1.526,-88.24,11.55,2,35.66,1,0.798,-27.63,40.03,0.0,0,5,0.1402,0.0947,0.1293,0.0874
61.444,1,0.528,-4.74,26.6,4,69.7,28.22,0.12,-0.41,0.115,-0.002,-0.201,1.849,-1.531,-88.64,11.55,2,35.66,1,0.815,-29.57,31.27,0.0,0,5,0.1473,0.0837,0.1419,0.0873
61.482,1,0.501,-5.74,30.54,4,69.1,29.29,0.12,-0.4647,0.117,-0.005,-0.223,1.849,-1.533,-88.92,11.54,2,45.0,1,0.827,-29.57,27.87,0.0,0,5,0.1473,0.0837,0.1419,0.0873
61.547,1,0.58,-8.49,33.9,5,66.1,27.23,0.12,-0.5296,0.121,-0.011,-0.278,1.848,-1.54,-89.9,11.54,2,45.0,1,0.823,-29.08,18.22,0.0,0,5,0.1749,0.0589,0.1602,0.0884
61.578,1,0.45,-10.23,35.48,4,61.6,27.88,0.12,-0.5625,0.12,-0.012,-0.322,1.848,-1.543,-90.24,11.54,2,45.0,1,0.818,-28.6,16.41,0.0,0,5,0.1786,0.0516,0.1639,0.0865
61.644,1,0.181,-1.32,43.78,3,70.4,28.89,0.12,-0.5778,0.127,-0.012,-0.42,1.847,-1.553,-91.9,11.54,2,45.0,1,0.805,-26.66,12.14,0.0,0,5,0.2077,0.0482,0.1817,0.0705
61.743,1,0.692,-10.48,41.9,5,71.3,26.95,0.12,-0.7273,0.126,-0.003,-0.515,1.846,-1.566,-94.77,11.54,2,45.0,1,0.789,-26.66,-0.61,0.0,0,5,0.2151,0.0408,0.204,0.0427
61.778,1,0.719,-9.23,41.11,5,73.4,26.45,0.12,-0.6878,0.126,-0.001,-0.592,1.846,-1.568,-95.45,11.54,2,45.0,1,0.775,-27.63,-3.84,0.0,0,5,0.217,0.0371,0.2133,0.0371
61.843,1,0.734,-8.49,39.58,5,75.3,26.11,0.12,-0.6961,0.123,-0.001,-0.646,1.845,-1.578,-98.38,11.54,2,45.0,1,0.778,-30.54,-13.24,7.054,1,5,0.2318,0.013,0.2318,0.0185
61.875,1,0.746,-8.49,38.74,5,75.4,26.27,0.12,-0.6777,0.121,-0.002,-0.657,1.844,-1.58,-99.12,11.54,2,45.0,1,0.778,-30.54,-13.24,7.054,1,5,0.2392,0.0037,0.2337,0.0056
61.944,1,0.803,-8.73,37.16,5,75.1,27.42,0.12,-0.6634,0.117,-0.003,-0.655,1.842,-1.59,-102.33,11.54,2,45.0,1,0.781,-36.84,-28.42,0.0,0,5,0.2398,0.0,0.2289,0.0
61.977,1,0.813,-8.73,34.91,5,74.8,25.1,0.12,-0.6307,0.118,-0.003,-0.606,1.842,-1.592,-103.08,11.54,2,45.0,1,0.789,-38.78,-33.27,0.0,0,5,0.2416,0.0018,0.2289,0.0
62.043,1,0.799,-9.73,34.51,5,74.6,25.84,0.12,-0.5883,0.117,-0.0,-0.658,1.839,-1.601,-106.11,11.54,2,45.0,1,0.788,-43.62,-40.6,0.0,0,5,0.2355,0.0019,0.2318,0.0
62.079,1,0.789,-10.48,32.79,5,74.2,23.94,0.12,-0.5692,0.115,0.0,-0.622,1.839,-1.603,-106.86,11.54,2,45.0,1,0.791,-46.53,-43.31,0.0,0,5,0.2281,0.0,0.23,0.0019
62.143,1,0.777,-11.73,30.99,5,75.1,25.69,0.12,-0.5295,0.117,-0.003,-0.638,1.835,-1.612,-109.72,11.54,2,45.0,1,0.784,-52.35,-48.78,0.0,0,5,0.2244,0.0037,0.2244,0.0167
62.178,1,0.745,-12.48,30.66,5,75.0,29.53,0.1253,-0.5051,0.119,-0.003,-0.561,1.834,-1.614,-110.41,11.54,2,45.0,1,0.777,-54.29,-51.75,0.0,0,5,0.2241,0.0074,0.2241,0.0204
62.243,1,0.761,-12.98,27.57,5,75.1,22.78,0.1286,-0.5073,0.124,0.0,-0.5,1.831,-1.624,-112.64,11.54,2,45.0,1,0.723,-53.8,-51.96,0.0,0,5,0.2186,0.0259,0.2186,0.0278
62.282,1,0.743,-13.48,26.45,5,74.8,22.77,0.12,-0.4062,0.125,-0.001,-0.511,1.83,-1.626,-113.22,11.54,2,35.6,1,0.75,-53.32,-52.37,0.0,0,5,0.217,0.0371,0.2096,0.0352
62.311,1,0.722,-13.98,25.05,5,74.3,22.22,0.12,-0.3794,0.125,-0.005,-0.488,1.827,-1.63,-114.42,11.54,2,35.6,1,0.717,-49.92,-51.62,0.0,0,5,0.2112,0.037,0.2038,0.0482
62.344,1,0.722,-14.47,24.15,5,74.5,22.78,0.12,-0.3487,0.128,-0.006,-0.442,1.825,-1.635,-115.45,11.54,2,35.6,1,0.73,-47.01,-48.49,0.0,0,5,0.2112,0.0426,0.2019,0.0556
62.444,1,0.702,-15.47,22.16,5,73.5,22.22,0.12,-0.3294,0.126,-0.0,-0.344,1.819,-1.646,-117.69,11.54,2,35.6,1,0.727,-38.78,-40.33,0.0,0,5,0.1906,0.0611,0.1906,0.0629
62.578,1,0.702,-13.98,19.92,5,73.2,23.35,0.12,-0.2833,0.126,0.0,-0.319,1.812,-1.66,-119.4,11.55,2,25.1,1,0.692,-26.66,-25.63,0.0,0,5,0.169,0.0826,0.1708,0.0826
62.645,1,0.722,-13.48,19.63,5,73.1,24.52,0.12,-0.2579,0.122,-0.002,-0.188,1.807,-1.668,-120.38,11.55,2,25.1,1,0.595,-18.42,-0.9,0.0,0,5,0.1627,0.0877,0.1535,0.0859
62.743,1,0.715,-13.23,19.35,5,72.2,26.27,0.1326,-0.2906,0.117,-0.006,-0.22,1.801,-1.678,-121.58,11.55,2,13.1,1,0.472,-5.33,27.65,0.0,0,5,0.1556,0.0741,0.1463,0.0908
62.778,1,0.713,-13.73,19.17,5,71.8,25.84,0.1465,-0.3232,0.117,-0.008,-0.178,1.799,-1.68,-121.75,11.55,2,13.1,1,0.527,-1.94,33.73,0.0,0,5,0.1593,0.0759,0.1426,0.0908
62.843,1,0.691,-14.23,19.0,5,71.7,22.68,0.1676,-0.3638,0.129,-0.011,-0.286,1.793,-1.688,-122.73,11.55,2,13.1,1,0.582,2.91,38.71,0.0,0,5,0.1873,0.0816,0.1539,0.0927
62.911,1,0.684,-14.97,16.23,5,69.9,22.19,0.1597,-0.3354,0.144,-0.009,-0.303,1.787,-1.695,-123.64,11.55,2,6.47,1,0.615,5.82,40.2,0.0,0,5,0.1963,0.0926,0.176,0.1093
62.944,1,0.681,-15.47,15.15,5,69.0,21.11,0.136,-0.2094,0.154,-0.011,-0.406,1.783,-1.7,-124.45,11.55,2,6.47,1,0.58,0.97,37.8,0.0,0,5,0.213,0.0945,0.1908,0.1167
62.974,1,0.667,-15.97,15.18,5,68.2,21.6,0.1242,-0.1556,0.159,-0.01,-0.264,1.781,-1.703,-124.79,11.55,2,6.47,1,0.58,0.97,37.8,0.0,0,5,0.2186,0.0982,0.2001,0.1185
63.044,1,0.629,-16.72,14.13,5,67.9,21.11,0.12,-0.1437,0.156,-0.004,-0.24,1.774,-1.713,-125.88,11.55,2,6.47,1,0.569,-3.88,32.05,0.0,0,5,0.2112,0.1037,0.2038,0.1185
63.072,1,0.617,-16.97,13.12,5,68.0,21.11,0.12,-0.115,0.152,-0.006,-0.226,1.772,-1.715,-126.17,11.55,2,6.47,1,0.569,-3.88,32.05,0.0,0,5,0.2007,0.1013,0.1896,0.116
63.143,1,0.597,-16.97,12.75,5,68.6,21.6,0.12,-0.0957,0.143,-0.009,-0.145,1.765,-1.724,-126.8,11.54,2,9.77,1,0.552,-9.69,21.99,0.0,0,5,0.1876,0.1067,0.1618,0.1177
63.178,1,0.622,-17.22,12.47,5,70.3,21.11,0.12,-0.0897,0.142,-0.006,-0.131,1.763,-1.726,-126.91,11.54,2,9.77,1,0.552,-10.18,20.13,0.0,0,5,0.1758,0.1129,0.1591,0.1203
63.243,1,0.26,-14.5,15.88,4,70.3,21.07,0.12,-0.0821,0.131,-0.011,-0.082,1.756,-1.734,-127.25,11.54,2,9.77,1,0.53,-10.18,20.03,0.0,0,5,0.1539,0.1113,0.1298,0.1298
63.272,1,0.272,-12.66,13.76,4,73.9,22.69,0.12,-0.1551,0.128,-0.012,-0.079,1.754,-1.736,-127.37,11.54,2,9.77,1,0.53,-10.18,20.03,0.0,0,5,0.1521,0.1094,0.1224,0.1261
63.31,1,0.281,-13.45,15.19,4,74.1,21.37,0.12,-0.1367,0.121,-0.007,0.024,1.751,-1.739,-127.37,11.54,2,10.86,1,0.493,-11.63,20.12,0.0,0,5,0.1408,0.113,0.1148,0.1167
63.343,1,0.708,-15.47,13.21,5,74.1,21.02,0.12,-0.1486,0.116,-0.003,-0.074,1.749,-1.743,-127.43,11.54,2,10.86,1,0.517,-13.57,15.84,0.557,1,5,0.1278,0.1056,0.1204,0.1111
63.442,1,0.718,-14.72,10.65,5,71.5,21.11,0.12,-0.112,0.121,-0.007,-0.093,1.741,-1.752,-127.77,11.54,2,10.86,1,0.534,-16.96,-0.68,0.0,0,5,0.1335,0.1039,0.1224,0.1224
63.478,1,0.713,-14.47,10.4,5,71.8,21.11,0.12,-0.0724,0.121,-0.007,-0.063,1.739,-1.754,-127.88,11.54,2,10.86,1,0.533,-17.45,-0.91,0.0,0,5,0.1372,0.1057,0.1205,0.1187
63.511,1,0.718,-14.23,11.39,5,72.2,21.11,0.12,-0.0704,0.119,-0.006,-0.06,1.736,-1.757,-128.06,11.53,2,13.01,1,0.537,-17.45,-1.11,0.0,0,5,0.1372,0.1094,0.1168,0.1113
63.573,1,0.726,-13.73,12.1,5,72.2,21.1,0.12,-0.0914,0.113,-0.001,-0.049,1.732,-1.763,-128.17,11.53,2,13.01,1,0.542,-17.45,-1.97,0.0,0,5,0.1297,0.1037,0.1204,0.1
63.638,1,0.747,-12.73,11.31,5,72.6,21.11,0.12,-0.1094,0.115,-0.005,-0.032,1.727,-1.768,-128.34,11.53,2,13.01,1,0.536,-16.96,-3.13,0.0,0,5,0.1334,0.0945,0.126,0.1056
63.672,1,0.736,-12.48,11.02,5,72.9,21.02,0.12,-0.1065,0.118,-0.006,-0.058,1.724,-1.771,-128.51,11.53,2,13.01,1,0.536,-16.96,-3.13,0.0,0,5,0.1335,0.0983,0.1243,0.115
63.71,1,0.728,-12.23,12.45,5,73.2,21.1,0.12,-0.1021,0.119,-0.004,-0.044,1.721,-1.775,-128.63,11.53,2,10.85,1,0.531,-16.48,-5.66,7.591,1,5,0.1297,0.1056,0.1241,0.1167
63.743,1,0.766,-11.73,12.0,5,73.5,20.57,0.12,-0.1312,0.117,0.0,-0.046,1.718,-1.779,-128.8,11.53,2,10.85,1,0.495,-14.06,-5.68,0.0,0,5,0.1278,0.1111,0.1241,0.1056
63.844,1,0.775,-11.98,10.37,5,72.5,21.02,0.12,-0.1257,0.112,-0.0,-0.168,1.711,-1.787,-129.49,11.53,2,10.85,1,0.518,-12.6,1.47,0.0,0,5,0.1335,0.089,0.1354,0.0909
63.877,1,0.77,-11.98,10.59,5,72.7,21.1,0.12,-0.0909,0.112,-0.001,-0.133,1.71,-1.789,-129.66,11.53,2,10.85,1,0.536,-12.6,-2.58,7.317,1,5,0.1335,0.0853,0.1354,0.0927
63.938,1,0.803,-11.73,9.17,5,72.6,20.56,0.12,-0.095,0.109,-0.001,-0.104,1.705,-1.794,-130.0,11.53,2,10.44,1,0.533,-13.57,-3.53,0.0,0,5,0.1278,0.0889,0.1278,0.0926
64.042,1,0.79,-11.23,9.32,5,72.6,20.57,0.12,-0.0702,0.115,0.002,-0.053,1.697,-1.805,-130.35,11.53,2,10.44,1,0.531,-10.66,-8.1,6.581,1,5,0.1224,0.1039,0.1298,0.102
64.141,1,0.763,-10.48,9.56,5,71.3,20.57,0.12,-0.0781,0.115,0.002,-0.105,1.691,-1.812,-130.63,11.51,2,8.14,1,0.581,-6.79,3.29,0.0,0,5,0.1261,0.1094,0.1243,0.1001
64.343,1,0.804,-9.73,8.59,5,71.1,21.1,0.12,-0.089,0.116,-0.003,-0.117,1.674,-1.831,-131.44,11.51,2,9.67,1,0.588,-7.76,-2.18,0.0,0,5,0.1335,0.1057,0.1205,0.1039
64.44,1,0.825,-9.73,7.28,5,70.8,20.57,0.12,-0.0779,0.112,0.003,-0.05,1.669,-1.838,-131.84,11.51,2,9.67,1,0.591,-12.6,-12.66,4.751,1,5,0.1224,0.1001,0.1298,0.0964
64.476,1,0.833,-9.73,7.44,5,71.9,20.57,0.12,-0.0525,0.116,0.004,-0.035,1.665,-1.842,-131.95,11.51,2,9.67,1,0.598,-12.6,-13.35,3.811,1,5,0.1243,0.102,0.1372,0.1001
64.542,1,0.854,-9.23,6.38,5,72.6,20.56,0.12,-0.055,0.12,0.0,-0.069,1.661,-1.847,-132.18,11.51,2,10.27,1,0.587,-9.21,-15.41,0.0,0,5,0.1335,0.115,0.1261,0.1057
64.577,1,0.86,-8.98,5.75,5,72.6,20.56,0.12,-0.0406,0.118,0.001,-0.053,1.657,-1.85,-132.35,11.51,2,10.27,1,0.597,-9.69,-17.61,0.0,0,5,0.1298,0.1168,0.1205,0.1039
64.641,1,0.854,-8.98,6.31,5,73.5,20.57,0.12,-0.0305,0.113,0.001,-0.053,1.653,-1.855,-132.41,11.51,2,10.27,1,0.59,-9.21,-16.53,0.0,0,5,0.1223,0.1056,0.1241,0.1019
64.708,1,0.876,-8.98,4.95,5,74.0,20.56,0.12,-0.0405,0.114,-0.002,-0.03,1.646,-1.862,-132.75,11.51,2,7.31,1,0.607,-8.72,-7.55,3.079,1,5,0.1238,0.1002,0.1238,0.1093
64.738,1,0.884,-8.98,4.71,5,74.6,20.56,0.12,-0.0143,0.115,-0.002,-0.014,1.645,-1.864,-132.75,11.51,2,7.31,1,0.607,-8.72,-7.55,3.079,1,5,0.122,0.102,0.1238,0.1129
64.808,1,0.895,-8.98,4.19,5,75.2,20.57,0.134,-0.0187,0.117,-0.0,-0.054,1.64,-1.869,-132.93,11.51,2,7.31,1,0.589,-7.27,-8.85,2.05,1,5,0.1252,0.1105,0.1234,0.1105
64.837,1,0.906,-8.49,3.93,5,75.4,20.56,0.1479,-0.0156,0.116,0.0,-0.004,1.637,-1.873,-132.98,11.51,2,7.31,1,0.589,-7.27,-8.85,2.05,1,5,0.1252,0.1178,0.116,0.1068
64.941,1,0.92,-7.99,3.8,5,76.0,20.2,0.1455,-0.0134,0.127,0.003,-0.031,1.63,-1.88,-133.04,11.51,2,5.45,1,0.604,-4.85,-2.46,4.524,1,5,0.1266,0.1229,0.1357,0.1211
65.009,1,0.918,-7.49,3.37,5,75.9,20.57,0.1663,-0.0258,0.14,0.001,-0.085,1.622,-1.889,-133.21,11.51,2,5.45,1,0.615,-4.85,-2.66,-0.294,1,5,0.1447,0.1409,0.1428,0.1335
65.037,1,0.92,-7.49,3.54,5,75.5,20.56,0.1803,-0.0257,0.142,0.001,-0.027,1.62,-1.891,-133.27,11.51,2,5.45,1,0.615,-4.85,-2.66,-0.294,1,5,0.1484,0.1447,0.1428,0.1335
65.107,1,0.911,-6.49,3.95,5,74.7,20.56,0.2013,-0.0378,0.158,0.002,-0.057,1.612,-1.9,-133.33,11.52,2,5.76,1,0.617,-3.88,-4.27,1.35,1,5,0.1632,0.1558,0.1651,0.1484
65.14,1,0.913,-6.49,4.11,5,74.5,20.44,0.2155,-0.067,0.164,0.003,-0.045,1.609,-1.903,-133.38,11.52,2,5.76,1,0.615,-2.91,-5.87,2.736,1,5,0.1651,0.1595,0.1743,0.1558
65.178,1,0.914,-6.49,4.09,5,74.9,20.44,0.2293,-0.0767,0.178,0.003,-0.071,1.604,-1.909,-133.5,11.52,2,5.76,1,0.623,-2.91,-6.57,1.559,1,5,0.1799,0.178,0.1836,0.1706
65.208,1,0.909,-6.24,3.78,5,74.6,20.56,0.2364,-0.0785,0.191,0.005,-0.017,1.599,-1.915,-133.56,11.52,2,5.76,1,0.627,-2.42,-7.01,3.257,1,5,0.1929,0.1929,0.2003,0.1799
65.237,1,0.904,-6.49,4.25,5,74.2,20.56,0.2503,-0.0759,0.199,0.005,-0.069,1.596,-1.918,-133.61,11.52,2,5.76,1,0.627,-2.42,-7.01,3.257,1,5,0.204,0.2003,0.2077,0.1855
65.343,1,0.901,-6.49,3.22,5,73.5,20.56,0.2612,-0.0926,0.25,0.005,-0.074,1.576,-1.939,-134.24,11.52,2,6.12,1,0.629,-2.91,-10.39,2.277,1,5,0.2612,0.2445,0.2649,0.2297
65.408,1,0.874,-6.74,3.36,5,72.7,20.46,0.2822,-0.0623,0.263,0.005,-0.154,1.565,-1.951,-134.7,11.52,2,6.12,1,0.624,-3.39,-11.58,4.582,1,5,0.2763,0.2559,0.28,0.2392
65.437,1,0.87,-7.49,3.2,5,73.1,20.04,0.2584,-0.0573,0.265,0.006,-0.14,1.561,-1.955,-134.87,11.52,2,6.12,1,0.624,-3.39,-11.58,4.582,1,5,0.2763,0.2615,0.2819,0.2411
65.475,1,0.874,-7.49,3.08,5,73.0,20.04,0.2461,-0.0383,0.276,0.009,-0.08,1.553,-1.963,-135.05,11.52,2,6.12,1,0.606,-0.48,-6.33,6.501,1,5,0.2819,0.2726,0.2967,0.2522
65.539,1,0.866,-7.99,2.79,5,73.4,20.57,0.2363,-0.0332,0.283,0.003,-0.087,1.541,-1.975,-135.45,11.53,2,4.41,1,0.601,-0.97,-2.48,0.0,0,5,0.293,0.2745,0.2967,0.2671
65.607,1,0.866,-8.24,3.71,5,74.0,20.57,0.2194,-0.0135,0.272,0.004,-0.136,1.526,-1.991,-135.85,11.53,2,4.41,1,0.617,-0.97,-11.87,3.971,1,5,0.2797,0.2575,0.2945,0.2556
65.737,1,0.858,-8.73,3.03,5,75.4,20.56,0.2179,-0.0409,0.25,0.011,-0.095,1.505,-2.012,-136.48,11.53,2,4.78,1,0.616,-1.45,-15.91,1.004,1,5,0.2522,0.2467,0.2763,0.2263
65.807,1,0.865,-8.73,2.62,5,74.7,20.57,0.2391,-0.0209,0.241,0.005,-0.045,1.492,-2.026,-136.77,11.53,2,4.78,1,0.595,-3.88,-11.69,5.201,1,5,0.2467,0.2318,0.2596,0.2263
65.843,1,0.854,-9.48,2.79,5,74.2,20.57,0.2153,-0.0014,0.236,0.008,-0.091,1.485,-2.033,-136.99,11.53,2,4.78,1,0.578,-3.88,-9.78,0.0,0,5,0.2374,0.2355,0.2522,0.2188
65.876,1,0.862,-9.73,1.79,5,74.0,20.56,0.2292,-0.0021,0.236,0.005,-0.037,1.481,-2.036,-137.05,11.53,2,4.78,1,0.573,-3.88,-12.01,0.0,0,5,0.2392,0.2337,0.2485,0.2226
65.937,1,0.841,-10.23,2.71,5,73.4,20.57,0.2502,0.0277,0.234,-0.002,0.084,1.471,-2.045,-136.99,11.53,2,3.64,1,0.585,-4.36,-13.02,0.0,0,5,0.2411,0.2281,0.2355,0.2318
66.007,1,0.827,-11.23,3.43,5,73.9,21.11,0.2333,0.0053,0.237,-0.005,0.008,1.457,-2.058,-137.05,11.53,2,3.64,1,0.603,-0.97,-16.4,-5.04,1,5,0.2392,0.2355,0.2281,0.2448
66.038,1,0.83,-10.73,3.27,5,73.6,20.57,0.2095,0.0016,0.24,-0.007,0.111,1.453,-2.061,-136.94,11.53,2,3.64,1,0.603,-0.97,-16.4,-5.04,1,5,0.243,0.2374,0.2281,0.2522
66.106,1,0.824,-10.73,3.72,5,74.0,20.57,0.2115,-0.0019,0.243,-0.007,-0.045,1.438,-2.074,-136.82,11.51,2,1.2,1,0.567,0.48,-7.98,0.0,0,5,0.2448,0.2411,0.2318,0.2559
66.14,1,0.811,-10.48,4.07,5,74.3,21.11,0.2256,-0.0216,0.239,-0.007,0.052,1.435,-2.077,-136.77,11.51,2,1.2,1,0.55,-0.97,0.3,2.851,1,5,0.2448,0.2392,0.2244,0.2485
66.208,1,0.794,-11.48,1.57,5,74.2,20.57,0.2081,-0.0284,0.225,-0.004,0.027,1.422,-2.089,-136.71,11.51,2,1.2,1,0.581,3.39,1.32,0.0,0,5,0.2263,0.2226,0.2207,0.2318
66.236,1,0.761,-11.73,5.26,5,73.8,20.56,0.2122,0.0581,0.225,-0.005,-0.071,1.418,-2.092,-136.77,11.51,2,1.2,1,0.581,3.39,1.32,0.0,0,5,0.2244,0.2207,0.2207,0.2355
66.274,1,0.749,-11.48,5.05,5,73.3,20.56,0.2192,-0.0559,0.223,-0.009,0.075,1.412,-2.098,-136.71,11.51,2,1.2,1,0.582,3.88,1.87,0.0,0,5,0.232,0.2117,0.2173,0.232
66.377,1,0.771,-11.73,4.52,5,73.5,20.57,0.2603,-0.0751,0.227,-0.006,-0.054,1.395,-2.113,-136.77,11.51,2,-0.23,1,0.588,2.91,2.21,0.0,0,5,0.2338,0.2246,0.2191,0.232
66.406,1,0.762,-11.98,5.18,5,74.1,20.56,0.2674,-0.0565,0.232,-0.004,-0.015,1.388,-2.12,-136.77,11.51,2,-0.23,1,0.585,3.39,3.27,0.0,0,5,0.2406,0.2259,0.2314,0.2314
66.44,1,0.754,-12.48,5.03,5,74.4,21.11,0.2583,-0.0732,0.236,-0.004,-0.122,1.384,-2.123,-136.94,11.51,2,-0.23,1,0.59,2.42,3.05,0.0,0,5,0.2479,0.2259,0.2369,0.2314
66.508,1,0.773,-12.73,4.64,5,74.9,20.57,0.2774,-0.0722,0.255,-0.002,0.008,1.369,-2.137,-137.11,11.51,2,2.75,1,0.568,2.42,4.95,0.0,0,5,0.2689,0.2411,0.2634,0.2448
66.537,1,0.761,-13.23,4.89,5,75.6,21.11,0.2707,-0.0527,0.257,-0.001,-0.088,1.365,-2.14,-137.17,11.51,2,2.75,1,0.568,2.42,4.95,0.0,0,5,0.2689,0.2448,0.2671,0.2485
66.635,1,0.728,-13.98,4.51,5,76.0,21.11,0.2644,-0.0545,0.274,0.001,-0.062,1.345,-2.159,-137.51,11.51,2,2.75,1,0.542,0.48,3.56,0.0,0,5,0.2819,0.2615,0.2875,0.2634
66.673,1,0.715,-14.47,4.81,5,75.2,20.96,0.2524,-0.0267,0.274,0.0,-0.107,1.337,-2.166,-137.74,11.51,2,2.75,1,0.517,-5.33,4.96,5.549,1,5,0.2838,0.2671,0.2819,0.2634
66.736,1,0.681,-14.97,4.35,5,72.6,21.11,0.2165,-0.0159,0.272,0.002,-0.01,1.325,-2.177,-137.85,11.51,2,2.75,1,0.494,-6.3,6.32,0.0,0,5,0.2819,0.2671,0.28,0.2578
66.805,1,0.666,-15.97,4.56,5,70.6,21.11,0.227,-0.0025,0.258,0.005,-0.025,1.31,-2.191,-138.2,11.51,2,2.75,1,0.504,-3.39,-1.65,0.0,0,5,0.2708,0.2578,0.2763,0.2522
66.838,1,0.66,-16.47,4.2,5,71.1,21.11,0.2228,0.0038,0.252,0.006,-0.049,1.307,-2.195,-138.25,11.51,2,2.75,1,0.504,-3.39,-1.65,0.0,0,5,0.2522,0.2448,0.2726,0.2392
66.907,1,0.62,-17.72,4.72,5,70.2,21.1,0.2172,0.0211,0.24,0.003,0.02,1.292,-2.208,-138.54,11.52,2,3.16,1,0.573,-15.03,-5.42,0.0,0,5,0.2467,0.2337,0.2522,0.2263
66.941,1,0.621,-17.97,4.87,5,69.5,21.11,0.1933,0.0308,0.238,0.0,-0.021,1.289,-2.211,-138.54,11.52,2,3.16,1,0.575,-15.03,-5.58,0.0,0,5,0.2448,0.23,0.2467,0.23
67.006,1,0.685,-18.97,-0.41,5,73.5,21.11,0.1707,0.0394,0.223,0.001,-0.008,1.276,-2.222,-138.83,11.52,2,3.16,1,0.594,-16.48,-6.42,0.0,0,5,0.2244,0.217,0.23,0.2188
67.107,1,0.691,-19.97,-0.84,5,75.2,21.1,0.12,0.1811,0.197,-0.003,-0.083,1.26,-2.235,-139.0,11.52,2,-2.86,1,0.516,-14.54,-4.29,-4.507,1,5,0.2041,0.1857,0.2023,0.1949
67.142,1,0.704,-19.97,-1.18,5,74.7,20.96,0.12,0.2002,0.189,-0.001,-0.012,1.255,-2.24,-139.0,11.52,2,-2.86,1,0.501,-10.18,3.56,-7.743,1,5,0.2025,0.186,0.1952,0.1896
67.206,1,0.741,-21.46,-1.31,5,74.8,20.81,0.12,0.2046,0.172,0.003,-0.077,1.248,-2.247,-139.06,11.52,2,-2.86,1,0.543,-6.79,19.01,0.0,0,5,0.1669,0.1706,0.1799,0.1706
67.308,1,0.775,-22.46,-1.85,5,74.0,20.44,0.1549,0.2273,0.152,-0.006,0.048,1.236,-2.256,-139.06,11.52,2,-5.04,1,0.598,-4.85,23.27,0.0,0,5,0.1595,0.1539,0.1372,0.1576
67.339,1,0.776,-22.71,-1.62,5,74.1,20.56,0.1688,0.2541,0.148,-0.006,0.113,1.234,-2.258,-138.94,11.52,2,-5.04,1,0.593,-4.85,24.64,0.0,0,5,0.1539,0.1521,0.1317,0.1558
67.407,1,0.765,-21.96,-1.73,5,73.3,20.57,0.1792,0.2508,0.148,-0.009,0.179,1.224,-2.265,-138.25,11.52,2,-5.04,1,0.598,-3.88,25.76,0.0,0,5,0.1349,0.1626,0.1164,0.1792
67.442,1,0.757,-21.21,-1.17,5,73.0,20.46,0.1784,0.2436,0.153,-0.009,0.188,1.219,-2.269,-137.8,11.52,2,-5.04,1,0.603,-2.42,25.67,0.0,0,5,0.1275,0.1774,0.1109,0.1977
67.505,1,0.693,-20.21,-0.1,5,72.7,20.57,0.1691,0.2191,0.16,-0.008,0.28,1.212,-2.276,-136.99,11.54,2,-1.44,1,0.607,3.88,22.03,0.0,0,5,0.1223,0.1982,0.1056,0.213
67.544,1,0.644,-18.97,0.53,5,72.1,21.1,0.1453,0.1801,0.159,-0.007,0.277,1.207,-2.28,-136.36,11.54,2,-1.44,1,0.582,-1.45,26.55,0.0,0,5,0.1204,0.2001,0.1037,0.2112
67.568,1,0.684,-17.72,1.16,5,72.8,20.81,0.1333,0.152,0.157,-0.006,0.254,1.205,-2.282,-136.08,11.54,2,-1.44,1,0.582,-1.45,26.55,0.0,0,5,0.1185,0.1963,0.1074,0.2075
67.64,1,0.714,-16.72,2.43,5,73.6,20.57,0.12,0.132,0.155,-0.006,0.189,1.198,-2.288,-135.39,11.54,2,-1.44,1,0.589,1.45,15.18,0.0,0,5,0.115,0.1817,0.115,0.2077
67.707,1,0.743,-15.22,2.9,5,74.1,20.46,0.12,0.099,0.139,-0.014,0.121,1.189,-2.295,-134.65,11.54,2,4.98,1,0.588,-0.48,13.31,0.0,0,5,0.1223,0.1519,0.0982,0.1852
67.805,1,0.736,-14.23,3.65,5,74.5,20.46,0.12,0.0778,0.117,-0.008,0.126,1.18,-2.303,-134.01,11.54,2,4.98,1,0.564,-9.21,5.25,-1.611,1,5,0.1094,0.1372,0.0797,0.1409
67.839,1,0.74,-13.73,4.2,5,74.6,20.81,0.12,0.0531,0.115,-0.007,0.107,1.179,-2.304,-133.84,11.54,2,4.98,1,0.577,-4.36,1.25,0.0,0,5,0.1039,0.128,0.0872,0.1391
67.905,1,0.764,-12.48,4.3,5,75.0,20.96,0.12,0.0395,0.103,-0.003,0.092,1.173,-2.31,-133.44,11.55,2,7.4,1,0.574,-4.36,1.84,0.0,0,5,0.0813,0.109,0.0905,0.1293
67.942,1,0.792,-11.73,4.38,5,75.3,20.57,0.126,0.0204,0.098,0.0,0.105,1.17,-2.313,-133.21,11.55,2,7.4,1,0.57,-9.21,2.08,-3.456,1,5,0.0776,0.1127,0.0868,0.1238
68.005,1,0.817,-9.98,4.57,5,76.0,20.96,0.12,0.0171,0.096,0.006,0.118,1.167,-2.317,-132.87,11.55,2,7.4,1,0.583,-7.27,-2.23,0.0,0,5,0.0742,0.1187,0.0816,0.1094
68.105,1,0.851,-7.74,4.25,5,77.4,20.46,0.155,-0.0233,0.094,0.0,0.019,1.162,-2.323,-132.64,11.55,2,7.15,1,0.625,-4.36,-2.62,0.0,0,5,0.0835,0.1113,0.076,0.1039
68.139,1,0.872,-7.24,4.26,5,77.2,20.57,0.1689,-0.0481,0.096,-0.001,0.077,1.159,-2.326,-132.53,11.55,2,7.15,1,0.636,-1.45,-4.56,-4.189,1,5,0.0872,0.1057,0.0853,0.1076
68.205,1,0.877,-6.24,4.46,5,77.4,20.46,0.1691,-0.0497,0.119,0.004,0.016,1.152,-2.333,-132.35,11.55,2,7.15,1,0.627,-0.48,-1.1,2.128,1,5,0.1076,0.128,0.1187,0.1224
68.305,1,0.897,-4.74,4.1,5,78.7,20.46,0.1691,-0.0614,0.141,0.002,-0.046,1.145,-2.342,-132.41,11.55,2,7.15,1,0.643,0.97,-3.33,3.569,1,5,0.1401,0.1438,0.1419,0.1364
68.404,1,0.907,-3.74,4.34,5,78.6,20.44,0.1691,-0.0657,0.157,0.004,-0.027,1.133,-2.355,-132.58,11.55,2,5.99,1,0.644,0.0,-4.15,-7.097,1,5,0.1589,0.1589,0.1624,0.1481
68.438,1,0.905,-3.24,4.3,5,78.6,20.46,0.1646,-0.0799,0.158,0.004,-0.005,1.131,-2.357,-132.53,11.55,2,5.99,1,0.645,0.48,-1.87,-0.907,1,5,0.1581,0.1599,0.1634,0.1492
68.543,1,0.922,-2.25,3.72,5,79.4,20.46,0.1691,-0.0832,0.156,0.001,-0.072,1.118,-2.371,-132.87,11.57,2,5.62,1,0.663,0.97,-5.89,0.589,1,5,0.1554,0.148,0.1573,0.1517
68.604,1,0.913,-2.25,3.75,5,80.8,20.46,0.1691,-0.0786,0.164,0.005,-0.037,1.112,-2.379,-133.04,11.57,2,5.62,1,0.662,0.48,-5.49,1.055,1,5,0.1667,0.1593,0.1797,0.1519
68.673,1,0.916,-1.75,3.49,5,80.9,20.46,0.1691,-0.0776,0.163,0.002,-0.074,1.105,-2.386,-133.21,11.57,2,5.62,1,0.685,0.48,-7.41,0.235,1,5,0.1679,0.1587,0.1716,0.1532
68.705,1,0.912,-1.25,3.06,5,80.8,20.46,0.1691,-0.0762,0.163,0.003,-0.051,1.101,-2.391,-133.33,11.57,2,4.64,1,0.693,0.97,-11.48,-3.29,1,5,0.1682,0.1589,0.1718,0.1515
68.839,1,0.911,-0.75,3.29,5,80.0,20.46,0.1691,-0.0681,0.168,0.003,-0.019,1.087,-2.406,-133.56,11.57,2,4.64,1,0.678,6.3,-0.67,-0.898,1,5,0.1733,0.1677,0.1733,0.1567
68.872,1,0.908,-0.25,2.63,5,80.0,20.46,0.1691,-0.08,0.168,0.001,-0.019,1.082,-2.411,-133.61,11.57,2,4.64,1,0.68,5.82,-4.03,-5.171,1,5,0.1733,0.1641,0.1751,0.1604
68.906,1,0.909,0.0,2.87,5,79.7,20.57,0.1642,-0.0665,0.173,0.001,-0.045,1.078,-2.416,-133.67,11.57,2,2.51,1,0.684,6.3,-2.02,-3.829,1,5,0.1762,0.1669,0.1817,0.1669
68.942,1,0.907,0.25,2.75,5,79.8,20.46,0.1762,-0.0785,0.172,0.004,-0.061,1.073,-2.421,-133.84,11.57,2,2.51,1,0.668,7.76,-2.76,-2.268,1,5,0.1704,0.1704,0.1815,0.1667
69.106,1,0.892,1.0,2.26,5,78.7,20.81,0.2269,-0.0911,0.188,0.006,-0.08,1.054,-2.442,-134.36,11.57,2,1.77,1,0.683,10.66,2.92,-1.348,1,5,0.1889,0.1852,0.2019,0.176
69.137,1,0.892,1.25,1.9,5,78.6,20.56,0.2338,-0.0862,0.194,0.006,-0.026,1.051,-2.445,-134.36,11.57,2,1.77,1,0.686,10.66,1.92,-3.446,1,5,0.1963,0.1908,0.2093,0.1778
69.239,1,0.894,1.0,1.6,5,78.3,20.96,0.2565,-0.079,0.228,0.004,-0.081,1.035,-2.462,-134.93,11.57,2,1.77,1,0.7,9.69,0.78,-3.485,1,5,0.2371,0.2204,0.2427,0.2112
69.304,1,0.903,1.0,1.05,5,79.0,20.57,0.2303,-0.0608,0.253,0.004,-0.124,1.021,-2.477,-135.33,11.57,2,0.37,1,0.68,13.09,8.32,-4.529,1,5,0.2578,0.2411,0.2652,0.2263
69.371,1,0.903,0.75,0.7,5,79.6,20.46,0.2326,-0.0434,0.259,0.004,-0.049,1.01,-2.488,-135.62,11.57,2,0.37,1,0.681,12.12,4.2,-2.581,1,5,0.2708,0.2522,0.2726,0.2392
69.404,1,0.915,0.5,0.69,5,79.6,20.56,0.2466,-0.03,0.254,0.006,-0.093,1.003,-2.495,-135.85,11.57,2,0.37,1,0.68,11.63,3.86,-5.623,1,5,0.2652,0.2467,0.2745,0.23
69.5,1,0.896,0.75,0.19,5,79.8,20.46,0.1865,-0.0229,0.252,0.008,-0.009,0.989,-2.509,-136.13,11.57,2,0.37,1,0.69,11.15,2.39,-7.552,1,5,0.2578,0.2467,0.2726,0.23
69.606,1,0.894,1.0,-0.18,5,79.1,20.96,0.1265,-0.0107,0.232,0.014,-0.045,0.97,-2.53,-136.77,11.58,2,-0.99,1,0.684,14.54,3.71,-7.046,1,5,0.2318,0.23,0.2615,0.204
69.674,1,0.895,1.0,-0.07,5,78.1,20.57,0.1342,-0.0059,0.214,0.019,-0.187,0.961,-2.539,-137.17,11.58,2,-0.99,1,0.658,17.93,9.2,0.0,0,5,0.2122,0.2159,0.251,0.1772
69.703,1,0.895,0.75,-1.08,5,79.5,20.57,0.1481,-0.0079,0.209,0.02,-0.161,0.959,-2.542,-137.4,11.58,2,-0.99,1,0.674,16.96,11.56,-5.946,1,5,0.2067,0.2122,0.2473,0.1716
69.74,1,0.907,0.75,-1.19,5,79.6,20.46,0.1242,0.0149,0.201,0.018,-0.132,0.953,-2.548,-137.62,11.58,2,-3.39,1,0.691,16.96,7.76,-7.5,1,5,0.2012,0.1993,0.2381,0.1643
69.805,1,0.926,0.5,-1.35,5,78.6,20.57,0.134,0.0186,0.177,0.011,-0.101,0.943,-2.558,-137.97,11.58,2,-3.39,1,0.672,16.48,5.05,-4.516,1,5,0.1846,0.1624,0.2122,0.1476
69.834,1,0.92,-0.25,-1.11,5,78.8,20.46,0.1409,0.0264,0.17,0.012,-0.178,0.941,-2.56,-138.14,11.58,2,-3.39,1,0.672,16.48,5.05,-4.516,1,5,0.1753,0.1606,0.203,0.1421
69.871,1,0.92,-0.75,-1.56,5,79.5,20.46,0.155,0.0316,0.164,0.009,-0.086,0.937,-2.565,-138.54,11.58,2,-3.39,1,0.67,14.54,6.77,-2.248,1,5,0.1725,0.1558,0.1892,0.1372
69.904,1,0.936,-0.75,-2.22,5,79.2,20.46,0.169,0.0499,0.157,0.005,-0.047,0.933,-2.568,-138.6,11.56,2,-4.74,1,0.67,13.57,5.18,-6.849,1,5,0.1682,0.1467,0.1771,0.1342
70.004,1,0.934,-1.25,-2.32,5,80.9,20.2,0.1854,0.0689,0.148,0.006,0.013,0.922,-2.578,-138.66,11.56,2,-4.74,1,0.679,17.45,13.07,0.618,1,5,0.1372,0.1558,0.1539,0.1465
70.039,1,0.928,-1.25,-2.22,5,80.9,20.44,0.1993,0.081,0.148,0.003,-0.009,0.92,-2.58,-138.66,11.56,2,-4.74,1,0.673,16.96,13.52,0.818,1,5,0.1409,0.1558,0.1465,0.1502
70.105,1,0.928,-1.0,-1.99,5,80.6,20.57,0.2203,0.082,0.155,-0.006,0.156,0.91,-2.588,-138.2,11.56,2,-4.21,1,0.671,17.45,13.18,0.232,1,5,0.1502,0.1669,0.1317,0.1725
70.138,1,0.928,-0.75,-1.65,5,81.0,20.57,0.2343,0.0744,0.16,-0.005,0.162,0.908,-2.59,-138.03,11.56,2,-4.21,1,0.67,18.42,14.49,4.234,1,5,0.1482,0.1741,0.1352,0.1815
70.203,1,0.91,-0.25,-1.54,5,82.4,20.46,0.2361,0.0605,0.186,-0.006,0.063,0.896,-2.6,-137.51,11.56,2,-4.21,1,0.669,19.39,16.21,2.914,1,5,0.1659,0.2046,0.1548,0.2175
70.305,1,0.893,0.25,-0.62,5,82.7,20.46,0.271,0.0576,0.218,-0.006,0.096,0.88,-2.615,-136.99,11.56,2,0.32,1,0.667,14.54,14.1,-0.547,1,5,0.2059,0.23,0.1947,0.2411
70.404,1,0.872,1.25,0.17,5,81.7,21.02,0.3061,0.0214,0.253,-0.003,0.011,0.861,-2.632,-136.59,11.56,2,0.32,1,0.68,13.09,6.72,1.697,1,5,0.2436,0.2658,0.2344,0.2695
70.473,1,0.872,1.5,0.4,5,81.5,21.02,0.3271,-0.021,0.278,-0.004,0.076,0.848,-2.643,-136.31,11.56,2,0.32,1,0.684,11.63,1.06,0.607,1,5,0.2708,0.2856,0.2634,0.293
70.504,1,0.854,1.5,0.96,5,81.1,20.96,0.3406,-0.0328,0.295,-0.006,0.033,0.839,-2.652,-136.31,11.57,2,4.25,1,0.672,10.18,4.57,1.734,1,5,0.2908,0.2945,0.2816,0.3112
70.54,1,0.858,1.75,0.92,5,80.9,20.46,0.326,-0.0549,0.301,-0.005,0.059,0.834,-2.656,-136.25,11.57,2,4.25,1,0.68,7.27,-5.49,-0.161,1,5,0.2982,0.3019,0.2908,0.313
70.57,1,0.857,2.0,0.74,5,80.6,20.96,0.3139,-0.055,0.317,-0.003,-0.028,0.825,-2.665,-136.25,11.57,2,4.25,1,0.666,8.72,-4.72,1.103,1,5,0.3149,0.3186,0.3093,0.326
70.603,1,0.853,2.0,0.82,5,80.8,20.96,0.2967,-0.0488,0.328,-0.003,-0.024,0.815,-2.674,-136.31,11.57,2,4.25,1,0.65,6.3,-4.18,-0.086,1,5,0.3297,0.3242,0.326,0.3316
70.698,1,0.856,1.75,0.78,5,82.0,20.46,0.266,-0.0482,0.325,0.001,-0.086,0.796,-2.692,-136.54,11.57,2,4.25,1,0.693,4.85,-9.39,-4.71,1,5,0.3301,0.319,0.332,0.3171
70.803,1,0.884,0.75,0.12,5,82.2,20.46,0.2821,-0.0446,0.3,0.006,-0.101,0.77,-2.717,-137.17,11.57,2,5.05,1,0.7,1.94,-14.95,2.274,1,5,0.3097,0.293,0.3227,0.2856
71.001,1,0.882,-0.75,-1.14,5,82.6,20.56,0.3007,-0.011,0.284,0.002,-0.016,0.732,-2.753,-137.74,11.58,2,2.45,1,0.7,3.88,-7.63,5.629,1,5,0.2854,0.2798,0.2927,0.278
71.103,1,0.903,-1.75,-1.33,5,81.2,20.46,0.2407,0.0474,0.286,-0.003,0.032,0.711,-2.772,-137.8,11.58,2,1.55,1,0.656,4.36,-7.74,3.779,1,5,0.2856,0.2875,0.2782,0.2912
71.137,1,0.911,-1.25,-1.66,5,80.5,20.46,0.2266,0.0626,0.281,-0.003,0.009,0.703,-2.779,-137.68,11.58,2,1.55,1,0.675,7.76,-0.78,4.949,1,5,0.2763,0.28,0.2763,0.293
71.17,1,0.916,-1.75,-1.13,5,79.8,20.46,0.2141,0.0638,0.278,-0.003,0.004,0.694,-2.787,-137.68,11.58,2,1.55,1,0.682,6.79,0.99,0.0,0,5,0.2704,0.276,0.2741,0.2908
71.203,1,0.919,-2.25,-1.22,5,79.3,20.46,0.228,0.0545,0.274,-0.004,0.036,0.686,-2.794,-137.62,11.58,2,1.55,1,0.677,6.79,-0.71,0.0,0,5,0.2704,0.2723,0.2686,0.2853
71.237,1,0.917,-2.0,-1.43,5,78.9,20.56,0.2419,0.0642,0.27,-0.002,-0.046,0.682,-2.797,-137.62,11.58,2,1.55,1,0.673,6.79,0.87,0.0,0,5,0.2667,0.2704,0.2649,0.2778
71.304,1,0.909,-3.24,-1.5,5,78.4,20.46,0.225,0.0647,0.255,-0.003,0.034,0.671,-2.807,-137.8,11.58,2,2.11,1,0.675,4.85,-0.81,6.289,1,5,0.2522,0.2504,0.2522,0.2634
71.403,1,0.902,-3.24,-1.47,5,80.8,20.46,0.203,0.0755,0.238,-0.001,0.05,0.654,-2.823,-137.62,11.58,2,2.11,1,0.668,4.85,0.26,0.0,0,5,0.2337,0.2374,0.2355,0.2448
71.471,1,0.893,-3.24,-1.5,5,80.9,20.46,0.1856,0.0707,0.22,-0.001,-0.03,0.641,-2.835,-137.68,11.58,2,2.11,1,0.651,0.0,-9.27,7.258,1,5,0.2167,0.2167,0.2223,0.226
71.502,1,0.889,-3.49,-1.26,5,81.1,20.44,0.1617,0.067,0.216,0.001,0.017,0.638,-2.838,-137.68,11.58,2,2.11,1,0.664,0.0,-9.18,0.029,1,5,0.2099,0.2173,0.2173,0.2209
71.602,1,0.882,-3.49,-1.26,5,81.3,20.96,0.1807,0.0662,0.195,0.0,-0.022,0.623,-2.851,-137.62,11.58,2,3.85,1,0.658,0.0,-7.38,3.708,1,5,0.1966,0.1929,0.1984,0.1929
71.634,1,0.882,-3.74,-1.68,5,81.2,20.46,0.1876,0.0669,0.191,0.002,-0.042,0.62,-2.854,-137.68,11.58,2,3.85,1,0.658,0.0,-7.38,3.708,1,5,0.1892,0.1929,0.1947,0.1892
71.702,1,0.88,-3.74,-1.97,5,81.0,20.81,0.178,0.079,0.183,0.004,-0.015,0.613,-2.861,-137.74,11.58,2,3.85,1,0.655,-0.48,-8.75,0.572,1,5,0.1743,0.1855,0.1892,0.1836
71.739,1,0.882,-3.49,-1.66,5,81.3,21.02,0.192,0.0899,0.18,0.003,0.094,0.607,-2.866,-137.62,11.58,2,3.75,1,0.669,0.0,-9.51,-1.607,1,5,0.176,0.1871,0.1778,0.1778
71.802,1,0.876,-3.24,-1.5,5,81.4,20.46,0.213,0.0819,0.176,0.002,0.07,0.597,-2.876,-137.4,11.58,2,3.75,1,0.67,0.0,-4.23,7.849,1,5,0.1647,0.1924,0.1665,0.185
71.897,1,0.882,-2.75,-1.16,5,84.1,20.81,0.1905,0.071,0.174,-0.002,0.061,0.587,-2.885,-136.94,11.58,2,3.75,1,0.685,0.97,-1.09,0.0,0,5,0.1613,0.1892,0.1558,0.191
72.003,1,0.891,-1.75,-0.54,5,85.9,20.46,0.2257,0.061,0.175,-0.007,0.028,0.571,-2.899,-136.19,11.58,2,2.72,1,0.668,3.88,7.3,0.0,0,5,0.1632,0.1817,0.1539,0.2003
72.07,1,0.896,-1.5,0.55,5,86.2,20.56,0.2466,0.0316,0.18,-0.007,0.085,0.562,-2.907,-136.02,11.58,2,2.72,1,0.649,4.85,9.16,0.0,0,5,0.176,0.1945,0.1519,0.1982
72.1,1,0.89,-1.25,0.49,5,86.9,20.46,0.2606,-0.0084,0.187,-0.007,0.163,0.559,-2.909,-135.85,11.58,2,2.72,1,0.636,5.33,10.58,0.0,0,5,0.1815,0.2001,0.1593,0.2075
72.201,1,0.885,-0.75,1.55,5,86.2,20.46,0.251,-0.0068,0.229,-0.006,0.069,0.539,-2.928,-135.45,11.58,2,4.77,1,0.667,6.79,35.94,0.0,0,5,0.217,0.23,0.1966,0.2411
72.298,1,0.884,0.25,1.54,5,82.9,20.46,0.1912,-0.038,0.245,-0.004,-0.027,0.525,-2.941,-135.28,11.58,2,4.77,1,0.695,4.85,42.44,0.0,0,5,0.2408,0.2482,0.2334,0.2556
72.4,1,0.887,1.0,1.43,5,82.9,20.44,0.131,-0.0358,0.237,-0.002,0.028,0.508,-2.958,-135.22,11.58,2,8.6,1,0.723,-1.94,55.38,0.0,0,5,0.2371,0.2371,0.2334,0.2408
72.468,1,0.885,1.5,1.65,5,82.3,20.44,0.12,-0.039,0.22,-0.004,-0.05,0.496,-2.97,-135.28,11.58,2,8.6,1,0.713,-3.88,56.24,0.0,0,5,0.2226,0.2151,0.217,0.2263
72.501,1,0.889,1.25,1.38,5,82.7,20.81,0.12,-0.0482,0.214,-0.002,-0.089,0.493,-2.973,-135.33,11.58,2,8.6,1,0.719,-4.85,56.45,0.0,0,5,0.2133,0.2114,0.2133,0.2188
72.601,1,0.852,2.0,5.48,5,82.8,21.62,0.12,-0.0382,0.185,0.003,0.039,0.48,-2.986,-135.45,11.56,2,16.31,1,0.744,-4.36,54.31,0.0,0,5,0.1834,0.1834,0.1926,0.1815
72.697,1,0.771,1.75,11.17,5,82.1,23.35,0.12,-0.1241,0.156,0.001,-0.042,0.469,-2.997,-135.68,11.56,2,16.31,1,0.79,-3.88,54.2,0.0,0,5,0.1613,0.1502,0.1651,0.1484
72.736,1,0.78,1.75,13.94,5,81.8,23.34,0.12,-0.2295,0.145,-0.001,-0.039,0.465,-3.001,-135.73,11.56,2,25.42,1,0.763,-8.72,46.79,0.0,0,5,0.1519,0.1408,0.1463,0.1408
72.797,1,0.729,2.25,18.33,5,80.4,23.73,0.12,-0.2824,0.128,-0.0,0.023,0.459,-3.006,-135.73,11.56,2,25.42,1,0.796,-9.21,44.19,0.0,0,5,0.1314,0.1295,0.1258,0.1258
72.897,1,0.769,2.5,24.96,5,78.8,23.34,0.12,-0.3716,0.107,-0.001,-0.131,0.452,-3.014,-136.19,11.56,2,25.42,1,0.785,-15.99,34.91,0.0,0,5,0.1211,0.0881,0.1247,0.0954
73.096,1,0.86,3.49,22.94,5,75.2,22.19,0.12,-0.5001,0.099,-0.007,-0.32,0.437,-3.026,-138.83,11.58,2,37.42,1,0.712,-40.71,13.54,0.0,0,5,0.1576,0.0371,0.1465,0.0556
73.17,1,0.843,1.5,21.44,5,75.5,22.19,0.12,-0.4725,0.097,-0.01,-0.416,0.43,-3.03,-140.72,11.58,2,44.92,1,0.708,-51.38,6.66,0.0,0,5,0.1855,0.0223,0.1521,0.0297
73.197,1,0.838,0.0,20.4,5,75.9,22.19,0.12,-0.4195,0.096,-0.008,-0.375,0.429,-3.031,-141.18,11.58,2,44.92,1,0.708,-51.38,6.66,0.0,0,5,0.1817,0.0185,0.1558,0.026
73.237,1,0.834,-1.5,19.26,5,76.7,22.19,0.12,-0.3835,0.092,-0.009,-0.397,0.426,-3.033,-142.15,11.58,2,44.92,1,0.329,-57.09,8.19,0.0,0,4,0.1737,0.0092,0.1571,0.0296
73.298,1,0.834,-4.49,17.9,5,77.7,22.15,0.12,-0.348,0.093,-0.018,-0.409,0.42,-3.036,-143.58,11.58,2,44.92,1,0.323,-57.69,8.94,0.0,0,4,0.1772,0.0037,0.1476,0.0443
73.337,1,0.86,-5.99,16.89,5,78.6,21.62,0.12,-0.2891,0.092,-0.018,-0.345,0.417,-3.037,-144.5,11.58,2,39.69,1,0.738,-52.83,-1.54,0.0,0,5,0.1731,0.0037,0.1436,0.0479
73.395,1,0.77,-8.73,13.77,5,78.4,21.67,0.12,-0.2569,0.085,-0.013,-0.385,0.413,-3.039,-145.7,11.58,2,39.69,1,0.738,-50.89,0.35,0.0,0,5,0.1602,0.0037,0.1399,0.035
73.436,1,0.774,-9.73,12.82,5,77.9,22.15,0.12,-0.1708,0.082,-0.009,-0.335,0.41,-3.041,-146.56,11.58,2,39.69,1,0.714,-47.01,10.87,0.0,0,5,0.1556,0.0074,0.1389,0.0259
73.497,1,0.743,-11.48,11.29,5,77.0,22.19,0.12,-0.1482,0.082,-0.003,-0.343,0.406,-3.044,-147.71,11.58,2,39.69,1,0.713,-45.56,18.49,0.0,0,5,0.1421,0.0221,0.1347,0.0277
73.536,1,0.736,-11.98,11.15,5,76.4,22.19,0.12,-0.099,0.083,0.0,-0.215,0.403,-3.045,-148.28,11.58,2,29.92,1,0.714,-38.78,27.91,0.0,0,5,0.1329,0.0369,0.1292,0.0332
73.6,1,0.76,-11.98,13.85,5,75.4,23.26,0.12,-0.0988,0.089,-0.0,-0.153,0.398,-3.048,-148.74,11.58,2,29.92,1,0.732,-30.54,43.23,0.0,0,5,0.1261,0.0556,0.1205,0.0519
73.7,1,0.781,-10.98,17.66,5,74.8,23.26,0.12,-0.1549,0.096,0.003,-0.083,0.39,-3.054,-149.37,11.58,2,29.92,1,0.714,-24.23,54.61,0.0,0,5,0.1094,0.0816,0.1168,0.0779
73.738,1,0.788,-10.48,19.59,5,74.9,23.26,0.12,-0.2403,0.097,0.006,-0.144,0.387,-3.056,-149.6,11.58,2,30.23,1,0.724,-25.69,56.0,0.0,0,5,0.1093,0.0889,0.1167,0.0741
73.8,1,0.846,-11.23,23.55,5,75.3,22.04,0.12,-0.2821,0.095,0.002,-0.149,0.382,-3.059,-150.06,11.58,2,30.23,1,0.722,-29.08,56.29,0.0,0,5,0.1167,0.0778,0.1167,0.0704
73.836,1,0.853,-11.98,25.01,5,75.4,22.15,0.12,-0.3485,0.096,-0.004,-0.246,0.378,-3.06,-150.63,11.58,2,30.23,1,0.739,-32.47,55.78,0.0,0,5,0.128,0.0593,0.1261,0.0723
73.897,1,0.766,-13.73,25.25,5,75.3,22.78,0.127,-0.3935,0.101,-0.008,-0.298,0.373,-3.063,-151.6,11.58,2,30.23,1,0.744,-35.87,55.02,0.0,0,5,0.1482,0.0445,0.1426,0.0704
73.968,1,0.789,-15.47,24.17,5,74.9,22.96,0.12,-0.3544,0.102,-0.002,-0.31,0.365,-3.066,-153.21,11.56,2,41.38,1,0.829,-49.44,46.61,0.0,0,5,0.163,0.0408,0.1593,0.0463
73.995,1,0.843,-16.47,25.12,5,75.0,22.78,0.12,-0.3128,0.103,-0.003,-0.344,0.363,-3.067,-153.55,11.56,2,41.38,1,0.829,-49.44,46.61,0.0,0,5,0.1688,0.0389,0.1613,0.0445
74.068,1,0.787,-15.97,22.96,5,75.3,22.15,0.1411,-0.3996,0.111,-0.005,-0.352,0.355,-3.071,-155.21,11.56,2,41.38,1,0.837,-62.52,38.36,0.0,0,5,0.1761,0.0459,0.1669,0.055
74.1,1,0.841,-15.97,23.2,5,75.9,21.96,0.12,-0.2927,0.114,-0.005,-0.37,0.353,-3.072,-155.62,11.56,2,41.38,1,0.844,-63.49,39.4,0.0,0,5,0.1765,0.0491,0.1692,0.06
74.167,1,0.856,-15.22,21.42,5,77.1,22.22,0.141,-0.3665,0.121,0.003,-0.237,0.344,-3.076,-157.05,11.56,2,45.0,1,0.851,-64.46,41.01,0.0,0,5,0.1784,0.068,0.1802,0.057
74.196,1,0.865,-13.98,20.78,5,77.3,21.96,0.1478,-0.3559,0.124,0.008,-0.279,0.341,-3.078,-157.33,11.56,2,45.0,1,0.851,-64.46,41.01,0.0,0,5,0.1735,0.0812,0.1827,0.0572
74.232,1,0.873,-13.23,20.49,5,76.9,21.6,0.1622,-0.3942,0.128,0.014,-0.331,0.337,-3.08,-158.02,11.56,2,45.0,1,0.851,-64.46,41.01,0.0,0,5,0.1679,0.1015,0.1827,0.0591
74.302,1,0.889,-13.23,19.91,5,76.5,21.46,0.1902,-0.4602,0.143,0.002,-0.429,0.326,-3.084,-159.63,11.56,2,45.0,1,0.88,-57.19,36.76,0.0,0,5,0.1855,0.0927,0.1966,0.0742
74.338,1,0.875,-13.73,18.71,5,76.6,21.46,0.2039,-0.4731,0.147,-0.003,-0.437,0.323,-3.085,-160.14,11.56,2,44.2,1,0.883,-55.74,34.47,0.0,0,5,0.2133,0.076,0.2133,0.0872
74.368,1,0.867,-13.98,18.0,5,76.5,21.11,0.2113,-0.4458,0.161,-0.004,-0.473,0.316,-3.088,-161.23,11.56,2,44.2,1,0.875,-53.32,32.24,0.0,0,5,0.2378,0.0793,0.2341,0.0922
74.395,1,0.868,-14.47,17.13,5,76.9,21.02,0.2178,-0.4338,0.168,-0.003,-0.458,0.313,-3.089,-161.75,11.56,2,44.2,1,0.875,-53.32,32.24,0.0,0,5,0.2489,0.0848,0.2452,0.0922
74.438,1,0.821,-14.47,17.01,5,77.9,21.62,0.2389,-0.4385,0.185,0.0,-0.495,0.305,-3.091,-162.83,11.56,2,44.2,1,0.89,-48.95,27.95,0.0,0,5,0.2671,0.1017,0.2689,0.1017
74.495,1,0.757,-14.23,20.48,5,79.1,23.89,0.2528,-0.4586,0.208,0.009,-0.447,0.293,-3.096,-164.38,11.56,2,44.2,1,0.896,-45.56,24.7,0.0,0,5,0.2815,0.1407,0.2943,0.117
74.6,1,0.612,-14.47,36.3,5,75.8,29.19,0.1958,-0.4604,0.244,0.007,-0.479,0.269,-3.102,-167.13,11.55,2,40.57,1,0.906,-28.6,22.22,0.0,0,5,0.3267,0.1643,0.3377,0.1476
74.735,1,0.36,-3.99,40.86,5,62.7,27.42,0.1239,-0.5839,0.232,0.005,-0.552,0.237,-3.109,-171.49,11.55,2,45.0,1,0.875,-20.84,6.14,0.0,0,5,0.3242,0.1445,0.3279,0.1297
74.767,1,0.496,1.75,38.09,5,60.1,26.37,0.12,-0.6861,0.221,0.0,-0.507,0.228,-3.11,-172.63,11.55,2,45.0,1,0.865,-19.39,-0.37,0.0,0,5,0.3134,0.1224,0.3208,0.128
74.799,1,0.487,6.24,36.36,4,58.2,26.15,0.12,-0.7273,0.218,-0.001,-0.588,0.224,-3.111,-173.26,11.55,2,45.0,1,0.853,-16.96,-3.31,0.0,0,5,0.3079,0.1187,0.3153,0.1298
74.866,1,0.447,11.98,34.05,4,55.3,25.7,0.12,-0.7273,0.195,0.007,-0.469,0.209,-3.113,-175.5,11.55,2,45.0,1,0.855,-15.03,-8.32,7.935,1,5,0.2708,0.1187,0.2856,0.1057
74.899,1,0.379,14.72,32.44,4,51.8,25.16,0.12,-0.7273,0.187,0.006,-0.492,0.206,-3.113,-176.07,11.55,2,45.0,1,0.85,-14.06,-12.55,6.161,1,5,0.2671,0.1094,0.2763,0.0946
74.966,1,0.408,16.97,30.89,4,56.0,23.37,0.12,-0.7273,0.166,-0.013,-0.495,0.193,-3.113,-178.3,11.52,2,45.0,1,0.845,-14.54,-18.26,0.0,0,5,0.2671,0.0649,0.2411,0.089
74.998,1,0.422,17.22,30.59,4,57.3,23.52,0.1264,-0.7658,0.16,-0.018,-0.47,0.19,-3.112,-178.82,11.52,2,45.0,1,0.854,-15.03,-22.23,0.0,0,5,0.2634,0.0538,0.23,0.0927
75.065,1,0.511,15.97,29.97,4,57.6,23.92,0.1294,-0.7843,0.134,-0.026,-0.648,0.179,-3.11,178.48,11.52,2,45.0,1,0.853,-19.39,-28.43,0.0,0,5,0.2485,-0.0019,0.2188,0.0705
75.099,1,0.554,14.47,29.6,4,60.7,23.53,0.1356,-0.7869,0.132,-0.024,-0.634,0.176,-3.11,177.73,11.52,2,45.0,1,0.858,-21.81,-31.59,0.0,0,5,0.2522,-0.0074,0.2226,0.0593
75.199,1,0.671,9.73,27.7,5,66.9,23.34,0.1395,-0.7758,0.137,-0.014,-0.721,0.163,-3.107,173.78,11.52,2,45.0,1,0.87,-31.5,-42.68,0.0,0,5,0.2671,0.0037,0.2411,0.0352
75.237,1,0.783,7.99,27.88,5,67.4,22.96,0.1531,-0.7282,0.138,-0.015,-0.705,0.157,-3.106,172.17,11.52,2,45.0,1,0.865,-34.41,-45.61,0.0,0,5,0.2689,0.0019,0.2448,0.0371
75.265,1,0.763,6.24,27.43,5,67.4,22.68,0.1569,-0.7267,0.138,-0.015,-0.637,0.152,-3.104,170.63,11.52,2,45.0,1,0.871,-35.87,-47.39,0.0,0,5,0.2708,0.0,0.2448,0.0352
75.301,1,0.753,4.74,25.91,5,66.8,22.46,0.1615,-0.7172,0.139,-0.014,-0.642,0.149,-3.104,169.88,11.52,2,45.0,1,0.866,-36.35,-47.82,0.0,0,5,0.2708,0.0037,0.2467,0.0352
75.399,1,0.674,0.25,22.61,5,67.8,22.19,0.1769,-0.7232,0.153,-0.004,-0.574,0.134,-3.1,166.16,11.52,2,36.01,1,0.891,-33.44,-43.35,0.0,0,5,0.2726,0.0334,0.2634,0.0408
75.599,1,0.603,-9.23,15.21,5,75.2,20.81,0.2104,-0.6853,0.195,0.004,-0.62,0.099,-3.09,159.17,11.5,2,24.01,1,0.847,-26.17,-26.8,0.0,0,5,0.2902,0.0955,0.3012,0.0918
75.702,1,0.724,-14.47,11.97,5,77.8,20.81,0.2448,-0.4177,0.216,0.016,-0.54,0.075,-3.081,154.93,11.5,2,24.01,1,0.777,-21.81,-19.64,0.0,0,5,0.3001,0.1263,0.3386,0.0988
75.767,1,0.823,-14.23,11.05,5,77.4,20.57,0.2658,-0.2807,0.236,0.018,-0.363,0.061,-3.076,153.5,11.5,2,12.01,1,0.793,-15.99,-4.89,0.0,0,5,0.2965,0.1739,0.3331,0.1391
75.801,1,0.835,-13.98,10.56,5,78.1,21.02,0.2797,-0.2719,0.244,0.017,-0.418,0.056,-3.074,153.04,11.5,2,12.01,1,0.76,-12.12,1.2,0.0,0,5,0.2946,0.1922,0.3294,0.1592
75.9,1,0.809,-13.48,9.93,5,78.9,20.81,0.3146,-0.2973,0.269,0.01,-0.256,0.036,-3.064,151.95,11.5,2,12.01,1,0.683,1.45,29.48,0.0,0,5,0.3045,0.2344,0.3248,0.2141
75.968,1,0.864,-11.73,8.45,5,78.2,20.81,0.2977,-0.2645,0.299,0.013,-0.264,0.014,-3.053,150.69,11.48,2,0.01,1,0.699,6.79,42.41,0.0,0,5,0.3259,0.2679,0.3548,0.2462
75.998,1,0.845,-12.23,8.76,5,77.9,20.81,0.2737,-0.209,0.306,0.012,-0.27,0.008,-3.05,150.4,11.48,2,0.01,1,0.697,10.66,49.45,0.0,0,5,0.3343,0.2707,0.3652,0.2526
76.034,1,0.817,-12.73,8.32,5,78.4,20.57,0.2618,-0.2035,0.316,0.012,-0.284,-0.003,-3.044,149.77,11.48,2,0.01,1,0.683,10.18,53.3,0.0,0,5,0.3501,0.2797,0.376,0.2593
76.1,1,0.71,-10.23,5.54,4,76.7,20.53,0.2138,-0.1404,0.319,0.011,-0.277,-0.02,-3.035,148.8,11.48,2,0.01,1,0.679,7.27,54.49,0.0,0,5,0.3519,0.2853,0.3742,0.2649
76.166,1,0.693,-10.23,4.58,4,77.2,20.79,0.1779,-0.0611,0.3,0.018,-0.244,-0.041,-3.024,147.77,11.48,2,4.45,1,0.69,2.91,46.38,0.0,0,5,0.3149,0.2741,0.3612,0.2482
76.266,1,0.687,-8.98,6.61,4,77.6,21.12,0.12,0.0026,0.278,0.016,-0.21,-0.065,-3.01,146.73,11.48,2,4.45,1,0.701,4.85,39.72,0.0,0,5,0.2986,0.2634,0.3246,0.2244
76.334,1,0.663,-9.23,13.72,4,76.7,21.65,0.12,-0.0493,0.261,0.018,-0.119,-0.078,-3.003,146.22,11.48,2,11.28,1,0.709,3.88,29.94,0.0,0,5,0.2708,0.2504,0.306,0.2151
76.398,1,0.74,-6.24,16.6,5,72.7,21.67,0.12,-0.1804,0.241,0.012,-0.082,-0.09,-2.995,145.82,11.48,2,11.28,1,0.698,0.48,19.0,0.0,0,5,0.2504,0.2244,0.2819,0.2077
76.464,1,0.767,-2.5,15.0,5,73.2,21.11,0.12,-0.2686,0.217,0.005,-0.079,-0.105,-2.986,145.24,11.48,2,11.28,1,0.708,-1.94,9.84,4.585,1,5,0.2241,0.2038,0.2408,0.2001
76.6,1,0.795,3.49,12.71,5,71.7,21.1,0.12,-0.2694,0.189,-0.0,-0.102,-0.123,-2.973,144.73,11.46,2,22.71,1,0.691,-11.63,-25.89,0.0,0,5,0.1966,0.1799,0.1966,0.1817
76.664,1,0.859,5.99,12.59,5,71.1,21.11,0.12,-0.2905,0.166,0.001,-0.116,-0.134,-2.965,144.56,11.46,2,22.71,1,0.704,-11.15,-30.09,0.0,0,5,0.1762,0.1613,0.1725,0.1539
76.699,1,0.822,6.99,10.89,5,71.9,21.02,0.12,-0.3119,0.16,-0.001,-0.117,-0.137,-2.963,144.44,11.46,2,22.71,1,0.698,-9.21,-30.44,0.0,0,5,0.1762,0.1539,0.1651,0.1465
76.798,1,0.789,9.98,10.43,5,73.1,21.11,0.12,-0.2783,0.14,0.001,-0.062,-0.148,-2.955,144.04,11.46,2,19.24,1,0.673,-0.48,-22.41,0.0,0,5,0.1465,0.1224,0.1595,0.1317
76.865,1,0.785,10.98,10.64,5,73.6,21.1,0.12,-0.2998,0.121,0.002,-0.085,-0.156,-2.95,143.76,11.46,2,19.24,1,0.686,8.72,-3.51,-5.271,1,5,0.1356,0.1118,0.1338,0.1026
76.899,1,0.793,11.23,10.43,5,72.9,21.1,0.12,-0.3118,0.115,0.001,-0.13,-0.157,-2.948,143.64,11.46,2,19.24,1,0.692,8.24,-4.24,-5.745,1,5,0.1319,0.1044,0.1283,0.0971
76.998,1,0.807,11.48,9.25,5,74.8,20.96,0.12,-0.304,0.097,-0.004,-0.153,-0.165,-2.942,142.72,11.45,2,13.78,1,0.685,9.69,-1.51,-3.316,1,5,0.1235,0.0645,0.1217,0.0774
77.065,1,0.793,11.98,9.26,5,75.5,20.96,0.12,-0.2825,0.095,0.004,-0.144,-0.171,-2.938,142.21,11.45,2,13.78,1,0.675,14.54,3.82,-3.477,1,5,0.1132,0.0785,0.1187,0.0694
77.165,1,0.797,10.98,9.07,5,76.1,20.57,0.12,-0.2864,0.091,-0.002,-0.17,-0.178,-2.932,141.23,11.45,2,10.0,1,0.693,16.48,12.05,-3.837,1,5,0.1185,0.0593,0.1185,0.0685
77.198,1,0.79,10.48,8.39,5,75.8,21.1,0.12,-0.2704,0.089,-0.006,-0.186,-0.18,-2.931,141.0,11.45,2,10.0,1,0.692,15.51,8.41,-2.62,1,5,0.1241,0.05,0.1167,0.0648
77.234,1,0.787,8.98,8.33,5,75.2,21.02,0.12,-0.2516,0.083,-0.012,-0.209,-0.182,-2.928,140.55,11.45,2,10.0,1,0.687,13.57,7.2,-5.018,1,5,0.1298,0.0352,0.1076,0.0593
77.263,1,0.797,7.99,7.58,5,74.8,21.1,0.12,-0.2328,0.077,-0.018,-0.261,-0.183,-2.926,140.03,11.45,2,10.0,1,0.687,11.63,6.16,-4.13,1,5,0.1335,0.0148,0.1039,0.0556
77.3,1,0.79,6.24,7.32,5,74.0,21.1,0.12,-0.2094,0.076,-0.022,-0.294,-0.184,-2.924,139.69,11.45,2,10.0,1,0.686,9.69,3.63,-4.709,1,5,0.1335,0.0074,0.1001,0.0612
77.332,1,0.784,4.49,6.67,5,73.9,21.1,0.12,-0.1841,0.071,-0.022,-0.29,-0.186,-2.922,139.0,11.45,2,7.64,1,0.681,6.79,0.01,-4.837,1,5,0.1335,0.0,0.0983,0.0519
77.399,1,0.76,0.75,7.13,5,73.3,20.57,0.12,-0.16,0.067,-0.016,-0.298,-0.188,-2.919,137.97,11.45,2,7.64,1,0.697,5.82,0.28,-3.254,1,5,0.1298,0.0037,0.0983,0.0371
77.432,1,0.775,-0.5,6.94,5,72.9,20.57,0.12,-0.1237,0.068,-0.014,-0.243,-0.19,-2.916,137.4,11.45,2,7.64,1,0.696,5.82,1.49,-4.226,1,5,0.1254,0.0091,0.0981,0.0382
77.464,1,0.776,-1.75,6.42,5,73.4,20.46,0.12,-0.1124,0.068,-0.014,-0.214,-0.191,-2.914,136.88,11.45,2,7.64,1,0.696,5.82,4.18,-3.565,1,5,0.1236,0.0127,0.0963,0.04
77.531,1,0.765,-4.24,6.64,5,74.5,20.44,0.12,-0.096,0.07,-0.015,-0.167,-0.194,-2.91,136.25,11.43,2,4.48,1,0.693,3.88,1.21,-2.992,1,5,0.12,0.0203,0.0904,0.0498
77.599,1,0.777,-6.24,6.62,5,74.7,20.46,0.12,-0.0797,0.072,-0.011,-0.156,-0.197,-2.907,135.68,11.43,2,4.48,1,0.696,1.94,4.97,0.036,1,5,0.107,0.0314,0.0904,0.0572
77.631,1,0.782,-6.74,6.02,5,75.4,20.44,0.12,-0.0562,0.075,-0.009,-0.143,-0.199,-2.905,135.33,11.43,2,4.48,1,0.71,0.97,2.41,-1.106,1,5,0.1076,0.0389,0.0927,0.0612
77.798,1,0.76,-9.73,6.14,5,76.0,20.56,0.12,-0.0522,0.089,-0.005,-0.092,-0.208,-2.894,134.36,11.43,2,2.59,1,0.702,1.45,7.06,0.634,1,5,0.1113,0.0723,0.0946,0.076
77.862,1,0.763,-10.23,5.19,5,76.1,20.46,0.12,-0.022,0.089,-0.003,-0.06,-0.212,-2.89,134.07,11.43,2,2.59,1,0.705,0.97,5.13,-0.493,1,5,0.0983,0.0686,0.102,0.0853
77.899,1,0.769,-10.73,5.28,5,76.0,20.46,0.12,-0.0008,0.09,-0.001,-0.089,-0.214,-2.887,133.9,11.43,2,2.59,1,0.707,0.0,5.59,3.618,1,5,0.0983,0.0723,0.1057,0.0853
77.998,1,0.788,-11.23,4.96,5,76.0,20.56,0.12,-0.0016,0.099,-0.0,-0.055,-0.221,-2.88,133.56,11.42,2,2.33,1,0.716,-0.97,2.86,0.231,1,5,0.1094,0.0872,0.1094,0.089
78.063,1,0.784,-11.23,4.38,5,77.3,20.56,0.1411,-0.0058,0.098,0.002,-0.008,-0.225,-2.876,133.44,11.42,2,2.33,1,0.72,-1.94,1.51,-0.442,1,5,0.1076,0.0964,0.1039,0.0853
78.131,1,0.838,-11.23,4.18,5,77.1,20.56,0.1253,0.0153,0.104,0.0,-0.036,-0.231,-2.87,133.38,11.42,2,2.88,1,0.718,-2.91,-0.58,3.583,1,5,0.1076,0.1001,0.1094,0.1001
78.199,1,0.797,-11.73,4.64,5,77.5,20.57,0.1532,0.0027,0.112,-0.006,-0.059,-0.235,-2.864,133.21,11.42,2,2.88,1,0.723,-3.39,-1.67,-1.502,1,5,0.1241,0.1,0.113,0.1111
78.262,1,0.802,-11.73,4.35,5,76.6,20.56,0.1557,-0.0043,0.124,-0.002,-0.008,-0.242,-2.857,133.1,11.42,2,2.88,1,0.734,-3.88,-2.69,-0.203,1,5,0.1298,0.1113,0.1205,0.1187
78.293,1,0.784,-11.73,3.88,5,77.0,20.56,0.1552,0.0027,0.128,-0.001,0.007,-0.244,-2.855,133.1,11.42,2,2.88,1,0.734,-3.88,-2.69,-0.203,1,5,0.1317,0.1224,0.1298,0.1261
78.331,1,0.785,-11.73,4.19,5,77.5,20.56,0.1309,0.0261,0.134,0.0,-0.109,-0.248,-2.851,132.98,11.42,2,3.21,1,0.724,-3.39,-1.52,0.69,1,5,0.1342,0.1324,0.1361,0.1324
78.365,1,0.805,-11.98,4.24,5,77.8,20.57,0.12,0.0259,0.138,-0.001,-0.022,-0.252,-2.847,132.87,11.42,2,3.21,1,0.726,-3.88,-3.48,1.026,1,5,0.1434,0.1324,0.1416,0.1361
78.392,1,0.821,-11.98,4.21,5,76.9,21.02,0.1269,0.0238,0.139,-0.003,-0.045,-0.253,-2.845,132.81,11.42,2,3.21,1,0.726,-3.88,-3.48,1.026,1,5,0.1453,0.1287,0.1434,0.1379
78.431,1,0.828,-12.23,4.2,5,76.9,20.56,0.1411,0.0156,0.137,-0.005,-0.051,-0.257,-2.84,132.7,11.42,2,3.21,1,0.721,-3.39,-1.68,-0.105,1,5,0.1473,0.1234,0.1418,0.1362
78.463,1,0.818,-12.23,3.73,5,77.4,20.46,0.155,0.0111,0.135,-0.005,-0.047,-0.259,-2.839,132.64,11.42,2,3.21,1,0.72,-3.88,-3.63,-1.112,1,5,0.1473,0.1234,0.1418,0.1362
78.563,1,0.822,-12.23,4.01,5,77.4,20.56,0.19,0.0057,0.135,-0.002,-0.006,-0.268,-2.828,132.58,11.45,2,2.5,1,0.732,-3.88,-2.72,1.308,1,5,0.1383,0.1309,0.1346,0.1364
78.598,1,0.802,-11.98,3.61,5,78.2,20.57,0.2039,-0.0085,0.14,-0.003,-0.006,-0.27,-2.826,132.58,11.45,2,2.5,1,0.739,-3.88,-3.47,-0.477,1,5,0.1419,0.1346,0.1401,0.1438
78.658,1,0.823,-11.98,3.87,5,77.0,20.57,0.1796,0.0104,0.163,-0.003,-0.033,-0.276,-2.818,132.53,11.45,2,2.5,1,0.74,-3.88,-3.47,-0.508,1,5,0.1667,0.1556,0.163,0.1649
78.699,1,0.834,-11.73,3.62,5,76.5,20.46,0.1936,-0.0026,0.176,-0.002,0.031,-0.281,-2.813,132.53,11.45,2,2.5,1,0.742,-3.88,-3.48,-0.554,1,5,0.1834,0.1704,0.1778,0.1741
78.763,1,0.812,-10.98,4.09,5,76.3,20.57,0.1997,-0.0006,0.193,-0.003,-0.038,-0.292,-2.801,132.47,11.45,2,1.29,1,0.745,-2.91,-2.27,-0.592,1,5,0.1966,0.1873,0.1929,0.1966
78.797,1,0.828,-10.98,3.7,5,75.8,20.96,0.2136,-0.0292,0.195,-0.003,0.007,-0.294,-2.798,132.53,11.45,2,1.29,1,0.745,-2.91,-2.27,-0.589,1,5,0.1966,0.191,0.1929,0.2003
78.833,1,0.834,-10.73,3.53,5,75.2,20.56,0.2209,-0.0196,0.198,-0.003,-0.008,-0.302,-2.789,132.53,11.45,2,1.29,1,0.752,-2.91,-2.44,-1.078,1,5,0.2003,0.1929,0.1966,0.2003
78.863,1,0.857,-10.98,1.82,5,73.8,20.96,0.235,-0.0216,0.2,-0.004,-0.048,-0.305,-2.786,132.53,11.45,2,1.29,1,0.756,-2.91,-2.26,-0.544,1,5,0.204,0.1947,0.1984,0.204
78.963,1,0.843,-10.98,3.38,5,74.6,20.57,0.2696,0.0323,0.222,-0.003,0.04,-0.319,-2.771,132.35,11.48,2,-0.45,1,0.728,1.45,7.08,0.872,1,5,0.2282,0.2175,0.2211,0.2211
78.998,1,0.843,-10.98,3.76,5,74.7,21.02,0.255,-0.0193,0.227,-0.001,-0.026,-0.322,-2.767,132.35,11.48,2,-0.45,1,0.731,0.97,6.85,1.932,1,5,0.2315,0.2226,0.2279,0.2244
79.063,1,0.878,-10.23,1.84,5,74.0,20.56,0.2731,-0.0389,0.254,-0.0,0.053,-0.336,-2.752,132.41,11.48,2,-0.45,1,0.716,5.82,13.13,6.474,1,5,0.2439,0.2513,0.2476,0.2532
79.091,1,0.885,-10.48,2.31,5,74.6,20.56,0.2612,0.0239,0.258,-0.0,0.015,-0.34,-2.748,132.47,11.48,2,-0.45,1,0.716,5.82,13.13,6.474,1,5,0.2572,0.259,0.2553,0.259
79.161,1,0.866,-10.48,2.07,5,76.4,20.81,0.2131,0.0228,0.27,-0.001,-0.035,-0.354,-2.732,132.18,11.48,2,0.13,1,0.739,4.36,11.31,4.269,1,5,0.275,0.2658,0.2676,0.2639
79.264,1,0.875,-10.23,2.04,5,75.2,20.46,0.2242,0.0282,0.252,-0.0,-0.069,-0.372,-2.713,132.01,11.48,2,0.13,1,0.75,1.45,5.72,-0.454,1,5,0.2516,0.248,0.2553,0.2535
79.297,1,0.863,-10.23,1.59,5,76.1,20.46,0.2381,0.0233,0.247,0.001,-0.004,-0.375,-2.709,132.01,11.48,2,0.13,1,0.753,0.97,3.58,1.698,1,5,0.2425,0.2425,0.2535,0.248
79.765,1,0.825,-6.24,1.63,5,74.8,20.0,0.2092,0.0292,0.289,0.001,-0.02,-0.458,-2.617,132.3,11.52,2,1.33,1,0.746,1.45,-2.4,-2.89,1,5,0.2868,0.296,0.2831,0.2886
79.863,1,0.847,-5.99,1.47,5,76.2,19.97,0.2442,-0.0049,0.264,-0.001,-0.011,-0.476,-2.598,132.35,11.52,2,1.33,1,0.761,4.85,9.31,-3.041,1,5,0.2519,0.2556,0.2704,0.2778
79.891,1,0.852,-5.99,1.86,5,75.8,19.97,0.251,-0.0023,0.26,-0.0,-0.025,-0.479,-2.594,132.3,11.52,2,1.33,1,0.761,4.85,9.31,-3.041,1,5,0.2501,0.2538,0.2649,0.2704
79.925,1,0.852,-5.74,1.41,5,75.2,20.04,0.2651,-0.0163,0.255,-0.004,0.05,-0.484,-2.588,132.35,11.54,2,3.42,1,0.761,4.85,9.31,-3.041,1,5,0.2559,0.2485,0.2541,0.2615
79.961,1,0.856,-5.74,1.89,5,74.8,20.04,0.2778,-0.0035,0.251,-0.004,-0.04,-0.488,-2.584,132.35,11.54,2,3.42,1,0.751,1.94,-2.26,-1.715,1,5,0.2561,0.2455,0.249,0.2543
80.062,1,0.842,-5.24,2.06,5,73.9,20.0,0.2748,-0.0189,0.259,0.001,-0.034,-0.509,-2.561,132.24,11.54,2,3.42,1,0.759,0.97,-1.36,-4.564,1,5,0.259,0.2626,0.259,0.2571
80.162,1,0.832,-5.24,1.41,5,74.1,20.46,0.2478,-0.0243,0.28,0.001,-0.085,-0.528,-2.54,132.07,11.54,2,2.51,1,0.737,0.48,-2.11,-4.414,1,5,0.2825,0.2825,0.277,0.2697
80.301,1,0.809,-6.49,1.69,5,75.7,20.0,0.2195,0.0028,0.264,0.005,-0.057,-0.554,-2.512,131.32,11.54,2,2.51,1,0.71,1.45,-3.42,-6.194,1,5,0.2708,0.2504,0.2875,0.2485
80.329,1,0.791,-6.24,1.1,5,76.0,20.46,0.2077,0.0117,0.26,0.005,-0.101,-0.561,-2.505,131.15,11.54,2,0.44,1,0.325,6.61,2.65,-0.895,1,4,0.2726,0.2485,0.2819,0.2374
80.361,1,0.83,-6.74,0.99,5,75.9,20.46,0.2226,0.0232,0.26,0.005,-0.101,-0.561,-2.505,131.15,11.54,2,0.44,1,0.72,1.45,4.15,-6.083,1,5,0.2726,0.2485,0.2819,0.2374
80.457,1,0.829,-7.99,0.81,5,76.5,20.96,0.24,0.0289,0.242,0.003,-0.062,-0.577,-2.487,130.52,11.54,2,0.44,1,0.731,0.97,0.32,0.0,0,5,0.2504,0.2281,0.2615,0.2263
80.498,1,0.84,-8.49,0.24,5,76.7,20.56,0.2353,0.0495,0.239,0.004,-0.122,-0.583,-2.479,130.35,11.54,2,0.44,1,0.738,3.39,0.14,-6.03,1,5,0.2448,0.23,0.2559,0.2263
80.557,1,0.795,-8.73,0.52,5,77.7,20.57,0.2302,0.0729,0.235,0.001,0.051,-0.592,-2.469,130.29,11.55,2,-0.92,1,0.76,3.88,4.5,-3.37,1,5,0.2374,0.2318,0.2392,0.23
80.627,1,0.806,-8.98,1.01,5,77.5,21.1,0.2583,0.0627,0.229,-0.006,0.016,-0.603,-2.455,130.46,11.55,2,-0.92,1,0.714,2.42,5.97,-2.319,1,5,0.2244,0.2374,0.2077,0.2448
80.657,1,0.83,-8.24,0.14,5,78.0,20.57,0.2502,0.0483,0.228,-0.006,0.182,-0.606,-2.451,130.58,11.55,2,-0.92,1,0.714,2.42,5.97,-2.319,1,5,0.2244,0.2374,0.2059,0.2448
80.698,1,0.838,-7.49,0.56,5,77.1,21.02,0.2642,0.0684,0.233,-0.007,0.113,-0.612,-2.444,130.98,11.55,2,-0.92,1,0.737,10.66,15.7,3.136,1,5,0.2278,0.2445,0.2075,0.2519
80.73,1,0.845,-7.24,0.87,5,77.5,20.46,0.2713,0.0439,0.238,-0.007,0.095,-0.618,-2.436,131.15,11.55,2,-2.83,1,0.777,10.18,16.14,2.498,1,5,0.2315,0.2482,0.2149,0.2593
80.756,1,0.816,-6.99,1.69,5,77.1,20.81,0.2761,0.0303,0.241,-0.008,0.081,-0.622,-2.432,131.26,11.55,2,-2.83,1,0.777,10.18,16.14,2.498,1,5,0.2315,0.2519,0.213,0.2667
80.797,1,0.816,-6.49,1.63,5,77.2,20.57,0.2643,0.0001,0.245,-0.01,0.204,-0.628,-2.425,131.61,11.55,2,-2.83,1,0.713,13.57,19.15,0.0,0,5,0.2374,0.2541,0.217,0.2726
80.826,1,0.845,-6.49,1.37,5,76.6,20.56,0.252,-0.0016,0.254,-0.01,0.068,-0.635,-2.416,131.67,11.55,2,-2.83,1,0.782,12.12,21.99,0.0,0,5,0.2485,0.2634,0.2244,0.2782
80.856,1,0.849,-6.24,1.79,5,76.9,20.46,0.2283,0.0118,0.258,-0.011,0.067,-0.638,-2.412,131.78,11.55,2,-2.83,1,0.782,12.12,21.99,0.0,0,5,0.2559,0.2634,0.2318,0.2819
80.93,1,0.806,-5.49,2.15,5,76.4,20.96,0.2302,-0.0036,0.26,-0.012,0.017,-0.651,-2.396,132.01,11.56,2,1.49,1,0.797,7.76,12.6,-2.347,1,5,0.2615,0.2522,0.243,0.2819
80.96,1,0.811,-5.99,2.87,5,76.4,20.57,0.2445,-0.0266,0.258,-0.01,0.029,-0.654,-2.392,132.01,11.56,2,1.49,1,0.34,8.41,17.39,0.0,0,4,0.2578,0.2522,0.243,0.2782
81.028,1,0.816,-5.74,1.78,5,76.1,20.56,0.2271,-0.0389,0.252,-0.015,0.009,-0.667,-2.376,132.18,11.56,2,1.49,1,0.775,2.42,11.33,-1.932,1,5,0.259,0.2405,0.2331,0.2738
81.057,1,0.824,-5.74,1.68,5,75.2,20.56,0.2409,-0.009,0.251,-0.016,-0.016,-0.67,-2.373,132.18,11.56,2,1.49,1,0.775,2.42,11.33,-1.932,1,5,0.2627,0.2405,0.2294,0.272
81.095,1,0.841,-5.99,0.18,5,73.9,20.57,0.2481,-0.0068,0.245,-0.012,0.013,-0.676,-2.365,132.3,11.56,2,1.49,1,0.824,-0.97,-3.24,-7.866,1,5,0.2553,0.235,0.2294,0.259
81.161,1,0.812,-4.99,0.28,5,72.2,20.56,0.2369,0.0481,0.237,-0.007,-0.071,-0.689,-2.351,132.3,11.56,2,3.01,1,0.787,2.91,-1.39,-4.892,1,5,0.2467,0.2281,0.2244,0.2411
81.262,1,0.794,-4.24,2.16,5,71.6,19.27,0.2522,0.0339,0.234,-0.002,0.061,-0.701,-2.337,132.24,11.56,2,3.01,1,0.779,5.82,-1.36,-0.861,1,5,0.2281,0.2281,0.2355,0.243
81.297,1,0.795,-4.99,3.65,5,72.2,19.45,0.2656,-0.0424,0.23,-0.001,0.079,-0.707,-2.33,132.35,11.56,2,3.01,1,0.341,10.82,4.84,-2.786,1,4,0.2281,0.2263,0.23,0.2337
81.357,1,0.79,-4.99,3.85,5,72.7,19.85,0.249,-0.0801,0.231,0.001,-0.027,-0.717,-2.32,132.41,11.56,2,1.46,1,0.366,10.82,10.61,-5.643,1,4,0.2337,0.2411,0.2244,0.2263
81.427,1,0.79,-2.99,1.85,5,72.8,20.57,0.2509,-0.0877,0.248,0.003,-0.091,-0.73,-2.305,132.24,11.56,2,1.46,1,0.786,6.3,10.92,-4.148,1,5,0.2467,0.243,0.2578,0.243
81.456,1,0.816,-3.24,2.28,5,73.3,20.0,0.2273,-0.0379,0.248,0.003,-0.084,-0.733,-2.302,132.12,11.56,2,1.46,1,0.786,6.3,10.92,-4.148,1,5,0.2482,0.2408,0.2612,0.2427
81.527,1,0.787,-3.24,-0.32,5,72.8,20.46,0.2197,-0.0445,0.245,0.001,-0.029,-0.747,-2.287,131.84,11.57,2,1.36,1,0.829,8.72,7.68,-1.856,1,5,0.2575,0.2371,0.2556,0.2297
81.564,1,0.805,-3.74,0.96,5,72.4,20.46,0.2336,0.0383,0.239,0.005,-0.15,-0.753,-2.281,131.61,11.57,2,1.36,1,0.822,8.72,6.88,0.631,1,5,0.2485,0.2337,0.2541,0.2188
81.594,1,0.804,-3.74,0.94,5,72.0,19.59,0.2405,0.002,0.235,0.005,-0.064,-0.756,-2.277,131.49,11.57,2,1.36,1,0.36,10.22,5.75,0.874,1,4,0.2448,0.2263,0.2522,0.2151
81.627,1,0.826,-3.74,1.04,5,72.8,20.04,0.2547,0.0014,0.232,0.004,-0.043,-0.763,-2.27,131.38,11.57,2,1.36,1,0.362,9.01,5.55,-4.165,1,4,0.2387,0.222,0.2498,0.2165
81.657,1,0.824,-3.74,1.23,5,73.7,20.2,0.2311,0.0003,0.232,0.004,-0.01,-0.766,-2.267,131.32,11.57,2,1.36,1,0.362,9.01,5.55,-4.165,1,4,0.2368,0.2239,0.2479,0.2183
81.726,1,0.812,-3.74,2.05,5,72.7,19.59,0.2331,-0.0066,0.234,0.002,-0.016,-0.778,-2.253,131.32,11.57,2,0.69,1,0.827,10.18,4.59,-1.072,1,5,0.2337,0.2355,0.2355,0.23
81.757,1,0.817,-3.99,2.17,5,73.0,20.56,0.2469,-0.036,0.236,0.002,-0.024,-0.781,-2.249,131.32,11.57,2,0.69,1,0.827,10.18,4.59,-1.072,1,5,0.23,0.2374,0.2374,0.2374
81.828,1,0.847,-2.75,1.47,5,73.4,20.56,0.2682,-0.0418,0.23,0.004,0.001,-0.794,-2.236,131.26,11.57,2,0.69,1,0.837,7.76,4.81,-2.867,1,5,0.2263,0.2318,0.2374,0.2263
81.855,1,0.847,-2.75,1.41,5,72.9,20.44,0.275,-0.0332,0.231,0.003,-0.097,-0.797,-2.232,131.21,11.57,2,0.69,1,0.837,7.76,4.81,-2.867,1,5,0.23,0.2337,0.2355,0.2263
81.928,1,0.836,-2.75,0.68,5,72.7,20.2,0.2627,-0.0273,0.245,0.003,-0.019,-0.81,-2.217,131.09,11.58,2,1.44,1,0.852,8.72,4.33,-1.24,1,5,0.2445,0.2464,0.2482,0.2389
81.955,1,0.84,-2.75,0.95,5,73.7,20.04,0.2695,-0.0014,0.25,0.005,-0.04,-0.814,-2.214,131.04,11.58,2,1.44,1,0.852,8.72,4.33,-1.24,1,5,0.2464,0.2519,0.2575,0.2445
81.997,1,0.846,-2.5,0.71,5,73.5,20.44,0.2905,-0.0122,0.26,0.004,-0.015,-0.821,-2.206,131.09,11.58,2,1.44,1,0.862,9.21,2.86,-2.633,1,5,0.2541,0.2615,0.2652,0.2578
82.025,1,0.84,-2.99,0.92,5,73.7,20.57,0.2976,-0.0067,0.264,0.001,-0.016,-0.827,-2.198,130.98,11.58,2,1.44,1,0.855,8.24,3.66,-4.544,1,5,0.2634,0.2671,0.2634,0.2615
82.055,1,0.846,-2.75,0.96,5,74.3,20.46,0.286,-0.0073,0.265,-0.001,0.046,-0.831,-2.194,131.09,11.58,2,1.44,1,0.855,8.24,3.66,-4.544,1,5,0.2689,0.2671,0.2596,0.2634
82.126,1,0.832,-2.75,0.42,5,74.8,20.46,0.2761,-0.0109,0.278,-0.002,0.139,-0.846,-2.176,131.04,11.58,2,1.44,1,0.848,8.72,2.67,-2.243,1,5,0.2788,0.2788,0.2733,0.2825
82.157,1,0.845,-1.75,0.66,5,75.7,20.46,0.2898,0.0086,0.278,-0.004,0.066,-0.849,-2.172,131.21,11.58,2,0.7,1,0.848,8.72,2.67,-2.243,1,5,0.2807,0.2752,0.2733,0.2825
82.255,1,0.849,-2.25,0.79,5,75.1,20.2,0.3,-0.0121,0.285,-0.002,-0.015,-0.868,-2.15,131.09,11.58,2,0.7,1,0.867,9.21,2.85,-2.625,1,5,0.2803,0.284,0.2822,0.2932
82.327,1,0.828,-2.0,0.83,5,75.7,20.44,0.2758,-0.0085,0.299,-0.0,0.009,-0.884,-2.132,131.09,11.58,2,0.35,1,0.873,9.69,4.12,-2.469,1,5,0.3004,0.3004,0.2967,0.2986
82.426,1,0.857,-1.75,0.62,5,75.9,20.46,0.2725,-0.0125,0.301,-0.004,-0.008,-0.904,-2.109,131.09,11.58,2,0.35,1,0.884,10.18,2.55,-3.742,1,5,0.3016,0.2943,0.2998,0.3071
82.459,1,0.813,-2.25,1.03,5,75.1,20.04,0.268,-0.0075,0.301,-0.003,-0.091,-0.908,-2.104,131.04,11.58,2,0.35,1,0.892,10.18,5.19,-0.282,1,5,0.3034,0.298,0.298,0.3052
82.526,1,0.843,-2.25,1.04,5,74.6,20.46,0.289,-0.0184,0.29,-0.004,0.022,-0.922,-2.087,131.09,11.58,2,0.35,1,0.873,10.18,3.7,-1.5,1,5,0.2927,0.2853,0.2871,0.2964
82.557,1,0.845,-2.25,1.15,5,74.3,20.44,0.3029,-0.0204,0.287,-0.005,-0.059,-0.926,-2.082,131.09,11.59,2,0.35,1,0.873,10.18,3.7,-1.5,1,5,0.289,0.2797,0.2853,0.2945
82.626,1,0.832,-1.25,0.72,5,73.2,20.04,0.2857,-0.0229,0.292,-0.002,-0.064,-0.942,-2.064,131.09,11.59,2,0.35,1,0.869,11.15,3.81,-3.709,1,5,0.296,0.2905,0.2886,0.2923
82.654,1,0.822,-1.25,0.72,5,73.0,20.04,0.274,-0.0187,0.293,-0.003,0.012,-0.945,-2.06,131.09,11.59,2,0.35,1,0.869,11.15,3.81,-3.709,1,5,0.2993,0.2901,0.2901,0.292
82.725,1,0.822,-1.25,1.01,5,73.6,20.2,0.2259,-0.0132,0.295,0.002,-0.098,-0.961,-2.042,130.86,11.59,2,0.35,1,0.888,10.66,4.32,-4.678,1,5,0.2964,0.2871,0.3056,0.289
82.762,1,0.808,-1.75,0.59,5,73.4,20.46,0.2009,-0.0193,0.292,0.003,-0.132,-0.965,-2.038,130.75,11.59,2,0.35,1,0.889,9.69,3.13,-4.728,1,5,0.293,0.2838,0.306,0.2856
82.825,1,0.859,-2.0,0.46,5,74.1,20.2,0.2039,-0.0011,0.273,-0.005,-0.095,-0.979,-2.021,130.46,11.59,2,0.35,1,0.9,9.21,1.46,-3.771,1,5,0.289,0.2519,0.2853,0.2667
82.927,1,0.853,-3.74,0.12,5,74.1,20.46,0.2389,0.0034,0.248,-0.006,-0.119,-0.994,-2.002,129.95,11.59,2,-1.15,1,0.9,9.21,2.92,-2.589,1,5,0.2671,0.2263,0.2578,0.2411
82.961,1,0.853,-4.99,0.1,5,73.2,20.57,0.2534,0.0347,0.24,-0.003,-0.066,-1.0,-1.994,129.72,11.59,2,-1.15,1,0.885,7.27,4.06,-1.884,1,5,0.2596,0.2263,0.2504,0.2374
83.06,1,0.847,-5.24,-0.26,5,72.4,20.46,0.2309,0.0452,0.237,0.0,-0.027,-1.012,-1.98,129.77,11.59,2,-1.15,1,0.896,7.27,3.02,-0.799,1,5,0.2411,0.2392,0.2355,0.2318
83.125,1,0.847,-5.24,-0.67,5,73.1,20.46,0.214,0.0576,0.23,-0.0,0.083,-1.024,-1.966,129.89,11.59,2,-3.28,1,0.847,8.72,3.18,-4.281,1,5,0.2263,0.2374,0.2226,0.2337
83.162,1,0.854,-4.99,-0.64,5,72.8,19.97,0.2117,0.0691,0.227,0.0,0.039,-1.03,-1.959,130.0,11.59,2,-3.28,1,0.867,11.15,10.89,-2.376,1,5,0.2207,0.2318,0.2226,0.2318
83.294,1,0.864,-4.24,-0.16,5,74.2,20.46,0.2537,0.0673,0.213,0.006,0.059,-1.047,-1.94,130.29,11.59,2,-3.28,1,0.905,12.12,12.07,-0.74,1,5,0.1984,0.2281,0.2096,0.217
83.326,1,0.879,-3.74,-0.26,5,74.5,20.46,0.2677,0.0418,0.215,0.002,0.034,-1.052,-1.933,130.46,11.59,2,-2.43,1,0.904,12.6,12.01,-2.174,1,5,0.2003,0.23,0.204,0.2244
83.359,1,0.878,-3.24,-0.42,5,74.7,20.46,0.2819,0.0409,0.219,-0.001,0.061,-1.055,-1.929,130.52,11.59,2,-2.43,1,0.906,13.09,12.25,-1.196,1,5,0.2077,0.2337,0.2021,0.2318
83.425,1,0.883,-2.75,0.36,5,75.4,20.44,0.3027,0.0433,0.24,0.005,0.092,-1.068,-1.915,130.81,11.59,2,-2.43,1,0.906,14.06,14.37,-0.708,1,5,0.2226,0.2596,0.23,0.2467
83.461,1,0.874,-2.75,0.39,5,75.0,20.0,0.2946,0.0077,0.245,0.005,0.01,-1.072,-1.911,130.86,11.59,2,-2.43,1,0.908,14.54,14.32,-2.065,1,5,0.2281,0.2652,0.2355,0.2522
83.524,1,0.86,-2.25,0.51,5,74.4,19.85,0.2993,0.0078,0.276,0.002,0.078,-1.087,-1.894,131.15,11.61,2,0.26,1,0.865,13.57,15.52,-1.951,1,5,0.2652,0.2893,0.2671,0.2819
83.565,1,0.862,-1.75,0.33,5,74.1,20.44,0.2824,-0.0013,0.284,0.001,0.015,-1.094,-1.885,131.15,11.61,2,0.26,1,0.88,10.66,8.32,-1.824,1,5,0.2745,0.2912,0.2745,0.2838
83.625,1,0.851,-1.5,0.66,5,74.0,20.0,0.265,0.0014,0.288,0.0,0.019,-1.106,-1.872,131.21,11.61,2,0.26,1,0.91,11.15,5.72,-5.032,1,5,0.2834,0.2927,0.2853,0.2927
83.696,1,0.853,-1.25,0.38,5,75.7,20.2,0.2171,-0.0083,0.288,0.001,0.004,-1.117,-1.859,131.21,11.61,2,0.26,1,0.911,11.63,4.19,-4.286,1,5,0.2795,0.2869,0.2924,0.2942
83.725,1,0.848,-1.25,0.73,5,75.6,20.44,0.2114,-0.0024,0.284,0.0,-0.074,-1.125,-1.851,131.09,11.61,2,0.93,1,0.912,11.15,5.38,-4.08,1,5,0.279,0.2808,0.2863,0.2881
83.758,1,0.852,-1.75,0.33,5,75.3,20.44,0.2224,-0.0131,0.278,-0.001,-0.01,-1.128,-1.847,131.04,11.61,2,0.93,1,0.91,10.66,3.02,-5.869,1,5,0.2772,0.2717,0.2826,0.2808
83.794,1,0.855,-1.5,0.39,5,75.3,19.97,0.2102,0.0064,0.269,-0.003,-0.023,-1.135,-1.838,131.04,11.61,2,0.93,1,0.911,11.15,2.56,-4.878,1,5,0.274,0.2574,0.274,0.2703
83.825,1,0.851,-1.75,0.53,5,74.3,20.04,0.1863,0.0022,0.262,-0.005,-0.074,-1.142,-1.831,130.92,11.61,2,0.93,1,0.901,11.15,2.57,-3.311,1,5,0.2745,0.2485,0.2671,0.2596
83.859,1,0.854,-2.25,0.41,5,74.1,20.04,0.1808,0.0017,0.26,-0.005,-0.054,-1.145,-1.827,130.86,11.61,2,0.93,1,0.881,10.18,1.73,-5.898,1,5,0.2745,0.2467,0.2634,0.2559
83.894,1,0.854,-2.25,0.78,5,74.4,20.44,0.1689,0.0118,0.249,-0.002,-0.076,-1.151,-1.819,130.69,11.61,2,0.93,1,0.883,10.18,1.36,-3.343,1,5,0.2605,0.2384,0.255,0.2421
83.96,1,0.824,-3.74,-0.65,5,73.5,20.44,0.1968,-0.0014,0.235,-0.0,-0.097,-1.157,-1.812,130.52,11.6,2,-0.32,1,0.865,7.76,-0.25,-5.428,1,5,0.2421,0.226,0.2439,0.2295
83.993,1,0.823,-3.74,-0.74,5,74.3,20.0,0.1847,0.0575,0.224,-0.001,-0.018,-1.163,-1.805,130.41,11.6,2,-0.32,1,0.871,7.27,-2.26,-5.071,1,5,0.234,0.2142,0.2322,0.216
84.024,1,0.837,-3.74,-0.62,5,73.6,20.2,0.1695,0.0565,0.215,-0.003,-0.079,-1.168,-1.799,130.35,11.6,2,-0.32,1,0.866,7.76,-2.32,-4.9,1,5,0.2306,0.2,0.2234,0.2054
84.124,1,0.828,-5.74,-0.99,5,73.8,20.44,0.1399,0.0485,0.199,-0.003,-0.032,-1.181,-1.783,129.89,11.6,2,-3.34,1,0.813,9.69,2.4,-5.299,1,5,0.2059,0.1855,0.2077,0.1984
84.157,1,0.836,-5.74,-1.61,5,74.1,20.46,0.1539,0.0816,0.196,-0.005,-0.013,-1.183,-1.78,129.83,11.6,2,-3.34,1,0.832,9.21,6.23,-2.619,1,5,0.2059,0.1762,0.2059,0.1947
84.225,1,0.805,-7.24,-1.48,5,72.8,20.46,0.1751,0.0974,0.176,-0.002,-0.058,-1.192,-1.77,129.6,11.6,2,-3.34,1,0.832,8.72,5.12,-3.889,1,5,0.1873,0.1651,0.1836,0.1688
84.258,1,0.831,-7.74,-2.32,5,73.3,20.56,0.1888,0.1127,0.172,-0.001,-0.056,-1.194,-1.767,129.55,11.6,2,-3.34,1,0.785,10.66,11.94,1.2,1,5,0.1855,0.1669,0.1743,0.1595
84.293,1,0.836,-7.99,-2.53,5,73.8,20.44,0.1959,0.1431,0.166,-0.002,0.007,-1.198,-1.762,129.55,11.6,2,-3.34,1,0.755,10.66,14.33,0.0,0,5,0.1836,0.1651,0.1613,0.1521
84.324,1,0.835,-7.99,-2.5,5,73.6,20.56,0.2102,0.1536,0.165,0.0,0.01,-1.202,-1.757,129.55,11.6,2,-3.34,1,0.737,10.66,15.42,0.0,0,5,0.1706,0.1688,0.1613,0.1595
84.359,1,0.824,-7.74,-2.78,5,73.3,20.46,0.2241,0.1547,0.166,0.001,0.05,-1.205,-1.754,129.6,11.6,2,-5.81,1,0.719,10.66,17.43,0.0,0,5,0.1595,0.1725,0.1613,0.1688
84.423,1,0.806,-5.99,-2.71,5,73.0,20.81,0.2227,0.1586,0.175,0.002,0.187,-1.214,-1.744,130.29,11.6,2,-5.81,1,0.715,12.6,23.18,0.0,0,5,0.1484,0.1966,0.1595,0.1892
84.493,1,0.815,-4.24,-1.33,5,74.5,20.46,0.1991,0.1295,0.184,0.006,0.188,-1.221,-1.736,130.98,11.6,2,-5.81,1,0.696,15.51,30.5,0.0,0,5,0.1447,0.2263,0.1521,0.2114
84.524,1,0.813,-3.74,-0.27,5,74.7,20.46,0.1752,0.0662,0.183,0.008,0.157,-1.226,-1.73,131.38,11.6,2,-5.81,1,0.686,15.99,32.76,0.0,0,5,0.1372,0.2281,0.1539,0.2114
84.554,1,0.822,-2.99,-0.39,5,75.8,20.44,0.1634,0.033,0.18,0.006,0.088,-1.228,-1.728,131.49,11.6,2,-1.25,1,0.686,15.99,32.76,0.0,0,5,0.1391,0.2244,0.1484,0.2096
84.592,1,0.822,-1.75,-0.62,5,75.9,20.46,0.1391,0.0286,0.174,-0.002,0.183,-1.233,-1.722,131.84,11.6,2,-1.25,1,0.633,15.51,48.48,0.0,0,5,0.1484,0.204,0.1409,0.204
84.625,1,0.843,-1.25,0.68,5,76.8,20.46,0.12,0.0197,0.172,-0.006,0.121,-1.237,-1.717,132.18,11.6,2,-1.25,1,0.603,11.15,55.01,0.0,0,5,0.1521,0.1892,0.1409,0.204
84.658,1,0.821,-1.25,0.5,5,77.4,20.2,0.12,-0.0083,0.172,-0.005,0.105,-1.24,-1.715,132.3,11.6,2,-1.25,1,0.59,8.24,60.75,0.0,0,5,0.1521,0.1873,0.1465,0.2003
84.724,1,0.871,-0.75,0.86,5,78.1,20.44,0.12,-0.0016,0.153,-0.009,0.058,-1.247,-1.705,132.64,11.6,2,8.15,1,0.571,5.82,61.62,0.0,0,5,0.1447,0.1558,0.1317,0.178
84.76,1,0.867,-0.75,0.91,5,78.4,20.0,0.12,-0.0133,0.147,-0.013,0.043,-1.249,-1.703,132.7,11.6,2,8.15,1,0.57,1.94,63.97,0.0,0,5,0.1447,0.1447,0.1243,0.1743
84.825,1,0.869,-0.5,0.94,5,77.8,20.2,0.12,-0.0124,0.136,-0.008,0.037,-1.256,-1.695,132.98,11.6,2,8.15,1,0.535,-5.82,68.91,0.0,0,5,0.1404,0.1404,0.1164,0.1478
84.86,1,0.84,-0.75,1.69,5,76.5,20.46,0.12,-0.0154,0.133,-0.005,-0.007,-1.257,-1.693,132.98,11.6,2,8.15,1,0.519,-9.69,69.92,0.0,0,5,0.1367,0.1404,0.1164,0.1386
84.926,1,0.853,-1.0,1.57,5,75.9,20.2,0.12,-0.0259,0.116,-0.002,0.021,-1.263,-1.686,132.93,11.6,2,17.59,1,0.524,-15.99,71.58,0.0,0,5,0.1074,0.1074,0.1204,0.1297
85.024,1,0.873,-1.0,1.1,5,75.6,20.0,0.12,-0.0208,0.108,-0.002,-0.023,-1.271,-1.678,132.93,11.6,2,17.59,1,0.512,-25.2,72.05,0.0,0,5,0.1149,0.1149,0.0985,0.1058
85.058,1,0.864,-1.25,1.09,5,75.1,20.46,0.12,-0.0119,0.106,-0.003,0.043,-1.272,-1.676,132.93,11.6,2,17.59,1,0.536,-26.66,72.21,0.0,0,5,0.1191,0.1155,0.0902,0.0974
85.123,1,0.826,-1.0,1.32,5,74.6,20.0,0.12,-0.0089,0.094,0.0,0.012,-1.277,-1.671,132.98,11.6,2,17.59,1,0.549,-35.87,70.65,0.0,0,5,0.0928,0.0964,0.0928,0.0946
85.158,1,0.813,-1.0,1.55,5,74.0,20.2,0.12,-0.0166,0.093,0.0,0.004,-1.279,-1.669,132.98,11.6,2,23.73,1,0.548,-36.84,70.33,0.0,0,5,0.0827,0.0883,0.0993,0.103
85.224,1,0.791,-0.5,1.28,5,72.7,20.2,0.12,-0.0209,0.09,0.0,0.062,-1.284,-1.664,133.1,11.6,2,23.73,1,0.542,-38.29,69.98,0.0,0,5,0.0833,0.0888,0.0907,0.0962
85.323,1,0.792,-0.25,1.63,5,73.9,20.46,0.12,-0.0207,0.093,-0.002,0.009,-1.29,-1.657,133.21,11.6,2,23.73,1,0.548,-35.87,69.09,0.0,0,5,0.0924,0.0998,0.0813,0.0979
85.391,1,0.839,0.0,0.65,5,74.2,20.44,0.12,-0.0299,0.093,-0.002,0.002,-1.294,-1.653,133.16,11.6,2,29.07,1,0.546,-30.54,68.85,0.0,0,5,0.0939,0.0957,0.0847,0.0957
85.423,1,0.812,0.25,0.74,5,73.9,20.46,0.12,-0.0137,0.093,0.0,0.022,-1.296,-1.65,133.21,11.6,2,29.07,1,0.553,-27.63,67.88,0.0,0,5,0.0898,0.0898,0.0953,0.0953
85.458,1,0.781,0.25,0.7,5,73.8,20.46,0.12,-0.0179,0.092,0.002,-0.005,-1.298,-1.649,133.21,11.6,2,29.07,1,0.566,-25.69,67.97,0.0,0,5,0.0858,0.0913,0.0968,0.0949
85.524,1,0.742,0.5,1.77,5,74.8,20.57,0.12,-0.0164,0.093,-0.001,0.036,-1.302,-1.643,133.33,11.6,2,29.07,1,0.592,-20.84,66.8,0.0,0,5,0.0905,0.0942,0.0887,0.0979
85.592,1,0.634,0.75,-0.59,4,75.1,20.25,0.12,-0.0394,0.095,-0.0,-0.034,-1.306,-1.639,133.38,11.6,2,33.58,1,0.597,-16.48,66.02,0.0,0,5,0.0945,0.1019,0.0871,0.0963
85.623,1,0.599,0.5,0.85,4,73.9,22.24,0.12,0.0032,0.095,0.0,-0.057,-1.309,-1.637,133.38,11.6,2,33.58,1,0.612,-14.54,66.02,0.0,0,5,0.0982,0.1037,0.0871,0.0926
85.758,1,0.465,1.25,-1.58,3,74.6,20.46,0.12,-0.0208,0.096,0.004,0.001,-1.317,-1.628,133.33,11.6,2,38.85,1,0.627,-7.76,63.22,0.0,0,5,0.087,0.0944,0.1055,0.0962
85.791,1,0.415,1.25,3.05,3,75.5,27.42,0.12,0.0164,0.097,0.004,0.002,-1.32,-1.626,133.27,11.6,2,38.85,1,0.635,-6.3,61.28,0.0,0,5,0.0907,0.0962,0.1055,0.0962
85.823,1,0.319,1.75,4.92,3,75.0,31.64,0.12,-0.0712,0.099,0.002,0.035,-1.323,-1.623,133.33,11.6,2,38.85,1,0.666,-5.33,60.75,0.0,0,5,0.0945,0.0963,0.1056,0.0963
85.857,1,0.271,1.75,2.91,3,74.6,32.17,0.12,-0.1124,0.101,0.001,0.018,-1.324,-1.621,133.38,11.6,2,38.85,1,0.669,-2.91,59.82,0.0,0,5,0.1039,0.1039,0.1001,0.0964
85.923,1,0.227,0.5,0.0,2,76.1,28.88,0.12,-0.0727,0.103,0.0,-0.072,-1.33,-1.615,133.1,11.6,2,38.85,1,0.716,-1.94,55.5,0.0,0,5,0.1131,0.1039,0.102,0.0927
85.99,1,0.15,0.25,0.0,1,75.8,24.46,0.12,-0.0024,0.102,0.0,-0.065,-1.334,-1.611,132.87,11.6,2,45.0,1,0.808,2.42,54.1,0.0,0,5,0.1076,0.0872,0.1168,0.0946
86.022,1,0.105,2.75,0.0,1,73.3,30.45,0.12,-0.0002,0.102,0.003,-0.018,-1.337,-1.608,132.81,11.6,2,45.0,1,0.807,6.3,54.04,0.0,0,5,0.1057,0.0909,0.1168,0.0927
86.223,0,0.0,0.0,0.0,0,62.7,0.0,0.06,-0.0002,0.088,-0.001,0.004,-1.35,-1.594,132.75,11.6,2,43.12,1,0.772,27.63,56.27,0.0,0,5,0.0909,0.0872,0.0872,0.0872
86.258,0,0.0,0.0,0.0,0,60.9,0.0,0.0361,-0.2388,0.084,0.0,-0.007,-1.351,-1.593,132.75,11.6,2,43.12,1,0.741,31.5,57.69,0.0,0,5,0.0853,0.0797,0.089,0.0835
86.322,1,0.011,-5.54,0.0,1,57.4,34.28,0.0,-0.6,0.06,0.0,-0.051,-1.354,-1.589,132.64,11.6,2,43.12,1,0.685,38.78,60.11,0.0,0,5,0.0668,0.0612,0.0797,0.0705
86.422,1,0.02,-5.8,0.0,1,57.0,35.86,0.0,-0.6,0.007,-0.003,-0.52,-1.354,-1.589,130.46,11.6,2,43.0,1,0.72,33.93,58.17,0.0,0,5,0.0826,-0.0624,0.0716,-0.0624
86.489,1,0.022,-4.22,0.0,1,60.3,33.75,0.0,-0.6,-0.009,-0.004,-0.478,-1.354,-1.589,128.63,11.6,2,43.0,1,0.787,26.17,54.53,0.0,0,5,0.0922,-0.1014,0.0756,-0.1032
86.523,1,0.03,-3.16,0.0,1,61.0,28.48,0.0,-0.6,-0.011,-0.004,-0.561,-1.353,-1.589,128.0,11.6,2,43.0,1,0.812,22.78,52.42,0.0,0,5,0.0914,-0.1042,0.0749,-0.106
86.552,1,0.035,-3.16,0.0,1,60.6,25.31,0.0,-0.6,-0.013,-0.003,-0.482,-1.353,-1.59,127.43,11.6,2,43.0,1,0.812,22.78,52.42,0.0,0,5,0.0896,-0.1078,0.0749,-0.1097
86.621,0,0.0,0.0,0.0,0,60.7,0.0,0.0,-0.6,-0.013,-0.006,-0.529,-1.352,-1.59,125.59,11.6,2,43.0,1,0.849,10.66,45.8,0.0,0,5,0.0827,-0.114,0.0772,-0.0975
86.72,1,0.049,5.74,0.0,1,66.9,30.45,0.0,-0.6,-0.014,-0.007,-0.592,-1.351,-1.591,122.33,11.6,2,43.0,1,0.909,-1.94,35.67,0.0,0,5,0.0866,-0.118,0.0756,-0.1014
86.953,1,0.403,-15.97,43.53,5,76.6,27.95,0.0,-0.6,-0.006,-0.002,-0.597,-1.349,-1.593,114.76,11.6,2,43.0,1,0.915,-23.27,9.97,0.0,0,5,0.0858,-0.1077,0.0913,-0.0949
87.023,1,0.725,-22.71,40.85,5,77.6,27.44,0.0139,-0.0841,-0.01,-0.003,-0.51,-1.349,-1.593,112.07,11.6,2,43.0,1,0.914,-36.84,-6.28,0.0,0,5,0.0895,-0.1095,0.0895,-0.0986
87.052,1,0.78,-25.21,39.53,5,78.2,26.86,0.0208,-0.126,-0.012,-0.005,-0.532,-1.349,-1.594,111.5,11.6,2,43.0,1,0.914,-36.84,-6.28,0.0,0,5,0.0964,-0.1131,0.0797,-0.1113
87.19,1,0.56,-29.95,34.67,5,73.6,25.1,0.07,-0.424,0.012,-0.013,-0.275,-1.347,-1.592,108.4,11.6,2,45.0,1,0.957,-54.29,-28.7,0.0,0,5,0.0795,-0.0591,0.0573,-0.0296
87.222,1,0.679,-28.45,34.36,5,72.6,25.1,0.0844,-0.313,0.026,-0.014,-0.292,-1.347,-1.59,107.77,11.6,2,45.0,1,0.967,-55.74,-30.85,0.0,0,5,0.085,-0.037,0.061,-0.0037
87.322,1,0.7,-28.95,33.66,5,69.9,24.45,0.1189,-0.3902,0.066,-0.005,-0.364,-1.349,-1.584,105.88,11.6,2,45.0,1,0.98,-60.59,-37.6,0.0,0,5,0.128,0.0056,0.1168,0.0148
87.39,1,0.747,-28.2,31.53,5,71.1,23.89,0.12,-0.3794,0.086,-0.006,-0.358,-1.35,-1.578,104.68,11.6,2,45.0,1,0.979,-62.52,-41.56,0.0,0,5,0.1539,0.0185,0.1428,0.0297
87.423,1,0.743,-30.45,32.5,5,71.0,23.94,0.12,-0.349,0.1,-0.003,-0.401,-1.351,-1.574,103.76,11.6,2,45.0,1,0.975,-63.01,-43.77,0.0,0,5,0.1688,0.0315,0.1632,0.0371
87.456,1,0.76,-29.2,31.46,5,71.1,23.35,0.12,-0.3411,0.105,-0.001,-0.448,-1.352,-1.572,103.25,11.6,2,45.0,1,0.969,-63.98,-45.16,0.0,0,5,0.1725,0.0389,0.1688,0.0408
87.522,1,0.761,-29.7,30.59,5,72.2,23.34,0.12,-0.3385,0.122,-0.0,-0.359,-1.354,-1.562,101.7,11.6,2,45.0,1,0.95,-64.46,-48.07,0.0,0,5,0.1853,0.0587,0.1853,0.0587
87.557,1,0.709,-29.45,28.94,5,72.3,22.77,0.1269,-0.3457,0.127,0.0,-0.33,-1.354,-1.559,101.3,11.6,2,37.55,1,0.95,-64.46,-48.07,0.0,0,5,0.1892,0.0673,0.1874,0.0637
87.591,1,0.734,-28.45,27.91,5,72.6,22.65,0.12,-0.288,0.13,0.002,-0.43,-1.355,-1.554,100.38,11.6,2,37.55,1,0.957,-59.13,-48.15,0.0,0,5,0.1834,0.0789,0.1853,0.0715
87.618,1,0.827,-27.95,27.73,5,72.9,22.77,0.12,-0.2803,0.131,0.002,-0.282,-1.356,-1.552,100.04,11.6,2,37.55,1,0.957,-59.13,-48.15,0.0,0,5,0.1834,0.0789,0.1871,0.0734
87.752,1,0.824,-24.96,24.86,5,74.6,22.04,0.1584,-0.4234,0.133,-0.001,-0.332,-1.359,-1.533,97.35,11.6,2,37.55,1,0.946,-43.14,-33.07,0.0,0,5,0.1915,0.0773,0.186,0.0773
87.822,1,0.853,-23.71,23.32,5,74.5,22.22,0.1622,-0.3969,0.151,-0.0,-0.368,-1.36,-1.521,95.68,11.6,2,25.55,1,0.977,-32.96,-18.26,0.0,0,5,0.217,0.0797,0.2207,0.0853
87.852,1,0.838,-22.96,22.62,5,74.2,21.67,0.1691,-0.393,0.153,-0.0,-0.391,-1.361,-1.518,95.28,11.6,2,25.55,1,0.977,-32.96,-18.26,0.0,0,5,0.2223,0.0797,0.226,0.0852
87.92,1,0.838,-21.46,20.76,5,73.3,21.67,0.148,-0.3179,0.167,0.002,-0.299,-1.362,-1.508,93.97,11.6,2,25.55,1,0.932,-23.75,-5.69,5.832,1,5,0.2371,0.1,0.2389,0.0926
88.023,1,0.86,-19.22,19.5,5,73.4,21.46,0.183,-0.3766,0.166,0.009,-0.277,-1.364,-1.487,91.67,11.58,2,13.55,1,0.806,-10.18,12.45,0.0,0,5,0.2091,0.1166,0.2331,0.1055
88.056,1,0.876,-18.72,18.65,5,73.8,21.11,0.1968,-0.3984,0.168,0.006,-0.364,-1.364,-1.484,91.27,11.58,2,13.55,1,0.877,-8.24,20.69,0.0,0,5,0.2143,0.1127,0.2347,0.1109
88.121,1,0.859,-18.22,17.31,5,73.0,21.11,0.2188,-0.4194,0.176,-0.001,-0.327,-1.364,-1.473,90.01,11.58,2,13.55,1,0.829,-0.48,27.2,0.0,0,5,0.2408,0.113,0.2371,0.1148
88.217,1,0.846,-17.97,14.71,5,72.4,20.96,0.2458,-0.4278,0.212,-0.0,-0.36,-1.363,-1.452,87.72,11.58,2,8.12,1,0.89,-3.39,24.96,0.0,0,5,0.2782,0.1409,0.2819,0.1465
88.29,1,0.829,-17.47,12.81,5,71.9,20.81,0.2739,-0.3802,0.243,0.003,-0.405,-1.362,-1.432,85.89,11.58,2,8.12,1,0.893,-6.3,17.24,0.0,0,5,0.3097,0.1706,0.3208,0.1706
88.316,1,0.822,-17.72,11.96,5,71.4,20.56,0.2879,-0.3324,0.251,0.004,-0.398,-1.362,-1.427,85.43,11.58,2,8.12,1,0.893,-6.3,17.24,0.0,0,5,0.3171,0.1817,0.3283,0.1762
88.417,1,0.874,-16.22,10.09,5,73.0,20.56,0.2374,-0.2376,0.287,0.006,-0.312,-1.36,-1.398,83.48,11.58,2,7.54,1,0.911,-9.21,5.34,6.789,1,5,0.3394,0.2337,0.3524,0.2244
88.521,1,0.853,-15.97,8.28,5,71.7,20.96,0.1772,-0.1244,0.279,0.003,-0.181,-1.356,-1.365,81.59,11.58,2,7.54,1,0.927,-11.15,-5.02,1.596,1,5,0.3227,0.2374,0.332,0.2318
88.558,1,0.865,-15.72,8.05,5,71.7,20.46,0.1911,-0.0919,0.277,0.003,-0.278,-1.355,-1.359,81.3,11.58,2,7.54,1,0.913,-11.15,-5.03,1.623,1,5,0.3153,0.2263,0.3338,0.2337
88.588,1,0.867,-16.22,7.57,5,72.8,20.56,0.1982,-0.0945,0.274,0.001,-0.339,-1.353,-1.349,80.56,11.58,2,7.77,1,0.868,-12.6,-6.86,1.711,1,5,0.3097,0.2226,0.3264,0.2355
88.617,1,0.868,-16.47,6.39,5,73.1,20.56,0.2121,-0.0853,0.27,0.0,-0.302,-1.352,-1.344,80.16,11.58,2,7.77,1,0.868,-12.6,-6.86,1.711,1,5,0.306,0.2226,0.319,0.2337
88.721,1,0.883,-16.22,5.29,5,73.2,20.46,0.2472,-0.0698,0.245,0.001,-0.092,-1.347,-1.314,79.07,11.58,2,7.77,1,0.828,-11.15,5.45,0.0,0,5,0.2819,0.2188,0.2782,0.2096
88.816,1,0.883,-15.22,4.85,5,72.1,20.46,0.2751,-0.0493,0.243,0.002,-0.154,-1.344,-1.295,78.84,11.58,2,5.02,1,0.826,-11.15,11.08,0.0,0,5,0.2467,0.2337,0.2559,0.2355
88.89,1,0.857,-14.23,4.05,5,71.7,20.46,0.2651,-0.0395,0.255,-0.0,0.034,-1.34,-1.275,78.9,11.58,2,5.02,1,0.784,-7.27,39.2,0.0,0,5,0.2541,0.2541,0.2559,0.2578
88.917,1,0.853,-13.73,4.28,5,71.7,20.46,0.2535,-0.018,0.26,-0.002,-0.08,-1.338,-1.27,78.84,11.58,2,5.02,1,0.784,-7.27,39.2,0.0,0,5,0.2596,0.2559,0.2596,0.2634
88.987,1,0.847,-12.73,4.11,5,71.7,20.46,0.205,-0.007,0.268,-0.002,0.02,-1.334,-1.249,78.9,11.58,2,4.74,1,0.763,-5.33,57.12,0.0,0,5,0.2708,0.2652,0.2671,0.2708
89.016,1,0.841,-11.98,4.06,5,72.1,20.2,0.1935,-0.0087,0.265,-0.002,-0.11,-1.333,-1.244,78.84,11.58,2,4.74,1,0.763,-5.33,57.12,0.0,0,5,0.2667,0.263,0.263,0.2667
89.054,1,0.836,-11.98,4.05,5,71.8,20.2,0.1693,-0.0027,0.257,-0.004,-0.023,-1.331,-1.234,78.72,11.58,2,4.74,1,0.727,-5.33,63.06,0.0,0,5,0.2575,0.2519,0.2538,0.263
89.089,1,0.831,-11.48,3.88,5,71.1,20.56,0.145,0.0121,0.25,-0.005,0.108,-1.329,-1.224,78.78,11.58,2,4.74,1,0.649,-6.79,65.23,0.0,0,5,0.2538,0.2408,0.2482,0.2556
89.118,1,0.829,-10.48,4.27,5,71.1,19.97,0.1214,0.0243,0.246,-0.005,-0.046,-1.328,-1.22,78.84,11.58,2,4.74,1,0.649,-6.79,65.23,0.0,0,5,0.2522,0.2337,0.2485,0.2504
89.187,1,0.864,-11.23,4.23,5,72.7,20.0,0.12,0.0084,0.221,-0.0,0.002,-1.324,-1.203,78.44,11.58,2,12.22,1,0.635,-14.06,64.41,0.0,0,5,0.226,0.2075,0.2334,0.2167
89.218,1,0.852,-10.73,3.67,5,71.9,20.46,0.12,0.0194,0.214,-0.001,-0.001,-1.324,-1.199,78.44,11.58,2,12.22,1,0.635,-14.06,64.41,0.0,0,5,0.2217,0.1996,0.2273,0.2088
89.288,1,0.815,-10.73,5.75,5,73.1,20.04,0.12,0.025,0.191,-0.006,-0.031,-1.32,-1.184,78.09,11.58,2,12.22,1,0.66,-10.18,60.1,0.0,0,5,0.2146,0.1795,0.1924,0.1795
89.316,1,0.806,-10.98,9.38,5,72.9,20.44,0.12,-0.0144,0.187,-0.004,-0.071,-1.319,-1.18,78.04,11.58,2,12.22,1,0.66,-10.18,60.1,0.0,0,5,0.2077,0.178,0.1892,0.1743
89.387,1,0.751,-10.73,16.84,5,74.2,20.57,0.12,-0.0805,0.171,-0.001,-0.039,-1.316,-1.167,77.81,11.58,2,20.9,1,0.68,-5.33,54.83,0.0,0,5,0.1805,0.1586,0.1805,0.1641
89.416,1,0.753,-10.98,22.36,5,76.1,22.78,0.12,-0.1955,0.166,-0.002,-0.065,-1.316,-1.164,77.75,11.58,2,20.9,1,0.68,-5.33,54.83,0.0,0,5,0.1751,0.1532,0.1751,0.1605
89.487,1,0.559,-11.48,29.85,4,78.9,23.33,0.12,-0.3287,0.146,-0.001,-0.034,-1.313,-1.152,77.46,11.58,2,20.9,1,0.745,-10.18,44.04,0.0,0,5,0.1477,0.1331,0.1568,0.1459
89.52,1,0.617,-11.98,34.25,5,80.0,26.93,0.12,-0.4662,0.146,-0.001,-0.034,-1.313,-1.152,77.46,11.58,2,20.9,1,0.749,-9.69,38.74,0.0,0,5,0.1477,0.1331,0.1568,0.1459
89.587,1,0.715,-11.48,36.03,5,79.3,24.79,0.12,-0.5455,0.13,-0.005,-0.069,-1.309,-1.14,77.01,11.58,2,32.9,1,0.739,-11.63,29.18,0.0,0,5,0.1594,0.1118,0.1374,0.1118
89.62,1,0.769,-10.73,36.99,5,77.6,25.46,0.12,-0.586,0.13,-0.005,-0.069,-1.309,-1.14,77.01,11.58,2,32.9,1,0.759,-14.54,20.51,0.0,0,5,0.1594,0.1118,0.1374,0.1118
89.72,1,0.808,-5.24,34.67,5,76.4,24.26,0.12,-0.612,0.123,-0.003,-0.286,-1.306,-1.128,75.75,11.58,2,32.9,1,0.697,-23.27,-7.15,7.988,1,5,0.158,0.0808,0.1598,0.0937
89.756,1,0.855,-3.74,33.92,5,76.6,24.26,0.12,-0.6321,0.123,-0.006,-0.286,-1.305,-1.123,75.06,11.58,2,32.9,1,0.778,-26.66,-18.65,0.0,0,5,0.1686,0.0704,0.1649,0.0889
89.786,1,0.861,-2.75,33.27,5,77.2,23.73,0.12,-0.6331,0.119,-0.003,-0.275,-1.304,-1.119,74.37,11.58,2,44.9,1,0.755,-30.05,-23.98,0.0,0,5,0.1714,0.0627,0.1696,0.0737
89.816,1,0.859,-2.25,32.56,5,77.4,23.87,0.12,-0.6297,0.116,-0.005,-0.366,-1.303,-1.117,73.97,11.58,2,44.9,1,0.755,-30.05,-23.98,0.0,0,5,0.1751,0.0571,0.1659,0.0664
89.855,1,0.866,-1.5,31.93,5,77.8,23.2,0.12,-0.6159,0.116,-0.006,-0.337,-1.301,-1.112,73.22,11.58,2,44.9,1,0.814,-34.9,-37.92,0.0,0,5,0.1827,0.0498,0.1698,0.0609
89.915,1,0.884,-1.25,30.58,5,77.8,23.26,0.12,-0.6062,0.114,-0.008,-0.436,-1.299,-1.106,71.73,11.58,2,44.9,1,0.829,-36.84,-39.61,0.0,0,5,0.191,0.0389,0.1725,0.0519
89.987,1,0.876,-2.0,29.13,5,77.8,22.78,0.12,-0.5778,0.106,-0.006,-0.441,-1.295,-1.098,69.79,11.58,2,44.06,1,0.829,-40.71,-46.31,0.0,0,5,0.1887,0.0204,0.1795,0.0352
90.015,1,0.89,-2.5,28.29,5,77.2,22.65,0.12,-0.54,0.105,-0.007,-0.426,-1.294,-1.096,69.33,11.58,2,44.06,1,0.829,-40.71,-46.31,0.0,0,5,0.1924,0.0148,0.1813,0.0333
90.086,1,0.863,-4.49,26.94,5,76.2,23.34,0.12,-0.5179,0.099,-0.015,-0.415,-1.29,-1.089,67.15,11.58,2,44.06,1,0.818,-39.74,-47.9,0.0,0,5,0.1966,0.0019,0.1651,0.0315
90.12,1,0.865,-6.24,26.25,5,76.2,22.22,0.12,-0.4687,0.097,-0.015,-0.48,-1.289,-1.088,66.63,11.58,2,44.06,1,0.828,-38.29,-43.94,0.0,0,5,0.191,0.0,0.1632,0.0334
90.186,1,0.824,-8.49,25.44,5,76.7,22.22,0.12,-0.4389,0.102,-0.017,-0.484,-1.285,-1.081,64.4,11.58,2,32.06,1,0.827,-35.87,-42.13,0.0,0,5,0.1929,0.0,0.1688,0.0445
90.22,1,0.828,-9.73,24.24,5,76.6,22.22,0.12,-0.3996,0.101,-0.018,-0.507,-1.284,-1.079,63.83,11.58,2,32.06,1,0.826,-32.96,-36.99,0.0,0,5,0.1929,0.0,0.1669,0.0445
90.287,1,0.765,-12.73,24.48,5,77.6,22.78,0.12,-0.3677,0.087,-0.009,-0.435,-1.28,-1.073,61.82,11.58,2,32.06,1,0.846,-32.47,-34.89,0.0,0,5,0.1834,0.0,0.1556,0.0093
90.319,1,0.753,-14.23,24.61,5,78.3,22.78,0.12,-0.34,0.085,-0.008,-0.44,-1.279,-1.072,61.31,11.58,2,32.06,1,0.822,-29.57,-27.5,0.0,0,5,0.1827,0.0,0.155,0.0037
90.385,1,0.718,-16.72,23.28,5,80.0,22.78,0.12,-0.3324,0.088,-0.009,-0.486,-1.276,-1.068,59.64,11.58,2,20.06,1,0.82,-27.14,-21.62,0.0,0,5,0.1755,0.0,0.1571,0.0185
90.42,1,0.72,-17.97,22.94,5,80.8,22.22,0.12,-0.2812,0.089,-0.011,-0.349,-1.274,-1.065,58.67,11.58,2,20.06,1,0.833,-26.17,-15.89,7.029,1,5,0.1669,0.0019,0.1539,0.0334
90.454,1,0.699,-19.22,22.68,5,81.5,22.22,0.12,-0.2618,0.09,-0.01,-0.315,-1.271,-1.062,58.04,11.58,2,20.06,1,0.815,-25.2,-13.62,5.912,1,5,0.1632,0.0148,0.1465,0.0371
90.486,1,0.691,-20.46,21.89,5,82.2,22.22,0.12,-0.2477,0.092,-0.01,-0.306,-1.269,-1.059,57.24,11.58,2,20.06,1,0.792,-22.3,-10.43,6.013,1,5,0.1613,0.026,0.1372,0.0427
90.585,1,0.669,-22.96,16.7,5,82.0,21.67,0.12,-0.2283,0.096,-0.008,-0.235,-1.263,-1.051,55.46,11.55,2,9.56,1,0.71,-15.51,3.35,0.0,0,5,0.1543,0.0349,0.1414,0.0533
90.62,1,0.694,-23.46,15.81,5,81.9,21.42,0.12,-0.102,0.096,-0.006,-0.187,-1.262,-1.05,55.23,11.55,2,9.56,1,0.757,-14.54,16.56,0.0,0,5,0.1524,0.0441,0.1359,0.0496
90.686,1,0.693,-23.96,14.41,5,81.9,21.42,0.12,-0.0846,0.096,-0.002,-0.142,-1.257,-1.043,54.37,11.55,2,9.56,1,0.764,-14.54,11.63,0.0,0,5,0.1387,0.0639,0.1241,0.0584
90.715,1,0.701,-23.71,14.01,5,81.5,21.11,0.12,-0.0529,0.099,-0.001,-0.119,-1.256,-1.042,54.26,11.55,2,9.56,1,0.764,-14.54,11.63,0.0,0,5,0.1333,0.0675,0.1278,0.0657
90.784,1,0.566,-22.96,15.88,4,80.9,21.38,0.12,-0.0522,0.103,0.002,-0.149,-1.251,-1.035,53.69,11.55,2,4.02,1,0.314,-4.81,26.37,0.0,0,4,0.1164,0.0887,0.122,0.085
90.82,1,0.661,-22.46,14.92,5,80.1,21.67,0.1268,-0.1131,0.103,0.0,-0.111,-1.25,-1.033,53.51,11.55,2,4.02,1,0.706,-2.42,30.84,0.0,0,5,0.1183,0.0887,0.1183,0.0868
90.854,1,0.671,-21.96,13.31,5,80.0,21.67,0.12,-0.0855,0.101,-0.002,-0.079,-1.247,-1.03,53.4,11.55,2,4.02,1,0.721,-1.45,31.81,0.0,0,5,0.1221,0.0851,0.1129,0.0833
90.885,1,0.618,-21.46,17.21,5,79.8,21.11,0.12,-0.0601,0.102,0.0,-0.13,-1.245,-1.027,53.23,11.55,2,4.02,1,0.329,-1.2,33.18,0.0,0,4,0.1203,0.0851,0.1184,0.0833
90.955,1,0.643,-20.96,16.68,5,79.2,21.67,0.12,-0.1387,0.103,0.001,-0.123,-1.241,-1.022,52.83,11.55,2,4.02,1,0.331,-1.8,32.39,0.0,0,4,0.1133,0.0786,0.1298,0.0896
90.985,1,0.628,-20.46,16.64,5,78.9,21.67,0.12,-0.1335,0.104,0.004,-0.083,-1.239,-1.018,52.6,11.54,2,8.82,1,0.322,-6.61,27.3,0.0,0,4,0.1135,0.0842,0.1318,0.086
91.019,1,0.597,-19.97,17.46,5,78.6,29.99,0.12,-0.1376,0.104,0.006,-0.125,-1.238,-1.016,52.48,11.54,2,8.82,1,0.332,-11.42,15.02,3.42,1,4,0.1153,0.0878,0.1318,0.0805
91.085,1,0.645,-19.47,13.33,5,77.3,21.42,0.12,-0.1571,0.108,0.009,-0.117,-1.233,-1.009,51.97,11.54,2,8.82,1,0.333,-10.82,15.35,0.0,0,4,0.1241,0.1,0.1334,0.0741
91.119,1,0.646,-18.97,16.4,5,77.2,26.11,0.12,-0.0831,0.108,0.008,-0.183,-1.232,-1.007,51.74,11.54,2,8.82,1,0.327,-10.82,12.02,0.0,0,4,0.124,0.0962,0.1351,0.0759
91.185,1,0.666,-19.22,12.27,5,77.4,21.42,0.12,-0.1457,0.105,0.006,-0.172,-1.227,-1.0,50.88,11.54,2,6.93,1,0.725,-7.76,8.52,0.0,0,5,0.1204,0.0778,0.1445,0.0778
91.252,1,0.685,-18.97,10.66,5,76.4,20.96,0.12,-0.0626,0.106,0.005,-0.165,-1.223,-0.995,50.31,11.54,2,6.93,1,0.766,-12.6,4.64,7.575,1,5,0.128,0.0816,0.1409,0.0742
91.286,1,0.684,-18.97,10.66,5,76.4,21.1,0.12,-0.0344,0.109,0.006,-0.076,-1.221,-0.992,50.08,11.54,2,6.93,1,0.755,-12.12,3.32,0.0,0,5,0.128,0.089,0.1428,0.0779
91.319,1,0.695,-18.47,10.02,5,76.7,21.1,0.12,-0.034,0.108,0.008,-0.125,-1.219,-0.99,49.96,11.54,2,6.93,1,0.716,-9.69,3.62,4.62,1,5,0.1224,0.0927,0.1409,0.0779
91.388,1,0.699,-17.97,9.48,5,75.9,20.96,0.12,-0.0271,0.105,0.008,-0.066,-1.214,-0.983,49.56,11.54,2,6.35,1,0.749,-9.21,9.98,0.0,0,5,0.1147,0.1018,0.124,0.0777
91.418,1,0.681,-17.72,11.9,5,75.9,24.48,0.12,-0.0219,0.104,0.007,-0.075,-1.213,-0.981,49.5,11.54,2,6.35,1,0.742,-9.21,8.81,7.679,1,5,0.1147,0.1018,0.1203,0.0796
91.484,1,0.712,-16.97,9.85,5,75.2,22.04,0.12,-0.0699,0.101,0.003,-0.022,-1.208,-0.975,49.22,11.54,2,6.35,1,0.747,-8.72,7.41,6.231,1,5,0.1057,0.0872,0.1205,0.089
91.52,1,0.697,-16.72,11.4,5,75.2,24.48,0.12,-0.039,0.1,0.004,-0.083,-1.207,-0.974,49.1,11.54,2,6.35,1,0.749,-8.72,7.37,6.249,1,5,0.1039,0.0872,0.1205,0.0872
91.585,1,0.72,-15.72,9.13,5,75.3,20.81,0.12,-0.0698,0.102,0.005,-0.077,-1.202,-0.967,48.82,11.52,2,8.43,1,0.745,-10.18,2.5,5.696,1,5,0.1076,0.0927,0.1205,0.0872
91.684,1,0.741,-14.72,8.21,5,75.6,20.57,0.12,-0.0353,0.106,0.008,-0.03,-1.195,-0.959,48.47,11.52,2,8.43,1,0.758,-11.63,-4.45,0.402,1,5,0.1113,0.1057,0.1224,0.0835
91.718,1,0.734,-14.72,8.45,5,75.8,21.1,0.12,-0.0287,0.106,0.008,-0.05,-1.194,-0.957,48.41,11.52,2,8.43,1,0.758,-11.15,-4.87,1.39,1,5,0.1113,0.1039,0.1243,0.0853
91.753,1,0.749,-14.23,9.33,5,75.9,22.04,0.12,-0.0325,0.107,0.003,-0.066,-1.191,-0.954,48.24,11.52,2,8.43,1,0.757,-11.15,-4.86,1.385,1,5,0.1168,0.0983,0.1224,0.0909
91.784,1,0.768,-13.73,8.07,5,76.1,20.81,0.12,-0.0539,0.105,0.003,-0.066,-1.189,-0.951,48.07,11.52,2,9.12,1,0.758,-10.66,-5.24,2.326,1,5,0.1131,0.0964,0.1243,0.0946
91.819,1,0.763,-13.23,8.68,5,76.1,22.04,0.12,-0.0345,0.103,0.002,-0.048,-1.187,-0.949,48.01,11.52,2,9.12,1,0.764,-10.66,-5.63,2.062,1,5,0.1094,0.0927,0.1187,0.0927
91.853,1,0.773,-12.73,7.54,5,75.9,20.81,0.12,-0.0517,0.102,0.005,-0.051,-1.185,-0.946,47.9,11.52,2,9.12,1,0.771,-10.18,-6.58,0.902,1,5,0.102,0.0927,0.1205,0.0909
91.885,1,0.783,-12.23,7.72,5,76.0,20.81,0.12,-0.034,0.103,0.007,-0.053,-1.182,-0.942,47.78,11.52,2,9.12,1,0.768,-9.69,-7.14,0.008,1,5,0.1001,0.102,0.1187,0.0927
91.92,1,0.782,-12.23,7.88,5,76.8,20.81,0.12,-0.0418,0.105,0.009,-0.059,-1.181,-0.941,47.73,11.52,2,9.12,1,0.763,-10.18,-6.75,-0.966,1,5,0.0983,0.1076,0.1205,0.0927
91.985,1,0.811,-12.23,7.41,5,76.7,20.81,0.12,-0.0429,0.112,0.004,-0.05,-1.175,-0.934,47.5,11.51,2,8.18,1,0.752,-9.21,-8.96,-0.075,1,5,0.1187,0.1076,0.1243,0.0983
92.018,1,0.806,-11.73,7.14,5,76.8,20.57,0.12,-0.0331,0.113,0.001,-0.087,-1.173,-0.932,47.44,11.51,2,8.18,1,0.758,-9.21,-6.78,1.577,1,5,0.1261,0.1039,0.1243,0.0983
92.083,1,0.808,-11.23,6.82,5,77.1,20.46,0.12,-0.0328,0.109,0.004,-0.033,-1.168,-0.925,47.04,11.51,2,8.18,1,0.761,-5.82,-11.09,6.154,1,5,0.1157,0.0992,0.1267,0.0937
92.118,1,0.814,-10.48,7.01,5,77.1,20.81,0.12,-0.0319,0.108,0.005,-0.016,-1.166,-0.924,47.04,11.51,2,8.18,1,0.763,-8.24,-9.1,2.254,1,5,0.111,0.0982,0.1273,0.0946
92.186,1,0.812,-9.98,7.03,5,76.8,20.81,0.12,-0.0427,0.115,0.008,-0.034,-1.162,-0.918,46.87,11.51,2,6.53,1,0.741,-4.85,-9.89,3.451,1,5,0.1116,0.1116,0.1332,0.1026
92.22,1,0.822,-9.73,6.76,5,76.6,20.57,0.12,-0.048,0.118,0.005,-0.047,-1.159,-0.915,46.75,11.51,2,6.53,1,0.759,-4.36,-3.39,-2.063,1,5,0.1228,0.1136,0.1319,0.1026
92.285,1,0.823,-9.23,6.4,5,76.8,20.57,0.12,-0.044,0.117,0.003,-0.131,-1.152,-0.908,46.41,11.51,2,6.53,1,0.759,-4.36,-3.72,1.034,1,5,0.1295,0.111,0.1277,0.0981
92.317,1,0.825,-9.23,6.04,5,77.2,20.81,0.12,-0.0422,0.117,0.003,-0.131,-1.152,-0.908,46.41,11.51,2,6.53,1,0.753,-4.36,-3.29,4.546,1,5,0.1295,0.111,0.1277,0.0981
92.383,1,0.838,-8.98,5.77,5,77.0,20.81,0.12,-0.0339,0.115,0.003,-0.038,-1.146,-0.901,46.01,11.51,2,5.74,1,0.75,-4.36,-5.89,1.118,1,5,0.124,0.1036,0.1295,0.0999
92.417,1,0.838,-8.73,5.71,5,76.8,20.57,0.12,-0.0312,0.116,0.005,-0.012,-1.145,-0.899,46.01,11.51,2,5.74,1,0.749,-4.36,-5.43,0.0,1,5,0.1205,0.1039,0.1372,0.102
92.519,1,0.865,-7.74,4.52,5,76.1,20.56,0.12,-0.0315,0.123,0.001,-0.051,-1.136,-0.89,45.78,11.51,2,5.74,1,0.757,-3.39,-6.25,1.964,1,5,0.1307,0.1215,0.127,0.1141
92.585,1,0.862,-7.24,4.76,5,75.9,20.56,0.12,-0.0196,0.12,0.006,-0.083,-1.13,-0.883,45.66,11.5,2,4.38,1,0.765,-3.39,-5.53,2.428,1,5,0.1187,0.1224,0.1298,0.1076
92.619,1,0.864,-7.24,4.65,5,75.6,20.56,0.12,-0.029,0.119,0.006,-0.069,-1.128,-0.881,45.55,11.5,2,4.38,1,0.745,-1.94,-8.78,2.006,1,5,0.115,0.115,0.1335,0.1113
92.683,1,0.869,-6.74,4.27,5,75.2,20.46,0.12,-0.0253,0.122,0.0,-0.004,-1.121,-0.874,45.44,11.5,2,4.38,1,0.758,0.48,1.69,2.356,1,5,0.1223,0.1148,0.1297,0.1204
92.718,1,0.873,-6.49,4.33,5,75.2,20.56,0.12,-0.0234,0.12,0.0,-0.045,-1.12,-0.873,45.38,11.5,2,4.38,1,0.756,0.48,0.61,0.0,1,5,0.1223,0.1185,0.1223,0.1185
92.784,1,0.876,-5.99,4.18,5,74.9,20.44,0.1271,-0.0306,0.115,0.001,0.011,-1.113,-0.866,45.32,11.5,2,4.38,1,0.767,0.97,1.26,3.375,1,5,0.1224,0.115,0.1187,0.1057
92.818,1,0.874,-5.74,3.95,5,75.1,20.46,0.1412,-0.0409,0.115,0.003,-0.023,-1.112,-0.864,45.26,11.5,2,4.38,1,0.768,0.97,1.7,2.29,1,5,0.1205,0.115,0.1224,0.1039
92.883,1,0.883,-5.24,3.69,5,75.4,20.57,0.1621,-0.048,0.124,0.001,-0.057,-1.105,-0.857,45.03,11.5,2,4.38,1,0.757,1.45,-0.63,1.686,1,5,0.128,0.1187,0.1317,0.1168
92.918,1,0.878,-5.24,3.79,5,75.7,20.56,0.1761,-0.053,0.128,0.002,-0.05,-1.103,-0.855,44.98,11.5,2,4.38,1,0.755,1.45,0.72,-2.341,1,5,0.1335,0.1261,0.1335,0.1187
92.984,1,0.877,-4.74,3.26,5,76.0,20.81,0.1971,-0.0637,0.146,0.004,-0.001,-1.095,-0.846,44.86,11.48,2,4.73,1,0.763,1.45,-0.78,-3.577,1,5,0.1428,0.1391,0.1447,0.1298
93.054,1,0.89,-4.49,2.52,5,76.0,20.56,0.2182,-0.0608,0.168,0.005,-0.066,-1.087,-0.839,44.52,11.48,2,4.73,1,0.767,1.45,-1.69,-0.648,1,5,0.1706,0.1595,0.1873,0.1558
93.083,1,0.886,-4.24,2.58,5,75.7,20.81,0.2321,-0.0436,0.185,0.006,-0.099,-1.082,-0.833,44.35,11.48,2,4.73,1,0.766,1.45,-2.23,-2.97,1,5,0.191,0.178,0.204,0.1688
93.12,1,0.882,-4.24,2.47,5,75.6,20.81,0.2267,-0.0464,0.196,0.006,-0.026,-1.079,-0.83,44.29,11.48,2,4.73,1,0.773,1.45,-4.24,-4.244,1,5,0.2021,0.1873,0.2151,0.178
93.183,1,0.879,-4.24,2.95,5,75.3,20.46,0.1908,-0.0323,0.226,0.002,-0.102,-1.066,-0.817,44.0,11.48,2,2.51,1,0.776,1.45,-4.23,-4.223,1,5,0.23,0.2188,0.2374,0.217
93.221,1,0.878,-4.24,2.88,5,74.7,20.44,0.1852,-0.0436,0.233,0.001,-0.046,-1.059,-0.81,43.83,11.48,2,2.51,1,0.738,4.85,-3.91,-5.668,1,5,0.2337,0.2207,0.2411,0.2226
93.252,1,0.879,-3.74,3.09,5,74.0,20.44,0.1734,-0.0376,0.236,0.002,-0.042,-1.056,-0.807,43.77,11.48,2,2.51,1,0.773,6.3,3.87,-2.916,1,5,0.2392,0.2281,0.2467,0.2281
93.283,1,0.88,-3.74,2.99,5,73.9,20.2,0.1874,-0.0539,0.229,0.002,-0.091,-1.049,-0.801,43.72,11.48,2,2.51,1,0.774,6.3,3.94,-1.081,1,5,0.2337,0.217,0.2448,0.2188
93.317,1,0.882,-3.24,2.42,5,73.4,20.46,0.2013,-0.055,0.226,0.001,-0.103,-1.046,-0.798,43.6,11.48,2,2.51,1,0.771,6.79,2.47,-2.23,1,5,0.2318,0.2133,0.2411,0.217
93.385,1,0.888,-3.49,2.77,5,74.2,20.2,0.1972,-0.0424,0.213,0.001,-0.017,-1.034,-0.786,43.32,11.48,2,0.82,1,0.773,6.3,1.29,-4.552,1,5,0.2207,0.204,0.2244,0.204
93.417,1,0.897,-3.49,2.49,5,74.9,20.04,0.1851,-0.0452,0.209,0.001,-0.03,-1.031,-0.784,43.26,11.48,2,0.82,1,0.77,6.79,-0.02,-4.964,1,5,0.217,0.2003,0.2207,0.1984
93.483,1,0.882,-2.75,2.28,5,73.8,20.46,0.1892,-0.0384,0.204,-0.0,-0.023,-1.019,-0.772,43.03,11.48,2,0.82,1,0.797,10.18,6.15,-4.405,1,5,0.2188,0.1984,0.2096,0.1966
93.582,1,0.874,-2.75,2.0,5,73.5,20.46,0.1864,-0.0396,0.194,0.0,-0.117,-1.005,-0.759,42.69,11.46,2,-0.22,1,0.777,10.18,4.1,-2.581,1,5,0.1947,0.1855,0.2077,0.1873
93.619,1,0.87,-2.75,1.62,5,73.8,20.46,0.2006,-0.0345,0.196,0.001,-0.069,-1.002,-0.756,42.57,11.46,2,-0.22,1,0.786,9.21,4.59,-1.914,1,5,0.2001,0.1889,0.2056,0.1889
93.65,1,0.877,-2.75,1.63,5,73.8,20.46,0.2075,-0.0245,0.201,0.003,-0.059,-0.996,-0.751,42.51,11.46,2,-0.22,1,0.816,9.21,2.44,-4.749,1,5,0.2056,0.1963,0.2112,0.1889
93.682,1,0.864,-2.75,1.63,5,73.5,20.46,0.1867,-0.0207,0.2,0.002,0.01,-0.99,-0.745,42.46,11.46,2,-0.22,1,0.784,10.66,4.31,-4.663,1,5,0.2038,0.1963,0.2112,0.1908
93.718,1,0.868,-2.0,1.13,5,73.0,20.44,0.1983,-0.0227,0.199,-0.001,-0.035,-0.987,-0.743,42.46,11.46,2,-0.22,1,0.768,13.09,8.78,-0.28,1,5,0.2096,0.1855,0.2096,0.191
93.784,1,0.876,-2.25,1.05,5,74.2,20.46,0.2194,-0.0193,0.204,0.001,-0.013,-0.975,-0.732,42.28,11.46,2,-1.1,1,0.805,12.12,8.98,-0.788,1,5,0.204,0.1966,0.2133,0.2021
93.818,1,0.883,-2.0,0.85,5,74.1,20.44,0.2333,-0.0145,0.205,0.001,-0.011,-0.972,-0.729,42.23,11.46,2,-1.1,1,0.793,12.12,8.98,-0.835,1,5,0.2059,0.2003,0.2133,0.2021
93.85,1,0.883,-1.75,0.72,5,74.3,20.0,0.2405,-0.0116,0.204,0.0,-0.046,-0.966,-0.723,42.17,11.46,2,-1.1,1,0.799,12.12,8.4,-2.933,1,5,0.2115,0.1968,0.2115,0.1968
93.883,1,0.875,-1.75,0.65,5,72.9,20.04,0.2544,-0.0109,0.21,0.001,-0.015,-0.96,-0.717,42.17,11.46,2,-1.1,1,0.804,12.12,8.97,-0.832,1,5,0.2133,0.2041,0.217,0.2041
94.02,1,0.843,-1.25,0.54,5,72.0,20.46,0.2646,-0.0078,0.249,0.002,-0.01,-0.938,-0.697,42.0,11.48,2,-0.43,1,0.797,12.12,7.56,-0.24,1,5,0.2467,0.2486,0.2522,0.2467
94.083,1,0.756,-0.75,0.25,5,69.0,20.44,0.2857,-0.0105,0.261,0.002,-0.054,-0.922,-0.683,41.94,11.48,2,-0.43,1,0.808,13.09,7.75,-2.438,1,5,0.2611,0.2611,0.2648,0.2556
94.183,1,0.811,-1.25,0.69,5,70.1,20.2,0.2931,-0.0039,0.285,0.004,-0.074,-0.901,-0.664,41.71,11.48,2,0.26,1,0.805,12.12,7.57,-0.235,1,5,0.2816,0.2816,0.2964,0.2816
94.216,1,0.798,-1.25,-0.02,5,69.8,20.46,0.307,-0.0155,0.292,0.004,-0.038,-0.897,-0.659,41.65,11.48,2,0.26,1,0.805,11.63,6.45,-2.492,1,5,0.289,0.289,0.3019,0.2871
94.282,1,0.814,-0.75,0.07,5,69.7,20.46,0.3052,0.0122,0.307,0.004,-0.051,-0.878,-0.643,41.6,11.48,2,0.26,1,0.803,12.12,8.96,-2.499,1,5,0.3038,0.3075,0.3149,0.3019
94.317,1,0.823,-1.0,0.01,5,70.7,19.97,0.3137,0.0026,0.311,0.003,-0.022,-0.874,-0.639,41.6,11.48,2,0.26,1,0.807,12.12,7.57,-0.269,1,5,0.3112,0.3093,0.3186,0.3056
94.383,1,0.824,-0.75,0.45,5,72.6,20.46,0.3349,0.0084,0.321,0.006,-0.056,-0.86,-0.625,41.54,11.48,2,1.22,1,0.804,12.12,8.58,-2.992,1,5,0.3112,0.3242,0.3297,0.3205
94.482,1,0.855,-0.75,1.04,5,76.4,20.46,0.2748,-0.01,0.333,0.003,-0.049,-0.831,-0.6,41.42,11.48,2,1.22,1,0.817,10.18,3.16,-1.386,1,5,0.3275,0.3383,0.3311,0.3347
94.583,1,0.871,-0.75,0.21,5,76.8,20.46,0.2404,-0.0283,0.327,0.005,-0.131,-0.812,-0.583,41.25,11.48,2,1.22,1,0.825,10.18,2.8,-3.742,1,5,0.3238,0.3256,0.3386,0.3219
94.684,1,0.872,-0.75,-0.66,5,76.1,20.46,0.2755,-0.0011,0.303,0.003,0.028,-0.785,-0.558,40.85,11.5,2,2.2,1,0.824,8.24,-1.2,-0.007,1,5,0.3097,0.2875,0.3246,0.2893
94.783,1,0.868,-1.75,-0.81,5,74.0,20.46,0.3066,0.0329,0.288,0.005,0.052,-0.763,-0.539,40.51,11.5,2,0.63,1,0.821,7.27,-3.42,-2.226,1,5,0.2912,0.2856,0.3004,0.2763
94.883,1,0.868,-1.25,-0.18,5,75.3,20.46,0.2975,0.0488,0.301,0.001,0.025,-0.74,-0.519,40.62,11.5,2,0.63,1,0.827,8.24,-0.64,-5.919,1,5,0.2949,0.3004,0.2949,0.3004
94.982,1,0.854,-0.75,0.43,5,77.4,20.46,0.2703,0.0177,0.31,0.001,0.105,-0.721,-0.503,40.85,11.5,2,0.63,1,0.839,9.69,-0.83,-6.845,1,5,0.2986,0.319,0.3042,0.319
95.082,1,0.866,-0.75,0.76,5,76.0,20.46,0.248,-0.0086,0.298,0.005,-0.054,-0.695,-0.48,40.74,11.51,2,-0.68,1,0.815,13.09,3.77,-6.314,1,5,0.2912,0.2967,0.3079,0.2949
95.15,1,0.868,-0.75,0.11,5,76.1,20.46,0.212,-0.0169,0.286,0.001,0.056,-0.682,-0.468,40.57,11.51,2,-0.68,1,0.859,12.12,4.36,-5.646,1,5,0.2942,0.2795,0.2942,0.2758
95.38,1,0.883,-2.5,-0.84,5,77.4,20.44,0.1971,0.0035,0.231,0.008,-0.005,-0.641,-0.433,39.59,11.51,2,-1.8,1,0.883,13.09,7.88,-3.913,1,5,0.2362,0.2252,0.2528,0.2104
95.48,1,0.885,-4.24,-1.32,5,78.6,20.46,0.2275,0.0521,0.21,0.007,-0.015,-0.625,-0.419,38.96,11.51,2,-3.08,1,0.871,10.66,3.97,-4.434,1,5,0.217,0.2003,0.2337,0.1892
95.52,1,0.886,-4.24,-1.22,5,78.9,20.46,0.2035,0.0838,0.206,0.003,-0.08,-0.619,-0.414,38.9,11.51,2,-3.08,1,0.873,10.66,3.66,-5.24,1,5,0.2151,0.1929,0.2244,0.191
95.581,1,0.879,-4.49,-1.37,5,79.3,20.44,0.206,0.078,0.202,0.002,0.023,-0.61,-0.406,38.85,11.51,2,-3.08,1,0.842,11.63,3.67,-4.115,1,5,0.2021,0.204,0.204,0.1966
95.682,1,0.881,-4.49,-1.24,5,79.7,19.97,0.2345,0.0868,0.189,-0.001,0.048,-0.592,-0.392,38.96,11.53,2,-4.94,1,0.881,15.03,13.91,-0.995,1,5,0.1903,0.1903,0.1903,0.1996
95.782,1,0.9,-4.24,-0.89,5,79.4,20.46,0.2694,0.086,0.198,-0.002,0.142,-0.579,-0.382,39.48,11.53,2,-4.68,1,0.868,15.99,14.74,-1.682,1,5,0.1799,0.2114,0.1799,0.2188
95.811,1,0.899,-3.74,-0.73,5,78.8,20.46,0.2764,0.0706,0.209,-0.005,0.092,-0.572,-0.376,39.76,11.53,2,-4.68,1,0.868,15.99,14.74,-1.682,1,5,0.191,0.2263,0.1817,0.2374
95.877,1,0.891,-2.5,-0.34,5,78.1,20.44,0.2734,0.0594,0.227,-0.005,0.182,-0.561,-0.367,40.28,11.53,2,-4.68,1,0.868,17.45,16.41,-1.636,1,5,0.2093,0.2501,0.1945,0.2538
95.948,1,0.887,-1.75,-0.09,5,77.6,20.46,0.2711,0.0316,0.255,0.0,0.061,-0.546,-0.354,40.62,11.53,2,-4.68,1,0.87,18.42,18.33,0.0,0,5,0.2337,0.2782,0.2318,0.2745
95.98,1,0.878,-1.5,0.45,5,77.6,19.97,0.2539,0.0147,0.256,-0.0,0.127,-0.542,-0.351,40.74,11.53,2,-4.68,1,0.874,17.45,18.7,0.0,0,5,0.2375,0.278,0.2338,0.2762
96.078,1,0.875,-1.0,0.83,5,77.1,20.2,0.278,-0.0051,0.26,-0.0,0.04,-0.522,-0.334,41.02,11.54,2,-1.35,1,0.869,14.54,11.21,-0.632,1,5,0.2485,0.2671,0.2522,0.2726
96.18,1,0.876,-0.5,0.39,5,77.5,20.44,0.31,-0.0254,0.265,-0.003,0.029,-0.502,-0.316,41.08,11.54,2,-1.35,1,0.844,10.66,4.45,-1.688,1,5,0.2667,0.2667,0.2575,0.2704
96.281,1,0.834,-0.5,0.45,5,77.4,20.44,0.2689,-0.0108,0.287,0.0,0.009,-0.48,-0.297,41.08,11.54,2,2.3,1,0.869,8.72,-1.91,-3.158,1,5,0.2834,0.2908,0.2834,0.289
96.477,1,0.889,0.0,0.36,5,75.8,20.81,0.2179,-0.0097,0.272,0.007,-0.027,-0.438,-0.26,40.85,11.54,2,1.59,1,0.878,9.69,1.1,-0.978,1,5,0.263,0.2704,0.2871,0.2667
96.578,1,0.881,-0.25,-0.29,5,76.1,20.81,0.2529,-0.0131,0.255,0.006,-0.045,-0.419,-0.243,40.51,11.54,2,1.59,1,0.907,8.72,-0.36,-3.468,1,5,0.2596,0.2522,0.2689,0.2374
96.648,1,0.904,-0.75,-0.35,5,76.4,21.02,0.2309,0.012,0.242,0.005,-0.091,-0.405,-0.23,40.22,11.56,2,1.26,1,0.907,7.76,-2.1,-4.75,1,5,0.2504,0.2355,0.2596,0.2244
96.675,1,0.92,-1.25,-0.16,5,76.5,21.02,0.2193,0.0197,0.241,0.006,-0.051,-0.401,-0.227,40.16,11.56,2,1.26,1,0.907,7.76,-2.1,-4.75,1,5,0.2448,0.2374,0.2559,0.2244
96.716,1,0.917,-1.25,-0.34,5,76.6,21.02,0.202,0.0183,0.238,0.003,0.01,-0.394,-0.221,40.16,11.56,2,1.26,1,0.923,7.76,-4.73,-3.272,1,5,0.2392,0.2355,0.2467,0.2318
96.879,1,0.911,-2.5,-0.51,5,76.6,20.44,0.2014,0.0217,0.214,0.0,-0.099,-0.367,-0.198,39.88,11.56,2,-1.56,1,0.92,9.69,3.48,-4.838,1,5,0.2226,0.204,0.2244,0.204
96.948,1,0.916,-3.99,-1.4,5,76.8,20.2,0.1652,0.0383,0.197,0.007,0.018,-0.356,-0.188,39.53,11.56,2,-1.56,1,0.918,11.63,6.42,-6.738,1,5,0.1947,0.191,0.217,0.1855
96.98,1,0.922,-3.99,-1.3,5,76.1,20.2,0.141,0.073,0.194,0.006,0.003,-0.353,-0.185,39.53,11.56,2,-1.56,1,0.931,12.12,7.16,-6.088,1,5,0.1892,0.1855,0.2133,0.1873
97.075,1,0.916,-4.74,-1.47,5,76.1,20.44,0.1321,0.0656,0.179,0.005,-0.019,-0.339,-0.173,39.25,11.57,2,-3.8,1,0.919,11.15,5.72,-6.837,1,5,0.1844,0.1826,0.1844,0.1643
97.147,1,0.921,-4.99,-1.51,5,76.5,20.44,0.1342,0.0764,0.161,0.003,-0.074,-0.329,-0.165,39.13,11.57,2,-3.8,1,0.931,14.54,13.05,-1.725,1,5,0.1605,0.1495,0.1787,0.155
97.18,1,0.907,-5.24,-1.6,5,77.6,20.44,0.1481,0.082,0.161,0.003,-0.074,-0.329,-0.165,39.13,11.57,2,-3.8,1,0.931,14.06,12.21,-2.475,1,5,0.1605,0.1495,0.1787,0.155
97.248,1,0.908,-5.49,-1.63,5,77.7,20.44,0.1692,0.0899,0.152,0.005,0.013,-0.32,-0.157,39.02,11.57,2,-5.96,1,0.941,13.57,10.57,-2.957,1,5,0.1504,0.1596,0.1541,0.1431
97.275,1,0.911,-5.74,-1.43,5,77.6,20.44,0.1759,0.0949,0.149,0.004,-0.001,-0.318,-0.155,39.02,11.57,2,-5.96,1,0.941,13.57,10.57,-2.957,1,5,0.1486,0.1541,0.1504,0.1413
97.347,1,0.927,-5.24,-1.31,5,77.7,20.44,0.2042,0.0956,0.145,0.002,0.056,-0.309,-0.148,39.19,11.57,2,-5.96,1,0.951,14.06,11.41,-2.21,1,5,0.1326,0.1491,0.1454,0.1547
97.375,1,0.934,-4.74,-1.31,5,77.3,19.85,0.2109,0.0863,0.147,0.002,0.051,-0.306,-0.146,39.3,11.57,2,-5.96,1,0.951,14.06,11.41,-2.21,1,5,0.1326,0.1583,0.1399,0.1583
97.447,1,0.943,-3.74,-0.54,5,75.0,19.85,0.2392,0.0851,0.162,-0.002,0.178,-0.294,-0.135,40.11,11.57,2,-4.57,1,0.947,16.48,13.36,-2.549,1,5,0.1352,0.1889,0.1315,0.1926
97.479,1,0.936,-2.99,-0.65,5,74.0,19.97,0.2529,0.0488,0.162,-0.002,0.178,-0.294,-0.135,40.11,11.57,2,-4.57,1,0.944,16.96,14.59,-2.807,1,5,0.1352,0.1889,0.1315,0.1926
97.575,1,0.918,-1.25,-0.58,5,70.2,20.46,0.2715,0.0478,0.197,-0.007,0.144,-0.278,-0.123,40.91,11.57,2,-4.57,1,0.943,18.42,16.5,-0.648,1,5,0.1817,0.2226,0.1576,0.2263
97.68,1,0.822,-0.5,-0.08,5,63.2,20.2,0.2639,0.0288,0.235,0.001,0.041,-0.261,-0.107,41.48,11.57,2,-1.76,1,0.903,16.48,12.3,-1.444,1,5,0.213,0.2593,0.213,0.2556
97.71,1,0.803,0.25,0.29,5,62.5,20.44,0.2707,0.0023,0.241,-0.002,0.117,-0.253,-0.101,41.65,11.57,2,-1.76,1,0.903,16.48,12.3,-1.444,1,5,0.2257,0.2553,0.222,0.2609
97.749,1,0.811,0.5,1.04,5,63.3,19.97,0.2849,-0.0188,0.243,-0.001,0.008,-0.246,-0.095,41.83,11.57,2,-1.76,1,0.888,13.57,6.04,-2.53,1,5,0.2294,0.2572,0.2276,0.259
97.777,1,0.801,0.25,0.48,5,63.0,20.56,0.2917,-0.0496,0.245,-0.001,-0.022,-0.242,-0.091,41.77,11.57,2,-1.76,1,0.888,13.57,6.04,-2.53,1,5,0.2352,0.2556,0.2315,0.2556
97.847,1,0.796,0.75,0.79,5,62.3,20.46,0.3035,-0.0227,0.259,-0.003,0.017,-0.227,-0.077,41.94,11.57,2,1.7,1,0.861,10.66,0.08,-4.368,1,5,0.2596,0.2615,0.2504,0.2634
97.878,1,0.793,0.5,0.71,5,62.5,21.02,0.2798,-0.0385,0.264,-0.001,-0.004,-0.222,-0.074,41.88,11.57,2,1.7,1,0.871,10.18,-1.45,-6.457,1,5,0.2615,0.2671,0.2596,0.2689
97.975,1,0.876,0.0,0.28,5,67.1,20.44,0.2501,-0.0296,0.285,-0.003,-0.008,-0.201,-0.055,41.94,11.57,2,1.7,1,0.877,9.69,0.91,-3.45,1,5,0.2838,0.2875,0.2763,0.2912
98.045,1,0.909,-0.5,0.43,5,70.2,20.56,0.2318,-0.0083,0.28,-0.004,-0.06,-0.184,-0.04,41.88,11.59,2,1.92,1,0.878,9.69,-0.51,-6.677,1,5,0.2834,0.2723,0.2797,0.2834
98.079,1,0.909,-0.5,-0.4,5,70.3,20.44,0.208,-0.0065,0.277,-0.002,-0.057,-0.18,-0.036,41.77,11.59,2,1.92,1,0.885,8.72,-0.25,-3.468,1,5,0.2797,0.2723,0.2778,0.2778
98.116,1,0.92,-0.5,-0.01,5,71.1,20.57,0.222,0.0183,0.269,-0.0,-0.013,-0.172,-0.03,41.77,11.59,2,1.92,1,0.873,9.69,-1.31,-2.756,1,5,0.2763,0.2634,0.2745,0.2634
98.145,1,0.903,-1.25,0.49,5,69.8,20.46,0.2291,0.0057,0.263,0.001,-0.091,-0.165,-0.022,41.6,11.59,2,1.92,1,0.871,8.72,-0.25,-3.484,1,5,0.2671,0.2578,0.2708,0.2578
98.183,1,0.918,-1.5,-0.24,5,70.7,20.57,0.2433,-0.0025,0.257,0.0,-0.002,-0.157,-0.016,41.54,11.59,2,1.92,1,0.857,9.21,-2.9,-3.211,1,5,0.2634,0.2541,0.2689,0.2559
98.241,1,0.921,-1.75,-0.16,5,70.9,20.56,0.2259,0.0231,0.252,0.0,0.006,-0.15,-0.009,41.48,11.59,2,-0.78,1,0.857,11.63,4.01,-5.571,1,5,0.2541,0.2448,0.2596,0.2485
98.273,1,0.924,-2.5,-0.35,5,71.1,20.44,0.2142,0.023,0.249,-0.002,-0.064,-0.142,-0.003,41.37,11.59,2,-0.78,1,0.857,11.63,4.01,-5.571,1,5,0.2522,0.243,0.2504,0.2485
98.346,1,0.901,-2.5,-0.23,5,69.5,20.2,0.2042,0.0352,0.238,-0.006,-0.03,-0.128,0.01,41.31,11.59,2,-0.78,1,0.88,10.66,5.0,-3.966,1,5,0.2411,0.23,0.2355,0.2467
98.38,1,0.901,-3.49,-0.2,5,70.0,20.57,0.2185,0.031,0.235,-0.005,-0.05,-0.124,0.013,41.31,11.59,2,-0.78,1,0.873,9.69,3.8,-4.009,1,5,0.2355,0.2281,0.2318,0.2448
98.415,1,0.892,-3.49,-0.75,5,68.9,20.44,0.2251,0.0425,0.226,-0.006,0.013,-0.117,0.018,41.25,11.59,2,-2.75,1,0.834,12.12,5.47,-3.671,1,5,0.2263,0.2188,0.2226,0.2374
98.445,1,0.893,-3.24,-0.81,5,68.9,20.44,0.2392,0.0596,0.22,-0.009,-0.004,-0.11,0.023,41.31,11.59,2,-2.75,1,0.863,13.57,11.26,-1.309,1,5,0.2244,0.2077,0.2151,0.2337
98.479,1,0.888,-3.49,-0.2,5,68.8,20.56,0.2531,0.0585,0.217,-0.009,-0.036,-0.107,0.026,41.31,11.59,2,-2.75,1,0.857,13.09,10.87,-1.125,1,5,0.2226,0.2059,0.2114,0.23
98.545,1,0.869,-2.99,-0.76,5,67.0,20.81,0.2741,0.0398,0.221,-0.004,0.078,-0.094,0.038,41.6,11.59,2,-2.75,1,0.778,14.06,13.85,0.0,0,5,0.2167,0.2297,0.2056,0.2334
98.578,1,0.867,-2.5,-0.62,5,66.4,21.02,0.2688,0.0537,0.222,-0.005,0.07,-0.09,0.041,41.71,11.59,2,-2.75,1,0.768,14.54,17.96,0.0,0,5,0.2167,0.2334,0.2019,0.2371
98.641,1,0.835,-2.25,-0.05,5,63.8,20.81,0.2335,0.0414,0.236,-0.005,0.108,-0.076,0.053,42.0,11.57,2,-2.31,1,0.763,14.06,20.72,0.0,0,5,0.2167,0.2464,0.2056,0.2538
98.68,1,0.843,-1.75,0.07,5,64.4,21.02,0.2176,0.0201,0.241,-0.004,0.123,-0.072,0.056,42.11,11.57,2,-2.31,1,0.763,15.51,24.17,0.0,0,5,0.226,0.2501,0.2241,0.2649
98.716,1,0.846,-1.25,0.36,5,64.4,21.11,0.1936,0.0112,0.243,-0.006,0.027,-0.065,0.063,42.28,11.57,2,-2.31,1,0.75,15.99,36.34,0.0,0,5,0.2278,0.2464,0.2278,0.2686
98.779,1,0.819,-1.0,0.55,5,61.8,21.02,0.1569,0.0003,0.235,-0.006,0.131,-0.054,0.072,42.57,11.57,2,-2.31,1,0.605,14.06,21.33,0.0,0,4,0.2281,0.2374,0.2207,0.2522
98.846,1,0.836,-1.0,0.55,5,63.1,21.02,0.1212,-0.0033,0.216,-0.005,0.035,-0.041,0.083,42.51,11.57,2,2.33,1,0.703,9.69,43.16,0.0,0,5,0.2188,0.2133,0.2077,0.2226
98.879,1,0.811,-0.75,0.36,5,61.2,21.1,0.12,-0.0026,0.21,-0.004,0.1,-0.038,0.086,42.63,11.57,2,2.33,1,0.624,8.24,45.14,0.0,0,4,0.2149,0.2093,0.2038,0.213
98.947,1,0.858,-0.75,0.48,5,64.7,20.57,0.12,-0.0014,0.193,-0.001,-0.107,-0.027,0.096,42.51,11.57,2,2.33,1,0.549,1.94,59.59,0.0,0,4,0.1945,0.1908,0.1926,0.1926
98.98,1,0.845,-0.75,0.21,5,63.6,20.57,0.12,-0.0032,0.185,-0.001,-0.004,-0.025,0.098,42.46,11.57,2,2.33,1,0.536,0.97,65.33,0.0,0,4,0.1855,0.1818,0.1855,0.1855
99.046,1,0.836,-1.25,0.09,5,63.0,20.81,0.12,0.0023,0.16,0.002,-0.006,-0.015,0.107,42.4,11.57,2,8.68,1,0.46,-6.79,69.7,0.0,0,4,0.1635,0.1543,0.169,0.1524
99.079,1,0.838,-1.25,0.09,5,63.2,20.57,0.12,0.0107,0.157,0.002,-0.038,-0.013,0.109,42.34,11.57,2,8.68,1,0.471,-8.72,71.22,0.0,0,4,0.1616,0.1506,0.1671,0.1469
99.114,1,0.838,-1.75,0.36,5,63.2,20.46,0.12,0.0105,0.147,0.001,-0.124,-0.009,0.113,42.17,11.57,2,8.68,1,0.43,-12.12,71.98,0.0,0,4,0.1576,0.1409,0.1539,0.1335
99.144,1,0.837,-1.75,-0.44,5,63.1,20.46,0.12,0.0111,0.134,-0.0,-0.039,-0.005,0.116,41.94,11.57,2,8.68,1,0.477,-16.48,73.24,0.0,0,5,0.1521,0.1317,0.1465,0.128
99.18,1,0.848,-1.75,-0.31,5,64.2,20.46,0.12,0.0256,0.128,0.0,-0.033,-0.004,0.118,41.94,11.57,2,8.68,1,0.486,-17.93,73.19,0.0,0,5,0.1389,0.1241,0.1334,0.1167
99.246,1,0.861,-2.25,-0.56,5,65.1,20.46,0.12,0.0224,0.114,0.001,-0.04,0.003,0.124,41.71,11.57,2,16.67,1,0.522,-21.33,73.18,0.0,0,5,0.1223,0.1037,0.126,0.1037
99.279,1,0.869,-2.5,-0.22,5,65.7,20.56,0.12,0.0328,0.11,-0.0,-0.032,0.005,0.125,41.71,11.57,2,16.67,1,0.508,-18.42,73.04,0.0,0,5,0.1187,0.0983,0.1224,0.102
99.345,1,0.891,-2.75,-0.68,5,68.2,20.46,0.12,0.0283,0.093,0.004,-0.066,0.01,0.13,41.6,11.57,2,16.67,1,0.507,-11.63,72.5,0.0,0,5,0.0927,0.0964,0.0983,0.0853
99.378,1,0.887,-2.75,0.81,5,69.9,20.56,0.12,0.0395,0.089,0.004,-0.027,0.011,0.131,41.54,11.57,2,16.67,1,0.539,-10.66,72.69,0.0,0,5,0.0853,0.0946,0.0909,0.0853
99.414,1,0.867,-2.5,2.04,5,70.9,20.0,0.12,0.0106,0.086,0.003,0.016,0.014,0.134,41.6,11.57,2,22.9,1,0.557,-11.15,71.91,0.0,0,5,0.0776,0.0924,0.085,0.0887
99.444,1,0.835,-2.5,2.22,5,71.9,20.0,0.12,-0.0166,0.087,0.001,0.057,0.016,0.136,41.65,11.57,2,22.9,1,0.542,-9.21,70.81,0.0,0,5,0.0792,0.0921,0.0847,0.0921
99.549,1,0.739,-2.25,0.22,4,73.2,20.56,0.12,-0.02,0.088,0.002,-0.001,0.022,0.142,41.71,11.57,2,22.9,1,0.539,-8.24,68.39,0.0,0,5,0.0841,0.0912,0.0877,0.0877
99.613,1,0.67,-2.25,4.06,4,73.6,20.51,0.12,0.0154,0.083,0.001,0.007,0.026,0.145,41.71,11.55,2,31.15,1,0.575,-5.82,67.01,0.0,0,5,0.0834,0.0852,0.0834,0.0815
99.647,1,0.633,-2.0,4.2,4,72.7,20.29,0.12,-0.0579,0.081,0.001,0.091,0.028,0.147,41.83,11.55,2,31.15,1,0.607,-4.85,65.88,0.0,0,5,0.0778,0.0834,0.0815,0.0815
99.678,1,0.597,-1.5,2.05,4,71.7,20.3,0.12,-0.0634,0.08,0.002,0.03,0.029,0.148,41.88,11.55,2,31.15,1,0.624,-1.94,65.76,0.0,0,5,0.0755,0.0865,0.0773,0.0792
99.745,1,0.497,-2.0,7.52,3,71.1,20.57,0.12,-0.0273,0.085,-0.003,0.011,0.035,0.153,41.83,11.55,2,31.15,1,0.63,0.48,64.64,0.0,0,5,0.0866,0.0922,0.0719,0.0903
99.777,1,0.455,-1.75,9.53,3,69.3,20.57,0.12,-0.1254,0.087,-0.003,0.027,0.036,0.154,41.83,11.55,2,31.15,1,0.645,1.45,63.81,0.0,0,5,0.0872,0.0909,0.0779,0.0927
99.845,1,0.336,-2.0,0.0,2,65.8,21.58,0.12,-0.167,0.093,0.001,-0.035,0.042,0.159,41.77,11.55,2,37.37,1,0.677,1.94,61.11,0.0,0,5,0.0937,0.0882,0.101,0.09
99.878,1,0.295,-2.5,0.0,2,63.3,23.96,0.12,0.0184,0.095,-0.0,-0.059,0.043,0.161,41.71,11.55,2,37.37,1,0.706,1.45,59.33,0.0,0,5,0.0983,0.0838,0.1056,0.0911
99.945,1,0.247,-3.24,42.82,3,58.1,30.56,0.12,0.0238,0.092,-0.001,0.012,0.049,0.165,41.48,11.55,2,37.37,1,0.734,0.48,53.46,0.0,0,5,0.1025,0.0805,0.1007,0.0824
99.977,1,0.219,-0.75,0.0,2,50.5,32.77,0.12,-0.2146,0.09,-0.002,0.016,0.05,0.166,41.54,11.55,2,37.37,1,0.785,3.88,53.44,0.0,0,5,0.1015,0.0849,0.0923,0.0831
100.044,1,0.169,4.99,48.45,3,37.0,33.75,0.12,0.0027,0.093,-0.004,-0.007,0.056,0.171,41.54,11.55,2,41.66,1,0.771,9.69,55.08,0.0,0,5,0.0961,0.0979,0.0795,0.0979
100.078,1,0.093,7.49,0.0,2,32.5,29.13,0.12,-0.2349,0.096,-0.003,-0.053,0.058,0.173,41.48,11.55,2,41.66,1,0.767,11.63,54.09,0.0,0,5,0.0979,0.0998,0.0868,0.0998
100.143,1,0.079,19.72,0.0,2,30.8,28.09,0.0838,-0.2349,0.103,-0.0,-0.037,0.064,0.178,41.42,11.55,2,41.66,1,0.796,14.06,51.46,0.0,0,5,0.1056,0.0982,0.1074,0.1019
100.178,1,0.012,32.43,0.0,1,31.8,19.51,0.06,-0.2349,0.102,-0.002,-0.059,0.065,0.179,41.37,11.55,2,41.66,1,0.813,15.51,51.42,0.0,0,5,0.1074,0.0926,0.1074,0.1
100.215,0,0.0,0.0,0.0,0,31.8,0.0,0.06,-0.2349,0.096,-0.007,-0.052,0.068,0.181,41.2,11.55,2,43.12,1,0.826,19.87,51.0,0.0,0,5,0.1113,0.0742,0.1039,0.0946
100.244,1,0.022,28.2,0.0,1,30.1,23.46,0.06,-0.2349,0.084,-0.008,-0.128,0.071,0.183,41.02,11.55,2,43.12,1,0.832,23.27,51.09,0.0,0,5,0.109,0.0665,0.0979,0.0868
100.279,1,0.028,29.2,0.0,1,29.5,21.46,0.06,-0.2349,0.078,-0.009,-0.115,0.072,0.184,40.85,11.55,2,43.12,1,0.843,26.17,51.65,0.0,0,5,0.1016,0.0554,0.0832,0.0721
100.344,0,0.0,0.0,0.0,0,27.2,0.0,0.0241,-0.5941,0.064,-0.002,-0.084,0.076,0.187,40.39,11.55,2,43.12,1,0.845,31.02,52.95,0.0,0,5,0.0835,0.0501,0.0742,0.0482
100.376,0,0.0,0.0,0.0,0,25.7,0.0,0.0002,-0.6,0.06,0.0,-0.05,0.076,0.188,40.34,11.55,2,43.12,1,0.848,33.93,54.61,0.0,0,5,0.0742,0.0427,0.0779,0.0445
100.442,0,0.0,0.0,0.0,0,26.9,0.0,0.0,-0.6,0.02,0.01,-0.354,0.077,0.189,38.9,11.55,2,43.0,1,0.832,30.54,52.33,0.0,0,5,0.0631,0.0019,0.0797,-0.0148
100.477,0,0.0,0.0,0.0,0,27.8,0.0,0.0,-0.6,0.009,0.013,-0.399,0.076,0.189,38.39,11.55,2,43.0,1,0.857,28.6,51.06,0.0,0,5,0.0722,-0.0343,0.0794,-0.0794
100.512,1,0.008,29.95,0.0,1,30.0,19.97,0.0,-0.6,-0.007,0.01,-0.494,0.076,0.189,37.24,11.55,2,43.0,1,0.853,24.72,48.91,0.0,0,5,0.074,-0.0722,0.0776,-0.1082
100.542,1,0.033,28.2,0.0,1,31.1,23.46,0.0,-0.6,-0.015,0.009,-0.551,0.075,0.189,36.61,11.55,2,43.0,1,0.861,20.84,46.75,0.0,0,5,0.0722,-0.0902,0.0776,-0.1191
100.645,1,0.114,18.97,0.0,2,34.8,27.63,0.0,-0.6,-0.029,-0.003,-0.515,0.072,0.186,32.72,11.55,2,43.0,1,0.851,6.79,38.12,0.0,0,5,0.0664,-0.1273,0.0646,-0.1181
100.679,1,0.189,14.23,42.63,3,38.3,24.26,0.0,-0.6,-0.029,-0.001,-0.47,0.072,0.186,32.14,11.55,2,43.0,1,0.866,2.91,34.6,0.0,0,5,0.0645,-0.1253,0.0645,-0.1198
100.744,1,0.252,6.24,43.36,3,45.0,29.45,0.0071,-0.0432,-0.028,-0.002,-0.468,0.071,0.185,30.42,11.55,2,43.0,1,0.867,-4.36,26.01,0.0,0,5,0.0666,-0.1184,0.0592,-0.1184
100.779,1,0.402,2.99,43.04,4,47.8,28.92,0.021,-0.1274,-0.026,0.001,-0.49,0.07,0.185,29.28,11.55,2,43.0,1,0.867,-7.76,23.91,0.0,0,5,0.0593,-0.1131,0.0631,-0.1131
100.843,1,0.47,-1.5,42.02,4,56.0,27.87,0.0421,-0.2553,-0.018,0.018,-0.344,0.068,0.186,27.33,11.55,2,44.5,1,0.859,-15.99,13.76,0.0,0,5,0.0297,-0.0742,0.0742,-0.1001
100.912,1,0.578,-2.99,41.56,4,59.0,27.19,0.0631,-0.3827,0.0,0.022,-0.186,0.068,0.187,26.47,11.55,2,44.5,1,0.883,-19.39,3.21,0.0,0,5,0.0241,-0.0315,0.076,-0.0668
100.944,1,0.627,-2.99,41.16,5,58.9,26.95,0.0771,-0.4673,0.014,0.015,-0.256,0.068,0.188,25.95,11.55,2,44.5,1,0.885,-19.39,0.47,0.0,0,5,0.0427,-0.0111,0.0705,-0.0445
100.978,1,0.641,-3.24,40.82,5,59.0,26.45,0.0911,-0.5521,0.022,0.01,-0.278,0.069,0.188,25.67,11.55,2,44.5,1,0.887,-20.84,-0.28,0.0,0,5,0.0569,-0.0073,0.0716,-0.0312
101.045,1,0.679,-3.49,39.18,5,64.1,26.67,0.1122,-0.6797,0.065,-0.005,-0.437,0.075,0.19,23.84,11.55,2,45.0,1,0.882,-23.27,-5.08,0.0,0,5,0.1384,0.0,0.1202,0.0
101.08,1,0.606,-3.49,37.6,5,64.8,26.11,0.12,-0.7144,0.074,-0.004,-0.464,0.076,0.191,23.32,11.55,2,45.0,1,0.885,-25.2,-9.1,6.72,1,5,0.1545,0.0,0.1416,0.0018
101.143,1,0.704,-3.49,36.23,5,64.8,25.31,0.12,-0.686,0.108,-0.001,-0.696,0.085,0.194,20.45,11.55,2,45.0,1,0.918,-28.6,-16.99,4.824,1,5,0.2021,0.0,0.2021,0.0037
101.178,1,0.749,-3.49,37.02,5,62.7,24.96,0.12,-0.6604,0.114,-0.001,-0.655,0.087,0.195,19.65,11.55,2,45.0,1,0.924,-30.05,-21.87,0.0,0,5,0.2273,0.0018,0.2236,0.0037
101.243,1,0.722,-4.24,34.84,5,62.0,24.48,0.12,-0.6761,0.121,0.0,-0.697,0.094,0.197,17.36,11.55,2,45.0,1,0.926,-34.9,-30.56,0.0,0,5,0.2365,0.0037,0.2384,0.0037
101.282,1,0.737,-4.49,33.2,5,61.7,23.96,0.12,-0.6258,0.122,-0.001,-0.655,0.101,0.199,14.95,11.55,2,45.0,1,0.929,-36.84,-34.86,0.0,0,5,0.2448,0.0019,0.2392,0.0019
101.344,1,0.707,-6.49,31.56,5,62.7,23.94,0.12,-0.5929,0.12,-0.001,-0.669,0.106,0.2,13.35,11.55,2,45.0,1,0.925,-42.65,-41.63,0.0,0,5,0.2433,0.0,0.2378,0.0
101.445,1,0.737,-9.98,26.75,5,65.0,22.78,0.12,-0.5418,0.122,-0.004,-0.613,0.118,0.202,9.63,11.55,2,45.0,1,0.907,-51.38,-50.69,0.0,0,5,0.2337,0.0056,0.23,0.0185
101.544,1,0.77,-11.48,24.49,5,66.0,22.15,0.155,-0.5424,0.127,-0.004,-0.489,0.13,0.204,6.53,11.55,2,45.0,1,0.85,-58.65,-56.61,0.0,0,5,0.2226,0.0315,0.2133,0.0389
101.578,1,0.812,-12.23,23.03,5,66.7,22.04,0.1689,-0.5151,0.13,-0.004,-0.472,0.133,0.204,5.96,11.55,2,45.0,1,0.821,-60.1,-57.85,0.0,0,5,0.2226,0.0371,0.2151,0.0445
101.612,1,0.823,-12.48,22.15,5,66.6,21.62,0.176,-0.4899,0.135,-0.004,-0.469,0.139,0.204,4.87,11.54,2,39.0,1,0.835,-58.65,-58.67,0.0,0,5,0.2226,0.0408,0.2226,0.0556
101.644,1,0.829,-13.23,21.42,5,66.7,21.6,0.19,-0.5029,0.148,-0.003,-0.531,0.145,0.205,3.72,11.54,2,39.0,1,0.826,-56.22,-56.77,0.0,0,5,0.2368,0.0555,0.2331,0.0648
101.678,1,0.84,-13.73,20.5,5,67.9,21.42,0.2039,-0.5093,0.153,-0.003,-0.497,0.148,0.205,3.15,11.54,2,39.0,1,0.846,-52.83,-55.46,0.0,0,5,0.2424,0.0629,0.2368,0.0685
101.711,1,0.843,-14.23,19.6,5,69.0,21.02,0.2112,-0.4933,0.167,-0.001,-0.458,0.155,0.205,2.06,11.54,2,39.0,1,0.888,-50.89,-54.17,0.0,0,5,0.2535,0.0796,0.2516,0.0814
101.745,1,0.352,-10.02,18.62,4,68.3,21.06,0.225,-0.4913,0.183,-0.001,-0.462,0.163,0.205,0.97,11.54,2,39.0,1,0.892,-49.44,-52.27,0.0,0,5,0.2671,0.0983,0.2652,0.102
101.777,1,0.823,-14.47,17.46,5,67.0,20.81,0.2325,-0.4881,0.192,-0.001,-0.446,0.167,0.205,0.46,11.54,2,39.0,1,0.909,-46.05,-52.25,0.0,0,5,0.2745,0.1094,0.2726,0.1131
101.845,1,0.826,-14.47,15.55,5,66.9,20.57,0.2536,-0.4712,0.223,-0.005,-0.474,0.186,0.205,-1.6,11.54,2,27.0,1,0.921,-38.78,-43.95,0.0,0,5,0.3023,0.1391,0.2967,0.1521
101.88,1,0.832,-14.97,14.9,5,67.2,20.56,0.2677,-0.4279,0.228,-0.004,-0.448,0.19,0.205,-2.12,11.54,2,27.0,1,0.966,-38.29,-44.84,0.0,0,5,0.3079,0.1447,0.3042,0.1558
101.945,1,0.831,-14.72,13.7,5,66.4,20.46,0.2886,-0.4297,0.256,-0.005,-0.451,0.211,0.203,-4.07,11.54,2,27.0,1,0.97,-32.47,-39.27,0.0,0,5,0.3375,0.1743,0.3283,0.1836
101.977,1,0.816,-15.22,12.41,5,65.2,20.46,0.3009,-0.4032,0.265,-0.003,-0.405,0.217,0.203,-4.53,11.54,2,27.0,1,0.971,-31.99,-40.87,0.0,0,5,0.3431,0.1873,0.3375,0.1929
102.011,1,0.793,-14.97,11.86,5,63.0,20.44,0.3081,-0.3547,0.281,-0.0,-0.429,0.228,0.202,-5.44,11.54,2,15.0,1,0.921,-26.66,-34.29,0.0,0,5,0.3505,0.2133,0.3487,0.2114
102.043,1,0.785,-14.97,10.51,5,63.1,20.04,0.3196,-0.3484,0.296,0.001,-0.341,0.241,0.2,-6.36,11.54,2,15.0,1,0.967,-24.23,-29.58,0.0,0,5,0.3672,0.2263,0.3691,0.2226
102.11,1,0.806,-15.22,9.26,5,64.4,20.57,0.3333,-0.3062,0.322,0.001,-0.39,0.26,0.198,-7.79,11.54,2,15.0,1,0.955,-17.93,-23.12,0.0,0,5,0.3895,0.2596,0.3858,0.2522
102.143,1,0.77,-14.47,8.27,5,60.8,20.44,0.3317,-0.2497,0.335,0.002,-0.28,0.274,0.196,-8.42,11.54,2,15.0,1,0.898,-13.57,-21.05,0.0,0,5,0.3936,0.279,0.3954,0.2735
102.173,1,0.707,-14.23,7.77,5,54.3,20.46,0.3371,-0.2215,0.341,0.002,-0.241,0.281,0.195,-8.71,11.54,2,15.0,1,0.898,-13.57,-21.05,0.0,0,5,0.3973,0.2883,0.3991,0.2809
102.21,1,0.685,-13.98,6.89,5,52.2,20.2,0.3263,-0.1954,0.352,0.0,-0.302,0.295,0.193,-9.4,11.54,2,3.0,1,0.838,-5.33,-6.36,-3.306,1,5,0.4042,0.3008,0.4023,0.299
102.243,1,0.71,-13.73,6.42,5,54.6,20.46,0.3026,-0.1474,0.361,-0.002,-0.195,0.31,0.19,-9.85,11.54,2,3.0,1,0.847,-0.48,7.86,0.79,1,5,0.4126,0.3164,0.4015,0.3145
102.343,1,0.761,-12.73,4.25,5,59.5,20.2,0.3146,-0.1368,0.358,-0.001,-0.217,0.345,0.184,-10.94,11.54,2,3.0,1,0.831,9.21,23.65,0.0,0,5,0.3941,0.3256,0.3885,0.3256
102.371,1,0.762,-13.23,4.26,5,59.7,20.44,0.3026,-0.0568,0.356,0.0,-0.24,0.352,0.182,-11.23,11.54,2,3.0,1,0.831,9.21,23.65,0.0,0,5,0.3857,0.3248,0.3876,0.3267
102.443,1,0.78,-13.23,3.33,5,60.8,20.44,0.3121,-0.0531,0.351,-0.0,-0.163,0.38,0.177,-11.92,11.54,2,-9.0,1,0.844,17.45,38.7,0.0,0,5,0.3737,0.3219,0.3793,0.3275
102.472,1,0.785,-13.48,2.99,5,60.7,20.2,0.3189,-0.0174,0.349,-0.001,-0.137,0.386,0.175,-12.09,11.54,2,-9.0,1,0.844,17.45,38.7,0.0,0,5,0.3728,0.319,0.3765,0.3264
102.542,1,0.794,-13.73,2.27,5,61.9,20.56,0.3442,-0.007,0.345,-0.004,-0.026,0.413,0.169,-12.55,11.54,2,-9.0,1,0.839,24.72,47.05,0.0,0,5,0.3654,0.3264,0.3561,0.3338
102.61,1,0.807,-13.23,2.11,5,62.3,20.46,0.3424,0.0273,0.348,-0.004,-0.013,0.434,0.164,-12.61,11.53,2,-9.31,1,0.839,24.23,47.79,0.0,0,5,0.3558,0.341,0.3465,0.3484
102.642,1,0.815,-12.73,1.55,5,63.1,20.56,0.3459,0.0274,0.352,-0.005,0.01,0.448,0.161,-12.49,11.53,2,-9.31,1,0.831,21.81,43.8,0.0,0,5,0.3539,0.3502,0.3447,0.3595
102.743,1,0.809,-11.98,1.9,5,62.1,20.44,0.3495,0.0463,0.362,-0.004,0.021,0.483,0.152,-12.43,11.53,2,-9.31,1,0.856,13.57,31.61,0.0,0,5,0.3575,0.3631,0.3501,0.376
102.772,1,0.794,-10.98,1.7,5,60.2,20.57,0.3548,0.0211,0.364,-0.002,0.134,0.49,0.151,-12.32,11.53,2,-9.31,1,0.856,13.57,31.61,0.0,0,5,0.3594,0.3705,0.3519,0.3723
102.943,1,0.781,-7.74,1.86,5,61.5,20.56,0.2654,0.0366,0.353,0.001,-0.026,0.554,0.137,-12.09,11.53,2,-0.72,1,0.801,4.36,11.87,0.0,0,5,0.3502,0.3539,0.3558,0.3539
102.971,1,0.839,-7.49,2.44,5,63.5,20.57,0.2536,-0.0073,0.351,0.001,-0.092,0.558,0.136,-12.15,11.53,2,-0.72,1,0.801,4.36,11.87,0.0,0,5,0.3487,0.3523,0.3523,0.3523
103.041,1,0.845,-6.74,2.23,5,63.8,20.46,0.2054,-0.0107,0.334,0.002,0.006,0.578,0.132,-12.2,11.51,2,4.71,1,0.754,0.97,26.87,0.0,0,5,0.3318,0.3282,0.3443,0.3318
103.078,1,0.841,-6.99,2.57,5,63.3,20.56,0.1816,-0.0054,0.323,0.002,-0.139,0.59,0.129,-12.38,11.51,2,4.71,1,0.745,-2.42,38.26,0.0,0,5,0.3207,0.3171,0.3318,0.3207
103.109,1,0.855,-6.49,1.74,5,64.5,20.44,0.1695,-0.0067,0.314,0.002,-0.005,0.602,0.127,-12.55,11.51,2,4.71,1,0.802,-3.39,42.43,0.0,0,5,0.313,0.3075,0.3242,0.3093
103.141,1,0.859,-6.24,1.93,5,64.8,20.46,0.1454,0.0153,0.302,0.003,-0.083,0.613,0.125,-12.61,11.51,2,4.71,1,0.784,-5.33,50.98,0.0,0,5,0.3093,0.3038,0.3167,0.3001
103.171,1,0.86,-6.49,1.89,5,65.0,20.56,0.1336,0.0116,0.296,0.003,-0.076,0.619,0.123,-12.72,11.51,2,4.71,1,0.784,-5.33,50.98,0.0,0,5,0.3042,0.293,0.306,0.2819
103.31,1,0.881,-5.99,1.18,5,66.8,20.56,0.12,0.0217,0.242,0.0,0.008,0.653,0.116,-13.12,11.51,2,9.1,1,0.714,-14.06,63.0,0.0,0,5,0.2448,0.2244,0.2596,0.2374
103.343,1,0.873,-6.24,1.41,5,65.8,20.46,0.12,0.0297,0.231,0.002,-0.122,0.662,0.114,-13.35,11.51,2,9.1,1,0.707,-17.93,63.41,0.0,0,5,0.2392,0.2207,0.2448,0.2188
103.443,1,0.872,-6.49,2.58,5,67.4,20.96,0.12,0.0291,0.199,0.003,-0.025,0.681,0.109,-13.58,11.51,2,16.03,1,0.754,-12.12,58.1,0.0,0,5,0.2019,0.1926,0.2112,0.1889
103.543,1,0.791,-6.99,11.05,5,68.5,20.96,0.12,0.0092,0.166,0.001,-0.019,0.697,0.106,-13.87,11.51,2,16.03,1,0.8,-4.36,56.08,0.0,0,5,0.1741,0.1593,0.176,0.1556
103.576,1,0.77,-7.24,17.49,5,69.1,20.57,0.12,-0.147,0.16,0.002,-0.057,0.7,0.105,-13.92,11.51,2,16.03,1,0.811,-3.88,55.25,0.0,0,5,0.1667,0.1519,0.1723,0.15
103.708,1,0.658,-7.49,30.87,5,70.7,24.26,0.12,-0.2686,0.114,-0.001,-0.094,0.717,0.101,-14.27,11.5,2,24.05,1,0.88,-6.79,42.29,0.0,0,5,0.1243,0.1039,0.1224,0.1057
103.771,1,0.641,-7.99,35.98,4,69.0,24.47,0.12,-0.5221,0.106,0.004,-0.06,0.722,0.1,-14.5,11.5,2,24.05,1,0.88,-6.79,42.29,0.0,0,5,0.1076,0.0964,0.1224,0.0964
103.809,1,0.629,-6.99,36.42,4,68.7,24.19,0.12,-0.6143,0.093,0.003,-0.086,0.726,0.099,-14.67,11.5,2,36.05,1,0.88,-6.79,42.29,0.0,0,5,0.0983,0.0835,0.1076,0.0816
103.942,1,0.594,-4.49,36.05,4,64.2,23.76,0.12,-0.6342,0.081,-0.003,-0.347,0.736,0.095,-16.44,11.5,2,36.05,1,0.893,-27.63,-16.08,6.033,1,5,0.1298,0.0297,0.1261,0.0371
103.977,1,0.509,-4.24,35.47,3,64.2,24.26,0.12,-0.6565,0.082,-0.005,-0.32,0.738,0.095,-16.84,11.5,2,36.05,1,0.929,-31.02,-22.36,0.0,0,5,0.1372,0.0204,0.1335,0.0352
104.04,1,0.657,-4.99,34.13,4,68.0,23.5,0.12,-0.6447,0.076,-0.008,-0.446,0.742,0.093,-18.22,11.5,2,45.0,1,0.974,-36.35,-33.51,0.0,0,5,0.1537,-0.0019,0.1389,0.0148
104.137,1,0.614,-7.24,31.3,4,64.1,23.05,0.12,-0.6082,0.078,-0.002,-0.462,0.75,0.09,-20.97,11.5,2,45.0,1,0.98,-40.23,-38.94,0.0,0,5,0.1641,0.0,0.1532,-0.0036
104.241,1,0.61,-9.48,28.72,4,63.4,22.36,0.12,-0.5306,0.081,-0.003,-0.508,0.757,0.087,-23.66,11.5,2,45.0,1,0.959,-48.95,-48.61,0.0,0,5,0.1684,0.0,0.1573,0.0
104.338,1,0.655,-11.23,26.24,4,68.1,21.91,0.12,-0.4598,0.081,0.002,-0.437,0.764,0.083,-26.24,11.5,2,45.0,1,0.943,-48.95,-51.14,0.0,0,5,0.1576,0.0,0.1651,0.0
104.441,1,0.763,-14.23,23.84,5,69.1,21.42,0.12,-0.397,0.075,-0.003,-0.437,0.772,0.079,-29.34,11.5,2,33.0,1,0.968,-41.68,-42.2,0.0,0,5,0.1536,0.0,0.148,0.0
104.537,1,0.764,-16.72,21.13,5,68.6,21.11,0.12,-0.3223,0.074,0.004,-0.403,0.778,0.076,-31.23,11.5,2,33.0,1,0.949,-35.38,-35.73,0.0,0,5,0.1417,0.0018,0.1544,0.0
104.575,1,0.781,-17.97,20.64,5,66.7,21.11,0.12,-0.2405,0.072,0.003,-0.399,0.78,0.075,-32.14,11.5,2,33.0,1,0.96,-33.44,-28.01,0.0,0,5,0.1391,0.0037,0.1465,0.0
104.637,1,0.75,-19.97,19.01,5,63.1,20.81,0.12,-0.2249,0.067,-0.003,-0.37,0.783,0.072,-33.46,11.5,2,21.0,1,0.957,-31.02,-26.41,0.0,0,5,0.1386,0.0037,0.1238,0.0018
104.676,1,0.766,-21.21,18.6,5,62.7,21.11,0.12,-0.173,0.068,-0.0,-0.321,0.786,0.071,-34.26,11.5,2,21.0,1,0.952,-28.6,-17.82,0.0,0,5,0.1329,0.0111,0.1237,0.0037
104.706,1,0.775,-21.21,17.18,5,63.5,21.1,0.12,-0.1518,0.072,0.005,-0.3,0.788,0.07,-34.95,11.5,2,21.0,1,0.928,-25.69,-14.22,5.292,1,5,0.1275,0.0222,0.1312,0.0074
104.807,1,0.758,-21.96,15.92,5,62.3,20.96,0.12,-0.1334,0.075,0.003,-0.2,0.795,0.065,-36.33,11.5,2,9.0,1,0.894,-15.51,6.81,0.0,0,5,0.1072,0.0425,0.1127,0.037
104.908,1,0.79,-22.21,15.09,5,65.0,21.11,0.1272,-0.1207,0.083,-0.0,-0.178,0.801,0.06,-37.13,11.5,2,9.0,1,0.82,-2.91,28.11,0.0,0,5,0.1051,0.0535,0.1124,0.0627
104.937,1,0.797,-21.71,14.27,5,65.8,21.11,0.1411,-0.1307,0.086,-0.0,-0.158,0.803,0.059,-37.36,11.5,2,9.0,1,0.82,-2.91,28.11,0.0,0,5,0.107,0.0554,0.1163,0.0664
105.008,1,0.79,-21.21,13.81,5,65.6,21.11,0.1623,-0.1584,0.093,0.002,-0.132,0.809,0.055,-37.87,11.5,2,1.46,1,0.86,3.39,39.45,0.0,0,5,0.115,0.0742,0.115,0.0668
105.043,1,0.795,-20.96,13.61,5,65.6,20.96,0.1371,-0.1077,0.1,0.001,-0.148,0.812,0.052,-38.22,11.5,2,1.46,1,0.845,4.36,41.26,0.0,0,5,0.1223,0.0834,0.1185,0.0741
105.137,1,0.798,-20.71,12.66,5,66.3,21.1,0.12,-0.0725,0.119,0.0,-0.09,0.82,0.046,-38.9,11.5,2,1.46,1,0.854,2.91,40.49,0.0,0,5,0.1445,0.0908,0.1463,0.0926
105.174,1,0.8,-20.21,12.44,5,68.0,21.11,0.12,-0.0574,0.119,0.001,-0.099,0.824,0.043,-39.08,11.5,2,1.46,1,0.846,-1.94,31.57,0.0,0,5,0.1408,0.0889,0.1519,0.0945
105.207,1,0.799,-19.72,12.44,5,67.8,21.1,0.12,-0.0588,0.119,0.002,-0.192,0.827,0.04,-39.42,11.5,2,6.95,1,0.871,-3.88,28.96,0.0,0,5,0.1372,0.0946,0.1484,0.0964
105.237,1,0.797,-19.72,12.16,5,67.3,20.56,0.12,-0.0637,0.118,0.002,-0.192,0.829,0.039,-39.65,11.5,2,6.95,1,0.871,-3.88,28.96,0.0,0,5,0.1372,0.0983,0.1428,0.0946
105.306,1,0.783,-18.72,11.47,5,65.8,20.56,0.12,-0.0568,0.108,0.004,-0.076,0.836,0.034,-40.11,11.5,2,6.95,1,0.887,-6.79,18.83,0.0,0,5,0.1243,0.0927,0.1298,0.0835
105.341,1,0.79,-18.72,11.27,5,66.5,21.11,0.12,-0.0547,0.106,0.004,-0.089,0.838,0.032,-40.16,11.5,2,6.95,1,0.882,-9.69,16.68,0.0,0,5,0.1187,0.0909,0.1298,0.0853
105.408,1,0.795,-17.72,10.76,5,67.1,20.56,0.12,-0.0491,0.106,-0.001,-0.08,0.844,0.027,-40.57,11.5,2,10.35,1,0.882,-10.66,7.37,6.524,1,5,0.1187,0.0909,0.1187,0.0946
105.435,1,0.802,-17.72,10.79,5,68.0,21.1,0.12,-0.0514,0.105,-0.002,-0.084,0.845,0.025,-40.68,11.5,2,10.35,1,0.882,-10.66,7.37,6.524,1,5,0.1224,0.089,0.1168,0.0927
105.475,1,0.819,-17.47,10.53,5,69.6,20.56,0.12,-0.0502,0.1,-0.001,-0.085,0.848,0.023,-40.85,11.5,2,10.35,1,0.887,-11.63,6.23,6.527,1,5,0.118,0.0885,0.1106,0.0848
105.508,1,0.819,-17.22,10.66,5,69.8,20.56,0.12,-0.0472,0.099,-0.002,-0.055,0.851,0.02,-40.97,11.5,2,10.35,1,0.884,-14.54,0.24,0.0,0,5,0.118,0.0866,0.1069,0.083
105.542,1,0.821,-16.97,10.34,5,70.3,20.96,0.12,-0.0515,0.1,-0.0,-0.035,0.855,0.017,-41.08,11.5,2,10.35,1,0.909,-15.51,-4.56,3.885,1,5,0.1152,0.0877,0.106,0.0841
105.637,1,0.824,-15.47,10.36,5,71.9,20.56,0.12,-0.0462,0.108,-0.001,-0.023,0.861,0.011,-41.2,11.49,2,12.38,1,0.9,-16.48,-4.43,6.533,1,5,0.116,0.1013,0.1123,0.1031
105.706,1,0.818,-14.47,10.17,5,71.6,20.56,0.12,-0.0628,0.106,-0.0,-0.073,0.867,0.006,-41.37,11.49,2,12.38,1,0.903,-16.48,-11.97,2.297,1,5,0.1122,0.103,0.1085,0.1011
105.741,1,0.816,-13.98,9.77,5,72.3,20.56,0.12,-0.0696,0.105,-0.0,-0.016,0.87,0.003,-41.48,11.49,2,12.38,1,0.901,-15.99,-12.74,2.675,1,5,0.1131,0.1001,0.1094,0.0964
105.842,1,0.807,-13.23,9.45,5,72.3,20.56,0.12,-0.0636,0.118,0.002,-0.101,0.879,-0.005,-41.88,11.49,2,12.38,1,0.903,-15.51,-13.22,2.191,1,5,0.1243,0.1039,0.1354,0.1076
105.877,1,0.817,-12.73,9.54,5,73.6,20.56,0.12,-0.0654,0.118,0.001,-0.096,0.881,-0.006,-42.0,11.49,2,12.38,1,0.908,-15.51,-14.15,0.189,1,5,0.1243,0.1001,0.1372,0.1094
105.907,1,0.807,-12.23,8.79,5,73.9,20.56,0.12,-0.0726,0.116,0.002,-0.114,0.885,-0.009,-42.23,11.49,2,12.38,1,0.912,-15.51,-14.1,1.697,1,5,0.1243,0.102,0.1335,0.1039
106.008,1,0.799,-11.73,8.6,5,72.6,20.56,0.12,-0.0603,0.113,-0.001,-0.025,0.892,-0.016,-42.51,11.48,2,9.08,1,0.875,-10.18,-5.23,0.294,1,5,0.1285,0.1,0.1249,0.1
106.04,1,0.802,-11.23,8.45,5,73.6,20.56,0.12,-0.0618,0.114,-0.001,-0.05,0.894,-0.018,-42.57,11.48,2,9.08,1,0.874,-10.18,-5.58,4.601,1,5,0.1321,0.1,0.1267,0.0982
106.105,1,0.797,-10.98,8.28,5,72.6,20.56,0.12,-0.0632,0.118,-0.0,-0.163,0.901,-0.024,-43.09,11.48,2,9.08,1,0.842,-5.82,-3.76,0.644,1,5,0.1391,0.1094,0.1261,0.0983
106.174,1,0.791,-11.23,7.93,5,72.0,20.56,0.12,-0.0615,0.118,0.002,-0.074,0.906,-0.029,-43.49,11.48,2,9.08,1,0.861,-5.33,0.81,0.297,1,5,0.1317,0.1039,0.1354,0.1001
106.207,1,0.803,-11.23,7.68,5,74.3,20.81,0.12,-0.0511,0.119,0.001,-0.069,0.91,-0.033,-43.66,11.48,2,7.2,1,0.867,-5.82,1.29,4.372,1,5,0.1335,0.1001,0.1372,0.102
106.238,1,0.809,-11.23,7.58,5,75.4,20.81,0.12,-0.0461,0.12,0.0,-0.115,0.911,-0.034,-43.77,11.48,2,7.2,1,0.871,-5.82,0.58,2.576,1,5,0.1335,0.1001,0.1409,0.1057
106.306,1,0.783,-10.73,7.23,5,76.1,20.81,0.12,-0.0441,0.119,-0.001,-0.037,0.918,-0.041,-44.0,11.48,2,7.2,1,0.878,-5.33,-1.67,1.907,1,5,0.1335,0.1039,0.1317,0.1076
106.34,1,0.78,-10.48,7.42,5,75.9,20.81,0.12,-0.0432,0.12,-0.001,-0.072,0.92,-0.043,-44.06,11.48,2,7.2,1,0.873,-5.33,-1.66,1.907,1,5,0.1335,0.1076,0.1298,0.1076
106.408,1,0.783,-10.48,7.11,5,75.7,20.56,0.12,-0.0489,0.123,-0.001,-0.055,0.927,-0.05,-44.52,11.48,2,6.84,1,0.869,-6.3,-3.21,1.396,1,5,0.1334,0.113,0.1315,0.1148
106.439,1,0.787,-10.48,6.61,5,75.3,20.81,0.12,-0.0426,0.124,-0.001,-0.041,0.929,-0.051,-44.52,11.48,2,6.84,1,0.857,-5.33,-1.77,3.505,1,5,0.1315,0.1111,0.1334,0.1185
106.472,1,0.782,-9.98,6.58,5,74.1,20.56,0.12,-0.0327,0.124,-0.001,-0.043,0.931,-0.053,-44.58,11.48,2,6.84,1,0.865,-5.33,-3.75,0.649,1,5,0.1315,0.1074,0.1389,0.1185
106.504,1,0.77,-9.73,6.48,5,73.2,20.81,0.12,-0.0379,0.124,0.001,-0.05,0.934,-0.057,-44.69,11.48,2,6.84,1,0.866,-5.33,-3.74,0.642,1,5,0.1298,0.1113,0.1391,0.1168
106.607,1,0.769,-8.49,6.31,5,72.7,20.2,0.12,-0.0373,0.12,0.001,-0.056,0.943,-0.065,-44.86,11.48,2,6.84,1,0.853,-3.39,-4.23,0.0,1,5,0.1307,0.1178,0.1252,0.1068
106.638,1,0.681,-8.49,6.23,4,73.0,20.58,0.12,-0.0485,0.121,-0.002,-0.06,0.946,-0.069,-44.98,11.47,2,6.45,1,0.831,-2.42,-0.47,0.189,1,5,0.1307,0.1141,0.1234,0.1141
106.706,1,0.693,-8.49,6.32,4,74.8,20.38,0.12,-0.0449,0.125,-0.003,-0.048,0.953,-0.076,-45.15,11.47,2,6.45,1,0.833,-2.42,-0.47,0.203,1,5,0.128,0.1094,0.1354,0.128
106.738,1,0.695,-7.99,5.82,4,74.6,20.38,0.12,-0.0459,0.123,-0.003,-0.044,0.955,-0.077,-45.21,11.47,2,6.45,1,0.835,-1.94,-1.0,-0.61,1,5,0.1261,0.1113,0.1298,0.1261
106.806,1,0.683,-7.99,5.82,4,74.3,20.38,0.12,-0.0413,0.115,-0.004,-0.008,0.961,-0.084,-45.44,11.47,2,6.14,1,0.855,-2.42,-1.95,-1.059,1,5,0.1299,0.1098,0.1135,0.108
106.84,1,0.69,-7.99,5.75,4,75.1,20.58,0.12,-0.0405,0.116,-0.003,-0.012,0.963,-0.086,-45.44,11.47,2,6.14,1,0.844,-2.42,-1.86,0.772,1,5,0.1318,0.1098,0.1171,0.1061
106.906,1,0.682,-7.49,5.79,4,75.3,20.76,0.12,-0.0387,0.122,-0.002,-0.033,0.969,-0.093,-45.55,11.47,2,6.14,1,0.814,-1.45,-1.82,-0.0,1,5,0.1298,0.115,0.1243,0.1187
106.94,1,0.674,-7.24,5.59,4,76.0,20.33,0.12,-0.0451,0.121,-0.004,-0.036,0.971,-0.095,-45.61,11.47,2,6.14,1,0.826,-1.45,-2.93,-2.367,1,5,0.1261,0.1131,0.1205,0.1224
107.007,1,0.68,-7.24,5.86,4,76.2,20.23,0.1411,-0.0597,0.114,-0.007,-0.053,0.976,-0.101,-45.78,11.46,2,5.31,1,0.829,-1.45,-2.92,-2.356,1,5,0.1249,0.1053,0.1089,0.1178
107.105,1,0.541,-6.74,4.96,3,75.4,20.46,0.1761,-0.0903,0.132,-0.004,-0.062,0.985,-0.111,-45.89,11.46,2,5.31,1,0.803,1.94,-0.13,-0.217,1,5,0.1428,0.1168,0.1391,0.1298
107.141,1,0.581,-6.49,7.98,4,78.3,20.77,0.19,-0.0804,0.148,-0.001,-0.043,0.99,-0.116,-46.07,11.46,2,5.31,1,0.808,1.94,2.79,-1.161,1,5,0.1465,0.1261,0.1465,0.1391
107.169,1,0.583,-6.24,8.83,4,79.0,20.52,0.1779,-0.1566,0.154,-0.001,-0.098,0.992,-0.118,-46.18,11.46,2,5.31,1,0.808,1.94,2.79,-1.161,1,5,0.1593,0.1445,0.1612,0.15
107.207,1,0.656,-6.24,5.16,4,77.4,20.33,0.1753,-0.1788,0.165,-0.001,-0.042,0.997,-0.123,-46.35,11.46,2,3.75,1,0.818,1.94,2.17,3.025,1,5,0.1704,0.15,0.1686,0.1519
107.243,1,0.674,-5.99,5.2,4,76.8,20.69,0.1893,-0.0896,0.174,-0.001,-0.13,1.002,-0.128,-46.47,11.46,2,3.75,1,0.816,2.42,0.61,1.68,1,5,0.1966,0.1558,0.1892,0.1539
107.268,1,0.535,-5.74,4.01,3,78.2,20.46,0.1962,-0.0976,0.179,-0.003,-0.151,1.004,-0.131,-46.64,11.46,2,3.75,1,0.816,2.42,0.61,1.68,1,5,0.204,0.1576,0.1947,0.1595
107.304,1,0.528,-6.24,4.47,3,77.9,20.56,0.2103,-0.0718,0.187,-0.001,-0.169,1.009,-0.137,-47.1,11.46,2,3.75,1,0.766,5.33,-1.87,7.178,1,5,0.2059,0.1651,0.2059,0.1706
107.339,1,0.535,-6.24,3.32,3,77.4,20.56,0.2055,-0.0768,0.189,-0.002,-0.095,1.012,-0.14,-47.21,11.46,2,3.75,1,0.35,0.0,-1.47,2.439,1,4,0.2112,0.1667,0.2075,0.1723
107.373,1,0.596,-6.24,6.94,4,78.0,20.56,0.2126,-0.0453,0.198,0.0,0.032,1.018,-0.146,-47.27,11.46,2,3.75,1,0.349,0.6,-2.35,4.774,1,4,0.2149,0.1815,0.2149,0.1797
107.405,1,0.669,-5.24,3.65,4,77.9,20.52,0.1887,-0.1376,0.201,0.0,-0.12,1.023,-0.152,-47.38,11.46,2,4.06,1,0.347,1.2,-4.17,1.682,1,4,0.217,0.1876,0.2151,0.1839
107.439,1,0.684,-5.24,3.75,4,77.3,20.56,0.2028,-0.0634,0.204,0.002,-0.151,1.026,-0.155,-47.56,11.46,2,4.06,1,0.343,1.2,-1.83,-1.598,1,4,0.2136,0.1952,0.2173,0.1915
107.506,1,0.68,-5.74,3.55,4,78.5,20.69,0.2238,-0.0734,0.209,-0.0,-0.035,1.037,-0.167,-48.01,11.46,2,4.06,1,0.342,-0.6,-6.03,-4.711,1,4,0.2246,0.1915,0.2265,0.1952
107.538,1,0.677,-5.74,3.31,4,78.7,20.51,0.2192,-0.0588,0.21,-0.002,-0.123,1.04,-0.171,-48.13,11.46,2,4.06,1,0.345,-0.6,-5.57,-1.909,1,4,0.2319,0.1899,0.2264,0.1935
107.573,1,0.679,-6.24,3.19,4,78.4,20.78,0.2263,-0.054,0.216,-0.004,-0.095,1.046,-0.178,-48.36,11.46,2,4.06,1,0.739,3.88,-8.43,2.205,1,5,0.239,0.1955,0.2281,0.201
107.604,1,0.533,-5.99,2.17,3,77.8,20.96,0.2402,-0.0489,0.219,-0.004,-0.031,1.049,-0.181,-48.41,11.46,2,4.06,1,0.349,-1.8,-8.22,0.507,1,4,0.239,0.1955,0.2281,0.201
107.673,1,0.683,-5.74,2.69,4,77.5,20.51,0.223,-0.0144,0.231,-0.001,-0.062,1.059,-0.192,-48.59,11.44,2,3.48,1,0.325,1.8,-7.99,-3.809,1,4,0.2446,0.2225,0.2372,0.2207
107.742,1,0.664,-5.49,2.98,4,78.2,21.04,0.2452,-0.04,0.245,0.001,-0.022,1.072,-0.207,-48.82,11.44,2,3.48,1,0.34,4.21,0.77,2.0,1,4,0.2525,0.2396,0.2525,0.2341
107.805,1,0.681,-5.49,2.35,4,77.1,20.77,0.2658,-0.0585,0.246,0.002,-0.085,1.082,-0.218,-48.99,11.44,2,2.4,1,0.342,4.21,-1.79,-2.863,1,4,0.2559,0.2411,0.2541,0.2318
107.84,1,0.691,-5.49,2.35,4,76.1,20.77,0.2605,-0.0344,0.249,0.001,-0.06,1.085,-0.222,-49.05,11.44,2,2.4,1,0.723,9.21,-2.18,5.673,1,5,0.2596,0.2448,0.2559,0.2374
107.867,1,0.683,-5.24,1.78,4,76.6,20.69,0.2485,-0.0316,0.259,0.002,0.002,1.092,-0.23,-49.1,11.44,2,2.4,1,0.723,9.21,-2.18,5.673,1,5,0.2673,0.2544,0.2673,0.247
108.006,1,0.675,-4.74,1.91,4,78.3,20.69,0.2596,-0.0159,0.267,0.006,-0.079,1.117,-0.258,-49.45,11.45,2,2.07,1,0.349,4.21,-4.16,0.095,1,4,0.2615,0.2652,0.28,0.2615
108.072,1,0.674,-4.24,2.88,4,78.5,20.56,0.2422,-0.0227,0.265,0.002,-0.04,1.127,-0.27,-49.45,11.45,2,2.07,1,0.352,4.21,-2.28,-5.853,1,4,0.2671,0.2652,0.2689,0.2596
108.104,1,0.669,-4.24,1.7,4,79.5,20.52,0.2183,-0.0537,0.265,-0.001,-0.08,1.134,-0.278,-49.56,11.45,2,2.07,1,0.356,4.21,-4.17,0.116,1,4,0.2708,0.2634,0.2671,0.2578
108.14,1,0.675,-3.99,1.7,4,78.4,21.03,0.2322,-0.0188,0.264,-0.001,-0.025,1.138,-0.282,-49.62,11.45,2,2.07,1,0.35,4.21,-5.71,-3.836,1,4,0.2765,0.2599,0.2654,0.2544
108.205,1,0.672,-4.24,1.31,4,78.6,20.56,0.2493,-0.0238,0.26,-0.002,-0.093,1.151,-0.298,-49.85,11.45,2,2.01,1,0.753,33.44,-14.37,0.0,0,5,0.2689,0.2485,0.2671,0.2541
108.272,1,0.665,-4.49,1.25,4,78.0,21.03,0.2319,-0.0047,0.255,-0.0,-0.084,1.161,-0.31,-50.08,11.45,2,2.01,1,0.773,6.79,-7.81,1.66,1,5,0.2621,0.2436,0.2658,0.2492
108.302,1,0.668,-4.74,0.8,4,77.5,20.52,0.2459,-0.0015,0.254,0.002,-0.021,1.168,-0.318,-50.19,11.45,2,2.01,1,0.795,5.33,-8.96,1.405,1,5,0.2602,0.2455,0.2658,0.2473
108.341,1,0.672,-3.99,0.35,4,78.1,20.89,0.2601,0.0155,0.253,0.001,0.026,1.171,-0.322,-50.13,11.45,2,2.01,1,0.731,35.87,-15.48,0.0,0,5,0.2602,0.2455,0.2621,0.2436
108.404,1,0.685,-4.49,0.62,4,75.2,20.56,0.2808,0.0216,0.25,0.002,0.042,1.184,-0.337,-50.42,11.45,2,0.43,1,0.774,4.85,-7.58,-2.974,1,5,0.2504,0.2467,0.2578,0.2448
108.504,1,0.665,-3.74,0.5,4,76.6,20.51,0.3096,0.0161,0.269,0.002,0.028,1.201,-0.358,-50.36,11.45,2,0.43,1,0.768,9.69,-2.71,0.606,1,5,0.2642,0.2735,0.2679,0.2698
108.639,1,0.684,-2.99,0.6,4,77.4,20.89,0.2813,0.0145,0.304,0.003,0.007,1.224,-0.385,-50.31,11.45,2,0.12,1,0.338,9.01,-0.88,-3.829,1,4,0.2967,0.3097,0.3042,0.3042
108.706,1,0.677,-2.99,0.6,4,77.4,20.89,0.2836,0.0023,0.311,0.003,0.016,1.241,-0.405,-50.42,11.45,2,0.12,1,0.339,9.01,-0.89,-3.829,1,4,0.3086,0.3122,0.3159,0.3086
108.804,1,0.691,-3.24,0.28,4,74.9,20.95,0.3,0.0028,0.304,0.0,0.033,1.26,-0.428,-50.53,11.45,2,0.52,1,0.346,7.81,-2.09,-3.838,1,4,0.3067,0.2994,0.3086,0.3012
108.839,1,0.686,-2.99,0.6,4,75.5,20.89,0.276,0.0193,0.303,0.0,-0.087,1.264,-0.433,-50.59,11.45,2,0.52,1,0.34,9.01,-0.86,-3.829,1,4,0.3078,0.2986,0.3078,0.2986
108.97,1,0.655,-3.74,0.64,4,76.6,20.78,0.2989,0.0032,0.29,-0.001,-0.031,1.289,-0.463,-50.82,11.45,2,0.52,1,0.347,7.21,1.25,-2.733,1,4,0.2886,0.2922,0.285,0.2922
109.002,1,0.67,-3.74,0.09,4,75.4,20.95,0.2942,0.011,0.285,0.0,0.062,1.292,-0.468,-50.76,11.45,2,0.52,1,0.361,7.21,-1.15,0.102,1,4,0.2822,0.2876,0.284,0.2876
109.104,1,0.682,-3.49,-0.16,4,77.7,21.03,0.3245,0.0307,0.295,-0.003,-0.035,1.314,-0.495,-50.76,11.46,2,0.52,1,0.724,59.62,-18.75,0.0,0,5,0.2967,0.2949,0.2893,0.3004
109.203,1,0.519,-2.99,-0.04,3,76.5,20.96,0.2645,0.037,0.312,0.001,-0.01,1.334,-0.519,-50.76,11.46,2,0.64,1,0.333,8.41,0.85,-2.066,1,4,0.3023,0.3153,0.3004,0.3134
109.303,1,0.527,-2.5,0.03,3,77.2,20.81,0.2358,0.0275,0.291,0.006,0.001,1.353,-0.542,-50.71,11.46,2,0.64,1,0.361,9.01,-0.4,-1.288,1,4,0.2853,0.2964,0.2964,0.2853
109.405,1,0.535,-1.75,0.21,3,75.4,20.46,0.2323,0.0206,0.264,0.005,-0.068,1.37,-0.562,-50.82,11.46,2,0.98,1,0.384,9.62,-1.76,-1.37,1,4,0.2671,0.2634,0.2745,0.2522
109.438,1,0.501,-2.0,-0.15,3,70.9,20.96,0.2272,0.0061,0.258,0.007,-0.113,1.374,-0.565,-50.94,11.46,2,0.98,1,0.854,12.12,-0.39,4.603,1,5,0.2559,0.2596,0.2708,0.2448
109.472,1,0.58,-2.0,-0.11,4,70.2,20.7,0.215,0.0212,0.249,0.011,0.002,1.38,-0.573,-51.05,11.46,2,0.98,1,0.864,11.63,-2.72,5.922,1,5,0.2411,0.2504,0.2689,0.2355
109.533,1,0.609,-2.0,-0.58,4,68.8,20.21,0.1981,0.0206,0.238,0.01,-0.056,1.389,-0.583,-51.22,11.46,2,0.98,1,0.893,10.18,-2.03,2.704,1,5,0.2337,0.2355,0.2596,0.2226
109.57,1,0.522,-2.25,-0.56,3,70.7,20.46,0.2123,0.0352,0.226,0.009,-0.04,1.395,-0.59,-51.39,11.46,2,0.98,1,0.928,7.27,-2.04,-2.76,1,5,0.2207,0.2226,0.2467,0.2133
109.601,1,0.643,-2.5,-0.62,4,70.6,19.95,0.2262,0.0386,0.219,0.01,-0.04,1.398,-0.593,-51.45,11.44,2,1.83,1,0.935,6.3,-3.65,-3.307,1,5,0.217,0.2188,0.2392,0.2021
109.703,1,0.619,-2.5,-1.1,4,69.6,20.08,0.1849,0.0401,0.208,0.002,0.069,1.414,-0.612,-51.51,11.44,2,1.83,1,0.919,6.3,-5.69,-2.816,1,5,0.2056,0.2112,0.2093,0.2056
109.802,1,0.691,-2.25,-0.94,4,72.0,20.16,0.1809,0.0524,0.199,0.003,-0.012,1.424,-0.624,-51.45,11.44,2,1.83,1,0.899,7.27,-4.71,-5.205,1,5,0.1892,0.2077,0.1966,0.2021
109.832,1,0.713,-2.0,-0.77,4,74.8,20.0,0.1693,0.0437,0.188,0.002,0.086,1.428,-0.63,-51.39,11.44,2,-0.44,1,0.899,7.27,-4.71,-5.205,1,5,0.1743,0.191,0.1892,0.1966
109.898,1,0.688,-2.25,-0.33,4,71.4,20.16,0.1386,0.034,0.176,0.005,-0.024,1.435,-0.638,-51.28,11.44,2,-0.44,1,0.873,8.24,-3.51,-6.813,1,5,0.1649,0.1834,0.1778,0.176
109.932,1,0.69,-1.75,-0.82,4,72.1,20.16,0.1266,0.0272,0.17,0.001,-0.037,1.439,-0.643,-51.34,11.44,2,-0.44,1,0.873,8.24,-3.51,-6.813,1,5,0.169,0.1763,0.1671,0.169
110.002,1,0.645,-1.75,-1.29,4,74.0,20.16,0.1338,0.0322,0.152,-0.005,0.017,1.444,-0.65,-51.34,11.44,2,-0.44,1,0.856,11.63,4.63,-3.69,1,5,0.1564,0.151,0.1437,0.1583
110.039,1,0.546,-2.25,-0.2,3,73.8,19.85,0.1477,0.0448,0.14,-0.001,-0.015,1.448,-0.654,-51.28,11.48,2,-2.74,1,0.821,14.06,8.85,-4.557,1,5,0.1394,0.1413,0.1376,0.1431
110.104,1,0.637,-2.75,-0.8,4,74.3,20.16,0.1688,0.0263,0.128,-0.001,-0.008,1.454,-0.662,-51.39,11.48,2,-2.74,1,0.858,14.06,12.98,-0.419,1,5,0.1298,0.1261,0.1261,0.128
110.203,1,0.644,-2.25,-1.17,4,71.9,19.87,0.2038,0.0495,0.131,-0.002,0.139,1.462,-0.673,-51.11,11.48,2,-2.74,1,0.827,15.03,14.66,2.63,1,5,0.1247,0.1302,0.1174,0.1394
110.24,1,0.649,-1.25,-1.26,4,73.9,20.16,0.2179,0.0559,0.136,-0.003,0.208,1.464,-0.675,-50.88,11.48,2,-2.37,1,0.814,15.99,15.69,2.63,1,5,0.1283,0.1429,0.1228,0.1484
110.27,1,0.649,-1.25,-0.5,4,74.3,20.16,0.2248,0.0472,0.151,-0.003,0.106,1.468,-0.681,-50.76,11.48,2,-2.37,1,0.817,16.96,19.0,0.0,0,5,0.1396,0.1616,0.1341,0.169
110.303,1,0.54,-0.75,0.17,3,73.8,19.85,0.2388,0.0254,0.169,-0.005,0.094,1.472,-0.686,-50.53,11.48,2,-2.37,1,0.816,16.96,17.41,0.0,0,5,0.1574,0.1815,0.1463,0.1889
110.403,1,0.544,0.5,0.74,3,73.6,19.59,0.2155,-0.0001,0.208,-0.005,-0.04,1.485,-0.703,-50.19,11.48,2,-2.37,1,0.762,13.57,20.11,0.0,0,5,0.2003,0.217,0.1892,0.2244
110.503,1,0.553,1.5,0.37,3,76.3,19.85,0.2496,-0.0324,0.212,-0.004,-0.05,1.499,-0.719,-50.02,11.48,2,2.3,1,0.749,10.66,21.95,0.0,0,5,0.2139,0.2121,0.2048,0.2175
110.606,1,0.547,1.5,0.37,3,77.2,19.85,0.1931,-0.0263,0.23,-0.001,-0.046,1.514,-0.737,-50.13,11.48,2,6.3,1,0.731,5.33,30.52,0.0,0,5,0.2318,0.2244,0.2337,0.2318
110.698,1,0.544,1.75,0.79,3,77.1,19.85,0.1332,-0.022,0.221,0.001,-0.062,1.525,-0.751,-50.25,11.48,2,6.3,1,0.727,4.36,34.91,0.0,0,5,0.2325,0.2178,0.2252,0.2067
110.732,1,0.543,1.25,0.93,3,77.1,20.2,0.1212,-0.0325,0.215,0.002,-0.123,1.531,-0.757,-50.53,11.48,2,6.3,1,0.727,4.36,34.91,0.0,0,5,0.2196,0.2067,0.227,0.2067
110.77,1,0.538,1.25,0.22,3,77.5,20.2,0.12,-0.0285,0.205,0.005,-0.064,1.536,-0.763,-50.71,11.48,2,6.3,1,0.732,-0.48,43.68,0.0,0,5,0.2003,0.1947,0.2244,0.2003
110.8,1,0.541,1.25,0.31,3,75.6,20.44,0.12,-0.0151,0.2,0.005,-0.088,1.538,-0.766,-50.76,11.48,2,6.3,1,0.762,-3.39,46.04,0.0,0,5,0.1947,0.1855,0.2244,0.1966
110.897,1,0.542,0.25,-0.56,3,76.2,20.2,0.12,-0.0171,0.18,0.007,-0.079,1.55,-0.78,-51.34,11.48,2,10.45,1,0.763,-6.3,49.98,0.0,0,5,0.1984,0.1743,0.2003,0.1484
110.932,1,0.543,-0.25,-0.06,3,77.7,20.44,0.12,0.012,0.167,0.009,-0.162,1.554,-0.784,-51.62,11.48,2,10.45,1,0.763,-6.3,49.98,0.0,0,5,0.1892,0.1651,0.1873,0.128
111.002,1,0.531,-0.75,-1.16,3,76.5,20.46,0.12,0.0058,0.153,0.011,-0.088,1.563,-0.793,-52.31,11.49,2,16.71,1,0.8,-19.87,45.86,0.0,0,5,0.1576,0.1391,0.1873,0.1261
111.07,1,0.48,-1.25,-4.14,3,77.6,20.46,0.12,0.0313,0.14,0.011,-0.116,1.568,-0.799,-52.6,11.49,2,16.71,1,0.819,-21.33,44.86,0.0,0,5,0.1428,0.1205,0.1817,0.115
111.102,1,0.499,-1.75,-3.86,3,78.0,20.46,0.12,0.0934,0.132,0.01,-0.043,1.571,-0.803,-52.83,11.49,2,16.71,1,0.81,-23.27,42.95,0.0,0,5,0.1428,0.1168,0.1762,0.1076
111.3,1,0.521,-2.99,1.33,4,80.9,27.26,0.12,0.0902,0.114,0.007,0.007,1.585,-0.82,-53.23,11.49,2,18.87,1,0.82,-15.03,37.66,0.0,0,5,0.0977,0.1143,0.1272,0.1161
111.37,1,0.487,-2.5,4.99,4,80.9,27.96,0.12,0.0046,0.111,-0.001,0.071,1.589,-0.825,-53.06,11.49,2,18.87,1,0.818,-10.66,31.54,0.0,0,5,0.1082,0.1156,0.1046,0.1156
111.402,1,0.485,-2.5,8.06,4,81.0,29.13,0.12,-0.0723,0.108,-0.004,0.01,1.592,-0.829,-52.94,11.49,2,18.87,1,0.825,-10.66,30.87,0.0,0,5,0.1122,0.1214,0.0864,0.1122
111.5,1,0.309,-5.99,18.29,3,83.2,32.44,0.12,-0.1315,0.1,-0.002,0.021,1.596,-0.835,-52.77,11.49,2,25.27,1,0.828,-15.03,13.52,0.0,0,5,0.0933,0.1094,0.0879,0.1112
111.601,1,0.479,-4.24,25.24,4,85.1,26.91,0.12,-0.2909,0.098,-0.0,-0.049,1.603,-0.844,-52.94,11.49,2,25.27,1,0.868,-20.36,-6.73,7.677,1,5,0.0979,0.0905,0.1072,0.0961
111.7,1,0.591,-2.99,27.87,5,85.2,26.95,0.12,-0.4454,0.102,-0.005,-0.147,1.608,-0.851,-53.34,11.5,2,35.48,1,0.835,-28.11,-25.77,0.0,0,5,0.126,0.0908,0.1037,0.0871
111.737,1,0.631,-2.99,28.51,5,84.8,28.95,0.12,-0.5101,0.104,-0.007,-0.206,1.611,-0.856,-53.92,11.5,2,35.48,1,0.91,-31.02,-34.07,0.0,0,5,0.1391,0.0742,0.1187,0.0835
111.802,1,0.634,-5.24,29.82,5,82.8,32.44,0.12,-0.5204,0.11,-0.012,-0.294,1.614,-0.862,-54.77,11.5,2,35.48,1,0.913,-37.81,-42.14,0.0,0,5,0.1565,0.0479,0.1473,0.0884
111.898,1,0.697,-4.99,27.19,5,82.2,28.95,0.12,-0.5206,0.109,-0.021,-0.391,1.618,-0.871,-56.44,11.5,2,41.85,1,0.936,-41.68,-49.03,0.0,0,5,0.1873,0.0275,0.1488,0.0735
111.97,1,0.652,-8.24,24.7,5,81.2,30.59,0.12,-0.4744,0.112,-0.013,-0.362,1.622,-0.879,-58.04,11.5,2,41.85,1,0.931,-40.23,-50.77,0.0,0,5,0.1928,0.0331,0.1653,0.0569
112.006,1,0.648,-3.49,20.82,5,81.1,22.19,0.12,-0.3889,0.113,-0.009,-0.4,1.624,-0.883,-58.9,11.5,2,41.85,1,0.931,-40.23,-50.77,0.0,0,5,0.1922,0.0407,0.1663,0.0517
112.101,1,0.667,-5.74,19.5,5,80.9,21.6,0.12,-0.3705,0.105,-0.007,-0.335,1.628,-0.89,-60.68,11.52,2,31.27,1,0.926,-29.08,-37.0,0.0,0,5,0.1778,0.037,0.1574,0.0463
112.202,1,0.656,-6.24,17.19,5,79.7,21.6,0.12,-0.3192,0.11,0.0,-0.294,1.633,-0.9,-62.57,11.52,2,31.27,1,0.917,-21.33,-24.07,0.0,0,5,0.1618,0.0515,0.1692,0.057
112.232,1,0.675,-6.24,17.02,5,79.0,21.6,0.12,-0.2693,0.107,0.0,-0.275,1.635,-0.904,-63.25,11.52,2,19.27,1,0.917,-21.33,-24.07,0.0,0,5,0.1563,0.057,0.1581,0.057
112.297,1,0.669,-6.24,15.87,5,80.2,21.6,0.12,-0.268,0.108,0.002,-0.206,1.638,-0.91,-64.11,11.52,2,19.27,1,0.858,-15.51,-14.55,2.502,1,5,0.1556,0.0667,0.1537,0.0556
112.364,1,0.677,-6.24,14.88,5,78.4,21.46,0.12,-0.2468,0.11,0.002,-0.295,1.642,-0.918,-65.32,11.52,2,19.27,1,0.817,-7.27,1.7,5.947,1,5,0.1502,0.0686,0.1558,0.0668
112.395,1,0.684,-6.24,14.25,5,78.2,21.46,0.12,-0.2279,0.109,0.0,-0.244,1.643,-0.92,-65.6,11.52,2,19.27,1,0.817,-7.27,1.7,5.947,1,5,0.1484,0.0668,0.1521,0.0686
112.496,1,0.706,-5.49,12.72,5,79.7,20.96,0.12,-0.2163,0.109,0.005,-0.179,1.647,-0.929,-66.63,11.52,2,7.27,1,0.78,5.82,21.11,0.0,0,5,0.1472,0.0736,0.1544,0.061
112.571,1,0.765,-5.49,12.37,5,77.8,20.96,0.12,-0.1955,0.113,0.0,-0.136,1.651,-0.937,-67.38,11.52,2,7.27,1,0.823,8.72,30.62,0.0,0,5,0.1383,0.0862,0.14,0.0862
112.602,1,0.606,-5.74,12.05,4,77.8,21.14,0.12,-0.1882,0.109,-0.006,-0.201,1.652,-0.941,-67.9,11.52,2,7.27,1,0.82,8.24,31.48,0.0,0,5,0.1371,0.0815,0.1241,0.0945
112.696,1,0.697,-4.49,10.83,5,80.7,20.96,0.12,-0.1788,0.11,0.001,-0.186,1.656,-0.949,-68.47,11.54,2,6.04,1,0.819,9.21,28.74,0.0,0,5,0.1362,0.0865,0.1362,0.081
112.771,1,0.778,-4.24,10.67,5,78.5,20.46,0.12,-0.1695,0.112,0.006,-0.158,1.659,-0.958,-69.27,11.54,2,6.04,1,0.819,8.24,26.02,0.0,0,5,0.1316,0.0877,0.1481,0.0804
112.803,1,0.768,-3.74,10.57,5,77.8,20.46,0.12,-0.1684,0.106,0.005,-0.138,1.661,-0.961,-69.56,11.54,2,6.04,1,0.819,8.24,26.02,0.0,0,5,0.1295,0.0802,0.1404,0.0729
112.902,1,0.794,-3.24,11.0,5,77.6,20.46,0.12,-0.17,0.115,0.005,-0.235,1.665,-0.972,-70.47,11.54,2,9.89,1,0.806,2.91,15.67,3.741,1,5,0.1391,0.0946,0.1447,0.0816
112.996,1,0.691,-3.74,9.5,5,77.2,20.44,0.12,-0.1824,0.108,0.006,-0.17,1.669,-0.98,-71.33,11.54,2,9.89,1,0.818,-1.45,1.04,-1.001,1,5,0.128,0.0816,0.1465,0.0742
113.067,1,0.674,-3.24,8.08,5,77.9,20.81,0.12,-0.1475,0.108,0.005,-0.157,1.672,-0.988,-72.19,11.56,2,14.24,1,0.852,-10.18,-19.21,0.0,0,5,0.1332,0.0814,0.1443,0.074
113.102,1,0.694,-2.99,7.96,5,76.5,20.96,0.12,-0.1264,0.112,0.005,-0.168,1.673,-0.992,-72.54,11.56,2,14.24,1,0.862,-9.69,-20.72,0.0,0,5,0.1371,0.0815,0.1519,0.0759
113.196,1,0.674,-2.75,6.86,5,77.4,20.46,0.12,-0.126,0.11,0.01,-0.097,1.677,-1.0,-73.28,11.56,2,14.24,1,0.85,-8.72,-22.65,0.0,0,5,0.1335,0.0964,0.1447,0.0668
113.238,1,0.673,-2.99,6.63,5,77.5,20.96,0.12,-0.1077,0.11,0.009,-0.13,1.678,-1.005,-73.57,11.56,2,10.36,1,0.843,-5.82,-14.93,0.0,0,5,0.1315,0.0963,0.1408,0.0704
113.268,1,0.655,-3.24,6.34,5,77.5,20.46,0.12,-0.0999,0.11,0.005,-0.199,1.679,-1.009,-74.03,11.56,2,10.36,1,0.838,-4.85,-15.83,0.0,0,5,0.1293,0.0868,0.1423,0.0813
113.296,1,0.66,-3.24,6.02,5,78.2,20.81,0.12,-0.0914,0.113,0.002,-0.155,1.68,-1.011,-74.2,11.56,2,10.36,1,0.838,-4.85,-15.83,0.0,0,5,0.1324,0.0864,0.1434,0.0883
113.395,1,0.699,-2.75,5.11,5,78.0,20.46,0.12,-0.0856,0.113,0.008,-0.076,1.684,-1.022,-74.89,11.56,2,10.36,1,0.808,1.45,-5.9,0.0,0,5,0.128,0.102,0.1391,0.0816
113.466,1,0.679,-2.99,5.18,5,77.8,20.96,0.12,-0.0741,0.118,0.003,-0.115,1.686,-1.03,-75.23,11.56,2,6.0,1,0.827,1.94,-3.92,0.0,0,5,0.1297,0.1019,0.1408,0.1
113.502,1,0.692,-2.75,5.01,5,77.4,20.46,0.12,-0.072,0.12,0.003,-0.094,1.688,-1.035,-75.46,11.56,2,6.0,1,0.813,2.91,-5.65,0.0,0,5,0.1308,0.1003,0.1415,0.1003
113.602,1,0.722,-2.75,4.42,5,77.0,20.46,0.12,-0.0714,0.119,0.003,-0.066,1.691,-1.046,-76.15,11.56,2,6.0,1,0.836,5.82,-0.01,0.0,0,5,0.1334,0.1037,0.1408,0.1
113.633,1,0.725,-2.75,4.29,5,77.9,20.46,0.12,-0.0601,0.119,0.002,-0.078,1.692,-1.051,-76.32,11.57,2,4.37,1,0.832,5.82,-0.75,0.0,0,5,0.128,0.0983,0.1428,0.102
113.667,1,0.73,-2.75,4.39,5,77.5,20.46,0.12,-0.0576,0.119,0.001,-0.051,1.692,-1.053,-76.38,11.57,2,4.37,1,0.838,5.82,-2.23,0.0,0,5,0.1315,0.0982,0.1426,0.1056
113.696,1,0.734,-2.75,3.8,5,77.7,20.46,0.12,-0.0593,0.12,0.001,-0.104,1.693,-1.056,-76.49,11.57,2,4.37,1,0.838,5.82,-2.23,0.0,0,5,0.1307,0.1031,0.1381,0.1068
113.766,1,0.749,-2.99,4.24,5,79.1,20.96,0.12,-0.048,0.116,0.0,-0.029,1.696,-1.067,-76.89,11.57,2,4.37,1,0.818,5.33,-5.61,0.0,0,5,0.1331,0.1149,0.1185,0.0985
113.798,1,0.748,-2.99,4.15,5,79.1,20.96,0.12,-0.0535,0.116,0.0,-0.029,1.696,-1.067,-76.89,11.57,2,4.37,1,0.831,4.85,-4.82,0.0,0,5,0.1331,0.1149,0.1185,0.0985
113.866,1,0.734,-2.99,3.39,5,79.6,20.96,0.12,-0.052,0.116,-0.002,-0.045,1.698,-1.077,-77.23,11.57,2,3.42,1,0.84,4.36,-8.2,0.0,0,5,0.1269,0.103,0.125,0.1103
113.899,1,0.729,-3.24,3.67,5,80.3,20.46,0.12,-0.0378,0.116,-0.003,-0.044,1.698,-1.079,-77.23,11.57,2,3.42,1,0.831,4.36,-8.51,0.0,0,5,0.1261,0.0983,0.128,0.1131
113.967,1,0.749,-2.99,3.27,5,80.1,20.96,0.12,-0.0403,0.117,-0.003,-0.058,1.7,-1.088,-77.52,11.57,2,3.42,1,0.798,6.79,-11.09,0.0,0,5,0.1298,0.1001,0.128,0.1094
113.994,1,0.746,-2.75,3.07,5,80.9,20.46,0.12,-0.036,0.117,-0.002,-0.03,1.7,-1.09,-77.58,11.57,2,3.42,1,0.798,6.79,-11.09,0.0,0,5,0.1298,0.1039,0.1261,0.1094
114.066,1,0.736,-2.75,3.16,5,79.7,20.46,0.12,-0.0347,0.121,0.001,-0.018,1.703,-1.1,-77.75,11.59,2,2.16,1,0.843,8.72,-4.51,0.0,0,5,0.1317,0.1187,0.1261,0.1094
114.099,1,0.749,-2.75,3.06,5,79.0,20.46,0.12,-0.0361,0.122,-0.001,-0.134,1.703,-1.102,-77.86,11.59,2,2.16,1,0.837,8.72,-4.63,0.0,0,5,0.1317,0.115,0.128,0.115
114.199,1,0.762,-2.5,3.22,5,79.0,20.96,0.12,-0.0339,0.121,0.0,-0.048,1.705,-1.114,-78.21,11.59,2,2.16,1,0.828,8.24,-6.91,0.0,0,5,0.1298,0.1094,0.1317,0.1113
114.237,1,0.76,-2.25,3.39,5,79.0,20.81,0.12,-0.0398,0.12,0.003,-0.107,1.707,-1.121,-78.32,11.59,2,0.41,1,0.837,8.72,-7.88,0.0,0,5,0.1224,0.115,0.1298,0.1113
114.302,1,0.632,-2.5,3.97,5,79.3,20.96,0.12,-0.0456,0.123,0.002,-0.075,1.709,-1.128,-78.5,11.59,2,0.41,1,0.846,10.18,-1.1,-5.096,1,5,0.1224,0.115,0.1335,0.1113
114.366,1,0.75,-2.5,1.84,5,79.6,20.96,0.12,-0.0533,0.125,0.0,-0.097,1.711,-1.138,-78.9,11.59,2,0.41,1,0.85,9.69,-2.78,-3.999,1,5,0.1334,0.1111,0.1389,0.1148
114.398,1,0.695,-2.5,2.24,5,79.3,20.96,0.1338,-0.0162,0.125,0.0,-0.097,1.711,-1.138,-78.9,11.59,2,0.41,1,0.848,9.21,-3.08,-5.152,1,5,0.1334,0.1111,0.1389,0.1148
114.433,1,0.665,-2.5,1.47,5,78.2,20.96,0.1409,-0.0269,0.121,0.001,-0.043,1.712,-1.143,-79.01,11.59,2,-2.01,1,0.848,9.21,-3.08,-5.152,1,5,0.1286,0.1102,0.1341,0.1102
114.499,1,0.789,-2.75,0.35,5,77.3,20.44,0.12,-0.0056,0.125,0.003,-0.033,1.713,-1.151,-79.13,11.59,2,-2.01,1,0.783,14.54,6.63,-5.719,1,5,0.1291,0.1184,0.1363,0.1148
114.568,1,0.835,-2.5,-0.44,5,77.7,20.96,0.12,0.0186,0.128,0.002,-0.098,1.716,-1.161,-79.3,11.59,2,-2.01,1,0.847,14.54,9.58,-3.906,1,5,0.1335,0.128,0.1335,0.1187
114.6,1,0.837,-2.0,-1.9,5,78.1,19.85,0.134,0.0314,0.127,-0.0,-0.046,1.716,-1.163,-79.41,11.59,2,-2.01,1,0.82,15.99,7.59,-5.136,1,5,0.1317,0.1261,0.1261,0.1224
114.666,1,0.801,-1.5,-2.74,5,76.8,20.56,0.12,0.0531,0.122,-0.001,0.029,1.718,-1.173,-79.41,11.6,2,-5.8,1,0.857,18.42,18.37,0.0,0,5,0.122,0.1201,0.122,0.1238
114.699,1,0.738,3.24,-3.09,5,77.1,20.2,0.1341,0.0691,0.121,0.0,0.049,1.718,-1.175,-79.35,11.6,2,-5.8,1,0.835,20.36,17.82,0.0,0,5,0.1201,0.1183,0.1238,0.122
114.764,1,0.793,-1.5,-2.47,5,78.7,20.56,0.155,0.0327,0.128,-0.001,-0.015,1.72,-1.185,-79.35,11.6,2,-5.8,1,0.859,21.33,23.76,0.0,0,5,0.1298,0.1298,0.1224,0.128
114.799,1,0.784,-1.5,-2.35,5,77.9,20.56,0.1689,0.0824,0.129,-0.001,0.015,1.72,-1.188,-79.35,11.6,2,-5.8,1,0.864,21.33,23.77,0.0,0,5,0.1298,0.1335,0.1224,0.1298
114.865,1,0.791,-1.25,-2.36,5,77.4,20.46,0.149,0.0706,0.14,-0.0,0.093,1.722,-1.199,-79.13,11.6,2,-4.54,1,0.861,21.33,24.61,0.0,0,5,0.1317,0.1502,0.128,0.1484
114.894,1,0.786,-1.0,-2.22,5,78.2,20.96,0.1472,0.0667,0.147,-0.0,0.106,1.723,-1.202,-78.95,11.6,2,-4.54,1,0.861,21.33,24.61,0.0,0,5,0.1354,0.1595,0.1335,0.1595
115.0,1,0.792,-1.0,-1.53,5,79.0,20.96,0.1538,0.0618,0.158,-0.004,0.039,1.726,-1.218,-78.78,11.6,2,-4.54,1,0.845,15.03,13.57,-0.162,1,5,0.1539,0.1669,0.1409,0.1706
115.066,1,0.801,0.0,-1.57,5,78.5,20.81,0.1614,0.0469,0.155,0.002,0.061,1.729,-1.23,-78.5,11.61,2,0.42,1,0.852,12.6,4.43,-3.259,1,5,0.1414,0.1616,0.1524,0.1635
115.1,1,0.799,0.0,-1.3,5,78.6,20.96,0.1754,0.0387,0.158,0.005,0.015,1.729,-1.233,-78.5,11.61,2,0.42,1,0.825,11.15,6.88,-2.827,1,5,0.1451,0.169,0.158,0.1616
115.165,1,0.81,-0.5,-1.48,5,79.6,20.96,0.1811,0.0338,0.168,-0.003,0.038,1.732,-1.247,-78.5,11.61,2,0.42,1,0.842,9.69,-1.73,-3.485,1,5,0.1659,0.1659,0.1641,0.1751
115.198,1,0.817,-0.5,-1.44,5,80.3,20.96,0.1755,0.044,0.168,-0.005,0.041,1.732,-1.25,-78.44,11.61,2,0.42,1,0.848,9.69,-1.72,-5.154,1,5,0.1663,0.1645,0.1627,0.1791
115.365,1,0.806,0.5,-1.13,5,78.6,20.56,0.1778,0.0428,0.175,-0.006,0.122,1.738,-1.282,-77.98,11.61,2,2.25,1,0.842,10.66,0.4,-6.96,1,5,0.1706,0.1762,0.1632,0.191
115.4,1,0.802,0.5,-1.26,5,79.8,20.44,0.1597,0.0205,0.173,-0.003,0.051,1.739,-1.285,-77.86,11.61,2,2.25,1,0.856,10.66,2.04,-3.292,1,5,0.1669,0.1799,0.1613,0.1855
115.433,1,0.798,0.5,-1.12,5,79.5,20.56,0.1476,0.0221,0.175,-0.001,0.068,1.741,-1.292,-77.81,11.61,2,0.34,1,0.847,11.15,1.5,-3.887,1,5,0.1688,0.1836,0.1632,0.1836
115.464,1,0.798,0.5,-0.56,5,78.8,20.2,0.1395,0.0185,0.175,-0.006,-0.03,1.741,-1.299,-77.81,11.61,2,0.34,1,0.849,11.63,2.56,-4.803,1,5,0.1743,0.1762,0.1613,0.1892
115.498,1,0.794,0.5,-0.94,5,78.8,20.81,0.1534,0.0079,0.173,-0.01,0.031,1.742,-1.302,-77.81,11.61,2,0.34,1,0.835,11.63,2.5,-4.828,1,5,0.1762,0.1706,0.1558,0.1892
115.568,1,0.794,0.25,-0.15,5,77.8,20.56,0.1507,0.017,0.158,-0.003,-0.107,1.745,-1.315,-77.75,11.61,2,0.34,1,0.853,11.63,3.5,-2.668,1,5,0.1581,0.1655,0.1453,0.1637
115.598,1,0.789,-0.5,-0.79,5,78.4,20.44,0.1648,0.002,0.158,-0.003,0.03,1.745,-1.318,-77.75,11.61,2,0.34,1,0.832,11.15,2.62,-3.295,1,5,0.1563,0.1618,0.1489,0.1655
115.698,1,0.791,-0.25,-0.71,5,78.0,20.56,0.1492,0.024,0.153,-0.006,-0.002,1.748,-1.333,-77.75,11.59,2,-0.68,1,0.855,13.57,8.1,-4.525,1,5,0.1595,0.1465,0.1484,0.1595
115.764,1,0.785,0.0,-0.97,5,77.8,20.81,0.1375,0.0176,0.155,-0.003,0.031,1.75,-1.345,-77.58,11.59,2,-0.68,1,0.847,13.57,8.1,-4.529,1,5,0.1574,0.1612,0.1426,0.1574
115.798,1,0.783,0.0,-0.77,5,77.6,20.56,0.1319,0.0196,0.153,-0.004,-0.009,1.751,-1.348,-77.58,11.59,2,-0.68,1,0.833,14.54,9.63,-2.404,1,5,0.1519,0.1537,0.1445,0.163
115.865,1,0.803,0.5,-0.58,5,76.5,20.56,0.1322,0.0157,0.142,-0.005,-0.001,1.753,-1.359,-77.46,11.59,2,-1.42,1,0.817,15.03,11.42,2.497,1,5,0.1372,0.1372,0.1372,0.1576
115.933,1,0.777,0.25,-0.8,5,76.6,20.46,0.1532,0.0078,0.138,-0.003,0.075,1.754,-1.367,-77.58,11.59,2,-1.42,1,0.799,14.54,13.27,0.0,0,5,0.1354,0.1391,0.1317,0.1465
115.963,1,0.783,0.25,-0.33,5,76.7,20.2,0.131,0.0141,0.139,-0.001,0.05,1.755,-1.37,-77.46,11.59,2,-1.42,1,0.801,14.54,16.02,0.0,0,5,0.1354,0.1409,0.1335,0.1447
115.999,1,0.79,0.5,-0.69,5,76.8,20.81,0.1394,0.005,0.14,-0.003,-0.004,1.756,-1.376,-77.46,11.59,2,-1.42,1,0.809,14.54,18.32,0.0,0,5,0.1372,0.1354,0.1391,0.1484
116.064,1,0.795,0.5,-0.15,5,76.5,20.81,0.1598,0.0119,0.139,-0.003,-0.034,1.758,-1.386,-77.46,11.57,2,0.57,1,0.813,14.54,21.92,0.0,0,5,0.1391,0.1354,0.1354,0.1447
116.1,1,0.794,0.75,-0.49,5,75.6,20.56,0.1739,-0.0009,0.139,-0.003,-0.09,1.759,-1.389,-77.52,11.57,2,0.57,1,0.797,11.63,21.71,0.0,0,5,0.1409,0.1409,0.1317,0.1428
116.164,1,0.826,0.75,-0.5,5,76.6,20.56,0.1698,0.0051,0.147,-0.002,0.058,1.761,-1.401,-77.35,11.57,2,0.57,1,0.819,11.63,20.61,0.0,0,5,0.1447,0.1502,0.1391,0.1521
116.199,1,0.834,0.75,-0.25,5,76.8,20.46,0.1838,0.0065,0.152,-0.002,0.031,1.762,-1.404,-77.29,11.57,2,0.57,1,0.797,8.72,22.74,0.0,0,5,0.1484,0.1521,0.1465,0.1595
116.236,1,0.853,1.25,-0.62,5,76.8,20.46,0.1977,0.0002,0.157,-0.004,0.003,1.763,-1.41,-77.29,11.57,2,4.19,1,0.801,7.76,19.62,0.0,0,5,0.1539,0.1521,0.1539,0.1688
116.265,1,0.851,1.75,-0.46,5,77.7,20.46,0.2047,0.0053,0.162,-0.005,-0.008,1.764,-1.417,-77.29,11.57,2,4.19,1,0.8,8.24,23.95,0.0,0,5,0.1632,0.1613,0.1539,0.1706
116.299,1,0.834,3.49,-2.33,5,76.9,20.56,0.184,-0.0057,0.166,-0.004,0.035,1.765,-1.42,-77.29,11.57,2,4.19,1,0.799,6.79,26.84,0.0,0,5,0.1688,0.1688,0.1558,0.1725
116.364,1,0.816,5.49,-3.52,5,75.4,20.0,0.1653,0.0218,0.187,-0.001,0.005,1.768,-1.435,-77.12,11.57,2,4.19,1,0.815,5.33,28.47,0.0,0,5,0.1834,0.1889,0.1815,0.1926
116.398,1,0.818,5.99,-3.61,5,75.1,20.2,0.1416,0.0196,0.186,-0.001,-0.046,1.769,-1.439,-77.18,11.57,2,4.19,1,0.817,5.82,33.17,0.0,0,5,0.1815,0.1852,0.1834,0.1926
116.465,1,0.854,4.49,-2.05,5,74.6,20.2,0.12,0.0093,0.176,0.0,0.11,1.772,-1.452,-77.18,11.57,2,6.25,1,0.814,5.33,38.66,0.0,0,5,0.1741,0.1815,0.1723,0.1778
116.497,1,0.881,3.99,-0.49,5,75.5,20.2,0.12,-0.0006,0.175,0.001,0.12,1.773,-1.456,-77.06,11.57,2,6.25,1,0.818,4.85,40.82,0.0,0,5,0.1741,0.1797,0.1723,0.1741
116.567,1,0.883,3.74,0.84,5,74.9,20.2,0.12,-0.0253,0.155,-0.0,-0.096,1.776,-1.467,-77.06,11.57,2,6.25,1,0.828,0.97,40.06,0.0,0,5,0.1484,0.1539,0.1558,0.1632
116.598,1,0.872,3.49,0.49,5,73.9,20.44,0.12,-0.0481,0.147,0.001,-0.023,1.777,-1.47,-77.12,11.57,2,6.25,1,0.821,-2.42,38.55,0.0,0,5,0.1372,0.1484,0.1484,0.1558
116.664,1,0.855,3.74,-0.31,5,73.7,20.46,0.12,-0.0394,0.138,0.002,-0.018,1.779,-1.481,-77.12,11.58,2,14.19,1,0.832,-11.63,25.62,0.0,0,5,0.1372,0.1428,0.1428,0.1391
116.766,1,0.84,6.24,-2.1,5,73.8,20.0,0.12,-0.0277,0.117,0.005,-0.103,1.782,-1.492,-77.64,11.58,2,14.19,1,0.806,-15.99,25.15,0.0,0,5,0.1258,0.1129,0.1295,0.0981
116.799,1,0.836,5.99,-2.75,5,73.9,20.2,0.12,-0.023,0.111,0.005,-0.079,1.783,-1.494,-77.75,11.58,2,14.19,1,0.819,-16.48,21.6,0.0,0,5,0.1221,0.1073,0.1258,0.0907
116.862,1,0.839,5.74,-2.83,5,74.6,20.56,0.12,-0.0043,0.11,0.009,-0.054,1.785,-1.503,-77.98,11.58,2,15.7,1,0.828,-14.06,23.58,0.0,0,5,0.113,0.1056,0.1297,0.0871
116.93,1,0.841,5.49,-2.74,5,74.2,20.81,0.12,0.0015,0.114,0.006,-0.041,1.787,-1.509,-78.15,11.58,2,15.7,1,0.827,-12.12,25.45,0.0,0,5,0.115,0.1076,0.1335,0.1001
116.964,1,0.845,4.74,-1.45,5,73.9,22.04,0.12,0.003,0.115,0.004,-0.015,1.788,-1.514,-78.21,11.58,2,15.7,1,0.823,-10.66,24.52,0.0,0,5,0.1168,0.1131,0.1243,0.1039
117.064,1,0.826,3.49,3.33,5,74.4,20.96,0.12,-0.0139,0.108,0.0,-0.019,1.79,-1.525,-78.38,11.57,2,16.05,1,0.818,-6.79,27.67,0.0,0,5,0.1131,0.1113,0.1057,0.102
117.099,1,0.84,3.49,5.44,5,74.2,21.6,0.12,-0.091,0.109,0.001,-0.03,1.791,-1.527,-78.44,11.57,2,16.05,1,0.822,-4.85,28.49,0.0,0,5,0.1131,0.1113,0.1094,0.102
117.165,1,0.823,3.24,8.99,5,74.3,22.04,0.12,-0.1334,0.112,0.003,-0.051,1.793,-1.536,-78.61,11.57,2,16.05,1,0.779,-4.85,33.99,0.0,0,5,0.1157,0.1065,0.1231,0.0992
117.233,1,0.843,2.75,12.44,5,75.3,21.6,0.12,-0.1995,0.11,0.002,-0.054,1.794,-1.542,-78.84,11.57,2,26.52,1,0.773,-14.54,30.16,0.0,0,5,0.1195,0.0993,0.125,0.0956
117.265,1,0.831,3.49,13.56,5,75.2,21.67,0.12,-0.2601,0.108,0.003,-0.126,1.795,-1.546,-79.01,11.57,2,26.52,1,0.763,-15.99,26.2,0.0,0,5,0.125,0.0975,0.125,0.0846
117.331,1,0.817,0.0,16.92,5,73.8,21.6,0.12,-0.2913,0.11,0.002,-0.235,1.797,-1.553,-79.76,11.57,2,26.52,1,0.784,-21.33,23.27,0.0,0,5,0.1391,0.089,0.1354,0.0779
117.363,1,0.831,-1.25,17.62,5,72.4,21.6,0.12,-0.3141,0.11,0.0,-0.262,1.797,-1.555,-80.04,11.57,2,26.52,1,0.795,-23.75,22.47,0.0,0,5,0.1399,0.0829,0.1381,0.081
117.53,1,0.846,-2.25,16.11,5,72.8,21.42,0.12,-0.3233,0.116,-0.001,-0.245,1.8,-1.573,-82.33,11.57,2,33.8,1,0.754,-34.9,28.81,0.0,0,5,0.1639,0.0681,0.162,0.07
117.599,1,0.831,-2.5,14.94,5,71.4,20.96,0.12,-0.2852,0.115,0.001,-0.314,1.801,-1.58,-83.42,11.57,2,33.8,1,0.787,-36.84,35.51,0.0,0,5,0.1669,0.0631,0.1688,0.0593
117.662,1,0.838,-2.99,13.67,5,71.2,20.81,0.12,-0.2614,0.112,0.009,-0.308,1.803,-1.589,-84.91,11.57,2,32.27,1,0.821,-39.26,39.62,0.0,0,5,0.1595,0.0668,0.1725,0.0445
117.693,1,0.813,-2.99,12.85,5,70.7,21.02,0.12,-0.2312,0.114,0.01,-0.348,1.803,-1.591,-85.31,11.57,2,32.27,1,0.821,-39.26,39.62,0.0,0,5,0.1595,0.0705,0.178,0.0482
117.765,1,0.801,-3.24,11.79,5,70.8,20.81,0.12,-0.2175,0.119,0.01,-0.286,1.805,-1.6,-86.63,11.57,2,32.27,1,0.76,-42.17,43.59,0.0,0,5,0.1558,0.0779,0.1799,0.0612
117.797,1,0.815,-3.24,11.08,5,70.8,20.56,0.12,-0.1948,0.118,0.009,-0.271,1.805,-1.603,-86.92,11.57,2,32.27,1,0.756,-41.2,46.06,0.0,0,5,0.1539,0.0779,0.1762,0.0631
117.861,1,0.827,-3.74,10.15,5,70.7,21.02,0.12,-0.1818,0.115,0.007,-0.242,1.806,-1.61,-87.78,11.57,2,31.11,1,0.803,-43.14,50.28,0.0,0,5,0.1484,0.076,0.1688,0.0668
117.965,1,0.822,-3.74,8.55,5,70.9,20.46,0.12,-0.1595,0.116,0.001,-0.158,1.806,-1.624,-89.15,11.57,2,31.11,1,0.716,-39.74,58.8,0.0,0,5,0.1463,0.0889,0.1463,0.0834
118.062,1,0.842,-3.24,7.85,5,71.6,20.46,0.12,-0.1296,0.12,0.007,-0.134,1.807,-1.635,-89.9,11.57,2,32.72,1,0.783,-41.2,55.21,0.0,0,5,0.1409,0.102,0.1521,0.0835
118.097,1,0.851,-2.99,7.65,5,72.2,20.96,0.12,-0.1221,0.121,0.006,-0.159,1.807,-1.638,-90.07,11.57,2,32.72,1,0.814,-39.26,54.61,0.0,0,5,0.1445,0.1019,0.1519,0.0852
118.197,1,0.668,-2.75,6.09,4,70.3,20.79,0.12,-0.1203,0.121,0.003,-0.142,1.807,-1.65,-90.87,11.57,2,32.72,1,0.804,-33.44,52.79,0.0,0,5,0.1354,0.1001,0.1484,0.1001
118.364,1,0.629,-2.25,16.43,5,71.0,21.11,0.127,-0.0981,0.119,0.003,-0.082,1.807,-1.672,-91.79,11.57,2,36.63,1,0.802,-22.78,45.84,0.0,0,5,0.1389,0.1148,0.126,0.0963
118.463,1,0.507,-2.99,29.78,5,69.5,27.95,0.12,-0.2948,0.118,-0.005,-0.11,1.806,-1.684,-92.48,11.57,2,41.82,1,0.79,-19.39,40.36,0.0,0,5,0.1335,0.0872,0.1391,0.1113
118.592,1,0.173,4.75,39.96,3,68.2,25.31,0.12,-0.5421,0.128,-0.005,-0.246,1.805,-1.699,-93.85,11.57,2,41.82,1,0.79,-21.33,24.82,0.0,0,5,0.1725,0.0853,0.1613,0.0927
118.663,1,0.493,-1.0,42.16,4,76.2,28.74,0.12,-0.7273,0.133,-0.008,-0.471,1.803,-1.709,-95.68,11.57,2,44.82,1,0.751,-17.93,17.79,0.0,0,5,0.2114,0.0649,0.1855,0.0705
118.694,1,0.567,-2.99,42.52,4,75.4,28.22,0.12,-0.7273,0.132,-0.009,-0.479,1.803,-1.712,-96.26,11.57,2,44.82,1,0.751,-17.93,17.79,0.0,0,5,0.2188,0.0538,0.191,0.0631
118.762,1,0.588,-2.75,42.04,4,75.2,27.89,0.12,-0.7273,0.128,-0.009,-0.706,1.8,-1.722,-99.06,11.57,2,44.82,1,0.72,-19.39,7.01,0.0,0,5,0.2389,0.0204,0.226,0.0445
118.792,1,0.633,-2.5,41.58,4,76.1,27.09,0.12,-0.7273,0.124,-0.009,-0.72,1.8,-1.724,-99.92,11.57,2,44.82,1,0.72,-19.39,7.01,0.0,0,5,0.2461,0.0037,0.2276,0.0204
118.86,1,0.713,-2.25,38.89,5,77.7,25.69,0.12,-0.7273,0.118,-0.004,-0.668,1.798,-1.731,-102.27,11.57,2,44.82,1,0.732,-24.72,-9.69,7.141,1,5,0.2464,-0.0019,0.2297,-0.0037
118.892,1,0.745,-2.25,37.85,5,78.0,25.46,0.12,-0.7232,0.12,-0.002,-0.718,1.797,-1.736,-103.88,11.57,2,44.82,1,0.732,-24.72,-9.69,7.141,1,5,0.2464,-0.0019,0.2371,-0.0019
118.93,1,0.756,-2.5,37.1,5,78.1,25.11,0.12,-0.7035,0.12,-0.002,-0.686,1.796,-1.74,-105.48,11.57,2,44.82,1,0.716,-29.08,-19.72,0.0,0,5,0.2445,0.0,0.2352,0.0
118.964,1,0.814,-2.75,36.39,5,78.2,24.79,0.12,-0.6863,0.122,-0.004,-0.683,1.794,-1.745,-107.03,11.57,2,44.82,1,0.716,-29.08,-19.72,0.0,0,5,0.2504,0.0,0.2355,0.0019
119.061,1,0.816,-4.24,32.72,5,77.2,23.94,0.12,-0.6707,0.122,-0.002,-0.644,1.791,-1.754,-110.24,11.56,2,44.82,1,0.734,-38.78,-38.64,0.0,0,5,0.2438,0.0018,0.2383,0.0036
119.128,1,0.84,-5.74,31.0,5,76.4,23.73,0.12,-0.584,0.12,-0.001,-0.739,1.787,-1.763,-113.39,11.56,2,44.82,1,0.744,-44.11,-45.29,0.0,0,5,0.2424,0.0037,0.2351,0.0
119.161,1,0.851,-6.74,29.7,5,76.3,23.89,0.1252,-0.5579,0.12,-0.001,-0.644,1.785,-1.768,-114.94,11.56,2,44.82,1,0.731,-47.01,-48.19,0.0,0,5,0.2411,0.0019,0.2355,0.0
119.257,1,0.769,-9.73,27.31,5,75.2,26.37,0.1384,-0.5802,0.122,-0.0,-0.592,1.781,-1.776,-117.86,11.56,2,43.5,1,0.709,-53.32,-52.71,0.0,0,5,0.2297,0.0111,0.2315,0.0148
119.328,1,0.76,-11.48,23.94,5,74.9,22.22,0.1594,-0.5708,0.13,-0.002,-0.543,1.776,-1.785,-120.44,11.56,2,43.5,1,0.664,-59.62,-58.39,0.0,0,5,0.231,0.0277,0.2273,0.0333
119.364,1,0.754,-12.23,23.1,5,74.5,22.22,0.1352,-0.3956,0.134,-0.004,-0.538,1.774,-1.788,-121.01,11.56,2,43.5,1,0.633,-57.19,-57.93,0.0,0,5,0.2328,0.0314,0.2273,0.0425
119.564,1,0.671,-14.97,18.02,5,73.0,21.67,0.12,-0.3303,0.136,0.006,-0.346,1.757,-1.814,-126.28,11.56,2,31.5,1,0.656,-38.78,-43.35,0.0,0,5,0.1928,0.0782,0.2037,0.0655
119.631,1,0.649,-15.72,19.65,5,73.3,29.53,0.12,-0.2031,0.133,-0.001,-0.279,1.752,-1.82,-127.37,11.56,2,19.5,1,0.68,-33.44,-37.84,0.0,0,5,0.1848,0.085,0.1774,0.0832
119.662,1,0.697,-15.72,16.26,5,73.6,21.67,0.12,-0.2278,0.128,-0.003,-0.266,1.75,-1.822,-127.77,11.56,2,19.5,1,0.716,-31.5,-32.66,0.0,0,5,0.1812,0.0824,0.1684,0.0805
119.729,1,0.692,-16.22,15.94,5,73.0,21.67,0.12,-0.1663,0.122,-0.006,-0.182,1.744,-1.829,-128.63,11.56,2,19.5,1,0.637,-24.72,-24.76,0.0,0,5,0.1616,0.0753,0.158,0.0937
119.76,1,0.654,-16.22,17.38,5,73.0,26.37,0.12,-0.1553,0.122,-0.007,-0.164,1.742,-1.831,-128.8,11.56,2,19.5,1,0.638,-23.27,-15.67,0.0,0,5,0.1576,0.0779,0.1521,0.1001
119.797,1,0.638,-16.22,16.88,5,73.0,27.44,0.1335,-0.2172,0.115,-0.013,-0.118,1.739,-1.834,-129.09,11.56,2,19.5,1,0.521,-16.48,-4.72,0.0,0,5,0.1539,0.0797,0.1261,0.102
119.828,1,0.672,-15.72,14.07,5,72.4,21.6,0.1253,-0.1879,0.112,-0.013,-0.056,1.736,-1.837,-129.2,11.56,2,19.5,1,0.593,-14.06,4.89,0.0,0,5,0.1484,0.0835,0.115,0.102
119.864,1,0.677,-15.72,14.46,5,71.4,21.67,0.12,-0.1278,0.119,-0.01,-0.05,1.732,-1.841,-129.32,11.56,2,7.5,1,0.542,-11.15,6.9,0.0,0,5,0.1539,0.0964,0.1224,0.1039
119.898,1,0.674,-15.47,14.09,5,69.8,21.11,0.12,-0.1353,0.121,-0.007,-0.149,1.73,-1.843,-129.49,11.56,2,7.5,1,0.433,-4.36,20.17,0.0,0,5,0.1521,0.1001,0.128,0.1057
119.928,1,0.684,-14.97,13.59,5,68.7,21.11,0.12,-0.1312,0.125,-0.005,-0.109,1.727,-1.847,-129.72,11.56,2,7.5,1,0.534,0.97,30.06,0.0,0,5,0.1502,0.1076,0.1317,0.1094
119.963,1,0.68,-14.72,14.29,5,68.1,21.67,0.134,-0.154,0.121,-0.006,-0.071,1.724,-1.85,-129.89,11.56,2,7.5,1,0.57,4.36,32.94,0.0,0,5,0.1409,0.1001,0.1298,0.115
120.056,1,0.66,-14.23,13.64,5,67.4,21.11,0.12,-0.1419,0.118,-0.01,-0.063,1.717,-1.857,-130.35,11.56,2,-0.48,1,0.607,12.6,41.76,0.0,0,5,0.1428,0.0927,0.1224,0.1131
120.127,1,0.66,-14.23,13.91,5,67.5,21.11,0.12,-0.1344,0.119,-0.006,-0.096,1.711,-1.864,-130.63,11.56,2,-0.48,1,0.641,11.15,45.37,0.0,0,5,0.1447,0.1001,0.1261,0.1057
120.157,1,0.636,-13.73,13.28,5,67.1,21.02,0.12,-0.1394,0.118,-0.005,-0.075,1.709,-1.865,-130.75,11.56,2,-0.48,1,0.641,11.15,45.37,0.0,0,5,0.1409,0.1001,0.1261,0.1057
120.228,1,0.674,-13.23,13.59,5,68.1,21.11,0.12,-0.1321,0.118,-0.007,-0.138,1.702,-1.872,-131.21,11.56,2,7.01,1,0.612,3.88,37.93,0.0,0,5,0.1352,0.0963,0.1241,0.1148
120.258,1,0.683,-12.98,12.92,5,68.8,21.02,0.12,-0.1434,0.119,-0.009,-0.06,1.701,-1.874,-131.26,11.56,2,7.01,1,0.612,3.88,37.93,0.0,0,5,0.1389,0.0963,0.1241,0.1167
120.357,1,0.729,-12.23,13.01,5,71.6,21.6,0.12,-0.1316,0.121,-0.004,-0.056,1.692,-1.883,-131.67,11.56,2,7.01,1,0.545,-4.36,24.0,0.0,0,5,0.1431,0.1027,0.1302,0.1064
120.428,1,0.764,-11.73,11.97,5,72.7,21.11,0.12,-0.141,0.119,-0.002,-0.115,1.686,-1.89,-132.12,11.56,2,7.01,1,0.523,-9.21,14.57,0.0,0,5,0.1394,0.1046,0.1284,0.1027
120.457,1,0.77,-11.23,11.02,5,72.3,21.11,0.12,-0.1262,0.119,-0.003,-0.156,1.684,-1.891,-132.24,11.56,2,12.74,1,0.523,-9.21,14.57,0.0,0,5,0.1406,0.1036,0.1295,0.1036
120.527,1,0.791,-10.98,10.67,5,72.5,21.11,0.12,-0.1123,0.121,-0.001,-0.076,1.678,-1.899,-132.64,11.56,2,12.74,1,0.54,-14.06,-2.14,2.596,1,5,0.1372,0.1001,0.1391,0.1076
120.564,1,0.793,-10.73,11.49,5,72.6,21.1,0.12,-0.1076,0.12,-0.0,-0.103,1.676,-1.9,-132.75,11.56,2,12.74,1,0.55,-13.57,-3.55,5.295,1,5,0.1335,0.1001,0.1391,0.1057
120.627,1,0.791,-10.73,11.61,5,72.7,20.56,0.12,-0.1249,0.116,-0.004,-0.084,1.669,-1.907,-133.21,11.56,2,12.74,1,0.561,-14.06,-4.35,7.81,1,5,0.1373,0.0952,0.1299,0.1025
120.664,1,0.795,-10.73,11.02,5,73.0,21.02,0.12,-0.1266,0.117,-0.005,-0.164,1.666,-1.91,-133.56,11.56,2,12.86,1,0.555,-14.54,-4.95,4.457,1,5,0.1429,0.0989,0.1264,0.1008
120.759,1,0.781,-10.98,10.4,5,73.2,20.57,0.12,-0.1147,0.121,-0.002,-0.053,1.661,-1.915,-133.9,11.56,2,12.86,1,0.517,-15.51,-5.21,0.0,0,5,0.1428,0.1039,0.1335,0.1039
120.797,1,0.777,-10.73,10.84,5,73.3,21.11,0.12,-0.0996,0.121,-0.0,-0.084,1.657,-1.919,-134.07,11.56,2,12.86,1,0.516,-15.51,-5.96,0.0,0,5,0.1335,0.1001,0.1409,0.1076
120.828,1,0.782,-10.73,9.94,5,73.3,21.02,0.12,-0.1113,0.117,-0.001,-0.063,1.652,-1.924,-134.3,11.56,2,12.86,1,0.537,-15.51,-8.69,6.543,1,5,0.1335,0.1001,0.1317,0.1039
120.86,1,0.804,-10.48,9.57,5,72.9,21.02,0.12,-0.094,0.117,-0.001,-0.063,1.652,-1.924,-134.3,11.56,2,11.95,1,0.548,-15.51,-10.48,3.906,1,5,0.1335,0.1001,0.1317,0.1039
120.954,1,0.833,-9.48,8.94,5,71.9,20.57,0.12,-0.0894,0.112,0.002,-0.064,1.645,-1.932,-134.7,11.56,2,11.95,1,0.544,-12.12,-15.98,0.0,0,5,0.1261,0.1039,0.1243,0.0927
121.025,1,0.832,-9.23,8.71,5,73.1,20.57,0.12,-0.0881,0.119,0.003,-0.065,1.639,-1.938,-135.05,11.56,2,11.95,1,0.552,-8.72,-18.82,0.0,0,5,0.12,0.1039,0.1397,0.1111
121.096,1,0.823,-8.73,8.03,5,72.2,21.02,0.12,-0.085,0.12,-0.002,-0.047,1.633,-1.943,-135.28,11.57,2,9.55,1,0.574,-9.21,-5.1,0.0,0,5,0.1341,0.1102,0.1249,0.1102
121.128,1,0.824,-8.73,7.89,5,71.9,21.02,0.12,-0.0779,0.119,-0.003,0.028,1.628,-1.948,-135.39,11.57,2,9.55,1,0.579,-8.72,-6.69,0.0,0,5,0.1403,0.1089,0.1218,0.1034
121.159,1,0.817,-8.24,8.54,5,71.6,20.57,0.12,-0.0741,0.119,-0.003,0.028,1.628,-1.948,-135.39,11.57,2,9.55,1,0.583,-8.72,-6.47,7.392,1,5,0.1403,0.1089,0.1218,0.1034
121.26,1,0.834,-7.99,7.48,5,71.6,21.1,0.12,-0.0906,0.117,-0.001,-0.092,1.62,-1.956,-135.85,11.57,2,7.92,1,0.603,-4.85,0.37,0.0,0,5,0.1269,0.103,0.1287,0.1103
121.327,1,0.828,-7.74,7.28,5,71.1,21.02,0.12,-0.0724,0.12,0.0,-0.063,1.613,-1.963,-136.19,11.57,2,7.92,1,0.614,-4.85,-1.24,5.389,1,5,0.1313,0.1076,0.1331,0.1076
121.396,1,0.839,-7.74,7.05,5,70.9,20.57,0.12,-0.0706,0.118,0.001,-0.05,1.608,-1.968,-136.31,11.57,2,7.92,1,0.622,-4.85,-2.64,4.596,1,5,0.1272,0.1088,0.1309,0.1069
121.463,1,0.855,-7.74,6.68,5,71.1,20.57,0.12,-0.0657,0.118,-0.002,-0.082,1.6,-1.975,-136.59,11.57,2,8.65,1,0.608,-6.3,-3.58,5.244,1,5,0.1301,0.1063,0.1264,0.1099
121.493,1,0.875,-7.74,6.31,5,72.2,20.56,0.12,-0.0586,0.119,-0.003,-0.077,1.599,-1.976,-136.71,11.57,2,8.65,1,0.613,-6.79,-6.46,6.343,1,5,0.1319,0.1044,0.1264,0.1118
121.525,1,0.872,-7.74,5.8,5,72.6,21.02,0.12,-0.0513,0.119,-0.001,-0.071,1.595,-1.979,-136.88,11.57,2,8.65,1,0.613,-7.76,-6.22,3.327,1,5,0.1334,0.1093,0.1278,0.1074
121.625,1,0.893,-7.74,4.27,5,73.5,20.46,0.12,-0.0413,0.116,-0.0,-0.061,1.587,-1.987,-137.17,11.57,2,8.65,1,0.614,-6.3,-9.13,0.0,0,5,0.1241,0.1037,0.1278,0.1093
121.663,1,0.874,-7.74,5.68,5,73.8,20.57,0.12,-0.012,0.116,-0.001,0.004,1.583,-1.99,-137.22,11.55,2,8.62,1,0.612,-7.76,-8.64,5.525,1,5,0.128,0.1039,0.1261,0.1076
121.725,1,0.907,-7.49,4.59,5,74.6,20.56,0.12,-0.039,0.115,-0.005,-0.067,1.578,-1.995,-137.45,11.55,2,8.62,1,0.612,-7.76,-8.46,6.191,1,5,0.1312,0.1035,0.1164,0.1072
121.825,1,0.922,-6.99,3.93,5,75.8,20.44,0.12,-0.0209,0.118,0.003,-0.04,1.569,-2.003,-137.57,11.55,2,8.62,1,0.616,-6.79,-9.28,1.44,1,5,0.1168,0.115,0.1261,0.1131
121.863,1,0.927,-6.99,3.93,5,75.9,20.2,0.12,-0.0139,0.116,0.001,0.019,1.566,-2.006,-137.62,11.55,2,7.61,1,0.613,-6.79,-10.07,-0.486,1,5,0.1168,0.1113,0.1224,0.1131
121.894,1,0.922,-6.49,3.5,5,76.1,20.04,0.12,-0.0135,0.115,0.001,-0.026,1.564,-2.008,-137.62,11.55,2,7.61,1,0.61,-6.79,-9.71,-0.9,1,5,0.1168,0.1131,0.1187,0.1113
121.925,1,0.93,-6.49,4.04,5,76.1,20.04,0.12,-0.0107,0.115,0.003,-0.05,1.561,-2.011,-137.68,11.55,2,7.61,1,0.615,-6.3,-8.51,1.875,1,5,0.1185,0.1148,0.1204,0.1056
121.958,1,0.928,-6.49,3.77,5,76.1,20.0,0.12,-0.0203,0.114,0.001,-0.124,1.559,-2.012,-137.8,11.55,2,7.61,1,0.613,-6.79,-9.38,0.571,1,5,0.1204,0.1111,0.1185,0.1056
122.025,1,0.935,-5.99,3.47,5,75.7,20.2,0.1411,-0.0254,0.116,-0.0,-0.073,1.552,-2.019,-138.03,11.55,2,7.61,1,0.633,-2.42,-2.35,0.486,1,5,0.1224,0.1113,0.1205,0.1113
122.06,1,0.93,-6.24,3.44,5,75.7,20.44,0.1555,-0.0309,0.119,0.003,-0.001,1.551,-2.021,-138.03,11.54,2,5.15,1,0.625,-2.91,-3.28,1.665,1,5,0.1224,0.1187,0.1261,0.1094
122.094,1,0.927,-5.99,3.21,5,75.6,20.44,0.1621,-0.0297,0.124,0.003,-0.027,1.547,-2.024,-138.14,11.54,2,5.15,1,0.624,-2.91,-4.49,1.128,1,5,0.1261,0.1224,0.1317,0.115
122.124,1,0.927,-5.49,3.29,5,75.3,20.57,0.1761,-0.0322,0.13,0.0,-0.051,1.543,-2.027,-138.2,11.54,2,5.15,1,0.61,-0.48,-4.92,-0.027,1,5,0.1372,0.1243,0.1354,0.1224
122.158,1,0.935,-5.49,3.34,5,75.2,20.44,0.1902,-0.0452,0.132,0.0,-0.016,1.541,-2.029,-138.2,11.54,2,5.15,1,0.629,1.94,2.74,-1.323,1,5,0.1409,0.128,0.1372,0.1224
122.195,1,0.933,-5.24,3.12,5,74.9,20.46,0.197,-0.0487,0.146,0.001,-0.119,1.536,-2.034,-138.37,11.54,2,5.15,1,0.642,1.94,2.82,-0.875,1,5,0.1558,0.1447,0.1502,0.1335
122.228,1,0.925,-4.99,3.06,5,74.5,20.56,0.2111,-0.0495,0.162,0.007,-0.03,1.531,-2.039,-138.54,11.54,2,5.15,1,0.645,1.94,1.4,1.769,1,5,0.1651,0.1613,0.1762,0.1447
122.261,1,0.914,-5.24,3.24,5,73.9,20.56,0.2251,-0.0545,0.171,0.007,-0.127,1.529,-2.041,-138.6,11.54,2,3.89,1,0.643,1.45,2.01,0.642,1,5,0.1706,0.1688,0.1873,0.1558
122.324,1,0.917,-5.24,2.73,5,73.5,20.46,0.2461,-0.0636,0.202,0.007,-0.063,1.516,-2.053,-138.94,11.54,2,3.89,1,0.643,0.48,0.05,-1.331,1,5,0.2077,0.2003,0.217,0.1817
122.359,1,0.919,-5.24,2.74,5,73.4,20.46,0.26,-0.0499,0.211,0.007,-0.117,1.513,-2.056,-139.06,11.54,2,3.89,1,0.648,0.48,-1.11,-2.339,1,5,0.2188,0.2096,0.2263,0.1892
122.395,1,0.904,-5.74,2.35,5,72.9,20.56,0.2671,-0.0517,0.228,0.009,-0.151,1.506,-2.062,-139.34,11.54,2,3.89,1,0.652,0.0,-1.04,-2.104,1,5,0.2337,0.2281,0.2467,0.204
122.423,1,0.893,-6.24,2.34,5,72.8,20.46,0.2814,-0.0346,0.244,0.009,-0.083,1.498,-2.069,-139.63,11.54,2,3.89,1,0.634,0.0,-2.66,5.511,1,5,0.2522,0.2448,0.2615,0.2188
122.494,1,0.873,-6.74,2.71,5,72.4,20.44,0.2459,-0.0213,0.27,0.006,-0.08,1.486,-2.08,-139.92,11.54,2,3.49,1,0.63,-0.97,-3.48,5.135,1,5,0.2794,0.2683,0.2849,0.2479
122.524,1,0.872,-6.74,2.32,5,72.5,20.57,0.2219,-0.0222,0.279,0.005,-0.071,1.477,-2.088,-140.09,11.54,2,3.49,1,0.62,-0.97,-5.05,6.66,1,5,0.2886,0.2775,0.2905,0.259
122.562,1,0.888,-6.99,2.17,5,73.2,20.44,0.1978,-0.0048,0.278,0.007,-0.141,1.469,-2.095,-140.32,11.54,2,3.49,1,0.617,-0.97,-5.0,7.578,1,5,0.2834,0.2816,0.289,0.2593
122.591,1,0.874,-7.49,2.52,5,73.2,20.57,0.1859,0.0052,0.274,0.005,-0.102,1.465,-2.098,-140.43,11.54,2,3.49,1,0.602,-0.48,-7.47,0.0,0,5,0.28,0.2745,0.2838,0.2596
122.624,1,0.881,-6.99,2.11,5,73.3,20.04,0.1999,-0.0032,0.27,0.005,0.043,1.457,-2.105,-140.49,11.54,2,3.49,1,0.614,-0.48,-11.36,4.821,1,5,0.2726,0.2652,0.2856,0.2578
122.658,1,0.906,-6.74,2.07,5,73.7,20.04,0.1829,0.0058,0.265,0.006,0.002,1.453,-2.109,-140.49,11.54,2,4.25,1,0.625,0.0,-10.19,1.992,1,5,0.2671,0.2578,0.2838,0.2522
122.724,1,0.884,-7.99,2.58,5,75.0,20.04,0.1835,0.0036,0.242,0.004,-0.033,1.438,-2.121,-140.95,11.54,2,4.25,1,0.598,-1.45,-10.94,4.633,1,5,0.2467,0.2374,0.2689,0.2374
122.758,1,0.893,-7.24,2.19,5,75.1,20.44,0.197,0.0008,0.237,0.001,0.049,1.435,-2.124,-140.89,11.54,2,4.25,1,0.612,-0.48,-13.51,1.952,1,5,0.2392,0.2244,0.2522,0.2318
122.826,1,0.87,-7.99,3.19,5,75.5,20.04,0.218,-0.0031,0.216,0.0,-0.035,1.422,-2.134,-141.06,11.54,2,4.25,1,0.607,-1.45,-11.66,3.034,1,5,0.217,0.2096,0.2226,0.2151
122.86,1,0.882,-7.49,2.41,5,75.1,20.57,0.2321,-0.0302,0.213,-0.0,0.008,1.418,-2.137,-141.06,11.54,2,4.36,1,0.607,-2.42,-12.01,-1.574,1,5,0.2151,0.2096,0.2151,0.2114
122.925,1,0.901,-7.74,1.22,5,74.4,20.57,0.253,-0.0162,0.214,0.0,0.003,1.405,-2.148,-140.95,11.54,2,4.36,1,0.593,-2.42,-5.96,4.582,1,5,0.2138,0.2175,0.212,0.2138
122.958,1,0.91,-7.74,1.37,5,74.2,20.46,0.2485,0.0286,0.217,-0.0,-0.052,1.401,-2.151,-141.0,11.54,2,4.36,1,0.586,-1.94,-8.4,0.0,0,5,0.2154,0.2209,0.2136,0.2191
122.993,1,0.914,-7.49,0.41,5,73.9,20.57,0.2554,0.0222,0.227,-0.003,0.065,1.393,-2.157,-140.95,11.54,2,4.36,1,0.595,-1.45,-9.1,0.0,0,5,0.229,0.2254,0.2219,0.2308
123.024,1,0.914,-7.24,1.47,5,74.0,20.44,0.2695,0.0522,0.238,-0.004,-0.047,1.386,-2.163,-140.83,11.54,2,4.36,1,0.607,-0.48,-13.32,-4.109,1,5,0.2376,0.2376,0.2304,0.2448
123.058,1,0.904,-7.74,2.14,5,73.5,20.57,0.2448,0.0143,0.242,-0.003,0.012,1.382,-2.166,-140.89,11.53,2,2.1,1,0.608,1.45,-11.49,-4.868,1,5,0.238,0.2435,0.2344,0.2507
123.126,1,0.912,-7.24,2.32,5,73.9,20.57,0.2476,-0.0029,0.255,-0.007,-0.004,1.365,-2.179,-140.6,11.53,2,2.1,1,0.613,3.88,-6.95,-2.687,1,5,0.2522,0.2559,0.2392,0.2708
123.227,1,0.898,-6.49,2.33,5,73.7,20.56,0.2448,-0.014,0.253,-0.007,0.015,1.345,-2.194,-140.49,11.53,2,2.1,1,0.58,1.94,-0.2,1.873,1,5,0.2627,0.2479,0.2442,0.259
123.26,1,0.89,-6.74,3.43,5,74.1,20.57,0.252,-0.0248,0.253,-0.004,-0.129,1.342,-2.198,-140.6,11.53,2,1.48,1,0.591,1.94,4.62,3.526,1,5,0.2609,0.2479,0.2498,0.2535
123.293,1,0.896,-6.74,1.45,5,73.9,20.57,0.252,-0.0591,0.249,0.0,-0.056,1.334,-2.204,-140.78,11.53,2,1.48,1,0.602,4.36,-3.59,0.0,0,5,0.2522,0.243,0.2559,0.2467
123.324,1,0.867,-6.74,3.13,5,73.2,20.57,0.2659,0.0078,0.25,0.0,-0.001,1.326,-2.21,-140.83,11.53,2,1.48,1,0.606,4.36,-1.99,0.0,0,5,0.2522,0.243,0.2559,0.2448
123.358,1,0.871,-6.74,2.66,5,72.4,20.56,0.2799,-0.0563,0.25,0.0,0.002,1.322,-2.214,-140.83,11.53,2,1.48,1,0.606,4.85,-1.65,0.0,0,5,0.2562,0.2433,0.2581,0.2433
123.391,1,0.854,-6.74,3.01,5,72.0,20.57,0.287,-0.0407,0.255,0.002,-0.062,1.314,-2.22,-140.89,11.53,2,1.48,1,0.589,5.33,0.42,0.0,0,5,0.2599,0.2525,0.2618,0.247
123.424,1,0.878,-6.74,2.73,5,73.1,20.46,0.3009,-0.0577,0.266,-0.0,0.004,1.305,-2.227,-141.0,11.53,2,1.48,1,0.604,5.82,5.68,0.0,0,5,0.2636,0.2562,0.2636,0.2544
123.46,1,0.876,-6.74,2.97,5,73.8,20.56,0.315,-0.0499,0.273,-0.0,-0.005,1.301,-2.231,-141.0,11.53,2,2.26,1,0.603,5.82,4.94,0.0,0,5,0.2763,0.2671,0.2782,0.2708
123.523,1,0.907,-6.74,1.74,5,74.7,20.46,0.336,-0.0647,0.3,0.002,0.023,1.282,-2.246,-141.18,11.53,2,2.26,1,0.598,6.79,4.92,0.0,0,5,0.3019,0.2927,0.3112,0.2927
123.624,1,0.902,-6.99,2.64,5,75.1,20.57,0.3709,-0.0178,0.341,-0.001,-0.088,1.255,-2.267,-141.35,11.53,2,2.26,1,0.573,6.3,4.01,0.0,0,5,0.3487,0.3357,0.3431,0.3357
123.66,1,0.891,-7.24,2.08,5,74.1,21.1,0.3474,-0.0506,0.349,-0.005,-0.057,1.249,-2.272,-141.46,11.53,2,1.86,1,0.569,5.33,4.65,6.797,1,5,0.3598,0.3394,0.3487,0.3468
123.724,1,0.858,-7.49,2.33,5,71.8,21.11,0.3113,-0.0174,0.372,-0.001,-0.088,1.226,-2.29,-141.58,11.53,2,1.86,1,0.57,5.33,7.04,-1.633,1,5,0.3802,0.3672,0.3746,0.3672
123.758,1,0.838,-7.74,1.74,5,69.9,21.11,0.3253,-0.0275,0.374,-0.001,-0.004,1.22,-2.295,-141.64,11.53,2,1.86,1,0.57,3.39,-1.11,1.432,1,5,0.382,0.3672,0.3783,0.3691
123.823,1,0.812,-8.73,1.59,5,68.7,21.11,0.3085,0.0014,0.362,-0.0,0.053,1.197,-2.313,-141.92,11.53,2,1.86,1,0.592,2.91,-9.78,7.852,1,5,0.3765,0.3561,0.3728,0.3598
123.858,1,0.824,-8.73,0.9,5,69.0,21.11,0.3042,0.0194,0.358,0.001,-0.016,1.192,-2.317,-141.86,11.53,2,2.79,1,0.616,2.42,-7.53,0.0,0,5,0.3654,0.3468,0.3709,0.3487
123.923,1,0.837,-9.23,1.08,5,75.1,20.57,0.3248,0.0432,0.342,-0.001,-0.009,1.17,-2.334,-142.04,11.53,2,2.79,1,0.594,2.42,-5.58,0.0,0,5,0.3505,0.3357,0.3542,0.3412
123.957,1,0.835,-9.23,0.98,5,76.0,21.1,0.3129,0.043,0.339,-0.002,-0.041,1.165,-2.338,-142.04,11.53,2,2.79,1,0.582,1.45,-4.7,0.0,0,5,0.345,0.3357,0.3394,0.3375
124.023,1,0.84,-9.23,0.91,5,76.0,20.57,0.2648,0.0492,0.331,-0.002,-0.006,1.144,-2.354,-141.98,11.53,2,2.79,1,0.586,0.0,-6.09,5.516,1,5,0.332,0.3338,0.3246,0.3338
124.059,1,0.827,-9.23,1.02,5,75.6,20.57,0.2408,0.0534,0.327,-0.001,-0.035,1.139,-2.358,-142.04,11.5,2,2.22,1,0.605,-0.97,-5.07,0.0,0,5,0.3264,0.3264,0.3246,0.3301
124.123,1,0.833,-9.73,0.72,5,75.7,20.57,0.2047,0.0531,0.305,-0.0,-0.072,1.12,-2.373,-142.21,11.5,2,2.22,1,0.628,-1.45,-5.94,0.0,0,5,0.306,0.3004,0.3079,0.3042
124.16,1,0.831,-9.73,0.16,5,75.7,20.46,0.1803,0.07,0.3,0.0,-0.03,1.115,-2.377,-142.27,11.5,2,2.22,1,0.614,-2.42,-6.31,7.167,1,5,0.3004,0.2967,0.3042,0.3004
124.223,1,0.846,-9.98,0.2,5,75.8,20.2,0.1832,0.0841,0.279,-0.003,-0.081,1.098,-2.39,-142.32,11.5,2,2.22,1,0.602,-5.33,-2.66,0.0,0,5,0.2856,0.2763,0.2763,0.2782
124.258,1,0.84,-10.48,0.06,5,75.9,20.2,0.1965,0.0852,0.273,-0.004,0.029,1.094,-2.393,-142.32,11.5,2,1.87,1,0.615,-1.94,-7.99,0.0,0,5,0.2819,0.2689,0.2689,0.2726
124.325,1,0.809,-11.23,0.37,5,75.1,20.57,0.1798,0.0943,0.249,-0.004,-0.009,1.078,-2.405,-142.32,11.5,2,1.87,1,0.61,-3.39,-7.08,5.468,1,5,0.2522,0.243,0.2467,0.2522
124.523,1,0.799,-12.23,1.08,5,76.0,20.57,0.1941,0.0911,0.199,-0.003,-0.001,1.044,-2.43,-142.15,11.5,2,1.85,1,0.627,-3.39,-9.31,1.925,1,5,0.1966,0.1984,0.1929,0.2077
124.559,1,0.818,-12.23,0.65,5,76.2,20.57,0.1862,0.0835,0.194,-0.002,0.007,1.041,-2.432,-142.15,11.5,2,1.85,1,0.619,-3.88,-7.67,4.857,1,5,0.1892,0.1947,0.1892,0.2021
124.592,1,0.82,-11.98,0.29,5,75.6,20.96,0.181,0.0949,0.185,-0.002,0.037,1.035,-2.436,-142.15,11.5,2,1.85,1,0.606,-1.45,-7.4,7.475,1,5,0.1815,0.1889,0.176,0.1926
124.625,1,0.818,-11.73,0.46,5,75.3,20.81,0.1571,0.1016,0.178,0.0,0.09,1.03,-2.441,-141.98,11.5,2,1.85,1,0.614,0.0,-0.35,5.576,1,5,0.1726,0.1873,0.169,0.1837
124.723,1,0.824,-11.23,0.22,5,75.6,20.57,0.1423,0.0954,0.155,0.0,0.006,1.018,-2.45,-141.86,11.5,2,0.54,1,0.628,-0.48,1.22,1.838,1,5,0.1447,0.1521,0.1595,0.1651
124.761,1,0.831,-10.98,0.59,5,76.0,20.96,0.1561,0.0944,0.152,-0.001,-0.032,1.015,-2.452,-141.86,11.5,2,0.54,1,0.624,0.0,0.97,0.083,1,5,0.1465,0.1484,0.1539,0.1595
124.824,1,0.842,-10.73,0.49,5,76.5,20.57,0.1772,0.0818,0.135,0.003,0.084,1.007,-2.459,-141.69,11.5,2,0.54,1,0.633,0.97,-0.92,7.227,1,5,0.1317,0.1502,0.1261,0.1335
124.853,1,0.846,-10.73,0.94,5,77.3,20.57,0.1654,0.0823,0.132,0.005,0.031,1.005,-2.461,-141.64,11.5,2,2.8,1,0.633,0.97,-0.92,7.227,1,5,0.1203,0.148,0.1258,0.1332
124.89,1,0.846,-9.98,0.62,5,77.4,21.1,0.1412,0.0747,0.13,0.01,0.065,1.001,-2.465,-141.46,11.5,2,2.8,1,0.638,0.97,2.42,0.0,0,5,0.1036,0.148,0.1314,0.1369
124.922,1,0.856,-9.48,0.49,5,78.1,20.96,0.1552,0.0722,0.132,0.009,0.051,0.997,-2.468,-141.35,11.5,2,2.8,1,0.627,-0.97,-3.07,0.0,0,5,0.1073,0.1499,0.1314,0.1388
125.025,1,0.876,-7.74,0.51,5,78.6,20.57,0.1524,0.0722,0.122,0.003,0.166,0.989,-2.475,-140.89,11.5,2,2.8,1,0.669,-0.48,-7.34,7.939,1,5,0.1059,0.1454,0.1041,0.1329
125.122,1,0.881,-4.74,0.87,5,79.9,20.57,0.1687,0.0535,0.125,0.011,0.124,0.98,-2.484,-140.2,11.51,2,3.99,1,0.676,1.94,-4.33,3.12,1,5,0.0889,0.15,0.1204,0.1389
125.223,1,0.9,-2.99,1.12,5,80.2,20.56,0.2037,0.0117,0.13,-0.0,0.112,0.97,-2.492,-139.92,11.51,2,3.99,1,0.681,0.48,-10.77,-0.142,1,5,0.1258,0.1499,0.111,0.1351
125.291,1,0.905,-1.5,1.37,5,80.1,20.57,0.2247,-0.0154,0.15,0.002,0.039,0.963,-2.499,-139.69,11.51,2,5.85,1,0.688,2.42,-9.34,-2.224,1,5,0.1372,0.1651,0.1391,0.1595
125.322,1,0.905,-0.75,1.46,5,79.7,20.57,0.2388,-0.0405,0.165,0.008,0.005,0.958,-2.504,-139.52,11.51,2,5.85,1,0.674,3.39,-9.6,-1.877,1,5,0.1409,0.1743,0.1521,0.1632
125.391,1,0.903,-0.25,1.84,5,80.1,20.46,0.2598,-0.0507,0.189,0.005,0.019,0.949,-2.511,-139.52,11.51,2,5.85,1,0.683,4.36,-8.9,-6.501,1,5,0.178,0.1984,0.1892,0.1892
125.422,1,0.897,0.25,1.53,5,79.8,20.46,0.2352,-0.0636,0.206,0.003,-0.028,0.942,-2.517,-139.63,11.51,2,5.85,1,0.689,4.85,-9.68,-6.194,1,5,0.2019,0.2112,0.2075,0.2038
125.522,1,0.89,1.25,1.21,5,78.9,21.1,0.1761,-0.0451,0.228,0.007,-0.023,0.925,-2.533,-139.69,11.51,2,5.01,1,0.706,5.33,-8.57,-4.918,1,5,0.2239,0.2313,0.2405,0.2183
125.559,1,0.889,1.5,1.06,5,78.6,20.96,0.1777,-0.0479,0.226,0.006,-0.065,0.922,-2.536,-139.74,11.51,2,5.01,1,0.702,5.82,-9.93,-5.833,1,5,0.226,0.226,0.2371,0.2149
125.623,1,0.885,1.75,0.85,5,78.4,20.57,0.1804,-0.0447,0.213,0.005,-0.031,0.909,-2.547,-140.03,11.51,2,5.01,1,0.685,10.66,0.63,-4.771,1,5,0.2151,0.2059,0.23,0.2003
125.691,1,0.891,2.25,0.83,5,79.0,20.57,0.1855,-0.0411,0.198,0.009,-0.101,0.901,-2.555,-140.2,11.5,2,0.7,1,0.668,14.06,4.82,-4.61,1,5,0.1966,0.191,0.2226,0.1817
125.721,1,0.899,2.25,0.79,5,79.0,20.46,0.1941,-0.0466,0.19,0.012,-0.093,0.895,-2.56,-140.49,11.5,2,0.7,1,0.668,14.06,4.82,-4.61,1,5,0.1929,0.191,0.217,0.1743
125.923,1,0.881,2.75,0.29,5,79.1,20.0,0.1684,-0.0406,0.174,0.004,0.023,0.868,-2.583,-140.72,11.5,2,-1.24,1,0.673,16.48,6.09,-7.964,1,5,0.1686,0.1741,0.1815,0.1723
125.952,1,0.868,2.75,0.24,5,78.6,20.57,0.1565,-0.0336,0.174,0.001,0.001,0.865,-2.585,-140.72,11.5,2,-1.24,1,0.673,16.48,6.09,-7.964,1,5,0.1704,0.1686,0.1815,0.1741
126.022,1,0.884,2.75,0.52,5,78.0,20.57,0.1457,-0.0309,0.17,0.004,-0.053,0.855,-2.594,-140.83,11.5,2,-1.24,1,0.668,16.48,6.66,-7.206,1,5,0.1704,0.1704,0.1778,0.1612
126.124,1,0.867,2.75,0.37,5,77.8,22.15,0.134,-0.036,0.153,0.003,-0.051,0.844,-2.604,-141.06,11.49,2,-2.17,1,0.667,15.99,4.6,0.0,0,5,0.1576,0.1447,0.1669,0.1409
126.151,1,0.875,2.75,0.35,5,77.6,22.15,0.1408,-0.0332,0.15,0.004,-0.051,0.841,-2.606,-141.12,11.49,2,-2.17,1,0.667,15.99,4.6,0.0,0,5,0.1576,0.1428,0.1651,0.1335
126.189,1,0.883,2.25,0.41,5,78.4,20.57,0.1551,-0.0332,0.145,0.005,-0.097,0.837,-2.609,-141.35,11.49,2,-2.17,1,0.668,15.51,4.84,0.0,0,5,0.1512,0.1401,0.1585,0.129
126.223,1,0.883,2.25,-0.25,5,78.8,20.46,0.1694,-0.0295,0.136,0.004,-0.071,0.833,-2.613,-141.52,11.49,2,-2.17,1,0.676,15.51,4.01,0.0,0,5,0.1436,0.1326,0.1473,0.1215
126.29,1,0.9,2.25,-0.31,5,79.0,20.46,0.1899,-0.0126,0.137,0.0,0.01,0.826,-2.618,-141.58,11.49,2,-2.17,1,0.68,15.03,2.48,0.0,0,5,0.1416,0.1306,0.1434,0.1324
126.321,1,0.895,2.5,-0.39,5,77.7,20.96,0.2045,-0.0105,0.146,0.0,-0.021,0.821,-2.622,-141.46,11.49,2,-2.17,1,0.679,15.51,1.88,-6.628,1,5,0.1441,0.1331,0.1477,0.1404
126.421,1,0.908,2.75,-0.44,5,77.1,20.46,0.1661,-0.0128,0.164,-0.001,0.07,0.809,-2.632,-141.41,11.49,2,-2.17,1,0.664,15.51,4.66,-6.991,1,5,0.1576,0.1706,0.1539,0.1669
126.522,1,0.915,2.75,0.12,5,78.1,20.2,0.144,-0.0152,0.162,-0.0,0.007,0.798,-2.64,-141.29,11.49,2,-1.71,1,0.666,16.48,4.84,-3.332,1,5,0.1574,0.1592,0.1629,0.1702
126.617,1,0.922,2.75,-0.11,5,78.4,20.2,0.1788,-0.028,0.147,-0.001,-0.014,0.789,-2.647,-141.41,11.49,2,-1.71,1,0.669,15.51,6.96,0.271,1,5,0.1484,0.1521,0.1391,0.1465
126.72,1,0.911,3.24,-0.2,5,79.2,20.81,0.2139,-0.0213,0.149,-0.002,0.011,0.777,-2.656,-141.41,11.51,2,-2.35,1,0.659,14.06,7.26,-6.302,1,5,0.1521,0.1447,0.1484,0.1502
126.824,1,0.886,2.99,-0.26,5,81.8,20.96,0.192,-0.0243,0.178,-0.003,-0.025,0.761,-2.669,-141.46,11.51,2,-2.35,1,0.659,16.48,3.47,-3.69,1,5,0.1799,0.1725,0.178,0.1817
126.892,1,0.864,2.99,-0.75,5,81.5,21.1,0.2129,-0.0187,0.185,0.003,0.012,0.752,-2.677,-141.52,11.51,2,-1.64,1,0.669,15.99,5.58,0.223,1,5,0.1873,0.1836,0.1929,0.178
126.92,1,0.86,2.75,-0.31,5,81.1,21.62,0.2276,-0.0026,0.185,0.004,-0.042,0.75,-2.679,-141.52,11.51,2,-1.64,1,0.668,14.54,7.26,-4.154,1,5,0.1873,0.1855,0.1929,0.1743
126.99,1,0.866,2.5,-0.1,5,81.2,20.96,0.2325,-0.0141,0.196,-0.0,0.008,0.737,-2.689,-141.69,11.51,2,-1.64,1,0.675,15.51,4.62,-1.242,1,5,0.1966,0.191,0.2003,0.1966
127.017,1,0.856,2.5,0.06,5,81.4,21.02,0.2464,-0.0179,0.203,-0.001,0.029,0.734,-2.692,-141.69,11.51,2,-1.64,1,0.675,15.51,4.62,-1.242,1,5,0.2003,0.1984,0.2059,0.2077
127.057,1,0.857,2.5,-0.2,5,81.2,21.6,0.2604,-0.0238,0.213,0.002,-0.039,0.727,-2.697,-141.64,11.52,2,-0.98,1,0.672,15.51,6.0,-0.245,1,5,0.2112,0.2167,0.213,0.2112
127.09,1,0.852,2.5,-0.03,5,81.1,21.6,0.2675,-0.0148,0.223,-0.003,0.026,0.719,-2.702,-141.69,11.52,2,-0.98,1,0.676,15.51,6.28,1.303,1,5,0.2243,0.2225,0.217,0.228
127.117,1,0.849,2.5,0.13,5,80.8,21.02,0.2814,-0.0208,0.227,-0.004,0.0,0.715,-2.705,-141.64,11.52,2,-0.98,1,0.676,15.51,6.28,1.303,1,5,0.2299,0.2262,0.2207,0.2317
127.219,1,0.842,2.99,-0.19,5,79.9,20.96,0.2396,-0.0267,0.262,-0.004,0.118,0.695,-2.721,-141.46,11.52,2,-0.98,1,0.679,15.51,7.7,6.784,1,5,0.2652,0.2596,0.2559,0.2671
127.288,1,0.832,2.0,0.6,5,80.8,20.96,0.2424,-0.0217,0.272,-0.003,-0.019,0.678,-2.735,-141.69,11.52,2,1.82,1,0.663,12.6,7.53,1.61,1,5,0.2745,0.2708,0.2671,0.2763
127.32,1,0.825,2.25,0.71,5,79.4,20.46,0.255,-0.0366,0.269,-0.001,0.078,0.673,-2.738,-141.64,11.52,2,1.82,1,0.693,12.12,1.79,1.399,1,5,0.2708,0.2671,0.2689,0.2708
127.417,1,0.864,2.0,0.12,5,82.2,20.96,0.2646,-0.0454,0.263,-0.0,0.008,0.653,-2.754,-141.69,11.52,2,1.82,1,0.666,8.72,0.57,0.723,1,5,0.2667,0.2556,0.2686,0.2593
127.517,1,0.888,1.25,-0.53,5,82.4,20.46,0.2996,-0.0221,0.266,-0.003,0.031,0.632,-2.771,-141.98,11.52,2,4.19,1,0.697,5.33,-6.36,-0.483,1,5,0.276,0.2593,0.2667,0.263
127.717,1,0.886,1.25,-0.81,5,82.4,20.46,0.2173,0.0057,0.297,-0.002,0.132,0.585,-2.806,-142.09,11.52,2,3.52,1,0.697,4.36,-8.25,6.638,1,5,0.2994,0.292,0.2975,0.2994
127.789,1,0.894,-0.25,-1.21,5,82.2,20.46,0.2191,0.0143,0.276,0.002,0.028,0.568,-2.82,-142.38,11.52,2,3.52,1,0.668,2.91,-8.3,2.145,1,5,0.274,0.2666,0.2905,0.274
127.817,1,0.903,0.0,-0.97,5,81.3,20.96,0.233,0.0463,0.271,0.005,0.01,0.564,-2.824,-142.38,11.52,2,3.52,1,0.668,2.91,-8.3,2.145,1,5,0.2685,0.263,0.2887,0.2648
127.917,1,0.91,-1.75,-1.66,5,79.2,20.46,0.2209,0.0315,0.249,0.001,0.033,0.544,-2.839,-142.78,11.52,2,4.03,1,0.658,0.97,-10.13,4.108,1,5,0.2578,0.243,0.2559,0.2374
128.017,1,0.915,-2.25,-1.51,5,78.7,20.46,0.173,0.0619,0.235,-0.003,0.029,0.525,-2.853,-142.78,11.52,2,4.03,1,0.663,0.97,-8.7,5.651,1,5,0.2335,0.2317,0.2335,0.2426
128.087,1,0.903,-3.24,-1.19,5,79.4,20.56,0.1752,0.0626,0.216,0.003,-0.019,0.511,-2.864,-142.78,11.52,2,4.65,1,0.665,0.0,-9.4,6.575,1,5,0.2075,0.2223,0.2167,0.2186
128.115,1,0.897,-3.24,-1.49,5,80.8,20.46,0.164,0.0645,0.211,0.003,0.034,0.508,-2.866,-142.78,11.52,2,4.65,1,0.665,0.0,-9.4,6.575,1,5,0.2038,0.2167,0.2112,0.2112
128.187,1,0.894,-2.75,-1.47,5,81.6,20.46,0.1288,0.0619,0.194,-0.003,-0.013,0.496,-2.875,-142.61,11.52,2,4.65,1,0.657,-2.91,-15.94,5.553,1,5,0.1947,0.1855,0.1966,0.2003
128.216,1,0.885,-3.24,-1.2,5,81.1,21.02,0.1355,0.056,0.189,-0.002,-0.13,0.493,-2.878,-142.72,11.52,2,4.65,1,0.657,-2.91,-15.94,5.553,1,5,0.1892,0.1855,0.1892,0.1929
128.289,1,0.878,-4.24,-1.8,5,81.9,20.46,0.1579,0.0595,0.173,0.0,0.04,0.482,-2.886,-142.78,11.52,2,5.67,1,0.659,-4.85,-16.27,-1.57,1,5,0.1725,0.1725,0.1743,0.1725
128.316,1,0.88,-4.24,-1.74,5,81.2,20.46,0.1717,0.0885,0.17,-0.003,-0.019,0.479,-2.888,-142.78,11.52,2,5.67,1,0.659,-4.85,-16.27,-1.57,1,5,0.1706,0.1613,0.1725,0.1743
128.354,1,0.879,-4.24,-1.88,5,81.3,20.46,0.1788,0.0877,0.163,-0.004,0.027,0.474,-2.891,-142.72,11.52,2,5.67,1,0.652,-4.85,-15.08,0.868,1,5,0.1645,0.1534,0.1645,0.1682
128.385,1,0.874,-4.24,-1.93,5,81.7,20.46,0.1929,0.0935,0.158,-0.003,-0.048,0.469,-2.895,-142.78,11.52,2,5.67,1,0.65,-4.85,-14.52,-0.04,1,5,0.1571,0.1608,0.1497,0.1645
128.416,1,0.875,-4.24,-2.02,5,81.7,20.46,0.1997,0.096,0.158,-0.001,0.131,0.467,-2.897,-142.67,11.52,2,5.67,1,0.65,-4.85,-14.52,-0.04,1,5,0.1552,0.1663,0.1478,0.1626
128.488,1,0.872,-3.74,-1.56,5,82.1,20.81,0.1894,0.0955,0.164,-0.004,0.099,0.456,-2.905,-142.21,11.52,2,2.58,1,0.627,-0.48,-12.56,0.0,0,5,0.1502,0.1706,0.1484,0.1855
128.514,1,0.88,-3.49,-1.26,5,82.4,20.96,0.1962,0.0772,0.166,-0.004,0.115,0.453,-2.907,-142.09,11.52,2,2.58,1,0.627,-0.48,-12.56,0.0,0,5,0.1502,0.178,0.1465,0.1892
128.586,1,0.869,-3.24,-0.97,5,82.4,20.81,0.2245,0.0706,0.175,-0.009,0.101,0.442,-2.915,-141.75,11.52,2,2.58,1,0.655,2.91,-1.08,0.0,0,5,0.1669,0.1929,0.1391,0.2003
128.615,1,0.881,-2.75,-1.25,5,82.9,21.02,0.2312,0.0591,0.177,-0.01,0.186,0.439,-2.917,-141.52,11.52,2,2.58,1,0.655,2.91,-1.08,0.0,0,5,0.1688,0.1892,0.1447,0.2059
128.657,1,0.879,-2.25,-0.67,5,83.9,20.46,0.2523,0.0656,0.182,-0.009,0.111,0.433,-2.922,-141.18,11.53,2,0.92,1,0.665,8.72,11.64,0.0,0,5,0.1704,0.1889,0.1556,0.2112
128.685,1,0.884,-2.25,0.02,5,84.8,20.46,0.2594,0.0403,0.193,-0.007,0.049,0.426,-2.926,-141.0,11.53,2,0.92,1,0.684,8.72,12.88,0.0,0,5,0.1795,0.2017,0.1702,0.222
128.717,1,0.886,-1.75,-0.28,5,85.4,20.56,0.2732,0.0173,0.201,-0.006,0.114,0.423,-2.929,-140.89,11.53,2,0.92,1,0.684,8.72,12.88,0.0,0,5,0.1869,0.2128,0.1758,0.2276
128.786,1,0.888,-1.0,0.67,5,86.5,20.96,0.2793,0.0239,0.231,-0.006,0.056,0.408,-2.941,-140.49,11.53,2,0.92,1,0.66,10.66,16.71,0.0,0,5,0.2207,0.2411,0.2096,0.2541
128.82,1,0.891,-0.75,1.14,5,86.8,20.46,0.2572,-0.018,0.241,-0.005,-0.029,0.404,-2.944,-140.49,11.53,2,0.92,1,0.651,10.66,19.25,0.0,0,5,0.2297,0.2501,0.2223,0.263
128.915,1,0.881,0.25,2.07,5,86.2,20.46,0.2104,-0.0298,0.259,-0.004,-0.062,0.383,-2.96,-140.26,11.53,2,3.64,1,0.628,9.69,24.64,0.0,0,5,0.2612,0.2649,0.2445,0.2649
128.987,1,0.886,-0.25,1.42,5,84.2,20.46,0.1656,-0.0573,0.243,-0.003,-0.079,0.368,-2.972,-140.55,11.53,2,3.64,1,0.692,4.85,43.91,0.0,0,5,0.2445,0.2278,0.2519,0.2482
129.019,1,0.887,-0.25,1.28,5,83.2,20.46,0.1416,-0.0296,0.238,-0.004,-0.095,0.365,-2.975,-140.66,11.53,2,3.64,1,0.702,2.91,45.89,0.0,0,5,0.2442,0.2183,0.2498,0.2387
129.087,1,0.885,-0.75,1.45,5,84.0,20.56,0.12,-0.0226,0.221,0.004,-0.081,0.351,-2.987,-140.89,11.52,2,8.73,1,0.699,-1.94,52.64,0.0,0,5,0.2297,0.2167,0.2334,0.2038
129.121,1,0.89,-0.75,1.03,5,84.0,20.46,0.12,-0.0197,0.208,0.003,-0.06,0.345,-2.992,-141.06,11.52,2,8.73,1,0.704,-4.85,52.77,0.0,0,5,0.2223,0.2112,0.226,0.1963
129.185,1,0.891,-0.75,0.86,5,83.4,20.57,0.12,-0.0123,0.197,0.002,-0.057,0.336,-2.999,-141.29,11.52,2,8.73,1,0.738,-8.72,55.41,0.0,0,5,0.2039,0.1892,0.2075,0.1855
129.224,1,0.887,-1.25,0.64,5,83.2,20.81,0.12,-0.0094,0.187,-0.002,-0.015,0.33,-3.003,-141.41,11.52,2,8.73,1,0.713,-9.69,51.9,0.0,0,5,0.1968,0.1747,0.1949,0.1802
129.254,1,0.893,-1.25,0.22,5,83.5,20.57,0.12,0.0011,0.18,-0.003,-0.016,0.328,-3.006,-141.46,11.52,2,8.73,1,0.724,-8.72,52.84,0.0,0,5,0.1928,0.1653,0.1873,0.1726
129.286,1,0.887,-1.25,0.89,5,84.2,21.1,0.12,0.0084,0.168,-0.003,-0.073,0.323,-3.01,-141.52,11.52,2,16.17,1,0.718,-9.69,52.31,0.0,0,5,0.1784,0.1545,0.1765,0.1637
129.321,1,0.876,-1.75,2.78,5,84.7,21.1,0.12,-0.005,0.16,0.001,-0.072,0.318,-3.014,-141.69,11.52,2,16.17,1,0.741,-11.15,51.31,0.0,0,5,0.1692,0.1526,0.1729,0.16
129.354,1,0.879,-2.25,4.4,5,84.8,21.1,0.12,-0.035,0.154,0.001,-0.008,0.316,-3.015,-141.75,11.52,2,16.17,1,0.76,-10.66,50.18,0.0,0,5,0.1515,0.1515,0.1588,0.1552
129.385,1,0.866,-2.25,6.49,5,84.3,21.11,0.12,-0.0607,0.141,-0.003,0.03,0.311,-3.018,-141.81,11.52,2,16.17,1,0.772,-10.18,51.58,0.0,0,5,0.1471,0.1398,0.1361,0.1398
129.418,1,0.849,-1.75,8.37,5,83.7,21.67,0.12,-0.1018,0.141,-0.003,0.03,0.311,-3.018,-141.81,11.52,2,16.17,1,0.794,-11.63,48.84,0.0,0,5,0.1471,0.1398,0.1361,0.1398
129.488,1,0.829,-1.75,11.75,5,83.7,22.19,0.12,-0.1443,0.119,0.0,-0.029,0.302,-3.026,-141.75,11.52,2,25.87,1,0.813,-14.54,46.49,0.0,0,5,0.1199,0.1163,0.1217,0.1181
129.519,1,0.821,-1.75,13.34,5,83.8,22.77,0.12,-0.209,0.119,0.0,-0.029,0.302,-3.026,-141.75,11.52,2,25.87,1,0.816,-18.9,40.22,0.0,0,5,0.1199,0.1163,0.1217,0.1181
129.56,1,0.822,-1.75,14.78,5,83.1,22.19,0.12,-0.2394,0.109,0.003,-0.004,0.299,-3.028,-141.75,11.52,2,25.87,1,0.811,-18.9,35.88,0.0,0,5,0.1004,0.1114,0.1114,0.1114
129.62,1,0.798,-2.75,18.15,5,82.7,22.77,0.12,-0.267,0.094,-0.002,-0.05,0.294,-3.031,-141.92,11.52,2,25.87,1,0.766,-25.69,27.95,0.0,0,5,0.0978,0.0904,0.0923,0.0941
129.686,1,0.796,-4.24,20.99,5,82.9,22.77,0.12,-0.3202,0.09,-0.004,-0.093,0.288,-3.036,-142.27,11.52,2,37.82,1,0.737,-33.44,14.73,0.0,0,5,0.1076,0.0686,0.1039,0.0816
129.72,1,0.806,-4.24,20.87,5,82.7,22.77,0.12,-0.3577,0.088,-0.005,-0.102,0.287,-3.036,-142.44,11.52,2,37.82,1,0.718,-36.35,11.64,0.0,0,5,0.1076,0.0612,0.1039,0.0779
129.784,1,0.789,-3.99,20.36,5,81.9,22.78,0.12,-0.3582,0.086,-0.012,-0.201,0.281,-3.04,-143.24,11.52,2,37.82,1,0.719,-44.11,4.33,0.0,0,5,0.1223,0.0426,0.1056,0.0741
129.819,1,0.801,-3.99,19.97,5,81.2,22.77,0.12,-0.3525,0.087,-0.011,-0.218,0.279,-3.041,-143.47,11.52,2,37.82,1,0.722,-45.56,3.64,0.0,0,5,0.126,0.0408,0.1111,0.0685
129.886,1,0.81,-3.99,19.56,5,80.7,22.19,0.12,-0.3455,0.089,-0.006,-0.274,0.273,-3.045,-144.61,11.52,2,39.7,1,0.737,-47.98,3.9,0.0,0,5,0.1409,0.0445,0.1224,0.0482
129.919,1,0.809,-3.49,19.12,5,80.2,22.19,0.12,-0.3379,0.091,-0.004,-0.211,0.272,-3.046,-144.9,11.52,2,39.7,1,0.74,-49.44,6.62,0.0,0,5,0.1409,0.0482,0.1261,0.0501
129.984,1,0.852,-3.99,20.8,5,79.8,22.15,0.12,-0.3352,0.094,-0.001,-0.259,0.265,-3.05,-145.93,11.52,2,39.7,1,0.753,-44.11,7.35,0.0,0,5,0.1335,0.0501,0.1354,0.0575
130.019,1,0.816,-3.99,17.84,5,79.8,22.22,0.12,-0.3612,0.095,-0.003,-0.273,0.264,-3.051,-146.22,11.52,2,39.7,1,0.743,-42.17,13.73,0.0,0,5,0.1372,0.0464,0.1372,0.0593
130.085,1,0.814,-4.99,16.9,5,79.4,22.19,0.12,-0.3049,0.097,-0.01,-0.329,0.257,-3.054,-147.54,11.53,2,35.92,1,0.751,-39.26,19.51,0.0,0,5,0.1595,0.0389,0.1354,0.0556
130.185,1,0.815,-6.74,15.36,5,79.0,22.15,0.12,-0.2768,0.089,-0.006,-0.269,0.249,-3.059,-149.03,11.53,2,35.92,1,0.738,-34.41,28.89,0.0,0,5,0.1428,0.0334,0.1335,0.0464
130.284,1,0.772,-8.73,13.92,5,78.6,21.67,0.12,-0.2301,0.096,-0.015,-0.227,0.24,-3.062,-150.46,11.53,2,29.93,1,0.74,-32.47,38.89,0.0,0,5,0.1465,0.0352,0.1261,0.076
130.319,1,0.764,-8.98,13.76,5,77.7,22.15,0.12,-0.1801,0.096,-0.012,-0.237,0.238,-3.063,-150.75,11.53,2,29.93,1,0.725,-31.5,39.46,0.0,0,5,0.1465,0.0427,0.1243,0.0686
130.354,1,0.789,-9.23,15.49,5,77.0,22.77,0.12,-0.1754,0.095,-0.004,-0.178,0.235,-3.065,-151.2,11.53,2,29.93,1,0.721,-31.02,41.49,0.0,0,5,0.1372,0.0501,0.1317,0.0612
130.384,1,0.812,-9.23,15.91,5,76.2,22.77,0.12,-0.208,0.096,-0.002,-0.167,0.231,-3.067,-151.6,11.53,2,29.93,1,0.721,-30.54,42.94,0.0,0,5,0.1351,0.0574,0.1295,0.0611
130.419,1,0.798,-9.48,16.64,5,75.4,23.26,0.12,-0.218,0.097,-0.001,-0.2,0.23,-3.068,-151.83,11.53,2,29.93,1,0.725,-30.05,44.52,0.0,0,5,0.1332,0.0611,0.1314,0.0629
130.485,1,0.782,-8.73,18.76,5,74.1,22.65,0.12,-0.2308,0.106,0.0,-0.158,0.222,-3.072,-152.64,11.53,2,32.25,1,0.729,-28.6,49.1,0.0,0,5,0.1391,0.0797,0.1335,0.0723
130.518,1,0.797,-7.99,20.0,5,73.9,21.62,0.12,-0.2809,0.107,0.002,-0.164,0.22,-3.073,-152.87,11.53,2,32.25,1,0.734,-27.63,51.01,0.0,0,5,0.1372,0.0816,0.1354,0.0723
130.586,1,0.845,-8.73,24.29,5,74.4,22.65,0.12,-0.3126,0.103,0.005,-0.249,0.213,-3.077,-153.72,11.53,2,32.25,1,0.75,-30.54,52.72,0.0,0,5,0.1335,0.076,0.1391,0.0631
130.619,1,0.87,-9.73,25.71,5,74.8,22.04,0.12,-0.3853,0.103,0.0,-0.234,0.211,-3.077,-154.01,11.53,2,32.25,1,0.774,-36.84,51.61,0.0,0,5,0.1372,0.0668,0.1409,0.0686
130.687,1,0.783,-11.48,26.36,5,74.8,22.78,0.12,-0.4015,0.109,-0.015,-0.303,0.203,-3.08,-155.39,11.52,2,42.09,1,0.8,-43.14,47.85,0.0,0,5,0.1669,0.0389,0.1502,0.0816
130.718,1,0.827,-12.98,27.24,5,75.2,22.22,0.12,-0.3944,0.11,-0.013,-0.35,0.2,-3.081,-155.79,11.52,2,42.09,1,0.787,-47.98,43.81,0.0,0,5,0.1725,0.0389,0.1539,0.0742
130.785,1,0.849,-14.97,26.27,5,74.8,22.78,0.1411,-0.4774,0.112,-0.007,-0.377,0.192,-3.084,-157.56,11.52,2,42.09,1,0.827,-55.74,41.73,0.0,0,5,0.1826,0.0347,0.1753,0.0548
130.819,1,0.846,-15.22,25.93,5,74.7,22.22,0.155,-0.4823,0.114,-0.008,-0.398,0.189,-3.085,-158.08,11.52,2,42.09,1,0.82,-57.68,41.51,0.0,0,5,0.1865,0.0344,0.1774,0.0561
130.885,1,0.847,-15.47,24.45,5,75.7,22.19,0.1761,-0.5433,0.129,-0.004,-0.472,0.179,-3.088,-160.08,11.52,2,45.0,1,0.825,-60.59,41.71,0.0,0,5,0.2081,0.0456,0.2045,0.0566
130.918,1,0.837,-15.47,23.17,5,76.6,21.96,0.1901,-0.5429,0.135,-0.002,-0.501,0.177,-3.089,-160.66,11.52,2,45.0,1,0.828,-62.52,42.5,0.0,0,5,0.2173,0.0516,0.2154,0.0571
130.99,1,0.849,-15.72,21.1,5,77.2,21.46,0.2047,-0.5471,0.162,0.008,-0.472,0.164,-3.094,-163.06,11.52,2,45.0,1,0.851,-63.01,40.96,0.0,0,5,0.2492,0.0843,0.2565,0.0586
131.022,1,0.867,-14.97,19.78,5,77.1,21.67,0.2189,-0.5155,0.177,0.017,-0.468,0.157,-3.097,-164.15,11.52,2,45.0,1,0.874,-59.62,37.95,0.0,0,5,0.2525,0.0988,0.269,0.0586
131.086,1,0.866,-13.98,18.12,5,76.6,21.02,0.2391,-0.5253,0.197,0.017,-0.559,0.146,-3.101,-166.1,11.51,2,43.91,1,0.892,-53.8,33.79,0.0,0,5,0.2772,0.1293,0.2975,0.0832
131.184,1,0.806,-14.47,17.65,5,78.3,21.1,0.256,-0.5102,0.229,0.009,-0.535,0.123,-3.107,-169.31,11.51,2,43.91,1,0.906,-43.62,27.51,0.0,0,5,0.3178,0.1386,0.3363,0.122
131.215,1,0.76,-14.97,21.42,5,79.1,23.34,0.2442,-0.4665,0.238,0.01,-0.579,0.118,-3.108,-169.94,11.51,2,43.91,1,0.906,-43.62,27.51,0.0,0,5,0.3271,0.1534,0.3437,0.1293
131.285,1,0.708,-16.47,33.52,5,75.8,28.16,0.196,-0.4799,0.252,0.012,-0.546,0.098,-3.112,-172.4,11.51,2,42.32,1,0.898,-32.47,23.09,0.0,0,5,0.3429,0.1696,0.3595,0.1364
131.319,1,0.76,-15.72,40.73,5,75.6,28.61,0.172,-0.7174,0.248,0.01,-0.611,0.094,-3.113,-173.09,11.51,2,42.32,1,0.913,-29.08,19.29,0.0,0,5,0.3392,0.1604,0.3558,0.1364
131.383,1,0.642,-13.48,43.07,5,70.3,28.03,0.1361,-0.7284,0.236,0.012,-0.528,0.075,-3.116,-175.73,11.51,2,42.32,1,0.897,-25.69,11.52,0.0,0,5,0.3171,0.1465,0.3505,0.1317
131.418,1,0.644,-7.99,42.49,5,67.1,27.23,0.12,-0.7083,0.234,0.017,-0.584,0.07,-3.117,-176.41,11.51,2,42.32,1,0.892,-24.72,3.73,0.0,0,5,0.3116,0.1502,0.3505,0.1224
131.453,1,0.582,-3.74,39.69,5,62.3,26.9,0.12,-0.7273,0.222,0.021,-0.557,0.062,-3.118,-177.73,11.51,2,42.32,1,0.88,-23.27,-1.69,0.0,0,5,0.306,0.1447,0.3412,0.0946
131.485,1,0.556,1.75,37.57,5,60.6,25.46,0.12,-0.7273,0.207,0.019,-0.534,0.054,-3.119,-178.93,11.51,2,44.74,1,0.87,-21.33,-5.98,0.0,0,5,0.2967,0.1261,0.3264,0.0797
131.518,1,0.493,5.49,35.94,4,58.7,25.9,0.12,-0.7273,0.2,0.017,-0.642,0.051,-3.119,-179.62,11.51,2,44.74,1,0.862,-20.36,-8.44,7.794,1,5,0.2875,0.115,0.319,0.0779
131.619,1,0.484,10.73,32.51,4,55.8,24.45,0.12,-0.7273,0.17,0.016,-0.659,0.033,-3.12,176.76,11.51,2,44.74,1,0.87,-20.84,-22.16,0.0,0,5,0.2556,0.0759,0.2964,0.0519
131.683,1,0.595,11.98,30.5,5,59.9,23.73,0.12,-0.7273,0.145,0.019,-0.677,0.025,-3.121,174.35,11.5,2,44.74,1,0.874,-23.27,-30.75,0.0,0,5,0.2445,0.0519,0.276,0.0093
131.75,1,0.701,11.23,29.37,5,61.6,23.46,0.1302,-0.7486,0.128,0.012,-0.677,0.015,-3.12,171.14,11.5,2,44.74,1,0.866,-27.14,-38.09,0.0,0,5,0.2374,0.0111,0.2671,-0.0056
131.784,1,0.707,10.23,28.54,5,60.9,23.2,0.1417,-0.7577,0.125,0.005,-0.715,0.01,-3.119,169.54,11.5,2,44.74,1,0.877,-30.54,-40.35,0.0,0,5,0.2374,0.0019,0.2578,0.0037
131.819,1,0.716,8.98,27.7,5,62.2,23.2,0.1502,-0.7568,0.124,0.002,-0.694,0.008,-3.119,168.74,11.5,2,44.74,1,0.88,-33.44,-43.9,0.0,0,5,0.2392,0.0019,0.2504,0.0037
131.883,1,0.719,5.74,26.91,5,64.6,22.46,0.1587,-0.7528,0.123,-0.001,-0.635,-0.002,-3.117,165.53,11.5,2,39.94,1,0.868,-36.35,-49.19,0.0,0,5,0.2485,0.0019,0.243,0.0
131.953,1,0.682,3.24,23.25,5,63.6,21.62,0.1667,-0.7248,0.135,-0.0,-0.717,-0.01,-3.114,163.06,11.5,2,39.94,1,0.879,-34.9,-46.82,0.0,0,5,0.2578,0.0111,0.2578,0.013
131.984,1,0.714,1.75,22.1,5,64.9,21.46,0.1807,-0.6445,0.14,0.0,-0.707,-0.015,-3.113,161.46,11.5,2,39.94,1,0.868,-34.41,-47.05,0.0,0,5,0.2578,0.0185,0.2615,0.0223
132.018,1,0.721,0.25,20.99,5,65.8,21.46,0.1946,-0.6355,0.145,0.001,-0.673,-0.019,-3.112,160.71,11.5,2,39.94,1,0.873,-32.96,-43.18,0.0,0,5,0.2596,0.0241,0.2671,0.0278
132.083,1,0.723,-2.25,18.51,5,68.8,21.42,0.2158,-0.6417,0.169,0.0,-0.55,-0.031,-3.107,157.96,11.5,2,27.94,1,0.885,-31.02,-41.58,0.0,0,5,0.2745,0.0612,0.2782,0.0631
132.119,1,0.326,0.53,17.31,4,69.6,21.38,0.2298,-0.566,0.176,0.0,-0.539,-0.035,-3.105,157.33,11.5,2,27.94,1,0.846,-28.6,-39.63,0.0,0,5,0.2782,0.0723,0.28,0.0723
132.151,1,0.763,-4.24,16.56,5,70.9,21.42,0.2244,-0.5195,0.192,0.002,-0.546,-0.043,-3.102,156.07,11.5,2,27.94,1,0.867,-26.17,-34.83,0.0,0,5,0.285,0.0956,0.2924,0.0938
132.184,1,0.612,-7.74,15.81,4,73.3,21.38,0.2384,-0.4989,0.208,0.003,-0.397,-0.051,-3.099,155.04,11.5,2,27.94,1,0.878,-25.69,-32.01,0.0,0,5,0.2939,0.1175,0.303,0.1157
132.222,1,0.783,-6.74,15.18,5,73.7,20.81,0.2522,-0.4592,0.222,0.003,-0.44,-0.059,-3.095,154.01,11.5,2,27.94,1,0.854,-23.27,-31.71,0.0,0,5,0.2955,0.1323,0.3063,0.1269
132.284,1,0.684,-6.49,12.89,4,74.1,21.1,0.2733,-0.4885,0.234,0.006,-0.426,-0.068,-3.091,152.87,11.5,2,14.44,1,0.795,-17.93,-25.25,0.0,0,5,0.3038,0.1664,0.3128,0.1519
132.353,1,0.348,-3.69,12.11,4,75.5,20.96,0.2944,-0.436,0.255,0.007,-0.41,-0.083,-3.084,151.49,11.5,2,14.44,1,0.79,-11.63,-4.8,0.0,0,5,0.3192,0.1908,0.3339,0.1761
132.383,1,0.353,-3.96,10.78,4,75.4,20.92,0.2705,-0.3888,0.273,0.006,-0.364,-0.093,-3.078,150.57,11.5,2,14.44,1,0.747,-7.76,-2.71,0.0,0,5,0.3302,0.1981,0.343,0.1834
132.417,1,0.353,-5.01,11.32,4,74.5,21.07,0.2467,-0.3129,0.28,0.005,-0.507,-0.098,-3.075,150.06,11.5,2,14.44,1,0.724,-3.39,7.68,0.0,0,5,0.3501,0.2186,0.3519,0.2001
132.453,1,0.354,-5.8,10.94,4,75.3,21.07,0.2344,-0.3023,0.289,0.006,-0.34,-0.113,-3.067,148.63,11.5,2,14.44,1,0.753,-1.45,15.3,0.0,0,5,0.3519,0.2315,0.3594,0.2149
132.485,1,0.282,-5.8,8.9,3,75.7,20.56,0.2331,-0.2804,0.29,0.005,-0.325,-0.119,-3.063,148.22,11.5,2,2.44,1,0.739,1.45,20.57,0.0,0,5,0.3476,0.2281,0.3621,0.2209
132.513,1,0.317,-5.8,11.89,4,76.3,20.79,0.2213,-0.2076,0.29,0.006,-0.348,-0.124,-3.061,147.82,11.5,2,2.44,1,0.739,1.45,20.57,0.0,0,5,0.3444,0.2284,0.3643,0.2229
132.585,1,0.75,-8.24,10.46,5,76.6,20.56,0.1732,-0.2329,0.28,0.014,-0.262,-0.143,-3.049,146.39,11.5,2,2.44,1,0.723,10.66,42.48,0.0,0,5,0.316,0.2365,0.3529,0.2162
132.613,1,0.718,-6.49,7.63,4,75.9,20.53,0.1614,-0.1746,0.275,0.017,-0.22,-0.148,-3.047,146.16,11.5,2,2.44,1,0.723,10.66,42.48,0.0,0,5,0.3067,0.2365,0.3474,0.2107
132.684,1,0.685,-7.74,8.11,4,75.1,20.5,0.12,-0.0869,0.253,0.021,-0.262,-0.165,-3.037,144.96,11.5,2,2.48,1,0.691,11.63,48.52,0.0,0,5,0.2723,0.2315,0.3167,0.1908
132.751,1,0.718,-4.49,5.33,4,74.6,20.5,0.12,-0.0824,0.234,0.018,-0.221,-0.177,-3.03,144.21,11.5,2,2.48,1,0.704,10.18,50.54,0.0,0,5,0.2516,0.2109,0.2923,0.1795
132.781,1,0.779,-4.49,6.49,5,74.5,21.02,0.12,-0.0687,0.226,0.019,-0.217,-0.181,-3.028,143.93,11.5,2,2.48,1,0.689,6.3,48.27,0.0,0,5,0.2442,0.2035,0.2868,0.1702
132.818,1,0.769,-4.49,6.21,5,74.3,20.44,0.12,-0.0882,0.213,0.025,-0.226,-0.188,-3.024,143.47,11.5,2,2.48,1,0.707,1.94,45.1,0.0,0,5,0.2239,0.2017,0.2738,0.1517
132.983,1,0.751,-4.49,4.43,5,74.7,21.02,0.12,-0.0791,0.162,0.017,-0.096,-0.215,-3.007,141.75,11.5,2,10.55,1,0.731,-5.82,22.64,0.0,0,5,0.1743,0.1539,0.204,0.1168
133.018,1,0.756,-4.99,4.84,5,74.3,21.11,0.12,-0.0447,0.157,0.013,-0.184,-0.217,-3.005,141.58,11.5,2,10.55,1,0.707,-7.27,20.07,0.0,0,5,0.1725,0.1465,0.1947,0.115
133.082,1,0.757,-4.74,6.86,5,75.7,21.11,0.12,-0.0467,0.148,0.007,-0.101,-0.224,-3.0,141.0,11.5,2,10.55,1,0.714,-7.76,9.02,5.645,1,5,0.1651,0.1261,0.1836,0.1168
133.117,1,0.764,-5.24,8.66,5,76.3,21.11,0.12,-0.0887,0.137,0.004,-0.07,-0.228,-2.997,140.83,11.51,2,13.51,1,0.722,-6.79,10.42,6.53,1,5,0.1521,0.1168,0.1651,0.1131
133.183,1,0.801,-5.49,13.11,5,75.9,21.6,0.12,-0.1175,0.123,0.003,-0.034,-0.236,-2.991,140.6,11.51,2,13.51,1,0.699,-6.3,10.35,7.061,1,5,0.1335,0.115,0.1409,0.1113
133.213,1,0.793,-5.49,14.64,5,75.8,21.11,0.12,-0.1997,0.121,0.003,-0.042,-0.237,-2.989,140.55,11.51,2,13.51,1,0.699,-6.3,10.35,7.061,1,5,0.1261,0.1168,0.1317,0.1094
133.25,1,0.773,-5.74,15.78,5,76.1,21.67,0.12,-0.2296,0.112,0.0,-0.066,-0.241,-2.987,140.43,11.51,2,13.51,1,0.707,-10.18,-4.09,0.999,1,5,0.1205,0.1076,0.1168,0.1039
133.282,1,0.784,-6.24,16.53,5,76.5,21.6,0.12,-0.2489,0.108,-0.002,-0.077,-0.242,-2.985,140.37,11.51,2,13.51,1,0.697,-12.12,-4.38,0.362,1,5,0.1187,0.1001,0.1113,0.1001
133.352,1,0.798,-6.49,16.87,5,76.5,21.1,0.12,-0.2582,0.091,-0.005,-0.047,-0.247,-2.98,140.03,11.51,2,22.27,1,0.695,-20.84,-25.53,0.0,0,5,0.1098,0.0769,0.0952,0.0805
133.381,1,0.761,-6.74,16.31,5,75.7,21.11,0.12,-0.2625,0.089,-0.003,-0.089,-0.249,-2.979,139.92,11.51,2,22.27,1,0.736,-23.27,-32.14,0.0,0,5,0.1076,0.0784,0.0948,0.0766
133.417,1,0.808,-4.99,15.77,5,75.2,21.11,0.12,-0.2495,0.089,-0.0,-0.077,-0.252,-2.977,139.8,11.51,2,22.27,1,0.755,-23.27,-33.81,0.0,0,5,0.103,0.0772,0.0993,0.0754
133.485,1,0.786,-4.99,16.82,5,74.7,21.11,0.12,-0.2597,0.094,0.0,-0.146,-0.257,-2.972,139.23,11.51,2,20.1,1,0.74,-23.27,-34.97,0.0,0,5,0.1068,0.0755,0.1141,0.0792
133.529,1,0.778,-5.24,15.45,5,74.6,21.62,0.12,-0.2787,0.091,-0.006,-0.167,-0.259,-2.97,138.77,11.51,2,20.1,1,0.74,-23.27,-34.97,0.0,0,5,0.1214,0.0553,0.116,0.0732
133.583,1,0.779,-6.74,15.68,5,74.6,20.57,0.12,-0.2487,0.086,-0.013,-0.179,-0.263,-2.966,138.14,11.51,2,20.1,1,0.714,-19.87,-29.01,0.0,0,5,0.1335,0.0389,0.1057,0.0649
133.613,1,0.8,-7.49,15.52,5,75.1,21.1,0.12,-0.2343,0.084,-0.014,-0.179,-0.264,-2.964,137.91,11.51,2,20.1,1,0.714,-19.87,-29.01,0.0,0,5,0.1335,0.0371,0.102,0.0631
133.684,1,0.793,-8.49,14.98,5,76.3,21.1,0.12,-0.2261,0.086,-0.01,-0.13,-0.268,-2.959,137.17,11.51,2,12.61,1,0.732,-15.03,-16.72,-3.753,1,5,0.1221,0.0463,0.1055,0.0703
133.782,1,0.777,-10.48,13.6,5,76.7,20.96,0.12,-0.2077,0.084,-0.013,-0.151,-0.274,-2.952,136.19,11.51,2,12.61,1,0.704,-10.18,-8.65,1.673,1,5,0.1205,0.0408,0.1039,0.0668
133.85,1,0.779,-10.48,12.75,5,75.7,20.96,0.12,-0.1601,0.09,-0.011,-0.066,-0.277,-2.948,135.79,11.51,2,12.61,1,0.71,-7.27,0.62,3.815,1,5,0.1241,0.0593,0.1,0.0778
133.881,1,0.79,-9.98,12.65,5,75.0,20.96,0.12,-0.1458,0.094,-0.007,-0.083,-0.279,-2.947,135.68,11.51,2,7.16,1,0.675,-4.36,-2.24,-0.34,1,5,0.1204,0.0704,0.1019,0.0815
133.982,1,0.781,-9.98,12.94,5,75.3,20.57,0.12,-0.1516,0.101,0.004,-0.103,-0.286,-2.94,135.39,11.51,2,7.16,1,0.696,0.97,11.95,2.673,1,5,0.1131,0.0927,0.1168,0.0816
134.012,1,0.778,-10.48,12.88,5,76.0,21.02,0.12,-0.1573,0.098,-0.005,-0.12,-0.289,-2.937,135.05,11.51,2,7.16,1,0.696,0.97,11.95,2.673,1,5,0.1178,0.0755,0.1105,0.0865
134.05,1,0.768,-10.73,11.81,5,76.1,20.56,0.12,-0.1504,0.097,-0.01,-0.139,-0.291,-2.934,134.76,11.51,2,7.16,1,0.706,0.0,14.16,5.116,1,5,0.125,0.0662,0.1085,0.0901
134.082,1,0.762,-10.48,11.36,5,76.5,20.57,0.12,-0.1276,0.097,-0.009,-0.076,-0.292,-2.933,134.65,11.51,2,7.16,1,0.709,-0.48,12.29,4.075,1,5,0.1232,0.0644,0.1103,0.0883
134.181,1,0.752,-9.48,10.71,5,76.4,20.57,0.12,-0.1228,0.107,0.002,-0.026,-0.301,-2.923,134.19,11.51,2,7.84,1,0.719,-1.94,7.28,3.831,1,5,0.1157,0.0937,0.1175,0.0955
134.312,1,0.771,-9.73,10.15,5,74.7,20.56,0.12,-0.1206,0.104,-0.009,-0.104,-0.31,-2.914,133.5,11.51,2,9.82,1,0.695,-3.88,3.22,1.722,1,5,0.1297,0.0815,0.1093,0.0963
134.381,1,0.776,-9.73,10.13,5,75.3,20.56,0.12,-0.1065,0.106,-0.006,-0.125,-0.314,-2.909,133.21,11.51,2,9.82,1,0.7,-5.82,-2.57,1.421,1,5,0.1278,0.0852,0.1148,0.0945
134.487,1,0.757,-10.98,9.63,5,77.7,20.96,0.12,-0.1061,0.107,-0.005,-0.098,-0.321,-2.901,132.58,11.51,2,9.82,1,0.725,-8.24,-7.67,0.087,1,5,0.128,0.0816,0.1224,0.0946
134.582,1,0.762,-10.98,8.83,5,77.5,20.96,0.12,-0.0836,0.114,-0.003,-0.115,-0.329,-2.891,132.01,11.52,2,10.34,1,0.719,-8.72,-7.51,0.308,1,5,0.1309,0.1032,0.118,0.1032
134.612,1,0.768,-11.23,8.62,5,77.5,20.46,0.12,-0.0685,0.113,-0.005,-0.062,-0.331,-2.889,131.95,11.52,2,10.34,1,0.719,-8.72,-7.51,0.308,1,5,0.1295,0.0981,0.1184,0.1055
134.644,1,0.763,-11.73,8.43,5,77.3,20.46,0.12,-0.0621,0.111,-0.006,-0.119,-0.333,-2.886,131.72,11.52,2,10.34,1,0.719,-8.72,-7.51,0.308,1,5,0.128,0.089,0.1205,0.1076
134.681,1,0.761,-11.98,7.99,5,77.6,20.57,0.12,-0.0532,0.111,-0.007,-0.07,-0.335,-2.884,131.61,11.52,2,7.73,1,0.731,-9.69,-11.53,-1.161,1,5,0.128,0.0872,0.1205,0.1076
134.75,1,0.75,-11.98,7.08,5,78.0,20.56,0.12,-0.0432,0.115,-0.008,-0.075,-0.34,-2.877,131.26,11.52,2,7.73,1,0.719,-8.72,-6.95,1.17,1,5,0.1346,0.0922,0.1217,0.1124
134.782,1,0.74,-11.98,7.0,5,78.3,20.44,0.12,-0.0264,0.117,-0.007,-0.056,-0.342,-2.875,131.21,11.52,2,7.73,1,0.719,-7.76,-8.44,0.484,1,5,0.1327,0.0959,0.1235,0.1143
134.886,1,0.749,-12.23,7.36,5,78.4,20.57,0.12,-0.0258,0.119,0.0,-0.064,-0.35,-2.866,130.81,11.52,2,4.31,1,0.695,-3.88,0.03,0.397,1,5,0.126,0.1074,0.1315,0.1111
134.949,1,0.752,-12.23,6.68,5,78.2,20.56,0.12,-0.03,0.12,-0.006,-0.046,-0.356,-2.858,130.58,11.52,2,4.31,1,0.715,-3.88,1.81,0.26,1,5,0.1367,0.1016,0.1257,0.1164
134.981,1,0.757,-12.23,6.89,5,77.9,20.57,0.12,-0.0173,0.121,-0.006,-0.016,-0.359,-2.854,130.46,11.52,2,4.31,1,0.713,-3.88,1.39,1.576,1,5,0.1367,0.0998,0.1257,0.1183
135.049,1,0.769,-12.23,7.36,5,77.1,20.56,0.12,-0.0216,0.124,-0.0,-0.099,-0.364,-2.849,130.35,11.52,2,4.31,1,0.72,-3.88,1.22,0.807,1,5,0.1297,0.1204,0.1278,0.1185
135.08,1,0.786,-11.98,6.87,5,77.0,20.57,0.12,-0.0306,0.124,-0.0,-0.031,-0.365,-2.847,130.29,11.52,2,4.31,1,0.724,-4.36,0.76,1.519,1,5,0.1297,0.1185,0.1278,0.1185
135.177,1,0.789,-12.23,6.41,5,77.0,20.57,0.1394,-0.0424,0.124,-0.006,-0.061,-0.373,-2.837,130.0,11.5,2,3.92,1,0.724,-4.36,-0.18,0.615,1,5,0.1376,0.1064,0.1302,0.1211
135.22,1,0.782,-11.98,6.16,5,76.9,20.57,0.1537,-0.0414,0.123,-0.004,-0.022,-0.376,-2.833,129.89,11.5,2,3.92,1,0.724,-4.36,-1.01,3.23,1,5,0.1348,0.1111,0.1275,0.1202
135.282,1,0.787,-12.48,6.12,5,77.4,20.57,0.1396,-0.0272,0.131,-0.005,-0.018,-0.383,-2.824,129.66,11.5,2,3.87,1,0.726,-4.85,-0.28,4.251,1,5,0.1398,0.125,0.1287,0.1324
135.316,1,0.797,-12.73,5.76,5,77.3,20.46,0.1269,-0.0096,0.135,-0.007,-0.071,-0.384,-2.822,129.6,11.5,2,3.87,1,0.732,-5.82,-2.58,1.154,1,5,0.1469,0.1249,0.1304,0.1359
135.381,1,0.773,-13.23,5.19,5,78.2,20.46,0.1282,-0.0013,0.141,-0.009,-0.094,-0.389,-2.815,129.37,11.5,2,3.87,1,0.728,-6.3,-2.59,0.655,1,5,0.1574,0.1223,0.1426,0.1426
135.478,1,0.825,-12.73,5.58,5,76.6,20.46,0.12,0.0209,0.133,-0.005,-0.056,-0.397,-2.805,129.26,11.5,2,3.87,1,0.732,-5.82,-3.78,2.267,1,5,0.1391,0.1187,0.1372,0.1354
135.579,1,0.81,-12.73,5.55,5,77.3,20.46,0.1553,-0.0192,0.13,-0.005,-0.027,-0.405,-2.794,129.14,11.51,2,3.43,1,0.735,-5.82,-3.77,2.334,1,5,0.1387,0.1223,0.1278,0.1314
135.616,1,0.802,-12.73,5.33,5,78.2,20.46,0.169,-0.0277,0.127,-0.006,-0.022,-0.408,-2.79,129.09,11.51,2,3.43,1,0.734,-5.82,-5.12,1.311,1,5,0.1391,0.1168,0.1243,0.1261
135.647,1,0.801,-12.73,5.68,5,78.6,20.46,0.1567,-0.014,0.13,-0.006,0.015,-0.411,-2.786,129.09,11.51,2,3.43,1,0.742,-5.82,-4.96,1.867,1,5,0.1409,0.1205,0.128,0.1317
135.675,1,0.794,-12.48,5.25,5,78.6,20.57,0.1635,-0.0273,0.133,-0.006,0.013,-0.413,-2.783,129.14,11.51,2,3.43,1,0.742,-5.82,-4.96,1.867,1,5,0.1426,0.1223,0.1315,0.1371
135.749,1,0.815,-12.73,5.12,5,77.6,20.46,0.1482,-0.009,0.157,-0.008,-0.021,-0.421,-2.773,128.92,11.51,2,3.79,1,0.748,-6.3,-4.22,2.921,1,5,0.1667,0.1463,0.15,0.163
135.777,1,0.825,-12.98,5.57,5,77.3,20.57,0.162,-0.0119,0.159,-0.008,-0.043,-0.423,-2.77,128.86,11.51,2,3.79,1,0.748,-6.3,-4.22,2.921,1,5,0.1706,0.1502,0.1521,0.1651
135.816,1,0.825,-12.98,4.72,5,77.6,20.96,0.176,-0.0296,0.159,-0.009,0.04,-0.426,-2.765,128.8,11.51,2,3.79,1,0.755,-6.79,-4.4,1.924,1,5,0.1725,0.1465,0.1521,0.1632
135.875,1,0.813,-12.48,5.03,5,77.0,20.96,0.1899,-0.015,0.159,-0.008,-0.041,-0.432,-2.757,128.86,11.51,2,3.79,1,0.752,-6.79,-4.55,1.442,1,5,0.1706,0.1465,0.1558,0.1632
135.915,1,0.824,-12.48,4.74,5,76.4,20.96,0.204,-0.0383,0.168,-0.006,0.015,-0.436,-2.752,128.8,11.51,2,3.26,1,0.762,-6.3,-4.37,0.655,1,5,0.1725,0.1595,0.1632,0.1762
135.948,1,0.825,-11.98,4.65,5,75.9,20.96,0.2181,-0.0363,0.176,-0.007,0.012,-0.441,-2.746,128.86,11.51,2,3.26,1,0.763,-6.3,-5.11,-1.105,1,5,0.1815,0.1686,0.1704,0.1852
135.976,1,0.862,-11.98,3.33,5,74.4,20.96,0.2249,-0.0429,0.18,-0.006,0.037,-0.443,-2.743,128.86,11.51,2,3.26,1,0.763,-6.3,-5.11,-1.105,1,5,0.1852,0.176,0.1723,0.1871
136.047,1,0.839,-11.48,4.43,5,74.1,21.1,0.2532,-0.0087,0.206,-0.004,-0.031,-0.453,-2.73,128.8,11.51,2,3.26,1,0.757,-5.82,-3.33,-0.404,1,5,0.2146,0.2035,0.1998,0.2054
136.079,1,0.832,-11.23,4.79,5,74.3,21.1,0.2671,-0.0587,0.215,-0.004,0.002,-0.456,-2.726,128.8,11.51,2,3.26,1,0.718,-3.88,-5.2,-2.964,1,5,0.222,0.2109,0.2109,0.2146
136.117,1,0.836,-10.98,5.09,5,74.0,21.1,0.2704,-0.0752,0.232,-0.003,0.056,-0.462,-2.718,128.86,11.51,2,1.9,1,0.72,-0.97,3.91,-1.41,1,5,0.2368,0.2313,0.2257,0.2331
136.146,1,0.859,-10.23,4.23,5,73.6,21.1,0.2693,-0.0883,0.248,-0.002,-0.083,-0.469,-2.71,128.86,11.51,2,1.9,1,0.742,0.0,4.92,3.768,1,5,0.2522,0.2485,0.243,0.2485
136.175,1,0.886,-9.98,3.52,5,74.4,20.81,0.2578,-0.0613,0.255,-0.003,-0.007,-0.472,-2.706,128.8,11.51,2,1.9,1,0.742,0.0,4.92,3.768,1,5,0.2596,0.2522,0.2522,0.2559
136.218,1,0.889,-9.98,3.54,5,74.9,20.81,0.2465,-0.033,0.264,-0.001,-0.028,-0.479,-2.698,128.74,11.51,2,1.9,1,0.744,0.48,4.13,0.746,1,5,0.2708,0.2596,0.2671,0.2596
136.246,1,0.888,-9.98,3.5,5,74.8,20.81,0.2532,-0.0357,0.267,-0.002,-0.092,-0.485,-2.689,128.57,11.51,2,1.9,1,0.745,0.0,4.68,-0.26,1,5,0.28,0.2578,0.2726,0.2578
136.277,1,0.87,-9.98,3.48,5,75.8,20.81,0.267,-0.038,0.268,-0.001,-0.08,-0.489,-2.685,128.46,11.51,2,1.9,1,0.745,0.0,4.68,-0.26,1,5,0.28,0.2615,0.2726,0.2596
136.346,1,0.879,-9.73,2.9,5,75.0,20.46,0.2882,-0.0432,0.269,-0.003,-0.043,-0.502,-2.668,128.29,11.51,2,1.89,1,0.741,0.0,3.74,2.953,1,5,0.28,0.2615,0.2708,0.2652
136.375,1,0.875,-9.73,2.8,5,74.7,20.46,0.2825,-0.0227,0.27,-0.003,-0.103,-0.505,-2.663,128.23,11.51,2,1.89,1,0.741,0.0,3.74,2.953,1,5,0.2782,0.2634,0.2708,0.2671
136.447,1,0.849,-9.23,3.73,5,76.5,20.56,0.2967,-0.0219,0.286,-0.002,-0.03,-0.519,-2.645,128.11,11.51,2,1.89,1,0.773,0.0,2.56,0.198,1,5,0.2893,0.2819,0.2856,0.2875
136.547,1,0.867,-8.98,2.22,5,75.8,20.56,0.3317,-0.0739,0.304,-0.001,-0.124,-0.538,-2.621,127.83,11.52,2,2.26,1,0.75,0.48,2.03,2.733,1,5,0.3097,0.3004,0.306,0.3004
136.574,1,0.869,-9.48,2.57,5,75.0,20.56,0.3201,-0.0115,0.31,-0.002,-0.042,-0.542,-2.616,127.71,11.52,2,2.26,1,0.75,0.48,2.03,2.733,1,5,0.3171,0.3042,0.3116,0.306
136.647,1,0.864,-9.23,2.61,5,75.9,20.44,0.3103,-0.017,0.328,-0.002,-0.126,-0.558,-2.595,127.37,11.52,2,2.26,1,0.747,-1.45,-0.41,-0.757,1,5,0.3375,0.319,0.3338,0.319
136.674,1,0.847,-9.48,2.0,5,76.2,20.2,0.317,-0.0235,0.328,-0.0,-0.043,-0.562,-2.59,127.31,11.52,2,2.26,1,0.747,-1.45,-0.41,-0.757,1,5,0.3357,0.319,0.3357,0.3208
136.747,1,0.849,-9.73,2.17,5,76.0,20.44,0.3067,0.006,0.327,-0.0,-0.001,-0.578,-2.569,127.02,11.52,2,2.64,1,0.742,-1.94,0.13,0.219,1,5,0.3357,0.3227,0.332,0.319
136.779,1,0.853,-9.73,1.79,5,76.1,20.46,0.3207,-0.0004,0.329,-0.001,-0.047,-0.582,-2.564,127.02,11.52,2,2.64,1,0.75,-1.94,-4.96,-0.216,1,5,0.3375,0.3246,0.332,0.3227
136.845,1,0.85,-9.23,1.31,5,76.6,20.04,0.3418,0.0115,0.331,-0.001,0.073,-0.597,-2.542,127.02,11.52,2,2.64,1,0.779,-1.94,-2.42,0.0,1,5,0.3357,0.3264,0.332,0.3283
136.881,1,0.845,-8.73,1.99,5,76.6,20.46,0.3555,0.0245,0.331,-0.001,-0.026,-0.601,-2.537,127.02,11.52,2,1.54,1,0.737,-5.33,-3.17,0.0,0,5,0.3357,0.3301,0.3301,0.3283
136.945,1,0.851,-8.73,1.53,5,75.3,20.0,0.3374,-0.0074,0.345,-0.001,-0.049,-0.618,-2.515,127.02,11.52,2,1.54,1,0.752,-0.97,-3.75,-0.206,1,5,0.3431,0.3524,0.3357,0.3505
136.978,1,0.845,-9.23,2.4,5,74.7,20.0,0.3512,0.011,0.351,0.002,-0.106,-0.623,-2.509,126.91,11.52,2,1.54,1,0.759,0.48,1.53,-0.952,1,5,0.3468,0.3616,0.3431,0.3505
137.046,1,0.832,-10.23,2.5,5,75.3,20.04,0.3339,-0.0171,0.362,0.004,-0.064,-0.64,-2.486,126.68,11.52,2,1.54,1,0.712,-0.48,0.11,-0.452,1,5,0.365,0.3724,0.3595,0.3521
137.075,1,0.832,-10.73,2.45,5,75.1,20.04,0.3224,-0.0064,0.365,-0.0,-0.056,-0.645,-2.48,126.57,11.52,2,1.54,1,0.712,-0.48,0.11,-0.452,1,5,0.3742,0.3687,0.3613,0.3576
137.147,1,0.799,-11.73,2.42,5,76.4,20.04,0.3034,0.0027,0.36,-0.002,0.023,-0.662,-2.456,126.28,11.53,2,1.17,1,0.746,-0.48,3.7,2.836,1,5,0.3724,0.3558,0.3613,0.3521
137.18,1,0.791,-11.73,2.26,5,76.7,20.0,0.2794,0.0199,0.355,-0.002,0.013,-0.666,-2.451,126.34,11.53,2,1.17,1,0.757,-0.97,0.18,-0.799,1,5,0.365,0.3465,0.3595,0.3502
137.245,1,0.799,-12.23,1.84,5,76.8,20.56,0.2435,0.0316,0.343,-0.002,-0.057,-0.682,-2.429,125.99,11.53,2,1.17,1,0.758,-1.94,-0.29,1.52,1,5,0.3524,0.3301,0.3505,0.3375
137.281,1,0.829,-12.23,1.51,5,76.7,20.56,0.2555,0.0485,0.339,-0.001,-0.124,-0.686,-2.423,125.88,11.53,2,1.17,1,0.747,-2.42,0.03,0.606,1,5,0.3474,0.3289,0.3474,0.3326
137.347,1,0.791,-13.23,1.15,5,78.1,20.56,0.2553,0.0586,0.319,-0.002,-0.118,-0.7,-2.402,125.48,11.53,2,0.51,1,0.325,-3.61,-3.75,-6.413,1,4,0.3308,0.303,0.3308,0.3104
137.374,1,0.774,-13.98,1.58,5,78.2,21.1,0.2438,0.0848,0.313,-0.004,-0.166,-0.704,-2.397,125.31,11.53,2,0.51,1,0.325,-3.61,-3.75,-6.413,1,4,0.3264,0.2967,0.3227,0.3079
137.447,1,0.764,-15.47,0.98,5,79.0,21.1,0.1954,0.0836,0.295,-0.009,-0.125,-0.717,-2.378,125.13,11.53,2,0.51,1,0.729,-5.82,-3.39,2.738,1,5,0.3104,0.2735,0.2975,0.2975
137.474,1,0.809,-16.47,0.32,5,77.9,21.42,0.1838,0.1204,0.295,-0.009,-0.125,-0.717,-2.378,125.13,11.53,2,0.51,1,0.729,-5.82,-3.39,2.738,1,5,0.3104,0.2735,0.2975,0.2975
137.515,1,0.822,-17.47,0.01,5,77.9,21.02,0.1979,0.1468,0.285,-0.012,-0.053,-0.723,-2.368,124.9,11.52,2,-0.6,1,0.76,-8.24,-5.01,3.188,1,5,0.3052,0.2632,0.2833,0.2888
137.542,1,0.76,-18.47,0.77,5,79.3,20.96,0.2119,0.1653,0.275,-0.017,0.056,-0.728,-2.359,124.9,11.52,2,-0.6,1,0.76,-8.24,-5.01,3.188,1,5,0.3016,0.2559,0.276,0.2851
137.58,1,0.745,-18.97,0.68,5,79.9,21.11,0.1879,0.153,0.27,-0.02,-0.021,-0.731,-2.354,124.9,11.52,2,-0.6,1,0.715,-6.79,-1.4,1.366,1,5,0.2953,0.2403,0.2605,0.2843
137.678,1,0.765,-22.46,-0.18,5,79.1,21.02,0.1276,0.1603,0.249,-0.026,0.01,-0.743,-2.332,124.9,11.52,2,-0.6,1,0.34,-10.22,2.59,0.0,0,4,0.2782,0.2207,0.2244,0.2726
137.715,1,0.683,-23.46,0.17,4,78.8,21.29,0.1343,0.2209,0.237,-0.031,-0.108,-0.747,-2.324,124.79,11.52,2,-2.06,1,0.341,-12.62,4.12,-0.19,1,4,0.2689,0.204,0.2096,0.2671
137.744,1,0.685,-24.96,-0.13,4,78.5,21.04,0.1484,0.2204,0.227,-0.031,0.004,-0.751,-2.316,124.62,11.52,2,-2.06,1,0.778,-13.09,1.01,3.153,1,5,0.2559,0.1929,0.2003,0.2596
137.78,1,0.69,-25.95,-0.31,4,79.2,21.03,0.1625,0.2405,0.223,-0.028,0.029,-0.753,-2.312,124.68,11.52,2,-2.06,1,0.742,-16.48,4.99,-3.656,1,5,0.2485,0.1929,0.1984,0.2541
137.814,1,0.685,-26.95,-0.63,4,78.6,21.04,0.1693,0.255,0.217,-0.022,0.015,-0.757,-2.305,124.68,11.52,2,-2.06,1,0.752,-16.48,10.53,-3.43,1,5,0.2355,0.191,0.1984,0.2411
137.845,1,0.679,-27.95,-0.3,4,78.8,21.03,0.1834,0.2713,0.206,-0.024,-0.031,-0.761,-2.298,124.62,11.52,2,-2.06,1,0.809,-14.06,9.15,3.297,1,5,0.23,0.1855,0.178,0.23
137.874,1,0.795,-28.45,-0.66,5,77.1,20.96,0.1902,0.2727,0.202,-0.025,0.024,-0.763,-2.294,124.62,11.52,2,-2.06,1,0.809,-14.06,9.15,3.297,1,5,0.2281,0.1855,0.1688,0.2263
137.947,1,0.801,-28.45,-1.72,5,74.0,20.96,0.2185,0.2826,0.197,-0.012,0.099,-0.771,-2.281,125.19,11.52,2,-4.34,1,0.797,-13.09,9.59,6.305,1,5,0.2021,0.2003,0.1688,0.2151
137.978,1,0.797,-28.45,-1.77,5,74.1,20.96,0.195,0.3093,0.196,-0.008,0.053,-0.773,-2.278,125.25,11.52,2,-4.34,1,0.801,-12.12,8.78,6.856,1,5,0.1929,0.204,0.1725,0.2151
138.045,1,0.785,-26.95,-0.25,5,72.7,20.2,0.1968,0.309,0.198,-0.003,0.218,-0.782,-2.264,125.88,11.52,2,-4.34,1,0.789,-10.18,9.88,7.734,1,5,0.1739,0.2239,0.1665,0.2294
138.143,1,0.753,-24.71,2.91,5,73.1,20.2,0.2131,0.2489,0.188,-0.001,0.169,-0.793,-2.249,126.85,11.51,2,-3.23,1,0.347,-4.21,17.1,7.766,1,4,0.1612,0.2223,0.1537,0.2241
138.174,1,0.762,-24.46,4.13,5,73.1,20.2,0.2013,0.1307,0.185,-0.002,0.245,-0.795,-2.246,127.08,11.51,2,-3.23,1,0.347,-4.21,17.1,7.766,1,4,0.1521,0.217,0.1484,0.2226
138.245,1,0.719,-22.46,5.05,5,73.4,20.2,0.1911,0.0995,0.182,-0.002,0.207,-0.804,-2.235,128.06,11.51,2,-3.23,1,0.365,0.6,23.99,0.0,0,4,0.1502,0.217,0.1428,0.2188
138.278,1,0.766,-19.47,3.69,5,72.7,20.96,0.1964,0.0483,0.182,-0.003,0.202,-0.806,-2.232,128.34,11.51,2,-3.23,1,0.773,-3.39,21.27,0.0,0,5,0.1484,0.2151,0.1428,0.2207
138.343,1,0.737,-16.97,4.52,5,73.2,20.96,0.1796,0.0651,0.172,-0.003,0.171,-0.813,-2.224,129.03,11.51,2,2.23,1,0.801,-4.36,15.87,2.274,1,5,0.1391,0.2021,0.1372,0.2114
138.38,1,0.801,-16.22,4.33,5,73.5,20.0,0.1936,0.01,0.165,-0.002,0.055,-0.816,-2.219,129.26,11.51,2,2.23,1,0.771,-6.79,13.12,3.426,1,5,0.1372,0.1984,0.1261,0.1966
138.443,1,0.756,-13.98,4.92,5,74.4,20.57,0.2145,0.0039,0.152,-0.002,0.144,-0.824,-2.209,130.0,11.51,2,2.23,1,0.822,-6.79,6.48,-1.112,1,5,0.1389,0.1871,0.1148,0.1741
138.478,1,0.803,-12.98,3.66,5,73.2,20.0,0.1904,-0.0246,0.151,-0.002,0.138,-0.826,-2.207,130.18,11.51,2,2.23,1,0.806,-4.85,4.34,5.332,1,5,0.1352,0.1778,0.1204,0.1704
138.513,1,0.79,-11.98,3.41,5,73.0,20.0,0.1785,0.006,0.151,0.001,0.063,-0.83,-2.203,130.41,11.51,2,6.29,1,0.807,-4.36,0.82,2.796,1,5,0.1243,0.1762,0.128,0.1743
138.544,1,0.776,-10.73,3.36,5,73.2,20.46,0.1924,-0.0001,0.149,0.006,0.065,-0.834,-2.198,130.58,11.51,2,6.29,1,0.812,-3.39,2.04,2.837,1,5,0.1131,0.1725,0.1372,0.1725
138.573,1,0.785,-9.98,5.11,5,72.5,20.57,0.1993,-0.0146,0.146,0.009,0.041,-0.836,-2.197,130.63,11.51,2,6.29,1,0.812,-3.39,2.04,2.837,1,5,0.1094,0.1725,0.1372,0.1651
138.644,1,0.793,-7.49,4.68,5,71.6,20.2,0.2275,-0.0811,0.147,0.006,0.079,-0.844,-2.188,131.04,11.51,2,6.29,1,0.349,-4.21,-7.23,-7.834,1,4,0.1354,0.1743,0.1317,0.1447
138.678,1,0.824,-6.99,5.92,5,72.4,20.44,0.2227,-0.092,0.151,0.008,-0.019,-0.847,-2.186,131.04,11.51,2,6.29,1,0.356,-3.61,-3.63,0.0,1,4,0.1408,0.1797,0.1389,0.1463
138.714,1,0.826,-5.99,5.66,5,73.3,20.2,0.2298,-0.1397,0.162,0.009,-0.041,-0.851,-2.181,131.04,11.51,2,8.82,1,0.804,-5.33,-8.25,-1.148,1,5,0.1463,0.1815,0.1593,0.1593
138.745,1,0.827,-5.24,6.04,5,73.4,20.0,0.2438,-0.1471,0.168,0.011,-0.007,-0.856,-2.176,131.04,11.51,2,8.82,1,0.356,-5.41,-10.32,0.0,0,4,0.1466,0.1832,0.1741,0.1667
138.778,1,0.828,-4.99,6.25,5,73.0,19.97,0.2583,-0.174,0.172,0.009,-0.005,-0.859,-2.173,131.04,11.51,2,8.82,1,0.824,-1.45,-9.45,-2.466,1,5,0.1581,0.1835,0.1781,0.1672
138.844,1,0.825,-4.49,6.42,5,72.7,20.56,0.2789,-0.1924,0.199,0.007,-0.106,-0.87,-2.161,130.75,11.51,2,8.82,1,0.832,-1.94,-8.98,-1.127,1,5,0.2039,0.1984,0.2149,0.18
138.88,1,0.836,-2.99,5.9,5,72.7,20.57,0.293,-0.2111,0.208,0.007,-0.081,-0.873,-2.158,130.63,11.51,2,8.82,1,0.837,-1.45,-10.49,-2.658,1,5,0.2114,0.2021,0.2281,0.1892
138.944,1,0.841,-2.0,5.28,5,72.0,20.56,0.3138,-0.2167,0.241,0.01,-0.116,-0.887,-2.143,130.23,11.51,2,8.23,1,0.84,-0.97,-10.42,-4.823,1,5,0.2507,0.2342,0.2672,0.2123
138.974,1,0.828,-1.75,4.97,5,70.6,20.44,0.3207,-0.2062,0.249,0.01,-0.139,-0.89,-2.139,130.06,11.51,2,8.23,1,0.84,-0.97,-10.42,-4.823,1,5,0.258,0.2416,0.2763,0.2214
139.044,1,0.834,-0.5,3.8,5,72.6,20.04,0.3488,-0.2034,0.287,0.008,-0.108,-0.906,-2.121,129.55,11.51,2,8.23,1,0.801,3.39,-9.27,-6.311,1,5,0.2968,0.2748,0.3151,0.2602
139.078,1,0.849,-0.25,4.36,5,73.2,20.46,0.3628,-0.1705,0.295,0.008,-0.135,-0.91,-2.117,129.43,11.51,2,8.23,1,0.833,4.85,-4.02,-3.841,1,5,0.3078,0.2858,0.3206,0.2657
139.142,1,0.851,-0.25,3.68,5,74.6,20.46,0.3266,-0.1819,0.329,0.005,-0.116,-0.927,-2.096,128.8,11.53,2,3.84,1,0.814,6.3,-5.84,-4.532,1,5,0.3412,0.319,0.3487,0.306
139.178,1,0.846,-0.25,3.57,5,74.9,20.46,0.3025,-0.1449,0.336,0.003,-0.077,-0.931,-2.091,128.69,11.53,2,3.84,1,0.816,10.66,2.15,-2.736,1,5,0.3524,0.3227,0.3561,0.3134
139.244,1,0.865,0.25,3.42,5,75.0,20.2,0.2856,-0.1338,0.339,-0.001,-0.122,-0.948,-2.069,128.23,11.53,2,3.84,1,0.824,12.12,10.03,-0.159,1,5,0.3556,0.3186,0.3575,0.326
139.278,1,0.85,0.25,2.76,5,74.4,20.46,0.2995,-0.1381,0.336,-0.003,0.019,-0.952,-2.064,128.23,11.53,2,3.84,1,0.806,14.06,7.92,-4.39,1,5,0.3519,0.313,0.3538,0.326
139.344,1,0.826,0.25,2.8,5,75.4,20.44,0.3014,-0.1115,0.325,-0.01,-0.048,-0.967,-2.043,127.83,11.53,2,0.86,1,0.846,14.06,12.72,-2.622,1,5,0.3468,0.2986,0.332,0.3246
139.446,1,0.866,-0.25,2.24,5,75.4,20.46,0.3062,-0.1138,0.309,-0.007,0.014,-0.986,-2.018,127.54,11.53,2,0.86,1,0.864,13.09,10.07,-2.396,1,5,0.3297,0.2945,0.3093,0.3019
139.473,1,0.808,0.25,1.74,5,74.6,20.44,0.3122,-0.0865,0.307,-0.006,-0.018,-0.989,-2.013,127.54,11.53,2,0.86,1,0.864,13.09,10.07,-2.396,1,5,0.3297,0.2945,0.3075,0.2982
139.512,1,0.822,0.25,2.31,5,74.4,20.46,0.2879,-0.069,0.305,-0.004,-0.081,-0.997,-2.004,127.43,11.53,2,1.52,1,0.863,13.09,9.71,-4.274,1,5,0.3242,0.2927,0.3093,0.2927
139.577,1,0.836,0.25,2.32,5,73.4,20.46,0.2402,-0.0795,0.299,-0.004,-0.022,-1.007,-1.989,127.25,11.53,2,1.52,1,0.849,13.57,7.8,-4.491,1,5,0.3119,0.2861,0.3045,0.2934
139.645,1,0.825,-0.25,1.51,5,73.1,20.04,0.2039,-0.0712,0.29,-0.006,-0.012,-1.021,-1.97,126.91,11.53,2,1.52,1,0.849,12.12,7.88,-4.395,1,5,0.2986,0.2671,0.3004,0.293
139.678,1,0.814,0.25,0.97,5,73.2,20.46,0.2126,-0.0426,0.286,-0.008,0.029,-1.024,-1.966,126.97,11.53,2,1.52,1,0.86,12.12,6.51,-2.556,1,5,0.3004,0.2578,0.2967,0.2875
139.711,1,0.82,-0.25,2.03,5,73.3,20.2,0.2198,-0.0334,0.275,-0.011,-0.179,-1.03,-1.957,126.68,11.53,2,1.57,1,0.859,12.12,7.93,-2.929,1,5,0.2945,0.2389,0.289,0.2778
139.744,1,0.82,-1.25,1.67,5,73.6,20.44,0.2338,-0.0633,0.263,-0.01,-0.135,-1.036,-1.949,126.34,11.53,2,1.57,1,0.862,10.66,6.86,-1.401,1,5,0.2857,0.2286,0.2765,0.2599
139.778,1,0.818,-2.25,1.15,5,74.3,20.44,0.2286,-0.0391,0.258,-0.008,-0.018,-1.039,-1.945,126.22,11.53,2,1.57,1,0.87,9.21,2.93,-4.177,1,5,0.2802,0.2267,0.2728,0.2507
139.842,1,0.856,-3.24,1.1,5,74.3,20.46,0.2317,-0.0132,0.24,-0.003,-0.12,-1.05,-1.929,125.71,11.53,2,1.57,1,0.867,7.76,3.26,-1.422,1,5,0.2686,0.226,0.2556,0.2278
139.878,1,0.868,-3.74,0.39,5,74.3,20.46,0.226,-0.0007,0.236,-0.002,-0.114,-1.052,-1.925,125.54,11.53,2,1.57,1,0.868,6.3,0.73,-4.68,1,5,0.2504,0.2226,0.2467,0.2263
139.944,1,0.874,-3.99,-0.03,5,74.4,20.57,0.2277,0.0251,0.227,0.002,-0.023,-1.063,-1.911,125.54,11.53,2,0.43,1,0.879,6.3,-0.7,-2.634,1,5,0.2337,0.2226,0.2392,0.2207
139.973,1,0.862,-3.74,0.12,5,74.1,20.46,0.2346,0.041,0.225,0.001,-0.054,-1.066,-1.907,125.48,11.53,2,0.43,1,0.879,6.3,-0.7,-2.634,1,5,0.2278,0.2241,0.2278,0.2186
140.01,1,0.866,-4.24,-0.07,5,73.8,20.46,0.2487,0.0314,0.219,-0.001,0.093,-1.071,-1.9,125.54,11.53,2,0.43,1,0.87,6.3,-1.09,-1.564,1,5,0.2228,0.2209,0.2136,0.2173
140.078,1,0.849,-3.99,-0.03,5,73.4,20.57,0.2575,0.0424,0.217,0.001,0.05,-1.079,-1.889,125.65,11.53,2,0.43,1,0.854,8.24,3.23,-2.959,1,5,0.2115,0.2279,0.2097,0.2206
140.143,1,0.836,-2.75,0.01,5,72.6,20.46,0.2787,0.0372,0.226,0.003,0.066,-1.09,-1.874,126.17,11.53,2,-1.74,1,0.87,10.18,4.2,-4.105,1,5,0.2086,0.2416,0.2159,0.2361
140.179,1,0.858,-2.25,0.79,5,73.4,20.2,0.2739,0.0209,0.229,0.003,0.064,-1.093,-1.871,126.22,11.53,2,-1.74,1,0.872,11.15,7.8,-2.322,1,5,0.2107,0.2474,0.2162,0.24
140.244,1,0.859,-1.25,0.67,5,73.4,20.44,0.2951,-0.013,0.243,0.004,0.126,-1.104,-1.855,126.51,11.53,2,-1.74,1,0.884,12.6,8.27,-3.486,1,5,0.2178,0.2565,0.2289,0.251
140.276,1,0.859,-0.75,0.8,5,73.8,20.44,0.2903,-0.019,0.243,0.004,0.126,-1.104,-1.855,126.51,11.53,2,-1.74,1,0.884,13.09,7.79,-2.47,1,5,0.2254,0.2605,0.2347,0.2532
140.345,1,0.864,0.0,0.81,5,73.8,19.97,0.3047,-0.0283,0.269,0.003,0.095,-1.121,-1.833,126.57,11.53,2,-1.29,1,0.891,14.06,8.97,-2.43,1,5,0.2522,0.2725,0.2633,0.267
140.376,1,0.874,0.5,0.78,5,74.4,20.44,0.2825,-0.0348,0.269,0.003,0.095,-1.121,-1.833,126.57,11.53,2,-1.29,1,0.89,14.06,8.94,-3.91,1,5,0.2596,0.2762,0.267,0.2725
140.444,1,0.881,0.75,0.65,5,75.3,20.0,0.2841,-0.0373,0.28,0.006,-0.043,-1.135,-1.816,126.51,11.53,2,-1.29,1,0.892,15.03,10.17,-2.408,1,5,0.2726,0.2912,0.28,0.2763
140.478,1,0.873,1.0,0.52,5,74.9,20.0,0.2791,-0.0336,0.279,0.005,0.086,-1.138,-1.811,126.57,11.53,2,-1.29,1,0.888,15.99,9.95,-3.482,1,5,0.2726,0.2875,0.28,0.2745
140.543,1,0.87,0.75,0.76,5,74.4,20.04,0.2543,-0.0292,0.278,0.002,-0.025,-1.151,-1.793,126.45,11.53,2,-0.14,1,0.888,15.51,9.68,-2.857,1,5,0.2787,0.2805,0.2805,0.2731
140.573,1,0.867,0.75,0.84,5,74.5,20.2,0.2612,-0.0346,0.279,0.003,-0.012,-1.155,-1.789,126.39,11.53,2,-0.14,1,0.888,15.51,9.68,-2.857,1,5,0.2768,0.2805,0.2842,0.275
140.641,1,0.861,0.25,0.44,5,74.7,20.0,0.2515,-0.0362,0.274,0.003,-0.035,-1.165,-1.776,126.17,11.53,2,-0.14,1,0.896,14.54,7.47,-4.968,1,5,0.2745,0.2726,0.2819,0.2671
140.743,1,0.856,0.0,0.28,5,75.0,20.0,0.2294,-0.0158,0.256,0.001,-0.025,-1.183,-1.751,125.94,11.53,2,0.02,1,0.908,13.57,5.67,-6.233,1,5,0.263,0.2519,0.263,0.2464
140.772,1,0.847,0.25,-0.25,5,74.8,20.0,0.2175,-0.0072,0.252,0.002,0.006,-1.186,-1.747,125.94,11.53,2,0.02,1,0.908,13.57,5.67,-6.233,1,5,0.2556,0.2464,0.2611,0.2446
140.843,1,0.85,-0.5,0.15,5,74.5,20.0,0.1694,0.0042,0.241,0.002,-0.063,-1.198,-1.731,125.71,11.53,2,0.02,1,0.905,13.09,4.54,-7.547,1,5,0.2448,0.2392,0.2467,0.2318
140.878,1,0.85,-0.75,-0.19,5,73.6,20.46,0.1645,0.003,0.237,0.002,-0.039,-1.2,-1.727,125.59,11.53,2,0.02,1,0.913,12.6,3.74,-4.772,1,5,0.2411,0.2355,0.243,0.23
140.943,1,0.833,-1.25,0.24,5,73.2,20.46,0.1853,0.0135,0.218,0.0,-0.122,-1.21,-1.713,125.42,11.53,2,-1.64,1,0.89,11.63,3.32,-6.422,1,5,0.2257,0.2109,0.2257,0.2091
141.045,1,0.81,-2.75,-0.52,5,72.9,20.46,0.1253,0.0078,0.197,-0.002,-0.153,-1.222,-1.697,125.13,11.53,2,-1.64,1,0.857,13.57,5.76,-4.837,1,5,0.2059,0.1855,0.204,0.1929
141.112,1,0.841,-3.99,-1.2,5,72.9,20.0,0.1464,0.0405,0.186,-0.0,-0.074,-1.228,-1.688,124.85,11.53,2,-4.27,1,0.873,11.63,5.78,-4.688,1,5,0.1892,0.1762,0.1947,0.1836
141.144,1,0.832,-4.24,-0.77,5,72.7,20.44,0.1602,0.0715,0.177,-0.005,0.087,-1.231,-1.682,124.9,11.53,2,-4.27,1,0.864,11.63,5.79,-4.687,1,5,0.1892,0.1595,0.1836,0.1743
141.177,1,0.842,-4.24,-0.57,5,72.7,20.44,0.1742,0.0631,0.173,-0.006,-0.013,-1.233,-1.68,124.96,11.53,2,-4.27,1,0.865,12.12,6.67,-2.472,1,5,0.1871,0.1537,0.1797,0.1704
141.242,1,0.846,-5.74,-1.67,5,73.2,20.46,0.192,0.0566,0.163,-0.003,0.003,-1.24,-1.669,124.62,11.53,2,-4.27,1,0.85,13.09,11.74,-2.553,1,5,0.1686,0.1593,0.1593,0.163
141.342,1,0.804,-5.74,-1.49,5,72.7,20.46,0.2271,0.1083,0.164,0.001,0.083,-1.25,-1.655,125.08,11.53,2,-5.83,1,0.811,13.09,12.08,0.034,1,5,0.1595,0.1688,0.1558,0.1669
141.443,1,0.814,-3.49,-1.23,5,73.6,20.56,0.2234,0.0999,0.178,0.001,0.126,-1.26,-1.641,125.76,11.53,2,-5.83,1,0.739,15.51,18.96,0.0,0,5,0.1526,0.2078,0.1508,0.2023
141.472,1,0.822,-2.75,-0.75,5,73.5,20.56,0.2304,0.0643,0.182,0.002,0.242,-1.263,-1.638,125.99,11.53,2,-5.83,1,0.739,15.51,18.96,0.0,0,5,0.1581,0.2133,0.1545,0.2023
141.512,1,0.824,-2.25,-0.36,5,74.2,20.46,0.2446,0.0437,0.187,0.004,0.097,-1.267,-1.632,126.28,11.53,2,-2.02,1,0.735,17.93,25.04,0.0,0,5,0.1613,0.2226,0.1595,0.204
141.543,1,0.822,-1.75,-0.26,5,74.3,20.46,0.2209,0.026,0.193,0.004,0.06,-1.272,-1.625,126.51,11.53,2,-2.02,1,0.747,18.42,26.69,0.0,0,5,0.1677,0.2212,0.1714,0.2101
141.573,1,0.82,-1.25,-0.34,5,74.3,20.46,0.2089,0.0174,0.195,0.003,0.097,-1.274,-1.622,126.62,11.53,2,-2.02,1,0.747,18.42,26.69,0.0,0,5,0.1696,0.2194,0.177,0.2157
141.643,1,0.823,-0.75,0.06,5,75.0,20.46,0.1609,0.0161,0.199,0.0,0.083,-1.284,-1.609,126.91,11.53,2,-2.02,1,0.702,13.09,33.76,0.0,0,5,0.1823,0.2136,0.1841,0.2154
141.772,1,0.873,-1.75,0.4,5,75.7,20.46,0.12,0.0041,0.177,-0.008,-0.076,-1.297,-1.591,126.91,11.53,2,3.52,1,0.621,8.72,55.7,0.0,0,5,0.1779,0.1669,0.1724,0.1926
141.843,1,0.885,-2.25,-0.18,5,75.7,20.0,0.12,0.0093,0.168,-0.004,-0.039,-1.304,-1.58,126.8,11.53,2,3.52,1,0.589,-1.94,66.36,0.0,0,5,0.1799,0.1613,0.1669,0.1651
141.872,1,0.862,-2.5,0.23,5,75.2,20.0,0.12,0.0264,0.164,-0.003,-0.017,-1.306,-1.578,126.8,11.53,2,3.52,1,0.589,-1.94,66.36,0.0,0,5,0.1743,0.1539,0.1669,0.1595
141.973,1,0.86,-3.74,-1.05,5,74.4,20.44,0.12,0.0192,0.134,-0.005,-0.073,-1.314,-1.567,126.39,11.53,2,11.09,1,0.52,-8.72,71.53,0.0,0,5,0.1519,0.1241,0.1334,0.126
142.043,1,0.865,-4.24,-1.66,5,74.3,20.46,0.12,0.0564,0.125,0.0,-0.049,-1.32,-1.559,126.22,11.53,2,11.09,1,0.537,-19.39,73.6,0.0,0,5,0.1275,0.1129,0.1384,0.122
142.142,1,0.817,-4.49,-1.33,5,72.7,19.97,0.12,0.0716,0.11,0.001,0.022,-1.326,-1.55,126.28,11.52,2,17.13,1,0.548,-29.08,72.85,0.0,0,5,0.1072,0.1146,0.1146,0.1109
142.242,1,0.812,-3.74,-0.71,5,71.6,20.46,0.12,0.0668,0.106,0.002,0.047,-1.333,-1.542,126.57,11.52,2,17.13,1,0.577,-30.54,72.77,0.0,0,5,0.1001,0.1168,0.0983,0.1076
142.343,1,0.815,-2.25,-1.57,5,72.4,20.46,0.12,0.0464,0.094,0.005,0.135,-1.339,-1.534,127.08,11.52,2,23.99,1,0.543,-27.63,71.09,0.0,0,5,0.0667,0.113,0.0908,0.1167
142.443,1,0.767,-0.75,0.63,5,73.1,20.46,0.12,0.0479,0.089,0.0,0.07,-1.344,-1.527,127.6,11.52,2,23.99,1,0.555,-19.39,70.13,0.0,0,5,0.0797,0.115,0.0631,0.0983
142.477,1,0.762,-0.25,0.54,5,73.6,20.57,0.12,-0.011,0.089,-0.002,0.064,-1.345,-1.526,127.71,11.52,2,23.99,1,0.562,-15.51,70.2,0.0,0,5,0.0835,0.1076,0.0668,0.1001
142.51,1,0.755,0.0,0.87,5,74.3,21.1,0.12,-0.0145,0.091,-0.002,0.101,-1.348,-1.523,127.88,11.5,2,29.77,1,0.549,-14.06,70.17,0.0,0,5,0.0812,0.0997,0.0794,0.1052
142.642,1,0.554,1.0,2.94,4,72.4,25.89,0.12,-0.0181,0.091,0.001,0.054,-1.355,-1.513,128.46,11.5,2,29.77,1,0.595,-8.72,66.13,0.0,0,5,0.0834,0.1037,0.0797,0.0963
142.672,1,0.523,1.5,2.17,4,72.4,22.22,0.12,-0.07,0.091,0.002,0.004,-1.357,-1.511,128.46,11.5,2,29.77,1,0.595,-8.72,66.13,0.0,0,5,0.0834,0.1074,0.0797,0.0945
142.843,1,0.275,1.5,5.14,3,73.4,32.17,0.12,-0.0558,0.097,0.003,0.03,-1.367,-1.498,128.46,11.5,2,37.49,1,0.681,-0.97,61.35,0.0,0,5,0.0932,0.0987,0.1005,0.095
142.937,1,0.16,0.75,0.0,1,74.5,23.46,0.12,-0.1121,0.098,0.003,-0.032,-1.372,-1.492,128.46,11.5,2,44.25,1,0.706,1.45,58.47,0.0,0,5,0.0997,0.0978,0.1052,0.0904
142.973,1,0.158,0.5,0.0,1,74.4,23.96,0.12,-0.0044,0.099,0.002,-0.062,-1.374,-1.49,128.4,11.5,2,44.25,1,0.726,3.88,56.29,0.0,0,5,0.1034,0.096,0.1052,0.0904
143.04,1,0.116,5.99,0.0,2,69.5,25.88,0.12,-0.0031,0.104,-0.001,-0.095,-1.378,-1.485,128.11,11.5,2,44.25,1,0.81,8.72,54.36,0.0,0,5,0.1107,0.096,0.1107,0.0997
143.137,1,0.021,-3.69,0.0,1,56.5,16.88,0.0605,-0.0031,0.105,0.001,0.076,-1.384,-1.477,128.23,11.51,2,44.38,1,0.812,15.99,54.73,0.0,0,5,0.1039,0.1113,0.102,0.1039
143.174,1,0.027,-4.48,0.0,1,57.6,32.17,0.06,-0.0031,0.101,0.0,0.051,-1.386,-1.474,128.34,11.51,2,44.38,1,0.792,22.78,55.91,0.0,0,5,0.0957,0.1031,0.0994,0.1068
143.209,1,0.022,-5.01,0.0,1,58.3,35.33,0.06,-0.0031,0.096,-0.005,0.016,-1.388,-1.471,128.46,11.51,2,44.38,1,0.774,26.66,56.56,0.0,0,5,0.0921,0.0921,0.0902,0.1105
143.237,1,0.022,-5.54,0.0,1,56.9,34.28,0.06,-0.0031,0.092,-0.007,-0.001,-1.389,-1.469,128.46,11.51,2,44.38,1,0.774,26.66,56.56,0.0,0,5,0.0902,0.0847,0.0847,0.1086
143.307,1,0.021,-5.01,0.0,1,53.1,35.33,0.024,-0.3631,0.076,-0.002,-0.031,-1.393,-1.464,128.4,11.51,2,44.38,1,0.713,38.78,59.1,0.0,0,5,0.0723,0.0742,0.0723,0.0835
143.338,1,0.021,-4.22,0.0,1,50.7,35.86,0.0,-0.6,0.071,-0.002,-0.025,-1.394,-1.463,128.34,11.51,2,41.5,1,0.713,38.78,59.1,0.0,0,5,0.0686,0.0705,0.0668,0.0779
143.436,1,0.02,-5.27,0.0,1,50.2,35.86,0.0,-0.6,0.029,-0.006,-0.31,-1.395,-1.461,127.25,11.51,2,41.5,1,0.67,40.23,59.62,0.0,0,5,0.0835,-0.0148,0.0612,-0.0148
143.536,1,0.021,-5.01,0.0,1,56.2,34.28,0.0,-0.6,-0.014,0.004,-0.482,-1.394,-1.462,124.68,11.51,2,41.5,1,0.773,31.99,56.14,0.0,0,5,0.0666,-0.099,0.0792,-0.1044
143.571,1,0.031,-1.58,0.0,1,57.5,26.37,0.0,-0.6,-0.023,0.008,-0.546,-1.394,-1.463,123.53,11.51,2,41.5,1,0.773,31.99,56.14,0.0,0,5,0.0627,-0.1021,0.0716,-0.1254
143.606,1,0.033,-3.16,0.0,1,58.4,26.37,0.0,-0.6,-0.024,0.008,-0.553,-1.394,-1.464,122.21,11.51,2,41.5,1,0.773,31.99,56.14,0.0,0,5,0.0652,-0.1032,0.0706,-0.1304
143.635,1,0.036,-2.9,0.0,1,57.9,19.51,0.0,-0.6,-0.023,0.007,-0.526,-1.394,-1.465,121.58,11.51,2,41.5,1,0.767,20.84,50.68,0.0,0,5,0.067,-0.1032,0.0724,-0.1267
143.676,0,0.0,0.0,0.0,0,59.2,0.0,0.0,-0.6,-0.021,0.003,-0.58,-1.393,-1.465,120.26,11.51,2,41.5,1,0.826,13.09,46.02,0.0,0,5,0.0709,-0.1146,0.0782,-0.1201
143.737,1,0.048,12.73,0.0,1,63.4,30.45,0.0,-0.6,-0.021,0.001,-0.523,-1.393,-1.467,118.26,11.51,2,41.5,1,0.871,8.72,42.63,0.0,0,5,0.0742,-0.115,0.076,-0.1187
143.808,1,0.139,5.74,0.0,2,66.7,29.73,0.0,-0.6,-0.016,0.0,-0.51,-1.392,-1.468,115.97,11.51,2,41.5,1,0.934,-2.42,33.21,0.0,0,5,0.0872,-0.1076,0.076,-0.1187
143.875,1,0.077,24.45,0.0,2,68.7,25.28,0.0,-0.6,-0.012,-0.004,-0.557,-1.392,-1.468,114.08,11.51,2,41.5,1,0.907,-9.69,25.3,0.0,0,5,0.0909,-0.1076,0.076,-0.1076
143.909,1,0.334,-6.74,44.27,5,70.6,27.23,0.0,-0.6,-0.015,-0.004,-0.569,-1.391,-1.469,112.87,11.51,2,41.5,1,0.9,-14.06,21.65,0.0,0,5,0.0853,-0.1113,0.0742,-0.1076
143.937,1,0.649,-9.48,44.72,5,72.2,29.19,0.0,-0.6,-0.013,-0.003,-0.599,-1.391,-1.469,112.19,11.51,2,41.5,1,0.9,-14.06,21.65,0.0,0,5,0.0835,-0.1113,0.0779,-0.1039
144.007,1,0.739,-15.22,43.14,5,75.9,27.45,0.0212,-0.1284,-0.016,-0.001,-0.498,-1.391,-1.47,109.49,11.51,2,41.5,1,0.925,-27.14,5.42,0.0,0,5,0.0847,-0.1141,0.0829,-0.1105
144.042,1,0.833,-17.97,42.18,5,76.0,27.44,0.0355,-0.2151,-0.017,-0.0,-0.595,-1.391,-1.47,108.8,11.51,2,41.5,1,0.915,-31.02,0.83,0.0,0,5,0.0846,-0.1158,0.0809,-0.1177
144.137,1,0.738,-23.21,38.7,5,77.9,26.27,0.07,-0.4244,0.004,-0.012,-0.285,-1.389,-1.47,106.46,11.51,2,45.0,1,0.916,-39.74,-14.68,7.915,1,5,0.0886,-0.0757,0.0591,-0.0554
144.177,1,0.81,-24.21,38.3,5,78.1,25.46,0.084,-0.4428,0.018,-0.012,-0.278,-1.389,-1.469,105.83,11.51,2,45.0,1,0.944,-44.11,-20.69,0.0,0,5,0.0867,-0.048,0.0591,-0.0258
144.207,1,0.811,-24.46,37.65,5,78.2,25.1,0.0913,-0.4283,0.035,-0.01,-0.317,-1.39,-1.467,105.2,11.51,2,45.0,1,0.956,-45.08,-22.64,0.0,0,5,0.0927,-0.0223,0.0723,-0.0037
144.235,1,0.813,-24.96,37.24,5,77.9,25.1,0.0981,-0.4181,0.042,-0.005,-0.332,-1.39,-1.465,104.79,11.51,2,45.0,1,0.956,-45.08,-22.64,0.0,0,5,0.0982,-0.0111,0.0852,-0.0037
144.276,1,0.793,-24.96,36.46,5,77.8,24.96,0.119,-0.4712,0.059,-0.002,-0.387,-1.391,-1.463,103.93,11.51,2,45.0,1,0.96,-47.98,-27.56,0.0,0,5,0.1204,0.0,0.113,0.0019
144.308,1,0.785,-24.71,35.51,5,77.6,24.52,0.12,-0.4641,0.075,-0.002,-0.444,-1.391,-1.459,102.96,11.51,2,45.0,1,0.97,-49.44,-31.26,0.0,0,5,0.1443,0.0074,0.1388,0.0111
144.343,1,0.792,-24.71,34.6,5,77.4,24.46,0.12,-0.452,0.082,-0.005,-0.466,-1.392,-1.457,102.39,11.51,2,45.0,1,0.976,-50.89,-33.88,0.0,0,5,0.1556,0.0037,0.1519,0.0185
144.408,1,0.807,-24.46,32.69,5,76.6,23.89,0.12,-0.437,0.109,-0.004,-0.438,-1.393,-1.449,100.27,11.51,2,45.0,1,0.988,-53.8,-39.34,0.0,0,5,0.1924,0.0167,0.1924,0.0333
144.506,1,0.852,-23.21,30.05,5,75.9,23.35,0.12,-0.4047,0.122,-0.007,-0.431,-1.394,-1.436,97.75,11.51,2,45.0,1,0.965,-57.19,-46.52,0.0,0,5,0.2077,0.0408,0.1892,0.0519
144.635,1,0.874,-22.21,27.48,5,74.9,22.77,0.134,-0.4265,0.13,-0.007,-0.355,-1.395,-1.421,95.0,11.51,2,45.0,1,0.945,-59.62,-51.33,0.0,0,5,0.2023,0.0515,0.1931,0.0717
144.742,1,0.859,-21.21,25.0,5,75.9,22.22,0.1609,-0.4782,0.137,-0.0,-0.39,-1.396,-1.404,92.42,11.51,2,33.78,1,0.956,-49.44,-44.02,0.0,0,5,0.1966,0.0668,0.2059,0.0779
144.774,1,0.865,-20.71,24.06,5,75.6,22.22,0.1679,-0.4508,0.143,-0.002,-0.408,-1.396,-1.401,91.96,11.51,2,33.78,1,0.972,-45.56,-42.39,0.0,0,5,0.2077,0.0686,0.2133,0.0816
144.806,1,0.868,-20.46,23.58,5,75.6,21.96,0.182,-0.4711,0.152,-0.004,-0.408,-1.396,-1.395,90.99,11.51,2,33.78,1,0.975,-42.17,-38.2,0.0,0,5,0.2263,0.0742,0.2226,0.0853
144.843,1,0.851,-20.46,22.78,5,74.8,21.96,0.1958,-0.4967,0.162,0.0,-0.434,-1.396,-1.388,90.01,11.51,2,33.78,1,0.986,-41.2,-36.17,0.0,0,5,0.2334,0.0815,0.2334,0.0852
144.907,1,0.854,-19.72,21.03,5,74.4,21.6,0.2087,-0.5044,0.177,-0.002,-0.464,-1.396,-1.377,88.41,11.51,2,33.78,1,0.96,-32.47,-29.18,0.0,0,5,0.263,0.0945,0.2556,0.0963
144.943,1,0.857,-19.47,20.22,5,73.6,21.67,0.2228,-0.4916,0.192,-0.002,-0.525,-1.396,-1.369,87.26,11.51,2,21.78,1,0.976,-30.54,-22.03,0.0,0,5,0.2782,0.102,0.2782,0.1113
145.007,1,0.88,-18.47,18.0,5,74.7,21.02,0.2347,-0.4919,0.216,0.004,-0.493,-1.395,-1.355,85.54,11.51,2,21.78,1,0.923,-24.72,-24.94,0.0,0,5,0.2934,0.135,0.306,0.1296
145.041,1,0.866,-18.22,17.3,5,74.6,21.11,0.2486,-0.4549,0.221,0.007,-0.437,-1.395,-1.35,85.03,11.51,2,21.78,1,0.944,-21.81,-12.1,0.644,1,5,0.2966,0.1438,0.3128,0.1312
145.106,1,0.834,-17.47,15.82,5,72.6,20.96,0.2643,-0.4583,0.243,0.007,-0.449,-1.393,-1.33,82.85,11.51,2,21.78,1,0.914,-15.51,-7.26,1.425,1,5,0.3206,0.1612,0.339,0.1502
145.207,1,0.823,-15.72,12.43,5,72.0,20.46,0.2794,-0.4336,0.279,0.011,-0.42,-1.39,-1.303,80.33,11.51,2,9.78,1,0.848,-3.88,12.61,3.451,1,5,0.3412,0.2133,0.3654,0.1947
145.234,1,0.831,-15.47,11.35,5,71.5,20.96,0.2863,-0.3371,0.28,0.013,-0.373,-1.39,-1.297,79.87,11.51,2,9.78,1,0.848,-3.88,12.61,3.451,1,5,0.3394,0.2151,0.3709,0.1947
145.306,1,0.873,-14.97,9.85,5,74.3,20.44,0.2908,-0.2989,0.297,0.009,-0.338,-1.385,-1.273,77.92,11.51,2,9.78,1,0.832,3.88,21.04,0.0,0,5,0.3561,0.2355,0.3765,0.2207
145.51,1,0.839,-14.72,7.61,5,72.9,21.1,0.1893,-0.1416,0.298,0.005,-0.393,-1.372,-1.213,74.6,11.51,2,0.25,1,0.812,2.91,22.04,0.0,0,5,0.3301,0.2559,0.3505,0.2559
145.579,1,0.864,-14.23,5.05,5,73.7,20.2,0.1562,-0.051,0.282,0.001,-0.13,-1.367,-1.197,74.08,11.51,2,3.52,1,0.812,-1.45,20.88,0.0,0,5,0.3208,0.2355,0.3301,0.2411
145.604,1,0.878,-15.47,5.94,5,74.1,20.2,0.1562,0.0044,0.27,-0.001,-0.35,-1.364,-1.187,73.34,11.51,2,3.52,1,0.809,-4.36,20.79,0.0,0,5,0.3153,0.2263,0.3116,0.2263
145.64,1,0.917,-16.47,4.54,5,75.4,20.56,0.1562,-0.0015,0.265,-0.001,-0.165,-1.363,-1.182,73.11,11.51,2,3.52,1,0.842,-6.3,16.92,0.0,0,5,0.3097,0.2244,0.3023,0.2226
145.674,1,0.924,-16.22,4.31,5,75.3,20.56,0.1562,0.0442,0.255,-0.004,-0.198,-1.36,-1.173,72.71,11.51,2,3.52,1,0.811,-6.3,23.35,0.0,0,5,0.2949,0.2151,0.2875,0.2226
145.704,1,0.914,-17.22,4.07,5,75.7,20.44,0.1562,0.0449,0.245,-0.005,-0.123,-1.357,-1.164,72.36,11.51,2,3.52,1,0.775,-8.24,32.3,0.0,0,5,0.2809,0.2033,0.2772,0.218
145.74,1,0.918,-16.47,3.05,5,75.7,20.44,0.1312,0.075,0.239,-0.002,-0.134,-1.355,-1.16,72.19,11.51,2,2.44,1,0.791,-9.21,34.53,0.0,0,5,0.2679,0.2014,0.2716,0.2143
145.805,1,0.916,-17.47,1.99,5,76.9,20.44,0.12,0.0905,0.216,0.002,-0.064,-1.35,-1.143,71.62,11.51,2,2.44,1,0.8,-10.18,47.01,0.0,0,5,0.2289,0.1975,0.2399,0.1993
145.839,1,0.921,-17.47,1.99,5,77.0,20.44,0.12,0.1224,0.212,0.0,-0.006,-1.349,-1.139,71.62,11.51,2,2.44,1,0.793,-10.18,51.44,0.0,0,5,0.227,0.1956,0.2289,0.1956
145.907,1,0.923,-17.97,1.87,5,77.3,20.44,0.12,0.1208,0.192,-0.0,-0.026,-1.344,-1.125,71.39,11.51,2,2.44,1,0.744,-11.63,57.31,0.0,0,5,0.2021,0.1873,0.1966,0.1836
145.942,1,0.923,-17.97,1.87,5,77.3,20.44,0.12,0.1285,0.179,-0.003,-0.0,-1.342,-1.119,71.33,11.51,2,5.91,1,0.718,-14.06,59.24,0.0,0,5,0.1855,0.1762,0.1762,0.178
146.005,1,0.93,-17.72,1.93,5,76.6,20.46,0.12,0.1273,0.167,-0.004,-0.093,-1.338,-1.109,71.39,11.51,2,5.91,1,0.708,-17.93,60.44,0.0,0,5,0.1725,0.1613,0.1651,0.1688
146.04,1,0.929,-18.22,2.21,5,77.1,20.44,0.12,0.1226,0.165,-0.002,-0.108,-1.337,-1.106,71.22,11.51,2,5.91,1,0.713,-22.3,60.07,0.0,0,5,0.1669,0.1595,0.1651,0.1669
146.107,1,0.937,-18.22,1.55,5,77.3,20.2,0.12,0.1229,0.146,-0.002,0.002,-1.333,-1.095,71.16,11.51,2,5.91,1,0.728,-27.14,58.88,0.0,0,5,0.1428,0.1428,0.1447,0.1521
146.141,1,0.941,-17.97,1.2,5,76.9,20.44,0.12,0.1351,0.14,-0.003,0.102,-1.332,-1.093,71.28,11.51,2,13.6,1,0.748,-30.05,57.54,0.0,0,5,0.1409,0.1372,0.1354,0.1447
146.274,1,0.94,-17.22,2.05,5,75.5,20.0,0.12,0.1387,0.119,0.002,0.007,-1.327,-1.077,71.51,11.51,2,13.6,1,0.77,-25.69,53.75,0.0,0,5,0.1056,0.1204,0.1204,0.1278
146.305,1,0.938,-16.97,2.41,5,75.3,20.0,0.12,0.113,0.113,0.001,-0.001,-1.326,-1.073,71.56,11.51,2,13.6,1,0.771,-24.72,52.5,0.0,0,5,0.102,0.1187,0.1094,0.1224
146.342,1,0.922,-16.72,3.24,5,75.6,20.46,0.12,0.1043,0.107,-0.002,0.074,-1.325,-1.069,71.62,11.51,2,19.3,1,0.78,-24.23,51.3,0.0,0,5,0.102,0.115,0.0946,0.115
146.405,1,0.878,-16.22,6.39,5,75.4,20.56,0.12,0.0868,0.104,-0.006,0.007,-1.322,-1.063,71.91,11.51,2,19.3,1,0.823,-24.72,47.44,0.0,0,5,0.1067,0.1085,0.0864,0.114
146.47,1,0.868,-15.72,10.69,5,75.0,20.57,0.12,0.0216,0.104,-0.006,0.084,-1.32,-1.057,72.08,11.51,2,19.3,1,0.833,-25.69,43.23,0.0,0,5,0.0937,0.1065,0.0882,0.1267
146.505,1,0.855,-15.47,13.52,5,74.8,20.57,0.12,-0.0657,0.101,-0.004,0.073,-1.319,-1.054,72.25,11.51,2,19.3,1,0.861,-25.69,39.16,0.0,0,5,0.0861,0.1058,0.0879,0.1237
146.606,1,0.784,-14.72,20.37,5,77.3,21.67,0.12,-0.1205,0.085,-0.003,0.046,-1.316,-1.046,72.54,11.52,2,29.14,1,0.883,-28.6,26.08,0.0,0,5,0.0833,0.0907,0.0722,0.0925
146.704,1,0.715,-14.47,27.66,5,78.4,24.52,0.12,-0.2586,0.073,-0.006,-0.039,-1.313,-1.039,72.42,11.52,2,29.14,1,0.876,-33.93,7.34,0.0,0,5,0.0835,0.0723,0.0631,0.076
146.84,1,0.65,-16.47,34.23,5,81.0,23.89,0.12,-0.3993,0.077,-0.001,-0.162,-1.31,-1.031,71.91,11.52,2,40.42,1,0.892,-44.11,-25.43,0.0,0,5,0.0927,0.0631,0.089,0.0649
146.873,1,0.68,-17.22,35.32,5,81.1,24.26,0.12,-0.4999,0.082,-0.004,-0.226,-1.309,-1.027,71.45,11.52,2,40.42,1,0.924,-45.08,-30.0,0.0,0,5,0.1076,0.0519,0.1039,0.0631
146.906,1,0.697,-17.72,35.58,5,80.9,24.26,0.12,-0.5144,0.083,-0.004,-0.245,-1.308,-1.024,70.87,11.52,2,40.42,1,0.931,-45.08,-31.49,0.0,0,5,0.1224,0.0408,0.1168,0.0519
146.973,1,0.701,-18.72,36.11,5,79.2,25.46,0.12,-0.5167,0.084,-0.004,-0.365,-1.306,-1.02,69.79,11.52,2,44.36,1,0.913,-45.56,-33.29,0.0,0,5,0.1447,0.0297,0.1317,0.0315
147.003,1,0.696,-17.72,35.24,5,78.4,23.73,0.12,-0.5166,0.083,-0.001,-0.396,-1.305,-1.016,68.98,11.52,2,44.36,1,0.914,-47.01,-36.16,0.0,0,5,0.1539,0.0278,0.1372,0.026
147.072,1,0.696,-18.47,34.39,5,77.7,24.48,0.12,-0.5139,0.08,0.002,-0.474,-1.303,-1.012,67.38,11.52,2,44.36,1,0.91,-49.92,-40.86,0.0,0,5,0.1539,0.0074,0.1576,0.0019
147.106,1,0.695,-18.97,35.01,5,77.8,29.38,0.12,-0.4891,0.08,0.001,-0.504,-1.302,-1.009,66.29,11.52,2,44.36,1,0.903,-48.95,-42.4,0.0,0,5,0.1567,0.0,0.1622,0.0
147.143,1,0.721,-19.47,33.96,5,78.5,23.89,0.12,-0.4959,0.081,-0.002,-0.415,-1.3,-1.006,65.2,11.52,2,38.14,1,0.895,-47.5,-39.23,0.0,0,5,0.1659,0.0,0.1585,0.0
147.206,1,0.686,-20.71,31.86,5,79.6,23.2,0.12,-0.4718,0.085,-0.009,-0.413,-1.298,-1.002,63.77,11.52,2,38.14,1,0.897,-44.11,-35.77,0.0,0,5,0.176,0.0037,0.1482,0.0111
147.242,1,0.685,-21.21,31.74,5,80.0,22.68,0.12,-0.4177,0.092,-0.01,-0.409,-1.296,-0.998,62.85,11.52,2,38.14,1,0.895,-42.17,-30.51,0.0,0,5,0.1741,0.0074,0.15,0.0204
147.306,1,0.663,-22.21,31.43,5,80.9,22.46,0.12,-0.4124,0.099,-0.01,-0.369,-1.292,-0.993,61.42,11.52,2,38.14,1,0.884,-37.81,-21.14,0.0,0,5,0.1762,0.0204,0.1576,0.0408
147.404,1,0.674,-23.21,29.65,5,81.6,22.22,0.12,-0.3987,0.099,-0.006,-0.363,-1.287,-0.985,59.53,11.52,2,26.21,1,0.816,-29.08,-7.85,6.054,1,5,0.163,0.0315,0.1537,0.0482
147.503,1,0.665,-23.21,27.83,5,81.7,22.22,0.12,-0.356,0.105,-0.011,-0.207,-1.28,-0.977,57.75,11.52,2,26.21,1,0.827,-26.17,-1.27,0.0,0,5,0.1688,0.0371,0.1521,0.0631
147.604,1,0.678,-23.21,26.03,5,81.2,22.22,0.12,-0.3227,0.109,-0.003,-0.241,-1.274,-0.968,56.38,11.51,2,18.95,1,0.794,-23.75,1.21,0.0,0,5,0.1502,0.0556,0.1502,0.0686
147.739,1,0.699,-20.46,24.24,5,81.3,21.67,0.12,-0.2888,0.114,0.007,-0.223,-1.267,-0.956,55.18,11.51,2,14.66,1,0.765,-16.48,11.89,0.0,0,5,0.1372,0.0946,0.1465,0.076
147.804,1,0.698,-19.97,23.6,5,81.3,22.22,0.12,-0.2855,0.117,-0.003,-0.245,-1.261,-0.948,54.2,11.51,2,14.66,1,0.778,-16.48,10.85,0.0,0,5,0.1545,0.0809,0.1471,0.0846
147.839,1,0.705,-19.72,22.53,5,81.3,21.67,0.12,-0.2771,0.117,-0.005,-0.268,-1.26,-0.947,53.92,11.51,2,14.66,1,0.786,-17.45,9.91,0.0,0,5,0.1581,0.0736,0.1508,0.0864
147.905,1,0.711,-19.22,19.1,5,80.1,21.67,0.12,-0.2567,0.114,-0.006,-0.229,-1.254,-0.94,53.06,11.51,2,14.66,1,0.778,-14.54,11.89,0.0,0,5,0.1539,0.0686,0.1465,0.0872
148.004,1,0.705,-18.97,19.35,5,79.0,22.22,0.12,-0.1941,0.124,-0.004,-0.226,-1.246,-0.93,52.02,11.51,2,12.32,1,0.726,-11.15,7.21,0.0,0,5,0.1587,0.0904,0.1495,0.0978
148.103,1,0.703,-17.97,17.88,5,77.6,21.67,0.12,-0.2004,0.116,0.007,-0.186,-1.239,-0.92,50.99,11.51,2,12.32,1,0.764,-7.76,18.44,0.0,0,5,0.1416,0.0956,0.1508,0.0772
148.139,1,0.654,-17.72,20.31,5,77.4,21.67,0.1339,-0.2188,0.116,0.004,-0.182,-1.238,-0.918,50.82,11.54,2,10.85,1,0.75,-7.76,18.98,0.0,0,5,0.1434,0.0883,0.1526,0.0809
148.202,1,0.658,-17.22,18.53,5,77.0,26.93,0.1551,-0.3277,0.121,-0.002,-0.196,-1.231,-0.911,49.85,11.54,2,10.85,1,0.768,-9.21,13.95,0.0,0,5,0.1484,0.0797,0.1558,0.0927
148.302,1,0.701,-16.72,15.54,5,75.9,24.48,0.1421,-0.2579,0.134,0.006,-0.226,-1.225,-0.902,48.64,11.54,2,10.85,1,0.755,-13.09,5.76,0.0,0,5,0.1721,0.0925,0.1869,0.0851
148.341,1,0.721,-15.97,13.26,5,75.0,22.04,0.1561,-0.2248,0.141,0.01,-0.265,-1.221,-0.898,48.13,11.54,2,12.33,1,0.76,-13.57,-0.41,7.758,1,5,0.1758,0.1073,0.1943,0.087
148.403,1,0.724,-15.97,12.84,5,75.2,21.42,0.1772,-0.2115,0.141,0.011,-0.224,-1.218,-0.893,47.56,11.54,2,12.33,1,0.731,-15.03,0.31,0.0,0,5,0.1758,0.1129,0.1906,0.0851
148.438,1,0.738,-15.97,12.0,5,74.9,21.1,0.1755,-0.1969,0.144,0.01,-0.26,-1.212,-0.886,46.75,11.54,2,12.33,1,0.788,-16.48,-7.22,6.768,1,5,0.1743,0.1113,0.1966,0.0946
148.498,1,0.75,-14.97,10.75,5,73.9,20.96,0.1432,-0.1251,0.153,0.004,-0.143,-1.208,-0.882,46.29,11.54,2,12.33,1,0.744,-14.54,-9.0,4.39,1,5,0.1855,0.115,0.2003,0.1131
148.605,1,0.746,-13.98,10.17,5,73.6,21.1,0.1782,-0.1542,0.158,0.014,-0.111,-1.195,-0.867,45.26,11.56,2,8.5,1,0.747,-6.79,5.51,1.419,1,5,0.1669,0.1447,0.2003,0.1205
148.632,1,0.753,-13.73,9.83,5,73.7,20.81,0.1852,-0.1591,0.157,0.013,-0.117,-1.193,-0.865,45.15,11.56,2,8.5,1,0.747,-6.79,5.51,1.419,1,5,0.1669,0.1447,0.1947,0.1224
148.704,1,0.763,-12.73,9.46,5,74.0,20.81,0.2132,-0.1802,0.167,0.002,-0.136,-1.184,-0.855,44.58,11.56,2,8.5,1,0.767,-6.79,4.28,4.023,1,5,0.1817,0.1484,0.191,0.1484
148.738,1,0.777,-12.23,8.96,5,74.6,20.81,0.2272,-0.1936,0.172,0.004,-0.106,-1.181,-0.852,44.46,11.56,2,8.35,1,0.765,-6.3,2.24,3.829,1,5,0.1836,0.1521,0.1984,0.1521
148.803,1,0.801,-11.23,8.42,5,75.5,20.81,0.2482,-0.2002,0.197,0.009,-0.11,-1.17,-0.84,43.83,11.56,2,8.35,1,0.778,-6.3,1.18,1.416,1,5,0.2167,0.1815,0.2297,0.1593
148.833,1,0.809,-10.73,7.9,5,75.9,20.81,0.2551,-0.199,0.205,0.009,-0.232,-1.167,-0.837,43.6,11.56,2,8.35,1,0.778,-6.3,1.18,1.416,1,5,0.226,0.1871,0.2408,0.1667
148.903,1,0.833,-10.23,7.05,5,76.1,20.81,0.2832,-0.2037,0.239,0.011,-0.184,-1.154,-0.823,42.69,11.56,2,8.35,1,0.769,-7.27,-6.26,-1.423,1,5,0.2578,0.2151,0.2838,0.1984
149.002,1,0.828,-9.48,6.43,5,76.9,20.81,0.3182,-0.1966,0.28,0.009,-0.209,-1.133,-0.804,41.54,11.56,2,8.32,1,0.764,-7.27,-11.86,-0.533,1,5,0.293,0.2467,0.3153,0.2318
149.133,1,0.852,-8.24,4.31,5,75.4,20.56,0.3326,-0.1857,0.329,0.006,-0.189,-1.104,-0.777,40.16,11.59,2,5.76,1,0.77,-6.3,-13.03,1.03,1,5,0.3534,0.3016,0.37,0.2923
149.204,1,0.843,-8.73,3.69,5,74.7,21.42,0.2845,-0.0913,0.347,0.008,-0.198,-1.083,-0.759,39.08,11.59,2,5.76,1,0.775,-5.33,-7.65,1.022,1,5,0.3705,0.3205,0.3908,0.3075
149.233,1,0.845,-8.73,2.8,5,75.5,20.81,0.2916,-0.0635,0.347,0.007,-0.065,-1.078,-0.755,38.9,11.59,2,5.76,1,0.775,-5.33,-7.65,1.022,1,5,0.3728,0.3171,0.3913,0.3079
149.298,1,0.847,-9.23,2.01,5,75.0,20.57,0.3194,-0.0359,0.341,0.006,-0.252,-1.062,-0.742,38.22,11.59,2,5.76,1,0.77,-2.42,-3.02,-0.0,1,5,0.3616,0.3116,0.382,0.3097
149.369,1,0.82,-9.23,2.15,5,74.0,21.1,0.3405,-0.0015,0.335,0.009,-0.07,-1.041,-0.725,37.7,11.59,2,2.01,1,0.768,-0.48,0.94,-2.079,1,5,0.3453,0.3214,0.3655,0.3067
149.401,1,0.828,-8.73,1.73,5,73.7,20.57,0.3204,-0.004,0.334,0.008,-0.032,-1.031,-0.716,37.64,11.59,2,2.01,1,0.756,0.97,-5.24,-1.375,1,5,0.3416,0.3251,0.36,0.3086
149.497,1,0.863,-7.74,1.55,5,73.8,20.46,0.3193,0.0076,0.337,0.003,-0.002,-1.009,-0.699,37.53,11.59,2,2.01,1,0.783,2.91,4.67,-1.074,1,5,0.3347,0.3384,0.3402,0.3328
149.576,1,0.865,-6.99,1.25,5,74.3,20.44,0.3404,0.0011,0.337,0.0,-0.021,-0.988,-0.683,37.53,11.6,2,0.37,1,0.803,4.85,0.98,-3.683,1,5,0.3338,0.3394,0.3357,0.3394
149.601,1,0.869,-6.74,1.4,5,74.1,20.46,0.3158,0.0082,0.336,0.0,0.035,-0.977,-0.675,37.53,11.6,2,0.37,1,0.783,4.85,3.53,-0.114,1,5,0.332,0.3394,0.332,0.3394
149.67,1,0.866,-5.74,1.67,5,74.4,20.04,0.3365,-0.0014,0.34,0.001,-0.075,-0.961,-0.662,37.53,11.6,2,0.37,1,0.821,6.3,2.21,-1.771,1,5,0.3351,0.3443,0.3369,0.3424
149.699,1,0.872,-5.74,1.56,5,74.3,20.04,0.3456,-0.0246,0.341,0.001,0.039,-0.955,-0.658,37.53,11.6,2,0.37,1,0.821,6.3,2.21,-1.771,1,5,0.3347,0.3439,0.3402,0.3439
149.803,1,0.876,-3.74,0.89,5,74.2,20.46,0.3215,-0.0139,0.347,-0.002,-0.023,-0.922,-0.633,37.7,11.6,2,0.14,1,0.808,6.79,1.93,-1.31,1,5,0.3501,0.3482,0.3427,0.3482
149.902,1,0.865,-3.24,0.83,5,73.1,20.0,0.3565,-0.0089,0.348,0.001,-0.134,-0.895,-0.611,37.47,11.6,2,0.14,1,0.816,7.76,2.04,-3.607,1,5,0.3478,0.3441,0.3515,0.346
149.97,1,0.778,-3.24,0.55,5,69.1,20.04,0.3587,-0.0103,0.352,0.002,-0.064,-0.878,-0.598,37.41,11.6,2,-0.54,1,0.821,7.27,1.53,-2.122,1,5,0.3505,0.3487,0.3598,0.3505
150.0,1,0.818,-3.24,0.91,5,71.2,20.46,0.3347,0.0041,0.354,0.001,-0.073,-0.871,-0.593,37.36,11.6,2,-0.54,1,0.817,7.27,3.07,1.026,1,5,0.3512,0.3494,0.3621,0.3548
150.101,1,0.81,-2.75,-0.24,5,69.9,20.46,0.3636,-0.0117,0.357,0.006,0.043,-0.843,-0.571,37.13,11.6,2,-0.54,1,0.818,6.79,0.91,-2.127,1,5,0.3561,0.3598,0.3654,0.345
150.17,1,0.836,-2.25,0.38,5,71.9,20.46,0.3541,0.0338,0.356,0.005,-0.009,-0.821,-0.554,37.07,11.57,2,-0.21,1,0.813,7.76,3.63,-2.219,1,5,0.3548,0.3585,0.364,0.3474
150.201,1,0.838,-1.75,0.34,5,72.8,20.46,0.35,0.0015,0.358,0.004,0.021,-0.815,-0.549,37.13,11.57,2,-0.21,1,0.782,9.69,1.72,-1.241,1,5,0.3529,0.3603,0.364,0.3548
150.303,1,0.87,-1.25,0.46,5,77.3,20.46,0.3242,0.0002,0.358,0.005,0.012,-0.781,-0.523,37.07,11.57,2,-0.21,1,0.838,11.63,8.43,-0.755,1,5,0.3524,0.3672,0.3598,0.3542
150.402,1,0.872,-1.0,0.72,5,76.5,20.44,0.3,-0.008,0.345,0.005,0.038,-0.753,-0.501,37.01,11.57,2,-0.06,1,0.84,12.12,9.03,1.01,1,5,0.3382,0.3474,0.3529,0.3418
150.437,1,0.866,-0.5,0.91,5,75.5,20.44,0.3089,-0.0213,0.34,0.004,-0.008,-0.748,-0.497,37.01,11.57,2,-0.06,1,0.845,12.12,8.05,-1.138,1,5,0.3363,0.3418,0.3474,0.3363
150.502,1,0.865,0.25,0.47,5,75.5,20.46,0.2902,-0.0321,0.324,-0.0,-0.035,-0.727,-0.482,36.9,11.57,2,-0.06,1,0.835,11.63,8.43,-0.746,1,5,0.3375,0.3246,0.3301,0.3246
150.602,1,0.861,-0.25,0.55,5,73.3,20.46,0.2866,-0.0219,0.308,0.002,-0.107,-0.703,-0.463,36.61,11.58,2,1.8,1,0.848,9.69,2.13,-2.073,1,5,0.3097,0.3042,0.3208,0.3023
150.668,1,0.866,-1.5,0.32,5,74.9,20.44,0.3076,-0.0192,0.301,-0.0,-0.009,-0.688,-0.452,36.33,11.58,2,1.8,1,0.857,8.24,1.35,-1.632,1,5,0.3053,0.285,0.3163,0.2979
150.698,1,0.87,-1.0,0.12,5,75.8,19.97,0.3215,0.0041,0.298,-0.0,0.026,-0.684,-0.449,36.38,11.58,2,1.8,1,0.857,8.24,1.35,-1.632,1,5,0.3053,0.2832,0.3126,0.2924
150.769,1,0.865,-1.25,0.43,5,77.4,20.46,0.3426,0.0047,0.299,-0.0,0.025,-0.664,-0.435,36.15,11.58,2,1.47,1,0.872,8.24,0.39,-3.795,1,5,0.3045,0.2972,0.299,0.2935
150.798,1,0.853,-1.0,0.76,5,76.2,20.44,0.3184,-0.005,0.303,0.001,0.01,-0.659,-0.431,36.21,11.58,2,1.47,1,0.872,8.24,0.39,-3.795,1,5,0.3027,0.3064,0.3008,0.3008
150.868,1,0.865,-0.75,0.89,5,75.1,20.46,0.2826,-0.0195,0.315,0.0,0.066,-0.638,-0.416,36.27,11.58,2,1.47,1,0.877,9.21,-2.16,-6.808,1,5,0.3134,0.3171,0.3134,0.3153
150.897,1,0.868,-0.25,0.89,5,74.9,20.46,0.2586,-0.0253,0.313,0.0,-0.071,-0.634,-0.412,36.27,11.58,2,1.47,1,0.877,9.21,-2.16,-6.808,1,5,0.3134,0.3134,0.3134,0.3116
150.971,1,0.874,-0.75,0.86,5,75.0,20.46,0.2226,-0.0272,0.301,0.003,-0.006,-0.614,-0.398,36.1,11.58,2,1.16,1,0.887,9.21,-2.17,-5.176,1,5,0.3042,0.2949,0.3134,0.293
150.995,1,0.871,-0.75,1.19,5,75.5,20.46,0.2107,-0.0188,0.299,0.002,-0.129,-0.61,-0.394,35.98,11.58,2,1.16,1,0.887,9.21,-2.17,-5.176,1,5,0.3042,0.2893,0.3134,0.2893
151.102,1,0.886,-1.75,0.82,5,76.0,20.46,0.1823,-0.0254,0.273,0.005,-0.137,-0.587,-0.378,35.47,11.58,2,1.16,1,0.896,8.24,-3.37,-6.856,1,5,0.2758,0.2593,0.2961,0.2611
151.137,1,0.885,-2.0,0.11,5,76.7,19.97,0.1772,-0.0032,0.267,0.005,-0.16,-0.583,-0.375,35.29,11.57,2,-1.32,1,0.872,10.18,-0.52,-4.299,1,5,0.2722,0.2538,0.2887,0.2519
151.196,1,0.884,-2.75,0.12,5,78.0,20.46,0.1725,0.0176,0.255,0.007,-0.062,-0.571,-0.366,35.07,11.57,2,-1.32,1,0.902,10.18,1.89,-5.737,1,5,0.2652,0.2448,0.2782,0.23
151.296,1,0.88,-3.74,-0.5,5,78.5,20.46,0.1409,0.0243,0.229,0.004,0.004,-0.553,-0.353,34.49,11.57,2,-1.32,1,0.852,10.66,-0.92,0.0,0,5,0.2411,0.217,0.2485,0.2096
151.401,1,0.877,-5.24,-1.3,5,79.8,20.46,0.1455,0.0469,0.199,-0.001,-0.043,-0.533,-0.339,33.98,11.57,2,-4.15,1,0.882,11.15,4.43,-6.639,1,5,0.2133,0.191,0.2114,0.1984
151.498,1,0.896,-6.24,-1.84,5,80.3,20.46,0.1613,0.082,0.184,0.003,-0.113,-0.521,-0.331,33.8,11.57,2,-4.15,1,0.898,12.6,10.7,-1.778,1,5,0.1855,0.1762,0.1966,0.1762
151.595,1,0.895,-6.74,-2.23,5,79.9,20.46,0.1893,0.1106,0.166,0.006,-0.04,-0.507,-0.321,33.58,11.58,2,-6.16,1,0.897,11.15,10.0,-2.836,1,5,0.1632,0.1613,0.1817,0.1576
151.696,1,0.885,-6.74,-2.64,5,79.3,20.46,0.2313,0.1347,0.156,-0.0,0.104,-0.494,-0.313,33.52,11.58,2,-6.16,1,0.891,10.18,8.68,0.245,1,5,0.1558,0.1651,0.1465,0.1576
151.767,1,0.884,-5.74,-2.39,5,79.0,20.46,0.2526,0.1529,0.163,0.001,0.228,-0.483,-0.305,34.32,11.58,2,-5.7,1,0.889,12.6,10.66,-0.231,1,5,0.1335,0.1836,0.1447,0.1892
151.794,1,0.883,-4.99,-1.58,5,79.2,20.44,0.2593,0.1331,0.163,-0.0,0.147,-0.48,-0.304,34.49,11.58,2,-5.7,1,0.889,12.6,10.66,-0.231,1,5,0.1335,0.1873,0.1372,0.1929
151.897,1,0.87,-2.5,-0.45,5,76.5,20.44,0.2861,0.103,0.194,-0.003,0.301,-0.464,-0.293,35.64,11.58,2,-5.7,1,0.889,15.99,15.16,-2.315,1,5,0.1613,0.2281,0.1539,0.2337
151.967,1,0.88,-1.5,-0.05,5,76.5,20.44,0.2618,0.0321,0.226,-0.006,0.19,-0.449,-0.282,36.38,11.58,2,-2.9,1,0.897,18.42,18.41,0.0,0,5,0.1996,0.2532,0.1885,0.2642
151.996,1,0.873,-0.5,0.79,5,76.2,19.97,0.2531,0.0064,0.231,-0.007,0.154,-0.445,-0.28,36.55,11.58,2,-2.9,1,0.897,18.42,18.41,0.0,0,5,0.2107,0.2568,0.1903,0.2661
152.034,1,0.867,0.0,1.36,5,76.4,20.44,0.2531,-0.032,0.236,-0.006,0.041,-0.438,-0.274,36.84,11.58,2,-2.9,1,0.884,17.45,15.39,-0.649,1,5,0.2188,0.2559,0.204,0.2671
152.097,1,0.848,0.5,1.58,5,76.4,20.44,0.2743,-0.0546,0.24,0.0,0.055,-0.426,-0.265,37.01,11.58,2,-2.9,1,0.871,15.51,16.32,1.411,1,5,0.2199,0.2532,0.2273,0.2587
152.167,1,0.804,1.0,1.68,5,76.6,20.44,0.2611,-0.0639,0.246,-0.001,0.023,-0.41,-0.253,37.07,11.58,2,3.25,1,0.89,10.66,2.05,-3.397,1,5,0.2411,0.2485,0.2411,0.2522
152.2,1,0.828,1.25,1.45,5,76.7,20.46,0.2371,-0.0684,0.246,0.0,0.021,-0.406,-0.25,37.07,11.58,2,3.25,1,0.862,7.76,-0.05,-3.805,1,5,0.243,0.2485,0.2448,0.2485
152.231,1,0.846,1.25,1.74,5,75.8,20.81,0.2252,-0.0613,0.245,0.001,-0.035,-0.399,-0.244,37.07,11.58,2,3.25,1,0.862,7.76,-0.05,-3.805,1,5,0.2467,0.2448,0.2467,0.2411
152.268,1,0.866,1.25,1.62,5,75.3,20.81,0.2293,-0.0698,0.241,0.003,-0.051,-0.391,-0.238,36.96,11.58,2,3.25,1,0.889,7.76,-5.61,-5.337,1,5,0.243,0.2392,0.2485,0.2337
152.302,1,0.851,1.25,1.49,5,75.5,20.46,0.2055,-0.061,0.238,0.004,-0.026,-0.384,-0.233,36.9,11.58,2,3.25,1,0.893,7.76,-6.58,-3.795,1,5,0.2374,0.2374,0.2467,0.23
152.366,1,0.853,1.25,1.76,5,74.8,21.02,0.1881,-0.0535,0.23,0.002,-0.142,-0.373,-0.224,36.67,11.58,2,3.48,1,0.928,7.76,-3.84,-1.094,1,5,0.2374,0.2207,0.243,0.2188
152.4,1,0.872,0.5,1.07,5,75.8,21.02,0.2024,-0.0635,0.227,0.002,-0.149,-0.369,-0.222,36.5,11.58,2,3.48,1,0.912,6.3,-6.44,-6.568,1,5,0.2318,0.217,0.2411,0.217
152.437,1,0.886,0.25,0.63,5,75.9,21.02,0.198,-0.0337,0.223,0.003,-0.031,-0.362,-0.216,36.33,11.58,2,3.48,1,0.915,5.82,-8.99,-3.699,1,5,0.2244,0.2133,0.2392,0.2151
152.466,1,0.884,0.5,0.79,5,75.6,21.02,0.2052,-0.0188,0.216,0.0,-0.0,-0.355,-0.212,36.38,11.58,2,3.48,1,0.93,6.79,-8.73,-5.877,1,5,0.2226,0.204,0.2281,0.2096
152.502,1,0.885,0.0,0.81,5,75.5,21.02,0.2011,-0.0267,0.208,-0.0,-0.1,-0.349,-0.207,36.1,11.58,2,3.48,1,0.919,5.82,-6.52,-1.949,1,5,0.217,0.2003,0.2151,0.2003
152.594,1,0.895,0.25,0.58,5,75.9,21.02,0.1887,-0.0215,0.2,-0.001,0.052,-0.336,-0.197,36.04,11.57,2,-0.01,1,0.922,9.69,1.2,-2.61,1,5,0.2096,0.1929,0.2059,0.1929
152.667,1,0.915,-0.75,0.05,5,76.6,21.02,0.2169,-0.0203,0.188,0.005,-0.001,-0.324,-0.188,35.75,11.57,2,-0.01,1,0.942,12.6,6.17,-1.276,1,5,0.1837,0.1892,0.1965,0.1837
152.701,1,0.914,-0.75,0.15,5,76.3,21.02,0.2309,0.008,0.188,0.004,-0.027,-0.321,-0.186,35.75,11.57,2,-0.01,1,0.942,12.6,6.17,-1.276,1,5,0.1821,0.1876,0.1967,0.1858
152.767,1,0.908,-0.75,0.38,5,76.3,20.81,0.2296,0.0034,0.19,0.001,-0.067,-0.308,-0.177,35.75,11.57,2,-2.56,1,0.964,13.09,5.54,-5.581,1,5,0.1896,0.1915,0.1915,0.1878
152.8,1,0.905,-0.75,0.03,5,76.5,21.02,0.2058,-0.0038,0.19,0.003,0.004,-0.305,-0.174,35.7,11.57,2,-2.56,1,0.923,15.03,9.26,-6.205,1,5,0.1876,0.1968,0.1894,0.1876
152.9,1,0.918,-0.5,0.3,5,75.7,20.44,0.2224,0.0061,0.194,-0.005,0.059,-0.289,-0.163,35.87,11.57,2,-2.56,1,0.966,16.48,11.08,-5.483,1,5,0.1963,0.1889,0.1889,0.2001
152.998,1,0.903,-0.5,0.26,5,74.3,20.44,0.2017,-0.0045,0.194,0.0,-0.012,-0.273,-0.152,35.75,11.57,2,-2.96,1,0.948,15.99,11.63,-6.24,1,5,0.1892,0.1947,0.1929,0.1984
153.066,1,0.899,-0.5,0.72,5,74.4,19.97,0.1827,-0.0028,0.192,0.001,-0.044,-0.261,-0.143,35.92,11.57,2,-2.96,1,0.943,16.48,11.83,-5.653,1,5,0.1873,0.1984,0.1873,0.1947
153.099,1,0.897,-1.0,0.86,5,74.6,20.44,0.1781,-0.0147,0.193,0.002,-0.056,-0.258,-0.14,35.81,11.57,2,-2.96,1,0.952,15.99,11.18,-4.392,1,5,0.1853,0.2018,0.1889,0.1963
153.2,1,0.891,0.0,1.2,5,74.2,20.44,0.1555,-0.0109,0.178,0.0,-0.08,-0.243,-0.13,35.98,11.57,2,-2.29,1,0.958,17.45,11.58,-5.376,1,5,0.1778,0.176,0.1797,0.1778
153.265,1,0.915,-0.5,0.31,5,74.8,19.97,0.1296,-0.0265,0.164,0.004,-0.022,-0.233,-0.122,35.81,11.57,2,-2.29,1,0.961,16.48,9.58,-2.472,1,5,0.1593,0.1686,0.1686,0.1612
153.302,1,0.918,-0.5,0.63,5,75.5,19.97,0.1437,-0.0024,0.162,-0.003,0.01,-0.227,-0.119,35.75,11.57,2,-2.29,1,0.961,15.99,10.1,-3.482,1,5,0.1667,0.1537,0.1649,0.163
153.366,1,0.927,-0.75,0.46,5,75.3,20.44,0.1647,-0.0112,0.155,-0.001,-0.047,-0.22,-0.113,35.64,11.57,2,-2.54,1,0.968,15.99,8.66,-3.194,1,5,0.1574,0.1463,0.1612,0.1537
153.399,1,0.93,-0.5,0.14,5,74.8,20.44,0.1787,-0.0048,0.151,0.001,-0.037,-0.218,-0.111,35.58,11.57,2,-2.54,1,0.961,15.51,8.08,-3.215,1,5,0.15,0.1445,0.1612,0.15
153.466,1,0.921,-0.75,-0.04,5,73.6,20.44,0.1996,0.0002,0.147,0.001,-0.024,-0.208,-0.105,35.47,11.57,2,-2.54,1,0.956,15.51,8.38,-2.503,1,5,0.1521,0.1484,0.1484,0.1409
153.501,1,0.915,-0.5,-0.31,5,72.1,20.44,0.2135,0.0086,0.149,-0.0,0.033,-0.206,-0.103,35.52,11.57,2,-2.54,1,0.965,15.51,6.98,-3.743,1,5,0.1558,0.1521,0.1447,0.1428
153.57,1,0.918,0.0,-0.55,5,69.7,20.44,0.2346,0.0144,0.167,0.002,0.022,-0.195,-0.095,35.81,11.58,2,-2.21,1,0.958,15.51,9.17,-4.183,1,5,0.1558,0.178,0.1595,0.1743
153.6,1,0.892,0.25,-0.73,5,67.6,20.44,0.2301,0.0162,0.174,0.003,0.048,-0.192,-0.092,35.87,11.58,2,-2.21,1,0.951,16.48,8.2,-3.696,1,5,0.1595,0.1855,0.1688,0.1817
153.634,1,0.83,0.25,-0.07,5,64.1,20.44,0.2372,0.0199,0.19,-0.002,0.006,-0.185,-0.088,35.87,11.58,2,-2.21,1,0.946,15.99,10.08,-3.482,1,5,0.1855,0.1966,0.178,0.1984
153.666,1,0.808,0.25,-0.26,5,62.6,20.46,0.2511,-0.0012,0.2,-0.002,0.055,-0.178,-0.083,36.04,11.58,2,-2.21,1,0.941,16.48,9.57,-2.455,1,5,0.2003,0.2096,0.1873,0.204
153.701,1,0.81,0.25,-0.08,5,62.5,20.44,0.2651,0.0061,0.213,-0.002,-0.016,-0.171,-0.078,35.98,11.58,2,-2.21,1,0.934,16.48,10.47,-0.473,1,5,0.2059,0.2151,0.191,0.2133
153.766,1,0.812,0.0,-0.28,5,63.6,20.44,0.2759,0.0001,0.231,-0.002,0.028,-0.16,-0.07,36.15,11.58,2,-1.74,1,0.91,15.51,10.65,-4.455,1,5,0.2223,0.2371,0.2204,0.2445
153.799,1,0.814,0.0,-0.2,5,63.6,20.44,0.2712,0.0105,0.238,-0.001,0.024,-0.156,-0.067,36.21,11.58,2,-1.74,1,0.898,15.99,11.01,-1.582,1,5,0.2278,0.2445,0.2297,0.2501
153.836,1,0.801,0.0,-0.2,5,62.9,20.2,0.2665,0.0075,0.251,-0.001,0.042,-0.147,-0.06,36.27,11.58,2,-1.74,1,0.901,15.51,10.67,-4.451,1,5,0.2445,0.2593,0.2408,0.2612
153.867,1,0.808,-0.5,-0.21,5,62.8,20.44,0.2544,0.0072,0.261,-0.002,0.053,-0.138,-0.054,36.27,11.58,2,-1.74,1,0.902,15.51,11.54,-2.613,1,5,0.2593,0.2649,0.2538,0.2667
153.899,1,0.806,0.0,-0.34,5,63.2,20.56,0.2687,0.0136,0.263,-0.005,0.011,-0.134,-0.051,36.33,11.58,2,-1.74,1,0.896,16.48,9.58,-2.461,1,5,0.2667,0.263,0.2538,0.2704
153.965,1,0.843,-0.5,-0.85,5,64.7,20.44,0.2895,0.0128,0.264,-0.003,-0.002,-0.121,-0.042,36.27,11.58,2,-0.99,1,0.895,15.51,11.11,-1.56,1,5,0.2593,0.263,0.2593,0.276
153.999,1,0.873,-1.0,-0.77,5,66.5,20.44,0.2837,0.0378,0.269,-0.002,-0.051,-0.112,-0.036,36.27,11.58,2,-0.99,1,0.898,15.51,10.92,-3.728,1,5,0.2615,0.2689,0.2652,0.28
154.065,1,0.91,-1.5,-0.65,5,69.8,20.44,0.2862,0.04,0.283,-0.002,0.062,-0.094,-0.022,36.38,11.58,2,-0.99,1,0.885,11.63,6.19,-2.389,1,5,0.2763,0.2856,0.2763,0.293
154.1,1,0.918,-1.5,-0.89,5,70.9,20.44,0.2807,0.0403,0.284,-0.001,-0.014,-0.089,-0.019,36.38,11.58,2,-0.99,1,0.892,11.63,6.25,-3.937,1,5,0.276,0.2871,0.2778,0.2945
154.134,1,0.926,-1.5,-0.65,5,71.6,20.44,0.2687,0.0477,0.287,-0.002,0.02,-0.08,-0.012,36.38,11.59,2,-0.11,1,0.899,10.66,4.74,-4.788,1,5,0.2816,0.2908,0.2797,0.2964
154.164,1,0.919,-1.5,-0.65,5,70.8,20.44,0.2448,0.0367,0.289,-0.003,0.055,-0.07,-0.005,36.55,11.59,2,-0.11,1,0.906,10.66,2.15,-3.434,1,5,0.2871,0.2945,0.2778,0.2964
154.198,1,0.913,-1.5,-0.38,5,70.2,20.56,0.2589,0.0372,0.289,-0.003,-0.017,-0.066,-0.002,36.5,11.59,2,-0.11,1,0.889,11.63,3.66,-2.565,1,5,0.2875,0.293,0.28,0.2967
154.265,1,0.926,-1.5,-0.64,5,71.3,20.44,0.2428,0.0266,0.28,-0.004,0.014,-0.048,0.011,36.73,11.59,2,-0.11,1,0.895,10.66,2.7,-5.674,1,5,0.2741,0.2797,0.2723,0.2927
154.334,1,0.9,-1.5,-0.37,5,69.3,20.81,0.2451,0.0356,0.272,-0.003,0.003,-0.034,0.021,36.73,11.59,2,-0.69,1,0.901,11.15,4.17,-3.709,1,5,0.2718,0.2737,0.2645,0.2792
154.364,1,0.897,-2.0,-0.22,5,69.1,20.44,0.2422,0.0262,0.264,-0.003,-0.035,-0.026,0.027,36.67,11.59,2,-0.69,1,0.89,10.66,2.68,-5.68,1,5,0.2638,0.262,0.2602,0.2712
154.4,1,0.879,-1.5,-0.26,5,67.4,20.81,0.2182,0.0265,0.261,-0.003,0.024,-0.022,0.03,36.67,11.59,2,-0.69,1,0.886,10.66,2.67,-5.688,1,5,0.2583,0.2565,0.2583,0.2692
154.432,1,0.87,-1.5,-0.26,5,66.9,20.81,0.2061,0.0206,0.256,-0.003,0.043,-0.013,0.037,36.84,11.59,2,-0.69,1,0.887,10.66,5.02,-3.97,1,5,0.2529,0.2529,0.2547,0.2656
154.467,1,0.87,-2.0,0.17,5,66.5,20.56,0.22,0.0213,0.254,-0.001,-0.035,-0.005,0.042,36.78,11.59,2,-0.69,1,0.872,10.66,5.01,-2.413,1,5,0.2483,0.2556,0.2501,0.2611
154.497,1,0.869,-1.75,-0.72,5,66.7,20.81,0.2339,0.0135,0.254,-0.001,-0.035,-0.005,0.042,36.78,11.59,2,-0.69,1,0.835,10.66,5.21,-0.027,1,5,0.2483,0.2556,0.2501,0.2611
154.598,1,0.848,-1.75,-0.72,5,65.0,21.02,0.2314,0.0393,0.238,-0.005,0.028,0.015,0.057,36.96,11.58,2,-1.35,1,0.774,10.66,12.98,0.0,0,5,0.2366,0.2348,0.2312,0.2474
154.703,1,0.852,-1.75,0.08,5,64.5,21.02,0.247,0.0401,0.225,-0.004,0.061,0.037,0.073,37.24,11.58,2,-1.35,1,0.743,11.15,25.06,0.0,0,5,0.2239,0.2257,0.2165,0.235
154.736,1,0.833,-1.25,0.09,5,63.1,21.02,0.2348,0.0131,0.224,-0.005,0.005,0.04,0.075,37.3,11.58,2,0.91,1,0.717,11.63,39.18,0.0,0,5,0.2202,0.2257,0.2128,0.2368
154.764,1,0.821,-1.25,-0.03,5,61.9,21.02,0.2109,0.0069,0.227,-0.005,0.116,0.048,0.081,37.36,11.58,2,0.91,1,0.677,12.12,38.8,0.0,0,5,0.226,0.2352,0.2093,0.2389
154.832,1,0.81,-0.25,0.22,5,61.3,21.02,0.1749,0.0111,0.23,-0.004,0.05,0.059,0.089,37.7,11.58,2,0.91,1,0.661,10.18,28.26,0.0,0,4,0.227,0.2362,0.2159,0.2399
154.865,1,0.817,0.25,0.45,5,61.5,20.56,0.1507,-0.0063,0.222,-0.008,-0.039,0.066,0.094,37.64,11.58,2,0.91,1,0.626,8.24,37.19,0.0,0,4,0.2215,0.2178,0.2104,0.2399
154.9,1,0.851,0.25,0.46,5,64.3,20.57,0.127,-0.0148,0.219,-0.008,0.056,0.07,0.096,37.7,11.58,2,0.91,1,0.576,5.82,52.88,0.0,0,4,0.2215,0.2141,0.2067,0.2325
154.93,1,0.845,-0.5,0.67,5,63.8,20.96,0.12,-0.0139,0.209,-0.003,-0.037,0.076,0.101,37.7,11.58,2,7.63,1,0.576,5.82,52.88,0.0,0,4,0.2077,0.2077,0.204,0.2151
154.965,1,0.843,-0.75,0.21,5,63.5,20.81,0.12,-0.0081,0.195,0.002,-0.048,0.082,0.106,37.59,11.58,2,7.63,1,0.558,0.97,64.79,0.0,0,4,0.1929,0.1929,0.2021,0.1929
154.999,1,0.827,-0.75,0.21,5,62.3,20.81,0.12,0.0036,0.192,0.001,-0.069,0.085,0.108,37.53,11.58,2,7.63,1,0.516,-2.42,69.3,0.0,0,4,0.1892,0.1855,0.2003,0.1929
155.033,1,0.838,-0.75,0.08,5,63.0,20.56,0.12,0.0034,0.184,-0.002,0.013,0.09,0.112,37.41,11.58,2,7.63,1,0.456,-5.33,71.56,0.0,0,4,0.1892,0.1706,0.1929,0.1817
155.065,1,0.831,-1.25,0.09,5,62.6,20.57,0.12,0.0056,0.174,0.001,-0.068,0.095,0.117,37.3,11.58,2,7.63,1,0.441,-7.27,72.2,0.0,0,4,0.1832,0.1647,0.185,0.1628
155.133,1,0.859,-2.25,-0.16,5,65.0,20.56,0.12,0.0109,0.154,0.002,-0.133,0.103,0.122,36.9,11.57,2,14.92,1,0.454,-13.57,73.69,0.0,0,4,0.1665,0.1406,0.1721,0.1369
155.163,1,0.846,-2.25,-0.56,5,63.6,20.46,0.12,0.0269,0.146,-0.0,-0.099,0.107,0.125,36.61,11.57,2,14.92,1,0.461,-15.03,73.67,0.0,0,4,0.1613,0.1298,0.1613,0.1317
155.198,1,0.859,-2.75,-0.68,5,64.8,20.46,0.12,0.0333,0.142,0.001,-0.078,0.109,0.127,36.5,11.57,2,14.92,1,0.466,-14.06,73.09,0.0,0,4,0.1576,0.128,0.1576,0.1243
155.4,1,0.73,-3.49,-1.25,4,71.7,20.5,0.12,0.0383,0.099,-0.002,-0.021,0.126,0.14,35.87,11.57,2,21.36,1,0.52,0.0,71.3,0.0,0,5,0.1113,0.0964,0.0983,0.0909
155.432,1,0.709,-3.49,1.54,4,73.6,20.56,0.12,0.0584,0.095,-0.0,0.033,0.129,0.143,35.92,11.57,2,21.36,1,0.544,0.48,70.99,0.0,0,5,0.0983,0.0983,0.0909,0.0927
155.532,1,0.611,-3.49,2.23,4,73.4,20.02,0.12,0.0029,0.09,0.005,0.009,0.136,0.148,36.1,11.57,2,29.79,1,0.576,4.85,68.93,0.0,0,5,0.0779,0.0983,0.0927,0.0927
155.631,1,0.477,-3.49,8.62,3,71.3,20.04,0.12,-0.0109,0.082,-0.002,0.043,0.143,0.153,36.21,11.57,2,29.79,1,0.61,3.88,65.77,0.0,0,5,0.0892,0.0838,0.0765,0.0801
155.664,1,0.438,-2.99,9.79,3,69.2,20.04,0.12,-0.1333,0.08,-0.006,-0.092,0.146,0.155,36.21,11.57,2,29.79,1,0.636,4.85,64.73,0.0,0,5,0.0901,0.0809,0.068,0.0827
155.702,1,0.407,-2.99,8.99,3,68.2,20.57,0.12,-0.1615,0.082,-0.005,-0.001,0.148,0.157,36.21,11.57,2,29.79,1,0.644,5.33,64.19,0.0,0,5,0.0853,0.0835,0.0705,0.089
155.863,1,0.169,-1.5,0.0,2,53.9,31.46,0.12,-0.1452,0.087,0.001,-0.102,0.159,0.165,35.81,11.57,2,39.22,1,0.733,1.94,53.23,0.0,0,5,0.0926,0.0797,0.0963,0.0778
155.899,1,0.133,0.25,0.0,2,47.9,33.68,0.12,0.0092,0.086,0.0,-0.086,0.161,0.166,35.7,11.57,2,39.22,1,0.764,0.97,50.49,0.0,0,5,0.0945,0.0741,0.0982,0.0778
155.931,1,0.139,2.75,48.4,3,40.8,35.44,0.1082,0.0092,0.089,-0.001,-0.099,0.164,0.168,35.52,11.57,2,39.22,1,0.794,1.94,48.34,0.0,0,5,0.1018,0.074,0.1018,0.0777
155.965,1,0.113,5.74,0.0,2,34.9,30.05,0.0844,0.0092,0.093,-0.001,-0.022,0.167,0.171,35.35,11.57,2,42.0,1,0.814,4.36,48.34,0.0,0,5,0.1056,0.0834,0.1,0.0815
156.03,1,0.089,16.97,0.0,2,32.8,29.36,0.06,0.0092,0.092,0.003,0.013,0.171,0.174,35.41,11.57,2,42.0,1,0.821,12.6,51.42,0.0,0,5,0.0897,0.0915,0.0988,0.0897
156.198,1,0.023,28.45,0.0,1,30.4,22.96,0.0119,-0.4717,0.059,0.0,0.013,0.18,0.18,35.58,11.56,2,37.0,1,0.81,32.96,57.6,0.0,0,5,0.0538,0.0631,0.0556,0.0631
156.263,1,0.022,30.45,0.0,1,30.1,18.97,0.0,-0.6,0.031,-0.001,-0.227,0.181,0.181,35.24,11.56,2,37.0,1,0.774,36.35,57.95,0.0,0,5,0.0519,0.013,0.0464,0.0111
156.297,1,0.026,29.7,0.0,1,30.1,20.46,0.0,-0.6,0.021,-0.001,-0.406,0.181,0.181,34.78,11.56,2,37.0,1,0.8,34.9,58.39,0.0,0,5,0.0593,-0.0093,0.0482,-0.0148
156.43,0,0.0,0.0,0.0,0,35.5,0.0,0.0,-0.6,-0.008,0.01,-0.371,0.18,0.182,31.4,11.56,2,37.0,1,0.813,23.75,52.8,0.0,0,5,0.05,-0.0759,0.0797,-0.0852
156.463,1,0.059,25.46,0.0,2,35.8,21.53,0.0,-0.6,-0.015,0.01,-0.42,0.179,0.181,30.42,11.56,2,37.0,1,0.825,20.84,51.67,0.0,0,5,0.0482,-0.0797,0.0704,-0.0982
156.593,1,0.189,8.49,43.1,3,41.1,29.95,0.0,-0.6,-0.021,-0.006,-0.495,0.177,0.179,27.22,11.55,2,37.0,1,0.835,10.66,46.39,0.0,0,5,0.0703,-0.1092,0.0537,-0.0999
156.662,1,0.377,1.0,43.91,4,49.5,29.24,0.014,-0.0846,-0.013,-0.01,-0.51,0.177,0.178,24.92,11.55,2,37.0,1,0.84,-1.45,39.08,0.0,0,5,0.0835,-0.1057,0.0612,-0.089
156.693,1,0.472,-2.0,43.4,4,54.8,28.48,0.0207,-0.1257,-0.013,-0.008,-0.492,0.177,0.178,24.35,11.55,2,37.0,1,0.84,-1.45,39.08,0.0,0,5,0.0797,-0.102,0.0612,-0.089
156.764,1,0.568,-4.24,43.13,4,59.8,27.89,0.049,-0.2969,-0.005,0.017,-0.165,0.176,0.18,22.92,11.55,2,41.5,1,0.853,-9.21,29.9,0.0,0,5,0.0371,-0.0445,0.0686,-0.0816
156.792,1,0.587,-4.24,42.76,4,59.9,27.62,0.0557,-0.3378,-0.0,0.021,-0.227,0.176,0.18,22.69,11.55,2,41.5,1,0.853,-9.21,29.9,0.0,0,5,0.0315,-0.026,0.0686,-0.0742
156.863,1,0.59,-3.49,41.92,4,60.0,27.09,0.0839,-0.5083,0.029,0.006,-0.237,0.178,0.181,21.89,11.55,2,41.5,1,0.87,-19.39,6.19,0.0,0,5,0.0591,0.0,0.0702,-0.0129
156.963,1,0.644,-3.24,40.27,5,60.8,26.67,0.1189,-0.7203,0.069,-0.003,-0.476,0.185,0.183,19.71,11.55,2,45.0,1,0.877,-21.33,-1.63,0.0,0,5,0.1428,0.0,0.1317,0.0
157.064,1,0.702,-2.99,37.05,5,64.4,25.56,0.12,-0.7273,0.111,-0.003,-0.689,0.195,0.187,16.16,11.55,2,45.0,1,0.901,-27.14,-14.01,6.052,1,5,0.2133,0.0,0.2021,0.0
157.164,1,0.713,-3.99,34.89,5,62.0,24.48,0.12,-0.6822,0.126,-0.002,-0.682,0.208,0.19,12.09,11.54,2,45.0,1,0.925,-33.93,-29.5,0.0,0,5,0.2556,0.0056,0.2427,0.0019
157.232,1,0.713,-5.99,33.31,5,62.2,23.94,0.12,-0.6294,0.126,-0.002,-0.728,0.215,0.191,9.63,11.54,2,45.0,1,0.909,-39.74,-37.15,0.0,0,5,0.2522,0.0056,0.2411,0.0037
157.263,1,0.72,-6.49,31.91,5,63.1,23.94,0.12,-0.5763,0.125,0.0,-0.679,0.22,0.192,8.02,11.54,2,45.0,1,0.924,-42.65,-41.05,0.0,0,5,0.2467,0.0093,0.2411,0.0019
157.462,1,0.696,-9.98,24.49,5,65.9,21.62,0.12,-0.551,0.119,0.013,-0.604,0.244,0.195,1.26,11.54,2,45.0,1,0.86,-56.22,-56.0,0.0,0,5,0.2114,0.0334,0.2281,0.0093
157.565,1,0.808,-11.23,21.42,5,65.8,21.62,0.12,-0.3733,0.117,0.016,-0.407,0.256,0.197,-1.78,11.52,2,40.5,1,0.771,-61.07,-60.32,0.0,0,5,0.1896,0.0405,0.2246,0.0129
157.662,1,0.814,-13.48,18.98,5,68.1,21.1,0.12,-0.3051,0.117,0.0,-0.28,0.268,0.196,-3.9,11.52,2,40.5,1,0.832,-53.32,-56.86,0.0,0,5,0.1765,0.0496,0.1839,0.057
157.763,1,0.819,-13.73,16.73,5,66.6,20.57,0.155,-0.3272,0.121,-0.006,-0.238,0.277,0.195,-5.16,11.52,2,28.5,1,0.882,-45.08,-51.4,0.0,0,5,0.1725,0.0649,0.1651,0.0797
157.798,1,0.825,-13.48,16.04,5,66.5,21.02,0.1689,-0.3011,0.124,-0.005,-0.174,0.282,0.195,-5.61,11.52,2,28.5,1,0.913,-39.74,-47.8,0.0,0,5,0.1688,0.0742,0.1632,0.089
157.896,1,0.825,-12.98,14.93,5,66.3,20.44,0.1968,-0.3405,0.158,0.0,-0.22,0.298,0.193,-6.99,11.52,2,28.5,1,0.909,-30.05,-37.88,0.0,0,5,0.2003,0.1187,0.1984,0.115
157.962,1,0.822,-13.73,14.19,5,65.8,20.57,0.225,-0.3598,0.181,-0.01,-0.277,0.309,0.191,-7.96,11.52,2,16.5,1,0.957,-25.2,-28.25,0.0,0,5,0.2344,0.1218,0.2215,0.1476
157.99,1,0.829,-13.98,13.61,5,66.0,20.44,0.2319,-0.3369,0.189,-0.009,-0.325,0.313,0.19,-8.37,11.52,2,16.5,1,0.957,-25.2,-28.25,0.0,0,5,0.2433,0.1272,0.2323,0.153
158.06,1,0.795,-13.73,11.99,5,63.3,20.46,0.26,-0.3545,0.216,-0.006,-0.221,0.327,0.187,-9.45,11.52,2,16.5,1,0.939,-15.03,-14.5,-0.226,1,5,0.2777,0.1524,0.2668,0.1651
158.097,1,0.79,-13.48,11.67,5,62.8,20.44,0.2738,-0.3166,0.242,-0.0,-0.408,0.342,0.185,-10.54,11.52,2,16.5,1,0.896,-11.63,-9.32,-1.353,1,5,0.2967,0.191,0.293,0.1892
158.131,1,0.77,-13.98,11.03,5,61.9,20.56,0.281,-0.3158,0.25,-0.0,-0.325,0.347,0.184,-10.89,11.52,2,16.5,1,0.855,-7.27,-3.92,-1.374,1,5,0.3042,0.1984,0.3004,0.1966
158.163,1,0.791,-13.98,10.38,5,62.6,20.04,0.295,-0.2996,0.266,-0.0,-0.335,0.358,0.182,-11.75,11.52,2,4.5,1,0.882,-4.85,6.53,-0.956,1,5,0.319,0.2096,0.3208,0.2133
158.261,1,0.741,-14.72,8.04,5,58.2,20.46,0.2917,-0.272,0.301,-0.003,-0.349,0.382,0.176,-13.24,11.52,2,4.5,1,0.884,2.42,18.98,0.0,0,5,0.3635,0.2522,0.345,0.2448
158.329,1,0.684,-14.72,6.98,5,52.3,20.44,0.2559,-0.1472,0.325,-0.005,-0.372,0.407,0.17,-14.44,11.52,2,4.5,1,0.856,11.63,31.36,0.0,0,5,0.3746,0.2689,0.3728,0.2856
158.397,1,0.762,-14.97,5.43,5,59.1,20.2,0.208,-0.0766,0.326,-0.006,-0.135,0.426,0.164,-15.24,11.52,2,-8.59,1,0.872,15.51,34.83,0.0,0,5,0.3728,0.2731,0.3673,0.2898
158.458,1,0.776,-14.97,4.36,5,60.7,19.97,0.172,-0.0053,0.318,-0.005,-0.078,0.444,0.159,-15.93,11.52,2,-8.59,1,0.864,18.42,40.82,0.0,0,5,0.3566,0.2716,0.3548,0.2883
158.557,1,0.786,-16.22,3.5,5,62.3,20.2,0.12,0.0516,0.292,-0.005,-0.15,0.472,0.15,-16.79,11.51,2,-4.14,1,0.868,14.54,38.21,0.0,0,5,0.3208,0.2615,0.3134,0.2726
158.629,1,0.781,-16.72,2.3,5,62.0,20.56,0.12,0.082,0.269,-0.011,-0.141,0.492,0.143,-17.42,11.51,2,-4.14,1,0.848,5.33,28.97,0.0,0,5,0.2967,0.2337,0.2838,0.2634
158.66,1,0.787,-17.72,2.62,5,62.8,20.56,0.12,0.1097,0.263,-0.01,-0.126,0.497,0.141,-17.59,11.51,2,-4.14,1,0.87,2.91,20.76,0.0,0,5,0.2893,0.2263,0.28,0.2578
158.757,1,0.787,-19.97,1.77,5,64.6,20.57,0.12,0.1118,0.239,-0.01,-0.121,0.519,0.133,-18.28,11.51,2,0.47,1,0.892,-0.97,14.55,5.245,1,5,0.2649,0.2019,0.2556,0.2334
158.829,1,0.829,-21.46,1.02,5,68.0,20.57,0.12,0.1521,0.221,-0.009,-0.085,0.536,0.127,-18.85,11.51,2,0.47,1,0.897,-7.76,4.0,5.138,1,5,0.2482,0.1889,0.2352,0.2112
158.862,1,0.835,-21.71,0.94,5,67.7,20.81,0.12,0.182,0.215,-0.009,-0.076,0.539,0.125,-18.91,11.51,2,0.47,1,0.901,-8.24,3.97,6.546,1,5,0.243,0.1836,0.2281,0.2059
158.929,1,0.854,-23.96,0.74,5,71.6,20.81,0.12,0.1822,0.194,-0.006,-0.066,0.554,0.12,-19.42,11.51,2,0.47,1,0.87,-13.57,-2.6,6.884,1,5,0.2093,0.1704,0.2056,0.1889
158.957,1,0.87,-24.46,0.24,5,71.3,20.56,0.12,0.2109,0.189,-0.005,-0.083,0.557,0.119,-19.54,11.51,2,2.18,1,0.87,-13.57,-2.6,6.884,1,5,0.2038,0.1686,0.2001,0.1852
158.995,1,0.878,-24.96,0.13,5,71.5,20.96,0.12,0.2248,0.18,-0.008,-0.049,0.564,0.116,-19.6,11.51,2,2.18,1,0.898,-14.54,-6.02,5.192,1,5,0.1982,0.1593,0.1852,0.1778
159.027,1,0.874,-25.46,0.12,5,71.4,20.96,0.12,0.2297,0.168,-0.012,-0.076,0.569,0.113,-19.77,11.51,2,2.18,1,0.91,-15.51,-5.58,3.451,1,5,0.191,0.1465,0.1669,0.1688
159.057,1,0.888,-25.7,-0.35,5,72.7,21.46,0.12,0.2331,0.163,-0.01,-0.002,0.572,0.112,-19.82,11.51,2,2.18,1,0.91,-15.51,-5.58,3.451,1,5,0.1836,0.1447,0.1613,0.1632
159.128,1,0.88,-25.95,-0.12,5,71.6,21.02,0.12,0.2418,0.145,-0.0,0.006,0.583,0.108,-19.88,11.51,2,2.18,1,0.905,-16.48,-6.68,1.85,1,5,0.1521,0.1447,0.1447,0.1391
159.157,1,0.866,-25.95,-0.04,5,71.8,21.02,0.12,0.2391,0.14,0.001,-0.019,0.586,0.107,-19.88,11.51,2,1.74,1,0.905,-16.48,-6.68,1.85,1,5,0.1428,0.1447,0.1391,0.1354
159.26,1,0.862,-25.46,-0.44,5,72.8,21.1,0.12,0.2354,0.122,0.007,0.069,0.597,0.104,-19.71,11.51,2,1.74,1,0.91,-16.48,-7.04,1.074,1,5,0.1008,0.1283,0.1301,0.1283
159.327,1,0.847,-23.96,-0.48,5,70.6,20.81,0.12,0.2369,0.114,0.004,0.101,0.606,0.101,-19.37,11.51,2,1.74,1,0.9,-14.54,-7.21,2.51,1,5,0.0981,0.1332,0.1036,0.1221
159.357,1,0.828,-22.96,-0.22,5,69.2,20.96,0.12,0.2203,0.111,0.004,0.102,0.608,0.101,-19.25,11.51,2,1.4,1,0.9,-14.54,-7.21,2.51,1,5,0.0963,0.1352,0.0945,0.1185
159.428,1,0.801,-21.46,-0.16,5,67.0,20.96,0.12,0.2064,0.098,0.004,0.14,0.615,0.098,-18.74,11.51,2,1.4,1,0.887,-10.66,-4.79,4.799,1,5,0.0705,0.128,0.076,0.1187
159.46,1,0.801,-20.46,0.29,5,66.9,20.96,0.12,0.1892,0.096,0.006,0.19,0.617,0.098,-18.51,11.51,2,1.4,1,0.881,-9.69,-1.13,5.126,1,5,0.0612,0.1261,0.0779,0.1205
159.527,1,0.771,-18.22,1.22,5,65.2,21.1,0.12,0.1727,0.09,0.012,0.187,0.624,0.097,-17.7,11.51,2,1.4,1,0.844,-6.79,1.61,5.677,1,5,0.0407,0.1295,0.074,0.1147
159.557,1,0.767,-16.97,1.7,5,63.7,20.96,0.12,0.128,0.089,0.011,0.188,0.626,0.096,-17.48,11.51,2,1.4,1,0.844,-6.79,1.61,5.677,1,5,0.0422,0.1304,0.0698,0.112
159.626,1,0.727,-13.73,2.12,5,60.9,21.02,0.12,0.1123,0.084,0.007,0.134,0.633,0.095,-16.62,11.51,2,2.65,1,0.811,-3.39,8.72,0.0,0,5,0.0497,0.1252,0.0571,0.1031
159.659,1,0.742,-12.73,2.59,5,59.9,21.02,0.12,0.0688,0.082,0.006,0.092,0.634,0.094,-16.5,11.51,2,2.65,1,0.818,-3.88,4.57,0.0,0,5,0.0482,0.1205,0.0556,0.1039
159.727,1,0.746,-10.98,2.96,5,59.1,21.02,0.12,0.0556,0.08,0.006,0.163,0.641,0.093,-15.93,11.51,2,2.65,1,0.806,-3.88,5.68,0.0,0,5,0.0459,0.1137,0.0587,0.1027
159.755,1,0.752,-9.73,3.27,5,59.0,20.81,0.12,0.0284,0.081,0.006,0.177,0.642,0.093,-15.7,11.51,2,2.65,1,0.806,-3.88,5.68,0.0,0,5,0.0477,0.1137,0.0605,0.1027
159.827,1,0.755,-7.49,4.22,5,59.1,21.1,0.12,0.0166,0.077,0.005,0.217,0.648,0.092,-14.9,11.51,2,6.3,1,0.815,-1.94,6.83,0.0,0,5,0.0408,0.1094,0.0538,0.1039
159.857,1,0.791,-5.99,4.6,5,60.2,21.1,0.12,-0.0251,0.073,0.005,0.192,0.65,0.091,-14.61,11.51,2,6.3,1,0.815,-1.94,6.83,0.0,0,5,0.0371,0.1076,0.0482,0.1001
159.927,1,0.797,-2.99,5.04,5,62.0,20.56,0.12,-0.0433,0.069,0.006,0.11,0.655,0.091,-14.04,11.51,2,6.3,1,0.817,0.97,10.13,0.0,0,5,0.0352,0.1039,0.0464,0.089
159.962,1,0.807,-2.0,5.28,5,62.1,20.56,0.12,-0.0838,0.07,0.009,0.139,0.658,0.09,-13.69,11.51,2,8.87,1,0.818,1.94,12.06,0.0,0,5,0.0371,0.0983,0.0593,0.0853
160.026,1,0.796,0.0,5.5,5,62.7,20.44,0.12,-0.0927,0.069,0.006,0.111,0.661,0.09,-13.35,11.51,2,8.87,1,0.814,0.97,9.89,0.0,0,5,0.0398,0.0904,0.0597,0.0868
160.06,1,0.806,0.5,6.06,5,63.1,20.56,0.12,-0.1169,0.069,0.005,0.094,0.663,0.089,-13.24,11.51,2,8.87,1,0.82,1.94,8.98,0.0,0,5,0.0416,0.0904,0.0579,0.085
160.095,1,0.806,1.5,6.15,5,63.2,20.2,0.12,-0.1316,0.067,0.001,0.081,0.665,0.089,-13.06,11.51,2,8.87,1,0.816,2.91,11.46,0.0,0,5,0.0488,0.0849,0.0506,0.0831
160.126,1,0.81,2.0,6.27,5,63.5,20.2,0.12,-0.1416,0.068,-0.001,0.067,0.668,0.088,-12.89,11.51,2,8.87,1,0.799,1.45,15.11,0.0,0,5,0.0554,0.0813,0.0536,0.0832
160.159,1,0.811,2.0,6.82,5,63.6,20.56,0.12,-0.1459,0.068,-0.003,0.066,0.669,0.088,-12.83,11.51,2,8.87,1,0.806,0.97,15.98,0.0,0,5,0.061,0.0776,0.0517,0.0813
160.229,1,0.816,2.99,6.68,5,64.4,20.0,0.1409,-0.1724,0.071,-0.007,-0.041,0.675,0.086,-12.72,11.5,2,12.07,1,0.771,-0.48,21.61,0.0,0,5,0.0759,0.0759,0.0519,0.0815
160.258,1,0.824,2.99,6.51,5,64.6,20.56,0.1548,-0.1917,0.074,-0.006,-0.033,0.676,0.085,-12.78,11.5,2,12.07,1,0.79,-2.91,17.7,0.0,0,5,0.0797,0.0778,0.0574,0.0815
160.326,1,0.836,3.49,6.64,5,65.2,20.2,0.1757,-0.2018,0.089,0.0,-0.008,0.684,0.084,-12.83,11.5,2,12.07,1,0.774,-1.94,22.9,0.0,0,5,0.0927,0.0853,0.0927,0.0853
160.36,1,0.839,3.49,6.52,5,65.5,20.44,0.1901,-0.2211,0.096,0.0,0.0,0.686,0.083,-12.83,11.5,2,12.07,1,0.779,-1.45,26.99,0.0,0,5,0.0983,0.089,0.102,0.0927
160.426,1,0.851,3.49,6.52,5,66.0,20.56,0.2108,-0.2312,0.128,-0.004,-0.072,0.696,0.08,-13.12,11.5,2,14.0,1,0.791,-3.88,35.25,0.0,0,5,0.1398,0.1158,0.1324,0.1232
160.459,1,0.862,3.74,6.42,5,66.5,20.2,0.2246,-0.2402,0.136,-0.004,-0.064,0.699,0.08,-13.18,11.5,2,14.0,1,0.814,-5.82,37.06,0.0,0,5,0.1508,0.1214,0.1416,0.1287
160.527,1,0.869,4.24,6.03,5,68.0,20.0,0.2456,-0.2528,0.173,-0.006,-0.077,0.713,0.076,-13.75,11.5,2,14.0,1,0.821,-6.3,44.52,0.0,0,5,0.2018,0.1523,0.1834,0.1559
160.559,1,0.876,4.49,5.82,5,68.2,20.56,0.2597,-0.2535,0.184,-0.003,-0.093,0.717,0.075,-13.87,11.5,2,14.0,1,0.807,-9.21,45.7,0.0,0,5,0.2099,0.1643,0.199,0.1643
160.595,1,0.88,4.49,5.42,5,69.0,20.44,0.2666,-0.2526,0.203,0.001,-0.147,0.726,0.073,-14.21,11.51,2,17.96,1,0.809,-11.15,49.88,0.0,0,5,0.2222,0.1803,0.2277,0.1803
160.626,1,0.88,4.49,4.75,5,69.6,20.56,0.2807,-0.2446,0.218,0.0,-0.151,0.734,0.07,-14.67,11.51,2,17.96,1,0.807,-13.57,50.91,0.0,0,5,0.2468,0.1919,0.2449,0.1883
160.659,1,0.871,3.99,5.02,5,68.9,20.44,0.2947,-0.2251,0.227,-0.001,-0.258,0.739,0.069,-14.9,11.51,2,17.96,1,0.825,-15.03,54.03,0.0,0,5,0.259,0.1984,0.2535,0.1965
160.725,1,0.874,3.74,3.89,5,68.9,20.46,0.3157,-0.2388,0.267,-0.003,-0.128,0.76,0.063,-15.64,11.51,2,17.96,1,0.811,-18.9,54.05,0.0,0,5,0.3004,0.2337,0.2949,0.2392
160.759,1,0.874,3.49,3.73,5,69.2,20.56,0.3298,-0.1949,0.274,-0.002,-0.107,0.766,0.062,-15.81,11.51,2,17.96,1,0.819,-20.36,56.16,0.0,0,5,0.3079,0.2411,0.3023,0.243
160.86,1,0.785,3.49,9.6,5,69.8,20.57,0.3645,-0.197,0.319,-0.0,-0.132,0.796,0.053,-16.62,11.51,2,23.53,1,0.861,-5.82,49.8,0.0,0,5,0.3412,0.293,0.3431,0.2967
160.926,1,0.343,3.24,0.0,2,67.3,21.83,0.3282,-0.4303,0.348,0.003,-0.147,0.823,0.045,-17.19,11.51,2,23.53,1,0.818,7.76,47.65,0.0,0,5,0.3626,0.3219,0.3682,0.3145
160.96,1,0.239,6.49,0.0,2,68.6,27.19,0.3043,-0.1913,0.353,0.002,-0.136,0.83,0.043,-17.36,11.51,2,23.53,1,0.771,12.6,47.91,0.0,0,5,0.3793,0.333,0.3774,0.3219
160.995,1,0.348,13.98,30.47,4,71.3,25.96,0.2924,-0.0724,0.361,0.005,-0.271,0.844,0.038,-17.93,11.51,2,30.45,1,0.666,16.96,43.72,0.0,0,4,0.3932,0.3357,0.3969,0.319
161.025,1,0.371,21.96,23.76,4,71.3,21.87,0.2673,-0.1992,0.36,0.005,-0.289,0.855,0.035,-18.51,11.51,2,30.45,1,0.764,21.81,39.63,0.0,0,5,0.3973,0.3254,0.4045,0.311
161.06,1,0.278,28.45,13.86,4,69.6,17.72,0.2439,-0.4334,0.357,0.007,-0.297,0.862,0.033,-18.85,11.51,2,30.45,1,0.695,27.14,38.1,0.0,0,5,0.3932,0.3196,0.4094,0.307
161.124,1,0.057,37.23,0.0,2,55.6,16.27,0.2082,-0.7103,0.338,0.015,-0.272,0.888,0.025,-19.88,11.51,2,30.45,1,0.748,35.87,31.35,0.0,0,5,0.3608,0.3034,0.4015,0.2849
161.158,1,0.036,37.66,0.0,1,59.7,18.1,0.1837,-0.7103,0.332,0.015,-0.314,0.894,0.023,-20.28,11.51,2,30.45,1,0.716,39.74,27.64,0.0,0,5,0.3556,0.2982,0.3964,0.2797
161.226,1,0.04,38.24,0.0,1,73.9,16.93,0.1483,-0.7103,0.311,0.015,-0.328,0.918,0.016,-21.49,11.49,2,36.93,1,0.681,44.59,11.74,0.0,0,5,0.3412,0.2819,0.3709,0.2504
161.26,1,0.035,37.95,0.0,1,63.2,17.52,0.1233,-0.7103,0.305,0.017,-0.296,0.923,0.014,-21.83,11.49,2,36.93,1,0.653,48.47,11.48,0.0,0,5,0.3357,0.2763,0.3672,0.2411
161.324,1,0.061,37.78,0.0,2,65.1,16.59,0.0884,-0.5357,0.279,0.019,-0.235,0.944,0.007,-23.09,11.49,2,36.93,1,0.567,57.68,5.51,0.0,0,4,0.3153,0.2522,0.3524,0.2226
161.36,1,0.066,37.23,0.0,2,66.1,17.44,0.0646,-0.5839,0.271,0.019,-0.389,0.949,0.005,-23.55,11.49,2,36.93,1,0.567,61.07,7.2,0.0,0,4,0.3004,0.2374,0.3431,0.2021
161.424,1,0.076,36.67,0.0,2,72.9,18.58,0.0272,-0.6,0.208,0.012,-0.761,0.964,-0.001,-26.07,11.49,2,31.93,1,0.519,68.34,10.49,0.0,0,4,0.2849,0.124,0.3164,0.1073
161.459,1,0.071,37.23,0.0,2,81.4,16.57,0.0045,-0.6,0.186,0.01,-0.92,0.966,-0.002,-27.16,11.49,2,31.93,1,0.473,63.01,5.33,0.0,0,4,0.2868,0.0796,0.3127,0.0666
161.525,1,0.041,34.45,0.0,1,80.4,24.52,0.0,-0.6,0.122,0.002,-1.04,0.975,-0.006,-31.63,11.49,2,31.93,1,0.606,56.22,-6.71,0.0,0,5,0.2883,-0.0443,0.2938,-0.048
161.558,1,0.04,34.16,0.0,1,77.4,25.11,0.0,-0.6,0.111,0.0,-1.061,0.976,-0.007,-32.95,11.49,2,31.93,1,0.579,50.89,-14.99,0.0,0,5,0.2822,-0.0623,0.284,-0.0605
161.627,1,0.038,33.86,0.0,1,76.9,25.69,0.0,-0.6,0.071,-0.005,-0.881,0.98,-0.011,-37.36,11.49,2,31.93,1,0.594,37.81,-30.57,0.0,0,5,0.2477,-0.0965,0.2295,-0.0947
161.655,1,0.052,34.73,0.0,2,58.0,21.22,0.0,-0.6,0.066,-0.005,-0.863,0.981,-0.012,-38.39,11.49,2,31.93,1,0.594,37.81,-30.57,0.0,0,5,0.2388,-0.0973,0.2204,-0.0973
161.724,1,0.068,32.5,-5.6,3,33.9,20.81,0.0,-0.6,0.044,0.001,-0.73,0.984,-0.014,-42.0,11.49,2,31.93,1,0.642,21.33,-46.47,0.0,0,5,0.1871,-0.0871,0.1778,-0.1
161.758,1,0.07,32.41,0.0,2,57.2,21.15,0.0,-0.6,0.039,0.002,-0.681,0.984,-0.014,-42.74,11.49,2,31.93,1,0.647,16.48,-49.94,0.0,0,5,0.1721,-0.0851,0.1665,-0.0981
161.824,0,0.0,0.0,0.0,0,66.8,0.0,0.0,-0.6,0.025,0.002,-0.706,0.986,-0.015,-46.01,11.49,2,31.93,1,0.659,6.79,-55.15,0.0,0,5,0.1393,-0.0971,0.1502,-0.0934
161.856,0,0.0,0.0,0.0,0,70.5,0.0,0.0,-0.6,0.019,0.002,-0.669,0.986,-0.015,-46.81,11.49,2,31.93,1,0.583,1.45,-57.11,0.0,0,4,0.1321,-0.1027,0.1449,-0.0991
161.926,1,0.156,31.94,8.78,4,71.4,16.42,0.0,-0.6,-0.002,-0.001,-0.547,0.985,-0.015,-49.39,11.49,2,31.93,1,0.596,-7.76,-60.58,0.0,0,4,0.1,-0.1056,0.0982,-0.1019
161.959,1,0.443,30.7,4.01,5,85.6,20.04,0.0,-0.6,-0.008,-0.006,-0.443,0.985,-0.015,-49.9,11.49,2,31.93,1,0.6,-12.6,-62.1,0.0,0,4,0.0963,-0.1074,0.0797,-0.1
162.025,1,0.681,27.2,2.06,5,86.1,21.11,0.0211,-0.1278,-0.021,-0.008,-0.357,0.984,-0.014,-51.57,11.49,2,31.93,1,0.574,-19.87,-64.27,0.0,0,4,0.0686,-0.0993,0.0415,-0.0939
162.059,1,0.729,25.7,1.1,5,85.5,21.67,0.0352,-0.2131,-0.021,-0.004,-0.373,0.983,-0.014,-52.02,11.49,2,31.93,1,0.56,-22.78,-64.94,0.0,0,4,0.0596,-0.0921,0.0415,-0.0939
162.16,1,0.737,22.71,-0.25,5,83.7,20.57,0.0701,-0.2503,-0.025,-0.003,-0.095,0.982,-0.012,-53.29,11.49,2,31.93,1,0.51,-29.08,-68.18,0.0,0,5,0.0037,-0.0667,0.0111,-0.0482
162.26,1,0.752,23.21,-2.74,5,83.4,21.11,0.1052,-0.1957,0.009,0.001,0.05,0.982,-0.012,-53.17,11.47,2,28.93,1,0.568,-17.93,-63.15,0.0,0,4,0.0056,0.0204,0.0,0.0111
162.326,1,0.748,23.21,-1.98,5,84.2,21.11,0.1261,-0.1529,0.024,-0.004,0.076,0.983,-0.014,-52.94,11.47,2,28.93,1,0.578,-6.79,-57.05,0.0,0,4,0.0223,0.0334,0.0074,0.0334
162.359,1,0.741,23.21,-1.98,5,84.5,21.11,0.14,-0.1648,0.029,-0.006,0.08,0.984,-0.015,-52.88,11.47,2,28.93,1,0.579,-5.33,-54.26,0.0,0,4,0.026,0.0352,0.0111,0.0445
162.392,1,0.744,23.71,-2.06,5,85.3,21.1,0.1471,-0.1629,0.047,-0.005,0.06,0.985,-0.017,-52.65,11.47,2,16.93,1,0.638,-0.97,-53.56,0.0,0,4,0.0371,0.0556,0.0297,0.0668
162.423,1,0.738,23.96,-1.28,5,86.7,21.11,0.1611,-0.1637,0.065,-0.006,0.056,0.987,-0.02,-52.48,11.47,2,16.93,1,0.602,6.79,-46.19,0.0,0,4,0.0552,0.07,0.0479,0.0884
162.46,1,0.737,24.21,-0.81,5,88.2,21.1,0.175,-0.1834,0.077,-0.005,0.063,0.988,-0.022,-52.43,11.47,2,16.93,1,0.628,10.66,-40.31,0.0,0,4,0.0681,0.0847,0.0589,0.0957
162.524,1,0.743,24.71,-0.11,5,92.1,21.11,0.1961,-0.1957,0.113,-0.004,-0.052,0.993,-0.029,-52.37,11.47,2,16.93,1,0.614,17.93,-28.11,0.0,0,4,0.1118,0.1173,0.1008,0.1209
162.56,1,0.75,24.71,0.44,5,93.0,21.02,0.21,-0.2212,0.12,-0.003,-0.006,0.995,-0.031,-52.43,11.47,2,16.93,1,0.652,22.3,-23.95,0.0,0,5,0.1228,0.1228,0.1118,0.1246
162.625,1,0.719,25.21,0.26,5,93.7,21.02,0.2117,-0.2368,0.163,-0.001,-0.02,1.003,-0.042,-52.48,11.48,2,4.93,1,0.6,29.08,-7.39,0.0,0,4,0.1645,0.1552,0.1682,0.1626
162.658,1,0.718,25.21,-0.83,5,94.2,21.11,0.1876,-0.2363,0.171,-0.001,-0.033,1.006,-0.045,-52.48,11.48,2,4.93,1,0.614,33.44,-4.93,0.0,0,5,0.1741,0.1631,0.1759,0.1704
162.724,1,0.744,24.71,-0.03,5,94.7,21.02,0.2086,-0.2029,0.184,-0.005,-0.066,1.014,-0.057,-52.88,11.48,2,4.93,1,0.692,34.9,6.78,0.0,0,5,0.2023,0.1729,0.1857,0.1765
162.792,1,0.749,24.96,-0.78,5,93.5,20.57,0.2296,-0.2208,0.187,-0.003,-0.014,1.021,-0.066,-53.0,11.48,2,2.15,1,0.672,34.9,5.82,0.0,0,5,0.1993,0.1716,0.1975,0.1809
162.824,1,0.736,25.21,-1.71,5,94.0,20.56,0.2436,-0.1985,0.196,0.002,-0.197,1.026,-0.073,-53.23,11.48,2,2.15,1,0.68,35.87,5.83,0.0,0,5,0.203,0.1882,0.2086,0.1846
162.858,1,0.748,24.71,-1.22,5,93.2,21.11,0.2575,-0.1676,0.201,0.0,-0.099,1.029,-0.076,-53.4,11.48,2,2.15,1,0.68,34.9,5.28,0.0,0,5,0.2107,0.1903,0.2125,0.1903
162.889,1,0.744,24.96,-1.27,5,93.6,20.57,0.2643,-0.1775,0.215,0.001,-0.1,1.034,-0.084,-53.57,11.48,2,2.15,1,0.68,34.9,2.47,0.0,0,5,0.23,0.204,0.2281,0.1966
162.924,1,0.765,24.71,-0.01,5,92.9,21.11,0.2513,-0.1808,0.221,0.0,-0.041,1.037,-0.087,-53.63,11.48,2,2.15,1,0.683,33.44,3.24,0.0,0,5,0.2374,0.2077,0.2355,0.204
163.058,1,0.748,22.96,-1.3,5,90.9,21.11,0.2643,-0.2217,0.256,-0.005,-0.099,1.056,-0.115,-54.32,11.48,2,4.55,1,0.661,26.66,-7.74,0.0,0,5,0.279,0.234,0.2682,0.2448
163.123,1,0.756,21.71,-0.79,5,89.5,21.11,0.2767,-0.1545,0.269,-0.003,-0.143,1.069,-0.133,-54.89,11.48,2,4.55,1,0.683,25.69,-12.19,0.0,0,5,0.2916,0.2455,0.2824,0.251
163.158,1,0.763,21.21,-1.08,5,88.7,20.81,0.281,-0.1597,0.271,-0.003,-0.16,1.072,-0.137,-55.06,11.48,2,4.55,1,0.685,24.23,-13.81,0.0,0,5,0.2964,0.2482,0.2871,0.2519
163.225,1,0.751,20.21,-0.88,5,88.2,20.56,0.2892,-0.1455,0.281,-0.007,-0.102,1.084,-0.156,-55.46,11.47,2,5.56,1,0.696,22.78,-15.36,0.0,0,5,0.3019,0.2612,0.2871,0.2741
163.323,1,0.733,18.97,-0.83,5,88.7,20.57,0.2876,-0.1458,0.294,-0.005,-0.053,1.101,-0.181,-55.81,11.47,2,5.56,1,0.703,21.33,-17.04,0.0,0,5,0.31,0.2825,0.2953,0.2862
163.423,1,0.726,16.97,-1.09,5,88.8,21.11,0.2655,-0.1383,0.298,-0.005,-0.182,1.114,-0.202,-56.32,11.47,2,4.79,1,0.7,18.42,-18.92,0.0,0,5,0.319,0.2828,0.3027,0.2882
163.46,1,0.759,16.97,-0.9,5,89.0,20.56,0.2415,-0.1089,0.295,-0.004,-0.008,1.12,-0.212,-56.38,11.47,2,4.79,1,0.686,19.87,-19.73,0.0,0,5,0.3136,0.2717,0.31,0.2845
163.524,1,0.757,14.97,-0.62,5,87.5,20.57,0.2537,-0.1178,0.285,-0.006,-0.004,1.132,-0.231,-57.01,11.47,2,4.79,1,0.694,16.48,-20.26,0.0,0,5,0.3042,0.2581,0.2986,0.2783
163.561,1,0.768,14.72,-1.5,5,87.1,21.11,0.231,-0.1067,0.282,-0.006,0.015,1.135,-0.236,-57.01,11.47,2,4.79,1,0.729,16.96,-20.58,0.0,0,5,0.303,0.2568,0.2938,0.2735
163.591,1,0.767,13.73,-0.62,5,86.3,21.11,0.231,-0.0765,0.277,-0.006,-0.17,1.141,-0.245,-57.24,11.47,2,2.58,1,0.728,16.48,-20.27,0.0,0,5,0.2982,0.2538,0.2871,0.2686
163.626,1,0.767,12.73,-0.75,5,86.4,21.11,0.2342,-0.0959,0.27,-0.005,-0.059,1.147,-0.254,-57.47,11.47,2,2.58,1,0.709,17.93,-16.18,0.0,0,5,0.2908,0.2519,0.2797,0.2593
163.657,1,0.756,12.23,-0.45,5,86.3,21.11,0.2481,-0.0814,0.268,-0.004,-0.032,1.149,-0.258,-57.52,11.47,2,2.58,1,0.716,18.9,-15.97,0.0,0,5,0.2834,0.2519,0.276,0.2593
163.69,1,0.764,11.23,-1.05,5,85.8,20.57,0.2552,-0.0866,0.259,-0.003,-0.13,1.155,-0.267,-57.75,11.47,2,2.58,1,0.691,19.87,-18.57,0.0,0,5,0.2726,0.243,0.2689,0.2504
163.822,1,0.741,9.48,-1.56,5,84.1,21.11,0.2746,-0.06,0.248,-0.002,-0.045,1.173,-0.297,-58.21,11.47,2,0.12,1,0.311,17.43,-12.23,0.0,0,4,0.2556,0.2408,0.2501,0.2445
163.858,1,0.747,8.73,-1.24,5,83.3,21.11,0.2589,-0.0235,0.249,-0.003,-0.016,1.176,-0.301,-58.21,11.47,2,0.12,1,0.314,16.23,-11.42,0.0,0,4,0.2556,0.2427,0.2501,0.2482
163.924,1,0.748,7.74,-1.69,5,83.2,21.11,0.259,-0.0299,0.259,-0.002,-0.082,1.187,-0.319,-58.38,11.47,2,0.12,1,0.304,18.03,-14.41,0.0,0,4,0.2634,0.2559,0.2578,0.2596
163.957,1,0.747,7.24,-2.2,5,82.9,20.81,0.2352,-0.0078,0.26,-0.003,0.048,1.189,-0.323,-58.33,11.47,2,0.12,1,0.314,18.03,-6.69,-3.165,1,4,0.2652,0.2559,0.2578,0.2596
164.124,1,0.715,4.74,0.81,5,84.1,20.57,0.1391,-0.0159,0.243,0.003,-0.024,1.213,-0.361,-58.38,11.47,2,-0.91,1,0.327,15.02,-8.19,-5.567,1,4,0.2337,0.2448,0.2485,0.2467
164.224,1,0.708,3.74,1.46,5,83.7,20.56,0.1498,-0.0573,0.218,0.0,-0.032,1.224,-0.38,-58.44,11.47,2,-2.29,1,0.693,19.87,-9.94,-0.679,1,5,0.2226,0.2151,0.2207,0.2133
164.29,1,0.695,3.24,1.48,5,81.9,20.57,0.1325,-0.0599,0.204,0.001,-0.007,1.231,-0.39,-58.61,11.47,2,-2.29,1,0.333,12.62,-10.5,-5.569,1,4,0.213,0.2038,0.2075,0.1926
164.321,1,0.702,2.25,1.85,5,81.8,20.57,0.143,-0.0581,0.195,0.002,-0.059,1.235,-0.396,-58.73,11.47,2,-2.29,1,0.335,11.42,-8.35,-7.682,1,4,0.2056,0.2001,0.2056,0.1926
164.353,1,0.648,1.5,3.1,5,80.5,20.96,0.1326,-0.052,0.19,0.003,-0.048,1.237,-0.399,-58.79,11.47,2,-2.29,1,0.335,11.42,-8.35,-7.682,1,4,0.1889,0.1834,0.2019,0.1852
164.391,1,0.637,1.0,2.8,5,79.9,21.11,0.12,-0.0662,0.179,0.004,-0.107,1.24,-0.405,-59.01,11.47,2,-0.39,1,0.339,9.01,-10.67,-7.645,1,4,0.1799,0.1669,0.2003,0.1706
164.423,1,0.63,0.75,2.72,5,80.3,20.57,0.12,-0.0569,0.175,0.002,-0.06,1.244,-0.411,-59.24,11.47,2,-0.39,1,0.339,9.01,-10.67,-7.645,1,4,0.1836,0.1595,0.1947,0.1613
164.523,1,0.693,-1.5,-2.37,5,78.0,20.96,0.12,-0.0565,0.152,0.008,-0.054,1.253,-0.424,-59.64,11.47,2,-0.39,1,0.803,6.79,-12.79,-6.625,1,5,0.1558,0.1465,0.1743,0.1317
164.557,1,0.708,-1.75,-3.24,5,77.9,20.81,0.12,0.0665,0.147,0.006,-0.064,1.254,-0.426,-59.7,11.47,2,-0.39,1,0.781,6.79,-12.2,-4.372,1,5,0.1539,0.1409,0.1651,0.1261
164.59,1,0.653,-2.0,-4.15,4,79.1,20.56,0.12,0.0848,0.141,0.003,-0.084,1.257,-0.431,-59.82,11.46,2,-0.36,1,0.803,5.82,-13.84,-6.566,1,5,0.1534,0.133,0.1552,0.122
164.623,1,0.648,-2.75,-3.72,4,79.6,20.56,0.12,0.1026,0.137,0.005,-0.011,1.26,-0.435,-59.99,11.46,2,-0.36,1,0.805,4.85,-12.23,-7.837,1,5,0.1423,0.1312,0.1515,0.122
164.658,1,0.651,-2.99,-4.41,4,78.3,20.56,0.12,0.1013,0.133,0.006,-0.033,1.261,-0.437,-60.05,11.46,2,-0.36,1,0.776,6.3,-15.99,-7.097,1,5,0.133,0.1275,0.1515,0.1201
164.722,1,0.611,-3.74,-4.28,4,76.2,20.69,0.1339,0.1233,0.115,0.004,-0.039,1.266,-0.445,-60.22,11.46,2,-0.36,1,0.72,16.48,4.14,1.956,1,5,0.115,0.1113,0.1261,0.1076
164.824,1,0.659,-3.74,-4.6,4,77.4,20.95,0.1433,0.1316,0.11,0.002,0.054,1.272,-0.455,-59.99,11.46,2,-9.92,1,0.319,27.64,25.56,0.0,0,4,0.1057,0.1205,0.1039,0.1113
164.952,1,0.683,-2.25,-4.13,4,75.8,20.69,0.1852,0.1608,0.112,0.007,0.136,1.279,-0.466,-59.3,11.46,2,-9.92,1,0.765,24.23,25.93,0.0,0,5,0.0834,0.1371,0.1019,0.126
165.023,1,0.685,-1.75,-3.14,4,78.0,20.51,0.2133,0.1445,0.131,-0.004,0.087,1.284,-0.475,-58.79,11.46,2,-8.22,1,0.685,30.05,27.13,0.0,0,5,0.1148,0.1649,0.0889,0.1537
165.057,1,0.656,-1.25,-3.03,4,78.5,20.95,0.2272,0.1134,0.138,-0.006,0.272,1.286,-0.478,-58.5,11.46,2,-8.22,1,0.687,29.08,21.89,0.0,0,5,0.1223,0.1704,0.0945,0.1649
165.09,1,0.679,-0.75,-2.83,4,79.4,20.52,0.2343,0.1065,0.15,-0.004,0.245,1.289,-0.483,-57.98,11.46,2,-8.22,1,0.321,26.44,26.2,0.0,0,4,0.1261,0.1817,0.1113,0.1817
165.121,1,0.682,-0.25,-2.76,4,78.9,20.51,0.2483,0.0996,0.159,-0.005,0.18,1.291,-0.487,-57.81,11.46,2,-8.22,1,0.314,21.63,16.42,-1.652,1,4,0.1317,0.1855,0.1224,0.1966
165.189,1,0.717,0.75,-0.52,5,78.7,21.11,0.2693,0.0992,0.19,-0.003,0.143,1.299,-0.5,-57.18,11.49,2,-2.4,1,0.301,19.23,15.58,-3.747,1,4,0.1632,0.2188,0.1539,0.2226
165.225,1,0.723,0.75,-0.73,5,80.0,20.81,0.2455,0.0061,0.209,0.0,0.133,1.304,-0.507,-56.95,11.49,2,-2.4,1,0.707,20.84,3.12,3.838,1,5,0.1855,0.2355,0.1817,0.2318
165.252,1,0.73,1.25,-0.42,5,79.1,20.57,0.2336,0.0132,0.218,-0.001,0.153,1.306,-0.511,-56.78,11.49,2,-2.4,1,0.707,20.84,3.12,3.838,1,5,0.1947,0.2411,0.1929,0.243
165.321,1,0.742,1.25,-0.47,5,78.6,20.57,0.1854,-0.0022,0.236,-0.002,0.04,1.314,-0.523,-56.61,11.49,2,-2.4,1,0.665,17.45,1.26,6.253,1,5,0.2222,0.2498,0.2167,0.2535
165.422,1,0.644,0.75,-0.29,4,77.2,20.95,0.1255,-0.0027,0.212,0.002,-0.03,1.329,-0.545,-56.67,11.49,2,1.32,1,0.316,9.62,-3.06,-5.071,1,4,0.2078,0.2096,0.2188,0.2133
165.49,1,0.671,0.25,-0.57,4,77.9,21.1,0.1466,0.0006,0.201,-0.0,0.021,1.335,-0.555,-56.67,11.49,2,1.32,1,0.335,8.41,-9.28,-7.179,1,4,0.2059,0.1947,0.2059,0.1966
165.522,1,0.645,0.25,0.19,4,79.4,21.66,0.1229,0.0108,0.195,-0.001,-0.085,1.337,-0.559,-56.72,11.49,2,1.32,1,0.334,9.01,-8.64,-7.095,1,4,0.2003,0.1876,0.2003,0.1931
165.621,1,0.662,-0.75,-1.17,4,77.8,20.69,0.12,-0.0053,0.167,0.002,-0.073,1.346,-0.572,-57.01,11.48,2,0.9,1,0.361,7.81,-8.49,0.0,0,4,0.1657,0.173,0.1821,0.173
165.651,1,0.66,-0.75,-1.15,4,79.0,20.95,0.1268,0.0343,0.161,0.001,0.058,1.348,-0.575,-56.95,11.48,2,0.9,1,0.361,7.81,-8.49,0.0,0,4,0.1613,0.1576,0.1669,0.1576
165.72,1,0.645,-0.75,-0.97,4,80.0,20.95,0.1329,0.0325,0.147,0.004,-0.044,1.353,-0.582,-56.89,11.48,2,0.9,1,0.359,7.81,-8.55,-3.217,1,4,0.1484,0.1502,0.1502,0.1372
165.82,1,0.666,-0.75,-1.24,4,80.5,20.69,0.1679,0.032,0.127,0.0,-0.026,1.36,-0.593,-57.01,11.48,2,0.19,1,0.354,7.81,-8.58,-3.151,1,4,0.1261,0.1261,0.128,0.128
165.921,1,0.65,0.25,-0.62,4,79.8,20.95,0.2029,0.0434,0.119,0.0,0.038,1.366,-0.602,-56.55,11.48,2,0.19,1,0.742,62.04,-21.26,0.0,0,5,0.111,0.1332,0.1055,0.1258
166.021,1,0.579,1.0,-0.11,4,79.0,20.89,0.2102,0.0151,0.152,-0.003,0.079,1.376,-0.617,-56.04,11.48,2,-0.14,1,0.74,62.04,-15.15,7.214,1,5,0.128,0.1576,0.1261,0.1632
166.117,1,0.575,1.75,0.36,4,80.0,20.69,0.1503,-0.0079,0.176,-0.004,0.094,1.384,-0.629,-55.69,11.48,2,-0.14,1,0.354,12.62,-3.29,-7.67,1,4,0.1706,0.1873,0.1576,0.1892
166.159,1,0.582,1.75,0.4,4,79.8,20.69,0.1264,-0.0261,0.179,-0.0,-0.007,1.388,-0.635,-55.63,11.48,2,-0.14,1,0.369,13.22,0.31,-5.508,1,4,0.1632,0.1855,0.1706,0.1947
166.224,1,0.487,1.75,7.82,4,79.7,27.42,0.12,-0.025,0.163,-0.002,-0.098,1.395,-0.646,-55.63,11.51,2,1.28,1,0.786,16.96,-0.66,0.666,1,5,0.1595,0.1558,0.1651,0.1706
166.318,1,0.56,1.75,0.48,4,79.8,20.69,0.154,-0.2018,0.149,-0.0,0.049,1.402,-0.656,-55.63,11.51,2,1.28,1,0.361,12.62,-0.78,-1.663,1,4,0.1502,0.1428,0.1539,0.1484
166.387,1,0.521,1.25,0.31,3,77.9,20.57,0.12,-0.0252,0.129,0.0,-0.053,1.407,-0.664,-55.81,11.51,2,7.06,1,0.788,12.6,-8.9,-4.7,1,5,0.1409,0.1187,0.1409,0.1168
166.418,1,0.537,0.75,0.19,3,77.3,20.46,0.1339,-0.0166,0.127,-0.002,-0.109,1.409,-0.666,-55.92,11.51,2,7.06,1,0.845,6.79,-12.85,-0.393,1,5,0.1465,0.115,0.1335,0.1113
166.457,1,0.529,0.25,-0.65,3,76.9,20.46,0.141,-0.0081,0.122,-0.002,-0.12,1.411,-0.67,-56.26,11.51,2,7.06,1,0.379,-3.0,-25.93,0.0,0,4,0.1465,0.1131,0.128,0.102
166.517,1,0.527,0.25,-0.59,3,73.2,20.46,0.1618,0.0166,0.114,0.004,0.009,1.415,-0.676,-56.32,11.51,2,7.06,1,0.369,3.61,-22.78,0.0,0,4,0.1168,0.1076,0.128,0.1039
166.587,1,0.462,0.25,-0.28,3,71.8,20.46,0.1767,0.0145,0.116,0.0,0.015,1.42,-0.683,-56.21,11.54,2,-0.1,1,0.904,11.15,-4.15,0.651,1,5,0.1131,0.1187,0.115,0.1187
166.618,1,0.611,0.25,-0.7,4,71.6,20.45,0.1767,0.0058,0.12,-0.002,0.014,1.422,-0.686,-56.21,11.54,2,-0.1,1,0.904,11.15,-4.15,0.651,1,5,0.1205,0.1243,0.1113,0.1224
166.655,1,0.618,0.75,-0.23,4,71.7,20.52,0.1767,0.017,0.131,-0.005,0.129,1.425,-0.69,-56.04,11.54,2,-0.1,1,0.828,10.66,-5.55,-6.022,1,5,0.1391,0.1372,0.115,0.1335
166.716,1,0.621,1.25,-0.44,4,70.0,20.33,0.1667,-0.0018,0.144,0.0,0.01,1.43,-0.698,-55.98,11.54,2,-0.1,1,0.911,11.15,0.23,-2.897,1,5,0.1391,0.1539,0.1354,0.1484
166.787,1,0.649,1.0,-0.12,4,71.3,21.03,0.1767,-0.0012,0.144,0.003,-0.029,1.437,-0.707,-56.09,11.54,2,-0.69,1,0.899,14.06,6.45,-2.617,1,5,0.1328,0.1455,0.1492,0.1492
166.816,1,0.652,0.75,-0.48,4,71.1,20.33,0.1767,-0.0062,0.144,0.002,-0.031,1.438,-0.71,-56.15,11.54,2,-0.69,1,0.899,14.06,6.45,-2.617,1,5,0.1383,0.1455,0.1473,0.1455
166.888,1,0.621,0.75,-0.82,4,68.7,19.72,0.1767,0.0065,0.157,0.0,0.005,1.446,-0.72,-56.15,11.54,2,-0.69,1,0.881,13.09,4.89,-3.232,1,5,0.1576,0.1613,0.1539,0.1558
166.917,1,0.6,0.5,-0.59,4,67.8,20.01,0.1767,0.0152,0.159,0.002,-0.002,1.447,-0.723,-56.15,11.54,2,-0.69,1,0.881,13.09,4.89,-3.232,1,5,0.1539,0.1632,0.1576,0.1595
166.987,1,0.695,0.75,-0.58,4,76.2,20.12,0.1767,0.0119,0.159,-0.0,0.013,1.454,-0.733,-56.09,11.54,2,-1.61,1,0.895,13.57,4.45,-3.77,1,5,0.1593,0.1612,0.1574,0.1593
167.016,1,0.703,0.75,-0.48,4,76.3,20.33,0.1767,0.0084,0.158,0.001,0.017,1.457,-0.736,-56.04,11.54,2,-1.61,1,0.895,13.57,4.45,-3.77,1,5,0.1602,0.162,0.1566,0.1548
167.054,1,0.696,0.75,-0.48,4,73.3,20.33,0.1767,0.0057,0.16,0.002,0.029,1.46,-0.742,-56.04,11.54,2,-1.61,1,0.883,13.57,4.91,-4.702,1,5,0.1584,0.1674,0.1566,0.1584
167.089,1,0.712,0.75,-0.39,4,75.2,20.12,0.1767,0.0058,0.163,0.003,0.012,1.464,-0.747,-56.04,11.54,2,-1.61,1,0.875,14.06,5.9,-4.07,1,5,0.1568,0.1676,0.164,0.164
167.115,1,0.706,0.25,-0.31,4,76.7,20.24,0.1767,0.0035,0.166,0.001,-0.014,1.466,-0.75,-56.04,11.54,2,-1.61,1,0.875,14.06,5.9,-4.07,1,5,0.1595,0.1688,0.1669,0.1706
167.217,1,0.704,0.75,-0.77,4,74.1,20.24,0.1767,0.0066,0.167,-0.002,0.023,1.475,-0.764,-55.98,11.52,2,-1.92,1,0.852,14.06,4.79,-2.898,1,5,0.1669,0.1688,0.1613,0.1706
167.256,1,0.663,0.5,-0.44,4,75.4,19.91,0.1767,0.0128,0.169,-0.001,-0.0,1.479,-0.77,-55.98,11.52,2,-1.92,1,0.844,14.06,6.58,-2.577,1,5,0.1651,0.1706,0.1651,0.1762
167.288,1,0.639,0.5,-0.77,4,74.9,20.2,0.1767,0.0072,0.169,-0.001,-0.014,1.483,-0.775,-55.98,11.52,2,-1.92,1,0.841,14.06,5.14,-2.189,1,5,0.163,0.1686,0.1667,0.1778
167.316,1,0.549,0.75,-0.7,3,75.1,19.85,0.1767,0.0161,0.169,-0.001,0.02,1.484,-0.778,-55.98,11.52,2,-1.92,1,0.841,14.06,5.14,-2.189,1,5,0.1667,0.1704,0.1649,0.1741
167.419,1,0.655,0.75,-0.78,4,73.5,20.16,0.1767,0.0114,0.17,-0.002,-0.012,1.494,-0.792,-55.86,11.52,2,-2.25,1,0.825,14.06,7.19,-2.92,1,5,0.1667,0.1704,0.1649,0.1778
167.517,1,0.635,1.25,-0.61,4,75.7,20.16,0.1531,0.0116,0.172,0.003,0.011,1.504,-0.806,-55.81,11.52,2,-2.25,1,0.8,15.03,9.37,5.764,1,5,0.1725,0.1817,0.1688,0.1669
167.587,1,0.65,1.25,-0.61,4,73.7,20.16,0.1552,0.0023,0.171,-0.003,-0.02,1.511,-0.818,-55.81,11.53,2,-1.04,1,0.763,15.03,16.62,0.0,0,5,0.1667,0.1667,0.1686,0.1815
167.617,1,0.629,1.25,-0.57,4,74.4,20.16,0.169,0.0036,0.168,-0.005,0.058,1.513,-0.821,-55.75,11.53,2,-1.04,1,0.763,15.03,16.62,0.0,0,5,0.1649,0.1593,0.1667,0.1815
167.687,1,0.691,1.5,0.3,4,76.1,19.91,0.1767,0.0035,0.162,-0.001,-0.011,1.52,-0.831,-55.75,11.53,2,-1.04,1,0.754,15.51,22.58,0.0,0,5,0.1632,0.1651,0.1558,0.1632
167.754,1,0.658,1.5,-0.1,4,76.9,19.91,0.1767,-0.0221,0.17,-0.001,0.022,1.526,-0.84,-55.69,11.53,2,-1.04,1,0.747,14.54,27.42,0.0,0,5,0.1669,0.1706,0.1669,0.1762
167.785,1,0.549,1.5,0.37,3,77.4,19.85,0.1616,-0.0115,0.17,-0.002,0.013,1.53,-0.846,-55.69,11.53,2,3.16,1,0.762,11.63,26.63,0.0,0,5,0.1669,0.1669,0.1706,0.1762
167.815,1,0.606,1.75,-0.34,4,76.5,20.16,0.1616,-0.0231,0.169,-0.003,-0.039,1.531,-0.848,-55.69,11.53,2,3.16,1,0.762,11.63,26.63,0.0,0,5,0.1743,0.1669,0.1651,0.1706
167.854,1,0.636,2.0,-0.96,4,78.0,19.91,0.1497,-0.0089,0.17,-0.003,-0.022,1.535,-0.854,-55.81,11.53,2,3.16,1,0.748,6.79,24.33,0.0,0,5,0.1743,0.1706,0.1632,0.1706
167.887,1,0.546,2.0,-0.22,3,78.1,19.85,0.1616,0.0043,0.17,-0.002,-0.009,1.539,-0.86,-55.81,11.53,2,3.16,1,0.747,6.3,27.35,0.0,0,5,0.1704,0.1686,0.1686,0.1741
167.922,1,0.554,2.0,-0.22,3,76.9,19.85,0.1616,-0.0135,0.169,0.001,0.011,1.543,-0.865,-55.81,11.53,2,3.16,1,0.723,4.85,29.62,0.0,0,5,0.1667,0.1649,0.176,0.1686
167.954,1,0.545,2.0,-0.22,3,78.7,19.85,0.1497,-0.0136,0.164,0.001,-0.013,1.545,-0.868,-55.81,11.53,2,3.16,1,0.732,4.36,32.45,0.0,0,5,0.1667,0.1593,0.1723,0.1593
167.986,1,0.549,2.0,-0.22,3,77.4,19.85,0.1255,-0.0141,0.16,0.0,-0.058,1.548,-0.873,-55.92,11.53,2,6.96,1,0.73,4.36,35.65,0.0,0,5,0.1686,0.1612,0.1593,0.1519
168.016,1,0.544,1.75,0.08,3,76.5,19.85,0.12,-0.0141,0.158,0.0,-0.036,1.55,-0.876,-55.98,11.53,2,6.96,1,0.73,4.36,35.65,0.0,0,5,0.1686,0.1593,0.1574,0.1482
168.085,1,0.541,1.0,-0.01,3,76.9,19.97,0.12,-0.0168,0.15,-0.0,-0.067,1.556,-0.886,-56.21,11.53,2,6.96,1,0.736,-2.42,40.98,0.0,0,5,0.15,0.1371,0.163,0.15
168.119,1,0.536,0.5,-0.14,3,76.8,19.97,0.12,-0.0064,0.145,-0.001,-0.032,1.558,-0.888,-56.26,11.53,2,6.96,1,0.75,-4.36,41.35,0.0,0,5,0.1482,0.1297,0.1574,0.1445
168.187,1,0.543,0.5,-0.59,3,75.3,19.85,0.12,0.0005,0.128,-0.002,-0.108,1.563,-0.896,-56.55,11.51,2,11.82,1,0.771,-9.21,43.86,0.0,0,5,0.1484,0.1187,0.1335,0.1131
168.22,1,0.674,0.25,-0.59,4,76.9,20.33,0.12,0.0083,0.127,-0.0,-0.029,1.565,-0.898,-56.61,11.51,2,11.82,1,0.785,-11.63,43.04,0.0,0,5,0.1409,0.1187,0.1335,0.1131
168.286,1,0.547,-0.25,-0.78,3,75.3,20.44,0.12,0.0104,0.119,0.011,-0.062,1.571,-0.906,-56.95,11.51,2,11.82,1,0.785,-15.51,42.74,0.0,0,5,0.1068,0.116,0.1436,0.1105
168.32,1,0.645,-0.25,-1.27,4,75.7,20.45,0.12,0.0193,0.119,0.012,-0.065,1.572,-0.908,-57.01,11.51,2,11.82,1,0.802,-20.36,44.42,0.0,0,5,0.1086,0.1178,0.1436,0.1049
168.355,1,0.541,-0.25,-1.3,3,76.7,20.44,0.12,0.0284,0.117,0.007,0.009,1.575,-0.912,-57.12,11.51,2,11.82,1,0.797,-22.3,43.27,0.0,0,5,0.1197,0.1141,0.1344,0.1013
168.386,1,0.541,-0.25,-1.3,3,77.3,20.44,0.12,0.0283,0.116,0.005,-0.016,1.578,-0.915,-57.12,11.51,2,16.49,1,0.805,-21.81,43.46,0.0,0,5,0.125,0.1122,0.1287,0.0975
168.418,1,0.542,-0.25,-1.49,3,76.6,20.44,0.12,0.028,0.117,0.003,-0.047,1.579,-0.918,-57.18,11.51,2,16.49,1,0.817,-24.23,42.9,0.0,0,5,0.125,0.114,0.1269,0.103
168.454,1,0.532,-0.75,-1.16,3,76.2,20.46,0.12,0.0314,0.117,0.004,-0.055,1.582,-0.922,-57.3,11.51,2,16.49,1,0.824,-24.23,39.81,0.0,0,5,0.1166,0.1147,0.1275,0.1111
168.484,1,0.488,-0.75,-3.93,3,76.8,21.02,0.12,0.0307,0.119,0.005,-0.027,1.585,-0.925,-57.35,11.51,2,16.49,1,0.834,-26.17,39.55,0.0,0,5,0.1166,0.1202,0.1311,0.1129
168.523,1,0.478,-0.75,-4.41,3,77.8,21.02,0.12,0.0831,0.118,0.005,-0.013,1.587,-0.929,-57.35,11.51,2,16.49,1,0.835,-26.17,38.58,0.0,0,5,0.1149,0.1203,0.1257,0.1113
168.554,1,0.488,-0.75,-4.12,3,78.4,21.02,0.12,0.0919,0.115,0.004,-0.046,1.588,-0.93,-57.41,11.51,2,16.49,1,0.825,-25.2,39.47,0.0,0,5,0.1148,0.1202,0.1184,0.1076
168.585,1,0.506,-0.75,-3.53,3,78.6,21.02,0.12,0.0861,0.115,0.001,0.076,1.59,-0.934,-57.35,11.48,2,18.31,1,0.81,-24.23,40.13,0.0,0,5,0.1167,0.1203,0.1113,0.1113
168.621,1,0.469,-0.25,-2.96,3,79.2,23.87,0.12,0.0746,0.115,0.002,0.06,1.593,-0.938,-57.18,11.48,2,18.31,1,0.798,-21.81,39.01,0.0,0,5,0.1161,0.1217,0.1106,0.1106
168.687,1,0.539,0.5,-0.87,4,81.5,26.58,0.12,0.058,0.121,0.006,0.048,1.597,-0.944,-57.07,11.48,2,18.31,1,0.824,-18.9,39.04,0.0,0,5,0.1034,0.131,0.1237,0.1255
168.714,1,0.564,0.5,0.53,4,82.1,26.0,0.12,0.0088,0.122,0.007,0.033,1.599,-0.946,-57.07,11.48,2,18.31,1,0.824,-18.9,39.04,0.0,0,5,0.1034,0.1329,0.1255,0.1273
168.753,1,0.572,1.0,1.33,4,82.9,24.1,0.12,-0.0167,0.12,0.007,0.016,1.602,-0.95,-57.01,11.48,2,18.31,1,0.833,-15.03,35.34,0.0,0,5,0.102,0.1298,0.1243,0.1224
168.784,1,0.514,1.0,2.88,4,83.4,27.03,0.12,-0.0372,0.116,0.003,-0.014,1.604,-0.954,-57.07,11.48,2,24.46,1,0.817,-16.48,35.73,0.0,0,5,0.1113,0.1243,0.115,0.115
168.82,1,0.511,1.0,4.8,4,83.3,26.06,0.12,-0.0658,0.115,-0.0,0.006,1.605,-0.956,-57.07,11.48,2,24.46,1,0.816,-14.54,22.86,0.0,0,5,0.1168,0.1205,0.1094,0.1131
168.885,1,0.47,0.25,10.82,4,83.4,29.45,0.12,-0.1017,0.117,-0.002,0.04,1.609,-0.962,-57.01,11.48,2,24.46,1,0.838,-15.51,14.34,0.0,0,5,0.1224,0.1187,0.1113,0.115
168.954,1,0.314,-3.74,18.76,3,84.0,33.05,0.12,-0.208,0.118,0.0,-0.048,1.614,-0.97,-57.18,11.48,2,24.46,1,0.855,-17.45,2.49,0.0,0,5,0.1168,0.1113,0.1261,0.1187
168.984,1,0.415,-2.99,23.51,4,84.6,31.14,0.12,-0.3132,0.116,-0.002,-0.125,1.617,-0.974,-57.35,11.48,2,32.4,1,0.842,-17.93,0.73,0.0,0,5,0.1224,0.1039,0.1243,0.1131
169.019,1,0.571,-2.99,25.25,5,85.2,31.53,0.12,-0.4172,0.114,-0.003,-0.134,1.618,-0.975,-57.52,11.48,2,32.4,1,0.842,-20.36,-4.95,0.0,0,5,0.1261,0.1001,0.1224,0.1076
169.055,1,0.581,-2.25,26.01,5,85.6,31.53,0.12,-0.4516,0.115,-0.006,-0.126,1.62,-0.98,-57.81,11.48,2,32.4,1,0.875,-21.33,-13.11,6.284,1,5,0.1409,0.0927,0.1261,0.1001
169.084,1,0.556,-1.25,26.07,5,85.8,34.45,0.12,-0.477,0.117,-0.006,-0.155,1.621,-0.982,-58.04,11.48,2,32.4,1,0.869,-23.75,-18.74,0.0,0,5,0.1465,0.0872,0.1354,0.1001
169.12,1,0.597,-1.5,27.97,5,85.0,26.95,0.12,-0.4902,0.126,-0.004,-0.214,1.624,-0.986,-58.44,11.48,2,32.4,1,0.857,-27.63,-26.63,0.0,0,5,0.1651,0.0853,0.1576,0.0946
169.152,1,0.627,-1.75,28.62,5,85.0,29.45,0.12,-0.5227,0.128,-0.002,-0.249,1.625,-0.989,-58.73,11.48,2,32.4,1,0.893,-30.54,-33.98,0.0,0,5,0.1686,0.0871,0.1649,0.0908
169.184,1,0.62,-2.5,29.29,5,84.2,31.94,0.12,-0.5318,0.132,-0.001,-0.359,1.628,-0.993,-59.53,11.48,2,41.55,1,0.889,-34.9,-41.06,0.0,0,5,0.1813,0.0907,0.1702,0.0851
169.285,1,0.694,-0.75,27.44,5,82.8,29.45,0.12,-0.5368,0.133,-0.004,-0.431,1.635,-1.008,-61.94,11.48,2,41.55,1,0.927,-38.78,-48.73,0.0,0,5,0.1982,0.063,0.1963,0.0759
169.321,1,0.717,-2.75,26.51,5,82.8,23.2,0.12,-0.5223,0.133,-0.006,-0.462,1.636,-1.01,-62.51,11.48,2,41.55,1,0.924,-39.74,-49.96,0.0,0,5,0.2001,0.0574,0.1982,0.0778
169.354,1,0.71,-3.24,25.74,5,82.0,23.2,0.12,-0.4787,0.132,-0.011,-0.398,1.638,-1.015,-63.43,11.48,2,41.55,1,0.919,-39.74,-51.16,0.0,0,5,0.213,0.0482,0.1945,0.0722
169.384,1,0.723,1.5,21.1,5,82.4,22.19,0.12,-0.4591,0.133,-0.01,-0.445,1.641,-1.02,-64.46,11.48,2,33.75,1,0.909,-34.41,-49.26,0.0,0,5,0.217,0.0445,0.2021,0.0686
169.419,1,0.727,0.5,20.46,5,82.6,22.19,0.12,-0.4277,0.132,-0.006,-0.451,1.642,-1.022,-64.97,11.48,2,33.75,1,0.916,-29.57,-44.04,0.0,0,5,0.2151,0.0464,0.2059,0.0612
169.485,1,0.696,-1.0,18.86,5,81.9,22.19,0.12,-0.3991,0.128,-0.003,-0.376,1.646,-1.032,-66.98,11.48,2,33.75,1,0.947,-27.14,-37.5,0.0,0,5,0.2107,0.0573,0.194,0.0517
169.52,1,0.702,-1.5,17.83,5,81.4,22.19,0.12,-0.3497,0.127,-0.004,-0.323,1.647,-1.034,-67.38,11.48,2,33.75,1,0.909,-23.27,-35.92,0.0,0,5,0.2086,0.0591,0.1882,0.0535
169.588,1,0.697,-2.75,16.7,5,80.3,21.6,0.12,-0.3254,0.123,-0.005,-0.337,1.65,-1.043,-68.93,11.49,2,21.75,1,0.895,-17.93,-25.87,0.0,0,5,0.1802,0.057,0.1784,0.0754
169.618,1,0.694,-2.75,15.85,5,80.9,21.6,0.12,-0.2899,0.121,-0.006,-0.264,1.65,-1.046,-69.21,11.49,2,21.75,1,0.902,-16.96,-22.46,0.0,0,5,0.1749,0.0552,0.1731,0.0792
169.686,1,0.697,-2.75,15.1,5,79.3,21.6,0.12,-0.2759,0.118,-0.001,-0.279,1.654,-1.055,-70.47,11.49,2,21.75,1,0.823,-9.69,-15.26,-2.172,1,5,0.1692,0.0736,0.16,0.0699
169.72,1,0.71,-3.24,14.5,5,78.3,21.6,0.12,-0.2624,0.119,0.0,-0.201,1.655,-1.057,-70.7,11.49,2,21.75,1,0.802,-5.33,-1.79,1.907,1,5,0.1671,0.0771,0.1616,0.0716
169.785,1,0.685,-3.74,13.18,5,79.7,21.46,0.12,-0.2461,0.119,-0.005,-0.175,1.657,-1.066,-71.73,11.49,2,9.75,1,0.773,-0.48,4.58,2.688,1,5,0.1591,0.074,0.1554,0.0888
169.818,1,0.719,-3.24,12.31,5,80.4,21.46,0.12,-0.2158,0.118,-0.005,-0.149,1.658,-1.068,-71.96,11.49,2,9.75,1,0.716,6.3,16.35,7.778,1,5,0.1591,0.074,0.1536,0.087
169.886,1,0.765,-3.24,13.36,5,78.2,21.46,0.1409,-0.2419,0.116,-0.002,-0.117,1.661,-1.077,-72.65,11.49,2,9.75,1,0.806,11.15,29.68,0.0,0,5,0.1482,0.0834,0.15,0.0852
169.917,1,0.659,-3.49,12.12,5,79.8,20.96,0.1549,-0.2894,0.116,-0.002,-0.117,1.661,-1.077,-72.65,11.49,2,9.75,1,0.819,12.12,31.46,0.0,0,5,0.1463,0.0815,0.1463,0.0889
169.986,1,0.704,-2.99,10.99,5,81.9,20.96,0.12,-0.1997,0.13,-0.003,-0.192,1.664,-1.09,-73.74,11.49,2,8.32,1,0.825,11.63,30.22,0.0,0,5,0.1624,0.0941,0.1606,0.1034
170.018,1,0.772,-2.75,11.09,5,81.0,21.11,0.1276,-0.1961,0.13,-0.003,-0.192,1.664,-1.09,-73.74,11.49,2,8.32,1,0.815,10.66,30.07,0.0,0,5,0.1624,0.0941,0.1606,0.1034
170.086,1,0.717,-2.75,10.25,5,78.3,20.46,0.1485,-0.2317,0.14,0.005,-0.185,1.668,-1.102,-74.83,11.49,2,8.32,1,0.814,5.82,20.1,0.0,0,5,0.1712,0.1117,0.1784,0.0991
170.185,1,0.784,-2.25,10.0,5,77.6,20.56,0.12,-0.1716,0.134,0.0,-0.197,1.671,-1.115,-75.8,11.48,2,11.01,1,0.776,0.97,11.13,6.32,1,5,0.1649,0.1037,0.1649,0.1037
170.219,1,0.801,-2.5,9.88,5,77.5,20.44,0.1341,-0.1926,0.134,0.0,-0.197,1.671,-1.115,-75.8,11.48,2,11.01,1,0.82,-0.97,0.57,1.888,1,5,0.1649,0.1037,0.1649,0.1037
170.252,1,0.707,-2.25,9.3,5,78.1,20.46,0.1411,-0.1958,0.134,0.002,-0.156,1.673,-1.12,-76.2,11.48,2,11.01,1,0.834,-0.48,-1.61,-2.273,1,5,0.1519,0.1019,0.1704,0.1111
170.318,1,0.701,-1.75,8.12,5,77.6,21.02,0.12,-0.1583,0.128,0.003,-0.202,1.675,-1.128,-76.89,11.48,2,11.01,1,0.83,-4.36,-12.33,-4.772,1,5,0.1539,0.0983,0.1632,0.0946
170.385,1,0.697,-1.75,7.64,5,77.3,20.81,0.12,-0.1411,0.124,0.011,-0.182,1.679,-1.139,-77.81,11.48,2,12.66,1,0.844,-5.33,-13.25,0.0,0,5,0.1465,0.1039,0.1651,0.0797
170.454,1,0.682,-2.0,6.92,5,77.5,20.96,0.12,-0.1311,0.119,0.01,-0.216,1.68,-1.144,-78.32,11.48,2,12.66,1,0.842,-5.82,-17.28,0.0,0,5,0.1401,0.0959,0.1622,0.0793
170.485,1,0.679,-2.0,6.5,5,77.9,20.96,0.12,-0.1142,0.115,0.006,-0.225,1.681,-1.148,-78.84,11.48,2,12.66,1,0.824,-3.88,-18.13,0.0,0,5,0.1416,0.0919,0.1489,0.0772
170.518,1,0.683,-2.25,6.21,5,78.1,20.81,0.12,-0.1062,0.115,0.005,-0.205,1.681,-1.151,-79.07,11.48,2,12.66,1,0.828,-1.45,-11.63,0.0,0,5,0.1434,0.0919,0.1471,0.0772
170.582,1,0.691,-2.75,5.62,5,78.2,20.46,0.12,-0.0979,0.111,0.008,-0.15,1.684,-1.159,-79.81,11.5,2,7.17,1,0.831,-1.45,-10.66,0.0,0,5,0.1289,0.0865,0.1528,0.0773
170.652,1,0.699,-2.75,4.98,5,78.4,20.46,0.12,-0.0814,0.112,0.005,-0.125,1.686,-1.168,-80.56,11.5,2,7.17,1,0.828,2.91,-3.05,0.0,0,5,0.1372,0.0909,0.1428,0.076
170.684,1,0.68,-2.75,4.39,5,77.7,20.46,0.12,-0.0696,0.109,0.002,-0.139,1.686,-1.172,-80.84,11.5,2,7.17,1,0.83,2.42,-5.05,0.0,0,5,0.1372,0.0909,0.1317,0.0779
170.717,1,0.673,-3.24,4.84,5,77.3,20.46,0.12,-0.0586,0.109,0.002,-0.139,1.686,-1.172,-80.84,11.5,2,7.17,1,0.84,2.42,-4.99,0.0,0,5,0.1372,0.0909,0.1317,0.0779
170.784,1,0.702,-3.24,4.28,5,76.4,20.46,0.12,-0.062,0.113,0.001,-0.133,1.688,-1.181,-81.3,11.5,2,4.11,1,0.808,5.82,-3.03,0.0,0,5,0.1317,0.0927,0.1354,0.0909
170.818,1,0.719,-3.24,3.82,5,76.6,20.46,0.12,-0.0517,0.115,0.002,-0.147,1.688,-1.184,-81.47,11.5,2,4.11,1,0.808,5.82,-3.03,0.0,0,5,0.1317,0.0964,0.1372,0.0927
170.884,1,0.705,-3.74,3.36,5,77.2,20.46,0.12,-0.0433,0.115,0.004,-0.105,1.69,-1.195,-82.22,11.5,2,4.11,1,0.834,4.85,-4.34,0.0,0,5,0.1306,0.0956,0.1453,0.0901
170.918,1,0.71,-3.74,3.39,5,77.5,20.46,0.12,-0.0289,0.115,0.004,-0.105,1.69,-1.195,-82.22,11.5,2,4.11,1,0.829,4.36,-5.71,0.0,0,5,0.1306,0.0938,0.1453,0.0919
170.982,1,0.744,-4.24,3.3,5,78.4,20.46,0.12,-0.0302,0.115,0.001,-0.089,1.692,-1.204,-82.74,11.5,2,2.75,1,0.808,4.85,-6.4,0.0,0,5,0.1306,0.0975,0.1342,0.0975
171.02,1,0.751,-4.24,2.88,5,78.5,20.46,0.12,-0.023,0.115,0.0,-0.076,1.692,-1.207,-82.79,11.5,2,2.75,1,0.822,6.79,-0.48,0.0,0,5,0.1324,0.0993,0.1324,0.0975
171.081,1,0.724,-4.24,2.77,5,78.9,20.46,0.137,-0.0228,0.114,-0.0,-0.053,1.693,-1.212,-82.96,11.5,2,2.75,1,0.841,6.3,-3.37,0.0,0,5,0.1282,0.0979,0.1282,0.0997
171.184,1,0.739,-4.49,2.11,5,79.7,20.96,0.12,-0.0144,0.121,0.001,-0.037,1.694,-1.227,-83.48,11.52,2,2.02,1,0.826,5.82,-6.48,0.0,0,5,0.1261,0.1113,0.1335,0.1131
171.218,1,0.728,-4.74,2.4,5,80.1,20.46,0.12,0.0012,0.121,0.001,-0.066,1.695,-1.229,-83.54,11.52,2,2.02,1,0.828,5.33,-7.29,0.0,0,5,0.1243,0.1076,0.1372,0.115
171.25,1,0.743,-4.49,2.14,5,80.0,20.96,0.12,-0.0017,0.12,0.001,-0.058,1.695,-1.234,-83.65,11.52,2,2.02,1,0.835,5.33,-7.61,0.0,0,5,0.1261,0.1094,0.1317,0.1113
171.283,1,0.727,-4.24,1.96,5,79.4,20.46,0.134,-0.0044,0.119,0.0,-0.036,1.696,-1.236,-83.65,11.52,2,2.02,1,0.817,7.76,-8.09,0.0,0,5,0.128,0.1094,0.1298,0.1094
171.318,1,0.729,-3.99,1.93,5,79.0,20.96,0.12,0.0002,0.115,-0.0,-0.03,1.696,-1.241,-83.71,11.52,2,2.02,1,0.832,10.18,-1.86,0.0,0,5,0.128,0.1076,0.1224,0.1039
171.484,1,0.72,-3.99,2.46,5,78.9,20.96,0.12,-0.0013,0.117,0.001,-0.083,1.699,-1.262,-84.11,11.52,2,0.81,1,0.848,8.72,-2.61,-6.174,1,5,0.1204,0.1111,0.126,0.1111
171.518,1,0.62,-3.49,2.98,5,79.1,20.96,0.12,-0.0112,0.117,-0.001,-0.036,1.699,-1.265,-84.17,11.52,2,0.81,1,0.846,8.72,-4.97,-6.31,1,5,0.1234,0.1105,0.1215,0.1123
171.58,1,0.758,-2.99,1.42,5,79.3,20.96,0.12,-0.0268,0.117,-0.002,-0.019,1.699,-1.272,-84.11,11.54,2,-1.17,1,0.829,9.69,-4.51,-7.568,1,5,0.1261,0.117,0.1133,0.1133
171.683,1,0.772,-2.5,0.36,5,78.0,20.96,0.12,-0.0013,0.115,0.003,-0.057,1.701,-1.288,-84.4,11.54,2,-1.17,1,0.814,13.57,2.16,-5.54,1,5,0.1113,0.115,0.1243,0.1113
171.718,1,0.824,-2.99,1.5,5,77.8,20.96,0.1338,0.0128,0.115,0.003,-0.065,1.702,-1.29,-84.45,11.54,2,-1.17,1,0.823,15.51,9.46,-3.509,1,5,0.115,0.115,0.1205,0.1094
171.749,1,0.747,-2.99,-0.04,5,77.1,20.44,0.141,-0.0061,0.116,0.0,0.029,1.702,-1.295,-84.45,11.54,2,-1.17,1,0.845,14.54,9.58,-3.925,1,5,0.1201,0.1146,0.1183,0.1109
171.784,1,0.818,-2.5,-0.61,5,77.3,20.96,0.155,0.0278,0.119,0.003,0.024,1.703,-1.298,-84.4,11.54,2,-4.68,1,0.802,16.96,9.85,-4.545,1,5,0.1217,0.1217,0.1217,0.1106
171.85,1,0.834,-1.75,-1.68,5,77.9,20.2,0.1761,0.0376,0.135,0.004,0.039,1.704,-1.309,-84.34,11.54,2,-4.68,1,0.854,18.42,16.89,-1.536,1,5,0.127,0.1399,0.1381,0.1362
171.882,1,0.83,-1.5,-1.62,5,77.2,20.56,0.1522,0.0524,0.135,0.004,0.039,1.704,-1.309,-84.34,11.54,2,-4.68,1,0.856,18.42,16.6,-2.092,1,5,0.127,0.1399,0.1381,0.1362
171.918,1,0.731,3.24,-5.72,5,76.4,20.2,0.1661,0.0518,0.144,-0.0,0.026,1.704,-1.315,-84.28,11.54,2,-4.68,1,0.853,18.42,16.62,-2.095,1,5,0.1366,0.1476,0.1403,0.1513
172.019,1,0.783,-1.0,-2.02,5,78.4,20.96,0.201,0.1308,0.165,-0.002,0.057,1.706,-1.333,-84.05,11.54,2,-4.51,1,0.858,18.42,18.38,0.0,0,5,0.162,0.1782,0.1476,0.171
172.082,1,0.786,-0.5,-1.51,5,78.9,20.96,0.1734,0.0672,0.174,-0.001,0.115,1.707,-1.34,-83.88,11.54,2,-4.51,1,0.851,20.36,19.07,0.0,0,5,0.161,0.1861,0.1592,0.1879
172.115,1,0.793,0.25,-1.57,5,79.4,20.46,0.1666,0.0455,0.183,-0.003,0.142,1.707,-1.348,-83.59,11.54,2,-4.51,1,0.851,21.33,20.12,0.0,0,5,0.1662,0.1948,0.1644,0.2055
172.149,1,0.794,0.0,-0.99,5,79.5,20.96,0.1738,0.0381,0.19,-0.001,-0.03,1.708,-1.356,-83.37,11.54,2,-4.51,1,0.844,20.84,22.64,0.0,0,5,0.1776,0.2091,0.1684,0.2054
172.182,1,0.792,0.0,-0.87,5,78.9,20.81,0.1773,0.0264,0.193,-0.003,0.021,1.708,-1.36,-83.37,11.55,2,-0.62,1,0.818,17.45,16.67,0.526,1,5,0.1834,0.2093,0.1704,0.2093
172.282,1,0.811,0.5,-0.74,5,79.1,20.96,0.1895,0.0244,0.187,-0.001,-0.027,1.711,-1.382,-83.08,11.55,2,-0.62,1,0.818,11.63,6.36,-1.766,1,5,0.178,0.191,0.1817,0.1984
172.385,1,0.833,1.0,-0.99,5,81.0,20.56,0.1862,0.0154,0.195,-0.002,0.026,1.713,-1.401,-82.96,11.55,2,2.31,1,0.842,10.66,0.35,-6.925,1,5,0.191,0.1966,0.1892,0.2021
172.483,1,0.817,1.0,-1.1,5,78.7,20.56,0.1639,0.0149,0.193,-0.003,0.005,1.715,-1.421,-82.96,11.55,2,2.31,1,0.853,11.15,1.25,-2.866,1,5,0.1929,0.191,0.1892,0.1984
172.518,1,0.81,1.5,-0.98,5,79.6,20.44,0.1715,0.019,0.191,-0.003,0.021,1.716,-1.424,-82.91,11.55,2,2.31,1,0.842,11.63,0.71,-3.448,1,5,0.1871,0.1834,0.1926,0.2001
172.55,1,0.799,1.5,-1.13,5,79.1,20.81,0.1592,0.0083,0.181,-0.0,-0.096,1.717,-1.435,-83.02,11.55,2,2.31,1,0.855,11.63,1.0,-2.814,1,5,0.1741,0.1778,0.1834,0.1889
172.58,1,0.799,1.0,-1.01,5,78.4,20.2,0.1582,0.0125,0.181,-0.0,-0.096,1.717,-1.435,-83.02,11.56,2,0.44,1,0.855,11.63,1.0,-2.814,1,5,0.1741,0.1778,0.1834,0.1889
172.683,1,0.807,1.0,-1.17,5,78.2,20.44,0.1536,0.0153,0.173,-0.002,-0.014,1.719,-1.456,-83.08,11.56,2,0.44,1,0.845,11.63,-0.01,-3.368,1,5,0.1733,0.1622,0.1788,0.177
172.881,1,0.796,1.25,-1.22,5,78.1,20.56,0.1339,0.0158,0.149,-0.003,-0.011,1.722,-1.484,-83.02,11.56,2,-0.72,1,0.843,14.54,6.81,-4.71,1,5,0.1495,0.144,0.1495,0.155
172.91,1,0.781,1.0,-0.99,5,77.7,20.81,0.1408,0.0148,0.145,-0.004,-0.026,1.723,-1.49,-83.08,11.56,2,-0.72,1,0.843,14.54,6.81,-4.71,1,5,0.1502,0.1484,0.1335,0.1484
172.982,1,0.804,1.0,-1.09,5,76.5,20.56,0.1358,0.0122,0.139,-0.002,0.037,1.724,-1.498,-82.96,11.56,2,-2.67,1,0.798,17.93,13.78,1.253,1,5,0.1409,0.1428,0.1298,0.1409
173.011,1,0.801,0.75,-0.72,5,76.5,20.46,0.1426,0.0153,0.134,-0.003,-0.012,1.724,-1.503,-82.91,11.56,2,-2.67,1,0.798,17.93,13.78,1.253,1,5,0.1335,0.1298,0.1317,0.1409
173.083,1,0.785,1.0,-1.32,5,76.2,20.81,0.1661,0.0119,0.133,-0.008,0.043,1.725,-1.514,-82.96,11.56,2,-2.67,1,0.808,18.42,20.72,0.0,0,5,0.1354,0.128,0.1261,0.1447
173.152,1,0.791,1.5,-0.66,5,77.4,20.56,0.1651,0.0238,0.139,-0.005,0.083,1.726,-1.522,-82.79,11.56,2,-2.67,1,0.809,18.9,25.17,0.0,0,5,0.1428,0.1447,0.1224,0.1447
173.179,1,0.8,1.75,-0.84,5,76.3,20.46,0.1639,0.0014,0.142,-0.004,0.057,1.726,-1.525,-82.74,11.57,2,-0.73,1,0.809,18.9,25.17,0.0,0,5,0.1428,0.1484,0.128,0.1484
173.283,1,0.83,2.25,-0.64,5,77.6,20.81,0.1458,0.0024,0.155,-0.005,-0.003,1.728,-1.544,-82.56,11.57,2,-0.73,1,0.813,14.54,26.08,0.0,0,5,0.1595,0.1576,0.1428,0.1595
173.312,1,0.833,2.0,-0.58,5,77.6,20.96,0.1458,-0.0082,0.157,-0.006,0.004,1.728,-1.547,-82.56,11.57,2,-0.73,1,0.813,14.54,26.08,0.0,0,5,0.1632,0.1595,0.1428,0.1613
173.379,1,0.854,2.25,-0.32,5,77.5,20.46,0.1458,-0.0054,0.158,-0.004,0.026,1.73,-1.556,-82.39,11.57,2,4.55,1,0.801,11.63,26.47,0.0,0,5,0.1571,0.1534,0.1534,0.1663
173.48,1,0.832,4.24,-2.92,5,75.3,20.56,0.1458,-0.0135,0.147,-0.0,-0.013,1.731,-1.571,-82.62,11.57,2,4.55,1,0.812,3.88,23.26,0.0,0,5,0.1537,0.1463,0.1463,0.1408
173.511,1,0.829,4.49,-3.18,5,75.1,20.2,0.1458,0.0206,0.146,0.001,0.009,1.732,-1.577,-82.62,11.57,2,4.55,1,0.812,3.88,23.26,0.0,0,5,0.1502,0.1484,0.1447,0.1391
173.582,1,0.822,6.49,-3.99,5,74.2,20.0,0.1458,0.0281,0.142,0.001,0.017,1.734,-1.588,-82.56,11.59,2,6.76,1,0.822,0.97,26.22,0.0,0,5,0.1391,0.1428,0.1428,0.1428
173.68,1,0.88,3.99,-0.4,5,75.6,20.2,0.12,0.0139,0.144,-0.003,-0.02,1.735,-1.599,-82.56,11.59,2,6.76,1,0.835,1.94,35.93,0.0,0,5,0.1456,0.1493,0.1327,0.1475
173.744,1,0.887,3.74,0.39,5,74.9,20.46,0.12,-0.0248,0.138,0.001,0.087,1.737,-1.61,-82.22,11.59,2,6.76,1,0.828,0.97,38.6,0.0,0,5,0.128,0.1465,0.1317,0.1447
173.777,1,0.88,3.74,0.85,5,74.4,20.2,0.12,-0.0382,0.135,0.0,0.002,1.737,-1.613,-82.16,11.59,2,12.49,1,0.828,0.97,38.6,0.0,0,5,0.1243,0.1391,0.1317,0.1447
173.818,1,0.831,6.74,-2.01,5,73.6,20.56,0.12,-0.048,0.129,-0.001,-0.021,1.737,-1.618,-82.22,11.59,2,12.49,1,0.81,-8.24,30.89,0.0,0,5,0.1187,0.128,0.128,0.1409
173.883,1,0.856,4.24,-0.36,5,75.1,20.46,0.12,-0.0279,0.124,-0.001,-0.037,1.739,-1.627,-82.33,11.59,2,12.49,1,0.823,-13.09,24.36,0.0,0,5,0.126,0.126,0.1204,0.1241
173.977,1,0.856,6.49,-1.68,5,74.8,20.56,0.12,-0.0296,0.116,0.0,0.054,1.74,-1.637,-82.33,11.59,2,16.08,1,0.791,-12.6,25.05,0.0,0,5,0.1185,0.1167,0.1167,0.113
174.078,1,0.859,4.24,-0.88,5,74.5,20.46,0.12,-0.0289,0.111,0.006,-0.087,1.742,-1.648,-82.74,11.59,2,16.08,1,0.825,-14.54,23.58,0.0,0,5,0.1168,0.1039,0.1298,0.0946
174.118,1,0.854,3.99,-0.59,5,74.4,20.56,0.12,-0.0167,0.113,0.004,-0.101,1.743,-1.652,-82.96,11.59,2,16.08,1,0.833,-12.6,23.94,0.0,0,5,0.1243,0.1076,0.1261,0.0927
174.178,1,0.85,4.74,-0.25,5,73.8,22.04,0.12,-0.0218,0.111,0.002,-0.026,1.744,-1.659,-83.14,11.58,2,17.33,1,0.824,-11.15,24.46,0.0,0,5,0.1224,0.1076,0.1187,0.0964
174.249,1,0.846,4.24,3.42,5,74.4,21.1,0.12,-0.0381,0.112,0.006,-0.046,1.745,-1.668,-83.25,11.58,2,17.33,1,0.818,-7.76,26.36,0.0,0,5,0.1057,0.1057,0.1298,0.1057
174.278,1,0.84,3.49,4.86,5,73.8,21.02,0.12,-0.1023,0.111,0.005,0.012,1.745,-1.67,-83.25,11.58,2,17.33,1,0.818,-7.76,26.36,0.0,0,5,0.1076,0.1057,0.1261,0.1039
174.347,1,0.822,3.24,7.98,5,73.5,21.42,0.12,-0.1221,0.112,0.001,-0.066,1.747,-1.679,-83.77,11.58,2,17.33,1,0.802,-7.76,27.19,0.0,0,5,0.1243,0.1057,0.1205,0.0964
174.378,1,0.835,2.75,10.28,5,74.5,21.42,0.12,-0.1797,0.112,0.003,-0.074,1.747,-1.681,-83.82,11.58,2,22.9,1,0.802,-7.76,27.19,0.0,0,5,0.1243,0.1039,0.1261,0.0946
174.418,1,0.85,2.25,11.73,5,74.5,21.6,0.12,-0.2185,0.114,0.006,-0.099,1.748,-1.685,-84.11,11.58,2,22.9,1,0.776,-13.57,23.78,0.0,0,5,0.1224,0.1001,0.1391,0.0946
174.475,1,0.82,2.5,13.33,5,74.3,21.67,0.12,-0.2415,0.112,0.005,-0.153,1.749,-1.692,-84.57,11.58,2,22.9,1,0.771,-14.54,26.21,0.0,0,5,0.1261,0.089,0.1447,0.089
174.579,1,0.829,-2.25,17.35,5,73.3,21.11,0.12,-0.277,0.108,-0.0,-0.179,1.749,-1.703,-85.66,11.57,2,30.18,1,0.799,-22.3,20.93,0.0,0,5,0.1484,0.0779,0.1372,0.0668
174.617,1,0.852,-2.99,17.61,5,73.4,21.42,0.12,-0.2981,0.112,0.001,-0.304,1.75,-1.707,-86.23,11.57,2,30.18,1,0.785,-27.14,24.68,0.0,0,5,0.1539,0.0816,0.1447,0.0668
174.677,1,0.838,-2.75,16.26,5,73.1,21.11,0.12,-0.3013,0.116,0.006,-0.29,1.751,-1.714,-87.2,11.57,2,30.18,1,0.795,-27.14,25.47,0.0,0,5,0.1539,0.0797,0.1651,0.0668
174.717,1,0.842,-2.75,15.71,5,72.5,21.11,0.12,-0.2804,0.112,0.007,-0.324,1.751,-1.719,-87.95,11.57,2,30.18,1,0.76,-35.38,29.23,0.0,0,5,0.1539,0.0668,0.1706,0.0556
174.778,1,0.836,-2.99,14.19,5,71.8,21.02,0.12,-0.2733,0.114,0.005,-0.3,1.752,-1.726,-88.98,11.57,2,31.93,1,0.77,-36.84,29.63,0.0,0,5,0.1595,0.0631,0.1743,0.0575
174.847,1,0.828,-3.74,13.09,5,70.8,20.56,0.12,-0.2426,0.115,0.005,-0.317,1.752,-1.735,-90.3,11.57,2,31.93,1,0.818,-40.23,37.95,0.0,0,5,0.158,0.0661,0.1726,0.0624
174.882,1,0.821,-3.99,12.61,5,71.0,20.96,0.12,-0.2135,0.114,-0.0,-0.215,1.752,-1.739,-90.93,11.57,2,31.93,1,0.833,-40.23,40.96,0.0,0,5,0.1671,0.068,0.1598,0.0624
174.978,1,0.805,-3.74,11.4,5,71.0,20.46,0.12,-0.2039,0.111,0.006,-0.219,1.752,-1.748,-91.85,11.57,2,30.53,1,0.743,-40.23,43.89,0.0,0,5,0.1461,0.0785,0.157,0.0639
175.048,1,0.822,-4.74,10.2,5,71.3,20.46,0.12,-0.1842,0.113,0.002,-0.235,1.752,-1.758,-92.99,11.57,2,30.53,1,0.782,-43.14,49.69,0.0,0,5,0.1461,0.0812,0.1497,0.0758
175.08,1,0.828,-4.74,9.57,5,71.1,20.46,0.12,-0.1494,0.112,0.001,-0.208,1.752,-1.76,-93.22,11.57,2,30.53,1,0.817,-44.11,51.81,0.0,0,5,0.1455,0.08,0.1455,0.0764
175.117,1,0.832,-4.74,9.43,5,71.0,20.56,0.12,-0.1381,0.114,-0.001,-0.18,1.752,-1.764,-93.68,11.57,2,30.53,1,0.826,-44.59,54.03,0.0,0,5,0.1469,0.0808,0.1451,0.0826
175.143,1,0.821,-4.74,8.78,5,71.0,20.81,0.12,-0.1362,0.115,0.003,-0.136,1.752,-1.769,-94.02,11.57,2,30.53,1,0.826,-44.59,54.03,0.0,0,5,0.1389,0.0852,0.15,0.0852
175.183,1,0.816,-4.74,8.72,5,70.7,20.56,0.12,-0.1243,0.116,0.004,-0.141,1.751,-1.774,-94.37,11.57,2,31.83,1,0.711,-39.26,59.69,0.0,0,5,0.1352,0.0908,0.15,0.0889
175.276,1,0.831,-4.74,7.92,5,71.3,20.81,0.12,-0.1238,0.117,-0.0,-0.099,1.751,-1.783,-95.0,11.57,2,31.83,1,0.716,-41.68,57.72,0.0,0,5,0.1436,0.0957,0.1381,0.0921
175.347,1,0.826,-4.24,7.15,5,70.3,20.56,0.12,-0.1087,0.122,0.004,-0.119,1.75,-1.793,-95.51,11.57,2,31.83,1,0.816,-36.35,53.91,0.0,0,5,0.1364,0.1051,0.1475,0.0995
175.377,1,0.706,-4.24,6.05,5,69.7,20.56,0.12,-0.1003,0.124,0.004,-0.134,1.75,-1.796,-95.63,11.57,2,35.17,1,0.816,-36.35,53.91,0.0,0,5,0.1362,0.1068,0.1491,0.1031
175.447,1,0.729,-3.99,9.71,5,69.1,20.96,0.12,-0.0783,0.125,-0.0,-0.089,1.749,-1.806,-96.2,11.57,2,35.17,1,0.798,-31.5,50.68,0.0,0,5,0.1445,0.1074,0.1426,0.1074
175.475,1,0.786,-3.74,13.75,5,69.4,20.56,0.12,-0.1511,0.125,0.0,-0.069,1.749,-1.808,-96.31,11.57,2,35.17,1,0.798,-31.5,50.68,0.0,0,5,0.1426,0.1093,0.1426,0.1074
175.518,1,0.601,-3.49,16.48,4,69.8,24.27,0.12,-0.2308,0.126,0.003,-0.075,1.748,-1.813,-96.49,11.57,2,35.17,1,0.8,-25.2,49.49,0.0,0,5,0.1389,0.1111,0.1482,0.1074
175.546,1,0.585,-3.24,18.41,4,70.2,23.99,0.12,-0.2857,0.126,0.004,-0.096,1.748,-1.818,-96.66,11.57,2,35.17,1,0.791,-22.3,49.73,0.0,0,5,0.1366,0.1126,0.1476,0.107
175.579,1,0.71,-3.24,22.37,5,70.5,20.56,0.12,-0.325,0.124,0.006,-0.15,1.748,-1.821,-96.83,11.56,2,42.1,1,0.791,-22.3,49.73,0.0,0,5,0.1367,0.1127,0.146,0.0998
175.647,1,0.462,-3.99,29.35,4,69.4,29.63,0.12,-0.3997,0.122,0.001,-0.239,1.746,-1.83,-97.8,11.56,2,42.1,1,0.808,-26.17,32.33,0.0,0,5,0.1576,0.0964,0.1502,0.0835
175.678,1,0.565,-4.74,30.55,5,68.4,29.19,0.12,-0.524,0.126,-0.002,-0.267,1.746,-1.833,-98.09,11.56,2,42.1,1,0.817,-26.17,29.0,0.0,0,5,0.1669,0.089,0.1576,0.089
175.743,1,0.451,-7.49,35.75,4,60.1,24.19,0.12,-0.5393,0.129,-0.008,-0.354,1.744,-1.843,-99.52,11.56,2,42.1,1,0.815,-26.17,23.4,0.0,0,5,0.1855,0.0631,0.178,0.089
175.781,1,0.186,2.9,39.77,3,64.6,26.9,0.12,-0.6072,0.13,-0.011,-0.435,1.742,-1.848,-100.44,11.56,2,45.0,1,0.797,-24.23,17.65,0.0,0,5,0.1966,0.0575,0.1799,0.0816
175.847,1,0.458,-5.24,42.46,4,72.0,25.16,0.12,-0.7273,0.133,-0.011,-0.508,1.74,-1.856,-101.99,11.56,2,45.0,1,0.785,-23.75,13.01,0.0,0,5,0.2226,0.0445,0.1984,0.0649
175.874,1,0.536,-8.49,41.68,4,70.2,26.15,0.12,-0.7273,0.133,-0.01,-0.502,1.739,-1.858,-102.56,11.56,2,45.0,1,0.785,-23.75,13.01,0.0,0,5,0.2226,0.0389,0.2059,0.0631
175.948,1,0.709,-8.49,42.09,5,74.2,26.95,0.12,-0.7081,0.128,-0.013,-0.692,1.736,-1.868,-105.48,11.56,2,45.0,1,0.754,-25.2,1.35,0.0,0,5,0.2559,0.0019,0.2281,0.0278
176.046,1,0.733,-9.23,39.04,5,75.2,26.86,0.12,-0.7245,0.123,-0.008,-0.692,1.732,-1.877,-108.8,11.56,2,45.0,1,0.782,-31.99,-15.53,7.063,1,5,0.2612,-0.0019,0.2315,0.0019
176.081,1,0.786,-9.48,38.73,5,75.2,25.69,0.12,-0.659,0.123,-0.006,-0.656,1.729,-1.884,-111.27,11.56,2,45.0,1,0.787,-34.9,-21.24,0.0,0,5,0.259,-0.0018,0.2333,0.0
176.145,1,0.783,-10.23,36.54,5,74.7,25.71,0.12,-0.6525,0.122,-0.003,-0.689,1.726,-1.891,-113.62,11.56,2,45.0,1,0.796,-39.26,-31.2,0.0,0,5,0.2535,0.0,0.2369,0.0
176.179,1,0.787,-10.73,36.4,5,74.6,26.37,0.12,-0.6029,0.122,-0.003,-0.689,1.726,-1.891,-113.62,11.55,2,45.0,1,0.795,-41.68,-35.44,0.0,0,5,0.2482,0.0019,0.2371,0.0019
176.245,1,0.766,-11.73,34.32,5,74.9,29.53,0.12,-0.5964,0.117,-0.002,-0.649,1.721,-1.901,-117.4,11.55,2,45.0,1,0.814,-46.53,-41.96,0.0,0,5,0.2381,0.0018,0.2289,0.0
176.275,1,0.77,-12.23,32.22,5,75.1,23.94,0.12,-0.5448,0.117,-0.002,-0.649,1.721,-1.901,-117.4,11.55,2,45.0,1,0.814,-46.53,-41.96,0.0,0,5,0.2381,0.0018,0.2289,0.0
176.379,1,0.712,-14.72,28.85,5,75.0,22.78,0.12,-0.5041,0.122,-0.0,-0.599,1.715,-1.912,-120.84,11.55,2,45.0,1,0.779,-56.71,-52.13,0.0,0,5,0.2194,0.0221,0.2212,0.0258
176.415,1,0.731,-14.47,27.3,5,75.1,22.78,0.12,-0.4088,0.122,0.001,-0.474,1.712,-1.919,-122.56,11.55,2,40.79,1,0.772,-56.71,-54.14,0.0,0,5,0.2151,0.0334,0.2133,0.0278
176.447,1,0.708,-14.97,26.6,5,74.7,22.78,0.12,-0.3861,0.123,0.003,-0.489,1.709,-1.923,-123.64,11.55,2,40.79,1,0.749,-55.25,-53.9,0.0,0,5,0.2077,0.0389,0.2133,0.0334
176.474,1,0.711,-14.97,25.19,5,74.6,22.22,0.12,-0.3676,0.123,0.003,-0.489,1.709,-1.923,-123.64,11.55,2,40.79,1,0.749,-55.25,-53.9,0.0,0,5,0.2077,0.0389,0.2133,0.0334
176.546,1,0.714,-15.22,23.8,5,74.3,22.19,0.12,-0.3445,0.123,0.004,-0.379,1.703,-1.931,-125.71,11.55,2,40.79,1,0.764,-47.5,-48.26,0.0,0,5,0.1915,0.0474,0.2061,0.0456
176.578,1,0.723,-15.22,23.15,5,74.2,22.22,0.12,-0.3159,0.122,0.006,-0.353,1.702,-1.933,-126.11,11.55,2,40.79,1,0.764,-47.5,-48.26,0.0,0,5,0.1842,0.0529,0.2024,0.0474
176.646,1,0.715,-15.47,21.54,5,73.5,21.67,0.12,-0.3046,0.123,-0.002,-0.309,1.696,-1.941,-127.65,11.54,2,28.79,1,0.743,-36.35,-36.21,0.0,0,5,0.1855,0.0631,0.178,0.0649
176.678,1,0.711,-15.47,21.1,5,73.8,22.22,0.12,-0.2713,0.122,-0.005,-0.299,1.694,-1.943,-128.0,11.54,2,28.79,1,0.728,-34.9,-35.62,0.0,0,5,0.1873,0.0649,0.1688,0.0668
176.746,1,0.678,-15.47,20.12,5,72.7,22.22,0.12,-0.2635,0.116,-0.005,-0.224,1.688,-1.95,-129.03,11.54,2,28.79,1,0.729,-28.11,-25.14,0.0,0,5,0.1632,0.0668,0.1558,0.0797
176.782,1,0.682,-15.47,19.33,5,73.0,22.19,0.12,-0.2452,0.117,-0.009,-0.189,1.685,-1.953,-129.43,11.54,2,28.79,1,0.696,-25.2,-22.16,0.0,0,5,0.1613,0.0668,0.1521,0.0853
176.846,1,0.647,-15.47,21.45,5,72.5,29.53,0.12,-0.2303,0.119,-0.012,-0.178,1.68,-1.958,-130.18,11.54,2,16.79,1,0.596,-17.93,-1.91,0.0,0,5,0.1651,0.0779,0.1354,0.0964
176.88,1,0.675,-14.97,20.59,5,72.3,28.03,0.12,-0.2709,0.119,-0.01,-0.132,1.678,-1.96,-130.29,11.54,2,16.79,1,0.555,-12.6,7.23,0.0,0,5,0.1613,0.0835,0.1354,0.0964
176.915,1,0.685,-14.47,20.05,5,72.2,26.86,0.12,-0.2606,0.121,-0.006,-0.129,1.675,-1.964,-130.63,11.54,2,16.79,1,0.545,-7.76,16.61,0.0,0,5,0.1539,0.0909,0.1409,0.1001
176.944,1,0.688,-14.47,19.84,5,72.0,26.37,0.127,-0.2761,0.123,-0.007,-0.16,1.671,-1.967,-130.98,11.54,2,16.79,1,0.587,-7.27,22.51,0.0,0,5,0.1539,0.089,0.1428,0.1057
176.979,1,0.691,-14.47,20.07,5,72.5,25.31,0.1412,-0.3093,0.125,-0.011,-0.158,1.669,-1.969,-131.21,11.54,2,16.79,1,0.49,-2.42,29.78,0.0,0,5,0.1613,0.0853,0.1428,0.1094
177.013,1,0.665,-14.72,20.04,5,72.0,23.73,0.1375,-0.3043,0.122,-0.015,-0.192,1.666,-1.972,-131.61,11.54,2,4.99,1,0.531,2.42,39.22,0.0,0,5,0.1669,0.0779,0.1354,0.1076
177.047,1,0.687,-14.97,17.36,5,72.0,21.67,0.12,-0.251,0.122,-0.014,-0.223,1.662,-1.975,-132.12,11.54,2,4.99,1,0.586,1.94,39.45,0.0,0,5,0.1741,0.0778,0.1389,0.0982
177.078,1,0.681,-15.22,16.78,5,71.0,21.6,0.12,-0.1967,0.122,-0.01,-0.156,1.66,-1.977,-132.35,11.54,2,4.99,1,0.588,0.97,37.17,0.0,0,5,0.1737,0.0776,0.146,0.0905
177.114,1,0.673,-15.72,16.16,5,69.7,21.67,0.12,-0.1826,0.124,-0.01,-0.206,1.657,-1.98,-132.81,11.54,2,4.99,1,0.584,0.0,34.99,0.0,0,5,0.179,0.0757,0.1513,0.0886
177.145,1,0.682,-15.22,15.91,5,68.9,21.67,0.12,-0.165,0.126,-0.01,-0.196,1.653,-1.984,-133.21,11.54,2,4.99,1,0.592,-0.48,33.54,0.0,0,5,0.1772,0.0812,0.1513,0.096
177.245,1,0.667,-13.98,15.47,5,68.4,21.11,0.12,-0.1671,0.128,0.001,-0.117,1.644,-1.993,-134.01,11.54,2,7.06,1,0.597,0.0,31.65,0.0,0,5,0.1428,0.1057,0.1521,0.1094
177.279,1,0.667,-13.73,14.9,5,68.4,21.67,0.12,-0.1736,0.127,0.002,-0.131,1.642,-1.995,-134.19,11.54,2,7.06,1,0.587,-0.48,30.96,0.0,0,5,0.1428,0.1057,0.1521,0.1076
177.346,1,0.655,-13.73,14.92,5,67.7,21.02,0.12,-0.1639,0.12,-0.005,-0.106,1.635,-2.002,-134.76,11.54,2,7.06,1,0.557,-3.39,27.71,0.0,0,5,0.1519,0.0926,0.1389,0.0982
177.378,1,0.641,-13.73,14.12,5,67.4,21.6,0.12,-0.1634,0.118,-0.006,-0.135,1.634,-2.003,-134.87,11.54,2,7.06,1,0.554,-3.88,28.59,0.0,0,5,0.1519,0.0889,0.1352,0.0963
177.48,1,0.681,-13.48,14.49,5,69.5,21.1,0.12,-0.1471,0.119,-0.004,-0.101,1.625,-2.011,-135.79,11.54,2,11.68,1,0.527,-9.69,20.09,0.0,0,5,0.1465,0.0964,0.1335,0.1001
177.545,1,0.71,-13.48,13.8,5,73.3,21.11,0.12,-0.1566,0.119,-0.002,-0.102,1.618,-2.017,-136.31,11.54,2,11.68,1,0.522,-14.06,8.65,0.0,0,5,0.1428,0.0946,0.1391,0.1001
177.581,1,0.721,-13.48,13.7,5,72.3,21.02,0.12,-0.1431,0.116,-0.006,-0.103,1.614,-2.02,-136.54,11.54,2,11.68,1,0.525,-14.06,7.05,0.0,0,5,0.1409,0.089,0.1335,0.102
177.644,1,0.728,-13.73,12.82,5,72.3,21.6,0.12,-0.141,0.112,-0.008,-0.14,1.609,-2.025,-136.99,11.53,2,14.2,1,0.501,-18.42,0.49,0.0,0,5,0.1426,0.0871,0.1204,0.0982
177.678,1,0.751,-12.98,11.24,5,72.1,21.6,0.12,-0.1211,0.113,-0.009,0.005,1.607,-2.026,-136.99,11.53,2,14.2,1,0.53,-18.9,-4.78,0.0,0,5,0.1463,0.0852,0.1223,0.0982
177.745,1,0.758,-12.73,12.23,5,72.7,21.1,0.12,-0.0996,0.118,-0.004,-0.089,1.6,-2.032,-137.4,11.53,2,14.2,1,0.536,-18.42,-6.29,0.0,0,5,0.1391,0.0927,0.1354,0.1057
177.779,1,0.757,-12.48,12.41,5,72.8,21.02,0.12,-0.121,0.12,-0.002,-0.082,1.598,-2.034,-137.51,11.53,2,14.2,1,0.521,-16.48,-9.4,4.819,1,5,0.1335,0.1001,0.1354,0.1094
177.847,1,0.764,-12.23,12.2,5,72.7,20.56,0.12,-0.1265,0.116,-0.003,-0.072,1.591,-2.04,-137.97,11.53,2,10.95,1,0.552,-14.06,-1.31,7.359,1,5,0.1309,0.1032,0.1235,0.1069
177.878,1,0.777,-12.23,11.71,5,73.0,21.02,0.12,-0.1249,0.115,-0.002,-0.064,1.589,-2.042,-138.03,11.53,2,10.95,1,0.55,-14.06,-2.72,6.001,1,5,0.1346,0.1014,0.1253,0.0995
177.914,1,0.747,-12.23,11.45,5,73.1,21.11,0.12,-0.1152,0.117,-0.001,-0.113,1.586,-2.045,-138.25,11.53,2,10.95,1,0.542,-14.54,-1.89,4.695,1,5,0.1407,0.1005,0.1316,0.095
177.945,1,0.735,-11.98,12.68,5,73.3,21.1,0.12,-0.1097,0.118,-0.001,-0.137,1.582,-2.048,-138.54,11.53,2,10.95,1,0.515,-14.54,-0.52,0.0,0,5,0.1416,0.0975,0.1361,0.0956
177.978,1,0.764,-11.98,12.28,5,73.3,20.57,0.12,-0.1361,0.117,-0.002,-0.101,1.58,-2.049,-138.71,11.53,2,10.95,1,0.513,-14.54,-1.44,0.0,0,5,0.1369,0.0931,0.1369,0.1004
178.045,1,0.773,-11.73,10.63,5,73.1,21.02,0.12,-0.1276,0.119,0.0,-0.129,1.573,-2.056,-139.23,11.53,2,11.57,1,0.529,-14.54,-5.65,0.0,0,5,0.1351,0.1027,0.1351,0.1027
178.078,1,0.781,-11.73,9.94,5,72.7,21.02,0.12,-0.0988,0.12,0.001,-0.058,1.571,-2.057,-139.29,11.53,2,11.57,1,0.533,-15.51,-5.9,0.0,0,5,0.1361,0.1053,0.1361,0.1016
178.112,1,0.773,-11.48,9.84,5,72.8,21.1,0.12,-0.0854,0.117,0.001,-0.094,1.568,-2.06,-139.52,11.53,2,11.57,1,0.536,-15.51,-6.72,0.0,0,5,0.1378,0.1015,0.1359,0.0943
178.144,1,0.794,-11.73,9.83,5,73.1,21.02,0.12,-0.0862,0.114,0.0,-0.102,1.564,-2.063,-139.74,11.53,2,11.57,1,0.532,-15.99,-10.0,0.0,0,5,0.1366,0.0978,0.1347,0.096
178.178,1,0.8,-11.73,9.15,5,72.3,20.56,0.12,-0.0826,0.113,-0.0,-0.102,1.563,-2.065,-139.86,11.53,2,11.57,1,0.522,-13.09,-10.0,3.168,1,5,0.1347,0.096,0.1292,0.0923
178.244,1,0.785,-11.73,9.06,5,72.9,21.11,0.12,-0.0695,0.114,-0.005,0.013,1.555,-2.07,-140.32,11.52,2,8.96,1,0.546,-12.6,-4.42,0.0,0,5,0.1372,0.0927,0.1261,0.1001
178.279,1,0.794,-11.23,8.52,5,72.3,20.57,0.12,-0.0678,0.114,-0.004,-0.045,1.554,-2.072,-140.32,11.52,2,8.96,1,0.528,-10.18,-5.73,5.999,1,5,0.1354,0.0927,0.1261,0.1001
178.312,1,0.79,-10.98,8.62,5,71.8,21.11,0.12,-0.0637,0.117,0.0,-0.026,1.55,-2.075,-140.37,11.52,2,8.96,1,0.55,-7.76,0.96,7.156,1,5,0.128,0.1057,0.1298,0.1057
178.344,1,0.792,-10.48,8.1,5,71.4,21.02,0.12,-0.0679,0.12,0.003,-0.048,1.546,-2.078,-140.43,11.52,2,8.96,1,0.571,-7.27,2.3,0.0,0,5,0.1205,0.1131,0.1317,0.1131
178.378,1,0.783,-10.23,8.98,5,71.2,21.11,0.12,-0.0631,0.121,0.003,-0.046,1.544,-2.08,-140.49,11.52,2,8.96,1,0.579,-6.79,0.45,0.0,0,5,0.1205,0.1168,0.1317,0.115
178.443,1,0.76,-10.23,10.2,5,71.3,21.11,0.12,-0.0815,0.116,0.001,-0.096,1.539,-2.084,-140.78,11.52,2,7.54,1,0.586,-7.76,0.92,0.0,0,5,0.1224,0.1094,0.1243,0.1076
178.478,1,0.781,-9.98,8.9,5,71.2,21.11,0.12,-0.1043,0.115,-0.001,-0.075,1.535,-2.087,-140.95,11.52,2,7.54,1,0.594,-7.76,-0.61,6.355,1,5,0.1298,0.1057,0.1224,0.1039
178.544,1,0.791,-9.98,8.3,5,70.4,21.11,0.12,-0.0815,0.119,0.0,-0.083,1.528,-2.093,-141.29,11.52,2,7.54,1,0.588,-7.76,-1.56,6.93,1,5,0.129,0.1032,0.1364,0.1088
178.644,1,0.816,-9.73,7.63,5,70.6,20.57,0.12,-0.0694,0.118,0.003,-0.087,1.519,-2.101,-141.69,11.52,2,8.47,1,0.609,-7.76,-3.82,7.345,1,5,0.128,0.1113,0.1298,0.102
178.677,1,0.829,-9.23,6.87,5,71.1,21.1,0.12,-0.0593,0.117,0.001,-0.035,1.517,-2.102,-141.75,11.52,2,8.47,1,0.604,-7.76,-4.44,6.206,1,5,0.1317,0.1113,0.1261,0.1001
178.712,1,0.841,-9.23,6.74,5,71.9,21.02,0.12,-0.0508,0.116,0.003,-0.056,1.514,-2.105,-141.86,11.52,2,8.47,1,0.605,-7.76,-3.18,7.625,1,5,0.1317,0.1113,0.1261,0.0946
178.743,1,0.849,-8.98,6.32,5,72.1,21.02,0.12,-0.0474,0.117,0.003,-0.089,1.51,-2.108,-142.04,11.52,2,8.47,1,0.596,-6.3,-7.08,7.126,1,5,0.1298,0.1076,0.128,0.0964
178.774,1,0.86,-8.73,5.9,5,72.5,20.57,0.12,-0.0423,0.119,0.004,-0.081,1.508,-2.11,-142.15,11.52,2,8.47,1,0.596,-6.3,-7.08,7.126,1,5,0.1243,0.1076,0.1372,0.1057
178.842,1,0.873,-8.49,4.59,5,73.5,20.56,0.12,-0.0356,0.119,0.003,-0.066,1.502,-2.114,-142.32,11.52,2,8.59,1,0.6,-5.82,-8.01,7.533,1,5,0.1205,0.115,0.1298,0.1113
178.88,1,0.87,-8.49,5.79,5,73.9,20.57,0.12,-0.013,0.117,0.002,-0.019,1.499,-2.117,-142.44,11.52,2,8.59,1,0.607,-7.76,-7.95,4.046,1,5,0.1224,0.115,0.1243,0.1076
178.943,1,0.896,-8.24,5.05,5,74.8,20.44,0.12,-0.0351,0.117,-0.0,-0.045,1.491,-2.123,-142.55,11.52,2,8.59,1,0.6,-8.72,-7.7,2.293,1,5,0.128,0.1113,0.1224,0.1076
178.977,1,0.901,-8.24,4.67,5,75.1,20.04,0.12,-0.0237,0.118,0.0,-0.074,1.489,-2.124,-142.67,11.52,2,8.59,1,0.598,-8.24,-9.25,0.584,1,5,0.1261,0.1113,0.1243,0.1094
179.043,1,0.913,-7.99,3.93,5,75.4,20.56,0.1411,-0.0294,0.121,0.002,-0.058,1.482,-2.13,-142.9,11.52,2,9.33,1,0.604,-8.24,-9.66,0.957,1,5,0.1243,0.1113,0.128,0.1168
179.078,1,0.917,-7.99,3.81,5,75.6,20.04,0.1551,-0.023,0.122,0.002,-0.071,1.48,-2.132,-142.95,11.52,2,9.33,1,0.603,-8.72,-9.7,1.132,1,5,0.1243,0.1187,0.1298,0.115
179.144,1,0.921,-7.49,3.5,5,75.7,20.56,0.1761,-0.0294,0.133,0.005,-0.003,1.471,-2.139,-143.07,11.52,2,9.33,1,0.603,-7.76,-10.4,3.807,1,5,0.1371,0.1315,0.1445,0.1204
179.173,1,0.911,-7.49,3.78,5,75.9,20.0,0.1831,-0.0304,0.139,0.005,-0.04,1.469,-2.141,-143.12,11.52,2,9.33,1,0.603,-7.76,-10.4,3.807,1,5,0.1426,0.1371,0.1519,0.126
179.245,1,0.919,-7.24,3.44,5,75.4,20.2,0.2111,-0.0485,0.168,0.002,-0.038,1.458,-2.149,-143.35,11.52,2,6.67,1,0.602,-3.88,-9.62,3.153,1,5,0.1725,0.1651,0.1762,0.1595
179.344,1,0.909,-6.49,3.83,5,74.9,20.44,0.2461,-0.0527,0.209,0.005,-0.09,1.442,-2.162,-143.64,11.52,2,6.67,1,0.62,-2.91,-8.15,3.228,1,5,0.2096,0.2059,0.2226,0.1984
179.412,1,0.906,-5.99,3.7,5,74.1,20.57,0.2672,-0.0819,0.232,0.005,-0.005,1.43,-2.171,-143.81,11.52,2,5.56,1,0.629,-2.91,-9.69,2.129,1,5,0.2388,0.2277,0.2461,0.2149
179.443,1,0.915,-5.49,2.93,5,74.1,20.44,0.2811,-0.0872,0.249,0.006,-0.107,1.422,-2.177,-144.04,11.52,2,5.56,1,0.634,-3.88,-11.16,-3.133,1,5,0.2565,0.2437,0.2657,0.229
179.478,1,0.919,-5.49,2.52,5,74.0,20.2,0.2799,-0.063,0.258,0.007,-0.16,1.417,-2.181,-144.21,11.52,2,5.56,1,0.648,-2.91,-7.44,-1.99,1,5,0.2651,0.2541,0.2762,0.2357
179.541,1,0.88,-6.49,2.8,5,72.4,20.04,0.2993,-0.0507,0.283,0.007,-0.085,1.4,-2.193,-144.67,11.52,2,5.56,1,0.623,-2.91,-10.17,2.638,1,5,0.2846,0.2704,0.297,0.2508
179.579,1,0.886,-6.49,2.81,5,73.1,20.04,0.3065,-0.051,0.289,0.006,-0.122,1.395,-2.197,-144.79,11.52,2,5.56,1,0.6,-0.97,-10.0,1.854,1,5,0.2984,0.2806,0.3092,0.2663
179.643,1,0.887,-6.99,2.29,5,73.4,20.56,0.2894,-0.0479,0.31,0.006,-0.089,1.375,-2.212,-145.3,11.5,2,3.59,1,0.617,-1.45,-7.15,5.711,1,5,0.3182,0.3053,0.3256,0.2905
179.678,1,0.881,-7.49,2.95,5,73.1,20.44,0.2656,-0.0174,0.317,0.006,-0.12,1.37,-2.215,-145.42,11.5,2,3.59,1,0.613,-1.45,-6.95,7.71,1,5,0.326,0.313,0.3334,0.2945
179.778,1,0.886,-7.99,2.81,5,74.8,20.57,0.2054,-0.019,0.31,0.006,-0.09,1.344,-2.234,-145.93,11.5,2,3.59,1,0.602,-1.45,-11.37,7.787,1,5,0.3141,0.303,0.3289,0.2938
179.843,1,0.862,-8.49,3.45,5,75.8,20.04,0.2068,-0.0106,0.291,0.003,-0.096,1.325,-2.247,-146.33,11.5,2,4.35,1,0.626,-1.94,-18.31,0.0,0,5,0.3023,0.2856,0.3134,0.2819
179.943,1,0.853,-9.23,2.59,5,74.2,20.57,0.2417,-0.0383,0.262,0.005,-0.015,1.303,-2.261,-146.79,11.5,2,4.35,1,0.572,-4.36,-11.49,0.0,0,5,0.2704,0.2593,0.2834,0.2556
