t,valid,conf,lat_mm,head_deg,bandas,contraste,larg_mm,vx,wz,odom_vx,odom_vy,odom_wz,x_m,y_m,yaw_deg,volts,servo,f_valid,f_conf,f_lat_mm,f_head_deg,f_curv,f_curv_ok,f_bandas,fl,fr,rl,rr
0.001,1,0.82,-2.75,-1.46,5,72.5,20.0,0.0,0.0,0.0,0.0,-0.0,0.0,0.0,1.66,11.82,-0.0,1,0.831,10.66,9.67,-0.606,1,5,0.0,0.0,0.0,0.0
0.004,1,0.821,-2.75,-1.46,5,72.6,20.0,0.0,0.0,0.0,0.0,0.001,0.0,0.0,1.66,11.82,-0.0,1,0.83,10.66,9.67,-0.607,1,5,0.0,0.0,0.0,0.0
0.007,1,0.82,-2.75,-1.46,5,72.5,20.0,0.0,0.0,0.0,0.0,0.001,0.0,0.0,1.66,11.82,-0.0,1,0.83,10.66,9.67,-0.606,1,5,0.0,0.0,0.0,0.0
0.009,1,0.82,-2.75,-1.46,5,72.6,20.0,0.0,0.0,0.0,0.0,0.0,0.0,0.0,1.66,11.82,-0.0,1,0.83,10.66,9.67,-0.608,1,5,0.0,0.0,0.0,0.0
0.01,1,0.821,-2.75,-1.46,5,72.6,20.0,0.0,0.0,0.0,0.0,0.001,0.0,0.0,1.66,11.82,-0.0,1,0.831,10.66,9.67,-0.604,1,5,0.0,0.0,0.0,0.0
0.058,1,0.82,-2.75,-1.46,5,72.5,20.0,0.0,0.0,0.0,0.0,0.0,0.0,0.0,1.66,11.82,-0.0,1,0.829,10.66,9.67,-0.609,1,5,0.0,0.0,0.0,0.0
0.096,1,0.821,-2.75,-1.46,5,72.6,20.0,0.0143,0.0502,0.0,0.0,0.0,0.0,0.0,1.66,11.82,-0.0,1,0.829,10.66,9.67,-0.609,1,5,0.0,0.0,0.0,0.0
0.128,1,0.82,-2.75,-1.46,5,72.5,20.0,0.0281,0.0502,0.0,0.0,0.0,0.0,0.0,1.66,11.82,-0.0,1,0.829,10.66,9.67,-0.607,1,5,0.0,0.0,0.0,0.0
0.166,1,0.822,-2.75,-1.42,5,72.7,20.46,0.0426,0.0502,0.002,-0.0,0.002,0.0,-0.0,1.66,11.82,-0.0,1,0.831,10.66,9.66,-0.599,1,5,0.0,0.0029,0.0,0.0044
0.196,1,0.819,-2.75,-1.46,5,72.5,20.0,0.0494,0.0494,0.005,0.0,0.024,0.001,0.0,1.72,11.85,-0.85,1,0.831,10.66,9.66,-0.599,1,5,0.0,0.0029,0.0015,0.0058
0.262,1,0.819,-2.25,-1.43,5,72.5,20.0,0.07,0.0502,0.015,0.002,0.035,0.002,0.0,1.83,11.85,-0.85,1,0.831,10.66,9.66,-0.608,1,5,0.0055,0.0183,0.0146,0.0201
0.295,1,0.818,-2.25,-1.4,5,72.4,20.46,0.0843,0.0438,0.019,0.001,0.057,0.002,0.0,1.89,11.85,-0.85,1,0.828,11.15,9.56,-2.663,1,5,0.0109,0.0253,0.0163,0.0253
0.326,1,0.809,-2.0,-1.34,5,72.2,20.0,0.0981,0.0438,0.031,0.001,0.019,0.004,0.0,1.89,11.85,-0.85,1,0.819,11.15,11.02,-3.231,1,5,0.0255,0.0364,0.0291,0.0346
0.363,1,0.812,-2.0,-1.09,5,72.2,20.0,0.105,0.0397,0.048,0.001,0.006,0.007,0.0,1.95,11.85,-0.85,1,0.819,11.15,11.02,-3.231,1,5,0.0422,0.0532,0.0459,0.0514
0.398,1,0.811,-1.75,-0.16,5,71.7,20.0,0.1,0.036,0.068,0.002,0.006,0.01,0.001,1.95,11.85,0.74,1,0.824,12.12,10.52,0.358,1,5,0.0611,0.0703,0.0685,0.0703
0.496,1,0.787,-1.0,-0.23,5,71.1,19.59,0.092,0.0178,0.099,-0.0,-0.04,0.018,0.001,2.01,11.85,0.74,1,0.79,11.15,10.22,-0.422,1,5,0.0995,0.0995,0.0977,0.0995
0.527,1,0.789,-1.0,-0.05,5,71.1,20.2,0.092,0.0104,0.107,-0.001,0.087,0.023,0.001,2.01,11.85,0.74,1,0.806,9.69,5.87,-2.425,1,5,0.1088,0.1069,0.1051,0.1069
0.565,1,0.786,-0.75,0.84,5,71.1,19.59,0.092,0.0082,0.106,-0.002,0.016,0.027,0.001,2.06,11.85,0.74,1,0.823,10.66,5.62,-1.754,1,5,0.1055,0.1055,0.1018,0.111
0.595,1,0.791,-0.75,1.14,5,71.2,19.27,0.092,-0.0102,0.105,-0.002,0.003,0.029,0.001,2.06,11.85,2.87,1,0.823,10.66,5.62,-1.754,1,5,0.1036,0.1036,0.1018,0.1092
0.627,1,0.79,-0.75,1.13,5,71.7,19.27,0.092,-0.0145,0.099,-0.002,-0.021,0.033,0.001,2.01,11.85,2.87,1,0.814,10.66,5.62,-1.671,1,5,0.0981,0.0963,0.0981,0.1037
0.695,1,0.79,-2.5,2.46,5,72.2,19.27,0.092,-0.0137,0.097,0.003,-0.026,0.038,0.002,1.89,11.85,2.87,1,0.783,8.24,5.23,-4.904,1,5,0.098,0.0925,0.1073,0.0906
0.726,1,0.797,-2.75,2.67,5,72.5,19.59,0.0726,-0.016,0.101,0.004,-0.066,0.043,0.002,1.78,11.85,2.87,1,0.756,2.42,-1.4,-5.897,1,5,0.1036,0.0962,0.1128,0.0906
0.762,1,0.769,-2.99,2.29,5,72.7,19.59,0.0726,-0.0175,0.105,0.001,-0.04,0.047,0.002,1.66,11.85,2.87,1,0.756,2.42,-1.4,-5.897,1,5,0.111,0.0999,0.1129,0.0981
0.797,1,0.788,-3.24,2.56,5,73.4,19.85,0.0726,-0.0093,0.105,0.001,-0.045,0.049,0.002,1.6,11.85,4.44,1,0.358,3.61,-6.35,-3.831,1,4,0.1128,0.1036,0.1091,0.0962
0.825,1,0.792,-3.24,1.98,5,73.4,19.85,0.0726,-0.0124,0.1,0.0,-0.014,0.053,0.002,1.6,11.85,4.44,1,0.358,3.0,-8.55,0.0,0,4,0.1073,0.098,0.1036,0.0925
0.863,1,0.762,-3.49,1.45,5,72.9,20.57,0.0726,-0.0029,0.094,0.001,-0.028,0.056,0.002,1.55,11.85,4.44,1,0.358,3.0,-8.55,0.0,0,4,0.0981,0.0889,0.1018,0.0889
0.895,1,0.801,-3.74,2.2,5,73.2,19.85,0.0726,0.0086,0.093,-0.001,-0.046,0.058,0.002,1.49,11.85,4.44,1,0.781,-0.97,-5.8,0.0,0,5,0.0944,0.0815,0.1018,0.0926
0.927,1,0.814,-2.5,0.72,5,72.8,19.97,0.0726,-0.0024,0.088,-0.002,-0.004,0.061,0.002,1.38,11.85,4.44,1,0.781,-0.97,-5.8,0.0,0,5,0.0908,0.0759,0.0945,0.0889
0.998,1,0.807,-2.75,0.66,5,73.3,20.04,0.07,0.0082,0.078,-0.002,-0.024,0.068,0.002,1.38,11.85,3.04,1,0.82,1.94,-9.14,0.0,0,5,0.0833,0.0703,0.0814,0.0759
1.025,1,0.811,-2.75,0.35,5,73.3,20.0,0.07,0.0129,0.077,-0.002,0.008,0.069,0.002,1.38,11.85,3.04,1,0.82,1.94,-9.14,0.0,0,5,0.0796,0.0704,0.0796,0.0778
1.063,1,0.794,-2.75,-0.35,5,73.3,20.04,0.07,0.0183,0.075,-0.001,-0.021,0.072,0.002,1.38,11.85,3.04,1,0.82,1.94,-9.14,0.0,0,5,0.0721,0.0703,0.0777,0.0814
1.094,1,0.822,-2.75,0.42,5,73.3,20.0,0.07,0.0306,0.074,-0.002,0.004,0.074,0.002,1.38,11.85,3.04,1,0.84,0.97,-8.7,0.0,0,5,0.0703,0.0703,0.074,0.0814
1.161,1,0.816,-2.5,0.08,5,73.7,20.0,0.07,0.0174,0.073,0.0,0.006,0.079,0.003,1.43,11.85,3.04,1,0.847,5.33,5.41,-4.813,1,5,0.0666,0.074,0.0722,0.0777
1.194,1,0.788,-2.25,0.08,5,73.7,20.46,0.07,0.0202,0.073,0.001,0.011,0.081,0.003,1.43,11.87,-0.27,1,0.869,5.33,2.99,0.0,0,5,0.0666,0.074,0.074,0.0759
1.228,1,0.775,-2.25,0.01,5,73.0,20.46,0.07,0.0174,0.072,0.0,-0.005,0.084,0.003,1.43,11.87,-0.27,1,0.867,5.33,3.09,0.0,0,5,0.0666,0.0722,0.0722,0.0759
1.261,1,0.789,-2.25,-0.49,5,73.4,20.04,0.07,0.0191,0.07,0.001,0.007,0.087,0.003,1.43,11.87,-0.27,1,0.859,5.33,3.11,0.0,0,5,0.0722,0.0722,0.0703,0.0666
1.297,1,0.804,-2.25,0.07,5,73.0,20.04,0.07,0.028,0.07,0.003,-0.015,0.089,0.003,1.43,11.87,-0.27,1,0.845,7.76,1.69,-5.343,1,5,0.074,0.074,0.0721,0.061
1.33,1,0.794,-2.25,-0.7,5,72.5,20.0,0.07,0.0185,0.07,0.002,-0.011,0.091,0.003,1.43,11.87,-0.27,1,0.84,7.76,1.72,-5.331,1,5,0.074,0.0722,0.0722,0.0611
1.363,1,0.779,-2.25,-1.42,5,72.6,20.46,0.07,0.0321,0.071,0.002,0.002,0.094,0.003,1.43,11.87,-0.27,1,0.84,7.76,1.72,-5.331,1,5,0.0721,0.0721,0.074,0.0666
1.395,1,0.773,-2.25,-1.78,5,72.7,20.46,0.07,0.0448,0.071,-0.0,-0.041,0.096,0.003,1.38,11.87,-2.14,1,0.805,11.63,8.28,-2.336,1,5,0.0722,0.0685,0.0722,0.0703
1.428,1,0.785,-2.5,-1.24,5,72.9,19.97,0.07,0.0511,0.07,-0.0,-0.075,0.098,0.003,1.26,11.87,-2.14,1,0.805,11.63,8.28,-2.336,1,5,0.0703,0.0685,0.0703,0.0703
1.461,1,0.784,-2.75,-1.69,5,72.8,20.0,0.07,0.045,0.07,-0.0,-0.009,0.101,0.003,1.2,11.87,-2.14,1,0.825,10.66,8.08,-1.824,1,5,0.0737,0.07,0.0682,0.0663
1.494,1,0.807,-2.75,-0.22,5,72.7,20.04,0.07,0.0554,0.069,-0.0,0.002,0.102,0.003,1.2,11.87,-2.14,1,0.825,10.66,8.08,-1.824,1,5,0.0719,0.07,0.0682,0.0663
1.525,1,0.805,-2.75,-0.03,5,72.3,20.04,0.07,0.0292,0.069,0.001,0.024,0.105,0.004,1.2,11.87,-2.14,1,0.786,12.6,9.58,-1.008,1,5,0.0682,0.07,0.07,0.0663
1.563,1,0.805,-2.5,-0.3,5,72.1,20.04,0.07,0.0258,0.067,0.002,0.028,0.107,0.004,1.32,11.87,-2.14,1,0.825,13.57,13.64,-0.312,1,5,0.0592,0.0684,0.0684,0.0703
1.594,1,0.804,-2.25,-0.04,5,72.0,20.0,0.07,0.0273,0.067,0.003,0.027,0.109,0.004,1.38,11.88,-1.2,1,0.825,13.57,13.64,-0.312,1,5,0.0573,0.0703,0.0684,0.0703
1.66,1,0.797,-1.75,-0.25,5,71.4,20.2,0.07,0.0202,0.067,0.003,0.018,0.114,0.004,1.43,11.88,-1.2,1,0.802,11.63,15.54,-4.563,1,5,0.0588,0.0735,0.0661,0.0698
1.695,1,0.806,-1.5,-0.32,5,71.7,19.59,0.07,0.0183,0.067,0.002,0.015,0.117,0.004,1.49,11.88,-1.2,1,0.805,11.63,15.91,-3.896,1,5,0.0588,0.0698,0.0661,0.0698
1.726,1,0.827,-1.75,0.4,5,72.6,19.85,0.07,0.0172,0.067,0.003,0.044,0.118,0.004,1.49,11.88,-1.2,1,0.798,13.09,15.22,-1.924,1,5,0.0619,0.0729,0.0674,0.0674
1.758,1,0.832,-1.25,0.37,5,73.1,20.04,0.07,0.008,0.066,0.002,-0.003,0.121,0.004,1.6,11.88,-1.2,1,0.798,13.09,15.22,-1.924,1,5,0.0643,0.0716,0.0643,0.0643
1.798,1,0.831,-1.5,0.59,5,73.1,19.97,0.07,0.0029,0.068,0.0,-0.042,0.122,0.004,1.55,11.88,-1.2,1,0.81,12.12,9.31,-1.924,1,5,0.0692,0.0728,0.0637,0.0655
1.894,1,0.81,-1.75,0.22,5,73.7,20.2,0.07,0.003,0.074,-0.004,-0.005,0.128,0.004,1.43,11.88,0.62,1,0.819,12.12,9.1,-3.92,1,5,0.082,0.0692,0.0711,0.0747
1.924,1,0.803,-1.75,-0.02,5,73.7,20.2,0.07,0.0124,0.075,-0.0,-0.005,0.133,0.004,1.43,11.88,0.62,1,0.822,12.12,8.94,-0.927,1,5,0.0772,0.0735,0.0754,0.0735
1.994,1,0.825,-2.0,0.52,5,73.2,20.0,0.07,0.0163,0.071,0.0,-0.004,0.135,0.004,1.43,11.88,0.62,1,0.823,12.6,8.46,-1.779,1,5,0.0702,0.0702,0.0721,0.0721
2.061,1,0.814,-2.5,1.03,5,73.1,19.59,0.07,0.0096,0.065,0.003,-0.004,0.141,0.005,1.43,11.88,1.1,1,0.824,12.6,8.46,-1.779,1,5,0.0589,0.0681,0.0681,0.0663
2.095,1,0.805,-2.5,0.95,5,73.2,20.04,0.07,0.0064,0.065,0.004,0.021,0.142,0.005,1.43,11.88,1.1,1,0.825,13.09,8.15,-0.899,1,5,0.0571,0.07,0.0681,0.0644
2.193,1,0.816,-2.5,1.49,5,73.5,20.56,0.07,0.0065,0.063,0.001,-0.003,0.148,0.005,1.55,11.88,1.1,1,0.826,9.21,2.35,-1.364,1,5,0.063,0.0667,0.0611,0.0611
2.293,1,0.849,-1.75,1.53,5,73.6,20.56,0.07,-0.0033,0.068,-0.002,-0.009,0.155,0.005,1.43,11.9,2.37,1,0.826,8.72,1.44,-4.666,1,5,0.0719,0.0664,0.0664,0.0682
2.362,1,0.849,-1.25,0.95,5,73.5,20.56,0.07,-0.0126,0.071,0.001,0.021,0.161,0.006,1.49,11.9,2.37,1,0.829,8.24,1.81,-5.557,1,5,0.0666,0.0703,0.074,0.0721
2.394,1,0.844,-1.25,0.91,5,73.4,20.56,0.07,-0.0077,0.069,0.002,0.012,0.162,0.006,1.55,11.9,2.37,1,0.829,8.24,1.81,-5.557,1,5,0.0647,0.0703,0.0721,0.0703
2.562,1,0.837,-0.5,0.56,5,71.6,20.0,0.07,-0.005,0.067,0.001,0.008,0.174,0.006,1.66,11.9,1.59,1,0.837,10.18,1.31,-5.986,1,5,0.0629,0.0703,0.0666,0.0685
2.593,1,0.834,-0.5,0.56,5,71.3,20.57,0.07,-0.0076,0.067,0.001,0.003,0.176,0.006,1.66,11.9,1.59,1,0.838,10.18,1.37,-5.966,1,5,0.0649,0.0704,0.0667,0.0667
2.63,1,0.828,-0.75,0.6,5,71.0,20.46,0.07,-0.0068,0.067,-0.001,-0.031,0.178,0.006,1.6,11.91,-0.53,1,0.839,10.18,2.51,-3.742,1,5,0.0704,0.0649,0.0667,0.0667
2.659,1,0.82,-0.75,0.21,5,70.9,20.46,0.07,-0.0041,0.07,-0.003,-0.054,0.181,0.006,1.43,11.91,-0.53,1,0.836,10.18,1.38,-5.963,1,5,0.0779,0.063,0.0704,0.0686
2.693,1,0.791,-1.0,-0.01,5,70.9,20.57,0.07,0.0029,0.07,-0.003,-0.016,0.183,0.006,1.43,11.91,-0.53,1,0.828,10.18,1.34,-5.976,1,5,0.0778,0.063,0.0704,0.0685
2.796,1,0.833,-0.75,0.31,5,71.9,20.56,0.07,0.0095,0.074,0.0,0.05,0.19,0.006,1.6,11.91,-0.53,1,0.842,13.09,10.08,-2.46,1,5,0.0666,0.074,0.074,0.0796
2.824,1,0.831,-0.25,-0.02,5,72.4,20.56,0.07,0.0008,0.071,-0.0,0.033,0.193,0.006,1.72,11.91,-2.18,1,0.847,13.09,9.2,-3.275,1,5,0.0611,0.074,0.0666,0.0814
2.894,1,0.833,0.25,0.25,5,73.0,20.44,0.07,0.0012,0.069,0.002,0.041,0.197,0.007,1.83,11.91,-2.18,1,0.841,14.06,11.32,-0.806,1,5,0.0592,0.0777,0.0648,0.074
2.995,1,0.844,0.5,0.7,5,73.2,20.44,0.07,-0.0078,0.069,-0.001,-0.071,0.205,0.007,1.95,11.91,-2.18,1,0.849,15.03,12.41,-2.354,1,5,0.0665,0.0739,0.061,0.0702
3.025,1,0.848,0.5,0.85,5,73.5,20.44,0.07,-0.0182,0.07,-0.001,-0.031,0.207,0.007,1.89,11.91,-0.85,1,0.849,15.03,12.41,-2.354,1,5,0.072,0.0739,0.0647,0.0702
3.122,1,0.85,0.25,0.44,5,74.3,20.46,0.07,-0.02,0.077,0.0,-0.017,0.214,0.007,1.83,11.91,-0.85,1,0.848,14.54,10.42,-3.323,1,5,0.0795,0.0739,0.0795,0.0739
3.16,1,0.852,-0.25,0.97,5,74.6,20.46,0.07,-0.0095,0.076,-0.0,-0.022,0.217,0.007,1.83,11.91,-0.85,1,0.848,14.54,10.42,-3.323,1,5,0.0776,0.0702,0.0813,0.0757
3.193,1,0.851,-0.25,0.97,5,74.6,20.46,0.07,-0.013,0.075,-0.0,0.012,0.219,0.007,1.83,11.91,-0.85,1,0.845,14.06,11.23,-2.43,1,5,0.0776,0.0702,0.0794,0.0739
3.222,1,0.855,-0.25,0.72,5,74.8,20.46,0.07,-0.0133,0.073,-0.001,0.0,0.222,0.007,1.83,11.92,0.65,1,0.844,14.06,11.24,-2.413,1,5,0.074,0.0703,0.074,0.0758
3.294,1,0.856,0.0,0.57,5,74.9,20.56,0.07,-0.0098,0.069,-0.001,0.062,0.226,0.007,1.95,11.92,0.65,1,0.846,14.54,10.84,-1.51,1,5,0.0685,0.0666,0.0685,0.0722
3.322,1,0.851,-0.25,1.19,5,74.6,20.46,0.07,-0.0104,0.068,-0.001,-0.013,0.229,0.007,2.01,11.92,0.65,1,0.85,15.03,10.04,-2.405,1,5,0.0685,0.0666,0.0666,0.0703
3.358,1,0.846,0.25,0.89,5,74.8,20.46,0.07,-0.018,0.07,-0.001,-0.01,0.231,0.007,2.01,11.92,0.65,1,0.85,15.03,10.04,-2.405,1,5,0.0684,0.0703,0.0666,0.074
3.39,1,0.853,0.25,0.83,5,74.9,20.46,0.07,-0.0189,0.072,-0.003,-0.028,0.233,0.007,1.95,11.92,0.65,1,0.85,15.03,10.04,-2.405,1,5,0.0703,0.074,0.0647,0.0795
3.427,1,0.866,0.0,0.95,5,75.1,20.56,0.07,-0.0174,0.073,-0.003,0.0,0.236,0.007,1.95,11.92,1.84,1,0.85,15.03,10.04,-2.405,1,5,0.0739,0.0757,0.0646,0.0794
3.526,1,0.828,-0.25,0.89,5,75.2,20.44,0.07,-0.0165,0.074,-0.001,-0.006,0.243,0.007,1.95,11.92,1.84,1,0.839,11.15,2.62,-5.858,1,5,0.0734,0.0716,0.0753,0.0771
3.592,1,0.833,-0.25,0.81,5,75.6,20.44,0.07,-0.0126,0.07,-0.001,-0.002,0.248,0.007,1.95,11.92,1.84,1,0.837,11.15,2.62,-5.854,1,5,0.0699,0.068,0.0699,0.0735
3.621,1,0.858,-0.25,0.95,5,75.7,20.46,0.07,-0.0114,0.068,-0.001,-0.014,0.25,0.008,1.95,11.92,0.91,1,0.837,11.15,2.61,-5.865,1,5,0.0698,0.0662,0.068,0.0698
3.692,1,0.876,-0.25,1.01,5,75.7,20.04,0.07,-0.0141,0.068,-0.001,0.015,0.254,0.008,1.95,11.92,0.91,1,0.848,11.15,2.33,-3.199,1,5,0.0713,0.0622,0.0713,0.0658
3.722,1,0.873,-0.25,1.01,5,75.6,20.04,0.07,-0.0152,0.07,-0.0,-0.008,0.257,0.008,1.95,11.92,0.91,1,0.847,11.15,2.69,-5.837,1,5,0.0731,0.0658,0.0731,0.0676
3.793,1,0.865,-0.25,1.01,5,75.4,20.04,0.07,-0.0153,0.076,-0.001,-0.025,0.262,0.008,1.89,11.92,0.91,1,0.847,11.15,2.69,-5.837,1,5,0.0777,0.0777,0.0721,0.0758
3.821,1,0.866,0.0,0.79,5,75.3,20.0,0.07,-0.0153,0.079,-0.004,0.026,0.265,0.008,1.89,11.92,-0.76,1,0.849,11.15,2.31,-4.88,1,5,0.0833,0.0777,0.0722,0.0833
3.89,1,0.863,0.25,0.66,5,75.0,20.04,0.07,-0.0142,0.08,-0.004,0.028,0.27,0.008,2.01,11.92,-0.76,1,0.849,11.15,2.31,-4.88,1,5,0.0822,0.0786,0.0731,0.0859
3.928,1,0.86,0.25,0.74,5,74.8,20.46,0.07,-0.0146,0.075,-0.003,-0.009,0.273,0.008,2.01,11.92,-0.76,1,0.849,11.15,2.31,-4.88,1,5,0.0749,0.073,0.0712,0.0804
3.993,1,0.847,-0.25,0.9,5,74.9,20.44,0.07,-0.0157,0.068,-0.002,-0.029,0.277,0.008,1.89,11.92,-0.76,1,0.851,14.06,11.26,-2.316,1,5,0.072,0.0609,0.072,0.0683
4.026,1,0.851,-0.25,0.51,5,75.0,20.04,0.07,-0.0124,0.068,-0.0,-0.008,0.28,0.008,1.83,11.92,-1.88,1,0.859,14.06,10.95,0.233,1,5,0.0721,0.061,0.0739,0.0647
4.06,1,0.859,-0.5,0.45,5,75.0,19.97,0.07,-0.0058,0.068,0.002,-0.037,0.283,0.008,1.78,11.92,-1.88,1,0.857,14.06,8.9,-2.462,1,5,0.0699,0.0626,0.0773,0.0626
4.094,1,0.86,-0.75,0.77,5,75.4,20.04,0.07,-0.0022,0.069,0.002,-0.028,0.284,0.008,1.78,11.92,-1.88,1,0.857,14.06,8.9,-2.462,1,5,0.0699,0.0662,0.0772,0.0644
4.125,1,0.83,-0.75,0.03,5,75.7,20.04,0.07,-0.0048,0.074,-0.0,-0.013,0.287,0.008,1.72,11.92,-1.88,1,0.857,13.09,10.11,-2.334,1,5,0.0772,0.0698,0.0772,0.0717
4.222,1,0.842,-1.0,0.35,5,76.1,20.04,0.07,0.0067,0.079,-0.003,-0.02,0.295,0.008,1.6,11.92,-1.3,1,0.858,13.09,8.75,-1.928,1,5,0.0814,0.0796,0.0722,0.0833
4.327,1,0.845,-2.0,0.71,5,76.5,20.04,0.07,0.0034,0.074,-0.006,-0.026,0.303,0.008,1.6,11.92,-1.3,1,0.858,12.12,8.94,-3.871,1,5,0.0796,0.0648,0.0722,0.0796
4.356,1,0.859,-2.25,0.53,5,76.9,20.04,0.07,0.0094,0.071,-0.004,-0.032,0.305,0.008,1.55,11.92,-1.3,1,0.853,12.12,8.92,-2.376,1,5,0.0778,0.0666,0.0703,0.0778
4.425,1,0.823,-2.5,0.31,5,76.7,19.97,0.07,0.0135,0.069,-0.001,-0.005,0.31,0.008,1.49,11.92,-0.27,1,0.86,11.15,7.43,-4.458,1,5,0.0759,0.0629,0.074,0.0648
4.459,1,0.838,-2.25,0.07,5,76.5,20.46,0.07,0.0195,0.069,-0.002,-0.026,0.312,0.008,1.49,11.92,-0.27,1,0.865,11.15,7.78,-3.941,1,5,0.0759,0.0611,0.0741,0.0667
4.523,1,0.848,-2.5,0.04,5,76.5,19.97,0.07,0.0198,0.073,-0.004,0.002,0.317,0.007,1.49,11.92,-0.27,1,0.867,11.15,7.47,-2.967,1,5,0.0741,0.0667,0.0722,0.0796
4.558,1,0.837,-2.25,-0.18,5,76.5,20.46,0.07,0.0231,0.074,-0.003,0.046,0.32,0.007,1.55,11.92,-0.27,1,0.87,11.15,7.82,-2.428,1,5,0.0703,0.0758,0.0666,0.0851
4.627,1,0.862,-2.25,0.53,5,76.1,20.04,0.07,0.0234,0.075,-0.002,0.054,0.325,0.007,1.72,11.92,-0.61,1,0.867,12.12,8.97,-0.807,1,5,0.0684,0.0832,0.0629,0.0851
4.662,1,0.86,-2.25,0.52,5,76.2,20.04,0.07,0.011,0.073,-0.003,0.04,0.327,0.007,1.83,11.92,-0.61,1,0.867,12.12,8.97,-0.807,1,5,0.0685,0.0778,0.0611,0.0833
4.724,1,0.836,-2.25,0.37,5,75.8,20.46,0.07,0.0112,0.067,-0.002,0.018,0.331,0.007,1.89,11.92,-0.61,1,0.872,12.12,9.29,-3.417,1,5,0.0667,0.0685,0.0611,0.0722
4.76,1,0.856,-2.25,0.68,5,75.4,20.46,0.07,0.0138,0.067,-0.0,-0.017,0.334,0.008,1.89,11.92,-0.61,1,0.872,12.12,9.29,-3.417,1,5,0.0667,0.0704,0.0611,0.0685
4.826,1,0.84,-2.25,0.55,5,75.0,20.04,0.07,0.0083,0.066,-0.0,-0.011,0.338,0.008,1.83,11.92,0.04,1,0.873,12.12,9.31,-3.391,1,5,0.0685,0.0648,0.0666,0.0648
4.924,1,0.826,-1.75,0.47,5,74.6,20.44,0.07,0.0106,0.068,-0.003,0.001,0.345,0.008,1.89,11.92,0.04,1,0.871,12.12,8.94,-3.873,1,5,0.0667,0.0648,0.0648,0.0741
4.989,1,0.838,-1.75,0.5,5,74.6,20.44,0.07,0.0065,0.068,0.0,-0.025,0.349,0.008,1.89,11.92,0.04,1,0.862,12.12,9.65,-2.319,1,5,0.0648,0.0723,0.063,0.0704
5.024,1,0.84,-1.75,0.5,5,74.6,20.44,0.07,0.0062,0.066,-0.0,-0.001,0.351,0.008,1.89,11.92,0.51,1,0.862,12.12,9.65,-2.319,1,5,0.0666,0.0685,0.0629,0.0666
5.055,1,0.845,-1.75,0.5,5,74.6,20.44,0.07,0.0064,0.065,0.001,0.048,0.354,0.008,2.01,11.92,0.51,1,0.871,12.12,8.94,-3.865,1,5,0.0648,0.0685,0.0648,0.0667
5.093,1,0.85,-1.75,0.88,5,74.4,20.2,0.07,0.0066,0.064,0.0,0.012,0.355,0.008,2.01,11.92,0.51,1,0.871,12.12,8.94,-3.865,1,5,0.0611,0.0648,0.063,0.0667
5.12,1,0.846,-1.5,0.92,5,74.2,19.97,0.07,0.0001,0.063,0.002,0.001,0.358,0.008,2.06,11.92,0.51,1,0.865,13.09,10.15,-0.781,1,5,0.0575,0.0649,0.0649,0.0649
5.22,1,0.837,-1.5,0.9,5,74.0,19.97,0.098,-0.003,0.066,0.0,-0.022,0.364,0.008,1.95,11.91,1.29,1,0.833,10.18,9.08,-2.24,1,5,0.0666,0.0629,0.0685,0.0648
5.326,1,0.842,-1.0,0.42,5,73.5,19.97,0.0777,-0.0023,0.09,-0.003,0.002,0.373,0.008,2.01,11.91,1.29,1,0.869,10.66,3.58,-3.231,1,5,0.0927,0.0837,0.0909,0.0946
5.353,1,0.84,-0.75,0.83,5,73.3,20.46,0.0724,-0.0001,0.097,-0.001,-0.037,0.376,0.009,1.95,11.91,1.29,1,0.869,10.66,3.58,-3.231,1,5,0.0999,0.0945,0.0963,0.0963
5.426,1,0.822,-0.75,0.81,5,73.1,20.46,0.0724,-0.009,0.097,0.003,-0.037,0.383,0.009,1.89,11.91,1.02,1,0.857,10.66,2.73,-5.792,1,5,0.0999,0.098,0.1017,0.0888
5.458,1,0.833,-1.25,0.72,5,73.1,20.04,0.0724,-0.0083,0.087,0.0,-0.093,0.386,0.009,1.72,11.91,1.02,1,0.859,11.15,2.35,-4.859,1,5,0.0925,0.0796,0.0944,0.0814
5.524,1,0.827,-2.75,0.62,5,73.0,20.04,0.0724,-0.0007,0.079,0.0,-0.045,0.391,0.009,1.49,11.91,1.02,1,0.864,9.21,2.9,-2.637,1,5,0.0831,0.0647,0.0924,0.0739
5.553,1,0.823,-2.75,0.24,5,73.2,20.44,0.0724,0.0195,0.079,0.0,-0.045,0.391,0.009,1.49,11.91,1.02,1,0.868,8.24,1.64,-4.229,1,5,0.0831,0.0647,0.0924,0.0739
5.625,1,0.829,-2.5,0.02,5,73.7,19.97,0.0724,0.0229,0.073,-0.001,0.002,0.397,0.009,1.38,11.93,-0.71,1,0.867,8.24,1.7,-2.643,1,5,0.0794,0.0665,0.0775,0.0683
5.653,1,0.827,-2.5,0.13,5,73.7,19.97,0.0724,0.023,0.071,-0.001,0.01,0.398,0.009,1.43,11.93,-0.71,1,0.864,8.24,1.31,-1.525,1,5,0.0757,0.0665,0.0739,0.0683
5.725,1,0.827,-2.25,0.07,5,73.7,20.46,0.0724,0.0205,0.072,-0.001,0.018,0.404,0.009,1.43,11.93,-0.71,1,0.87,10.66,5.77,-3.597,1,5,0.074,0.074,0.0666,0.0722
5.824,1,0.836,-2.25,0.39,5,74.3,20.46,0.0724,0.0187,0.075,0.0,0.024,0.411,0.009,1.66,11.93,-1.08,1,0.87,10.66,5.77,-3.597,1,5,0.0648,0.0778,0.0722,0.0833
5.855,1,0.841,-2.0,0.43,5,74.6,20.2,0.0724,0.0132,0.074,0.0,0.008,0.413,0.009,1.66,11.93,-1.08,1,0.866,11.15,7.06,-3.511,1,5,0.0667,0.0778,0.0704,0.0815
5.924,1,0.833,-1.75,0.02,5,74.7,20.04,0.0724,0.0098,0.073,-0.001,-0.028,0.419,0.01,1.6,11.93,-1.08,1,0.87,11.15,7.09,-3.523,1,5,0.0735,0.0699,0.0735,0.0735
5.953,1,0.831,-2.0,0.25,5,74.8,19.97,0.0724,0.014,0.071,0.001,-0.004,0.42,0.01,1.6,11.93,-1.08,1,0.87,11.15,7.43,-2.943,1,5,0.0699,0.0699,0.0735,0.0699
6.024,1,0.827,-1.75,-0.1,5,74.8,20.44,0.0724,0.0136,0.072,0.0,0.006,0.426,0.01,1.6,11.93,-1.42,1,0.87,11.15,7.43,-2.943,1,5,0.0715,0.0715,0.0733,0.0733
6.053,1,0.827,-1.75,-0.09,5,74.7,20.44,0.0724,0.0166,0.074,-0.001,-0.009,0.428,0.01,1.6,11.93,-1.42,1,0.864,11.15,7.8,-0.781,1,5,0.0752,0.0733,0.0715,0.0752
6.122,1,0.845,-2.0,0.54,5,74.7,20.04,0.0724,0.0168,0.076,-0.002,0.047,0.433,0.01,1.66,11.93,-1.42,1,0.863,11.15,7.41,-2.944,1,5,0.0755,0.0773,0.0701,0.0791
6.159,1,0.849,-2.0,0.47,5,75.1,20.2,0.0724,0.0091,0.074,0.001,0.03,0.436,0.01,1.78,11.93,-1.42,1,0.873,12.12,6.56,-2.541,1,5,0.0687,0.0777,0.0723,0.0777
6.223,1,0.862,-1.5,0.46,5,75.2,20.44,0.0724,0.0101,0.071,0.002,0.013,0.44,0.01,1.89,11.92,-0.72,1,0.873,12.12,6.56,-2.541,1,5,0.0629,0.0777,0.0685,0.074
6.252,1,0.87,-1.5,0.58,5,74.9,20.2,0.0724,0.0038,0.071,0.001,0.015,0.442,0.01,1.95,11.92,-0.72,1,0.874,12.12,8.64,-1.36,1,5,0.0647,0.0776,0.0665,0.0739
6.323,1,0.877,-1.25,0.47,5,74.7,20.46,0.0724,0.0026,0.072,-0.001,-0.0,0.447,0.01,1.89,11.92,-0.72,1,0.875,12.12,8.59,-2.904,1,5,0.0696,0.0696,0.0715,0.077
6.357,1,0.849,-1.0,0.41,5,74.8,20.44,0.0724,0.0017,0.073,-0.002,0.034,0.45,0.01,1.95,11.92,-0.72,1,0.876,12.12,8.63,-1.353,1,5,0.0716,0.0697,0.0734,0.0752
6.424,1,0.858,-0.75,0.47,5,74.8,20.46,0.0724,0.0006,0.074,0.0,-0.0,0.455,0.011,2.01,11.92,-0.26,1,0.878,12.6,8.16,-3.478,1,5,0.0735,0.0772,0.0699,0.0735
6.455,1,0.87,-0.75,0.58,5,75.6,20.46,0.0724,-0.0031,0.074,-0.001,-0.006,0.456,0.011,2.01,11.92,-0.26,1,0.875,13.09,7.74,-2.51,1,5,0.0735,0.079,0.068,0.0772
6.523,1,0.886,-1.25,1.03,5,75.3,20.2,0.0724,-0.0042,0.076,0.0,0.033,0.463,0.011,2.06,11.92,-0.26,1,0.872,13.09,7.76,-2.507,1,5,0.0776,0.0813,0.0721,0.0739
6.552,1,0.883,-1.25,0.65,5,75.1,20.44,0.0724,-0.006,0.076,0.001,-0.013,0.464,0.011,2.06,11.92,-0.26,1,0.869,13.09,8.75,-1.909,1,5,0.0776,0.0795,0.0739,0.0721
6.625,1,0.844,-1.25,0.84,5,74.8,20.46,0.0724,0.0002,0.073,-0.0,-0.024,0.47,0.011,2.01,11.92,0.79,1,0.873,13.09,8.76,-1.906,1,5,0.0702,0.072,0.0739,0.0775
6.652,1,0.842,-1.25,0.73,5,74.7,20.46,0.0724,-0.0032,0.072,0.0,-0.024,0.471,0.011,2.01,11.92,0.79,1,0.872,13.09,7.76,-2.492,1,5,0.0665,0.0702,0.0757,0.0776
6.724,1,0.87,-1.25,0.67,5,73.5,20.46,0.0724,-0.0014,0.07,0.0,-0.003,0.477,0.012,2.01,11.92,0.79,1,0.871,13.09,7.74,-2.504,1,5,0.0662,0.068,0.0735,0.0735
6.753,1,0.854,-0.75,0.47,5,73.4,20.46,0.0724,-0.0004,0.071,-0.0,0.018,0.478,0.012,2.01,11.92,0.79,1,0.871,13.09,7.74,-2.504,1,5,0.068,0.0698,0.0717,0.0735
6.826,1,0.871,-0.25,0.88,5,73.4,20.46,0.0724,-0.0024,0.072,0.001,-0.02,0.484,0.012,2.12,11.92,1.14,1,0.871,13.09,7.74,-2.504,1,5,0.0661,0.0771,0.0697,0.0771
6.857,1,0.871,-0.25,0.6,5,73.2,20.46,0.0724,-0.0155,0.073,0.001,0.019,0.487,0.012,2.06,11.92,1.14,1,0.862,14.06,8.93,-2.459,1,5,0.0717,0.0809,0.068,0.0717
6.921,1,0.845,-0.25,1.02,5,73.2,20.04,0.0724,-0.0095,0.074,0.004,0.026,0.492,0.013,2.18,11.92,1.14,1,0.86,13.57,9.0,-2.502,1,5,0.0753,0.0808,0.0753,0.0661
6.956,1,0.857,-0.25,0.93,5,74.0,20.46,0.0724,-0.0163,0.074,0.003,-0.007,0.493,0.013,2.18,11.92,1.14,1,0.868,14.06,8.97,-2.467,1,5,0.0753,0.0771,0.0771,0.0679
6.988,1,0.869,-0.25,0.92,5,73.7,20.46,0.0724,-0.0145,0.074,0.002,0.002,0.496,0.013,2.18,11.92,1.14,1,0.841,11.15,7.52,-1.478,1,5,0.0703,0.074,0.0777,0.074
7.022,1,0.869,-0.25,1.01,5,73.9,20.0,0.0724,-0.0143,0.073,-0.001,-0.029,0.499,0.013,2.12,11.92,2.11,1,0.841,11.15,7.52,-1.478,1,5,0.0704,0.0704,0.0741,0.0778
7.051,1,0.862,-0.25,0.9,5,73.5,20.04,0.0724,-0.0157,0.073,-0.001,-0.022,0.501,0.013,2.12,11.92,2.11,1,0.873,10.66,3.37,-3.726,1,5,0.0704,0.0667,0.0759,0.0778
7.092,1,0.833,-0.25,0.53,5,73.4,20.2,0.0724,-0.0136,0.073,-0.001,-0.008,0.503,0.013,2.06,11.92,2.11,1,0.874,10.18,2.8,-3.742,1,5,0.0741,0.0668,0.0759,0.0741
7.123,1,0.85,0.25,0.34,5,73.2,20.46,0.0724,-0.0071,0.074,-0.001,0.036,0.506,0.013,2.12,11.92,2.11,1,0.867,11.15,2.56,-3.323,1,5,0.0776,0.0686,0.0758,0.0722
7.156,1,0.851,0.25,0.68,5,73.6,20.46,0.0724,-0.01,0.075,-0.003,-0.035,0.509,0.013,2.12,11.92,2.11,1,0.867,11.15,2.56,-3.323,1,5,0.0794,0.0686,0.074,0.0722
7.186,1,0.859,0.25,0.73,5,73.4,20.46,0.0724,-0.0153,0.076,-0.003,-0.047,0.511,0.013,2.06,11.92,2.11,1,0.881,11.15,2.54,-3.332,1,5,0.0796,0.0741,0.0722,0.0778
7.224,1,0.859,0.25,0.72,5,73.3,20.2,0.0724,-0.0157,0.078,-0.001,0.029,0.514,0.013,2.12,11.92,1.77,1,0.881,11.15,2.54,-3.332,1,5,0.0815,0.0815,0.0722,0.0778
7.254,1,0.857,0.25,0.74,5,73.3,20.44,0.0724,-0.0155,0.078,0.0,0.051,0.515,0.013,2.18,11.92,1.77,1,0.885,11.15,2.54,-3.323,1,5,0.0778,0.0834,0.0741,0.0778
7.293,1,0.863,0.75,0.27,5,73.9,20.44,0.0724,-0.0156,0.076,0.001,-0.0,0.518,0.013,2.23,11.92,1.77,1,0.881,11.15,2.94,-5.8,1,5,0.0758,0.0795,0.0758,0.074
7.321,1,0.864,0.5,0.78,5,73.8,20.04,0.0724,-0.0135,0.073,0.002,-0.015,0.521,0.013,2.18,11.92,1.77,1,0.881,11.15,2.94,-5.8,1,5,0.0684,0.074,0.0758,0.074
7.355,1,0.861,0.25,0.77,5,73.8,20.44,0.0724,-0.0186,0.073,0.002,-0.017,0.523,0.014,2.18,11.92,1.77,1,0.882,11.15,2.94,-5.8,1,5,0.0684,0.0739,0.0758,0.0721
7.421,1,0.862,0.25,0.39,5,73.7,20.04,0.0724,-0.0153,0.072,0.004,-0.013,0.528,0.014,2.01,11.92,0.37,1,0.885,11.15,2.55,-3.318,1,5,0.0679,0.0697,0.0807,0.0679
7.454,1,0.868,0.25,0.48,5,74.0,20.46,0.0724,-0.0089,0.072,0.002,-0.017,0.53,0.014,2.01,11.92,0.37,1,0.882,11.15,2.57,-3.327,1,5,0.0716,0.0679,0.0807,0.0679
7.523,1,0.872,0.25,0.07,5,74.1,20.46,0.0724,-0.0106,0.075,0.0,-0.029,0.536,0.014,1.89,11.92,0.37,1,0.882,11.15,1.92,-4.789,1,5,0.0777,0.0703,0.0795,0.0721
7.555,1,0.876,0.25,0.15,5,74.3,20.44,0.0724,-0.0035,0.076,-0.0,-0.036,0.538,0.014,1.83,11.92,0.37,1,0.891,10.66,1.25,-4.831,1,5,0.0777,0.0758,0.0758,0.0758
7.585,1,0.887,-0.25,0.24,5,74.3,20.04,0.0724,-0.0049,0.078,0.001,0.002,0.541,0.015,1.78,11.92,0.37,1,0.895,10.18,1.32,-4.93,1,5,0.0795,0.0813,0.0758,0.0739
7.621,1,0.888,-0.25,0.24,5,74.3,20.04,0.0724,-0.0002,0.078,0.001,0.042,0.544,0.015,1.89,11.92,0.37,1,0.895,10.18,1.32,-4.93,1,5,0.0795,0.0814,0.0777,0.074
7.655,1,0.886,0.0,0.0,5,74.1,19.97,0.0724,-0.0008,0.076,0.003,-0.005,0.545,0.015,1.89,11.93,-1.46,1,0.84,13.09,5.11,-4.888,1,5,0.0758,0.0777,0.0795,0.0703
7.686,1,0.871,0.0,0.01,5,74.0,19.97,0.0724,0.0,0.073,0.001,-0.006,0.548,0.015,1.89,11.93,-1.46,1,0.874,13.57,8.4,-3.923,1,5,0.0703,0.0721,0.0758,0.0721
7.72,1,0.848,0.0,0.05,5,74.0,19.97,0.0724,-0.0001,0.07,0.001,-0.014,0.551,0.015,1.89,11.93,-1.46,1,0.874,13.57,8.4,-3.923,1,5,0.0665,0.0702,0.0721,0.0702
7.757,1,0.872,0.0,0.03,5,74.3,19.97,0.0724,-0.0008,0.068,0.001,-0.023,0.553,0.015,1.83,11.93,-1.46,1,0.895,13.09,7.45,-4.572,1,5,0.0665,0.0702,0.0702,0.0702
7.785,1,0.882,0.0,0.03,5,74.3,19.97,0.0724,-0.0006,0.068,0.001,-0.004,0.555,0.015,1.83,11.93,-1.46,1,0.895,13.09,7.77,-3.974,1,5,0.0647,0.0666,0.0721,0.0684
7.824,1,0.884,0.0,0.12,5,74.4,19.97,0.0724,-0.0005,0.067,0.0,-0.001,0.557,0.015,1.83,11.93,-2.16,1,0.894,13.09,7.77,-3.964,1,5,0.0666,0.0648,0.0685,0.0666
7.855,1,0.882,-0.25,0.33,5,74.4,20.46,0.0724,-0.0021,0.067,-0.001,0.002,0.559,0.015,1.83,11.93,-2.16,1,0.894,13.09,7.77,-3.964,1,5,0.0666,0.0629,0.0684,0.0684
7.921,1,0.885,0.5,0.12,5,75.0,19.97,0.0724,-0.0029,0.069,-0.001,0.015,0.564,0.015,1.95,11.93,-2.16,1,0.894,13.09,7.76,-3.972,1,5,0.0648,0.0685,0.0685,0.0759
7.952,1,0.885,0.5,0.21,5,75.4,20.0,0.0724,-0.0084,0.07,-0.001,-0.016,0.566,0.015,1.89,11.93,-2.16,1,0.884,14.06,7.59,-3.584,1,5,0.0667,0.0722,0.0667,0.0759
8.023,1,0.886,0.25,0.44,5,75.8,20.0,0.0724,-0.009,0.07,0.003,0.018,0.571,0.016,1.89,11.93,-2.46,1,0.884,14.06,7.59,-3.584,1,5,0.0734,0.0771,0.0698,0.0606
8.053,1,0.885,0.25,0.44,5,75.8,20.0,0.0868,-0.0097,0.071,0.004,0.005,0.573,0.016,1.89,11.93,-2.46,1,0.887,14.06,7.6,-3.584,1,5,0.0734,0.0753,0.0753,0.0606
8.121,1,0.883,0.25,0.44,5,76.0,20.0,0.1074,-0.0098,0.074,0.0,-0.039,0.579,0.016,1.83,11.93,-2.46,1,0.886,14.06,7.6,-3.584,1,5,0.0722,0.0703,0.0777,0.074
8.155,1,0.88,0.25,0.6,5,76.0,20.0,0.083,-0.0099,0.074,-0.0,-0.047,0.58,0.016,1.78,11.93,-2.46,1,0.886,14.06,6.6,-5.548,1,5,0.074,0.0703,0.0777,0.074
8.185,1,0.872,0.25,0.18,5,75.9,20.2,0.0813,-0.0126,0.08,0.001,-0.031,0.584,0.017,1.66,11.93,-2.46,1,0.892,13.57,6.97,-3.607,1,5,0.0796,0.074,0.0888,0.0777
8.222,1,0.874,0.25,-0.24,5,75.8,20.0,0.0813,-0.0054,0.086,0.0,0.011,0.587,0.017,1.66,11.93,-2.15,1,0.892,13.57,6.97,-3.607,1,5,0.0906,0.0814,0.0924,0.0814
8.256,1,0.875,0.25,0.37,5,75.6,20.04,0.0813,0.002,0.087,0.0,0.015,0.589,0.017,1.66,11.91,-2.15,1,0.896,13.09,6.85,-4.513,1,5,0.0905,0.0813,0.0942,0.0831
8.289,1,0.867,0.25,-0.25,5,75.3,20.0,0.0813,-0.0087,0.087,-0.001,-0.101,0.593,0.017,1.55,11.91,-2.15,1,0.895,13.09,6.41,-3.629,1,5,0.0915,0.086,0.086,0.086
8.322,1,0.837,-0.25,-0.12,5,75.1,20.46,0.0813,0.002,0.088,0.001,0.043,0.596,0.017,1.49,11.91,-2.15,1,0.895,13.09,6.41,-3.629,1,5,0.0897,0.0915,0.0879,0.0842
8.357,1,0.855,0.25,-0.0,5,75.1,20.46,0.0813,0.0057,0.089,0.003,-0.011,0.6,0.017,1.55,11.91,-2.15,1,0.888,16.48,12.95,-3.302,1,5,0.0934,0.0934,0.0879,0.0824
8.422,1,0.861,0.25,-0.24,5,74.1,20.0,0.0813,-0.0026,0.084,0.003,-0.009,0.605,0.018,1.55,11.91,-2.15,1,0.877,16.48,12.57,-2.436,1,5,0.0833,0.0852,0.0889,0.0778
8.454,1,0.86,0.0,0.0,5,73.7,19.97,0.0813,0.0017,0.082,0.004,-0.022,0.606,0.018,1.55,11.91,-2.89,1,0.878,15.99,13.42,-4.151,1,5,0.0778,0.0834,0.0871,0.0778
8.489,1,0.861,-0.25,-0.41,5,74.0,20.04,0.0813,0.0005,0.081,0.001,-0.036,0.61,0.018,1.49,11.91,-2.89,1,0.879,15.99,12.71,-2.668,1,5,0.0814,0.0796,0.0833,0.0777
8.521,1,0.862,-0.25,-0.44,5,73.4,19.85,0.0813,0.0107,0.079,-0.002,-0.025,0.613,0.018,1.38,11.91,-2.89,1,0.887,15.99,11.34,-3.75,1,5,0.0813,0.0739,0.0813,0.0813
8.555,1,0.862,-0.25,-0.36,5,73.0,20.0,0.0813,0.0108,0.079,-0.003,-0.026,0.614,0.018,1.38,11.91,-2.89,1,0.89,15.99,11.33,-2.416,1,5,0.085,0.0739,0.0795,0.0795
8.585,1,0.856,0.25,-0.63,5,73.1,20.2,0.0813,0.0091,0.08,-0.003,0.069,0.617,0.017,1.43,11.91,-2.89,1,0.889,15.51,11.8,-3.346,1,5,0.0872,0.0747,0.0783,0.0783
8.628,1,0.853,0.25,-0.05,5,73.4,20.46,0.0813,0.0077,0.083,-0.003,-0.064,0.621,0.018,1.43,11.9,-2.16,1,0.887,16.48,11.6,-4.322,1,5,0.0901,0.0812,0.0795,0.0812
8.655,1,0.847,0.25,-0.59,5,73.3,20.2,0.0813,-0.0022,0.086,-0.002,0.005,0.623,0.018,1.43,11.9,-2.16,1,0.887,16.48,11.6,-4.322,1,5,0.0884,0.0848,0.0831,0.0866
8.684,1,0.852,0.25,-0.25,5,73.8,20.0,0.0813,0.0075,0.087,0.001,-0.004,0.626,0.018,1.43,11.9,-2.16,1,0.887,16.48,11.6,-4.322,1,5,0.0825,0.088,0.088,0.088
8.719,1,0.855,0.25,-0.25,5,73.8,20.0,0.0813,0.0017,0.081,0.004,0.016,0.629,0.018,1.49,11.9,-2.16,1,0.887,16.48,11.6,-4.322,1,5,0.074,0.0852,0.0852,0.0796
8.753,1,0.85,0.0,0.0,5,73.6,19.97,0.0813,0.0019,0.078,0.005,-0.013,0.63,0.018,1.49,11.9,-2.16,1,0.887,16.48,11.6,-4.322,1,5,0.0721,0.0832,0.0832,0.074
8.79,1,0.846,-0.25,-0.06,5,73.6,20.46,0.0813,0.0005,0.076,0.004,-0.025,0.634,0.018,1.43,11.9,-2.16,1,0.895,15.99,11.65,-4.617,1,5,0.07,0.0792,0.081,0.0737
8.822,1,0.854,-0.25,-0.16,5,73.8,20.2,0.0813,0.0046,0.077,0.001,-0.012,0.637,0.018,1.43,11.9,-0.92,1,0.898,15.99,11.28,-3.79,1,5,0.0755,0.0773,0.0791,0.0755
8.858,1,0.861,-0.25,-0.37,5,74.0,20.0,0.0813,0.0059,0.077,-0.001,-0.019,0.64,0.018,1.38,11.9,-0.92,1,0.896,15.51,10.41,-4.395,1,5,0.0814,0.074,0.0777,0.0759
8.887,1,0.867,-0.25,-0.64,5,74.3,20.04,0.0813,0.0092,0.077,-0.002,-0.02,0.641,0.018,1.38,11.9,-0.92,1,0.896,15.51,10.41,-4.395,1,5,0.0832,0.074,0.0758,0.0758
8.92,1,0.866,-0.25,-0.76,5,74.6,20.2,0.0813,0.0139,0.077,-0.003,-0.005,0.644,0.018,1.32,11.9,-0.92,1,0.897,15.51,10.42,-4.393,1,5,0.0829,0.0737,0.0755,0.0773
8.956,1,0.861,-0.25,-0.76,5,74.7,20.2,0.0772,0.0157,0.081,-0.002,0.011,0.648,0.018,1.32,11.9,-0.92,1,0.9,15.51,9.69,-5.713,1,5,0.0829,0.0774,0.0774,0.081
8.989,1,0.854,-0.25,-0.57,5,74.8,20.46,0.0772,0.0156,0.082,0.0,0.007,0.65,0.019,1.38,11.9,-0.92,1,0.9,15.51,9.69,-5.713,1,5,0.0811,0.0829,0.0811,0.0829
9.023,1,0.842,-0.25,-0.06,5,75.0,20.46,0.07,0.0123,0.086,0.001,0.004,0.653,0.019,1.43,11.9,-1.31,1,0.902,15.51,10.42,-4.403,1,5,0.0796,0.087,0.087,0.0888
9.055,1,0.86,-0.25,-0.63,5,75.1,20.46,0.07,0.0034,0.084,-0.0,0.034,0.655,0.019,1.43,11.9,-1.31,1,0.902,15.51,10.42,-4.403,1,5,0.0795,0.0851,0.0832,0.0887
9.087,1,0.86,-0.25,-0.44,5,75.4,20.0,0.07,0.0134,0.082,-0.0,0.02,0.658,0.019,1.49,11.9,-1.31,1,0.905,15.51,10.41,-4.405,1,5,0.0773,0.0846,0.0791,0.0883
9.12,1,0.858,-0.25,-0.37,5,75.4,20.0,0.07,0.01,0.077,-0.001,0.002,0.661,0.019,1.55,11.9,-1.31,1,0.911,15.99,9.95,-3.482,1,5,0.0753,0.079,0.0735,0.0808
9.15,1,0.857,-0.25,-0.37,5,75.4,20.0,0.07,0.0087,0.075,0.0,-0.004,0.662,0.019,1.49,11.9,-1.31,1,0.911,15.99,10.4,-4.317,1,5,0.0735,0.0771,0.0735,0.0771
9.188,1,0.856,-0.25,-0.37,5,75.2,20.0,0.07,0.0087,0.073,-0.0,-0.042,0.665,0.019,1.43,11.9,-1.31,1,0.911,15.99,10.4,-4.317,1,5,0.072,0.0702,0.0739,0.0739
9.224,1,0.85,-0.25,-0.58,5,75.1,20.2,0.07,0.0087,0.069,0.001,-0.032,0.668,0.019,1.38,11.87,-1.44,1,0.915,15.51,10.44,-4.407,1,5,0.0685,0.0685,0.0722,0.0685
9.256,1,0.844,-0.25,-0.68,5,74.9,20.46,0.07,0.0123,0.069,-0.001,-0.013,0.671,0.019,1.32,11.87,-1.44,1,0.914,15.03,10.16,-3.838,1,5,0.074,0.0666,0.0703,0.0666
9.289,1,0.85,-0.5,-0.43,5,75.0,20.44,0.07,0.0142,0.07,-0.0,0.008,0.672,0.019,1.32,11.87,-1.44,1,0.916,15.03,10.17,-3.836,1,5,0.074,0.0703,0.0703,0.0666
9.32,1,0.86,-0.25,-0.75,5,75.0,20.44,0.07,0.013,0.075,-0.0,0.015,0.675,0.019,1.32,11.87,-1.44,1,0.916,15.03,10.17,-3.836,1,5,0.0777,0.074,0.0721,0.0703
9.358,1,0.867,-0.25,-0.75,5,75.2,20.2,0.07,0.0152,0.077,0.002,0.045,0.678,0.019,1.43,11.87,-1.44,1,0.915,15.51,9.07,-5.438,1,5,0.0721,0.0777,0.0795,0.0777
9.387,1,0.868,-0.25,-0.36,5,75.1,20.0,0.07,0.0153,0.076,0.002,0.007,0.68,0.019,1.43,11.87,-1.44,1,0.915,15.51,9.07,-5.438,1,5,0.0703,0.0777,0.0777,0.0777
9.418,1,0.861,-0.25,-0.44,5,75.0,20.0,0.07,0.0085,0.073,0.001,0.035,0.683,0.019,1.49,11.87,-1.44,1,0.92,15.51,9.48,-6.235,1,5,0.0684,0.074,0.074,0.0758
9.453,1,0.853,-0.25,-0.34,5,74.8,20.46,0.07,0.01,0.071,0.002,0.038,0.684,0.02,1.49,11.87,-1.44,1,0.92,15.51,9.48,-6.235,1,5,0.0684,0.0758,0.0703,0.0703
9.488,1,0.85,-0.25,-0.06,5,74.5,20.46,0.07,0.0081,0.069,0.003,0.021,0.687,0.02,1.6,11.87,-1.44,1,0.924,15.99,9.05,-5.399,1,5,0.0665,0.0776,0.0665,0.0665
9.553,1,0.846,-0.25,-0.06,5,73.5,20.46,0.07,0.0033,0.07,0.0,-0.024,0.691,0.02,1.55,11.87,-1.44,1,0.923,15.99,10.01,-3.482,1,5,0.0666,0.0722,0.0685,0.0722
9.588,1,0.843,-0.25,-0.05,5,73.1,20.44,0.07,0.0033,0.07,-0.001,-0.003,0.694,0.02,1.55,11.87,-1.44,1,0.923,15.99,8.99,-5.415,1,5,0.0685,0.0666,0.0703,0.074
9.654,1,0.84,-0.25,-0.05,5,72.9,20.44,0.07,0.0031,0.07,-0.002,-0.005,0.698,0.02,1.55,11.86,-1.44,1,0.921,15.99,8.97,-5.422,1,5,0.074,0.0703,0.0648,0.0703
9.722,1,0.844,-0.25,-0.05,5,73.1,20.44,0.07,0.0031,0.072,0.001,0.042,0.704,0.02,1.6,11.86,-1.44,1,0.915,15.99,8.94,-5.427,1,5,0.0721,0.0776,0.0684,0.0702
9.754,1,0.847,-0.25,-0.05,5,73.4,20.44,0.07,0.0031,0.071,0.002,0.004,0.705,0.02,1.6,11.86,-1.44,1,0.914,15.99,8.95,-5.421,1,5,0.0666,0.074,0.0721,0.0721
9.888,1,0.826,-0.25,0.42,5,73.2,20.46,0.07,0.0031,0.068,0.002,-0.02,0.715,0.021,1.66,11.86,-1.79,1,0.909,15.99,8.98,-5.393,1,5,0.0685,0.0704,0.0685,0.063
9.955,1,0.821,-0.75,0.13,5,73.0,20.46,0.07,-0.005,0.068,0.0,-0.019,0.719,0.021,1.6,11.86,-1.79,1,0.899,15.51,8.75,-4.844,1,5,0.0611,0.0667,0.0704,0.0741
9.986,1,0.829,-0.75,0.05,5,72.7,20.46,0.07,0.0059,0.066,0.001,-0.002,0.721,0.021,1.55,11.86,-1.79,1,0.899,15.51,8.75,-4.844,1,5,0.0593,0.063,0.0704,0.0704
10.054,1,0.829,-0.25,-0.26,5,73.2,20.2,0.07,0.0066,0.067,-0.002,0.027,0.725,0.021,1.55,11.86,-2.15,1,0.899,15.03,8.82,-3.535,1,5,0.0684,0.0647,0.0647,0.0703
10.086,1,0.819,-0.25,0.02,5,73.6,20.44,0.07,0.0058,0.07,-0.003,0.003,0.728,0.021,1.6,11.86,-2.15,1,0.895,15.51,8.33,-4.054,1,5,0.0702,0.0702,0.0647,0.0758
10.154,1,0.819,-0.25,0.18,5,73.7,20.46,0.07,0.0014,0.074,0.002,0.018,0.733,0.021,1.72,11.86,-2.15,1,0.892,15.51,9.12,-4.106,1,5,0.0666,0.0814,0.0722,0.0777
10.253,1,0.853,-0.25,0.07,5,74.1,20.44,0.07,-0.0011,0.069,0.001,0.009,0.74,0.021,1.83,11.85,-2.47,1,0.88,15.99,9.06,-5.358,1,5,0.0702,0.0739,0.0665,0.0665
10.287,1,0.851,-0.25,0.09,5,74.1,20.46,0.07,0.0008,0.069,0.001,-0.027,0.743,0.022,1.78,11.85,-2.47,1,0.88,15.99,9.08,-5.349,1,5,0.0703,0.0703,0.0703,0.0666
10.355,1,0.832,-0.25,0.08,5,73.9,20.0,0.07,0.0006,0.069,-0.0,0.002,0.748,0.022,1.72,11.85,-2.47,1,0.871,15.51,9.15,-4.147,1,5,0.0685,0.0648,0.074,0.0722
10.387,1,0.828,-0.25,0.32,5,73.8,20.44,0.07,0.0009,0.069,-0.001,-0.003,0.75,0.022,1.72,11.85,-2.47,1,0.871,15.51,9.15,-4.147,1,5,0.0703,0.0666,0.0703,0.0703
10.454,1,0.829,0.25,0.12,5,73.8,20.46,0.07,-0.0034,0.072,-0.004,0.006,0.754,0.021,1.78,11.85,-2.47,1,0.866,15.99,8.64,-3.191,1,5,0.0759,0.0703,0.0648,0.0759
10.487,1,0.818,0.25,0.07,5,73.9,20.46,0.07,-0.0058,0.077,-0.003,0.015,0.757,0.022,1.78,11.85,-2.47,1,0.864,15.99,8.63,-3.197,1,5,0.0795,0.0777,0.0703,0.0795
10.552,1,0.829,0.25,0.16,5,74.6,20.46,0.07,-0.0043,0.077,0.0,0.01,0.762,0.022,1.83,11.85,-2.47,1,0.86,15.99,8.63,-3.214,1,5,0.0745,0.0781,0.0763,0.0781
10.585,1,0.839,0.25,0.11,5,74.6,20.46,0.07,-0.0056,0.072,-0.0,0.015,0.765,0.022,1.89,11.85,-2.47,1,0.856,15.99,7.79,-6.446,1,5,0.0676,0.073,0.0712,0.0765
10.652,1,0.839,0.0,0.28,5,73.7,20.44,0.07,-0.0044,0.07,0.002,-0.03,0.769,0.022,1.83,11.85,-2.16,1,0.847,15.99,9.58,-2.745,1,5,0.067,0.0725,0.0707,0.0689
10.685,1,0.842,-0.25,-0.13,5,73.4,20.46,0.07,-0.0044,0.07,0.003,-0.048,0.772,0.022,1.72,11.85,-2.16,1,0.84,15.51,10.08,-2.368,1,5,0.0648,0.0685,0.0777,0.0685
10.753,1,0.797,-0.5,-0.11,5,73.0,20.44,0.07,0.0054,0.071,-0.0,-0.021,0.776,0.022,1.66,11.85,-2.16,1,0.84,15.51,10.08,-2.368,1,5,0.07,0.0644,0.0773,0.0736
10.787,1,0.797,-0.5,-0.42,5,72.7,20.44,0.07,0.0076,0.074,-0.002,0.0,0.779,0.022,1.66,11.85,-2.16,1,0.807,15.03,9.25,-3.535,1,5,0.0773,0.07,0.0736,0.0736
10.985,1,0.819,-1.0,-0.62,5,73.7,20.56,0.07,0.0119,0.072,0.002,0.001,0.794,0.023,1.78,11.85,-1.75,1,0.743,14.06,13.21,0.0,0,5,0.0703,0.0758,0.0721,0.0703
11.088,1,0.833,-1.25,-0.37,5,73.7,20.2,0.07,0.0206,0.066,-0.0,0.009,0.801,0.023,1.72,11.85,0.24,1,0.736,9.21,9.6,0.0,0,5,0.0628,0.0628,0.0684,0.0702
11.152,1,0.83,-1.0,-0.41,5,73.8,20.56,0.07,0.0185,0.066,-0.002,0.032,0.805,0.023,1.78,11.85,0.24,1,0.737,9.21,11.07,0.0,0,5,0.0647,0.0629,0.0647,0.0703
11.185,1,0.829,-0.75,-0.22,5,73.8,20.44,0.07,0.016,0.067,-0.002,0.013,0.808,0.023,1.83,11.85,0.24,1,0.736,9.21,12.48,0.0,0,5,0.0629,0.0666,0.0629,0.074
11.216,1,0.822,-0.75,-0.54,5,74.0,20.44,0.07,0.0097,0.069,-0.001,-0.015,0.811,0.023,1.83,11.85,0.24,1,0.746,8.24,10.99,0.0,0,5,0.0629,0.074,0.0629,0.0759
11.284,1,0.831,-1.0,-0.3,5,74.2,20.0,0.07,0.0157,0.07,0.001,0.06,0.815,0.023,1.95,11.84,2.13,1,0.746,7.76,12.19,0.0,0,5,0.0702,0.0776,0.0647,0.0684
11.317,1,0.822,-1.25,-0.37,5,74.1,20.46,0.07,0.0148,0.067,0.001,-0.012,0.817,0.023,1.95,11.84,2.13,1,0.74,7.76,13.55,0.0,0,5,0.0661,0.0698,0.0679,0.0661
11.353,1,0.824,-0.75,-0.9,5,74.0,20.46,0.07,0.0187,0.068,0.0,0.011,0.819,0.023,2.01,11.84,2.13,1,0.74,7.76,13.55,0.0,0,5,0.0677,0.0695,0.0677,0.0677
11.388,1,0.824,-1.25,-0.35,5,73.7,20.46,0.07,0.0218,0.065,-0.0,-0.008,0.821,0.023,2.01,11.84,2.13,1,0.703,3.39,16.36,0.0,0,5,0.0641,0.0659,0.0641,0.0677
11.457,1,0.81,-1.25,-0.61,5,73.8,20.2,0.07,0.0182,0.062,-0.0,-0.019,0.825,0.024,1.89,11.84,4.04,1,0.715,2.42,11.79,0.0,0,5,0.0629,0.0592,0.0648,0.0629
11.486,1,0.813,-1.25,-0.77,5,74.2,20.44,0.07,0.0223,0.062,0.0,-0.003,0.828,0.024,1.89,11.84,4.04,1,0.715,2.42,11.79,0.0,0,5,0.0611,0.0592,0.0666,0.0629
11.552,1,0.822,-1.25,-0.64,5,74.7,20.2,0.07,0.025,0.064,0.0,-0.008,0.832,0.024,1.89,11.84,4.04,1,0.705,2.42,12.6,0.0,0,5,0.063,0.0667,0.063,0.0648
11.587,1,0.822,-1.25,-0.95,5,74.8,20.46,0.07,0.0226,0.066,-0.001,0.004,0.834,0.024,1.89,11.84,4.04,1,0.685,-1.45,21.3,0.0,0,5,0.0666,0.0666,0.0629,0.0685
11.686,1,0.851,-1.75,-0.62,5,75.4,20.46,0.07,0.0279,0.068,-0.001,0.016,0.841,0.024,1.89,11.84,5.8,1,0.682,-2.42,29.23,0.0,0,5,0.0681,0.0736,0.0607,0.0699
11.716,1,0.853,-1.5,-0.83,5,75.7,19.97,0.07,0.0283,0.068,0.0,0.094,0.844,0.024,2.06,11.84,5.8,1,0.672,-2.42,33.99,0.0,0,5,0.0662,0.0699,0.0607,0.0717
11.787,1,0.865,-1.25,-0.8,5,75.6,20.2,0.07,0.0282,0.067,0.002,0.025,0.848,0.024,2.23,11.84,5.8,1,0.66,-4.36,48.44,0.0,0,5,0.0588,0.0771,0.0624,0.0716
11.854,1,0.815,-1.0,-0.56,5,75.6,19.97,0.07,0.0248,0.065,0.0,0.02,0.852,0.025,2.23,11.84,9.11,1,0.655,-4.36,52.38,0.0,0,5,0.0592,0.0685,0.0629,0.0703
11.887,1,0.835,-0.75,-0.91,5,75.8,20.0,0.07,0.0179,0.064,0.002,0.017,0.854,0.025,2.29,11.84,9.11,1,0.666,-7.76,56.04,0.0,0,5,0.0574,0.0648,0.0667,0.0667
11.985,1,0.866,-0.25,-0.73,5,75.6,20.44,0.07,0.022,0.068,-0.001,-0.033,0.861,0.025,2.35,11.84,9.11,1,0.685,-11.63,56.3,0.0,0,5,0.0647,0.0721,0.0629,0.074
12.015,1,0.867,-0.75,-0.57,5,75.6,20.0,0.07,0.0127,0.069,-0.001,-0.036,0.863,0.025,2.35,11.84,9.11,1,0.681,-15.51,55.78,0.0,0,5,0.0685,0.074,0.0611,0.0722
12.084,1,0.867,-0.5,-0.89,5,75.4,19.97,0.07,0.0167,0.073,-0.001,0.017,0.869,0.025,2.41,11.84,16.49,1,0.681,-15.51,55.78,0.0,0,5,0.0797,0.076,0.0667,0.0685
12.183,1,0.874,-0.5,-0.28,5,75.1,19.97,0.07,0.0196,0.066,0.001,-0.003,0.875,0.026,2.46,11.84,16.49,1,0.683,-28.11,57.36,0.0,0,5,0.0664,0.0683,0.0664,0.0646
12.282,1,0.854,-0.5,-0.46,5,74.9,20.0,0.07,0.0093,0.063,0.003,0.004,0.88,0.026,2.46,11.83,23.23,1,0.679,-37.32,58.97,0.0,0,5,0.0573,0.0666,0.0666,0.0629
12.315,1,0.868,-0.5,-0.41,5,74.7,20.0,0.07,0.0125,0.064,0.003,0.025,0.883,0.026,2.46,11.83,23.23,1,0.71,-39.74,60.16,0.0,0,5,0.0536,0.0629,0.0684,0.0666
12.384,1,0.858,-0.5,0.21,5,74.5,20.2,0.07,0.0116,0.069,0.0,0.009,0.887,0.026,2.58,11.83,23.23,1,0.695,-43.62,62.23,0.0,0,5,0.0627,0.0701,0.0682,0.0738
12.42,1,0.862,-0.5,-0.72,5,74.6,20.0,0.07,0.0009,0.071,-0.002,-0.011,0.89,0.026,2.52,11.83,23.23,1,0.695,-43.62,62.23,0.0,0,5,0.0722,0.074,0.0648,0.074
12.451,1,0.864,-0.75,-0.88,5,74.6,20.2,0.07,0.0171,0.071,-0.004,0.011,0.892,0.026,2.52,11.83,28.68,1,0.679,-47.01,62.66,0.0,0,5,0.074,0.074,0.0611,0.0759
12.484,1,0.867,-0.75,-0.73,5,74.6,20.44,0.07,0.0229,0.074,-0.002,0.029,0.895,0.027,2.58,11.83,28.68,1,0.679,-47.01,62.66,0.0,0,5,0.074,0.0759,0.0666,0.0777
12.521,1,0.878,-0.75,-0.83,5,74.5,20.44,0.07,0.02,0.074,-0.001,0.024,0.897,0.027,2.58,11.83,28.68,1,0.694,-52.35,62.32,0.0,0,5,0.0721,0.0758,0.0702,0.0776
12.585,1,0.862,-0.5,-0.5,5,74.0,20.2,0.07,0.0215,0.073,0.002,0.023,0.901,0.027,2.69,11.83,28.68,1,0.677,-54.29,62.27,0.0,0,5,0.0678,0.0767,0.0732,0.075
12.615,1,0.861,-0.5,-0.5,5,73.6,20.2,0.07,0.0125,0.073,-0.0,0.002,0.904,0.027,2.69,11.83,28.68,1,0.68,-56.22,62.77,0.0,0,5,0.0696,0.075,0.0696,0.0785
12.649,1,0.851,-0.5,-0.77,5,73.3,20.44,0.07,0.0127,0.073,-0.001,0.014,0.906,0.027,2.75,11.83,32.18,1,0.68,-56.22,62.77,0.0,0,5,0.0661,0.0714,0.0714,0.0821
12.683,1,0.826,0.0,-0.58,5,73.2,20.2,0.07,0.0176,0.07,-0.001,0.034,0.908,0.027,2.81,11.83,32.18,1,0.68,-56.22,62.77,0.0,0,5,0.0627,0.0701,0.0664,0.0793
12.714,1,0.8,0.0,-0.08,5,72.6,20.44,0.07,0.0082,0.07,-0.0,0.011,0.91,0.027,2.81,11.83,32.18,1,0.688,-58.16,63.0,0.0,0,5,0.0627,0.0719,0.0682,0.0774
12.785,1,0.789,0.0,0.31,5,71.6,20.44,0.07,0.0005,0.073,0.001,0.014,0.916,0.028,2.92,11.83,32.18,1,0.66,-55.74,62.84,0.0,0,5,0.0685,0.0778,0.0703,0.074
12.818,1,0.815,0.0,0.23,5,71.4,20.44,0.07,-0.0061,0.072,-0.0,-0.012,0.919,0.028,2.92,11.83,32.18,1,0.656,-53.32,63.16,0.0,0,5,0.0722,0.074,0.0685,0.0722
12.887,1,0.793,-0.25,-0.34,5,72.4,20.2,0.07,-0.0042,0.074,-0.002,0.017,0.923,0.028,2.86,11.83,35.88,1,0.647,-48.95,60.75,0.0,0,5,0.0796,0.074,0.0685,0.0722
12.914,1,0.801,-0.25,0.03,5,72.4,20.2,0.07,0.0088,0.074,-0.002,0.058,0.925,0.028,2.86,11.83,35.88,1,0.647,-48.95,60.75,0.0,0,5,0.0833,0.0759,0.0685,0.0685
12.982,1,0.832,-0.25,-1.17,5,72.7,20.46,0.07,0.002,0.074,0.001,-0.016,0.93,0.028,2.92,11.83,35.88,1,0.669,-46.05,59.21,0.0,0,5,0.0759,0.074,0.0777,0.0703
13.018,1,0.845,-0.25,-1.36,5,72.6,20.46,0.07,0.023,0.073,-0.001,0.014,0.933,0.028,2.92,11.83,35.88,1,0.701,-43.62,59.04,0.0,0,5,0.0684,0.0666,0.0777,0.0795
13.087,1,0.784,-0.25,-1.22,5,72.4,20.46,0.07,0.0261,0.071,0.001,0.007,0.939,0.029,2.98,11.83,38.87,1,0.689,-40.71,57.95,0.0,0,5,0.064,0.0731,0.0713,0.0768
13.115,1,0.776,-0.25,-0.71,5,72.9,20.46,0.07,0.0236,0.072,0.003,0.015,0.941,0.029,2.98,11.83,38.87,1,0.712,-39.74,57.03,0.0,0,5,0.064,0.0731,0.0713,0.0768
13.185,1,0.752,-0.25,-0.42,5,73.8,20.57,0.07,0.0146,0.073,-0.001,0.006,0.945,0.029,3.04,11.83,38.87,1,0.712,-39.74,57.03,0.0,0,5,0.0716,0.0771,0.0661,0.0753
13.215,1,0.726,-0.25,-0.22,5,74.2,20.57,0.07,0.0096,0.072,-0.002,0.027,0.947,0.029,3.04,11.83,38.87,1,0.704,-32.96,57.33,0.0,0,5,0.0753,0.0772,0.0625,0.0735
13.284,1,0.622,-0.25,-2.11,4,74.2,20.52,0.07,0.006,0.071,-0.001,0.014,0.952,0.029,3.15,11.84,41.52,1,0.704,-32.96,57.33,0.0,0,5,0.0753,0.0771,0.0624,0.068
13.315,1,0.613,-0.25,-0.45,4,73.8,20.52,0.07,0.0391,0.07,0.0,0.007,0.955,0.029,3.15,11.84,41.52,1,0.731,-30.05,55.49,0.0,0,5,0.0734,0.0771,0.0661,0.0679
13.384,1,0.537,-0.25,1.88,4,72.5,25.37,0.07,0.0102,0.069,-0.002,0.019,0.959,0.029,3.15,11.84,41.52,1,0.791,-27.14,53.55,0.0,0,5,0.0647,0.0647,0.0702,0.0776
13.413,1,0.516,-0.25,0.66,4,72.6,21.95,0.07,-0.0305,0.068,-0.003,0.016,0.96,0.029,3.21,11.84,41.52,1,0.805,-25.2,53.51,0.0,0,5,0.0647,0.0629,0.0666,0.0758
13.482,1,0.464,0.0,-3.1,3,73.7,19.97,0.07,-0.0093,0.07,0.0,0.002,0.966,0.03,3.27,11.84,44.6,1,0.805,-25.2,53.51,0.0,0,5,0.0666,0.0722,0.0685,0.074
13.513,1,0.456,-0.25,-1.3,3,74.3,24.26,0.07,0.0533,0.071,0.002,-0.045,0.968,0.03,3.21,11.84,44.6,1,0.828,-21.33,51.17,0.0,0,5,0.0629,0.074,0.0722,0.0759
13.581,1,0.353,-0.25,4.13,3,74.5,26.9,0.07,0.0251,0.071,0.003,0.048,0.973,0.031,3.27,11.84,44.6,1,0.854,-16.48,50.67,0.0,0,5,0.0684,0.0776,0.0702,0.0684
13.614,1,0.323,-0.5,5.57,3,74.6,26.9,0.07,-0.0697,0.07,0.001,0.016,0.975,0.031,3.32,11.84,44.6,1,0.849,-14.54,51.07,0.0,0,5,0.0702,0.0776,0.0647,0.0684
13.683,1,0.272,-1.5,0.0,2,75.8,25.72,0.07,-0.092,0.067,-0.003,-0.001,0.98,0.031,3.38,11.84,44.02,1,0.849,-14.54,51.07,0.0,0,5,0.0682,0.07,0.0571,0.0718
13.712,1,0.249,-1.5,0.0,2,76.4,27.83,0.07,0.0174,0.068,-0.002,-0.027,0.981,0.031,3.32,11.84,44.02,1,0.825,-7.76,51.92,0.0,0,5,0.07,0.0663,0.0645,0.07
13.781,1,0.215,-2.25,0.0,2,76.4,30.71,0.07,0.0155,0.068,-0.0,-0.022,0.987,0.031,3.09,11.84,44.02,1,0.837,-3.88,51.53,0.0,0,5,0.0722,0.0555,0.0796,0.0648
13.819,1,0.162,-2.25,0.0,1,75.2,23.46,0.07,0.0241,0.068,-0.001,0.002,0.99,0.031,3.15,11.84,44.02,1,0.853,0.48,51.26,0.0,0,5,0.0703,0.0592,0.074,0.0685
13.848,1,0.13,-0.25,0.0,1,74.2,27.45,0.07,0.0227,0.068,-0.0,0.007,0.991,0.031,3.15,11.84,45.0,1,0.853,0.48,51.26,0.0,0,5,0.0684,0.0629,0.0721,0.0684
13.878,1,0.101,1.75,0.0,1,72.5,31.44,0.059,0.0227,0.069,0.0,0.009,0.994,0.031,3.15,11.84,45.0,1,0.853,0.48,51.26,0.0,0,5,0.0666,0.0703,0.0684,0.0721
13.912,1,0.074,3.74,0.0,1,70.1,35.44,0.035,0.0227,0.072,0.0,0.022,0.995,0.031,3.15,11.84,45.0,1,0.853,0.48,51.26,0.0,0,5,0.0684,0.074,0.0703,0.074
13.981,1,0.05,9.23,0.0,1,63.8,38.43,0.035,0.0227,0.067,-0.003,0.047,1.001,0.031,3.27,11.84,45.0,1,0.853,0.48,51.26,0.0,0,5,0.0683,0.0683,0.0591,0.072
14.012,1,0.045,11.73,0.0,1,63.0,40.43,0.035,0.0227,0.063,-0.004,0.051,1.002,0.031,3.38,11.84,45.0,1,0.814,12.12,53.42,0.0,0,5,0.0665,0.0665,0.0517,0.0683
14.048,1,0.042,14.72,0.0,1,61.8,40.43,0.035,0.0227,0.057,-0.005,0.006,1.004,0.031,3.38,11.84,41.53,1,0.814,12.12,53.42,0.0,0,5,0.0628,0.061,0.0425,0.061
14.082,1,0.088,16.97,0.0,2,59.8,29.54,0.023,-0.0969,0.05,-0.006,0.019,1.006,0.031,3.38,11.84,41.53,1,0.814,12.12,53.42,0.0,0,5,0.0572,0.0553,0.0332,0.0535
14.116,1,0.12,19.47,0.0,2,59.0,27.02,0.0,-0.3399,0.047,-0.004,0.003,1.007,0.031,3.38,11.84,41.53,1,0.793,19.87,55.79,0.0,0,5,0.0515,0.0496,0.0368,0.0515
14.147,1,0.035,32.43,0.0,1,59.4,19.51,0.0,-0.5797,0.04,-0.001,-0.006,1.008,0.031,3.38,11.84,41.53,1,0.794,23.27,56.59,0.0,0,5,0.0386,0.0367,0.0423,0.0441
14.181,1,0.035,32.96,0.0,1,59.1,18.46,0.0,-0.6,0.025,0.003,-0.1,1.008,0.032,3.21,11.84,41.53,1,0.734,25.69,58.53,0.0,0,5,0.0314,0.0129,0.0424,0.0129
14.216,1,0.035,32.43,0.0,1,58.4,19.51,0.0,-0.6,0.016,0.002,-0.23,1.008,0.032,2.98,11.84,41.53,1,0.707,26.17,58.82,0.0,0,5,0.0315,-0.0056,0.0426,-0.0037
14.282,1,0.031,30.59,0.0,1,58.9,23.2,0.0,-0.6,-0.004,0.001,-0.523,1.008,0.032,0.97,11.83,41.53,1,0.724,24.72,58.52,0.0,0,5,0.0666,-0.0777,0.0722,-0.0777
14.318,1,0.026,37.23,0.0,1,57.3,14.45,0.0,-0.6,-0.007,0.0,-0.576,1.007,0.032,-0.34,11.83,41.53,1,0.815,15.03,54.04,0.0,0,5,0.0814,-0.0962,0.0814,-0.0962
14.381,1,0.037,33.34,0.0,1,63.9,22.22,0.0,-0.6,-0.004,-0.002,-0.563,1.007,0.031,-2.23,11.83,41.53,1,0.815,15.03,54.04,0.0,0,5,0.0927,-0.1038,0.0908,-0.0964
14.414,1,0.034,31.39,0.0,1,66.0,26.11,0.0,-0.6,-0.003,-0.002,-0.569,1.007,0.031,-2.92,11.83,41.53,1,0.803,7.76,50.67,0.0,0,5,0.0945,-0.1038,0.0945,-0.0964
14.478,1,0.08,26.39,0.0,2,69.6,23.22,0.0,-0.6,0.001,0.0,-0.544,1.007,0.031,-5.5,11.83,41.53,1,0.842,4.36,47.89,0.0,0,5,0.0981,-0.0963,0.1,-0.0963
14.512,1,0.233,-5.49,46.52,3,71.4,30.56,0.0,-0.6,0.001,0.001,-0.508,1.007,0.032,-6.07,11.83,41.53,1,0.842,4.36,47.89,0.0,0,5,0.1,-0.0963,0.1,-0.1
14.553,1,0.516,-8.49,47.39,4,72.2,30.75,0.0,-0.6,-0.003,0.002,-0.594,1.007,0.032,-7.33,11.83,41.53,1,0.836,-9.69,36.96,0.0,0,5,0.0982,-0.0964,0.0945,-0.1075
14.582,1,0.598,-11.73,47.17,4,73.9,29.67,0.0067,-0.0403,-0.003,-0.002,-0.587,1.007,0.031,-8.71,11.83,41.53,1,0.836,-9.69,36.96,0.0,0,5,0.1019,-0.1,0.0908,-0.1037
14.614,1,0.701,-14.47,46.05,5,75.2,28.95,0.0209,-0.1266,-0.003,-0.006,-0.552,1.007,0.031,-9.34,11.83,41.53,1,0.911,-13.57,32.55,0.0,0,5,0.1037,-0.1037,0.087,-0.0981
14.715,1,0.732,-21.21,44.35,5,76.3,28.03,0.0559,-0.339,0.006,-0.009,-0.448,1.007,0.03,-12.26,11.82,44.53,1,0.832,-27.14,18.69,0.0,0,5,0.098,-0.0925,0.0869,-0.0684
14.781,1,0.801,-23.21,42.47,5,77.3,26.93,0.07,-0.4242,0.023,-0.015,-0.285,1.009,0.028,-13.75,11.82,44.53,1,0.907,-31.99,6.51,0.0,0,5,0.0936,-0.0514,0.0679,-0.0184
14.814,1,0.824,-23.71,42.14,5,77.7,26.67,0.07,-0.4242,0.03,-0.015,-0.313,1.01,0.028,-14.09,11.82,44.53,1,0.923,-36.35,-3.29,0.0,0,5,0.0972,-0.044,0.0734,-0.0073
14.848,1,0.817,-24.21,41.31,5,77.9,26.67,0.07,-0.4242,0.047,-0.01,-0.359,1.013,0.027,-14.95,11.82,45.0,1,0.942,-38.29,-4.91,0.0,0,5,0.1129,-0.02,0.0947,0.0
14.881,1,0.815,-23.96,40.38,5,78.2,26.11,0.07,-0.4242,0.062,-0.004,-0.393,1.015,0.026,-15.87,11.82,45.0,1,0.942,-38.29,-4.91,0.0,0,5,0.1283,-0.0055,0.121,0.0037
14.913,1,0.824,-23.71,39.61,5,78.3,25.71,0.07,-0.4242,0.066,-0.001,-0.383,1.017,0.026,-16.27,11.82,45.0,1,0.93,-40.23,-12.22,0.0,0,5,0.1357,0.0018,0.1284,0.0
14.947,1,0.828,-23.71,39.01,5,78.3,25.56,0.07,-0.4242,0.071,0.001,-0.4,1.019,0.025,-17.25,11.82,45.0,1,0.93,-40.23,-12.22,0.0,0,5,0.1405,0.0018,0.1424,0.0
14.981,1,0.813,-23.21,38.11,5,77.9,25.46,0.07,-0.4242,0.073,0.0,-0.414,1.022,0.024,-18.16,11.82,45.0,1,0.93,-40.23,-12.22,0.0,0,5,0.1443,0.0,0.1461,0.0
15.047,1,0.82,-22.96,36.59,5,77.3,25.0,0.07,-0.4242,0.072,0.001,-0.409,1.026,0.023,-19.65,11.82,45.0,1,0.969,-45.08,-24.68,0.0,0,5,0.1424,0.0,0.1461,0.0
15.082,1,0.821,-23.21,35.87,5,77.0,24.52,0.07,-0.4242,0.073,0.003,-0.425,1.029,0.022,-20.4,11.82,45.0,1,0.969,-45.08,-24.68,0.0,0,5,0.1413,0.0,0.1521,0.0
15.116,1,0.814,-23.46,34.99,5,76.7,24.45,0.07,-0.4168,0.074,0.003,-0.398,1.031,0.021,-21.37,11.82,45.0,1,0.979,-47.98,-30.48,0.0,0,5,0.1425,0.0,0.1533,0.0
15.181,1,0.815,-23.46,33.32,5,76.2,23.94,0.07,-0.3988,0.072,-0.002,-0.415,1.035,0.019,-22.8,11.82,45.0,1,0.986,-49.92,-32.91,0.0,0,5,0.1461,0.0,0.1461,0.0
15.215,1,0.831,-23.71,32.61,5,76.2,23.87,0.07,-0.3699,0.072,-0.002,-0.409,1.037,0.019,-23.26,11.82,45.0,1,0.98,-52.83,-38.54,0.0,0,5,0.149,0.0018,0.138,0.0
15.252,1,0.841,-24.21,32.05,5,75.9,23.46,0.07,-0.3547,0.072,-0.001,-0.422,1.039,0.018,-24.18,11.84,45.0,1,0.977,-54.77,-41.08,0.0,0,5,0.1427,0.0018,0.1408,0.0037
15.28,1,0.834,-24.71,31.25,5,75.9,23.35,0.07,-0.339,0.071,0.002,-0.382,1.042,0.017,-25.15,11.84,45.0,1,0.972,-56.71,-43.13,0.0,0,5,0.1353,0.0018,0.1444,0.0037
15.317,1,0.844,-24.71,30.37,5,76.1,23.35,0.07,-0.3201,0.07,0.003,-0.37,1.045,0.016,-26.01,11.84,45.0,1,0.964,-57.68,-45.17,0.0,0,5,0.1322,0.0018,0.1433,0.0018
15.346,1,0.84,-24.71,29.54,5,75.8,22.78,0.0754,-0.3057,0.068,0.002,-0.377,1.046,0.015,-26.47,11.84,45.0,1,0.96,-59.62,-46.97,0.0,0,5,0.1323,0.0037,0.1379,0.0
15.382,1,0.844,-24.96,28.87,5,75.8,22.78,0.0794,-0.2917,0.066,0.001,-0.343,1.048,0.014,-27.27,11.84,45.0,1,0.952,-61.56,-49.88,0.0,0,5,0.1296,0.0037,0.1296,0.0
15.413,1,0.857,-25.46,28.65,5,75.5,22.78,0.0826,-0.2775,0.066,0.002,-0.354,1.049,0.013,-27.67,11.84,45.0,1,0.952,-61.56,-49.88,0.0,0,5,0.1276,0.0074,0.1295,0.0
15.451,1,0.878,-25.46,27.95,5,75.1,22.78,0.0836,-0.2683,0.068,0.003,-0.319,1.052,0.012,-28.42,11.84,35.96,1,0.952,-61.56,-49.88,0.0,0,5,0.1221,0.0111,0.1295,0.0074
15.478,1,0.849,-25.46,26.92,5,74.7,22.78,0.087,-0.2567,0.073,0.001,-0.301,1.054,0.01,-29.11,11.84,35.96,1,0.927,-56.22,-46.63,0.0,0,5,0.122,0.0148,0.1331,0.0222
15.515,1,0.861,-25.46,26.74,5,74.0,22.78,0.0919,-0.2394,0.074,-0.0,-0.284,1.056,0.01,-29.45,11.84,35.96,1,0.927,-56.22,-46.63,0.0,0,5,0.1221,0.0185,0.1295,0.0277
15.547,1,0.869,-25.7,26.53,5,74.0,22.46,0.0927,-0.2368,0.078,-0.003,-0.232,1.059,0.008,-29.97,11.84,35.96,1,0.939,-49.44,-40.08,0.0,0,5,0.1277,0.0259,0.124,0.0352
15.582,1,0.87,-25.46,25.79,5,74.3,22.04,0.0937,-0.2301,0.084,-0.002,-0.221,1.062,0.006,-30.54,11.84,35.96,1,0.937,-42.65,-34.11,0.0,0,5,0.1314,0.0407,0.1222,0.0407
15.615,1,0.876,-24.96,25.4,5,75.0,22.04,0.0972,-0.2209,0.087,-0.004,-0.254,1.063,0.005,-30.83,11.84,35.96,1,0.937,-42.65,-34.11,0.0,0,5,0.1352,0.0444,0.1222,0.0463
15.651,1,0.881,-24.46,24.71,5,75.2,22.04,0.0991,-0.2199,0.093,-0.001,-0.16,1.067,0.003,-31.28,11.85,23.96,1,0.961,-34.41,-17.62,0.0,0,5,0.1347,0.0535,0.1292,0.0535
15.685,1,0.849,-23.96,24.22,5,75.2,21.96,0.1024,-0.2134,0.095,0.002,-0.252,1.07,0.001,-31.74,11.85,23.96,1,0.964,-32.47,-14.52,4.112,1,5,0.1309,0.059,0.1346,0.0553
15.711,1,0.843,-23.46,23.53,5,75.0,22.04,0.1047,-0.2107,0.097,0.003,-0.2,1.072,0.0,-31.97,11.85,23.96,1,0.964,-32.47,-14.52,4.112,1,5,0.129,0.0627,0.1383,0.059
15.752,1,0.851,-22.71,22.94,5,75.4,21.67,0.1023,-0.2032,0.101,0.0,-0.193,1.075,-0.002,-32.43,11.85,23.96,1,0.875,-24.23,-6.51,2.445,1,5,0.1351,0.0648,0.1369,0.0666
15.781,1,0.855,-21.96,22.63,5,75.4,21.96,0.1087,-0.2015,0.106,-0.004,-0.212,1.079,-0.005,-32.83,11.85,23.96,1,0.875,-24.23,-6.51,2.445,1,5,0.1461,0.0684,0.1369,0.074
15.815,1,0.84,-21.46,22.05,5,75.0,21.96,0.1123,-0.2151,0.105,-0.005,-0.269,1.08,-0.006,-33.17,11.85,23.96,1,0.934,-21.81,4.92,6.583,1,5,0.1499,0.0666,0.1351,0.0703
15.846,1,0.84,-20.96,21.66,5,74.7,21.96,0.1018,-0.1968,0.106,-0.002,-0.184,1.084,-0.008,-33.63,11.85,11.96,1,0.933,-20.36,3.22,7.423,1,5,0.1461,0.0684,0.1405,0.0703
15.881,1,0.837,-20.71,21.43,5,74.6,21.6,0.1086,-0.1952,0.107,0.0,-0.243,1.088,-0.011,-34.15,11.85,11.96,1,0.933,-20.36,3.22,7.423,1,5,0.1378,0.068,0.147,0.0753
15.914,1,0.84,-20.21,20.69,5,73.9,21.46,0.1179,-0.2214,0.108,0.001,-0.153,1.09,-0.012,-34.32,11.85,11.96,1,0.809,-9.21,21.17,0.0,0,5,0.1341,0.068,0.1507,0.0808
15.952,1,0.839,-18.97,20.4,5,73.8,21.11,0.1215,-0.2227,0.109,-0.002,-0.148,1.093,-0.015,-34.61,11.85,11.96,1,0.888,-5.33,29.31,0.0,0,5,0.135,0.0675,0.146,0.0876
15.981,1,0.844,-18.72,20.81,5,73.3,21.46,0.1229,-0.2359,0.113,-0.003,-0.216,1.097,-0.017,-35.12,11.85,11.96,1,0.888,-5.33,29.31,0.0,0,5,0.1432,0.0771,0.1432,0.0881
16.013,1,0.857,-17.97,20.21,5,72.9,21.11,0.1209,-0.2381,0.116,-0.003,-0.179,1.099,-0.019,-35.29,11.85,11.96,1,0.904,-5.33,28.55,0.0,0,5,0.1487,0.0826,0.1432,0.0881
16.047,1,0.855,-17.22,20.17,5,72.2,21.67,0.1238,-0.2417,0.121,0.006,-0.108,1.103,-0.021,-35.64,11.85,12.62,1,0.909,-5.33,27.38,0.0,0,5,0.1489,0.0974,0.1563,0.0809
16.083,1,0.856,-16.72,20.88,5,72.9,21.67,0.124,-0.2497,0.125,0.011,-0.182,1.108,-0.024,-36.04,11.85,12.62,1,0.901,-3.39,25.2,0.0,0,5,0.1478,0.1064,0.1658,0.0811
16.117,1,0.856,-15.97,20.41,5,73.0,21.67,0.1206,-0.2571,0.13,0.009,-0.208,1.113,-0.027,-36.5,11.85,12.62,1,0.897,-2.42,23.35,0.0,0,5,0.1568,0.1081,0.1694,0.0865
16.15,1,0.849,-15.72,20.68,5,73.0,21.11,0.1229,-0.2611,0.132,0.005,-0.262,1.115,-0.029,-36.78,11.85,12.62,1,0.906,-2.42,22.43,0.0,0,5,0.1631,0.1069,0.1667,0.0906
16.181,1,0.834,-15.22,20.2,5,72.1,21.11,0.1216,-0.2646,0.131,0.0,-0.212,1.119,-0.032,-37.36,11.85,12.62,1,0.906,-2.42,22.43,0.0,0,5,0.172,0.0943,0.1683,0.0906
16.214,1,0.821,-15.47,20.0,5,71.9,21.11,0.1238,-0.2657,0.129,0.0,-0.232,1.121,-0.033,-37.64,11.85,12.62,1,0.897,-4.36,19.86,0.0,0,5,0.1701,0.0869,0.1719,0.0887
16.246,1,0.823,-15.47,19.47,5,72.0,21.11,0.1248,-0.2597,0.129,0.0,-0.255,1.125,-0.037,-38.27,11.85,16.04,1,0.901,-8.24,12.61,0.0,0,5,0.1646,0.0777,0.1793,0.0924
16.281,1,0.817,-14.72,18.67,5,71.6,21.11,0.1273,-0.2556,0.131,-0.004,-0.272,1.129,-0.04,-38.96,11.85,16.04,1,0.901,-8.24,12.61,0.0,0,5,0.1716,0.0775,0.1771,0.0978
16.316,1,0.829,-14.47,16.94,5,71.4,21.11,0.1311,-0.2574,0.133,-0.007,-0.261,1.131,-0.042,-39.25,11.85,16.04,1,0.904,-12.12,4.67,4.336,1,5,0.1809,0.0775,0.1754,0.0997
16.345,1,0.827,-13.73,16.04,5,71.3,20.81,0.1394,-0.2423,0.137,-0.004,-0.184,1.135,-0.046,-39.65,11.85,16.04,1,0.905,-15.51,-3.59,4.392,1,5,0.1882,0.0886,0.1772,0.0923
16.378,1,0.82,-13.48,16.44,5,71.7,20.96,0.1437,-0.2406,0.138,0.005,-0.27,1.14,-0.049,-40.22,11.85,16.04,1,0.905,-15.51,-3.59,4.392,1,5,0.1775,0.1035,0.1812,0.0887
16.414,1,0.825,-13.23,15.47,5,72.1,20.46,0.1418,-0.2466,0.139,0.009,-0.22,1.142,-0.05,-40.51,11.85,16.04,1,0.905,-15.51,-3.59,4.392,1,5,0.172,0.1109,0.1849,0.0887
16.446,1,0.811,-13.23,14.86,5,71.6,20.81,0.1464,-0.2361,0.141,0.005,-0.296,1.146,-0.054,-41.14,11.85,14.77,1,0.957,-16.48,-11.83,0.826,1,5,0.1739,0.1073,0.185,0.0981
16.482,1,0.804,-13.98,14.82,5,70.7,20.44,0.1493,-0.2273,0.141,0.001,-0.236,1.151,-0.058,-41.77,11.85,14.77,1,0.95,-17.93,-14.6,0.296,1,5,0.183,0.0961,0.1886,0.0961
16.514,1,0.802,-13.23,13.63,5,70.7,20.44,0.1495,-0.2164,0.143,0.0,-0.212,1.153,-0.06,-42.0,11.85,14.77,1,0.95,-17.93,-14.6,0.296,1,5,0.1849,0.0943,0.1923,0.0998
16.544,1,0.806,-14.97,13.87,5,70.1,20.56,0.1551,-0.2079,0.144,-0.001,-0.208,1.157,-0.064,-42.51,11.85,14.77,1,0.963,-17.93,-17.58,0.0,0,5,0.1849,0.0943,0.1923,0.1054
16.581,1,0.817,-15.22,14.13,5,71.0,20.44,0.1432,-0.1702,0.15,-0.002,-0.181,1.162,-0.068,-42.91,11.85,14.77,1,0.963,-17.93,-17.58,0.0,0,5,0.1863,0.1059,0.19,0.1187
16.616,1,0.801,-10.73,11.48,5,71.9,20.56,0.1527,-0.1923,0.151,-0.004,-0.191,1.164,-0.071,-43.14,11.85,14.77,1,0.913,-15.03,-18.38,0.0,0,5,0.1882,0.1114,0.1827,0.1206
16.649,1,0.818,-10.98,11.41,5,71.2,20.44,0.1653,-0.2023,0.156,0.002,-0.217,1.169,-0.075,-43.54,11.86,10.87,1,0.94,-11.15,-6.88,1.253,1,5,0.19,0.1297,0.1863,0.1169
16.679,1,0.835,-12.23,11.58,5,72.2,20.46,0.1657,-0.196,0.156,0.003,-0.254,1.173,-0.079,-44.06,11.86,10.87,1,0.94,-11.15,-6.88,1.253,1,5,0.1889,0.1259,0.1926,0.1185
16.715,1,0.834,-12.73,11.35,5,72.6,20.56,0.1649,-0.1817,0.157,0.002,-0.228,1.175,-0.081,-44.35,11.86,10.87,1,0.94,-11.15,-6.88,1.253,1,5,0.1888,0.1222,0.1962,0.1222
16.748,1,0.834,-13.23,10.72,5,73.2,20.56,0.166,-0.1712,0.16,-0.003,-0.175,1.18,-0.086,-44.81,11.86,10.87,1,0.945,-12.12,-11.15,1.268,1,5,0.1971,0.1179,0.1952,0.1289
16.782,1,0.827,-12.23,10.0,5,72.9,20.56,0.169,-0.153,0.163,-0.001,-0.163,1.185,-0.091,-45.21,11.86,10.87,1,0.876,-5.82,-2.36,1.902,1,5,0.1971,0.1252,0.1989,0.1308
16.814,1,0.817,-11.98,9.68,5,72.2,20.56,0.1724,-0.1513,0.165,0.001,-0.187,1.187,-0.093,-45.44,11.86,10.87,1,0.876,-5.82,-2.36,1.902,1,5,0.1951,0.1307,0.2025,0.1325
16.847,1,0.816,-12.98,10.06,5,71.3,20.56,0.1739,-0.1477,0.167,0.008,-0.178,1.192,-0.097,-45.89,11.86,5.9,1,0.915,-5.33,2.24,1.64,1,5,0.1832,0.1407,0.2092,0.1333
16.881,1,0.813,-13.73,9.72,5,71.3,20.56,0.1721,-0.1423,0.171,0.005,-0.169,1.197,-0.103,-46.29,11.86,5.9,1,0.911,-6.3,-0.83,1.206,1,5,0.1924,0.148,0.2035,0.1406
16.914,1,0.811,-13.23,8.74,5,70.3,20.44,0.1737,-0.1274,0.174,0.004,-0.105,1.2,-0.105,-46.47,11.86,5.9,1,0.889,-4.36,-0.8,-0.611,1,5,0.1981,0.1518,0.2036,0.1425
16.948,1,0.8,-13.73,9.12,5,71.5,20.57,0.1492,-0.0821,0.179,0.001,-0.127,1.205,-0.11,-46.75,11.86,5.9,1,0.907,-3.88,3.56,4.299,1,5,0.1998,0.1499,0.2091,0.1554
16.982,1,0.811,-11.73,7.61,5,71.5,20.44,0.1553,-0.092,0.178,-0.0,-0.089,1.209,-0.116,-46.98,11.86,5.9,1,0.891,-4.36,2.02,0.326,1,5,0.1962,0.1481,0.2073,0.1592
17.014,1,0.794,-10.73,7.31,5,70.4,20.56,0.152,-0.0786,0.175,0.001,-0.083,1.212,-0.118,-47.1,11.86,5.9,1,0.875,-4.36,1.27,2.719,1,5,0.1926,0.15,0.2018,0.1537
17.046,1,0.757,-12.73,8.08,5,71.3,20.81,0.1283,-0.0582,0.171,0.002,-0.119,1.217,-0.123,-47.27,11.86,4.32,1,0.845,-2.91,-0.06,5.476,1,5,0.1949,0.16,0.1876,0.1434
17.081,1,0.787,-11.23,7.67,5,70.5,20.44,0.1162,-0.0335,0.167,0.006,-0.092,1.221,-0.128,-47.5,11.86,4.32,1,0.845,-2.91,-0.06,5.476,1,5,0.1838,0.158,0.1875,0.1397
17.115,1,0.792,-11.23,7.51,5,70.1,20.44,0.0919,-0.0358,0.167,0.006,-0.092,1.221,-0.128,-47.5,11.86,4.32,1,0.82,-0.48,12.97,0.0,0,5,0.1838,0.158,0.1875,0.1397
17.145,1,0.775,-11.73,7.64,5,70.3,20.56,0.0831,-0.0318,0.156,-0.003,-0.106,1.227,-0.135,-47.84,11.86,4.32,1,0.82,-0.48,12.97,0.0,0,5,0.1671,0.1285,0.1781,0.1506
17.18,1,0.767,-11.98,7.35,5,70.5,20.44,0.0831,-0.0275,0.15,-0.006,0.0,1.231,-0.139,-47.96,11.86,4.32,1,0.82,-0.48,12.97,0.0,0,5,0.1653,0.1249,0.169,0.1507
17.215,1,0.8,-10.73,6.96,5,70.8,20.44,0.0831,-0.0197,0.147,-0.004,-0.068,1.233,-0.141,-48.01,11.86,4.32,1,0.829,-0.48,16.11,0.0,0,5,0.1654,0.1268,0.1618,0.1471
17.247,1,0.807,-9.98,6.57,5,70.3,20.44,0.0831,-0.0279,0.143,-0.002,-0.108,1.235,-0.143,-48.13,11.87,5.85,1,0.837,-0.48,17.85,0.0,0,5,0.158,0.1323,0.1506,0.1323
17.28,1,0.813,-9.73,6.05,5,69.8,20.56,0.0831,-0.0298,0.13,0.0,-0.047,1.24,-0.149,-48.36,11.87,5.85,1,0.833,-0.97,20.06,0.0,0,5,0.1369,0.1166,0.1425,0.1221
17.31,1,0.815,-9.48,6.05,5,69.8,20.44,0.0831,-0.0219,0.13,0.0,-0.047,1.24,-0.149,-48.36,11.87,5.85,1,0.835,-0.48,21.44,0.0,0,5,0.1369,0.1166,0.1425,0.1221
17.344,1,0.818,-9.48,5.99,5,70.2,20.44,0.0831,-0.0234,0.115,-0.004,-0.065,1.244,-0.154,-48.47,11.87,5.85,1,0.835,-0.48,21.44,0.0,0,5,0.1239,0.1017,0.1202,0.1147
17.414,1,0.812,-9.73,6.03,5,71.0,20.44,0.0826,-0.0208,0.108,-0.004,0.01,1.247,-0.157,-48.53,11.87,5.85,1,0.793,-0.48,28.87,0.0,0,5,0.1165,0.1036,0.1054,0.1073
17.445,1,0.791,-9.98,6.47,5,71.2,20.56,0.07,-0.018,0.103,0.0,0.089,1.25,-0.16,-48.36,11.87,5.85,1,0.779,-0.97,34.32,0.0,0,5,0.103,0.1048,0.1011,0.1011
17.485,1,0.787,-9.73,5.98,5,71.4,20.44,0.07,-0.0226,0.091,0.004,0.031,1.253,-0.164,-48.24,11.87,7.83,1,0.787,-3.39,35.83,0.0,0,5,0.0827,0.1011,0.0901,0.0919
17.513,1,0.798,-7.74,5.44,5,70.4,20.2,0.07,-0.0173,0.091,0.004,0.031,1.253,-0.164,-48.24,11.87,7.83,1,0.787,-3.39,35.83,0.0,0,5,0.0827,0.1011,0.0901,0.0919
17.544,1,0.793,-7.49,5.7,5,70.2,20.44,0.07,-0.0328,0.079,-0.001,0.002,1.256,-0.167,-48.24,11.87,7.83,1,0.785,-3.88,38.71,0.0,0,5,0.0759,0.0815,0.0741,0.0833
17.581,1,0.786,-7.24,5.73,5,70.1,20.44,0.07,-0.0378,0.071,-0.002,0.004,1.257,-0.169,-48.24,11.87,7.83,1,0.785,-3.88,38.71,0.0,0,5,0.0715,0.0679,0.0697,0.0751
17.613,1,0.784,-7.49,5.88,5,70.3,20.44,0.07,-0.0391,0.071,-0.002,0.004,1.257,-0.169,-48.24,11.87,7.83,1,0.796,-6.3,38.74,0.0,0,5,0.0715,0.0679,0.0697,0.0751
17.648,1,0.788,-7.24,5.73,5,70.5,20.44,0.07,-0.0374,0.064,-0.003,-0.024,1.259,-0.171,-48.3,11.87,7.83,1,0.799,-6.3,39.96,0.0,0,5,0.0678,0.0589,0.0625,0.0661
17.746,1,0.785,-7.24,5.22,5,70.3,20.56,0.07,-0.0359,0.062,-0.006,-0.005,1.262,-0.176,-48.41,11.89,12.55,1,0.805,-15.03,35.8,0.0,0,5,0.0756,0.0535,0.059,0.059
17.809,1,0.794,-7.24,5.54,5,70.9,20.44,0.07,-0.0264,0.056,-0.002,0.027,1.265,-0.178,-48.41,11.89,12.55,1,0.823,-17.93,36.72,0.0,0,5,0.061,0.0499,0.0591,0.0555
17.846,1,0.793,-6.74,5.07,5,70.9,20.44,0.07,-0.032,0.05,0.0,0.029,1.266,-0.18,-48.41,11.89,12.55,1,0.823,-17.93,36.72,0.0,0,5,0.0499,0.0499,0.0517,0.0499
17.915,1,0.798,-6.74,5.67,5,70.8,20.44,0.07,-0.0291,0.05,0.005,-0.044,1.269,-0.182,-48.41,11.89,16.91,1,0.827,-23.27,32.48,0.0,0,5,0.0462,0.0573,0.048,0.0443
17.947,1,0.801,-6.74,5.34,5,70.9,20.44,0.07,-0.0391,0.05,0.004,-0.007,1.27,-0.184,-48.47,11.89,16.91,1,0.823,-23.27,32.19,0.0,0,5,0.044,0.0532,0.0532,0.0477
18.016,1,0.808,-6.24,5.26,5,71.3,20.04,0.07,-0.033,0.049,-0.0,-0.042,1.272,-0.186,-48.53,11.89,16.91,1,0.824,-24.72,34.39,0.0,0,5,0.0459,0.0477,0.0532,0.0477
18.049,1,0.806,-6.24,5.1,5,71.1,20.2,0.07,-0.0373,0.049,-0.0,-0.007,1.273,-0.187,-48.59,11.89,19.57,1,0.824,-24.72,34.39,0.0,0,5,0.0515,0.0442,0.0515,0.0497
18.111,1,0.802,-6.24,5.1,5,70.9,20.2,0.07,-0.0337,0.051,-0.001,-0.01,1.275,-0.189,-48.59,11.89,19.57,1,0.828,-24.72,36.33,0.0,0,5,0.0534,0.046,0.0534,0.0516
18.146,1,0.798,-6.24,5.01,5,71.0,20.44,0.07,-0.0335,0.052,-0.003,-0.009,1.277,-0.192,-48.64,11.89,19.57,1,0.833,-25.69,38.44,0.0,0,5,0.0555,0.0481,0.0518,0.0518
18.179,1,0.797,-6.24,4.78,5,70.9,19.85,0.07,-0.0317,0.054,-0.003,-0.022,1.278,-0.193,-48.7,11.89,19.57,1,0.838,-28.6,36.6,0.0,0,5,0.061,0.0499,0.0518,0.0536
18.212,1,0.795,-6.24,4.69,5,70.9,20.44,0.07,-0.0275,0.054,-0.003,-0.022,1.278,-0.193,-48.7,11.89,19.57,1,0.838,-28.6,36.6,0.0,0,5,0.061,0.0499,0.0518,0.0536
18.248,1,0.794,-5.99,4.29,5,70.6,20.2,0.07,-0.0258,0.056,-0.004,-0.012,1.28,-0.195,-48.7,11.89,19.57,1,0.861,-29.57,38.05,0.0,0,5,0.0629,0.0518,0.0537,0.0574
18.312,1,0.785,-5.74,4.81,5,70.4,20.44,0.07,-0.0216,0.06,-0.003,-0.014,1.282,-0.198,-48.76,11.87,22.08,1,0.869,-34.9,34.86,0.0,0,5,0.0646,0.0517,0.0627,0.0609
18.347,1,0.78,-5.74,4.49,5,70.4,20.44,0.07,-0.0333,0.062,-0.001,0.022,1.284,-0.2,-48.76,11.87,22.08,1,0.865,-34.9,36.02,0.0,0,5,0.0659,0.0549,0.0677,0.0604
18.413,1,0.778,-5.49,4.32,5,70.1,20.44,0.07,-0.0273,0.063,0.003,-0.023,1.286,-0.203,-48.76,11.87,22.08,1,0.868,-36.84,37.73,0.0,0,5,0.0601,0.0674,0.0655,0.0601
18.445,1,0.777,-5.49,4.62,5,70.0,20.44,0.07,-0.0272,0.063,0.002,-0.013,1.288,-0.205,-48.76,11.87,22.08,1,0.868,-36.84,37.73,0.0,0,5,0.0624,0.0661,0.0642,0.0587
18.514,1,0.783,-4.99,4.5,5,69.9,20.04,0.07,-0.0317,0.061,0.0,-0.032,1.29,-0.207,-48.82,11.87,24.04,1,0.857,-36.84,36.19,0.0,0,5,0.0629,0.0574,0.0648,0.0592
18.547,1,0.784,-4.99,4.49,5,70.1,20.04,0.07,-0.0353,0.06,0.0,-0.033,1.292,-0.209,-48.93,11.87,24.04,1,0.861,-36.84,37.76,0.0,0,5,0.0611,0.0555,0.0648,0.0592
18.612,1,0.786,-4.99,4.44,5,69.9,20.44,0.07,-0.0344,0.063,0.0,-0.012,1.294,-0.212,-48.99,11.87,24.04,1,0.858,-37.81,39.83,0.0,0,5,0.0667,0.0577,0.0685,0.0577
18.712,1,0.794,-4.49,4.26,5,69.9,20.44,0.07,-0.0329,0.063,0.0,0.003,1.299,-0.217,-48.99,11.85,25.77,1,0.873,-38.78,40.39,0.0,0,5,0.0641,0.0623,0.0641,0.0623
18.815,1,0.785,-3.74,4.49,5,70.0,20.44,0.07,-0.0346,0.062,0.002,0.002,1.304,-0.222,-48.93,11.85,25.77,1,0.865,-37.32,36.54,0.0,0,5,0.0585,0.0604,0.0677,0.0622
18.85,1,0.785,-3.49,4.3,5,70.0,20.44,0.07,-0.0473,0.061,0.003,-0.028,1.306,-0.224,-48.99,11.85,25.77,1,0.865,-37.32,36.54,0.0,0,5,0.0649,0.0631,0.0649,0.0523
18.912,1,0.793,-3.49,4.25,5,69.8,20.0,0.07,-0.0455,0.062,0.003,-0.031,1.307,-0.226,-49.1,11.85,28.2,1,0.874,-34.9,36.4,0.0,0,5,0.0651,0.0597,0.0688,0.0525
18.947,1,0.792,-3.49,3.85,5,69.9,20.0,0.07,-0.0439,0.063,0.0,-0.047,1.31,-0.229,-49.22,11.85,28.2,1,0.874,-33.44,36.83,0.0,0,5,0.0665,0.0572,0.0702,0.0591
19.008,1,0.789,-3.49,3.86,5,70.9,20.04,0.07,-0.0364,0.064,-0.001,-0.04,1.311,-0.231,-49.33,11.85,28.2,1,0.886,-32.96,36.83,0.0,0,5,0.0701,0.0572,0.0683,0.0609
19.046,1,0.785,-3.49,3.9,5,71.2,20.56,0.07,-0.0363,0.068,-0.002,-0.01,1.314,-0.234,-49.45,11.85,28.2,1,0.886,-32.96,36.83,0.0,0,5,0.0776,0.0628,0.0702,0.0628
19.112,1,0.771,-3.49,5.3,5,71.4,20.04,0.07,-0.0367,0.068,0.0,0.012,1.316,-0.236,-49.45,11.85,29.5,1,0.878,-31.5,31.09,0.0,0,5,0.0739,0.0647,0.0721,0.0628
19.146,1,0.756,-3.24,5.79,5,71.5,20.44,0.07,-0.0611,0.068,0.0,-0.009,1.318,-0.238,-49.45,11.85,29.5,1,0.877,-29.57,30.75,0.0,0,5,0.0684,0.0629,0.074,0.0684
19.209,1,0.759,-3.24,8.9,5,71.6,20.04,0.07,-0.0724,0.066,-0.001,-0.032,1.32,-0.241,-49.5,11.85,29.5,1,0.859,-27.14,31.89,0.0,0,5,0.0684,0.0591,0.0702,0.0665
19.247,1,0.765,-3.24,10.04,5,71.7,20.04,0.07,-0.1265,0.066,0.0,-0.017,1.322,-0.243,-49.56,11.85,29.5,1,0.859,-27.14,31.89,0.0,0,5,0.0702,0.0628,0.0683,0.061
19.313,1,0.753,-3.49,13.03,5,72.1,20.04,0.07,-0.1462,0.067,0.004,-0.061,1.325,-0.246,-49.68,11.85,31.66,1,0.881,-26.66,25.06,0.0,0,5,0.074,0.0666,0.074,0.0518
19.35,1,0.743,-3.99,14.62,5,72.3,20.04,0.07,-0.1953,0.07,0.002,-0.08,1.327,-0.248,-49.96,11.85,31.66,1,0.89,-28.11,20.12,0.0,0,5,0.0795,0.0629,0.0814,0.0555
19.413,1,0.724,-4.74,17.6,5,72.6,20.56,0.07,-0.2179,0.072,-0.0,-0.106,1.329,-0.252,-50.48,11.85,31.66,1,0.888,-29.57,15.97,0.0,0,5,0.0924,0.0518,0.0906,0.0518
19.446,1,0.744,-5.24,19.66,5,73.6,20.56,0.07,-0.2615,0.07,-0.001,-0.146,1.331,-0.254,-50.82,11.85,31.66,1,0.885,-31.5,11.67,0.0,0,5,0.0999,0.0444,0.0944,0.0426
19.514,1,0.751,-7.24,22.92,5,74.7,22.22,0.07,-0.2932,0.065,-0.0,-0.209,1.333,-0.257,-51.45,11.85,37.8,1,0.901,-33.44,0.97,0.0,0,5,0.0962,0.0333,0.0962,0.0352
19.542,1,0.761,-8.49,24.48,5,75.3,23.34,0.07,-0.3257,0.064,-0.001,-0.253,1.335,-0.259,-51.97,11.85,37.8,1,0.898,-34.41,-2.65,0.0,0,5,0.0961,0.0259,0.0998,0.0333
19.615,1,0.72,-12.98,27.02,5,77.4,23.94,0.07,-0.3449,0.065,-0.003,-0.311,1.337,-0.262,-52.94,11.85,37.8,1,0.893,-42.17,-18.9,0.0,0,5,0.1067,0.0125,0.1121,0.0302
19.645,1,0.735,-14.97,27.82,5,78.5,23.89,0.07,-0.3384,0.067,-0.006,-0.377,1.338,-0.264,-53.8,11.85,37.8,1,0.893,-42.17,-18.9,0.0,0,5,0.121,0.0018,0.121,0.0249
19.744,1,0.665,-21.21,29.95,5,82.6,23.26,0.07,-0.3426,0.068,-0.006,-0.35,1.342,-0.27,-55.81,11.88,40.59,1,0.927,-47.98,-30.22,0.0,0,5,0.1443,0.0,0.1258,0.0037
19.775,1,0.684,-23.21,30.21,5,83.2,23.26,0.07,-0.3037,0.065,-0.002,-0.373,1.343,-0.273,-56.67,11.88,40.59,1,0.932,-49.44,-33.11,0.0,0,5,0.1406,0.0,0.1277,0.0019
19.814,1,0.685,-24.96,30.69,5,83.3,22.78,0.07,-0.2946,0.066,-0.001,-0.391,1.344,-0.274,-57.12,11.88,40.59,1,0.932,-49.44,-33.11,0.0,0,5,0.1347,0.0,0.131,0.0
19.85,1,0.747,-26.2,29.39,5,83.2,23.2,0.07,-0.2914,0.067,0.0,-0.43,1.346,-0.276,-58.1,11.88,40.59,1,0.926,-49.44,-35.56,0.0,0,5,0.1327,0.0,0.1345,0.0
19.879,1,0.747,-27.2,29.64,5,82.9,23.2,0.07,-0.2566,0.067,-0.001,-0.258,1.347,-0.278,-58.84,11.88,34.87,1,0.926,-49.44,-35.56,0.0,0,5,0.135,0.0037,0.1276,0.0018
19.909,1,0.738,-27.2,29.06,5,82.6,22.77,0.07,-0.2565,0.067,-0.0,-0.245,1.348,-0.279,-59.07,11.88,34.87,1,0.927,-48.47,-32.05,0.0,0,5,0.133,0.0092,0.1238,0.0018
19.941,1,0.757,-27.45,27.9,5,82.3,22.77,0.07,-0.2496,0.067,-0.005,-0.296,1.349,-0.282,-59.76,11.88,34.87,1,0.927,-48.47,-32.05,0.0,0,5,0.1275,0.0092,0.1145,0.0148
20.012,1,0.754,-28.2,27.02,5,82.3,22.22,0.07,-0.2343,0.069,-0.009,-0.29,1.35,-0.286,-60.79,11.88,34.87,1,0.901,-43.14,-25.15,0.0,0,5,0.1181,0.0055,0.1144,0.0369
20.045,1,0.687,-28.45,26.87,5,82.4,22.22,0.07,-0.212,0.072,-0.007,-0.256,1.352,-0.289,-61.42,11.88,34.87,1,0.888,-40.23,-21.31,0.0,0,5,0.1207,0.011,0.1188,0.0384
20.146,1,0.756,-28.2,25.37,5,83.1,22.19,0.07,-0.2101,0.069,-0.007,-0.12,1.354,-0.295,-62.51,11.88,23.6,1,0.864,-33.44,-7.37,0.0,0,5,0.1232,0.0294,0.0956,0.0294
20.175,1,0.702,-28.7,25.76,5,82.9,22.04,0.07,-0.1881,0.07,-0.009,-0.188,1.355,-0.298,-62.91,11.88,23.6,1,0.807,-30.05,-1.19,0.0,0,5,0.114,0.0294,0.0938,0.0441
20.247,1,0.76,-28.45,23.78,5,82.4,22.04,0.07,-0.19,0.073,-0.009,-0.163,1.357,-0.302,-63.54,11.88,23.6,1,0.824,-24.72,11.88,0.0,0,5,0.1056,0.0315,0.0963,0.0593
20.276,1,0.762,-28.2,23.57,5,81.9,22.15,0.07,-0.1588,0.075,-0.007,-0.146,1.358,-0.305,-63.88,11.89,17.51,1,0.824,-24.72,11.88,0.0,0,5,0.1054,0.037,0.098,0.0592
20.312,1,0.759,-28.2,23.55,5,81.7,22.19,0.07,-0.1581,0.076,-0.007,-0.163,1.358,-0.306,-64.06,11.89,17.51,1,0.824,-24.72,11.88,0.0,0,5,0.1072,0.0388,0.0998,0.0592
20.343,1,0.763,-27.7,23.05,5,81.9,22.04,0.07,-0.1577,0.076,-0.003,-0.173,1.36,-0.309,-64.46,11.89,17.51,1,0.814,-22.3,17.73,0.0,0,5,0.1054,0.0462,0.0998,0.0536
20.414,1,0.695,-25.95,23.93,5,81.8,22.19,0.07,-0.1543,0.074,0.0,-0.057,1.362,-0.313,-64.86,11.89,17.51,1,0.792,-17.45,22.67,0.0,0,5,0.0963,0.0537,0.0944,0.0518
20.445,1,0.696,-24.96,24.51,5,82.2,22.19,0.07,-0.1898,0.075,0.004,-0.057,1.363,-0.316,-64.92,11.89,17.51,1,0.788,-16.96,22.83,0.0,0,5,0.0889,0.0667,0.0908,0.0537
20.509,1,0.653,-24.21,27.02,5,82.4,21.67,0.07,-0.2083,0.077,0.002,-0.088,1.365,-0.32,-65.2,11.89,14.84,1,0.788,-16.96,22.83,0.0,0,5,0.0832,0.0684,0.0906,0.0666
20.546,1,0.671,-23.96,27.05,5,82.2,22.15,0.07,-0.2592,0.077,-0.003,-0.15,1.366,-0.323,-65.49,11.89,14.84,1,0.785,-16.48,22.6,0.0,0,5,0.0906,0.0555,0.0925,0.0703
20.643,1,0.659,-23.71,26.62,5,81.8,21.67,0.07,-0.2592,0.077,-0.006,-0.206,1.369,-0.33,-66.52,11.89,14.84,1,0.786,-18.42,18.2,0.0,0,5,0.1183,0.0388,0.1016,0.0481
20.745,1,0.676,-24.71,25.15,5,81.9,21.67,0.07,-0.2523,0.068,-0.003,-0.209,1.371,-0.337,-67.72,11.88,20.26,1,0.836,-26.17,-0.18,0.0,0,5,0.1093,0.0241,0.1056,0.0333
20.843,1,0.725,-26.2,18.15,5,82.5,21.46,0.07,-0.2152,0.073,-0.004,-0.242,1.373,-0.344,-69.16,11.88,20.26,1,0.85,-30.05,-5.54,0.0,0,5,0.1182,0.0259,0.1127,0.0369
20.943,1,0.771,-26.2,16.39,5,83.5,21.46,0.0978,-0.0778,0.076,0.0,-0.128,1.376,-0.351,-70.42,11.88,18.04,1,0.879,-32.47,-11.89,0.0,0,5,0.1148,0.0407,0.1129,0.037
21.043,1,0.693,-24.71,16.54,5,83.1,21.67,0.1327,-0.1061,0.088,0.004,-0.094,1.379,-0.359,-70.93,11.88,18.04,1,0.818,-26.17,-2.13,7.949,1,5,0.0981,0.0778,0.1074,0.0704
21.143,1,0.692,-22.46,16.0,5,81.8,21.62,0.0847,-0.0687,0.121,0.006,-0.135,1.384,-0.37,-71.68,11.88,8.62,1,0.788,-14.54,18.72,0.0,0,5,0.135,0.1073,0.1461,0.0943
21.243,1,0.68,-20.46,17.89,5,80.2,21.67,0.07,-0.0819,0.115,0.001,-0.149,1.388,-0.381,-72.19,11.88,8.62,1,0.782,-13.57,18.44,0.0,0,5,0.1332,0.0888,0.1443,0.0943
21.344,1,0.691,-18.97,17.21,5,78.8,21.62,0.0784,-0.1332,0.106,-0.005,-0.105,1.39,-0.392,-72.65,11.86,9.33,1,0.772,-10.66,17.05,0.0,0,5,0.124,0.0925,0.1092,0.0962
21.407,1,0.646,-18.72,19.59,5,78.2,21.46,0.0784,-0.1351,0.096,-0.001,-0.042,1.392,-0.397,-72.88,11.86,9.33,1,0.772,-10.66,17.05,0.0,0,5,0.111,0.0888,0.1018,0.0833
21.447,1,0.65,-18.72,19.21,5,78.1,21.62,0.0879,-0.1777,0.089,-0.0,-0.12,1.393,-0.4,-73.11,11.86,9.33,1,0.722,-10.18,12.86,0.0,0,5,0.1018,0.0722,0.1055,0.0777
21.473,1,0.662,-18.72,18.55,5,78.3,21.67,0.0805,-0.1701,0.087,-0.002,-0.115,1.393,-0.402,-73.22,11.86,12.43,1,0.722,-10.18,12.86,0.0,0,5,0.0981,0.0648,0.1055,0.0814
21.545,1,0.674,-18.97,17.58,5,78.2,21.67,0.0727,-0.157,0.083,-0.006,-0.139,1.395,-0.408,-73.8,11.86,12.43,1,0.334,-19.83,4.31,0.0,0,4,0.1087,0.0516,0.1013,0.07
21.642,1,0.636,-19.97,16.82,5,78.1,26.32,0.0773,-0.1362,0.076,-0.006,-0.149,1.396,-0.416,-74.89,11.86,12.43,1,0.786,-23.27,-2.81,2.158,1,5,0.1102,0.0445,0.096,0.0533
21.707,1,0.69,-19.97,13.15,5,77.7,21.42,0.07,-0.1117,0.071,0.001,-0.102,1.398,-0.42,-75.29,11.86,13.08,1,0.758,-25.2,-3.89,5.355,1,5,0.0869,0.0444,0.0999,0.0518
21.743,1,0.642,-19.97,13.4,5,77.3,21.42,0.07,-0.048,0.072,0.004,-0.09,1.399,-0.423,-75.46,11.86,13.08,1,0.758,-25.2,-3.89,5.355,1,5,0.0833,0.0537,0.0981,0.0518
21.774,1,0.648,-19.47,16.68,5,77.0,26.67,0.07,-0.053,0.072,0.002,-0.099,1.399,-0.424,-75.57,11.86,13.08,1,0.748,-17.93,-10.6,0.0,0,5,0.087,0.0556,0.0926,0.0518
21.944,1,0.708,-18.47,12.38,5,76.5,21.42,0.1159,-0.134,0.079,0.006,-0.066,1.403,-0.437,-76.43,11.86,11.7,1,0.71,-13.09,-4.84,0.0,0,5,0.0887,0.0702,0.0998,0.0555
22.046,1,0.723,-17.47,11.24,5,76.1,21.42,0.07,-0.0514,0.098,0.006,-0.122,1.406,-0.447,-77.06,11.86,11.7,1,0.761,-14.06,-6.28,0.0,0,5,0.1145,0.0831,0.1256,0.0683
22.072,1,0.721,-17.22,10.8,5,75.3,21.42,0.0772,-0.0437,0.1,0.006,-0.155,1.407,-0.449,-77.23,11.86,7.8,1,0.761,-14.06,-6.28,0.0,0,5,0.1177,0.0865,0.1269,0.0699
22.143,1,0.706,-16.72,11.78,5,74.6,23.87,0.0805,-0.0364,0.093,0.005,-0.078,1.409,-0.456,-77.75,11.86,7.8,1,0.761,-14.06,-6.28,0.0,0,5,0.1068,0.0828,0.1141,0.0699
22.172,1,0.705,-16.47,10.53,5,74.5,22.04,0.0946,-0.0585,0.09,0.005,-0.026,1.409,-0.458,-77.81,11.86,7.8,1,0.747,-10.18,4.97,4.044,1,5,0.1018,0.0796,0.1092,0.0685
22.243,1,0.716,-15.97,10.58,5,74.6,22.04,0.0755,-0.0378,0.082,0.004,-0.06,1.411,-0.464,-78.04,11.86,7.8,1,0.759,-7.27,10.11,5.237,1,5,0.0815,0.0704,0.1,0.0741
22.274,1,0.711,-15.72,11.61,5,74.6,24.48,0.07,-0.044,0.08,0.003,-0.043,1.411,-0.465,-78.09,11.85,6.52,1,0.77,-7.27,9.66,6.483,1,5,0.0814,0.0703,0.0962,0.0722
22.342,1,0.729,-15.47,10.05,5,74.8,20.96,0.07,-0.0634,0.075,0.001,-0.039,1.413,-0.471,-78.32,11.85,6.52,1,0.77,-7.27,8.51,4.041,1,5,0.0887,0.0665,0.0868,0.0591
22.373,1,0.728,-15.22,9.72,5,74.9,21.1,0.07,-0.0382,0.075,0.001,-0.06,1.413,-0.473,-78.38,11.85,6.52,1,0.762,-7.27,8.5,4.046,1,5,0.0887,0.0647,0.0868,0.0591
22.407,1,0.733,-15.22,9.71,5,75.2,21.1,0.07,-0.0346,0.069,-0.0,-0.057,1.413,-0.475,-78.55,11.85,6.52,1,0.762,-7.27,8.5,4.046,1,5,0.0888,0.0592,0.0777,0.0499
22.474,1,0.749,-15.22,9.57,5,75.5,20.81,0.07,-0.0335,0.062,0.001,-0.026,1.414,-0.479,-78.67,11.85,9.13,1,0.765,-10.66,-0.74,2.117,1,5,0.0721,0.0573,0.0703,0.0499
22.544,1,0.753,-14.23,8.86,5,75.6,20.57,0.07,-0.0305,0.056,0.003,-0.025,1.415,-0.483,-78.78,11.85,9.13,1,0.775,-10.18,-1.24,-0.266,1,5,0.0499,0.0536,0.0647,0.0555
22.643,1,0.752,-13.73,9.41,5,75.7,22.04,0.07,-0.0287,0.059,0.005,-0.013,1.417,-0.489,-78.95,11.85,9.13,1,0.776,-9.21,-2.45,1.394,1,5,0.0535,0.0609,0.0665,0.0535
22.672,1,0.771,-13.23,8.84,5,75.9,20.81,0.07,-0.0438,0.059,0.004,-0.02,1.417,-0.49,-78.95,11.86,9.54,1,0.776,-9.21,-2.45,1.394,1,5,0.0555,0.0592,0.0666,0.0537
22.71,1,0.769,-13.23,9.2,5,76.0,21.42,0.07,-0.0386,0.061,0.002,0.004,1.418,-0.492,-78.95,11.86,9.54,1,0.776,-9.21,-2.45,1.394,1,5,0.0611,0.0592,0.0667,0.0555
22.741,1,0.764,-12.98,9.79,5,76.1,22.04,0.07,-0.0442,0.063,0.001,-0.036,1.418,-0.495,-79.07,11.86,9.54,1,0.779,-9.21,-1.51,1.879,1,5,0.0667,0.0593,0.0704,0.0574
22.843,1,0.78,-12.73,8.89,5,76.2,20.81,0.07,-0.0552,0.062,0.001,-0.008,1.42,-0.501,-79.24,11.86,9.54,1,0.782,-8.72,-2.3,2.57,1,5,0.0683,0.0554,0.0702,0.0536
22.872,1,0.784,-12.48,8.47,5,76.2,20.81,0.07,-0.0423,0.061,0.0,0.01,1.42,-0.502,-79.24,11.86,10.2,1,0.786,-7.76,-4.0,3.948,1,5,0.0684,0.0555,0.0666,0.0518
22.906,1,0.79,-12.23,8.7,5,76.0,20.57,0.07,-0.0373,0.059,0.002,-0.032,1.42,-0.504,-79.24,11.86,10.2,1,0.786,-7.76,-4.0,3.948,1,5,0.0629,0.0536,0.0684,0.0499
22.945,1,0.8,-12.23,8.66,5,75.9,20.57,0.07,-0.0442,0.06,0.001,-0.039,1.421,-0.507,-79.35,11.86,10.2,1,0.789,-8.24,-2.79,0.204,1,5,0.0648,0.0556,0.0667,0.0537
22.971,1,0.805,-12.23,8.49,5,75.8,20.46,0.07,-0.0425,0.062,0.0,-0.037,1.421,-0.508,-79.41,11.86,10.2,1,0.789,-8.24,-2.79,0.204,1,5,0.0648,0.0555,0.0704,0.0592
23.006,1,0.812,-11.73,7.97,5,75.9,20.46,0.07,-0.039,0.066,-0.001,-0.053,1.422,-0.511,-79.53,11.86,10.2,1,0.789,-8.24,-2.79,0.204,1,5,0.0685,0.0574,0.0722,0.0648
23.041,1,0.814,-11.73,8.16,5,75.8,20.81,0.07,-0.0361,0.067,0.001,-0.019,1.422,-0.513,-79.64,11.86,10.2,1,0.789,-8.24,-2.79,0.204,1,5,0.0684,0.0591,0.0776,0.0628
23.071,1,0.817,-11.23,7.82,5,76.1,20.57,0.07,-0.0385,0.067,0.003,-0.03,1.423,-0.515,-79.64,11.86,9.32,1,0.787,-8.24,-4.17,0.921,1,5,0.0702,0.0628,0.0776,0.0591
23.106,1,0.815,-11.23,8.12,5,76.1,20.81,0.07,-0.0379,0.068,0.004,-0.05,1.423,-0.517,-79.76,11.86,9.32,1,0.787,-8.24,-4.17,0.921,1,5,0.0721,0.0666,0.0777,0.0555
23.175,1,0.81,-10.98,8.12,5,76.3,20.81,0.07,-0.0418,0.068,0.001,-0.066,1.424,-0.522,-79.98,11.86,9.32,1,0.787,-4.85,-6.99,6.915,1,5,0.0759,0.0629,0.0759,0.0574
23.207,1,0.82,-10.73,7.91,5,76.3,20.81,0.07,-0.0444,0.07,0.0,-0.023,1.424,-0.524,-80.04,11.86,9.32,1,0.786,-4.85,-8.6,5.884,1,5,0.0814,0.0647,0.0758,0.0573
23.241,1,0.815,-10.23,7.44,5,76.4,20.81,0.07,-0.0435,0.069,0.002,-0.011,1.425,-0.527,-80.1,11.86,9.32,1,0.786,-4.85,-8.6,5.884,1,5,0.0777,0.0629,0.0795,0.0573
23.275,1,0.822,-10.23,7.92,5,76.5,20.56,0.07,-0.0409,0.069,0.003,-0.033,1.425,-0.528,-80.16,11.85,8.95,1,0.789,-7.27,-5.53,0.693,1,5,0.0739,0.0647,0.0795,0.0591
23.306,1,0.827,-9.98,7.82,5,76.5,20.56,0.07,-0.0481,0.066,0.002,-0.019,1.426,-0.531,-80.16,11.85,8.95,1,0.785,-4.36,-8.31,5.678,1,5,0.0666,0.061,0.0758,0.061
23.342,1,0.82,-9.73,7.48,5,76.7,20.81,0.07,-0.0491,0.065,0.001,0.005,1.426,-0.533,-80.16,11.85,8.95,1,0.785,-4.36,-8.31,5.678,1,5,0.0684,0.061,0.0721,0.0592
23.374,1,0.825,-9.48,7.67,5,76.7,20.81,0.07,-0.0453,0.065,0.002,-0.032,1.427,-0.535,-80.21,11.85,8.95,1,0.785,-6.3,-6.74,2.293,1,5,0.0684,0.061,0.0721,0.0573
23.405,1,0.83,-9.23,7.4,5,76.8,20.56,0.07,-0.0508,0.068,0.005,-0.066,1.427,-0.538,-80.33,11.85,8.95,1,0.784,-6.3,-6.14,1.067,1,5,0.0684,0.0684,0.0777,0.0573
23.472,1,0.837,-8.98,7.5,5,76.8,20.2,0.07,-0.0478,0.072,0.006,-0.081,1.428,-0.542,-80.56,11.85,9.26,1,0.782,-6.3,-6.43,-0.683,1,5,0.0697,0.0697,0.0863,0.0624
23.505,1,0.834,-8.98,7.15,5,76.7,20.81,0.07,-0.0518,0.07,0.003,-0.089,1.429,-0.544,-80.73,11.85,9.26,1,0.782,-6.3,-6.43,-0.683,1,5,0.0733,0.0605,0.0862,0.0605
23.542,1,0.827,-8.73,6.93,5,76.9,20.81,0.07,-0.0453,0.071,0.002,-0.051,1.43,-0.547,-80.96,11.85,9.26,1,0.782,-6.3,-6.43,-0.683,1,5,0.0813,0.0629,0.0832,0.0555
23.573,1,0.833,-8.73,6.98,5,77.1,20.56,0.07,-0.044,0.071,0.003,-0.06,1.43,-0.549,-81.02,11.85,9.26,1,0.775,-6.3,-9.2,0.658,1,5,0.0832,0.0629,0.0851,0.0536
23.608,1,0.838,-8.73,6.61,5,77.3,20.56,0.07,-0.0444,0.073,0.002,-0.049,1.43,-0.551,-81.07,11.85,9.26,1,0.775,-6.3,-9.2,0.658,1,5,0.084,0.0644,0.0858,0.0572
23.672,1,0.841,-8.24,5.93,5,77.2,20.46,0.07,-0.0373,0.073,0.003,-0.044,1.431,-0.555,-81.25,11.84,7.67,1,0.771,-6.3,-10.57,1.264,1,5,0.0751,0.0644,0.0876,0.0644
23.706,1,0.842,-8.24,6.11,5,77.0,20.81,0.07,-0.0312,0.073,0.001,-0.033,1.432,-0.558,-81.3,11.84,7.67,1,0.771,-6.3,-10.57,1.264,1,5,0.074,0.0648,0.0833,0.0685
23.741,1,0.843,-8.24,6.24,5,76.9,20.81,0.07,-0.034,0.07,-0.001,-0.025,1.432,-0.561,-81.36,11.84,7.67,1,0.771,-6.3,-10.57,1.264,1,5,0.074,0.0629,0.0759,0.0685
23.776,1,0.848,-8.24,6.14,5,76.6,20.81,0.07,-0.0357,0.068,0.0,-0.027,1.432,-0.564,-81.42,11.84,7.67,1,0.773,-6.3,-10.58,1.284,1,5,0.0722,0.0629,0.0759,0.0666
23.843,1,0.861,-7.99,5.56,5,76.3,20.57,0.07,-0.0335,0.068,0.003,-0.054,1.433,-0.568,-81.53,11.84,7.67,1,0.749,-3.88,-10.15,0.966,1,5,0.0738,0.0683,0.0738,0.0554
23.871,1,0.868,-8.24,5.36,5,76.2,20.56,0.07,-0.0263,0.069,0.002,-0.083,1.433,-0.569,-81.59,11.84,5.83,1,0.778,-3.39,-3.13,2.34,1,5,0.0775,0.0683,0.0738,0.0572
23.908,1,0.868,-8.24,5.36,5,75.7,20.56,0.07,-0.0194,0.071,0.0,-0.084,1.434,-0.572,-81.82,11.84,5.83,1,0.778,-3.39,-3.13,2.34,1,5,0.083,0.0682,0.0738,0.059
23.945,1,0.86,-8.24,5.18,5,75.5,20.81,0.07,-0.0194,0.071,0.002,-0.023,1.435,-0.575,-81.99,11.84,5.83,1,0.774,-4.36,-5.43,-0.0,1,5,0.0795,0.0665,0.0795,0.0573
23.975,1,0.858,-7.99,4.85,5,75.9,20.81,0.07,-0.0163,0.07,0.004,-0.03,1.435,-0.576,-81.99,11.84,5.83,1,0.774,-4.36,-5.43,-0.0,1,5,0.0758,0.0647,0.0832,0.0573
24.04,1,0.867,-7.74,4.69,5,75.7,20.56,0.07,-0.0134,0.067,0.004,0.004,1.436,-0.581,-82.1,11.84,5.83,1,0.778,-3.39,-6.22,1.985,1,5,0.0648,0.0629,0.0777,0.0611
24.072,1,0.866,-7.24,4.63,5,75.5,20.46,0.07,-0.0133,0.065,0.004,-0.017,1.436,-0.583,-82.1,11.84,4.47,1,0.779,-3.39,-6.23,1.991,1,5,0.0629,0.0629,0.074,0.0592
24.11,1,0.868,-7.24,4.92,5,74.9,20.46,0.07,-0.0178,0.064,0.0,-0.004,1.436,-0.585,-82.1,11.84,4.47,1,0.766,0.48,3.66,2.513,1,5,0.0648,0.0629,0.0648,0.0629
24.141,1,0.868,-7.24,4.92,5,75.0,20.46,0.07,-0.0223,0.063,-0.001,-0.012,1.437,-0.588,-82.16,11.84,4.47,1,0.766,0.48,3.66,2.513,1,5,0.0648,0.0593,0.0648,0.063
24.205,1,0.868,-6.74,4.39,5,74.9,20.44,0.07,-0.0214,0.062,-0.0,0.005,1.437,-0.591,-82.16,11.84,4.47,1,0.778,0.48,3.2,3.586,1,5,0.0647,0.0573,0.0647,0.0592
24.243,1,0.873,-6.74,4.93,5,74.8,20.44,0.07,-0.0182,0.061,0.001,-0.032,1.438,-0.594,-82.16,11.84,4.47,1,0.778,0.48,3.2,3.586,1,5,0.0647,0.0592,0.0647,0.0555
24.27,1,0.875,-6.74,4.93,5,74.8,20.44,0.07,-0.0269,0.062,0.0,-0.087,1.438,-0.595,-82.28,11.83,5.22,1,0.772,1.45,2.74,2.712,1,5,0.0684,0.0592,0.0647,0.0555
24.304,1,0.872,-6.24,4.32,5,74.7,20.56,0.07,-0.0264,0.066,-0.0,-0.002,1.438,-0.598,-82.28,11.83,5.22,1,0.772,1.45,2.74,2.712,1,5,0.074,0.0647,0.0666,0.0592
24.344,1,0.872,-6.24,4.61,5,74.7,20.46,0.07,-0.0218,0.071,0.002,-0.012,1.439,-0.601,-82.39,11.83,5.22,1,0.776,1.45,2.72,2.743,1,5,0.0776,0.0702,0.0758,0.061
24.371,1,0.874,-6.24,4.23,5,74.8,20.44,0.07,-0.0258,0.072,0.003,-0.047,1.439,-0.602,-82.45,11.83,5.22,1,0.776,1.45,2.72,2.743,1,5,0.074,0.0703,0.0795,0.0629
24.405,1,0.876,-6.24,4.1,5,74.9,20.56,0.07,-0.0187,0.069,0.004,-0.026,1.439,-0.605,-82.56,11.83,5.22,1,0.776,1.45,2.72,2.743,1,5,0.0684,0.0629,0.0832,0.061
24.442,1,0.879,-6.24,4.23,5,75.0,20.44,0.07,-0.0163,0.063,0.002,-0.036,1.44,-0.607,-82.62,11.83,5.22,1,0.776,1.45,2.72,2.743,1,5,0.0648,0.0555,0.0759,0.0574
24.475,1,0.876,-5.99,4.0,5,75.2,20.04,0.07,-0.0182,0.063,0.002,-0.03,1.44,-0.608,-82.68,11.83,6.32,1,0.79,0.97,1.7,2.299,1,5,0.0648,0.0555,0.074,0.0574
24.504,1,0.877,-5.99,4.0,5,75.2,20.04,0.07,-0.017,0.062,0.001,-0.012,1.44,-0.611,-82.74,11.83,6.32,1,0.787,0.97,1.26,3.369,1,5,0.0648,0.0593,0.0685,0.0574
24.574,1,0.882,-5.74,3.68,5,75.6,20.56,0.07,-0.0165,0.064,0.001,-0.032,1.441,-0.615,-82.79,11.83,6.32,1,0.787,0.97,1.26,3.369,1,5,0.0648,0.0629,0.0666,0.0611
24.61,1,0.88,-5.74,4.05,5,76.0,20.44,0.07,-0.0136,0.062,0.0,-0.055,1.441,-0.617,-82.85,11.83,6.32,1,0.788,-4.36,-9.43,-2.915,1,5,0.0648,0.0611,0.0648,0.0592
24.641,1,0.879,-5.74,3.4,5,75.4,20.46,0.07,-0.0199,0.063,-0.001,0.015,1.441,-0.62,-82.91,11.83,6.32,1,0.788,-4.36,-9.43,-2.915,1,5,0.0703,0.0592,0.0648,0.0592
24.672,1,0.885,-5.49,3.35,5,75.4,20.44,0.07,-0.0083,0.064,-0.0,0.004,1.442,-0.621,-82.91,11.84,7.14,1,0.787,-4.36,-9.32,-1.057,1,5,0.0704,0.0611,0.0667,0.0593
24.711,1,0.888,-5.24,3.14,5,75.3,20.46,0.07,-0.01,0.07,0.0,0.047,1.442,-0.624,-82.91,11.84,7.14,1,0.787,-3.39,-10.32,-2.717,1,5,0.0777,0.0647,0.0758,0.061
24.74,1,0.889,-5.24,3.43,5,75.5,20.44,0.07,-0.0093,0.074,0.001,-0.045,1.442,-0.627,-82.91,11.84,7.14,1,0.787,-3.39,-10.32,-2.717,1,5,0.0795,0.074,0.0758,0.0647
24.771,1,0.883,-5.24,3.58,5,75.5,20.56,0.07,-0.0138,0.075,0.003,-0.051,1.443,-0.628,-82.96,11.84,7.14,1,0.788,-3.39,-9.61,-2.279,1,5,0.0795,0.0795,0.0758,0.0647
24.843,1,0.885,-4.74,3.13,5,75.4,20.56,0.07,-0.016,0.066,0.004,-0.022,1.444,-0.634,-83.08,11.84,7.14,1,0.792,-3.39,-10.66,-4.633,1,5,0.0647,0.0666,0.074,0.0592
24.874,1,0.889,-4.49,2.93,5,75.6,20.56,0.07,-0.0141,0.062,0.003,-0.021,1.444,-0.635,-83.14,11.84,4.58,1,0.798,-3.39,-10.66,-4.637,1,5,0.0611,0.0592,0.0722,0.0574
24.906,1,0.898,-4.24,2.98,5,75.1,20.46,0.07,-0.0127,0.061,0.004,-0.009,1.444,-0.637,-83.14,11.84,4.58,1,0.785,-1.94,-11.87,-4.891,1,5,0.0574,0.063,0.0667,0.0574
24.943,1,0.899,-4.24,2.98,5,75.1,20.46,0.07,-0.0163,0.059,0.004,-0.027,1.445,-0.639,-83.14,11.84,4.58,1,0.781,2.42,0.49,-3.541,1,5,0.0518,0.0611,0.0648,0.0592
24.97,1,0.895,-4.24,2.98,5,75.0,20.46,0.07,-0.0154,0.06,0.003,-0.041,1.445,-0.641,-83.19,11.84,4.58,1,0.781,2.42,0.49,-3.541,1,5,0.05,0.0611,0.0648,0.0629
25.008,1,0.896,-3.99,2.64,5,74.9,20.2,0.07,-0.0149,0.06,0.002,-0.035,1.445,-0.643,-83.25,11.84,4.58,1,0.781,2.42,0.49,-3.541,1,5,0.0586,0.0604,0.0641,0.0586
25.045,1,0.893,-3.99,2.75,5,74.9,20.2,0.07,-0.0119,0.064,-0.001,-0.007,1.445,-0.646,-83.25,11.84,4.58,1,0.786,6.3,7.82,0.0,1,5,0.0678,0.0605,0.066,0.0623
25.076,1,0.894,-3.99,2.86,5,74.8,20.2,0.07,-0.0132,0.066,-0.001,0.008,1.446,-0.649,-83.31,11.84,1.29,1,0.786,6.3,7.82,0.0,1,5,0.073,0.0584,0.0712,0.0621
25.105,1,0.89,-3.74,2.8,5,74.5,20.56,0.07,-0.0147,0.068,-0.002,0.011,1.446,-0.65,-83.31,11.84,1.29,1,0.784,6.3,7.82,0.0,1,5,0.0735,0.0569,0.0753,0.0661
25.138,1,0.889,-3.74,2.81,5,74.4,20.57,0.07,-0.0167,0.07,0.001,0.009,1.446,-0.653,-83.31,11.84,1.29,1,0.784,6.3,7.82,0.0,1,5,0.0734,0.066,0.077,0.0642
25.17,1,0.889,-3.74,2.97,5,74.5,20.44,0.07,-0.0163,0.071,0.003,-0.01,1.447,-0.654,-83.31,11.84,1.29,1,0.784,6.3,7.82,0.0,1,5,0.0711,0.0693,0.0784,0.0638
25.203,1,0.886,-3.74,3.26,5,74.3,20.57,0.07,-0.0189,0.072,0.003,-0.023,1.447,-0.657,-83.31,11.84,1.29,1,0.784,6.3,7.82,0.0,1,5,0.0717,0.0772,0.0735,0.0662
25.27,1,0.88,-3.49,2.76,5,74.2,20.56,0.07,-0.0235,0.067,0.001,-0.019,1.448,-0.661,-83.42,11.84,1.34,1,0.773,10.18,13.88,-3.379,1,5,0.0685,0.0666,0.0703,0.0629
25.304,1,0.878,-3.24,2.53,5,74.1,20.56,0.07,-0.0176,0.062,0.002,-0.036,1.448,-0.663,-83.48,11.84,1.34,1,0.773,10.18,13.88,-3.379,1,5,0.0629,0.0592,0.0684,0.0573
25.37,1,0.881,-3.24,2.92,5,74.0,20.56,0.0842,-0.016,0.063,0.001,-0.027,1.448,-0.666,-83.54,11.84,1.34,1,0.787,10.18,13.88,-3.369,1,5,0.0644,0.0589,0.0681,0.0589
25.406,1,0.885,-3.24,3.2,5,74.1,20.46,0.0979,-0.0224,0.065,0.0,-0.001,1.449,-0.67,-83.54,11.84,1.34,1,0.787,10.18,13.88,-3.369,1,5,0.0662,0.0625,0.0681,0.0625
25.507,1,0.875,-3.24,3.23,5,73.7,20.46,0.1332,-0.0382,0.082,0.001,-0.032,1.45,-0.677,-83.59,11.84,2.39,1,0.797,10.66,12.62,-2.108,1,5,0.0846,0.0772,0.0901,0.0772
25.538,1,0.877,-3.24,3.23,5,73.8,20.46,0.1399,-0.0417,0.097,0.001,-0.032,1.45,-0.681,-83.65,11.84,2.39,1,0.797,10.66,13.07,-2.933,1,5,0.098,0.0906,0.1054,0.0943
25.569,1,0.879,-3.24,3.23,5,73.5,20.46,0.1467,-0.0445,0.105,0.0,-0.033,1.45,-0.683,-83.65,11.84,2.39,1,0.797,10.66,13.07,-2.933,1,5,0.1073,0.0999,0.111,0.1018
25.608,1,0.875,-2.99,3.56,5,72.9,20.56,0.1467,-0.0445,0.119,0.0,-0.059,1.451,-0.689,-83.77,11.84,2.39,1,0.797,10.66,13.07,-2.933,1,5,0.1217,0.1144,0.1253,0.1162
25.672,1,0.879,-2.75,3.31,5,72.8,20.46,0.1583,-0.0601,0.139,0.005,-0.053,1.452,-0.698,-84.0,11.85,3.69,1,0.795,10.66,11.73,-2.469,1,5,0.1392,0.1338,0.1537,0.1302
25.708,1,0.88,-2.75,3.23,5,73.0,20.2,0.1583,-0.0568,0.149,0.004,-0.053,1.453,-0.704,-84.05,11.85,3.69,1,0.795,10.66,11.73,-2.469,1,5,0.1511,0.1401,0.1659,0.1401
25.738,1,0.886,-2.25,2.8,5,73.1,20.56,0.1464,-0.0496,0.159,0.002,-0.051,1.454,-0.71,-84.11,11.85,3.69,1,0.777,6.3,0.37,-5.38,1,5,0.163,0.1519,0.1704,0.15
25.773,1,0.884,-2.25,2.8,5,73.7,20.44,0.1212,-0.0357,0.163,0.001,-0.011,1.454,-0.714,-84.17,11.85,3.69,1,0.777,6.3,0.37,-5.38,1,5,0.1705,0.1557,0.1723,0.152
25.81,1,0.888,-2.25,2.79,5,74.0,20.56,0.0966,-0.0299,0.167,0.002,-0.108,1.455,-0.72,-84.34,11.85,3.69,1,0.795,7.27,0.47,-2.513,1,5,0.1741,0.1649,0.1741,0.1556
25.88,1,0.87,-2.25,2.18,5,73.3,20.57,0.0855,-0.0291,0.158,-0.003,0.011,1.456,-0.733,-84.51,11.85,2.84,1,0.81,6.3,-0.73,-4.363,1,5,0.1647,0.1425,0.1665,0.1573
25.906,1,0.876,-2.25,2.4,5,73.2,20.46,0.0855,-0.0184,0.155,-0.003,-0.051,1.456,-0.736,-84.51,11.85,2.84,1,0.81,6.3,-0.73,-4.363,1,5,0.1592,0.1388,0.1647,0.1555
25.97,1,0.86,-2.25,2.39,5,72.8,20.46,0.0855,-0.0219,0.146,0.001,-0.089,1.457,-0.744,-84.68,11.85,2.84,1,0.798,6.3,-0.76,-4.316,1,5,0.148,0.1425,0.1517,0.1425
26.005,1,0.86,-2.25,2.01,5,72.8,20.46,0.0855,-0.0216,0.137,-0.0,0.022,1.457,-0.75,-84.8,11.85,2.84,1,0.798,6.3,-0.76,-4.316,1,5,0.1424,0.1387,0.135,0.1331
26.071,1,0.863,-2.25,1.84,5,72.9,20.46,0.0855,-0.0149,0.123,-0.001,-0.015,1.458,-0.757,-84.8,11.85,0.42,1,0.796,6.3,-3.64,-3.358,1,5,0.1276,0.1165,0.1258,0.1202
26.105,1,0.857,-1.75,2.05,5,72.7,20.46,0.0855,-0.012,0.113,-0.004,0.01,1.458,-0.761,-84.74,11.85,0.42,1,0.796,6.3,-3.64,-3.358,1,5,0.1185,0.0981,0.1203,0.1166
26.139,1,0.874,-1.75,2.05,5,73.4,20.0,0.0855,-0.0219,0.108,-0.007,-0.006,1.458,-0.765,-84.8,11.85,0.42,1,0.801,11.15,7.4,-1.313,1,5,0.1166,0.0944,0.1147,0.1184
26.174,1,0.871,-1.75,2.13,5,73.1,20.46,0.0855,-0.0212,0.105,-0.006,0.018,1.458,-0.767,-84.8,11.85,0.42,1,0.822,11.15,5.27,-4.2,1,5,0.1129,0.0944,0.1037,0.1074
26.205,1,0.858,-1.75,1.88,5,73.1,20.46,0.0855,-0.0222,0.101,0.0,-0.124,1.459,-0.771,-84.86,11.85,0.42,1,0.822,11.15,5.27,-4.2,1,5,0.1036,0.1073,0.0943,0.098
26.305,1,0.874,-1.75,1.69,5,73.0,20.2,0.0855,-0.0173,0.092,0.002,0.023,1.46,-0.78,-84.97,11.84,-0.17,1,0.793,10.18,4.77,-2.516,1,5,0.0908,0.087,0.1,0.0889
26.372,1,0.86,-1.75,1.84,5,73.2,20.46,0.0855,-0.014,0.086,-0.002,-0.012,1.46,-0.785,-85.03,11.84,-0.17,1,0.792,10.18,3.73,-4.702,1,5,0.0898,0.077,0.0917,0.0862
26.406,1,0.867,-1.75,1.84,5,73.6,20.46,0.0855,-0.0165,0.083,-0.004,0.0,1.46,-0.789,-85.03,11.84,-0.17,1,0.801,10.18,3.7,-4.71,1,5,0.0856,0.0729,0.0856,0.0874
26.475,1,0.877,-1.25,1.4,5,73.9,20.46,0.0855,-0.0164,0.081,0.001,0.016,1.461,-0.793,-85.03,11.84,-0.17,1,0.814,10.18,3.59,-4.714,1,5,0.0809,0.0809,0.0828,0.0791
26.506,1,0.878,-1.25,1.41,5,73.8,20.44,0.0855,-0.0146,0.079,0.004,-0.012,1.461,-0.796,-85.03,11.84,-0.51,1,0.814,10.18,3.59,-4.714,1,5,0.0796,0.0851,0.0796,0.0703
26.573,1,0.877,-1.25,1.5,5,73.8,20.46,0.0855,-0.0142,0.072,-0.0,-0.03,1.461,-0.801,-85.26,11.84,-0.51,1,0.805,11.15,4.47,1.49,1,5,0.0757,0.0702,0.0739,0.0702
26.609,1,0.876,-1.25,1.58,5,73.9,20.46,0.0855,-0.0154,0.072,-0.0,0.029,1.462,-0.804,-85.26,11.84,-0.51,1,0.828,13.57,11.66,-1.752,1,5,0.0739,0.0665,0.0757,0.0702
26.674,1,0.885,-1.25,1.12,5,73.4,20.2,0.0855,-0.0165,0.074,0.002,-0.018,1.462,-0.808,-85.31,11.84,-0.51,1,0.831,13.57,11.26,-0.742,1,5,0.0737,0.07,0.0811,0.07
26.706,1,0.881,-1.5,1.09,5,72.4,19.97,0.0855,-0.0085,0.073,0.0,-0.014,1.462,-0.811,-85.31,11.84,-0.65,1,0.827,13.57,11.35,1.032,1,5,0.0732,0.0678,0.0787,0.0732
26.775,1,0.837,-1.5,1.12,5,72.2,19.97,0.0855,-0.0051,0.075,-0.002,0.009,1.463,-0.816,-85.37,11.84,-0.65,1,0.807,13.09,10.19,-3.816,1,5,0.0766,0.0693,0.0766,0.0766
26.81,1,0.831,-1.25,1.02,5,71.9,20.46,0.0855,-0.0058,0.075,-0.002,-0.005,1.463,-0.819,-85.37,11.84,-0.65,1,0.807,13.09,10.2,-3.815,1,5,0.0771,0.0716,0.0752,0.0771
26.905,1,0.866,-1.25,1.02,5,71.6,20.04,0.0855,-0.0069,0.075,0.003,-0.065,1.464,-0.826,-85.49,11.84,0.67,1,0.813,13.57,11.33,-0.73,1,5,0.0778,0.0852,0.0723,0.0667
26.976,1,0.837,-1.25,0.53,5,71.3,20.46,0.0855,-0.0068,0.074,0.001,-0.016,1.464,-0.832,-85.49,11.84,0.67,1,0.824,13.09,9.74,-4.265,1,5,0.0741,0.0741,0.0796,0.0685
27.004,1,0.833,-1.25,0.7,5,71.4,20.46,0.0855,0.0019,0.074,0.001,-0.029,1.464,-0.834,-85.54,11.84,0.67,1,0.824,13.09,9.74,-4.265,1,5,0.0722,0.0666,0.0833,0.074
27.077,1,0.848,-1.0,0.51,5,71.4,19.97,0.0855,-0.0011,0.08,-0.001,0.001,1.465,-0.839,-85.6,11.84,0.98,1,0.824,13.09,10.16,-0.826,1,5,0.0852,0.0778,0.0797,0.0778
27.107,1,0.856,-1.25,0.73,5,71.3,20.46,0.0855,-0.0006,0.081,-0.001,0.003,1.465,-0.841,-85.6,11.84,0.98,1,0.82,13.09,10.16,-0.84,1,5,0.0846,0.0774,0.081,0.0792
27.175,1,0.812,-0.75,0.99,5,71.2,20.46,0.0855,-0.0013,0.077,0.002,-0.011,1.466,-0.847,-85.54,11.84,0.98,1,0.821,13.57,9.26,-3.36,1,5,0.0756,0.0756,0.0828,0.0756
27.204,1,0.809,-0.75,0.9,5,70.3,21.02,0.0855,-0.0118,0.078,0.002,0.005,1.466,-0.849,-85.54,11.84,0.98,1,0.821,13.57,9.26,-3.36,1,5,0.0778,0.0796,0.0815,0.074
27.241,1,0.814,-0.75,1.17,5,69.8,20.46,0.0855,-0.01,0.079,0.002,-0.033,1.466,-0.852,-85.6,11.84,0.98,1,0.793,11.63,10.45,-1.077,1,5,0.0796,0.0852,0.0778,0.0741
27.274,1,0.791,-0.75,0.68,5,69.2,20.46,0.0855,-0.0143,0.08,0.001,-0.033,1.466,-0.854,-85.66,11.84,0.98,1,0.821,10.18,3.68,-1.522,1,5,0.0815,0.0852,0.0778,0.0759
27.307,1,0.754,-0.75,0.4,5,68.9,20.46,0.0855,-0.0056,0.079,0.0,-0.011,1.466,-0.857,-85.71,11.83,2.03,1,0.825,10.18,2.67,-3.742,1,5,0.0777,0.0758,0.0832,0.0795
27.404,1,0.797,-1.25,0.48,5,68.3,20.46,0.0855,-0.0004,0.082,-0.0,-0.01,1.467,-0.865,-85.89,11.83,2.03,1,0.827,9.21,2.94,-2.55,1,5,0.0888,0.0759,0.087,0.0759
27.472,1,0.732,-1.25,1.58,5,67.8,22.19,0.0855,0.0039,0.083,-0.001,-0.012,1.467,-0.87,-85.89,11.83,2.03,1,0.828,9.21,2.93,-2.543,1,5,0.0899,0.0807,0.0825,0.0789
27.504,1,0.752,-1.0,1.28,5,67.7,19.97,0.0855,-0.0156,0.079,-0.0,0.009,1.468,-0.873,-85.89,11.83,1.75,1,0.83,9.21,2.94,-2.54,1,5,0.0807,0.077,0.0807,0.0789
27.575,1,0.797,-0.5,0.49,5,70.1,19.97,0.0855,-0.0136,0.075,0.002,-0.017,1.468,-0.877,-85.89,11.83,1.75,1,0.827,10.18,1.15,-5.01,1,5,0.0722,0.0796,0.0759,0.0741
27.606,1,0.816,-0.75,0.63,5,70.0,20.46,0.0855,-0.0056,0.078,0.007,-0.089,1.469,-0.881,-86.0,11.83,1.75,1,0.827,10.18,1.15,-5.01,1,5,0.0704,0.0889,0.0815,0.0722
27.674,1,0.804,-0.75,0.62,5,69.7,19.85,0.0855,-0.0045,0.085,0.006,-0.042,1.469,-0.886,-86.06,11.83,1.75,1,0.821,10.18,0.61,-1.69,1,5,0.0796,0.0851,0.0981,0.0777
27.706,1,0.794,-0.75,0.05,5,69.6,20.2,0.0731,-0.0043,0.085,0.002,-0.042,1.47,-0.889,-86.17,11.83,1.03,1,0.82,9.21,0.37,-5.941,1,5,0.0885,0.0756,0.0977,0.0774
27.773,1,0.803,-1.25,-0.06,5,69.2,20.46,0.0715,0.0059,0.083,-0.0,-0.009,1.47,-0.894,-86.29,11.83,1.03,1,0.824,9.21,-0.08,-3.191,1,5,0.0876,0.0748,0.0913,0.0803
27.808,1,0.798,-1.25,-0.23,5,69.1,20.44,0.0715,0.014,0.081,-0.0,-0.001,1.47,-0.897,-86.29,11.83,1.03,1,0.826,8.72,1.3,-1.501,1,5,0.0825,0.0751,0.0861,0.0806
27.836,1,0.774,-0.75,-0.73,5,68.7,20.46,0.0715,0.0163,0.074,0.0,0.009,1.47,-0.9,-86.29,11.83,1.03,1,0.828,8.24,1.7,-2.539,1,5,0.074,0.0721,0.0777,0.074
27.905,1,0.785,-0.25,-0.27,5,68.3,20.46,0.0715,0.0189,0.068,0.006,0.04,1.471,-0.904,-86.29,11.83,-1.29,1,0.784,11.15,2.47,-3.249,1,5,0.0648,0.0777,0.0703,0.0611
27.936,1,0.803,-0.25,-0.02,5,68.1,20.46,0.0715,0.0049,0.066,0.008,0.009,1.472,-0.907,-86.17,11.83,-1.29,1,0.823,12.12,6.56,-2.448,1,5,0.0593,0.0778,0.0704,0.0556
28.003,1,0.73,1.0,0.06,5,66.9,22.19,0.0715,0.0017,0.065,0.005,-0.022,1.472,-0.911,-86.23,11.83,-1.29,1,0.822,12.6,6.69,-1.517,1,5,0.0574,0.0666,0.0722,0.0629
28.073,1,0.776,-0.25,0.28,5,67.4,20.46,0.0715,-0.0133,0.065,0.001,-0.042,1.472,-0.915,-86.34,11.83,-1.29,1,0.826,12.12,6.53,-4.115,1,5,0.0684,0.061,0.0703,0.0592
28.103,1,0.812,-0.75,0.33,5,68.7,20.46,0.0715,-0.0008,0.067,0.0,-0.035,1.472,-0.917,-86.4,11.83,-0.84,1,0.829,12.12,6.54,-2.441,1,5,0.0721,0.061,0.0739,0.061
28.135,1,0.822,-0.75,-0.23,5,70.4,20.46,0.0715,0.0038,0.068,0.0,-0.009,1.473,-0.92,-86.46,11.83,-0.84,1,0.822,12.12,6.1,-1.536,1,5,0.0721,0.061,0.0739,0.0647
28.203,1,0.82,-0.75,-0.49,5,70.9,20.46,0.0715,0.0122,0.069,-0.001,-0.005,1.473,-0.924,-86.46,11.83,-0.84,1,0.814,11.63,5.5,-4.639,1,5,0.0722,0.0685,0.0685,0.0685
28.239,1,0.81,-0.75,-0.84,5,71.1,21.62,0.0715,0.0162,0.068,-0.001,-0.016,1.473,-0.927,-86.46,11.83,-0.84,1,0.812,11.63,5.48,-4.639,1,5,0.0703,0.0685,0.0666,0.0685
28.302,1,0.817,-0.5,-0.15,5,71.0,20.96,0.0715,0.0219,0.071,-0.0,0.048,1.473,-0.931,-86.4,11.83,-1.48,1,0.814,11.63,5.47,-4.636,1,5,0.0685,0.0741,0.0667,0.0741
28.402,1,0.791,-0.25,0.47,5,70.2,20.46,0.0715,0.0068,0.072,0.003,-0.004,1.474,-0.939,-86.23,11.83,-1.48,1,0.815,12.12,7.14,-0.788,1,5,0.063,0.0778,0.0722,0.0759
28.504,1,0.819,-0.5,0.16,5,72.2,20.96,0.0715,-0.0064,0.078,-0.001,0.003,1.474,-0.947,-86.34,11.83,-0.81,1,0.825,12.12,7.58,-0.281,1,5,0.0813,0.0721,0.0813,0.0776
28.605,1,0.826,-0.25,0.15,5,73.4,20.46,0.0715,0.0019,0.075,-0.001,-0.01,1.475,-0.954,-86.34,11.83,-0.81,1,0.825,12.6,7.14,0.8,1,5,0.0777,0.0777,0.0703,0.0758
28.669,1,0.843,0.25,-0.2,5,74.5,22.77,0.0715,-0.0009,0.071,0.001,0.062,1.475,-0.958,-86.23,11.83,-0.81,1,0.827,12.12,6.59,-2.459,1,5,0.0684,0.0814,0.0629,0.0703
28.702,1,0.842,0.25,0.44,5,74.7,21.6,0.0715,-0.0008,0.07,0.004,0.05,1.475,-0.961,-86.12,11.82,-0.44,1,0.827,12.12,6.59,-2.459,1,5,0.061,0.0814,0.0666,0.0721
28.81,1,0.847,0.25,0.39,5,76.2,21.6,0.0715,-0.0105,0.071,-0.001,-0.02,1.476,-0.968,-86.06,11.82,-0.44,1,0.833,13.57,8.78,-1.807,1,5,0.0705,0.0705,0.0687,0.0742
28.835,1,0.854,0.25,0.71,5,76.2,21.02,0.0715,-0.0095,0.073,-0.001,-0.032,1.476,-0.97,-86.12,11.82,-0.44,1,0.833,13.57,8.78,-1.807,1,5,0.0742,0.0705,0.0723,0.0742
28.905,1,0.867,-0.25,0.65,5,76.4,21.02,0.0715,-0.0148,0.074,-0.0,-0.013,1.476,-0.976,-86.17,11.82,0.86,1,0.843,13.09,7.34,-1.545,1,5,0.0758,0.0702,0.0776,0.0739
28.934,1,0.864,-0.25,0.73,5,76.8,20.46,0.0715,-0.0075,0.075,-0.002,0.0,1.476,-0.977,-86.17,11.82,0.86,1,0.843,13.09,7.34,-1.545,1,5,0.0776,0.0702,0.0758,0.0758
29.103,1,0.872,-0.25,0.28,5,77.6,20.46,0.0715,-0.0103,0.073,0.001,-0.005,1.477,-0.99,-86.12,11.82,2.35,1,0.841,10.18,1.69,-2.687,1,5,0.0702,0.0758,0.0721,0.0721
29.133,1,0.869,-0.25,0.4,5,77.7,20.46,0.0715,-0.0025,0.072,0.001,-0.001,1.477,-0.992,-86.12,11.82,2.35,1,0.843,9.69,2.08,-0.481,1,5,0.0702,0.0739,0.0721,0.0702
29.206,1,0.872,-0.75,0.59,5,77.5,20.46,0.0715,-0.0047,0.072,-0.002,-0.002,1.477,-0.997,-86.23,11.82,2.35,1,0.84,9.69,1.83,-2.699,1,5,0.0757,0.0665,0.072,0.072
29.304,1,0.87,-0.75,0.32,5,77.4,20.46,0.0715,-0.0027,0.077,-0.0,0.008,1.478,-1.005,-86.23,11.84,2.35,1,0.848,9.69,2.08,-0.489,1,5,0.0795,0.0758,0.0776,0.0758
29.334,1,0.87,-0.25,0.07,5,77.3,20.46,0.0715,0.0018,0.076,-0.001,0.033,1.478,-1.007,-86.23,11.84,2.35,1,0.849,9.69,2.08,-0.493,1,5,0.0776,0.0721,0.0776,0.0776
29.534,1,0.873,-0.75,0.68,5,76.2,20.46,0.0715,0.0008,0.077,0.001,-0.03,1.479,-1.022,-86.29,11.84,2.35,1,0.854,9.69,2.55,-1.43,1,5,0.0742,0.0742,0.0816,0.0779
29.702,1,0.86,-0.25,0.77,5,75.2,20.46,0.0715,-0.0048,0.075,-0.001,-0.001,1.48,-1.036,-86.23,11.87,2.65,1,0.849,10.18,1.3,-1.566,1,5,0.0715,0.0715,0.077,0.0807
29.737,1,0.858,-0.25,0.89,5,75.1,20.46,0.0715,-0.0124,0.074,-0.001,-0.01,1.48,-1.038,-86.23,11.87,2.65,1,0.847,10.18,2.77,-3.742,1,5,0.0735,0.0735,0.0735,0.0772
29.806,1,0.863,-0.25,0.92,5,75.0,20.46,0.0715,-0.0139,0.07,0.001,0.046,1.48,-1.043,-86.23,11.87,2.65,1,0.847,10.18,2.76,-3.742,1,5,0.0726,0.0744,0.0689,0.0653
29.833,1,0.867,-0.25,0.81,5,75.0,20.46,0.0715,-0.0142,0.07,0.001,0.046,1.48,-1.043,-86.23,11.87,2.65,1,0.848,10.18,2.76,-3.742,1,5,0.0726,0.0744,0.0689,0.0653
29.937,1,0.867,-0.75,0.22,5,75.9,20.46,0.0715,-0.0121,0.072,-0.002,-0.009,1.481,-1.051,-86.4,11.87,2.33,1,0.856,9.21,2.98,-2.482,1,5,0.0738,0.0627,0.0774,0.0738
30.005,1,0.876,-1.0,0.13,5,75.7,19.97,0.0715,0.0039,0.073,0.0,0.002,1.481,-1.057,-86.4,11.87,2.33,1,0.848,9.21,2.55,-1.625,1,5,0.0741,0.0704,0.0759,0.0722
30.037,1,0.884,-1.0,0.13,5,75.3,20.96,0.0715,0.0082,0.073,0.0,0.002,1.481,-1.057,-86.4,11.87,2.33,1,0.848,9.21,2.55,-1.625,1,5,0.0741,0.0704,0.0759,0.0722
30.103,1,0.873,-0.75,0.33,5,74.9,20.46,0.0715,0.0074,0.071,-0.002,0.006,1.481,-1.063,-86.4,11.87,1.14,1,0.853,9.21,2.55,-1.625,1,5,0.07,0.07,0.0681,0.0774
30.138,1,0.871,-0.75,0.46,5,74.5,20.46,0.0715,0.0007,0.07,-0.002,-0.003,1.482,-1.066,-86.4,11.87,1.14,1,0.857,9.21,2.98,-2.487,1,5,0.07,0.0718,0.0645,0.0737
30.203,1,0.866,-0.75,0.49,5,73.6,20.46,0.0715,-0.0015,0.068,0.002,0.059,1.482,-1.07,-86.29,11.87,1.14,1,0.857,9.21,2.98,-2.487,1,5,0.0685,0.0778,0.0611,0.0629
30.232,1,0.866,-0.75,0.39,5,73.5,20.46,0.0715,-0.0019,0.068,0.002,0.035,1.482,-1.071,-86.23,11.87,1.14,1,0.847,9.69,2.53,-3.13,1,5,0.0667,0.0778,0.063,0.0648
30.303,1,0.86,-0.75,0.12,5,73.3,20.46,0.0715,-0.0002,0.066,-0.001,-0.024,1.482,-1.076,-86.34,11.89,1.14,1,0.85,9.21,2.97,-2.508,1,5,0.0648,0.0629,0.0666,0.0685
30.335,1,0.867,-0.75,-0.09,5,73.1,20.2,0.0715,0.0046,0.066,-0.001,-0.012,1.482,-1.078,-86.34,11.89,1.14,1,0.85,9.21,2.97,-2.508,1,5,0.0685,0.0611,0.0685,0.0666
30.402,1,0.861,-1.0,0.15,5,73.3,20.2,0.0715,0.0082,0.072,-0.0,-0.003,1.483,-1.083,-86.4,11.89,1.14,1,0.852,9.21,2.96,-2.496,1,5,0.0756,0.0683,0.0756,0.0701
30.432,1,0.86,-1.0,0.35,5,73.2,20.2,0.0715,0.0071,0.072,-0.001,0.0,1.483,-1.085,-86.4,11.89,1.14,1,0.857,9.21,2.98,-2.496,1,5,0.0738,0.0683,0.0738,0.0719
30.502,1,0.854,-0.5,0.22,5,73.2,19.97,0.0715,0.0031,0.068,-0.003,-0.029,1.483,-1.09,-86.4,11.89,0.36,1,0.857,9.21,2.98,-2.496,1,5,0.0703,0.0666,0.0648,0.0722
30.631,1,0.869,-0.5,0.64,5,74.6,20.2,0.1206,-0.0001,0.076,0.004,0.013,1.484,-1.099,-86.29,11.89,0.36,1,0.853,10.18,2.81,-3.742,1,5,0.0703,0.0814,0.0796,0.074
30.704,1,0.875,-1.0,0.55,5,75.4,20.44,0.1333,-0.0092,0.092,-0.001,-0.029,1.484,-1.107,-86.4,11.9,-0.33,1,0.862,9.21,3.0,-2.543,1,5,0.0925,0.0851,0.0962,0.0925
30.732,1,0.876,-0.5,0.36,5,75.9,20.44,0.1476,-0.002,0.099,-0.002,0.015,1.484,-1.109,-86.4,11.9,-0.33,1,0.862,9.21,3.0,-2.543,1,5,0.1054,0.0925,0.1017,0.0962
30.801,1,0.869,-0.5,0.28,5,76.5,19.97,0.1564,-0.0045,0.125,-0.002,-0.009,1.485,-1.119,-86.46,11.9,-0.33,1,0.862,9.21,3.0,-2.543,1,5,0.1312,0.122,0.1238,0.1238
30.87,1,0.854,-0.75,1.35,5,77.3,20.46,0.1564,-0.0024,0.143,0.006,-0.083,1.486,-1.128,-86.46,11.9,-0.33,1,0.862,9.21,3.0,-2.543,1,5,0.1351,0.1517,0.1462,0.1388
31.035,1,0.86,-1.0,1.14,5,76.8,20.96,0.0837,-0.0167,0.158,0.003,-0.005,1.488,-1.154,-86.63,11.9,-0.98,1,0.868,12.12,9.05,-2.347,1,5,0.1571,0.1534,0.1682,0.1516
31.067,1,0.874,-1.5,0.79,5,76.7,20.96,0.0837,-0.0101,0.152,0.006,-0.074,1.488,-1.16,-86.8,11.9,-0.98,1,0.882,12.12,6.67,-2.439,1,5,0.1497,0.1516,0.1645,0.1405
31.134,1,0.879,-1.75,0.74,5,76.4,20.46,0.0837,0.0012,0.139,0.0,-0.086,1.488,-1.168,-87.03,11.9,-0.73,1,0.882,12.12,6.67,-2.439,1,5,0.148,0.1258,0.1517,0.1295
31.166,1,0.888,-2.25,0.34,5,76.6,20.46,0.0837,0.0045,0.129,-0.004,-0.083,1.488,-1.173,-87.26,11.9,-0.73,1,0.886,11.15,5.0,-1.641,1,5,0.1481,0.1111,0.1388,0.1185
31.238,1,0.896,-2.99,-0.34,5,76.3,20.96,0.0837,0.0162,0.117,0.004,-0.058,1.489,-1.182,-87.49,11.9,-0.73,1,0.892,9.21,3.09,-2.486,1,5,0.1221,0.1091,0.1332,0.1054
31.267,1,0.889,-3.24,-0.42,5,76.3,20.46,0.0837,0.0362,0.114,0.004,-0.046,1.489,-1.184,-87.55,11.9,-0.73,1,0.892,9.21,3.09,-2.486,1,5,0.1165,0.1073,0.1294,0.1036
31.305,1,0.895,-3.24,-0.5,5,76.2,20.46,0.0837,0.0394,0.11,0.001,-0.034,1.489,-1.189,-87.61,11.91,-2.22,1,0.896,8.24,1.92,-4.153,1,5,0.1166,0.1018,0.1203,0.1
31.334,1,0.894,-3.74,-0.08,5,76.3,20.46,0.0837,0.0402,0.107,-0.0,-0.052,1.489,-1.191,-87.66,11.91,-2.22,1,0.896,8.24,1.92,-4.153,1,5,0.1148,0.1,0.1129,0.1
31.434,1,0.894,-3.99,-0.61,5,76.7,20.96,0.0837,0.0365,0.091,-0.002,0.031,1.49,-1.2,-87.83,11.91,-2.22,1,0.859,9.69,-1.19,-4.379,1,5,0.0945,0.0871,0.0908,0.0908
31.465,1,0.898,-3.74,-0.82,5,77.0,20.46,0.0837,0.0483,0.086,0.003,0.016,1.49,-1.203,-87.78,11.91,-2.22,1,0.871,11.63,8.64,-2.134,1,5,0.0778,0.0889,0.0889,0.087
31.506,1,0.893,-3.74,-0.6,5,77.0,20.46,0.0837,0.0484,0.081,0.005,0.03,1.49,-1.206,-87.72,11.91,-2.52,1,0.897,12.12,9.2,-3.734,1,5,0.0685,0.0852,0.0852,0.0834
31.536,1,0.89,-3.74,-0.45,5,77.1,20.46,0.0837,0.0445,0.079,0.005,0.029,1.491,-1.209,-87.66,11.91,-2.52,1,0.897,12.12,9.2,-3.734,1,5,0.0685,0.087,0.0814,0.0814
31.571,1,0.896,-3.74,-0.45,5,77.2,20.46,0.0837,0.0417,0.078,0.002,0.005,1.49,-1.211,-87.66,11.91,-2.52,1,0.902,12.12,8.89,-4.383,1,5,0.0759,0.0852,0.0759,0.0759
31.601,1,0.896,-3.74,-0.34,5,77.0,20.46,0.0837,0.0417,0.081,-0.001,0.003,1.49,-1.214,-87.66,11.91,-2.52,1,0.901,12.12,8.9,-4.371,1,5,0.0844,0.0844,0.0752,0.0789
31.634,1,0.889,-3.74,0.05,5,77.7,20.46,0.0837,0.0397,0.081,-0.001,-0.03,1.491,-1.216,-87.72,11.91,-2.52,1,0.904,12.12,8.88,-4.368,1,5,0.0844,0.0826,0.0771,0.0789
31.667,1,0.893,-3.74,-0.44,5,77.6,20.46,0.0837,0.0329,0.081,-0.001,-0.004,1.491,-1.219,-87.72,11.91,-2.52,1,0.903,12.12,8.89,-4.366,1,5,0.0837,0.0801,0.0801,0.0819
31.731,1,0.897,-3.74,-0.22,5,77.4,20.46,0.0837,0.0415,0.079,-0.001,0.023,1.491,-1.224,-87.72,11.88,-2.77,1,0.901,12.12,9.17,-3.732,1,5,0.0807,0.0789,0.077,0.0807
31.765,1,0.896,-3.74,-0.35,5,77.3,20.46,0.0837,0.0376,0.077,-0.002,0.04,1.491,-1.227,-87.61,11.88,-2.77,1,0.901,12.12,9.17,-3.732,1,5,0.0739,0.0776,0.0721,0.0831
31.804,1,0.897,-3.24,-0.42,5,77.4,20.46,0.0837,0.0398,0.074,-0.001,0.045,1.491,-1.23,-87.49,11.88,-2.77,1,0.9,12.6,10.68,-1.778,1,5,0.0644,0.0791,0.0662,0.0846
31.837,1,0.9,-3.24,-0.12,5,77.2,20.46,0.0837,0.0347,0.073,0.0,0.047,1.491,-1.233,-87.38,11.88,-2.77,1,0.9,12.6,10.68,-1.778,1,5,0.0626,0.081,0.0644,0.0847
31.865,1,0.905,-2.75,-0.21,5,77.3,20.46,0.0837,0.0302,0.072,0.002,0.052,1.491,-1.234,-87.32,11.88,-2.77,1,0.903,13.09,10.33,-3.664,1,5,0.0626,0.0865,0.0626,0.0773
31.93,1,0.897,-2.75,0.03,5,77.8,20.46,0.0837,0.0267,0.074,0.004,0.006,1.492,-1.239,-87.26,11.88,-2.61,1,0.903,13.09,10.33,-3.664,1,5,0.0703,0.0869,0.0703,0.0703
31.969,1,0.903,-2.75,0.07,5,77.3,20.46,0.0837,0.023,0.079,0.001,-0.036,1.492,-1.242,-87.32,11.88,-2.61,1,0.903,13.09,10.33,-3.664,1,5,0.0795,0.0832,0.0776,0.0758
32.001,1,0.9,-2.75,-0.16,5,77.9,20.46,0.0837,0.0226,0.081,-0.002,-0.018,1.492,-1.245,-87.38,11.88,-2.61,1,0.897,13.57,10.47,-1.443,1,5,0.0851,0.0758,0.0814,0.0814
32.031,1,0.901,-2.75,-0.04,5,78.3,20.46,0.0837,0.0269,0.081,-0.001,0.018,1.492,-1.247,-87.38,11.88,-2.61,1,0.903,13.57,9.57,-3.361,1,5,0.0832,0.0758,0.0832,0.0813
32.065,1,0.9,-2.75,-0.05,5,78.5,20.46,0.0837,0.0251,0.08,-0.001,0.03,1.492,-1.25,-87.32,11.88,-2.61,1,0.903,13.57,9.57,-3.361,1,5,0.0795,0.0777,0.0814,0.0832
32.1,1,0.891,-2.25,0.06,5,78.3,20.46,0.0837,0.0253,0.077,-0.001,0.044,1.492,-1.253,-87.2,11.88,-1.78,1,0.903,13.57,9.57,-3.361,1,5,0.0738,0.0792,0.0738,0.0828
32.136,1,0.886,-2.0,0.38,5,78.4,20.2,0.0837,0.0176,0.077,0.0,0.105,1.493,-1.257,-87.03,11.88,-1.78,1,0.898,14.06,11.12,-2.957,1,5,0.0721,0.0829,0.0703,0.0865
32.165,1,0.882,-1.75,0.57,5,78.0,20.46,0.0837,0.0097,0.078,0.001,0.136,1.493,-1.258,-86.92,11.88,-1.78,1,0.907,14.54,10.74,-3.338,1,5,0.0664,0.0879,0.07,0.0879
32.201,1,0.875,-1.5,0.77,5,78.2,20.44,0.0837,0.0036,0.08,0.005,-0.021,1.493,-1.261,-86.86,11.88,-1.78,1,0.907,14.54,10.74,-3.338,1,5,0.0608,0.0959,0.0737,0.0885
32.264,1,0.876,-1.75,0.95,5,78.3,20.46,0.0837,-0.0014,0.081,0.001,-0.019,1.493,-1.266,-86.86,11.88,-1.78,1,0.901,15.51,11.91,-3.293,1,5,0.0722,0.087,0.0759,0.087
32.303,1,0.873,-1.75,0.88,5,78.2,20.46,0.0837,-0.0011,0.085,-0.003,0.019,1.493,-1.27,-86.86,11.88,-0.42,1,0.901,15.51,11.91,-3.293,1,5,0.0869,0.0814,0.0814,0.0887
32.333,1,0.864,-1.75,0.86,5,78.2,20.46,0.0837,0.0001,0.086,-0.003,0.012,1.493,-1.272,-86.86,11.88,-0.42,1,0.87,12.6,9.64,-0.65,1,5,0.0925,0.0814,0.0851,0.0851
32.364,1,0.858,-1.75,0.95,5,78.1,20.46,0.0837,0.0006,0.087,-0.0,0.009,1.494,-1.275,-86.86,11.88,-0.42,1,0.903,11.63,5.04,-2.892,1,5,0.0888,0.0814,0.0907,0.0851
32.433,1,0.854,-1.25,0.86,5,78.0,20.46,0.0837,-0.001,0.082,0.0,-0.01,1.494,-1.28,-86.86,11.88,-0.42,1,0.904,12.12,3.88,-3.403,1,5,0.0777,0.0814,0.0833,0.0851
32.464,1,0.846,-1.0,0.67,5,77.9,19.97,0.0837,-0.0053,0.08,-0.001,0.029,1.494,-1.283,-86.8,11.88,-0.42,1,0.906,12.12,3.94,-4.915,1,5,0.0796,0.0833,0.074,0.0814
32.534,1,0.849,-0.75,1.32,5,78.3,20.46,0.0837,-0.0039,0.079,0.002,0.037,1.494,-1.288,-86.57,11.88,0.37,1,0.903,12.6,3.9,-4.568,1,5,0.0739,0.0869,0.0758,0.0813
32.568,1,0.844,-0.75,1.38,5,78.2,20.46,0.0837,-0.0179,0.079,0.003,-0.011,1.495,-1.291,-86.63,11.88,0.37,1,0.908,12.6,5.63,-4.411,1,5,0.0703,0.0832,0.0795,0.0814
32.598,1,0.851,-0.75,1.36,5,78.2,20.46,0.0837,-0.0185,0.078,0.0,-0.019,1.495,-1.294,-86.63,11.88,0.37,1,0.912,12.6,5.62,-4.398,1,5,0.0739,0.0776,0.0794,0.0813
32.635,1,0.861,-0.75,1.3,5,78.3,20.46,0.0837,-0.0178,0.078,-0.001,-0.014,1.495,-1.296,-86.69,11.88,0.37,1,0.912,12.6,5.62,-4.398,1,5,0.0776,0.0739,0.0795,0.0813
32.665,1,0.859,-0.75,1.19,5,78.6,20.46,0.0837,-0.0164,0.078,-0.002,0.002,1.495,-1.299,-86.69,11.88,0.37,1,0.905,12.6,6.25,-2.882,1,5,0.0794,0.0739,0.0776,0.0813
32.733,1,0.864,-0.75,1.2,5,78.7,20.46,0.0837,-0.0142,0.079,0.0,0.013,1.495,-1.303,-86.63,11.86,0.02,1,0.905,12.6,6.25,-2.882,1,5,0.0776,0.0795,0.0776,0.0795
32.765,1,0.865,-0.75,1.39,5,78.4,20.46,0.0837,-0.0143,0.077,-0.002,-0.009,1.495,-1.306,-86.63,11.86,0.02,1,0.903,12.6,4.84,-2.561,1,5,0.0758,0.0758,0.0739,0.0832
32.833,1,0.86,-0.5,1.07,5,78.5,19.97,0.0837,-0.0177,0.076,-0.003,0.07,1.495,-1.311,-86.57,11.86,0.02,1,0.896,12.6,5.95,-3.651,1,5,0.0758,0.0813,0.0647,0.0813
32.866,1,0.872,-0.25,1.4,5,78.2,20.46,0.0837,-0.0149,0.077,0.001,0.028,1.496,-1.314,-86.4,11.86,0.02,1,0.894,13.09,5.1,-3.327,1,5,0.0733,0.088,0.0678,0.0788
32.934,1,0.872,-0.5,1.48,5,78.7,20.44,0.0812,-0.0231,0.076,-0.0,-0.023,1.496,-1.319,-86.46,11.86,-0.41,1,0.894,13.09,5.58,-5.551,1,5,0.0728,0.0765,0.0746,0.0801
32.968,1,0.872,-0.5,1.29,5,78.4,20.44,0.0812,-0.0212,0.075,-0.0,-0.017,1.496,-1.322,-86.52,11.86,-0.41,1,0.894,13.09,5.58,-5.551,1,5,0.0771,0.0716,0.0771,0.0734
33.032,1,0.885,-0.75,1.15,5,78.2,20.46,0.0812,-0.0179,0.077,-0.001,-0.019,1.496,-1.327,-86.57,11.86,-0.41,1,0.9,13.09,5.07,-3.314,1,5,0.0826,0.0734,0.0789,0.0734
33.063,1,0.882,-0.75,1.13,5,78.2,20.46,0.0812,-0.0124,0.081,-0.003,0.006,1.496,-1.33,-86.52,11.86,-0.41,1,0.897,12.12,5.32,-3.671,1,5,0.0844,0.0753,0.0808,0.0826
33.102,1,0.883,-0.75,1.13,5,78.1,20.0,0.0812,-0.0125,0.08,-0.004,0.019,1.496,-1.333,-86.52,11.87,-1.24,1,0.897,12.12,5.32,-3.671,1,5,0.0839,0.075,0.0768,0.0839
33.134,1,0.877,-0.25,0.69,5,77.6,20.46,0.0812,-0.0125,0.079,-0.005,0.002,1.496,-1.334,-86.52,11.87,-1.24,1,0.9,13.09,5.07,-3.307,1,5,0.0832,0.0761,0.0726,0.085
33.164,1,0.878,-0.25,1.26,5,77.3,20.46,0.0812,-0.011,0.078,-0.005,0.03,1.496,-1.337,-86.46,11.87,-1.24,1,0.9,13.09,5.07,-3.307,1,5,0.0813,0.0796,0.0672,0.0849
33.232,1,0.887,0.0,1.01,5,77.6,19.97,0.0812,-0.0203,0.082,0.002,-0.01,1.497,-1.342,-86.34,11.87,-1.24,1,0.903,13.09,5.1,-4.886,1,5,0.0775,0.0905,0.0775,0.0812
33.263,1,0.882,-0.25,1.19,5,77.6,20.46,0.0812,-0.019,0.082,0.003,-0.028,1.497,-1.346,-86.46,11.87,-1.24,1,0.897,13.09,6.52,-3.629,1,5,0.0757,0.0849,0.0849,0.0812
33.33,1,0.877,-0.75,1.17,5,77.4,20.46,0.0812,-0.0186,0.08,0.001,-0.046,1.498,-1.35,-86.57,11.87,-1.25,1,0.894,13.09,5.1,-4.868,1,5,0.0795,0.074,0.0888,0.0777
33.364,1,0.868,-0.75,1.25,5,77.5,20.46,0.0812,-0.0123,0.081,0.0,-0.017,1.498,-1.354,-86.63,11.87,-1.25,1,0.894,13.09,5.1,-4.868,1,5,0.0832,0.074,0.0888,0.0777
33.432,1,0.892,-0.75,0.95,5,77.5,20.46,0.0795,-0.0143,0.082,-0.004,-0.014,1.498,-1.359,-86.57,11.87,-1.25,1,0.896,12.12,4.37,-5.62,1,5,0.085,0.0776,0.0795,0.0868
33.466,1,0.885,-0.5,0.69,5,77.0,19.97,0.0795,-0.0093,0.08,-0.005,0.021,1.498,-1.36,-86.57,11.87,-1.25,1,0.897,12.12,4.4,-5.614,1,5,0.0832,0.0776,0.0721,0.0868
33.529,1,0.871,-0.25,1.13,5,77.2,20.46,0.0795,-0.0078,0.078,-0.002,0.062,1.498,-1.366,-86.4,11.87,-2.47,1,0.895,12.6,4.49,-3.368,1,5,0.0758,0.0813,0.0702,0.0832
33.568,1,0.877,-0.25,1.28,5,77.2,20.46,0.0795,-0.0183,0.079,0.006,-0.09,1.499,-1.37,-86.46,11.87,-2.47,1,0.892,13.09,5.54,-5.556,1,5,0.0695,0.0896,0.0805,0.0768
33.635,1,0.878,-0.5,0.79,5,76.9,20.44,0.0795,-0.0206,0.079,0.005,-0.018,1.499,-1.373,-86.52,11.87,-2.47,1,0.878,16.96,15.45,-1.038,1,5,0.0714,0.0824,0.0861,0.0769
33.667,1,0.89,-0.75,0.75,5,76.4,20.46,0.0795,-0.0089,0.077,0.003,-0.032,1.499,-1.376,-86.63,11.87,-2.47,1,0.878,16.96,15.45,-1.038,1,5,0.0751,0.0751,0.0843,0.0733
33.73,1,0.883,-1.25,0.65,5,76.3,20.46,0.0795,-0.0057,0.078,-0.002,-0.029,1.499,-1.381,-86.75,11.87,-2.84,1,0.891,15.99,12.6,-4.589,1,5,0.0851,0.0703,0.0814,0.074
33.799,1,0.881,-1.0,0.33,5,76.6,20.44,0.0795,0.0014,0.081,-0.002,0.005,1.499,-1.387,-86.75,11.87,-2.84,1,0.895,15.51,11.78,-1.892,1,5,0.0831,0.0701,0.0868,0.0831
33.833,1,0.885,-1.0,0.13,5,76.6,20.44,0.0795,0.0035,0.08,-0.002,-0.031,1.499,-1.389,-86.8,11.87,-2.84,1,0.895,15.51,11.78,-1.892,1,5,0.0831,0.0702,0.0849,0.0812
33.87,1,0.885,-1.0,0.09,5,76.8,20.44,0.0795,0.0069,0.077,0.0,0.064,1.5,-1.393,-86.75,11.87,-2.84,1,0.89,15.51,11.76,-1.882,1,5,0.0812,0.0812,0.0719,0.0719
33.933,1,0.885,-0.75,0.61,5,77.0,20.46,0.0795,0.0075,0.075,0.004,0.032,1.5,-1.396,-86.63,11.87,-2.47,1,0.89,15.51,11.44,-2.589,1,5,0.0739,0.0887,0.0702,0.0684
33.967,1,0.885,-1.0,0.76,5,77.0,20.2,0.0795,-0.0045,0.075,0.0,-0.023,1.5,-1.401,-86.69,11.87,-2.47,1,0.886,15.99,12.74,-1.079,1,5,0.0701,0.0738,0.0775,0.0793
34.064,1,0.881,-1.25,0.61,5,77.2,20.46,0.0795,-0.0041,0.078,-0.001,-0.023,1.501,-1.409,-86.8,11.87,-2.47,1,0.885,15.51,11.75,-1.887,1,5,0.0832,0.0721,0.0813,0.0739
34.131,1,0.884,-1.5,0.01,5,77.5,20.44,0.0795,0.0011,0.079,-0.001,-0.016,1.501,-1.412,-86.86,11.88,-0.16,1,0.844,11.63,9.23,-2.587,1,5,0.0832,0.074,0.0814,0.0758
34.163,1,0.887,-1.5,-0.07,5,77.4,20.44,0.0795,0.0147,0.077,-0.001,-0.028,1.501,-1.415,-86.92,11.88,-0.16,1,0.881,10.66,2.98,-1.274,1,5,0.0814,0.0759,0.0759,0.0759
34.233,1,0.876,-1.5,-0.04,5,77.6,20.2,0.0795,0.0152,0.078,-0.002,0.033,1.501,-1.419,-86.92,11.88,-0.16,1,0.881,10.66,2.98,-1.274,1,5,0.0815,0.0796,0.0722,0.0778
34.266,1,0.887,-1.25,0.05,5,77.6,20.46,0.0795,0.0146,0.077,0.001,0.04,1.501,-1.422,-86.8,11.88,-0.16,1,0.89,10.66,3.0,-1.285,1,5,0.0723,0.0815,0.076,0.0797
34.297,1,0.891,-1.25,0.29,5,77.7,20.46,0.0776,0.0099,0.078,0.004,0.008,1.502,-1.426,-86.75,11.88,0.15,1,0.881,11.15,3.19,-5.696,1,5,0.0667,0.0834,0.0797,0.0815
34.332,1,0.878,-1.25,0.49,5,77.8,20.46,0.0776,0.0058,0.078,0.003,0.007,1.502,-1.427,-86.75,11.88,0.15,1,0.881,11.15,3.19,-5.696,1,5,0.0686,0.0815,0.0797,0.0815
34.369,1,0.87,-1.25,0.56,5,77.7,20.46,0.0776,0.0024,0.081,0.0,-0.041,1.502,-1.431,-86.8,11.88,0.15,1,0.886,10.66,4.9,-2.456,1,5,0.0796,0.0815,0.0796,0.0815
34.429,1,0.862,-1.5,0.05,5,77.8,20.44,0.0776,0.0013,0.085,-0.002,0.014,1.502,-1.436,-86.86,11.88,0.15,1,0.886,10.66,4.9,-2.456,1,5,0.0889,0.0796,0.0852,0.0852
34.467,1,0.871,-1.5,0.06,5,77.6,21.02,0.0776,0.0132,0.086,-0.0,-0.001,1.502,-1.439,-86.86,11.88,0.15,1,0.886,10.66,4.9,-2.456,1,5,0.0871,0.0815,0.0908,0.0852
34.531,1,0.842,-1.0,-0.07,5,77.6,20.81,0.0776,0.0128,0.083,0.002,-0.003,1.503,-1.444,-86.92,11.88,-0.29,1,0.886,10.66,3.97,-0.847,1,5,0.0829,0.0884,0.0829,0.0792
34.568,1,0.833,-0.75,-0.04,5,77.6,20.46,0.0776,0.0089,0.08,0.004,0.079,1.503,-1.447,-86.8,11.88,-0.29,1,0.888,11.63,3.58,-2.598,1,5,0.0791,0.092,0.0754,0.0736
34.597,1,0.839,-0.5,0.18,5,77.7,20.81,0.0776,0.0057,0.078,0.006,0.044,1.504,-1.45,-86.63,11.88,-0.29,1,0.888,11.63,3.58,-2.598,1,5,0.0722,0.0907,0.0759,0.0722
34.666,1,0.848,-0.25,0.16,5,77.2,20.46,0.0776,0.0001,0.08,0.003,-0.033,1.504,-1.455,-86.63,11.88,-0.29,1,0.888,11.63,6.09,-2.428,1,5,0.0685,0.0833,0.0814,0.0851
34.7,1,0.839,-0.25,0.29,5,76.8,20.46,0.0776,-0.0025,0.08,0.0,-0.012,1.504,-1.458,-86.69,11.87,0.18,1,0.889,11.63,6.09,-2.436,1,5,0.0759,0.0796,0.0814,0.0833
34.728,1,0.855,-0.5,0.44,5,76.2,20.44,0.0776,-0.004,0.081,-0.0,-0.012,1.504,-1.46,-86.69,11.87,0.18,1,0.89,11.63,6.1,-2.431,1,5,0.0796,0.0778,0.0833,0.0815
34.766,1,0.883,-0.75,0.38,5,75.9,20.81,0.0776,-0.0032,0.081,0.001,-0.02,1.504,-1.463,-86.75,11.87,0.18,1,0.89,11.63,6.1,-2.431,1,5,0.0833,0.0777,0.087,0.0777
34.836,1,0.889,-0.75,-0.1,5,75.4,21.02,0.0776,0.0006,0.083,-0.001,-0.018,1.505,-1.47,-86.8,11.87,0.18,1,0.896,11.63,4.52,-0.512,1,5,0.0851,0.0814,0.0814,0.0833
34.866,1,0.88,-0.75,-0.14,5,75.3,20.46,0.0776,0.0089,0.08,-0.003,-0.009,1.505,-1.471,-86.8,11.87,0.18,1,0.896,11.63,4.52,-0.512,1,5,0.0851,0.0795,0.0758,0.0814
34.932,1,0.89,-0.75,0.21,5,75.5,21.02,0.0776,0.0093,0.077,0.002,0.01,1.505,-1.476,-86.69,11.87,0.5,1,0.894,11.63,4.52,-0.512,1,5,0.0758,0.0832,0.0739,0.0739
34.965,1,0.876,-0.75,0.04,5,75.6,21.02,0.0776,0.0031,0.078,0.005,0.021,1.505,-1.479,-86.69,11.87,0.5,1,0.887,11.63,5.15,0.806,1,5,0.0721,0.085,0.0795,0.0739
35.032,1,0.885,-1.0,0.01,5,75.9,20.81,0.0776,0.006,0.077,0.0,-0.057,1.506,-1.484,-86.8,11.87,0.5,1,0.89,11.63,4.52,-0.512,1,5,0.0777,0.0758,0.0795,0.0758
35.064,1,0.881,-1.25,0.12,5,76.3,21.02,0.0776,0.0097,0.077,-0.002,-0.015,1.506,-1.487,-86.92,11.87,0.5,1,0.894,10.66,4.95,-4.037,1,5,0.0832,0.0703,0.0795,0.074
35.097,1,0.886,-1.25,-0.17,5,76.3,21.02,0.0776,0.0105,0.081,-0.002,-0.013,1.506,-1.491,-86.92,11.86,1.06,1,0.895,10.66,4.87,-2.448,1,5,0.0877,0.0737,0.0842,0.0772
35.166,1,0.891,-1.25,-0.21,5,76.4,21.02,0.0776,0.015,0.082,-0.0,0.007,1.506,-1.496,-86.92,11.86,1.06,1,0.901,10.66,4.85,-2.466,1,5,0.0841,0.0771,0.0876,0.0806
35.196,1,0.892,-1.0,-0.21,5,76.3,20.81,0.0776,0.0154,0.078,-0.001,0.007,1.506,-1.499,-86.92,11.86,1.06,1,0.906,10.66,4.83,-2.471,1,5,0.0805,0.0753,0.084,0.0823
35.234,1,0.894,-0.5,-0.64,5,76.0,20.81,0.0776,0.0122,0.079,-0.001,0.063,1.506,-1.5,-86.86,11.86,1.06,1,0.906,10.66,4.83,-2.471,1,5,0.0776,0.0795,0.0758,0.0813
35.266,1,0.89,-0.5,0.0,5,75.8,20.81,0.0776,0.014,0.08,0.004,0.069,1.507,-1.504,-86.63,11.86,1.06,1,0.907,11.63,3.56,-2.6,1,5,0.0703,0.0888,0.0777,0.0814
35.332,1,0.902,-0.75,-0.18,5,75.1,20.46,0.0776,0.0036,0.084,0.006,0.028,1.508,-1.509,-86.69,11.86,0.67,1,0.91,11.63,6.08,-3.975,1,5,0.0678,0.0934,0.0879,0.0879
35.366,1,0.902,-1.0,0.17,5,75.1,21.02,0.0776,0.01,0.085,0.001,-0.031,1.508,-1.512,-86.8,11.86,0.67,1,0.909,11.63,4.52,-0.49,1,5,0.0788,0.0861,0.0861,0.0879
35.396,1,0.897,-1.0,-0.2,5,75.6,21.02,0.0776,0.007,0.084,-0.003,-0.0,1.508,-1.515,-86.86,11.86,0.67,1,0.91,11.63,6.01,-0.825,1,5,0.0867,0.083,0.0848,0.0848
35.467,1,0.897,-1.25,0.1,5,75.9,21.02,0.0776,0.0129,0.084,-0.001,0.009,1.508,-1.521,-86.86,11.86,0.67,1,0.926,10.66,5.86,-1.971,1,5,0.0887,0.0795,0.0869,0.0813
35.496,1,0.901,-1.0,-0.29,5,75.8,20.81,0.0776,0.0107,0.084,0.0,-0.007,1.508,-1.524,-86.8,11.86,1.08,1,0.926,10.66,5.86,-1.971,1,5,0.0813,0.0794,0.0886,0.0868
35.531,1,0.902,-0.75,-0.58,5,75.9,20.81,0.0776,0.0142,0.083,-0.0,-0.019,1.508,-1.525,-86.86,11.86,1.08,1,0.926,10.66,5.86,-1.971,1,5,0.0776,0.0776,0.0868,0.0886
35.563,1,0.896,-0.75,-0.3,5,76.0,20.46,0.0776,0.016,0.082,0.002,0.055,1.509,-1.529,-86.8,11.86,1.08,1,0.928,11.63,4.52,-0.49,1,5,0.0794,0.085,0.0831,0.0813
35.595,1,0.888,-0.75,0.1,5,76.2,21.02,0.0776,0.0114,0.079,0.004,0.029,1.509,-1.532,-86.69,11.86,1.08,1,0.952,11.63,4.52,-0.488,1,5,0.0776,0.0868,0.0813,0.0794
35.664,1,0.903,-0.75,0.05,5,76.1,21.02,0.0776,0.0048,0.076,0.001,-0.009,1.509,-1.536,-86.69,11.86,1.08,1,0.944,11.63,6.16,-3.971,1,5,0.0702,0.0776,0.0776,0.0794
35.731,1,0.903,-0.75,-0.13,5,76.2,21.02,0.0776,0.0057,0.077,-0.001,-0.009,1.509,-1.541,-86.69,11.85,1.79,1,0.953,11.63,6.15,-3.986,1,5,0.0778,0.074,0.0778,0.0796
35.763,1,0.906,-1.25,0.26,5,76.0,20.46,0.0776,0.009,0.077,-0.001,-0.008,1.51,-1.544,-86.75,11.85,1.79,1,0.941,8.72,-0.31,-3.441,1,5,0.0777,0.074,0.0777,0.0777
35.8,1,0.91,-1.25,0.14,5,76.2,20.81,0.0776,0.0083,0.077,-0.002,0.013,1.51,-1.547,-86.75,11.85,1.79,1,0.943,8.72,0.6,-1.32,1,5,0.0796,0.074,0.0759,0.0777
35.864,1,0.914,-1.0,-0.02,5,76.4,20.44,0.0776,0.0096,0.076,-0.002,-0.0,1.51,-1.552,-86.69,11.85,1.79,1,0.939,8.72,-0.31,-3.453,1,5,0.0758,0.0776,0.0702,0.0813
35.894,1,0.922,-0.75,-0.43,5,76.5,20.46,0.0776,0.009,0.076,-0.003,0.014,1.51,-1.553,-86.69,11.85,1.79,1,0.948,8.72,1.59,-4.605,1,5,0.0777,0.0795,0.0666,0.0814
35.965,1,0.918,-0.75,0.43,5,76.4,20.46,0.0776,0.0137,0.072,0.001,0.012,1.51,-1.559,-86.46,11.85,0.91,1,0.955,9.69,0.24,-4.745,1,5,0.07,0.0847,0.0626,0.0718
35.997,1,0.912,-0.75,0.54,5,76.8,20.46,0.0776,-0.0013,0.072,0.002,-0.026,1.511,-1.562,-86.46,11.85,0.91,1,0.946,9.69,0.88,-3.424,1,5,0.0662,0.0791,0.0699,0.0736
36.064,1,0.92,-0.75,0.5,5,76.7,20.46,0.0776,-0.003,0.07,0.0,-0.016,1.511,-1.566,-86.52,11.85,0.91,1,0.951,9.69,1.36,-4.246,1,5,0.0684,0.0666,0.074,0.0721
36.162,1,0.908,-1.0,0.17,5,76.5,21.02,0.0745,-0.002,0.074,-0.001,0.002,1.511,-1.574,-86.57,11.87,-0.21,1,0.955,9.21,0.76,-5.818,1,5,0.0777,0.0703,0.0758,0.074
36.195,1,0.906,-0.75,0.26,5,76.6,21.02,0.0745,0.0069,0.075,-0.003,0.008,1.511,-1.576,-86.52,11.87,-0.21,1,0.958,9.69,0.21,-4.743,1,5,0.0777,0.0703,0.0759,0.0759
36.265,1,0.909,-0.5,0.45,5,76.5,20.44,0.0704,0.002,0.072,-0.002,0.008,1.511,-1.581,-86.57,11.87,-0.21,1,0.951,10.66,0.07,-5.984,1,5,0.074,0.0758,0.0647,0.074
36.362,1,0.902,-0.5,1.06,5,76.1,20.44,0.0704,-0.0038,0.07,0.004,0.009,1.512,-1.588,-86.46,11.87,-2.22,1,0.962,12.12,4.34,-5.646,1,5,0.0641,0.0751,0.0732,0.0678
36.399,1,0.909,-0.25,0.75,5,75.4,20.46,0.0704,-0.0142,0.067,0.005,-0.046,1.513,-1.59,-86.52,11.87,-2.22,1,0.962,12.12,4.34,-5.646,1,5,0.0586,0.0678,0.0751,0.0659
36.463,1,0.911,-0.5,0.52,5,75.5,20.44,0.0704,-0.0116,0.064,0.003,-0.042,1.513,-1.594,-86.69,11.87,-2.22,1,0.954,12.12,5.76,-4.419,1,5,0.0643,0.0588,0.0754,0.057
36.495,1,0.911,-0.75,0.57,5,75.5,20.46,0.07,-0.0042,0.064,0.002,-0.036,1.513,-1.596,-86.75,11.87,-2.59,1,0.958,11.63,4.83,-6.608,1,5,0.0681,0.0589,0.0736,0.057
36.562,1,0.917,-0.75,0.53,5,75.5,20.46,0.07,-0.0024,0.068,0.0,0.014,1.513,-1.601,-86.8,11.87,-2.59,1,0.958,11.63,4.83,-6.608,1,5,0.074,0.0648,0.0722,0.0629
36.593,1,0.917,-0.5,0.17,5,75.5,20.44,0.07,-0.002,0.068,-0.001,0.003,1.513,-1.602,-86.75,11.87,-2.59,1,0.893,15.51,7.91,-6.938,1,5,0.0758,0.0647,0.0684,0.0629
36.632,1,0.909,-0.5,0.6,5,75.5,19.97,0.07,0.0011,0.067,-0.002,-0.013,1.513,-1.604,-86.8,11.87,-2.59,1,0.893,15.51,7.91,-6.938,1,5,0.0742,0.0652,0.0652,0.0634
36.663,1,0.91,-0.25,0.49,5,75.4,20.46,0.07,-0.0063,0.065,-0.001,0.013,1.514,-1.606,-86.75,11.87,-2.59,1,0.968,16.48,11.05,-5.495,1,5,0.0688,0.0688,0.0597,0.0634
36.694,1,0.911,0.0,0.56,5,74.9,20.44,0.07,-0.0074,0.064,0.0,0.033,1.514,-1.608,-86.75,11.87,-2.59,1,0.967,16.48,11.72,-4.346,1,5,0.0633,0.0687,0.0597,0.0633
36.762,1,0.895,0.0,1.2,5,74.3,20.44,0.07,-0.0108,0.062,0.006,-0.011,1.515,-1.613,-86.57,11.89,-4.0,1,0.973,17.45,12.19,-5.396,1,5,0.0479,0.0737,0.0627,0.0645
36.795,1,0.903,0.0,1.05,5,74.4,20.44,0.07,-0.0216,0.06,0.005,0.008,1.515,-1.615,-86.52,11.89,-4.0,1,0.977,16.96,12.69,-6.158,1,5,0.0479,0.0738,0.0608,0.0627
36.863,1,0.895,0.0,0.86,5,73.7,19.97,0.07,-0.0188,0.059,0.0,-0.038,1.515,-1.619,-86.63,11.89,-4.0,1,0.964,16.96,12.31,-5.571,1,5,0.0555,0.0592,0.0592,0.061
36.895,1,0.899,0.0,0.73,5,74.3,20.44,0.07,-0.0152,0.062,0.0,-0.017,1.515,-1.621,-86.69,11.89,-4.0,1,0.959,16.96,12.6,-3.667,1,5,0.0592,0.0574,0.0611,0.0629
36.962,1,0.894,-0.75,0.51,5,73.8,20.44,0.07,-0.0128,0.065,0.0,-0.057,1.515,-1.625,-86.8,11.89,-3.38,1,0.951,16.48,10.82,-6.062,1,5,0.0703,0.0555,0.074,0.0592
36.993,1,0.901,-1.0,0.52,5,74.2,19.97,0.07,-0.0001,0.066,-0.001,-0.024,1.515,-1.626,-86.86,11.89,-3.38,1,0.946,15.99,11.44,-3.727,1,5,0.0721,0.0536,0.0758,0.061
37.062,1,0.894,-1.25,0.44,5,74.3,20.44,0.07,0.0016,0.067,-0.004,-0.033,1.515,-1.632,-86.97,11.89,-3.38,1,0.946,15.99,11.44,-3.727,1,5,0.074,0.0555,0.0703,0.0666
37.094,1,0.9,-1.25,0.27,5,74.2,20.44,0.07,0.0054,0.067,-0.003,-0.044,1.515,-1.633,-86.97,11.89,-3.38,1,0.953,15.03,9.74,-6.42,1,5,0.074,0.061,0.0666,0.0666
37.162,1,0.894,-1.0,0.61,5,73.9,19.97,0.07,0.0074,0.067,0.001,0.097,1.516,-1.638,-86.75,11.89,-3.76,1,0.953,15.03,9.74,-6.42,1,5,0.0648,0.074,0.0629,0.0666
37.193,1,0.899,-1.0,0.57,5,74.0,19.97,0.07,-0.002,0.067,0.003,-0.009,1.516,-1.64,-86.75,11.89,-3.76,1,0.947,15.51,9.7,-6.177,1,5,0.0611,0.074,0.0648,0.0666
37.228,1,0.889,-1.0,1.03,5,73.9,20.44,0.07,-0.0012,0.068,0.001,0.013,1.516,-1.643,-86.69,11.89,-3.76,1,0.947,15.51,9.7,-6.177,1,5,0.0611,0.0703,0.0666,0.0722
37.263,1,0.897,-1.0,0.85,5,74.0,20.44,0.07,-0.0091,0.068,-0.0,-0.018,1.516,-1.645,-86.75,11.89,-3.76,1,0.947,15.51,9.7,-6.177,1,5,0.0647,0.0703,0.0666,0.0721
37.292,1,0.898,-1.0,0.78,5,73.8,20.44,0.07,-0.006,0.069,-0.0,0.008,1.516,-1.647,-86.75,11.89,-3.76,1,0.946,15.99,11.5,-3.728,1,5,0.0684,0.0702,0.0666,0.0702
37.33,1,0.899,-1.0,0.92,5,74.1,20.44,0.07,-0.0046,0.068,0.001,-0.015,1.516,-1.649,-86.75,11.89,-3.76,1,0.946,15.99,11.5,-3.728,1,5,0.0684,0.0703,0.0684,0.0666
37.363,1,0.896,-1.0,0.6,5,74.3,19.97,0.07,-0.0071,0.07,-0.001,-0.017,1.516,-1.652,-86.8,11.89,-3.76,1,0.946,15.99,11.5,-3.728,1,5,0.074,0.0666,0.0703,0.0684
37.394,1,0.906,-1.25,0.62,5,74.9,20.44,0.07,-0.0016,0.071,-0.002,-0.03,1.516,-1.654,-86.8,11.89,-3.76,1,0.956,15.51,9.72,-6.17,1,5,0.0758,0.0666,0.0721,0.0702
37.462,1,0.915,-1.25,0.12,5,75.2,20.44,0.07,0.001,0.074,-0.003,-0.019,1.517,-1.66,-86.92,11.89,-3.76,1,0.956,15.51,9.72,-6.17,1,5,0.0814,0.0703,0.0721,0.074
37.495,1,0.911,-1.25,0.12,5,75.5,20.44,0.07,0.0094,0.074,-0.002,-0.001,1.517,-1.661,-86.92,11.89,-3.76,1,0.959,15.51,9.79,-2.82,1,5,0.0795,0.074,0.0703,0.074
37.529,1,0.915,-1.25,0.2,5,75.5,20.44,0.07,0.0093,0.074,-0.002,0.043,1.517,-1.664,-86.8,11.89,-3.76,1,0.958,15.51,9.29,-0.472,1,5,0.0759,0.0777,0.0666,0.0759
37.562,1,0.917,-1.25,0.44,5,75.2,19.85,0.07,0.0079,0.074,0.0,0.037,1.517,-1.667,-86.69,11.89,-3.76,1,0.958,15.51,9.29,-0.472,1,5,0.0666,0.0777,0.0703,0.0814
37.596,1,0.918,-1.25,0.71,5,75.4,20.0,0.07,0.0036,0.072,-0.0,0.014,1.517,-1.67,-86.69,11.89,-3.76,1,0.968,15.51,9.21,-5.55,1,5,0.0648,0.074,0.0703,0.0814
37.632,1,0.917,-0.75,0.49,5,75.7,20.0,0.07,-0.0011,0.072,0.0,0.007,1.517,-1.671,-86.69,11.89,-3.76,1,0.964,15.51,9.23,-5.566,1,5,0.0629,0.074,0.0703,0.0795
37.663,1,0.924,-1.0,0.78,5,75.5,20.0,0.07,-0.0036,0.071,-0.0,-0.042,1.517,-1.674,-86.75,11.89,-3.76,1,0.965,15.99,9.17,-5.326,1,5,0.0684,0.0703,0.0703,0.074
37.692,1,0.924,-1.25,0.74,5,75.8,19.85,0.07,-0.0048,0.072,0.0,-0.019,1.517,-1.676,-86.8,11.89,-3.76,1,0.968,15.51,9.18,-4.181,1,5,0.0702,0.0702,0.0739,0.0721
37.728,1,0.925,-1.25,0.33,5,75.9,20.44,0.07,-0.0011,0.074,0.0,-0.016,1.518,-1.679,-86.8,11.9,-3.18,1,0.968,15.51,9.18,-4.181,1,5,0.0776,0.0702,0.0776,0.0702
37.761,1,0.936,-1.5,0.57,5,75.7,20.44,0.07,0.006,0.077,0.002,-0.023,1.518,-1.682,-86.86,11.9,-3.18,1,0.968,15.51,9.18,-4.181,1,5,0.0795,0.0739,0.0832,0.0702
37.797,1,0.929,-1.25,0.35,5,75.3,20.44,0.07,0.0047,0.077,-0.002,-0.002,1.518,-1.685,-86.86,11.9,-3.18,1,0.962,15.03,8.9,-3.535,1,5,0.0814,0.0721,0.0814,0.074
37.991,1,0.911,-0.5,0.49,5,73.0,19.97,0.07,0.0051,0.07,0.004,0.021,1.519,-1.698,-86.57,11.9,-3.18,1,0.957,15.03,8.91,-3.535,1,5,0.0589,0.0754,0.0717,0.0736
38.034,1,0.912,-0.5,0.5,5,72.7,19.97,0.07,-0.0062,0.072,0.0,-0.003,1.519,-1.701,-86.57,11.9,-3.18,1,0.953,15.99,10.08,-3.482,1,5,0.0662,0.0736,0.0717,0.0772
38.062,1,0.902,-0.5,0.46,5,70.7,20.44,0.07,-0.006,0.072,-0.0,-0.003,1.519,-1.704,-86.63,11.9,-3.18,1,0.953,15.99,10.08,-3.482,1,5,0.0711,0.0711,0.0729,0.0747
38.132,1,0.923,-0.5,-0.15,5,71.0,20.44,0.07,-0.0043,0.075,-0.001,-0.023,1.52,-1.709,-86.69,11.88,-2.74,1,0.952,15.99,10.09,-3.482,1,5,0.0763,0.071,0.0763,0.0746
38.192,1,0.923,-0.5,-0.4,5,70.2,20.44,0.07,0.0067,0.075,-0.002,-0.012,1.52,-1.713,-86.75,11.88,-2.74,1,0.96,15.51,9.46,-3.509,1,5,0.0788,0.0699,0.077,0.0752
38.227,1,0.922,-0.75,-0.46,5,69.8,20.46,0.07,0.0112,0.075,-0.0,0.014,1.52,-1.716,-86.75,11.88,-2.74,1,0.96,15.51,9.46,-3.509,1,5,0.0759,0.074,0.074,0.074
38.262,1,0.918,-0.5,-0.52,5,69.8,20.44,0.07,0.0154,0.073,0.003,0.054,1.52,-1.719,-86.63,11.88,-2.74,1,0.96,15.51,9.46,-3.509,1,5,0.0703,0.0796,0.0722,0.0703
38.297,1,0.866,-0.25,-0.73,5,65.3,20.46,0.07,0.0132,0.073,0.005,-0.021,1.521,-1.722,-86.63,11.88,-2.73,1,0.96,15.51,9.46,-3.509,1,5,0.0684,0.0813,0.0721,0.0684
38.361,1,0.84,-0.25,-0.25,5,64.8,20.2,0.07,0.0142,0.072,0.003,-0.018,1.521,-1.726,-86.63,11.88,-2.73,1,0.943,15.51,10.59,-4.442,1,5,0.0647,0.0832,0.0721,0.0702
38.433,1,0.828,-0.25,-0.63,5,63.6,20.44,0.07,0.0064,0.069,-0.0,-0.013,1.521,-1.73,-86.75,11.88,-2.73,1,0.942,15.51,9.3,-0.474,1,5,0.0702,0.0647,0.0721,0.0684
38.461,1,0.828,-0.5,-0.57,5,63.9,20.44,0.07,0.013,0.071,-0.0,-0.019,1.522,-1.733,-86.8,11.88,-2.73,1,0.942,15.51,9.3,-0.474,1,5,0.0739,0.0665,0.0757,0.0684
38.498,1,0.819,-0.5,-0.53,5,63.5,20.44,0.07,0.0152,0.072,0.0,-0.013,1.522,-1.735,-86.8,11.88,-2.1,1,0.939,15.03,9.81,-1.598,1,5,0.0758,0.0684,0.0758,0.0665
38.533,1,0.821,-0.5,-0.87,5,63.2,20.44,0.07,0.0142,0.075,-0.001,0.02,1.522,-1.738,-86.8,11.88,-2.1,1,0.935,15.03,8.91,-3.535,1,5,0.0794,0.0702,0.0775,0.0738
38.562,1,0.822,0.0,-1.05,5,63.3,20.44,0.07,0.02,0.075,-0.003,-0.009,1.522,-1.741,-86.75,11.88,-2.1,1,0.935,15.03,8.91,-3.535,1,5,0.0776,0.0702,0.0739,0.0776
38.598,1,0.816,0.0,-0.56,5,63.2,20.44,0.07,0.0171,0.073,-0.001,0.031,1.522,-1.744,-86.69,11.88,-2.1,1,0.935,15.51,9.3,-0.475,1,5,0.074,0.0758,0.0684,0.0758
38.63,1,0.815,0.25,-0.49,5,63.4,20.2,0.07,0.009,0.073,0.002,0.071,1.522,-1.745,-86.63,11.88,-2.1,1,0.933,15.51,9.73,-1.273,1,5,0.0685,0.0814,0.0685,0.074
38.695,1,0.806,0.5,-0.09,5,63.2,20.44,0.07,0.0054,0.071,0.009,-0.003,1.523,-1.749,-86.46,11.88,-2.1,1,0.929,15.51,9.21,-4.256,1,5,0.0538,0.089,0.0704,0.0704
38.726,1,0.808,0.5,-0.02,5,63.1,20.2,0.07,-0.0042,0.068,0.007,0.007,1.523,-1.752,-86.4,11.86,-1.08,1,0.916,16.48,10.9,-1.246,1,5,0.0499,0.0777,0.0721,0.0721
38.76,1,0.812,0.5,0.12,5,63.4,20.44,0.07,-0.0052,0.068,0.001,-0.04,1.523,-1.755,-86.46,11.86,-1.08,1,0.916,16.48,10.9,-1.246,1,5,0.061,0.0684,0.0702,0.0739
38.862,1,0.82,0.25,-0.57,5,63.9,20.44,0.07,-0.0069,0.07,0.0,-0.021,1.524,-1.762,-86.57,11.86,-1.08,1,0.9,12.12,2.52,-3.151,1,5,0.0721,0.0666,0.074,0.0666
38.898,1,0.825,0.0,-0.71,5,64.3,20.44,0.07,0.0083,0.074,-0.002,-0.018,1.524,-1.765,-86.63,11.86,0.61,1,0.898,11.63,2.69,-4.628,1,5,0.0794,0.0665,0.0776,0.0721
38.996,1,0.795,0.0,-0.76,5,62.7,20.44,0.07,0.0129,0.073,-0.001,0.014,1.524,-1.772,-86.75,11.86,0.61,1,0.893,11.63,1.34,-5.869,1,5,0.0788,0.0733,0.0696,0.0696
39.033,1,0.796,-0.25,-0.6,5,62.5,20.46,0.07,0.0137,0.073,0.002,0.072,1.524,-1.774,-86.69,11.86,0.61,1,0.893,11.63,0.81,-3.575,1,5,0.0727,0.08,0.0709,0.0691
39.062,1,0.802,0.0,-0.7,5,62.8,20.44,0.07,0.0139,0.072,0.006,0.009,1.525,-1.776,-86.57,11.86,0.61,1,0.893,11.63,0.81,-3.575,1,5,0.0658,0.0805,0.075,0.0658
39.091,1,0.806,0.0,-0.55,5,63.1,20.44,0.07,0.0121,0.07,0.005,-0.003,1.525,-1.778,-86.57,11.86,0.61,1,0.894,11.63,1.33,-5.892,1,5,0.0622,0.075,0.075,0.0677
39.161,1,0.816,0.0,-1.09,5,63.3,20.44,0.07,0.0095,0.067,0.0,0.003,1.525,-1.782,-86.63,11.87,-0.78,1,0.894,11.63,1.34,-5.906,1,5,0.0609,0.0663,0.0681,0.0717
39.196,1,0.816,0.0,-1.09,5,63.4,20.44,0.07,0.0189,0.064,0.0,0.002,1.525,-1.784,-86.63,11.87,-0.78,1,0.894,11.63,1.34,-5.906,1,5,0.0609,0.0645,0.0645,0.0663
39.229,1,0.811,-0.5,-0.31,5,62.9,20.2,0.07,0.0189,0.063,0.0,0.01,1.525,-1.786,-86.57,11.87,-0.78,1,0.894,11.63,1.34,-5.906,1,5,0.0629,0.0629,0.0648,0.0629
39.263,1,0.809,-0.5,-0.75,5,63.1,20.44,0.07,0.0117,0.064,-0.001,-0.001,1.525,-1.788,-86.57,11.87,-0.78,1,0.895,11.63,2.7,-4.638,1,5,0.0647,0.0629,0.0629,0.0666
39.293,1,0.813,-0.5,-0.42,5,63.6,20.44,0.07,0.0186,0.066,-0.003,-0.008,1.525,-1.79,-86.63,11.87,-0.78,1,0.895,11.63,2.7,-4.638,1,5,0.0684,0.0629,0.0629,0.0703
39.327,1,0.82,-0.75,-0.77,5,63.8,20.44,0.07,0.0126,0.068,-0.003,0.005,1.526,-1.792,-86.63,11.87,-2.89,1,0.885,12.12,0.96,-6.354,1,5,0.0702,0.0647,0.0666,0.0721
39.363,1,0.821,-0.5,-1.08,5,63.5,20.2,0.07,0.0216,0.067,-0.003,-0.002,1.526,-1.795,-86.63,11.87,-2.89,1,0.859,14.54,8.47,-3.56,1,5,0.0685,0.0648,0.0629,0.0703
39.39,1,0.832,-0.5,-1.21,5,64.2,20.44,0.07,0.0234,0.066,-0.003,0.012,1.526,-1.796,-86.57,11.87,-2.89,1,0.891,14.54,11.25,-0.727,1,5,0.0666,0.0666,0.0592,0.0703
39.43,1,0.826,-0.5,-0.84,5,63.8,20.44,0.07,0.0256,0.064,-0.0,0.078,1.526,-1.799,-86.46,11.87,-2.89,1,0.889,15.51,10.86,-2.333,1,5,0.0611,0.074,0.0537,0.0685
39.459,1,0.827,-0.25,-0.66,5,64.1,20.56,0.07,0.0192,0.064,0.001,0.013,1.526,-1.801,-86.4,11.87,-2.89,1,0.889,15.51,10.86,-2.333,1,5,0.0593,0.0778,0.0537,0.0667
39.495,1,0.832,0.0,-0.51,5,64.4,20.2,0.07,0.0132,0.063,0.003,0.028,1.526,-1.804,-86.34,11.87,-2.89,1,0.889,15.51,10.86,-2.333,1,5,0.0574,0.0778,0.0574,0.063
39.561,1,0.845,0.0,-0.59,5,64.5,20.44,0.07,0.008,0.063,0.005,-0.02,1.527,-1.808,-86.34,11.87,-3.26,1,0.9,15.51,10.67,-4.45,1,5,0.0536,0.0647,0.0703,0.0629
39.59,1,0.857,0.0,-0.96,5,65.1,20.44,0.07,0.0097,0.063,0.003,-0.017,1.527,-1.809,-86.34,11.87,-3.26,1,0.9,15.51,10.67,-4.453,1,5,0.0573,0.0629,0.0703,0.0629
39.625,1,0.867,0.0,-1.08,5,66.0,20.44,0.07,0.0164,0.064,0.001,-0.0,1.527,-1.812,-86.4,11.87,-3.26,1,0.9,15.51,10.67,-4.453,1,5,0.0629,0.0629,0.0684,0.0629
39.662,1,0.873,-0.25,-0.86,5,66.7,20.2,0.07,0.0186,0.066,-0.001,-0.001,1.527,-1.814,-86.34,11.87,-3.26,1,0.9,15.51,10.67,-4.453,1,5,0.0684,0.0647,0.0647,0.0666
39.694,1,0.875,-0.5,-0.52,5,67.1,20.2,0.07,0.0179,0.068,-0.002,0.004,1.527,-1.816,-86.34,11.87,-3.26,1,0.9,15.51,10.94,-3.732,1,5,0.0684,0.0666,0.0647,0.0703
39.725,1,0.878,-0.5,-0.79,5,67.3,20.04,0.07,0.0147,0.071,-0.005,0.019,1.527,-1.819,-86.34,11.86,-2.72,1,0.897,15.51,10.94,-3.725,1,5,0.0759,0.0666,0.0648,0.0759
39.764,1,0.884,0.0,-0.96,5,67.7,20.2,0.07,0.0192,0.074,-0.006,0.013,1.527,-1.822,-86.29,11.86,-2.72,1,0.897,15.51,10.94,-3.725,1,5,0.0777,0.0703,0.0648,0.0814
39.79,1,0.882,0.0,-0.83,5,67.5,20.44,0.07,0.0159,0.075,-0.006,0.033,1.527,-1.823,-86.23,11.86,-2.72,1,0.899,15.51,11.53,-2.656,1,5,0.0777,0.0722,0.0648,0.0851
39.824,1,0.882,0.25,-0.61,5,67.8,20.2,0.07,0.0139,0.077,-0.0,0.051,1.528,-1.826,-86.12,11.86,-2.72,1,0.899,15.51,11.53,-2.656,1,5,0.0722,0.0852,0.0685,0.0833
39.862,1,0.887,0.25,-0.61,5,68.2,20.2,0.07,0.0071,0.077,0.004,0.043,1.528,-1.829,-86.0,11.86,-2.72,1,0.899,15.51,11.53,-2.656,1,5,0.0685,0.0889,0.0722,0.0778
39.895,1,0.891,0.5,-0.95,5,68.8,20.2,0.07,0.0076,0.075,0.005,0.004,1.528,-1.831,-86.0,11.86,-2.72,1,0.902,16.48,11.89,-4.374,1,5,0.0666,0.087,0.0722,0.074
39.925,1,0.898,0.25,-0.73,5,69.4,20.2,0.07,0.0108,0.07,0.0,-0.008,1.528,-1.834,-86.0,11.86,-1.74,1,0.901,16.48,12.72,-2.612,1,5,0.0666,0.074,0.0666,0.074
39.961,1,0.904,0.0,-0.28,5,69.6,20.44,0.07,0.0104,0.068,-0.002,-0.011,1.528,-1.836,-86.06,11.86,-1.74,1,0.901,16.48,12.72,-2.612,1,5,0.0667,0.0667,0.0648,0.0741
39.994,1,0.914,0.0,-0.28,5,70.6,20.44,0.07,0.0057,0.068,-0.001,-0.001,1.528,-1.838,-86.06,11.86,-1.74,1,0.902,16.48,12.13,-3.667,1,5,0.0667,0.0648,0.0685,0.0704
40.026,1,0.914,0.0,-0.28,5,70.6,20.44,0.07,0.0055,0.069,0.002,-0.002,1.529,-1.84,-86.12,11.86,-1.74,1,0.898,16.48,12.06,-2.269,1,5,0.0648,0.0666,0.0759,0.0685
40.094,1,0.903,-0.25,-0.74,5,69.7,20.2,0.07,0.0051,0.07,0.001,-0.012,1.529,-1.845,-86.17,11.86,-1.74,1,0.902,15.99,12.77,-1.032,1,5,0.0685,0.0666,0.0759,0.0703
40.124,1,0.899,-0.25,-0.86,5,69.4,20.44,0.07,0.0163,0.072,-0.003,-0.015,1.529,-1.848,-86.17,11.84,-0.47,1,0.903,15.51,12.39,-0.791,1,5,0.0777,0.0666,0.0703,0.0722
40.193,1,0.898,0.0,-0.28,5,69.0,20.44,0.07,0.0177,0.077,-0.004,-0.006,1.529,-1.852,-86.12,11.84,-0.47,1,0.875,13.09,8.66,-2.837,1,5,0.0833,0.0796,0.0666,0.0778
40.265,1,0.916,0.0,-0.16,5,70.6,20.44,0.07,0.0046,0.073,0.004,0.019,1.53,-1.858,-85.89,11.84,-0.47,1,0.899,12.6,4.63,-4.915,1,5,0.0648,0.0852,0.0685,0.0722
40.296,1,0.906,0.0,-0.28,5,69.8,20.44,0.07,0.0027,0.068,0.0,0.009,1.53,-1.861,-85.94,11.84,-0.47,1,0.898,12.6,4.64,-4.924,1,5,0.0611,0.0759,0.0611,0.0741
40.328,1,0.902,0.0,-0.28,5,69.6,20.44,0.07,0.0048,0.066,0.0,0.016,1.53,-1.862,-85.89,11.84,0.57,1,0.898,12.6,4.64,-4.924,1,5,0.0574,0.0703,0.0611,0.074
40.392,1,0.897,-0.25,-0.34,5,69.2,20.56,0.07,0.0048,0.064,0.002,-0.014,1.53,-1.866,-85.94,11.84,0.57,1,0.901,12.6,4.65,-4.928,1,5,0.0537,0.0629,0.0685,0.0703
40.429,1,0.898,0.0,-0.55,5,69.1,20.56,0.07,0.0088,0.067,0.001,0.028,1.531,-1.869,-85.89,11.84,0.57,1,0.906,12.6,4.57,-3.388,1,5,0.061,0.0629,0.074,0.0703
40.491,1,0.91,-0.5,-0.25,5,70.1,20.57,0.07,0.0094,0.074,-0.001,-0.039,1.531,-1.873,-85.94,11.84,0.57,1,0.896,12.6,5.11,-5.539,1,5,0.0758,0.0666,0.0795,0.0758
40.529,1,0.91,-0.5,-0.52,5,70.0,20.44,0.07,0.0102,0.077,-0.001,-0.024,1.531,-1.876,-85.94,11.84,-0.63,1,0.899,12.6,4.57,-3.378,1,5,0.0796,0.0722,0.0796,0.0778
40.595,1,0.909,-0.5,-0.4,5,69.7,20.44,0.07,0.0142,0.077,-0.001,0.026,1.531,-1.881,-86.0,11.84,-0.63,1,0.897,12.6,4.57,-3.382,1,5,0.0815,0.0815,0.0703,0.0759
40.659,1,0.911,-0.25,-0.34,5,70.3,20.56,0.07,0.0118,0.069,-0.0,-0.001,1.532,-1.887,-85.77,11.84,-0.63,1,0.898,12.6,4.65,-4.927,1,5,0.069,0.0781,0.0636,0.0744
40.693,1,0.91,-0.25,-0.34,5,70.2,20.56,0.07,0.0077,0.067,-0.001,0.024,1.532,-1.888,-85.71,11.84,-0.63,1,0.895,12.6,5.13,-5.531,1,5,0.0599,0.069,0.0636,0.0763
40.761,1,0.911,-0.25,-0.06,5,70.0,20.46,0.07,0.0079,0.062,-0.001,0.008,1.532,-1.893,-85.66,11.84,-1.1,1,0.893,12.6,6.56,-5.71,1,5,0.0574,0.0611,0.0592,0.0685
40.792,1,0.911,0.0,-0.27,5,70.0,20.44,0.07,0.0032,0.062,-0.001,0.014,1.532,-1.894,-85.66,11.84,-1.1,1,0.893,13.09,6.88,-2.802,1,5,0.0592,0.0611,0.0592,0.0666
40.825,1,0.911,0.0,-0.0,5,69.9,20.56,0.07,0.004,0.063,-0.001,0.023,1.532,-1.897,-85.6,11.84,-1.1,1,0.896,13.09,6.6,-3.629,1,5,0.061,0.061,0.0629,0.0666
40.895,1,0.911,-0.25,-0.06,5,69.9,20.46,0.07,-0.0004,0.068,-0.002,-0.007,1.532,-1.901,-85.66,11.84,-1.1,1,0.897,13.57,6.03,-2.523,1,5,0.0701,0.0664,0.0664,0.0701
40.993,1,0.888,-0.25,-0.46,5,68.5,20.57,0.07,0.0036,0.069,-0.004,-0.01,1.532,-1.908,-85.71,11.84,-1.84,1,0.892,12.6,6.46,-4.299,1,5,0.0754,0.0699,0.0589,0.0699
41.094,1,0.881,0.0,-0.28,5,67.7,20.44,0.07,0.0104,0.068,0.001,0.017,1.533,-1.915,-85.6,11.84,-1.84,1,0.893,13.09,6.58,-3.629,1,5,0.061,0.0683,0.0702,0.0739
41.123,1,0.889,0.0,0.12,5,68.5,20.57,0.07,0.0041,0.068,-0.002,0.031,1.533,-1.918,-85.54,11.84,-2.27,1,0.894,13.09,6.57,-3.629,1,5,0.0612,0.0683,0.063,0.0791
41.193,1,0.879,0.0,0.11,5,67.8,20.81,0.07,-0.0025,0.069,-0.002,0.021,1.533,-1.922,-85.43,11.84,-2.27,1,0.894,13.09,6.57,-3.629,1,5,0.063,0.0702,0.063,0.0792
41.227,1,0.875,0.0,0.0,5,67.5,20.81,0.07,-0.0022,0.069,-0.001,0.006,1.534,-1.925,-85.43,11.84,-2.27,1,0.888,13.57,5.84,-4.836,1,5,0.0666,0.0703,0.0666,0.074
41.26,1,0.867,0.0,0.11,5,66.5,20.81,0.07,-0.0002,0.073,-0.002,0.02,1.534,-1.928,-85.37,11.84,-2.27,1,0.887,13.57,5.84,-4.839,1,5,0.0741,0.0704,0.0704,0.0759
41.292,1,0.848,0.25,-0.12,5,65.2,20.81,0.07,-0.002,0.074,-0.003,0.019,1.534,-1.929,-85.37,11.84,-2.27,1,0.888,13.57,5.83,-4.839,1,5,0.0777,0.0722,0.0703,0.0777
41.328,1,0.842,0.25,0.16,5,65.3,21.02,0.07,-0.0009,0.077,-0.004,-0.02,1.534,-1.932,-85.37,11.84,-2.27,1,0.881,13.57,6.32,-5.466,1,5,0.0832,0.074,0.0721,0.0777
41.39,1,0.86,0.0,0.32,5,65.9,21.02,0.07,-0.0054,0.075,-0.004,-0.017,1.534,-1.937,-85.43,11.84,-2.27,1,0.879,13.57,6.34,-5.459,1,5,0.0833,0.0759,0.0666,0.074
41.495,1,0.856,0.0,0.42,5,65.7,21.02,0.07,-0.0054,0.067,-0.003,0.065,1.534,-1.944,-85.14,11.84,-2.27,1,0.859,17.45,15.43,-0.593,1,5,0.061,0.0683,0.0591,0.0794
41.528,1,0.853,0.25,0.76,5,65.5,20.56,0.07,-0.0073,0.066,-0.008,0.048,1.534,-1.946,-85.03,11.84,-2.71,1,0.849,17.93,15.77,-1.452,1,5,0.0591,0.0665,0.0499,0.0887
41.562,1,0.853,0.25,0.88,5,65.2,20.81,0.07,-0.0163,0.066,-0.01,0.068,1.534,-1.949,-84.8,11.84,-2.71,1,0.836,17.93,17.64,0.0,0,5,0.0592,0.0685,0.0444,0.0925
41.592,1,0.86,0.25,0.67,5,66.0,20.81,0.07,-0.018,0.066,-0.009,0.052,1.534,-1.95,-84.74,11.84,-2.71,1,0.836,17.93,17.64,0.0,0,5,0.0611,0.0666,0.0463,0.0889
41.694,1,0.844,-0.25,1.3,5,64.6,20.81,0.07,-0.014,0.071,-0.006,0.003,1.534,-1.957,-84.57,11.84,-2.71,1,0.818,18.42,18.89,0.0,0,5,0.0721,0.0721,0.0591,0.0813
41.724,1,0.84,-0.25,1.2,5,64.4,20.81,0.07,-0.0192,0.073,-0.004,-0.032,1.534,-1.96,-84.63,11.84,0.41,1,0.775,17.45,21.15,0.0,0,5,0.074,0.074,0.0648,0.0796
41.797,1,0.847,-0.25,0.71,5,64.6,21.1,0.07,-0.0179,0.074,-0.004,-0.028,1.534,-1.966,-84.68,11.84,0.41,1,0.758,12.12,16.57,0.0,0,5,0.0758,0.0684,0.0721,0.0795
41.895,1,0.859,-0.75,0.32,5,65.6,20.81,0.07,-0.0099,0.068,-0.004,-0.007,1.534,-1.972,-84.8,11.84,0.41,1,0.775,10.66,12.58,0.0,0,5,0.0776,0.0665,0.061,0.0665
41.923,1,0.847,-0.75,0.44,5,64.8,20.81,0.07,0.003,0.066,-0.002,0.006,1.535,-1.974,-84.8,11.84,3.59,1,0.763,9.69,14.71,0.0,0,5,0.0702,0.0628,0.0647,0.0647
41.96,1,0.837,-0.75,0.54,5,64.2,20.81,0.07,0.0004,0.063,0.001,-0.014,1.535,-1.977,-84.8,11.84,3.59,1,0.819,4.85,6.13,0.0,0,5,0.0643,0.0606,0.068,0.0606
41.993,1,0.829,-1.0,0.75,5,63.6,20.96,0.07,-0.0019,0.063,0.0,-0.006,1.535,-1.978,-84.86,11.84,3.59,1,0.819,4.85,6.13,0.0,0,5,0.0624,0.0588,0.068,0.0624
42.022,1,0.823,-0.75,0.41,5,63.0,21.02,0.07,-0.0027,0.064,-0.0,0.069,1.535,-1.981,-84.74,11.84,3.59,1,0.826,4.85,5.17,0.0,0,5,0.0692,0.0601,0.0674,0.0601
42.092,1,0.827,-0.75,1.19,5,63.5,20.81,0.07,-0.0004,0.067,0.0,0.014,1.536,-1.985,-84.8,11.84,3.59,1,0.826,5.33,7.77,0.0,0,5,0.0752,0.0661,0.0679,0.0587
42.121,1,0.831,-0.25,0.74,5,63.7,21.02,0.07,-0.014,0.069,0.002,-0.017,1.536,-1.988,-84.8,11.83,4.96,1,0.738,3.39,10.56,0.0,0,5,0.0703,0.0722,0.0703,0.0648
42.193,1,0.837,-0.25,0.55,5,63.9,21.02,0.07,-0.0115,0.075,0.0,-0.03,1.536,-1.992,-84.97,11.83,4.96,1,0.796,1.94,5.62,0.0,0,5,0.0722,0.0722,0.0778,0.0778
42.223,1,0.833,-0.5,0.54,5,63.5,21.1,0.07,-0.008,0.074,-0.0,-0.029,1.537,-1.995,-85.03,11.83,4.96,1,0.787,1.45,6.06,0.0,0,5,0.0756,0.0719,0.0756,0.0737
42.257,1,0.842,-0.75,0.48,5,64.0,21.11,0.0841,-0.0046,0.07,-0.001,-0.023,1.537,-1.998,-85.08,11.83,4.96,1,0.787,1.45,6.06,0.0,0,5,0.0755,0.07,0.0681,0.0681
42.293,1,0.853,-0.75,0.21,5,64.7,21.02,0.0983,-0.0006,0.07,0.0,0.018,1.537,-1.999,-85.08,11.83,4.96,1,0.787,1.45,6.06,0.0,0,5,0.0718,0.0718,0.0681,0.0681
42.323,1,0.856,-0.75,0.33,5,64.7,21.02,0.112,0.0036,0.074,0.001,0.058,1.537,-2.002,-84.97,11.83,5.85,1,0.734,0.97,18.17,0.0,0,5,0.0722,0.074,0.0759,0.074
42.392,1,0.833,-0.75,0.1,5,62.8,21.02,0.1334,0.0001,0.081,0.0,0.036,1.537,-2.006,-84.91,11.83,5.85,1,0.734,0.97,18.17,0.0,0,5,0.0778,0.0796,0.0815,0.0833
42.424,1,0.823,-0.5,0.27,5,62.3,21.11,0.122,0.0051,0.097,-0.002,0.012,1.538,-2.012,-84.91,11.83,5.85,1,0.702,0.97,28.33,0.0,0,5,0.0982,0.0945,0.0945,0.1
42.49,1,0.822,-0.5,0.54,5,62.2,21.1,0.0738,-0.0007,0.111,0.0,-0.014,1.538,-2.017,-84.97,11.83,5.85,1,0.707,1.94,42.91,0.0,0,5,0.1112,0.1094,0.1131,0.1112
42.525,1,0.824,-0.25,0.34,5,62.1,20.81,0.07,-0.0053,0.121,0.001,-0.037,1.539,-2.024,-84.97,11.83,7.93,1,0.707,1.94,42.91,0.0,0,5,0.1177,0.1214,0.1232,0.1214
42.627,1,0.825,-0.25,0.32,5,62.1,20.56,0.07,-0.0041,0.107,0.002,0.003,1.54,-2.033,-85.03,11.83,7.93,1,0.672,-3.39,61.7,0.0,0,5,0.1073,0.1073,0.111,0.1036
42.692,1,0.856,-0.75,0.21,5,65.0,20.81,0.07,-0.0036,0.095,0.0,-0.027,1.54,-2.038,-85.08,11.83,7.93,1,0.585,-9.21,67.04,0.0,0,5,0.0999,0.0833,0.1073,0.0907
42.727,1,0.847,-0.75,-0.07,5,63.8,20.46,0.07,0.0043,0.088,-0.0,-0.064,1.541,-2.041,-85.2,11.84,14.4,1,0.557,-11.15,67.67,0.0,0,5,0.0958,0.0792,0.0958,0.081
42.792,1,0.848,-1.0,-0.13,5,63.9,20.81,0.07,0.0086,0.079,0.003,-0.032,1.541,-2.046,-85.37,11.84,14.4,1,0.552,-18.9,67.91,0.0,0,5,0.081,0.081,0.0828,0.0699
42.823,1,0.856,-1.25,-0.31,5,64.4,20.46,0.07,0.0127,0.071,0.003,-0.026,1.542,-2.049,-85.49,11.84,14.4,1,0.549,-20.84,67.26,0.0,0,5,0.074,0.0721,0.0758,0.0629
42.892,1,0.85,-1.25,-0.31,5,63.9,20.46,0.07,0.0178,0.063,0.0,0.016,1.542,-2.052,-85.49,11.84,14.4,1,0.572,-25.2,67.53,0.0,0,5,0.0666,0.0629,0.0629,0.0592
42.926,1,0.852,-1.25,-0.31,5,64.0,20.46,0.07,0.0174,0.06,0.0,0.025,1.542,-2.054,-85.37,11.84,20.87,1,0.577,-28.11,68.05,0.0,0,5,0.0555,0.0592,0.061,0.0629
42.958,1,0.857,-1.25,-0.31,5,64.4,20.46,0.07,0.0172,0.058,0.001,0.01,1.542,-2.057,-85.37,11.84,20.87,1,0.564,-30.54,67.88,0.0,0,5,0.0536,0.0573,0.061,0.0592
43.027,1,0.856,-1.25,-0.31,5,64.5,20.46,0.07,0.0169,0.057,-0.002,-0.015,1.542,-2.06,-85.43,11.84,20.87,1,0.569,-37.32,66.44,0.0,0,5,0.0629,0.0555,0.0555,0.0555
43.059,1,0.861,-1.25,-0.31,5,65.2,20.46,0.07,0.0169,0.059,-0.0,0.028,1.543,-2.063,-85.37,11.84,20.87,1,0.569,-37.32,66.44,0.0,0,5,0.0629,0.0555,0.0611,0.0555
43.093,1,0.873,-1.25,-0.31,5,66.2,20.46,0.07,0.0168,0.059,0.0,-0.004,1.543,-2.064,-85.37,11.84,20.87,1,0.585,-39.74,65.94,0.0,0,5,0.0629,0.0537,0.0648,0.0555
43.121,1,0.867,-0.75,-0.58,5,66.2,20.81,0.07,0.0168,0.06,0.002,-0.031,1.543,-2.066,-85.37,11.82,26.52,1,0.581,-41.2,66.08,0.0,0,5,0.0592,0.0592,0.0648,0.0555
43.159,1,0.854,-0.75,-0.59,5,64.8,20.57,0.07,0.0156,0.062,0.002,0.011,1.543,-2.069,-85.37,11.82,26.52,1,0.581,-41.2,66.08,0.0,0,5,0.0593,0.0648,0.063,0.0593
43.192,1,0.859,-0.75,-0.19,5,65.1,20.46,0.07,0.0161,0.062,0.002,-0.011,1.543,-2.07,-85.37,11.82,26.52,1,0.594,-44.11,66.68,0.0,0,5,0.0592,0.0666,0.0611,0.0592
43.228,1,0.854,-0.75,-0.59,5,64.7,20.57,0.07,0.0095,0.063,-0.002,-0.075,1.543,-2.072,-85.43,11.82,26.52,1,0.599,-46.53,66.57,0.0,0,5,0.0629,0.0629,0.0592,0.0666
43.254,1,0.86,-0.75,-0.99,5,65.2,20.46,0.07,0.0166,0.061,-0.003,-0.026,1.543,-2.074,-85.49,11.82,26.52,1,0.599,-46.53,66.57,0.0,0,5,0.0647,0.0592,0.0555,0.0629
43.321,1,0.876,-0.75,-0.99,5,66.6,20.46,0.07,0.0237,0.061,0.003,0.015,1.544,-2.079,-85.43,11.82,30.59,1,0.599,-46.53,66.57,0.0,0,5,0.0573,0.0665,0.061,0.0591
43.358,1,0.876,-0.75,-0.86,5,66.5,20.56,0.07,0.0238,0.063,0.005,0.026,1.544,-2.081,-85.37,11.82,30.59,1,0.599,-46.53,66.57,0.0,0,5,0.0536,0.0666,0.0684,0.0629
43.394,1,0.895,-0.75,-0.46,5,68.0,20.46,0.07,0.0217,0.061,0.003,-0.003,1.545,-2.082,-85.37,11.82,30.59,1,0.57,-43.14,64.81,0.0,0,5,0.0536,0.061,0.0666,0.061
43.421,1,0.882,-0.75,-0.46,5,66.8,20.46,0.07,0.0147,0.061,0.002,0.008,1.545,-2.085,-85.37,11.82,30.59,1,0.57,-43.14,64.81,0.0,0,5,0.0555,0.0629,0.0629,0.0629
43.456,1,0.882,-0.75,-0.59,5,67.0,20.56,0.07,0.0147,0.061,0.0,-0.0,1.545,-2.087,-85.37,11.82,30.59,1,0.57,-43.14,64.81,0.0,0,5,0.0592,0.0629,0.061,0.0629
43.521,1,0.879,-0.5,-0.4,5,66.3,20.44,0.07,0.017,0.066,-0.001,0.078,1.545,-2.091,-85.31,11.82,34.68,1,0.589,-39.26,63.44,0.0,0,5,0.0702,0.0646,0.0646,0.0646
43.556,1,0.893,-0.25,-0.06,5,67.6,20.46,0.07,0.0108,0.066,-0.0,0.0,1.546,-2.094,-85.26,11.82,34.68,1,0.589,-39.26,63.44,0.0,0,5,0.0702,0.0683,0.0628,0.0628
43.62,1,0.909,0.0,-0.01,5,70.6,20.56,0.07,0.0024,0.064,0.0,-0.041,1.546,-2.098,-85.2,11.82,34.68,1,0.618,-34.9,61.83,0.0,0,5,0.0629,0.0721,0.0573,0.0647
43.658,1,0.898,0.0,1.2,5,71.0,20.56,0.07,-0.0012,0.065,-0.002,0.004,1.546,-2.1,-85.26,11.82,34.68,1,0.618,-34.9,61.83,0.0,0,5,0.0647,0.0684,0.0573,0.0702
43.721,1,0.856,-0.25,2.63,5,71.2,20.56,0.07,-0.0216,0.067,0.002,0.015,1.547,-2.104,-85.26,11.82,38.76,1,0.65,-32.96,60.1,0.0,0,5,0.0629,0.0703,0.0666,0.0666
43.755,1,0.831,-0.25,2.54,5,72.0,20.56,0.07,-0.0434,0.063,0.005,0.0,1.547,-2.107,-85.26,11.82,38.76,1,0.65,-32.96,60.1,0.0,0,5,0.0574,0.0703,0.0666,0.0629
43.821,1,0.743,-0.25,-0.06,4,73.2,20.51,0.07,-0.0419,0.06,0.004,-0.026,1.547,-2.11,-85.26,11.82,38.76,1,0.656,-32.96,55.78,0.0,0,5,0.05,0.0593,0.0685,0.063
43.854,1,0.749,-0.25,-0.04,4,73.2,20.24,0.07,0.0034,0.062,0.002,-0.005,1.547,-2.112,-85.26,11.82,38.76,1,0.656,-32.96,55.78,0.0,0,5,0.0555,0.0592,0.0685,0.0629
43.926,1,0.708,-0.75,3.18,4,73.3,20.25,0.07,0.003,0.065,-0.002,-0.016,1.548,-2.117,-85.43,11.82,42.25,1,0.656,-32.96,55.78,0.0,0,5,0.0758,0.0573,0.0684,0.0573
44.024,1,0.619,-1.0,3.76,4,73.8,20.3,0.07,-0.0479,0.07,0.001,-0.022,1.548,-2.124,-85.49,11.82,42.25,1,0.74,-23.75,52.19,0.0,0,5,0.0727,0.0672,0.0763,0.0654
44.053,1,0.541,-1.0,-0.25,3,72.8,20.04,0.07,-0.0552,0.071,0.001,-0.049,1.549,-2.125,-85.54,11.82,42.25,1,0.734,-21.33,52.77,0.0,0,5,0.0726,0.0708,0.0744,0.0671
44.094,1,0.53,-1.25,3.38,3,72.9,20.57,0.07,0.0143,0.069,-0.0,-0.071,1.549,-2.128,-85.71,11.82,42.25,1,0.742,-20.36,49.39,0.0,0,5,0.0764,0.0691,0.0691,0.0618
44.127,1,0.506,-1.5,6.68,3,71.9,20.57,0.07,-0.0465,0.068,0.001,-0.03,1.549,-2.131,-85.83,11.81,45.0,1,0.759,-18.42,48.81,0.0,0,5,0.0757,0.0667,0.0721,0.0595
44.154,1,0.475,-1.5,9.43,3,70.9,20.04,0.07,-0.1012,0.069,0.003,0.009,1.549,-2.132,-85.83,11.81,45.0,1,0.759,-18.42,48.81,0.0,0,5,0.0719,0.0683,0.0755,0.0611
44.224,1,0.421,-1.5,9.63,3,68.5,20.04,0.07,-0.1501,0.069,0.003,-0.034,1.55,-2.138,-85.89,11.81,45.0,1,0.772,-14.54,49.34,0.0,0,5,0.0664,0.0646,0.0793,0.0646
44.325,1,0.338,-3.49,27.94,3,64.5,29.53,0.07,-0.1543,0.071,-0.006,-0.133,1.55,-2.145,-86.52,11.81,45.0,1,0.767,-8.72,48.48,0.0,0,5,0.098,0.0425,0.0869,0.0555
44.354,1,0.427,-4.49,43.09,4,63.2,28.87,0.07,-0.2768,0.071,-0.006,-0.137,1.55,-2.146,-86.69,11.81,45.0,1,0.767,-8.72,48.48,0.0,0,5,0.1017,0.0425,0.0887,0.0518
44.424,1,0.41,-4.74,46.99,4,59.5,28.4,0.07,-0.4242,0.069,-0.005,-0.146,1.55,-2.152,-87.32,11.81,45.0,1,0.767,-8.72,48.48,0.0,0,5,0.1016,0.0425,0.0868,0.0462
44.458,1,0.363,-3.99,47.11,3,56.7,30.0,0.07,-0.4242,0.072,-0.002,-0.267,1.55,-2.155,-87.89,11.81,45.0,1,0.778,-4.85,47.64,0.0,0,5,0.1072,0.037,0.1017,0.0407
44.524,1,0.326,-4.49,52.14,3,52.4,33.75,0.07,-0.4242,0.069,-0.003,-0.358,1.55,-2.159,-89.09,11.81,45.0,1,0.797,-4.36,46.95,0.0,0,5,0.1295,0.0074,0.1258,0.0148
44.554,1,0.313,-3.24,51.72,3,50.4,33.44,0.07,-0.4242,0.068,-0.002,-0.361,1.55,-2.16,-89.55,11.81,45.0,1,0.806,-4.85,44.75,0.0,0,5,0.1331,0.0,0.1313,0.0074
44.654,1,0.289,2.5,47.6,3,47.5,30.95,0.07,-0.4242,0.07,0.004,-0.342,1.55,-2.167,-91.67,11.81,45.0,1,0.815,-3.88,38.92,0.0,0,5,0.1369,0.0148,0.1332,-0.0055
44.722,1,0.297,4.49,45.57,3,45.8,30.95,0.07,-0.4242,0.07,0.002,-0.382,1.55,-2.173,-93.39,11.82,45.0,1,0.815,-3.88,38.92,0.0,0,5,0.1331,0.0037,0.1405,0.0018
44.752,1,0.295,5.49,44.91,3,45.3,29.95,0.07,-0.4242,0.069,0.001,-0.394,1.55,-2.174,-93.85,11.82,45.0,1,0.846,-4.85,32.99,0.0,0,5,0.1349,0.0,0.1405,0.0018
44.825,1,0.306,6.24,43.99,3,46.6,29.45,0.07,-0.4242,0.069,-0.002,-0.4,1.549,-2.18,-95.68,11.82,45.0,1,0.87,-5.82,29.16,0.0,0,5,0.1424,0.0,0.1332,0.0
44.858,1,0.309,6.99,43.03,3,47.1,28.95,0.07,-0.4242,0.069,-0.003,-0.381,1.549,-2.183,-96.54,11.82,45.0,1,0.88,-5.33,24.61,0.0,0,5,0.1424,0.0,0.1313,0.0
44.922,1,0.307,7.74,41.35,3,46.7,28.45,0.07,-0.4242,0.07,-0.0,-0.4,1.548,-2.187,-97.92,11.82,45.0,1,0.883,-5.82,21.7,0.0,0,5,0.1405,0.0,0.1386,0.0
44.952,1,0.337,7.99,40.0,4,46.3,27.59,0.07,-0.4242,0.071,-0.0,-0.4,1.548,-2.188,-98.38,11.82,45.0,1,0.89,-7.76,17.34,0.0,0,5,0.1424,0.0,0.1406,0.0
45.024,1,0.331,8.24,39.3,4,45.2,27.62,0.07,-0.4242,0.071,-0.004,-0.413,1.547,-2.194,-100.21,11.82,45.0,1,0.897,-10.18,11.29,0.0,0,5,0.1497,0.0,0.1349,0.0
45.053,1,0.373,8.49,38.57,4,44.6,26.51,0.07,-0.4242,0.07,-0.003,-0.39,1.547,-2.195,-100.67,11.82,45.0,1,0.907,-11.15,9.03,0.0,0,5,0.146,0.0,0.1349,0.0
45.126,1,0.421,7.74,35.93,4,50.3,26.67,0.07,-0.4242,0.069,-0.0,-0.355,1.545,-2.201,-102.44,11.85,45.0,1,0.914,-15.03,-1.62,5.731,1,5,0.1387,0.0,0.1369,0.0
45.158,1,0.429,8.73,34.24,4,50.5,26.15,0.07,-0.4242,0.071,0.0,-0.435,1.545,-2.203,-103.36,11.85,45.0,1,0.914,-15.03,-1.62,5.731,1,5,0.1405,0.0018,0.1405,0.0
45.187,1,0.446,8.49,36.2,4,50.4,25.63,0.07,-0.4242,0.072,0.0,-0.412,1.545,-2.205,-103.88,11.85,45.0,1,0.924,-15.03,-4.81,5.823,1,5,0.1424,0.0018,0.1424,0.0
45.256,1,0.421,8.24,35.38,4,53.5,24.67,0.07,-0.4242,0.07,0.0,-0.387,1.543,-2.209,-105.25,11.85,45.0,1,0.92,-17.45,-11.88,3.398,1,5,0.1406,0.0019,0.1388,0.0
45.324,1,0.326,7.49,33.75,3,52.7,24.96,0.07,-0.4242,0.071,0.002,-0.383,1.542,-2.214,-107.09,11.85,45.0,1,0.924,-18.9,-14.88,2.137,1,5,0.1407,-0.0019,0.1407,0.0
45.356,1,0.494,7.74,34.12,5,53.0,24.46,0.07,-0.4242,0.071,0.001,-0.411,1.541,-2.217,-108.0,11.85,45.0,1,0.929,-21.33,-20.79,0.0,0,5,0.1387,0.0018,0.1424,0.0
45.392,1,0.569,6.99,33.95,5,54.0,24.52,0.07,-0.4242,0.07,0.002,-0.39,1.541,-2.218,-108.46,11.85,45.0,1,0.938,-22.3,-23.85,0.0,0,5,0.1368,0.0037,0.1405,0.0
45.421,1,0.596,5.74,33.55,5,56.4,24.52,0.07,-0.4242,0.069,-0.001,-0.387,1.54,-2.221,-109.32,11.85,45.0,1,0.943,-23.75,-26.23,0.0,0,5,0.1394,0.0018,0.1339,0.0
45.457,1,0.616,4.24,33.5,5,58.3,23.94,0.07,-0.4242,0.068,-0.001,-0.35,1.539,-2.222,-109.78,11.85,45.0,1,0.946,-25.2,-28.56,0.0,0,5,0.1394,0.0,0.1339,0.0
45.522,1,0.654,4.74,31.81,5,58.8,23.94,0.07,-0.4242,0.068,0.0,-0.388,1.537,-2.227,-111.55,11.85,45.0,1,0.945,-26.66,-31.9,0.0,0,5,0.1358,-0.0018,0.1376,0.0
45.556,1,0.712,4.49,31.77,5,57.6,23.89,0.07,-0.4242,0.069,-0.001,-0.398,1.536,-2.23,-112.47,11.85,45.0,1,0.943,-30.05,-36.19,0.0,0,5,0.1413,-0.0018,0.1376,0.0
45.622,1,0.701,4.74,29.53,5,54.2,22.78,0.07,-0.4242,0.07,-0.002,-0.413,1.535,-2.233,-113.73,11.85,45.0,1,0.938,-32.96,-40.48,0.0,0,5,0.1438,0.0,0.1348,0.0
45.659,1,0.708,5.24,28.05,5,54.6,22.78,0.07,-0.4242,0.068,-0.001,-0.385,1.534,-2.236,-114.59,11.85,45.0,1,0.928,-36.84,-44.38,0.0,0,5,0.1383,0.0,0.1347,0.0
45.726,1,0.73,2.25,27.5,5,57.5,22.22,0.0865,-0.5242,0.07,0.001,-0.414,1.532,-2.24,-115.97,11.84,43.5,1,0.924,-39.74,-48.18,0.0,0,5,0.1364,0.0,0.1419,0.0
45.758,1,0.784,0.75,27.16,5,60.8,22.68,0.0891,-0.4904,0.075,0.001,-0.48,1.53,-2.243,-117.06,11.84,43.5,1,0.924,-39.74,-48.18,0.0,0,5,0.1401,0.0,0.1475,0.0
45.822,1,0.817,-1.5,25.58,5,64.5,22.04,0.0907,-0.4724,0.083,-0.0,-0.453,1.528,-2.247,-118.66,11.84,43.5,1,0.894,-43.14,-51.59,0.0,0,5,0.1649,0.0019,0.1649,0.0019
45.852,1,0.822,-2.99,24.93,5,63.5,22.15,0.0975,-0.4197,0.085,-0.0,-0.499,1.527,-2.249,-119.23,11.84,43.5,1,0.884,-42.65,-51.19,0.0,0,5,0.1687,0.0019,0.1668,0.0019
45.887,1,0.831,-4.49,23.82,5,64.4,21.96,0.1014,-0.3953,0.085,0.001,-0.461,1.526,-2.252,-120.32,11.84,43.5,1,0.884,-42.65,-51.19,0.0,0,5,0.1648,0.0037,0.1685,0.0037
45.923,1,0.84,-5.24,22.78,5,65.0,21.67,0.1066,-0.3598,0.086,0.001,-0.493,1.524,-2.255,-121.47,11.84,31.5,1,0.884,-42.65,-51.19,0.0,0,5,0.163,0.0019,0.1741,0.0037
45.952,1,0.834,-6.74,22.38,5,65.3,21.62,0.1116,-0.3477,0.089,0.0,-0.469,1.523,-2.256,-121.98,11.84,31.5,1,0.892,-37.81,-44.78,0.0,0,5,0.1647,0.0074,0.1721,0.013
46.022,1,0.815,-8.73,20.55,5,66.3,21.1,0.1135,-0.3361,0.098,-0.009,-0.359,1.518,-2.263,-123.59,11.84,31.5,1,0.933,-33.44,-42.39,0.0,0,5,0.1649,0.0259,0.1519,0.0482
46.056,1,0.825,-9.23,19.92,5,65.9,21.11,0.1205,-0.3026,0.105,-0.004,-0.27,1.515,-2.267,-124.33,11.84,31.5,1,0.946,-30.54,-37.16,0.0,0,5,0.1667,0.0296,0.1537,0.05
46.119,1,0.828,-7.99,18.32,5,65.4,21.02,0.1252,-0.3048,0.117,0.011,-0.307,1.512,-2.273,-125.36,11.83,21.0,1,0.946,-24.23,-32.19,0.0,0,5,0.1623,0.0646,0.1734,0.0516
46.156,1,0.826,-7.74,18.02,5,64.8,20.81,0.1328,-0.3101,0.12,0.014,-0.289,1.511,-2.275,-125.71,11.83,21.0,1,0.946,-24.23,-32.19,0.0,0,5,0.1564,0.0828,0.184,0.0552
46.256,1,0.818,-7.24,16.09,5,63.4,20.46,0.1342,-0.311,0.133,0.006,-0.306,1.502,-2.288,-127.71,11.83,21.0,1,0.88,-12.12,-11.43,-2.804,1,5,0.1789,0.0848,0.1918,0.0756
46.356,1,0.808,-7.24,14.44,5,62.4,20.57,0.1434,-0.2955,0.142,0.008,-0.199,1.494,-2.3,-129.32,11.83,7.5,1,0.88,-12.12,-11.43,-2.804,1,5,0.1867,0.1054,0.196,0.0814
46.39,1,0.805,-6.99,13.59,5,61.8,20.81,0.1513,-0.2731,0.145,0.006,-0.259,1.492,-2.302,-129.55,11.83,7.5,1,0.817,0.48,8.46,-0.286,1,5,0.1866,0.1053,0.1959,0.0924
46.423,1,0.796,-6.74,13.12,5,61.0,20.46,0.1553,-0.2633,0.153,0.001,-0.266,1.488,-2.307,-130.23,11.83,7.5,1,0.817,0.48,8.46,-0.286,1,5,0.1941,0.1109,0.1978,0.1091
46.556,1,0.781,-7.74,11.36,5,61.4,20.46,0.0828,-0.1688,0.16,-0.002,-0.184,1.473,-2.324,-132.24,11.83,-0.0,1,0.815,10.66,29.28,0.0,0,5,0.2126,0.1109,0.2015,0.1146
46.59,1,0.781,-7.74,10.81,5,61.6,20.2,0.07,-0.1262,0.156,0.001,-0.207,1.471,-2.326,-132.47,11.83,-0.0,1,0.892,15.51,35.54,0.0,0,5,0.1979,0.1147,0.1997,0.111
46.619,1,0.802,-7.99,10.38,5,62.6,20.2,0.07,-0.1171,0.147,0.006,-0.199,1.467,-2.331,-132.93,11.83,-0.0,1,0.904,14.54,34.78,0.0,0,5,0.1757,0.1221,0.185,0.1073
46.658,1,0.808,-7.74,10.05,5,63.0,20.2,0.07,-0.1075,0.146,0.007,-0.265,1.465,-2.333,-133.21,11.83,-0.0,1,0.904,14.54,34.78,0.0,0,5,0.1683,0.1257,0.1793,0.1091
46.688,1,0.8,-7.49,9.3,5,62.6,20.04,0.07,-0.1052,0.142,0.006,-0.079,1.462,-2.337,-133.56,11.83,-0.0,1,0.903,13.57,31.64,0.0,0,5,0.1634,0.1267,0.1689,0.1102
46.718,1,0.793,-7.24,9.07,5,61.1,20.46,0.07,-0.0954,0.134,0.004,-0.152,1.458,-2.341,-133.79,11.8,1.59,1,0.904,13.57,29.96,0.0,0,5,0.1544,0.114,0.1618,0.1066
46.792,1,0.748,-7.49,8.61,5,57.3,20.0,0.07,-0.0938,0.117,-0.003,-0.106,1.453,-2.345,-134.19,11.8,1.59,1,0.878,13.09,29.24,0.0,0,5,0.1351,0.087,0.1406,0.1036
46.825,1,0.726,-7.74,8.7,5,55.5,20.46,0.07,-0.0826,0.112,-0.006,-0.097,1.45,-2.348,-134.42,11.8,1.59,1,0.878,13.09,29.24,0.0,0,5,0.1332,0.0796,0.1314,0.1036
46.857,1,0.71,-7.99,8.49,5,53.9,20.04,0.07,-0.0811,0.111,-0.006,-0.021,1.447,-2.351,-134.59,11.8,1.59,1,0.878,13.09,29.24,0.0,0,5,0.1368,0.0869,0.122,0.098
46.886,1,0.7,-7.49,7.93,5,52.9,20.2,0.07,-0.0749,0.11,-0.005,-0.068,1.445,-2.353,-134.65,11.8,1.59,1,0.853,7.27,19.4,0.0,0,5,0.1328,0.0959,0.1143,0.0959
46.924,1,0.725,-6.99,7.93,5,54.7,20.44,0.07,-0.0717,0.105,-0.003,-0.039,1.444,-2.354,-134.7,11.8,5.91,1,0.853,7.27,19.4,0.0,0,5,0.1234,0.0995,0.105,0.0939
46.957,1,0.72,-6.74,7.73,5,54.1,20.46,0.07,-0.0777,0.101,0.001,0.021,1.441,-2.357,-134.7,11.8,5.91,1,0.874,4.85,14.92,4.35,1,5,0.116,0.1049,0.1013,0.0957
46.986,1,0.719,-6.24,7.84,5,54.0,20.2,0.07,-0.0763,0.095,0.002,-0.035,1.439,-2.36,-134.7,11.8,5.91,1,0.874,4.85,14.92,4.35,1,5,0.0867,0.0941,0.1015,0.0996
47.025,1,0.723,-5.74,7.81,5,54.4,20.0,0.07,-0.0834,0.091,0.002,0.009,1.437,-2.361,-134.7,11.8,5.91,1,0.874,4.85,14.92,4.35,1,5,0.0849,0.0868,0.0997,0.0942
47.085,1,0.734,-5.74,7.96,5,55.2,20.2,0.07,-0.0872,0.08,-0.005,-0.05,1.434,-2.364,-134.82,11.8,5.91,1,0.906,1.94,2.13,-0.808,1,5,0.0886,0.0646,0.0849,0.0812
47.121,1,0.743,-5.74,7.96,5,55.8,20.04,0.07,-0.0894,0.077,-0.005,-0.035,1.433,-2.365,-134.87,11.81,9.15,1,0.906,1.94,2.13,-0.808,1,5,0.0904,0.0627,0.083,0.0738
47.154,1,0.744,-5.74,7.7,5,55.9,20.0,0.07,-0.0886,0.074,-0.004,-0.058,1.43,-2.367,-134.99,11.81,9.15,1,0.907,-1.45,-5.53,-3.126,1,5,0.0904,0.062,0.078,0.0673
47.184,1,0.749,-5.49,7.37,5,56.3,19.97,0.07,-0.0835,0.069,0.0,-0.033,1.429,-2.369,-135.1,11.81,9.15,1,0.914,-1.45,-5.6,-1.47,1,5,0.0813,0.0654,0.0743,0.0566
47.257,1,0.772,-4.99,7.22,5,58.2,20.2,0.07,-0.0801,0.061,0.005,0.007,1.426,-2.373,-135.1,11.81,9.15,1,0.916,-1.45,-5.56,-3.117,1,5,0.0628,0.0665,0.0646,0.0499
47.319,1,0.777,-4.49,7.22,5,59.0,20.2,0.07,-0.0828,0.057,0.002,-0.001,1.423,-2.375,-135.1,11.81,7.98,1,0.912,-0.48,-6.11,-3.217,1,5,0.0554,0.0647,0.0591,0.0517
47.353,1,0.785,-4.49,7.34,5,59.4,20.0,0.07,-0.088,0.057,0.0,-0.055,1.422,-2.376,-135.16,11.81,7.98,1,0.912,-0.48,-6.11,-3.217,1,5,0.0537,0.0555,0.0592,0.0592
47.386,1,0.78,-4.74,7.16,5,59.4,20.0,0.07,-0.0893,0.056,-0.004,-0.06,1.421,-2.377,-135.33,11.81,7.98,1,0.908,-0.48,-6.08,-3.182,1,5,0.0573,0.0444,0.061,0.0628
47.423,1,0.773,-4.99,6.95,5,59.1,19.97,0.07,-0.0827,0.055,-0.004,-0.072,1.42,-2.378,-135.39,11.81,7.98,1,0.908,-0.48,-6.08,-3.182,1,5,0.0573,0.0388,0.0629,0.0592
47.456,1,0.773,-5.24,6.9,5,59.0,20.2,0.07,-0.0758,0.054,-0.004,-0.088,1.417,-2.38,-135.68,11.81,7.98,1,0.903,-1.94,-7.2,-3.564,1,5,0.0666,0.037,0.0611,0.0518
47.488,1,0.772,-5.74,6.77,5,58.8,20.46,0.07,-0.0721,0.054,-0.005,-0.095,1.416,-2.381,-135.79,11.81,7.98,1,0.908,-2.42,-8.12,-2.785,1,5,0.0722,0.0333,0.0648,0.0444
47.522,1,0.775,-6.24,6.79,5,58.9,20.0,0.07,-0.0637,0.055,-0.009,-0.055,1.415,-2.382,-135.96,11.81,4.96,1,0.908,-2.42,-8.12,-2.785,1,5,0.0815,0.0296,0.0629,0.0463
47.556,1,0.775,-6.49,6.46,5,59.0,20.0,0.07,-0.0593,0.054,-0.009,-0.081,1.414,-2.383,-136.02,11.81,4.96,1,0.908,-2.42,-8.12,-2.785,1,5,0.0814,0.0296,0.061,0.0444
47.589,1,0.779,-6.99,6.22,5,59.4,19.97,0.07,-0.0516,0.051,-0.009,-0.11,1.412,-2.384,-136.31,11.81,4.96,1,0.903,-0.48,-4.1,-0.584,1,5,0.0795,0.0277,0.0573,0.0407
47.62,1,0.781,-7.49,6.22,5,59.5,19.97,0.07,-0.0417,0.05,-0.007,-0.095,1.41,-2.385,-136.54,11.81,4.96,1,0.88,0.0,-3.69,-3.143,1,5,0.0758,0.0296,0.0573,0.0388
47.655,1,0.786,-7.74,5.76,5,59.9,20.0,0.07,-0.0369,0.049,-0.005,-0.085,1.41,-2.386,-136.65,11.81,4.96,1,0.88,0.0,-3.69,-3.143,1,5,0.0721,0.0296,0.0592,0.037
47.723,1,0.782,-8.49,5.42,5,59.5,19.97,0.07,-0.0282,0.049,-0.004,-0.042,1.407,-2.388,-136.88,11.78,1.74,1,0.861,2.42,1.58,0.303,1,5,0.0666,0.0314,0.0573,0.0407
47.752,1,0.777,-8.73,5.12,5,59.1,20.04,0.07,-0.014,0.048,-0.005,-0.026,1.406,-2.389,-136.94,11.78,1.74,1,0.874,3.88,8.76,-0.157,1,5,0.0628,0.0333,0.0536,0.0425
47.784,1,0.776,-8.98,5.06,5,59.2,19.97,0.07,-0.0072,0.051,-0.004,-0.07,1.404,-2.39,-136.99,11.78,1.74,1,0.888,3.39,8.75,1.04,1,5,0.0618,0.0382,0.0564,0.0473
47.856,1,0.771,-9.48,4.8,5,58.6,19.97,0.07,-0.0051,0.053,-0.003,-0.043,1.402,-2.392,-137.22,11.78,1.74,1,0.888,3.39,8.75,1.04,1,5,0.0614,0.0397,0.0614,0.0506
47.887,1,0.774,-9.23,4.59,5,58.7,20.0,0.07,0.0045,0.055,-0.001,-0.019,1.4,-2.394,-137.28,11.78,1.74,1,0.888,2.42,7.57,1.056,1,5,0.0606,0.0459,0.0624,0.0514
47.921,1,0.773,-8.98,4.51,5,58.6,19.97,0.07,0.0045,0.059,0.0,-0.016,1.399,-2.395,-137.28,11.78,1.74,1,0.886,2.42,6.49,0.545,1,5,0.0619,0.0528,0.0656,0.0547
47.952,1,0.768,-8.98,4.51,5,58.3,19.97,0.07,0.0024,0.06,0.001,-0.02,1.397,-2.396,-137.4,11.78,1.74,1,0.882,2.42,6.23,-0.285,1,5,0.0624,0.0588,0.0643,0.0551
47.99,1,0.764,-8.98,4.5,5,58.2,20.0,0.07,0.0023,0.062,0.001,-0.039,1.395,-2.398,-137.45,11.78,1.74,1,0.882,2.42,6.49,0.549,1,5,0.0661,0.0587,0.0679,0.0569
48.058,1,0.761,-9.23,4.45,5,58.0,20.04,0.07,0.0023,0.062,-0.002,-0.029,1.392,-2.401,-137.62,11.78,1.74,1,0.886,1.94,5.81,2.261,1,5,0.0703,0.0536,0.0666,0.0573
48.123,1,0.768,-9.23,4.18,5,58.8,20.0,0.07,0.0061,0.059,-0.001,-0.013,1.389,-2.404,-137.68,11.8,2.9,1,0.884,1.94,4.47,0.909,1,5,0.0659,0.0549,0.0622,0.0549
48.155,1,0.766,-9.23,4.19,5,58.8,20.0,0.07,0.0105,0.058,-0.001,-0.025,1.388,-2.404,-137.68,11.8,2.9,1,0.887,1.94,4.94,0.149,1,5,0.0622,0.0531,0.0604,0.0567
48.185,1,0.766,-9.23,4.19,5,58.8,20.0,0.07,0.0103,0.056,-0.001,0.004,1.386,-2.406,-137.74,11.8,2.9,1,0.887,1.94,4.94,0.149,1,5,0.0604,0.0512,0.0585,0.0549
48.221,1,0.765,-9.23,4.19,5,58.6,20.0,0.07,0.0102,0.055,-0.002,-0.004,1.385,-2.407,-137.68,11.8,2.9,1,0.887,1.94,4.94,0.149,1,5,0.0591,0.048,0.0591,0.0554
48.256,1,0.767,-8.98,3.97,5,58.7,19.97,0.07,0.0102,0.057,-0.004,-0.018,1.383,-2.409,-137.68,11.8,2.9,1,0.887,1.94,4.49,0.95,1,5,0.0628,0.048,0.0591,0.0554
48.323,1,0.773,-8.98,3.97,5,58.9,19.97,0.07,0.011,0.06,-0.004,-0.031,1.381,-2.41,-137.8,11.8,3.64,1,0.892,1.94,4.49,0.94,1,5,0.0665,0.0499,0.0628,0.061
48.354,1,0.774,-8.98,3.7,5,58.8,20.0,0.07,0.0112,0.065,-0.002,-0.038,1.379,-2.412,-137.85,11.8,3.64,1,0.89,1.45,5.31,0.601,1,5,0.0685,0.0555,0.0703,0.0648
48.42,1,0.772,-8.73,3.5,5,58.5,20.0,0.07,0.0162,0.069,0.0,-0.011,1.375,-2.416,-137.91,11.8,3.64,1,0.892,1.45,4.67,-0.681,1,5,0.0685,0.0666,0.0722,0.0703
48.454,1,0.778,-8.49,3.56,5,58.8,20.0,0.07,0.0166,0.07,0.0,-0.003,1.374,-2.417,-137.97,11.8,3.64,1,0.887,1.94,3.85,-0.352,1,5,0.0703,0.0703,0.0703,0.0685
48.488,1,0.783,-8.49,3.56,5,59.2,20.44,0.07,0.013,0.069,-0.001,-0.046,1.372,-2.419,-137.97,11.8,3.64,1,0.888,1.94,3.56,-1.188,1,5,0.0703,0.0703,0.0666,0.0703
48.522,1,0.793,-8.49,3.56,5,60.3,20.0,0.07,0.0132,0.068,-0.001,-0.03,1.369,-2.42,-138.08,11.8,4.06,1,0.886,1.94,3.57,-1.189,1,5,0.0722,0.0703,0.0648,0.0666
48.55,1,0.796,-8.49,3.56,5,60.6,20.0,0.07,0.0135,0.068,-0.002,-0.0,1.368,-2.421,-138.08,11.8,4.06,1,0.884,0.97,3.29,0.894,1,5,0.0722,0.0685,0.0648,0.0685
48.583,1,0.798,-8.49,3.56,5,60.9,20.0,0.07,0.0136,0.068,-0.002,0.047,1.366,-2.423,-138.03,11.8,4.06,1,0.884,0.97,3.29,0.894,1,5,0.0703,0.0647,0.0684,0.0703
48.688,1,0.787,-7.99,3.68,5,59.6,20.0,0.07,0.014,0.063,-0.003,-0.017,1.361,-2.427,-137.91,11.8,4.06,1,0.877,1.94,2.21,3.314,1,5,0.0666,0.0611,0.0592,0.0666
48.721,1,0.788,-7.99,3.68,5,59.6,20.0,0.07,0.0058,0.065,-0.001,-0.032,1.359,-2.429,-137.97,11.83,4.36,1,0.874,1.94,3.84,-0.324,1,5,0.0666,0.0629,0.0648,0.0666
48.789,1,0.781,-7.49,3.13,5,59.0,20.2,0.07,0.0069,0.067,0.0,0.002,1.356,-2.432,-138.03,11.83,4.36,1,0.875,1.94,2.02,0.713,1,5,0.0666,0.0666,0.0685,0.0666
48.823,1,0.781,-7.49,3.13,5,58.9,20.04,0.07,0.0103,0.069,0.0,0.002,1.354,-2.434,-138.03,11.83,4.36,1,0.879,1.94,2.63,-3.241,1,5,0.0684,0.0684,0.0703,0.0684
48.883,1,0.787,-7.49,3.4,5,59.4,20.0,0.07,0.0116,0.071,0.0,-0.019,1.351,-2.436,-138.08,11.83,4.36,1,0.864,1.45,2.9,0.526,1,5,0.0703,0.074,0.0685,0.0703
48.921,1,0.794,-7.49,3.13,5,59.9,20.04,0.07,0.0072,0.069,-0.001,-0.037,1.349,-2.438,-138.14,11.83,5.11,1,0.864,1.45,2.9,0.526,1,5,0.0722,0.0722,0.0629,0.0685
48.954,1,0.791,-7.49,3.13,5,59.6,20.04,0.07,0.0123,0.068,-0.002,-0.003,1.348,-2.439,-138.14,11.83,5.11,1,0.886,-2.91,-7.48,-1.506,1,5,0.074,0.0703,0.0611,0.0666
48.986,1,0.787,-7.24,3.07,5,59.5,20.44,0.07,0.0125,0.067,-0.001,0.048,1.346,-2.441,-138.08,11.83,5.11,1,0.907,-2.91,-8.41,-3.601,1,5,0.0685,0.0685,0.0629,0.0685
49.086,1,0.792,-7.24,3.59,5,59.9,20.46,0.07,0.0112,0.065,-0.003,-0.007,1.341,-2.445,-137.97,11.83,5.11,1,0.906,-0.97,-5.1,-1.441,1,5,0.0666,0.061,0.0629,0.0703
49.15,1,0.798,-6.74,3.05,5,60.3,20.2,0.07,0.0022,0.068,-0.003,-0.031,1.338,-2.448,-138.03,11.83,2.8,1,0.899,-0.97,-3.57,-1.827,1,5,0.0684,0.0573,0.0721,0.0721
49.187,1,0.8,-6.74,3.71,5,60.5,20.46,0.07,0.0059,0.07,0.0,-0.014,1.336,-2.45,-138.03,11.83,2.8,1,0.899,-0.97,-3.57,-1.827,1,5,0.0685,0.0648,0.0759,0.0722
49.253,1,0.8,-6.24,3.05,5,60.6,20.44,0.07,-0.005,0.073,0.001,0.002,1.332,-2.453,-138.03,11.83,2.8,1,0.882,4.85,5.81,3.372,1,5,0.0721,0.0758,0.0739,0.0721
49.283,1,0.8,-6.24,3.17,5,60.7,20.46,0.07,0.0006,0.074,0.0,-0.017,1.33,-2.455,-138.03,11.83,2.8,1,0.889,4.36,5.43,-0.0,1,5,0.0739,0.0758,0.0721,0.0739
49.353,1,0.801,-5.99,3.23,5,60.9,19.97,0.07,-0.0001,0.071,-0.003,0.002,1.327,-2.457,-138.08,11.83,1.8,1,0.888,4.85,4.91,1.211,1,5,0.0758,0.0721,0.0647,0.0721
49.383,1,0.8,-5.74,3.29,5,60.8,20.44,0.07,-0.0038,0.071,-0.003,0.029,1.325,-2.459,-138.08,11.83,1.8,1,0.89,4.85,4.91,1.211,1,5,0.0758,0.0703,0.0666,0.0721
49.453,1,0.809,-5.74,3.17,5,61.5,20.44,0.07,-0.0071,0.072,0.0,0.017,1.322,-2.462,-138.03,11.83,1.8,1,0.884,4.85,4.61,0.293,1,5,0.0715,0.0697,0.0734,0.0715
49.55,1,0.823,-4.99,3.2,5,62.9,20.56,0.07,-0.0041,0.069,-0.002,-0.011,1.316,-2.467,-138.03,11.83,3.14,1,0.9,5.82,6.1,1.188,1,5,0.0681,0.0662,0.0681,0.0736
49.582,1,0.822,-4.74,2.87,5,63.1,20.46,0.07,-0.0138,0.071,0.0,0.016,1.314,-2.469,-137.97,11.83,3.14,1,0.9,5.82,6.1,1.188,1,5,0.0681,0.0699,0.0718,0.0736
49.686,1,0.819,-4.24,3.26,5,63.0,20.46,0.1124,-0.0101,0.073,0.001,-0.005,1.31,-2.473,-137.97,11.83,3.14,1,0.88,4.85,4.64,0.431,1,5,0.0701,0.0775,0.072,0.0738
49.753,1,0.806,-3.74,3.0,5,61.7,20.46,0.1333,-0.0321,0.08,0.003,0.005,1.306,-2.476,-137.97,11.84,4.41,1,0.883,5.33,4.08,1.588,1,5,0.0759,0.0833,0.0833,0.0777
49.789,1,0.802,-3.74,3.0,5,61.3,20.46,0.1472,-0.0373,0.091,0.005,0.015,1.303,-2.479,-137.91,11.84,4.41,1,0.879,5.82,3.32,0.264,1,5,0.085,0.0924,0.098,0.0869
49.853,1,0.813,-3.24,3.23,5,62.6,20.44,0.1682,-0.0441,0.113,0.0,-0.038,1.298,-2.484,-137.97,11.84,4.41,1,0.887,2.91,-2.67,-1.56,1,5,0.1145,0.1108,0.1164,0.1108
49.883,1,0.813,-3.24,3.12,5,62.5,20.46,0.1566,-0.0514,0.13,0.0,-0.024,1.294,-2.488,-138.08,11.84,4.41,1,0.892,2.91,-2.23,-4.075,1,5,0.1332,0.1258,0.135,0.1276
49.954,1,0.814,-2.99,2.9,5,62.6,20.56,0.1181,-0.0308,0.153,0.001,-0.05,1.286,-2.494,-138.25,11.84,5.35,1,0.892,2.91,-2.23,-4.075,1,5,0.1572,0.1479,0.1609,0.1461
49.985,1,0.814,-3.24,3.0,5,62.2,20.46,0.1319,-0.0349,0.158,0.0,0.011,1.282,-2.498,-138.31,11.84,5.35,1,0.879,2.91,-3.17,-0.7,1,5,0.1646,0.1516,0.1646,0.1516
50.051,1,0.811,-3.24,2.57,5,61.9,20.44,0.1153,-0.0263,0.157,0.0,-0.065,1.275,-2.505,-138.54,11.84,5.35,1,0.888,2.91,-4.66,-4.188,1,5,0.1626,0.1441,0.1699,0.1515
50.085,1,0.798,-3.24,2.57,5,61.7,20.2,0.1153,-0.0183,0.155,0.001,-0.044,1.27,-2.509,-138.71,11.84,5.35,1,0.888,2.91,-4.66,-4.188,1,5,0.1587,0.144,0.1679,0.1476
50.185,1,0.786,-2.99,2.23,5,60.5,20.56,0.094,-0.0157,0.138,0.0,0.009,1.26,-2.518,-138.77,11.83,3.31,1,0.881,1.94,-5.24,-2.935,1,5,0.1461,0.1368,0.1405,0.1294
50.252,1,0.799,-2.5,2.23,5,61.0,20.56,0.094,-0.0126,0.128,0.002,-0.074,1.254,-2.523,-138.88,11.83,3.31,1,0.835,4.36,-4.13,-3.843,1,5,0.1312,0.1201,0.1404,0.1219
50.286,1,0.787,-2.25,2.14,5,61.1,20.46,0.094,-0.0183,0.121,0.001,-0.016,1.251,-2.526,-139.0,11.83,3.31,1,0.835,4.36,-4.13,-3.843,1,5,0.122,0.1072,0.1368,0.1183
50.385,1,0.797,-2.25,2.15,5,62.1,20.46,0.0937,-0.018,0.11,0.005,-0.017,1.243,-2.534,-139.11,11.83,0.69,1,0.783,9.69,13.32,0.0,0,5,0.1054,0.1147,0.1147,0.1036
50.419,1,0.793,-2.0,1.81,5,62.6,20.56,0.0937,-0.018,0.107,0.0,0.069,1.239,-2.536,-139.06,11.83,0.69,1,0.797,9.69,14.93,0.0,0,5,0.1105,0.1068,0.1068,0.1031
50.453,1,0.806,-1.75,2.27,5,63.0,20.44,0.0937,-0.0148,0.102,-0.001,0.012,1.238,-2.537,-139.0,11.83,0.69,1,0.796,10.66,16.62,0.0,0,5,0.1068,0.1013,0.0994,0.0994
50.487,1,0.818,-1.5,2.2,5,63.8,20.56,0.0937,-0.0253,0.095,-0.003,-0.032,1.235,-2.54,-139.0,11.83,0.69,1,0.802,10.66,19.11,0.0,0,5,0.0993,0.0957,0.0883,0.0975
50.587,1,0.83,-1.0,2.16,5,64.8,20.56,0.0937,-0.0258,0.083,-0.001,-0.011,1.229,-2.545,-139.06,11.83,2.24,1,0.805,11.63,22.1,0.0,0,5,0.0813,0.0813,0.0832,0.0869
50.749,1,0.826,-1.5,2.04,5,64.6,20.56,0.0937,-0.0293,0.086,0.0,-0.02,1.219,-2.554,-139.17,11.84,5.71,1,0.797,5.33,23.93,0.0,0,5,0.0865,0.0828,0.0901,0.0846
50.786,1,0.83,-1.5,1.92,5,65.0,20.56,0.0937,-0.021,0.082,0.0,-0.047,1.216,-2.556,-139.23,11.84,5.71,1,0.784,1.94,23.56,0.0,0,5,0.0879,0.0788,0.0861,0.0769
50.849,1,0.838,-1.75,1.87,5,65.3,20.46,0.0937,-0.0195,0.081,0.0,-0.052,1.212,-2.56,-139.52,11.84,5.71,1,0.784,1.94,23.56,0.0,0,5,0.0902,0.0755,0.0884,0.0718
50.886,1,0.838,-2.0,1.81,5,65.1,20.44,0.0937,-0.0158,0.082,0.002,-0.055,1.21,-2.562,-139.63,11.84,5.71,1,0.784,1.94,23.56,0.0,0,5,0.0888,0.0777,0.0907,0.0722
50.985,1,0.842,-2.0,1.81,5,64.9,20.2,0.0901,-0.0129,0.085,0.0,-0.002,1.203,-2.567,-139.63,11.84,8.63,1,0.774,-2.91,31.49,0.0,0,5,0.085,0.0813,0.0887,0.085
51.084,1,0.847,-2.25,1.57,5,65.4,20.44,0.0901,-0.0133,0.084,-0.001,-0.005,1.197,-2.573,-139.8,11.84,8.63,1,0.809,-6.79,33.76,0.0,0,5,0.0942,0.0794,0.0868,0.0757
51.186,1,0.856,-2.25,1.07,5,66.0,20.44,0.0901,-0.0067,0.08,-0.003,-0.011,1.191,-2.578,-139.97,11.85,12.22,1,0.815,-13.09,41.09,0.0,0,5,0.0866,0.0756,0.0793,0.0793
51.216,1,0.859,-2.25,1.34,5,66.4,20.44,0.0901,0.0018,0.081,0.0,0.008,1.188,-2.58,-139.97,11.85,12.22,1,0.815,-13.09,41.09,0.0,0,5,0.0809,0.0772,0.0846,0.0809
51.287,1,0.856,-2.0,1.11,5,66.2,20.44,0.0901,-0.003,0.086,0.004,-0.011,1.184,-2.584,-140.03,11.85,12.22,1,0.798,-14.54,43.63,0.0,0,5,0.0793,0.083,0.0959,0.0848
51.315,1,0.859,-2.0,1.11,5,66.4,20.44,0.0901,-0.0022,0.087,0.001,0.002,1.181,-2.586,-140.09,11.85,12.22,1,0.798,-14.54,43.63,0.0,0,5,0.083,0.0848,0.094,0.0811
51.383,1,0.877,-2.0,1.11,5,68.2,20.44,0.0901,-0.0018,0.085,-0.0,-0.009,1.178,-2.589,-140.09,11.85,16.27,1,0.829,-19.39,45.93,0.0,0,5,0.0888,0.0833,0.0851,0.0814
51.484,1,0.868,-2.0,1.11,5,67.8,20.44,0.0901,-0.0015,0.08,-0.0,-0.036,1.171,-2.594,-140.09,11.85,16.27,1,0.844,-24.72,46.5,0.0,0,5,0.0833,0.0814,0.0777,0.0777
51.552,1,0.858,-1.5,0.44,5,66.5,20.44,0.0901,-0.0015,0.081,-0.002,0.008,1.168,-2.597,-140.2,11.85,21.06,1,0.842,-27.14,47.74,0.0,0,5,0.0833,0.0796,0.0777,0.0833
51.582,1,0.854,-2.0,1.11,5,66.0,20.56,0.0901,0.0039,0.083,0.002,-0.065,1.165,-2.6,-140.26,11.85,21.06,1,0.823,-29.57,45.65,0.0,0,5,0.0796,0.0851,0.0851,0.0833
51.614,1,0.855,-2.25,0.79,5,65.5,20.46,0.0901,-0.0009,0.086,0.003,0.042,1.164,-2.601,-140.26,11.85,21.06,1,0.866,-32.47,45.94,0.0,0,5,0.0812,0.0867,0.0904,0.0848
51.688,1,0.867,-2.5,0.99,5,66.8,20.56,0.0901,0.0072,0.086,-0.0,0.002,1.158,-2.605,-140.32,11.85,21.06,1,0.862,-38.29,43.99,0.0,0,5,0.0885,0.0812,0.0904,0.0848
51.714,1,0.891,-2.25,0.76,5,69.0,20.46,0.0901,0.0066,0.086,-0.0,0.0,1.157,-2.606,-140.37,11.85,21.06,1,0.862,-38.29,43.99,0.0,0,5,0.0882,0.0826,0.0882,0.0845
51.784,1,0.896,-2.25,0.67,5,69.3,20.46,0.0901,0.007,0.084,0.001,-0.009,1.152,-2.611,-140.32,11.84,25.22,1,0.863,-38.78,44.02,0.0,0,5,0.0881,0.0881,0.0826,0.0789
51.884,1,0.873,-1.75,0.25,5,67.4,20.44,0.0901,0.0086,0.086,0.001,0.008,1.145,-2.616,-140.43,11.84,25.22,1,0.882,-40.23,44.16,0.0,0,5,0.0814,0.0851,0.0887,0.0887
51.983,1,0.894,-1.5,0.29,5,69.2,20.56,0.0901,0.0105,0.09,-0.001,0.03,1.138,-2.622,-140.37,11.84,28.26,1,0.896,-35.38,40.36,0.0,0,5,0.094,0.0885,0.0904,0.0885
52.02,1,0.891,-1.5,1.19,5,69.7,20.96,0.0901,0.007,0.089,-0.002,-0.012,1.135,-2.624,-140.37,11.84,28.26,1,0.915,-28.6,37.48,0.0,0,5,0.0943,0.0869,0.0869,0.0887
52.05,1,0.87,-1.5,1.82,5,69.1,20.57,0.0901,-0.0082,0.089,-0.0,0.017,1.134,-2.625,-140.37,11.84,28.26,1,0.915,-28.6,37.48,0.0,0,5,0.0924,0.0887,0.0887,0.0869
52.083,1,0.856,-1.5,2.4,5,69.5,20.57,0.0901,-0.0191,0.087,0.001,0.031,1.132,-2.628,-140.32,11.84,28.26,1,0.915,-28.6,37.48,0.0,0,5,0.0869,0.0888,0.0869,0.0851
52.182,1,0.846,-1.5,7.55,5,70.7,20.96,0.0901,-0.0286,0.086,-0.002,-0.009,1.125,-2.633,-140.55,11.83,31.31,1,0.904,-26.17,38.31,0.0,0,5,0.0888,0.0835,0.0853,0.0871
52.216,1,0.846,-1.5,10.75,5,70.9,20.96,0.07,-0.1185,0.088,0.002,-0.033,1.123,-2.635,-140.55,11.83,31.31,1,0.914,-25.69,29.81,0.0,0,5,0.0826,0.0826,0.0973,0.0881
52.28,1,0.776,-2.0,15.21,5,71.5,20.57,0.07,-0.1743,0.089,0.004,-0.038,1.119,-2.639,-140.66,11.83,31.31,1,0.925,-23.75,28.03,0.0,0,5,0.0886,0.0812,0.1034,0.0812
52.318,1,0.796,-2.25,18.22,5,71.6,20.57,0.07,-0.2462,0.088,-0.0,-0.077,1.116,-2.641,-140.83,11.83,39.89,1,0.925,-23.75,28.03,0.0,0,5,0.0999,0.0777,0.0981,0.0777
52.348,1,0.814,-2.75,22.01,5,72.1,22.22,0.07,-0.2962,0.086,-0.0,-0.084,1.115,-2.642,-140.95,11.83,39.89,1,0.927,-27.63,14.85,0.0,0,5,0.0999,0.074,0.0962,0.0721
52.382,1,0.825,-2.99,24.56,5,72.8,23.35,0.07,-0.3565,0.083,0.001,-0.127,1.112,-2.644,-141.23,11.83,39.89,1,0.927,-27.63,14.85,0.0,0,5,0.0998,0.0684,0.0998,0.0628
52.417,1,0.812,-3.74,27.0,5,73.1,23.35,0.07,-0.3989,0.078,0.004,-0.171,1.11,-2.646,-141.58,11.83,39.89,1,0.934,-31.99,0.35,0.0,0,5,0.0989,0.0659,0.0989,0.0549
52.482,1,0.795,-5.49,30.43,5,73.3,23.35,0.07,-0.4242,0.078,0.007,-0.253,1.107,-2.649,-142.38,11.83,39.89,1,0.93,-37.32,-17.94,0.0,0,5,0.1118,0.0495,0.121,0.0293
52.513,1,0.694,-6.99,32.08,4,71.3,23.8,0.07,-0.4242,0.079,0.007,-0.294,1.105,-2.65,-142.72,11.83,39.89,1,0.982,-39.26,-23.86,0.0,0,5,0.1147,0.0407,0.1314,0.0278
52.583,1,0.666,-10.98,33.54,4,69.6,23.6,0.07,-0.4242,0.071,0.002,-0.419,1.101,-2.654,-144.61,11.83,45.0,1,0.988,-41.2,-30.03,0.0,0,5,0.1387,0.0018,0.1443,0.0
52.613,1,0.655,-12.98,33.8,4,69.9,22.99,0.07,-0.4242,0.07,0.0,-0.404,1.1,-2.655,-145.07,11.83,45.0,1,0.991,-43.14,-32.51,0.0,0,5,0.1439,-0.0018,0.1421,-0.0055
52.685,1,0.675,-15.72,33.24,4,69.3,23.23,0.07,-0.4242,0.07,-0.0,-0.406,1.095,-2.658,-146.85,11.83,45.0,1,0.983,-47.01,-39.87,0.0,0,5,0.1404,0.0,0.1386,0.0
52.721,1,0.667,-17.47,33.26,4,68.3,22.73,0.07,-0.4211,0.07,-0.0,-0.39,1.093,-2.659,-147.77,11.82,43.94,1,0.987,-48.95,-41.8,0.0,0,5,0.1408,0.0,0.1389,0.0
52.781,1,0.789,-16.72,30.61,5,70.6,22.78,0.07,-0.4103,0.07,-0.003,-0.397,1.089,-2.661,-149.14,11.82,43.94,1,0.987,-48.95,-41.8,0.0,0,5,0.1463,0.0,0.1352,0.0
52.881,1,0.791,-18.22,28.22,5,70.0,22.22,0.0743,-0.3806,0.069,0.0,-0.378,1.083,-2.665,-151.38,11.82,43.94,1,0.972,-51.86,-45.55,0.0,0,5,0.1332,0.0019,0.1369,0.0037
52.915,1,0.811,-18.97,27.47,5,69.6,22.15,0.0815,-0.3214,0.068,-0.0,-0.364,1.082,-2.665,-151.78,11.82,43.94,1,0.943,-47.01,-40.18,0.0,0,5,0.135,0.0,0.135,0.0018
52.982,1,0.81,-20.21,25.82,5,70.2,22.15,0.0892,-0.3034,0.069,-0.002,-0.373,1.077,-2.668,-153.5,11.82,31.94,1,0.985,-46.05,-40.36,0.0,0,5,0.1405,0.0037,0.1313,0.0018
53.017,1,0.815,-20.71,25.33,5,70.3,21.67,0.0901,-0.2618,0.074,0.0,-0.287,1.074,-2.669,-154.3,11.82,31.94,1,0.945,-38.78,-30.31,0.0,0,5,0.1369,0.0185,0.1295,0.0111
53.082,1,0.812,-20.96,23.98,5,69.7,21.96,0.0901,-0.251,0.082,0.003,-0.291,1.069,-2.672,-155.16,11.82,31.94,1,0.971,-35.38,-23.18,0.0,0,5,0.1277,0.0389,0.1314,0.0315
53.117,1,0.815,-20.96,23.37,5,69.4,21.67,0.0901,-0.2263,0.087,0.004,-0.25,1.066,-2.673,-155.73,11.82,31.94,1,0.952,-31.5,-16.96,4.184,1,5,0.1239,0.0407,0.1332,0.0388
53.184,1,0.796,-19.47,22.14,5,69.5,21.67,0.0901,-0.2176,0.092,0.007,-0.229,1.061,-2.676,-156.47,11.84,19.94,1,0.903,-21.33,-0.53,7.2,1,5,0.1166,0.0592,0.1388,0.0518
53.217,1,0.799,-18.97,21.93,5,68.6,21.67,0.0901,-0.2153,0.091,0.007,-0.207,1.058,-2.678,-156.99,11.84,19.94,1,0.903,-21.33,-0.53,7.2,1,5,0.1204,0.063,0.137,0.0481
53.28,1,0.795,-17.97,21.03,5,67.8,21.62,0.0901,-0.2153,0.092,0.003,-0.156,1.053,-2.68,-157.51,11.84,19.94,1,0.885,-17.45,4.87,0.0,0,5,0.1222,0.0611,0.1296,0.0555
53.317,1,0.792,-17.97,20.84,5,67.5,21.11,0.0901,-0.2102,0.092,0.0,-0.168,1.049,-2.681,-157.96,11.84,19.94,1,0.885,-17.45,4.87,0.0,0,5,0.1203,0.0574,0.1277,0.0629
53.347,1,0.784,-17.97,20.66,5,67.5,21.62,0.0974,-0.205,0.092,-0.001,-0.206,1.048,-2.682,-158.19,11.84,11.49,1,0.802,-5.82,25.43,0.0,0,5,0.1222,0.0555,0.1259,0.0629
53.381,1,0.788,-17.47,19.95,5,68.4,21.42,0.1041,-0.2014,0.09,-0.0,-0.165,1.044,-2.683,-158.59,11.84,11.49,1,0.802,-5.82,25.43,0.0,0,5,0.1222,0.0555,0.124,0.0592
53.418,1,0.784,-16.47,19.24,5,67.9,21.1,0.1185,-0.223,0.093,0.003,-0.191,1.041,-2.685,-159.0,11.84,11.49,1,0.886,-5.82,28.09,0.0,0,5,0.124,0.0611,0.1259,0.0555
53.482,1,0.788,-15.72,18.74,5,68.0,21.42,0.1284,-0.2467,0.101,0.007,-0.197,1.035,-2.688,-159.63,11.84,11.49,1,0.894,-5.33,25.12,0.0,0,5,0.1314,0.0777,0.1388,0.0555
53.513,1,0.781,-15.72,18.89,5,68.4,21.46,0.1308,-0.2506,0.104,0.005,-0.221,1.033,-2.688,-159.91,11.84,11.49,1,0.894,-5.33,25.12,0.0,0,5,0.1368,0.0777,0.1405,0.0629
53.547,1,0.782,-15.72,18.37,5,69.7,21.46,0.1301,-0.2501,0.115,0.002,-0.255,1.028,-2.69,-160.49,11.84,12.4,1,0.894,-5.33,25.12,0.0,0,5,0.1515,0.0794,0.1552,0.0757
53.581,1,0.789,-14.97,17.23,5,70.5,21.11,0.1326,-0.245,0.127,0.0,-0.238,1.023,-2.692,-161.06,11.84,12.4,1,0.894,-5.33,25.12,0.0,0,5,0.1645,0.0887,0.1664,0.0887
53.616,1,0.667,-14.47,16.01,4,71.6,21.1,0.138,-0.2424,0.133,0.004,-0.245,1.018,-2.694,-161.63,11.84,12.4,1,0.889,-7.27,19.64,0.0,0,5,0.1684,0.0944,0.174,0.0851
53.684,1,0.795,-14.23,16.28,5,71.6,21.11,0.1438,-0.2313,0.137,0.002,-0.249,1.01,-2.696,-162.43,11.84,12.4,1,0.894,-6.79,17.97,0.0,0,5,0.174,0.0962,0.1814,0.0962
53.717,1,0.799,-14.23,15.61,5,71.3,21.1,0.1425,-0.2372,0.142,-0.002,-0.235,1.005,-2.698,-162.95,11.84,12.99,1,0.891,-7.76,14.63,0.0,0,5,0.1815,0.0963,0.1833,0.1074
53.749,1,0.801,-13.73,14.72,5,70.9,21.1,0.1457,-0.2277,0.144,-0.003,-0.207,1.002,-2.699,-163.24,11.84,12.99,1,0.905,-8.24,11.57,0.0,0,5,0.1852,0.1,0.1815,0.1074
53.778,1,0.794,-13.23,14.27,5,71.2,21.11,0.1499,-0.2216,0.148,-0.001,-0.159,0.996,-2.701,-163.58,11.84,12.99,1,0.895,-8.72,9.8,6.535,1,5,0.1907,0.1056,0.187,0.1074
53.847,1,0.799,-12.73,13.9,5,73.2,20.56,0.1521,-0.2185,0.156,-0.0,-0.294,0.987,-2.703,-164.38,11.84,12.99,1,0.889,-8.72,7.29,6.388,1,5,0.1942,0.1184,0.1923,0.1184
53.882,1,0.789,-12.73,13.3,5,71.6,20.56,0.1538,-0.2187,0.163,-0.004,-0.197,0.98,-2.705,-164.84,11.84,12.99,1,0.889,-8.72,7.29,6.388,1,5,0.2036,0.1221,0.1962,0.1295
53.916,1,0.799,-12.23,13.22,5,72.2,20.81,0.1567,-0.208,0.162,0.0,-0.234,0.974,-2.707,-165.36,11.84,12.99,1,0.892,-9.69,1.21,6.106,1,5,0.1998,0.124,0.2017,0.124
53.983,1,0.802,-12.23,11.83,5,72.4,21.1,0.1571,-0.2112,0.158,0.002,-0.135,0.965,-2.709,-166.1,11.84,13.67,1,0.885,-9.21,1.83,4.468,1,5,0.1905,0.1202,0.1997,0.1221
54.017,1,0.812,-11.73,11.42,5,74.0,20.56,0.1637,-0.1866,0.161,-0.001,-0.273,0.958,-2.71,-166.5,11.84,13.67,1,0.891,-12.12,-3.89,4.855,1,5,0.1943,0.1203,0.1999,0.124
54.046,1,0.815,-11.23,11.11,5,75.2,20.56,0.1656,-0.1846,0.163,-0.001,-0.259,0.955,-2.711,-166.79,11.84,13.67,1,0.887,-11.63,-5.82,4.657,1,5,0.2002,0.1267,0.1965,0.1286
54.081,1,0.808,-10.98,10.8,5,74.5,20.81,0.1671,-0.1845,0.167,0.003,-0.153,0.948,-2.713,-167.25,11.84,13.67,1,0.887,-11.63,-5.82,4.657,1,5,0.1984,0.1322,0.2002,0.1304
54.116,1,0.816,-11.23,10.63,5,74.6,20.56,0.1686,-0.1801,0.169,0.003,-0.234,0.945,-2.714,-167.48,11.84,13.67,1,0.889,-15.99,-16.29,-0.027,1,5,0.195,0.1367,0.2077,0.1367
54.152,1,0.814,-10.98,9.81,5,73.5,20.56,0.1694,-0.1729,0.17,0.001,-0.189,0.94,-2.715,-167.82,11.86,13.4,1,0.899,-16.48,-18.51,0.0,0,5,0.1971,0.1344,0.2078,0.1398
54.181,1,0.806,-10.48,9.25,5,75.7,20.81,0.1733,-0.1593,0.171,0.0,-0.141,0.933,-2.716,-168.22,11.86,13.4,1,0.899,-16.48,-18.51,0.0,0,5,0.1999,0.1369,0.2053,0.1423
54.214,1,0.808,-10.48,9.48,5,75.1,20.2,0.176,-0.1527,0.172,0.0,-0.114,0.929,-2.717,-168.39,11.86,13.4,1,0.911,-16.48,-19.76,0.0,0,5,0.2034,0.1404,0.2052,0.1404
54.246,1,0.81,-10.48,9.11,5,73.9,20.0,0.1749,-0.1568,0.175,0.004,-0.24,0.922,-2.719,-168.79,11.86,13.4,1,0.905,-16.48,-21.02,0.0,0,5,0.2031,0.1514,0.2068,0.1403
54.282,1,0.809,-10.23,8.33,5,75.5,20.56,0.1766,-0.1487,0.18,-0.0,-0.168,0.915,-2.72,-169.19,11.86,13.4,1,0.905,-16.48,-21.02,0.0,0,5,0.2093,0.1519,0.2075,0.15
54.316,1,0.804,-9.98,8.26,5,75.2,20.2,0.1804,-0.1341,0.18,-0.0,-0.145,0.912,-2.721,-169.37,11.86,13.4,1,0.886,-14.54,-21.62,0.0,0,5,0.2098,0.1546,0.2043,0.1509
54.384,1,0.809,-9.98,7.74,5,75.2,20.56,0.1807,-0.1343,0.18,-0.0,-0.129,0.897,-2.723,-170.0,11.86,8.84,1,0.878,-8.24,-10.19,0.0,1,5,0.206,0.1545,0.2042,0.1545
54.414,1,0.809,-9.48,7.34,5,74.4,20.56,0.1831,-0.1223,0.182,-0.003,-0.124,0.894,-2.724,-170.11,11.86,8.84,1,0.878,-8.24,-10.19,0.0,1,5,0.2111,0.1518,0.2055,0.1593
54.454,1,0.803,-9.48,7.25,5,74.0,20.56,0.1851,-0.1185,0.186,-0.005,-0.125,0.886,-2.725,-170.57,11.86,8.84,1,0.865,-4.36,-2.54,2.415,1,5,0.2182,0.1572,0.2053,0.1628
54.482,1,0.801,-9.48,6.85,5,74.9,20.81,0.1855,-0.116,0.188,0.002,-0.113,0.879,-2.727,-170.86,11.86,8.84,1,0.865,-4.36,-2.54,2.415,1,5,0.2081,0.1658,0.2136,0.1639
54.515,1,0.658,-9.73,6.4,4,76.6,20.83,0.1874,-0.106,0.189,0.004,-0.179,0.875,-2.727,-171.03,11.86,4.96,1,0.862,-3.39,-1.39,0.668,1,5,0.2043,0.1675,0.2172,0.1657
54.55,1,0.777,-9.48,6.36,5,76.4,20.81,0.1632,-0.0716,0.189,0.001,-0.116,0.867,-2.728,-171.31,11.86,4.96,1,0.86,-3.88,1.12,2.437,1,5,0.2082,0.1621,0.2192,0.1676
54.582,1,0.777,-9.48,6.35,5,76.8,20.57,0.1698,-0.0789,0.193,-0.001,-0.169,0.86,-2.729,-171.6,11.86,4.96,1,0.864,-4.36,-0.45,1.914,1,5,0.2147,0.1685,0.2147,0.1722
54.615,1,0.776,-9.73,5.98,5,76.6,20.81,0.1595,-0.0704,0.196,0.001,-0.092,0.852,-2.731,-171.94,11.86,4.96,1,0.86,-3.39,-0.28,2.969,1,5,0.2166,0.174,0.2147,0.174
54.646,1,0.786,-9.73,5.81,5,75.1,20.57,0.1731,-0.0681,0.195,0.001,-0.108,0.848,-2.731,-172.06,11.86,4.96,1,0.839,-1.94,-2.42,0.0,1,5,0.2127,0.1739,0.2182,0.1757
54.686,1,0.783,-9.48,5.3,5,74.1,20.44,0.1871,-0.0733,0.19,-0.001,-0.057,0.841,-2.732,-172.29,11.86,4.96,1,0.848,-1.45,2.42,2.618,1,5,0.2106,0.1626,0.2161,0.1718
54.714,1,0.687,-8.98,5.16,4,74.0,20.69,0.1746,-0.0545,0.185,0.0,-0.06,0.837,-2.733,-172.29,11.86,4.96,1,0.848,-1.45,2.42,2.618,1,5,0.2033,0.1571,0.2125,0.1663
54.746,1,0.685,-8.98,4.86,4,73.4,20.56,0.173,-0.0556,0.183,0.004,-0.168,0.83,-2.734,-172.57,11.86,4.57,1,0.839,-0.97,2.75,-0.422,1,5,0.196,0.1702,0.2034,0.1628
54.781,1,0.686,-8.98,4.53,4,74.3,20.89,0.1728,-0.0473,0.187,0.002,-0.026,0.822,-2.735,-172.75,11.86,4.57,1,0.839,-0.97,2.75,-0.422,1,5,0.198,0.1739,0.2035,0.1721
54.847,1,0.686,-8.98,4.79,4,74.0,20.76,0.1729,-0.0379,0.184,-0.003,-0.021,0.811,-2.736,-172.92,11.86,4.57,1,0.834,-0.97,-0.17,-1.042,1,5,0.1999,0.1666,0.1962,0.174
54.878,1,0.68,-8.73,4.54,4,73.7,20.51,0.1728,-0.0446,0.177,-0.001,-0.09,0.804,-2.737,-173.03,11.86,4.57,1,0.841,-1.45,0.74,0.198,1,5,0.189,0.1668,0.1853,0.1668
54.918,1,0.684,-8.98,4.48,4,73.9,20.76,0.172,-0.0402,0.175,-0.001,-0.093,0.798,-2.737,-173.21,11.86,4.0,1,0.841,-1.45,0.74,0.198,1,5,0.1834,0.1631,0.1834,0.1686
54.945,1,0.677,-8.98,4.79,4,74.3,20.76,0.1726,-0.0357,0.175,-0.003,-0.086,0.794,-2.738,-173.32,11.86,4.0,1,0.828,-1.45,-1.82,0.0,1,5,0.1852,0.163,0.1796,0.1704
54.982,1,0.679,-8.49,3.96,4,75.4,20.76,0.1715,-0.0431,0.174,-0.004,0.015,0.787,-2.738,-173.32,11.86,4.0,1,0.828,-1.45,-1.82,0.0,1,5,0.1832,0.1629,0.1777,0.174
55.016,1,0.677,-8.49,4.28,4,73.6,20.38,0.1718,-0.0276,0.174,-0.002,-0.025,0.78,-2.739,-173.32,11.86,4.0,1,0.827,-1.45,-1.82,-0.0,1,5,0.1814,0.1666,0.1759,0.174
55.045,1,0.668,-7.99,4.09,4,72.4,20.76,0.1716,-0.0355,0.174,-0.001,-0.025,0.777,-2.74,-173.38,11.86,4.0,1,0.83,-1.45,-2.15,-0.436,1,5,0.1796,0.1703,0.1759,0.1703
55.08,1,0.544,-7.99,4.1,3,75.6,20.57,0.1703,-0.0359,0.176,-0.001,-0.015,0.769,-2.74,-173.38,11.86,4.0,1,0.83,-1.45,-2.15,-0.436,1,5,0.1851,0.174,0.1759,0.1703
55.117,1,0.533,-7.24,3.64,3,78.1,20.46,0.1516,-0.0258,0.178,-0.002,-0.046,0.766,-2.741,-173.43,11.86,4.0,1,0.821,-0.97,-2.62,0.618,1,5,0.1869,0.1777,0.174,0.174
55.144,1,0.668,-6.99,3.86,4,77.2,20.38,0.1499,-0.0233,0.178,-0.004,0.041,0.759,-2.741,-173.43,11.86,3.62,1,0.81,0.0,-4.06,-1.368,1,5,0.1833,0.1741,0.1741,0.1815
55.183,1,0.679,-6.74,4.38,4,76.2,20.33,0.1569,-0.0335,0.173,-0.001,-0.035,0.752,-2.742,-173.43,11.86,3.62,1,0.829,0.0,-1.41,0.623,1,5,0.1705,0.1668,0.176,0.1779
55.249,1,0.534,-6.99,3.78,3,77.8,20.57,0.1718,-0.0549,0.167,0.0,-0.087,0.742,-2.743,-173.72,11.86,3.62,1,0.831,0.0,-2.16,-1.323,1,5,0.1682,0.159,0.1756,0.1664
55.281,1,0.538,-6.74,3.2,3,77.5,20.56,0.1611,-0.0309,0.168,-0.003,0.015,0.735,-2.744,-173.84,11.86,3.62,1,0.829,0.0,-3.95,0.463,1,5,0.1792,0.1626,0.1681,0.1626
55.315,1,0.667,-6.74,5.25,4,76.9,20.52,0.1507,-0.015,0.169,-0.003,-0.008,0.732,-2.744,-173.84,11.86,3.62,1,0.353,-1.2,-4.26,-1.547,1,4,0.181,0.1663,0.1663,0.1626
55.345,1,0.544,-6.49,3.26,3,77.7,20.0,0.1646,-0.0718,0.165,-0.001,0.013,0.726,-2.745,-173.84,11.86,2.45,1,0.352,-0.6,-5.58,-1.909,1,4,0.1739,0.1591,0.1684,0.1591
55.383,1,0.686,-6.24,3.5,4,76.9,20.56,0.1526,-0.0199,0.161,-0.004,-0.018,0.719,-2.745,-173.84,11.86,2.45,1,0.352,-0.6,-5.58,-1.909,1,4,0.1664,0.1479,0.1664,0.1627
55.414,1,0.69,-6.24,3.82,4,76.3,20.51,0.1283,-0.0168,0.162,-0.005,-0.061,0.716,-2.745,-173.89,11.86,2.45,1,0.337,4.21,7.23,1.502,1,4,0.1682,0.1479,0.1664,0.1645
55.449,1,0.696,-6.24,3.5,4,77.0,20.56,0.1044,-0.0117,0.163,-0.006,-0.063,0.709,-2.746,-174.06,11.86,2.45,1,0.337,4.21,7.23,1.502,1,4,0.172,0.1535,0.1591,0.1665
55.481,1,0.689,-6.24,3.5,4,77.8,20.56,0.0954,-0.0059,0.162,-0.004,0.013,0.703,-2.746,-174.06,11.86,2.45,1,0.342,4.21,1.24,4.852,1,4,0.1685,0.1574,0.1592,0.1629
55.516,1,0.676,-5.99,4.15,4,78.1,20.56,0.0954,-0.0056,0.158,-0.003,0.042,0.7,-2.747,-174.01,11.86,2.45,1,0.342,4.21,1.24,4.852,1,4,0.1629,0.1518,0.1574,0.1592
55.549,1,0.681,-5.74,3.32,4,78.4,20.51,0.0954,-0.0196,0.146,-0.005,-0.009,0.695,-2.747,-174.01,11.86,2.86,1,0.346,4.21,2.29,-0.346,1,4,0.1517,0.1351,0.148,0.1499
55.614,1,0.678,-5.49,3.38,4,78.4,20.69,0.0954,-0.0073,0.135,-0.007,-0.077,0.687,-2.747,-174.12,11.86,2.86,1,0.34,4.81,3.38,2.442,1,4,0.1442,0.1294,0.1275,0.1405
55.648,1,0.527,-5.49,3.42,3,79.0,20.96,0.0954,-0.011,0.13,-0.005,0.015,0.682,-2.748,-174.18,11.86,2.86,1,0.343,4.81,3.38,2.445,1,4,0.1363,0.1308,0.1197,0.1326
55.683,1,0.528,-5.24,3.57,3,78.9,20.56,0.0954,-0.0115,0.121,-0.001,0.046,0.677,-2.748,-174.12,11.86,2.86,1,0.343,4.81,3.38,2.445,1,4,0.1171,0.1244,0.1153,0.1263
55.713,1,0.679,-5.24,3.43,4,78.6,20.51,0.0954,-0.0168,0.115,-0.001,0.043,0.675,-2.748,-174.06,11.86,2.86,1,0.348,4.81,1.82,-1.513,1,4,0.1117,0.1135,0.1154,0.1209
55.748,1,0.676,-4.99,3.19,4,79.1,20.56,0.0954,-0.0138,0.105,-0.001,-0.035,0.671,-2.749,-174.06,11.85,2.69,1,0.345,5.41,1.99,2.008,1,4,0.101,0.101,0.1065,0.112
55.777,1,0.677,-5.24,3.43,4,79.0,20.51,0.0954,-0.0125,0.099,-0.005,-0.019,0.667,-2.749,-174.18,11.85,2.69,1,0.347,5.41,2.01,-4.308,1,4,0.1054,0.0906,0.098,0.1017
55.817,1,0.679,-4.99,3.51,4,78.1,20.69,0.0954,-0.0131,0.097,-0.005,0.001,0.663,-2.749,-174.18,11.85,2.69,1,0.347,5.41,2.01,-4.308,1,4,0.1085,0.0901,0.0956,0.0975
55.849,1,0.671,-4.74,3.88,4,78.1,20.56,0.0954,-0.0173,0.096,-0.004,-0.064,0.661,-2.749,-174.24,11.85,2.69,1,0.347,5.41,0.91,1.042,1,4,0.1085,0.0901,0.0938,0.092
55.913,1,0.674,-4.74,3.41,4,78.7,20.56,0.0954,-0.026,0.087,-0.0,-0.026,0.656,-2.75,-174.29,11.85,2.69,1,0.347,5.41,2.03,-4.339,1,4,0.0924,0.0905,0.0831,0.0831
55.945,1,0.669,-4.74,3.48,4,78.6,20.84,0.0954,-0.0175,0.081,0.002,0.014,0.653,-2.75,-174.29,11.85,3.03,1,0.347,5.41,0.9,1.072,1,4,0.0813,0.0832,0.0832,0.0776
56.014,1,0.668,-4.74,3.17,4,78.2,20.69,0.0954,-0.0185,0.074,0.001,-0.016,0.649,-2.751,-174.29,11.85,3.03,1,0.347,5.41,0.49,-1.917,1,4,0.0739,0.0702,0.0795,0.0721
56.048,1,0.665,-4.74,3.5,4,78.3,20.83,0.0954,-0.0129,0.072,-0.0,-0.021,0.646,-2.751,-174.35,11.85,3.03,1,0.347,5.41,0.49,-1.917,1,4,0.0757,0.0683,0.0757,0.0702
56.08,1,0.67,-4.74,2.95,4,77.7,20.51,0.0954,-0.0185,0.074,-0.002,-0.045,0.643,-2.751,-174.47,11.85,3.03,1,0.345,5.41,0.91,1.07,1,4,0.0812,0.0664,0.0775,0.0701
56.116,1,0.67,-4.74,2.55,4,77.7,20.69,0.0954,-0.0089,0.076,-0.003,-0.02,0.641,-2.751,-174.52,11.85,3.03,1,0.344,4.21,0.79,-4.362,1,4,0.0812,0.0664,0.0775,0.0701
56.18,1,0.679,-4.74,2.54,4,77.7,20.69,0.0954,-0.0019,0.08,-0.003,-0.012,0.637,-2.752,-174.58,11.84,2.24,1,0.344,4.21,0.78,-4.358,1,4,0.0826,0.0682,0.0862,0.0826
56.212,1,0.68,-4.49,2.6,4,77.4,20.77,0.0954,-0.0016,0.08,-0.001,-0.013,0.634,-2.752,-174.58,11.84,2.24,1,0.344,4.21,0.34,-1.084,1,4,0.0826,0.0772,0.0808,0.0808
56.245,1,0.678,-4.24,2.68,4,78.3,20.69,0.0954,-0.0057,0.083,-0.002,-0.002,0.63,-2.752,-174.64,11.84,2.24,1,0.344,4.21,0.34,-1.084,1,4,0.0869,0.0888,0.0721,0.0832
56.315,1,0.691,-3.74,2.54,4,76.8,20.51,0.0954,-0.0096,0.084,0.0,0.061,0.625,-2.753,-174.52,11.84,2.24,1,0.725,30.05,-6.49,0.0,0,5,0.0814,0.087,0.0814,0.087
56.349,1,0.69,-3.74,2.87,4,76.6,20.56,0.0954,-0.0126,0.084,0.002,-0.002,0.622,-2.753,-174.47,11.84,1.92,1,0.742,35.38,-14.37,0.0,0,5,0.0778,0.0852,0.087,0.0852
56.382,1,0.685,-3.74,2.79,4,76.8,20.69,0.0954,-0.018,0.082,-0.0,0.003,0.619,-2.753,-174.41,11.84,1.92,1,0.333,5.41,1.53,-0.925,1,4,0.0833,0.0814,0.0814,0.0814
56.414,1,0.682,-3.74,2.79,4,77.4,20.69,0.0954,-0.016,0.082,-0.001,-0.025,0.617,-2.753,-174.47,11.84,1.92,1,0.731,36.35,-8.25,0.0,0,5,0.0851,0.0814,0.0796,0.0814
56.446,1,0.679,-3.49,2.54,4,78.0,20.89,0.0954,-0.0157,0.082,-0.003,-0.037,0.616,-2.753,-174.47,11.84,1.92,1,0.745,5.33,0.53,-0.671,1,5,0.0888,0.0796,0.0796,0.0814
56.512,1,0.663,-3.49,2.52,4,78.4,20.89,0.0954,-0.0137,0.088,-0.002,-0.025,0.608,-2.754,-174.64,11.84,1.92,1,0.747,36.35,-9.63,0.0,0,5,0.0926,0.0778,0.0926,0.0871
56.544,1,0.66,-3.24,2.28,4,78.7,20.69,0.0954,-0.0131,0.088,-0.001,-0.037,0.607,-2.754,-174.69,11.84,2.24,1,0.341,6.61,-1.76,0.108,1,4,0.0926,0.0834,0.0908,0.0871
56.614,1,0.664,-3.24,2.28,4,77.6,20.69,0.0954,-0.0114,0.089,0.002,0.016,0.6,-2.755,-174.75,11.84,2.24,1,0.339,6.61,-3.3,-3.843,1,4,0.0889,0.0926,0.0889,0.0852
56.644,1,0.657,-3.24,2.28,4,78.6,20.69,0.0954,-0.0113,0.087,0.002,-0.023,0.596,-2.755,-174.75,11.84,2.24,1,0.724,11.15,-2.25,2.176,1,5,0.0851,0.0888,0.0907,0.0851
56.712,1,0.649,-3.24,3.55,4,79.0,20.84,0.0954,-0.0109,0.086,0.0,0.012,0.591,-2.756,-174.75,11.84,2.24,1,0.344,5.41,-0.63,-2.924,1,4,0.0889,0.0833,0.0889,0.0815
56.746,1,0.585,-3.24,5.82,4,79.0,20.56,0.0954,-0.033,0.086,-0.0,-0.032,0.589,-2.756,-174.81,11.83,2.24,1,0.347,5.41,-1.51,0.0,0,4,0.0925,0.0833,0.087,0.0796
56.845,1,0.668,-2.75,2.33,4,79.1,20.56,0.0738,-0.0725,0.089,-0.002,-0.047,0.58,-2.756,-174.98,11.83,2.24,1,0.345,5.41,-1.07,-5.847,1,4,0.0962,0.0759,0.0944,0.087
56.912,1,0.681,-2.5,2.1,4,78.9,20.69,0.0738,-0.0172,0.086,0.003,0.0,0.575,-2.757,-175.04,11.83,2.24,1,0.344,5.41,-1.53,0.0,0,4,0.0889,0.0871,0.0908,0.0778
56.952,1,0.69,-2.99,2.34,4,78.8,20.76,0.0738,-0.0157,0.08,0.001,-0.034,0.571,-2.757,-175.15,11.83,3.04,1,0.344,5.41,-1.52,0.0,0,4,0.0778,0.0778,0.0852,0.0797
57.013,1,0.678,-3.24,2.83,4,78.4,20.56,0.0738,-0.0135,0.078,-0.001,-0.025,0.568,-2.758,-175.21,11.83,3.04,1,0.349,5.41,-2.58,-3.45,1,4,0.0777,0.0703,0.0833,0.0796
57.048,1,0.678,-3.49,1.82,4,78.0,21.03,0.0738,-0.0192,0.074,-0.001,-0.022,0.563,-2.758,-175.33,11.83,3.04,1,0.346,5.41,-4.5,-3.842,1,4,0.0836,0.0654,0.0799,0.0654
57.08,1,0.686,-3.49,1.83,4,78.6,20.69,0.0738,0.0013,0.069,0.002,-0.058,0.561,-2.758,-175.44,11.83,3.04,1,0.347,4.21,-1.85,-3.083,1,4,0.0794,0.0631,0.0794,0.0559
57.109,1,0.687,-3.74,2.08,4,79.5,20.56,0.0738,0.0006,0.069,0.002,-0.058,0.561,-2.758,-175.44,11.83,3.04,1,0.352,4.21,-3.79,-3.469,1,4,0.0794,0.0631,0.0794,0.0559
57.149,1,0.683,-3.74,1.76,4,79.8,20.51,0.0738,-0.0012,0.067,0.002,-0.067,0.557,-2.759,-175.73,11.83,1.5,1,0.351,3.61,-4.84,-6.289,1,4,0.073,0.0584,0.0785,0.0566
57.178,1,0.668,-3.74,1.44,4,79.9,20.56,0.07,0.004,0.065,0.002,-0.026,0.554,-2.759,-175.84,11.83,1.5,1,0.351,3.61,-4.84,-6.289,1,4,0.0717,0.0607,0.0736,0.0552
57.214,1,0.664,-3.74,1.44,4,79.1,20.56,0.07,0.0093,0.064,0.001,-0.012,0.553,-2.759,-175.84,11.83,1.5,1,0.351,3.61,-4.84,-6.289,1,4,0.0702,0.0609,0.0702,0.0554
57.246,1,0.669,-3.74,1.5,4,78.2,20.69,0.07,0.009,0.064,0.003,0.013,0.55,-2.759,-175.78,11.83,1.5,1,0.35,4.21,-7.56,2.174,1,4,0.061,0.0647,0.0684,0.061
57.314,1,0.683,-3.24,1.56,4,78.9,20.56,0.07,0.0078,0.063,0.001,0.014,0.548,-2.76,-175.73,11.83,1.5,1,0.328,7.81,-3.41,-7.658,1,4,0.0569,0.0661,0.0624,0.0679
57.344,1,0.676,-2.99,1.32,4,79.1,20.69,0.07,0.0003,0.063,-0.001,0.019,0.545,-2.76,-175.67,11.83,1.13,1,0.346,10.22,3.42,4.123,1,4,0.0588,0.0661,0.0588,0.0698
57.415,1,0.676,-3.24,1.56,4,79.0,20.56,0.07,0.0026,0.067,-0.0,-0.024,0.541,-2.76,-175.73,11.83,1.13,1,0.344,9.01,2.15,0.0,0,4,0.0685,0.0666,0.0666,0.0648
57.446,1,0.681,-3.24,1.56,4,79.2,20.56,0.07,0.0018,0.071,0.0,0.002,0.537,-2.76,-175.78,11.83,1.13,1,0.344,9.01,2.15,0.0,0,4,0.0759,0.0685,0.074,0.0666
57.512,1,0.675,-2.99,1.3,4,79.8,21.03,0.07,0.0019,0.072,0.002,0.01,0.534,-2.761,-175.78,11.83,1.13,1,0.731,15.03,1.35,-1.787,1,5,0.0774,0.0719,0.0756,0.0627
57.546,1,0.676,-2.75,1.3,4,79.8,20.52,0.07,0.0034,0.071,0.004,-0.021,0.531,-2.761,-175.78,11.83,1.13,1,0.344,9.62,1.27,-6.143,1,4,0.0755,0.0737,0.0755,0.059
57.58,1,0.671,-2.75,0.97,4,79.2,20.69,0.07,0.0006,0.069,0.001,-0.068,0.528,-2.761,-175.9,11.83,1.13,1,0.345,10.22,1.87,0.122,1,4,0.0722,0.0685,0.0722,0.0648
57.613,1,0.669,-2.75,0.98,4,78.5,20.69,0.07,0.0068,0.069,0.0,-0.03,0.527,-2.761,-175.96,11.83,1.13,1,0.344,9.01,2.23,0.0,0,4,0.0703,0.0685,0.0703,0.0666
57.648,1,0.666,-2.75,0.98,4,78.2,20.69,0.07,0.0071,0.069,0.0,0.012,0.525,-2.762,-175.96,11.83,1.13,1,0.344,9.01,3.05,-2.921,1,4,0.0686,0.0686,0.0686,0.0686
57.71,1,0.673,-2.25,1.19,4,79.0,20.56,0.07,0.0074,0.069,0.003,0.034,0.52,-2.762,-175.84,11.83,1.13,1,0.346,9.01,2.19,0.0,0,4,0.0611,0.0718,0.0718,0.0718
57.748,1,0.675,-2.25,1.19,4,79.1,20.56,0.07,-0.0021,0.07,0.003,-0.008,0.518,-2.762,-175.84,11.82,1.13,1,0.346,9.01,2.19,0.0,0,4,0.0626,0.07,0.0755,0.07
57.78,1,0.668,-2.5,1.44,4,79.0,20.69,0.07,-0.0019,0.072,-0.0,-0.013,0.515,-2.762,-175.9,11.82,1.13,1,0.342,10.22,0.36,-3.815,1,4,0.0719,0.0701,0.0738,0.0719
57.842,1,0.662,-2.5,1.43,4,78.9,20.69,0.07,-0.0028,0.071,-0.0,-0.008,0.511,-2.763,-175.9,11.82,1.13,1,0.766,12.12,0.1,1.15,1,5,0.0756,0.0701,0.0719,0.0682
57.912,1,0.667,-2.5,1.36,4,78.8,20.89,0.07,-0.0026,0.068,0.001,0.001,0.506,-2.763,-175.9,11.82,1.13,1,0.766,12.12,0.1,1.15,1,5,0.0722,0.0666,0.0722,0.0629
57.944,1,0.666,-2.75,1.29,4,77.6,20.52,0.07,-0.0013,0.067,0.0,-0.046,0.504,-2.763,-175.96,11.82,1.86,1,0.757,13.09,0.07,1.557,1,5,0.0703,0.0666,0.0685,0.0629
57.98,1,0.655,-2.75,0.97,4,78.6,20.69,0.07,0.003,0.065,-0.001,-0.046,0.501,-2.763,-176.13,11.82,1.86,1,0.757,13.09,0.07,1.557,1,5,0.0702,0.0628,0.0647,0.0628
58.012,1,0.659,-2.75,0.97,4,78.8,20.69,0.07,0.0083,0.064,-0.0,-0.023,0.5,-2.764,-176.18,11.82,1.86,1,0.346,9.01,2.15,3.909,1,4,0.0678,0.0623,0.0641,0.0604
58.044,1,0.675,-2.25,0.82,4,78.5,20.52,0.07,0.0083,0.063,-0.0,0.014,0.497,-2.764,-176.18,11.82,1.86,1,0.345,9.01,0.67,0.048,1,4,0.0641,0.0605,0.0641,0.0623
58.111,1,0.676,-2.25,1.09,4,78.4,20.69,0.07,0.0049,0.064,0.004,0.012,0.494,-2.764,-176.07,11.82,1.86,1,0.346,9.01,0.67,0.047,1,4,0.0537,0.0703,0.0666,0.0666
58.146,1,0.673,-1.75,0.62,4,77.8,20.69,0.07,0.0006,0.067,0.005,0.012,0.491,-2.765,-176.07,11.82,1.86,1,0.345,9.62,1.28,-6.169,1,4,0.0574,0.0759,0.0666,0.0666
58.18,1,0.676,-2.0,0.85,4,76.9,20.89,0.07,0.0026,0.068,0.001,-0.009,0.488,-2.765,-176.07,11.82,1.86,1,0.802,9.21,1.19,-3.771,1,5,0.0647,0.0739,0.0647,0.0684
58.212,1,0.685,-2.25,1.1,4,76.4,20.69,0.07,0.0024,0.068,-0.0,-0.01,0.487,-2.765,-176.07,11.82,1.86,1,0.812,9.21,1.25,-3.771,1,5,0.0702,0.0702,0.0647,0.0665
58.248,1,0.685,-2.0,0.85,4,76.5,20.89,0.07,0.0012,0.068,-0.002,0.024,0.484,-2.765,-176.07,11.82,1.86,1,0.814,9.21,1.73,-3.44,1,5,0.0702,0.0665,0.0665,0.0702
58.315,1,0.679,-1.75,0.99,4,76.9,20.51,0.07,0.0027,0.068,0.001,0.018,0.48,-2.765,-176.01,11.82,1.86,1,0.804,9.21,1.32,-3.771,1,5,0.0647,0.0703,0.0684,0.0703
58.347,1,0.673,-1.75,0.89,4,77.0,20.52,0.07,-0.0025,0.066,0.001,0.05,0.477,-2.766,-175.9,11.82,1.06,1,0.804,9.21,1.32,-3.771,1,5,0.0629,0.0703,0.0647,0.0666
58.414,1,0.662,-1.25,1.01,4,78.1,20.52,0.07,-0.0004,0.062,-0.002,-0.048,0.474,-2.766,-175.9,11.82,1.06,1,0.8,9.21,3.56,0.852,1,5,0.0628,0.0665,0.0536,0.0665
58.444,1,0.654,-0.75,0.91,4,78.6,20.56,0.07,-0.0086,0.063,-0.003,0.03,0.471,-2.766,-175.9,11.82,1.06,1,0.81,10.66,2.14,-2.755,1,5,0.0609,0.0665,0.0536,0.0702
58.515,1,0.578,-0.5,1.54,4,78.5,20.89,0.07,-0.0111,0.068,0.004,0.026,0.466,-2.767,-175.73,11.82,1.06,1,0.806,11.15,1.75,-1.732,1,5,0.0591,0.0721,0.0665,0.0702
58.545,1,0.644,-0.25,1.03,4,77.7,20.56,0.07,-0.0244,0.067,0.004,0.018,0.464,-2.767,-175.73,11.82,0.62,1,0.805,11.15,4.17,-3.259,1,5,0.0574,0.0722,0.0703,0.0685
58.612,1,0.612,-0.25,1.44,4,76.9,20.69,0.07,-0.0172,0.067,-0.0,-0.006,0.46,-2.767,-175.73,11.82,0.62,1,0.805,11.15,4.17,-3.259,1,5,0.0661,0.0679,0.0661,0.0698
58.645,1,0.622,-0.5,1.66,4,76.7,20.89,0.07,-0.0242,0.069,-0.002,-0.019,0.457,-2.767,-175.78,11.82,0.62,1,0.801,11.15,3.76,-3.709,1,5,0.0752,0.0679,0.0661,0.0679
58.682,1,0.573,-0.25,5.69,4,77.0,24.36,0.07,-0.0244,0.072,-0.001,0.018,0.454,-2.767,-175.73,11.82,0.62,1,0.791,11.15,4.14,-3.31,1,5,0.0758,0.0684,0.074,0.0703
58.71,1,0.636,-0.25,3.16,4,77.8,20.84,0.07,-0.0979,0.072,0.0,-0.004,0.453,-2.767,-175.73,11.82,0.62,1,0.766,13.09,2.28,0.025,1,5,0.074,0.0703,0.074,0.0703
58.745,1,0.658,-0.25,1.04,4,78.1,20.56,0.07,-0.0534,0.071,-0.001,-0.005,0.45,-2.767,-175.73,11.82,0.65,1,0.752,14.54,1.64,2.258,1,5,0.0718,0.0662,0.0736,0.0736
58.776,1,0.656,-0.25,0.95,4,77.9,20.51,0.07,-0.0162,0.068,-0.003,-0.061,0.447,-2.767,-175.78,11.82,0.65,1,0.744,15.03,1.52,2.794,1,5,0.0699,0.0625,0.068,0.0736
58.812,1,0.596,-0.25,1.33,4,77.3,20.69,0.07,-0.0147,0.067,-0.004,-0.036,0.446,-2.767,-175.84,11.82,0.65,1,0.744,15.03,1.52,2.794,1,5,0.0717,0.0606,0.0662,0.0698
58.849,1,0.61,-0.25,1.05,4,76.9,20.52,0.07,-0.0211,0.066,0.0,0.004,0.444,-2.768,-175.9,11.82,0.65,1,0.703,16.48,-1.33,2.31,1,5,0.0684,0.0629,0.0684,0.0629
58.946,1,0.679,0.25,0.78,4,76.6,20.52,0.07,-0.0161,0.068,0.001,0.01,0.437,-2.768,-175.84,11.82,1.8,1,0.709,16.48,2.01,1.414,1,5,0.0611,0.0703,0.0685,0.074
58.978,1,0.683,0.0,1.02,4,76.4,20.38,0.07,-0.0176,0.068,0.0,-0.007,0.434,-2.769,-175.84,11.82,1.8,1,0.333,12.62,2.75,-3.771,1,4,0.0629,0.0703,0.0685,0.0703
59.014,1,0.69,-0.25,1.26,4,76.2,20.52,0.07,-0.0182,0.069,-0.001,-0.018,0.433,-2.769,-175.9,11.82,1.8,1,0.727,15.99,1.49,3.311,1,5,0.0704,0.0667,0.0704,0.0704
59.043,1,0.688,-0.25,0.88,4,76.6,20.56,0.07,-0.0192,0.072,-0.002,-0.01,0.43,-2.769,-175.9,11.82,1.8,1,0.727,15.99,1.49,3.311,1,5,0.0778,0.0685,0.0722,0.0704
59.075,1,0.681,-0.25,0.99,4,76.9,20.69,0.07,-0.0128,0.073,-0.002,-0.037,0.427,-2.769,-175.96,11.82,1.8,1,0.727,15.99,1.49,3.311,1,5,0.0796,0.0666,0.074,0.0722
59.144,1,0.69,-0.25,0.66,4,76.8,20.52,0.07,-0.0148,0.07,0.0,-0.069,0.423,-2.769,-176.13,11.84,3.57,1,0.727,15.99,1.49,3.311,1,5,0.0793,0.0646,0.0756,0.059
59.174,1,0.665,-0.25,0.94,4,76.9,20.52,0.07,-0.0091,0.069,0.001,-0.085,0.421,-2.769,-176.18,11.84,3.57,1,0.702,10.66,-8.88,3.323,1,5,0.0775,0.0665,0.0738,0.0572
59.211,1,0.663,-0.25,0.91,4,76.8,20.52,0.07,-0.0142,0.065,0.002,-0.012,0.419,-2.77,-176.3,11.84,3.57,1,0.702,10.66,-8.88,3.323,1,5,0.0684,0.0629,0.0721,0.0573
59.242,1,0.651,-0.25,0.98,4,77.1,20.52,0.07,-0.0136,0.064,0.004,0.019,0.416,-2.77,-176.3,11.84,3.57,1,0.729,10.66,-12.31,-1.031,1,5,0.061,0.0629,0.074,0.0592
59.344,1,0.693,-0.75,0.42,4,77.1,20.51,0.07,-0.0149,0.065,0.005,-0.012,0.41,-2.771,-176.36,11.84,4.03,1,0.342,4.21,-11.64,-6.884,1,4,0.0573,0.0702,0.0683,0.0628
59.41,1,0.677,-0.75,0.53,4,77.3,20.52,0.07,0.0004,0.07,-0.001,-0.014,0.405,-2.771,-176.36,11.84,4.03,1,0.345,4.21,-11.62,-6.822,1,4,0.0721,0.0666,0.0703,0.0703
59.443,1,0.684,-1.0,0.71,4,77.2,20.56,0.07,-0.0016,0.071,-0.001,-0.027,0.403,-2.771,-176.41,11.84,4.03,1,0.343,3.61,-11.55,-2.137,1,4,0.074,0.0666,0.0721,0.0703
59.542,1,0.638,-1.25,3.35,4,78.1,20.56,0.07,-0.0027,0.068,0.0,-0.013,0.396,-2.772,-176.47,11.84,3.39,1,0.34,3.0,-12.11,0.0,0,4,0.074,0.0685,0.0685,0.0629
59.574,1,0.676,-1.25,0.46,4,78.4,20.51,0.07,-0.0459,0.068,-0.001,-0.017,0.394,-2.772,-176.47,11.84,3.39,1,0.34,3.0,-13.17,0.0,0,4,0.074,0.0666,0.0666,0.0648
59.643,1,0.679,-1.25,0.46,4,78.1,20.51,0.07,0.0037,0.066,-0.005,0.026,0.389,-2.772,-176.59,11.84,3.39,1,0.345,3.0,-12.79,-6.682,1,4,0.0685,0.0592,0.0629,0.074
59.711,1,0.676,-0.75,0.2,4,77.6,20.69,0.07,0.0035,0.07,0.004,0.008,0.385,-2.772,-176.47,11.84,3.39,1,0.746,9.21,-13.54,-0.349,1,5,0.0574,0.0703,0.0778,0.074
59.743,1,0.68,-0.75,0.52,4,77.5,20.52,0.07,0.0017,0.071,0.004,-0.009,0.382,-2.772,-176.47,11.84,3.39,1,0.749,10.66,-11.68,1.738,1,5,0.0629,0.0759,0.074,0.0722
59.775,1,0.678,-1.0,0.45,4,77.8,20.89,0.07,-0.0034,0.071,0.0,-0.023,0.379,-2.773,-176.53,11.84,1.82,1,0.777,9.21,-11.53,0.87,1,5,0.0666,0.074,0.0703,0.0703
59.844,1,0.688,-1.25,0.08,4,78.2,20.69,0.07,0.0012,0.074,-0.003,-0.013,0.374,-2.773,-176.59,11.84,1.82,1,0.777,9.21,-11.53,0.87,1,5,0.0826,0.0664,0.0754,0.07
59.945,1,0.738,-1.75,0.74,5,76.9,20.56,0.07,0.0103,0.072,-0.001,-0.033,0.367,-2.773,-176.76,11.84,0.72,1,0.35,4.21,-10.57,-5.695,1,4,0.0774,0.0719,0.07,0.0682
60.043,1,0.689,-1.25,0.15,4,75.8,20.69,0.07,0.0039,0.068,0.001,0.032,0.36,-2.773,-176.64,11.84,0.72,1,0.748,13.57,-2.18,3.357,1,5,0.0587,0.0642,0.0734,0.0752
60.142,1,0.681,-1.25,1.04,4,76.2,20.84,0.07,0.0081,0.07,0.0,-0.023,0.353,-2.774,-176.64,11.87,0.58,1,0.342,10.22,-3.11,-1.787,1,4,0.0703,0.074,0.0666,0.0703
60.174,1,0.69,-1.25,0.02,4,76.2,20.56,0.07,-0.0072,0.072,0.0,-0.018,0.352,-2.774,-176.7,11.87,0.58,1,0.339,10.22,-1.14,-1.356,1,4,0.074,0.0759,0.0685,0.0703
60.244,1,0.681,-1.25,0.07,4,76.3,20.69,0.07,0.0108,0.07,-0.0,0.008,0.346,-2.774,-176.7,11.87,0.58,1,0.339,10.22,-1.14,-1.356,1,4,0.0741,0.0685,0.0704,0.0667
60.278,1,0.641,-1.25,0.52,4,75.6,20.69,0.07,0.0099,0.067,0.0,0.012,0.344,-2.774,-176.7,11.87,0.58,1,0.346,9.62,-1.73,-1.343,1,4,0.0685,0.0685,0.0667,0.0648
60.313,1,0.637,-1.25,0.58,4,74.9,20.69,0.07,0.002,0.066,0.001,-0.0,0.342,-2.774,-176.7,11.87,0.58,1,0.348,9.62,-1.73,-1.344,1,4,0.0667,0.0667,0.0667,0.063
60.342,1,0.671,-1.5,0.39,4,74.2,20.89,0.07,0.001,0.065,-0.002,-0.037,0.34,-2.774,-176.76,11.87,0.58,1,0.346,9.01,-0.81,-3.829,1,4,0.0703,0.0666,0.0592,0.0629
60.373,1,0.675,-1.5,0.65,4,74.6,21.19,0.07,0.0076,0.064,-0.005,-0.044,0.338,-2.774,-176.81,11.87,0.58,1,0.347,9.01,-0.81,-3.829,1,4,0.0722,0.0629,0.0555,0.0666
60.443,1,0.687,-1.25,0.4,4,75.9,20.84,0.07,0.0025,0.065,-0.001,0.022,0.333,-2.775,-176.76,11.87,0.58,1,0.343,9.01,-0.82,-3.829,1,4,0.0629,0.0574,0.0703,0.0703
60.543,1,0.66,-1.75,-0.05,4,77.4,20.69,0.07,0.004,0.069,-0.0,-0.001,0.326,-2.775,-176.81,11.87,0.58,1,0.344,9.62,-1.73,-1.351,1,4,0.0703,0.0666,0.0703,0.0685
60.643,1,0.633,-2.0,0.67,4,77.4,20.89,0.07,0.0173,0.071,0.0,-0.012,0.319,-2.775,-176.93,11.87,0.58,1,0.343,8.41,-2.93,-1.33,1,4,0.0721,0.0684,0.074,0.0684
60.675,1,0.626,-2.25,0.62,4,77.0,21.0,0.07,0.0075,0.07,-0.0,0.007,0.316,-2.775,-176.87,11.87,0.58,1,0.347,8.41,-2.94,-1.329,1,4,0.0703,0.0703,0.0722,0.0703
60.745,1,0.653,-2.0,0.35,4,76.5,21.03,0.07,0.0107,0.066,-0.002,-0.007,0.313,-2.776,-176.87,11.85,0.59,1,0.356,8.41,-3.37,-4.348,1,4,0.0703,0.0722,0.0555,0.0666
60.774,1,0.653,-2.0,0.31,4,76.6,20.89,0.07,0.0118,0.065,-0.003,0.004,0.311,-2.776,-176.87,11.85,0.59,1,0.356,8.41,-3.37,-4.348,1,4,0.0703,0.0703,0.0536,0.0647
60.843,1,0.667,-1.75,-0.13,4,77.5,20.64,0.07,0.0125,0.066,-0.001,0.039,0.306,-2.776,-176.7,11.85,0.59,1,0.356,8.41,-3.37,-4.348,1,4,0.0554,0.0628,0.0665,0.0776
60.876,1,0.662,-1.5,-0.12,4,77.6,21.04,0.07,0.0172,0.066,0.0,0.01,0.303,-2.776,-176.7,11.85,0.59,1,0.363,9.01,-0.87,-3.829,1,4,0.0555,0.0648,0.0666,0.0759
60.945,1,0.665,-1.5,0.45,4,78.0,21.03,0.07,0.0148,0.069,0.0,0.002,0.299,-2.776,-176.64,11.85,0.07,1,0.363,9.01,-0.87,-3.829,1,4,0.0667,0.0722,0.0648,0.0704
60.974,1,0.656,-1.25,0.2,4,78.4,20.95,0.07,0.0051,0.071,-0.001,-0.012,0.298,-2.776,-176.7,11.85,0.07,1,0.361,9.62,-1.78,-1.382,1,4,0.0722,0.0722,0.0666,0.0722
61.007,1,0.653,-1.25,0.09,4,78.7,20.95,0.07,0.0067,0.075,-0.001,0.036,0.294,-2.776,-176.64,11.85,0.07,1,0.361,9.62,-1.78,-1.382,1,4,0.0796,0.074,0.074,0.074
61.043,1,0.615,-1.25,0.87,4,79.5,21.0,0.07,0.0088,0.076,-0.0,0.01,0.291,-2.777,-176.59,11.85,0.07,1,0.361,9.62,-1.78,-1.382,1,4,0.0795,0.0777,0.074,0.074
61.072,1,0.632,-1.0,0.48,4,79.9,21.26,0.07,-0.0044,0.075,0.001,0.029,0.29,-2.777,-176.59,11.85,0.07,1,0.352,10.22,-1.18,-1.309,1,4,0.0759,0.0777,0.074,0.0722
61.146,1,0.659,-1.0,0.44,4,80.2,20.89,0.07,-0.0002,0.072,0.0,-0.037,0.284,-2.777,-176.59,11.87,0.56,1,0.743,59.62,-6.24,0.0,0,5,0.074,0.0777,0.0666,0.0703
61.172,1,0.663,-0.75,0.2,4,80.1,20.69,0.07,0.0008,0.073,-0.001,-0.025,0.283,-2.777,-176.59,11.87,0.56,1,0.743,59.62,-6.24,0.0,0,5,0.0758,0.0777,0.0647,0.0721
61.241,1,0.676,-0.5,-0.12,4,79.8,21.03,0.07,0.0025,0.072,0.002,0.042,0.277,-2.778,-176.41,11.87,0.56,1,0.743,59.62,-6.24,0.0,0,5,0.061,0.074,0.074,0.0777
61.272,1,0.675,-0.75,0.45,4,80.2,21.1,0.07,0.0054,0.072,0.003,-0.038,0.276,-2.778,-176.47,11.87,0.56,1,0.725,62.04,-17.3,0.0,0,5,0.0573,0.0739,0.0758,0.0795
61.307,1,0.676,-0.75,0.2,4,80.4,20.69,0.07,-0.0011,0.072,0.002,-0.004,0.273,-2.778,-176.47,11.87,0.56,1,0.725,62.04,-17.3,0.0,0,5,0.0629,0.0722,0.0759,0.0759
61.34,1,0.647,-0.75,0.51,4,80.1,20.69,0.07,0.0032,0.073,0.002,0.004,0.271,-2.778,-176.47,11.87,0.56,1,0.725,62.04,-17.3,0.0,0,5,0.0666,0.074,0.0759,0.0759
61.372,1,0.657,-0.75,0.49,4,79.8,20.69,0.07,-0.0023,0.075,-0.002,0.002,0.268,-2.778,-176.47,11.87,1.24,1,0.732,61.56,-14.0,6.381,1,5,0.0778,0.0722,0.0741,0.0759
61.411,1,0.681,-0.75,0.2,4,78.8,20.69,0.07,-0.0018,0.076,-0.001,-0.012,0.265,-2.778,-176.47,11.87,1.24,1,0.751,63.49,-18.05,0.0,0,5,0.0796,0.074,0.0759,0.074
61.441,1,0.68,-0.75,0.2,4,78.4,20.69,0.07,0.0033,0.073,0.0,0.009,0.262,-2.779,-176.47,11.87,1.24,1,0.751,63.49,-18.05,0.0,0,5,0.0757,0.072,0.0757,0.0702
61.473,1,0.679,-0.75,0.2,4,78.2,20.69,0.07,0.0033,0.071,0.002,-0.008,0.261,-2.779,-176.47,11.87,1.24,1,0.761,64.46,-20.13,0.0,0,5,0.0739,0.0721,0.0739,0.0647
61.506,1,0.663,-0.75,0.28,4,78.2,20.69,0.07,0.0033,0.069,0.0,-0.057,0.258,-2.779,-176.59,11.87,1.24,1,0.761,64.46,-20.13,0.0,0,5,0.0721,0.0702,0.0684,0.0647
61.544,1,0.655,-0.75,0.19,4,78.1,20.69,0.07,0.0018,0.068,-0.002,-0.026,0.256,-2.779,-176.7,11.87,2.88,1,0.761,64.46,-20.13,0.0,0,5,0.074,0.0685,0.0629,0.0648
61.576,1,0.578,-0.75,0.44,4,78.5,20.69,0.07,0.0034,0.068,-0.001,0.016,0.253,-2.779,-176.7,11.87,2.88,1,0.346,10.22,0.2,-3.815,1,4,0.0721,0.0684,0.0647,0.0684
61.64,1,0.521,-0.75,0.17,3,79.2,20.57,0.07,-0.001,0.07,0.005,0.031,0.249,-2.78,-176.64,11.87,2.88,1,0.361,10.22,0.34,-3.815,1,4,0.0593,0.0741,0.0759,0.0704
61.741,1,0.51,-0.75,0.1,3,79.0,20.81,0.07,0.0038,0.071,-0.0,0.001,0.241,-2.78,-176.64,11.88,2.92,1,0.361,10.22,0.34,-3.815,1,4,0.0733,0.0715,0.0696,0.0696
61.775,1,0.565,-0.75,0.33,4,79.1,20.95,0.07,0.0049,0.072,-0.001,0.006,0.24,-2.78,-176.64,11.88,2.92,1,0.352,3.61,-11.11,-5.678,1,4,0.0751,0.0733,0.0696,0.0715
61.815,1,0.567,-0.75,0.35,4,79.1,20.95,0.07,0.001,0.071,0.0,0.007,0.236,-2.78,-176.64,11.88,2.92,1,0.366,3.61,-11.46,-1.609,1,4,0.0718,0.0699,0.0718,0.0718
61.844,1,0.576,-0.75,0.43,4,79.2,20.69,0.07,0.0007,0.07,0.001,0.024,0.234,-2.781,-176.59,11.88,2.92,1,0.366,3.61,-11.46,-1.609,1,4,0.0699,0.0699,0.0717,0.0681
61.878,1,0.575,-0.75,0.34,4,78.2,20.95,0.07,-0.0007,0.066,0.002,0.025,0.232,-2.781,-176.53,11.88,2.92,1,0.368,3.61,-11.47,-1.687,1,4,0.0644,0.0717,0.0644,0.0625
61.906,1,0.589,-0.25,0.23,4,78.2,20.52,0.07,0.0008,0.065,0.0,-0.004,0.231,-2.781,-176.53,11.88,2.92,1,0.374,4.21,-12.0,-3.227,1,4,0.0647,0.0721,0.0591,0.0647
61.942,1,0.6,0.0,0.34,4,78.1,21.03,0.07,-0.0036,0.063,-0.001,0.023,0.228,-2.781,-176.53,11.88,2.59,1,0.374,4.21,-12.0,-3.227,1,4,0.0591,0.0702,0.0536,0.0684
61.971,1,0.599,0.5,0.45,4,78.5,21.03,0.07,-0.0079,0.062,0.0,0.03,0.227,-2.781,-176.47,11.88,2.59,1,0.378,4.21,-10.58,-5.695,1,4,0.0574,0.0685,0.0555,0.0666
62.006,1,0.59,0.75,0.56,4,78.9,21.26,0.07,-0.015,0.065,0.003,0.024,0.224,-2.781,-176.41,11.88,2.59,1,0.378,4.21,-10.58,-5.695,1,4,0.0555,0.0722,0.0629,0.0685
62.043,1,0.571,0.75,0.83,4,79.0,21.3,0.07,-0.0196,0.065,0.005,0.003,0.222,-2.782,-176.36,11.88,2.59,1,0.371,6.61,-7.3,-4.482,1,4,0.0555,0.0703,0.0703,0.0647
62.072,1,0.571,0.75,0.79,4,78.7,20.69,0.07,-0.0231,0.067,0.005,0.015,0.22,-2.782,-176.36,11.88,2.59,1,0.371,6.61,-7.3,-4.482,1,4,0.0573,0.072,0.0702,0.0665
62.105,1,0.577,0.75,0.83,4,78.8,20.69,0.07,-0.0218,0.066,0.001,0.004,0.218,-2.782,-176.3,11.88,2.59,1,0.371,6.61,-7.3,-4.482,1,4,0.0609,0.0665,0.0665,0.0683
62.141,1,0.518,0.75,0.54,3,78.6,20.57,0.07,-0.0222,0.067,-0.0,-0.016,0.215,-2.782,-176.36,11.88,2.59,1,0.371,6.61,-7.3,-4.482,1,4,0.068,0.0662,0.0662,0.0662
62.171,1,0.524,0.75,0.54,3,78.6,20.57,0.07,-0.0168,0.068,-0.0,-0.018,0.214,-2.782,-176.36,11.88,2.59,1,0.806,11.63,-9.84,3.059,1,5,0.0716,0.068,0.068,0.0662
62.245,1,0.521,0.5,0.06,3,79.1,20.81,0.07,-0.0164,0.072,0.001,0.019,0.208,-2.783,-176.41,11.88,2.59,1,0.806,11.63,-9.84,3.059,1,5,0.0777,0.0703,0.0758,0.0629
62.277,1,0.525,0.75,0.54,3,78.9,20.57,0.07,-0.0049,0.07,0.001,0.022,0.205,-2.783,-176.36,11.88,2.59,1,0.84,11.15,-9.69,2.513,1,5,0.074,0.0722,0.0703,0.0629
62.305,1,0.527,1.0,0.25,3,78.8,20.96,0.07,-0.0165,0.068,0.001,0.018,0.204,-2.783,-176.36,11.88,2.59,1,0.84,11.15,-9.69,2.513,1,5,0.0684,0.0721,0.0666,0.0666
62.342,1,0.532,1.25,0.67,3,78.3,20.57,0.07,-0.0144,0.063,-0.001,-0.029,0.202,-2.783,-176.36,11.88,1.95,1,0.84,11.15,-9.69,2.513,1,5,0.061,0.0666,0.0573,0.0684
62.374,1,0.529,1.5,0.37,3,78.4,20.96,0.07,-0.0244,0.062,-0.001,-0.005,0.201,-2.783,-176.36,11.88,1.95,1,0.843,12.12,-8.99,0.114,1,5,0.0592,0.0647,0.0573,0.0666
62.405,1,0.533,1.75,0.14,3,78.0,20.81,0.07,-0.0217,0.062,0.001,0.017,0.198,-2.784,-176.36,11.88,1.95,1,0.828,13.09,-7.49,2.534,1,5,0.0574,0.0648,0.0611,0.0629
62.441,1,0.539,1.75,0.08,3,77.5,20.57,0.07,-0.0205,0.062,0.005,0.005,0.196,-2.784,-176.36,11.88,1.95,1,0.828,13.09,-7.49,2.534,1,5,0.0555,0.0648,0.0685,0.0592
62.47,1,0.537,1.5,0.31,3,77.1,20.81,0.07,-0.0185,0.063,0.004,-0.01,0.194,-2.784,-176.36,11.88,1.95,1,0.386,7.81,-7.45,0.0,0,4,0.0556,0.0648,0.0685,0.063
62.542,1,0.53,1.5,0.02,3,76.4,20.96,0.07,-0.019,0.065,-0.001,0.002,0.189,-2.784,-176.41,11.88,1.57,1,0.388,7.81,-6.59,-2.815,1,4,0.0648,0.0629,0.0648,0.0666
62.575,1,0.532,1.25,0.31,3,76.6,20.46,0.07,-0.0139,0.068,-0.002,-0.028,0.186,-2.784,-176.47,11.88,1.57,1,0.389,7.81,-6.59,-2.804,1,4,0.0703,0.0629,0.0666,0.0648
62.641,1,0.531,1.0,-0.11,3,73.5,20.96,0.07,-0.0162,0.072,-0.001,0.004,0.182,-2.784,-176.53,11.88,1.57,1,0.387,7.21,-7.98,-2.272,1,4,0.0796,0.0648,0.0759,0.0666
62.671,1,0.512,1.25,0.31,3,72.2,20.46,0.07,-0.0061,0.071,-0.001,0.007,0.18,-2.785,-176.53,11.88,1.57,1,0.844,11.63,-10.04,-0.96,1,5,0.0796,0.0666,0.074,0.0648
62.709,1,0.485,1.5,0.06,3,72.2,20.57,0.07,-0.0167,0.066,0.0,0.005,0.178,-2.785,-176.47,11.88,1.57,1,0.844,11.63,-10.04,-0.96,1,5,0.0722,0.0667,0.0667,0.0593
62.741,1,0.461,1.5,0.71,3,72.0,20.96,0.07,-0.0154,0.062,0.001,-0.014,0.176,-2.785,-176.53,11.9,0.98,1,0.912,9.21,-8.17,-2.042,1,5,0.0666,0.0666,0.0592,0.0555
62.772,1,0.559,1.75,1.61,4,73.1,20.52,0.07,-0.0265,0.061,0.002,-0.029,0.174,-2.785,-176.59,11.9,0.98,1,0.903,9.69,-7.85,-7.283,1,5,0.0611,0.0666,0.0592,0.0555
62.842,1,0.5,1.75,0.09,3,73.1,20.46,0.07,-0.0446,0.063,0.009,-0.025,0.169,-2.786,-176.64,11.9,0.98,1,0.901,12.6,-0.37,-2.86,1,5,0.0519,0.0667,0.0759,0.0556
62.874,1,0.513,1.75,-0.27,3,72.3,20.46,0.07,-0.0178,0.062,0.007,-0.013,0.168,-2.786,-176.7,11.9,0.98,1,0.874,15.99,-1.26,3.539,1,5,0.0537,0.063,0.0741,0.0556
62.908,1,0.52,1.75,-0.28,3,71.7,20.46,0.07,-0.0113,0.061,0.006,-0.019,0.166,-2.786,-176.7,11.9,0.98,1,0.872,15.03,-1.47,-0.714,1,5,0.0556,0.063,0.0704,0.0556
62.941,1,0.62,1.75,-0.25,4,70.5,20.33,0.07,-0.0112,0.064,0.001,-0.013,0.163,-2.787,-176.7,11.9,-0.81,1,0.919,12.12,0.32,-5.196,1,5,0.0629,0.0629,0.0666,0.0629
62.974,1,0.514,1.75,-0.28,3,69.9,20.46,0.07,-0.0115,0.066,0.001,-0.003,0.162,-2.787,-176.7,11.9,-0.81,1,0.928,11.63,-0.66,-5.639,1,5,0.0629,0.0648,0.0685,0.0666
63.042,1,0.614,1.25,-0.37,4,69.5,20.33,0.07,-0.011,0.07,0.0,-0.025,0.156,-2.787,-176.87,11.9,-0.81,1,0.91,14.06,4.58,-4.355,1,5,0.074,0.0666,0.074,0.0666
63.075,1,0.634,1.25,-0.22,4,70.5,20.78,0.07,-0.003,0.072,0.0,-0.021,0.155,-2.787,-176.87,11.9,-0.81,1,0.92,14.06,6.36,-4.166,1,5,0.0759,0.0666,0.0777,0.0666
63.109,1,0.528,1.0,-0.11,3,71.8,20.96,0.07,-0.0064,0.071,0.001,-0.026,0.152,-2.787,-176.93,11.9,-0.81,1,0.917,14.06,6.06,0.095,1,5,0.0741,0.0685,0.0759,0.0648
63.147,1,0.579,1.25,-0.3,4,71.7,20.78,0.07,-0.0057,0.068,0.0,-0.009,0.149,-2.787,-176.93,11.89,-1.77,1,0.922,14.06,3.95,-4.344,1,5,0.0741,0.0667,0.0704,0.0611
63.176,1,0.648,1.25,-0.04,4,71.3,20.78,0.07,-0.0057,0.066,0.0,-0.012,0.147,-2.788,-176.99,11.89,-1.77,1,0.921,14.06,3.96,-4.343,1,5,0.0722,0.0667,0.0667,0.0593
63.208,1,0.662,1.25,-0.45,4,71.0,20.45,0.07,-0.0104,0.066,0.0,-0.023,0.145,-2.788,-176.99,11.89,-1.77,1,0.921,14.06,3.96,-4.343,1,5,0.0703,0.0648,0.0685,0.0611
63.244,1,0.666,1.25,-0.36,4,71.0,20.33,0.07,-0.0033,0.069,0.003,-0.001,0.142,-2.788,-177.04,11.89,-1.77,1,0.914,14.06,3.97,-4.344,1,5,0.0629,0.0666,0.0777,0.0685
63.273,1,0.652,1.25,-0.36,4,70.9,20.33,0.07,-0.0048,0.068,0.006,-0.013,0.141,-2.788,-177.04,11.89,-1.77,1,0.913,14.06,3.98,-4.342,1,5,0.0592,0.0666,0.0815,0.0666
63.304,1,0.634,1.25,-0.35,4,70.5,20.03,0.07,-0.0049,0.068,0.005,-0.01,0.138,-2.789,-177.1,11.89,-1.77,1,0.91,14.06,3.99,-4.346,1,5,0.0611,0.0666,0.0796,0.0648
63.343,1,0.609,1.25,-0.4,4,69.0,20.03,0.07,-0.005,0.067,0.002,-0.017,0.136,-2.789,-177.16,11.89,-2.16,1,0.91,14.06,3.99,-4.346,1,5,0.0661,0.0643,0.0735,0.0625
63.374,1,0.602,1.25,-0.3,4,68.5,20.03,0.07,-0.0043,0.068,0.0,-0.014,0.134,-2.789,-177.16,11.89,-2.16,1,0.908,14.06,4.01,-4.342,1,5,0.0698,0.0643,0.0717,0.0643
63.408,1,0.612,1.0,-0.44,4,68.0,19.72,0.07,-0.006,0.071,-0.0,-0.017,0.131,-2.789,-177.22,11.89,-2.16,1,0.902,14.06,3.94,-2.766,1,5,0.0748,0.0675,0.0729,0.0675
63.442,1,0.622,0.75,-0.48,4,67.4,20.33,0.07,-0.0004,0.072,-0.001,-0.033,0.128,-2.789,-177.27,11.89,-2.16,1,0.898,13.57,4.4,-3.775,1,5,0.0789,0.0697,0.0734,0.0679
63.475,1,0.61,0.75,-0.6,4,67.5,20.32,0.07,0.003,0.073,-0.001,-0.036,0.125,-2.789,-177.33,11.89,-2.16,1,0.861,16.96,11.16,-3.427,1,5,0.0789,0.0698,0.0734,0.0679
63.505,1,0.591,0.75,-0.62,4,67.6,20.32,0.07,0.0047,0.071,-0.001,-0.016,0.124,-2.789,-177.33,11.89,-2.16,1,0.861,16.96,11.16,-3.427,1,5,0.0776,0.0702,0.0702,0.0665
63.54,1,0.593,0.75,-0.96,4,68.6,20.01,0.07,0.0049,0.069,0.0,0.075,0.121,-2.789,-177.27,11.89,-2.97,1,0.861,16.96,11.16,-3.427,1,5,0.0721,0.0684,0.0703,0.0647
63.572,1,0.628,0.75,-0.53,4,70.5,20.33,0.07,0.0105,0.069,0.001,0.036,0.12,-2.79,-177.22,11.89,-2.97,1,0.888,16.96,12.07,-1.446,1,5,0.0684,0.0703,0.0703,0.0666
63.603,1,0.667,0.75,-0.5,4,72.3,20.33,0.07,0.0029,0.067,0.002,-0.047,0.117,-2.79,-177.27,11.89,-2.97,1,0.893,16.96,12.5,-2.349,1,5,0.0611,0.0666,0.0703,0.0685
63.675,1,0.697,0.5,-0.84,4,76.2,20.08,0.07,0.0022,0.068,0.002,-0.007,0.112,-2.79,-177.39,11.89,-2.97,1,0.897,16.96,12.5,-2.336,1,5,0.0644,0.0698,0.0698,0.0662
63.708,1,0.703,0.25,-0.61,4,75.4,20.33,0.07,0.011,0.069,0.003,-0.016,0.111,-2.79,-177.39,11.89,-2.97,1,0.888,16.48,11.59,-4.32,1,5,0.0662,0.0698,0.0733,0.0662
63.738,1,0.708,0.25,-0.9,4,75.8,20.24,0.07,0.0099,0.07,0.002,-0.019,0.108,-2.79,-177.45,11.91,-2.2,1,0.891,16.48,11.15,-2.073,1,5,0.0703,0.0685,0.0759,0.0666
63.77,1,0.704,0.25,-0.9,4,74.1,20.24,0.07,0.0145,0.07,-0.0,-0.008,0.107,-2.79,-177.45,11.91,-2.2,1,0.891,16.48,11.15,-2.073,1,5,0.0722,0.0666,0.074,0.0685
63.805,1,0.699,0.25,-1.2,4,73.6,20.33,0.07,0.0141,0.074,-0.001,-0.005,0.104,-2.79,-177.45,11.91,-2.2,1,0.891,16.48,11.15,-2.073,1,5,0.0796,0.0703,0.074,0.0703
63.874,1,0.706,-0.25,-0.73,4,74.3,20.33,0.07,0.019,0.072,-0.002,-0.016,0.099,-2.79,-177.5,11.91,-2.2,1,0.892,15.99,11.34,-2.37,1,5,0.0778,0.0723,0.0667,0.0704
63.905,1,0.711,-0.25,-0.73,4,75.4,20.33,0.07,0.0166,0.068,-0.002,-0.003,0.097,-2.79,-177.5,11.91,-2.2,1,0.883,15.99,10.9,-1.468,1,5,0.0741,0.0704,0.0612,0.0667
63.974,1,0.713,0.25,-1.2,4,76.3,20.33,0.07,0.0158,0.067,0.0,0.086,0.093,-2.791,-177.39,11.91,-0.93,1,0.869,15.99,10.9,-1.473,1,5,0.0666,0.0648,0.0685,0.0666
64.007,1,0.721,0.25,-1.01,4,75.6,19.95,0.07,0.0178,0.067,0.0,-0.02,0.09,-2.791,-177.39,11.91,-0.93,1,0.874,15.99,11.35,-2.361,1,5,0.0629,0.0647,0.0703,0.0703
64.042,1,0.725,0.25,-1.01,4,75.1,19.95,0.07,0.0147,0.068,-0.0,-0.003,0.087,-2.791,-177.45,11.91,-0.93,1,0.845,14.54,11.95,-0.7,1,5,0.0647,0.0666,0.0703,0.0721
64.172,1,0.698,-0.25,-1.02,4,73.0,20.24,0.07,0.0153,0.072,0.0,-0.015,0.079,-2.791,-177.56,11.91,0.11,1,0.867,11.15,2.63,-3.336,1,5,0.0722,0.0685,0.0759,0.0703
64.207,1,0.703,-0.25,-1.14,4,73.7,19.95,0.07,0.0214,0.072,-0.0,-0.008,0.076,-2.791,-177.56,11.91,0.11,1,0.858,11.15,1.73,-5.417,1,5,0.074,0.0703,0.0722,0.0703
64.243,1,0.701,-0.75,-0.57,4,74.5,20.16,0.07,0.0231,0.071,-0.003,-0.024,0.073,-2.791,-177.56,11.91,0.11,1,0.858,11.15,0.79,-7.426,1,5,0.0757,0.0702,0.0665,0.072
64.274,1,0.686,-0.75,-1.16,4,74.7,20.16,0.07,0.0187,0.071,-0.003,-0.013,0.072,-2.791,-177.62,11.91,0.11,1,0.857,11.15,0.08,-3.529,1,5,0.0776,0.072,0.0628,0.0702
64.308,1,0.661,-0.75,-1.72,4,74.9,20.03,0.07,0.0284,0.07,-0.003,0.056,0.069,-2.791,-177.56,11.91,0.11,1,0.858,10.66,0.9,-3.934,1,5,0.0739,0.072,0.0609,0.072
64.372,1,0.636,-0.75,-1.05,4,74.7,20.16,0.07,0.0374,0.064,-0.001,0.056,0.065,-2.791,-177.27,11.91,-1.42,1,0.852,11.15,1.11,-6.778,1,5,0.0592,0.0684,0.0573,0.0721
64.402,1,0.551,-0.5,-0.75,3,74.8,19.97,0.07,0.0256,0.064,-0.003,0.02,0.062,-2.791,-177.22,11.91,-1.42,1,0.846,12.12,2.73,-2.225,1,5,0.0574,0.0685,0.0537,0.0759
64.473,1,0.67,-0.25,-1.35,4,75.1,20.16,0.07,0.0172,0.07,-0.003,0.014,0.058,-2.791,-177.22,11.91,-1.42,1,0.856,12.12,3.83,-3.303,1,5,0.0648,0.0685,0.0648,0.0815
64.502,1,0.653,-0.25,-1.59,4,75.2,20.03,0.07,0.0246,0.073,-0.001,-0.008,0.055,-2.792,-177.22,11.91,-1.42,1,0.851,12.12,4.78,-2.922,1,5,0.0704,0.0704,0.0741,0.0778
64.573,1,0.596,-0.25,-1.4,4,73.2,20.03,0.07,0.0295,0.076,-0.001,0.004,0.051,-2.792,-177.22,11.91,-2.7,1,0.845,12.12,4.74,-1.244,1,5,0.0796,0.074,0.0759,0.074
64.605,1,0.629,-0.25,-1.58,4,72.5,20.16,0.07,0.0264,0.076,-0.001,0.004,0.048,-2.792,-177.22,11.91,-2.7,1,0.788,15.99,6.78,-4.08,1,5,0.0796,0.0759,0.0741,0.0741
64.67,1,0.656,-0.25,-1.33,4,72.9,20.16,0.07,0.0297,0.076,0.0,-0.016,0.043,-2.792,-177.22,11.91,-2.7,1,0.828,16.48,13.93,-1.346,1,5,0.0759,0.0778,0.0741,0.0759
64.705,1,0.659,-0.25,-1.33,4,74.0,20.16,0.07,0.0254,0.075,-0.0,0.013,0.04,-2.792,-177.16,11.91,-2.7,1,0.828,16.48,13.93,-1.346,1,5,0.0759,0.0778,0.0722,0.0759
64.738,1,0.662,-0.25,-1.0,4,74.3,20.16,0.07,0.0254,0.075,0.0,0.072,0.038,-2.792,-177.1,11.88,-1.85,1,0.822,16.96,14.22,1.632,1,5,0.0759,0.0778,0.0722,0.0722
64.77,1,0.67,0.0,-1.24,4,75.1,19.91,0.07,0.0196,0.075,0.002,0.04,0.035,-2.793,-176.93,11.88,-1.85,1,0.822,16.96,14.22,1.632,1,5,0.0685,0.0815,0.0722,0.0759
64.806,1,0.687,0.25,-0.73,4,75.6,20.16,0.07,0.0209,0.075,-0.001,0.001,0.032,-2.793,-176.93,11.88,-1.85,1,0.822,16.96,14.22,1.632,1,5,0.0666,0.0796,0.0685,0.087
64.837,1,0.548,0.25,-0.56,3,75.2,19.85,0.07,0.009,0.074,-0.002,0.027,0.03,-2.793,-176.87,11.88,-1.85,1,0.806,17.93,17.42,0.0,0,5,0.0666,0.0758,0.0684,0.0869
64.902,1,0.635,0.0,-0.57,4,75.4,19.91,0.07,0.0067,0.074,0.001,0.007,0.025,-2.793,-176.81,11.88,-1.85,1,0.795,16.96,18.64,0.0,0,5,0.0685,0.0759,0.074,0.0759
64.974,1,0.694,0.25,-0.32,4,74.4,20.16,0.07,0.0102,0.073,0.0,-0.012,0.021,-2.793,-176.81,11.88,1.65,1,0.795,16.96,18.64,0.0,0,5,0.0735,0.0735,0.0735,0.0735
65.002,1,0.65,0.0,-0.57,4,73.4,19.91,0.07,0.0027,0.073,-0.001,0.0,0.018,-2.793,-176.81,11.88,1.65,1,0.768,11.15,11.62,0.0,0,5,0.0753,0.0716,0.0716,0.0734
65.041,1,0.589,0.0,-0.34,4,72.5,19.91,0.07,0.0104,0.071,-0.0,0.007,0.015,-2.794,-176.81,11.88,1.65,1,0.768,11.15,11.62,0.0,0,5,0.0722,0.0722,0.0685,0.0703
65.073,1,0.679,0.0,-0.18,4,73.7,19.78,0.07,0.0062,0.069,-0.001,-0.006,0.014,-2.793,-176.81,11.88,1.65,1,0.772,10.18,8.12,0.0,0,5,0.074,0.0722,0.0629,0.0666
65.105,1,0.633,0.0,-0.51,4,74.1,19.91,0.07,0.0034,0.068,-0.004,0.0,0.011,-2.793,-176.81,11.88,1.65,1,0.755,9.21,9.95,0.0,0,5,0.0721,0.0703,0.0573,0.0703
65.174,1,0.551,0.5,-0.49,3,74.2,19.59,0.07,0.0089,0.069,-0.004,0.063,0.008,-2.794,-176.7,11.88,4.13,1,0.752,6.3,4.6,0.0,0,5,0.0684,0.0703,0.0592,0.0777
65.207,1,0.645,0.5,-0.39,4,74.3,19.91,0.07,0.0028,0.074,-0.001,0.025,0.003,-2.794,-176.59,11.88,4.13,1,0.76,6.3,0.56,0.0,0,5,0.0624,0.0771,0.0679,0.0881
65.272,1,0.676,0.25,-0.38,4,74.9,20.33,0.07,0.0016,0.075,-0.001,0.009,0.0,-2.794,-176.53,11.88,4.13,1,0.761,6.3,7.23,0.0,0,5,0.0679,0.0789,0.0679,0.0844
65.374,1,0.652,0.25,-0.32,4,75.1,20.16,0.07,0.0045,0.072,-0.001,0.009,-0.007,-2.794,-176.53,11.88,4.88,1,0.772,6.3,10.58,0.0,0,5,0.0721,0.0721,0.0703,0.074
65.406,1,0.64,0.5,-0.63,4,74.9,19.91,0.07,0.0034,0.069,-0.0,0.005,-0.011,-2.794,-176.47,11.88,4.88,1,0.771,6.3,11.95,0.0,0,5,0.0739,0.072,0.0665,0.0647
65.471,1,0.69,0.5,0.12,4,75.9,19.91,0.07,0.0061,0.068,-0.003,-0.013,-0.014,-2.794,-176.47,11.88,4.88,1,0.768,6.3,13.15,0.0,0,5,0.0739,0.0702,0.061,0.0684
65.509,1,0.554,0.5,0.12,3,76.5,19.85,0.07,-0.007,0.071,-0.007,0.014,-0.018,-2.794,-176.47,11.88,4.88,1,0.772,2.42,11.97,0.0,0,5,0.0722,0.0685,0.0592,0.0833
65.576,1,0.559,1.0,0.25,3,76.2,19.85,0.07,-0.0068,0.076,0.0,0.058,-0.023,-2.795,-176.3,11.88,6.57,1,0.771,3.39,14.04,0.0,0,5,0.0666,0.0777,0.074,0.0851
65.607,1,0.649,1.0,-0.4,4,76.7,19.91,0.07,-0.0148,0.076,0.0,0.014,-0.026,-2.795,-176.3,11.88,6.57,1,0.771,3.39,14.04,0.0,0,5,0.0684,0.0777,0.0758,0.0832
65.675,1,0.642,0.75,-0.17,4,77.7,20.16,0.07,-0.0028,0.074,-0.001,0.004,-0.029,-2.795,-176.3,11.88,6.57,1,0.753,0.97,18.91,0.0,0,5,0.074,0.074,0.0722,0.0777
65.705,1,0.544,0.5,0.12,3,77.5,19.85,0.07,-0.0034,0.074,-0.003,-0.014,-0.032,-2.795,-176.36,11.88,6.57,1,0.751,-0.48,17.84,0.0,0,5,0.0796,0.0666,0.074,0.074
65.803,1,0.558,0.5,0.12,3,76.0,19.85,0.07,-0.0061,0.073,0.0,-0.05,-0.039,-2.795,-176.41,11.88,7.95,1,0.729,-0.48,21.49,0.0,0,5,0.079,0.0735,0.0735,0.068
65.906,1,0.546,1.0,0.25,3,78.5,19.85,0.07,-0.0065,0.069,-0.001,0.013,-0.046,-2.796,-176.47,11.88,7.95,1,0.735,-2.42,28.33,0.0,0,5,0.0667,0.0667,0.0685,0.0722
66.005,1,0.553,1.0,0.25,3,76.0,19.85,0.07,-0.014,0.07,0.002,-0.027,-0.053,-2.796,-176.47,11.88,10.62,1,0.741,-4.85,26.14,0.0,0,5,0.0666,0.0703,0.074,0.0703
66.074,1,0.542,0.75,-0.17,3,75.1,19.85,0.07,-0.0137,0.072,-0.0,-0.019,-0.057,-2.797,-176.59,11.88,10.62,1,0.755,-8.72,26.87,0.0,0,5,0.0758,0.0684,0.074,0.0684
66.104,1,0.542,0.75,0.09,3,75.0,20.2,0.07,-0.0031,0.073,-0.001,-0.0,-0.06,-2.797,-176.59,11.88,10.62,1,0.755,-8.72,26.87,0.0,0,5,0.0832,0.0702,0.0739,0.0665
66.173,1,0.548,0.5,0.12,3,75.7,19.85,0.07,-0.008,0.072,-0.001,-0.026,-0.064,-2.797,-176.64,11.88,12.9,1,0.754,-10.18,28.24,0.0,0,5,0.0836,0.0693,0.0711,0.0622
66.201,1,0.545,0.5,0.12,3,76.0,19.85,0.07,-0.0056,0.07,-0.001,-0.033,-0.067,-2.797,-176.7,11.88,12.9,1,0.751,-13.09,27.44,0.0,0,5,0.0782,0.0693,0.0675,0.064
66.269,1,0.538,0.5,-0.14,3,77.0,19.97,0.07,-0.0062,0.067,-0.001,-0.02,-0.071,-2.797,-176.81,11.88,12.9,1,0.751,-13.09,27.44,0.0,0,5,0.0702,0.0647,0.0684,0.0665
66.304,1,0.539,0.5,-0.23,3,76.2,20.2,0.07,-0.0017,0.068,0.002,-0.012,-0.073,-2.797,-176.81,11.88,12.9,1,0.751,-13.09,27.44,0.0,0,5,0.0661,0.0642,0.0752,0.0661
66.341,1,0.542,0.5,-0.23,3,75.7,20.2,0.07,-0.0002,0.069,0.004,0.0,-0.076,-2.798,-176.81,11.88,15.12,1,0.786,-17.45,32.67,0.0,0,5,0.0642,0.0678,0.0788,0.066
66.473,1,0.542,-0.25,-0.06,3,77.6,20.44,0.07,-0.0004,0.074,0.002,-0.041,-0.085,-2.799,-176.99,11.88,15.12,1,0.788,-17.93,34.02,0.0,0,5,0.0721,0.074,0.0777,0.0703
66.505,1,0.548,-0.25,-0.68,3,75.8,20.2,0.07,0.0055,0.075,0.003,-0.022,-0.088,-2.799,-177.04,11.88,15.12,1,0.792,-20.84,36.74,0.0,0,5,0.0776,0.0739,0.0813,0.0665
66.569,1,0.67,-0.75,-0.59,4,75.0,20.45,0.07,0.0152,0.072,0.002,-0.037,-0.092,-2.799,-177.1,11.88,17.69,1,0.806,-25.69,37.48,0.0,0,5,0.0771,0.0698,0.0771,0.0624
66.604,1,0.546,-0.75,-0.19,3,75.8,20.44,0.07,0.0197,0.068,-0.001,-0.047,-0.095,-2.799,-177.22,11.88,17.69,1,0.806,-25.69,37.48,0.0,0,5,0.0772,0.0661,0.068,0.0625
66.635,1,0.542,-0.75,-0.72,3,76.6,20.44,0.07,0.0117,0.068,-0.002,-0.031,-0.098,-2.799,-177.33,11.88,17.69,1,0.8,-26.17,39.67,0.0,0,5,0.074,0.0666,0.0666,0.0647
66.706,1,0.544,-0.25,-0.78,3,77.4,20.44,0.07,0.0199,0.07,0.003,0.036,-0.102,-2.8,-177.33,11.88,17.69,1,0.821,-27.63,36.61,0.0,0,5,0.0629,0.0647,0.0814,0.0703
66.77,1,0.54,-0.25,-0.32,3,77.1,20.46,0.07,0.0151,0.073,0.007,-0.01,-0.106,-2.8,-177.27,11.88,19.94,1,0.82,-26.17,37.68,0.0,0,5,0.0629,0.074,0.0869,0.0684
66.806,1,0.537,-0.25,-0.78,3,76.6,20.44,0.07,0.0074,0.076,0.004,-0.026,-0.109,-2.801,-177.39,11.88,19.94,1,0.82,-26.17,37.68,0.0,0,5,0.074,0.0795,0.0795,0.0703
66.835,1,0.518,-0.75,-1.42,3,76.8,20.46,0.07,0.0154,0.075,-0.0,-0.042,-0.113,-2.801,-177.45,11.88,19.94,1,0.841,-29.57,35.05,0.0,0,5,0.0814,0.0777,0.0758,0.0703
66.87,1,0.484,-0.75,-3.37,3,77.3,21.02,0.07,0.0327,0.077,-0.001,-0.016,-0.114,-2.801,-177.45,11.88,19.94,1,0.841,-29.57,35.05,0.0,0,5,0.0832,0.074,0.0777,0.074
66.903,1,0.485,-0.75,-3.55,3,78.3,21.02,0.07,0.0665,0.075,-0.0,-0.03,-0.117,-2.801,-177.5,11.88,19.94,1,0.841,-29.57,35.05,0.0,0,5,0.0813,0.0721,0.0776,0.0702
66.935,1,0.477,-0.75,-3.69,3,78.4,21.02,0.07,0.0692,0.073,0.001,-0.001,-0.12,-2.801,-177.56,11.88,19.94,1,0.835,-28.6,35.99,0.0,0,5,0.0777,0.074,0.0758,0.0703
67.007,1,0.5,-0.5,-3.12,3,78.9,21.02,0.07,0.0713,0.073,0.001,0.006,-0.124,-2.801,-177.5,11.88,20.09,1,0.815,-26.17,37.15,0.0,0,5,0.0721,0.0795,0.0684,0.0702
67.071,1,0.483,0.25,-2.28,3,80.0,23.26,0.07,0.0585,0.074,0.005,0.047,-0.129,-2.802,-177.39,11.88,20.09,1,0.815,-26.17,37.15,0.0,0,5,0.0571,0.0774,0.0811,0.0811
67.106,1,0.514,0.5,-1.59,4,80.6,26.53,0.07,0.0351,0.075,0.009,-0.02,-0.132,-2.803,-177.33,11.88,20.09,1,0.819,-24.23,37.16,0.0,0,5,0.0516,0.081,0.0866,0.081
67.134,1,0.527,0.5,-0.8,4,81.0,26.23,0.07,0.0205,0.076,0.01,-0.008,-0.133,-2.803,-177.39,11.88,20.09,1,0.819,-24.23,37.16,0.0,0,5,0.0553,0.0847,0.0866,0.0755
67.172,1,0.535,0.5,-0.19,4,81.5,26.27,0.07,0.0078,0.078,0.007,0.029,-0.136,-2.803,-177.33,11.88,23.13,1,0.819,-24.23,37.16,0.0,0,5,0.0661,0.0893,0.0804,0.075
67.207,1,0.552,0.5,0.17,4,81.6,26.3,0.07,-0.0023,0.079,0.002,0.01,-0.139,-2.803,-177.33,11.88,23.13,1,0.842,-24.72,28.27,0.0,0,5,0.0805,0.0858,0.0769,0.0733
67.304,1,0.566,0.5,2.38,4,82.9,24.07,0.07,-0.008,0.069,-0.002,0.035,-0.146,-2.803,-177.33,11.88,23.13,1,0.847,-25.2,21.87,0.0,0,5,0.0746,0.0728,0.0618,0.0673
67.404,1,0.508,0.5,5.6,4,82.6,26.61,0.098,-0.0462,0.068,-0.001,-0.002,-0.153,-2.803,-177.39,11.88,26.2,1,0.829,-18.42,17.8,0.0,0,5,0.0684,0.0629,0.0721,0.0703
67.434,1,0.482,0.5,6.36,4,82.7,28.52,0.0926,-0.1022,0.07,0.002,-0.018,-0.155,-2.804,-177.39,11.88,26.2,1,0.829,-19.39,16.6,0.0,0,5,0.0684,0.0666,0.0777,0.0684
67.502,1,0.479,-0.25,11.5,4,82.7,29.45,0.07,-0.1155,0.08,0.004,-0.025,-0.161,-2.804,-177.56,11.88,26.2,1,0.829,-19.39,16.6,0.0,0,5,0.0776,0.0776,0.0905,0.0739
67.533,1,0.352,-3.74,17.04,3,82.6,31.22,0.07,-0.196,0.085,0.001,-0.057,-0.163,-2.804,-177.62,11.88,26.2,1,0.847,-19.39,9.59,0.0,0,5,0.0869,0.0777,0.0943,0.0814
67.605,1,0.331,-5.74,19.29,3,82.7,33.67,0.07,-0.2564,0.088,-0.006,-0.089,-0.17,-2.804,-177.9,11.88,29.93,1,0.86,-19.87,1.94,0.0,0,5,0.1032,0.07,0.094,0.0848
67.636,1,0.441,-5.49,24.17,4,83.2,30.41,0.0768,-0.2721,0.085,-0.007,-0.09,-0.172,-2.804,-178.02,11.88,29.93,1,0.856,-20.36,0.16,0.0,0,5,0.1031,0.0663,0.0884,0.081
67.734,1,0.529,-5.24,25.68,4,83.6,27.49,0.07,-0.3685,0.082,-0.0,-0.145,-0.18,-2.804,-178.71,11.88,29.93,1,0.875,-27.14,-16.36,5.662,1,5,0.1123,0.0589,0.105,0.0534
67.804,1,0.533,-5.74,26.65,4,83.1,24.11,0.07,-0.3997,0.086,-0.006,-0.238,-0.187,-2.803,-179.85,11.88,39.83,1,0.875,-27.14,-16.36,5.662,1,5,0.1306,0.0423,0.1177,0.0515
67.837,1,0.617,-6.24,27.08,5,82.7,27.45,0.077,-0.4108,0.087,-0.004,-0.293,-0.19,-2.803,179.56,11.88,39.83,1,0.862,-36.84,-38.18,0.0,0,5,0.135,0.0388,0.1276,0.0481
67.905,1,0.642,-7.24,28.61,5,81.7,30.45,0.0911,-0.414,0.085,0.004,-0.277,-0.195,-2.804,178.65,11.88,39.83,1,0.862,-36.84,-38.18,0.0,0,5,0.1294,0.0444,0.1331,0.0333
67.934,1,0.628,-7.99,28.05,5,80.7,31.94,0.0838,-0.4292,0.086,0.005,-0.284,-0.197,-2.804,178.3,11.88,39.83,1,0.948,-38.78,-42.81,0.0,0,5,0.1276,0.0462,0.135,0.0333
68.006,1,0.647,-9.98,27.96,5,80.0,30.06,0.0865,-0.4143,0.095,0.003,-0.343,-0.205,-2.804,176.76,11.88,36.67,1,0.953,-40.71,-45.03,0.0,0,5,0.1422,0.0351,0.1606,0.0406
68.035,1,0.647,-8.49,26.76,5,80.6,30.95,0.0746,-0.3885,0.096,0.001,-0.311,-0.207,-2.803,176.41,11.88,36.67,1,0.952,-41.68,-46.61,0.0,0,5,0.1495,0.0332,0.1625,0.0406
68.102,1,0.726,-8.98,24.04,5,80.5,22.68,0.07,-0.389,0.096,-0.001,-0.366,-0.215,-2.803,174.69,11.88,36.67,1,0.952,-41.68,-46.61,0.0,0,5,0.1608,0.037,0.1516,0.0333
68.139,1,0.676,-10.98,23.78,5,79.3,22.19,0.07,-0.336,0.096,0.001,-0.302,-0.218,-2.803,173.95,11.88,26.45,1,0.952,-31.99,-37.48,0.0,0,5,0.1554,0.037,0.1572,0.0333
68.204,1,0.715,-5.49,19.24,5,80.7,22.04,0.07,-0.3103,0.091,0.006,-0.291,-0.224,-2.802,172.92,11.88,26.45,1,0.92,-28.6,-35.69,0.0,0,5,0.1351,0.037,0.1573,0.0352
68.235,1,0.691,-5.49,18.02,5,81.7,22.04,0.07,-0.3018,0.09,0.007,-0.315,-0.225,-2.802,172.57,11.88,26.45,1,0.876,-22.3,-27.54,0.0,0,5,0.135,0.0407,0.1535,0.0314
68.335,1,0.69,-5.74,16.66,5,80.5,21.46,0.07,-0.2701,0.078,0.016,-0.264,-0.235,-2.803,170.68,11.88,26.45,1,0.88,-15.51,-14.51,2.515,1,5,0.1183,0.0517,0.1404,0.0055
68.439,1,0.694,-6.24,15.29,5,80.0,21.6,0.07,-0.2404,0.076,0.006,-0.236,-0.243,-2.802,169.14,11.88,14.45,1,0.806,-2.91,9.0,4.678,1,5,0.1146,0.0407,0.122,0.0259
68.502,1,0.682,-5.74,14.27,5,79.3,21.6,0.07,-0.2103,0.079,0.011,-0.129,-0.248,-2.802,168.62,11.88,14.45,1,0.78,1.94,17.46,0.0,0,5,0.1068,0.0571,0.1215,0.0294
68.532,1,0.681,-5.24,13.71,5,79.4,21.6,0.07,-0.1988,0.079,0.011,-0.142,-0.249,-2.802,168.45,11.88,14.45,1,0.832,3.39,22.81,0.0,0,5,0.1013,0.0589,0.1215,0.035
68.639,1,0.675,-5.74,13.22,5,79.0,21.46,0.07,-0.1933,0.074,-0.007,-0.197,-0.258,-2.799,167.42,11.88,10.62,1,0.838,1.94,20.28,0.0,0,5,0.1,0.0464,0.0875,0.0625
68.731,1,0.699,-6.24,12.6,5,77.3,21.46,0.07,-0.1787,0.072,-0.007,-0.121,-0.264,-2.798,166.9,11.88,10.62,1,0.839,0.48,17.09,0.0,0,5,0.0997,0.0392,0.0908,0.057
68.805,1,0.626,-6.74,11.77,4,77.6,21.14,0.07,-0.1624,0.072,-0.005,-0.113,-0.269,-2.796,166.33,11.87,12.11,1,0.833,-0.48,16.21,0.0,0,5,0.0944,0.0444,0.0889,0.0592
68.832,1,0.612,-7.24,12.02,4,77.7,21.24,0.0772,-0.1422,0.068,-0.006,-0.115,-0.27,-2.795,166.22,11.87,12.11,1,0.808,-2.91,15.32,0.0,0,5,0.0889,0.0407,0.0852,0.0592
68.902,1,0.618,-7.99,11.4,4,77.9,20.7,0.07,-0.1422,0.067,-0.008,-0.119,-0.275,-2.793,165.7,11.87,12.11,1,0.808,-2.91,15.32,0.0,0,5,0.0941,0.0369,0.0812,0.0554
68.934,1,0.751,-8.24,10.65,5,77.6,21.46,0.0772,-0.123,0.068,-0.008,-0.131,-0.277,-2.793,165.58,11.87,12.11,1,0.842,-6.3,3.03,6.07,1,5,0.096,0.0388,0.0812,0.0554
69.033,1,0.646,-7.99,10.59,4,76.4,20.89,0.0912,-0.1101,0.071,0.001,-0.128,-0.284,-2.791,165.01,11.87,13.17,1,0.846,-7.27,2.28,4.995,1,5,0.0925,0.0592,0.0851,0.0481
69.132,1,0.646,-8.98,10.13,5,78.2,20.96,0.1122,-0.1182,0.079,-0.004,-0.173,-0.291,-2.789,164.38,11.87,13.17,1,0.849,-8.24,-1.15,5.419,1,5,0.0964,0.0537,0.0964,0.0704
69.203,1,0.731,-8.98,9.33,5,77.6,20.56,0.0766,-0.0935,0.09,-0.001,-0.159,-0.298,-2.787,163.69,11.87,13.97,1,0.851,-9.21,-2.8,7.732,1,5,0.1148,0.063,0.1148,0.0667
69.232,1,0.771,-8.98,9.14,5,76.6,20.56,0.0704,-0.0804,0.092,0.0,-0.132,-0.3,-2.786,163.52,11.87,13.97,1,0.823,-11.63,-4.71,5.179,1,5,0.1183,0.0665,0.1183,0.0665
69.299,1,0.791,-8.24,8.85,5,75.4,20.46,0.0912,-0.0779,0.097,0.003,-0.089,-0.308,-2.784,163.01,11.87,13.97,1,0.823,-11.63,-4.71,5.179,1,5,0.1164,0.0739,0.1256,0.0702
69.332,1,0.725,-7.74,8.41,5,75.5,20.46,0.1036,-0.0819,0.096,0.005,-0.072,-0.309,-2.784,162.89,11.87,13.97,1,0.823,-11.63,-4.71,5.179,1,5,0.111,0.0759,0.1258,0.0703
69.403,1,0.721,-7.49,9.17,5,76.2,20.44,0.07,-0.0791,0.091,0.008,-0.081,-0.317,-2.782,162.55,11.87,14.44,1,0.823,-11.63,-4.71,5.179,1,5,0.0962,0.0833,0.1147,0.0685
69.431,1,0.801,-7.24,9.01,5,75.8,20.44,0.07,-0.0948,0.09,0.006,-0.064,-0.318,-2.782,162.43,11.87,14.44,1,0.859,-13.57,-16.19,0.527,1,5,0.0999,0.0833,0.1092,0.0666
69.532,1,0.739,-7.49,8.51,5,74.1,20.44,0.1051,-0.0932,0.09,0.002,-0.065,-0.327,-2.779,161.8,11.87,14.44,1,0.859,-13.57,-16.19,0.527,1,5,0.1055,0.0833,0.1018,0.0703
69.631,1,0.608,-6.99,7.63,4,75.8,20.89,0.0804,-0.0811,0.085,-0.001,-0.085,-0.335,-2.777,161.4,11.87,14.81,1,0.871,-14.06,-22.26,0.0,0,5,0.0982,0.0667,0.1019,0.0741
69.667,1,0.617,-7.24,7.38,4,75.0,20.45,0.07,-0.0717,0.083,-0.003,-0.11,-0.338,-2.775,161.17,11.87,14.81,1,0.871,-14.06,-22.26,0.0,0,5,0.0981,0.0629,0.0981,0.074
69.734,1,0.6,-7.74,7.17,4,72.8,20.45,0.07,-0.0638,0.079,-0.004,-0.092,-0.342,-2.774,160.89,11.87,14.81,1,0.871,-14.06,-22.26,0.0,0,5,0.0961,0.0573,0.0924,0.0703
69.803,1,0.604,-7.24,6.74,4,74.5,20.33,0.07,-0.0545,0.072,-0.001,-0.053,-0.348,-2.772,160.54,11.86,11.44,1,0.855,-13.57,-24.41,0.0,0,5,0.087,0.0555,0.0851,0.0592
69.832,1,0.606,-6.99,6.37,4,75.5,20.58,0.07,-0.0535,0.069,0.002,-0.014,-0.349,-2.771,160.54,11.86,11.44,1,0.856,-11.15,-19.36,0.0,0,5,0.0833,0.0592,0.0833,0.0518
69.871,1,0.608,-6.74,6.25,4,76.1,20.45,0.07,-0.0497,0.068,0.006,-0.05,-0.352,-2.771,160.49,11.86,11.44,1,0.824,-6.79,-15.42,0.0,0,5,0.074,0.0685,0.0796,0.05
69.899,1,0.602,-6.74,6.31,4,75.7,20.45,0.07,-0.0504,0.066,0.006,-0.086,-0.354,-2.77,160.26,11.86,11.44,1,0.824,-6.79,-15.42,0.0,0,5,0.0686,0.0667,0.076,0.0519
69.931,1,0.596,-6.74,6.34,4,76.4,20.45,0.07,-0.0508,0.065,0.004,-0.101,-0.355,-2.77,160.14,11.86,11.44,1,0.824,-6.79,-15.42,0.0,0,5,0.0686,0.0611,0.0778,0.0537
69.965,1,0.594,-6.74,6.28,4,76.5,20.33,0.07,-0.0509,0.061,0.002,-0.117,-0.358,-2.769,159.91,11.86,6.9,1,0.824,-6.79,-15.42,0.0,0,5,0.07,0.0479,0.0792,0.0479
69.999,1,0.595,-6.99,5.92,4,76.5,20.7,0.07,-0.0496,0.058,0.002,-0.104,-0.36,-2.768,159.68,11.86,6.9,1,0.824,-6.79,-15.42,0.0,0,5,0.0736,0.0405,0.081,0.0386
70.035,1,0.602,-7.24,5.45,4,76.2,20.45,0.07,-0.0401,0.058,0.003,-0.112,-0.361,-2.768,159.57,11.86,6.9,1,0.824,-6.79,-15.42,0.0,0,5,0.0736,0.0423,0.081,0.0368
70.066,1,0.608,-7.49,5.38,4,75.5,20.89,0.07,-0.0291,0.061,-0.0,-0.097,-0.363,-2.767,159.28,11.86,6.9,1,0.82,-0.97,-0.33,-6.801,1,5,0.0814,0.0407,0.0796,0.0407
70.133,1,0.62,-7.99,4.9,4,74.9,20.58,0.07,-0.0256,0.062,-0.002,-0.097,-0.367,-2.765,158.94,11.86,6.9,1,0.82,-0.97,-0.33,-6.801,1,5,0.0851,0.0444,0.0758,0.0444
70.165,1,0.628,-8.24,5.15,4,75.6,20.45,0.07,-0.0116,0.062,-0.0,-0.05,-0.369,-2.765,158.77,11.86,2.59,1,0.824,1.45,6.54,-6.612,1,5,0.0795,0.0499,0.074,0.0444
70.201,1,0.631,-8.24,5.18,4,75.3,20.45,0.07,-0.0133,0.061,0.0,-0.03,-0.371,-2.764,158.71,11.86,2.59,1,0.824,1.45,6.54,-6.612,1,5,0.0721,0.0499,0.0721,0.048
70.231,1,0.641,-8.24,4.91,4,75.5,20.64,0.07,-0.0148,0.061,0.0,-0.051,-0.373,-2.763,158.65,11.86,2.59,1,0.797,3.88,7.07,0.0,0,5,0.0684,0.0481,0.0758,0.0536
70.268,1,0.619,-8.24,4.56,4,75.4,20.33,0.07,-0.0106,0.06,-0.001,-0.051,-0.375,-2.762,158.54,11.86,2.59,1,0.797,3.88,7.07,0.0,0,5,0.0665,0.0462,0.0702,0.0554
70.33,1,0.668,-8.73,4.27,5,75.3,20.46,0.07,-0.005,0.059,-0.003,-0.062,-0.378,-2.761,158.31,11.86,2.59,1,0.828,4.36,10.04,-6.285,1,5,0.074,0.0481,0.0647,0.0499
70.366,1,0.595,-9.23,4.99,4,75.0,20.45,0.07,0.0059,0.062,0.0,-0.057,-0.38,-2.76,158.19,11.86,0.13,1,0.828,4.36,10.04,-6.285,1,5,0.0721,0.0518,0.0721,0.0518
70.402,1,0.593,-9.23,4.52,4,74.4,20.33,0.07,-0.0008,0.063,0.002,-0.045,-0.383,-2.759,158.08,11.86,0.13,1,0.828,4.36,10.04,-6.285,1,5,0.0702,0.0535,0.0775,0.0517
70.431,1,0.595,-9.23,4.46,4,74.5,20.45,0.07,0.0062,0.066,0.002,-0.055,-0.384,-2.759,158.02,11.86,0.13,1,0.837,6.3,15.16,-5.12,1,5,0.072,0.0572,0.0794,0.0572
70.465,1,0.589,-9.48,4.19,4,74.2,20.7,0.07,0.0066,0.068,0.0,-0.084,-0.387,-2.757,157.79,11.86,0.13,1,0.837,6.3,15.16,-5.12,1,5,0.0776,0.0591,0.0776,0.0572
70.498,1,0.59,-9.73,4.29,4,74.1,20.45,0.07,0.014,0.067,-0.0,-0.075,-0.389,-2.757,157.62,11.86,0.13,1,0.837,6.3,15.16,-5.12,1,5,0.0795,0.0592,0.074,0.0555
70.531,1,0.592,-9.73,4.25,4,74.1,20.45,0.07,0.0147,0.065,0.0,-0.049,-0.39,-2.756,157.56,11.86,0.13,1,0.837,6.3,15.16,-5.12,1,5,0.0758,0.0573,0.0721,0.0536
70.565,1,0.594,-9.73,3.75,4,74.4,20.45,0.07,0.0147,0.064,0.0,-0.005,-0.393,-2.755,157.56,11.86,-1.27,1,0.837,6.3,15.16,-5.12,1,5,0.0703,0.0555,0.0721,0.0573
70.634,1,0.617,-9.48,3.83,4,75.0,20.7,0.07,0.0228,0.063,-0.0,-0.028,-0.396,-2.754,157.51,11.86,-1.27,1,0.84,8.72,16.95,-4.22,1,5,0.0642,0.0587,0.0679,0.0624
70.664,1,0.606,-9.48,3.97,4,75.3,20.7,0.07,0.0182,0.063,-0.001,-0.01,-0.399,-2.753,157.51,11.86,-1.27,1,0.844,8.72,16.96,-4.229,1,5,0.0661,0.0606,0.0642,0.0624
70.703,1,0.607,-9.48,3.94,4,75.4,20.7,0.07,0.0159,0.065,-0.001,-0.018,-0.401,-2.751,157.45,11.86,-1.27,1,0.844,8.72,16.96,-4.229,1,5,0.0685,0.0611,0.0666,0.0648
70.731,1,0.616,-9.48,3.96,4,75.3,20.58,0.07,0.0164,0.066,-0.001,-0.029,-0.402,-2.751,157.45,11.86,-1.27,1,0.839,8.72,16.55,-4.577,1,5,0.0685,0.0611,0.0685,0.0648
70.768,1,0.635,-9.23,3.58,4,75.7,20.33,0.07,0.0161,0.066,-0.001,-0.025,-0.405,-2.75,157.39,11.85,-1.6,1,0.839,8.72,16.55,-4.577,1,5,0.0699,0.0607,0.0699,0.0644
70.803,1,0.689,-9.23,3.46,5,75.8,20.46,0.07,0.0197,0.065,-0.0,0.032,-0.407,-2.749,157.39,11.85,-1.6,1,0.835,9.21,15.1,-4.412,1,5,0.068,0.0588,0.0699,0.0625
70.83,1,0.701,-8.98,3.42,5,76.5,20.96,0.07,0.0222,0.064,-0.001,0.022,-0.408,-2.748,157.39,11.85,-1.6,1,0.835,9.21,15.1,-4.412,1,5,0.068,0.057,0.068,0.0625
70.864,1,0.689,-8.73,3.49,5,76.5,20.46,0.07,0.0201,0.064,0.0,-0.031,-0.411,-2.747,157.39,11.85,-1.6,1,0.835,9.21,15.1,-4.412,1,5,0.0666,0.0629,0.0666,0.0611
70.93,1,0.681,-8.49,3.25,5,76.7,20.96,0.07,0.0165,0.064,-0.001,-0.04,-0.414,-2.746,157.22,11.85,-1.6,1,0.838,9.69,14.08,-4.652,1,5,0.0664,0.0664,0.059,0.0646
70.965,1,0.673,-8.49,3.27,5,77.3,20.96,0.07,0.0179,0.063,-0.003,0.019,-0.416,-2.745,157.22,11.85,-1.26,1,0.838,9.69,14.08,-4.652,1,5,0.0664,0.0627,0.0572,0.0645
71.035,1,0.678,-8.24,3.22,5,77.4,20.81,0.07,0.0186,0.063,0.0,-0.001,-0.42,-2.743,157.22,11.85,-1.26,1,0.846,9.69,12.74,-5.624,1,5,0.061,0.0592,0.0684,0.0647
71.068,1,0.676,-8.24,3.23,5,77.4,20.81,0.07,0.0167,0.064,-0.0,-0.01,-0.422,-2.742,157.22,11.85,-1.26,1,0.838,10.18,12.68,-5.576,1,5,0.0625,0.057,0.0699,0.0662
71.098,1,0.673,-8.24,3.21,5,78.0,20.81,0.07,0.0167,0.065,-0.0,-0.009,-0.424,-2.742,157.22,11.85,-1.26,1,0.836,10.18,12.28,-4.857,1,5,0.0644,0.0607,0.0681,0.0662
71.165,1,0.761,-7.99,3.27,5,78.7,20.56,0.07,0.0177,0.067,-0.002,-0.012,-0.427,-2.74,157.16,11.84,-1.26,1,0.83,10.18,12.27,-4.842,1,5,0.0697,0.0643,0.0661,0.0679
71.2,1,0.698,-7.74,3.33,5,78.7,20.81,0.07,0.0136,0.068,0.0,-0.013,-0.431,-2.739,157.11,11.84,-1.26,1,0.83,10.18,12.27,-4.842,1,5,0.0681,0.0645,0.0699,0.0681
71.235,1,0.702,-7.74,3.33,5,78.3,20.81,0.07,0.01,0.068,0.0,-0.013,-0.431,-2.739,157.11,11.84,-1.26,1,0.827,10.18,12.26,-4.834,1,5,0.0698,0.0644,0.0716,0.0662
71.264,1,0.698,-7.24,3.28,5,79.2,20.46,0.07,0.0106,0.066,-0.0,-0.011,-0.434,-2.737,157.16,11.84,-1.26,1,0.825,10.66,11.39,-3.178,1,5,0.0684,0.0647,0.0665,0.0647
71.335,1,0.724,-6.99,3.43,5,78.5,20.96,0.07,0.0063,0.066,-0.002,-0.029,-0.437,-2.736,157.11,11.84,-1.26,1,0.826,11.15,11.24,-4.924,1,5,0.0722,0.0685,0.0593,0.0648
71.365,1,0.707,-6.99,3.14,5,78.2,20.96,0.07,0.0013,0.068,-0.001,0.006,-0.44,-2.734,156.99,11.84,-1.26,1,0.833,11.15,11.09,-3.649,1,5,0.0722,0.0722,0.0629,0.0666
71.433,1,0.693,-6.49,3.1,5,77.7,20.96,0.07,0.0072,0.068,0.001,0.026,-0.443,-2.733,157.05,11.84,-1.26,1,0.851,11.63,9.47,-3.321,1,5,0.0629,0.0666,0.0703,0.0703
71.465,1,0.701,-6.49,3.01,5,77.4,20.96,0.07,0.0022,0.066,0.001,-0.003,-0.445,-2.732,157.05,11.84,-1.26,1,0.846,11.63,9.2,-3.869,1,5,0.061,0.0629,0.0703,0.0684
71.534,1,0.712,-6.24,3.45,5,77.7,20.46,0.07,0.0048,0.065,0.0,-0.006,-0.449,-2.731,157.05,11.84,-1.26,1,0.822,12.12,9.63,-0.766,1,5,0.0648,0.0666,0.0648,0.0648
71.564,1,0.701,-5.99,3.15,5,78.1,20.96,0.07,-0.0054,0.067,0.0,-0.007,-0.452,-2.73,156.99,11.84,-0.81,1,0.823,12.12,8.58,-2.893,1,5,0.0666,0.0666,0.0684,0.0666
71.632,1,0.746,-5.99,3.37,5,78.0,20.96,0.07,-0.0023,0.068,0.002,-0.018,-0.455,-2.728,156.93,11.84,-0.81,1,0.826,12.12,8.9,-2.385,1,5,0.0683,0.0647,0.0757,0.0647
71.663,1,0.744,-5.49,3.35,5,78.0,20.96,0.07,-0.0059,0.068,0.001,0.027,-0.458,-2.727,156.93,11.84,-0.81,1,0.83,12.12,7.95,-3.001,1,5,0.0757,0.0628,0.0757,0.0591
71.701,1,0.719,-4.99,3.44,5,78.1,20.96,0.07,-0.0114,0.071,-0.003,-0.04,-0.462,-2.725,156.82,11.84,-0.81,1,0.83,12.12,7.95,-3.001,1,5,0.0851,0.0684,0.0666,0.0629
71.732,1,0.678,-4.99,3.49,5,78.4,20.96,0.07,-0.018,0.071,-0.003,-0.04,-0.462,-2.725,156.82,11.84,-0.81,1,0.845,12.6,7.85,-2.491,1,5,0.0851,0.0684,0.0666,0.0629
71.765,1,0.593,-4.99,4.9,5,78.6,20.96,0.07,-0.0179,0.067,-0.001,-0.024,-0.465,-2.724,156.76,11.84,0.44,1,0.845,12.12,7.97,-4.397,1,5,0.07,0.0664,0.0664,0.0664
71.802,1,0.603,-4.99,5.18,5,79.0,20.96,0.07,-0.0421,0.064,0.003,0.015,-0.468,-2.723,156.76,11.84,0.44,1,0.845,12.12,7.97,-4.397,1,5,0.059,0.059,0.0737,0.0626
71.832,1,0.615,-4.74,4.69,5,79.5,20.46,0.07,-0.0464,0.064,0.003,0.015,-0.468,-2.723,156.76,11.84,0.44,1,0.845,12.12,7.97,-4.386,1,5,0.059,0.059,0.0737,0.0626
71.867,1,0.718,-4.49,3.1,5,78.9,20.96,0.07,-0.0404,0.061,0.003,-0.018,-0.47,-2.722,156.7,11.84,0.44,1,0.846,12.12,7.97,-4.401,1,5,0.0573,0.0573,0.0721,0.0591
71.898,1,0.752,-4.49,3.07,5,78.9,20.96,0.07,-0.0156,0.06,0.002,-0.014,-0.472,-2.721,156.7,11.84,0.44,1,0.821,10.66,7.23,-0.752,1,5,0.0591,0.0591,0.0665,0.0573
71.931,1,0.751,-4.49,3.06,5,78.9,20.96,0.07,-0.0143,0.061,0.001,-0.018,-0.474,-2.721,156.65,11.84,0.44,1,0.821,10.66,7.23,-0.752,1,5,0.0626,0.0589,0.0662,0.057
71.965,1,0.735,-4.49,2.59,5,79.2,20.96,0.07,-0.0137,0.062,0.002,-0.043,-0.476,-2.72,156.59,11.84,0.3,1,0.821,10.66,7.23,-0.752,1,5,0.0602,0.0602,0.0675,0.0584
72.003,1,0.671,-4.49,3.4,5,79.1,20.96,0.07,-0.0054,0.066,0.001,-0.025,-0.48,-2.718,156.47,11.84,0.3,1,0.821,10.66,7.23,-0.752,1,5,0.0641,0.0623,0.0715,0.0641
72.064,1,0.686,-4.49,2.14,5,78.1,20.96,0.07,-0.0192,0.069,0.0,-0.038,-0.482,-2.717,156.42,11.84,0.3,1,0.853,8.24,0.38,-3.795,1,5,0.0739,0.0628,0.0758,0.0647
72.101,1,0.766,-4.49,1.85,5,77.6,20.96,0.07,0.0028,0.069,-0.0,-0.065,-0.486,-2.715,156.3,11.84,0.3,1,0.853,8.24,0.38,-3.795,1,5,0.0795,0.0665,0.0721,0.0591
72.133,1,0.815,-4.49,2.09,5,77.5,20.96,0.07,0.008,0.069,-0.0,-0.065,-0.486,-2.715,156.3,11.84,0.3,1,0.86,7.76,-0.26,-5.471,1,5,0.0795,0.0665,0.0721,0.0591
72.169,1,0.795,-4.49,1.17,5,77.0,20.96,0.07,0.0038,0.07,-0.001,-0.001,-0.489,-2.714,156.25,11.84,-0.95,1,0.862,7.27,-0.81,-3.815,1,5,0.0777,0.0703,0.0684,0.0647
72.269,1,0.741,-3.49,0.42,5,77.4,20.44,0.07,0.02,0.071,0.003,0.014,-0.497,-2.711,156.36,11.84,-0.95,1,0.848,11.15,6.42,-0.312,1,5,0.0625,0.0698,0.079,0.0735
72.334,1,0.838,-2.75,0.51,5,77.9,20.46,0.07,0.0219,0.071,0.004,0.01,-0.499,-2.71,156.36,11.84,-0.95,1,0.847,10.66,6.48,-0.43,1,5,0.0643,0.0753,0.0735,0.0698
72.364,1,0.835,-2.5,-0.51,5,78.3,20.2,0.07,0.0123,0.071,0.001,0.008,-0.503,-2.708,156.42,11.84,-2.6,1,0.845,11.63,6.01,-4.06,1,5,0.0685,0.0759,0.0685,0.0703
72.433,1,0.834,-2.0,-0.25,5,78.3,20.56,0.07,0.029,0.071,0.001,-0.008,-0.506,-2.707,156.42,11.84,-2.6,1,0.845,11.63,6.01,-4.06,1,5,0.0703,0.074,0.0703,0.0703
72.467,1,0.817,-1.75,-0.86,5,77.7,20.46,0.07,0.0193,0.073,-0.004,0.007,-0.509,-2.706,156.42,11.84,-2.6,1,0.849,15.51,14.13,-0.229,1,5,0.0795,0.074,0.0647,0.074
72.53,1,0.748,2.99,-2.06,5,77.5,20.44,0.07,0.0287,0.074,-0.002,0.03,-0.513,-2.704,156.53,11.84,-2.6,1,0.861,15.51,14.14,-0.216,1,5,0.0812,0.0794,0.0646,0.072
72.569,1,0.789,-1.5,-1.03,5,78.3,20.56,0.07,-0.0056,0.077,0.0,0.005,-0.516,-2.703,156.53,11.84,-2.36,1,0.859,15.51,15.05,-1.201,1,5,0.0756,0.083,0.072,0.0775
72.63,1,0.795,-1.0,-0.81,5,78.3,20.56,0.07,0.0341,0.078,0.002,0.035,-0.52,-2.701,156.65,11.84,-2.36,1,0.855,15.99,14.29,-0.827,1,5,0.0666,0.0777,0.0814,0.0851
72.669,1,0.791,-1.0,-0.85,5,78.5,20.56,0.07,0.0234,0.074,0.002,0.004,-0.523,-2.7,156.65,11.84,-2.36,1,0.863,16.48,15.28,-0.187,1,5,0.0647,0.074,0.0795,0.0795
72.731,1,0.779,-1.0,-0.5,5,78.3,20.81,0.07,0.0239,0.073,0.001,0.009,-0.527,-2.698,156.7,11.84,-2.36,1,0.863,16.48,15.28,-0.187,1,5,0.0684,0.0758,0.074,0.0758
72.767,1,0.787,-1.0,-0.58,5,78.1,20.96,0.07,0.0179,0.074,0.0,-0.001,-0.53,-2.697,156.7,11.82,0.26,1,0.863,16.48,15.28,-0.187,1,5,0.0721,0.0758,0.074,0.0758
72.797,1,0.792,-1.0,-0.91,5,77.5,20.56,0.07,0.0192,0.075,-0.002,0.013,-0.532,-2.696,156.7,11.82,0.26,1,0.848,13.57,11.68,1.365,1,5,0.0796,0.074,0.0722,0.074
72.832,1,0.79,-1.0,-0.86,5,77.6,20.56,0.07,0.0248,0.075,-0.003,0.013,-0.534,-2.695,156.7,11.82,0.26,1,0.848,13.57,11.68,1.365,1,5,0.0815,0.074,0.0703,0.074
72.866,1,0.787,-1.0,-0.85,5,78.0,20.96,0.07,0.0241,0.075,-0.005,-0.013,-0.536,-2.693,156.7,11.82,0.26,1,0.86,13.09,9.22,-1.242,1,5,0.087,0.0778,0.063,0.0741
72.933,1,0.783,-1.0,-0.57,5,79.1,20.96,0.07,0.0238,0.076,-0.003,-0.025,-0.541,-2.692,156.7,11.82,0.26,1,0.861,12.6,9.7,-2.273,1,5,0.0795,0.0814,0.0647,0.0777
72.968,1,0.788,-1.0,-0.52,5,79.2,20.81,0.07,0.0189,0.076,0.0,-0.018,-0.543,-2.69,156.65,11.82,2.45,1,0.857,9.69,1.09,-2.694,1,5,0.074,0.0777,0.0758,0.0777
73.031,1,0.797,-1.0,-0.52,5,79.5,20.81,0.07,0.0181,0.077,0.003,-0.003,-0.548,-2.689,156.65,11.82,2.45,1,0.855,9.69,1.08,-2.702,1,5,0.074,0.074,0.0851,0.074
73.066,1,0.802,-1.0,-0.79,5,79.2,20.56,0.07,0.0181,0.075,0.004,-0.012,-0.55,-2.688,156.59,11.82,2.45,1,0.855,9.69,1.08,-2.702,1,5,0.0684,0.074,0.0832,0.074
73.132,1,0.791,-1.0,-0.81,5,78.7,20.96,0.07,0.0228,0.073,0.001,-0.005,-0.554,-2.686,156.65,11.82,2.45,1,0.857,9.69,1.08,-2.698,1,5,0.0683,0.072,0.0757,0.0739
73.17,1,0.79,-1.0,-0.83,5,78.9,20.56,0.07,0.0231,0.072,-0.002,-0.006,-0.557,-2.685,156.59,11.81,2.14,1,0.861,9.69,1.09,-2.691,1,5,0.0739,0.0702,0.0702,0.0739
73.232,1,0.802,-0.5,-0.75,5,78.5,20.96,0.07,0.0235,0.07,-0.003,0.037,-0.561,-2.683,156.76,11.81,2.14,1,0.866,9.69,0.8,-3.33,1,5,0.074,0.0703,0.0629,0.0721
73.268,1,0.8,-0.5,-0.82,5,78.1,20.96,0.07,0.0162,0.073,-0.002,-0.005,-0.564,-2.682,156.76,11.81,2.14,1,0.865,10.18,2.8,-3.742,1,5,0.074,0.0778,0.0648,0.0759
73.332,1,0.8,-0.5,-0.75,5,78.7,20.56,0.0772,0.018,0.08,-0.001,0.015,-0.568,-2.68,156.76,11.81,2.14,1,0.865,10.18,2.8,-3.742,1,5,0.0758,0.0832,0.074,0.0869
73.368,1,0.795,-0.5,-0.8,5,79.3,20.96,0.0916,0.0172,0.079,-0.001,0.018,-0.571,-2.679,156.82,11.81,0.96,1,0.863,10.18,2.8,-3.742,1,5,0.074,0.0777,0.0777,0.0851
73.433,1,0.809,-0.5,-0.72,5,79.7,20.56,0.1086,0.0182,0.078,0.002,0.002,-0.575,-2.677,156.82,11.81,0.96,1,0.863,10.66,2.31,-2.676,1,5,0.074,0.0759,0.0833,0.0777
73.469,1,0.811,-0.5,-0.71,5,79.8,20.56,0.1121,0.0172,0.08,0.001,0.011,-0.578,-2.675,156.88,11.81,0.96,1,0.862,10.66,2.33,-2.666,1,5,0.0758,0.0795,0.0814,0.0814
73.533,1,0.816,-0.5,-0.52,5,80.1,20.96,0.1176,0.0178,0.087,-0.004,0.084,-0.583,-2.673,157.05,11.81,0.96,1,0.853,11.15,2.62,-4.889,1,5,0.0869,0.0887,0.0777,0.0961
73.567,1,0.821,0.0,-0.59,5,80.9,20.56,0.0978,0.0136,0.097,-0.006,-0.008,-0.587,-2.671,157.11,11.81,0.25,1,0.853,11.15,2.62,-4.889,1,5,0.0979,0.1016,0.0794,0.109
73.597,1,0.826,0.0,-0.55,5,81.0,20.56,0.0978,0.0086,0.108,-0.008,0.031,-0.591,-2.669,157.16,11.81,0.25,1,0.858,11.63,3.54,-2.644,1,5,0.1108,0.1127,0.0868,0.1219
73.629,1,0.835,0.0,-0.0,5,81.1,20.2,0.0978,0.0084,0.112,-0.006,0.031,-0.593,-2.668,157.22,11.81,0.25,1,0.858,11.63,3.54,-2.644,1,5,0.1107,0.1163,0.0941,0.1255
73.699,1,0.833,0.25,-0.18,5,79.6,20.46,0.0978,-0.0006,0.115,0.001,-0.001,-0.602,-2.665,157.33,11.81,0.25,1,0.846,11.63,4.21,-2.72,1,5,0.1072,0.1164,0.1164,0.1257
73.768,1,0.809,0.0,-0.6,5,78.9,20.56,0.07,0.0002,0.107,0.0,0.02,-0.608,-2.662,157.33,11.79,-0.1,1,0.863,11.63,5.04,-6.077,1,5,0.1018,0.1036,0.111,0.111
73.796,1,0.801,0.0,-0.2,5,78.2,20.44,0.07,0.0108,0.104,-0.002,-0.078,-0.611,-2.66,157.22,11.79,-0.1,1,0.858,11.63,4.51,-0.442,1,5,0.1091,0.1017,0.1017,0.1017
73.831,1,0.798,0.0,-0.63,5,78.9,20.56,0.07,0.0037,0.103,-0.003,-0.055,-0.613,-2.659,157.16,11.79,-0.1,1,0.858,11.63,4.51,-0.442,1,5,0.1128,0.1035,0.0961,0.0998
73.866,1,0.793,0.0,-0.58,5,79.2,20.56,0.07,0.0112,0.099,-0.004,0.007,-0.617,-2.658,157.16,11.79,-0.1,1,0.864,11.63,3.53,-2.666,1,5,0.1054,0.1017,0.0887,0.0998
73.965,1,0.777,1.75,-2.1,5,77.9,20.81,0.07,0.0103,0.087,-0.0,0.019,-0.625,-2.654,157.33,11.79,-0.83,1,0.866,14.54,11.65,-1.317,1,5,0.079,0.0845,0.0881,0.0955
73.996,1,0.798,0.0,-0.14,5,77.8,20.56,0.07,0.0148,0.079,-0.003,0.028,-0.627,-2.653,157.39,11.79,-0.83,1,0.866,14.54,12.06,-2.168,1,5,0.0771,0.0753,0.0771,0.0881
74.064,1,0.791,0.0,-0.04,5,77.9,20.2,0.07,0.0031,0.072,-0.004,0.003,-0.631,-2.651,157.51,11.79,-0.83,1,0.866,14.54,12.06,-2.168,1,5,0.074,0.0721,0.0647,0.0777
74.096,1,0.797,0.0,-0.0,5,78.2,20.56,0.07,0.0012,0.068,-0.002,-0.021,-0.634,-2.65,157.45,11.79,-0.83,1,0.857,15.03,11.54,-2.789,1,5,0.0703,0.0703,0.0611,0.0722
74.167,1,0.803,0.0,-0.1,5,77.8,20.2,0.07,0.0002,0.064,-0.002,0.005,-0.637,-2.649,157.45,11.8,0.84,1,0.861,14.54,12.02,-2.186,1,5,0.0629,0.0629,0.0611,0.0703
74.196,1,0.802,0.25,-0.33,5,77.7,20.2,0.07,0.002,0.062,-0.003,0.004,-0.639,-2.648,157.45,11.8,0.84,1,0.859,15.03,11.53,-2.776,1,5,0.0629,0.0629,0.0555,0.0685
74.266,1,0.798,0.5,-0.51,5,77.8,20.44,0.07,0.0031,0.062,-0.004,0.023,-0.643,-2.646,157.45,11.8,0.84,1,0.862,15.51,11.06,-1.801,1,5,0.0647,0.0665,0.0499,0.0665
74.296,1,0.794,0.25,-0.26,5,78.1,20.44,0.07,0.0032,0.062,0.0,0.009,-0.645,-2.645,157.45,11.8,0.84,1,0.862,15.51,11.06,-1.801,1,5,0.061,0.0666,0.0592,0.0629
74.367,1,0.794,0.5,-0.49,5,78.0,20.44,0.07,0.0022,0.061,0.001,-0.002,-0.648,-2.644,157.56,11.8,1.96,1,0.86,15.51,11.05,-3.32,1,5,0.0574,0.0593,0.0648,0.063
74.465,1,0.801,0.5,-0.25,5,77.8,20.81,0.07,0.0036,0.059,-0.001,0.019,-0.654,-2.641,157.62,11.8,1.96,1,0.861,12.12,5.17,-3.671,1,5,0.0592,0.0592,0.0573,0.061
74.497,1,0.804,0.5,-0.01,5,78.8,20.56,0.07,-0.0004,0.059,-0.003,0.014,-0.656,-2.64,157.68,11.8,1.96,1,0.859,12.6,4.7,-2.643,1,5,0.0592,0.0555,0.0555,0.0648
74.565,1,0.794,0.75,-0.08,5,78.7,20.46,0.07,-0.0045,0.063,-0.005,0.026,-0.66,-2.638,157.68,11.8,2.87,1,0.862,12.6,6.15,-6.014,1,5,0.0629,0.0592,0.0574,0.0722
74.663,1,0.783,0.75,0.11,5,78.4,20.56,0.07,-0.0059,0.064,-0.004,-0.027,-0.665,-2.636,157.68,11.8,2.87,1,0.866,13.09,6.39,-3.629,1,5,0.0679,0.0715,0.05,0.0679
74.695,1,0.789,0.5,0.03,5,78.1,20.96,0.07,-0.0089,0.064,-0.004,0.014,-0.667,-2.635,157.68,11.8,2.87,1,0.863,12.6,6.88,-4.587,1,5,0.071,0.0692,0.0497,0.0657
74.763,1,0.795,0.5,0.01,5,78.0,20.56,0.07,-0.0047,0.064,-0.001,0.03,-0.671,-2.633,157.74,11.8,2.19,1,0.848,12.6,7.23,-2.482,1,5,0.0643,0.0625,0.0643,0.0662
74.795,1,0.783,0.5,0.05,5,77.7,20.56,0.07,-0.0045,0.063,-0.0,0.026,-0.672,-2.633,157.74,11.8,2.19,1,0.848,12.6,7.25,-4.018,1,5,0.0609,0.059,0.0664,0.0664
74.833,1,0.773,0.5,0.18,5,77.6,20.56,0.07,-0.0052,0.061,-0.0,0.012,-0.674,-2.632,157.79,11.8,2.19,1,0.838,12.6,7.02,-4.615,1,5,0.0608,0.0608,0.0608,0.0627
74.865,1,0.773,0.5,0.13,5,77.0,20.56,0.07,-0.0075,0.059,-0.002,0.052,-0.676,-2.631,157.91,11.8,2.19,1,0.838,12.6,7.02,-4.615,1,5,0.059,0.059,0.0534,0.0627
74.895,1,0.784,0.5,0.09,5,76.5,20.96,0.07,-0.0066,0.059,-0.003,0.004,-0.678,-2.63,157.91,11.8,2.19,1,0.833,13.09,7.42,-1.608,1,5,0.0608,0.059,0.0516,0.0627
74.964,1,0.801,0.75,-0.11,5,77.3,20.46,0.07,-0.0059,0.063,-0.006,-0.002,-0.682,-2.628,157.91,11.8,1.85,1,0.824,13.09,9.05,2.524,1,5,0.0666,0.0536,0.061,0.0703
75.066,1,0.78,1.5,0.3,5,76.9,20.81,0.07,-0.0051,0.073,-0.003,-0.021,-0.689,-2.625,157.91,11.8,1.85,1,0.807,13.57,13.16,0.0,0,5,0.0778,0.0759,0.0648,0.0741
75.093,1,0.777,1.25,0.48,5,77.0,20.46,0.07,-0.0216,0.074,-0.004,-0.001,-0.69,-2.624,157.91,11.8,1.85,1,0.807,13.57,13.16,0.0,0,5,0.0815,0.0778,0.0611,0.0741
75.167,1,0.789,1.25,0.02,5,77.1,20.46,0.07,-0.0203,0.068,-0.002,-0.003,-0.695,-2.622,157.85,11.81,5.78,1,0.811,8.24,4.14,0.0,0,5,0.0721,0.0647,0.0666,0.0684
75.192,1,0.795,1.25,-0.01,5,77.1,20.44,0.07,-0.0122,0.067,0.0,0.004,-0.696,-2.622,157.85,11.81,5.78,1,0.811,8.24,4.14,0.0,0,5,0.0666,0.0629,0.0703,0.0666
75.264,1,0.794,1.0,0.43,5,77.0,20.44,0.07,-0.0114,0.063,0.002,0.002,-0.701,-2.62,157.91,11.81,5.78,1,0.81,4.36,-2.24,0.0,0,5,0.0629,0.0629,0.0666,0.0592
75.295,1,0.787,1.0,0.61,5,76.8,20.56,0.07,-0.0158,0.062,-0.001,-0.031,-0.703,-2.619,157.85,11.81,5.78,1,0.814,4.36,-0.29,0.0,0,5,0.0629,0.0629,0.0629,0.0592
75.365,1,0.795,0.75,0.27,5,76.4,20.56,0.07,-0.0192,0.064,-0.004,-0.01,-0.707,-2.617,157.79,11.81,6.54,1,0.814,4.36,-0.29,0.0,0,5,0.0661,0.0569,0.0642,0.0697
75.464,1,0.8,0.75,0.09,5,75.8,20.56,0.07,-0.0108,0.072,-0.0,0.001,-0.713,-2.614,157.74,11.81,6.54,1,0.819,3.88,2.47,0.0,0,5,0.0735,0.0698,0.0735,0.0716
75.565,1,0.828,1.25,0.37,5,77.1,20.56,0.07,-0.0082,0.074,0.0,-0.031,-0.72,-2.612,157.74,11.81,6.54,1,0.822,3.88,2.67,0.0,0,5,0.0735,0.0772,0.0699,0.0735
75.594,1,0.832,1.5,0.08,5,77.3,20.56,0.07,-0.0194,0.072,-0.002,0.01,-0.721,-2.611,157.74,11.81,6.54,1,0.823,4.36,6.6,0.0,0,5,0.0753,0.0753,0.0643,0.0735
75.693,1,0.841,1.75,0.05,5,77.9,20.46,0.07,-0.0158,0.068,0.004,-0.035,-0.728,-2.609,157.91,11.81,6.54,1,0.798,4.85,12.16,0.0,0,5,0.0663,0.07,0.0736,0.0626
75.764,1,0.864,1.75,0.22,5,78.0,20.56,0.07,-0.0177,0.067,0.0,-0.024,-0.733,-2.607,157.74,11.83,6.88,1,0.798,4.85,12.16,0.0,0,5,0.0717,0.0589,0.0754,0.0625
75.793,1,0.86,1.75,0.18,5,77.8,20.56,0.07,-0.0202,0.069,-0.0,-0.02,-0.734,-2.606,157.74,11.83,6.88,1,0.797,4.85,16.44,0.0,0,5,0.0722,0.0629,0.074,0.0666
75.862,1,0.85,2.0,-0.18,5,76.7,20.56,0.07,-0.0193,0.072,0.0,-0.019,-0.74,-2.604,157.68,11.83,6.88,1,0.797,4.85,16.44,0.0,0,5,0.0722,0.0722,0.0722,0.0703
75.894,1,0.844,2.0,-0.23,5,76.1,20.56,0.07,-0.0159,0.071,-0.0,0.002,-0.741,-2.603,157.68,11.83,6.88,1,0.805,1.94,16.99,0.0,0,5,0.0719,0.0701,0.0701,0.0701
75.928,1,0.819,4.24,-2.35,5,75.3,20.56,0.07,-0.0147,0.071,-0.002,-0.012,-0.743,-2.602,157.68,11.83,6.88,1,0.805,1.94,16.99,0.0,0,5,0.0738,0.0719,0.0646,0.0719
75.995,1,0.829,4.99,-3.07,5,74.8,20.56,0.07,-0.0025,0.07,-0.001,0.106,-0.749,-2.6,157.85,11.83,8.03,1,0.804,2.42,20.9,0.0,0,5,0.0685,0.074,0.0611,0.074
76.059,1,0.844,3.99,-1.46,5,75.0,21.11,0.07,0.0042,0.065,-0.0,0.003,-0.752,-2.598,157.91,11.83,8.03,1,0.816,2.91,24.4,0.0,0,5,0.0611,0.0685,0.0611,0.0703
76.098,1,0.804,6.24,-3.24,5,74.5,21.11,0.07,-0.0105,0.065,-0.003,-0.017,-0.755,-2.597,157.85,11.83,8.03,1,0.816,2.91,24.4,0.0,0,5,0.0667,0.063,0.0611,0.0704
76.166,1,0.818,6.24,-3.23,5,74.3,20.56,0.07,-0.0037,0.069,-0.001,-0.004,-0.758,-2.596,157.85,11.84,8.89,1,0.826,1.94,29.61,0.0,0,5,0.0701,0.0629,0.0719,0.0701
76.195,1,0.82,6.49,-3.37,5,74.1,20.56,0.07,-0.0031,0.069,-0.0,-0.011,-0.759,-2.595,157.85,11.84,8.89,1,0.826,1.94,29.61,0.0,0,5,0.0694,0.0641,0.073,0.0676
76.263,1,0.841,6.24,-2.46,5,74.2,20.56,0.07,-0.0018,0.07,0.001,-0.015,-0.765,-2.593,157.85,11.84,8.89,1,0.83,0.0,27.23,0.0,0,5,0.0689,0.0707,0.0707,0.0689
76.365,1,0.853,5.74,-2.07,5,74.5,20.56,0.07,-0.0135,0.069,-0.002,-0.003,-0.771,-2.591,157.74,11.84,12.47,1,0.825,-0.97,27.38,0.0,0,5,0.074,0.074,0.0611,0.0685
76.393,1,0.878,4.49,-0.6,5,75.0,20.44,0.07,-0.0139,0.069,-0.001,0.019,-0.772,-2.59,157.74,11.84,12.47,1,0.837,-4.85,28.31,0.0,0,5,0.074,0.0722,0.0629,0.0666
76.462,1,0.874,4.49,-0.26,5,74.7,20.56,0.07,-0.0263,0.069,0.002,-0.011,-0.778,-2.588,157.85,11.84,12.47,1,0.837,-4.85,28.31,0.0,0,5,0.0662,0.0699,0.0718,0.0662
76.493,1,0.878,4.24,-0.27,5,74.6,20.56,0.07,-0.0336,0.069,0.001,-0.004,-0.779,-2.588,157.85,11.84,12.47,1,0.839,-8.72,23.16,0.0,0,5,0.0662,0.0699,0.0718,0.0699
76.528,1,0.876,3.99,-0.36,5,74.1,20.56,0.07,-0.0314,0.069,-0.002,-0.027,-0.781,-2.586,157.79,11.84,12.47,1,0.839,-8.72,23.16,0.0,0,5,0.0683,0.0628,0.072,0.0739
76.56,1,0.882,2.99,0.48,5,74.1,20.56,0.07,-0.027,0.072,-0.003,0.006,-0.784,-2.585,157.74,11.84,16.28,1,0.839,-8.72,23.16,0.0,0,5,0.0722,0.063,0.0759,0.0778
76.596,1,0.883,2.99,0.87,5,74.2,19.97,0.07,-0.0308,0.072,-0.003,0.001,-0.787,-2.584,157.74,11.84,16.28,1,0.839,-8.72,23.16,0.0,0,5,0.0721,0.0629,0.0758,0.0777
76.627,1,0.872,2.99,1.05,5,73.9,20.0,0.07,-0.0393,0.074,-0.002,-0.023,-0.788,-2.583,157.74,11.84,16.28,1,0.834,-15.03,19.02,0.0,0,5,0.074,0.0666,0.0759,0.0777
76.662,1,0.853,3.24,0.46,5,73.2,20.2,0.07,-0.0431,0.074,-0.0,-0.019,-0.791,-2.582,157.68,11.84,16.28,1,0.834,-15.03,19.02,0.0,0,5,0.0759,0.074,0.074,0.074
76.696,1,0.825,6.49,-1.93,5,73.0,20.2,0.07,-0.0366,0.075,-0.0,-0.022,-0.794,-2.581,157.62,11.84,16.28,1,0.848,-17.45,12.87,0.0,0,5,0.0777,0.0777,0.0722,0.074
76.761,1,0.855,3.24,-0.58,5,74.6,20.44,0.07,-0.0318,0.073,-0.0,-0.009,-0.798,-2.579,157.56,11.84,16.54,1,0.841,-17.45,12.24,0.0,0,5,0.0815,0.0741,0.0704,0.0648
76.797,1,0.84,4.99,-1.93,5,74.6,20.56,0.07,-0.0145,0.071,0.002,-0.001,-0.8,-2.578,157.51,11.84,16.54,1,0.841,-17.45,12.24,0.0,0,5,0.0778,0.0704,0.0759,0.0611
76.864,1,0.828,5.99,-2.65,5,74.2,20.44,0.07,-0.0128,0.072,0.001,-0.056,-0.804,-2.577,157.39,11.84,16.54,1,0.795,-20.36,11.47,0.0,0,5,0.0759,0.0648,0.0815,0.0648
76.897,1,0.844,5.74,-2.86,5,74.4,20.2,0.07,-0.0122,0.072,-0.002,-0.034,-0.807,-2.576,157.33,11.84,16.54,1,0.811,-20.36,14.61,0.0,0,5,0.0778,0.0648,0.0778,0.0685
76.927,1,0.837,6.49,-2.73,5,74.3,20.0,0.07,-0.004,0.071,-0.002,-0.039,-0.808,-2.575,157.28,11.84,16.54,1,0.81,-18.42,18.47,0.0,0,5,0.0777,0.0611,0.0759,0.0685
76.96,1,0.845,4.99,-2.53,5,74.6,20.2,0.07,-0.0151,0.07,0.0,-0.06,-0.811,-2.574,157.16,11.84,15.1,1,0.81,-18.42,18.47,0.0,0,5,0.0759,0.0629,0.0777,0.0629
76.996,1,0.847,3.49,-1.42,5,74.3,20.2,0.07,0.0005,0.068,0.003,-0.029,-0.813,-2.573,157.16,11.84,15.1,1,0.81,-18.42,18.47,0.0,0,5,0.0738,0.0609,0.0793,0.0609
77.059,1,0.839,5.24,-2.51,5,74.9,20.56,0.07,-0.0026,0.071,0.001,-0.031,-0.818,-2.572,157.05,11.84,15.1,1,0.809,-15.99,22.93,0.0,0,5,0.072,0.0683,0.0757,0.0664
77.097,1,0.86,2.99,-1.16,5,74.8,20.56,0.07,-0.0056,0.071,0.002,-0.057,-0.819,-2.571,156.99,11.84,15.1,1,0.809,-15.99,22.93,0.0,0,5,0.0704,0.0722,0.0741,0.0667
77.126,1,0.855,2.75,-0.86,5,75.4,20.44,0.07,-0.0018,0.071,0.003,-0.038,-0.821,-2.57,156.88,11.84,15.1,1,0.816,-14.06,25.49,0.0,0,5,0.0685,0.074,0.074,0.0666
77.161,1,0.851,2.75,-0.88,5,74.5,20.44,0.07,-0.0049,0.072,0.005,0.005,-0.824,-2.569,156.88,11.82,15.96,1,0.816,-14.06,25.49,0.0,0,5,0.0682,0.0738,0.0793,0.0664
77.197,1,0.831,5.74,-2.16,5,74.3,21.42,0.07,-0.0063,0.073,0.005,0.025,-0.826,-2.569,156.93,11.82,15.96,1,0.817,-11.15,26.59,0.0,0,5,0.0693,0.073,0.0839,0.0675
77.259,1,0.838,4.74,0.01,5,73.9,22.04,0.07,-0.0192,0.074,0.003,-0.044,-0.831,-2.566,156.82,11.82,15.96,1,0.811,-10.18,26.53,0.0,0,5,0.077,0.0715,0.0825,0.066
77.294,1,0.829,4.49,0.71,5,73.8,22.04,0.07,-0.0434,0.074,0.001,-0.061,-0.833,-2.566,156.76,11.82,15.96,1,0.811,-10.18,26.53,0.0,0,5,0.0797,0.0704,0.0797,0.0648
77.365,1,0.816,3.49,2.13,5,74.2,21.42,0.07,-0.0525,0.069,0.001,-0.074,-0.838,-2.564,156.42,11.82,18.82,1,0.815,-9.69,29.23,0.0,0,5,0.076,0.0574,0.0834,0.0593
77.394,1,0.825,2.0,3.78,5,74.1,20.96,0.07,-0.065,0.067,0.003,-0.083,-0.839,-2.563,156.36,11.82,18.82,1,0.815,-9.69,29.23,0.0,0,5,0.0741,0.0556,0.0834,0.0537
77.426,1,0.827,1.75,4.88,5,74.0,21.42,0.07,-0.0774,0.066,0.003,-0.08,-0.841,-2.562,156.13,11.82,18.82,1,0.832,-10.18,24.79,0.0,0,5,0.074,0.0592,0.0796,0.0518
77.498,1,0.835,1.5,7.07,5,74.3,21.42,0.07,-0.097,0.066,0.006,-0.041,-0.846,-2.561,155.84,11.82,18.82,1,0.811,-12.12,22.88,0.0,0,5,0.0703,0.0647,0.0777,0.0499
77.53,1,0.833,1.25,7.68,5,74.0,20.81,0.07,-0.1337,0.065,0.006,-0.042,-0.848,-2.56,155.84,11.82,18.82,1,0.811,-12.12,22.88,0.0,0,5,0.0685,0.0629,0.0796,0.05
77.563,1,0.821,0.75,8.75,5,73.9,21.42,0.07,-0.1418,0.068,0.004,-0.065,-0.85,-2.559,155.67,11.82,24.73,1,0.792,-15.51,21.88,0.0,0,5,0.0722,0.0592,0.0852,0.0555
77.594,1,0.822,0.25,10.17,5,74.2,21.42,0.07,-0.1554,0.068,0.001,-0.102,-0.851,-2.559,155.56,11.82,24.73,1,0.792,-15.51,21.88,0.0,0,5,0.0759,0.0537,0.0833,0.0574
77.627,1,0.829,-0.5,10.98,5,74.3,21.42,0.07,-0.1758,0.069,-0.0,-0.103,-0.854,-2.557,155.33,11.82,24.73,1,0.782,-19.39,22.12,0.0,0,5,0.0851,0.0518,0.0851,0.0537
77.664,1,0.815,-1.25,11.97,5,73.4,21.42,0.07,-0.1825,0.068,-0.0,-0.122,-0.857,-2.556,155.04,11.82,24.73,1,0.78,-20.36,20.16,0.0,0,5,0.0906,0.0481,0.0869,0.0462
77.691,1,0.818,-2.0,12.77,5,73.5,21.42,0.07,-0.1913,0.067,0.001,-0.125,-0.858,-2.556,154.93,11.82,24.73,1,0.78,-20.36,20.16,0.0,0,5,0.0924,0.0481,0.0887,0.0407
77.729,1,0.808,-2.75,13.3,5,73.5,21.6,0.07,-0.1989,0.066,-0.0,-0.175,-0.86,-2.555,154.53,11.82,24.73,1,0.78,-20.36,20.16,0.0,0,5,0.096,0.0425,0.0886,0.0369
77.794,1,0.793,-4.74,14.8,5,72.8,21.02,0.07,-0.2027,0.064,-0.001,-0.154,-0.863,-2.553,153.95,11.83,28.86,1,0.794,-27.14,18.26,0.0,0,5,0.0961,0.0369,0.0887,0.0351
77.859,1,0.796,-6.49,15.49,5,71.4,21.02,0.07,-0.2087,0.067,0.002,-0.184,-0.868,-2.551,153.15,11.83,28.86,1,0.804,-27.63,17.02,0.0,0,5,0.0924,0.0351,0.1017,0.037
77.895,1,0.782,-7.74,15.95,5,70.7,21.02,0.07,-0.2027,0.067,0.0,-0.212,-0.869,-2.55,152.92,11.83,28.86,1,0.793,-32.96,21.03,0.0,0,5,0.0962,0.0314,0.1017,0.037
77.925,1,0.783,-8.98,15.78,5,71.0,21.11,0.0771,-0.1992,0.065,-0.003,-0.211,-0.872,-2.549,152.41,11.83,28.86,1,0.793,-32.96,21.03,0.0,0,5,0.1,0.0278,0.0963,0.0352
77.993,1,0.794,-9.73,15.61,5,71.1,21.11,0.0965,-0.187,0.064,-0.002,-0.187,-0.875,-2.547,151.78,11.83,29.75,1,0.781,-35.38,22.35,0.0,0,5,0.0981,0.0259,0.0981,0.0333
78.029,1,0.793,-9.48,15.07,5,70.7,21.02,0.0901,-0.178,0.066,0.001,-0.176,-0.878,-2.546,151.32,11.83,29.75,1,0.777,-35.87,24.26,0.0,0,5,0.0961,0.0351,0.0998,0.0333
78.065,1,0.783,-9.48,14.39,5,70.6,20.96,0.0879,-0.1738,0.074,0.004,-0.158,-0.881,-2.544,150.92,11.83,29.75,1,0.752,-36.84,30.75,0.0,0,5,0.0995,0.0479,0.1087,0.0405
78.091,1,0.787,-9.48,14.31,5,70.1,20.96,0.0847,-0.1629,0.078,0.005,-0.162,-0.882,-2.543,150.75,11.83,29.75,1,0.752,-36.84,30.75,0.0,0,5,0.1005,0.053,0.1133,0.0439
78.194,1,0.771,-9.48,13.26,5,69.2,20.96,0.0997,-0.1635,0.09,-0.001,-0.153,-0.89,-2.539,149.89,11.84,27.97,1,0.76,-38.78,36.21,0.0,0,5,0.1222,0.0602,0.1169,0.0602
78.261,1,0.769,-8.98,12.68,5,68.9,20.96,0.0984,-0.1456,0.094,0.003,-0.149,-0.896,-2.535,149.08,11.84,27.97,1,0.789,-38.78,40.51,0.0,0,5,0.1234,0.0737,0.1216,0.059
78.293,1,0.771,-8.73,12.38,5,68.9,21.02,0.096,-0.1415,0.094,0.005,-0.115,-0.898,-2.535,148.97,11.84,27.97,1,0.798,-39.74,43.38,0.0,0,5,0.1192,0.0752,0.1229,0.0587
78.325,1,0.76,-8.73,12.43,5,68.8,20.81,0.0965,-0.1388,0.094,0.009,-0.165,-0.901,-2.533,148.68,11.84,27.97,1,0.811,-39.74,45.38,0.0,0,5,0.112,0.0771,0.1286,0.0569
78.394,1,0.753,-8.73,11.65,5,69.1,21.02,0.0776,-0.139,0.097,0.004,-0.177,-0.906,-2.53,148.05,11.84,28.73,1,0.763,-40.71,48.17,0.0,0,5,0.1184,0.0703,0.1314,0.0685
78.424,1,0.756,-8.73,11.08,5,69.2,20.56,0.07,-0.1251,0.095,0.0,-0.16,-0.91,-2.528,147.59,11.84,28.73,1,0.742,-41.68,49.1,0.0,0,5,0.1222,0.0629,0.1277,0.0685
78.462,1,0.765,-8.73,10.97,5,68.9,21.02,0.07,-0.1152,0.092,0.003,-0.177,-0.913,-2.526,147.19,11.84,28.73,1,0.742,-41.68,49.1,0.0,0,5,0.1197,0.0645,0.1253,0.059
78.497,1,0.783,-8.73,10.56,5,69.4,21.02,0.07,-0.1131,0.089,0.004,-0.158,-0.914,-2.525,146.96,11.84,28.73,1,0.733,-42.17,50.76,0.0,0,5,0.1124,0.0627,0.1235,0.0571
78.527,1,0.788,-8.73,10.18,5,69.3,20.46,0.079,-0.1059,0.087,0.009,-0.14,-0.917,-2.524,146.62,11.84,28.73,1,0.737,-42.65,52.05,0.0,0,5,0.1051,0.0682,0.1235,0.0516
78.562,1,0.787,-8.98,9.72,5,69.2,20.44,0.0792,-0.0991,0.082,0.01,-0.138,-0.92,-2.522,146.33,11.84,31.57,1,0.764,-43.62,53.94,0.0,0,5,0.0963,0.0667,0.1185,0.0481
78.698,1,0.776,-8.98,8.89,5,69.3,20.96,0.0888,-0.0885,0.082,0.001,-0.117,-0.93,-2.516,145.3,11.84,31.57,1,0.79,-47.5,55.19,0.0,0,5,0.1054,0.0666,0.0999,0.0573
78.724,1,0.774,-8.73,8.6,5,68.9,20.81,0.0723,-0.0741,0.084,0.001,-0.089,-0.931,-2.515,145.19,11.84,31.57,1,0.711,-45.56,59.18,0.0,0,5,0.1055,0.0685,0.1018,0.0592
78.761,1,0.781,-8.49,8.22,5,68.8,20.56,0.0789,-0.0723,0.086,0.005,-0.025,-0.934,-2.514,145.07,11.85,34.59,1,0.711,-45.56,59.18,0.0,0,5,0.1036,0.074,0.1017,0.061
78.794,1,0.78,-8.24,8.05,5,68.9,20.81,0.0923,-0.0682,0.086,0.006,-0.05,-0.936,-2.513,145.02,11.85,34.59,1,0.73,-47.98,55.75,0.0,0,5,0.0971,0.0733,0.1099,0.0623
78.826,1,0.785,-7.99,8.1,5,69.4,20.44,0.0836,-0.0679,0.085,0.005,-0.134,-0.939,-2.511,144.84,11.85,34.59,1,0.782,-47.5,55.28,0.0,0,5,0.0917,0.0679,0.1119,0.0679
78.863,1,0.788,-7.99,8.01,5,69.5,21.02,0.085,-0.0715,0.086,0.004,-0.097,-0.942,-2.509,144.56,11.85,34.59,1,0.782,-47.5,55.28,0.0,0,5,0.0951,0.0695,0.1098,0.0695
78.895,1,0.795,-7.99,7.73,5,69.5,21.02,0.0834,-0.0693,0.087,0.003,-0.132,-0.943,-2.508,144.44,11.85,34.59,1,0.807,-47.01,50.98,0.0,0,5,0.0979,0.072,0.1071,0.0702
78.926,1,0.8,-7.74,7.38,5,69.2,21.02,0.0837,-0.0639,0.09,0.002,-0.07,-0.946,-2.506,144.16,11.85,34.59,1,0.842,-45.08,50.8,0.0,0,5,0.1071,0.0757,0.1071,0.0683
78.994,1,0.676,-7.49,5.71,5,68.3,21.02,0.0781,-0.0602,0.089,0.0,-0.067,-0.95,-2.503,143.93,11.85,37.73,1,0.838,-43.14,48.6,0.0,0,5,0.1038,0.0741,0.1038,0.0741
79.062,1,0.62,-7.24,6.14,4,68.3,20.79,0.07,-0.0334,0.087,0.001,-0.05,-0.956,-2.499,143.64,11.85,37.73,1,0.851,-40.23,45.75,0.0,0,5,0.0939,0.0736,0.1012,0.0773
79.094,1,0.719,-7.24,10.87,5,68.5,21.02,0.0706,-0.0437,0.085,0.002,-0.056,-0.957,-2.498,143.58,11.85,37.73,1,0.841,-39.26,45.28,0.0,0,5,0.0921,0.0736,0.0994,0.0736
79.127,1,0.763,-7.24,13.92,5,68.1,20.81,0.07,-0.1256,0.081,0.004,-0.034,-0.96,-2.496,143.47,11.85,37.73,1,0.838,-36.84,44.12,0.0,0,5,0.0828,0.0699,0.0994,0.0718
79.164,1,0.713,-6.99,14.08,5,68.5,21.11,0.07,-0.1786,0.077,0.001,-0.043,-0.962,-2.494,143.41,11.85,41.63,1,0.834,-34.9,44.25,0.0,0,5,0.0849,0.0683,0.0886,0.0665
79.193,1,0.571,-6.74,16.12,4,68.5,25.25,0.07,-0.1843,0.076,0.002,-0.058,-0.963,-2.493,143.3,11.85,41.63,1,0.835,-34.9,43.52,0.0,0,5,0.0847,0.0682,0.0866,0.0626
79.227,1,0.557,-6.74,16.97,4,68.7,25.85,0.07,-0.2227,0.073,0.001,-0.085,-0.966,-2.492,143.18,11.85,41.63,1,0.837,-33.93,42.11,0.0,0,5,0.088,0.0696,0.0788,0.0568
79.26,1,0.606,-6.99,19.33,5,69.0,20.96,0.07,-0.2368,0.073,0.0,-0.114,-0.968,-2.49,142.9,11.85,41.63,1,0.843,-34.41,39.47,0.0,0,5,0.0879,0.0677,0.0787,0.0567
79.294,1,0.696,-6.74,21.59,5,69.3,20.56,0.07,-0.2745,0.073,0.0,-0.117,-0.969,-2.489,142.72,11.85,41.63,1,0.845,-36.84,34.25,0.0,0,5,0.0895,0.0639,0.0822,0.0548
79.396,1,0.484,-8.24,26.97,4,68.3,29.3,0.07,-0.3166,0.073,0.0,-0.207,-0.976,-2.484,141.52,11.85,45.0,1,0.842,-34.9,24.24,0.0,0,5,0.1035,0.0333,0.1128,0.0407
79.43,1,0.484,-9.23,29.89,4,67.6,29.89,0.07,-0.3926,0.072,-0.001,-0.232,-0.977,-2.483,141.23,11.85,45.0,1,0.841,-34.41,22.03,0.0,0,5,0.1091,0.0296,0.111,0.037
79.461,1,0.567,-10.48,31.87,5,67.4,29.38,0.07,-0.4242,0.074,-0.006,-0.229,-0.98,-2.48,140.66,11.85,45.0,1,0.841,-34.41,22.03,0.0,0,5,0.122,0.0259,0.1109,0.037
79.494,1,0.602,-11.73,33.2,5,66.3,29.19,0.07,-0.4242,0.074,-0.006,-0.229,-0.98,-2.48,140.66,11.85,45.0,1,0.838,-33.93,21.44,0.0,0,5,0.122,0.0259,0.1109,0.037
79.524,1,0.618,-13.23,34.35,5,66.0,24.45,0.07,-0.4242,0.077,-0.009,-0.309,-0.983,-2.477,139.63,11.85,45.0,1,0.837,-33.44,19.38,0.0,0,5,0.1384,0.0203,0.1163,0.0332
79.598,1,0.623,-16.97,36.91,5,67.1,27.55,0.07,-0.4242,0.066,-0.002,-0.461,-0.987,-2.474,137.8,11.85,45.0,1,0.838,-34.9,13.57,0.0,0,5,0.1366,0.0,0.131,0.0074
79.626,1,0.595,-19.72,38.67,5,67.2,27.44,0.07,-0.4242,0.066,-0.0,-0.397,-0.988,-2.473,137.34,11.85,45.0,1,0.838,-34.9,13.57,0.0,0,5,0.1367,-0.0055,0.1367,-0.0037
79.693,1,0.251,-6.86,43.21,4,72.4,27.89,0.07,-0.4242,0.068,-0.003,-0.421,-0.99,-2.471,136.36,11.85,45.0,1,0.841,-35.87,7.97,0.0,0,5,0.1415,-0.0036,0.1343,0.0
79.723,1,0.26,-8.17,42.14,4,72.7,27.32,0.07,-0.4242,0.069,-0.004,-0.433,-0.992,-2.468,135.39,11.85,45.0,1,0.844,-38.29,1.56,0.0,0,5,0.1469,-0.0036,0.1342,0.0
79.794,1,0.635,-23.21,39.13,5,70.1,26.27,0.07,-0.4242,0.071,-0.002,-0.399,-0.995,-2.465,134.01,11.87,45.0,1,0.844,-40.23,-5.82,0.0,0,5,0.1459,0.0,0.1367,0.0
79.825,1,0.664,-24.96,39.79,5,69.8,25.95,0.07,-0.4242,0.071,0.001,-0.418,-0.997,-2.463,133.04,11.87,45.0,1,0.856,-41.2,-9.07,0.0,0,5,0.1385,0.0,0.1441,0.0
79.861,1,0.649,-25.21,39.43,5,69.7,26.45,0.07,-0.4242,0.071,0.003,-0.405,-0.999,-2.461,132.12,11.87,45.0,1,0.856,-41.2,-9.07,0.0,0,5,0.135,0.0,0.148,0.0
79.895,1,0.698,-24.71,39.35,5,70.3,26.37,0.07,-0.4242,0.071,0.002,-0.414,-1.001,-2.459,131.21,11.87,45.0,1,0.873,-44.11,-18.78,0.0,0,5,0.135,0.0,0.1498,0.0
79.995,1,0.704,-24.46,37.03,5,70.0,25.11,0.07,-0.4242,0.07,-0.003,-0.402,-1.004,-2.455,129.26,11.87,45.0,1,0.886,-47.01,-24.32,0.0,0,5,0.1461,0.0,0.135,0.0
80.022,1,0.712,-24.46,36.26,5,70.5,24.96,0.07,-0.4217,0.071,0.001,-0.391,-1.006,-2.453,128.34,11.87,45.0,1,0.903,-47.98,-27.08,0.0,0,5,0.1406,0.0,0.1443,0.0
80.058,1,0.715,-24.71,35.75,5,71.1,24.52,0.07,-0.4099,0.071,0.002,-0.397,-1.008,-2.45,127.43,11.87,45.0,1,0.903,-47.98,-27.08,0.0,0,5,0.1388,0.0,0.1462,0.0
80.095,1,0.721,-24.71,34.85,5,71.9,24.46,0.07,-0.399,0.071,0.0,-0.403,-1.01,-2.448,126.51,11.87,45.0,1,0.887,-51.86,-34.45,0.0,0,5,0.1424,0.0,0.1424,0.0
80.124,1,0.722,-24.71,34.25,5,71.9,24.46,0.07,-0.3842,0.071,-0.001,-0.395,-1.01,-2.447,126.05,11.87,45.0,1,0.887,-51.86,-34.45,0.0,0,5,0.144,0.0018,0.1366,0.0
80.196,1,0.731,-24.96,32.69,5,72.1,23.96,0.07,-0.3746,0.069,0.001,-0.381,-1.013,-2.444,124.73,11.89,41.28,1,0.887,-51.86,-34.45,0.0,0,5,0.1348,0.0037,0.1366,0.0018
80.223,1,0.739,-25.21,32.03,5,72.6,23.46,0.07,-0.3447,0.067,0.005,-0.388,-1.015,-2.442,123.87,11.89,41.28,1,0.903,-54.77,-41.27,0.0,0,5,0.1238,0.0018,0.1423,0.0018
80.294,1,0.743,-25.95,30.68,5,72.8,23.73,0.07,-0.331,0.068,0.001,-0.397,-1.017,-2.438,122.5,11.89,41.28,1,0.845,-48.95,-36.3,0.0,0,5,0.1331,0.0018,0.1368,0.0
80.324,1,0.75,-25.95,29.72,5,72.5,23.34,0.074,-0.299,0.071,-0.003,-0.352,-1.018,-2.436,121.64,11.89,41.28,1,0.845,-48.95,-36.3,0.0,0,5,0.1462,0.0037,0.1314,0.0019
80.394,1,0.765,-27.2,28.74,5,72.8,23.2,0.0785,-0.2836,0.067,-0.005,-0.307,-1.02,-2.432,120.55,11.89,29.36,1,0.84,-43.62,-26.51,0.0,0,5,0.1295,0.0019,0.1221,0.013
80.425,1,0.765,-27.95,28.39,5,72.3,22.77,0.0832,-0.2512,0.064,-0.007,-0.297,-1.021,-2.43,119.92,11.89,29.36,1,0.861,-41.2,-21.93,0.0,0,5,0.1147,0.0,0.1129,0.0278
80.493,1,0.717,-28.45,27.4,5,72.5,22.78,0.0849,-0.24,0.07,-0.01,-0.261,-1.022,-2.425,118.95,11.89,29.36,1,0.868,-40.71,-20.35,0.0,0,5,0.1203,0.0111,0.1092,0.0407
80.522,1,0.721,-28.45,27.04,5,72.1,22.68,0.0896,-0.2172,0.077,-0.006,-0.231,-1.024,-2.423,118.43,11.89,29.36,1,0.792,-32.96,-5.69,0.0,0,5,0.1277,0.0259,0.1147,0.0389
80.592,1,0.785,-27.45,25.41,5,73.0,22.19,0.0913,-0.2138,0.082,-0.0,-0.177,-1.026,-2.418,117.69,11.89,17.36,1,0.792,-32.96,-5.69,0.0,0,5,0.1246,0.0458,0.1173,0.0403
80.698,1,0.777,-26.2,24.22,5,73.1,22.19,0.0991,-0.1972,0.093,-0.004,-0.181,-1.031,-2.408,116.54,11.89,17.36,1,0.626,-15.99,21.05,0.0,0,5,0.1281,0.0567,0.1207,0.0659
80.795,1,0.753,-24.21,22.99,5,72.8,22.15,0.1047,-0.1889,0.101,-0.002,-0.109,-1.036,-2.399,115.57,11.89,11.64,1,0.696,-12.6,29.9,0.0,0,5,0.1334,0.0704,0.126,0.0759
80.856,1,0.749,-22.96,22.54,5,72.7,21.96,0.1106,-0.1953,0.104,-0.001,-0.182,-1.038,-2.393,114.99,11.89,11.64,1,0.668,-9.21,30.03,0.0,0,5,0.1287,0.0736,0.1324,0.0809
80.892,1,0.636,-22.46,21.53,4,72.7,22.17,0.1127,-0.2073,0.106,-0.003,-0.164,-1.039,-2.391,114.76,11.89,11.64,1,0.668,-9.21,30.03,0.0,0,5,0.1343,0.0717,0.1343,0.0828
80.993,1,0.665,-20.71,21.9,5,72.2,22.19,0.1175,-0.2049,0.113,-0.006,-0.167,-1.043,-2.38,113.73,11.89,12.7,1,0.679,-7.76,30.42,0.0,0,5,0.1592,0.0796,0.1333,0.0796
81.021,1,0.671,-20.46,22.79,5,71.8,21.96,0.1062,-0.2045,0.115,-0.003,-0.182,-1.045,-2.376,113.33,11.89,12.7,1,0.631,-7.76,34.77,0.0,0,5,0.1573,0.0814,0.1425,0.0777
81.056,1,0.654,-20.21,22.37,5,71.3,22.19,0.082,-0.2198,0.119,-0.005,-0.216,-1.046,-2.371,112.82,11.89,12.7,1,0.631,-7.76,34.77,0.0,0,5,0.159,0.0795,0.1498,0.0887
81.091,1,0.632,-19.72,21.25,5,71.8,21.67,0.07,-0.2131,0.122,-0.006,-0.209,-1.047,-2.369,112.59,11.89,12.7,1,0.631,-7.76,34.77,0.0,0,5,0.159,0.0776,0.1534,0.0961
81.194,1,0.655,-18.72,20.72,5,72.1,22.22,0.07,-0.1957,0.11,-0.006,-0.158,-1.051,-2.358,111.55,11.88,17.1,1,0.706,-16.48,7.58,0.0,0,5,0.1424,0.0795,0.1295,0.0888
81.222,1,0.657,-18.22,20.29,5,72.1,21.67,0.07,-0.1985,0.105,-0.001,-0.132,-1.052,-2.355,111.27,11.88,17.1,1,0.712,-15.99,6.52,0.0,0,5,0.1331,0.0832,0.1238,0.0795
81.328,1,0.65,-17.47,19.2,5,72.4,22.22,0.07,-0.1922,0.088,-0.006,-0.121,-1.055,-2.346,110.64,11.88,17.1,1,0.641,-15.99,8.75,0.0,0,5,0.1223,0.0611,0.1019,0.0649
81.421,1,0.625,-17.97,17.76,5,72.7,21.67,0.07,-0.1801,0.072,-0.01,-0.188,-1.057,-2.339,109.78,11.88,17.14,1,0.641,-15.99,8.75,0.0,0,5,0.1019,0.0364,0.0873,0.0618
81.525,1,0.65,-19.47,18.63,5,70.8,21.67,0.07,-0.1483,0.07,-0.01,-0.135,-1.058,-2.332,108.92,11.88,17.14,1,0.708,-19.39,-2.42,5.898,1,5,0.1019,0.0296,0.0908,0.0593
81.623,1,0.668,-19.97,14.85,5,69.2,21.02,0.07,-0.1473,0.068,-0.007,-0.094,-1.059,-2.325,108.29,11.88,15.01,1,0.722,-19.87,-3.53,0.0,0,5,0.0939,0.0442,0.0774,0.0553
81.692,1,0.623,-19.72,15.98,5,68.3,21.11,0.0912,-0.0773,0.069,-0.006,-0.083,-1.061,-2.321,108.0,11.88,15.01,1,0.722,-19.87,-3.53,0.0,0,5,0.0896,0.0484,0.0788,0.0609
81.726,1,0.635,-19.72,16.44,5,68.4,21.6,0.07,-0.1008,0.07,-0.004,-0.075,-1.061,-2.318,107.83,11.88,15.01,1,0.739,-21.81,-7.96,5.342,1,5,0.0858,0.0536,0.0787,0.0608
81.756,1,0.634,-19.47,16.37,5,68.3,21.67,0.07,-0.1089,0.07,-0.001,-0.084,-1.062,-2.316,107.6,11.88,15.01,1,0.733,-21.81,-7.96,5.341,1,5,0.0867,0.0596,0.0777,0.0542
81.789,1,0.634,-18.97,16.65,5,67.8,21.11,0.07,-0.1109,0.07,0.0,-0.055,-1.063,-2.314,107.49,11.86,13.06,1,0.733,-21.81,-7.96,5.341,1,5,0.0873,0.06,0.08,0.0509
81.897,1,0.584,-19.47,15.4,5,67.7,21.67,0.07,-0.1208,0.071,-0.007,-0.123,-1.065,-2.306,106.74,11.86,13.06,1,0.618,-15.51,9.86,0.0,0,5,0.0901,0.0441,0.0864,0.0588
81.925,1,0.617,-19.47,16.09,5,67.7,21.67,0.07,-0.0925,0.068,-0.009,-0.099,-1.065,-2.305,106.63,11.86,13.06,1,0.618,-15.51,9.86,0.0,0,5,0.0901,0.0404,0.0864,0.0662
82.032,1,0.562,-19.72,14.67,5,68.3,21.6,0.07,-0.1054,0.063,-0.006,-0.073,-1.066,-2.3,106.23,11.86,12.79,1,0.633,-16.96,5.04,0.0,0,5,0.087,0.0407,0.074,0.0518
82.126,1,0.616,-19.72,14.7,5,69.0,21.11,0.07,-0.078,0.062,-0.008,-0.107,-1.067,-2.293,105.83,11.86,12.79,1,0.63,-17.45,4.5,0.0,0,5,0.0813,0.0425,0.0665,0.0591
82.156,1,0.623,-19.47,14.8,5,69.3,21.6,0.07,-0.0787,0.064,-0.004,-0.028,-1.068,-2.291,105.71,11.86,12.79,1,0.631,-17.45,4.18,0.0,0,5,0.0825,0.0513,0.0678,0.0532
82.229,1,0.632,-18.72,15.21,5,69.6,21.02,0.07,-0.0834,0.067,0.004,-0.022,-1.069,-2.287,105.65,11.85,11.51,1,0.601,-16.48,3.64,0.0,0,5,0.0752,0.0642,0.0789,0.0513
82.324,1,0.266,-15.29,18.57,4,73.3,21.36,0.07,-0.0985,0.066,-0.003,-0.069,-1.071,-2.28,105.37,11.85,11.51,1,0.595,-16.48,3.83,0.0,0,5,0.0757,0.0554,0.0702,0.0609
82.354,1,0.271,-15.03,18.21,4,73.7,21.37,0.07,-0.1995,0.067,-0.005,-0.064,-1.071,-2.279,105.31,11.85,11.51,1,0.586,-16.48,3.96,0.0,0,5,0.0776,0.0517,0.0721,0.0647
82.424,1,0.276,-15.29,17.79,4,74.3,21.06,0.07,-0.1898,0.064,-0.004,-0.113,-1.072,-2.274,104.91,11.85,11.18,1,0.593,-16.96,1.51,0.0,0,5,0.0776,0.0444,0.0758,0.0573
82.524,1,0.682,-19.22,13.24,5,73.0,21.11,0.07,-0.1743,0.068,-0.006,-0.132,-1.073,-2.267,103.93,11.85,11.18,1,0.593,-19.39,-1.02,0.0,0,5,0.111,0.0333,0.0907,0.037
82.555,1,0.686,-19.97,12.71,5,72.9,21.11,0.07,-0.0515,0.069,-0.006,-0.167,-1.074,-2.265,103.53,11.85,11.18,1,0.602,-19.87,-3.42,0.0,0,5,0.1123,0.0331,0.0939,0.0368
82.621,1,0.728,-20.71,9.97,5,73.0,20.57,0.07,-0.0341,0.067,-0.003,-0.165,-1.074,-2.261,102.96,11.85,10.83,1,0.615,-21.81,-5.98,0.0,0,5,0.0973,0.0331,0.0937,0.0422
82.654,1,0.743,-20.96,9.75,5,72.9,21.02,0.0842,0.0196,0.067,-0.002,-0.106,-1.075,-2.26,102.85,11.85,10.83,1,0.615,-21.81,-5.98,0.0,0,5,0.0937,0.0367,0.0918,0.0441
82.723,1,0.689,-20.71,11.03,5,72.6,21.1,0.105,0.0229,0.068,0.001,-0.033,-1.076,-2.254,102.56,11.85,10.83,1,0.472,-15.51,5.9,0.0,0,5,0.0778,0.0601,0.0778,0.0548
82.824,1,0.609,-22.46,15.07,5,72.2,21.62,0.07,-0.0053,0.089,0.002,-0.017,-1.078,-2.245,102.44,11.86,5.8,1,0.51,-5.82,26.07,0.0,0,5,0.0963,0.0926,0.0908,0.0778
82.858,1,0.621,-22.46,15.37,5,72.5,21.11,0.07,-0.0541,0.094,0.002,-0.021,-1.079,-2.242,102.33,11.86,5.8,1,0.51,-5.82,26.07,0.0,0,5,0.0964,0.0926,0.1001,0.0871
82.924,1,0.66,-18.22,11.99,5,72.1,21.1,0.07,-0.0626,0.087,0.0,-0.006,-1.08,-2.237,102.22,11.86,5.8,1,0.546,-6.3,27.86,0.0,0,5,0.0852,0.0759,0.0981,0.0889
82.989,1,0.656,-17.97,11.66,5,72.5,21.02,0.07,-0.0533,0.077,-0.001,-0.047,-1.081,-2.232,102.1,11.86,9.19,1,0.526,-5.82,30.11,0.0,0,5,0.0802,0.0675,0.0839,0.0748
83.023,1,0.679,-17.72,11.48,5,72.8,21.02,0.07,-0.0491,0.071,-0.003,-0.024,-1.081,-2.23,101.99,11.86,9.19,1,0.526,-5.82,30.11,0.0,0,5,0.082,0.0602,0.0766,0.0656
83.053,1,0.691,-17.47,11.5,5,72.9,21.1,0.07,-0.0464,0.071,-0.003,-0.046,-1.081,-2.228,101.93,11.86,9.19,1,0.508,-15.99,10.59,0.0,0,5,0.0812,0.0572,0.0775,0.0664
83.124,1,0.684,-16.97,11.2,5,73.3,21.11,0.07,-0.0468,0.067,0.001,0.002,-1.083,-2.223,101.76,11.86,9.19,1,0.508,-15.99,10.59,0.0,0,5,0.0776,0.0628,0.0739,0.0554
83.157,1,0.693,-16.72,11.23,5,73.1,21.02,0.0702,-0.0467,0.068,0.005,-0.013,-1.083,-2.22,101.81,11.86,9.19,1,0.529,-16.48,7.11,0.0,0,5,0.074,0.0666,0.074,0.0537
83.223,1,0.67,-19.22,14.4,5,74.0,21.02,0.07,-0.0482,0.067,0.004,-0.048,-1.084,-2.216,101.7,11.84,10.71,1,0.536,-15.99,5.63,0.0,0,5,0.0684,0.0702,0.0721,0.0573
83.255,1,0.305,-14.24,13.85,4,74.8,21.1,0.0767,-0.0714,0.067,0.002,-0.074,-1.085,-2.215,101.64,11.84,10.71,1,0.539,-15.51,5.73,0.0,0,5,0.0703,0.0666,0.0721,0.0592
83.324,1,0.302,-13.98,13.24,4,75.6,20.79,0.0767,-0.1197,0.064,0.0,-0.07,-1.086,-2.21,101.3,11.84,10.71,1,0.533,-15.51,4.23,0.0,0,5,0.0722,0.0518,0.0778,0.0556
83.355,1,0.73,-15.97,11.26,5,74.7,21.02,0.0767,-0.1111,0.064,0.001,-0.098,-1.086,-2.209,101.18,11.84,10.71,1,0.533,-15.51,4.23,0.0,0,5,0.074,0.0518,0.0796,0.0518
83.422,1,0.711,-16.47,10.32,5,73.2,21.11,0.0767,-0.0512,0.071,-0.001,-0.144,-1.087,-2.203,100.5,11.84,12.14,1,0.525,-16.48,3.23,0.0,0,5,0.0944,0.05,0.0907,0.05
83.453,1,0.693,-16.47,11.11,5,73.1,21.11,0.0767,-0.0292,0.072,-0.002,-0.09,-1.087,-2.202,100.38,11.84,12.14,1,0.526,-17.45,1.83,0.0,0,5,0.1,0.0518,0.0889,0.0481
83.52,1,0.699,-16.47,10.84,5,73.5,21.11,0.0767,-0.0442,0.072,0.002,-0.021,-1.088,-2.196,100.21,11.84,12.14,1,0.526,-17.45,1.83,0.0,0,5,0.0852,0.0611,0.087,0.0555
83.553,1,0.711,-15.97,9.38,5,73.7,21.02,0.0767,-0.04,0.072,0.001,-0.039,-1.089,-2.195,100.21,11.84,12.14,1,0.526,-17.45,1.83,0.0,0,5,0.0777,0.0611,0.0851,0.0629
83.624,1,0.697,-15.72,10.43,5,73.4,21.1,0.0756,-0.0207,0.075,0.002,-0.048,-1.09,-2.189,100.04,11.84,9.46,1,0.526,-17.45,1.83,0.0,0,5,0.0796,0.0741,0.0815,0.0667
83.722,1,0.671,-15.72,11.8,5,72.6,21.11,0.0767,-0.0413,0.074,0.001,-0.099,-1.091,-2.181,99.64,11.84,9.46,1,0.536,-16.96,-1.39,0.0,0,5,0.0814,0.0685,0.0833,0.0648
83.756,1,0.668,-15.72,11.89,5,72.0,21.11,0.0767,-0.0648,0.074,0.0,-0.081,-1.092,-2.178,99.47,11.84,9.46,1,0.54,-12.12,5.79,0.0,0,5,0.0814,0.0629,0.0814,0.0648
83.856,1,0.649,-15.97,12.16,5,71.6,21.67,0.0767,-0.0662,0.073,0.001,-0.058,-1.093,-2.171,99.12,11.85,9.19,1,0.561,-13.57,3.22,0.0,0,5,0.0831,0.0628,0.0886,0.0628
83.923,1,0.652,-15.97,11.61,5,71.2,21.11,0.0767,-0.068,0.074,-0.002,-0.048,-1.094,-2.167,98.95,11.85,9.19,1,0.559,-13.57,3.15,0.0,0,5,0.0852,0.0593,0.0833,0.0667
83.957,1,0.653,-15.97,11.64,5,71.2,21.1,0.0767,-0.0585,0.076,-0.003,-0.075,-1.094,-2.163,98.84,11.85,9.19,1,0.563,-14.06,1.08,0.0,0,5,0.0871,0.0593,0.0871,0.0723
83.991,1,0.656,-15.97,11.44,5,70.9,21.11,0.0767,-0.0593,0.077,-0.001,-0.064,-1.095,-2.162,98.72,11.85,8.29,1,0.558,-14.06,0.65,0.0,0,5,0.0871,0.063,0.089,0.0705
84.023,1,0.664,-15.97,11.26,5,70.7,21.11,0.0767,-0.0558,0.08,0.001,-0.075,-1.095,-2.159,98.61,11.85,8.29,1,0.558,-14.06,-0.96,0.0,0,5,0.0889,0.0704,0.0907,0.0685
84.052,1,0.67,-15.72,10.94,5,70.7,21.11,0.0767,-0.0527,0.079,0.002,-0.075,-1.095,-2.157,98.49,11.85,8.29,1,0.555,-14.54,-0.54,0.0,0,5,0.0888,0.074,0.0888,0.0648
84.119,1,0.684,-15.72,10.67,5,70.9,21.1,0.0767,-0.05,0.077,0.004,-0.084,-1.097,-2.151,98.2,11.85,8.29,1,0.555,-14.54,-0.54,0.0,0,5,0.0943,0.0703,0.0925,0.0518
84.152,1,0.691,-15.97,10.16,5,71.3,21.11,0.0767,-0.0451,0.076,0.004,-0.098,-1.097,-2.15,98.09,11.85,8.29,1,0.555,-14.54,-0.54,0.0,0,5,0.0926,0.0666,0.0926,0.0518
84.188,1,0.692,-15.97,10.19,5,71.6,21.11,0.0767,-0.033,0.073,0.0,-0.108,-1.097,-2.147,97.8,11.84,6.75,1,0.555,-14.54,-0.54,0.0,0,5,0.0852,0.0537,0.0926,0.0592
84.221,1,0.694,-16.22,9.86,5,71.7,21.11,0.0767,-0.0337,0.072,0.0,-0.085,-1.098,-2.144,97.63,11.84,6.75,1,0.555,-14.54,-0.54,0.0,0,5,0.0832,0.0555,0.0887,0.0592
84.252,1,0.69,-16.47,10.11,5,71.7,21.11,0.0767,-0.0252,0.071,0.001,-0.059,-1.098,-2.143,97.52,11.84,6.75,1,0.549,-15.99,-4.3,0.0,0,5,0.0813,0.0554,0.0887,0.0591
84.291,1,0.688,-16.47,9.53,5,71.8,21.11,0.0767,-0.027,0.072,0.002,-0.056,-1.098,-2.14,97.4,11.84,6.75,1,0.549,-15.99,-4.3,0.0,0,5,0.0795,0.0628,0.085,0.0591
84.353,1,0.685,-16.97,9.49,5,72.0,21.11,0.07,-0.0174,0.073,-0.0,-0.016,-1.099,-2.135,97.23,11.84,6.75,1,0.538,-8.72,-5.02,0.0,0,5,0.0777,0.0611,0.0833,0.0685
84.388,1,0.698,-16.97,9.03,5,72.0,21.11,0.07,-0.0111,0.073,-0.002,-0.065,-1.099,-2.132,97.12,11.84,5.02,1,0.538,-8.72,-5.02,0.0,0,5,0.0806,0.0623,0.0788,0.0696
84.422,1,0.692,-16.97,9.27,5,72.3,21.11,0.07,-0.0034,0.073,-0.001,0.007,-1.099,-2.13,97.12,11.84,5.02,1,0.538,-8.72,-5.02,0.0,0,5,0.0824,0.0659,0.0769,0.0659
84.457,1,0.684,-16.72,9.22,5,72.3,21.11,0.07,-0.0081,0.072,0.003,0.027,-1.1,-2.127,97.17,11.84,5.02,1,0.544,-14.06,-1.59,0.0,0,5,0.0788,0.0696,0.0751,0.0641
84.492,1,0.69,-16.47,9.06,5,72.3,21.1,0.07,-0.0105,0.071,0.004,0.005,-1.1,-2.125,97.17,11.84,5.02,1,0.535,-9.69,-6.9,0.0,0,5,0.0717,0.0735,0.0754,0.0625
84.521,1,0.698,-16.47,9.31,5,72.0,21.11,0.07,-0.0108,0.069,0.004,-0.004,-1.101,-2.123,97.17,11.84,5.02,1,0.517,-7.27,-5.18,0.0,0,5,0.0661,0.0717,0.0753,0.0643
84.552,1,0.706,-16.47,9.18,5,72.5,21.11,0.07,-0.0148,0.069,0.003,-0.021,-1.101,-2.121,97.12,11.84,5.02,1,0.549,-9.21,6.14,0.0,0,5,0.0661,0.0698,0.0735,0.0661
84.622,1,0.702,-15.97,8.69,5,72.9,21.11,0.07,-0.0123,0.069,0.001,-0.035,-1.102,-2.116,97.0,11.84,4.03,1,0.549,-9.21,6.14,0.0,0,5,0.0703,0.0647,0.0758,0.0666
84.657,1,0.702,-15.97,8.65,5,73.0,21.11,0.07,-0.0096,0.068,0.001,-0.019,-1.102,-2.114,96.94,11.84,4.03,1,0.556,-9.21,5.26,0.0,0,5,0.0703,0.0647,0.074,0.0647
84.721,1,0.711,-15.97,8.56,5,73.5,21.1,0.07,-0.0081,0.067,0.0,-0.039,-1.102,-2.11,96.83,11.84,4.03,1,0.555,-9.21,5.69,0.0,0,5,0.0702,0.0648,0.0702,0.0648
84.752,1,0.716,-15.97,8.68,5,74.0,21.11,0.07,-0.0062,0.069,-0.0,-0.034,-1.103,-2.108,96.83,11.84,4.03,1,0.55,-8.24,5.0,0.0,0,5,0.072,0.0666,0.0702,0.0666
84.786,1,0.725,-15.97,8.51,5,74.0,21.1,0.07,-0.0082,0.068,-0.001,-0.023,-1.103,-2.106,96.72,11.84,3.6,1,0.55,-8.24,5.0,0.0,0,5,0.0739,0.0665,0.0684,0.0647
84.821,1,0.736,-15.72,7.99,5,74.5,21.1,0.07,-0.005,0.07,0.0,0.004,-1.103,-2.103,96.72,11.82,3.6,1,0.55,-8.24,5.0,0.0,0,5,0.0732,0.0696,0.0714,0.0659
84.857,1,0.752,-15.47,7.4,5,74.5,20.57,0.07,0.0012,0.072,0.002,0.003,-1.104,-2.1,96.72,11.82,3.6,1,0.552,-7.27,3.31,0.0,0,5,0.0696,0.0696,0.0788,0.0696
84.925,1,0.755,-15.47,7.74,5,74.5,20.57,0.07,0.0093,0.071,0.003,0.031,-1.104,-2.096,96.77,11.82,3.6,1,0.557,-5.82,1.06,0.0,0,5,0.0685,0.0722,0.0759,0.0666
84.959,1,0.757,-15.22,8.04,5,74.7,21.11,0.07,0.0035,0.068,0.003,-0.018,-1.105,-2.093,96.77,11.82,3.6,1,0.557,-5.82,1.06,0.0,0,5,0.0703,0.0722,0.0703,0.0611
84.986,1,0.752,-14.97,7.82,5,74.4,21.11,0.07,-0.0045,0.069,0.001,-0.023,-1.105,-2.092,96.72,11.82,3.6,1,0.547,-3.88,0.79,0.0,0,5,0.0703,0.0703,0.0703,0.0648
85.022,1,0.755,-14.97,8.09,5,74.5,21.11,0.07,-0.0034,0.068,0.0,-0.043,-1.105,-2.089,96.66,11.82,2.85,1,0.547,-3.88,0.79,0.0,0,5,0.0685,0.0666,0.0703,0.0666
85.086,1,0.771,-14.97,7.45,5,74.7,20.57,0.07,-0.0072,0.068,0.0,-0.003,-1.106,-2.085,96.6,11.82,2.85,1,0.58,-5.33,12.81,0.0,0,5,0.0685,0.0648,0.0703,0.0666
85.152,1,0.782,-14.72,7.19,5,75.1,20.57,0.07,0.0043,0.067,-0.0,-0.016,-1.106,-2.081,96.6,11.82,2.85,1,0.585,-5.82,10.32,0.0,0,5,0.0685,0.0667,0.0667,0.0648
85.187,1,0.773,-14.72,7.45,5,75.5,21.11,0.07,0.006,0.067,-0.002,0.006,-1.106,-2.078,96.6,11.82,2.85,1,0.585,-5.82,10.32,0.0,0,5,0.0685,0.0666,0.0629,0.0685
85.225,1,0.756,-14.47,7.83,5,75.7,20.57,0.07,0.0018,0.068,-0.001,0.05,-1.107,-2.075,96.66,11.81,3.45,1,0.573,-1.94,4.81,0.0,0,5,0.0684,0.0684,0.0666,0.0703
85.259,1,0.764,-13.98,7.74,5,75.6,21.11,0.07,-0.0078,0.07,0.003,-0.009,-1.107,-2.073,96.72,11.81,3.45,1,0.57,-1.94,6.34,0.0,0,5,0.0629,0.0722,0.074,0.0722
85.288,1,0.768,-13.73,7.6,5,75.8,20.57,0.07,-0.0114,0.071,0.003,-0.008,-1.108,-2.071,96.66,11.81,3.45,1,0.57,-1.94,6.34,0.0,0,5,0.0648,0.074,0.074,0.0703
85.323,1,0.777,-13.98,7.57,5,75.8,20.57,0.07,-0.0118,0.071,0.005,0.015,-1.108,-2.068,96.66,11.81,3.45,1,0.574,-2.42,6.65,0.0,0,5,0.0685,0.0778,0.074,0.0629
85.353,1,0.769,-13.73,7.54,5,75.9,20.56,0.07,-0.0073,0.069,0.005,-0.014,-1.108,-2.067,96.66,11.81,3.45,1,0.574,-2.42,6.65,0.0,0,5,0.0703,0.0778,0.0703,0.0574
85.424,1,0.771,-13.48,7.66,5,75.4,21.11,0.07,-0.0091,0.066,0.002,-0.027,-1.109,-2.062,96.6,11.81,4.52,1,0.578,-2.42,6.62,0.0,0,5,0.0648,0.0666,0.0703,0.0629
85.454,1,0.767,-13.48,7.86,5,75.2,20.57,0.07,-0.014,0.067,0.001,-0.027,-1.109,-2.06,96.54,11.81,4.52,1,0.591,-1.94,4.68,0.0,0,5,0.0629,0.0647,0.0703,0.0684
85.485,1,0.771,-13.23,7.32,5,75.1,20.56,0.07,-0.0169,0.067,0.0,-0.021,-1.11,-2.058,96.49,11.81,4.52,1,0.592,-1.94,4.65,0.0,0,5,0.063,0.0667,0.0685,0.0704
85.519,1,0.773,-13.23,7.16,5,74.9,20.56,0.07,-0.0104,0.067,0.0,-0.023,-1.11,-2.055,96.43,11.81,4.52,1,0.592,-1.94,4.65,0.0,0,5,0.0667,0.0648,0.0685,0.0667
85.555,1,0.761,-13.23,7.46,5,75.0,21.11,0.07,-0.007,0.067,-0.0,-0.039,-1.11,-2.054,96.43,11.81,4.52,1,0.592,-1.94,4.65,0.0,0,5,0.0723,0.0649,0.0686,0.063
85.586,1,0.764,-12.98,6.96,5,75.0,20.57,0.07,-0.0119,0.07,-0.001,0.045,-1.11,-2.051,96.43,11.81,5.19,1,0.564,-3.88,1.79,0.0,0,5,0.0796,0.0666,0.0703,0.0629
85.622,1,0.766,-12.73,7.41,5,74.9,21.11,0.07,-0.006,0.071,0.001,0.048,-1.111,-2.048,96.49,11.81,5.19,1,0.564,-3.88,1.79,0.0,0,5,0.0721,0.0684,0.0758,0.0666
85.656,1,0.77,-12.23,6.75,5,74.7,20.57,0.07,-0.0163,0.069,0.004,0.012,-1.111,-2.045,96.49,11.81,5.19,1,0.587,-3.39,-3.58,0.0,0,5,0.0629,0.0703,0.0758,0.0684
85.685,1,0.776,-11.98,6.87,5,73.9,20.57,0.07,-0.0102,0.069,0.005,-0.013,-1.112,-2.044,96.49,11.81,5.19,1,0.587,-3.39,-3.58,0.0,0,5,0.0592,0.074,0.074,0.0703
85.722,1,0.77,-11.73,6.76,5,73.8,20.57,0.07,-0.0149,0.067,0.005,0.012,-1.112,-2.041,96.49,11.81,5.19,1,0.587,-3.39,-3.58,0.0,0,5,0.0611,0.0777,0.0666,0.0629
85.753,1,0.782,-11.48,6.8,5,73.7,20.56,0.07,-0.015,0.065,0.006,0.038,-1.112,-2.04,96.54,11.81,5.19,1,0.59,-2.91,-3.91,0.0,0,5,0.0592,0.0759,0.0648,0.0592
85.822,1,0.798,-10.98,6.46,5,73.4,20.56,0.07,-0.0172,0.062,0.006,-0.024,-1.113,-2.035,96.54,11.79,4.76,1,0.589,-1.94,-4.84,0.0,0,5,0.0574,0.0685,0.0685,0.0555
85.856,1,0.804,-10.73,5.92,5,73.4,20.57,0.07,-0.0164,0.061,0.004,-0.047,-1.114,-2.033,96.43,11.79,4.76,1,0.589,-1.94,-4.84,0.0,0,5,0.0574,0.0666,0.0685,0.0555
85.886,1,0.8,-10.73,6.06,5,73.5,20.57,0.07,-0.009,0.059,0.006,-0.062,-1.114,-2.032,96.37,11.79,4.76,1,0.607,-5.82,0.44,3.124,1,5,0.0536,0.061,0.0703,0.0518
85.922,1,0.792,-10.98,5.8,5,73.5,21.11,0.07,-0.011,0.059,0.004,-0.036,-1.114,-2.029,96.2,11.79,4.76,1,0.601,-6.3,-0.15,2.743,1,5,0.0588,0.0569,0.0698,0.0514
85.953,1,0.79,-10.98,5.92,5,73.6,20.56,0.07,-0.0028,0.062,0.004,-0.035,-1.115,-2.028,96.14,11.79,4.76,1,0.601,-6.3,-0.15,2.743,1,5,0.0643,0.0606,0.0717,0.0514
85.988,1,0.784,-10.98,6.12,5,73.5,21.11,0.07,-0.0046,0.066,0.002,-0.014,-1.115,-2.025,96.09,11.79,3.85,1,0.605,-6.3,-0.46,6.02,1,5,0.0692,0.0638,0.0729,0.0583
86.024,1,0.784,-10.98,6.2,5,73.6,20.57,0.07,-0.0082,0.072,0.003,0.005,-1.116,-2.022,96.09,11.79,3.85,1,0.602,-4.36,-3.95,7.782,1,5,0.0715,0.0697,0.0789,0.066
86.051,1,0.779,-10.98,6.48,5,73.9,20.57,0.07,-0.0094,0.072,0.003,-0.007,-1.116,-2.021,96.09,11.79,3.85,1,0.609,-4.36,-5.65,6.281,1,5,0.0679,0.0679,0.0807,0.0697
86.122,1,0.791,-10.73,6.11,5,73.8,20.57,0.07,-0.0144,0.069,0.004,-0.01,-1.117,-2.015,96.03,11.79,3.85,1,0.605,-3.39,-6.23,0.0,0,5,0.0647,0.0721,0.074,0.0666
86.153,1,0.795,-10.73,5.87,5,73.8,20.57,0.07,-0.011,0.069,0.003,0.001,-1.117,-2.014,96.03,11.79,3.85,1,0.606,-2.91,-6.82,0.0,0,5,0.0665,0.0721,0.0721,0.0665
86.187,1,0.791,-10.48,5.91,5,73.4,20.56,0.07,-0.0065,0.068,0.003,0.009,-1.117,-2.012,96.03,11.77,5.35,1,0.61,-2.91,-6.33,0.0,0,5,0.0648,0.0701,0.0719,0.0648
86.223,1,0.804,-10.48,5.4,5,73.2,20.57,0.07,-0.0102,0.066,0.004,0.0,-1.118,-2.009,96.09,11.77,5.35,1,0.606,-2.91,-3.92,0.0,0,5,0.0644,0.0698,0.0698,0.059
86.253,1,0.806,-10.23,5.29,5,73.0,20.57,0.07,-0.0007,0.066,0.004,-0.012,-1.118,-2.008,96.03,11.77,5.35,1,0.606,-2.91,-3.92,0.0,0,5,0.0644,0.0716,0.068,0.059
86.284,1,0.816,-9.98,4.57,5,73.0,20.57,0.07,-0.0016,0.065,0.004,-0.06,-1.118,-2.005,95.97,11.77,5.35,1,0.607,-2.91,-4.2,0.0,0,5,0.0643,0.068,0.0699,0.0588
86.321,1,0.808,-9.98,4.73,5,72.9,20.56,0.07,0.0082,0.064,0.004,-0.029,-1.119,-2.003,95.86,11.77,5.35,1,0.607,-2.91,-4.2,0.0,0,5,0.0648,0.0648,0.0703,0.0555
86.354,1,0.811,-9.98,4.73,5,73.1,20.56,0.07,0.0061,0.064,0.004,-0.025,-1.119,-2.002,95.8,11.77,5.35,1,0.606,-2.91,-4.08,0.0,0,5,0.0666,0.0629,0.0722,0.0537
86.386,1,0.813,-9.98,4.72,5,73.0,20.56,0.07,0.0066,0.065,0.004,-0.014,-1.119,-1.999,95.8,11.77,3.67,1,0.605,-2.91,-5.21,0.0,0,5,0.0667,0.063,0.0759,0.0556
86.42,1,0.818,-9.98,4.65,5,73.2,20.56,0.07,0.0068,0.07,0.004,-0.019,-1.12,-1.996,95.74,11.77,3.67,1,0.605,-2.91,-5.21,0.0,0,5,0.0683,0.0665,0.0813,0.0628
86.456,1,0.819,-9.98,4.48,5,73.2,20.04,0.07,0.0083,0.074,0.003,-0.029,-1.12,-1.993,95.68,11.77,3.67,1,0.602,-2.42,-5.82,0.0,0,5,0.0683,0.0702,0.0794,0.0665
86.485,1,0.809,-10.23,5.19,5,73.3,20.57,0.07,0.0113,0.074,0.003,0.007,-1.12,-1.991,95.68,11.77,3.67,1,0.599,-2.91,-5.79,0.0,0,5,0.0738,0.0775,0.0775,0.0683
86.52,1,0.804,-9.98,4.86,5,73.2,20.56,0.07,0.0023,0.075,0.001,0.0,-1.121,-1.988,95.68,11.77,3.67,1,0.595,-1.94,-6.18,0.0,0,5,0.0758,0.0777,0.074,0.0721
86.553,1,0.813,-9.98,4.51,5,73.2,20.56,0.07,0.0048,0.074,0.002,0.002,-1.121,-1.987,95.68,11.77,3.67,1,0.597,-1.94,-7.13,0.0,0,5,0.074,0.0777,0.0759,0.0703
86.584,1,0.812,-9.98,4.89,5,72.8,20.56,0.07,0.011,0.072,-0.0,-0.021,-1.121,-1.984,95.63,11.77,2.59,1,0.574,0.48,-5.84,0.0,0,5,0.0722,0.0703,0.0722,0.0722
86.621,1,0.813,-9.98,5.0,5,72.9,20.56,0.07,0.0043,0.071,0.0,0.001,-1.121,-1.981,95.68,11.77,2.59,1,0.574,0.48,-5.84,0.0,0,5,0.0718,0.0718,0.07,0.07
86.687,1,0.818,-9.98,5.27,5,72.8,20.56,0.07,0.0025,0.07,0.0,-0.037,-1.122,-1.977,95.57,11.77,2.59,1,0.607,0.97,3.18,0.0,0,5,0.0737,0.0737,0.0663,0.0663
86.752,1,0.822,-9.98,4.39,5,72.9,20.57,0.07,-0.0022,0.071,0.0,-0.009,-1.122,-1.973,95.4,11.77,2.59,1,0.604,0.97,2.19,0.0,0,5,0.0741,0.0649,0.0778,0.0667
86.792,1,0.824,-10.48,4.53,5,73.0,20.56,0.07,0.0132,0.074,0.002,-0.017,-1.123,-1.97,95.34,11.77,2.64,1,0.606,0.97,0.27,0.0,0,5,0.0759,0.063,0.0889,0.0667
86.819,1,0.835,-9.98,4.12,5,73.1,20.57,0.07,0.017,0.075,0.002,-0.04,-1.123,-1.967,95.28,11.77,2.64,1,0.61,0.97,-0.4,0.0,0,5,0.0795,0.0665,0.0869,0.0665
86.853,1,0.826,-10.23,4.19,5,73.0,20.57,0.07,0.0176,0.075,0.001,-0.029,-1.123,-1.965,95.28,11.77,2.64,1,0.61,0.97,-0.4,0.0,0,5,0.0776,0.0702,0.0832,0.0702
86.887,1,0.818,-9.98,4.31,5,73.1,20.57,0.07,0.0195,0.074,0.001,0.009,-1.123,-1.963,95.28,11.77,2.64,1,0.618,0.97,-1.68,0.0,0,5,0.0738,0.0757,0.0738,0.072
86.952,1,0.826,-9.98,4.79,5,73.4,20.57,0.07,0.0143,0.071,0.0,0.004,-1.124,-1.958,95.28,11.77,2.64,1,0.616,-2.42,-0.86,-6.483,1,5,0.0703,0.074,0.0685,0.0722
86.987,1,0.831,-9.98,4.97,5,73.4,20.57,0.07,0.006,0.07,-0.001,0.006,-1.124,-1.956,95.28,11.77,1.56,1,0.612,-2.42,1.38,-2.594,1,5,0.0704,0.0741,0.063,0.0723
87.054,1,0.832,-9.73,4.81,5,73.5,20.56,0.07,0.003,0.069,0.001,0.003,-1.124,-1.951,95.28,11.77,1.56,1,0.618,0.97,-2.53,5.27,1,5,0.0667,0.0759,0.063,0.0685
87.09,1,0.836,-9.73,4.8,5,73.7,20.56,0.07,0.0029,0.068,0.002,-0.022,-1.125,-1.949,95.28,11.77,1.56,1,0.614,1.45,-2.24,0.0,0,5,0.063,0.0704,0.0685,0.0685
87.12,1,0.843,-9.73,4.64,5,73.7,20.46,0.07,0.0031,0.07,0.002,-0.008,-1.125,-1.946,95.23,11.77,1.56,1,0.611,0.97,-1.39,7.092,1,5,0.0649,0.0667,0.0778,0.0704
87.153,1,0.846,-9.73,4.6,5,74.5,20.56,0.07,0.0063,0.07,0.003,-0.036,-1.125,-1.945,95.17,11.77,1.56,1,0.604,1.45,-0.86,0.0,0,5,0.0667,0.0649,0.0797,0.0667
87.184,1,0.848,-9.73,4.45,5,74.6,20.56,0.07,0.0071,0.073,0.002,-0.015,-1.126,-1.942,95.17,11.75,2.26,1,0.606,1.45,-1.13,0.0,0,5,0.0722,0.0685,0.0815,0.0685
87.253,1,0.835,-9.98,4.75,5,75.1,20.04,0.07,0.0098,0.075,0.003,0.012,-1.126,-1.937,95.11,11.75,2.26,1,0.598,1.45,-0.82,0.0,0,5,0.0739,0.0813,0.0739,0.0702
87.284,1,0.832,-9.73,4.78,5,75.3,20.56,0.07,0.0076,0.073,0.002,0.011,-1.127,-1.934,95.11,11.75,2.26,1,0.599,1.45,-2.52,0.0,0,5,0.0703,0.0795,0.0703,0.0703
87.384,1,0.844,-9.48,4.87,5,75.4,20.04,0.07,0.0041,0.069,-0.001,0.019,-1.127,-1.927,95.11,11.75,2.26,1,0.628,1.45,-6.55,-1.757,1,5,0.0734,0.0734,0.0624,0.066
87.452,1,0.845,-9.48,4.76,5,75.3,20.04,0.07,-0.0002,0.07,0.002,0.004,-1.128,-1.923,95.17,11.75,2.26,1,0.623,1.94,-5.96,1.624,1,5,0.0691,0.0764,0.0673,0.0673
87.485,1,0.846,-8.98,4.29,5,75.3,20.04,0.07,0.0017,0.072,0.002,-0.004,-1.128,-1.92,95.17,11.75,2.26,1,0.623,1.94,-5.96,1.624,1,5,0.0697,0.0733,0.0733,0.0697
87.552,1,0.848,-9.48,4.77,5,75.2,20.04,0.07,0.0046,0.072,-0.0,-0.014,-1.128,-1.916,95.11,11.75,2.26,1,0.616,1.45,-4.22,2.857,1,5,0.0759,0.0666,0.0777,0.0685
87.587,1,0.854,-9.48,4.54,5,75.2,20.04,0.07,0.0027,0.076,-0.0,-0.027,-1.129,-1.913,95.05,11.75,2.26,1,0.601,1.45,-1.35,0.0,0,5,0.0793,0.0701,0.0812,0.072
87.619,1,0.845,-9.48,4.32,5,75.2,20.56,0.07,0.0065,0.079,-0.001,0.009,-1.129,-1.909,95.05,11.75,1.41,1,0.617,1.45,-5.54,0.211,1,5,0.0811,0.0738,0.0811,0.0738
87.654,1,0.846,-9.48,4.45,5,75.2,20.57,0.07,0.0102,0.079,-0.0,0.012,-1.129,-1.908,95.05,11.75,1.41,1,0.609,0.97,-6.06,-3.245,1,5,0.0811,0.0792,0.0774,0.0774
87.682,1,0.855,-9.48,4.6,5,75.0,20.57,0.07,0.0078,0.078,0.0,0.013,-1.129,-1.906,95.11,11.75,1.41,1,0.591,0.48,-0.43,6.463,1,5,0.078,0.0798,0.0762,0.0762
87.72,1,0.858,-8.98,3.98,5,74.6,20.56,0.07,0.0052,0.074,-0.0,0.002,-1.129,-1.904,95.11,11.75,1.41,1,0.591,0.48,-0.43,6.463,1,5,0.0729,0.0765,0.0711,0.0765
87.752,1,0.858,-8.98,3.97,5,74.4,20.56,0.07,0.0101,0.072,-0.0,0.005,-1.129,-1.902,95.11,11.75,1.41,1,0.592,0.48,0.43,7.765,1,5,0.071,0.0765,0.0674,0.0746
87.786,1,0.851,-8.98,3.98,5,73.7,20.56,0.07,0.0107,0.07,-0.002,0.004,-1.13,-1.899,95.17,11.75,1.41,1,0.591,0.0,1.63,7.857,1,5,0.0666,0.074,0.0611,0.0777
87.887,1,0.862,-8.73,3.84,5,73.1,20.57,0.07,0.0112,0.072,0.002,-0.027,-1.13,-1.892,95.23,11.75,2.26,1,0.591,0.48,3.27,0.0,0,5,0.0665,0.072,0.0757,0.0738
87.952,1,0.875,-8.73,3.22,5,72.8,20.57,0.07,0.0109,0.072,0.001,-0.012,-1.131,-1.888,95.11,11.75,2.26,1,0.589,0.97,2.66,0.0,0,5,0.0683,0.0683,0.0776,0.072
87.985,1,0.869,-8.73,2.91,5,72.7,20.57,0.07,0.0218,0.073,-0.0,-0.004,-1.131,-1.885,95.11,11.75,2.26,1,0.592,1.45,-0.14,0.0,0,5,0.0739,0.0702,0.0758,0.0739
88.021,1,0.874,-8.73,1.9,5,72.7,20.57,0.07,0.0275,0.075,0.0,-0.002,-1.131,-1.882,95.17,11.75,3.06,1,0.588,0.97,1.29,0.0,0,5,0.0758,0.0721,0.074,0.074
88.05,1,0.876,-8.73,2.52,5,72.5,20.56,0.07,0.0453,0.075,-0.0,0.014,-1.131,-1.88,95.17,11.75,3.06,1,0.592,1.45,-0.5,7.678,1,5,0.0759,0.0759,0.0741,0.0759
88.087,1,0.872,-8.73,3.44,5,72.7,20.57,0.07,0.0345,0.074,0.0,0.004,-1.132,-1.877,95.17,11.75,3.06,1,0.605,1.45,-3.69,-0.952,1,5,0.0722,0.0759,0.0722,0.074
88.121,1,0.87,-8.49,3.36,5,72.8,20.56,0.07,0.0184,0.073,-0.0,0.026,-1.132,-1.875,95.23,11.75,3.06,1,0.605,1.45,-3.69,-0.952,1,5,0.0704,0.0759,0.0685,0.0759
88.154,1,0.876,-8.49,3.37,5,72.9,20.57,0.07,0.017,0.072,-0.002,0.017,-1.132,-1.873,95.28,11.75,3.06,1,0.622,2.42,-6.46,-2.044,1,5,0.0704,0.0778,0.0611,0.0778
88.184,1,0.88,-8.24,2.77,5,72.5,20.44,0.07,0.0168,0.069,-0.003,0.037,-1.132,-1.871,95.34,11.75,3.06,1,0.622,2.42,-6.46,-2.044,1,5,0.0703,0.0796,0.0537,0.074
88.25,1,0.895,-7.99,3.4,5,73.4,20.57,0.07,0.0249,0.07,-0.0,0.029,-1.132,-1.866,95.45,11.74,3.52,1,0.621,2.42,-5.34,-1.708,1,5,0.0684,0.0776,0.061,0.0721
88.287,1,0.898,-7.74,3.19,5,73.5,20.57,0.07,0.0114,0.074,-0.001,0.032,-1.133,-1.863,95.57,11.74,3.52,1,0.621,2.42,-5.34,-1.708,1,5,0.0666,0.0758,0.0703,0.0832
88.351,1,0.901,-7.74,3.23,5,73.6,20.57,0.07,0.0128,0.075,-0.003,0.024,-1.133,-1.859,95.63,11.74,3.52,1,0.622,3.39,-4.61,0.034,1,5,0.0685,0.074,0.0703,0.087
88.385,1,0.904,-7.74,3.13,5,73.7,20.56,0.07,0.0124,0.073,-0.001,0.027,-1.133,-1.856,95.63,11.74,3.52,1,0.622,3.39,-4.61,0.034,1,5,0.0684,0.0721,0.0703,0.0795
88.453,1,0.903,-7.24,3.46,5,73.6,20.57,0.07,0.0146,0.071,-0.0,0.03,-1.134,-1.852,95.74,11.74,2.35,1,0.614,3.39,-4.58,-4.811,1,5,0.0666,0.0722,0.0685,0.0759
88.486,1,0.898,-7.24,3.5,5,73.3,20.56,0.07,0.0026,0.07,-0.003,0.04,-1.134,-1.849,95.8,11.74,2.35,1,0.612,4.36,-4.41,-2.23,1,5,0.0685,0.0722,0.0611,0.0777
88.517,1,0.905,-6.99,3.71,5,73.4,20.56,0.07,0.0027,0.067,-0.004,0.052,-1.134,-1.846,95.91,11.74,2.35,1,0.613,4.36,-3.04,0.857,1,5,0.0647,0.0703,0.0555,0.0758
88.586,1,0.919,-6.99,3.36,5,74.2,20.04,0.07,-0.0029,0.064,-0.006,-0.022,-1.134,-1.842,95.91,11.74,2.35,1,0.613,4.36,-3.04,0.857,1,5,0.0648,0.0685,0.0481,0.074
88.616,1,0.905,-6.74,3.77,5,73.9,20.56,0.07,0.0035,0.065,-0.006,0.027,-1.134,-1.84,95.91,11.74,1.22,1,0.607,5.33,2.37,0.0,0,5,0.0666,0.0629,0.0555,0.0759
88.684,1,0.913,-6.49,3.55,5,74.1,20.56,0.07,-0.0059,0.068,-0.001,0.017,-1.134,-1.836,95.97,11.74,1.22,1,0.594,5.33,2.56,0.0,0,5,0.0666,0.0685,0.0666,0.0722
88.757,1,0.899,-6.74,3.96,5,73.9,20.56,0.07,-0.0045,0.071,-0.002,0.013,-1.135,-1.831,96.03,11.74,1.22,1,0.586,5.82,2.61,0.0,0,5,0.0721,0.0739,0.0647,0.0739
88.787,1,0.909,-6.74,4.0,5,74.0,20.56,0.07,-0.0084,0.072,-0.002,0.004,-1.135,-1.828,96.03,11.74,1.22,1,0.586,5.82,2.61,0.0,0,5,0.0739,0.0702,0.0684,0.0739
88.888,1,0.902,-6.49,3.83,5,74.2,20.57,0.07,-0.0091,0.067,0.0,0.006,-1.136,-1.822,96.03,11.76,1.22,1,0.588,2.42,6.66,4.736,1,5,0.0685,0.0685,0.0666,0.0648
88.955,1,0.89,-6.49,4.38,5,74.3,20.56,0.07,-0.009,0.066,-0.002,-0.02,-1.136,-1.818,96.03,11.76,1.22,1,0.588,2.42,6.66,4.736,1,5,0.0703,0.0666,0.0611,0.0648
88.987,1,0.887,-6.49,4.63,5,74.3,20.56,0.07,-0.0184,0.066,-0.004,-0.007,-1.136,-1.815,95.97,11.76,1.22,1,0.598,2.42,6.59,4.6,1,5,0.0722,0.0648,0.0592,0.0685
89.053,1,0.901,-6.24,3.25,5,74.0,20.56,0.07,-0.0225,0.07,-0.005,-0.021,-1.136,-1.811,95.97,11.76,3.5,1,0.607,2.42,5.58,3.313,1,5,0.0717,0.0625,0.068,0.0791
89.085,1,0.907,-6.24,2.42,5,74.0,20.46,0.07,-0.0015,0.073,-0.002,0.001,-1.137,-1.808,95.97,11.76,3.5,1,0.611,5.82,1.73,0.0,0,5,0.0722,0.0668,0.0758,0.0776
89.149,1,0.902,-6.24,2.55,5,74.0,20.57,0.07,0.0135,0.078,-0.002,-0.009,-1.137,-1.803,95.97,11.76,3.5,1,0.616,5.82,1.03,0.0,0,5,0.0853,0.0763,0.0763,0.0744
89.184,1,0.893,-5.99,2.52,5,73.7,20.57,0.07,0.0113,0.077,-0.003,0.003,-1.137,-1.8,95.97,11.76,3.5,1,0.616,5.82,1.03,0.0,0,5,0.084,0.0751,0.0733,0.0751
89.287,1,0.895,-5.74,3.19,5,73.3,20.46,0.07,0.0095,0.069,0.0,0.047,-1.138,-1.794,96.09,11.77,4.04,1,0.6,3.39,-4.32,0.0,0,5,0.0701,0.072,0.0664,0.0683
89.388,1,0.894,-5.24,3.14,5,72.7,20.04,0.07,-0.0045,0.067,-0.004,0.022,-1.138,-1.787,96.03,11.77,4.04,1,0.61,3.39,-2.33,0.0,0,5,0.0684,0.0666,0.061,0.074
89.456,1,0.889,-4.99,3.63,5,72.9,20.56,0.07,-0.009,0.072,-0.0,-0.001,-1.139,-1.781,96.09,11.77,5.08,1,0.616,2.91,-1.9,0.0,0,5,0.0702,0.0684,0.0739,0.0739
89.484,1,0.901,-4.99,2.86,5,73.1,20.57,0.07,-0.0203,0.075,0.001,0.004,-1.139,-1.779,96.09,11.77,5.08,1,0.616,2.91,-1.9,0.0,0,5,0.072,0.0739,0.0776,0.0757
89.584,1,0.929,-4.74,3.01,5,73.9,20.57,0.07,-0.0055,0.079,0.0,0.002,-1.14,-1.771,96.14,11.77,5.08,1,0.615,2.91,-2.15,7.581,1,5,0.0758,0.0777,0.0795,0.0814
89.615,1,0.928,-4.74,3.47,5,74.4,20.56,0.07,-0.0111,0.076,-0.001,0.009,-1.14,-1.768,96.14,11.77,5.7,1,0.607,3.39,-0.94,0.0,0,5,0.0777,0.074,0.0758,0.0777
89.685,1,0.92,-4.49,3.37,5,74.7,20.56,0.07,-0.0185,0.071,-0.0,-0.04,-1.141,-1.764,96.14,11.77,5.7,1,0.609,3.88,-0.68,0.0,0,5,0.0722,0.0703,0.0703,0.0703
89.716,1,0.921,-4.49,3.26,5,75.1,20.56,0.07,-0.0196,0.067,-0.002,-0.041,-1.141,-1.762,96.03,11.77,5.7,1,0.609,3.88,-0.68,0.0,0,5,0.0703,0.0629,0.0684,0.0684
89.786,1,0.922,-4.49,3.28,5,75.3,20.56,0.07,-0.017,0.067,-0.003,-0.027,-1.141,-1.758,95.91,11.77,5.7,1,0.612,3.39,-1.45,0.0,0,5,0.0722,0.0611,0.0666,0.0666
89.821,1,0.934,-4.49,2.88,5,75.5,20.56,0.07,-0.0173,0.069,-0.002,-0.018,-1.141,-1.755,95.91,11.84,6.7,1,0.612,3.39,-1.45,0.0,0,5,0.074,0.0629,0.0685,0.0666
89.849,1,0.937,-4.49,2.24,5,75.6,20.44,0.07,-0.0102,0.071,-0.001,0.008,-1.141,-1.753,95.91,11.84,6.7,1,0.614,3.39,-1.22,0.0,0,5,0.0758,0.0684,0.0703,0.0684
89.885,1,0.932,-4.49,2.64,5,75.8,20.56,0.07,0.0012,0.074,-0.0,-0.022,-1.142,-1.75,95.97,11.84,6.7,1,0.615,3.88,-2.6,0.0,0,5,0.0758,0.0721,0.0758,0.074
89.983,1,0.939,-4.49,1.98,5,75.5,20.44,0.07,-0.0057,0.072,0.0,-0.019,-1.142,-1.743,95.86,11.84,6.7,1,0.605,3.88,-2.43,7.78,1,5,0.074,0.0721,0.0721,0.0684
90.017,1,0.939,-4.74,1.79,5,75.5,20.46,0.07,0.0058,0.07,-0.0,-0.013,-1.143,-1.74,95.86,11.84,6.28,1,0.602,3.88,-2.13,0.0,0,5,0.0739,0.0665,0.072,0.0665
90.087,1,0.95,-4.74,2.16,5,75.0,20.57,0.07,0.0118,0.068,-0.0,-0.035,-1.143,-1.736,95.74,11.84,6.28,1,0.596,3.39,-2.37,0.0,0,5,0.0738,0.0646,0.0701,0.0627
90.114,1,0.941,-5.24,2.55,5,75.5,20.44,0.07,0.0052,0.067,-0.001,-0.065,-1.143,-1.735,95.68,11.84,6.28,1,0.596,3.39,-2.37,0.0,0,5,0.074,0.0629,0.0684,0.0629
90.183,1,0.939,-4.99,1.91,5,75.7,20.04,0.07,0.0039,0.067,-0.006,0.003,-1.143,-1.73,95.51,11.84,6.28,1,0.603,2.91,-4.08,0.0,0,5,0.074,0.0537,0.0685,0.0722
90.285,1,0.94,-4.49,2.16,5,75.9,20.57,0.07,0.0115,0.073,0.0,0.023,-1.144,-1.722,95.68,11.85,5.93,1,0.605,2.42,-5.07,0.0,0,5,0.0703,0.0758,0.0703,0.074
90.38,1,0.955,-4.24,1.36,5,75.8,20.56,0.07,0.0018,0.075,0.0,-0.023,-1.145,-1.715,95.57,11.85,5.93,1,0.603,2.42,-5.29,0.0,0,5,0.0758,0.0739,0.0758,0.0739
90.413,1,0.943,-4.49,1.56,5,75.9,20.81,0.07,0.0132,0.074,0.0,-0.023,-1.145,-1.713,95.57,11.85,6.76,1,0.603,2.42,-5.29,0.0,0,5,0.0758,0.0739,0.0758,0.0721
90.483,1,0.939,-4.24,1.34,5,75.6,20.46,0.07,0.0131,0.071,0.001,-0.047,-1.145,-1.708,95.51,11.85,6.76,1,0.603,2.42,-5.29,0.0,0,5,0.0734,0.0716,0.0734,0.0661
90.519,1,0.939,-4.74,1.89,5,75.6,20.57,0.07,0.0138,0.069,0.0,-0.054,-1.146,-1.705,95.34,11.85,6.76,1,0.596,-0.97,-16.56,5.751,1,5,0.0679,0.0679,0.0698,0.0698
90.583,1,0.947,-4.24,1.23,5,75.2,20.57,0.07,0.0103,0.069,-0.0,0.031,-1.146,-1.701,95.4,11.85,6.76,1,0.611,-1.45,-16.02,5.544,1,5,0.0679,0.066,0.0715,0.0715
90.614,1,0.944,-4.24,1.54,5,75.2,20.57,0.07,0.0153,0.07,0.0,0.02,-1.146,-1.699,95.45,11.85,7.15,1,0.612,-0.97,-16.17,2.873,1,5,0.0661,0.0679,0.0716,0.0734
90.683,1,0.939,-3.74,1.45,5,75.2,21.02,0.07,0.0106,0.071,-0.001,-0.002,-1.147,-1.694,95.51,11.85,7.15,1,0.609,-1.45,-14.73,2.266,1,5,0.0652,0.0742,0.0652,0.0778
90.713,1,0.936,-3.99,1.67,5,74.9,20.96,0.07,0.0062,0.069,0.0,-0.016,-1.147,-1.693,95.51,11.85,7.15,1,0.609,-1.45,-14.73,2.266,1,5,0.0667,0.0757,0.0631,0.0721
90.781,1,0.935,-3.74,1.37,5,74.3,20.57,0.07,0.0063,0.068,0.003,-0.018,-1.148,-1.688,95.51,11.85,7.15,1,0.601,-1.94,-14.54,0.308,1,5,0.0718,0.0736,0.0681,0.0589
90.819,1,0.926,-3.74,1.35,5,73.7,20.81,0.07,0.0087,0.068,0.002,-0.004,-1.148,-1.685,95.45,11.83,6.2,1,0.601,-1.94,-14.54,0.308,1,5,0.0715,0.0697,0.0715,0.0605
90.913,1,0.9,-3.74,1.45,5,72.7,21.02,0.07,0.0098,0.067,0.0,-0.06,-1.148,-1.679,95.4,11.83,6.2,1,0.58,-3.88,-12.83,0.0,0,5,0.0679,0.066,0.0679,0.066
90.984,1,0.893,-3.24,1.33,5,71.6,21.1,0.07,0.0082,0.067,-0.004,0.072,-1.148,-1.674,95.45,11.83,6.2,1,0.59,-0.97,-16.49,-3.552,1,5,0.0721,0.061,0.0666,0.0703
91.013,1,0.894,-2.99,1.24,5,71.7,20.81,0.07,0.0041,0.068,-0.004,-0.005,-1.148,-1.673,95.45,11.83,3.82,1,0.585,1.45,-12.57,-7.374,1,5,0.0703,0.061,0.0666,0.074
91.086,1,0.884,-2.75,1.34,5,71.7,20.57,0.07,0.0041,0.07,-0.0,0.01,-1.149,-1.667,95.57,11.83,3.82,1,0.584,4.85,-6.48,-5.664,1,5,0.0648,0.074,0.0648,0.0759
91.114,1,0.891,-2.75,1.58,5,71.5,20.81,0.07,-0.0006,0.071,0.0,-0.023,-1.149,-1.665,95.57,11.83,3.82,1,0.584,4.85,-6.48,-5.664,1,5,0.0684,0.0758,0.0665,0.0739
91.181,1,0.911,-2.75,1.07,5,71.2,20.81,0.07,-0.0038,0.069,-0.0,-0.01,-1.15,-1.66,95.51,11.83,3.82,1,0.584,4.85,-6.48,-5.664,1,5,0.0721,0.0665,0.0702,0.0665
91.217,1,0.913,-2.75,1.34,5,70.9,20.57,0.07,0.0055,0.068,0.0,-0.006,-1.15,-1.657,95.45,11.85,0.47,1,0.613,7.27,1.29,-6.053,1,5,0.0703,0.0666,0.0703,0.0629
91.283,1,0.897,-2.99,1.38,5,70.8,20.57,0.07,0.0011,0.065,0.003,-0.052,-1.151,-1.654,95.4,11.85,0.47,1,0.613,7.27,1.29,-6.053,1,5,0.061,0.0647,0.0702,0.0628
91.318,1,0.89,-2.99,0.89,5,70.4,20.57,0.07,0.0035,0.065,-0.0,-0.022,-1.151,-1.651,95.23,11.85,0.47,1,0.636,8.72,6.01,-4.256,1,5,0.0609,0.0609,0.0682,0.0664
91.348,1,0.9,-2.99,0.88,5,70.4,20.57,0.07,0.0118,0.065,-0.001,-0.011,-1.151,-1.65,95.23,11.85,0.47,1,0.633,8.72,5.34,-2.013,1,5,0.0682,0.059,0.0682,0.0646
91.385,1,0.908,-2.99,0.6,5,70.4,20.81,0.07,0.0119,0.068,-0.002,0.008,-1.151,-1.647,95.17,11.85,0.47,1,0.637,11.63,13.07,-3.02,1,5,0.0738,0.0609,0.0701,0.0664
91.415,1,0.917,-2.99,1.0,5,70.5,20.57,0.07,0.0167,0.07,0.002,0.045,-1.151,-1.644,95.23,11.85,-2.11,1,0.637,11.63,13.07,-3.02,1,5,0.0739,0.0647,0.0739,0.0665
91.481,1,0.903,-2.5,0.86,5,71.2,20.81,0.07,0.0096,0.072,0.003,0.02,-1.152,-1.64,95.28,11.85,-2.11,1,0.657,12.12,10.81,-2.899,1,5,0.0647,0.0777,0.0721,0.074
91.516,1,0.908,-2.5,1.28,5,71.5,20.96,0.07,0.0062,0.071,0.001,0.009,-1.152,-1.637,95.34,11.85,-2.11,1,0.657,12.12,10.81,-2.899,1,5,0.0647,0.0777,0.0703,0.074
91.583,1,0.936,-2.25,1.07,5,71.6,20.57,0.07,-0.0005,0.071,0.001,0.005,-1.153,-1.633,95.34,11.85,-2.11,1,0.66,14.54,10.8,1.108,1,5,0.0703,0.0721,0.0721,0.0703
91.616,1,0.923,-2.25,1.08,5,71.7,20.57,0.07,0.0002,0.07,0.003,0.0,-1.153,-1.63,95.34,11.85,-1.41,1,0.661,14.54,10.84,1.24,1,5,0.0684,0.074,0.0721,0.0666
91.685,1,0.917,-2.0,0.85,5,71.9,20.57,0.07,0.0009,0.068,0.001,-0.073,-1.153,-1.626,95.23,11.85,-1.41,1,0.662,14.06,10.25,1.884,1,5,0.0666,0.0685,0.0703,0.0685
91.716,1,0.935,-2.25,1.07,5,72.2,20.56,0.07,0.0019,0.068,-0.001,-0.011,-1.154,-1.623,95.17,11.85,-1.41,1,0.662,14.06,10.25,1.884,1,5,0.0698,0.0662,0.068,0.068
91.782,1,0.92,-2.25,0.79,5,73.0,20.56,0.07,0.0015,0.072,-0.0,0.024,-1.154,-1.618,95.17,11.85,-1.41,1,0.658,14.06,10.25,1.915,1,5,0.0752,0.0697,0.0734,0.0697
91.814,1,0.915,-2.0,0.74,5,73.3,20.57,0.07,0.0063,0.074,0.0,0.023,-1.154,-1.617,95.17,11.87,1.42,1,0.662,13.57,8.7,0.22,1,5,0.0752,0.0716,0.0771,0.0734
91.883,1,0.948,-2.0,0.99,5,75.3,20.81,0.07,0.0044,0.075,0.0,0.018,-1.155,-1.611,95.23,11.87,1.42,1,0.655,11.15,2.19,-0.67,1,5,0.0699,0.0772,0.0736,0.0791
91.915,1,0.943,-1.75,0.93,5,76.1,20.56,0.07,0.0003,0.074,0.0,0.014,-1.155,-1.609,95.23,11.87,1.42,1,0.655,11.15,2.19,-0.67,1,5,0.0699,0.0772,0.0717,0.0772
91.982,1,0.935,-1.75,1.59,5,76.6,20.81,0.07,-0.0012,0.07,0.002,0.017,-1.156,-1.604,95.34,11.87,1.42,1,0.654,10.66,2.69,-1.886,1,5,0.07,0.0736,0.07,0.0663
92.013,1,0.935,-1.75,1.46,5,76.9,20.81,0.07,-0.0125,0.069,0.001,0.011,-1.156,-1.603,95.34,11.87,3.06,1,0.629,9.69,2.16,0.247,1,5,0.07,0.0737,0.0663,0.0663
92.047,1,0.937,-1.75,1.06,5,77.1,20.57,0.07,-0.0101,0.067,0.0,-0.046,-1.156,-1.6,95.28,11.87,3.06,1,0.629,9.69,2.16,0.247,1,5,0.0685,0.0685,0.0667,0.0648
92.08,1,0.935,-1.75,0.93,5,77.3,20.57,0.07,-0.0031,0.066,-0.003,0.014,-1.156,-1.597,95.17,11.87,3.06,1,0.629,9.69,2.16,0.247,1,5,0.0685,0.0629,0.0629,0.0703
92.112,1,0.938,-1.75,0.93,5,77.2,20.57,0.07,-0.0007,0.065,-0.002,-0.015,-1.156,-1.596,95.17,11.87,3.06,1,0.633,7.76,-5.91,-1.01,1,5,0.0685,0.0611,0.0648,0.0666
92.181,1,0.93,-1.75,0.94,5,77.6,20.46,0.07,-0.0005,0.068,0.0,0.036,-1.157,-1.59,95.17,11.87,3.06,1,0.633,7.76,-5.91,-1.01,1,5,0.0689,0.0689,0.0689,0.0671
92.219,1,0.931,-1.5,0.83,5,77.8,20.96,0.07,-0.0008,0.069,0.0,0.016,-1.157,-1.587,95.28,11.89,3.47,1,0.637,6.79,-1.46,1.9,1,5,0.0666,0.072,0.0666,0.072
92.248,1,0.936,-1.5,1.12,5,77.9,20.96,0.07,-0.0017,0.071,0.0,0.017,-1.157,-1.586,95.28,11.89,3.47,1,0.637,6.79,-1.46,1.9,1,5,0.0666,0.0756,0.0666,0.0756
92.28,1,0.936,-1.25,0.9,5,78.2,20.57,0.07,-0.0066,0.072,-0.001,0.019,-1.157,-1.583,95.34,11.89,3.47,1,0.637,6.79,-1.46,1.9,1,5,0.068,0.0735,0.068,0.0772
92.315,1,0.936,-1.25,1.17,5,78.2,20.46,0.07,-0.0055,0.073,-0.0,0.007,-1.157,-1.58,95.34,11.89,3.47,1,0.632,7.27,-1.96,2.98,1,5,0.0683,0.0757,0.0683,0.0776
92.382,1,0.934,-1.5,0.98,5,78.5,20.56,0.07,-0.0098,0.071,-0.0,0.013,-1.158,-1.576,95.28,11.89,3.47,1,0.638,5.82,-0.9,0.165,1,5,0.0739,0.0702,0.0702,0.0683
92.416,1,0.933,-1.75,1.22,5,78.5,20.46,0.07,-0.0031,0.069,-0.001,-0.007,-1.158,-1.575,95.28,11.89,3.86,1,0.638,5.82,-0.9,0.165,1,5,0.0758,0.0684,0.0684,0.0647
92.446,1,0.933,-1.75,1.21,5,78.3,20.46,0.07,-0.0045,0.068,-0.001,-0.042,-1.158,-1.572,95.23,11.89,3.86,1,0.639,5.82,-0.91,0.201,1,5,0.0721,0.0665,0.0665,0.0665
92.484,1,0.927,-1.75,1.2,5,78.4,20.46,0.07,-0.0046,0.068,-0.004,-0.007,-1.158,-1.569,95.17,11.89,3.86,1,0.639,5.82,-0.91,0.201,1,5,0.072,0.0647,0.0628,0.072
92.52,1,0.925,-1.75,0.82,5,78.2,20.46,0.07,-0.0047,0.068,-0.005,-0.001,-1.158,-1.568,95.17,11.89,3.86,1,0.638,5.33,-0.84,-0.351,1,5,0.0722,0.0629,0.0648,0.074
92.584,1,0.933,-1.25,0.65,5,78.2,20.44,0.07,0.0018,0.075,-0.001,0.02,-1.158,-1.562,95.28,11.89,3.86,1,0.641,5.33,-2.73,-1.125,1,5,0.0795,0.0758,0.0721,0.074
92.616,1,0.933,-1.25,1.05,5,78.2,20.46,0.07,-0.0016,0.075,-0.0,0.041,-1.159,-1.56,95.28,11.89,3.86,1,0.644,6.3,-3.24,0.641,1,5,0.0777,0.0777,0.0722,0.074
92.648,1,0.935,-0.75,0.88,5,78.0,20.46,0.07,-0.0081,0.075,0.0,0.035,-1.159,-1.557,95.4,11.89,3.86,1,0.643,6.3,-2.97,-0.774,1,5,0.074,0.0814,0.0685,0.0759
92.682,1,0.933,-0.75,0.77,5,78.0,20.44,0.07,-0.0112,0.075,0.0,0.002,-1.159,-1.554,95.4,11.89,3.86,1,0.643,6.3,-2.97,-0.774,1,5,0.0703,0.0814,0.0685,0.0796
92.717,1,0.929,-0.75,0.89,5,78.1,20.04,0.07,-0.0083,0.076,-0.002,0.026,-1.159,-1.553,95.45,11.89,3.86,1,0.647,6.79,-0.28,4.028,1,5,0.0722,0.0814,0.0666,0.0833
92.745,1,0.926,-0.75,1.16,5,78.3,20.2,0.07,-0.0099,0.075,-0.002,0.002,-1.159,-1.55,95.45,11.89,3.86,1,0.647,6.3,-1.53,-1.222,1,5,0.0741,0.0778,0.0685,0.0815
92.785,1,0.929,-0.75,0.77,5,78.3,20.44,0.07,-0.0142,0.071,-0.004,-0.037,-1.159,-1.547,95.4,11.89,3.86,1,0.653,6.3,-1.04,-1.757,1,5,0.0722,0.0667,0.0685,0.0778
92.817,1,0.932,-0.75,0.77,5,78.3,20.44,0.07,-0.0073,0.068,-0.002,-0.018,-1.16,-1.544,95.34,11.87,3.53,1,0.653,6.3,-1.04,-1.757,1,5,0.0704,0.0648,0.0685,0.0741
92.885,1,0.931,-1.0,0.74,5,78.4,20.2,0.07,-0.007,0.067,-0.004,0.008,-1.16,-1.54,95.28,11.87,3.53,1,0.657,6.3,-1.54,-1.047,1,5,0.0722,0.0629,0.0629,0.0685
92.922,1,0.93,-0.75,0.51,5,78.3,20.44,0.07,-0.0032,0.07,-0.004,0.001,-1.16,-1.537,95.34,11.87,3.53,1,0.66,6.3,-3.47,-3.411,1,5,0.074,0.0648,0.0685,0.074
92.947,1,0.929,-0.75,0.77,5,78.6,20.44,0.07,-0.0024,0.072,-0.002,0.002,-1.16,-1.536,95.34,11.87,3.53,1,0.66,6.3,-3.47,-3.411,1,5,0.0737,0.0682,0.0719,0.0737
92.981,1,0.923,-0.5,0.54,5,79.0,20.04,0.07,-0.0069,0.076,0.0,0.029,-1.16,-1.533,95.4,11.87,3.53,1,0.66,6.3,-3.47,-3.411,1,5,0.0718,0.0755,0.0774,0.0792
93.016,1,0.923,-0.5,0.56,5,78.9,19.97,0.07,-0.006,0.077,0.001,0.014,-1.161,-1.53,95.45,11.87,2.71,1,0.658,6.3,-2.02,-3.829,1,5,0.0719,0.0811,0.0774,0.0811
93.046,1,0.925,-0.25,0.62,5,78.6,20.2,0.07,-0.0059,0.078,0.0,0.038,-1.161,-1.528,95.51,11.87,2.71,1,0.658,7.27,-2.97,-1.489,1,5,0.0703,0.0814,0.074,0.0851
93.078,1,0.925,0.0,0.66,5,78.7,20.04,0.07,-0.01,0.076,0.0,0.014,-1.161,-1.525,95.57,11.87,2.71,1,0.658,7.27,-2.97,-1.489,1,5,0.0703,0.0796,0.074,0.0815
93.116,1,0.923,0.0,0.96,5,78.7,20.0,0.07,-0.0131,0.075,-0.0,-0.022,-1.161,-1.522,95.51,11.87,2.71,1,0.658,7.27,-2.97,-1.489,1,5,0.0722,0.0759,0.0722,0.0778
93.145,1,0.917,0.0,0.91,5,78.8,20.2,0.07,-0.0177,0.072,0.0,-0.012,-1.162,-1.521,95.51,11.87,2.71,1,0.648,7.27,-1.63,-5.87,1,5,0.0716,0.0716,0.0734,0.0734
93.182,1,0.913,0.0,0.91,5,78.7,20.2,0.07,-0.0167,0.07,-0.001,0.002,-1.162,-1.518,95.45,11.87,2.71,1,0.648,7.27,-1.63,-5.87,1,5,0.0716,0.0697,0.0734,0.0734
93.253,1,0.923,0.0,1.05,5,78.4,20.04,0.07,-0.0162,0.067,-0.004,-0.017,-1.162,-1.514,95.45,11.88,1.15,1,0.622,9.21,-0.87,-2.309,1,5,0.0716,0.0643,0.0624,0.0698
93.289,1,0.925,0.0,0.67,5,78.6,20.04,0.07,-0.0185,0.068,-0.003,0.004,-1.162,-1.511,95.4,11.88,1.15,1,0.632,11.15,3.59,-3.146,1,5,0.0753,0.0698,0.0606,0.0679
93.314,1,0.922,0.0,0.67,5,78.4,20.04,0.07,-0.0118,0.071,-0.003,-0.006,-1.162,-1.51,95.4,11.88,1.15,1,0.632,11.15,3.59,-3.146,1,5,0.0753,0.0698,0.0661,0.0716
93.345,1,0.918,0.0,0.45,5,78.4,20.56,0.07,-0.0118,0.073,-0.0,0.01,-1.163,-1.507,95.4,11.88,1.15,1,0.648,11.15,4.98,-1.693,1,5,0.0739,0.0739,0.072,0.0739
93.415,1,0.913,0.0,0.7,5,78.2,20.56,0.07,-0.0079,0.072,0.0,-0.01,-1.163,-1.501,95.4,11.88,0.22,1,0.65,11.15,4.99,-1.704,1,5,0.0718,0.0737,0.0737,0.0755
93.444,1,0.914,0.0,0.67,5,78.2,20.04,0.07,-0.0123,0.072,0.0,-0.01,-1.163,-1.501,95.4,11.88,0.22,1,0.66,11.63,5.92,0.83,1,5,0.0719,0.0737,0.0719,0.0719
93.485,1,0.914,0.0,0.67,5,78.2,20.04,0.07,-0.0116,0.07,-0.0,-0.017,-1.164,-1.497,95.4,11.88,0.22,1,0.659,11.15,4.1,-3.709,1,5,0.0735,0.0698,0.0698,0.0661
93.511,1,0.917,0.0,0.79,5,77.9,19.97,0.07,-0.0116,0.07,-0.0,-0.017,-1.164,-1.497,95.4,11.88,0.22,1,0.659,11.15,4.1,-3.709,1,5,0.0735,0.0698,0.0698,0.0661
93.545,1,0.913,-0.25,0.78,5,77.9,20.04,0.07,-0.0138,0.067,0.0,-0.038,-1.164,-1.494,95.28,11.88,0.22,1,0.659,11.15,4.1,-3.709,1,5,0.0698,0.0624,0.0734,0.0642
93.583,1,0.91,-0.25,0.76,5,78.3,20.0,0.07,-0.0105,0.066,-0.001,-0.014,-1.164,-1.491,95.23,11.88,0.22,1,0.654,11.15,4.1,-3.709,1,5,0.0665,0.0591,0.0702,0.0665
93.613,1,0.907,-0.5,0.66,5,78.4,19.97,0.07,-0.0105,0.064,-0.0,-0.031,-1.164,-1.49,95.17,11.88,0.6,1,0.654,11.15,4.1,-3.709,1,5,0.0665,0.0591,0.0683,0.0628
93.645,1,0.905,-0.5,0.42,5,78.4,19.97,0.07,-0.006,0.063,-0.003,-0.029,-1.164,-1.488,95.11,11.88,0.6,1,0.659,10.18,4.29,-2.442,1,5,0.0701,0.059,0.0609,0.0627
93.682,1,0.901,-0.25,0.26,5,78.3,20.46,0.07,-0.0019,0.065,-0.006,0.009,-1.164,-1.485,95.17,11.88,0.6,1,0.659,10.18,4.29,-2.442,1,5,0.0765,0.0564,0.0619,0.0655
93.713,1,0.896,-0.25,0.09,5,78.2,20.2,0.07,-0.0027,0.066,-0.006,-0.03,-1.164,-1.483,95.11,11.88,0.6,1,0.651,10.66,1.69,-4.117,1,5,0.0747,0.0565,0.0637,0.0692
93.745,1,0.899,-0.25,0.5,5,78.3,20.04,0.07,0.0005,0.068,-0.004,0.016,-1.164,-1.481,95.17,11.88,0.6,1,0.66,10.66,3.62,-6.672,1,5,0.073,0.062,0.0675,0.0712
93.781,1,0.901,0.0,0.67,5,78.2,20.04,0.07,-0.0067,0.069,0.0,0.037,-1.165,-1.478,95.28,11.88,0.6,1,0.66,10.66,3.62,-6.672,1,5,0.0647,0.0703,0.0684,0.0721
93.816,1,0.904,0.25,0.61,5,78.3,20.44,0.07,-0.0124,0.07,0.001,0.008,-1.165,-1.475,95.34,11.88,-0.36,1,0.667,11.15,4.08,-3.709,1,5,0.0647,0.074,0.0647,0.074
93.849,1,0.903,0.25,0.49,5,78.4,20.46,0.07,-0.0144,0.073,0.0,-0.01,-1.165,-1.473,95.34,11.88,-0.36,1,0.665,11.63,3.11,-1.887,1,5,0.0665,0.0776,0.0683,0.0776
93.877,1,0.901,0.25,0.56,5,78.5,20.46,0.07,-0.0118,0.074,0.0,-0.006,-1.165,-1.47,95.28,11.88,-0.36,1,0.664,11.63,3.19,-3.372,1,5,0.072,0.0776,0.0702,0.0757
93.914,1,0.906,0.25,0.6,5,78.4,20.46,0.07,-0.0126,0.073,0.0,-0.032,-1.165,-1.469,95.23,11.88,-0.36,1,0.664,11.63,3.19,-3.372,1,5,0.0757,0.072,0.0739,0.0702
93.948,1,0.911,0.0,0.66,5,78.8,20.0,0.07,-0.0131,0.071,0.0,-0.042,-1.166,-1.466,95.11,11.88,-0.36,1,0.667,11.15,3.08,-5.67,1,5,0.0739,0.0665,0.0757,0.0665
93.981,1,0.92,-0.25,0.61,5,78.8,20.2,0.07,-0.0109,0.069,0.0,-0.028,-1.166,-1.464,95.05,11.88,-0.36,1,0.663,11.15,2.06,-7.588,1,5,0.0721,0.0628,0.0758,0.0665
94.013,1,0.923,-0.25,0.59,5,78.9,20.46,0.07,-0.0072,0.068,0.001,-0.027,-1.166,-1.462,95.0,11.88,-1.09,1,0.642,11.63,3.71,-6.958,1,5,0.0682,0.0626,0.0755,0.0663
94.045,1,0.921,-0.25,0.21,5,79.0,20.46,0.07,-0.0073,0.067,-0.0,-0.041,-1.166,-1.46,94.94,11.88,-1.09,1,0.649,14.06,8.07,-4.206,1,5,0.07,0.0627,0.07,0.0645
94.081,1,0.911,-0.25,0.2,5,79.2,20.46,0.07,-0.0007,0.066,-0.001,-0.003,-1.166,-1.457,94.88,11.88,-1.09,1,0.649,14.06,8.07,-4.206,1,5,0.0721,0.0647,0.0647,0.0628
94.115,1,0.905,-0.25,0.07,5,79.0,20.56,0.07,-0.0009,0.067,-0.001,0.002,-1.167,-1.456,94.88,11.88,-1.09,1,0.659,13.57,6.62,-5.821,1,5,0.0721,0.0666,0.0647,0.0629
94.145,1,0.905,0.0,-0.25,5,78.8,20.2,0.07,0.0013,0.066,0.001,0.028,-1.167,-1.453,94.94,11.88,-1.09,1,0.659,13.57,6.62,-5.824,1,5,0.0666,0.0648,0.0703,0.0629
94.18,1,0.909,0.25,-0.13,5,78.6,20.46,0.07,0.0037,0.066,0.002,0.011,-1.167,-1.45,94.94,11.88,-1.09,1,0.659,13.57,6.62,-5.824,1,5,0.0666,0.0629,0.0703,0.0629
94.212,1,0.911,0.0,-0.02,5,78.5,20.56,0.07,-0.0011,0.067,0.001,-0.004,-1.167,-1.449,95.0,11.88,-2.88,1,0.66,14.06,7.67,-3.584,1,5,0.0648,0.0666,0.0703,0.0666
94.25,1,0.911,-0.25,0.2,5,78.3,20.2,0.07,0.0003,0.068,0.002,0.03,-1.168,-1.446,94.94,11.88,-2.88,1,0.66,14.06,7.67,-3.584,1,5,0.0681,0.0736,0.0663,0.0626
94.28,1,0.909,-0.25,0.87,5,78.3,20.04,0.07,-0.0003,0.066,0.002,0.008,-1.168,-1.444,94.88,11.88,-2.88,1,0.637,17.93,12.93,-2.469,1,5,0.0681,0.0736,0.0663,0.0589
94.31,1,0.907,-0.25,0.85,5,78.3,20.44,0.07,-0.0123,0.066,0.003,-0.009,-1.168,-1.442,94.88,11.88,-2.88,1,0.659,17.93,15.2,-3.625,1,5,0.0681,0.07,0.0681,0.0589
94.381,1,0.91,0.0,0.21,5,78.6,20.04,0.07,-0.0123,0.066,0.0,-0.049,-1.169,-1.437,94.77,11.88,-2.88,1,0.643,17.93,12.53,-1.915,1,5,0.0666,0.0629,0.0703,0.0648
94.452,1,0.91,-0.25,0.17,5,78.2,20.46,0.07,-0.0041,0.067,-0.001,0.006,-1.169,-1.433,94.65,11.88,-2.03,1,0.648,17.45,11.6,-5.539,1,5,0.074,0.0592,0.0721,0.0629
94.481,1,0.912,-0.25,0.19,5,78.1,20.04,0.07,-0.0003,0.067,-0.002,-0.016,-1.169,-1.43,94.6,11.88,-2.03,1,0.648,17.45,11.6,-5.539,1,5,0.077,0.0623,0.0678,0.0623
94.516,1,0.912,0.0,0.0,5,77.9,19.97,0.07,-0.0008,0.067,0.0,0.005,-1.169,-1.428,94.6,11.88,-2.03,1,0.647,17.45,11.08,-3.835,1,5,0.0715,0.066,0.0696,0.0623
94.545,1,0.906,0.25,-0.04,5,77.8,20.46,0.07,-0.0005,0.067,0.0,0.031,-1.169,-1.426,94.65,11.88,-2.03,1,0.647,17.45,11.08,-3.835,1,5,0.0678,0.0642,0.0697,0.066
94.611,1,0.905,0.5,0.0,5,78.2,19.97,0.07,-0.0024,0.069,0.0,0.0,-1.17,-1.422,94.71,11.88,-1.71,1,0.647,17.45,11.08,-3.835,1,5,0.0629,0.0684,0.0703,0.074
94.648,1,0.912,0.5,0.27,5,78.2,20.2,0.07,-0.0058,0.071,0.0,-0.002,-1.17,-1.419,94.71,11.88,-1.71,1,0.647,17.45,11.08,-3.835,1,5,0.0682,0.0719,0.07,0.0719
94.709,1,0.91,0.5,0.12,5,78.4,19.97,0.07,-0.0099,0.07,0.001,-0.021,-1.17,-1.415,94.65,11.88,-1.71,1,0.649,18.42,11.53,-4.291,1,5,0.0682,0.0701,0.0719,0.0682
94.748,1,0.901,0.25,0.33,5,78.5,20.46,0.07,-0.0071,0.066,0.002,-0.066,-1.171,-1.413,94.54,11.88,-1.71,1,0.649,18.42,11.53,-4.291,1,5,0.061,0.0629,0.0721,0.0666
94.845,1,0.916,-0.25,-0.16,5,78.5,20.44,0.07,-0.0078,0.069,0.003,-0.063,-1.172,-1.406,94.19,11.89,-0.64,1,0.638,12.6,5.83,-3.381,1,5,0.0774,0.0627,0.0811,0.0553
94.881,1,0.915,-0.25,-0.18,5,78.5,20.56,0.07,0.0069,0.069,0.004,-0.011,-1.172,-1.403,94.08,11.89,-0.64,1,0.638,12.6,5.83,-3.381,1,5,0.0749,0.0658,0.0804,0.0548
94.913,1,0.914,-0.25,-0.45,5,78.3,20.56,0.07,0.0067,0.07,0.003,0.016,-1.172,-1.401,94.08,11.89,-0.64,1,0.653,12.12,1.1,-1.555,1,5,0.0725,0.0652,0.0797,0.0616
94.944,1,0.916,-0.25,-0.06,5,78.4,20.46,0.07,0.0109,0.071,0.004,-0.001,-1.172,-1.398,94.14,11.89,-0.64,1,0.657,12.12,0.17,-3.465,1,5,0.0673,0.0691,0.0801,0.0673
94.98,1,0.922,0.25,-0.63,5,78.5,20.44,0.07,0.004,0.072,0.003,-0.008,-1.173,-1.395,94.14,11.89,-0.64,1,0.657,12.12,0.17,-3.465,1,5,0.0656,0.071,0.0801,0.0729
95.012,1,0.922,0.25,-0.47,5,78.9,20.46,0.07,0.0077,0.073,0.004,0.013,-1.173,-1.394,94.14,11.89,-0.64,1,0.656,12.6,2.21,-2.298,1,5,0.0661,0.0753,0.079,0.0717
95.048,1,0.923,0.5,-0.43,5,79.0,20.44,0.07,0.0053,0.073,0.002,0.012,-1.173,-1.391,94.19,11.89,-0.98,1,0.655,12.6,1.25,-4.332,1,5,0.0678,0.077,0.0733,0.0733
95.079,1,0.922,0.75,-0.5,5,79.4,20.44,0.07,0.0016,0.072,0.005,0.024,-1.174,-1.388,94.25,11.89,-0.98,1,0.653,12.6,1.24,-4.348,1,5,0.0665,0.0812,0.072,0.0665
95.143,1,0.911,0.75,-0.33,5,80.0,20.46,0.07,0.0008,0.072,0.006,-0.002,-1.174,-1.384,94.25,11.89,-0.98,1,0.657,13.09,1.53,-6.654,1,5,0.0685,0.0815,0.0741,0.063
95.246,1,0.916,0.5,-0.44,5,80.3,20.56,0.07,-0.0014,0.072,-0.002,-0.035,-1.175,-1.377,94.02,11.89,-1.83,1,0.659,13.09,1.56,-6.723,1,5,0.0809,0.0698,0.0698,0.068
95.281,1,0.917,0.25,-0.6,5,80.4,20.46,0.07,0.0037,0.076,0.0,0.014,-1.175,-1.374,93.97,11.89,-1.83,1,0.665,12.6,2.08,-5.307,1,5,0.0828,0.0736,0.0791,0.0681
95.313,1,0.912,0.75,-1.07,5,80.3,20.46,0.07,0.0094,0.076,0.003,0.013,-1.175,-1.372,94.02,11.89,-1.83,1,0.666,12.6,2.09,-5.314,1,5,0.0773,0.0736,0.0847,0.0699
95.346,1,0.91,0.75,-0.61,5,80.5,20.46,0.07,0.0112,0.08,0.006,0.008,-1.176,-1.369,94.02,11.89,-1.83,1,0.666,12.6,2.09,-5.314,1,5,0.0699,0.0773,0.0938,0.0791
95.379,1,0.907,1.0,-0.46,5,80.2,20.57,0.07,0.0034,0.079,0.007,0.007,-1.176,-1.366,94.08,11.89,-1.83,1,0.635,14.54,4.22,-6.035,1,5,0.0666,0.0833,0.0888,0.0777
95.416,1,0.908,1.25,-0.77,5,79.9,20.46,0.07,-0.0021,0.079,0.006,0.02,-1.176,-1.364,94.08,11.89,-1.83,1,0.661,17.45,8.89,-7.881,1,5,0.0684,0.0851,0.0851,0.0777
95.446,1,0.904,1.5,-0.82,5,79.7,20.96,0.07,0.0008,0.076,0.004,0.026,-1.177,-1.361,94.14,11.89,-3.51,1,0.661,17.45,8.89,-7.881,1,5,0.0703,0.0851,0.074,0.074
95.478,1,0.901,1.75,-0.88,5,79.6,20.56,0.07,-0.0012,0.073,0.002,0.014,-1.177,-1.358,94.19,11.89,-3.51,1,0.661,17.93,9.22,-5.391,1,5,0.0704,0.0796,0.0704,0.0704
95.515,1,0.896,1.75,-0.86,5,79.4,20.56,0.07,-0.0024,0.071,0.001,-0.004,-1.177,-1.357,94.19,11.89,-3.51,1,0.656,18.42,8.75,-4.424,1,5,0.0685,0.0778,0.0666,0.0703
95.547,1,0.899,1.5,-0.42,5,79.4,20.57,0.07,-0.0019,0.069,-0.001,-0.06,-1.177,-1.354,94.08,11.89,-3.51,1,0.653,17.93,10.18,-4.834,1,5,0.0703,0.0703,0.0648,0.0703
95.612,1,0.906,1.25,-0.49,5,79.2,20.46,0.07,-0.0062,0.07,-0.002,-0.016,-1.177,-1.35,93.97,11.89,-3.51,1,0.655,17.93,10.57,-4.121,1,5,0.0777,0.0666,0.0685,0.0666
95.647,1,0.899,1.25,-0.54,5,79.1,20.46,0.07,-0.0021,0.073,-0.0,-0.013,-1.177,-1.347,93.91,11.89,-3.89,1,0.65,17.45,9.11,-5.854,1,5,0.0796,0.0704,0.0759,0.0667
95.712,1,0.895,1.5,-0.76,5,79.0,20.57,0.07,-0.0014,0.079,0.003,0.011,-1.178,-1.342,93.97,11.89,-3.89,1,0.643,17.45,9.6,-3.532,1,5,0.074,0.0778,0.087,0.0778
95.747,1,0.898,1.75,-0.98,5,78.9,20.46,0.07,-0.0007,0.08,0.005,-0.013,-1.179,-1.339,93.97,11.89,-3.89,1,0.645,17.93,8.75,-3.286,1,5,0.0722,0.0851,0.0851,0.0777
95.847,1,0.891,2.0,-0.64,5,78.6,20.57,0.07,0.0009,0.07,0.006,0.019,-1.18,-1.332,94.02,11.86,-3.89,1,0.639,18.42,7.76,-1.428,1,5,0.0629,0.0796,0.0722,0.0648
95.915,1,0.886,2.25,-1.1,5,78.3,20.57,0.07,-0.0076,0.068,0.003,-0.004,-1.18,-1.328,94.08,11.86,-3.89,1,0.641,15.99,12.39,0.0,0,5,0.0667,0.0759,0.0648,0.063
95.944,1,0.889,2.0,-0.64,5,78.5,20.57,0.07,-0.0023,0.068,-0.001,-0.015,-1.18,-1.325,94.08,11.86,-3.89,1,0.641,15.99,12.39,0.0,0,5,0.0704,0.0704,0.063,0.0685
96.046,1,0.887,2.0,-0.63,5,78.2,20.57,0.07,-0.0069,0.076,-0.002,0.078,-1.18,-1.317,94.14,11.86,-2.39,1,0.657,15.51,11.42,0.0,0,5,0.0789,0.0661,0.0807,0.0771
96.114,1,0.864,2.99,-0.86,5,77.9,20.96,0.07,-0.0071,0.075,0.004,0.017,-1.181,-1.313,94.14,11.86,-2.39,1,0.653,16.48,12.78,-7.643,1,5,0.0679,0.079,0.079,0.0753
96.148,1,0.862,3.24,-0.68,5,77.8,20.46,0.07,-0.0155,0.073,0.007,0.004,-1.182,-1.31,94.19,11.86,-2.39,1,0.653,16.48,12.78,-7.643,1,5,0.0606,0.0863,0.0734,0.0698
96.216,1,0.865,3.49,-1.29,5,76.9,20.96,0.07,-0.0193,0.068,0.005,0.025,-1.182,-1.308,94.25,11.86,-1.92,1,0.658,16.96,14.67,-7.449,1,5,0.0591,0.0813,0.0647,0.0665
96.246,1,0.859,3.49,-0.89,5,76.7,20.96,0.07,-0.0109,0.065,0.004,0.015,-1.182,-1.305,94.25,11.87,-1.92,1,0.658,16.96,14.67,-7.449,1,5,0.0572,0.0739,0.0646,0.0646
96.345,1,0.861,2.75,-1.17,5,77.4,20.57,0.07,-0.0165,0.062,-0.002,-0.048,-1.182,-1.299,94.14,11.87,-1.92,1,0.658,16.48,15.89,-2.448,1,5,0.0647,0.061,0.0591,0.0628
96.448,1,0.856,2.5,-1.21,5,77.2,20.96,0.07,-0.0034,0.069,0.001,0.011,-1.183,-1.292,94.02,11.87,-1.3,1,0.67,15.51,14.79,-3.436,1,5,0.0698,0.0587,0.0826,0.0661
96.481,1,0.856,2.75,-1.56,5,77.3,21.1,0.07,0.0002,0.072,0.002,0.002,-1.183,-1.289,94.02,11.87,-1.3,1,0.67,15.51,14.79,-3.436,1,5,0.0684,0.0647,0.0832,0.0703
96.545,1,0.857,2.75,-1.58,5,77.5,21.1,0.07,0.0027,0.072,0.002,-0.004,-1.184,-1.285,94.02,11.87,-1.3,1,0.666,15.99,13.35,-4.364,1,5,0.0685,0.074,0.074,0.0722
96.645,1,0.859,2.75,-1.55,5,77.2,20.57,0.07,0.0029,0.066,0.001,-0.006,-1.184,-1.278,94.02,11.87,-0.33,1,0.674,15.51,3.2,-0.225,1,5,0.0647,0.0703,0.0647,0.0647
96.712,1,0.868,2.75,-1.28,5,77.3,20.57,0.07,0.0023,0.062,0.0,-0.019,-1.185,-1.274,94.02,11.87,-0.33,1,0.672,15.03,3.74,-2.977,1,5,0.0665,0.0684,0.0573,0.0573
96.747,1,0.865,2.75,-1.37,5,77.5,20.57,0.07,-0.0023,0.062,0.0,-0.047,-1.185,-1.272,93.91,11.87,-0.33,1,0.668,14.54,2.19,-4.966,1,5,0.0683,0.0647,0.061,0.0554
96.816,1,0.866,2.25,-1.48,5,77.5,21.1,0.07,-0.0008,0.065,0.002,-0.026,-1.185,-1.268,93.79,11.87,-0.33,1,0.662,14.54,2.06,-1.773,1,5,0.0665,0.0573,0.0758,0.0591
96.842,1,0.868,2.25,-1.39,5,77.6,20.57,0.07,0.0074,0.068,0.001,-0.035,-1.185,-1.265,93.74,11.85,0.08,1,0.666,14.54,2.0,-0.261,1,5,0.0666,0.0573,0.0814,0.0666
97.013,1,0.885,2.0,-1.42,5,78.4,20.96,0.07,0.0042,0.071,0.0,-0.006,-1.186,-1.254,93.68,11.85,0.08,1,0.668,14.06,2.32,-4.853,1,5,0.0721,0.074,0.0684,0.0684
97.046,1,0.888,1.75,-1.41,5,78.4,20.57,0.07,0.0076,0.07,-0.0,-0.021,-1.186,-1.251,93.62,11.85,-0.67,1,0.668,14.06,2.32,-4.853,1,5,0.0703,0.0722,0.0666,0.0703
97.109,1,0.903,1.75,-0.96,5,78.3,20.46,0.07,0.0099,0.067,0.001,0.025,-1.187,-1.247,93.62,11.85,-0.67,1,0.673,13.57,2.18,-7.024,1,5,0.0685,0.0703,0.0666,0.0629
97.146,1,0.899,1.75,-1.23,5,78.4,20.46,0.07,0.0017,0.068,0.003,-0.013,-1.187,-1.244,93.62,11.85,-0.67,1,0.673,13.57,2.18,-7.024,1,5,0.0685,0.0703,0.0703,0.0611
97.211,1,0.886,1.5,-1.54,5,78.8,20.57,0.07,0.0061,0.071,-0.002,-0.023,-1.187,-1.24,93.56,11.85,-0.67,1,0.666,13.09,1.2,-6.355,1,5,0.0722,0.063,0.0759,0.0741
97.245,1,0.889,1.75,-1.91,5,78.7,20.57,0.07,0.0146,0.071,-0.004,0.039,-1.187,-1.237,93.56,11.85,-2.56,1,0.663,13.09,0.4,0.0,0,5,0.0759,0.0574,0.0759,0.074
97.31,1,0.907,1.75,-1.06,5,78.7,20.46,0.07,0.0175,0.072,0.0,-0.009,-1.188,-1.233,93.56,11.85,-2.56,1,0.62,15.99,6.43,0.0,0,5,0.0722,0.0722,0.0722,0.0722
97.347,1,0.907,1.75,-1.05,5,78.8,20.46,0.07,0.0027,0.073,0.004,0.004,-1.188,-1.23,93.56,11.85,-2.56,1,0.661,16.48,9.16,-6.719,1,5,0.0665,0.0813,0.0721,0.0721
97.375,1,0.895,1.75,-1.06,5,78.7,20.46,0.07,0.0026,0.073,0.003,-0.007,-1.188,-1.227,93.56,11.85,-2.56,1,0.661,16.48,9.16,-6.719,1,5,0.0666,0.0814,0.074,0.0721
97.412,1,0.889,1.75,-0.98,5,78.9,20.46,0.07,0.0028,0.072,0.003,-0.009,-1.188,-1.225,93.56,11.85,-2.56,1,0.661,16.48,9.16,-6.719,1,5,0.0684,0.0758,0.074,0.0684
97.445,1,0.887,1.75,-1.26,5,78.9,20.46,0.07,0.0013,0.07,0.002,-0.042,-1.189,-1.223,93.51,11.85,-2.45,1,0.664,17.45,6.6,0.0,0,5,0.0685,0.074,0.0703,0.0666
97.512,1,0.9,1.75,-1.21,5,79.0,20.46,0.07,0.0063,0.067,0.002,0.066,-1.189,-1.219,93.51,11.85,-2.45,1,0.663,17.45,6.93,0.0,0,5,0.0665,0.0739,0.0628,0.0628
97.545,1,0.898,1.75,-1.03,5,79.2,20.46,0.07,0.0054,0.068,0.003,0.04,-1.189,-1.216,93.68,11.85,-2.45,1,0.666,17.45,6.86,0.0,0,5,0.0666,0.0758,0.0666,0.0629
97.575,1,0.892,1.75,-0.92,5,79.1,20.46,0.07,0.0022,0.072,0.001,-0.044,-1.189,-1.213,93.62,11.85,-2.45,1,0.658,17.45,7.94,0.0,0,5,0.0703,0.0759,0.0703,0.0703
97.643,1,0.885,1.5,-1.25,5,79.0,20.56,0.07,0.0004,0.074,-0.003,-0.017,-1.19,-1.209,93.56,11.85,-0.97,1,0.658,17.45,7.94,0.0,0,5,0.074,0.0666,0.074,0.0796
97.709,1,0.89,1.25,-1.48,5,78.8,20.46,0.07,0.0089,0.074,0.004,0.016,-1.19,-1.204,93.45,11.85,-0.97,1,0.675,15.99,8.3,0.0,0,5,0.0721,0.0777,0.0777,0.0666
97.746,1,0.897,1.25,-1.37,5,78.6,20.56,0.07,0.0156,0.073,0.004,-0.015,-1.19,-1.201,93.45,11.85,-0.97,1,0.672,13.09,5.51,-7.648,1,5,0.0722,0.0796,0.074,0.0666
97.845,1,0.889,1.5,-1.3,5,78.4,20.96,0.07,0.0132,0.067,0.003,-0.002,-1.191,-1.195,93.39,11.86,-0.01,1,0.672,13.09,5.51,-7.648,1,5,0.0684,0.0702,0.0702,0.061
97.947,1,0.884,1.5,-1.39,5,77.9,20.2,0.07,0.0089,0.068,0.002,0.008,-1.192,-1.188,93.51,11.86,-0.01,1,0.68,13.09,-1.04,0.0,0,5,0.0666,0.0703,0.0703,0.0666
97.977,1,0.893,1.25,-1.18,5,77.7,20.44,0.07,0.0107,0.071,-0.003,-0.029,-1.192,-1.185,93.45,11.86,-0.01,1,0.68,13.09,-1.04,0.0,0,5,0.0759,0.0611,0.074,0.0722
98.046,1,0.89,1.25,-1.45,5,78.5,20.57,0.07,0.0097,0.076,-0.003,-0.026,-1.192,-1.18,93.33,11.86,-0.33,1,0.678,12.6,-2.01,-7.957,1,5,0.0832,0.0666,0.0795,0.074
98.145,1,0.893,1.25,-1.72,5,78.7,20.56,0.07,0.0143,0.076,0.005,-0.014,-1.193,-1.172,93.28,11.86,-0.33,1,0.684,12.12,-2.02,0.0,0,5,0.0728,0.0782,0.0819,0.0691
98.174,1,0.892,1.25,-1.62,5,78.7,20.46,0.07,0.019,0.075,0.004,-0.024,-1.193,-1.171,93.28,11.86,-0.33,1,0.682,12.12,-1.99,0.0,0,5,0.0692,0.0765,0.0801,0.0728
98.246,1,0.891,1.25,-1.35,5,79.2,20.46,0.07,0.0171,0.072,0.003,0.031,-1.193,-1.165,93.33,11.84,-1.29,1,0.683,12.6,-1.23,-7.304,1,5,0.066,0.077,0.0734,0.0734
98.277,1,0.889,1.25,-1.35,5,79.6,20.46,0.07,0.0124,0.073,0.001,0.011,-1.194,-1.162,93.39,11.84,-1.29,1,0.683,12.6,-1.23,-7.304,1,5,0.0691,0.0728,0.0746,0.0746
98.342,1,0.9,1.0,-1.38,5,79.5,20.57,0.07,0.0124,0.072,-0.001,-0.028,-1.194,-1.158,93.33,11.84,-1.29,1,0.684,12.6,-1.21,-7.326,1,5,0.0735,0.0662,0.0753,0.0735
98.409,1,0.909,0.75,-1.3,5,79.4,20.46,0.07,0.0156,0.075,-0.0,-0.008,-1.194,-1.153,93.22,11.84,-1.29,1,0.687,12.12,-0.66,0.0,0,5,0.0759,0.0685,0.0796,0.0741
98.445,1,0.908,0.75,-1.29,5,78.9,20.46,0.07,0.0171,0.075,0.002,0.008,-1.194,-1.15,93.22,11.84,-1.99,1,0.686,12.12,-1.57,0.0,0,5,0.0722,0.074,0.0796,0.074
98.543,1,0.92,1.25,-1.34,5,79.2,20.46,0.07,0.0162,0.069,0.002,0.025,-1.195,-1.143,93.33,11.84,-1.99,1,0.682,12.6,-1.82,-5.372,1,5,0.0627,0.0756,0.0664,0.0701
98.641,1,0.917,1.25,-0.87,5,78.8,20.46,0.07,0.0113,0.065,0.001,0.091,-1.195,-1.137,93.51,11.84,-2.68,1,0.677,12.6,-0.56,0.0,0,5,0.0607,0.0717,0.0607,0.068
98.712,1,0.913,1.25,-0.9,5,78.9,20.46,0.07,0.0037,0.068,-0.0,-0.017,-1.196,-1.133,93.62,11.84,-2.68,1,0.677,12.6,-0.56,0.0,0,5,0.0656,0.0711,0.0638,0.0711
98.743,1,0.916,1.25,-0.9,5,79.0,20.46,0.07,0.0043,0.069,-0.001,-0.015,-1.196,-1.13,93.56,11.84,-2.68,1,0.654,17.45,7.25,-4.353,1,5,0.0679,0.0697,0.066,0.0715
98.779,1,0.921,1.25,-1.05,5,78.8,20.46,0.07,0.0043,0.07,-0.003,-0.016,-1.196,-1.127,93.56,11.84,-2.68,1,0.661,17.45,7.0,-2.657,1,5,0.0722,0.0648,0.0704,0.0741
98.843,1,0.924,1.25,-1.05,5,79.1,20.46,0.07,0.0071,0.072,0.001,-0.01,-1.196,-1.123,93.56,11.84,-3.06,1,0.661,17.45,7.0,-2.657,1,5,0.0686,0.0704,0.076,0.0723
98.942,1,0.921,1.5,-1.15,5,79.4,20.56,0.07,0.0071,0.067,-0.0,0.012,-1.197,-1.116,93.62,11.84,-3.06,1,0.669,16.96,8.62,-5.026,1,5,0.0648,0.0703,0.0629,0.0685
98.974,1,0.932,1.5,-0.98,5,79.5,20.57,0.07,0.0057,0.066,-0.002,0.01,-1.197,-1.115,93.62,11.84,-3.06,1,0.673,17.45,8.55,-3.061,1,5,0.0648,0.0703,0.0574,0.0703
99.044,1,0.925,1.75,-0.93,5,79.6,20.44,0.07,0.0031,0.065,-0.001,0.051,-1.197,-1.11,93.85,11.84,-3.06,1,0.673,17.45,8.55,-3.061,1,5,0.063,0.0741,0.0537,0.0704
99.074,1,0.921,1.75,-1.03,5,79.6,20.2,0.07,-0.0006,0.065,-0.0,0.031,-1.197,-1.108,93.85,11.84,-3.06,1,0.664,17.45,11.27,-0.773,1,5,0.0611,0.0704,0.0593,0.0704
99.143,1,0.928,1.5,-0.82,5,79.6,20.57,0.07,0.0016,0.068,0.0,-0.044,-1.198,-1.103,93.74,11.84,-3.06,1,0.664,17.45,11.27,-0.773,1,5,0.0666,0.0629,0.074,0.0703
99.174,1,0.931,1.25,-1.04,5,79.5,21.02,0.07,0.0014,0.07,0.001,-0.029,-1.198,-1.101,93.68,11.84,-3.06,1,0.659,17.45,10.66,1.393,1,5,0.0722,0.0666,0.0759,0.0666
99.273,1,0.923,0.75,-1.01,5,79.6,20.81,0.07,0.0075,0.074,-0.0,0.022,-1.198,-1.094,93.68,11.85,-1.96,1,0.673,16.48,10.23,-0.799,1,5,0.074,0.074,0.0722,0.074
99.342,1,0.929,1.0,-0.85,5,80.1,20.44,0.07,0.0122,0.069,-0.001,-0.007,-1.198,-1.088,93.62,11.85,-1.96,1,0.67,16.48,9.94,-1.748,1,5,0.0704,0.0741,0.063,0.0704
99.373,1,0.923,1.0,-1.1,5,80.0,20.44,0.07,0.0058,0.069,-0.002,0.0,-1.198,-1.087,93.62,11.85,-1.96,1,0.667,16.48,9.97,-2.114,1,5,0.0723,0.0741,0.0611,0.0704
99.442,1,0.924,1.25,-1.04,5,79.5,21.02,0.07,0.0102,0.066,0.002,0.079,-1.199,-1.082,93.79,11.85,-0.09,1,0.667,16.48,9.97,-2.114,1,5,0.0629,0.0722,0.0648,0.0648
99.473,1,0.917,1.75,-0.83,5,80.2,20.46,0.07,0.0061,0.066,0.005,0.034,-1.199,-1.08,93.85,11.85,-0.09,1,0.658,12.6,1.44,-0.739,1,5,0.0591,0.0721,0.0702,0.0628
99.542,1,0.899,1.5,-0.6,5,82.2,20.96,0.07,-0.0028,0.073,-0.001,-0.035,-1.199,-1.074,93.79,11.85,-0.09,1,0.665,13.57,0.46,-3.183,1,5,0.0684,0.0684,0.0758,0.0795
99.579,1,0.893,1.5,-1.02,5,82.3,21.02,0.07,-0.0033,0.078,-0.002,-0.007,-1.2,-1.071,93.79,11.85,-0.09,1,0.669,12.6,1.91,-4.494,1,5,0.0814,0.0759,0.0759,0.0796
99.606,1,0.892,1.5,-0.89,5,82.3,20.96,0.07,0.004,0.077,-0.002,-0.006,-1.2,-1.07,93.79,11.85,-0.09,1,0.669,12.6,1.91,-4.494,1,5,0.0815,0.0759,0.0741,0.0759
99.644,1,0.888,1.5,-0.9,5,82.4,20.96,0.07,0.002,0.075,0.001,0.019,-1.2,-1.067,93.79,11.85,0.66,1,0.673,12.6,2.64,-2.526,1,5,0.0759,0.0778,0.0741,0.0722
99.672,1,0.89,1.5,-0.89,5,81.6,20.96,0.07,0.0021,0.072,0.0,0.007,-1.2,-1.066,93.85,11.85,0.66,1,0.673,12.6,2.64,-2.526,1,5,0.0723,0.0741,0.0704,0.0704
99.743,1,0.879,1.5,-1.07,5,81.4,21.62,0.07,0.0019,0.065,0.001,-0.013,-1.201,-1.06,93.79,11.85,0.66,1,0.673,12.6,2.64,-2.526,1,5,0.063,0.0704,0.063,0.0648
99.772,1,0.882,1.75,-1.09,5,81.4,21.02,0.07,0.0052,0.065,0.0,0.019,-1.201,-1.059,93.85,11.85,0.66,1,0.683,13.57,2.89,3.276,1,5,0.0629,0.0703,0.0611,0.0666
99.806,1,0.871,2.0,-1.32,5,81.1,21.1,0.07,0.0026,0.063,0.002,0.075,-1.201,-1.056,93.97,11.85,0.66,1,0.683,13.57,2.89,3.276,1,5,0.0623,0.0697,0.0605,0.0605
99.845,1,0.868,2.25,-1.19,5,81.0,21.1,0.07,0.0035,0.065,0.001,-0.005,-1.201,-1.054,94.02,11.84,0.35,1,0.683,13.57,2.89,3.276,1,5,0.0582,0.0691,0.0618,0.0691
99.905,1,0.868,2.0,-0.76,5,80.6,21.1,0.07,-0.0006,0.069,-0.001,0.001,-1.201,-1.049,94.02,11.84,0.35,1,0.676,13.09,5.72,0.049,1,5,0.0586,0.0659,0.0695,0.0805
99.942,1,0.873,2.0,-0.53,5,80.8,20.96,0.07,-0.0048,0.071,0.0,-0.001,-1.202,-1.047,94.02,11.84,0.35,1,0.676,13.09,5.72,0.049,1,5,0.0682,0.0701,0.0738,0.0738
99.972,1,0.876,2.0,-0.52,5,80.7,20.96,0.07,-0.0087,0.073,-0.001,0.001,-1.202,-1.045,94.02,11.84,0.35,1,0.674,14.06,4.46,2.42,1,5,0.0716,0.0716,0.0734,0.0771
100.007,1,0.873,2.0,-0.64,5,80.8,21.02,0.07,-0.0089,0.076,0.0,-0.008,-1.202,-1.042,93.97,11.84,0.35,1,0.674,14.06,4.46,2.42,1,5,0.0773,0.0755,0.0773,0.0736
100.043,1,0.874,1.5,-0.52,5,80.8,21.02,0.07,-0.0069,0.077,0.0,-0.018,-1.202,-1.039,93.97,11.84,2.06,1,0.674,14.06,4.46,2.42,1,5,0.0773,0.0755,0.0791,0.0773
100.072,1,0.87,1.5,-0.45,5,80.8,20.96,0.07,-0.0031,0.077,0.0,-0.018,-1.202,-1.039,93.97,11.84,2.06,1,0.684,11.63,-0.2,-1.161,1,5,0.0773,0.0755,0.0791,0.0773
100.112,1,0.869,1.5,-0.55,5,80.9,20.96,0.07,-0.0048,0.074,-0.001,-0.006,-1.202,-1.036,93.91,11.84,2.06,1,0.692,11.63,-1.18,-2.063,1,5,0.0758,0.0702,0.0758,0.0739
100.144,1,0.875,1.5,-0.45,5,81.1,20.96,0.07,-0.0032,0.069,-0.002,-0.03,-1.202,-1.033,93.91,11.84,2.06,1,0.693,11.63,-1.32,-1.509,1,5,0.072,0.0701,0.0646,0.0701
100.172,1,0.873,1.5,-0.37,5,81.0,20.96,0.07,-0.0052,0.067,-0.002,0.003,-1.202,-1.032,93.91,11.84,2.06,1,0.693,11.63,-1.32,-1.509,1,5,0.0701,0.0683,0.0609,0.0683
100.211,1,0.869,1.5,-0.41,5,81.0,21.02,0.07,-0.0067,0.066,-0.001,-0.003,-1.203,-1.03,93.91,11.84,2.06,1,0.693,11.63,-1.32,-1.509,1,5,0.0682,0.0682,0.061,0.0646
100.244,1,0.86,1.5,-0.44,5,81.0,21.6,0.07,-0.0061,0.066,0.003,0.03,-1.203,-1.026,93.97,11.83,2.42,1,0.68,11.15,0.24,-2.503,1,5,0.0625,0.0679,0.0697,0.0643
100.276,1,0.86,1.5,-0.43,5,81.1,21.6,0.07,-0.0056,0.066,0.0,-0.029,-1.203,-1.025,93.97,11.83,2.42,1,0.68,11.15,0.24,-2.503,1,5,0.0625,0.0679,0.0697,0.0643
100.306,1,0.868,1.5,-0.37,5,81.1,21.02,0.07,-0.0059,0.066,0.0,-0.022,-1.203,-1.023,93.97,11.83,2.42,1,0.682,11.15,2.85,2.408,1,5,0.0625,0.0643,0.068,0.0698
100.344,1,0.868,1.5,-0.88,5,81.3,21.02,0.07,-0.007,0.069,-0.002,0.001,-1.203,-1.02,93.97,11.83,2.42,1,0.687,11.63,1.45,1.467,1,5,0.0685,0.0666,0.0666,0.074
100.407,1,0.868,1.25,-0.23,5,81.0,20.81,0.07,0.002,0.072,0.0,-0.01,-1.204,-1.016,93.97,11.83,2.42,1,0.687,11.63,1.45,1.467,1,5,0.0702,0.0721,0.0721,0.0739
100.443,1,0.856,1.0,-0.42,5,81.2,21.02,0.07,-0.0062,0.072,-0.0,-0.012,-1.204,-1.012,93.91,11.83,2.73,1,0.687,11.63,1.45,1.467,1,5,0.072,0.072,0.072,0.072
100.476,1,0.851,1.0,-0.5,5,81.5,20.96,0.07,-0.0002,0.071,-0.002,-0.015,-1.204,-1.01,93.85,11.83,2.73,1,0.7,11.15,1.86,0.301,1,5,0.0739,0.0702,0.072,0.0702
100.506,1,0.855,0.5,-0.55,5,81.6,20.96,0.07,0.0007,0.07,-0.003,-0.032,-1.204,-1.009,93.85,11.83,2.73,1,0.7,10.66,2.05,2.242,1,5,0.0768,0.0658,0.0695,0.0695
100.539,1,0.862,0.5,-0.75,5,81.9,20.96,0.07,0.0076,0.066,-0.004,-0.011,-1.204,-1.005,93.74,11.83,2.73,1,0.7,10.66,2.05,2.242,1,5,0.0732,0.0622,0.0622,0.0659
100.572,1,0.879,0.25,-0.47,5,82.0,20.46,0.07,0.0102,0.066,-0.004,-0.011,-1.204,-1.005,93.74,11.83,2.73,1,0.7,10.66,2.05,2.242,1,5,0.0732,0.0622,0.0622,0.0659
100.606,1,0.888,0.25,-0.37,5,81.9,20.46,0.07,0.0077,0.063,-0.002,0.014,-1.204,-1.003,93.74,11.83,2.73,1,0.7,10.66,2.05,2.242,1,5,0.0685,0.0611,0.0593,0.0611
100.642,1,0.88,0.25,-0.36,5,81.8,20.46,0.07,0.0056,0.061,-0.0,-0.013,-1.204,-0.999,93.79,11.83,4.0,1,0.7,10.66,2.05,2.242,1,5,0.0661,0.0588,0.0625,0.0625
100.671,1,0.871,0.0,-0.71,5,81.7,20.96,0.07,0.005,0.061,-0.0,-0.013,-1.204,-0.999,93.79,11.83,4.0,1,0.676,4.36,-9.29,1.426,1,5,0.0606,0.0588,0.0624,0.0624
100.743,1,0.856,0.25,-0.98,5,81.4,20.46,0.07,0.0133,0.07,-0.006,0.02,-1.204,-0.992,93.91,11.83,4.0,1,0.689,4.36,-9.84,1.797,1,5,0.0703,0.0666,0.0611,0.0814
100.771,1,0.866,0.25,-0.4,5,81.4,20.46,0.07,0.0147,0.07,-0.006,0.02,-1.204,-0.992,93.91,11.83,4.0,1,0.689,4.36,-9.84,1.797,1,5,0.0703,0.0666,0.0611,0.0814
100.805,1,0.877,0.25,-0.36,5,81.7,20.46,0.07,0.0045,0.074,-0.001,0.009,-1.204,-0.987,93.91,11.83,4.0,1,0.689,4.36,-9.84,1.797,1,5,0.0721,0.0758,0.0684,0.0777
100.844,1,0.882,0.25,-0.34,5,81.8,20.46,0.07,0.0039,0.074,-0.0,0.0,-1.205,-0.986,93.91,11.82,4.38,1,0.686,4.36,-8.66,0.96,1,5,0.0721,0.0758,0.0721,0.0776
100.875,1,0.873,0.25,-0.25,5,81.9,20.46,0.07,0.0036,0.075,-0.001,0.003,-1.205,-0.984,93.91,11.82,4.38,1,0.686,4.36,-8.66,0.96,1,5,0.0739,0.0757,0.072,0.0776
100.91,1,0.862,0.0,-0.12,5,81.9,20.56,0.07,0.002,0.071,0.0,-0.013,-1.205,-0.982,93.91,11.82,4.38,1,0.685,4.36,-8.01,2.711,1,5,0.0703,0.0703,0.0721,0.0721
100.938,1,0.866,0.0,-0.39,5,82.0,20.56,0.07,0.0029,0.068,-0.0,-0.018,-1.205,-0.979,93.85,11.82,4.38,1,0.682,4.36,-9.21,3.373,1,5,0.0703,0.0685,0.0666,0.0666
100.971,1,0.878,0.0,-0.39,5,81.9,20.96,0.07,0.0073,0.067,0.0,-0.038,-1.205,-0.978,93.85,11.82,4.38,1,0.682,4.36,-9.21,3.373,1,5,0.0703,0.0685,0.0666,0.0629
101.005,1,0.889,0.0,-0.49,5,81.9,20.56,0.07,0.0071,0.064,-0.001,0.019,-1.205,-0.975,93.79,11.82,4.38,1,0.682,4.36,-9.21,3.373,1,5,0.0721,0.0665,0.0591,0.0591
101.041,1,0.879,0.0,-0.45,5,81.8,20.56,0.07,0.0089,0.065,0.001,0.036,-1.205,-0.973,93.91,11.82,4.38,1,0.682,4.36,-9.21,3.373,1,5,0.0684,0.0703,0.061,0.0592
101.074,1,0.862,-0.25,-0.15,5,82.1,20.46,0.07,0.008,0.064,-0.0,0.003,-1.205,-0.971,93.97,11.82,4.38,1,0.692,4.36,-9.31,3.358,1,5,0.0647,0.0666,0.061,0.0647
101.105,1,0.852,-0.25,-0.31,5,82.0,20.46,0.07,0.0057,0.067,-0.001,0.002,-1.205,-0.968,93.97,11.82,4.38,1,0.693,4.36,-8.77,4.892,1,5,0.0592,0.0666,0.0648,0.0778
101.144,1,0.873,0.0,-0.57,5,81.8,20.57,0.07,0.0082,0.071,-0.003,0.025,-1.206,-0.964,94.08,11.82,4.38,1,0.695,4.36,-8.81,4.872,1,5,0.0665,0.072,0.0628,0.0812
101.176,1,0.889,0.0,-0.56,5,81.5,20.57,0.07,0.0095,0.072,-0.002,0.007,-1.206,-0.963,94.08,11.82,4.38,1,0.695,4.36,-8.81,4.872,1,5,0.0665,0.072,0.0628,0.0812
101.205,1,0.876,0.0,-0.67,5,81.4,20.56,0.07,0.0095,0.072,-0.001,0.005,-1.206,-0.961,94.08,11.82,4.38,1,0.701,4.36,-7.47,6.416,1,5,0.0702,0.0775,0.0646,0.0775
101.242,1,0.845,-0.25,0.26,5,81.3,20.46,0.07,0.0115,0.073,0.0,-0.023,-1.206,-0.958,94.08,11.82,4.36,1,0.695,4.36,-7.33,5.153,1,5,0.0717,0.0754,0.0699,0.0735
101.274,1,0.853,-0.25,-0.16,5,81.1,20.46,0.07,-0.0015,0.072,0.001,-0.0,-1.206,-0.957,94.02,11.82,4.36,1,0.695,4.36,-7.33,5.153,1,5,0.0717,0.0754,0.0717,0.0699
101.305,1,0.868,-0.25,-0.31,5,81.7,20.46,0.07,0.0055,0.069,0.001,-0.005,-1.206,-0.954,94.02,11.82,4.36,1,0.691,3.88,-8.08,2.509,1,5,0.0735,0.0699,0.0717,0.0625
101.342,1,0.877,-0.25,-0.47,5,82.9,20.46,0.07,0.0081,0.067,0.002,-0.001,-1.207,-0.952,94.02,11.82,4.36,1,0.69,3.88,-8.24,-3.254,1,5,0.0702,0.0683,0.0683,0.0591
101.373,1,0.875,-0.25,-0.56,5,83.1,20.46,0.07,0.0107,0.066,0.001,0.004,-1.207,-0.95,94.02,11.82,4.36,1,0.69,3.88,-8.24,-3.254,1,5,0.0702,0.0665,0.0665,0.0591
101.474,1,0.877,-0.25,0.04,5,83.1,20.46,0.07,0.0121,0.065,-0.002,0.033,-1.207,-0.944,94.02,11.82,5.0,1,0.701,1.94,-12.13,-2.441,1,5,0.0666,0.0629,0.0629,0.0666
101.505,1,0.874,-0.25,-0.05,5,83.3,20.46,0.07,0.0017,0.068,-0.002,-0.007,-1.207,-0.941,94.02,11.82,5.0,1,0.705,1.94,-11.98,-4.077,1,5,0.0667,0.063,0.0685,0.0722
101.544,1,0.873,-0.25,-0.06,5,83.3,20.46,0.07,0.0032,0.071,-0.002,-0.008,-1.207,-0.938,94.02,11.82,5.0,1,0.703,1.94,-11.77,1.808,1,5,0.0704,0.0685,0.0704,0.0759
101.573,1,0.877,-0.25,-0.33,5,83.2,20.46,0.07,0.0033,0.075,-0.002,0.012,-1.207,-0.936,94.02,11.82,5.0,1,0.703,1.94,-11.77,1.808,1,5,0.0759,0.074,0.0722,0.0777
101.608,1,0.889,-0.25,-0.14,5,83.3,20.46,0.07,0.008,0.077,-0.0,-0.015,-1.208,-0.933,94.08,11.82,5.0,1,0.707,1.94,-12.42,0.911,1,5,0.0794,0.0775,0.0757,0.0757
101.642,1,0.887,-0.25,-0.06,5,83.1,20.46,0.07,0.0048,0.075,0.0,-0.009,-1.208,-0.93,94.02,11.82,2.21,1,0.697,3.88,-11.57,-1.285,1,5,0.0775,0.0757,0.0757,0.072
101.676,1,0.887,-0.25,-0.08,5,83.1,20.46,0.07,0.0033,0.074,0.001,-0.002,-1.208,-0.927,94.02,11.82,2.21,1,0.713,5.33,-6.08,0.384,1,5,0.0757,0.0738,0.0757,0.0701
101.704,1,0.888,-0.25,-0.34,5,82.9,20.46,0.07,0.0036,0.072,0.001,-0.002,-1.208,-0.926,94.02,11.82,2.21,1,0.709,5.33,-5.72,1.082,1,5,0.0722,0.0722,0.074,0.0703
101.738,1,0.891,-0.25,-0.37,5,82.6,20.2,0.07,0.0083,0.07,0.001,-0.006,-1.209,-0.923,93.97,11.82,2.21,1,0.709,5.33,-5.72,1.082,1,5,0.0666,0.0703,0.0722,0.0703
101.774,1,0.895,-0.25,-0.53,5,82.6,20.2,0.07,0.0086,0.069,0.002,-0.013,-1.209,-0.922,93.97,11.82,2.21,1,0.709,5.33,-5.72,1.082,1,5,0.0629,0.0703,0.0722,0.0703
101.806,1,0.892,-0.25,-0.44,5,82.2,20.2,0.07,0.0115,0.068,0.002,-0.032,-1.209,-0.919,93.97,11.82,2.21,1,0.712,5.33,-5.98,3.16,1,5,0.0666,0.0703,0.0703,0.0666
101.841,1,0.89,-0.25,-0.76,5,82.2,20.46,0.07,0.0099,0.07,0.0,-0.024,-1.209,-0.916,93.91,11.81,1.1,1,0.711,5.33,-6.05,5.252,1,5,0.0703,0.0703,0.0703,0.0685
101.907,1,0.89,-0.25,-0.91,5,82.3,20.46,0.07,0.0154,0.073,0.001,0.016,-1.21,-0.912,93.85,11.81,1.1,1,0.699,5.82,-5.74,-0.56,1,5,0.0703,0.0703,0.0777,0.074
101.941,1,0.89,-0.25,-0.75,5,82.3,20.46,0.07,0.0181,0.077,0.003,-0.009,-1.21,-0.909,93.91,11.81,1.1,1,0.708,8.24,-0.13,2.279,1,5,0.0721,0.0739,0.085,0.0758
101.972,1,0.897,-0.25,-0.91,5,82.5,20.46,0.07,0.0153,0.078,0.002,-0.007,-1.21,-0.907,93.85,11.81,1.1,1,0.703,8.72,-0.75,3.589,1,5,0.0777,0.074,0.0869,0.074
102.007,1,0.899,-0.25,-0.9,5,82.6,20.46,0.07,0.018,0.079,0.003,0.009,-1.21,-0.904,93.85,11.81,1.1,1,0.703,8.72,-0.75,3.589,1,5,0.0777,0.0796,0.0833,0.074
102.073,1,0.888,-0.25,-1.01,5,82.9,20.46,0.07,0.018,0.076,0.002,0.018,-1.211,-0.899,93.91,11.81,1.45,1,0.697,8.24,0.49,4.141,1,5,0.0722,0.0796,0.0759,0.0759
102.102,1,0.888,-0.25,-0.15,5,82.8,20.46,0.07,0.0199,0.073,0.002,0.019,-1.211,-0.897,93.91,11.81,1.45,1,0.693,8.72,-0.12,5.362,1,5,0.0684,0.0777,0.074,0.074
102.142,1,0.898,0.0,-0.68,5,83.2,19.97,0.07,0.0048,0.071,0.003,0.014,-1.211,-0.894,93.97,11.81,1.45,1,0.693,8.72,-0.12,5.362,1,5,0.0666,0.0777,0.0703,0.0684
102.175,1,0.895,0.0,-0.69,5,83.2,19.97,0.07,0.0113,0.069,0.003,-0.014,-1.211,-0.893,93.97,11.81,1.45,1,0.689,9.21,0.93,7.279,1,5,0.0647,0.0777,0.0666,0.0666
102.204,1,0.886,0.25,-0.77,5,83.2,20.46,0.07,0.0115,0.068,0.0,-0.02,-1.212,-0.89,93.97,11.81,1.45,1,0.687,9.21,0.82,0.0,0,5,0.0666,0.0758,0.061,0.0703
102.241,1,0.881,0.25,-0.5,5,83.0,20.46,0.07,0.0099,0.071,-0.0,0.023,-1.212,-0.887,94.02,11.79,3.85,1,0.687,9.21,0.82,0.0,0,5,0.0684,0.0758,0.0647,0.074
102.274,1,0.882,0.25,-0.5,5,83.0,20.46,0.07,0.0056,0.073,-0.0,0.012,-1.212,-0.885,94.02,11.79,3.85,1,0.656,4.85,-7.85,6.107,1,5,0.0702,0.0739,0.0702,0.0758
102.308,1,0.888,0.25,-0.63,5,82.9,20.46,0.07,0.0059,0.076,0.002,-0.001,-1.212,-0.882,94.02,11.79,3.85,1,0.682,4.36,-8.75,5.215,1,5,0.074,0.0758,0.0814,0.074
102.34,1,0.889,0.25,-0.63,5,83.0,20.46,0.07,0.0083,0.078,0.002,-0.03,-1.213,-0.879,93.97,11.79,3.85,1,0.691,4.36,-9.3,3.623,1,5,0.0759,0.0722,0.0889,0.0759
102.372,1,0.886,0.0,-0.4,5,82.7,20.56,0.07,0.0085,0.079,0.002,-0.005,-1.213,-0.877,93.97,11.79,3.85,1,0.697,3.88,-8.72,2.432,1,5,0.0778,0.0741,0.087,0.0759
102.406,1,0.878,0.25,-0.63,5,82.9,20.46,0.07,0.0075,0.078,0.001,0.009,-1.213,-0.874,93.97,11.79,3.85,1,0.689,2.91,-9.04,5.026,1,5,0.0759,0.0741,0.0834,0.0778
102.441,1,0.879,0.25,-0.63,5,82.7,20.46,0.07,0.0083,0.076,0.002,0.032,-1.213,-0.871,94.02,11.79,5.42,1,0.692,1.45,-14.19,3.3,1,5,0.0722,0.0815,0.0741,0.0759
102.474,1,0.889,0.25,-0.34,5,82.8,20.0,0.07,0.0085,0.075,0.002,0.029,-1.213,-0.87,94.02,11.79,5.42,1,0.707,1.45,-16.21,2.012,1,5,0.0704,0.0797,0.0741,0.0759
102.504,1,0.891,0.75,-0.4,5,82.7,20.46,0.07,0.0034,0.072,0.001,0.021,-1.214,-0.867,94.14,11.79,5.42,1,0.712,1.45,-14.65,2.541,1,5,0.0666,0.0796,0.0666,0.074
102.54,1,0.89,0.75,-0.61,5,82.8,20.46,0.07,-0.0017,0.069,-0.001,-0.011,-1.214,-0.865,94.14,11.79,5.42,1,0.712,1.45,-14.65,2.541,1,5,0.0666,0.074,0.0629,0.074
102.607,1,0.889,0.75,-0.49,5,82.6,20.44,0.07,0.0031,0.067,-0.001,-0.005,-1.214,-0.861,94.14,11.79,5.42,1,0.708,1.94,-14.14,4.746,1,5,0.0647,0.0684,0.0629,0.0703
102.642,1,0.891,0.75,-0.39,5,82.8,20.46,0.07,0.0012,0.068,0.002,-0.007,-1.214,-0.858,94.08,11.79,5.12,1,0.707,1.94,-14.05,2.927,1,5,0.0666,0.0703,0.0703,0.0666
102.679,1,0.894,0.75,-0.94,5,82.8,20.46,0.07,-0.0003,0.073,0.002,-0.015,-1.214,-0.855,94.02,11.79,5.12,1,0.706,1.94,-15.26,3.58,1,5,0.0735,0.0716,0.0771,0.068
102.702,1,0.894,0.25,-0.48,5,82.7,20.46,0.07,0.0093,0.074,0.001,0.002,-1.215,-0.854,94.02,11.79,5.12,1,0.709,1.45,-14.67,2.598,1,5,0.0751,0.0715,0.0787,0.0697
102.772,1,0.893,0.5,-0.7,5,82.4,20.44,0.07,0.0069,0.075,0.0,0.007,-1.215,-0.849,94.08,11.79,5.12,1,0.707,1.45,-14.12,3.98,1,5,0.073,0.073,0.0766,0.0766
102.807,1,0.891,0.5,-0.43,5,82.2,20.44,0.07,0.0075,0.073,0.001,0.002,-1.215,-0.846,94.08,11.79,5.12,1,0.707,1.45,-14.64,2.5,1,5,0.07,0.0737,0.0737,0.0737
102.874,1,0.892,0.5,-0.82,5,81.9,20.2,0.07,0.0028,0.07,-0.0,-0.0,-1.215,-0.842,94.08,11.78,4.28,1,0.703,1.45,-14.02,3.991,1,5,0.0702,0.072,0.0683,0.0702
102.906,1,0.896,0.5,-0.82,5,81.7,20.2,0.07,0.0098,0.068,-0.003,-0.0,-1.215,-0.84,94.08,11.78,4.28,1,0.698,1.45,-13.89,2.775,1,5,0.072,0.0702,0.0591,0.0702
102.939,1,0.897,0.5,-0.93,5,81.6,20.2,0.07,0.0098,0.066,-0.004,0.008,-1.215,-0.837,94.14,11.78,4.28,1,0.699,1.45,-13.87,2.703,1,5,0.0666,0.0666,0.0573,0.0721
102.975,1,0.899,0.75,-0.77,5,81.4,20.46,0.07,0.0116,0.065,-0.004,0.01,-1.216,-0.836,94.14,11.78,4.28,1,0.699,1.45,-13.87,2.703,1,5,0.0647,0.0647,0.0573,0.0721
103.006,1,0.897,0.75,-0.69,5,81.3,20.46,0.07,0.0059,0.067,0.0,0.03,-1.216,-0.833,94.19,11.78,4.28,1,0.695,1.94,-13.89,4.972,1,5,0.0555,0.0665,0.0684,0.0776
103.074,1,0.905,0.75,-0.77,5,81.1,20.46,0.07,0.005,0.073,0.002,0.03,-1.216,-0.828,94.19,11.78,3.23,1,0.692,1.94,-12.76,4.297,1,5,0.0665,0.0758,0.0758,0.0758
103.107,1,0.908,0.75,-0.5,5,80.8,20.46,0.07,0.0064,0.076,-0.001,0.027,-1.216,-0.825,94.31,11.78,3.23,1,0.694,1.94,-14.02,4.711,1,5,0.0813,0.0776,0.0721,0.0739
103.174,1,0.907,0.75,-0.5,5,80.3,20.46,0.07,0.0018,0.073,-0.003,0.011,-1.217,-0.821,94.31,11.78,3.23,1,0.69,1.94,-13.0,3.34,1,5,0.0758,0.0721,0.0684,0.0776
103.202,1,0.909,0.75,-0.5,5,79.9,20.46,0.07,0.0019,0.069,-0.001,0.023,-1.217,-0.818,94.31,11.78,3.23,1,0.692,1.94,-13.46,4.599,1,5,0.0666,0.0703,0.0647,0.074
103.238,1,0.913,0.75,-0.5,5,79.8,20.46,0.07,0.0019,0.065,-0.001,0.015,-1.217,-0.816,94.37,11.76,3.23,1,0.692,1.94,-13.46,4.599,1,5,0.061,0.0666,0.061,0.0703
103.274,1,0.915,1.0,-0.6,5,79.6,20.96,0.07,0.0019,0.063,-0.001,0.0,-1.217,-0.815,94.37,11.76,3.23,1,0.692,1.94,-13.46,4.599,1,5,0.0611,0.0666,0.0574,0.0685
103.302,1,0.916,1.0,-0.71,5,79.5,20.57,0.07,0.0005,0.061,-0.003,0.008,-1.217,-0.812,94.42,11.76,3.23,1,0.696,1.94,-12.58,4.231,1,5,0.061,0.0629,0.0536,0.0684
103.374,1,0.914,1.25,-0.38,5,79.4,20.46,0.07,0.003,0.063,-0.002,0.019,-1.217,-0.808,94.48,11.76,3.23,1,0.696,2.91,-13.11,6.176,1,5,0.0591,0.0628,0.0591,0.0721
103.402,1,0.916,1.25,-0.37,5,79.3,20.46,0.07,-0.0057,0.067,0.001,0.022,-1.218,-0.805,94.54,11.76,3.23,1,0.692,2.91,-12.92,5.16,1,5,0.0573,0.0683,0.0683,0.0739
103.474,1,0.917,1.0,-0.14,5,79.1,20.56,0.07,-0.0053,0.073,0.003,-0.005,-1.218,-0.801,94.54,11.76,3.95,1,0.687,2.91,-12.92,5.215,1,5,0.0629,0.074,0.0777,0.0777
103.506,1,0.915,0.75,0.02,5,79.0,20.56,0.07,-0.0061,0.076,0.001,-0.017,-1.218,-0.798,94.48,11.76,3.95,1,0.686,2.91,-12.94,5.228,1,5,0.0722,0.074,0.0796,0.0778
103.573,1,0.915,0.75,-0.49,5,79.0,20.46,0.07,-0.0063,0.074,0.0,-0.001,-1.219,-0.794,94.42,11.76,3.95,1,0.682,2.42,-12.28,6.466,1,5,0.0759,0.0722,0.0759,0.0722
103.607,1,0.913,0.75,-0.49,5,79.2,20.46,0.07,0.0024,0.07,0.0,0.008,-1.219,-0.791,94.48,11.76,3.95,1,0.677,2.42,-12.16,5.495,1,5,0.0703,0.0703,0.0703,0.0703
103.636,1,0.912,0.75,-0.5,5,79.0,20.46,0.07,0.0023,0.068,-0.001,-0.009,-1.219,-0.788,94.42,11.76,4.81,1,0.677,1.94,-11.62,4.432,1,5,0.0685,0.0666,0.0666,0.0685
103.673,1,0.914,0.75,-0.4,5,79.0,20.46,0.07,0.0022,0.067,-0.004,-0.047,-1.219,-0.787,94.42,11.76,4.81,1,0.677,1.94,-11.62,4.432,1,5,0.0703,0.0648,0.0611,0.0703
103.707,1,0.913,0.75,-0.51,5,79.0,20.46,0.07,0.0005,0.065,-0.004,-0.016,-1.219,-0.784,94.37,11.76,4.81,1,0.678,1.94,-12.12,4.768,1,5,0.0703,0.0629,0.0592,0.0666
103.806,1,0.917,0.75,-0.37,5,78.7,20.46,0.07,0.0022,0.068,0.003,0.016,-1.22,-0.777,94.48,11.76,4.81,1,0.681,2.42,-13.01,4.576,1,5,0.061,0.0721,0.0702,0.0702
103.869,1,0.913,0.5,-0.43,5,78.4,20.44,0.07,-0.0003,0.071,-0.001,0.011,-1.22,-0.773,94.48,11.76,5.11,1,0.683,2.42,-12.19,3.198,1,5,0.0702,0.0739,0.0665,0.0739
103.905,1,0.914,0.25,-0.1,5,78.0,20.46,0.07,0.0037,0.07,-0.003,-0.007,-1.22,-0.77,94.48,11.76,5.11,1,0.683,2.42,-12.19,3.198,1,5,0.0721,0.0684,0.0647,0.0739
103.97,1,0.927,0.0,-0.29,5,78.3,20.44,0.07,0.0004,0.068,-0.001,-0.007,-1.22,-0.766,94.42,11.76,5.11,1,0.686,1.94,-13.39,3.136,1,5,0.0702,0.0628,0.0702,0.0684
104.007,1,0.921,-0.25,-0.35,5,78.9,20.46,0.07,0.0064,0.067,-0.001,-0.011,-1.22,-0.764,94.37,11.76,5.11,1,0.686,1.94,-13.39,3.136,1,5,0.0703,0.0629,0.0684,0.0666
104.105,1,0.908,-0.25,-0.74,5,79.6,20.46,0.07,0.0092,0.062,-0.005,0.009,-1.22,-0.757,94.25,11.76,5.46,1,0.682,0.97,-13.59,4.194,1,5,0.0685,0.0574,0.0574,0.0666
104.172,1,0.901,0.25,-0.89,5,80.7,20.46,0.07,0.0156,0.066,-0.001,0.044,-1.221,-0.753,94.31,11.76,5.46,1,0.681,0.97,-13.16,2.733,1,5,0.0666,0.0648,0.0648,0.0685
104.206,1,0.903,0.25,-0.5,5,80.7,20.46,0.07,0.0119,0.07,0.003,0.008,-1.221,-0.75,94.42,11.76,5.46,1,0.674,1.45,-13.76,5.158,1,5,0.061,0.0721,0.074,0.074
104.238,1,0.905,0.25,-0.62,5,80.9,20.46,0.07,0.0055,0.073,0.0,0.021,-1.221,-0.747,94.42,11.77,4.53,1,0.675,1.45,-13.84,4.338,1,5,0.0665,0.0758,0.0702,0.0776
104.27,1,0.902,0.25,-0.63,5,81.3,20.46,0.07,0.0081,0.073,-0.002,0.033,-1.221,-0.746,94.48,11.77,4.53,1,0.675,0.97,-13.04,4.322,1,5,0.0702,0.0739,0.0684,0.0813
104.308,1,0.901,0.0,-0.39,5,81.5,20.56,0.07,0.0083,0.073,-0.006,-0.023,-1.221,-0.743,94.42,11.77,4.53,1,0.678,1.45,-13.62,7.491,1,5,0.0809,0.0717,0.0625,0.0753
104.375,1,0.899,-0.25,-0.71,5,81.5,20.46,0.07,0.0072,0.072,0.0,0.004,-1.222,-0.737,94.42,11.77,4.53,1,0.68,0.97,-13.49,4.163,1,5,0.0729,0.0711,0.0729,0.0692
104.405,1,0.895,-0.25,-0.58,5,81.7,20.46,0.07,0.0159,0.072,0.002,0.012,-1.222,-0.736,94.48,11.77,4.53,1,0.68,0.97,-13.49,4.163,1,5,0.0697,0.0734,0.0752,0.0715
104.438,1,0.894,-0.25,-0.58,5,81.6,20.46,0.07,0.0132,0.073,0.001,-0.027,-1.222,-0.733,94.42,11.77,4.89,1,0.68,0.97,-14.19,3.831,1,5,0.0703,0.0722,0.0759,0.0722
104.474,1,0.895,-0.25,-0.72,5,81.9,20.46,0.07,0.0129,0.074,0.0,-0.05,-1.222,-0.731,94.37,11.77,4.89,1,0.68,0.97,-14.19,3.831,1,5,0.074,0.0722,0.0759,0.074
104.507,1,0.894,0.25,-1.16,5,81.7,20.46,0.07,0.0151,0.072,-0.002,0.046,-1.222,-0.729,94.37,11.77,4.89,1,0.687,0.97,-14.1,1.758,1,5,0.074,0.0685,0.0703,0.074
104.573,1,0.891,0.25,-0.73,5,82.1,20.46,0.07,0.017,0.071,0.0,0.065,-1.223,-0.724,94.42,11.77,4.89,1,0.679,1.45,-13.74,3.896,1,5,0.0649,0.0742,0.0686,0.076
104.606,1,0.889,0.25,-0.73,5,82.2,20.46,0.07,0.0099,0.075,0.002,-0.025,-1.223,-0.721,94.48,11.77,4.89,1,0.679,1.45,-13.74,3.896,1,5,0.0646,0.0812,0.072,0.0812
104.637,1,0.887,0.25,-0.62,5,82.3,20.46,0.07,0.01,0.075,0.0,0.006,-1.223,-0.718,94.54,11.77,4.37,1,0.685,1.45,-11.77,1.407,1,5,0.07,0.0793,0.07,0.0793
104.673,1,0.885,0.25,-0.63,5,82.4,20.46,0.07,0.0083,0.074,-0.0,0.005,-1.223,-0.717,94.54,11.77,4.37,1,0.685,1.45,-11.77,1.407,1,5,0.0718,0.0792,0.0681,0.0774
104.804,1,0.886,0.0,-0.93,5,81.6,20.56,0.07,0.0086,0.071,0.002,-0.019,-1.224,-0.707,94.48,11.77,4.37,1,0.674,0.97,-11.05,1.344,1,5,0.0736,0.0699,0.0754,0.0644
104.875,1,0.885,0.25,-1.28,5,81.8,20.46,0.07,0.0168,0.07,-0.002,-0.011,-1.224,-0.703,94.42,11.76,3.99,1,0.681,0.97,-12.5,2.817,1,5,0.0739,0.0647,0.0721,0.0702
104.906,1,0.888,0.25,-1.16,5,81.8,20.46,0.07,0.0198,0.071,-0.003,-0.013,-1.224,-0.7,94.37,11.76,3.99,1,0.681,0.97,-12.5,2.817,1,5,0.074,0.0647,0.0703,0.074
104.973,1,0.885,0.25,-0.63,5,81.8,20.46,0.07,0.0178,0.071,-0.0,0.024,-1.225,-0.696,94.54,11.76,3.99,1,0.651,4.36,-10.59,-2.677,1,5,0.0684,0.0739,0.0665,0.0739
105.004,1,0.879,0.25,-0.9,5,81.7,20.81,0.07,0.0086,0.072,-0.003,0.051,-1.225,-0.693,94.6,11.76,3.99,1,0.651,4.36,-10.59,-2.677,1,5,0.0702,0.0758,0.0628,0.0795
105.035,1,0.879,0.25,-0.64,5,81.6,20.46,0.07,0.0133,0.071,-0.004,0.022,-1.225,-0.692,94.65,11.76,2.89,1,0.683,5.82,-3.87,0.728,1,5,0.0702,0.0721,0.061,0.0795
105.075,1,0.885,0.25,-0.64,5,82.0,20.46,0.07,0.0088,0.068,-0.003,-0.013,-1.225,-0.688,94.6,11.76,2.89,1,0.681,5.82,-4.63,-1.121,1,5,0.072,0.0665,0.0646,0.0702
105.107,1,0.89,0.0,-0.66,5,81.8,20.96,0.07,0.0089,0.068,-0.001,-0.023,-1.225,-0.686,94.6,11.76,2.89,1,0.68,5.82,-5.41,-3.161,1,5,0.0702,0.0647,0.0683,0.0683
105.135,1,0.891,0.0,-0.56,5,81.8,20.96,0.07,0.0124,0.068,0.0,0.003,-1.225,-0.683,94.6,11.76,2.89,1,0.68,5.82,-5.41,-3.161,1,5,0.0683,0.0647,0.0683,0.0647
105.176,1,0.886,0.0,-0.5,5,81.7,21.02,0.07,0.0103,0.068,-0.0,-0.015,-1.226,-0.681,94.54,11.76,2.89,1,0.681,5.82,-5.49,-1.689,1,5,0.0717,0.0662,0.0699,0.0662
105.204,1,0.887,0.0,-0.64,5,81.6,20.96,0.07,0.0092,0.067,0.0,-0.014,-1.226,-0.679,94.54,11.76,2.89,1,0.681,5.82,-5.49,-1.689,1,5,0.0717,0.0662,0.0699,0.0662
105.304,1,0.878,-0.25,-0.73,5,81.9,20.56,0.07,0.0113,0.067,-0.0,-0.052,-1.226,-0.673,94.37,11.75,2.11,1,0.685,5.82,-4.75,0.286,1,5,0.0628,0.0665,0.0665,0.0702
105.339,1,0.88,-0.25,-1.44,5,82.3,20.46,0.07,0.0159,0.068,0.0,0.015,-1.226,-0.67,94.37,11.75,2.11,1,0.684,4.85,0.33,0.0,0,5,0.0647,0.0703,0.0666,0.0703
105.37,1,0.89,-0.25,-1.29,5,82.5,20.46,0.07,0.0279,0.07,0.001,0.039,-1.227,-0.668,94.42,11.75,2.11,1,0.685,4.85,-0.96,0.0,0,5,0.0665,0.0739,0.0684,0.0702
105.404,1,0.895,-0.25,-1.02,5,83.1,20.81,0.07,0.0253,0.074,0.0,0.042,-1.227,-0.665,94.48,11.75,2.11,1,0.685,4.85,-0.96,0.0,0,5,0.0703,0.0777,0.0721,0.0777
105.435,1,0.893,-0.25,-0.74,5,83.4,20.46,0.07,0.0204,0.077,0.001,0.023,-1.227,-0.664,94.54,11.75,0.56,1,0.686,5.33,0.56,0.0,0,5,0.0703,0.0795,0.0758,0.0814
105.505,1,0.882,-0.25,-0.74,5,84.8,20.46,0.07,0.0153,0.073,0.001,0.016,-1.228,-0.658,94.6,11.75,0.56,1,0.672,8.72,8.18,0.0,0,5,0.0703,0.074,0.074,0.074
105.572,1,0.893,-0.25,-0.75,5,85.2,20.46,0.07,0.0152,0.07,0.003,-0.024,-1.228,-0.654,94.54,11.75,0.56,1,0.685,9.69,10.16,0.0,0,5,0.0696,0.0733,0.0715,0.0641
105.605,1,0.896,-0.25,-0.75,5,85.4,20.46,0.07,0.0153,0.069,0.002,-0.02,-1.228,-0.651,94.48,11.75,0.56,1,0.686,9.21,12.01,0.0,0,5,0.0666,0.0684,0.0738,0.0684
105.634,1,0.891,-0.25,-0.75,5,85.5,20.46,0.07,0.0154,0.069,0.001,0.003,-1.228,-0.65,94.48,11.75,0.56,1,0.687,9.21,12.49,0.0,0,5,0.0663,0.0663,0.0735,0.0681
105.705,1,0.89,-0.25,-0.74,5,86.0,20.46,0.07,0.0154,0.069,-0.0,0.029,-1.229,-0.644,94.48,11.75,1.75,1,0.684,9.69,12.03,0.0,0,5,0.0705,0.0759,0.0615,0.0687
105.773,1,0.894,-0.25,-0.84,5,86.3,21.02,0.07,0.0152,0.073,-0.001,0.041,-1.229,-0.639,94.6,11.75,1.75,1,0.677,9.69,11.34,0.0,0,5,0.0727,0.08,0.0636,0.0764
105.806,1,0.89,-0.25,-0.46,5,86.5,20.81,0.07,0.0168,0.076,0.0,0.042,-1.229,-0.636,94.65,11.75,1.75,1,0.672,9.69,11.14,0.0,0,5,0.0686,0.0778,0.0741,0.0834
105.837,1,0.889,-0.25,-0.09,5,86.6,21.02,0.07,0.0102,0.077,-0.0,0.018,-1.229,-0.635,94.71,11.75,3.51,1,0.651,7.76,11.42,0.0,0,5,0.0704,0.0759,0.0778,0.0852
105.904,1,0.896,-0.25,0.04,5,86.8,20.46,0.07,0.0038,0.071,-0.001,-0.003,-1.23,-0.629,94.82,11.75,3.51,1,0.654,5.33,4.58,0.0,0,5,0.0722,0.074,0.0666,0.0722
105.934,1,0.9,-0.25,0.06,5,86.6,20.46,0.07,0.0015,0.069,-0.0,-0.027,-1.23,-0.628,94.77,11.75,3.51,1,0.646,5.33,4.53,0.0,0,5,0.0698,0.0717,0.0662,0.0698
105.972,1,0.9,-0.25,0.06,5,86.4,20.46,0.07,0.0013,0.068,0.0,0.004,-1.23,-0.625,94.71,11.75,3.51,1,0.646,5.33,4.53,0.0,0,5,0.0643,0.0661,0.0698,0.0698
106.002,1,0.892,-0.25,-0.06,5,86.4,20.46,0.07,0.0012,0.065,-0.001,0.003,-1.23,-0.623,94.77,11.75,3.51,1,0.64,5.33,6.69,0.0,0,5,0.0624,0.0624,0.0661,0.0698
106.034,1,0.89,-0.25,-0.06,5,86.6,20.46,0.07,0.0033,0.065,-0.001,0.011,-1.23,-0.621,94.77,11.75,3.51,1,0.628,3.88,6.29,0.0,0,5,0.0629,0.0629,0.0648,0.0685
106.102,1,0.895,-0.25,0.24,5,87.5,20.46,0.07,0.0033,0.064,-0.001,0.016,-1.231,-0.616,94.82,11.75,5.03,1,0.633,2.42,3.76,0.0,0,5,0.0648,0.0703,0.0555,0.0666
106.135,1,0.888,0.25,0.16,5,88.1,20.46,0.07,-0.002,0.067,-0.002,0.015,-1.231,-0.613,94.82,11.75,5.03,1,0.632,2.91,4.35,0.0,0,5,0.0666,0.0721,0.0536,0.0684
106.171,1,0.887,0.0,0.37,5,87.9,20.56,0.07,-0.0064,0.069,-0.001,-0.008,-1.231,-0.612,94.82,11.75,5.03,1,0.632,2.91,4.35,0.0,0,5,0.0703,0.0759,0.0592,0.0703
106.204,1,0.888,-0.25,0.19,5,87.8,20.56,0.07,-0.0067,0.074,-0.0,0.068,-1.231,-0.609,94.82,11.75,5.03,1,0.626,2.42,7.67,0.0,0,5,0.0759,0.0777,0.0685,0.0722
106.235,1,0.889,-0.25,0.3,5,87.4,20.56,0.07,-0.0004,0.074,0.0,0.015,-1.231,-0.607,94.88,11.75,5.03,1,0.632,2.42,7.86,0.0,0,5,0.0759,0.074,0.074,0.0703
106.301,1,0.887,-0.75,0.5,5,86.9,20.46,0.07,-0.0026,0.068,0.0,-0.006,-1.232,-0.602,94.88,11.74,6.04,1,0.63,1.94,11.07,0.0,0,5,0.07,0.0663,0.07,0.0645
106.333,1,0.888,-0.75,0.61,5,86.7,20.46,0.07,-0.0004,0.067,-0.001,-0.011,-1.232,-0.601,94.82,11.74,6.04,1,0.628,2.42,11.87,0.0,0,5,0.07,0.0663,0.0663,0.0663
106.371,1,0.887,-0.75,0.47,5,86.4,20.46,0.07,-0.0029,0.066,-0.001,-0.023,-1.232,-0.598,94.77,11.74,6.04,1,0.628,2.42,11.87,0.0,0,5,0.0666,0.0629,0.0666,0.0684
106.439,1,0.89,-0.25,0.04,5,85.7,20.46,0.07,-0.001,0.064,-0.004,0.006,-1.232,-0.594,94.82,11.74,7.39,1,0.686,1.94,31.31,0.0,0,5,0.0644,0.0571,0.0644,0.0718
106.504,1,0.894,-0.5,0.17,5,85.2,20.44,0.07,0.0008,0.067,-0.002,-0.0,-1.232,-0.589,94.82,11.74,7.39,1,0.68,-1.45,29.45,0.0,0,5,0.0666,0.074,0.0555,0.0703
106.636,1,0.886,-0.25,0.57,5,83.6,20.46,0.07,0.0016,0.077,-0.001,0.054,-1.233,-0.58,95.0,11.74,7.39,1,0.679,-4.85,32.28,0.0,0,5,0.0777,0.074,0.0777,0.0777
106.738,1,0.885,-0.25,0.6,5,82.6,20.46,0.07,-0.0081,0.065,-0.0,0.009,-1.234,-0.571,94.94,11.74,10.75,1,0.687,-9.69,31.77,0.0,0,5,0.0647,0.061,0.0684,0.0665
106.802,1,0.886,0.0,0.39,5,82.7,20.2,0.07,-0.0084,0.063,0.001,0.009,-1.234,-0.568,94.94,11.74,10.75,1,0.681,-12.12,32.89,0.0,0,5,0.0607,0.0607,0.0681,0.0644
106.933,1,0.881,0.0,0.39,5,84.6,20.44,0.07,-0.0072,0.07,-0.0,0.016,-1.235,-0.559,94.94,11.77,14.51,1,0.714,-16.48,36.53,0.0,0,5,0.0679,0.0771,0.0624,0.0734
107.0,1,0.892,0.25,0.32,5,84.6,20.56,0.07,-0.007,0.079,0.002,0.039,-1.235,-0.553,95.05,11.77,14.51,1,0.713,-17.45,39.17,0.0,0,5,0.0739,0.0795,0.0813,0.0795
107.037,1,0.887,0.25,0.42,5,84.5,20.81,0.07,-0.0087,0.079,0.0,-0.019,-1.235,-0.551,95.05,11.77,17.69,1,0.713,-17.45,39.17,0.0,0,5,0.0756,0.0775,0.0812,0.0812
107.073,1,0.886,-0.25,0.62,5,84.3,20.46,0.07,-0.0102,0.076,-0.0,-0.037,-1.235,-0.549,95.0,11.77,17.69,1,0.733,-20.84,38.93,0.0,0,5,0.0757,0.0739,0.0776,0.0776
107.133,1,0.888,0.0,0.5,5,84.3,20.44,0.07,-0.0078,0.069,-0.001,-0.034,-1.236,-0.544,94.94,11.77,17.69,1,0.744,-21.33,39.99,0.0,0,5,0.0703,0.0648,0.0722,0.0703
107.201,1,0.893,-0.25,0.6,5,84.1,20.46,0.07,-0.0088,0.067,0.001,-0.001,-1.236,-0.54,94.94,11.77,17.69,1,0.753,-22.78,38.04,0.0,0,5,0.0671,0.0653,0.0708,0.0653
107.235,1,0.885,0.0,0.49,5,83.9,20.44,0.07,-0.0075,0.067,-0.0,-0.009,-1.236,-0.539,94.94,11.77,17.69,1,0.753,-22.78,38.04,0.0,0,5,0.0671,0.0671,0.0653,0.0671
107.336,1,0.89,-0.25,0.62,5,84.2,20.46,0.07,-0.0087,0.072,-0.002,-0.023,-1.237,-0.53,94.94,11.76,21.17,1,0.737,-21.81,37.41,0.0,0,5,0.0735,0.0753,0.0606,0.0735
107.406,1,0.888,-0.5,0.55,5,84.7,20.56,0.07,-0.0082,0.074,-0.0,-0.02,-1.237,-0.526,95.0,11.76,21.17,1,0.75,-24.72,34.41,0.0,0,5,0.0777,0.074,0.0721,0.0703
107.432,1,0.882,-0.75,1.02,5,85.0,21.1,0.07,-0.0039,0.072,-0.002,-0.004,-1.237,-0.525,95.0,11.76,21.17,1,0.752,-24.72,33.29,0.0,0,5,0.0777,0.0703,0.0703,0.0703
107.503,1,0.88,-0.75,2.03,5,85.4,21.1,0.07,-0.01,0.065,-0.003,-0.037,-1.237,-0.519,94.88,11.76,23.86,1,0.752,-24.72,33.29,0.0,0,5,0.0662,0.0589,0.0662,0.0699
107.532,1,0.876,-0.75,3.1,5,85.5,20.56,0.07,-0.0279,0.063,-0.002,-0.008,-1.237,-0.518,94.88,11.76,23.86,1,0.777,-25.2,32.93,0.0,0,5,0.0644,0.057,0.0662,0.0662
107.601,1,0.876,-0.75,4.24,5,85.2,21.1,0.07,-0.0471,0.06,-0.003,0.003,-1.238,-0.513,94.88,11.76,23.86,1,0.777,-25.2,32.93,0.0,0,5,0.0647,0.0518,0.0629,0.061
107.632,1,0.878,-0.75,5.13,5,85.1,21.1,0.07,-0.0671,0.061,-0.002,-0.007,-1.238,-0.512,94.88,11.76,23.86,1,0.791,-24.23,34.52,0.0,0,5,0.0648,0.0555,0.0629,0.0611
107.732,1,0.844,-0.75,7.5,5,84.8,21.11,0.07,-0.0827,0.069,-0.002,-0.006,-1.238,-0.505,94.71,11.76,28.15,1,0.811,-25.2,31.75,0.0,0,5,0.0758,0.0684,0.0665,0.0665
107.767,1,0.845,-0.75,8.31,5,84.7,21.11,0.07,-0.124,0.074,0.001,-0.057,-1.239,-0.502,94.71,11.76,28.15,1,0.811,-25.2,31.75,0.0,0,5,0.0814,0.0759,0.074,0.0648
107.804,1,0.849,-1.25,9.8,5,83.8,21.11,0.07,-0.1382,0.077,0.001,-0.033,-1.239,-0.499,94.6,11.76,28.15,1,0.811,-25.2,31.75,0.0,0,5,0.0833,0.0722,0.0852,0.0685
107.899,1,0.824,-2.75,13.06,5,83.7,22.19,0.07,-0.1589,0.068,-0.003,-0.13,-1.239,-0.492,94.14,11.79,32.37,1,0.801,-28.11,26.87,0.0,0,5,0.087,0.05,0.0796,0.0537
108.0,1,0.833,-4.99,15.91,5,83.3,22.19,0.07,-0.2007,0.066,-0.002,-0.203,-1.239,-0.486,93.16,11.79,32.37,1,0.801,-28.11,26.87,0.0,0,5,0.0919,0.0368,0.0919,0.0441
108.032,1,0.833,-6.24,17.47,5,83.2,22.22,0.07,-0.2249,0.065,-0.001,-0.206,-1.239,-0.484,92.93,11.79,32.37,1,0.801,-28.11,26.87,0.0,0,5,0.093,0.0365,0.0911,0.0401
108.069,1,0.835,-6.74,17.22,5,83.3,22.22,0.07,-0.2403,0.066,-0.002,-0.146,-1.239,-0.481,92.53,11.79,37.29,1,0.801,-28.11,26.87,0.0,0,5,0.101,0.0331,0.0955,0.0349
108.133,1,0.83,-9.23,19.25,5,83.8,22.22,0.07,-0.2345,0.069,-0.001,-0.176,-1.24,-0.477,91.96,11.79,37.29,1,0.708,-39.26,5.34,0.0,0,5,0.1019,0.0352,0.1019,0.0389
108.171,1,0.843,-9.98,19.54,5,83.7,22.22,0.07,-0.2423,0.072,0.0,-0.183,-1.24,-0.474,91.56,11.79,37.29,1,0.708,-39.26,5.34,0.0,0,5,0.099,0.0403,0.1045,0.0458
108.199,1,0.84,-9.48,18.98,5,83.4,22.22,0.07,-0.2401,0.073,-0.0,-0.173,-1.24,-0.472,91.21,11.79,37.29,1,0.694,-46.53,-3.28,0.0,0,5,0.1033,0.0428,0.1016,0.0428
108.235,1,0.822,-9.48,18.83,5,82.9,22.22,0.07,-0.2402,0.074,0.002,-0.213,-1.24,-0.469,90.76,11.79,37.29,1,0.694,-46.53,-3.28,0.0,0,5,0.103,0.0444,0.1048,0.0444
108.299,1,0.837,-9.23,18.0,5,81.9,22.22,0.07,-0.2404,0.074,0.002,-0.233,-1.24,-0.464,89.95,11.76,37.53,1,0.714,-48.95,0.26,0.0,0,5,0.1101,0.044,0.1082,0.033
108.336,1,0.839,-8.98,17.39,5,81.7,22.19,0.07,-0.2299,0.074,0.003,-0.215,-1.24,-0.461,89.5,11.76,37.53,1,0.714,-48.95,0.26,0.0,0,5,0.1178,0.0405,0.1104,0.0294
108.431,1,0.843,-9.23,16.42,5,80.9,21.67,0.07,-0.2226,0.069,0.003,-0.214,-1.24,-0.456,88.52,11.76,37.53,1,0.717,-47.98,9.8,0.0,0,5,0.1067,0.0331,0.1122,0.0258
108.537,1,0.839,-10.73,15.37,5,80.8,22.15,0.07,-0.2032,0.068,-0.001,-0.207,-1.24,-0.448,86.86,11.76,32.22,1,0.736,-42.17,21.66,0.0,0,5,0.1037,0.0278,0.1092,0.0278
108.565,1,0.851,-11.23,14.91,5,80.7,22.15,0.07,-0.1673,0.068,-0.004,-0.179,-1.24,-0.446,86.69,11.76,32.22,1,0.736,-42.17,21.66,0.0,0,5,0.1129,0.0259,0.1036,0.0315
108.632,1,0.848,-12.23,13.97,5,80.0,21.67,0.07,-0.1558,0.069,-0.01,-0.177,-1.239,-0.442,86.12,11.76,32.22,1,0.736,-42.17,21.66,0.0,0,5,0.1124,0.024,0.094,0.0461
108.668,1,0.838,-12.73,13.43,5,80.0,21.67,0.07,-0.1287,0.069,-0.011,-0.167,-1.238,-0.439,85.66,11.76,27.38,1,0.736,-42.17,21.66,0.0,0,5,0.105,0.0258,0.0903,0.0534
108.702,1,0.835,-12.73,12.99,5,79.6,21.67,0.07,-0.1141,0.067,-0.008,-0.181,-1.238,-0.437,85.26,11.76,27.38,1,0.736,-42.17,21.66,0.0,0,5,0.0998,0.0296,0.0887,0.0517
108.73,1,0.835,-13.23,12.93,5,79.4,21.46,0.07,-0.1085,0.068,-0.007,-0.156,-1.237,-0.435,85.08,11.76,27.38,1,0.745,-38.78,31.82,0.0,0,5,0.0979,0.0314,0.0905,0.0517
108.77,1,0.84,-13.23,12.27,5,79.1,21.46,0.07,-0.1029,0.066,-0.003,-0.141,-1.237,-0.433,84.74,11.76,27.38,1,0.745,-38.78,31.82,0.0,0,5,0.0917,0.0348,0.0917,0.0477
108.799,1,0.831,-13.23,12.03,5,79.1,21.46,0.07,-0.092,0.068,-0.003,-0.115,-1.237,-0.43,84.51,11.76,27.38,1,0.77,-35.38,39.33,0.0,0,5,0.0917,0.0404,0.0899,0.0495
108.866,1,0.815,-12.98,11.3,5,78.4,21.67,0.07,-0.0898,0.068,-0.005,-0.088,-1.236,-0.426,84.17,11.78,23.9,1,0.77,-35.38,39.33,0.0,0,5,0.0919,0.0441,0.0827,0.0551
108.931,1,0.776,-12.48,11.55,5,77.4,21.6,0.07,-0.0804,0.07,-0.004,-0.041,-1.235,-0.421,83.94,11.78,23.9,1,0.72,-27.63,45.72,0.0,0,5,0.0876,0.0492,0.0839,0.0602
108.965,1,0.751,-11.98,10.96,5,76.7,22.19,0.07,-0.0905,0.072,0.0,-0.057,-1.235,-0.418,83.82,11.78,23.9,1,0.72,-27.63,45.72,0.0,0,5,0.0807,0.0587,0.0862,0.0642
109.003,1,0.745,-11.48,11.13,5,76.3,22.19,0.07,-0.0864,0.071,0.003,-0.027,-1.235,-0.416,83.77,11.78,23.9,1,0.72,-27.63,45.72,0.0,0,5,0.0751,0.066,0.0825,0.0623
109.034,1,0.783,-10.98,13.34,5,75.8,21.67,0.07,-0.0945,0.072,0.002,-0.032,-1.235,-0.414,83.71,11.78,23.9,1,0.72,-24.23,49.44,0.0,0,5,0.0739,0.0665,0.0813,0.0647
109.065,1,0.801,-10.73,14.44,5,75.5,22.19,0.07,-0.1376,0.071,-0.0,-0.024,-1.234,-0.411,83.65,11.78,25.46,1,0.718,-23.27,52.1,0.0,0,5,0.0777,0.0666,0.074,0.0647
109.134,1,0.778,-10.48,15.46,5,74.8,23.26,0.07,-0.158,0.068,-0.004,-0.115,-1.234,-0.407,83.37,11.78,25.46,1,0.709,-21.33,53.97,0.0,0,5,0.0809,0.0533,0.0753,0.0625
109.166,1,0.768,-10.98,16.58,5,74.7,22.65,0.07,-0.1778,0.066,-0.003,-0.156,-1.233,-0.405,82.96,11.78,25.46,1,0.721,-22.78,56.0,0.0,0,5,0.0865,0.0405,0.0846,0.0515
109.2,1,0.775,-11.23,17.23,5,74.6,22.65,0.07,-0.1906,0.067,-0.003,-0.188,-1.233,-0.402,82.56,11.78,25.46,1,0.721,-22.78,56.0,0.0,0,5,0.098,0.0381,0.0889,0.0418
109.231,1,0.784,-11.48,17.3,5,75.5,22.65,0.07,-0.199,0.066,-0.004,-0.158,-1.232,-0.401,82.39,11.78,25.46,1,0.721,-22.78,56.0,0.0,0,5,0.1001,0.0346,0.091,0.0401
109.264,1,0.79,-11.98,17.86,5,75.7,22.65,0.07,-0.1976,0.067,-0.003,-0.166,-1.232,-0.398,82.05,11.8,35.61,1,0.721,-22.78,56.0,0.0,0,5,0.0984,0.0328,0.0948,0.0401
109.302,1,0.789,-12.48,18.67,5,75.7,22.65,0.07,-0.2013,0.064,-0.003,-0.163,-1.232,-0.396,81.65,11.8,35.61,1,0.721,-22.78,56.0,0.0,0,5,0.0945,0.0278,0.0945,0.0408
109.333,1,0.788,-13.23,20.25,5,76.0,22.65,0.07,-0.2102,0.065,-0.003,-0.19,-1.231,-0.394,81.42,11.8,35.61,1,0.631,-37.32,50.87,0.0,0,5,0.0944,0.0278,0.0963,0.0426
109.368,1,0.802,-13.98,21.21,5,75.9,22.04,0.07,-0.2301,0.066,-0.004,-0.17,-1.231,-0.392,81.02,11.8,35.61,1,0.765,-40.23,50.08,0.0,0,5,0.098,0.0296,0.0943,0.0425
109.43,1,0.808,-15.22,23.6,5,76.3,22.04,0.07,-0.2405,0.071,-0.005,-0.199,-1.23,-0.387,80.39,11.8,35.61,1,0.759,-45.56,45.33,0.0,0,5,0.1067,0.0313,0.1012,0.0441
109.465,1,0.795,-15.72,23.87,5,75.8,22.68,0.07,-0.269,0.075,-0.007,-0.206,-1.229,-0.384,79.87,11.8,43.18,1,0.759,-45.56,45.33,0.0,0,5,0.1213,0.0331,0.1029,0.0423
109.536,1,0.764,-16.97,23.76,5,75.9,22.22,0.07,-0.271,0.071,-0.003,-0.232,-1.228,-0.38,79.13,11.8,43.18,1,0.78,-55.74,38.23,0.0,0,5,0.1201,0.0296,0.1071,0.0277
109.565,1,0.727,-18.22,23.48,5,75.3,22.22,0.07,-0.2557,0.067,0.0,-0.233,-1.227,-0.378,78.5,11.8,43.18,1,0.833,-58.16,37.34,0.0,0,5,0.109,0.024,0.109,0.024
109.637,1,0.733,-17.72,21.01,5,76.3,27.45,0.07,-0.2399,0.067,0.002,-0.277,-1.227,-0.372,77.23,11.8,43.18,1,0.811,-63.98,38.31,0.0,0,5,0.1091,0.0185,0.1184,0.0203
109.668,1,0.758,-20.46,22.68,5,76.6,22.96,0.07,-0.2048,0.069,0.003,-0.271,-1.226,-0.371,76.89,11.8,45.0,1,0.811,-63.98,38.31,0.0,0,5,0.1109,0.0259,0.1183,0.0203
109.733,1,0.782,-19.72,21.68,5,76.5,22.78,0.0915,-0.2044,0.071,0.008,-0.181,-1.226,-0.367,76.15,11.8,45.0,1,0.811,-63.98,38.31,0.0,0,5,0.111,0.0425,0.1165,0.0148
109.765,1,0.786,-18.97,21.8,5,76.4,22.68,0.105,-0.1984,0.074,0.013,-0.126,-1.226,-0.363,75.86,11.8,45.0,1,0.825,-65.92,37.56,0.0,0,5,0.0999,0.0555,0.1184,0.0222
109.864,1,0.806,-16.97,22.01,5,76.8,22.19,0.1035,-0.2101,0.089,0.0,-0.173,-1.224,-0.355,75.11,11.82,44.51,1,0.825,-65.92,37.56,0.0,0,5,0.1068,0.0682,0.1105,0.07
109.933,1,0.847,-16.22,21.36,5,77.6,22.22,0.1153,-0.2575,0.104,-0.007,-0.196,-1.221,-0.349,74.37,11.82,44.51,1,0.825,-65.92,37.56,0.0,0,5,0.1405,0.0628,0.1312,0.0832
109.964,1,0.853,-15.97,21.18,5,77.8,21.96,0.1183,-0.2624,0.111,-0.007,-0.188,-1.22,-0.344,73.91,11.82,44.51,1,0.814,-64.95,43.24,0.0,0,5,0.1535,0.0666,0.1406,0.0814
110.036,1,0.861,-15.97,20.63,5,77.2,21.67,0.1192,-0.262,0.117,-0.003,-0.244,-1.218,-0.337,73.05,11.82,44.46,1,0.859,-60.59,38.75,0.0,0,5,0.1615,0.0716,0.1578,0.0789
110.065,1,0.862,-15.72,19.85,5,77.3,21.6,0.1218,-0.2583,0.124,-0.005,-0.26,-1.216,-0.332,72.42,11.82,44.46,1,0.859,-60.59,38.75,0.0,0,5,0.1706,0.0715,0.1669,0.0862
110.132,1,0.855,-14.97,18.38,5,76.8,21.96,0.1255,-0.2555,0.129,-0.004,-0.174,-1.213,-0.325,71.68,11.82,44.46,1,0.887,-56.22,35.86,0.0,0,5,0.1793,0.0851,0.1664,0.0869
110.167,1,0.867,-14.23,18.32,5,76.6,21.6,0.1325,-0.2523,0.131,0.005,-0.263,-1.212,-0.32,71.22,11.82,44.46,1,0.887,-53.8,34.98,0.0,0,5,0.1694,0.0994,0.1731,0.0829
110.201,1,0.866,-13.73,18.14,5,77.1,21.6,0.1328,-0.2607,0.132,0.008,-0.318,-1.211,-0.317,70.87,11.82,44.46,1,0.891,-50.89,34.73,0.0,0,5,0.1675,0.1031,0.1767,0.081
110.237,1,0.834,-13.73,18.35,5,77.6,21.67,0.1337,-0.263,0.135,0.007,-0.326,-1.21,-0.312,70.19,11.82,44.46,1,0.896,-46.53,32.47,0.0,0,5,0.1676,0.0976,0.186,0.0884
110.265,1,0.807,-13.48,18.43,5,78.1,21.1,0.1311,-0.2594,0.136,0.002,-0.284,-1.209,-0.309,69.84,11.83,42.19,1,0.896,-46.53,32.47,0.0,0,5,0.1751,0.094,0.1824,0.0921
110.303,1,0.807,-13.23,19.46,5,78.7,21.46,0.1281,-0.2557,0.137,0.002,-0.233,-1.207,-0.304,69.27,11.83,42.19,1,0.896,-46.53,32.47,0.0,0,5,0.1795,0.087,0.1906,0.0907
110.33,1,0.767,-12.98,21.61,5,79.1,24.45,0.1159,-0.2447,0.137,0.001,-0.285,-1.206,-0.302,68.93,11.83,42.19,1,0.891,-42.17,30.31,0.0,0,5,0.1813,0.0888,0.1887,0.0907
110.364,1,0.741,-13.23,25.77,5,79.1,21.67,0.0921,-0.263,0.138,0.003,-0.281,-1.204,-0.296,68.3,11.83,42.19,1,0.891,-42.17,30.31,0.0,0,5,0.1823,0.0921,0.1897,0.0884
110.406,1,0.755,-12.98,29.59,5,77.9,23.2,0.0801,-0.332,0.138,-0.0,-0.244,-1.202,-0.291,67.72,11.83,42.19,1,0.911,-35.87,26.08,0.0,0,5,0.1873,0.0937,0.1818,0.09
110.43,1,0.768,-12.73,33.59,5,76.9,26.37,0.07,-0.4013,0.137,0.001,-0.213,-1.201,-0.289,67.49,11.83,42.19,1,0.911,-35.87,26.08,0.0,0,5,0.1855,0.0955,0.18,0.0863
110.465,1,0.777,-13.48,37.31,5,76.7,28.77,0.07,-0.4242,0.131,0.005,-0.227,-1.199,-0.284,66.92,11.83,45.0,1,0.911,-35.87,26.08,0.0,0,5,0.1763,0.0973,0.1744,0.0771
110.533,1,0.774,-13.98,42.12,5,76.7,28.61,0.07,-0.4242,0.12,0.007,-0.353,-1.197,-0.277,65.95,11.83,45.0,1,0.911,-35.87,26.08,0.0,0,5,0.1546,0.0828,0.1711,0.0718
110.568,1,0.804,-14.47,44.04,5,76.8,28.61,0.07,-0.4242,0.11,0.002,-0.286,-1.195,-0.274,65.15,11.83,45.0,1,0.905,-29.08,21.52,0.0,0,5,0.1516,0.0591,0.1645,0.0628
110.633,1,0.804,-16.72,44.69,5,77.1,27.55,0.07,-0.4242,0.091,0.001,-0.394,-1.193,-0.269,63.94,11.83,45.0,1,0.92,-27.63,16.94,0.0,0,5,0.1515,0.0259,0.1589,0.0296
110.671,1,0.841,-18.72,44.91,5,76.7,27.44,0.07,-0.4242,0.082,-0.001,-0.445,-1.191,-0.266,62.85,11.83,45.0,1,0.919,-28.6,14.14,0.0,0,5,0.1552,0.0055,0.1552,0.0111
110.732,1,0.845,-19.22,43.72,5,76.4,27.44,0.07,-0.4242,0.075,-0.006,-0.426,-1.189,-0.262,61.31,11.83,45.0,1,0.918,-31.02,7.24,0.0,0,5,0.1523,-0.0073,0.1451,0.0091
110.767,1,0.84,-18.47,43.02,5,75.9,26.86,0.07,-0.4242,0.073,-0.005,-0.417,-1.187,-0.26,60.33,11.83,45.0,1,0.914,-32.47,4.04,0.0,0,5,0.1487,-0.0018,0.1378,0.0073
110.839,1,0.832,-17.97,41.5,5,74.8,26.11,0.07,-0.4242,0.069,-0.0,-0.397,-1.185,-0.255,58.56,11.83,45.0,1,0.917,-34.41,-2.74,0.0,0,5,0.1405,0.0,0.1387,-0.0018
110.869,1,0.834,-17.97,40.69,5,74.6,26.11,0.07,-0.4242,0.069,0.001,-0.396,-1.184,-0.254,58.1,11.81,45.0,1,0.921,-36.35,-9.13,0.0,0,5,0.1362,0.0,0.1399,0.0
110.935,1,0.827,-17.72,39.33,5,73.8,25.56,0.07,-0.4242,0.067,-0.001,-0.395,-1.182,-0.251,56.78,11.81,45.0,1,0.925,-37.32,-11.27,0.0,0,5,0.1363,0.0,0.1326,0.0
110.966,1,0.829,-17.22,38.48,5,73.4,25.11,0.07,-0.4242,0.068,-0.001,-0.393,-1.18,-0.248,55.86,11.81,45.0,1,0.928,-38.78,-14.55,0.0,0,5,0.1388,0.0,0.1332,0.0
111.034,1,0.821,-17.47,36.91,5,72.9,24.52,0.07,-0.4242,0.069,-0.001,-0.404,-1.178,-0.245,54.55,11.81,45.0,1,0.944,-42.65,-22.8,0.0,0,5,0.1388,0.0,0.1351,0.0019
111.067,1,0.816,-17.47,36.55,5,72.4,23.96,0.07,-0.4242,0.068,0.001,-0.411,-1.176,-0.243,53.63,11.81,45.0,1,0.944,-42.65,-22.8,0.0,0,5,0.1312,0.0,0.1386,0.0018
111.132,1,0.811,-17.47,34.65,5,71.2,23.96,0.07,-0.4242,0.068,0.002,-0.404,-1.174,-0.239,52.25,11.81,45.0,1,0.959,-45.08,-28.1,0.0,0,5,0.133,0.0,0.1404,0.0
111.168,1,0.816,-17.47,33.94,5,70.5,23.96,0.07,-0.4242,0.07,-0.002,-0.353,-1.172,-0.237,51.34,11.81,45.0,1,0.96,-47.01,-29.91,0.0,0,5,0.1462,0.0,0.1351,-0.0019
111.267,1,0.807,-18.97,32.17,5,73.8,23.26,0.07,-0.4242,0.068,0.001,-0.404,-1.168,-0.232,49.1,11.81,37.03,1,0.954,-45.56,-32.75,0.0,0,5,0.1332,0.0,0.1369,0.0
111.333,1,0.832,-19.97,30.72,5,75.4,23.34,0.07,-0.3874,0.067,0.002,-0.414,-1.165,-0.229,47.67,11.81,37.03,1,0.962,-44.11,-29.27,0.0,0,5,0.1312,0.0,0.1386,0.0
111.366,1,0.836,-19.97,29.6,5,75.9,23.2,0.0737,-0.3517,0.069,0.001,-0.373,-1.163,-0.227,46.75,11.81,37.03,1,0.941,-39.26,-21.63,0.0,0,5,0.135,0.0018,0.1387,0.0
111.434,1,0.809,-21.21,28.42,5,78.0,22.68,0.0791,-0.3344,0.069,0.001,-0.376,-1.16,-0.224,45.49,11.81,37.03,1,0.916,-33.44,-11.49,0.0,0,5,0.1322,0.0037,0.1377,0.0037
111.467,1,0.815,-21.71,27.73,5,79.0,22.68,0.0847,-0.2999,0.067,0.002,-0.359,-1.158,-0.222,44.69,11.81,25.03,1,0.916,-33.44,-11.49,0.0,0,5,0.1268,0.0018,0.136,0.0037
111.529,1,0.798,-22.96,26.48,5,80.0,22.68,0.088,-0.2849,0.064,0.0,-0.38,-1.156,-0.219,43.37,11.81,25.03,1,0.9,-27.14,6.99,0.0,0,5,0.127,0.0,0.1288,0.0
111.631,1,0.81,-23.96,23.97,5,80.8,22.04,0.0939,-0.2526,0.078,-0.005,-0.283,-1.149,-0.214,41.6,11.81,25.03,1,0.9,-25.2,8.73,0.0,0,5,0.1351,0.0167,0.1296,0.0315
111.663,1,0.819,-23.96,23.67,5,81.0,22.04,0.1008,-0.1968,0.083,-0.005,-0.21,-1.147,-0.212,41.08,11.81,18.16,1,0.9,-25.2,8.73,0.0,0,5,0.1314,0.0278,0.1296,0.0444
111.732,1,0.811,-23.96,22.55,5,82.0,21.96,0.1073,-0.1951,0.092,-0.008,-0.209,-1.142,-0.209,40.34,11.81,18.16,1,0.9,-25.2,8.73,0.0,0,5,0.1351,0.0426,0.124,0.0648
111.767,1,0.82,-23.46,22.42,5,81.6,22.04,0.1126,-0.1898,0.096,-0.006,-0.135,-1.139,-0.206,39.94,11.81,18.16,1,0.841,-17.45,17.71,0.0,0,5,0.1368,0.0555,0.1239,0.0684
111.869,1,0.81,-20.96,21.58,5,80.4,21.67,0.1133,-0.1958,0.109,0.0,-0.1,-1.13,-0.199,39.19,11.82,13.97,1,0.843,-10.66,29.69,0.0,0,5,0.1313,0.0832,0.135,0.0851
111.934,1,0.819,-20.21,21.39,5,80.0,21.46,0.1173,-0.2213,0.113,-0.005,-0.176,-1.125,-0.195,38.62,11.82,13.97,1,0.843,-10.66,29.69,0.0,0,5,0.1369,0.0814,0.135,0.098
111.967,1,0.818,-19.72,21.5,5,79.3,21.42,0.1182,-0.2273,0.116,-0.003,-0.194,-1.121,-0.192,38.16,11.82,13.97,1,0.863,-10.18,30.52,0.0,0,5,0.1424,0.0814,0.1443,0.0943
112.068,1,0.829,-17.97,20.19,5,76.8,21.67,0.1177,-0.2298,0.125,0.001,-0.212,-1.111,-0.185,37.07,11.82,15.98,1,0.858,-10.18,26.27,0.0,0,5,0.1553,0.0887,0.1627,0.0924
112.131,1,0.846,-16.72,19.59,5,76.8,21.1,0.1239,-0.2412,0.124,-0.005,-0.112,-1.105,-0.18,36.5,11.82,15.98,1,0.855,-10.18,25.57,0.0,0,5,0.162,0.081,0.1565,0.0957
112.164,1,0.848,-16.47,19.27,5,76.4,21.1,0.1267,-0.2501,0.124,-0.007,-0.206,-1.101,-0.178,36.1,11.82,15.98,1,0.855,-10.18,25.57,0.0,0,5,0.1639,0.0829,0.151,0.0995
112.232,1,0.849,-16.22,19.06,5,77.1,21.1,0.1283,-0.2472,0.126,-0.003,-0.209,-1.095,-0.173,35.47,11.82,15.98,1,0.867,-14.54,15.02,0.0,0,5,0.1535,0.0851,0.1609,0.1054
112.261,1,0.837,-15.47,18.76,5,77.5,21.1,0.1293,-0.2479,0.126,0.001,-0.198,-1.091,-0.17,35.01,11.82,17.46,1,0.867,-14.54,12.44,0.0,0,5,0.1536,0.087,0.1684,0.0962
112.331,1,0.845,-13.48,17.12,5,75.2,21.02,0.1307,-0.2511,0.132,0.005,-0.189,-1.084,-0.165,34.26,11.82,17.46,1,0.84,-14.54,10.59,0.0,0,5,0.1626,0.0998,0.1737,0.0905
112.365,1,0.847,-13.23,17.43,5,75.2,21.02,0.1376,-0.2578,0.137,0.01,-0.212,-1.08,-0.162,33.8,11.82,17.46,1,0.84,-14.54,10.59,0.0,0,5,0.1625,0.1071,0.1865,0.0923
112.433,1,0.828,-13.23,17.44,5,76.5,20.57,0.1371,-0.2603,0.138,0.011,-0.197,-1.073,-0.157,33.0,11.82,17.46,1,0.816,-14.06,9.49,0.0,0,5,0.1682,0.1072,0.1904,0.0869
112.469,1,0.801,-14.23,17.38,5,76.8,20.81,0.137,-0.2589,0.138,0.006,-0.242,-1.069,-0.153,32.43,11.82,17.28,1,0.808,-14.54,8.21,0.0,0,5,0.1718,0.1053,0.1829,0.0905
112.53,1,0.752,-14.47,16.24,5,76.7,20.57,0.1373,-0.2456,0.142,0.008,-0.216,-1.061,-0.148,31.63,11.82,17.28,1,0.805,-14.54,5.9,0.0,0,5,0.1698,0.1089,0.192,0.0978
112.564,1,0.767,-14.23,15.88,5,76.2,20.57,0.1427,-0.2299,0.143,0.009,-0.254,-1.057,-0.145,31.11,11.82,17.28,1,0.805,-14.54,5.9,0.0,0,5,0.1698,0.107,0.1975,0.0978
112.595,1,0.779,-13.98,15.73,5,76.2,20.56,0.1444,-0.2292,0.141,0.004,-0.261,-1.052,-0.142,30.48,11.82,17.28,1,0.803,-14.54,5.82,0.0,0,5,0.1746,0.1029,0.1948,0.0937
112.665,1,0.842,-9.73,14.04,5,75.2,20.57,0.1451,-0.2301,0.142,0.005,-0.218,-1.045,-0.137,29.74,11.82,15.57,1,0.804,-15.03,3.34,0.0,0,5,0.1778,0.1008,0.1924,0.0953
112.733,1,0.793,-11.98,15.25,5,76.1,20.56,0.1532,-0.2539,0.148,0.012,-0.245,-1.038,-0.133,28.99,11.82,15.57,1,0.785,-14.06,4.45,0.0,0,5,0.175,0.1178,0.2018,0.0964
112.767,1,0.679,-12.98,16.88,5,76.7,21.11,0.1474,-0.2412,0.154,0.012,-0.281,-1.032,-0.129,28.42,11.82,15.57,1,0.777,-14.54,3.81,0.0,0,5,0.1846,0.1278,0.2024,0.0994
112.796,1,0.351,-6.33,13.82,4,76.9,21.27,0.1355,-0.2394,0.155,0.008,-0.236,-1.027,-0.126,27.9,11.82,15.57,1,0.774,-14.54,4.3,0.0,0,5,0.1905,0.1209,0.2051,0.1026
112.866,1,0.611,-12.48,13.38,4,78.4,20.84,0.1226,-0.1948,0.152,0.01,-0.259,-1.019,-0.121,26.93,11.83,13.96,1,0.771,-14.54,7.72,0.0,0,5,0.183,0.1146,0.2089,0.0998
112.895,1,0.627,-12.23,13.11,4,78.1,20.79,0.1298,-0.1492,0.147,0.007,-0.212,-1.014,-0.119,26.47,11.83,13.96,1,0.773,-15.03,8.34,0.0,0,5,0.1811,0.1109,0.2051,0.0998
113.033,1,0.755,-13.23,12.11,5,78.5,20.81,0.1576,-0.2047,0.143,0.006,-0.193,-0.999,-0.111,25.1,11.83,13.96,1,0.741,-12.6,16.33,0.0,0,5,0.1718,0.122,0.1755,0.1035
113.067,1,0.845,-10.73,11.04,5,77.6,21.11,0.1624,-0.1767,0.144,-0.001,-0.25,-0.994,-0.108,24.58,11.83,12.78,1,0.748,-15.51,18.63,0.0,0,5,0.1793,0.1146,0.1719,0.1109
113.166,1,0.636,-12.23,10.31,4,78.1,20.53,0.1674,-0.1863,0.156,0.003,-0.19,-0.98,-0.102,23.61,11.83,12.78,1,0.751,-15.51,20.32,0.0,0,5,0.1793,0.1257,0.1923,0.1257
113.231,1,0.694,-10.23,8.71,4,77.5,20.79,0.1632,-0.1443,0.166,0.006,-0.14,-0.97,-0.097,23.09,11.83,12.78,1,0.75,-17.45,22.46,0.0,0,5,0.1868,0.1443,0.2016,0.1332
113.266,1,0.708,-9.73,8.3,4,77.0,20.79,0.1742,-0.1406,0.17,0.006,-0.223,-0.964,-0.094,22.63,11.83,11.91,1,0.722,-15.99,23.09,0.0,0,5,0.192,0.1477,0.2031,0.1366
113.334,1,0.691,-9.48,7.36,4,75.9,20.5,0.1762,-0.1352,0.168,0.001,-0.192,-0.955,-0.091,22.06,11.83,11.91,1,0.722,-15.99,23.09,0.0,0,5,0.1938,0.1421,0.1975,0.1403
113.366,1,0.691,-9.73,6.55,4,76.9,20.79,0.1737,-0.1101,0.17,-0.0,-0.14,-0.948,-0.088,21.72,11.83,11.91,1,0.736,-13.09,27.15,0.0,0,5,0.1943,0.1406,0.1998,0.1462
113.468,1,0.689,-9.98,6.31,4,76.4,20.58,0.1737,-0.0844,0.182,0.004,-0.094,-0.932,-0.081,21.08,11.83,11.39,1,0.719,-8.72,25.58,0.0,0,5,0.2,0.1704,0.2018,0.1555
113.563,1,0.679,-8.49,9.18,4,77.7,21.12,0.1734,-0.0749,0.184,0.002,-0.058,-0.914,-0.074,20.57,11.83,11.39,1,0.616,-5.82,24.51,0.0,0,4,0.1997,0.1664,0.2071,0.1646
113.595,1,0.754,-8.98,15.45,5,77.3,21.02,0.1611,-0.1548,0.184,0.005,-0.119,-0.907,-0.072,20.28,11.83,11.39,1,0.69,-3.88,24.27,0.0,0,5,0.1959,0.1718,0.207,0.1626
113.665,1,0.746,-8.73,18.74,5,76.9,21.67,0.1254,-0.2281,0.184,-0.001,-0.072,-0.897,-0.068,19.94,11.83,15.08,1,0.705,-1.94,23.08,0.0,0,5,0.1959,0.1626,0.2033,0.1737
113.694,1,0.759,-8.49,19.66,5,75.2,21.67,0.1011,-0.2502,0.183,-0.003,-0.115,-0.894,-0.067,19.82,11.83,15.08,1,0.718,0.0,23.0,0.0,0,5,0.1977,0.1608,0.1996,0.1737
113.764,1,0.707,-4.49,20.59,5,73.2,21.11,0.1264,-0.319,0.173,0.01,-0.118,-0.881,-0.061,19.42,11.83,15.08,1,0.704,-4.85,8.82,3.027,1,5,0.1793,0.1701,0.196,0.1479
113.794,1,0.777,-2.99,17.5,5,73.3,21.67,0.122,-0.3742,0.171,0.009,-0.089,-0.878,-0.06,19.31,11.83,15.08,1,0.701,-6.79,3.32,3.275,1,5,0.1794,0.1665,0.1942,0.1443
113.864,1,0.815,-0.25,16.39,5,74.4,21.6,0.1367,-0.3598,0.16,-0.006,-0.156,-0.866,-0.056,18.74,11.83,25.13,1,0.701,-6.79,3.32,3.275,1,5,0.1831,0.1295,0.1776,0.148
113.928,1,0.83,1.25,15.11,5,73.0,21.6,0.142,-0.3719,0.155,0.002,-0.144,-0.857,-0.053,18.28,11.83,25.13,1,0.721,-15.99,-29.1,0.0,0,5,0.1813,0.135,0.1794,0.1239
113.964,1,0.816,2.0,15.07,5,72.6,21.11,0.1481,-0.3722,0.156,0.006,-0.309,-0.851,-0.051,17.76,11.83,25.13,1,0.721,-15.99,-29.1,0.0,0,5,0.1851,0.137,0.1851,0.1148
113.999,1,0.847,2.5,14.21,5,71.5,21.1,0.1483,-0.3759,0.153,0.003,-0.244,-0.845,-0.049,17.19,11.83,25.13,1,0.715,-16.48,-33.22,0.0,0,5,0.1888,0.1221,0.1888,0.111
114.066,1,0.856,2.25,13.64,5,71.8,21.11,0.1524,-0.3625,0.151,-0.006,-0.316,-0.836,-0.047,16.21,11.83,20.52,1,0.709,-15.03,-32.93,0.0,0,5,0.2007,0.0902,0.1989,0.1142
114.094,1,0.818,2.0,11.65,5,72.4,20.96,0.1551,-0.3494,0.152,-0.008,-0.338,-0.833,-0.046,15.81,11.83,20.52,1,0.709,-15.03,-32.93,0.0,0,5,0.2045,0.0847,0.2026,0.1142
114.163,1,0.787,2.5,11.6,5,72.7,20.96,0.1608,-0.3057,0.154,0.009,-0.348,-0.822,-0.042,14.55,11.83,20.52,1,0.709,-15.03,-32.93,0.0,0,5,0.2034,0.1202,0.2053,0.0869
114.195,1,0.78,1.5,11.09,5,72.3,21.11,0.1648,-0.3161,0.153,0.008,-0.375,-0.816,-0.041,13.75,11.83,20.52,1,0.705,-11.15,-27.56,0.0,0,5,0.2014,0.1146,0.207,0.0887
114.265,1,0.761,0.25,10.31,5,71.5,20.57,0.1672,-0.2943,0.151,-0.004,-0.354,-0.807,-0.039,12.43,11.85,11.49,1,0.669,-5.33,-19.16,0.0,0,5,0.212,0.083,0.212,0.0977
114.297,1,0.76,-0.75,9.63,5,71.9,20.56,0.1709,-0.2636,0.153,-0.006,-0.383,-0.8,-0.038,11.63,11.85,11.49,1,0.695,-3.88,-13.9,-6.795,1,5,0.2139,0.0811,0.2157,0.0959
114.363,1,0.754,-3.24,8.63,5,73.7,20.56,0.1742,-0.241,0.158,-0.008,-0.285,-0.791,-0.037,10.43,11.85,11.49,1,0.695,-3.88,-10.52,-4.299,1,5,0.2258,0.087,0.2128,0.1073
114.396,1,0.772,-3.99,8.62,5,73.9,20.57,0.1789,-0.1903,0.161,-0.005,-0.243,-0.785,-0.036,9.85,11.85,11.49,1,0.688,-2.42,-10.05,-3.709,1,5,0.2221,0.1037,0.2092,0.1092
114.464,1,0.768,-5.49,7.46,5,74.2,20.44,0.1699,-0.178,0.165,0.0,-0.213,-0.775,-0.034,9.0,11.85,4.16,1,0.694,1.94,1.07,-1.142,1,5,0.211,0.1258,0.2036,0.1184
114.492,1,0.769,-6.24,7.04,5,73.9,20.44,0.1592,-0.1224,0.166,-0.002,-0.282,-0.771,-0.034,8.71,11.85,4.16,1,0.694,1.94,1.07,-1.142,1,5,0.2089,0.1257,0.2015,0.1276
114.563,1,0.761,-8.24,7.52,5,74.0,20.56,0.1362,-0.0876,0.163,-0.013,-0.166,-0.758,-0.033,7.79,11.85,4.16,1,0.689,2.91,11.77,4.256,1,5,0.2071,0.1072,0.1923,0.1461
114.597,1,0.778,-8.98,7.74,5,75.1,20.04,0.1117,-0.0491,0.161,-0.014,-0.171,-0.755,-0.033,7.56,11.85,4.16,1,0.704,1.45,6.18,3.121,1,5,0.2053,0.1036,0.1905,0.1461
114.628,1,0.769,-9.48,6.94,5,75.6,20.57,0.0937,-0.0448,0.16,-0.012,-0.189,-0.749,-0.032,7.16,11.85,4.16,1,0.692,2.91,8.88,-0.741,1,5,0.1997,0.1091,0.1868,0.1443
114.664,1,0.76,-10.73,7.35,5,76.2,20.46,0.0818,-0.0265,0.157,-0.011,-0.138,-0.742,-0.032,6.76,11.85,2.16,1,0.692,2.91,8.88,-0.741,1,5,0.1959,0.1183,0.1737,0.1386
114.697,1,0.761,-11.23,6.31,5,76.7,20.44,0.0727,-0.0215,0.15,-0.009,-0.155,-0.737,-0.032,6.47,11.85,2.16,1,0.706,0.48,7.53,3.095,1,5,0.1834,0.1192,0.1632,0.1339
114.762,1,0.75,-12.73,5.58,5,77.1,20.46,0.07,-0.0027,0.139,-0.011,-0.121,-0.728,-0.031,5.96,11.85,2.16,1,0.697,-1.94,6.61,-1.999,1,5,0.1727,0.0981,0.1581,0.1272
114.798,1,0.762,-13.23,5.56,5,77.2,20.56,0.07,0.0265,0.13,-0.011,-0.18,-0.724,-0.031,5.61,11.85,2.16,1,0.711,-2.91,4.71,2.82,1,5,0.1693,0.091,0.1529,0.1238
114.864,1,0.766,-15.22,5.27,5,78.2,20.46,0.07,0.0279,0.111,-0.005,-0.115,-0.717,-0.031,5.27,11.85,1.96,1,0.721,-3.39,2.88,3.914,1,5,0.1387,0.0777,0.135,0.0924
114.897,1,0.775,-15.72,4.73,5,78.6,20.57,0.0772,0.0558,0.105,-0.003,-0.094,-0.713,-0.031,4.98,11.85,1.96,1,0.717,-5.82,-0.77,-0.534,1,5,0.133,0.0832,0.122,0.0832
114.961,1,0.823,-16.47,3.82,5,78.4,20.96,0.0756,0.0655,0.101,-0.002,-0.087,-0.707,-0.03,4.58,11.85,1.96,1,0.727,-6.79,-0.15,4.164,1,5,0.12,0.0886,0.109,0.0849
114.993,1,0.833,-16.97,3.56,5,79.4,20.96,0.0899,0.0879,0.098,-0.0,-0.017,-0.705,-0.03,4.58,11.85,1.96,1,0.723,-8.24,-2.68,1.223,1,5,0.1128,0.085,0.1091,0.0832
115.062,1,0.771,-17.72,3.02,5,80.2,20.56,0.1106,0.0939,0.088,-0.001,-0.033,-0.7,-0.03,4.35,11.85,1.28,1,0.731,-9.69,-3.73,2.724,1,5,0.0962,0.074,0.0999,0.0833
115.098,1,0.725,-17.72,1.41,4,80.0,20.51,0.1067,0.1122,0.083,-0.003,0.05,-0.695,-0.03,4.41,11.85,1.28,1,0.733,-10.18,-5.69,1.684,1,5,0.087,0.0796,0.0814,0.0851
115.161,1,0.73,-17.47,1.28,4,79.8,20.5,0.1275,0.1337,0.083,-0.004,0.066,-0.692,-0.03,4.58,11.85,1.28,1,0.739,-10.18,-5.69,1.703,1,5,0.0796,0.0833,0.074,0.0944
115.192,1,0.724,-16.72,1.3,4,79.3,20.56,0.1419,0.1299,0.081,-0.005,0.091,-0.69,-0.03,4.7,11.85,1.28,1,0.709,-7.76,-5.12,-1.146,1,5,0.0759,0.0833,0.0703,0.0962
115.227,1,0.729,-16.22,1.77,4,79.2,20.51,0.1556,0.1179,0.082,-0.004,0.036,-0.687,-0.029,4.81,11.85,1.28,1,0.709,-7.76,-5.12,-1.146,1,5,0.0703,0.0888,0.0685,0.1018
115.266,1,0.725,-15.72,1.89,4,79.6,20.51,0.1626,0.0992,0.09,-0.003,0.079,-0.683,-0.029,4.98,11.83,-0.92,1,0.709,-7.76,-5.12,-1.146,1,5,0.0758,0.1017,0.0721,0.111
115.297,1,0.724,-15.22,2.02,4,78.9,20.51,0.154,0.093,0.102,-0.002,0.14,-0.678,-0.029,5.33,11.83,-0.92,1,0.72,-2.91,5.61,5.113,1,5,0.0777,0.1092,0.0777,0.1184
115.366,1,0.787,-14.23,4.37,5,76.4,20.57,0.1066,0.0994,0.119,-0.005,0.103,-0.671,-0.028,5.73,11.83,-0.92,1,0.71,2.42,14.92,3.54,1,5,0.1034,0.1329,0.096,0.144
115.395,1,0.8,-13.73,4.67,5,76.4,20.46,0.094,0.0464,0.123,-0.006,0.103,-0.668,-0.028,5.84,11.83,-0.92,1,0.71,2.42,14.92,3.54,1,5,0.1107,0.1365,0.0978,0.1476
115.497,1,0.804,-12.73,4.94,5,76.0,20.56,0.0787,0.0396,0.117,-0.003,0.048,-0.654,-0.027,6.13,11.83,3.72,1,0.716,2.42,16.9,4.814,1,5,0.1129,0.1203,0.1092,0.1351
115.53,1,0.801,-12.73,5.23,5,76.0,20.56,0.071,0.024,0.11,-0.003,0.026,-0.65,-0.027,6.19,11.83,3.72,1,0.688,-1.94,10.31,1.589,1,5,0.1018,0.1055,0.1073,0.124
115.565,1,0.796,-12.48,5.52,5,76.9,20.57,0.0708,0.0122,0.106,-0.002,0.034,-0.648,-0.027,6.25,11.83,3.72,1,0.727,-3.88,0.74,2.082,1,5,0.0999,0.1054,0.1017,0.1165
115.596,1,0.802,-12.23,5.64,5,77.2,20.56,0.0708,0.013,0.098,-0.006,0.032,-0.644,-0.027,6.3,11.83,3.72,1,0.735,-3.39,1.98,3.015,1,5,0.1012,0.0975,0.0865,0.1049
115.626,1,0.809,-12.23,5.91,5,77.0,20.46,0.07,0.009,0.091,-0.007,-0.037,-0.641,-0.027,6.25,11.83,3.72,1,0.726,-4.85,-0.2,6.348,1,5,0.0975,0.0902,0.0773,0.0975
115.696,1,0.822,-12.48,5.58,5,76.7,20.57,0.07,0.0056,0.083,-0.007,-0.033,-0.638,-0.027,6.19,11.83,7.24,1,0.716,-7.27,-3.37,5.666,1,5,0.0902,0.0792,0.0718,0.0902
115.727,1,0.819,-12.23,5.45,5,76.9,20.46,0.07,0.0148,0.081,-0.007,0.014,-0.635,-0.027,6.19,11.83,7.24,1,0.725,-9.69,-10.97,4.112,1,5,0.0866,0.0757,0.0721,0.0884
115.762,1,0.811,-11.98,5.3,5,76.6,20.96,0.07,0.0139,0.078,-0.002,0.045,-0.632,-0.026,6.19,11.83,7.24,1,0.725,-9.69,-10.97,4.112,1,5,0.0826,0.0737,0.0719,0.0844
115.796,1,0.829,-11.73,5.88,5,76.7,20.57,0.07,0.0138,0.074,0.0,0.01,-0.629,-0.026,6.3,11.83,7.24,1,0.749,-9.69,-11.53,0.577,1,5,0.0754,0.0736,0.0754,0.0718
115.829,1,0.838,-11.73,5.84,5,76.3,20.57,0.07,0.0012,0.07,0.0,0.014,-0.628,-0.026,6.3,11.83,7.24,1,0.755,-8.72,-11.93,0.993,1,5,0.0699,0.0699,0.0699,0.0699
115.895,1,0.842,-11.48,5.57,5,76.3,20.57,0.07,0.0029,0.06,-0.006,0.029,-0.623,-0.026,6.42,11.83,8.29,1,0.76,-8.72,-11.93,0.996,1,5,0.0629,0.061,0.0555,0.074
115.96,1,0.801,-11.23,5.69,5,76.7,20.57,0.07,0.005,0.055,-0.003,0.03,-0.62,-0.026,6.53,11.83,8.29,1,0.754,-8.72,-12.08,0.526,1,5,0.0531,0.0568,0.0476,0.0623
115.997,1,0.8,-11.23,6.11,5,76.9,20.56,0.07,0.0004,0.052,-0.001,0.025,-0.618,-0.025,6.65,11.83,8.29,1,0.76,-8.24,-10.19,-0.0,1,5,0.0513,0.0568,0.044,0.055
116.063,1,0.812,-10.98,5.85,5,76.2,20.57,0.07,-0.0063,0.048,-0.001,-0.029,-0.615,-0.025,6.59,11.83,6.36,1,0.76,-8.24,-10.19,-0.0,1,5,0.046,0.0516,0.0424,0.0534
116.093,1,0.825,-10.98,5.74,5,75.8,20.57,0.07,-0.0045,0.047,-0.0,-0.029,-0.614,-0.025,6.53,11.83,6.36,1,0.759,-8.24,-10.19,-0.0,1,5,0.0441,0.0478,0.0459,0.0514
116.127,1,0.831,-10.98,5.64,5,75.9,20.57,0.07,-0.0021,0.049,-0.001,-0.033,-0.612,-0.025,6.47,11.83,6.36,1,0.758,-8.72,-9.45,-0.58,1,5,0.0496,0.0441,0.0514,0.0514
116.192,1,0.834,-10.98,5.71,5,75.5,20.96,0.07,-0.0001,0.051,-0.004,0.02,-0.609,-0.025,6.47,11.83,6.36,1,0.759,-8.72,-10.36,-2.847,1,5,0.0534,0.046,0.0478,0.0552
116.226,1,0.833,-10.73,5.63,5,75.2,21.02,0.07,-0.0011,0.051,-0.003,0.028,-0.607,-0.025,6.53,11.83,6.36,1,0.759,-8.72,-10.36,-2.847,1,5,0.0515,0.0515,0.0441,0.0551
116.261,1,0.834,-10.23,5.41,5,75.1,20.56,0.07,-0.0028,0.051,0.0,0.012,-0.605,-0.024,6.53,11.83,3.52,1,0.759,-8.72,-10.36,-2.847,1,5,0.048,0.0554,0.048,0.0536
116.295,1,0.826,-10.23,5.73,5,74.5,21.02,0.07,-0.0048,0.051,0.002,0.007,-0.604,-0.024,6.53,11.83,3.52,1,0.703,-3.39,-6.09,-4.991,1,5,0.0462,0.0572,0.0499,0.0517
116.326,1,0.858,-10.23,3.99,5,74.4,20.57,0.07,-0.0095,0.051,0.002,0.022,-0.602,-0.024,6.53,11.83,3.52,1,0.754,-1.94,2.44,0.111,1,5,0.0462,0.0573,0.0499,0.0518
116.362,1,0.842,-10.48,5.54,5,73.7,21.02,0.07,0.0213,0.049,-0.001,0.022,-0.6,-0.024,6.65,11.83,3.52,1,0.754,-1.94,2.44,0.111,1,5,0.0481,0.0518,0.0444,0.0536
116.396,1,0.849,-9.98,4.54,5,73.3,21.02,0.07,-0.0022,0.047,-0.004,0.046,-0.598,-0.024,6.7,11.83,3.52,1,0.742,-0.97,1.54,0.759,1,5,0.0481,0.0499,0.0425,0.0555
116.425,1,0.851,-9.98,4.06,5,72.9,21.02,0.07,0.0092,0.047,-0.003,0.039,-0.597,-0.024,6.76,11.83,3.52,1,0.735,0.97,6.31,0.366,1,5,0.0444,0.0481,0.0388,0.0555
116.459,1,0.843,-9.98,4.04,5,72.1,20.96,0.07,0.0178,0.046,-0.001,0.035,-0.596,-0.023,6.82,11.83,1.39,1,0.735,0.97,6.31,0.366,1,5,0.0426,0.05,0.0389,0.0518
116.495,1,0.839,-9.48,3.94,5,71.8,20.96,0.07,0.0187,0.046,-0.001,0.027,-0.595,-0.023,6.88,11.83,1.39,1,0.735,0.97,6.31,0.366,1,5,0.0444,0.0518,0.0389,0.05
116.564,1,0.828,-8.98,5.07,5,72.3,20.96,0.07,0.0152,0.049,0.0,0.022,-0.591,-0.023,6.93,11.83,1.39,1,0.761,5.82,17.65,0.0,0,5,0.0481,0.0537,0.0444,0.05
116.596,1,0.839,-8.98,4.2,5,72.2,20.44,0.07,-0.0103,0.052,0.0,0.01,-0.589,-0.022,6.93,11.83,1.39,1,0.759,6.79,16.62,4.656,1,5,0.0481,0.0537,0.05,0.0555
116.626,1,0.839,-8.49,3.99,5,72.1,20.56,0.07,0.0059,0.052,-0.0,-0.014,-0.588,-0.022,6.93,11.83,1.39,1,0.759,6.79,16.62,4.656,1,5,0.0481,0.0518,0.0518,0.0555
116.666,1,0.826,-8.24,5.46,5,72.0,21.11,0.07,0.0043,0.053,0.0,0.023,-0.585,-0.022,6.99,11.83,2.8,1,0.75,7.27,16.99,2.445,1,5,0.0481,0.0518,0.0555,0.0573
116.696,1,0.829,-7.74,5.57,5,71.6,21.46,0.07,-0.024,0.053,0.001,0.037,-0.584,-0.022,7.05,11.83,2.8,1,0.75,7.27,16.99,2.445,1,5,0.0481,0.0536,0.0555,0.0555
116.76,1,0.831,-6.99,5.63,5,71.7,21.1,0.07,-0.0302,0.059,0.0,-0.011,-0.58,-0.021,7.1,11.83,2.8,1,0.752,7.76,17.71,0.0,0,5,0.0551,0.0604,0.0568,0.0622
116.794,1,0.835,-6.99,5.56,5,72.1,20.96,0.07,-0.0392,0.059,0.001,-0.006,-0.579,-0.021,7.1,11.83,2.8,1,0.752,7.76,17.71,0.0,0,5,0.0565,0.0635,0.0565,0.06
116.829,1,0.826,-6.99,6.12,5,72.1,20.96,0.07,-0.0366,0.062,-0.001,-0.019,-0.576,-0.021,7.05,11.83,2.8,1,0.712,0.97,5.6,2.926,1,5,0.0654,0.0654,0.0563,0.0618
116.862,1,0.822,-6.99,6.02,5,72.1,20.96,0.07,-0.0458,0.06,-0.001,0.049,-0.574,-0.021,7.1,11.83,2.8,1,0.712,0.97,5.6,2.926,1,5,0.0639,0.062,0.0547,0.0584
116.894,1,0.818,-6.49,5.86,5,71.6,20.96,0.07,-0.0435,0.059,-0.0,0.072,-0.573,-0.02,7.16,11.84,7.55,1,0.724,-0.97,-0.42,1.752,1,5,0.0606,0.0588,0.0588,0.0588
116.927,1,0.835,-6.49,5.77,5,71.6,20.96,0.07,-0.0461,0.058,0.0,0.026,-0.57,-0.02,7.22,11.84,7.55,1,0.727,-2.91,-5.18,-1.757,1,5,0.0567,0.0585,0.0567,0.0585
116.964,1,0.842,-5.99,5.12,5,71.6,20.96,0.07,-0.0441,0.056,0.001,-0.011,-0.568,-0.02,7.22,11.84,7.55,1,0.742,-2.91,-6.15,-2.25,1,5,0.053,0.0567,0.0585,0.0567
116.995,1,0.85,-5.99,5.45,5,71.8,20.96,0.07,-0.0384,0.055,-0.0,-0.012,-0.566,-0.02,7.16,11.84,7.55,1,0.735,-2.42,-5.78,-2.418,1,5,0.0567,0.0549,0.0549,0.0549
117.063,1,0.851,-5.99,5.36,5,72.0,20.96,0.07,-0.0426,0.057,-0.0,-0.017,-0.562,-0.019,7.1,11.84,7.33,1,0.732,-2.42,-5.78,-2.455,1,5,0.0607,0.0534,0.0589,0.0534
117.095,1,0.856,-5.99,4.62,5,72.0,20.57,0.07,-0.0406,0.058,0.0,-0.029,-0.561,-0.019,7.1,11.84,7.33,1,0.734,-1.94,-7.34,-3.744,1,5,0.0589,0.0553,0.0608,0.0553
117.125,1,0.862,-5.99,4.87,5,72.1,20.57,0.07,-0.0273,0.058,0.0,-0.046,-0.559,-0.019,6.99,11.84,7.33,1,0.737,-2.42,-6.74,-2.954,1,5,0.059,0.0535,0.0627,0.0571
117.164,1,0.865,-5.99,4.75,5,71.8,20.96,0.07,-0.0316,0.059,0.0,-0.053,-0.557,-0.018,6.88,11.84,7.33,1,0.737,-2.42,-6.74,-2.954,1,5,0.0607,0.0533,0.0662,0.057
117.193,1,0.869,-5.99,4.27,5,72.3,20.96,0.07,-0.0293,0.06,-0.001,-0.016,-0.555,-0.018,6.88,11.84,7.33,1,0.739,-2.91,-5.98,-1.74,1,5,0.0644,0.0515,0.0662,0.057
117.263,1,0.866,-5.49,3.14,5,72.8,20.96,0.07,-0.0207,0.066,-0.003,-0.008,-0.55,-0.018,6.76,11.83,3.52,1,0.731,-2.91,-7.34,-2.945,1,5,0.0773,0.0644,0.0626,0.0607
117.29,1,0.863,-5.49,3.13,5,72.5,21.02,0.07,-0.0072,0.068,-0.003,0.023,-0.548,-0.018,6.76,11.83,3.52,1,0.706,-0.48,-8.02,-2.046,1,5,0.0773,0.0681,0.0626,0.0644
117.362,1,0.852,-4.99,4.25,5,72.8,21.02,0.07,-0.0061,0.065,0.0,-0.0,-0.543,-0.017,6.82,11.83,3.52,1,0.723,2.91,2.46,1.049,1,5,0.0608,0.0644,0.0663,0.0681
117.428,1,0.873,-4.74,5.24,5,72.9,20.56,0.07,-0.0308,0.06,0.001,0.0,-0.54,-0.016,6.88,11.83,3.52,1,0.708,6.79,9.56,-1.004,1,5,0.0624,0.0624,0.0606,0.0551
117.462,1,0.87,-4.49,4.22,5,73.0,20.96,0.07,-0.0509,0.061,0.002,-0.03,-0.537,-0.016,6.82,11.83,2.37,1,0.734,7.27,9.85,1.963,1,5,0.0643,0.0643,0.0625,0.0533
117.493,1,0.876,-4.49,4.18,5,72.9,20.96,0.07,-0.0355,0.062,0.001,-0.043,-0.536,-0.016,6.76,11.83,2.37,1,0.734,7.27,9.85,1.963,1,5,0.0643,0.0624,0.0643,0.0569
117.528,1,0.875,-4.49,4.25,5,73.2,20.96,0.07,-0.034,0.062,0.001,-0.055,-0.534,-0.016,6.7,11.83,2.37,1,0.734,6.79,10.56,1.351,1,5,0.0648,0.0592,0.0666,0.0555
117.593,1,0.875,-4.74,3.77,5,73.6,20.56,0.07,-0.0345,0.059,0.003,-0.088,-0.53,-0.015,6.36,11.83,2.37,1,0.725,6.79,9.72,-0.589,1,5,0.0629,0.05,0.074,0.0481
117.627,1,0.864,-4.99,3.04,5,73.9,20.96,0.07,-0.0228,0.061,0.002,-0.065,-0.528,-0.015,6.25,11.83,2.37,1,0.734,6.3,8.84,2.396,1,5,0.0685,0.05,0.0759,0.0481
117.694,1,0.872,-4.99,3.35,5,74.4,20.57,0.07,-0.0075,0.066,0.0,-0.025,-0.524,-0.014,6.02,11.83,4.02,1,0.729,5.82,7.52,-2.891,1,5,0.0758,0.0592,0.0721,0.0555
117.764,1,0.858,-4.99,2.34,5,74.7,20.96,0.07,-0.0131,0.07,0.003,-0.015,-0.519,-0.013,6.02,11.83,4.02,1,0.725,5.82,5.91,0.656,1,5,0.0681,0.0717,0.0735,0.0663
117.794,1,0.856,-4.99,2.33,5,74.8,20.96,0.07,0.0042,0.07,0.003,0.001,-0.517,-0.013,6.02,11.83,4.02,1,0.735,5.82,6.95,3.085,1,5,0.0662,0.0715,0.0733,0.068
117.832,1,0.849,-4.49,3.03,5,74.6,20.96,0.07,0.0044,0.068,0.001,-0.004,-0.515,-0.013,6.02,11.83,4.02,1,0.74,5.82,6.96,3.083,1,5,0.0662,0.068,0.0699,0.0662
117.859,1,0.849,-4.49,3.13,5,74.8,20.57,0.07,-0.0141,0.066,0.001,-0.003,-0.512,-0.013,5.96,11.82,4.31,1,0.74,5.82,6.96,3.083,1,5,0.0664,0.0646,0.0683,0.0627
117.893,1,0.858,-4.49,2.43,5,74.9,20.96,0.07,-0.0152,0.065,0.002,0.004,-0.511,-0.013,5.96,11.82,4.31,1,0.74,5.82,6.96,3.083,1,5,0.0666,0.0647,0.0684,0.0592
117.994,1,0.867,-4.49,3.3,5,74.4,20.57,0.07,-0.0023,0.063,-0.001,-0.053,-0.504,-0.012,5.9,11.82,4.31,1,0.705,2.91,2.5,2.968,1,5,0.0679,0.0624,0.0624,0.0605
118.024,1,0.864,-4.49,3.41,5,74.2,20.81,0.07,-0.0175,0.063,-0.002,-0.054,-0.502,-0.012,5.79,11.82,4.31,1,0.74,1.45,-4.16,-4.303,1,5,0.0715,0.0568,0.0642,0.0587
118.092,1,0.847,-3.74,1.33,5,74.3,20.56,0.07,-0.0193,0.066,-0.001,-0.016,-0.498,-0.011,5.73,11.82,6.77,1,0.743,1.45,-4.58,-3.155,1,5,0.0755,0.0626,0.0681,0.0589
118.193,1,0.854,-3.49,1.78,5,74.8,20.57,0.07,0.0094,0.07,0.002,-0.0,-0.491,-0.01,5.67,11.82,6.77,1,0.759,-1.45,-12.79,-4.611,1,5,0.0685,0.0704,0.0741,0.0685
118.227,1,0.843,-3.49,1.62,5,74.6,20.96,0.07,-0.001,0.069,0.002,0.019,-0.488,-0.01,5.73,11.82,6.77,1,0.712,1.94,-9.44,-5.03,1,5,0.0685,0.0722,0.0704,0.0667
118.261,1,0.846,-2.99,1.22,5,75.0,20.57,0.07,0.0021,0.066,0.0,0.005,-0.485,-0.01,5.79,11.8,2.81,1,0.762,3.88,-0.43,1.091,1,5,0.0629,0.0685,0.0648,0.0685
118.294,1,0.848,-2.99,1.88,5,75.3,20.57,0.07,0.0033,0.066,0.002,0.024,-0.484,-0.01,5.79,11.8,2.81,1,0.762,3.88,-0.43,1.091,1,5,0.061,0.0703,0.0647,0.0666
118.327,1,0.837,-2.99,1.51,5,75.6,20.57,0.07,-0.0075,0.064,0.003,0.013,-0.482,-0.009,5.79,11.8,2.81,1,0.754,4.85,-1.49,-2.108,1,5,0.0591,0.0702,0.0647,0.0628
118.394,1,0.832,-2.99,1.26,5,75.4,20.57,0.07,-0.0003,0.066,0.0,-0.011,-0.478,-0.009,5.79,11.8,2.81,1,0.761,7.27,5.26,-1.108,1,5,0.0665,0.0665,0.0665,0.0647
118.493,1,0.836,-2.99,0.82,5,74.9,20.96,0.07,0.0046,0.068,-0.001,0.0,-0.471,-0.008,5.61,11.8,1.24,1,0.769,7.27,5.14,0.472,1,5,0.0758,0.0647,0.0684,0.0629
118.523,1,0.837,-2.5,0.74,5,74.9,20.57,0.07,0.0124,0.07,-0.001,0.028,-0.468,-0.008,5.61,11.8,1.24,1,0.769,7.27,5.14,0.472,1,5,0.072,0.0683,0.0702,0.0702
118.592,1,0.823,-2.0,0.69,5,74.9,20.96,0.07,0.0084,0.076,0.006,0.003,-0.463,-0.007,5.67,11.8,1.24,1,0.763,7.76,4.64,-1.877,1,5,0.0685,0.0833,0.0814,0.0722
118.624,1,0.835,-2.0,0.84,5,75.1,20.57,0.07,0.0038,0.076,0.006,-0.004,-0.46,-0.007,5.67,11.8,1.24,1,0.759,8.24,4.17,-0.875,1,5,0.0704,0.0834,0.0815,0.0704
118.658,1,0.844,-1.75,0.78,5,75.1,20.56,0.07,0.0016,0.075,0.003,0.02,-0.457,-0.006,5.67,11.8,1.62,1,0.759,8.24,4.17,-0.875,1,5,0.0722,0.0797,0.0778,0.0722
118.689,1,0.84,-1.75,0.94,5,74.8,20.46,0.07,0.0004,0.074,0.0,0.003,-0.456,-0.006,5.67,11.8,1.62,1,0.759,8.24,4.17,-0.875,1,5,0.0722,0.0759,0.0722,0.0759
118.725,1,0.835,-1.75,0.99,5,74.8,20.46,0.07,-0.0019,0.073,-0.0,-0.01,-0.453,-0.006,5.67,11.8,1.62,1,0.759,8.24,4.17,-0.875,1,5,0.0721,0.074,0.0721,0.0758
118.764,1,0.844,-1.5,2.64,5,74.4,20.44,0.07,-0.0024,0.073,-0.001,-0.005,-0.45,-0.006,5.67,11.8,1.62,1,0.751,8.24,5.22,-1.87,1,5,0.0739,0.0721,0.0721,0.0739
118.795,1,0.848,-1.75,3.12,5,74.5,20.44,0.07,-0.0341,0.073,-0.001,-0.022,-0.449,-0.006,5.67,11.8,1.62,1,0.752,8.24,5.22,-1.87,1,5,0.0739,0.0721,0.0721,0.0739
118.861,1,0.845,-1.5,2.65,5,73.9,20.44,0.07,-0.0389,0.072,-0.006,-0.009,-0.443,-0.006,5.44,11.8,3.8,1,0.752,8.24,5.22,-1.87,1,5,0.0795,0.0647,0.0666,0.0758
118.898,1,0.841,-1.5,2.71,5,73.3,20.56,0.0775,-0.0337,0.074,-0.002,-0.003,-0.44,-0.005,5.5,11.78,3.8,1,0.742,7.76,4.37,1.178,1,5,0.0796,0.0648,0.0703,0.0759
118.929,1,0.849,-1.5,2.94,5,74.0,20.56,0.0917,-0.0345,0.075,0.0,-0.008,-0.438,-0.005,5.44,11.78,3.8,1,0.744,7.27,2.38,-4.48,1,5,0.074,0.0703,0.0795,0.0758
118.993,1,0.85,-1.5,2.98,5,73.6,20.56,0.1081,-0.0382,0.076,0.003,-0.022,-0.434,-0.004,5.39,11.78,3.8,1,0.744,7.27,2.33,-4.476,1,5,0.074,0.074,0.0833,0.0722
119.025,1,0.853,-1.5,2.85,5,73.7,20.56,0.1138,-0.0409,0.077,0.001,-0.021,-0.43,-0.004,5.39,11.78,3.8,1,0.754,7.27,2.7,-4.248,1,5,0.0796,0.074,0.0833,0.0722
119.094,1,0.853,-1.25,2.73,5,74.1,20.46,0.1074,-0.0363,0.089,0.002,0.002,-0.425,-0.003,5.33,11.78,3.04,1,0.761,7.27,2.28,-4.502,1,5,0.0926,0.087,0.0944,0.0815
119.127,1,0.856,-1.5,3.08,5,74.6,20.56,0.1075,-0.0373,0.098,0.0,-0.055,-0.421,-0.003,5.27,11.78,3.04,1,0.761,7.27,2.28,-4.502,1,5,0.1073,0.098,0.0999,0.0888
119.192,1,0.856,-1.5,2.3,5,74.5,20.0,0.1283,-0.049,0.107,-0.004,-0.026,-0.414,-0.003,4.98,11.78,3.04,1,0.74,6.79,0.68,-3.623,1,5,0.1221,0.0999,0.1073,0.0999
119.221,1,0.846,-1.25,1.94,5,74.7,20.0,0.1292,-0.0334,0.112,-0.0,0.009,-0.409,-0.002,4.98,11.78,3.04,1,0.743,6.79,0.69,-3.633,1,5,0.1185,0.1055,0.1185,0.1074
119.292,1,0.844,-1.25,2.33,5,74.4,20.2,0.1292,-0.0289,0.119,0.004,-0.026,-0.402,-0.001,4.93,11.76,0.78,1,0.743,6.79,0.69,-3.633,1,5,0.1167,0.1167,0.1296,0.1148
119.322,1,0.838,-1.0,2.02,5,74.2,20.57,0.1175,-0.0329,0.122,0.003,0.006,-0.397,-0.001,4.93,11.76,0.78,1,0.698,10.18,0.6,-5.323,1,5,0.1221,0.1221,0.1277,0.1166
119.392,1,0.818,-1.0,1.16,5,74.6,20.57,0.0869,-0.0269,0.129,-0.002,0.015,-0.389,-0.001,4.81,11.76,0.78,1,0.738,10.66,9.48,-2.476,1,5,0.1406,0.1276,0.1276,0.1221
119.422,1,0.816,-1.25,1.23,5,74.7,20.46,0.0869,-0.0118,0.131,-0.004,-0.042,-0.384,-0.0,4.7,11.76,0.78,1,0.747,10.66,8.29,-4.651,1,5,0.1406,0.1221,0.1332,0.1295
119.496,1,0.833,-1.25,2.14,5,74.6,20.0,0.0869,-0.0099,0.117,-0.001,-0.033,-0.375,0.001,4.7,11.76,-0.77,1,0.723,13.57,11.26,-2.062,1,5,0.1093,0.1093,0.1222,0.1259
119.522,1,0.843,-1.25,1.96,5,74.6,20.0,0.0869,-0.0258,0.112,-0.001,0.024,-0.373,0.001,4.7,11.76,-0.77,1,0.723,13.57,11.26,-2.062,1,5,0.1056,0.1074,0.1148,0.1204
119.596,1,0.804,-1.75,1.06,5,74.6,20.46,0.0869,-0.0228,0.1,-0.006,-0.008,-0.365,0.001,4.7,11.76,-0.77,1,0.771,14.54,15.25,-0.159,1,5,0.1129,0.0981,0.0888,0.0999
119.622,1,0.81,-1.75,0.92,5,75.6,20.46,0.0869,-0.0009,0.098,-0.006,-0.045,-0.363,0.001,4.64,11.76,-0.77,1,0.771,14.54,15.25,-0.159,1,5,0.1128,0.0962,0.0869,0.0962
119.692,1,0.827,-1.25,0.85,5,75.6,20.04,0.0869,0.0004,0.094,-0.002,-0.002,-0.357,0.001,4.7,11.76,-0.22,1,0.771,14.54,15.25,-0.159,1,5,0.0926,0.0889,0.0964,0.1001
119.729,1,0.811,-1.25,0.8,5,75.7,20.04,0.0869,-0.0046,0.092,0.001,-0.018,-0.354,0.002,4.7,11.76,-0.22,1,0.736,11.15,17.56,0.0,0,5,0.0834,0.0927,0.0927,0.0983
119.794,1,0.827,-1.25,0.96,5,75.4,20.04,0.0869,-0.0032,0.087,0.0,0.007,-0.349,0.002,4.76,11.76,-0.22,1,0.341,18.03,17.59,0.0,0,4,0.0848,0.0922,0.0812,0.0885
119.892,1,0.827,-0.75,0.8,5,75.1,20.04,0.0869,-0.0057,0.081,-0.001,-0.034,-0.341,0.003,4.76,11.75,1.22,1,0.336,14.42,8.39,-2.665,1,4,0.0869,0.0814,0.0795,0.0777
119.925,1,0.834,-0.75,0.88,5,75.1,20.04,0.0756,-0.0091,0.084,-0.003,-0.021,-0.337,0.003,4.7,11.75,1.22,1,0.756,9.69,10.58,-5.783,1,5,0.0906,0.0814,0.0814,0.0832
119.992,1,0.824,-0.75,1.11,5,74.7,20.04,0.0754,-0.0094,0.083,0.0,0.03,-0.332,0.003,4.76,11.75,1.22,1,0.771,11.63,9.61,-2.945,1,5,0.077,0.0788,0.0862,0.088
120.021,1,0.82,-0.25,0.85,5,74.1,20.46,0.0754,-0.0132,0.079,0.001,-0.004,-0.329,0.004,4.76,11.75,1.22,1,0.759,12.6,9.54,-0.908,1,5,0.0714,0.0769,0.0842,0.0842
120.056,1,0.825,-0.25,0.91,5,74.1,20.46,0.0754,-0.0143,0.078,0.003,-0.028,-0.326,0.004,4.76,11.75,1.22,1,0.759,12.6,9.54,-0.908,1,5,0.0732,0.0787,0.0824,0.0806
120.094,1,0.826,-0.25,0.96,5,74.0,20.46,0.0754,-0.0147,0.077,0.001,0.013,-0.325,0.004,4.76,11.75,1.78,1,0.759,12.6,9.54,-0.908,1,5,0.0754,0.081,0.0754,0.0754
120.121,1,0.826,-0.25,1.37,5,74.0,20.46,0.0754,-0.0155,0.074,0.002,-0.016,-0.322,0.004,4.7,11.75,1.78,1,0.774,12.6,10.54,-0.384,1,5,0.0718,0.0773,0.0736,0.0718
120.192,1,0.83,0.0,2.0,5,73.2,19.59,0.0754,-0.022,0.069,0.002,0.023,-0.318,0.005,4.76,11.75,1.78,1,0.774,12.6,10.54,-0.384,1,5,0.0697,0.0715,0.0715,0.0642
120.224,1,0.825,0.0,1.97,5,72.8,19.97,0.0754,-0.0362,0.071,0.002,-0.028,-0.314,0.005,4.7,11.75,1.78,1,0.738,10.18,11.56,-3.96,1,5,0.0779,0.0725,0.0725,0.0598
120.257,1,0.823,-0.25,2.13,5,73.0,20.0,0.0754,-0.0351,0.073,-0.001,-0.041,-0.311,0.005,4.64,11.73,3.64,1,0.333,15.02,9.67,1.459,1,4,0.0803,0.073,0.0712,0.0675
120.293,1,0.817,-0.25,1.87,5,73.0,20.0,0.0754,-0.0347,0.075,-0.003,-0.035,-0.31,0.005,4.58,11.73,3.64,1,0.333,15.02,9.67,1.459,1,4,0.0819,0.0709,0.0728,0.0746
120.325,1,0.809,0.25,0.67,5,73.4,20.04,0.0754,-0.0303,0.075,-0.003,-0.006,-0.307,0.006,4.58,11.73,3.64,1,0.727,6.79,2.14,-4.257,1,5,0.0774,0.0663,0.0774,0.0774
120.393,1,0.802,0.25,1.15,5,73.8,20.04,0.07,-0.015,0.072,0.002,-0.022,-0.303,0.006,4.53,11.73,3.64,1,0.756,5.82,-2.2,-7.398,1,5,0.0721,0.0666,0.0814,0.0666
120.421,1,0.791,0.25,1.14,5,73.5,20.46,0.07,-0.0232,0.073,0.002,-0.025,-0.3,0.006,4.53,11.73,3.64,1,0.761,5.82,-1.98,-5.547,1,5,0.0721,0.0721,0.0777,0.0684
120.456,1,0.791,0.25,0.8,5,73.2,20.04,0.07,-0.0226,0.072,0.0,-0.005,-0.298,0.006,4.47,11.73,3.64,1,0.761,5.82,-1.98,-5.547,1,5,0.074,0.0703,0.074,0.0703
120.525,1,0.815,0.25,1.49,5,72.8,19.45,0.07,-0.0164,0.069,0.002,-0.044,-0.293,0.007,4.35,11.73,1.45,1,0.761,5.82,-1.98,-5.547,1,5,0.0666,0.0685,0.074,0.0666
120.593,1,0.808,0.0,1.43,5,72.4,19.97,0.07,-0.0283,0.068,0.004,-0.042,-0.289,0.008,4.3,11.73,1.45,1,0.74,7.27,-1.5,-6.367,1,5,0.0722,0.0685,0.074,0.0555
120.62,1,0.781,-0.5,0.48,5,72.3,19.97,0.07,-0.0241,0.07,-0.001,-0.088,-0.286,0.008,4.13,11.73,1.45,1,0.326,15.02,9.67,1.628,1,4,0.0851,0.0666,0.0703,0.0573
120.658,1,0.788,-0.75,0.63,5,72.7,20.04,0.07,-0.002,0.074,-0.004,-0.059,-0.283,0.008,4.01,11.73,-1.19,1,0.326,15.02,9.67,1.628,1,4,0.0887,0.0665,0.0739,0.0665
120.696,1,0.798,-1.0,0.46,5,72.8,20.0,0.07,-0.0024,0.073,-0.0,-0.052,-0.28,0.008,3.9,11.73,-1.19,1,0.332,13.82,5.85,-3.434,1,4,0.0813,0.0628,0.0832,0.0665
120.726,1,0.822,-1.0,0.58,5,73.0,20.0,0.07,0.0028,0.073,0.002,-0.056,-0.279,0.008,3.84,11.73,-1.19,1,0.701,11.15,11.64,-4.283,1,5,0.0758,0.0628,0.0869,0.0665
120.826,1,0.808,-1.0,-0.2,5,73.8,20.0,0.07,-0.0005,0.069,0.004,-0.045,-0.272,0.009,3.61,11.73,-1.19,1,0.713,14.06,11.2,-1.243,1,5,0.0703,0.0703,0.0758,0.0592
120.894,1,0.816,-1.25,-0.4,5,73.7,20.04,0.07,0.0129,0.07,0.002,-0.02,-0.268,0.009,3.5,11.71,-1.19,1,0.339,15.62,9.58,-3.064,1,4,0.0721,0.0721,0.0721,0.0629
120.925,1,0.811,-1.25,0.05,5,73.9,20.04,0.07,0.0194,0.069,0.0,-0.026,-0.265,0.01,3.5,11.71,-1.19,1,0.339,15.62,9.58,-3.064,1,4,0.0721,0.0666,0.0721,0.0666
121.025,1,0.801,-1.75,-0.09,5,74.2,20.04,0.07,0.0106,0.074,0.001,0.035,-0.257,0.01,3.32,11.71,-1.19,1,0.338,14.42,11.01,2.08,1,4,0.087,0.0777,0.0722,0.0592
121.125,1,0.811,-1.75,-0.54,5,74.2,20.04,0.07,0.0184,0.077,0.003,-0.018,-0.25,0.011,3.09,11.71,-1.38,1,0.333,14.42,7.8,-5.493,1,4,0.0759,0.0666,0.0926,0.0722
121.227,1,0.816,-2.0,-0.05,5,74.3,19.97,0.07,0.0253,0.077,0.004,-0.035,-0.242,0.012,2.86,11.71,-1.38,1,0.753,9.21,8.28,-6.717,1,5,0.0759,0.0778,0.0852,0.0703
121.324,1,0.781,-2.75,0.26,5,74.6,20.0,0.07,0.0194,0.079,-0.001,0.017,-0.234,0.012,2.69,11.72,-1.78,1,0.333,12.62,7.62,-1.844,1,4,0.087,0.0796,0.0759,0.0722
121.389,1,0.783,-2.5,-0.33,5,74.9,20.04,0.07,0.0221,0.081,0.004,-0.017,-0.229,0.012,2.75,11.72,-1.78,1,0.331,12.62,6.26,0.47,1,4,0.0851,0.0833,0.087,0.0703
121.424,1,0.779,-2.5,-0.33,5,75.0,20.04,0.07,0.0288,0.082,0.004,-0.035,-0.226,0.013,2.69,11.72,-1.78,1,0.331,12.62,6.26,0.47,1,4,0.0796,0.0778,0.0944,0.0759
121.455,1,0.79,-2.5,-0.84,5,75.3,20.04,0.07,0.0286,0.078,0.002,-0.018,-0.223,0.013,2.64,11.72,-1.78,1,0.332,12.62,6.25,0.484,1,4,0.0759,0.0741,0.0944,0.0759
121.524,1,0.798,-2.25,-1.16,5,75.3,20.56,0.07,0.0373,0.073,0.002,-0.013,-0.219,0.013,2.58,11.72,-1.78,1,0.333,12.02,5.46,-5.609,1,4,0.0722,0.0722,0.0778,0.0703
121.624,1,0.822,-2.5,0.12,5,74.3,19.97,0.07,0.0402,0.072,0.001,-0.016,-0.211,0.014,2.58,11.72,-1.78,1,0.334,12.62,6.25,0.494,1,4,0.0703,0.0814,0.0647,0.0703
121.656,1,0.811,-2.75,-0.45,5,74.4,20.56,0.07,0.0209,0.068,-0.002,0.007,-0.209,0.014,2.58,11.72,-1.78,1,0.748,7.27,8.14,-5.609,1,5,0.0703,0.0777,0.0592,0.0703
121.724,1,0.821,-2.75,-0.57,5,74.8,20.56,0.07,0.0333,0.073,-0.004,0.048,-0.204,0.014,2.75,11.72,-2.29,1,0.74,11.15,6.8,-1.56,1,5,0.0717,0.0735,0.0643,0.0809
121.753,1,0.817,-2.25,-0.98,5,74.5,20.46,0.07,0.0352,0.074,-0.002,0.081,-0.202,0.014,2.81,11.72,-2.29,1,0.74,11.15,6.8,-1.56,1,5,0.0699,0.0735,0.0717,0.0827
121.823,1,0.814,-1.75,-0.55,5,74.4,20.2,0.07,0.0365,0.071,-0.001,0.048,-0.198,0.014,3.04,11.72,-2.29,1,0.328,13.82,3.89,-3.742,1,4,0.0602,0.0693,0.0711,0.0839
121.853,1,0.816,-1.5,-0.29,5,74.8,20.57,0.07,0.0231,0.07,-0.001,0.036,-0.195,0.014,3.09,11.72,-2.29,1,0.715,8.24,7.65,0.0,0,5,0.0624,0.0734,0.0642,0.0789
121.923,1,0.817,-1.25,-0.29,5,75.2,20.56,0.07,0.0169,0.071,-0.001,0.034,-0.19,0.014,3.21,11.75,-1.97,1,0.715,8.24,7.65,0.0,0,5,0.0648,0.0759,0.0648,0.0796
121.954,1,0.805,-1.25,-0.27,5,75.2,20.46,0.07,0.0143,0.071,-0.001,0.034,-0.19,0.014,3.21,11.75,-1.97,1,0.752,12.6,7.82,-3.332,1,5,0.0648,0.0759,0.0648,0.0796
121.99,1,0.806,-1.25,-0.31,5,75.9,20.46,0.07,0.0147,0.067,-0.004,0.048,-0.186,0.014,3.27,11.75,-1.97,1,0.752,12.6,7.82,-3.332,1,5,0.0648,0.0703,0.0555,0.0759
122.021,1,0.818,-1.0,-0.35,5,75.2,20.57,0.07,0.0157,0.064,-0.003,0.032,-0.185,0.014,3.32,11.75,-1.97,1,0.752,12.6,7.82,-3.332,1,5,0.0629,0.0703,0.0518,0.0722
122.055,1,0.83,-1.25,0.36,5,75.2,20.56,0.07,0.0137,0.063,-0.005,0.013,-0.182,0.014,3.38,11.75,-1.97,1,0.747,11.15,9.43,-7.334,1,5,0.0629,0.0685,0.0481,0.0722
122.123,1,0.824,-1.25,0.08,5,75.4,20.56,0.07,0.0048,0.065,-0.003,0.11,-0.177,0.014,3.55,11.75,-0.91,1,0.747,11.15,9.43,-7.334,1,5,0.0667,0.0704,0.0537,0.0704
122.157,1,0.823,-0.75,0.02,5,75.5,20.56,0.07,0.0098,0.065,-0.002,0.099,-0.176,0.014,3.67,11.75,-0.91,1,0.339,16.23,7.85,0.192,1,4,0.0666,0.0685,0.0574,0.0685
122.22,1,0.827,-0.75,0.29,5,75.8,20.56,0.07,0.0052,0.066,-0.003,0.015,-0.172,0.014,3.78,11.75,-0.91,1,0.34,16.23,10.55,-4.178,1,4,0.0629,0.0666,0.0592,0.074
122.253,1,0.831,-0.75,0.27,5,76.1,20.56,0.07,0.001,0.066,-0.003,0.015,-0.17,0.014,3.78,11.75,-0.91,1,0.34,16.23,10.55,-4.178,1,4,0.061,0.0666,0.0592,0.0777
122.327,1,0.819,-0.25,0.54,5,75.7,20.56,0.07,0.0017,0.063,-0.002,0.03,-0.165,0.014,4.01,11.76,-0.91,1,0.788,14.54,13.12,-2.454,1,5,0.0553,0.0664,0.0553,0.0737
122.357,1,0.814,0.0,0.75,5,75.6,20.96,0.07,-0.0092,0.063,-0.001,0.05,-0.163,0.015,4.13,11.76,-0.91,1,0.788,14.54,13.12,-2.454,1,5,0.0548,0.0695,0.053,0.0731
122.421,1,0.814,0.5,0.77,5,75.3,20.96,0.07,-0.0146,0.064,-0.003,0.071,-0.159,0.015,4.3,11.76,-0.91,1,0.796,15.03,13.16,-2.911,1,5,0.0569,0.0716,0.0496,0.0771
122.523,1,0.8,0.5,1.55,5,76.2,20.57,0.07,-0.0194,0.068,-0.006,0.022,-0.152,0.015,4.64,11.76,0.51,1,0.783,15.03,14.56,-1.861,1,5,0.0663,0.0755,0.0479,0.081
122.556,1,0.797,0.5,1.46,5,77.0,20.96,0.07,-0.0324,0.07,-0.009,0.004,-0.149,0.014,4.64,11.76,0.51,1,0.344,19.83,15.82,-3.667,1,4,0.07,0.0737,0.0497,0.0792
122.622,1,0.825,0.75,2.19,5,76.9,20.46,0.07,-0.0305,0.075,-0.01,-0.001,-0.145,0.014,4.64,11.76,0.51,1,0.771,16.48,16.11,-2.466,1,5,0.085,0.0665,0.0628,0.085
122.657,1,0.829,0.75,2.1,5,76.2,20.46,0.07,-0.0462,0.074,-0.005,0.052,-0.142,0.014,4.7,11.76,0.51,1,0.782,15.99,15.39,-0.687,1,5,0.0813,0.0702,0.0665,0.085
122.721,1,0.795,0.75,1.3,5,76.3,21.1,0.07,-0.0439,0.069,-0.005,0.031,-0.138,0.014,4.81,11.76,2.24,1,0.788,14.54,10.78,1.419,1,5,0.0685,0.0648,0.0629,0.0778
122.757,1,0.83,0.5,2.38,5,75.8,20.56,0.07,-0.0298,0.067,-0.008,-0.01,-0.135,0.014,4.81,11.76,2.24,1,0.736,9.69,12.53,-3.216,1,5,0.0713,0.0606,0.0571,0.0785
122.788,1,0.833,0.0,2.83,5,76.2,20.57,0.07,-0.0455,0.069,-0.009,-0.016,-0.134,0.014,4.81,11.76,2.24,1,0.704,9.21,9.73,0.856,1,5,0.0731,0.0606,0.0588,0.082
122.824,1,0.835,-0.25,2.61,5,76.4,20.46,0.07,-0.0472,0.071,-0.008,-0.016,-0.129,0.014,4.76,11.76,2.24,1,0.704,9.21,9.73,0.856,1,5,0.0781,0.0604,0.0639,0.0799
122.855,1,0.814,-0.75,1.61,5,76.4,20.56,0.07,-0.041,0.071,-0.008,-0.016,-0.129,0.014,4.76,11.76,2.24,1,0.748,8.72,0.78,-3.159,1,5,0.0788,0.0605,0.066,0.0806
122.889,1,0.809,-1.5,1.93,5,76.0,20.57,0.07,-0.0186,0.072,-0.008,-0.013,-0.127,0.014,4.7,11.77,5.57,1,0.707,5.82,2.49,-0.467,1,5,0.083,0.0627,0.0664,0.0774
122.922,1,0.806,-2.0,2.04,5,76.1,20.57,0.07,-0.0153,0.075,-0.009,-0.025,-0.123,0.014,4.7,11.77,5.57,1,0.707,5.82,2.49,-0.467,1,5,0.0887,0.0647,0.0684,0.0795
122.957,1,0.814,-2.0,1.37,5,75.7,21.1,0.07,-0.0131,0.079,-0.014,-0.057,-0.12,0.013,4.58,11.77,5.57,1,0.727,1.94,-8.75,-5.892,1,5,0.0997,0.0628,0.0665,0.0868
123.021,1,0.815,-2.75,1.09,5,76.4,20.56,0.07,-0.0037,0.084,-0.017,0.001,-0.115,0.013,4.53,11.77,5.57,1,0.733,0.97,-8.17,-7.617,1,5,0.1014,0.0682,0.0663,0.0995
123.055,1,0.827,-2.99,1.42,5,76.0,20.57,0.07,0.0097,0.085,-0.015,0.018,-0.113,0.013,4.53,11.77,5.57,1,0.732,0.97,-8.29,-4.743,1,5,0.0976,0.07,0.07,0.1013
123.089,1,0.841,-3.24,2.43,5,75.7,21.02,0.07,0.0055,0.085,-0.008,0.012,-0.11,0.013,4.58,11.77,2.27,1,0.732,0.0,-7.77,-6.49,1,5,0.0865,0.0755,0.0773,0.0994
123.118,1,0.842,-3.24,2.53,5,76.2,20.46,0.07,-0.0096,0.078,-0.007,0.037,-0.107,0.013,4.7,11.77,2.27,1,0.732,0.0,-7.77,-6.49,1,5,0.0776,0.0739,0.0665,0.0924
123.156,1,0.845,-3.24,2.44,5,76.1,20.46,0.07,-0.0127,0.071,-0.006,0.025,-0.104,0.013,4.76,11.77,2.27,1,0.732,0.0,-7.77,-6.49,1,5,0.0757,0.0739,0.061,0.0887
123.186,1,0.847,-2.99,2.19,5,76.0,20.96,0.07,-0.0119,0.069,-0.007,0.029,-0.103,0.013,4.81,11.77,2.27,1,0.316,8.41,1.53,2.008,1,4,0.0721,0.0684,0.0555,0.0795
123.222,1,0.855,-2.99,2.29,5,75.7,20.96,0.07,-0.011,0.069,-0.005,-0.015,-0.1,0.013,4.76,11.77,2.27,1,0.316,8.41,1.53,2.008,1,4,0.0721,0.0666,0.0629,0.0758
123.252,1,0.861,-3.24,2.64,5,75.9,20.46,0.07,-0.0128,0.07,-0.004,-0.02,-0.098,0.013,4.76,11.77,2.27,1,0.33,13.22,14.74,0.0,0,4,0.0722,0.0648,0.0666,0.0759
123.323,1,0.85,-3.24,2.38,5,75.8,20.46,0.07,-0.0162,0.072,-0.005,-0.019,-0.093,0.013,4.7,11.77,0.78,1,0.33,13.22,14.74,0.0,0,4,0.0759,0.0629,0.0722,0.0778
123.387,1,0.813,-3.24,1.35,5,76.5,20.56,0.07,-0.0122,0.073,-0.006,-0.01,-0.088,0.013,4.64,11.77,0.78,1,0.792,10.66,11.47,2.086,1,5,0.0796,0.0592,0.0759,0.0777
123.425,1,0.79,-3.74,2.25,5,76.4,21.1,0.07,0.0058,0.073,-0.006,-0.008,-0.084,0.013,4.47,11.77,0.78,1,0.783,9.69,10.56,0.816,1,5,0.0815,0.0648,0.0704,0.0759
123.455,1,0.792,-3.49,1.91,5,76.2,21.1,0.07,-0.0037,0.073,-0.006,-0.008,-0.084,0.013,4.47,11.77,0.78,1,0.783,9.69,10.56,0.816,1,5,0.0815,0.0648,0.0704,0.0759
123.488,1,0.815,-3.49,2.21,5,76.2,20.57,0.07,-0.0015,0.076,-0.003,0.049,-0.081,0.013,4.53,11.77,1.45,1,0.792,9.69,9.83,-1.606,1,5,0.0833,0.074,0.0722,0.074
123.525,1,0.8,-3.49,2.43,5,76.3,21.1,0.07,-0.0068,0.075,0.0,0.022,-0.076,0.014,4.64,11.77,1.45,1,0.353,11.42,12.34,-4.692,1,4,0.0759,0.0777,0.0722,0.074
123.556,1,0.801,-3.49,2.2,5,75.5,20.57,0.07,-0.0106,0.075,0.0,0.022,-0.076,0.014,4.64,11.77,1.45,1,0.353,11.42,12.34,-4.692,1,4,0.0759,0.0777,0.0722,0.074
123.621,1,0.805,-3.24,2.57,5,75.6,21.1,0.07,-0.0068,0.074,-0.006,0.005,-0.07,0.014,4.7,11.77,1.45,1,0.776,7.27,11.81,-6.966,1,5,0.0795,0.0684,0.0684,0.0814
123.652,1,0.81,-3.24,2.77,5,76.1,20.56,0.07,-0.0163,0.074,-0.005,-0.006,-0.069,0.014,4.7,11.77,1.45,1,0.765,5.33,13.46,-7.277,1,5,0.0759,0.0685,0.0703,0.0814
123.686,1,0.816,-2.99,2.37,5,75.5,20.57,0.07,-0.0196,0.074,-0.004,0.019,-0.066,0.014,4.7,11.77,2.69,1,0.765,5.33,13.46,-7.277,1,5,0.0718,0.07,0.07,0.0829
123.721,1,0.828,-2.75,2.15,5,75.2,20.56,0.07,-0.0157,0.075,-0.003,0.003,-0.063,0.014,4.7,11.77,2.69,1,0.765,5.33,13.46,-7.277,1,5,0.0738,0.0719,0.0719,0.0811
123.754,1,0.83,-2.75,1.99,5,75.1,20.56,0.07,-0.0142,0.075,-0.003,-0.002,-0.061,0.014,4.7,11.77,2.69,1,0.752,4.85,14.87,-5.646,1,5,0.0756,0.0737,0.07,0.0811
123.822,1,0.818,-2.5,1.55,5,74.9,20.57,0.07,-0.0108,0.07,-0.003,-0.022,-0.056,0.014,4.7,11.77,2.69,1,0.765,5.82,14.16,-6.517,1,5,0.0759,0.0685,0.0666,0.0703
123.856,1,0.824,-2.5,1.34,5,74.7,21.1,0.07,-0.0059,0.068,0.003,0.003,-0.053,0.015,4.64,11.77,2.69,1,0.812,8.72,12.37,-6.552,1,5,0.0722,0.0667,0.0704,0.0648
123.891,1,0.825,-2.5,1.33,5,74.4,21.1,0.07,-0.0018,0.068,0.006,0.026,-0.052,0.015,4.7,11.76,1.45,1,0.83,8.72,12.27,-4.448,1,5,0.0666,0.0685,0.0778,0.0574
123.921,1,0.827,-2.5,1.38,5,74.4,20.96,0.07,-0.0014,0.065,0.005,-0.014,-0.049,0.015,4.64,11.76,1.45,1,0.848,8.72,12.13,-5.917,1,5,0.0644,0.0644,0.0755,0.0571
123.958,1,0.825,-2.25,1.01,5,74.3,20.56,0.07,-0.002,0.066,0.001,-0.015,-0.047,0.015,4.64,11.76,1.45,1,0.847,8.24,12.35,-6.432,1,5,0.0662,0.0644,0.0699,0.0644
124.022,1,0.83,-2.25,0.1,5,73.8,20.56,0.07,0.0018,0.069,-0.0,-0.011,-0.042,0.016,4.58,11.76,1.45,1,0.847,8.24,12.3,-6.417,1,5,0.0684,0.0665,0.0702,0.0702
124.051,1,0.827,-2.25,0.15,5,73.5,20.56,0.07,0.0179,0.069,-0.002,0.009,-0.041,0.016,4.58,11.76,1.45,1,0.844,8.24,12.35,-6.415,1,5,0.0702,0.0665,0.0684,0.0721
124.089,1,0.819,-2.0,-0.37,5,72.6,20.57,0.07,0.0172,0.07,0.0,0.0,-0.038,0.016,4.58,11.76,-0.04,1,0.844,8.24,12.35,-6.415,1,5,0.0703,0.0684,0.0721,0.0703
124.122,1,0.82,-2.0,0.77,5,72.1,20.96,0.07,0.0232,0.071,-0.0,-0.004,-0.035,0.016,4.58,11.76,-0.04,1,0.841,9.69,12.97,-3.426,1,5,0.0702,0.0684,0.0721,0.0721
124.153,1,0.825,-2.0,0.77,5,71.9,20.0,0.07,0.0038,0.07,0.0,-0.009,-0.034,0.016,4.58,11.76,-0.04,1,0.835,11.15,10.95,-3.26,1,5,0.0702,0.0684,0.0721,0.0702
124.221,1,0.798,-1.75,-0.3,5,71.7,20.0,0.07,0.0042,0.068,-0.002,-0.004,-0.028,0.017,4.53,11.76,-0.04,1,0.839,13.57,15.83,-1.758,1,5,0.0719,0.0664,0.0645,0.07
124.257,1,0.807,-1.75,0.07,5,71.7,20.46,0.07,0.0198,0.07,-0.001,0.035,-0.027,0.017,4.58,11.76,-0.04,1,0.826,12.12,16.66,-2.241,1,5,0.073,0.073,0.0658,0.0694
124.29,1,0.8,-1.75,0.02,5,71.3,20.0,0.07,0.0137,0.071,0.001,0.009,-0.024,0.017,4.58,11.76,-0.45,1,0.366,17.43,15.26,-0.334,1,4,0.0714,0.0731,0.0714,0.0678
124.318,1,0.801,-1.75,1.38,5,70.9,20.0,0.07,0.0148,0.072,0.0,0.002,-0.021,0.017,4.58,11.76,-0.45,1,0.365,17.43,15.26,-0.333,1,4,0.0737,0.0718,0.0718,0.07
124.357,1,0.781,-1.5,1.54,5,70.3,20.56,0.07,-0.0087,0.068,-0.004,-0.009,-0.018,0.017,4.58,11.76,-0.45,1,0.365,17.43,15.26,-0.333,1,4,0.0748,0.0675,0.0675,0.0693
124.384,1,0.793,-1.5,1.1,5,70.8,19.59,0.07,-0.0146,0.068,-0.005,-0.014,-0.017,0.017,4.53,11.76,-0.45,1,0.78,9.69,16.74,-5.884,1,5,0.073,0.0621,0.0657,0.073
124.421,1,0.787,-1.5,1.28,5,70.9,18.98,0.07,-0.0064,0.067,-0.002,0.003,-0.014,0.017,4.58,11.76,-0.45,1,0.78,9.69,16.74,-5.884,1,5,0.0673,0.0637,0.0673,0.0709
124.452,1,0.778,-1.25,1.25,5,71.1,19.59,0.07,-0.0093,0.067,-0.001,-0.007,-0.013,0.018,4.53,11.76,-0.45,1,0.781,15.51,15.34,3.029,1,5,0.0661,0.0642,0.0679,0.0698
124.485,1,0.781,-1.25,1.2,5,70.9,19.59,0.07,-0.0116,0.066,0.0,0.003,-0.01,0.018,4.53,11.76,1.08,1,0.781,15.51,15.34,3.029,1,5,0.066,0.066,0.066,0.066
124.522,1,0.778,-1.25,1.25,5,70.9,20.46,0.07,-0.0106,0.065,0.0,-0.009,-0.008,0.018,4.53,11.76,1.08,1,0.781,15.51,15.34,3.029,1,5,0.0661,0.0642,0.0661,0.0642
124.554,1,0.78,-1.25,1.88,5,70.7,19.59,0.07,-0.0112,0.065,0.0,-0.02,-0.006,0.018,4.53,11.76,1.08,1,0.359,17.43,16.01,-1.055,1,4,0.066,0.0623,0.0678,0.0642
124.585,1,0.787,-1.25,2.06,5,70.6,19.27,0.07,-0.0219,0.064,0.001,-0.07,-0.004,0.018,4.35,11.76,1.08,1,0.747,8.72,14.95,1.482,1,5,0.0642,0.0605,0.0697,0.0624
124.621,1,0.786,-1.75,2.13,5,70.9,19.59,0.07,-0.025,0.062,0.002,0.007,-0.001,0.019,4.3,11.76,1.08,1,0.747,8.72,14.95,1.482,1,5,0.0683,0.0572,0.0702,0.0517
124.655,1,0.784,-1.25,1.94,5,71.3,18.98,0.07,-0.02,0.063,0.003,0.051,0.0,0.019,4.3,11.76,1.08,1,0.821,11.15,7.96,0.965,1,5,0.0702,0.0591,0.072,0.0499
124.685,1,0.786,-1.25,2.06,5,71.2,19.59,0.07,-0.0231,0.065,0.003,-0.023,0.003,0.019,4.3,11.76,4.14,1,0.753,8.24,9.84,-0.949,1,5,0.0721,0.0592,0.0758,0.0518
124.722,1,0.779,-1.5,2.64,5,71.5,19.59,0.07,-0.025,0.069,0.001,-0.008,0.006,0.019,4.24,11.76,4.14,1,0.753,8.24,9.84,-0.949,1,5,0.0684,0.0647,0.0758,0.0665
124.754,1,0.785,-2.25,3.47,5,71.5,19.45,0.07,-0.0319,0.069,0.001,-0.03,0.007,0.019,4.24,11.76,4.14,1,0.792,3.39,-4.49,-6.065,1,5,0.0665,0.0684,0.0721,0.0684
124.788,1,0.794,-2.25,3.57,5,72.0,19.59,0.07,-0.0378,0.068,0.0,-0.013,0.01,0.02,4.18,11.76,4.14,1,0.779,1.45,-2.55,0.0,0,5,0.0683,0.0683,0.0683,0.0665
124.826,1,0.791,-2.25,3.47,5,72.0,19.59,0.07,-0.0404,0.067,0.0,-0.018,0.012,0.02,4.13,11.76,4.14,1,0.36,5.41,-6.16,-7.723,1,4,0.0702,0.0665,0.0684,0.0628
124.891,1,0.739,-2.75,3.22,5,72.3,19.59,0.07,-0.0396,0.068,-0.001,-0.022,0.016,0.02,4.13,11.78,5.4,1,0.349,1.2,-10.24,0.0,0,4,0.0721,0.0647,0.0703,0.0666
124.92,1,0.772,-2.75,3.07,5,72.7,19.85,0.07,-0.029,0.069,-0.001,-0.024,0.019,0.02,4.07,11.78,5.4,1,0.349,1.2,-10.24,0.0,0,4,0.0739,0.0647,0.072,0.0665
124.953,1,0.78,-2.99,3.0,5,72.7,20.04,0.07,-0.0273,0.07,-0.0,-0.039,0.021,0.02,4.01,11.78,5.4,1,0.359,0.6,-11.21,-4.265,1,4,0.0739,0.0665,0.0721,0.0665
124.985,1,0.764,-3.49,3.38,5,72.1,19.85,0.07,-0.0237,0.069,-0.001,-0.062,0.023,0.02,3.9,11.78,5.4,1,0.359,0.0,-10.4,-6.802,1,4,0.074,0.0629,0.074,0.0666
125.051,1,0.803,-2.99,2.46,5,72.6,19.59,0.07,-0.0256,0.07,0.0,-0.013,0.028,0.021,3.84,11.78,5.4,1,0.36,-0.6,-12.5,0.0,0,4,0.074,0.0629,0.0777,0.0666
125.086,1,0.81,-1.75,1.67,5,72.5,20.0,0.07,-0.0161,0.07,0.001,0.001,0.03,0.021,3.84,11.78,4.54,1,0.36,-0.6,-12.5,0.0,0,4,0.0685,0.0629,0.0796,0.0685
125.121,1,0.804,-1.5,1.55,5,72.7,19.97,0.07,-0.018,0.07,0.003,-0.002,0.033,0.021,3.84,11.78,4.54,1,0.816,2.42,-12.36,-4.929,1,5,0.0648,0.0685,0.0777,0.0703
125.157,1,0.802,-1.5,1.55,5,72.9,19.97,0.07,-0.0172,0.072,0.003,-0.031,0.036,0.022,3.78,11.78,4.54,1,0.815,0.97,-12.48,0.0,0,5,0.0684,0.0777,0.0721,0.0684
125.19,1,0.789,-1.75,1.12,5,73.0,20.46,0.07,-0.0159,0.071,0.004,0.015,0.037,0.022,3.78,11.78,4.54,1,0.805,0.97,-13.05,0.0,0,5,0.0703,0.0777,0.0721,0.0647
125.223,1,0.805,-1.5,1.44,5,72.6,20.0,0.07,-0.0047,0.069,0.003,-0.042,0.04,0.022,3.72,11.78,4.54,1,0.805,0.97,-13.05,0.0,0,5,0.0702,0.0721,0.0721,0.0628
125.253,1,0.782,-1.25,0.23,5,72.7,20.04,0.07,-0.0129,0.07,0.001,-0.058,0.042,0.022,3.67,11.78,4.54,1,0.746,3.88,-8.31,0.0,0,5,0.0721,0.0702,0.0721,0.0647
125.285,1,0.811,-1.25,0.85,5,72.6,19.85,0.07,0.0057,0.07,0.0,-0.042,0.044,0.022,3.55,11.79,1.12,1,0.83,3.88,-0.81,0.0,0,5,0.0721,0.0628,0.0776,0.0665
125.325,1,0.812,-1.25,0.81,5,72.6,20.0,0.07,-0.0048,0.069,0.002,-0.02,0.047,0.023,3.5,11.79,1.12,1,0.814,6.79,0.66,0.0,0,5,0.0722,0.0666,0.0759,0.0629
125.353,1,0.782,-1.25,0.63,5,72.3,20.46,0.07,-0.0037,0.068,0.002,-0.024,0.048,0.023,3.5,11.79,1.12,1,0.814,6.79,0.66,0.0,0,5,0.0722,0.0666,0.074,0.0592
125.384,1,0.776,-1.25,0.64,5,72.5,20.46,0.07,-0.0004,0.068,0.003,0.004,0.051,0.023,3.44,11.79,1.12,1,0.847,6.79,5.49,-5.116,1,5,0.0685,0.0704,0.0722,0.0611
125.422,1,0.769,-1.25,0.18,5,72.7,20.46,0.07,-0.0003,0.068,0.003,-0.033,0.054,0.024,3.44,11.79,1.12,1,0.847,6.79,5.49,-5.116,1,5,0.0667,0.0667,0.0759,0.063
125.452,1,0.783,-1.25,-0.0,5,72.4,20.04,0.07,0.0078,0.068,0.003,-0.029,0.055,0.024,3.38,11.79,1.12,1,0.839,6.79,4.18,0.0,0,5,0.0667,0.063,0.0778,0.063
125.485,1,0.792,-1.25,0.38,5,72.0,20.04,0.07,0.0111,0.067,0.005,-0.021,0.058,0.024,3.32,11.79,-0.0,1,0.841,7.27,3.67,-7.548,1,5,0.0722,0.0648,0.0777,0.0518
125.52,1,0.789,-1.25,-0.1,5,71.6,20.44,0.07,0.0045,0.068,0.006,-0.084,0.061,0.024,3.21,11.79,-0.0,1,0.841,7.27,3.67,-7.548,1,5,0.0777,0.0684,0.0795,0.0481
125.552,1,0.762,-1.75,-0.97,5,71.6,20.46,0.07,0.0129,0.071,0.006,-0.05,0.062,0.025,3.15,11.79,-0.0,1,0.837,9.21,2.51,-4.462,1,5,0.0795,0.0702,0.0832,0.0518
125.589,1,0.755,-1.75,-2.09,5,71.9,20.04,0.07,0.034,0.073,0.005,-0.048,0.065,0.025,3.04,11.79,-0.0,1,0.796,12.6,7.99,-2.012,1,5,0.0764,0.0691,0.0855,0.06
125.62,1,0.78,-1.5,-1.36,5,72.0,19.97,0.07,0.0532,0.071,0.003,-0.027,0.068,0.025,2.98,11.79,-0.0,1,0.796,12.6,7.99,-2.012,1,5,0.071,0.0673,0.0801,0.0655
125.688,1,0.798,-1.5,0.23,5,71.6,20.04,0.07,0.0372,0.065,0.001,0.013,0.072,0.025,2.92,11.79,-2.62,1,0.818,11.63,9.06,-3.458,1,5,0.0624,0.0679,0.0642,0.0642
125.72,1,0.791,-1.25,-0.3,5,71.3,20.04,0.07,0.0094,0.062,0.0,0.003,0.074,0.026,2.98,11.79,-2.62,1,0.781,14.06,8.09,-4.379,1,5,0.0577,0.0649,0.0595,0.0649
125.756,1,0.792,-1.25,0.27,5,71.2,20.04,0.07,0.0157,0.062,0.001,0.049,0.076,0.026,3.04,11.79,-2.62,1,0.823,16.48,16.33,2.333,1,5,0.0576,0.0666,0.0594,0.0648
125.787,1,0.798,-1.0,0.08,5,71.5,19.97,0.07,0.0061,0.063,0.001,0.043,0.077,0.026,3.04,11.79,-2.62,1,0.823,16.48,16.33,2.333,1,5,0.0559,0.0685,0.0595,0.0667
125.821,1,0.793,-0.75,-0.31,5,71.4,20.0,0.07,0.0064,0.065,0.0,0.026,0.08,0.026,3.15,11.79,-2.62,1,0.804,13.57,16.86,-5.437,1,5,0.0577,0.0667,0.0649,0.0722
125.854,1,0.8,-1.0,0.22,5,71.8,19.97,0.07,0.0106,0.067,-0.0,0.008,0.081,0.026,3.15,11.79,-2.62,1,0.805,13.57,18.38,0.0,0,5,0.0606,0.068,0.0661,0.0735
125.92,1,0.826,-0.75,0.36,5,72.5,20.2,0.07,0.005,0.069,-0.0,0.037,0.087,0.026,3.21,11.8,-0.34,1,0.776,13.09,17.48,0.0,0,5,0.0721,0.0703,0.0684,0.0666
125.952,1,0.827,-0.75,0.67,5,72.9,20.04,0.07,-0.0004,0.069,0.001,0.034,0.088,0.026,3.27,11.8,-0.34,1,0.358,13.82,5.87,-3.34,1,4,0.074,0.0721,0.0684,0.0629
125.984,1,0.831,-0.25,0.61,5,73.1,20.04,0.07,-0.0055,0.071,0.002,0.023,0.091,0.027,3.32,11.8,-0.34,1,0.353,15.02,5.14,-3.709,1,4,0.074,0.0795,0.0666,0.0629
126.086,1,0.795,-0.25,0.4,5,73.5,19.59,0.07,-0.0095,0.068,-0.001,-0.011,0.098,0.027,3.27,11.8,1.61,1,0.812,11.15,3.46,-3.709,1,5,0.0647,0.0684,0.0647,0.0739
126.15,1,0.801,0.0,0.64,5,73.3,20.2,0.07,-0.0052,0.067,0.002,0.011,0.102,0.027,3.32,11.8,1.61,1,0.815,11.63,3.19,-2.831,1,5,0.061,0.0721,0.0665,0.0684
126.186,1,0.817,0.0,0.96,5,73.0,20.2,0.07,-0.0124,0.068,0.004,0.013,0.104,0.028,3.32,11.8,1.61,1,0.815,11.63,3.19,-2.831,1,5,0.0591,0.0739,0.0702,0.0684
126.257,1,0.81,-0.5,1.4,5,73.0,19.59,0.07,-0.0172,0.072,0.0,0.01,0.11,0.028,3.38,11.8,1.61,1,0.82,12.6,4.2,0.085,1,5,0.0684,0.0721,0.0721,0.0758
126.288,1,0.809,-1.0,1.86,5,72.9,20.04,0.07,-0.0188,0.071,0.0,-0.009,0.112,0.028,3.38,11.8,1.5,1,0.821,12.6,4.2,0.088,1,5,0.0703,0.0703,0.0722,0.0722
126.321,1,0.804,-0.75,1.59,5,73.1,20.56,0.07,-0.0208,0.072,0.0,-0.02,0.114,0.028,3.32,11.8,1.5,1,0.821,12.6,4.2,0.088,1,5,0.0759,0.0722,0.0722,0.0667
126.355,1,0.807,-1.5,1.95,5,73.4,20.56,0.07,-0.02,0.072,0.0,-0.034,0.116,0.028,3.27,11.8,1.5,1,0.823,11.15,3.5,-3.709,1,5,0.0778,0.0723,0.0723,0.0667
126.386,1,0.808,-1.25,1.32,5,73.5,20.56,0.07,-0.0171,0.072,0.0,-0.011,0.119,0.029,3.27,11.8,1.5,1,0.823,11.15,3.5,-3.709,1,5,0.0741,0.0704,0.0741,0.0685
126.45,1,0.832,0.0,1.17,5,73.4,20.57,0.07,-0.0109,0.071,-0.001,-0.006,0.123,0.029,3.27,11.8,1.5,1,0.776,5.82,4.34,0.0,0,5,0.0703,0.0703,0.0685,0.074
126.487,1,0.847,0.25,1.44,5,73.4,20.56,0.07,-0.0233,0.071,-0.003,-0.007,0.126,0.029,3.21,11.8,2.42,1,0.776,5.82,4.34,0.0,0,5,0.0703,0.0703,0.0648,0.0778
126.554,1,0.851,0.25,1.36,5,73.2,20.56,0.07,-0.0294,0.069,0.0,0.006,0.13,0.029,3.27,11.8,2.42,1,0.831,11.15,3.52,-3.709,1,5,0.0666,0.0703,0.0685,0.0722
126.582,1,0.851,0.25,1.28,5,73.1,20.46,0.07,-0.0277,0.068,0.004,0.014,0.133,0.029,3.32,11.8,2.42,1,0.832,11.15,3.53,-3.709,1,5,0.0611,0.0703,0.0722,0.0666
126.655,1,0.846,0.75,0.93,5,72.6,20.46,0.07,-0.0253,0.065,0.001,-0.015,0.137,0.03,3.27,11.8,2.42,1,0.831,11.15,4.48,-4.553,1,5,0.063,0.063,0.0686,0.0649
126.686,1,0.842,0.25,1.02,5,72.4,20.2,0.07,-0.0249,0.067,0.001,-0.021,0.139,0.03,3.21,11.8,2.05,1,0.832,11.15,4.5,-4.558,1,5,0.0722,0.0667,0.0685,0.0593
126.754,1,0.837,0.0,1.06,5,71.5,20.44,0.07,-0.0199,0.069,0.004,-0.021,0.143,0.03,3.15,11.8,2.05,1,0.837,11.15,3.64,-3.709,1,5,0.0759,0.0741,0.0722,0.0537
126.785,1,0.806,0.25,-0.15,5,71.3,20.46,0.07,-0.0176,0.069,0.002,-0.036,0.146,0.03,3.09,11.8,2.05,1,0.837,11.15,3.65,-3.709,1,5,0.0723,0.0704,0.0723,0.063
126.888,1,0.782,0.25,-0.21,5,70.4,20.04,0.07,0.0004,0.064,0.002,-0.042,0.153,0.031,2.92,11.81,0.17,1,0.84,11.15,2.27,-3.143,1,5,0.0646,0.0627,0.0701,0.059
126.952,1,0.816,0.5,0.24,5,70.6,20.57,0.07,0.0014,0.062,0.003,0.048,0.156,0.031,2.98,11.81,0.17,1,0.84,11.15,2.28,-3.147,1,5,0.0592,0.0648,0.0666,0.0592
126.986,1,0.815,0.5,-0.04,5,71.3,20.57,0.07,-0.0094,0.061,0.004,-0.002,0.159,0.032,3.04,11.81,0.17,1,0.842,11.15,2.58,-5.898,1,5,0.0518,0.0629,0.0666,0.0629
127.085,1,0.828,0.75,0.36,5,72.2,20.44,0.07,-0.0041,0.069,-0.001,-0.023,0.166,0.032,3.04,11.81,0.17,1,0.835,12.12,2.52,-2.14,1,5,0.0697,0.0679,0.0679,0.0697
127.153,1,0.832,0.75,0.12,5,72.8,20.46,0.07,-0.0137,0.069,0.001,0.018,0.17,0.032,3.04,11.81,-1.28,1,0.841,14.06,8.42,-2.874,1,5,0.0734,0.0734,0.0679,0.0624
127.186,1,0.845,0.75,0.26,5,73.2,20.44,0.07,-0.0093,0.07,0.001,-0.021,0.173,0.033,3.04,11.81,-1.28,1,0.84,14.06,8.93,-4.322,1,5,0.0752,0.0752,0.0679,0.0624
127.255,1,0.848,0.5,0.08,5,73.9,20.44,0.07,-0.0115,0.072,-0.002,-0.062,0.177,0.033,2.86,11.81,-1.28,1,0.843,14.06,7.38,-3.584,1,5,0.0781,0.0708,0.069,0.0708
127.287,1,0.85,0.25,0.35,5,74.2,20.46,0.07,-0.0052,0.072,-0.001,0.013,0.18,0.033,2.86,11.82,-1.28,1,0.843,14.06,7.38,-3.584,1,5,0.0763,0.069,0.0708,0.0727
127.353,1,0.853,0.25,0.43,5,74.6,20.46,0.07,-0.0075,0.07,0.002,0.036,0.184,0.033,2.86,11.82,-1.28,1,0.842,14.06,7.39,-3.584,1,5,0.0662,0.0681,0.0773,0.0699
127.385,1,0.855,0.25,0.41,5,74.9,20.46,0.07,-0.0093,0.069,0.0,-0.012,0.187,0.033,2.86,11.82,-1.28,1,0.842,14.06,7.39,-3.584,1,5,0.0647,0.0666,0.0721,0.0721
127.453,1,0.855,0.5,0.52,5,75.1,20.44,0.07,-0.0092,0.069,-0.002,-0.001,0.191,0.033,2.98,11.82,-1.28,1,0.842,14.06,8.45,-1.433,1,5,0.0666,0.0647,0.0684,0.0758
127.486,1,0.856,0.25,0.34,5,75.1,20.46,0.07,-0.0142,0.07,-0.003,0.004,0.194,0.033,2.92,11.82,-0.92,1,0.844,14.06,8.84,-2.455,1,5,0.074,0.0666,0.0684,0.0721
127.584,1,0.851,-0.25,0.9,5,75.1,20.44,0.07,-0.008,0.069,0.001,-0.01,0.201,0.034,2.92,11.82,-0.92,1,0.842,14.06,7.37,-3.584,1,5,0.0719,0.0738,0.0664,0.0627
127.616,1,0.857,-0.25,0.63,5,75.2,20.44,0.07,-0.0116,0.067,-0.002,-0.035,0.204,0.034,2.86,11.82,-0.92,1,0.84,14.06,7.37,-3.584,1,5,0.0719,0.0719,0.0627,0.0627
127.685,1,0.869,-0.25,0.21,5,75.3,20.46,0.07,-0.0077,0.069,-0.004,-0.001,0.208,0.034,2.81,11.82,0.22,1,0.84,14.06,7.37,-3.584,1,5,0.0721,0.0647,0.0647,0.0739
127.753,1,0.828,-0.25,0.31,5,75.2,20.46,0.07,-0.0011,0.068,-0.002,0.029,0.212,0.034,2.86,11.82,0.22,1,0.844,13.09,7.62,-2.498,1,5,0.0684,0.0647,0.0684,0.0721
127.784,1,0.832,-0.5,0.61,5,75.4,19.97,0.07,-0.0029,0.068,-0.003,0.037,0.215,0.034,2.92,11.82,0.22,1,0.841,13.09,7.62,-2.494,1,5,0.0684,0.0647,0.0665,0.0739
127.888,1,0.874,-0.25,0.32,5,75.9,20.46,0.07,-0.0057,0.078,-0.003,0.02,0.223,0.034,2.98,11.83,0.2,1,0.837,14.06,7.34,-3.584,1,5,0.0815,0.0778,0.0722,0.0815
127.917,1,0.876,-0.25,0.32,5,75.9,20.46,0.07,-0.0039,0.08,-0.003,-0.034,0.226,0.034,2.98,11.83,0.2,1,0.837,14.06,7.34,-3.584,1,5,0.0851,0.0814,0.0722,0.0796
127.986,1,0.861,-1.0,0.44,5,75.7,20.0,0.07,-0.0036,0.075,-0.004,-0.02,0.23,0.034,2.92,11.83,0.2,1,0.837,14.06,7.34,-3.584,1,5,0.0851,0.074,0.0685,0.074
128.015,1,0.864,-1.25,0.76,5,75.5,20.04,0.07,0.0037,0.073,-0.005,-0.063,0.233,0.034,2.81,11.83,0.2,1,0.851,13.09,7.64,-2.485,1,5,0.0852,0.0741,0.0704,0.0741
128.087,1,0.864,-1.25,0.18,5,75.3,20.0,0.07,-0.0006,0.073,-0.004,-0.006,0.238,0.034,2.75,11.83,0.2,1,0.851,13.09,7.64,-2.485,1,5,0.0755,0.0663,0.0718,0.0792
128.114,1,0.858,-1.75,0.57,5,75.1,20.44,0.07,0.0092,0.072,-0.004,-0.008,0.239,0.034,2.75,11.83,0.2,1,0.852,12.12,6.47,-2.533,1,5,0.0719,0.0645,0.0719,0.0811
128.153,1,0.856,-2.0,0.21,5,75.1,19.97,0.07,0.0079,0.071,-0.004,0.008,0.242,0.034,2.75,11.83,0.2,1,0.85,12.12,6.45,-2.522,1,5,0.07,0.0627,0.0719,0.0793
128.187,1,0.851,-2.25,0.51,5,75.4,20.04,0.07,0.0164,0.069,-0.006,0.038,0.245,0.034,2.81,11.83,0.2,1,0.847,11.63,6.5,-2.488,1,5,0.0741,0.0593,0.0685,0.0759
128.288,1,0.861,-1.75,-0.14,5,75.4,20.0,0.07,0.0124,0.078,0.0,0.024,0.253,0.034,2.92,11.83,0.18,1,0.858,12.12,6.5,-2.527,1,5,0.0777,0.0833,0.074,0.0777
128.314,1,0.849,-1.75,0.19,5,75.9,20.44,0.07,0.0173,0.078,0.002,-0.014,0.254,0.034,2.92,11.83,0.18,1,0.858,12.12,6.5,-2.527,1,5,0.0759,0.0851,0.0759,0.0759
128.383,1,0.823,-2.0,0.12,5,76.3,20.04,0.07,0.012,0.076,-0.002,-0.002,0.26,0.034,2.81,11.83,0.18,1,0.86,12.12,6.5,-2.532,1,5,0.0796,0.0722,0.0759,0.0778
128.416,1,0.827,-2.0,0.12,5,76.3,20.04,0.0771,0.0164,0.073,-0.004,-0.017,0.263,0.034,2.81,11.83,0.18,1,0.858,11.15,6.98,-3.489,1,5,0.0759,0.0685,0.0685,0.0778
128.489,1,0.834,-2.5,0.15,5,76.9,19.97,0.1049,0.0161,0.072,-0.003,0.013,0.267,0.034,2.75,11.83,0.18,1,0.856,11.15,5.29,-4.129,1,5,0.0758,0.0721,0.0666,0.074
128.515,1,0.839,-2.5,0.14,5,76.8,19.97,0.1122,0.0217,0.076,-0.001,-0.012,0.271,0.034,2.81,11.83,0.18,1,0.856,11.15,5.29,-4.129,1,5,0.0758,0.0721,0.0721,0.0739
128.584,1,0.854,-2.5,0.18,5,77.1,19.97,0.1236,0.0206,0.088,0.0,0.012,0.276,0.035,2.81,11.83,0.18,1,0.851,11.15,5.34,-2.569,1,5,0.087,0.0833,0.0925,0.0888
128.654,1,0.849,-2.25,0.45,5,76.5,20.46,0.1518,0.0186,0.11,0.004,-0.007,0.283,0.035,2.81,11.83,0.18,1,0.861,11.15,7.79,-0.808,1,5,0.1047,0.1175,0.1102,0.1065
128.683,1,0.839,-2.25,0.11,5,76.4,20.44,0.1587,0.0087,0.116,0.003,0.003,0.286,0.035,2.81,11.83,0.18,1,0.864,11.15,7.79,-0.805,1,5,0.112,0.123,0.1156,0.1138
128.787,1,0.858,-2.25,0.39,5,75.6,20.44,0.1589,0.0175,0.157,0.0,0.078,0.305,0.036,2.81,11.83,0.18,1,0.863,11.15,6.95,-3.429,1,5,0.1561,0.1543,0.1597,0.1561
128.883,1,0.841,-1.25,-0.04,5,74.7,20.04,0.1412,0.0114,0.178,0.004,-0.036,0.319,0.037,2.81,11.83,0.18,1,0.863,12.12,7.92,-2.944,1,5,0.1739,0.1831,0.1794,0.1739
128.914,1,0.849,-1.75,0.49,5,74.6,20.44,0.134,0.0086,0.177,0.002,0.004,0.323,0.037,2.81,11.83,1.15,1,0.861,12.12,7.56,-3.448,1,5,0.1739,0.1813,0.1758,0.1758
128.983,1,0.842,-1.5,0.26,5,74.1,20.44,0.1407,0.0043,0.165,-0.006,0.032,0.336,0.038,2.92,11.83,1.15,1,0.862,12.12,7.9,-2.955,1,5,0.1683,0.1572,0.1609,0.1738
129.015,1,0.855,-1.5,0.58,5,74.1,20.2,0.1532,0.0061,0.162,-0.006,-0.029,0.342,0.038,2.92,11.83,1.15,1,0.863,12.12,7.51,-1.977,1,5,0.1664,0.1571,0.159,0.1719
129.087,1,0.822,-1.25,0.03,5,73.2,20.46,0.1706,-0.0021,0.156,-0.001,0.042,0.351,0.038,2.92,11.83,1.5,1,0.863,12.12,7.51,-1.977,1,5,0.1533,0.1551,0.1551,0.1607
129.115,1,0.836,-1.25,0.06,5,73.0,20.44,0.1584,0.0092,0.156,0.001,0.037,0.358,0.039,2.98,11.83,1.5,1,0.861,12.12,7.52,-1.945,1,5,0.1514,0.1551,0.1551,0.157
129.184,1,0.822,-1.25,0.5,5,72.9,20.04,0.1527,0.0092,0.164,0.003,-0.035,0.368,0.04,2.92,11.83,1.5,1,0.861,12.12,7.52,-1.945,1,5,0.1673,0.1655,0.1692,0.1545
129.219,1,0.824,-1.25,0.24,5,73.1,20.2,0.1404,-0.0003,0.17,0.001,-0.053,0.375,0.04,2.75,11.83,1.5,1,0.871,9.21,0.37,-5.968,1,5,0.1737,0.1664,0.1756,0.1627
129.286,1,0.824,-1.0,0.1,5,73.4,20.2,0.1047,0.0069,0.168,0.0,0.045,0.385,0.04,2.75,11.85,1.2,1,0.877,9.21,0.01,-4.925,1,5,0.1664,0.1609,0.1757,0.1683
129.384,1,0.82,-1.5,0.0,5,74.0,20.2,0.0708,0.0066,0.151,-0.001,-0.0,0.4,0.041,2.52,11.85,1.2,1,0.87,10.18,-0.52,-5.506,1,5,0.1555,0.1518,0.1481,0.1499
129.42,1,0.834,-1.75,0.13,5,74.2,20.2,0.07,0.0148,0.142,-0.004,0.021,0.405,0.041,2.58,11.85,1.2,1,0.873,8.72,-1.25,-4.975,1,5,0.1517,0.1369,0.1406,0.1406
129.483,1,0.866,-2.0,0.16,5,74.4,20.04,0.07,0.0147,0.127,-0.008,-0.016,0.413,0.041,2.58,11.85,-0.82,1,0.873,8.72,-1.25,-4.975,1,5,0.1386,0.1109,0.1275,0.1312
129.513,1,0.872,-2.25,0.1,5,74.3,20.46,0.07,0.0168,0.122,-0.009,-0.034,0.415,0.041,2.58,11.85,-0.82,1,0.842,10.66,0.15,-3.794,1,5,0.133,0.1035,0.1238,0.1293
129.585,1,0.843,-3.49,-0.48,5,75.2,20.2,0.07,0.0196,0.107,-0.004,-0.034,0.423,0.041,2.18,11.85,-0.82,1,0.871,9.21,5.36,-2.449,1,5,0.1185,0.0963,0.1093,0.1019
129.616,1,0.855,-3.99,-0.33,5,74.5,20.44,0.07,0.0451,0.098,-0.002,-0.052,0.427,0.041,2.06,11.85,-0.82,1,0.871,9.21,5.36,-2.449,1,5,0.1108,0.0886,0.1034,0.0905
129.684,1,0.88,-4.74,-0.78,5,75.3,20.46,0.07,0.0456,0.089,-0.003,-0.021,0.432,0.041,2.01,11.85,-3.23,1,0.871,9.21,5.36,-2.449,1,5,0.0956,0.0772,0.0956,0.0882
129.714,1,0.877,-5.24,-0.6,5,75.2,20.44,0.07,0.0614,0.087,-0.004,-0.026,0.434,0.041,1.95,11.85,-3.23,1,0.856,10.66,9.68,-2.216,1,5,0.0919,0.0753,0.09,0.09
129.779,1,0.838,-4.99,-0.68,5,74.8,20.44,0.07,0.0614,0.073,-0.003,0.032,0.44,0.041,2.06,11.85,-3.23,1,0.873,10.18,8.74,-1.275,1,5,0.0759,0.0685,0.0722,0.0759
129.813,1,0.869,-4.99,-0.67,5,74.5,20.57,0.07,0.0584,0.07,0.0,0.004,0.441,0.041,2.06,11.85,-3.23,1,0.873,10.18,8.74,-1.275,1,5,0.0721,0.0721,0.0684,0.0684
129.882,1,0.875,-4.99,-0.56,5,74.4,20.57,0.07,0.0575,0.064,0.0,-0.03,0.446,0.041,2.01,11.85,-3.62,1,0.869,10.66,8.67,-2.782,1,5,0.0629,0.0666,0.0629,0.0647
129.917,1,0.874,-4.74,-0.9,5,74.4,20.46,0.07,0.0552,0.058,0.0,-0.004,0.448,0.041,1.95,11.85,-3.62,1,0.867,10.18,8.69,-2.828,1,5,0.0592,0.0592,0.0629,0.0648
129.982,1,0.876,-4.74,-0.89,5,74.3,20.04,0.07,0.0581,0.051,0.002,0.008,0.451,0.042,2.01,11.85,-3.62,1,0.869,10.66,8.24,-1.824,1,5,0.0481,0.0574,0.05,0.05
130.017,1,0.872,-4.49,-0.73,5,74.1,20.44,0.07,0.058,0.05,0.002,0.025,0.453,0.042,2.06,11.85,-3.62,1,0.869,11.15,7.8,-0.776,1,5,0.0481,0.0574,0.0481,0.05
130.083,1,0.874,-4.24,-0.67,5,73.9,20.46,0.07,0.0526,0.051,0.0,0.016,0.456,0.042,2.12,11.85,-2.85,1,0.866,11.15,8.19,-3.306,1,5,0.0463,0.0555,0.0463,0.0555
130.113,1,0.868,-4.24,-0.67,5,74.0,20.46,0.07,0.0486,0.052,0.0,0.027,0.458,0.042,2.12,11.85,-2.85,1,0.863,11.15,8.53,-2.417,1,5,0.0481,0.0555,0.0481,0.0555
130.181,1,0.854,-3.74,-0.54,5,73.8,20.46,0.07,0.0492,0.055,-0.001,0.049,0.462,0.042,2.41,11.85,-2.85,1,0.863,11.15,8.53,-2.417,1,5,0.0509,0.0582,0.0509,0.0618
130.212,1,0.862,-3.49,-0.57,5,73.6,20.56,0.07,0.0413,0.055,0.0,0.056,0.463,0.042,2.46,11.85,-2.85,1,0.864,12.12,10.4,-1.169,1,5,0.0473,0.0618,0.0491,0.0636
130.283,1,0.864,-2.75,-0.3,5,73.5,20.0,0.07,0.04,0.053,0.004,0.066,0.468,0.043,2.75,11.85,-1.62,1,0.864,12.12,10.4,-1.169,1,5,0.0418,0.0672,0.0454,0.0563
130.312,1,0.858,-2.25,-0.17,5,72.9,20.0,0.07,0.0264,0.054,0.005,0.068,0.469,0.043,2.86,11.85,-1.62,1,0.873,13.57,11.8,-1.752,1,5,0.0436,0.0708,0.0454,0.0544
130.381,1,0.853,-1.75,-0.05,5,72.8,20.46,0.07,0.0203,0.053,0.004,0.028,0.473,0.043,2.98,11.85,-1.62,1,0.87,14.06,13.43,-1.255,1,5,0.0407,0.0647,0.0481,0.0573
130.417,1,0.842,-1.5,-0.06,5,72.7,20.57,0.07,0.0129,0.048,0.002,0.027,0.475,0.043,3.04,11.85,-1.62,1,0.876,15.03,12.5,-0.722,1,5,0.0388,0.0554,0.0443,0.0517
130.482,1,0.848,-1.0,0.05,5,73.3,20.56,0.07,0.0121,0.047,0.002,0.028,0.477,0.044,3.15,11.85,-1.62,1,0.868,15.03,13.87,-1.107,1,5,0.0388,0.0573,0.0407,0.0499
130.516,1,0.857,-0.75,0.2,5,73.6,20.46,0.07,0.0048,0.049,0.002,0.013,0.479,0.044,3.15,11.85,0.71,1,0.851,13.09,10.2,-0.713,1,5,0.0389,0.0574,0.0426,0.0518
130.583,1,0.87,-0.75,0.47,5,74.2,20.2,0.07,0.001,0.052,0.001,0.011,0.483,0.044,3.21,11.85,0.71,1,0.872,12.6,6.88,-3.1,1,5,0.044,0.0587,0.0477,0.0569
130.616,1,0.867,-0.75,0.47,5,74.1,20.2,0.07,-0.0029,0.055,0.001,0.033,0.485,0.044,3.27,11.85,0.71,1,0.853,10.66,7.01,-4.543,1,5,0.0458,0.0605,0.0495,0.0569
130.684,1,0.867,-0.25,0.41,5,74.1,20.04,0.07,-0.0023,0.059,0.0,0.064,0.489,0.044,3.38,11.85,1.71,1,0.885,10.18,1.28,-4.915,1,5,0.0555,0.061,0.0573,0.061
130.719,1,0.872,-0.25,0.24,5,74.4,20.04,0.07,-0.0071,0.057,0.001,0.043,0.491,0.045,3.5,11.85,1.71,1,0.878,10.66,2.29,-2.668,1,5,0.0574,0.0629,0.0537,0.0555
130.781,1,0.868,0.25,0.76,5,74.3,20.44,0.07,-0.0032,0.06,0.003,-0.001,0.495,0.045,3.55,11.85,1.71,1,0.878,10.66,2.29,-2.668,1,5,0.0555,0.0666,0.0592,0.0574
130.816,1,0.885,0.25,0.75,5,74.2,20.2,0.07,-0.0177,0.061,0.003,-0.006,0.496,0.045,3.55,11.85,1.71,1,0.883,11.63,2.46,-4.814,1,5,0.0535,0.0702,0.0591,0.0628
130.847,1,0.865,0.75,0.31,5,74.2,20.44,0.07,-0.0167,0.062,0.003,0.022,0.498,0.045,3.61,11.85,1.71,1,0.887,11.63,2.47,-4.804,1,5,0.0535,0.0701,0.059,0.0645
130.886,1,0.869,0.75,0.61,5,74.4,20.46,0.07,-0.0144,0.059,0.001,0.018,0.5,0.046,3.61,11.85,0.88,1,0.883,12.12,2.78,-5.405,1,5,0.0535,0.0645,0.0553,0.0627
130.915,1,0.88,1.0,0.54,5,74.6,20.04,0.07,-0.0192,0.057,0.001,0.01,0.503,0.046,3.67,11.85,0.88,1,0.883,12.12,2.78,-5.405,1,5,0.0536,0.061,0.0554,0.0591
131.018,1,0.88,1.25,0.67,5,74.5,20.44,0.07,-0.0194,0.062,0.0,-0.003,0.509,0.046,3.67,11.85,0.88,1,0.894,12.12,3.72,-4.834,1,5,0.0592,0.0629,0.0611,0.0629
131.047,1,0.887,1.25,0.67,5,74.4,20.44,0.07,-0.0242,0.061,-0.0,-0.016,0.51,0.046,3.67,11.85,0.88,1,0.894,12.12,3.72,-4.834,1,5,0.061,0.061,0.061,0.0629
131.08,1,0.887,1.0,0.91,5,74.4,20.04,0.07,-0.0239,0.06,0.0,-0.027,0.513,0.046,3.61,11.85,0.88,1,0.894,12.12,3.72,-4.834,1,5,0.0609,0.0627,0.0591,0.0591
131.115,1,0.889,1.0,0.52,5,74.4,20.0,0.07,-0.0246,0.061,0.0,0.007,0.514,0.047,3.61,11.85,-0.39,1,0.892,12.12,3.76,-3.295,1,5,0.0627,0.0627,0.0609,0.0591
131.147,1,0.877,1.0,0.8,5,74.1,19.97,0.07,-0.018,0.063,0.002,0.03,0.516,0.047,3.61,11.85,-0.39,1,0.885,12.12,2.79,-5.396,1,5,0.0628,0.0647,0.0647,0.0591
131.181,1,0.821,1.0,1.06,5,73.7,19.97,0.07,-0.0228,0.066,0.001,-0.009,0.519,0.047,3.67,11.85,-0.39,1,0.885,12.12,2.79,-5.396,1,5,0.0648,0.0629,0.0722,0.0648
131.216,1,0.855,1.25,0.74,5,74.0,20.46,0.07,-0.0275,0.067,0.003,0.009,0.522,0.047,3.72,11.85,-0.39,1,0.894,12.12,3.73,-4.848,1,5,0.0592,0.0666,0.0722,0.0685
131.247,1,0.875,1.5,0.68,5,74.1,20.04,0.07,-0.0247,0.07,0.002,-0.02,0.523,0.048,3.72,11.85,-0.39,1,0.867,13.57,1.69,-6.193,1,5,0.0629,0.0722,0.0722,0.0722
131.28,1,0.877,1.25,1.01,5,74.2,20.46,0.07,-0.0267,0.069,0.003,0.033,0.526,0.048,3.67,11.84,-1.41,1,0.867,13.57,1.69,-6.193,1,5,0.0629,0.0777,0.0666,0.0703
131.315,1,0.879,1.5,0.77,5,74.4,20.2,0.07,-0.029,0.068,0.004,-0.021,0.527,0.048,3.67,11.84,-1.41,1,0.867,13.57,1.69,-6.193,1,5,0.0629,0.0759,0.0685,0.0666
131.383,1,0.878,1.5,0.65,5,74.7,20.04,0.07,-0.0276,0.065,0.0,-0.004,0.533,0.048,3.61,11.84,-1.41,1,0.878,15.99,8.52,-4.595,1,5,0.0629,0.0629,0.0666,0.0666
131.446,1,0.887,1.75,0.41,5,75.3,20.04,0.07,-0.0252,0.064,-0.0,-0.013,0.536,0.048,3.61,11.84,-1.41,1,0.885,15.51,9.65,-2.918,1,5,0.0666,0.0666,0.061,0.0629
131.515,1,0.888,1.5,0.46,5,75.0,19.97,0.07,-0.0235,0.065,0.0,-0.003,0.542,0.049,3.5,11.84,-2.19,1,0.886,15.51,9.66,-2.904,1,5,0.0684,0.0665,0.061,0.0628
131.545,1,0.881,1.5,0.68,5,74.9,19.97,0.07,-0.0212,0.065,-0.001,-0.009,0.543,0.049,3.5,11.84,-2.19,1,0.887,15.51,8.28,-2.532,1,5,0.0703,0.0629,0.0648,0.0611
131.582,1,0.882,1.75,0.21,5,75.3,20.0,0.07,-0.0251,0.066,0.002,0.036,0.546,0.049,3.55,11.84,-2.19,1,0.887,15.51,8.28,-2.532,1,5,0.0685,0.0648,0.0722,0.0592
131.614,1,0.881,1.75,0.41,5,75.4,20.04,0.07,-0.02,0.068,0.003,-0.007,0.547,0.049,3.55,11.84,-2.19,1,0.89,15.51,8.29,-2.529,1,5,0.0703,0.0666,0.0759,0.0592
131.648,1,0.885,1.25,0.69,5,75.3,20.0,0.07,-0.0232,0.07,0.004,-0.011,0.55,0.05,3.5,11.84,-2.19,1,0.887,15.51,9.02,-4.132,1,5,0.0722,0.0722,0.0759,0.0592
131.684,1,0.88,1.25,0.69,5,75.2,20.0,0.07,-0.0222,0.07,0.002,-0.019,0.553,0.05,3.44,11.84,-1.84,1,0.887,15.51,9.02,-4.132,1,5,0.0734,0.0697,0.0752,0.0624
131.712,1,0.876,1.25,0.7,5,75.2,20.46,0.07,-0.0224,0.07,0.001,-0.039,0.554,0.05,3.38,11.84,-1.84,1,0.892,15.51,8.3,-2.524,1,5,0.0716,0.0679,0.0734,0.0661
131.746,1,0.876,1.25,0.7,5,75.1,20.46,0.07,-0.0228,0.067,-0.0,0.002,0.557,0.05,3.38,11.84,-1.84,1,0.892,15.51,8.3,-2.524,1,5,0.0642,0.0624,0.0715,0.0715
131.781,1,0.878,1.25,0.62,5,75.2,20.0,0.07,-0.0229,0.065,-0.0,0.008,0.559,0.05,3.38,11.84,-1.84,1,0.892,15.51,8.3,-2.524,1,5,0.0628,0.0628,0.0665,0.0684
131.814,1,0.873,1.25,0.62,5,74.8,20.04,0.07,-0.0217,0.064,0.0,-0.008,0.56,0.05,3.38,11.84,-1.84,1,0.892,15.03,7.75,-5.481,1,5,0.0609,0.0628,0.0646,0.0665
131.849,1,0.85,1.25,0.66,5,74.7,20.04,0.07,-0.0219,0.064,0.0,-0.004,0.563,0.05,3.38,11.84,-1.84,1,0.897,15.03,7.74,-5.48,1,5,0.0644,0.0644,0.0644,0.0644
131.88,1,0.836,1.25,0.47,5,75.0,20.46,0.07,-0.0226,0.064,0.0,-0.062,0.566,0.05,3.27,11.84,-1.84,1,0.894,15.03,7.35,-4.64,1,5,0.0644,0.0662,0.0662,0.0662
131.914,1,0.851,1.25,0.18,5,75.0,20.46,0.07,-0.0193,0.065,0.0,-0.032,0.567,0.051,3.21,11.84,-1.47,1,0.895,15.03,7.36,-3.232,1,5,0.0682,0.0645,0.0663,0.0626
131.946,1,0.862,1.25,0.0,5,74.6,20.0,0.07,-0.0143,0.067,0.001,-0.019,0.57,0.051,3.15,11.84,-1.47,1,0.894,14.54,7.54,-3.506,1,5,0.0703,0.0648,0.0722,0.0611
131.984,1,0.865,1.25,0.01,5,74.5,20.0,0.07,-0.0113,0.072,0.002,0.028,0.573,0.051,3.21,11.84,-1.47,1,0.894,14.54,6.07,-4.637,1,5,0.074,0.0666,0.0814,0.0648
132.015,1,0.865,1.25,0.01,5,74.3,20.0,0.07,-0.0113,0.073,0.002,0.01,0.574,0.051,3.21,11.84,-1.47,1,0.894,14.54,6.07,-4.637,1,5,0.074,0.0685,0.0814,0.0666
132.046,1,0.865,1.25,-0.14,5,74.3,20.0,0.07,-0.0113,0.075,0.002,0.021,0.577,0.051,3.27,11.84,-1.47,1,0.886,14.54,7.1,-2.558,1,5,0.0777,0.0758,0.0777,0.0684
132.083,1,0.865,1.25,0.35,5,73.9,20.2,0.07,-0.0087,0.075,-0.0,-0.009,0.58,0.051,3.27,11.84,-1.87,1,0.886,14.54,7.1,-2.558,1,5,0.0796,0.0777,0.0722,0.0703
132.113,1,0.866,1.5,0.38,5,73.6,19.97,0.07,-0.0173,0.074,-0.001,-0.008,0.582,0.052,3.27,11.84,-1.87,1,0.879,15.03,6.43,-6.559,1,5,0.0778,0.0759,0.0703,0.0722
132.146,1,0.864,1.5,0.1,5,73.3,20.0,0.07,-0.0208,0.071,-0.002,-0.033,0.585,0.052,3.21,11.84,-1.87,1,0.879,15.03,6.43,-6.56,1,5,0.0703,0.0703,0.0685,0.0759
132.182,1,0.864,1.75,0.14,5,73.4,20.0,0.07,-0.0158,0.068,-0.001,0.002,0.587,0.052,3.27,11.84,-1.87,1,0.879,15.03,6.43,-6.56,1,5,0.0647,0.0684,0.0666,0.074
132.213,1,0.858,1.75,0.13,5,73.4,20.0,0.07,-0.0193,0.068,-0.0,-0.005,0.589,0.052,3.27,11.84,-1.87,1,0.885,15.03,6.41,-5.246,1,5,0.0647,0.0702,0.0647,0.0721
132.247,1,0.817,1.75,0.73,5,73.4,20.0,0.07,-0.0188,0.067,0.0,0.001,0.591,0.052,3.21,11.84,-1.87,1,0.886,15.03,6.4,-6.565,1,5,0.0646,0.0702,0.0646,0.0683
132.314,1,0.848,1.25,0.37,5,73.6,20.44,0.07,-0.0289,0.068,0.003,-0.009,0.594,0.052,3.21,11.83,-2.49,1,0.848,16.48,5.85,-6.794,1,5,0.0628,0.072,0.0702,0.0683
132.345,1,0.85,1.25,0.37,5,73.6,20.44,0.07,-0.0166,0.072,0.002,0.014,0.597,0.053,3.27,11.83,-2.49,1,0.87,18.9,13.45,-3.308,1,5,0.0666,0.0721,0.0758,0.074
132.413,1,0.847,1.25,0.11,5,73.7,20.04,0.07,-0.0172,0.074,-0.0,-0.001,0.602,0.053,3.27,11.83,-2.49,1,0.89,18.42,13.85,-4.15,1,5,0.0758,0.0739,0.0739,0.0739
132.452,1,0.854,1.25,0.01,5,73.9,20.0,0.07,-0.0128,0.075,0.0,-0.008,0.605,0.053,3.27,11.83,-2.49,1,0.893,18.42,13.85,-4.147,1,5,0.0776,0.0757,0.0757,0.072
132.481,1,0.861,1.25,0.29,5,74.1,20.04,0.07,-0.0111,0.075,-0.0,-0.011,0.608,0.053,3.21,11.83,-2.49,1,0.893,18.42,13.85,-4.147,1,5,0.0757,0.0757,0.0757,0.0739
132.512,1,0.867,1.25,0.01,5,74.3,20.0,0.07,-0.016,0.074,-0.001,-0.018,0.609,0.053,3.21,11.83,-3.0,1,0.896,18.42,13.86,-4.145,1,5,0.0759,0.0722,0.074,0.074
132.55,1,0.868,1.25,0.01,5,74.7,20.0,0.07,-0.0112,0.074,-0.003,-0.019,0.613,0.053,3.15,11.83,-3.0,1,0.893,18.42,13.87,-4.145,1,5,0.074,0.0703,0.0703,0.0795
132.58,1,0.865,1.25,0.01,5,75.0,20.0,0.07,-0.0112,0.073,-0.003,0.008,0.615,0.053,3.15,11.83,-3.0,1,0.9,18.42,13.15,-5.394,1,5,0.0722,0.0703,0.0703,0.0796
132.614,1,0.857,1.25,-0.27,5,75.0,20.04,0.07,-0.0113,0.073,-0.002,0.009,0.616,0.053,3.15,11.83,-3.0,1,0.899,18.42,13.5,-3.65,1,5,0.0722,0.0722,0.0685,0.0777
132.646,1,0.837,1.0,0.6,5,75.1,20.2,0.07,-0.0065,0.071,-0.001,-0.0,0.619,0.053,3.15,11.83,-3.0,1,0.901,18.42,12.83,-3.339,1,5,0.0703,0.0722,0.0685,0.074
132.68,1,0.842,1.0,0.59,5,75.1,20.2,0.07,-0.0185,0.071,-0.0,0.016,0.622,0.054,3.15,11.83,-3.0,1,0.901,18.42,12.83,-3.339,1,5,0.0703,0.0703,0.0703,0.0722
132.714,1,0.859,1.25,-0.06,5,75.3,20.46,0.07,-0.0186,0.071,-0.0,0.047,0.623,0.054,3.21,11.83,-2.13,1,0.901,18.42,12.83,-3.339,1,5,0.0685,0.0685,0.0722,0.074
132.744,1,0.86,1.25,0.01,5,75.3,20.0,0.07,-0.0106,0.069,0.0,-0.015,0.626,0.054,3.27,11.83,-2.13,1,0.901,18.42,12.87,-5.872,1,5,0.0685,0.0685,0.0703,0.0703
132.78,1,0.858,1.25,0.01,5,75.5,20.0,0.07,-0.0116,0.069,0.003,-0.006,0.629,0.054,3.27,11.83,-2.13,1,0.901,18.42,12.87,-5.872,1,5,0.0703,0.0722,0.0722,0.0629
132.813,1,0.857,1.25,0.01,5,75.5,20.0,0.07,-0.0115,0.071,0.003,0.006,0.63,0.054,3.27,11.83,-2.13,1,0.91,18.42,12.88,-5.869,1,5,0.0722,0.0759,0.0722,0.0629
132.849,1,0.852,1.0,0.32,5,75.3,20.0,0.07,-0.0115,0.073,0.004,-0.06,0.633,0.055,3.21,11.83,-2.13,1,0.91,18.42,12.89,-5.868,1,5,0.074,0.0777,0.0759,0.0648
132.881,1,0.847,0.75,0.08,5,75.0,20.2,0.07,-0.0138,0.074,0.0,-0.039,0.636,0.055,3.04,11.83,-2.13,1,0.905,18.42,12.82,-4.602,1,5,0.0758,0.0721,0.0776,0.0721
132.948,1,0.843,0.5,-0.19,5,74.8,20.44,0.07,-0.0074,0.07,-0.0,-0.03,0.64,0.055,2.92,11.81,-1.41,1,0.91,17.45,12.74,-4.244,1,5,0.074,0.0629,0.0758,0.0666
132.979,1,0.853,0.25,-0.14,5,75.0,20.44,0.07,0.0003,0.067,0.0,-0.03,0.643,0.055,2.86,11.81,-1.41,1,0.916,16.96,11.56,-5.509,1,5,0.0703,0.0629,0.0703,0.0629
133.009,1,0.864,0.25,-0.24,5,75.0,20.0,0.07,0.0018,0.067,-0.0,-0.035,0.644,0.055,2.81,11.81,-1.41,1,0.915,16.96,11.14,-3.427,1,5,0.0721,0.0666,0.0666,0.0629
133.049,1,0.868,0.25,-0.32,5,75.0,20.0,0.07,0.003,0.068,0.0,0.022,0.647,0.055,2.86,11.81,-1.41,1,0.926,16.96,10.18,-5.307,1,5,0.0684,0.0703,0.0666,0.0666
133.082,1,0.86,0.25,-0.2,5,74.8,20.44,0.07,0.0042,0.071,0.002,0.04,0.65,0.056,2.92,11.81,-1.41,1,0.926,16.96,10.18,-5.307,1,5,0.0666,0.0721,0.074,0.0703
133.111,1,0.853,0.25,-0.21,5,74.8,20.46,0.07,0.0019,0.071,0.002,-0.02,0.651,0.056,2.92,11.81,-1.41,1,0.919,16.96,11.18,-3.427,1,5,0.0665,0.0702,0.0758,0.0721
133.149,1,0.85,0.75,-0.51,5,74.6,20.2,0.07,0.0018,0.071,-0.0,0.03,0.654,0.056,3.04,11.81,-1.41,1,0.919,16.96,11.18,-3.427,1,5,0.0703,0.0666,0.074,0.0721
133.18,1,0.85,0.25,0.05,5,74.4,20.44,0.07,0.0006,0.072,-0.001,-0.041,0.657,0.056,2.98,11.81,-1.41,1,0.918,17.45,11.44,-5.248,1,5,0.0722,0.0685,0.0722,0.0703
133.212,1,0.847,0.25,0.06,5,73.7,20.46,0.07,-0.0028,0.073,0.0,-0.002,0.659,0.056,2.92,11.81,-1.41,1,0.921,17.45,11.13,-4.683,1,5,0.0777,0.074,0.0721,0.0684
133.244,1,0.844,0.25,0.07,5,73.4,20.44,0.07,-0.003,0.073,0.001,0.003,0.662,0.056,2.92,11.81,-1.41,1,0.925,16.96,11.16,-3.427,1,5,0.0739,0.0758,0.0721,0.0702
133.314,1,0.83,0.25,0.21,5,73.0,20.0,0.07,-0.0034,0.068,0.0,-0.036,0.666,0.056,2.86,11.78,-0.97,1,0.927,16.96,10.13,-5.333,1,5,0.0666,0.0666,0.0703,0.0703
133.346,1,0.842,0.25,-0.52,5,73.1,20.04,0.07,-0.0059,0.066,-0.0,-0.02,0.668,0.056,2.81,11.78,-0.97,1,0.927,16.96,10.13,-5.333,1,5,0.0685,0.0648,0.0666,0.0648
133.382,1,0.844,0.25,-0.52,5,73.1,20.04,0.07,0.0069,0.066,-0.001,-0.016,0.671,0.057,2.75,11.78,-0.97,1,0.914,16.96,10.14,-5.329,1,5,0.0703,0.0648,0.0648,0.0648
133.415,1,0.845,0.25,-0.63,5,73.2,20.2,0.07,0.0069,0.068,0.001,0.022,0.674,0.057,2.81,11.78,-0.97,1,0.912,16.96,8.79,-5.091,1,5,0.0704,0.0667,0.0648,0.063
133.45,1,0.846,0.25,-0.25,5,73.3,20.0,0.07,0.0088,0.068,0.001,0.032,0.675,0.057,2.81,11.78,-0.97,1,0.912,16.96,8.82,-5.094,1,5,0.0666,0.0685,0.0703,0.0685
133.479,1,0.834,0.25,-0.13,5,73.2,20.44,0.07,0.0021,0.067,0.0,0.001,0.678,0.057,2.81,11.78,-0.97,1,0.912,16.96,8.82,-5.094,1,5,0.0611,0.0648,0.0703,0.0722
133.513,1,0.831,0.0,0.2,5,73.3,20.44,0.07,-0.0,0.067,0.001,0.01,0.679,0.057,2.81,11.78,-1.33,1,0.909,16.48,9.31,-5.936,1,5,0.0592,0.0647,0.0703,0.0721
133.545,1,0.821,0.25,-0.16,5,73.2,20.46,0.07,-0.0028,0.065,-0.0,0.011,0.682,0.057,2.86,11.78,-1.33,1,0.908,16.48,9.31,-5.935,1,5,0.0648,0.0611,0.0685,0.0666
133.582,1,0.817,-0.25,0.5,5,73.1,20.46,0.07,0.0002,0.068,0.002,-0.01,0.684,0.058,2.81,11.78,-1.33,1,0.9,16.48,9.19,-4.56,1,5,0.0704,0.0685,0.0722,0.0611
133.615,1,0.826,0.25,-0.14,5,73.2,20.46,0.07,-0.0049,0.069,0.002,-0.004,0.686,0.058,2.81,11.78,-1.33,1,0.9,16.48,9.19,-4.56,1,5,0.0722,0.0704,0.0722,0.0611
133.647,1,0.827,0.0,-0.07,5,73.0,20.56,0.07,-0.0002,0.07,0.003,-0.009,0.689,0.058,2.81,11.78,-1.33,1,0.9,16.48,9.61,-5.342,1,5,0.0703,0.074,0.0722,0.0629
133.683,1,0.825,-0.25,0.02,5,72.9,20.46,0.07,0.0018,0.069,0.0,-0.067,0.691,0.058,2.69,11.78,-1.33,1,0.898,16.48,9.19,-3.153,1,5,0.0684,0.0665,0.0721,0.0684
133.712,1,0.833,-0.25,-0.05,5,73.1,20.0,0.07,0.0032,0.067,-0.0,-0.053,0.693,0.058,2.64,11.78,-1.7,1,0.904,15.99,8.95,-5.396,1,5,0.0684,0.0628,0.0702,0.0665
133.747,1,0.831,-0.25,-0.26,5,73.3,20.2,0.07,0.0038,0.065,-0.0,-0.026,0.695,0.058,2.52,11.78,-1.7,1,0.897,15.99,8.57,-4.596,1,5,0.0685,0.0611,0.0685,0.0629
133.814,1,0.813,-0.25,-0.69,5,73.5,20.46,0.07,0.0072,0.066,0.002,-0.01,0.699,0.058,2.52,11.78,-1.7,1,0.895,15.51,7.01,-5.165,1,5,0.0704,0.0667,0.0685,0.0574
133.849,1,0.819,-0.25,-0.81,5,73.6,20.44,0.07,0.0146,0.068,0.002,0.007,0.702,0.059,2.52,11.78,-1.7,1,0.896,15.51,7.29,-4.568,1,5,0.0685,0.0667,0.0722,0.063
133.915,1,0.846,-0.5,-0.95,5,73.7,20.2,0.07,0.0164,0.069,0.0,0.005,0.706,0.059,2.52,11.76,-2.55,1,0.891,15.51,7.32,-4.559,1,5,0.0667,0.0667,0.0723,0.0723
134.012,1,0.839,-0.5,-1.1,5,73.5,20.56,0.07,0.0215,0.075,0.0,-0.011,0.714,0.059,2.58,11.76,-2.55,1,0.879,15.51,7.35,-4.533,1,5,0.076,0.0797,0.0704,0.0723
134.045,1,0.83,-0.25,-0.48,5,73.6,20.44,0.07,0.0239,0.072,0.003,0.014,0.716,0.059,2.64,11.76,-2.55,1,0.872,15.51,7.36,-4.529,1,5,0.0741,0.0834,0.0667,0.063
134.081,1,0.825,-0.25,-0.31,5,73.4,20.44,0.07,0.0099,0.068,0.002,-0.025,0.719,0.059,2.58,11.76,-2.55,1,0.872,15.51,7.36,-4.529,1,5,0.0704,0.0759,0.063,0.0611
134.114,1,0.826,-0.25,-0.67,5,73.1,20.46,0.07,0.0073,0.066,-0.0,-0.06,0.72,0.059,2.52,11.76,-3.31,1,0.873,15.51,7.38,-4.524,1,5,0.0704,0.0686,0.063,0.063
134.144,1,0.827,-0.5,-0.51,5,73.0,20.2,0.07,0.0135,0.068,-0.002,0.011,0.723,0.059,2.46,11.76,-3.31,1,0.867,15.03,7.45,-4.678,1,5,0.0703,0.0648,0.0666,0.0703
134.213,1,0.82,-0.75,-0.46,5,73.4,20.46,0.07,0.0138,0.068,0.001,-0.007,0.727,0.06,2.41,11.76,-3.31,1,0.861,15.03,6.5,-5.218,1,5,0.0648,0.0666,0.0703,0.0685
134.244,1,0.826,-1.0,-0.41,5,73.9,20.44,0.07,0.0161,0.068,0.004,0.023,0.73,0.06,2.41,11.76,-3.31,1,0.861,14.54,6.84,-3.272,1,5,0.0592,0.0684,0.074,0.0684
134.311,1,0.837,-0.75,-0.86,5,73.9,20.46,0.07,0.0173,0.073,-0.001,0.029,0.734,0.06,2.46,11.74,-3.08,1,0.854,14.54,6.28,-4.522,1,5,0.0703,0.0703,0.074,0.0777
134.347,1,0.84,-0.75,-0.56,5,73.5,20.46,0.07,0.0217,0.073,-0.002,0.04,0.737,0.06,2.58,11.74,-3.08,1,0.854,14.54,6.28,-4.522,1,5,0.0734,0.0697,0.0734,0.0771
134.416,1,0.841,-1.0,-0.7,5,72.6,20.2,0.07,0.0164,0.078,0.003,0.015,0.744,0.061,2.64,11.74,-3.08,1,0.836,14.54,6.18,-5.222,1,5,0.0728,0.0838,0.0746,0.0746
134.447,1,0.798,-1.0,-0.78,5,72.6,20.44,0.07,0.0219,0.079,0.0,-0.01,0.745,0.061,2.64,11.74,-3.08,1,0.836,14.54,6.18,-5.222,1,5,0.0782,0.0855,0.0728,0.0782
134.546,1,0.807,-1.25,-0.29,5,72.4,20.46,0.07,0.0228,0.069,-0.001,-0.004,0.752,0.061,2.64,11.74,-4.16,1,0.821,14.54,7.89,-2.995,1,5,0.0684,0.0702,0.0665,0.0721
134.613,1,0.815,-1.0,-0.75,5,73.5,20.2,0.07,0.017,0.068,-0.0,0.032,0.756,0.061,2.69,11.74,-4.16,1,0.784,14.54,9.45,4.309,1,5,0.0647,0.0721,0.0629,0.0721
134.646,1,0.822,-1.0,-0.87,5,73.4,20.56,0.07,0.0219,0.071,0.0,0.04,0.759,0.061,2.81,11.74,-4.16,1,0.762,14.54,10.61,0.0,0,5,0.0665,0.0739,0.0684,0.0739
134.678,1,0.815,-0.75,-1.24,5,73.4,20.46,0.07,0.024,0.073,0.0,0.002,0.762,0.061,2.81,11.74,-4.16,1,0.751,14.54,11.56,0.0,0,5,0.0665,0.072,0.0739,0.0794
134.713,1,0.833,-0.75,-0.81,5,73.5,20.44,0.07,0.0275,0.073,-0.0,0.03,0.764,0.061,2.86,11.74,-2.93,1,0.751,14.54,11.56,0.0,0,5,0.0684,0.0721,0.0739,0.0795
134.748,1,0.835,-1.0,-0.4,5,73.6,20.44,0.07,0.0204,0.074,0.002,-0.01,0.767,0.062,2.86,11.74,-2.93,1,0.737,14.54,13.73,0.0,0,5,0.0657,0.0767,0.0749,0.0785
134.812,1,0.829,-0.75,-0.74,5,73.6,20.46,0.07,0.0162,0.073,0.005,0.005,0.771,0.062,2.86,11.74,-2.93,1,0.734,14.54,15.09,0.0,0,5,0.0675,0.0839,0.0712,0.0693
134.849,1,0.83,-0.75,-0.66,5,73.6,20.46,0.07,0.0192,0.071,0.002,-0.002,0.774,0.062,2.86,11.74,-2.93,1,0.733,14.54,18.57,0.0,0,5,0.0683,0.0776,0.0683,0.0683
134.948,1,0.828,-0.75,-0.8,5,73.8,20.46,0.07,0.0181,0.068,-0.002,0.003,0.781,0.062,2.86,11.72,-0.01,1,0.744,11.15,15.38,0.0,0,5,0.0666,0.0703,0.0629,0.074
135.012,1,0.829,-0.75,-0.82,5,73.8,20.46,0.07,0.0206,0.069,0.0,0.04,0.785,0.063,2.92,11.72,-0.01,1,0.744,11.15,15.38,0.0,0,5,0.0667,0.0722,0.0648,0.0704
135.043,1,0.83,-0.75,-0.54,5,73.8,20.46,0.07,0.0209,0.07,0.0,0.018,0.788,0.063,2.98,11.72,-0.01,1,0.726,9.69,18.93,0.0,0,5,0.0648,0.0703,0.0703,0.074
135.114,1,0.82,-0.75,-0.48,5,73.7,20.46,0.07,0.0161,0.07,0.001,-0.027,0.792,0.063,2.98,11.72,3.08,1,0.726,7.76,15.19,0.0,0,5,0.0684,0.0721,0.0702,0.0702
135.144,1,0.807,-0.75,-0.87,5,73.7,20.44,0.07,0.015,0.069,0.001,0.018,0.795,0.063,3.04,11.72,3.08,1,0.726,7.76,15.19,0.0,0,5,0.0702,0.0739,0.0665,0.0665
135.214,1,0.819,-0.75,-0.85,5,74.5,20.44,0.07,0.0219,0.067,0.001,-0.02,0.799,0.064,3.04,11.72,3.08,1,0.713,3.39,13.39,0.0,0,5,0.0647,0.0702,0.0647,0.0665
135.247,1,0.824,-0.75,-0.92,5,74.8,20.46,0.07,0.0215,0.064,0.0,0.002,0.801,0.064,3.04,11.72,3.08,1,0.713,3.39,13.39,0.0,0,5,0.061,0.0647,0.0647,0.0666
135.316,1,0.822,-0.75,-0.85,5,75.2,20.44,0.07,0.0228,0.062,-0.0,0.03,0.806,0.064,3.15,11.7,5.14,1,0.681,2.42,24.82,0.0,0,5,0.0591,0.0665,0.0573,0.0665
135.346,1,0.845,-0.75,-1.16,5,75.3,20.44,0.07,0.0216,0.063,-0.003,0.019,0.807,0.064,3.15,11.7,5.14,1,0.681,2.42,24.82,0.0,0,5,0.061,0.0647,0.0554,0.0702
135.379,1,0.847,-0.75,-0.95,5,75.6,20.44,0.07,0.027,0.063,-0.002,0.0,0.81,0.064,3.15,11.7,5.14,1,0.686,0.0,29.7,0.0,0,5,0.0609,0.0683,0.0536,0.0702
135.409,1,0.855,-0.5,-1.03,5,75.8,19.97,0.07,0.0233,0.063,-0.002,0.022,0.811,0.064,3.21,11.7,5.14,1,0.68,-0.48,31.46,0.0,0,5,0.0609,0.0683,0.0536,0.0702
135.446,1,0.858,-0.5,-0.8,5,75.7,19.97,0.07,0.0216,0.067,0.001,0.037,0.814,0.064,3.27,11.7,5.14,1,0.68,-0.48,31.46,0.0,0,5,0.061,0.0739,0.0628,0.0702
135.515,1,0.819,-0.5,-0.34,5,75.7,19.97,0.07,0.0181,0.073,0.002,0.009,0.819,0.065,3.44,11.7,8.43,1,0.654,-0.48,37.64,0.0,0,5,0.0628,0.0758,0.0739,0.0776
135.542,1,0.816,-0.5,-0.32,5,75.7,19.97,0.07,0.0102,0.073,-0.0,0.014,0.821,0.065,3.5,11.7,8.43,1,0.658,-4.36,46.49,0.0,0,5,0.0702,0.0776,0.0684,0.0776
135.613,1,0.873,-0.25,-0.32,5,75.4,20.2,0.07,0.0099,0.075,-0.002,-0.026,0.826,0.065,3.55,11.7,8.43,1,0.675,-6.79,50.14,0.0,0,5,0.0776,0.0776,0.0683,0.0776
135.645,1,0.881,-0.25,-0.49,5,75.7,20.2,0.07,0.007,0.074,-0.0,0.014,0.829,0.065,3.55,11.7,8.43,1,0.689,-9.69,53.13,0.0,0,5,0.0721,0.074,0.074,0.0758
135.711,1,0.865,0.25,-0.9,5,75.5,20.04,0.07,0.0103,0.07,0.001,0.027,0.833,0.065,3.67,11.7,14.92,1,0.693,-11.63,52.99,0.0,0,5,0.0648,0.0759,0.0666,0.074
135.747,1,0.864,0.25,-0.92,5,75.3,20.0,0.07,0.0118,0.069,-0.001,0.014,0.836,0.065,3.67,11.7,14.92,1,0.7,-16.96,55.01,0.0,0,5,0.0648,0.0777,0.0592,0.0759
135.813,1,0.888,0.75,-0.87,5,75.4,20.44,0.07,0.013,0.07,0.002,0.049,0.84,0.066,3.78,11.7,14.92,1,0.695,-19.87,56.79,0.0,0,5,0.0629,0.0796,0.0648,0.074
135.846,1,0.876,0.75,0.08,5,75.4,20.2,0.07,0.0065,0.069,0.005,-0.004,0.843,0.066,3.9,11.7,14.92,1,0.678,-22.3,57.56,0.0,0,5,0.0592,0.0777,0.0703,0.0703
135.911,1,0.848,0.5,-0.24,5,75.2,20.0,0.07,-0.0092,0.069,0.002,0.001,0.847,0.067,3.95,11.72,21.5,1,0.682,-26.66,59.58,0.0,0,5,0.0647,0.0739,0.0684,0.0702
136.013,1,0.866,0.25,0.08,5,74.6,20.44,0.07,-0.0002,0.075,-0.004,-0.004,0.855,0.067,3.9,11.72,21.5,1,0.684,-30.54,61.0,0.0,0,5,0.0736,0.0699,0.0718,0.0847
136.044,1,0.859,0.25,0.1,5,74.4,20.44,0.07,-0.0028,0.073,-0.002,0.014,0.858,0.067,3.95,11.72,21.5,1,0.684,-38.29,60.68,0.0,0,5,0.0695,0.0714,0.0695,0.0805
136.145,1,0.867,0.25,-0.6,5,74.5,20.2,0.07,-0.0038,0.071,-0.003,0.011,0.865,0.067,4.01,11.72,28.38,1,0.687,-42.65,63.32,0.0,0,5,0.0719,0.0738,0.0627,0.0774
136.246,1,0.859,0.5,-0.52,5,73.9,20.04,0.07,0.0083,0.074,0.005,0.033,0.872,0.068,4.13,11.72,28.38,1,0.691,-51.38,62.71,0.0,0,5,0.0718,0.0862,0.0718,0.0646
136.311,1,0.855,0.5,-0.78,5,73.9,19.97,0.07,0.0041,0.073,0.001,-0.011,0.876,0.068,4.13,11.72,28.38,1,0.691,-51.38,62.71,0.0,0,5,0.0712,0.0765,0.0712,0.0712
136.345,1,0.828,0.5,-0.37,5,73.5,20.2,0.07,0.0087,0.071,-0.002,-0.004,0.879,0.068,4.13,11.73,32.1,1,0.684,-52.83,63.31,0.0,0,5,0.066,0.066,0.0715,0.0807
136.408,1,0.785,0.5,-0.18,5,72.6,20.2,0.07,0.0019,0.07,-0.0,0.001,0.883,0.069,4.13,11.73,32.1,1,0.665,-55.25,62.91,0.0,0,5,0.0666,0.0703,0.0685,0.074
136.444,1,0.786,0.5,-0.25,5,72.0,20.2,0.07,-0.0015,0.071,0.0,-0.007,0.886,0.069,4.13,11.73,32.1,1,0.665,-55.25,62.91,0.0,0,5,0.0702,0.0702,0.072,0.0702
136.512,1,0.823,0.25,-0.13,5,72.3,20.2,0.07,-0.0002,0.071,-0.001,0.013,0.89,0.069,4.13,11.73,32.1,1,0.668,-51.86,62.76,0.0,0,5,0.0718,0.0681,0.0718,0.0736
136.549,1,0.803,0.25,0.13,5,72.9,20.46,0.07,0.0007,0.071,-0.003,-0.044,0.893,0.069,4.13,11.73,35.56,1,0.653,-49.44,62.82,0.0,0,5,0.0719,0.0682,0.0664,0.0756
136.644,1,0.835,0.25,-1.06,5,73.1,20.46,0.07,-0.0043,0.071,0.003,0.01,0.9,0.07,4.24,11.73,35.56,1,0.666,-44.59,61.12,0.0,0,5,0.0721,0.0758,0.0721,0.0647
136.745,1,0.79,0.25,-1.24,5,72.8,20.46,0.07,0.0163,0.069,-0.003,0.001,0.907,0.07,4.18,11.73,38.05,1,0.703,-41.2,58.8,0.0,0,5,0.0703,0.0647,0.0684,0.074
136.814,1,0.765,0.25,0.41,5,73.5,20.04,0.07,0.0194,0.069,-0.0,0.001,0.911,0.071,4.18,11.73,38.05,1,0.716,-36.35,57.27,0.0,0,5,0.0684,0.0703,0.0666,0.0703
136.846,1,0.761,0.25,-0.12,5,74.1,20.57,0.07,-0.0093,0.071,0.0,0.009,0.914,0.071,4.24,11.73,38.05,1,0.716,-36.35,57.27,0.0,0,5,0.0684,0.0721,0.0702,0.0739
136.945,1,0.634,0.25,-2.4,4,74.9,20.25,0.07,-0.0001,0.068,-0.001,-0.002,0.921,0.071,4.18,11.73,41.97,1,0.727,-30.05,57.62,0.0,0,5,0.0742,0.0706,0.0634,0.0652
137.044,1,0.572,0.0,1.51,4,73.5,24.57,0.07,0.0397,0.067,0.004,-0.005,0.928,0.072,4.24,11.73,41.97,1,0.814,-28.11,52.09,0.0,0,5,0.0609,0.0702,0.072,0.0646
137.145,1,0.512,0.0,0.28,4,73.9,21.65,0.07,-0.026,0.064,-0.001,-0.009,0.934,0.072,4.24,11.73,44.81,1,0.816,-23.27,52.91,0.0,0,5,0.0609,0.0628,0.0628,0.0702
137.244,1,0.402,-0.25,2.64,3,74.5,26.37,0.07,-0.0047,0.067,-0.001,-0.013,0.94,0.073,4.13,11.73,44.81,1,0.815,-20.36,51.52,0.0,0,5,0.0708,0.0617,0.0689,0.0653
137.31,1,0.317,-0.5,4.2,3,74.0,26.9,0.07,-0.0432,0.068,-0.002,0.005,0.944,0.073,4.18,11.73,44.81,1,0.848,-15.51,50.6,0.0,0,5,0.0708,0.0635,0.0672,0.069
137.344,1,0.327,-1.75,13.38,3,74.3,26.9,0.07,-0.0675,0.068,-0.003,-0.021,0.947,0.073,4.13,11.76,44.81,1,0.848,-12.6,51.08,0.0,0,5,0.0722,0.0667,0.063,0.0704
137.408,1,0.263,-2.5,0.0,2,75.4,27.56,0.07,-0.2144,0.07,-0.0,0.023,0.951,0.073,4.01,11.76,44.81,1,0.849,-10.66,50.95,0.0,0,5,0.0778,0.0723,0.0686,0.063
137.444,1,0.238,-2.75,0.0,2,76.1,29.4,0.07,0.0231,0.069,0.002,-0.031,0.953,0.074,3.95,11.76,44.81,1,0.849,-10.66,50.95,0.0,0,5,0.0777,0.0666,0.0758,0.0555
137.474,1,0.226,-3.24,0.0,2,76.5,30.71,0.07,0.0289,0.068,0.003,-0.103,0.955,0.074,3.84,11.76,44.81,1,0.843,-4.85,51.0,0.0,0,5,0.0776,0.0628,0.0795,0.0536
137.507,1,0.22,-3.99,0.0,2,76.5,30.7,0.07,0.0333,0.07,-0.001,-0.136,0.958,0.074,3.55,11.76,44.81,1,0.843,-4.85,51.0,0.0,0,5,0.0886,0.0517,0.0849,0.0535
137.541,1,0.196,-2.5,0.0,2,75.3,20.48,0.07,0.0419,0.071,-0.0,-0.067,0.961,0.074,3.38,11.76,44.5,1,0.843,-4.85,51.0,0.0,0,5,0.0869,0.0518,0.0888,0.0555
137.645,1,0.18,3.24,48.87,3,68.9,30.59,0.07,0.0219,0.068,-0.001,0.011,0.967,0.074,3.38,11.76,44.5,1,0.855,6.3,50.44,0.0,0,5,0.0681,0.0699,0.0626,0.0699
137.741,1,0.106,13.23,0.0,1,61.7,37.43,0.07,-0.4242,0.065,-0.003,-0.035,0.974,0.074,3.38,11.76,45.0,1,0.853,10.18,51.57,0.0,0,5,0.0666,0.0629,0.0611,0.0685
137.774,1,0.115,16.72,0.0,1,60.2,37.43,0.0573,-0.347,0.066,-0.002,-0.021,0.975,0.074,3.32,11.76,45.0,1,0.846,12.6,51.49,0.0,0,5,0.0685,0.0629,0.0648,0.0666
137.846,0,0.0,0.0,0.0,0,59.5,0.0,0.035,-0.2121,0.072,-0.003,-0.287,0.981,0.074,2.35,11.76,45.0,1,0.846,12.6,51.49,0.0,0,5,0.1093,0.0259,0.1111,0.0408
137.874,1,0.014,-2.37,0.0,1,60.4,23.73,0.035,-0.2121,0.071,-0.004,-0.362,0.982,0.074,1.95,11.76,45.0,1,0.839,16.48,50.57,0.0,0,5,0.1241,0.0167,0.1167,0.0259
137.905,1,0.035,-3.16,0.0,1,60.3,25.31,0.035,-0.2121,0.068,-0.006,-0.32,0.985,0.074,1.15,11.76,45.0,1,0.839,16.48,50.57,0.0,0,5,0.1407,0.0037,0.1185,0.0074
137.941,1,0.032,-1.85,0.0,1,59.9,23.73,0.035,-0.2121,0.06,-0.006,-0.327,0.987,0.074,0.34,11.76,41.88,1,0.839,16.48,50.57,0.0,0,5,0.1333,-0.0019,0.1111,-0.0019
137.972,1,0.036,-3.96,0.0,1,60.1,24.79,0.035,-0.2121,0.057,-0.005,-0.329,0.988,0.074,-0.0,11.76,41.88,1,0.84,16.48,47.56,0.0,0,5,0.1241,-0.0037,0.1093,0.0
138.006,1,0.038,-3.69,0.0,1,60.6,25.31,0.0112,-0.45,0.051,-0.002,-0.254,0.99,0.074,-0.69,11.76,41.88,1,0.84,16.48,47.56,0.0,0,5,0.1051,-0.0018,0.0996,0.0
138.042,1,0.038,-3.96,0.0,1,60.8,24.79,0.0,-0.5672,0.047,0.001,-0.215,0.992,0.074,-1.2,11.76,41.88,1,0.84,16.48,47.56,0.0,0,5,0.0923,0.0,0.0959,0.0
138.072,1,0.026,-2.11,0.0,1,60.5,20.04,0.0,-0.6,0.045,0.001,-0.227,0.993,0.074,-1.49,11.76,41.88,1,0.857,20.36,47.37,0.0,0,5,0.0867,-0.0018,0.0941,0.0
138.142,1,0.022,-2.11,0.0,1,59.5,18.99,0.0,-0.6,0.027,-0.001,-0.419,0.995,0.074,-3.04,11.76,41.88,1,0.852,19.39,46.99,0.0,0,5,0.0852,-0.0352,0.087,-0.0296
138.172,1,0.056,22.71,0.0,1,60.4,29.45,0.0,-0.6,0.02,-0.001,-0.468,0.995,0.074,-3.61,11.76,41.88,1,0.858,17.45,45.33,0.0,0,5,0.0888,-0.0481,0.0851,-0.0463
138.241,1,0.191,16.72,0.0,2,61.8,27.35,0.0,-0.6,0.001,-0.006,-0.546,0.995,0.073,-6.07,11.76,41.88,1,0.877,10.66,41.16,0.0,0,5,0.0981,-0.0963,0.0852,-0.0833
138.272,1,0.207,13.23,0.0,2,63.1,27.09,0.0,-0.6,-0.0,-0.009,-0.576,0.995,0.073,-6.7,11.76,41.88,1,0.911,7.27,37.89,0.0,0,5,0.1,-0.1037,0.0852,-0.0833
138.341,1,0.279,6.24,42.62,3,66.9,28.45,0.014,-0.0849,-0.003,-0.007,-0.578,0.994,0.073,-9.4,11.76,41.88,1,0.911,7.27,37.89,0.0,0,5,0.1018,-0.1074,0.087,-0.0926
138.374,1,0.425,2.25,42.13,4,67.6,27.84,0.0281,-0.1704,-0.002,-0.006,-0.531,0.994,0.072,-10.08,11.76,41.88,1,0.846,-4.85,25.76,0.0,0,5,0.1037,-0.1074,0.0907,-0.0963
138.445,1,0.434,-6.99,45.62,4,70.0,28.49,0.0491,-0.2973,0.002,-0.006,-0.395,0.994,0.072,-12.15,11.76,41.88,1,0.865,-14.06,15.24,0.0,0,5,0.0999,-0.0851,0.0759,-0.0833
138.472,1,0.584,-7.74,44.11,4,71.5,27.67,0.0632,-0.3832,0.005,-0.008,-0.339,0.995,0.072,-12.49,11.76,41.88,1,0.895,-18.9,5.06,0.0,0,5,0.0925,-0.074,0.0666,-0.0666
138.542,1,0.675,-9.73,42.73,5,72.6,26.86,0.07,-0.4242,0.026,-0.012,-0.312,0.997,0.07,-13.81,11.76,44.88,1,0.895,-18.9,5.06,0.0,0,5,0.0888,-0.037,0.0648,-0.0111
138.572,1,0.701,-10.73,42.41,5,72.7,26.27,0.07,-0.4242,0.033,-0.011,-0.336,0.998,0.07,-14.21,11.76,44.88,1,0.933,-25.69,-5.88,5.443,1,5,0.0962,-0.0296,0.074,-0.0074
138.641,1,0.772,-9.98,40.82,5,73.0,25.71,0.07,-0.4242,0.061,-0.006,-0.403,1.002,0.068,-16.04,11.76,44.88,1,0.933,-25.69,-5.88,5.443,1,5,0.1357,-0.0092,0.1192,0.0
138.672,1,0.782,-9.73,40.03,5,72.9,25.11,0.07,-0.4242,0.066,-0.006,-0.383,1.004,0.067,-16.5,11.76,44.88,1,0.949,-30.05,-15.9,4.504,1,5,0.1449,-0.0055,0.1247,0.0
138.742,1,0.799,-10.98,39.22,5,72.7,25.11,0.07,-0.4242,0.074,-0.001,-0.4,1.01,0.066,-18.33,11.76,44.88,1,0.97,-32.47,-22.08,0.0,0,5,0.1474,0.0018,0.1437,0.0018
138.772,1,0.81,-10.98,38.34,5,72.8,25.11,0.07,-0.4242,0.073,0.002,-0.459,1.011,0.065,-18.85,11.76,44.88,1,0.98,-33.44,-25.76,0.0,0,5,0.1401,0.0018,0.1474,0.0018
138.806,1,0.81,-11.48,37.47,5,73.2,23.94,0.07,-0.4242,0.07,0.002,-0.408,1.014,0.064,-19.82,11.76,44.88,1,0.98,-33.44,-25.76,0.0,0,5,0.1346,0.0,0.1439,0.0
138.842,1,0.804,-11.98,37.19,5,72.9,23.94,0.07,-0.4242,0.07,0.002,-0.384,1.016,0.063,-20.68,11.76,44.88,1,0.98,-33.44,-25.76,0.0,0,5,0.1369,0.0,0.1443,0.0
138.872,1,0.792,-12.23,36.49,5,72.6,23.87,0.07,-0.4242,0.072,0.002,-0.385,1.018,0.063,-21.14,11.76,44.88,1,0.98,-33.44,-25.76,0.0,0,5,0.1397,0.0,0.147,0.0
138.911,1,0.799,-11.98,35.41,5,72.8,23.35,0.07,-0.4242,0.071,0.001,-0.385,1.02,0.062,-22.06,11.76,44.88,1,0.98,-33.44,-25.76,0.0,0,5,0.1396,0.0,0.1433,0.0
138.941,1,0.806,-12.48,34.95,5,72.5,23.87,0.07,-0.4242,0.07,0.002,-0.395,1.023,0.061,-22.98,11.78,44.88,1,0.95,-40.23,-38.85,0.0,0,5,0.136,0.0,0.1433,0.0
138.971,1,0.81,-12.98,34.68,5,72.4,23.26,0.07,-0.4242,0.069,0.001,-0.399,1.024,0.06,-23.43,11.78,44.88,1,0.972,-42.17,-41.12,0.0,0,5,0.1368,0.0,0.1405,0.0
139.041,1,0.806,-13.73,32.67,5,72.0,22.78,0.07,-0.4242,0.072,-0.001,-0.39,1.029,0.058,-25.27,11.78,44.88,1,0.971,-45.56,-44.25,0.0,0,5,0.146,0.0,0.1405,0.0
139.072,1,0.819,-13.73,31.47,5,72.1,23.2,0.07,-0.4242,0.072,-0.001,-0.404,1.031,0.057,-25.78,11.78,44.88,1,0.965,-47.01,-46.67,0.0,0,5,0.1456,0.0,0.1419,0.0
139.11,1,0.827,-14.47,30.88,5,72.6,22.65,0.0702,-0.4231,0.073,0.0,-0.392,1.033,0.056,-26.7,11.78,44.88,1,0.958,-50.89,-49.93,0.0,0,5,0.1458,0.0,0.1458,0.0
139.142,1,0.834,-15.22,30.12,5,73.0,22.65,0.073,-0.4038,0.071,0.001,-0.404,1.036,0.055,-27.67,11.78,44.88,1,0.958,-50.89,-49.93,0.0,0,5,0.1385,0.0,0.144,0.0
139.172,1,0.843,-15.72,29.33,5,73.5,22.22,0.0766,-0.3835,0.07,0.0,-0.411,1.037,0.054,-28.13,11.78,44.88,1,0.945,-52.83,-52.03,0.0,0,5,0.1408,0.0,0.1408,0.0
139.206,1,0.853,-14.23,26.95,5,73.7,22.22,0.0804,-0.3656,0.071,-0.002,-0.42,1.039,0.053,-29.05,11.78,44.88,1,0.945,-52.83,-52.03,0.0,0,5,0.1462,0.0,0.137,0.0
139.243,1,0.865,-14.97,26.28,5,74.4,22.04,0.0874,-0.3438,0.074,-0.003,-0.366,1.042,0.051,-29.79,11.78,44.88,1,0.945,-52.83,-52.03,0.0,0,5,0.1523,0.0036,0.1398,0.0018
139.272,1,0.868,-15.72,25.34,5,74.9,22.04,0.0949,-0.3222,0.074,-0.002,-0.394,1.043,0.051,-30.25,11.78,44.88,1,0.923,-54.77,-54.17,0.0,0,5,0.1506,0.0036,0.1416,0.0018
139.306,1,0.874,-16.47,24.53,5,75.4,21.67,0.0994,-0.2975,0.074,-0.0,-0.391,1.046,0.049,-31.23,11.78,44.88,1,0.923,-54.77,-54.17,0.0,0,5,0.1444,0.0036,0.1444,0.0053
139.341,1,0.878,-17.47,23.84,5,75.3,21.67,0.1032,-0.2747,0.077,-0.002,-0.432,1.048,0.047,-32.14,11.78,32.82,1,0.923,-54.77,-54.17,0.0,0,5,0.1416,0.0018,0.149,0.0166
139.372,1,0.873,-17.97,22.43,5,75.5,21.67,0.1065,-0.2521,0.08,-0.004,-0.355,1.05,0.046,-32.6,11.78,32.82,1,0.893,-47.5,-48.41,0.0,0,5,0.1435,0.0037,0.1472,0.0239
139.409,1,0.871,-18.47,21.52,5,75.0,21.42,0.1132,-0.2393,0.088,-0.005,-0.314,1.053,0.044,-33.35,11.78,32.82,1,0.893,-47.5,-48.41,0.0,0,5,0.1498,0.0203,0.1461,0.0351
139.441,1,0.856,-18.72,20.91,5,74.7,21.42,0.1176,-0.2314,0.094,-0.003,-0.266,1.056,0.042,-33.92,11.78,32.82,1,0.951,-43.14,-43.38,0.0,0,5,0.1518,0.037,0.1444,0.0426
139.471,1,0.841,-18.72,20.05,5,74.0,21.11,0.1204,-0.2283,0.099,-0.003,-0.251,1.058,0.04,-34.26,11.78,32.82,1,0.979,-39.26,-41.31,0.0,0,5,0.1536,0.0444,0.1462,0.05
139.506,1,0.842,-18.97,19.61,5,73.8,21.02,0.1246,-0.2251,0.105,-0.004,-0.25,1.061,0.038,-34.84,11.78,32.82,1,0.979,-39.26,-41.31,0.0,0,5,0.1535,0.0536,0.1498,0.0647
139.545,1,0.846,-18.72,19.2,5,73.5,21.46,0.1266,-0.2204,0.115,-0.004,-0.233,1.065,0.035,-35.35,11.78,20.82,1,0.979,-39.26,-41.31,0.0,0,5,0.1553,0.0684,0.1535,0.0814
139.575,1,0.846,-17.72,18.72,5,72.6,21.11,0.1286,-0.2211,0.117,-0.001,-0.138,1.067,0.033,-35.52,11.78,20.82,1,0.928,-31.02,-29.6,0.0,0,5,0.1554,0.0777,0.1535,0.0814
139.605,1,0.854,-16.72,18.66,5,72.2,21.11,0.1309,-0.2295,0.123,0.001,-0.182,1.071,0.031,-35.98,11.78,20.82,1,0.925,-25.69,-23.35,0.0,0,5,0.1555,0.0925,0.1555,0.087
139.644,1,0.854,-16.97,19.24,5,72.2,21.11,0.1312,-0.2411,0.129,0.007,-0.175,1.076,0.028,-36.38,11.78,20.82,1,0.893,-17.93,-9.77,0.661,1,5,0.1549,0.1051,0.166,0.0885
139.676,1,0.859,-16.47,18.75,5,72.8,21.11,0.1284,-0.2407,0.132,0.006,-0.229,1.08,0.025,-36.9,11.78,20.82,1,0.893,-17.93,-9.77,0.661,1,5,0.1549,0.1033,0.1697,0.0922
139.71,1,0.863,-16.47,18.86,5,73.6,21.11,0.1308,-0.2418,0.133,0.005,-0.237,1.083,0.023,-37.18,11.78,20.82,1,0.88,-13.09,-1.51,4.086,1,5,0.1589,0.0986,0.1772,0.0968
139.739,1,0.858,-16.47,18.01,5,73.5,21.11,0.1302,-0.2422,0.129,-0.0,-0.233,1.087,0.02,-37.7,11.78,8.82,1,0.88,-9.21,5.17,4.535,1,5,0.1668,0.0843,0.1723,0.0916
139.775,1,0.846,-15.22,17.09,5,72.9,21.11,0.1343,-0.234,0.131,-0.003,-0.23,1.089,0.018,-37.99,11.78,8.82,1,0.88,-9.21,5.17,4.535,1,5,0.1742,0.0844,0.1724,0.0935
139.846,1,0.83,-15.47,16.74,5,72.4,20.56,0.1387,-0.2373,0.144,-0.004,-0.217,1.098,0.01,-39.13,11.78,8.82,1,0.857,4.36,27.31,0.0,0,5,0.1886,0.0971,0.1831,0.1062
139.875,1,0.824,-14.97,16.19,5,71.7,20.56,0.1403,-0.2297,0.145,-0.001,-0.299,1.102,0.007,-39.65,11.78,8.82,1,0.857,4.36,27.31,0.0,0,5,0.1849,0.1025,0.1849,0.108
139.905,1,0.837,-14.47,15.04,5,71.7,20.96,0.1429,-0.2287,0.146,0.0,-0.225,1.105,0.005,-39.99,11.78,8.82,1,0.824,9.69,35.82,0.0,0,5,0.1804,0.1086,0.1841,0.1104
139.943,1,0.83,-14.23,14.56,5,71.9,20.46,0.131,-0.1845,0.15,0.001,-0.226,1.109,0.001,-40.39,11.76,2.7,1,0.824,9.69,35.82,0.0,0,5,0.1833,0.1129,0.1907,0.1148
139.974,1,0.831,-14.23,14.05,5,72.6,20.46,0.1063,-0.1293,0.15,0.0,-0.226,1.112,-0.001,-40.68,11.76,2.7,1,0.878,9.21,37.34,0.0,0,5,0.1851,0.1111,0.1907,0.1148
140.004,1,0.827,-14.23,13.41,5,72.2,20.46,0.0829,-0.1193,0.15,-0.004,-0.189,1.116,-0.005,-41.08,11.76,2.7,1,0.87,7.76,36.59,0.0,0,5,0.1888,0.1037,0.1888,0.1185
140.075,1,0.818,-14.47,12.32,5,72.3,20.2,0.07,-0.107,0.14,-0.011,-0.107,1.124,-0.013,-42.06,11.76,2.7,1,0.881,6.3,33.33,0.0,0,5,0.1887,0.0989,0.1649,0.1172
140.109,1,0.82,-14.72,11.91,5,71.2,20.56,0.07,-0.0846,0.138,-0.009,-0.164,1.126,-0.015,-42.23,11.76,2.7,1,0.869,4.85,31.12,0.0,0,5,0.1792,0.1006,0.1573,0.1134
140.142,1,0.83,-14.72,11.39,5,71.7,20.46,0.07,-0.0744,0.134,-0.001,-0.153,1.13,-0.019,-42.57,11.76,6.08,1,0.883,1.94,24.86,0.0,0,5,0.1606,0.1052,0.1606,0.1108
140.174,1,0.833,-14.97,11.45,5,72.8,20.44,0.07,-0.0656,0.131,-0.0,-0.111,1.131,-0.02,-42.74,11.76,6.08,1,0.902,0.97,21.94,0.0,0,5,0.1514,0.1053,0.1551,0.1108
140.205,1,0.841,-12.48,9.99,5,73.9,20.44,0.07,-0.0641,0.121,-0.002,-0.07,1.134,-0.024,-42.86,11.76,6.08,1,0.909,0.48,20.43,0.0,0,5,0.1387,0.0999,0.1369,0.1073
140.243,1,0.838,-12.23,9.93,5,73.0,20.81,0.07,-0.0699,0.108,-0.009,-0.049,1.137,-0.027,-42.97,11.76,6.08,1,0.896,0.0,19.19,0.0,0,5,0.1368,0.0882,0.1116,0.0972
140.275,1,0.849,-12.98,10.5,5,72.9,20.44,0.07,-0.0691,0.104,-0.009,-0.107,1.139,-0.028,-43.09,11.76,6.08,1,0.896,0.0,19.19,0.0,0,5,0.1315,0.0846,0.1062,0.0936
140.305,1,0.858,-13.23,10.67,5,73.5,20.46,0.07,-0.0682,0.097,-0.008,-0.077,1.141,-0.031,-43.26,11.76,6.08,1,0.913,-1.94,13.98,4.253,1,5,0.1189,0.0775,0.1009,0.0901
140.343,1,0.852,-13.48,10.91,5,73.3,21.02,0.07,-0.0677,0.091,-0.004,-0.095,1.144,-0.033,-43.49,11.77,8.72,1,0.913,-1.94,13.98,4.253,1,5,0.1,0.0685,0.1055,0.0889
140.371,1,0.852,-13.98,10.49,5,73.5,21.02,0.07,-0.0685,0.087,-0.003,-0.105,1.145,-0.034,-43.6,11.77,8.72,1,0.927,-2.91,11.1,4.014,1,5,0.0944,0.0629,0.1055,0.0851
140.404,1,0.856,-14.23,10.01,5,73.8,20.56,0.07,-0.0555,0.08,-0.002,-0.056,1.147,-0.037,-43.77,11.77,8.72,1,0.927,-2.91,11.1,4.014,1,5,0.087,0.0574,0.0999,0.0777
140.44,1,0.856,-13.98,9.82,5,73.8,20.56,0.07,-0.0443,0.077,-0.004,-0.055,1.149,-0.039,-43.89,11.77,8.72,1,0.927,-2.91,11.1,4.014,1,5,0.0888,0.061,0.0851,0.0721
140.474,1,0.847,-13.48,9.67,5,73.6,20.56,0.07,-0.0448,0.076,-0.005,-0.013,1.15,-0.04,-43.89,11.77,8.72,1,0.927,-2.91,11.1,4.014,1,5,0.0906,0.0647,0.0776,0.0702
140.505,1,0.843,-13.73,10.02,5,73.4,20.81,0.07,-0.0484,0.073,-0.001,-0.038,1.152,-0.042,-44.0,11.77,8.72,1,0.906,-8.72,-0.01,4.256,1,5,0.0813,0.0739,0.0702,0.0665
140.545,1,0.84,-13.23,9.46,5,73.4,20.46,0.07,-0.0512,0.068,0.001,-0.035,1.154,-0.043,-44.0,11.77,11.21,1,0.929,-13.09,-11.58,1.117,1,5,0.0703,0.0684,0.0684,0.0629
140.572,1,0.831,-12.98,9.55,5,73.1,20.81,0.07,-0.0477,0.063,0.002,-0.012,1.155,-0.044,-44.0,11.77,11.21,1,0.929,-13.09,-11.58,1.117,1,5,0.0629,0.0629,0.0666,0.0592
140.607,1,0.829,-12.98,9.53,5,72.6,20.56,0.07,-0.0516,0.056,0.0,-0.001,1.156,-0.046,-44.06,11.77,11.21,1,0.949,-12.12,-11.46,0.57,1,5,0.0573,0.0499,0.0628,0.0555
140.643,1,0.83,-12.98,9.66,5,72.3,20.56,0.07,-0.051,0.049,0.001,0.015,1.158,-0.047,-44.06,11.77,11.21,1,0.946,-12.12,-11.16,1.216,1,5,0.0517,0.0462,0.0536,0.0443
140.671,1,0.828,-12.98,9.75,5,72.1,20.44,0.07,-0.0527,0.048,0.0,-0.03,1.158,-0.047,-44.06,11.77,11.21,1,0.946,-12.12,-11.16,1.216,1,5,0.0518,0.0462,0.0499,0.0425
140.742,1,0.824,-12.73,9.86,5,71.7,20.81,0.07,-0.0538,0.044,-0.0,-0.03,1.161,-0.05,-44.23,11.77,10.86,1,0.953,-12.12,-11.45,0.586,1,5,0.05,0.0389,0.0481,0.0389
140.776,1,0.822,-12.73,9.87,5,71.5,20.81,0.07,-0.0588,0.044,0.001,-0.047,1.162,-0.051,-44.35,11.77,10.86,1,0.949,-12.12,-12.4,-1.519,1,5,0.0481,0.037,0.0537,0.037
140.807,1,0.818,-12.98,9.44,5,71.5,20.44,0.07,-0.0584,0.044,0.0,-0.059,1.163,-0.052,-44.4,11.77,10.86,1,0.949,-12.12,-12.4,-1.519,1,5,0.0481,0.0351,0.0536,0.0388
140.841,1,0.811,-13.98,10.3,5,71.6,20.56,0.07,-0.0476,0.045,0.0,-0.047,1.164,-0.053,-44.52,11.77,10.86,1,0.936,-12.12,-12.7,-2.184,1,5,0.0518,0.0333,0.0573,0.0388
140.874,1,0.82,-12.98,9.7,5,71.4,20.56,0.07,-0.0503,0.046,0.0,-0.052,1.165,-0.054,-44.58,11.77,10.86,1,0.948,-11.15,-11.24,-1.538,1,5,0.0536,0.0351,0.0573,0.0388
140.941,1,0.818,-13.98,9.88,5,71.7,20.81,0.07,-0.0529,0.053,-0.003,-0.029,1.168,-0.057,-44.86,11.77,8.08,1,0.922,-11.15,-11.54,-2.203,1,5,0.0642,0.044,0.0569,0.0477
140.973,1,0.829,-13.48,9.57,5,71.5,20.56,0.07,-0.0441,0.056,-0.004,-0.021,1.168,-0.058,-44.86,11.77,8.08,1,0.865,-6.79,-7.07,1.343,1,5,0.0679,0.0477,0.0569,0.0513
141.005,1,0.817,-13.98,9.63,5,71.3,21.02,0.07,-0.0454,0.058,-0.002,-0.015,1.17,-0.06,-44.92,11.77,8.08,1,0.917,-5.33,0.82,0.332,1,5,0.0659,0.0531,0.0585,0.0549
141.04,1,0.812,-13.48,9.45,5,71.7,20.44,0.07,-0.0403,0.061,-0.0,-0.009,1.172,-0.061,-44.92,11.77,8.08,1,0.917,-5.33,0.82,0.332,1,5,0.0638,0.0583,0.062,0.0583
141.072,1,0.806,-14.97,10.65,5,71.5,21.02,0.07,-0.0442,0.061,-0.0,-0.009,1.172,-0.061,-44.92,11.77,8.08,1,0.893,-4.36,-0.08,1.154,1,5,0.0638,0.0583,0.062,0.0583
141.106,1,0.811,-14.72,10.62,5,71.7,20.56,0.07,-0.0463,0.061,0.001,0.036,1.174,-0.063,-44.92,11.77,8.08,1,0.891,-3.88,2.27,1.402,1,5,0.0597,0.0579,0.0669,0.0597
141.176,1,0.807,-11.48,8.98,5,72.0,20.56,0.07,-0.0514,0.059,0.005,-0.018,1.177,-0.066,-44.92,11.77,6.49,1,0.865,-2.42,2.4,1.418,1,5,0.0569,0.0624,0.0661,0.0514
141.209,1,0.808,-10.73,8.65,5,71.6,20.44,0.07,-0.0614,0.059,0.004,-0.021,1.178,-0.067,-44.98,11.77,6.49,1,0.865,-2.42,2.4,1.418,1,5,0.0588,0.0624,0.0643,0.0514
141.24,1,0.792,-9.98,8.07,5,70.8,21.02,0.07,-0.0636,0.061,0.005,-0.023,1.18,-0.069,-45.03,11.77,6.49,1,0.855,-2.42,3.09,3.473,1,5,0.0618,0.0618,0.0691,0.0509
141.27,1,0.786,-9.98,8.07,5,70.3,21.02,0.07,-0.059,0.062,0.001,-0.042,1.181,-0.07,-45.03,11.77,6.49,1,0.849,-2.42,4.03,6.284,1,5,0.0655,0.06,0.0673,0.0564
141.31,1,0.789,-10.23,8.23,5,70.9,21.02,0.07,-0.0561,0.065,-0.001,-0.04,1.183,-0.072,-45.15,11.77,6.49,1,0.841,-2.42,5.04,0.0,0,5,0.0709,0.0582,0.0709,0.0618
141.34,1,0.765,-12.23,8.95,5,71.2,20.56,0.07,-0.0548,0.066,-0.005,-0.041,1.184,-0.074,-45.26,11.74,6.7,1,0.841,-2.42,5.04,0.0,0,5,0.0759,0.0537,0.0685,0.0666
141.371,1,0.741,-12.73,8.59,5,71.1,20.44,0.07,-0.0426,0.067,-0.004,-0.062,1.185,-0.075,-45.32,11.74,6.7,1,0.837,-2.42,5.44,0.0,0,5,0.0777,0.0555,0.0703,0.0629
141.411,1,0.779,-10.23,7.94,5,70.6,20.44,0.07,-0.0316,0.065,-0.003,-0.045,1.187,-0.077,-45.44,11.74,6.7,1,0.828,-2.42,6.24,0.0,0,5,0.0759,0.0574,0.0666,0.0611
141.441,1,0.764,-11.23,8.74,5,70.1,20.44,0.07,-0.0524,0.066,0.0,-0.008,1.189,-0.079,-45.44,11.74,6.7,1,0.828,-2.42,6.24,0.0,0,5,0.0721,0.0647,0.0684,0.0591
141.474,1,0.768,-10.23,8.33,5,69.6,20.44,0.07,-0.0516,0.066,0.0,-0.002,1.19,-0.08,-45.44,11.74,6.7,1,0.828,-2.42,6.95,0.0,0,5,0.0684,0.0628,0.0684,0.0628
141.506,1,0.771,-9.98,8.49,5,69.5,20.81,0.07,-0.0562,0.068,0.002,-0.013,1.192,-0.082,-45.49,11.74,6.7,1,0.832,-1.94,8.1,0.0,0,5,0.0684,0.0647,0.0758,0.0647
141.541,1,0.752,-11.23,9.05,5,69.8,20.44,0.07,-0.0616,0.067,0.0,-0.018,1.194,-0.083,-45.49,11.74,7.79,1,0.831,-1.94,8.7,0.0,0,5,0.0666,0.0592,0.074,0.0666
141.608,1,0.73,-11.73,8.22,5,70.1,20.44,0.07,-0.0555,0.062,-0.0,-0.034,1.197,-0.086,-45.66,11.74,7.79,1,0.828,-1.94,10.61,0.0,0,5,0.0629,0.0555,0.0684,0.0629
141.639,1,0.728,-11.73,8.15,5,69.8,20.44,0.07,-0.035,0.065,0.002,-0.008,1.199,-0.088,-45.66,11.74,7.79,1,0.828,-1.94,10.61,0.0,0,5,0.0665,0.061,0.0721,0.0591
141.676,1,0.745,-10.73,8.6,5,70.0,20.44,0.07,-0.0348,0.065,0.003,-0.024,1.2,-0.089,-45.72,11.74,7.79,1,0.828,-1.94,10.61,0.0,0,5,0.0684,0.0629,0.0721,0.0555
141.709,1,0.781,-8.98,7.85,5,70.1,20.44,0.07,-0.0552,0.067,0.003,-0.031,1.201,-0.091,-45.72,11.74,7.79,1,0.835,-1.45,13.44,0.0,0,5,0.074,0.0666,0.0722,0.0537
141.772,1,0.78,-8.24,7.17,5,69.4,20.44,0.07,-0.0609,0.069,-0.002,-0.074,1.204,-0.094,-45.89,11.74,8.79,1,0.832,-1.94,15.28,0.0,0,5,0.0721,0.0629,0.0703,0.0703
141.802,1,0.781,-7.74,6.88,5,69.0,20.44,0.07,-0.0574,0.067,-0.002,-0.065,1.206,-0.096,-46.01,11.74,8.79,1,0.819,-3.88,14.47,0.0,0,5,0.0703,0.0592,0.0703,0.0684
141.84,1,0.783,-7.49,6.6,5,68.9,20.2,0.07,-0.0563,0.065,0.0,-0.017,1.208,-0.097,-46.07,11.74,8.79,1,0.819,-3.88,14.47,0.0,0,5,0.0703,0.0592,0.0721,0.0592
141.87,1,0.781,-7.24,7.0,5,68.5,20.46,0.07,-0.0524,0.065,0.003,0.006,1.209,-0.098,-46.07,11.74,8.79,1,0.841,-4.36,11.56,0.0,0,5,0.0684,0.061,0.0758,0.0555
141.903,1,0.784,-6.99,6.86,5,68.6,20.44,0.07,-0.0615,0.068,0.004,-0.033,1.211,-0.1,-46.12,11.74,8.79,1,0.841,-4.36,11.56,0.0,0,5,0.0666,0.0666,0.0759,0.0611
141.937,1,0.785,-7.24,6.81,5,68.5,20.44,0.07,-0.0605,0.067,0.002,-0.044,1.213,-0.102,-46.18,11.76,9.45,1,0.841,-4.36,11.56,0.0,0,5,0.0666,0.0666,0.0721,0.0629
141.976,1,0.791,-7.24,6.82,5,68.9,20.44,0.07,-0.0555,0.067,0.001,-0.047,1.215,-0.104,-46.24,11.76,9.45,1,0.806,-4.36,15.47,0.0,0,5,0.0684,0.0665,0.0702,0.0647
142.005,1,0.781,-8.24,7.36,5,69.5,20.44,0.07,-0.0549,0.066,0.0,-0.031,1.216,-0.105,-46.29,11.76,9.45,1,0.806,-4.36,15.47,0.0,0,5,0.0702,0.061,0.0721,0.061
142.104,1,0.785,-7.74,6.79,5,70.6,20.2,0.07,-0.0529,0.065,0.003,-0.051,1.22,-0.11,-46.58,11.76,9.45,1,0.797,-4.36,25.13,0.0,0,5,0.0732,0.0586,0.0769,0.0494
142.175,1,0.741,-9.48,6.89,5,71.0,20.44,0.07,-0.0494,0.067,-0.003,-0.099,1.224,-0.114,-46.87,11.76,11.08,1,0.797,-4.36,25.13,0.0,0,5,0.0805,0.0586,0.0714,0.0531
142.202,1,0.792,-6.74,5.66,5,70.9,20.44,0.07,-0.0292,0.067,-0.004,-0.07,1.225,-0.115,-46.93,11.76,11.08,1,0.793,-9.21,26.5,0.0,0,5,0.0814,0.0555,0.0703,0.0592
142.276,1,0.783,-6.49,5.69,5,69.9,20.44,0.07,-0.0407,0.065,-0.0,-0.02,1.228,-0.118,-47.04,11.76,11.08,1,0.793,-9.21,26.5,0.0,0,5,0.07,0.0479,0.0792,0.0644
142.303,1,0.781,-6.74,5.68,5,70.1,20.2,0.07,-0.0438,0.066,0.001,-0.049,1.229,-0.119,-47.1,11.76,11.08,1,0.807,-9.21,30.48,0.0,0,5,0.0663,0.0553,0.0792,0.0626
142.372,1,0.786,-6.49,5.32,5,70.6,20.2,0.07,-0.0392,0.069,0.001,-0.012,1.232,-0.122,-47.15,11.77,12.58,1,0.807,-9.21,30.48,0.0,0,5,0.0683,0.0664,0.0738,0.0664
142.402,1,0.788,-6.24,5.14,5,71.1,20.44,0.07,-0.0359,0.07,0.001,-0.022,1.234,-0.125,-47.21,11.77,12.58,1,0.811,-11.63,35.67,0.0,0,5,0.0702,0.0702,0.072,0.0683
142.477,1,0.781,-6.24,5.47,5,70.3,20.56,0.07,-0.0346,0.071,-0.0,-0.07,1.238,-0.129,-47.38,11.77,12.58,1,0.822,-13.57,38.05,0.0,0,5,0.0776,0.0683,0.0739,0.0628
142.505,1,0.788,-5.99,4.98,5,70.5,20.44,0.07,-0.04,0.07,-0.0,-0.067,1.239,-0.13,-47.5,11.77,12.58,1,0.822,-13.57,38.05,0.0,0,5,0.081,0.0644,0.0755,0.0589
142.576,1,0.8,-6.24,5.17,5,70.9,20.2,0.07,-0.0339,0.07,0.004,-0.03,1.243,-0.134,-47.61,11.77,15.58,1,0.82,-18.42,37.97,0.0,0,5,0.083,0.0664,0.0793,0.0553
142.607,1,0.8,-5.99,4.98,5,71.2,20.44,0.07,-0.0339,0.07,0.002,-0.047,1.244,-0.135,-47.67,11.77,15.58,1,0.82,-18.42,37.97,0.0,0,5,0.0776,0.0647,0.0795,0.0591
142.637,1,0.808,-6.24,5.1,5,71.4,20.2,0.07,-0.0338,0.067,-0.001,-0.053,1.245,-0.137,-47.78,11.77,15.58,1,0.83,-22.3,38.15,0.0,0,5,0.0684,0.0554,0.0758,0.0684
142.707,1,0.806,-5.74,4.42,5,71.1,19.85,0.07,-0.0327,0.065,-0.002,-0.012,1.248,-0.14,-47.9,11.77,15.58,1,0.835,-24.23,39.0,0.0,0,5,0.0666,0.0518,0.074,0.0666
142.773,1,0.795,-5.74,4.49,5,71.0,20.44,0.07,-0.0265,0.066,0.001,-0.008,1.251,-0.143,-47.96,11.76,19.11,1,0.829,-25.2,37.63,0.0,0,5,0.0648,0.0611,0.0722,0.0648
142.807,1,0.794,-5.49,4.32,5,70.8,20.44,0.07,-0.0274,0.067,0.0,-0.016,1.252,-0.145,-48.01,11.76,19.11,1,0.836,-25.2,41.02,0.0,0,5,0.0665,0.0628,0.0702,0.0665
142.87,1,0.786,-5.49,3.99,5,70.7,20.44,0.07,-0.0269,0.069,-0.0,-0.052,1.255,-0.148,-48.19,11.76,19.11,1,0.866,-27.63,42.1,0.0,0,5,0.0759,0.0648,0.074,0.0629
142.905,1,0.781,-5.49,3.75,5,70.6,20.2,0.07,-0.021,0.072,0.001,-0.03,1.257,-0.15,-48.3,11.76,19.11,1,0.866,-27.63,42.1,0.0,0,5,0.0796,0.0704,0.0759,0.063
142.974,1,0.78,-5.49,4.0,5,70.4,20.44,0.07,-0.0163,0.076,0.003,0.026,1.261,-0.153,-48.24,11.76,22.3,1,0.849,-33.93,38.66,0.0,0,5,0.0778,0.0741,0.0834,0.0667
143.005,1,0.78,-4.99,3.64,5,70.1,20.44,0.07,-0.0206,0.074,0.004,-0.006,1.263,-0.155,-48.3,11.76,22.3,1,0.849,-33.93,38.66,0.0,0,5,0.0741,0.0741,0.0815,0.0667
143.104,1,0.785,-4.99,3.72,5,70.3,20.2,0.07,-0.0196,0.069,-0.0,-0.025,1.267,-0.161,-48.47,11.76,22.3,1,0.864,-37.32,38.89,0.0,0,5,0.0722,0.0592,0.0778,0.0666
143.142,1,0.788,-4.74,3.54,5,70.2,20.2,0.07,-0.0207,0.068,0.001,-0.018,1.269,-0.162,-48.53,11.76,24.88,1,0.876,-37.81,38.34,0.0,0,5,0.0722,0.0611,0.0759,0.0611
143.204,1,0.798,-4.99,3.8,5,70.1,20.2,0.07,-0.0198,0.069,0.0,-0.052,1.272,-0.166,-48.7,11.76,24.88,1,0.875,-37.81,40.01,0.0,0,5,0.0741,0.0667,0.0722,0.063
143.273,1,0.807,-4.99,3.24,5,70.5,20.0,0.07,-0.0212,0.072,-0.002,-0.021,1.274,-0.169,-48.87,11.76,24.88,1,0.875,-37.81,40.01,0.0,0,5,0.0851,0.0666,0.0721,0.0629
143.304,1,0.801,-4.99,3.22,5,70.6,20.2,0.07,-0.0114,0.07,0.001,0.03,1.276,-0.171,-48.87,11.76,24.88,1,0.883,-39.26,38.89,0.0,0,5,0.0758,0.0666,0.0758,0.0629
143.404,1,0.803,-4.49,3.05,5,70.3,19.97,0.07,-0.0113,0.069,0.004,-0.006,1.281,-0.176,-48.87,11.76,26.58,1,0.864,-35.38,38.15,0.0,0,5,0.0667,0.0704,0.0741,0.063
143.437,1,0.802,-4.49,3.04,5,70.3,19.97,0.07,-0.0145,0.067,0.002,-0.015,1.283,-0.178,-48.93,11.76,26.58,1,0.876,-33.44,38.12,0.0,0,5,0.0649,0.0667,0.0723,0.0649
143.472,1,0.802,-4.49,2.9,5,70.6,19.97,0.07,-0.0138,0.066,0.003,-0.0,1.284,-0.179,-48.93,11.76,26.58,1,0.876,-33.44,38.12,0.0,0,5,0.063,0.0667,0.0704,0.063
143.506,1,0.802,-4.49,3.21,5,71.2,20.04,0.07,-0.0109,0.063,0.002,-0.009,1.286,-0.181,-48.93,11.76,26.58,1,0.869,-32.47,34.05,0.0,0,5,0.063,0.063,0.0685,0.0593
143.605,1,0.789,-3.99,4.51,5,71.8,20.0,0.07,-0.0158,0.066,-0.002,-0.019,1.29,-0.186,-48.99,11.76,28.14,1,0.878,-30.05,33.47,0.0,0,5,0.0661,0.0587,0.0679,0.0697
143.67,1,0.756,-3.99,5.18,5,71.6,20.56,0.07,-0.0441,0.074,-0.0,-0.012,1.293,-0.189,-49.1,11.76,28.14,1,0.874,-28.6,33.75,0.0,0,5,0.0795,0.0721,0.074,0.0684
143.705,1,0.764,-3.99,7.81,5,71.7,20.44,0.07,-0.0552,0.075,0.001,0.006,1.295,-0.191,-49.1,11.76,28.14,1,0.874,-28.6,33.75,0.0,0,5,0.0814,0.0721,0.0814,0.0666
143.774,1,0.766,-4.49,10.81,5,72.0,20.44,0.07,-0.1007,0.073,-0.001,-0.037,1.297,-0.195,-49.22,11.78,30.89,1,0.869,-26.66,29.26,0.0,0,5,0.0776,0.0628,0.0813,0.0721
143.805,1,0.757,-4.49,12.54,5,72.1,20.57,0.07,-0.1472,0.07,-0.002,-0.049,1.299,-0.197,-49.33,11.78,30.89,1,0.876,-28.11,26.59,0.0,0,5,0.0757,0.061,0.0739,0.0683
143.835,1,0.742,-4.74,14.14,5,72.2,20.56,0.07,-0.1775,0.069,-0.003,-0.068,1.301,-0.199,-49.5,11.78,30.89,1,0.889,-28.11,22.64,0.0,0,5,0.0757,0.0591,0.0739,0.0665
143.873,1,0.732,-5.24,16.08,5,72.4,20.56,0.07,-0.2029,0.069,-0.002,-0.067,1.302,-0.2,-49.56,11.78,30.89,1,0.889,-28.11,22.64,0.0,0,5,0.0795,0.0555,0.0776,0.0628
143.904,1,0.75,-5.74,17.95,5,73.3,20.56,0.07,-0.2307,0.07,-0.005,-0.106,1.303,-0.202,-49.79,11.78,30.89,1,0.896,-31.02,14.03,0.0,0,5,0.0888,0.0481,0.0814,0.061
143.974,1,0.751,-7.49,21.57,5,74.5,21.11,0.07,-0.2593,0.073,-0.006,-0.145,1.306,-0.206,-50.48,11.78,38.74,1,0.885,-33.44,8.24,0.0,0,5,0.1018,0.0389,0.0944,0.0574
144.006,1,0.757,-7.99,23.49,5,74.9,22.78,0.07,-0.3027,0.076,-0.001,-0.222,1.308,-0.208,-50.82,11.78,38.74,1,0.88,-37.32,-7.08,0.0,0,5,0.1018,0.0407,0.1092,0.0518
144.04,1,0.746,-9.23,25.58,5,75.9,23.87,0.07,-0.3312,0.078,0.002,-0.18,1.31,-0.211,-51.28,11.78,38.74,1,0.914,-38.78,-13.96,7.98,1,5,0.1074,0.0463,0.113,0.0444
144.08,1,0.726,-9.98,26.75,5,76.3,24.48,0.07,-0.3554,0.078,0.001,-0.235,1.312,-0.213,-51.85,11.78,38.74,1,0.906,-40.23,-17.63,0.0,0,5,0.1073,0.0444,0.1147,0.0426
144.104,1,0.663,-11.23,29.0,5,77.5,23.89,0.07,-0.3699,0.078,0.0,-0.236,1.313,-0.214,-52.14,11.78,38.74,1,0.916,-41.68,-21.47,0.0,0,5,0.1146,0.0407,0.1165,0.0407
144.136,1,0.64,-12.48,32.37,5,78.8,23.89,0.07,-0.395,0.08,0.005,-0.273,1.315,-0.217,-52.71,11.78,41.78,1,0.916,-41.68,-21.47,0.0,0,5,0.1165,0.0407,0.122,0.0388
144.208,1,0.695,-14.72,32.42,5,80.6,24.48,0.07,-0.4242,0.083,0.007,-0.247,1.319,-0.221,-53.69,11.78,41.78,1,0.901,-45.08,-32.6,0.0,0,5,0.1297,0.0426,0.1389,0.0222
144.235,1,0.702,-16.47,32.86,5,81.0,23.34,0.07,-0.4204,0.082,0.008,-0.378,1.321,-0.223,-54.55,11.78,41.78,1,0.901,-45.08,-32.6,0.0,0,5,0.1333,0.0407,0.1426,0.0148
144.305,1,0.702,-18.97,33.22,5,81.0,23.96,0.07,-0.4147,0.077,0.004,-0.432,1.324,-0.227,-56.04,11.78,41.78,1,0.907,-49.44,-40.46,0.0,0,5,0.1448,0.0092,0.1522,0.0
144.34,1,0.707,-19.47,32.26,5,80.4,23.87,0.07,-0.3936,0.075,0.002,-0.474,1.325,-0.229,-57.07,11.78,38.15,1,0.91,-52.83,-44.38,0.0,0,5,0.1467,0.0,0.154,0.0
144.4,1,0.682,-19.72,30.88,5,79.4,23.87,0.07,-0.3788,0.073,-0.0,-0.443,1.328,-0.233,-58.33,11.78,38.15,1,0.885,-49.92,-44.02,0.0,0,5,0.1478,0.0018,0.1441,0.0
144.433,1,0.688,-20.71,30.27,5,79.3,23.34,0.07,-0.3551,0.072,-0.002,-0.356,1.328,-0.234,-58.79,11.78,38.15,1,0.885,-49.92,-44.02,0.0,0,5,0.1479,0.0018,0.1386,0.0
144.472,1,0.693,-20.96,29.21,5,79.5,22.78,0.07,-0.3349,0.07,0.0,-0.395,1.33,-0.236,-59.64,11.78,38.15,1,0.885,-49.92,-44.02,0.0,0,5,0.1406,0.0018,0.1387,0.0
144.504,1,0.66,-21.46,31.49,5,79.7,22.78,0.07,-0.3148,0.067,0.002,-0.406,1.331,-0.239,-60.56,11.78,38.15,1,0.848,-43.14,-35.18,0.0,0,5,0.1305,0.0,0.1379,0.0
144.534,1,0.69,-22.21,30.98,5,80.4,22.78,0.07,-0.3506,0.066,0.003,-0.423,1.332,-0.24,-61.08,11.78,38.15,1,0.882,-40.23,-29.14,0.0,0,5,0.1268,0.0,0.1379,0.0
144.57,1,0.694,-22.71,30.25,5,80.9,22.68,0.07,-0.335,0.065,0.002,-0.318,1.333,-0.242,-61.88,11.78,26.32,1,0.882,-40.23,-29.14,0.0,0,5,0.1259,0.0018,0.1332,0.0
144.634,1,0.66,-23.96,29.17,5,81.4,22.22,0.07,-0.3195,0.064,0.001,-0.346,1.334,-0.244,-62.68,11.78,26.32,1,0.802,-32.47,-17.25,0.0,0,5,0.1266,0.0018,0.1285,0.0
144.701,1,0.681,-25.46,25.35,5,81.7,22.19,0.07,-0.2885,0.062,-0.0,-0.357,1.337,-0.249,-64.29,11.78,26.32,1,0.802,-32.47,-17.25,0.0,0,5,0.1255,0.0,0.1237,0.0
144.737,1,0.746,-26.2,22.27,5,81.5,22.19,0.07,-0.2061,0.062,0.0,-0.353,1.338,-0.251,-65.09,11.78,26.32,1,0.802,-32.47,-17.25,0.0,0,5,0.1219,0.0,0.1238,0.0018
144.806,1,0.749,-27.45,20.39,5,82.0,21.67,0.0978,-0.1484,0.063,-0.005,-0.287,1.339,-0.254,-66.12,11.78,15.08,1,0.826,-24.72,5.97,0.0,0,5,0.1201,0.0018,0.1147,0.0161
144.835,1,0.767,-27.95,19.71,5,82.4,21.67,0.1049,-0.1009,0.067,-0.01,-0.227,1.339,-0.257,-66.63,11.78,15.08,1,0.812,-22.78,10.18,0.0,0,5,0.1219,0.0036,0.1147,0.0233
144.974,1,0.764,-26.7,19.16,5,82.7,21.62,0.1022,-0.0904,0.095,-0.004,-0.09,1.343,-0.268,-67.44,11.78,5.64,1,0.723,-5.33,38.97,0.0,0,5,0.1162,0.0719,0.1088,0.0811
145.033,1,0.617,-25.21,21.83,5,81.8,21.67,0.07,-0.0958,0.116,-0.004,-0.172,1.346,-0.275,-67.95,11.78,5.64,1,0.749,-5.33,39.49,0.0,0,5,0.135,0.0887,0.135,0.1035
145.107,1,0.666,-23.46,22.66,5,81.2,22.22,0.07,-0.1575,0.12,-0.007,-0.091,1.349,-0.284,-68.3,11.78,5.64,1,0.748,-3.39,38.8,0.0,0,5,0.1405,0.0887,0.1368,0.1128
145.135,1,0.676,-22.21,22.39,5,80.5,21.67,0.07,-0.1931,0.117,-0.002,-0.07,1.35,-0.288,-68.35,11.78,5.64,1,0.748,-3.39,38.8,0.0,0,5,0.1368,0.0943,0.1312,0.1109
145.205,1,0.691,-20.71,22.45,5,80.9,21.67,0.07,-0.1968,0.109,0.002,-0.064,1.353,-0.294,-68.58,11.78,12.4,1,0.686,-8.24,32.36,0.0,0,5,0.111,0.1073,0.1147,0.1018
145.268,1,0.705,-19.97,21.89,5,81.2,21.67,0.07,-0.2117,0.097,-0.002,-0.077,1.355,-0.299,-68.93,11.78,12.4,1,0.745,-13.57,19.89,0.0,0,5,0.1106,0.0774,0.1124,0.0866
145.303,1,0.707,-19.97,21.93,5,81.4,21.67,0.07,-0.2101,0.092,-0.007,-0.168,1.356,-0.303,-69.16,11.78,12.4,1,0.745,-13.57,19.89,0.0,0,5,0.1166,0.062,0.1093,0.082
145.333,1,0.698,-20.46,21.99,5,81.7,21.67,0.07,-0.208,0.091,-0.01,-0.156,1.356,-0.304,-69.33,11.78,12.4,1,0.764,-16.96,8.06,0.0,0,5,0.1166,0.0565,0.1057,0.0838
145.371,1,0.692,-20.46,21.45,5,82.0,22.22,0.07,-0.2013,0.086,-0.014,-0.139,1.356,-0.308,-69.67,11.78,16.73,1,0.764,-16.96,8.06,0.0,0,5,0.1153,0.0457,0.0988,0.0842
145.439,1,0.698,-21.46,17.25,5,82.1,21.67,0.07,-0.1911,0.082,-0.01,-0.181,1.358,-0.314,-70.47,11.78,16.73,1,0.813,-23.27,-3.68,0.0,0,5,0.1215,0.0423,0.1012,0.0626
145.538,1,0.691,-22.21,15.94,5,81.5,21.42,0.07,-0.1068,0.077,-0.007,-0.102,1.36,-0.322,-71.45,11.78,16.73,1,0.817,-25.2,-6.57,7.914,1,5,0.12,0.0462,0.0942,0.048
145.603,1,0.699,-21.96,15.35,5,81.5,21.67,0.07,-0.0761,0.072,0.005,-0.131,1.362,-0.326,-71.68,11.78,12.76,1,0.82,-25.2,-8.76,7.771,1,5,0.0905,0.0591,0.0942,0.0443
145.633,1,0.653,-21.96,18.64,5,81.4,21.67,0.07,-0.0697,0.072,0.004,-0.086,1.362,-0.327,-71.79,11.78,12.76,1,0.799,-20.84,-0.89,0.0,0,5,0.085,0.0573,0.0942,0.0517
145.668,1,0.689,-21.96,17.22,5,81.1,21.67,0.07,-0.1273,0.071,0.002,-0.064,1.363,-0.33,-72.02,11.78,12.76,1,0.799,-20.84,-0.89,0.0,0,5,0.0795,0.0555,0.0906,0.0591
145.738,1,0.709,-21.46,14.88,5,80.7,21.67,0.07,-0.1027,0.07,-0.001,-0.085,1.364,-0.335,-72.36,11.78,12.76,1,0.8,-18.42,4.28,0.0,0,5,0.0776,0.0554,0.0831,0.0647
145.833,1,0.667,-20.96,16.31,5,80.4,21.67,0.07,-0.0672,0.071,-0.004,-0.047,1.366,-0.34,-72.59,11.79,12.72,1,0.803,-18.42,4.28,0.0,0,5,0.0876,0.0554,0.0787,0.0626
145.902,1,0.68,-20.71,14.1,5,80.2,21.46,0.07,-0.0974,0.071,-0.006,-0.043,1.367,-0.346,-72.88,11.79,12.72,1,0.698,-11.15,4.44,0.0,0,5,0.0888,0.0555,0.074,0.0648
145.932,1,0.624,-20.46,18.07,5,80.0,21.67,0.07,-0.0614,0.071,-0.005,-0.023,1.367,-0.347,-72.88,11.79,12.72,1,0.328,-13.82,12.31,0.0,0,4,0.0869,0.0536,0.0777,0.0647
146.006,1,0.655,-20.71,17.23,5,79.9,21.67,0.07,-0.1323,0.065,0.001,-0.059,1.369,-0.354,-73.28,11.79,11.4,1,0.337,-15.02,12.17,0.0,0,4,0.0738,0.0535,0.0793,0.0535
146.032,1,0.653,-20.46,16.86,5,79.7,21.67,0.07,-0.1143,0.065,0.001,-0.059,1.369,-0.354,-73.28,11.79,11.4,1,0.34,-15.62,11.05,0.0,0,4,0.0738,0.0535,0.0793,0.0535
146.1,1,0.647,-20.21,16.94,5,79.2,21.67,0.07,-0.1107,0.074,0.0,-0.134,1.371,-0.359,-73.68,11.79,11.4,1,0.34,-15.62,11.05,0.0,0,4,0.0888,0.0592,0.0888,0.0592
146.138,1,0.609,-20.21,17.82,5,78.8,29.38,0.07,-0.1148,0.075,-0.0,-0.172,1.372,-0.362,-73.97,11.79,11.4,1,0.34,-15.62,11.05,0.0,0,4,0.0907,0.0592,0.0907,0.0611
146.2,1,0.685,-20.46,14.59,5,78.3,21.67,0.07,-0.1296,0.07,-0.002,-0.088,1.373,-0.366,-74.37,11.79,11.51,1,0.782,-20.84,-0.4,6.233,1,5,0.0925,0.0518,0.0851,0.0518
146.232,1,0.692,-20.46,12.55,5,78.2,21.67,0.07,-0.07,0.068,-0.003,-0.078,1.373,-0.368,-74.48,11.79,11.51,1,0.782,-20.84,-0.4,6.233,1,5,0.0907,0.0481,0.0814,0.0518
146.304,1,0.677,-20.71,12.22,5,78.1,21.42,0.07,-0.0347,0.068,-0.004,-0.084,1.374,-0.374,-75.0,11.79,11.51,1,0.789,-19.87,-6.3,0.0,0,5,0.0851,0.0444,0.0814,0.0592
146.333,1,0.658,-20.96,15.79,5,78.2,22.22,0.07,-0.0259,0.068,-0.004,-0.084,1.374,-0.374,-75.0,11.79,11.51,1,0.325,-21.03,-5.73,7.973,1,4,0.0851,0.0444,0.0832,0.0592
146.433,1,0.7,-21.46,12.01,5,78.0,21.42,0.07,-0.0862,0.068,-0.006,-0.078,1.376,-0.381,-75.4,11.78,8.81,1,0.331,-18.63,4.61,5.675,1,4,0.0864,0.0496,0.0754,0.0607
146.5,1,0.713,-21.46,10.85,5,77.7,21.1,0.07,-0.015,0.066,-0.003,-0.118,1.377,-0.386,-75.86,11.78,8.81,1,0.75,-16.96,3.27,0.0,0,5,0.0865,0.0478,0.0773,0.0515
146.604,1,0.666,-20.46,10.73,5,76.9,21.1,0.07,0.0043,0.064,0.007,-0.07,1.379,-0.393,-76.2,11.78,7.08,1,0.742,-13.09,5.47,0.0,0,5,0.0625,0.0662,0.0753,0.0515
146.631,1,0.673,-20.46,10.79,5,77.0,21.1,0.07,-0.0064,0.064,0.007,-0.07,1.379,-0.393,-76.2,11.78,7.08,1,0.742,-13.09,5.47,0.0,0,5,0.0625,0.0662,0.0753,0.0515
146.734,1,0.684,-19.97,10.74,5,76.3,21.1,0.07,-0.0052,0.061,0.002,-0.028,1.381,-0.399,-76.38,11.78,7.08,1,0.747,-10.66,5.65,0.0,0,5,0.0626,0.0552,0.0699,0.0552
146.803,1,0.677,-18.97,11.82,5,76.0,23.26,0.07,-0.0095,0.062,0.0,-0.023,1.382,-0.404,-76.49,11.77,6.78,1,0.763,-12.6,6.05,6.923,1,5,0.0676,0.057,0.0676,0.0552
146.832,1,0.677,-18.72,11.74,5,75.9,23.26,0.07,-0.0401,0.063,0.001,-0.026,1.383,-0.406,-76.55,11.77,6.78,1,0.763,-12.12,5.27,7.598,1,5,0.0676,0.0605,0.0676,0.0569
146.901,1,0.692,-18.22,11.47,5,76.4,22.65,0.07,-0.0394,0.06,0.0,-0.008,1.384,-0.411,-76.66,11.77,6.78,1,0.763,-12.12,5.27,7.598,1,5,0.0666,0.0537,0.0666,0.0518
146.932,1,0.7,-17.97,11.17,5,75.8,22.65,0.07,-0.0395,0.06,0.0,-0.008,1.384,-0.411,-76.66,11.77,6.78,1,0.763,-12.12,5.27,7.598,1,5,0.0666,0.0537,0.0666,0.0518
147.106,1,0.7,-16.47,10.18,5,76.2,21.42,0.07,-0.0338,0.063,0.004,-0.03,1.387,-0.422,-76.89,11.77,9.11,1,0.738,-12.6,1.5,3.727,1,5,0.0593,0.063,0.0704,0.0593
147.132,1,0.718,-16.22,10.24,5,76.4,21.1,0.07,-0.0351,0.064,0.004,-0.057,1.387,-0.423,-76.95,11.77,9.11,1,0.738,-12.6,1.5,3.727,1,5,0.0611,0.0629,0.0722,0.0592
147.166,1,0.722,-16.22,10.48,5,76.4,21.42,0.07,-0.037,0.065,0.002,-0.044,1.388,-0.426,-77.12,11.77,10.97,1,0.738,-12.6,1.5,3.727,1,5,0.0665,0.0591,0.0739,0.0591
147.234,1,0.732,-15.97,9.58,5,76.8,20.96,0.07,-0.0391,0.064,0.004,-0.075,1.389,-0.429,-77.35,11.77,10.97,1,0.738,-12.6,1.5,3.727,1,5,0.0702,0.0554,0.0794,0.0499
147.272,1,0.723,-15.72,9.27,5,76.8,21.1,0.07,-0.0256,0.062,0.005,-0.023,1.39,-0.433,-77.58,11.77,10.97,1,0.78,-15.51,-10.2,1.328,1,5,0.0684,0.0554,0.0776,0.0462
147.332,1,0.72,-15.22,11.09,5,76.8,24.48,0.07,-0.0219,0.063,0.005,-0.036,1.391,-0.435,-77.58,11.77,10.97,1,0.78,-15.51,-10.2,1.328,1,5,0.0629,0.0592,0.0778,0.0537
147.366,1,0.749,-14.72,9.58,5,77.0,21.42,0.07,-0.059,0.064,0.003,-0.007,1.392,-0.439,-77.58,11.78,10.84,1,0.78,-15.51,-10.2,1.328,1,5,0.0593,0.063,0.0722,0.063
147.403,1,0.75,-14.23,10.03,5,76.9,22.04,0.07,-0.0384,0.063,0.0,-0.006,1.393,-0.441,-77.64,11.78,10.84,1,0.78,-15.51,-10.2,1.328,1,5,0.0592,0.0611,0.0685,0.0611
147.436,1,0.746,-13.73,10.33,5,77.0,22.65,0.07,-0.0507,0.063,0.002,-0.038,1.393,-0.443,-77.64,11.78,10.84,1,0.784,-13.57,-10.34,1.115,1,5,0.0624,0.0587,0.0716,0.0606
147.465,1,0.764,-13.73,9.39,5,76.9,21.1,0.07,-0.0607,0.065,0.003,-0.03,1.394,-0.445,-77.75,11.78,10.84,1,0.784,-13.57,-10.34,1.115,1,5,0.0655,0.0619,0.0746,0.0582
147.535,1,0.778,-13.23,9.01,5,76.9,20.57,0.07,-0.0423,0.068,0.007,-0.05,1.395,-0.448,-77.86,11.78,10.84,1,0.78,-13.09,-11.5,1.525,1,5,0.0697,0.0679,0.0825,0.0532
147.569,1,0.779,-12.73,8.62,5,76.7,20.57,0.07,-0.0409,0.07,0.007,-0.101,1.396,-0.452,-78.15,11.78,10.01,1,0.78,-13.09,-11.5,1.521,1,5,0.0777,0.0666,0.0869,0.0481
147.63,1,0.793,-12.23,8.26,5,76.1,20.81,0.07,-0.0383,0.07,0.004,-0.031,1.397,-0.455,-78.27,11.78,10.01,1,0.781,-13.09,-11.49,1.533,1,5,0.0814,0.0629,0.0851,0.05
147.666,1,0.804,-12.23,8.58,5,76.1,20.57,0.07,-0.0371,0.066,0.003,-0.031,1.398,-0.459,-78.38,11.78,10.01,1,0.781,-13.09,-11.49,1.533,1,5,0.0703,0.0592,0.0796,0.0555
147.701,1,0.815,-11.73,7.96,5,76.1,20.46,0.07,-0.042,0.064,0.004,-0.015,1.398,-0.46,-78.38,11.78,10.01,1,0.781,-13.09,-11.49,1.533,1,5,0.0648,0.0592,0.0759,0.0555
147.765,1,0.815,-11.48,8.14,5,76.5,20.96,0.07,-0.0353,0.063,0.001,-0.03,1.399,-0.463,-78.5,11.77,7.02,1,0.731,-5.82,-15.97,3.394,1,5,0.0666,0.0592,0.0684,0.0573
147.801,1,0.812,-11.23,8.2,5,76.5,20.81,0.07,-0.0411,0.066,0.002,-0.049,1.4,-0.467,-78.61,11.77,7.02,1,0.731,-5.82,-15.97,3.394,1,5,0.0684,0.061,0.0758,0.0592
147.839,1,0.813,-11.23,8.2,5,76.6,20.81,0.07,-0.0443,0.066,0.004,-0.061,1.4,-0.47,-78.78,11.77,7.02,1,0.786,-2.42,-5.6,6.135,1,5,0.0648,0.0611,0.0796,0.0592
147.868,1,0.812,-10.98,8.19,5,76.4,20.81,0.07,-0.0435,0.067,0.005,-0.034,1.401,-0.471,-78.78,11.77,7.02,1,0.786,-2.42,-5.6,6.135,1,5,0.0648,0.0611,0.0814,0.0592
147.935,1,0.814,-10.48,7.67,5,76.6,20.81,0.07,-0.0454,0.07,0.005,-0.064,1.402,-0.475,-79.01,11.77,7.04,1,0.786,-0.97,-1.34,6.729,1,5,0.0721,0.0684,0.0814,0.0592
147.97,1,0.826,-10.48,7.63,5,76.0,20.57,0.07,-0.0418,0.072,0.005,-0.083,1.403,-0.478,-79.18,11.77,7.04,1,0.804,-3.39,2.94,3.296,1,5,0.0831,0.072,0.0813,0.0517
148.0,1,0.814,-10.48,7.68,5,76.1,20.81,0.07,-0.0407,0.073,0.006,-0.045,1.403,-0.48,-79.24,11.77,7.04,1,0.803,-3.39,1.57,4.009,1,5,0.085,0.0758,0.0832,0.0499
148.034,1,0.812,-10.48,7.69,5,76.3,20.81,0.07,-0.0409,0.074,0.006,-0.02,1.404,-0.481,-79.3,11.77,7.04,1,0.803,-3.39,1.57,4.009,1,5,0.0865,0.0755,0.0847,0.0497
148.138,1,0.818,-9.98,7.01,5,76.2,20.81,0.07,-0.0402,0.069,0.004,-0.072,1.406,-0.49,-79.76,11.77,8.25,1,0.793,-3.39,-0.17,2.914,1,5,0.072,0.0591,0.0868,0.0591
148.233,1,0.821,-9.73,7.25,5,76.6,20.81,0.07,-0.0333,0.067,0.002,-0.032,1.407,-0.495,-79.93,11.77,8.25,1,0.793,-3.39,-0.17,2.914,1,5,0.0701,0.0609,0.0775,0.059
148.265,1,0.832,-9.23,6.59,5,76.6,20.46,0.07,-0.0402,0.067,0.001,-0.042,1.407,-0.497,-79.98,11.77,8.25,1,0.786,-3.39,-0.5,5.823,1,5,0.0682,0.0628,0.0735,0.0628
148.305,1,0.835,-9.23,6.69,5,77.5,20.81,0.07,-0.0342,0.069,-0.0,-0.014,1.408,-0.5,-79.98,11.77,8.25,1,0.775,-3.39,-2.37,2.863,1,5,0.0714,0.0625,0.0749,0.0678
148.334,1,0.838,-8.98,6.43,5,77.4,20.81,0.07,-0.0355,0.071,-0.003,-0.061,1.408,-0.502,-80.04,11.77,8.25,1,0.775,-3.39,-2.37,2.863,1,5,0.0767,0.0624,0.0749,0.0714
148.364,1,0.838,-8.73,6.22,5,77.6,20.81,0.07,-0.0331,0.075,-0.001,-0.023,1.408,-0.505,-80.16,11.77,8.92,1,0.755,-3.88,-1.15,5.766,1,5,0.0826,0.0679,0.079,0.0698
148.434,1,0.841,-8.49,6.06,5,77.3,20.2,0.07,-0.0315,0.08,0.006,-0.034,1.41,-0.509,-80.21,11.77,8.92,1,0.755,-3.88,-1.15,5.766,1,5,0.0776,0.0776,0.0943,0.0721
148.464,1,0.848,-8.24,5.71,5,77.2,20.46,0.07,-0.0311,0.08,0.004,-0.035,1.41,-0.512,-80.27,11.77,8.92,1,0.761,-6.79,-9.4,0.961,1,5,0.0777,0.074,0.0925,0.074
148.534,1,0.867,-8.24,5.36,5,76.9,20.56,0.07,-0.027,0.074,0.001,-0.026,1.411,-0.517,-80.39,11.77,8.92,1,0.782,-6.3,-11.3,0.753,1,5,0.0789,0.0715,0.0789,0.0679
148.565,1,0.867,-7.99,5.41,5,76.0,20.44,0.07,-0.0203,0.072,0.002,-0.064,1.411,-0.52,-80.5,11.77,9.24,1,0.786,-6.3,-11.3,0.753,1,5,0.0752,0.0697,0.0789,0.066
148.601,1,0.864,-7.99,5.13,5,75.8,20.2,0.07,-0.0241,0.07,0.0,-0.039,1.412,-0.522,-80.62,11.77,9.24,1,0.786,-6.3,-11.3,0.753,1,5,0.0728,0.0655,0.0746,0.0655
148.63,1,0.862,-7.74,4.9,5,75.8,20.44,0.07,-0.0187,0.07,0.0,-0.035,1.412,-0.524,-80.67,11.77,9.24,1,0.787,-6.3,-12.21,0.331,1,5,0.0752,0.066,0.0752,0.0642
148.665,1,0.865,-7.74,4.91,5,75.5,20.56,0.07,-0.0176,0.071,-0.001,-0.02,1.413,-0.527,-80.73,11.77,9.24,1,0.787,-6.3,-12.21,0.331,1,5,0.077,0.066,0.0733,0.066
148.703,1,0.87,-7.24,4.92,5,75.3,20.46,0.07,-0.0172,0.073,-0.001,-0.004,1.413,-0.531,-80.73,11.77,9.24,1,0.787,-6.3,-12.21,0.331,1,5,0.0795,0.0647,0.0776,0.0702
148.734,1,0.868,-7.24,5.19,5,75.1,20.57,0.07,-0.0227,0.073,-0.001,-0.004,1.413,-0.531,-80.73,11.77,9.24,1,0.788,-6.3,-12.76,-0.375,1,5,0.0757,0.0628,0.0794,0.072
148.832,1,0.868,-6.74,5.04,5,74.8,20.46,0.07,-0.0262,0.071,0.004,-0.002,1.415,-0.538,-80.79,11.76,6.77,1,0.788,-5.82,-11.65,0.32,1,5,0.0721,0.0777,0.0721,0.0629
148.864,1,0.869,-6.49,4.72,5,74.6,20.57,0.07,-0.0292,0.067,0.004,-0.021,1.415,-0.541,-80.79,11.76,6.77,1,0.754,-2.91,-10.55,-1.187,1,5,0.0684,0.074,0.0684,0.0573
148.934,1,0.874,-6.24,4.78,5,74.7,20.46,0.07,-0.0255,0.065,0.002,-0.024,1.416,-0.544,-80.84,11.76,6.77,1,0.78,-2.42,-5.47,1.629,1,5,0.0661,0.0661,0.068,0.0606
148.964,1,0.869,-6.24,4.77,5,74.6,20.46,0.07,-0.029,0.063,-0.001,-0.046,1.416,-0.547,-80.9,11.76,4.62,1,0.784,-2.42,-4.45,0.622,1,5,0.0624,0.0588,0.0661,0.0661
149.035,1,0.875,-5.99,4.28,5,74.5,20.2,0.07,-0.0279,0.062,-0.001,-0.038,1.417,-0.551,-81.02,11.76,4.62,1,0.778,1.45,3.33,1.26,1,5,0.0647,0.0591,0.0628,0.061
149.134,1,0.881,-5.49,4.3,5,74.8,20.44,0.07,-0.0215,0.072,-0.005,-0.043,1.417,-0.558,-81.02,11.76,4.62,1,0.78,1.94,2.85,-1.053,1,5,0.0795,0.0555,0.0776,0.0739
149.165,1,0.885,-5.24,4.46,5,75.0,20.57,0.07,-0.0275,0.073,-0.002,-0.01,1.418,-0.561,-81.07,11.76,3.67,1,0.786,2.42,4.1,2.329,1,5,0.0758,0.0666,0.0758,0.074
149.201,1,0.89,-5.24,4.38,5,75.1,20.56,0.07,-0.033,0.071,-0.0,-0.0,1.418,-0.563,-81.07,11.76,3.67,1,0.786,2.42,4.1,2.329,1,5,0.072,0.072,0.0683,0.0702
149.233,1,0.884,-4.99,4.42,5,74.9,20.56,0.07,-0.0307,0.07,0.002,-0.013,1.419,-0.565,-81.07,11.76,3.67,1,0.785,2.42,4.54,1.246,1,5,0.0683,0.0738,0.0702,0.0665
149.265,1,0.885,-4.74,4.2,5,74.8,20.46,0.07,-0.0339,0.067,0.002,0.019,1.419,-0.567,-81.07,11.76,3.67,1,0.781,2.42,4.55,1.23,1,5,0.0664,0.07,0.0682,0.0646
149.33,1,0.893,-4.74,4.1,5,74.9,20.44,0.07,-0.032,0.063,0.003,-0.039,1.42,-0.57,-81.13,11.76,3.67,1,0.781,2.42,4.55,1.23,1,5,0.0627,0.0644,0.068,0.0573
149.364,1,0.89,-4.74,3.93,5,74.9,20.56,0.07,-0.0297,0.06,0.002,-0.081,1.42,-0.573,-81.3,11.76,4.77,1,0.781,2.42,4.55,1.23,1,5,0.0625,0.0589,0.0662,0.0533
149.433,1,0.883,-4.99,3.85,5,75.0,20.2,0.07,-0.0263,0.06,0.002,-0.039,1.421,-0.576,-81.53,11.76,4.77,1,0.783,2.42,1.49,-1.224,1,5,0.0628,0.0535,0.0702,0.0517
149.463,1,0.886,-4.99,3.73,5,74.9,20.2,0.07,-0.0218,0.063,0.001,-0.022,1.421,-0.579,-81.59,11.76,4.77,1,0.777,2.42,0.94,-1.312,1,5,0.0665,0.0536,0.0758,0.0573
149.533,1,0.893,-4.74,3.12,5,75.0,20.56,0.07,-0.02,0.069,-0.0,-0.024,1.422,-0.583,-81.76,11.76,4.77,1,0.786,1.94,0.34,-1.289,1,5,0.074,0.0574,0.0796,0.0648
149.563,1,0.894,-4.74,3.12,5,75.0,20.56,0.07,-0.0125,0.07,-0.0,-0.015,1.422,-0.586,-81.76,11.76,5.08,1,0.783,1.94,1.4,1.06,1,5,0.074,0.0629,0.0759,0.0666
149.599,1,0.893,-4.74,3.32,5,75.0,20.56,0.07,-0.0123,0.071,0.0,-0.001,1.423,-0.589,-81.76,11.76,5.08,1,0.783,1.94,1.4,1.06,1,5,0.0722,0.0685,0.0741,0.0685
149.634,1,0.892,-4.24,3.09,5,75.0,20.56,0.07,-0.0155,0.07,0.001,0.0,1.423,-0.59,-81.76,11.76,5.08,1,0.781,2.42,-0.94,-1.09,1,5,0.0698,0.0698,0.0716,0.0679
149.734,1,0.89,-3.74,2.99,5,74.7,20.44,0.07,-0.0165,0.068,0.001,0.014,1.424,-0.597,-81.76,11.76,5.08,1,0.787,2.42,0.45,-3.558,1,5,0.0679,0.0716,0.0679,0.0661
149.763,1,0.886,-3.74,3.37,5,74.7,20.56,0.07,-0.021,0.067,0.0,-0.013,1.425,-0.6,-81.76,11.76,4.07,1,0.784,2.91,1.14,-1.699,1,5,0.0661,0.0698,0.0642,0.0661
149.829,1,0.885,-3.74,3.64,5,74.5,20.46,0.07,-0.0261,0.068,-0.002,-0.019,1.425,-0.604,-81.88,11.76,4.07,1,0.791,3.39,0.3,-1.158,1,5,0.0692,0.0673,0.0655,0.071
149.869,1,0.878,-3.74,3.26,5,74.4,20.57,0.07,-0.0305,0.073,-0.0,-0.038,1.426,-0.608,-81.93,11.76,4.07,1,0.786,3.39,0.73,-0.637,1,5,0.0751,0.0623,0.0825,0.0715
149.93,1,0.876,-3.74,3.46,5,74.4,20.57,0.07,-0.0235,0.074,-0.0,-0.018,1.426,-0.611,-81.99,11.76,4.07,1,0.784,3.39,-1.26,-5.123,1,5,0.0795,0.0628,0.085,0.0684
149.962,1,0.88,-3.74,3.85,5,74.4,20.46,0.07,-0.027,0.075,-0.001,-0.003,1.427,-0.614,-81.99,11.76,3.21,1,0.784,3.39,-1.26,-5.123,1,5,0.0814,0.0703,0.0777,0.0703
150.034,1,0.879,-3.24,3.6,5,74.3,20.57,0.07,-0.0336,0.076,0.0,0.0,1.427,-0.619,-81.99,11.76,3.21,1,0.791,3.39,-0.74,-5.193,1,5,0.0756,0.0756,0.0756,0.0756
150.063,1,0.874,-3.24,3.6,5,74.2,20.57,0.07,-0.0355,0.074,0.001,-0.01,1.428,-0.622,-82.05,11.76,3.21,1,0.791,3.39,-0.74,-5.193,1,5,0.0719,0.0756,0.0738,0.0738
150.134,1,0.877,-3.24,3.99,5,74.3,20.46,0.07,-0.0343,0.07,0.001,-0.006,1.428,-0.626,-82.05,11.76,3.21,1,0.757,7.27,3.16,-5.711,1,5,0.0703,0.0703,0.0721,0.0684
150.168,1,0.878,-3.24,3.99,5,74.1,20.46,0.07,-0.0409,0.07,-0.001,-0.024,1.428,-0.629,-82.1,11.76,1.63,1,0.795,7.27,6.53,-3.397,1,5,0.072,0.0646,0.072,0.0702
150.233,1,0.879,-3.24,3.78,5,73.6,20.46,0.07,-0.0407,0.07,0.0,-0.011,1.429,-0.633,-82.22,11.76,1.63,1,0.796,7.27,5.48,-5.448,1,5,0.072,0.0609,0.0794,0.0683
150.267,1,0.876,-3.24,3.78,5,73.4,20.46,0.07,-0.037,0.069,0.0,-0.032,1.429,-0.635,-82.28,11.76,1.63,1,0.798,7.27,5.0,-4.613,1,5,0.0724,0.0579,0.0814,0.0651
150.296,1,0.873,-3.24,3.22,5,73.3,20.46,0.07,-0.0369,0.07,-0.0,-0.022,1.43,-0.638,-82.39,11.76,1.63,1,0.795,7.27,5.0,-4.599,1,5,0.0757,0.0613,0.0775,0.0649
150.367,1,0.876,-3.24,3.88,5,73.3,20.44,0.07,-0.027,0.071,-0.001,-0.019,1.43,-0.642,-82.45,11.76,0.28,1,0.788,7.76,4.19,-4.117,1,5,0.0773,0.0663,0.0736,0.0663
150.437,1,0.886,-2.75,3.32,5,73.3,20.44,0.07,-0.0385,0.071,0.003,-0.038,1.431,-0.648,-82.51,11.76,0.28,1,0.79,11.63,11.86,-1.519,1,5,0.0683,0.0739,0.0739,0.0683
150.465,1,0.884,-3.24,3.61,5,73.4,20.44,0.07,-0.0347,0.071,0.004,-0.094,1.432,-0.649,-82.62,11.76,0.28,1,0.79,11.63,11.86,-1.519,1,5,0.0684,0.0758,0.0739,0.0665
150.537,1,0.89,-3.24,3.34,5,73.3,20.44,0.07,-0.0334,0.069,0.004,0.0,1.432,-0.653,-82.74,11.76,0.28,1,0.795,11.15,12.23,-1.225,1,5,0.072,0.072,0.0739,0.0572
150.564,1,0.891,-3.24,3.34,5,73.4,20.44,0.07,-0.0288,0.069,0.003,-0.041,1.433,-0.656,-82.79,11.76,0.66,1,0.795,11.15,12.23,-1.225,1,5,0.0758,0.0666,0.0777,0.0555
150.633,1,0.886,-3.49,2.89,5,73.7,20.44,0.07,-0.029,0.069,-0.0,-0.055,1.433,-0.66,-83.02,11.76,0.66,1,0.791,11.15,11.25,-3.203,1,5,0.0753,0.0588,0.079,0.0643
150.666,1,0.89,-3.49,2.89,5,73.9,20.2,0.07,-0.0181,0.069,-0.002,-0.035,1.434,-0.663,-83.08,11.76,0.66,1,0.792,10.18,10.06,-3.264,1,5,0.0751,0.0568,0.077,0.066
150.766,1,0.89,-3.24,2.65,5,74.1,20.46,0.07,-0.0188,0.069,-0.003,-0.013,1.434,-0.67,-83.14,11.76,1.4,1,0.812,10.18,9.0,-5.171,1,5,0.0734,0.0606,0.0716,0.0697
150.832,1,0.879,-3.24,2.84,5,73.8,20.44,0.0841,-0.0176,0.072,0.0,-0.025,1.435,-0.674,-83.19,11.76,1.4,1,0.818,10.18,9.02,-5.178,1,5,0.0739,0.072,0.072,0.0683
150.864,1,0.878,-2.99,2.61,5,73.7,20.04,0.0906,-0.0207,0.071,0.0,-0.007,1.435,-0.677,-83.31,11.76,1.4,1,0.815,10.18,8.6,-4.38,1,5,0.0739,0.0739,0.0684,0.0665
150.932,1,0.882,-2.75,2.29,5,73.3,20.46,0.0906,-0.0193,0.074,0.003,-0.005,1.436,-0.681,-83.25,11.76,1.4,1,0.816,10.18,8.63,-2.801,1,5,0.0759,0.0777,0.0759,0.0648
150.964,1,0.881,-2.75,2.29,5,73.4,20.46,0.0906,-0.0163,0.08,0.001,-0.018,1.436,-0.685,-83.31,11.76,0.69,1,0.802,10.66,8.17,-3.463,1,5,0.0832,0.0777,0.0851,0.074
151.033,1,0.871,-2.5,2.43,5,73.3,20.2,0.0906,-0.0159,0.089,-0.0,-0.046,1.437,-0.69,-83.48,11.76,0.69,1,0.789,11.15,7.8,-0.785,1,5,0.0942,0.0813,0.0961,0.085
151.064,1,0.862,-2.25,2.2,5,72.9,20.46,0.0906,-0.0213,0.091,0.001,-0.033,1.437,-0.694,-83.59,11.76,0.69,1,0.785,10.66,8.22,-1.824,1,5,0.0961,0.0832,0.1017,0.085
151.165,1,0.874,-2.25,2.13,5,73.5,20.46,0.0711,-0.0189,0.09,0.002,-0.046,1.438,-0.703,-83.82,11.76,0.64,1,0.794,10.66,5.71,-5.054,1,5,0.0907,0.0888,0.0962,0.0851
151.197,1,0.865,-2.25,1.85,5,73.5,20.46,0.0711,-0.0175,0.089,0.004,0.023,1.439,-0.706,-83.82,11.76,0.64,1,0.797,10.18,6.13,-4.522,1,5,0.0869,0.0887,0.098,0.0832
151.233,1,0.863,-2.25,1.85,5,73.3,20.46,0.0711,-0.0124,0.089,0.006,0.021,1.439,-0.708,-83.77,11.76,0.64,1,0.797,10.18,6.13,-4.522,1,5,0.085,0.0924,0.0961,0.0813
151.265,1,0.87,-2.0,1.9,5,73.2,20.44,0.0711,-0.0124,0.084,0.002,-0.005,1.439,-0.711,-83.77,11.76,0.64,1,0.82,10.18,6.11,-4.415,1,5,0.0868,0.0813,0.0905,0.0776
151.365,1,0.857,-1.75,1.3,5,73.4,20.44,0.0711,-0.0156,0.077,0.001,-0.02,1.44,-0.719,-83.94,11.75,-0.3,1,0.825,11.15,5.31,-2.498,1,5,0.0756,0.0737,0.083,0.0756
151.396,1,0.861,-2.0,1.53,5,73.4,20.04,0.0711,-0.0081,0.073,0.0,-0.034,1.441,-0.722,-84.05,11.75,-0.3,1,0.807,10.18,5.43,-0.677,1,5,0.0753,0.0662,0.079,0.0698
151.432,1,0.873,-1.75,1.19,5,73.4,20.04,0.0711,-0.0088,0.073,0.001,-0.011,1.441,-0.723,-84.05,11.75,-0.3,1,0.807,10.18,5.43,-0.677,1,5,0.0751,0.0696,0.0787,0.0696
151.467,1,0.873,-1.75,1.2,5,73.1,20.04,0.0711,-0.0059,0.072,-0.0,-0.052,1.441,-0.726,-84.11,11.75,-0.3,1,0.804,10.18,3.68,-4.684,1,5,0.075,0.0659,0.0768,0.0695
151.5,1,0.871,-1.75,1.19,5,73.2,20.04,0.0711,-0.0058,0.072,0.001,0.012,1.442,-0.729,-84.17,11.75,-0.3,1,0.772,11.63,5.56,-4.634,1,5,0.0736,0.07,0.0755,0.0681
151.532,1,0.862,-1.75,1.31,5,73.1,20.46,0.0711,-0.0055,0.071,0.001,0.032,1.442,-0.73,-84.11,11.75,-0.3,1,0.791,13.09,10.15,-0.796,1,5,0.0721,0.0702,0.0739,0.0665
151.596,1,0.87,-1.75,1.17,5,73.6,20.04,0.0711,-0.0073,0.073,0.003,-0.021,1.443,-0.736,-84.17,11.75,-0.93,1,0.8,13.09,9.77,0.314,1,5,0.0703,0.0759,0.0759,0.0685
151.632,1,0.874,-1.75,1.26,5,73.9,20.46,0.0711,-0.0048,0.073,0.003,-0.0,1.443,-0.738,-84.17,11.75,-0.93,1,0.8,13.09,9.77,0.314,1,5,0.0722,0.074,0.0778,0.0666
151.667,1,0.879,-1.75,1.27,5,74.1,20.46,0.0711,-0.0063,0.071,0.003,-0.035,1.443,-0.74,-84.22,11.75,-0.93,1,0.816,13.09,9.74,0.338,1,5,0.0759,0.0722,0.0759,0.0611
151.767,1,0.88,-1.75,1.28,5,74.2,20.46,0.0711,-0.0065,0.069,0.0,-0.026,1.444,-0.747,-84.4,11.75,0.78,1,0.805,12.12,8.34,-4.353,1,5,0.0714,0.0642,0.0749,0.066
151.863,1,0.881,-1.5,0.77,5,73.9,20.2,0.0711,-0.0066,0.066,-0.001,0.008,1.444,-0.754,-84.45,11.75,0.78,1,0.806,12.12,7.92,-3.295,1,5,0.0698,0.0643,0.0643,0.0643
151.965,1,0.85,-1.25,1.03,5,72.2,20.04,0.0711,-0.0004,0.071,0.0,-0.003,1.445,-0.761,-84.28,11.75,1.09,1,0.827,13.09,9.73,0.215,1,5,0.0647,0.0702,0.0721,0.0776
151.994,1,0.834,-1.25,1.13,5,71.8,20.46,0.0711,-0.0079,0.074,0.0,0.005,1.445,-0.764,-84.34,11.75,1.09,1,0.814,13.09,9.73,0.223,1,5,0.0702,0.072,0.072,0.0776
152.063,1,0.837,-1.25,0.93,5,71.5,20.04,0.0711,-0.009,0.074,-0.0,-0.002,1.446,-0.768,-84.4,11.75,1.09,1,0.795,11.63,9.45,-4.733,1,5,0.0777,0.0703,0.0758,0.0703
152.095,1,0.86,-1.25,0.71,5,71.5,20.46,0.0711,-0.0054,0.07,-0.0,-0.022,1.446,-0.771,-84.4,11.75,1.09,1,0.793,10.18,4.75,0.715,1,5,0.0737,0.0682,0.0737,0.07
152.164,1,0.861,-1.25,0.64,5,71.4,20.44,0.0711,-0.0013,0.068,-0.001,-0.016,1.446,-0.775,-84.51,11.75,2.25,1,0.807,10.18,1.25,-3.2,1,5,0.0681,0.0626,0.0699,0.0699
152.194,1,0.843,-1.25,0.54,5,71.4,20.04,0.0711,-0.0,0.067,0.0,-0.012,1.447,-0.776,-84.51,11.75,2.25,1,0.815,9.69,2.05,-3.757,1,5,0.0683,0.0646,0.0702,0.0665
152.231,1,0.831,-1.25,0.59,5,71.2,20.04,0.0711,0.0018,0.067,0.0,-0.019,1.447,-0.779,-84.57,11.75,2.25,1,0.815,9.69,2.05,-3.757,1,5,0.0665,0.0647,0.0684,0.0665
152.266,1,0.823,-1.25,0.51,5,71.1,20.46,0.0711,0.0009,0.066,0.0,0.014,1.447,-0.781,-84.51,11.75,2.25,1,0.829,9.69,2.0,-3.757,1,5,0.0665,0.0665,0.0665,0.0647
152.362,1,0.848,-0.75,0.56,5,71.1,20.46,0.0711,0.0024,0.072,0.003,-0.042,1.448,-0.789,-84.51,11.75,1.47,1,0.817,10.18,3.63,-1.459,1,5,0.0626,0.0681,0.0754,0.0736
152.395,1,0.839,-1.25,0.63,5,71.3,20.46,0.0711,-0.0049,0.074,0.003,-0.024,1.448,-0.792,-84.57,11.75,1.47,1,0.811,9.69,1.42,-4.119,1,5,0.0718,0.0737,0.0774,0.0663
152.432,1,0.824,-1.25,0.9,5,71.4,20.46,0.0711,0.0005,0.074,0.001,-0.018,1.448,-0.793,-84.57,11.75,1.47,1,0.811,9.69,1.42,-4.119,1,5,0.0832,0.0758,0.0758,0.0629
152.466,1,0.814,-1.25,0.6,5,70.8,20.46,0.0711,-0.0044,0.074,0.001,-0.024,1.449,-0.796,-84.63,11.75,1.47,1,0.824,9.21,2.88,-2.596,1,5,0.0832,0.0739,0.0776,0.0628
152.498,1,0.81,-1.25,1.05,5,70.0,20.46,0.0711,0.0009,0.073,0.0,-0.039,1.449,-0.799,-84.68,11.75,1.47,1,0.824,9.21,2.88,-2.596,1,5,0.0776,0.0702,0.0776,0.0684
152.563,1,0.785,-1.25,0.04,5,69.2,20.46,0.0711,-0.0069,0.068,0.0,-0.029,1.45,-0.803,-84.8,11.75,1.12,1,0.824,9.21,2.47,-1.519,1,5,0.0703,0.0647,0.0703,0.0647
152.594,1,0.749,-1.25,0.05,5,69.0,19.85,0.0711,0.0105,0.068,0.0,-0.024,1.45,-0.804,-84.86,11.75,1.12,1,0.822,9.21,1.49,-3.771,1,5,0.0703,0.0666,0.0685,0.0648
152.662,1,0.769,-1.25,0.28,5,68.6,20.46,0.0711,0.0103,0.066,0.0,0.014,1.45,-0.809,-84.8,11.75,1.12,1,0.822,9.21,1.49,-3.771,1,5,0.0643,0.0643,0.068,0.068
152.729,1,0.786,-0.75,0.84,5,68.0,21.02,0.0711,0.0064,0.068,0.001,0.001,1.451,-0.814,-84.74,11.75,1.12,1,0.816,9.21,1.47,-3.771,1,5,0.0625,0.0662,0.0717,0.0717
152.759,1,0.737,-1.0,1.18,5,67.8,22.77,0.0711,-0.0097,0.072,0.001,-0.03,1.451,-0.817,-84.8,11.75,0.22,1,0.816,9.21,1.47,-3.771,1,5,0.0689,0.0707,0.0742,0.0724
152.864,1,0.792,-1.25,0.56,5,70.2,20.46,0.0711,-0.0119,0.074,0.001,-0.055,1.452,-0.824,-84.91,11.75,0.22,1,0.821,9.21,1.46,-3.771,1,5,0.0788,0.0733,0.0769,0.0659
152.893,1,0.81,-1.25,0.52,5,70.4,20.46,0.0711,0.0022,0.072,0.001,-0.057,1.452,-0.826,-84.97,11.75,0.22,1,0.823,9.21,-0.07,-5.03,1,5,0.0758,0.0702,0.0758,0.0665
152.962,1,0.823,-1.25,0.13,5,70.5,20.46,0.0711,0.0026,0.066,0.001,-0.019,1.452,-0.831,-85.14,11.75,-1.07,1,0.823,9.21,-0.07,-5.03,1,5,0.0684,0.0629,0.0703,0.061
152.995,1,0.812,-1.25,0.01,5,70.1,20.46,0.0711,0.0092,0.065,0.001,0.011,1.453,-0.834,-85.14,11.75,-1.07,1,0.82,9.21,0.43,0.589,1,5,0.0666,0.0629,0.0703,0.0592
153.061,1,0.798,-1.0,0.11,5,69.5,19.85,0.0711,0.0112,0.065,0.002,0.037,1.453,-0.837,-85.03,11.75,-1.07,1,0.819,12.12,6.55,-2.45,1,5,0.0593,0.0667,0.0685,0.0667
153.097,1,0.798,-0.75,0.12,5,69.5,20.46,0.0711,0.0063,0.068,0.002,0.019,1.453,-0.84,-85.03,11.75,-1.07,1,0.823,12.12,7.51,-2.063,1,5,0.0611,0.0722,0.0685,0.0722
153.128,1,0.802,-0.75,0.43,5,69.2,20.46,0.0711,0.0034,0.07,0.001,0.007,1.454,-0.842,-84.97,11.75,-1.07,1,0.821,13.09,7.24,-1.463,1,5,0.0647,0.0721,0.0703,0.0721
153.16,1,0.796,-0.75,-0.12,5,69.1,20.57,0.0711,-0.0017,0.074,0.0,-0.026,1.454,-0.845,-85.03,11.75,-1.77,1,0.821,13.09,7.24,-1.463,1,5,0.074,0.074,0.074,0.074
153.194,1,0.782,-1.0,-0.41,5,68.9,20.96,0.0711,0.0083,0.076,-0.001,-0.011,1.454,-0.846,-85.08,11.75,-1.77,1,0.821,13.09,7.24,-1.463,1,5,0.0796,0.074,0.0759,0.074
153.263,1,0.793,-0.75,0.08,5,68.9,20.46,0.0711,0.0164,0.075,0.002,0.002,1.455,-0.852,-85.03,11.75,-1.77,1,0.821,13.09,7.24,-1.463,1,5,0.0796,0.0796,0.0759,0.0666
153.298,1,0.806,-0.75,0.28,5,68.6,20.46,0.0711,0.0046,0.074,0.001,-0.05,1.455,-0.855,-85.08,11.75,-1.77,1,0.822,12.6,8.11,-2.028,1,5,0.0758,0.0814,0.074,0.0684
153.364,1,0.746,-0.25,0.44,5,67.6,21.6,0.0711,0.0016,0.072,0.0,0.044,1.455,-0.86,-85.08,11.76,-0.74,1,0.823,12.6,8.12,-2.026,1,5,0.0685,0.0759,0.0685,0.0759
153.395,1,0.772,-0.25,0.5,5,67.0,20.46,0.0711,-0.0075,0.071,0.002,0.045,1.456,-0.861,-85.03,11.76,-0.74,1,0.825,13.09,7.29,-1.511,1,5,0.0648,0.0741,0.0722,0.0741
153.463,1,0.82,-0.25,0.37,5,70.3,20.46,0.0711,-0.0076,0.072,0.001,-0.001,1.456,-0.867,-84.97,11.76,-0.74,1,0.828,13.09,7.74,-2.411,1,5,0.0648,0.0722,0.074,0.0777
153.497,1,0.82,-0.25,0.36,5,71.0,20.46,0.0711,-0.0048,0.074,0.001,-0.019,1.456,-0.87,-84.97,11.76,-0.74,1,0.816,13.09,9.18,-2.843,1,5,0.0684,0.074,0.0721,0.0758
153.562,1,0.805,-0.5,-0.02,5,71.0,21.62,0.0711,-0.0043,0.078,0.001,-0.001,1.457,-0.875,-85.03,11.76,0.09,1,0.82,13.09,8.76,-0.272,1,5,0.0814,0.0758,0.0814,0.0721
153.596,1,0.808,-0.25,-0.54,5,71.0,22.15,0.0711,0.0055,0.078,0.001,0.012,1.457,-0.878,-85.03,11.76,0.09,1,0.821,13.09,8.76,-0.269,1,5,0.0833,0.074,0.0814,0.074
153.626,1,0.812,-0.25,0.19,5,70.5,21.02,0.0711,0.0114,0.076,0.002,0.004,1.457,-0.879,-85.03,11.76,0.09,1,0.821,13.09,8.75,-0.262,1,5,0.0795,0.0777,0.0777,0.0684
153.669,1,0.814,-0.25,0.36,5,70.6,20.46,0.0711,-0.0012,0.074,0.0,-0.063,1.457,-0.882,-85.08,11.76,0.09,1,0.82,13.09,8.76,-0.267,1,5,0.0777,0.0777,0.0703,0.0703
153.697,1,0.807,-0.25,0.36,5,70.8,20.46,0.0711,-0.0042,0.071,0.0,0.012,1.458,-0.885,-85.14,11.76,0.09,1,0.82,13.09,8.76,-0.267,1,5,0.074,0.074,0.0685,0.0685
153.795,1,0.803,0.25,0.45,5,71.3,20.46,0.0711,-0.004,0.068,0.005,-0.013,1.459,-0.89,-85.03,11.78,1.44,1,0.8,11.63,8.01,-3.046,1,5,0.0574,0.0703,0.0759,0.0703
153.862,1,0.815,0.25,0.7,5,72.2,20.46,0.0711,-0.0113,0.073,0.003,-0.003,1.459,-0.896,-84.97,11.78,1.44,1,0.824,10.18,2.72,-3.742,1,5,0.0648,0.0815,0.0704,0.0741
153.898,1,0.81,0.25,0.76,5,72.5,20.46,0.0853,-0.0152,0.076,0.001,-0.002,1.46,-0.899,-84.97,11.78,1.44,1,0.827,10.66,2.27,-2.678,1,5,0.0759,0.0815,0.0722,0.0741
153.962,1,0.806,0.25,0.34,5,73.4,23.94,0.1061,-0.0159,0.078,0.001,-0.008,1.46,-0.904,-85.03,11.78,1.78,1,0.825,10.66,2.27,-2.674,1,5,0.0795,0.0777,0.0795,0.074
153.993,1,0.834,0.25,0.26,5,74.3,22.77,0.1018,-0.0084,0.08,0.0,0.004,1.46,-0.906,-85.03,11.78,1.78,1,0.832,10.18,1.23,-4.982,1,5,0.0813,0.0795,0.0813,0.0776
154.027,1,0.844,0.25,0.54,5,74.7,21.6,0.0955,-0.007,0.086,0.0,-0.029,1.461,-0.909,-85.03,11.78,1.78,1,0.832,10.18,1.23,-4.982,1,5,0.087,0.087,0.0851,0.0833
154.062,1,0.842,0.25,0.21,5,75.4,21.6,0.0955,-0.0118,0.092,-0.003,-0.004,1.461,-0.913,-85.14,11.78,1.78,1,0.832,10.18,1.23,-4.982,1,5,0.0944,0.0888,0.0888,0.0944
154.095,1,0.853,0.25,-0.09,5,75.2,21.02,0.0955,-0.006,0.094,-0.002,0.052,1.461,-0.915,-85.08,11.78,1.78,1,0.832,10.18,1.23,-4.982,1,5,0.0963,0.0908,0.0926,0.0963
154.161,1,0.858,0.5,0.66,5,76.7,21.02,0.0955,-0.0007,0.102,0.003,-0.005,1.462,-0.923,-85.08,11.78,0.31,1,0.835,10.18,1.22,-4.958,1,5,0.0944,0.1,0.1092,0.1037
154.195,1,0.86,0.25,0.57,5,76.9,20.46,0.0955,-0.0167,0.103,0.003,-0.002,1.462,-0.925,-85.08,11.78,0.31,1,0.84,10.66,2.29,-2.663,1,5,0.0981,0.1036,0.1073,0.1018
154.262,1,0.849,0.25,0.68,5,77.5,20.46,0.0955,-0.012,0.103,-0.001,-0.022,1.463,-0.933,-85.08,11.78,0.31,1,0.841,10.66,2.31,-2.66,1,5,0.1129,0.1036,0.0999,0.0944
154.295,1,0.855,0.25,0.58,5,77.6,20.46,0.0955,-0.0139,0.1,-0.003,-0.019,1.463,-0.937,-85.2,11.78,0.31,1,0.842,10.66,2.31,-2.664,1,5,0.111,0.0999,0.0962,0.0944
154.358,1,0.854,0.25,0.29,5,77.5,20.46,0.0955,-0.0122,0.099,-0.003,0.03,1.463,-0.943,-85.2,11.8,-0.02,1,0.838,10.18,2.79,-3.742,1,5,0.0999,0.0925,0.0981,0.1036
154.398,1,0.857,0.25,0.7,5,77.1,20.46,0.0955,-0.0073,0.099,0.003,-0.09,1.464,-0.947,-85.26,11.8,-0.02,1,0.838,10.18,2.79,-3.742,1,5,0.0961,0.0924,0.1071,0.1034
154.463,1,0.861,-0.25,0.14,5,77.6,20.46,0.0955,-0.0144,0.099,0.004,-0.029,1.464,-0.953,-85.37,11.8,-0.02,1,0.842,10.66,1.33,-4.796,1,5,0.094,0.0959,0.1106,0.0959
154.495,1,0.87,-0.25,0.41,5,76.7,20.46,0.0955,0.0013,0.102,0.002,-0.004,1.465,-0.955,-85.37,11.8,-0.02,1,0.815,11.63,1.49,-3.632,1,5,0.1016,0.0997,0.109,0.0979
154.527,1,0.871,-0.25,0.6,5,76.7,20.46,0.0955,-0.004,0.106,0.0,-0.017,1.465,-0.96,-85.43,11.8,-0.02,1,0.839,13.09,7.36,-1.56,1,5,0.1108,0.1034,0.1089,0.0997
154.562,1,0.868,-0.25,0.37,5,76.4,20.46,0.0955,-0.0075,0.103,0.001,-0.046,1.465,-0.963,-85.49,11.8,-1.47,1,0.839,13.09,7.36,-1.56,1,5,0.109,0.1035,0.1035,0.0942
154.595,1,0.862,-0.25,0.2,5,76.0,20.46,0.0955,-0.0037,0.1,0.001,-0.052,1.465,-0.965,-85.54,11.8,-1.47,1,0.846,12.6,7.13,0.807,1,5,0.1052,0.1015,0.1015,0.0923
154.627,1,0.866,-0.25,0.2,5,75.8,20.46,0.0955,-0.001,0.099,0.001,0.017,1.466,-0.969,-85.6,11.8,-1.47,1,0.847,12.6,7.14,0.81,1,5,0.0997,0.096,0.1034,0.096
154.694,1,0.867,-0.5,0.48,5,75.3,20.44,0.0955,-0.0011,0.099,0.004,-0.051,1.467,-0.975,-85.66,11.8,-1.47,1,0.846,12.6,7.14,0.806,1,5,0.0906,0.0924,0.1128,0.0998
154.727,1,0.863,-0.75,-0.01,5,75.1,20.46,0.0955,-0.0031,0.099,0.004,-0.032,1.467,-0.979,-85.77,11.8,-1.47,1,0.848,12.12,6.61,-2.42,1,5,0.0963,0.0963,0.1093,0.0926
154.76,1,0.868,-0.75,-0.3,5,75.1,20.46,0.0955,0.0084,0.101,0.001,-0.037,1.467,-0.984,-85.83,11.8,-0.13,1,0.848,12.12,6.61,-2.42,1,5,0.1075,0.1001,0.1056,0.0927
154.796,1,0.879,-1.25,0.07,5,74.9,20.46,0.0955,0.0129,0.101,0.0,-0.002,1.468,-0.987,-85.83,11.8,-0.13,1,0.848,12.12,6.61,-2.42,1,5,0.1075,0.0982,0.1038,0.0945
154.825,1,0.881,-1.25,-0.3,5,75.4,20.46,0.0955,0.0121,0.1,0.001,-0.012,1.468,-0.989,-85.83,11.8,-0.13,1,0.851,11.15,6.39,-0.302,1,5,0.1056,0.1,0.1018,0.0926
154.862,1,0.883,-1.25,-0.58,5,75.5,20.46,0.0955,0.0181,0.095,0.001,-0.005,1.468,-0.993,-85.89,11.8,-0.13,1,0.851,11.15,6.39,-0.302,1,5,0.099,0.099,0.0935,0.088
154.897,1,0.881,-0.75,-1.03,5,75.7,20.46,0.0955,0.0223,0.095,0.001,0.022,1.468,-0.997,-85.83,11.8,-0.13,1,0.85,11.15,6.39,-0.293,1,5,0.0952,0.0989,0.0934,0.0934
154.932,1,0.872,-0.75,-0.27,5,75.5,20.46,0.0955,0.0239,0.096,0.001,0.04,1.469,-0.999,-85.77,11.8,-0.13,1,0.846,11.63,6.01,-2.408,1,5,0.0926,0.0963,0.0981,0.0981
154.959,1,0.87,-0.5,-0.51,5,75.5,19.97,0.0955,0.0108,0.097,0.002,0.023,1.469,-1.003,-85.71,11.8,-0.14,1,0.846,11.63,6.01,-2.408,1,5,0.0879,0.0934,0.1044,0.1026
154.997,1,0.874,-0.25,-0.06,5,75.2,20.46,0.0955,0.0123,0.1,0.001,-0.039,1.469,-1.007,-85.71,11.8,-0.14,1,0.846,11.63,6.01,-2.408,1,5,0.0892,0.0964,0.1037,0.1037
155.026,1,0.882,-0.75,0.27,5,75.0,20.46,0.0955,0.002,0.101,0.0,0.018,1.469,-1.009,-85.71,11.8,-0.14,1,0.846,12.12,7.59,-0.295,1,5,0.0992,0.101,0.101,0.101
155.062,1,0.874,-0.75,0.26,5,74.5,20.46,0.0955,0.0026,0.102,-0.0,0.011,1.47,-1.013,-85.71,11.8,-0.14,1,0.846,12.12,7.59,-0.295,1,5,0.1047,0.1047,0.0992,0.101
155.095,1,0.865,-0.75,0.25,5,73.8,20.46,0.0955,0.0027,0.102,-0.001,-0.025,1.47,-1.015,-85.71,11.8,-0.14,1,0.855,12.12,6.6,-2.416,1,5,0.1047,0.1047,0.0992,0.101
155.162,1,0.856,-0.75,0.01,5,72.9,20.46,0.0955,0.0026,0.095,-0.001,0.016,1.47,-1.021,-85.71,11.8,-0.14,1,0.85,12.12,6.59,-2.416,1,5,0.0977,0.0977,0.0904,0.0959
155.196,1,0.854,-0.5,-0.29,5,72.9,20.44,0.0955,0.0067,0.094,-0.0,0.015,1.47,-1.025,-85.71,11.8,1.4,1,0.822,8.72,3.39,-0.325,1,5,0.0959,0.0959,0.0904,0.0978
155.232,1,0.855,-0.25,-0.24,5,72.8,20.46,0.0932,0.009,0.095,0.001,0.041,1.471,-1.028,-85.66,11.8,1.4,1,0.846,8.72,-0.13,-2.69,1,5,0.083,0.0922,0.0996,0.1033
155.261,1,0.855,-0.25,-0.23,5,72.6,20.46,0.0932,0.005,0.094,0.002,-0.017,1.471,-1.03,-85.66,11.8,1.4,1,0.846,8.72,-0.13,-2.69,1,5,0.0808,0.0918,0.101,0.1029
155.294,1,0.852,-0.5,-0.18,5,72.7,20.44,0.0932,0.0054,0.094,0.003,-0.022,1.471,-1.032,-85.66,11.8,1.4,1,0.847,9.21,0.87,-0.284,1,5,0.0826,0.0936,0.101,0.0992
155.33,1,0.862,-1.0,-0.39,5,73.1,20.2,0.0932,0.0078,0.097,0.002,-0.019,1.471,-1.036,-85.77,11.8,1.4,1,0.851,8.24,0.35,-3.795,1,5,0.0954,0.0991,0.0991,0.0936
155.363,1,0.86,-1.0,-0.29,5,73.4,20.2,0.0932,0.0177,0.101,-0.001,-0.033,1.472,-1.04,-85.83,11.75,1.09,1,0.853,8.24,-1.12,-5.066,1,5,0.1108,0.1016,0.0979,0.0942
155.393,1,0.87,-1.25,-0.19,5,73.6,20.46,0.0932,0.0153,0.1,-0.003,-0.032,1.472,-1.042,-85.83,11.75,1.09,1,0.853,8.24,-1.12,-5.058,1,5,0.1126,0.1016,0.0923,0.0923
155.43,1,0.866,-1.25,-0.1,5,74.2,20.46,0.0932,0.0161,0.096,-0.003,-0.015,1.472,-1.046,-85.89,11.75,1.09,1,0.86,8.24,-0.73,-2.693,1,5,0.1092,0.0962,0.0888,0.0888
155.462,1,0.87,-1.0,-0.14,5,74.6,20.44,0.0932,0.0142,0.093,-0.0,0.019,1.472,-1.05,-85.83,11.75,1.09,1,0.859,8.24,-0.72,-2.693,1,5,0.0962,0.0944,0.0907,0.0907
155.496,1,0.871,-1.0,0.05,5,75.0,20.44,0.0932,0.0114,0.093,0.002,0.012,1.473,-1.053,-85.77,11.75,1.09,1,0.859,8.24,-1.09,-3.379,1,5,0.0851,0.0888,0.1018,0.0981
155.525,1,0.871,-0.5,-0.01,5,76.0,20.44,0.072,0.0082,0.093,0.001,0.033,1.473,-1.055,-85.77,11.75,1.09,1,0.862,8.24,-0.65,-5.92,1,5,0.0814,0.087,0.1018,0.1018
155.56,1,0.874,-0.5,0.05,5,76.7,20.44,0.072,0.0029,0.092,0.002,0.003,1.473,-1.059,-85.71,11.75,1.09,1,0.862,8.24,-0.65,-5.92,1,5,0.0814,0.0925,0.0962,0.0999
155.596,1,0.87,-0.75,0.27,5,76.8,20.46,0.072,0.0025,0.094,-0.0,-0.031,1.473,-1.063,-85.77,11.75,-0.58,1,0.856,9.21,0.48,-2.684,1,5,0.085,0.0943,0.0924,0.0998
155.625,1,0.87,-0.75,0.21,5,77.4,20.46,0.072,0.002,0.094,-0.001,-0.031,1.473,-1.065,-85.77,11.75,-0.58,1,0.844,10.18,-0.79,-4.445,1,5,0.0955,0.0974,0.0882,0.0955
155.662,1,0.873,-1.25,0.02,5,77.1,20.46,0.072,0.0031,0.091,-0.004,-0.029,1.473,-1.068,-85.89,11.75,-0.58,1,0.856,12.12,8.06,-2.783,1,5,0.1011,0.0864,0.0864,0.0882
155.695,1,0.871,-1.25,0.05,5,77.5,20.46,0.072,0.0126,0.087,-0.002,-0.004,1.474,-1.07,-85.89,11.75,-0.58,1,0.856,12.12,8.06,-2.783,1,5,0.0993,0.0846,0.0846,0.079
155.762,1,0.865,-1.25,0.21,5,77.5,20.46,0.072,0.0112,0.075,0.002,-0.017,1.474,-1.076,-85.94,11.78,-1.84,1,0.865,12.12,7.59,-0.337,1,5,0.074,0.0722,0.0833,0.0722
155.794,1,0.87,-1.25,0.25,5,77.5,20.46,0.072,0.0082,0.073,0.0,-0.012,1.474,-1.077,-85.94,11.78,-1.84,1,0.873,12.12,6.61,-2.462,1,5,0.0685,0.0667,0.0796,0.0778
155.829,1,0.869,-1.25,0.25,5,77.5,20.46,0.072,0.0072,0.066,-0.0,0.005,1.474,-1.079,-85.89,11.78,-1.84,1,0.876,12.12,6.6,-2.463,1,5,0.0592,0.0629,0.0685,0.074
155.863,1,0.873,-1.25,0.44,5,77.2,20.46,0.072,0.0072,0.064,0.0,0.003,1.475,-1.082,-85.89,11.78,-1.84,1,0.866,12.12,7.74,-4.943,1,5,0.0592,0.0647,0.0629,0.0684
155.895,1,0.857,-0.75,0.33,5,77.2,20.46,0.072,0.0037,0.064,0.001,0.02,1.475,-1.083,-85.83,11.78,-1.84,1,0.866,12.12,7.74,-4.943,1,5,0.0592,0.0666,0.0629,0.0666
155.928,1,0.859,-0.75,0.45,5,76.9,20.46,0.072,-0.0004,0.068,0.001,0.009,1.475,-1.086,-85.83,11.78,-1.84,1,0.873,12.6,6.93,-4.627,1,5,0.0644,0.0718,0.0662,0.0681
155.961,1,0.857,-0.75,0.47,5,76.7,20.46,0.072,-0.0021,0.071,-0.001,-0.01,1.475,-1.089,-85.83,11.78,-1.84,1,0.881,12.6,7.87,-2.643,1,5,0.0718,0.0718,0.0681,0.0736
155.995,1,0.853,-1.25,1.02,5,76.6,20.46,0.072,-0.0021,0.073,-0.0,-0.016,1.475,-1.091,-85.89,11.78,-1.51,1,0.883,12.6,7.89,-2.657,1,5,0.0755,0.0736,0.0718,0.0718
156.061,1,0.866,-1.25,0.44,5,76.7,20.46,0.07,-0.0058,0.075,-0.0,-0.012,1.475,-1.097,-86.0,11.78,-1.51,1,0.876,12.12,7.17,-6.127,1,5,0.0828,0.0736,0.0754,0.0681
156.093,1,0.866,-1.25,0.44,5,76.7,20.46,0.07,0.0041,0.074,-0.001,0.007,1.476,-1.098,-86.0,11.78,-1.51,1,0.883,12.12,6.68,-3.99,1,5,0.081,0.0736,0.0718,0.0681
156.159,1,0.867,-1.25,0.7,5,76.6,20.46,0.07,0.0038,0.067,0.003,-0.002,1.476,-1.104,-85.94,11.78,-1.58,1,0.882,12.12,6.69,-3.997,1,5,0.0628,0.0665,0.0739,0.0665
156.196,1,0.867,-1.25,0.7,5,76.4,20.46,0.07,-0.0008,0.067,0.0,0.038,1.476,-1.106,-85.89,11.78,-1.58,1,0.875,12.6,6.33,-4.393,1,5,0.061,0.0647,0.0721,0.0702
156.225,1,0.867,-1.25,1.06,5,76.4,20.46,0.07,-0.0009,0.067,-0.002,0.0,1.476,-1.107,-85.89,11.78,-1.58,1,0.875,12.6,6.33,-4.393,1,5,0.0592,0.0629,0.0666,0.0777
156.261,1,0.873,-1.25,0.99,5,76.1,20.46,0.07,-0.0072,0.068,-0.001,0.006,1.477,-1.11,-85.89,11.78,-1.58,1,0.875,12.6,6.33,-4.393,1,5,0.0624,0.0697,0.0642,0.0752
156.292,1,0.878,-1.25,0.88,5,75.8,20.46,0.07,-0.0059,0.069,0.0,0.003,1.477,-1.112,-85.89,11.78,-1.58,1,0.881,12.6,6.99,-4.641,1,5,0.0642,0.0715,0.0678,0.0733
156.328,1,0.875,-1.25,0.97,5,75.5,20.46,0.07,-0.0042,0.073,0.0,-0.012,1.477,-1.115,-85.89,11.78,-1.58,1,0.883,12.6,7.89,-2.694,1,5,0.0716,0.0734,0.0734,0.0734
156.364,1,0.872,-1.25,0.96,5,75.7,20.46,0.07,-0.0057,0.075,0.0,-0.007,1.477,-1.118,-85.94,11.79,-1.58,1,0.885,12.6,6.06,-6.498,1,5,0.0778,0.074,0.0778,0.0722
156.397,1,0.877,-1.25,0.86,5,76.2,20.46,0.07,-0.0054,0.075,-0.001,-0.02,1.477,-1.121,-85.94,11.79,-1.58,1,0.882,12.6,6.05,-6.5,1,5,0.0815,0.0741,0.0741,0.0722
156.43,1,0.885,-1.0,0.53,5,76.2,20.44,0.07,-0.0037,0.074,-0.001,-0.04,1.477,-1.122,-86.0,11.79,-1.58,1,0.882,12.6,6.06,-6.502,1,5,0.0833,0.0759,0.0703,0.0685
156.493,1,0.87,-0.75,0.47,5,75.3,20.46,0.07,-0.0007,0.068,-0.001,-0.008,1.478,-1.126,-86.0,11.79,-1.58,1,0.88,12.6,6.41,-5.864,1,5,0.0758,0.074,0.061,0.0629
156.595,1,0.866,-0.25,0.79,5,74.7,20.46,0.07,-0.0021,0.061,0.003,0.058,1.478,-1.132,-85.77,11.79,-3.18,1,0.888,17.45,14.06,-1.834,1,5,0.0481,0.0647,0.0629,0.0684
156.659,1,0.862,0.75,1.06,5,74.6,20.46,0.07,-0.0129,0.063,0.006,0.009,1.479,-1.137,-85.6,11.79,-3.18,1,0.894,17.93,13.74,-2.223,1,5,0.0481,0.0759,0.0611,0.0666
156.695,1,0.86,0.75,1.4,5,74.8,20.46,0.07,-0.0289,0.065,0.006,0.003,1.48,-1.139,-85.6,11.79,-3.18,1,0.891,18.42,15.2,-1.799,1,5,0.0479,0.0774,0.0663,0.07
156.794,1,0.867,0.75,1.0,5,74.9,20.46,0.07,-0.0324,0.07,0.002,-0.049,1.48,-1.146,-85.77,11.8,-1.26,1,0.894,17.93,14.2,-2.845,1,5,0.0739,0.0721,0.0721,0.0631
156.897,1,0.878,0.25,0.79,5,75.1,20.46,0.07,-0.0247,0.065,0.002,0.003,1.481,-1.154,-85.89,11.8,-1.26,1,0.882,16.48,14.75,-2.776,1,5,0.0685,0.0648,0.0703,0.0574
156.925,1,0.873,0.25,0.8,5,74.9,20.46,0.07,-0.0149,0.063,0.001,-0.004,1.481,-1.155,-85.89,11.8,-1.26,1,0.882,16.48,14.75,-2.776,1,5,0.0648,0.0593,0.0704,0.0593
156.993,1,0.869,0.25,0.88,5,75.1,20.46,0.07,-0.0157,0.062,-0.002,-0.004,1.481,-1.159,-85.89,11.8,0.16,1,0.9,14.06,6.29,-4.829,1,5,0.0612,0.0538,0.0649,0.0667
157.024,1,0.869,0.25,0.87,5,75.2,20.46,0.07,-0.0171,0.063,-0.003,-0.001,1.481,-1.161,-85.94,11.8,0.16,1,0.901,14.06,6.29,-4.827,1,5,0.063,0.0556,0.063,0.0685
157.063,1,0.869,0.25,0.88,5,75.8,20.46,0.07,-0.0172,0.066,-0.002,0.007,1.481,-1.164,-85.89,11.8,0.16,1,0.898,14.06,6.25,-3.256,1,5,0.0648,0.063,0.0648,0.0704
157.091,1,0.866,0.25,1.01,5,75.7,20.46,0.07,-0.0173,0.067,-0.001,0.001,1.482,-1.165,-85.89,11.8,0.16,1,0.898,14.06,6.25,-3.256,1,5,0.0648,0.0648,0.0667,0.0704
157.124,1,0.876,0.25,0.95,5,75.4,20.46,0.07,-0.0198,0.071,-0.0,-0.023,1.482,-1.168,-85.94,11.8,0.16,1,0.901,14.06,6.24,-3.254,1,5,0.0704,0.0741,0.0686,0.0723
157.159,1,0.87,0.25,0.98,5,75.5,20.46,0.07,-0.0187,0.074,-0.0,-0.041,1.482,-1.171,-86.0,11.8,0.48,1,0.901,14.06,6.24,-3.254,1,5,0.0777,0.0722,0.074,0.0703
157.196,1,0.872,-0.25,0.86,5,75.3,20.46,0.07,-0.0193,0.075,-0.0,-0.064,1.482,-1.174,-86.17,11.8,0.48,1,0.903,13.09,5.06,-4.903,1,5,0.087,0.0722,0.0759,0.0629
157.224,1,0.882,-0.25,0.75,5,75.6,20.46,0.07,-0.0109,0.074,-0.0,-0.056,1.482,-1.176,-86.23,11.8,0.48,1,0.903,13.09,5.06,-4.903,1,5,0.0888,0.0703,0.0759,0.0592
157.294,1,0.889,-0.25,0.34,5,75.9,20.46,0.07,-0.0101,0.072,0.001,-0.004,1.483,-1.18,-86.29,11.8,0.48,1,0.898,12.6,4.01,-7.421,1,5,0.0832,0.0703,0.0758,0.0592
157.326,1,0.886,-0.5,0.6,5,75.8,19.97,0.07,-0.0031,0.071,0.002,-0.015,1.483,-1.183,-86.29,11.8,0.48,1,0.899,12.6,3.94,-5.975,1,5,0.0722,0.0666,0.0796,0.0648
157.394,1,0.873,-0.5,0.47,5,76.1,20.44,0.07,-0.0053,0.067,0.001,-0.07,1.483,-1.187,-86.46,11.81,-0.8,1,0.903,12.6,3.79,-4.577,1,5,0.0647,0.061,0.0758,0.0666
157.492,1,0.883,-0.75,0.16,5,77.0,20.46,0.07,-0.0034,0.068,0.005,-0.019,1.484,-1.194,-86.57,11.81,-0.8,1,0.901,12.12,3.88,-4.949,1,5,0.0611,0.0648,0.0814,0.0648
157.595,1,0.869,-1.0,0.12,5,77.6,20.44,0.07,0.0044,0.074,-0.002,-0.023,1.484,-1.203,-86.75,11.81,-2.49,1,0.857,14.54,4.76,-6.49,1,5,0.085,0.0721,0.0758,0.0721
157.69,1,0.871,-0.75,-0.02,5,77.2,20.46,0.07,0.0074,0.072,0.003,0.025,1.485,-1.208,-86.57,11.81,-2.49,1,0.904,15.03,8.92,-3.535,1,5,0.0685,0.0759,0.074,0.0685
157.726,1,0.862,-0.75,0.02,5,77.0,20.46,0.07,0.0068,0.07,0.002,-0.01,1.485,-1.211,-86.57,11.81,-2.49,1,0.904,15.03,8.92,-3.535,1,5,0.0666,0.0722,0.0722,0.0703
157.789,1,0.865,-1.0,0.02,5,77.8,20.44,0.07,0.0062,0.069,-0.002,-0.012,1.485,-1.215,-86.69,11.8,-3.43,1,0.902,15.03,10.24,-2.327,1,5,0.0701,0.0646,0.0701,0.072
157.827,1,0.864,-1.25,0.1,5,77.8,20.46,0.07,0.0093,0.07,0.0,-0.0,1.486,-1.218,-86.75,11.8,-3.43,1,0.902,15.03,10.24,-2.327,1,5,0.0683,0.0646,0.0757,0.072
157.891,1,0.86,-1.25,-0.17,5,77.8,20.46,0.07,0.0103,0.073,0.003,-0.042,1.486,-1.223,-86.8,11.8,-3.43,1,0.899,15.03,7.54,-4.74,1,5,0.0704,0.0741,0.0778,0.0704
157.923,1,0.86,-1.75,-0.05,5,77.9,20.46,0.07,0.0149,0.074,0.001,-0.017,1.486,-1.226,-86.86,11.8,-3.43,1,0.904,14.54,8.0,-4.324,1,5,0.0777,0.0759,0.074,0.0685
157.993,1,0.853,-1.75,-0.3,5,77.5,20.46,0.07,0.018,0.072,-0.002,0.017,1.486,-1.23,-86.92,11.8,-3.43,1,0.9,14.06,6.83,-5.451,1,5,0.0796,0.0759,0.0648,0.0685
158.096,1,0.861,-1.75,0.17,5,77.9,20.46,0.07,0.0213,0.067,0.0,0.008,1.487,-1.238,-86.63,11.8,-3.43,1,0.914,14.06,9.13,-3.825,1,5,0.0624,0.0715,0.0642,0.0715
158.122,1,0.853,-1.75,0.27,5,78.1,20.46,0.07,0.013,0.066,0.0,0.011,1.487,-1.239,-86.63,11.8,-3.43,1,0.914,14.06,9.13,-3.825,1,5,0.0623,0.0696,0.0623,0.0696
158.191,1,0.86,-1.25,0.41,5,77.7,20.46,0.07,0.0111,0.065,0.0,0.047,1.487,-1.243,-86.57,11.8,-3.48,1,0.914,14.06,9.13,-3.825,1,5,0.0601,0.0638,0.0656,0.0692
158.222,1,0.861,-0.75,0.03,5,77.9,20.46,0.07,0.0024,0.064,0.002,0.019,1.487,-1.246,-86.52,11.8,-3.48,1,0.914,14.06,9.13,-3.825,1,5,0.057,0.0643,0.068,0.068
158.292,1,0.862,-0.75,0.6,5,77.9,20.46,0.07,0.0047,0.068,0.002,-0.005,1.487,-1.249,-86.46,11.8,-3.48,1,0.909,15.51,9.79,-2.785,1,5,0.0625,0.0736,0.0662,0.0699
158.322,1,0.865,-0.75,0.25,5,77.8,20.46,0.07,-0.005,0.07,0.0,-0.003,1.487,-1.252,-86.46,11.8,-3.48,1,0.908,15.51,9.79,-2.775,1,5,0.0703,0.074,0.0666,0.0703
158.394,1,0.861,-1.0,0.38,5,77.9,20.44,0.07,0.0018,0.07,-0.004,-0.003,1.487,-1.256,-86.52,11.82,-2.55,1,0.902,15.03,9.82,-1.608,1,5,0.0773,0.0699,0.0625,0.0717
158.421,1,0.88,-1.25,0.24,5,77.9,20.46,0.07,0.0027,0.071,-0.004,-0.003,1.488,-1.259,-86.52,11.82,-2.55,1,0.897,15.03,8.93,-3.535,1,5,0.0772,0.0736,0.0607,0.0736
158.491,1,0.882,-1.25,0.46,5,78.0,20.46,0.07,0.0076,0.07,-0.001,0.04,1.488,-1.263,-86.4,11.82,-2.55,1,0.898,15.03,8.92,-3.535,1,5,0.0666,0.0721,0.0666,0.0758
158.522,1,0.88,-1.0,0.4,5,77.8,20.2,0.07,0.0037,0.067,0.0,0.006,1.488,-1.266,-86.34,11.82,-2.55,1,0.9,15.03,10.25,-2.335,1,5,0.0611,0.0685,0.0666,0.0722
158.593,1,0.879,-0.75,0.45,5,77.5,20.46,0.07,0.0016,0.066,0.0,0.035,1.488,-1.27,-86.34,11.82,-1.82,1,0.904,15.03,10.28,-3.806,1,5,0.061,0.0647,0.0666,0.0703
158.626,1,0.887,-0.5,0.16,5,77.5,19.97,0.07,-0.0022,0.066,0.0,0.001,1.488,-1.272,-86.34,11.82,-1.82,1,0.903,15.51,9.47,-3.509,1,5,0.0574,0.0629,0.0703,0.074
158.693,1,0.881,-0.5,0.22,5,77.5,20.0,0.07,0.0007,0.071,0.001,-0.015,1.489,-1.277,-86.29,11.82,-1.82,1,0.896,15.99,8.7,-4.683,1,5,0.0647,0.074,0.0703,0.074
158.724,1,0.885,-0.75,0.37,5,77.2,20.46,0.07,-0.0001,0.074,0.001,-0.009,1.489,-1.28,-86.34,11.82,-1.82,1,0.893,15.51,10.57,-4.436,1,5,0.0758,0.0814,0.0684,0.0703
158.757,1,0.886,-0.75,-0.16,5,77.1,20.46,0.07,0.0006,0.075,-0.003,-0.028,1.489,-1.282,-86.4,11.81,-1.39,1,0.904,15.51,9.77,-2.836,1,5,0.0827,0.0791,0.0662,0.0736
158.792,1,0.895,-1.0,0.01,5,77.1,20.44,0.07,0.0097,0.075,-0.004,-0.01,1.489,-1.284,-86.4,11.81,-1.39,1,0.904,15.51,9.77,-2.836,1,5,0.0856,0.0784,0.0642,0.0731
158.826,1,0.892,-1.0,0.0,5,77.3,20.44,0.07,0.0096,0.078,-0.005,0.042,1.489,-1.287,-86.34,11.81,-1.39,1,0.903,15.03,8.89,-3.535,1,5,0.089,0.0765,0.0694,0.0765
158.891,1,0.885,-0.75,0.4,5,78.1,20.46,0.07,0.0094,0.076,0.001,0.008,1.489,-1.291,-86.23,11.81,-1.39,1,0.9,15.03,9.8,-1.606,1,5,0.0739,0.0776,0.0776,0.0757
158.922,1,0.888,-0.75,0.37,5,77.8,20.46,0.07,-0.0007,0.073,0.0,0.03,1.49,-1.294,-86.17,11.81,-1.39,1,0.9,15.51,9.77,-2.823,1,5,0.0648,0.0722,0.074,0.0796
158.992,1,0.868,-0.5,0.72,5,77.8,20.2,0.07,0.0001,0.067,-0.0,-0.01,1.49,-1.298,-86.12,11.81,-0.64,1,0.9,15.51,9.77,-2.823,1,5,0.0592,0.0647,0.0684,0.0758
159.022,1,0.867,-0.25,0.65,5,77.8,20.46,0.07,-0.0091,0.067,-0.001,0.04,1.49,-1.301,-86.06,11.81,-0.64,1,0.882,14.54,11.84,-4.25,1,5,0.061,0.0684,0.0628,0.0739
159.094,1,0.89,-0.25,0.38,5,77.2,20.46,0.07,-0.01,0.068,-0.004,0.046,1.49,-1.305,-85.83,11.81,-0.64,1,0.882,14.54,11.84,-4.25,1,5,0.0647,0.0758,0.0518,0.0795
159.126,1,0.886,-0.5,0.68,5,77.1,19.97,0.07,-0.0049,0.07,-0.007,-0.0,1.49,-1.308,-85.83,11.81,-0.64,1,0.893,12.12,4.37,-5.615,1,5,0.0702,0.0739,0.0517,0.0831
159.158,1,0.877,-0.5,0.85,5,77.2,19.97,0.07,-0.0069,0.072,-0.006,0.011,1.49,-1.311,-85.83,11.81,0.02,1,0.895,12.12,3.91,-4.926,1,5,0.0775,0.0738,0.0572,0.0775
159.191,1,0.88,-0.75,0.8,5,77.4,20.46,0.07,-0.0101,0.072,-0.005,0.005,1.49,-1.312,-85.83,11.81,0.02,1,0.895,12.12,3.91,-4.926,1,5,0.0794,0.072,0.0609,0.0739
159.225,1,0.878,-0.75,0.75,5,77.6,20.46,0.07,-0.0064,0.073,-0.0,-0.011,1.49,-1.315,-85.83,11.81,0.02,1,0.887,12.12,3.87,-3.371,1,5,0.0777,0.074,0.0703,0.0684
159.259,1,0.877,-0.75,0.32,5,77.5,20.46,0.07,-0.0056,0.071,0.001,-0.037,1.49,-1.318,-85.89,11.81,0.02,1,0.889,11.63,2.98,-5.724,1,5,0.0698,0.0679,0.0753,0.0698
159.325,1,0.884,-0.75,0.3,5,76.8,20.46,0.07,0.0015,0.068,-0.0,0.009,1.491,-1.322,-85.89,11.81,0.02,1,0.895,11.63,3.27,-3.377,1,5,0.0653,0.0581,0.0762,0.0708
159.356,1,0.886,-0.75,0.28,5,76.7,20.46,0.07,0.0018,0.068,0.0,0.013,1.491,-1.325,-85.89,11.81,0.02,1,0.895,11.63,3.28,-3.363,1,5,0.0658,0.0603,0.075,0.0713
159.392,1,0.877,-0.75,0.36,5,76.4,20.46,0.07,0.002,0.068,0.001,0.001,1.491,-1.326,-85.89,11.82,-1.03,1,0.895,11.63,3.28,-3.363,1,5,0.064,0.0676,0.0695,0.0695
159.427,1,0.876,-0.75,0.47,5,76.4,20.46,0.07,0.0006,0.07,0.0,0.018,1.491,-1.329,-85.83,11.82,-1.03,1,0.892,11.63,3.29,-3.366,1,5,0.0665,0.072,0.0683,0.072
159.524,1,0.881,-1.0,0.13,5,76.7,20.44,0.07,-0.0015,0.077,0.0,-0.015,1.492,-1.338,-85.94,11.82,-1.03,1,0.891,11.63,3.58,-2.61,1,5,0.0813,0.0739,0.0795,0.0721
159.556,1,0.89,-1.0,0.2,5,76.4,20.44,0.07,0.0077,0.078,0.0,-0.024,1.492,-1.34,-85.94,11.82,-1.03,1,0.887,11.63,3.57,-2.61,1,5,0.0813,0.0739,0.0795,0.0721
159.624,1,0.884,-1.25,0.22,5,76.5,20.46,0.07,0.006,0.077,-0.002,0.002,1.492,-1.344,-86.0,11.82,-1.68,1,0.88,11.15,2.66,-4.966,1,5,0.085,0.0795,0.0702,0.0721
159.659,1,0.885,-1.0,0.19,5,76.5,20.2,0.07,0.0086,0.074,-0.005,0.038,1.492,-1.347,-85.94,11.82,-1.68,1,0.875,11.15,2.63,-4.961,1,5,0.0758,0.074,0.0647,0.0814
159.72,1,0.889,-1.0,0.29,5,76.4,20.44,0.07,0.0057,0.072,-0.002,0.01,1.492,-1.352,-85.83,11.82,-1.68,1,0.878,11.15,4.05,-3.709,1,5,0.061,0.0666,0.074,0.0869
159.756,1,0.884,-1.0,0.37,5,76.4,20.44,0.07,0.0039,0.072,0.001,0.013,1.493,-1.354,-85.77,11.82,-2.42,1,0.878,11.15,4.05,-3.709,1,5,0.0628,0.0739,0.072,0.0794
159.791,1,0.879,-1.0,0.36,5,76.6,20.2,0.07,0.0026,0.071,0.001,0.01,1.493,-1.356,-85.77,11.82,-2.42,1,0.878,11.15,4.05,-3.709,1,5,0.0647,0.0739,0.0702,0.0739
159.823,1,0.883,-1.0,0.19,5,76.8,20.44,0.07,0.0026,0.073,-0.0,-0.032,1.493,-1.359,-85.83,11.82,-2.42,1,0.882,11.63,3.56,-2.614,1,5,0.0739,0.0758,0.0702,0.0739
159.854,1,0.888,-1.0,0.26,5,76.8,20.44,0.07,0.0056,0.074,-0.001,-0.012,1.493,-1.36,-85.83,11.82,-2.42,1,0.881,11.15,4.05,-3.709,1,5,0.0758,0.0721,0.074,0.0758
159.89,1,0.886,-1.25,0.44,5,76.7,20.46,0.07,0.0044,0.077,-0.001,-0.003,1.493,-1.364,-85.89,11.82,-2.42,1,0.881,11.15,4.05,-3.709,1,5,0.0795,0.0721,0.0795,0.0758
159.92,1,0.876,-1.5,0.04,5,77.0,20.2,0.07,0.0045,0.076,0.002,-0.021,1.494,-1.366,-85.89,11.82,-2.42,1,0.881,11.15,4.05,-3.709,1,5,0.0814,0.074,0.0814,0.0666
160.023,1,0.887,-1.5,-0.05,5,78.0,20.44,0.07,0.0135,0.071,-0.003,0.016,1.494,-1.374,-86.0,11.82,-3.32,1,0.884,14.54,10.61,-1.912,1,5,0.074,0.0684,0.0666,0.074
160.054,1,0.878,-1.5,0.14,5,77.8,20.44,0.07,0.0147,0.07,-0.002,0.041,1.494,-1.375,-85.94,11.82,-3.32,1,0.894,14.54,10.61,-1.915,1,5,0.0684,0.0666,0.0703,0.0758
160.121,1,0.866,-1.5,0.22,5,77.5,20.44,0.07,0.0113,0.069,0.002,0.004,1.494,-1.38,-85.89,11.82,-3.32,1,0.894,14.54,11.21,-0.706,1,5,0.061,0.0702,0.0721,0.0721
160.224,1,0.872,-1.5,0.06,5,77.5,21.02,0.07,0.0096,0.075,0.002,-0.03,1.495,-1.388,-85.94,11.82,-2.45,1,0.891,15.03,11.61,-1.078,1,5,0.074,0.0795,0.074,0.0721
160.324,1,0.842,-1.5,0.1,5,77.8,20.44,0.07,0.0124,0.071,0.002,-0.028,1.496,-1.395,-86.06,11.82,-2.45,1,0.893,14.54,11.65,-1.418,1,5,0.0759,0.074,0.0722,0.0611
160.355,1,0.842,-1.5,0.14,5,78.0,20.44,0.07,0.0118,0.07,0.002,-0.02,1.496,-1.396,-86.06,11.82,-2.45,1,0.888,14.54,11.45,1.712,1,5,0.0759,0.074,0.0703,0.0611
160.424,1,0.866,-1.25,-0.22,5,77.5,20.46,0.07,0.011,0.067,-0.001,0.027,1.496,-1.402,-86.0,11.8,-0.71,1,0.888,14.54,11.45,1.712,1,5,0.0629,0.0647,0.0684,0.074
160.454,1,0.859,-1.0,-0.29,5,77.1,21.02,0.0772,0.0142,0.065,0.0,0.036,1.496,-1.403,-85.94,11.8,-0.71,1,0.893,14.54,11.5,0.092,1,5,0.0573,0.061,0.0702,0.0721
160.523,1,0.862,-0.75,0.02,5,76.2,20.46,0.0979,0.0131,0.066,0.003,0.027,1.497,-1.408,-85.83,11.8,-0.71,1,0.889,11.63,3.61,-2.597,1,5,0.0574,0.0685,0.0685,0.0685
160.556,1,0.882,-0.75,-0.01,5,75.7,21.02,0.1121,0.0049,0.068,0.001,0.003,1.497,-1.41,-85.83,11.8,-0.71,1,0.891,11.63,4.21,-1.303,1,5,0.0629,0.0722,0.0666,0.0703
160.626,1,0.888,-0.75,-0.16,5,75.2,20.46,0.14,0.0064,0.085,-0.001,-0.016,1.498,-1.417,-85.83,11.8,0.98,1,0.892,11.15,5.04,-1.654,1,5,0.0869,0.0851,0.0832,0.0851
160.654,1,0.877,-0.5,0.02,5,74.7,21.02,0.1473,0.0099,0.092,0.0,0.019,1.498,-1.419,-85.83,11.8,0.98,1,0.892,11.15,5.04,-1.654,1,5,0.0943,0.0925,0.0906,0.0888
160.725,1,0.872,-0.5,0.18,5,75.2,21.02,0.1412,0.0032,0.118,0.002,-0.029,1.499,-1.429,-85.89,11.8,0.98,1,0.886,8.72,-1.42,-3.97,1,5,0.1184,0.1221,0.1184,0.1147
160.757,1,0.878,-0.5,-0.18,5,75.8,21.02,0.1207,0.0006,0.134,0.002,0.042,1.499,-1.435,-85.89,11.8,0.98,1,0.888,8.72,-1.43,-3.974,1,5,0.1238,0.1257,0.1294,0.1294
160.825,1,0.89,-1.0,-0.16,5,76.2,21.02,0.1209,0.0078,0.144,0.005,-0.044,1.5,-1.443,-86.06,11.81,2.0,1,0.892,8.72,-1.45,-3.963,1,5,0.133,0.1423,0.1552,0.1441
160.854,1,0.895,-1.0,-0.15,5,76.1,21.02,0.1281,0.0138,0.144,0.006,-0.006,1.5,-1.446,-86.06,11.81,2.0,1,0.904,7.76,-1.61,-3.447,1,5,0.1368,0.1442,0.1553,0.1387
160.923,1,0.904,-1.25,-0.24,5,75.6,21.02,0.1338,0.0128,0.146,0.004,-0.051,1.502,-1.458,-86.23,11.81,2.0,1,0.904,7.76,-1.61,-3.447,1,5,0.1518,0.1425,0.1573,0.1332
160.957,1,0.899,-1.25,-0.55,5,76.2,20.81,0.1409,0.0178,0.144,0.004,-0.035,1.502,-1.464,-86.34,11.81,2.0,1,0.932,7.76,-1.29,-2.649,1,5,0.148,0.1406,0.1572,0.135
161.023,1,0.9,-2.0,-0.74,5,76.8,21.02,0.1433,0.0243,0.144,0.004,-0.019,1.503,-1.472,-86.46,11.81,-0.04,1,0.935,6.79,-2.77,-3.477,1,5,0.1388,0.1425,0.1536,0.1406
161.058,1,0.9,-2.0,-1.1,5,77.0,21.02,0.1404,0.0372,0.147,0.002,0.033,1.503,-1.478,-86.46,11.81,-0.04,1,0.923,6.79,-3.87,-3.947,1,5,0.148,0.1498,0.148,0.1406
161.122,1,0.909,-1.75,-0.96,5,76.5,20.81,0.1096,0.039,0.149,-0.0,0.068,1.504,-1.487,-86.29,11.81,-0.04,1,0.912,7.27,-4.22,-4.44,1,5,0.1496,0.1533,0.1441,0.1478
161.158,1,0.908,-1.25,-0.68,5,76.6,20.81,0.1051,0.0327,0.145,0.001,0.03,1.504,-1.493,-86.17,11.81,-2.4,1,0.948,10.66,5.59,-2.789,1,5,0.1368,0.146,0.146,0.1516
161.223,1,0.919,-1.75,-0.27,5,77.0,21.02,0.1258,0.0238,0.145,0.001,0.002,1.505,-1.501,-86.23,11.81,-2.4,1,0.948,10.66,5.59,-2.789,1,5,0.135,0.1442,0.1479,0.1516
161.257,1,0.916,-1.75,-0.2,5,77.1,21.02,0.1406,0.0228,0.142,0.0,0.025,1.505,-1.507,-86.23,11.81,-2.4,1,0.944,10.66,3.32,-0.502,1,5,0.141,0.1447,0.141,0.1429
161.322,1,0.919,-1.5,-0.22,5,76.6,20.44,0.1347,0.0204,0.136,-0.003,-0.008,1.505,-1.515,-86.17,11.81,-2.4,1,0.952,10.66,2.89,-3.412,1,5,0.1373,0.1336,0.1318,0.141
161.353,1,0.916,-1.25,-0.37,5,76.8,20.46,0.1228,0.0175,0.134,-0.002,0.048,1.506,-1.518,-86.12,11.81,-2.4,1,0.958,10.66,3.98,-6.021,1,5,0.1318,0.1337,0.13,0.141
161.423,1,0.912,-1.5,-0.03,5,76.7,20.44,0.0871,0.017,0.135,0.005,-0.012,1.507,-1.529,-86.17,11.81,-2.4,1,0.958,10.66,3.98,-6.021,1,5,0.1296,0.1444,0.1352,0.1315
161.453,1,0.908,-1.5,-0.1,5,76.6,20.44,0.07,0.0142,0.134,0.003,-0.003,1.507,-1.531,-86.17,11.81,-2.4,1,0.956,10.66,4.01,-6.012,1,5,0.1351,0.1425,0.1314,0.1258
161.525,1,0.915,-1.25,-0.37,5,75.8,21.02,0.07,0.0153,0.121,0.001,-0.071,1.508,-1.541,-86.29,11.81,-2.4,1,0.939,15.51,15.66,-3.258,1,5,0.1289,0.1178,0.1252,0.1105
161.552,1,0.915,-1.25,-0.39,5,75.7,20.46,0.07,0.0169,0.119,0.003,-0.054,1.508,-1.543,-86.34,11.81,-2.4,1,0.939,15.51,15.66,-3.258,1,5,0.1197,0.1142,0.1289,0.1123
161.622,1,0.92,-1.5,-0.04,5,75.9,20.44,0.07,0.0176,0.101,0.01,-0.019,1.509,-1.551,-86.46,11.81,-3.18,1,0.969,15.51,10.84,-3.787,1,5,0.087,0.1018,0.1203,0.0962
161.651,1,0.919,-1.75,-0.31,5,75.7,20.46,0.07,0.0147,0.096,0.008,-0.057,1.509,-1.553,-86.52,11.81,-3.18,1,0.973,14.54,11.15,-6.601,1,5,0.0889,0.0963,0.113,0.087
161.723,1,0.92,-2.25,-0.84,5,75.2,20.46,0.07,0.0221,0.083,-0.002,-0.01,1.51,-1.559,-86.69,11.81,-3.18,1,0.973,14.54,11.15,-6.601,1,5,0.1017,0.0758,0.0869,0.0684
161.755,1,0.927,-2.5,-0.78,5,75.3,20.44,0.07,0.0368,0.08,-0.001,-0.029,1.51,-1.561,-86.75,11.81,-3.18,1,0.963,13.57,9.62,-6.124,1,5,0.0961,0.0721,0.0868,0.0665
161.787,1,0.925,-2.99,-1.18,5,75.8,20.44,0.07,0.0381,0.074,0.0,-0.048,1.51,-1.564,-86.8,11.79,-4.13,1,0.951,13.57,9.57,-3.413,1,5,0.0813,0.0628,0.085,0.0665
161.824,1,0.927,-2.99,-1.02,5,75.3,20.44,0.07,0.0501,0.069,0.0,-0.018,1.51,-1.566,-86.86,11.79,-4.13,1,0.953,13.09,7.91,-5.339,1,5,0.0685,0.0629,0.0759,0.0685
161.851,1,0.92,-2.99,-0.71,5,75.2,20.44,0.07,0.0469,0.066,-0.0,-0.026,1.51,-1.567,-86.92,11.79,-4.13,1,0.953,13.09,7.91,-5.339,1,5,0.0647,0.061,0.0703,0.0666
161.886,1,0.918,-2.99,-1.0,5,75.2,20.44,0.07,0.0408,0.061,-0.0,0.026,1.51,-1.57,-86.92,11.79,-4.13,1,0.953,13.09,7.91,-5.339,1,5,0.0592,0.0592,0.061,0.0629
161.919,1,0.913,-2.99,-0.64,5,74.7,20.44,0.07,0.0455,0.058,0.0,0.027,1.51,-1.572,-86.8,11.79,-4.13,1,0.953,13.09,7.91,-5.339,1,5,0.0534,0.059,0.0571,0.0626
161.955,1,0.914,-2.99,-0.57,5,74.8,20.44,0.07,0.0389,0.058,0.0,0.011,1.511,-1.573,-86.8,11.79,-4.13,1,0.953,13.09,7.91,-5.339,1,5,0.0535,0.0608,0.0553,0.0627
161.991,1,0.916,-2.99,-0.59,5,74.7,20.2,0.07,0.0373,0.059,0.0,0.022,1.511,-1.576,-86.8,11.79,-4.49,1,0.942,16.48,15.45,-4.268,1,5,0.0535,0.0627,0.0553,0.0627
162.024,1,0.917,-2.99,-0.56,5,74.8,20.0,0.07,0.0375,0.06,-0.001,0.005,1.511,-1.578,-86.75,11.79,-4.49,1,0.954,16.96,14.67,-4.059,1,5,0.0592,0.0629,0.0537,0.0629
162.052,1,0.919,-3.24,-0.5,5,74.9,20.44,0.07,0.037,0.06,-0.003,-0.032,1.511,-1.579,-86.75,11.79,-4.49,1,0.954,16.96,14.67,-4.059,1,5,0.0607,0.0644,0.0497,0.0662
162.086,1,0.92,-3.24,-0.98,5,75.2,20.44,0.07,0.0387,0.062,-0.004,0.021,1.511,-1.582,-86.8,11.79,-4.49,1,0.954,16.96,14.67,-4.059,1,5,0.0662,0.0662,0.0497,0.0644
162.122,1,0.922,-3.24,-0.98,5,75.0,20.44,0.07,0.047,0.064,-0.004,0.032,1.511,-1.585,-86.75,11.79,-4.49,1,0.954,16.96,14.67,-4.059,1,5,0.0699,0.0662,0.0552,0.0662
162.154,1,0.918,-2.99,-0.59,5,75.0,20.44,0.07,0.0467,0.064,-0.001,0.016,1.511,-1.586,-86.75,11.79,-4.49,1,0.946,16.48,14.46,-3.432,1,5,0.068,0.0643,0.0625,0.0625
162.188,1,0.915,-2.99,-0.57,5,74.8,20.44,0.07,0.0368,0.064,0.002,0.025,1.511,-1.588,-86.57,11.79,-3.79,1,0.952,16.48,15.06,-3.669,1,5,0.0607,0.0662,0.0662,0.0644
162.221,1,0.909,-2.99,-0.12,5,74.8,19.97,0.07,0.0366,0.061,0.002,0.047,1.511,-1.591,-86.46,11.79,-3.79,1,0.952,16.48,15.06,-3.669,1,5,0.0528,0.0656,0.0601,0.0656
162.256,1,0.913,-2.75,-0.12,5,74.7,20.44,0.07,0.0288,0.061,-0.001,0.021,1.511,-1.593,-86.4,11.79,-3.79,1,0.953,16.96,14.8,-5.245,1,5,0.0532,0.0679,0.0569,0.0697
162.291,1,0.92,-2.5,-0.45,5,74.8,20.2,0.07,0.0259,0.061,-0.001,0.031,1.511,-1.595,-86.4,11.79,-3.79,1,0.953,17.45,16.47,-2.996,1,5,0.0525,0.0651,0.0543,0.0724
162.318,1,0.912,-2.5,-0.07,5,74.5,20.44,0.07,0.0288,0.06,0.0,0.031,1.512,-1.597,-86.29,11.79,-3.79,1,0.953,17.45,16.47,-2.996,1,5,0.0511,0.0657,0.0547,0.0693
162.353,1,0.913,-2.0,-0.32,5,74.7,20.2,0.07,0.0227,0.059,0.0,0.046,1.512,-1.598,-86.23,11.79,-3.79,1,0.953,17.45,16.47,-2.996,1,5,0.0474,0.0657,0.0529,0.0693
162.388,1,0.904,-1.75,0.13,5,74.9,20.44,0.07,0.0215,0.06,0.001,0.065,1.512,-1.601,-86.12,11.79,-1.63,1,0.953,17.45,16.47,-2.996,1,5,0.0479,0.0719,0.0516,0.07
162.422,1,0.914,-1.5,0.18,5,75.1,19.97,0.07,0.0109,0.064,0.001,0.048,1.512,-1.603,-86.0,11.79,-1.63,1,0.953,17.45,16.47,-2.996,1,5,0.0517,0.0756,0.0554,0.0738
162.455,1,0.917,-1.5,0.42,5,75.0,20.44,0.07,0.0078,0.065,-0.001,0.007,1.512,-1.606,-85.94,11.79,-1.63,1,0.965,15.51,9.22,-5.561,1,5,0.0553,0.0738,0.0553,0.0738
162.521,1,0.918,-1.5,0.46,5,75.3,20.2,0.07,0.0048,0.062,-0.006,0.002,1.512,-1.609,-85.94,11.79,-1.63,1,0.959,15.51,10.62,-4.432,1,5,0.0667,0.0648,0.0481,0.0685
162.554,1,0.915,-1.5,0.44,5,75.3,20.44,0.07,0.0046,0.063,-0.005,0.039,1.512,-1.611,-85.89,11.79,-1.63,1,0.961,15.51,10.62,-4.431,1,5,0.0703,0.0666,0.05,0.0648
162.591,1,0.918,-1.5,0.45,5,75.2,20.44,0.07,0.0052,0.065,-0.003,0.037,1.512,-1.613,-85.83,11.79,-0.41,1,0.96,15.03,9.8,-1.567,1,5,0.0703,0.0685,0.0555,0.0666
162.623,1,0.917,-1.0,0.23,5,74.8,19.97,0.07,0.0051,0.067,0.001,0.019,1.513,-1.616,-85.71,11.79,-0.41,1,0.969,11.63,-0.19,-5.639,1,5,0.0647,0.0702,0.0647,0.0665
162.654,1,0.915,-0.75,0.39,5,74.8,20.44,0.07,0.003,0.066,0.001,0.002,1.513,-1.617,-85.71,11.79,-0.41,1,0.969,11.63,-0.19,-5.639,1,5,0.0592,0.0666,0.0685,0.0703
162.725,1,0.918,-0.25,0.79,5,75.1,20.44,0.07,-0.0013,0.059,0.003,0.036,1.513,-1.622,-85.6,11.79,-0.41,1,0.968,12.6,1.01,-5.593,1,5,0.0496,0.0643,0.0588,0.0625
162.757,1,0.917,-0.25,0.95,5,75.3,20.44,0.07,-0.0144,0.06,0.002,0.045,1.514,-1.625,-85.49,11.79,-0.41,1,0.965,12.6,1.02,-5.593,1,5,0.0514,0.0698,0.0551,0.0643
162.785,1,0.915,0.25,0.86,5,75.0,20.44,0.07,-0.0161,0.061,0.002,0.04,1.514,-1.626,-85.49,11.78,-0.86,1,0.965,12.6,1.02,-5.593,1,5,0.0514,0.0716,0.0551,0.0661
162.851,1,0.923,0.5,1.06,5,74.9,20.0,0.07,-0.0193,0.064,0.006,0.025,1.515,-1.63,-85.43,11.78,-0.86,1,0.965,13.57,2.22,-5.54,1,5,0.0496,0.0772,0.0643,0.0661
162.889,1,0.914,0.75,1.22,5,74.6,20.44,0.07,-0.025,0.063,0.005,0.007,1.515,-1.632,-85.37,11.78,-0.86,1,0.965,13.57,2.22,-5.54,1,5,0.0533,0.0717,0.0643,0.0643
162.922,1,0.907,0.75,1.22,5,74.0,20.44,0.07,-0.0304,0.061,0.001,0.008,1.515,-1.635,-85.37,11.78,-0.86,1,0.961,14.06,2.88,-5.511,1,5,0.0588,0.0643,0.0607,0.0607
162.955,1,0.909,0.75,1.2,5,74.0,20.44,0.07,-0.0296,0.061,0.0,-0.012,1.515,-1.636,-85.43,11.78,-0.86,1,0.961,14.06,3.19,-4.787,1,5,0.0629,0.0629,0.0592,0.0592
162.985,1,0.924,0.5,1.42,5,73.8,20.44,0.07,-0.0287,0.06,-0.001,-0.014,1.515,-1.638,-85.43,11.78,-1.83,1,0.961,14.06,3.18,-4.787,1,5,0.0684,0.0629,0.0536,0.0536
163.024,1,0.913,0.5,0.85,5,72.9,20.44,0.07,-0.0291,0.061,-0.004,-0.011,1.515,-1.641,-85.49,11.78,-1.83,1,0.959,13.57,3.65,-4.251,1,5,0.0703,0.0629,0.0518,0.0592
163.051,1,0.908,0.5,0.75,5,72.5,20.44,0.07,-0.0193,0.061,-0.004,0.01,1.515,-1.642,-85.49,11.78,-1.83,1,0.959,13.57,3.65,-4.251,1,5,0.0685,0.0611,0.0537,0.0611
163.086,1,0.902,0.5,0.72,5,72.6,20.44,0.07,-0.0176,0.062,-0.002,0.016,1.515,-1.644,-85.43,11.78,-1.83,1,0.959,13.57,3.65,-4.251,1,5,0.0593,0.0556,0.0648,0.0685
163.125,1,0.89,1.0,0.68,5,72.0,20.44,0.07,-0.017,0.061,0.001,0.002,1.516,-1.647,-85.37,11.78,-1.83,1,0.918,15.99,2.82,-5.672,1,5,0.0518,0.0537,0.0704,0.0667
163.153,1,0.887,1.0,0.91,5,71.8,19.97,0.07,-0.0225,0.062,0.002,0.008,1.516,-1.648,-85.37,11.78,-1.83,1,0.918,15.99,2.82,-5.672,1,5,0.0518,0.0574,0.0703,0.0666
163.185,1,0.887,1.0,1.01,5,70.7,20.44,0.07,-0.026,0.063,0.002,0.003,1.516,-1.649,-85.37,11.78,-3.45,1,0.911,18.9,12.85,-4.944,1,5,0.0555,0.0629,0.0666,0.0666
163.225,1,0.879,1.5,0.62,5,68.6,19.97,0.07,-0.0273,0.067,0.004,0.008,1.517,-1.653,-85.26,11.78,-3.45,1,0.948,18.9,11.11,-2.08,1,5,0.0605,0.0752,0.066,0.066
163.254,1,0.895,2.0,-0.04,5,69.2,20.44,0.07,-0.0266,0.067,0.004,0.008,1.517,-1.653,-85.26,11.78,-3.45,1,0.948,18.9,11.11,-2.08,1,5,0.0605,0.0752,0.066,0.066
163.285,1,0.901,2.0,-0.04,5,69.6,20.44,0.07,-0.0201,0.067,0.003,-0.008,1.517,-1.656,-85.31,11.78,-3.45,1,0.95,18.9,12.19,-3.055,1,5,0.0623,0.0715,0.0678,0.066
163.321,1,0.894,2.0,-0.05,5,68.7,20.44,0.07,-0.0195,0.066,0.001,-0.007,1.517,-1.659,-85.31,11.78,-3.45,1,0.95,18.9,12.19,-3.055,1,5,0.0662,0.068,0.0662,0.0625
163.354,1,0.904,2.0,-0.05,5,68.9,20.44,0.07,-0.0186,0.066,0.002,-0.012,1.517,-1.66,-85.31,11.78,-3.45,1,0.941,18.42,12.23,-1.954,1,5,0.0662,0.068,0.068,0.0625
163.389,1,0.904,1.75,0.17,5,68.6,20.46,0.07,-0.018,0.065,0.003,-0.015,1.518,-1.663,-85.37,11.77,-3.45,1,0.943,18.42,11.62,-3.097,1,5,0.0662,0.0662,0.0699,0.0589
163.457,1,0.848,1.75,-0.52,5,64.5,20.04,0.07,-0.0185,0.066,-0.003,0.007,1.518,-1.668,-85.49,11.77,-3.45,1,0.943,18.42,10.56,-3.575,1,5,0.0791,0.0662,0.0607,0.0588
163.488,1,0.826,1.75,-0.25,5,63.6,20.44,0.07,-0.0067,0.067,-0.005,0.024,1.518,-1.669,-85.49,11.77,-3.45,1,0.943,18.42,10.56,-3.575,1,5,0.0809,0.0625,0.0625,0.0625
163.52,1,0.805,1.75,0.44,5,63.4,20.44,0.07,-0.0113,0.069,-0.004,-0.021,1.518,-1.672,-85.54,11.77,-3.45,1,0.94,18.42,10.98,-4.208,1,5,0.0758,0.061,0.0684,0.0702
163.555,1,0.809,1.75,0.45,5,63.7,20.44,0.07,-0.0233,0.069,-0.003,0.008,1.518,-1.674,-85.54,11.77,-3.45,1,0.94,18.42,10.98,-4.208,1,5,0.0703,0.061,0.0721,0.074
163.586,1,0.804,2.0,0.12,5,63.3,20.44,0.07,-0.0235,0.067,0.004,-0.03,1.519,-1.676,-85.54,11.77,-1.77,1,0.939,18.42,10.99,-4.207,1,5,0.0592,0.0629,0.0777,0.0666
163.621,1,0.808,2.0,-0.01,5,63.4,20.44,0.07,-0.021,0.066,0.004,-0.004,1.519,-1.679,-85.54,11.77,-1.77,1,0.939,18.42,10.99,-4.207,1,5,0.0592,0.0647,0.0777,0.0647
163.688,1,0.794,2.0,-0.19,5,62.4,20.44,0.07,-0.0182,0.065,0.001,-0.006,1.519,-1.683,-85.6,11.77,-1.77,1,0.937,18.42,10.56,-3.551,1,5,0.0628,0.0665,0.0665,0.0647
163.754,1,0.802,2.0,-0.3,5,62.6,20.44,0.07,-0.0149,0.063,0.002,0.012,1.52,-1.686,-85.6,11.77,-1.77,1,0.935,18.42,10.57,-3.548,1,5,0.0555,0.0647,0.0666,0.0666
163.787,1,0.797,2.0,-0.15,5,62.6,20.44,0.07,-0.0129,0.064,0.001,-0.017,1.52,-1.689,-85.6,11.77,-1.38,1,0.934,17.93,9.65,-2.918,1,5,0.0598,0.0652,0.0652,0.0652
163.891,1,0.8,1.5,-0.31,5,63.1,20.44,0.07,-0.0154,0.065,0.0,-0.009,1.52,-1.695,-85.77,11.77,-1.38,1,0.915,16.96,10.36,-5.213,1,5,0.0759,0.0668,0.065,0.0542
163.92,1,0.797,1.0,0.11,5,62.7,20.44,0.07,-0.0062,0.069,0.0,-0.063,1.521,-1.698,-85.89,11.77,-1.38,1,0.915,16.96,10.36,-5.213,1,5,0.0749,0.0658,0.0731,0.0621
163.952,1,0.799,1.0,-0.42,5,63.0,20.44,0.07,-0.0084,0.07,0.0,-0.022,1.521,-1.7,-85.89,11.77,-1.38,1,0.915,16.96,10.36,-5.213,1,5,0.0733,0.0605,0.0806,0.066
163.988,1,0.803,1.0,-0.4,5,63.3,20.44,0.07,0.0003,0.072,0.003,-0.031,1.521,-1.702,-86.0,11.77,-0.61,1,0.915,16.96,10.36,-5.213,1,5,0.0702,0.061,0.0887,0.0665
164.021,1,0.804,1.0,-0.45,5,63.5,20.44,0.07,-0.0008,0.07,0.005,-0.015,1.522,-1.705,-86.06,11.77,-0.61,1,0.872,12.6,4.61,-3.44,1,5,0.0683,0.0646,0.0849,0.0628
164.061,1,0.805,1.0,-0.57,5,63.5,20.44,0.07,-0.0003,0.07,0.006,-0.016,1.522,-1.708,-86.06,11.77,-0.61,1,0.902,12.6,-0.32,-5.351,1,5,0.0646,0.0739,0.0776,0.0646
164.085,1,0.817,1.0,-0.87,5,64.4,20.2,0.07,0.0016,0.07,0.005,0.007,1.522,-1.709,-86.06,11.77,-0.61,1,0.896,12.6,1.07,-4.074,1,5,0.0644,0.0755,0.0736,0.0663
164.124,1,0.807,1.0,-0.68,5,63.8,20.44,0.07,0.0065,0.066,0.002,0.005,1.522,-1.713,-86.06,11.77,-0.61,1,0.896,12.6,1.07,-4.074,1,5,0.0608,0.07,0.0663,0.0663
164.152,1,0.795,1.0,-0.79,5,62.6,20.2,0.07,0.0032,0.066,0.002,0.005,1.522,-1.713,-86.06,11.77,-0.61,1,0.894,12.12,0.26,-6.428,1,5,0.0608,0.07,0.0663,0.0663
164.185,1,0.788,1.0,-0.43,5,62.4,20.2,0.07,0.0049,0.065,-0.001,0.01,1.523,-1.716,-86.06,11.77,-1.73,1,0.895,12.12,0.53,-5.617,1,5,0.0648,0.0666,0.0611,0.0666
164.218,1,0.787,1.0,-1.03,5,62.5,20.44,0.07,-0.0013,0.065,-0.003,-0.026,1.523,-1.719,-86.06,11.77,-1.73,1,0.895,12.12,0.53,-5.617,1,5,0.0702,0.0665,0.0573,0.0665
164.256,1,0.794,0.5,-0.69,5,62.5,20.44,0.07,0.0091,0.064,-0.003,0.003,1.523,-1.721,-86.12,11.77,-1.73,1,0.897,11.63,-0.18,-4.1,1,5,0.0776,0.0665,0.0555,0.0573
164.288,1,0.799,0.0,-0.83,5,62.5,20.44,0.07,0.0091,0.066,-0.003,-0.012,1.523,-1.722,-86.12,11.77,-1.73,1,0.897,11.63,-0.18,-4.1,1,5,0.0776,0.0665,0.0591,0.0591
164.351,1,0.808,0.0,-1.64,5,62.7,20.44,0.07,0.0164,0.067,-0.001,0.012,1.523,-1.727,-86.12,11.77,-1.73,1,0.85,15.03,5.74,-5.597,1,5,0.0702,0.0591,0.0739,0.0665
164.385,1,0.809,0.25,-1.31,5,62.7,20.46,0.07,0.0298,0.068,0.003,0.01,1.523,-1.729,-86.12,11.77,-3.62,1,0.85,15.03,5.74,-5.597,1,5,0.061,0.061,0.0813,0.0702
164.456,1,0.795,0.5,-1.09,5,62.3,20.56,0.07,0.0206,0.068,0.004,0.014,1.524,-1.733,-86.06,11.77,-3.62,1,0.876,16.96,6.47,-3.865,1,5,0.0608,0.0719,0.0719,0.0682
164.486,1,0.793,0.5,-0.9,5,62.7,20.56,0.07,0.0138,0.069,0.001,0.035,1.524,-1.736,-86.0,11.77,-3.62,1,0.876,16.96,6.47,-3.865,1,5,0.0646,0.0757,0.0646,0.0702
164.523,1,0.802,0.5,-0.96,5,63.0,20.44,0.07,0.0106,0.068,-0.001,0.011,1.524,-1.739,-85.94,11.77,-3.62,1,0.897,19.39,17.19,0.0,0,5,0.0648,0.074,0.0611,0.074
164.589,1,0.819,0.5,-1.26,5,63.6,20.44,0.07,0.012,0.065,-0.003,0.008,1.524,-1.743,-85.94,11.77,-3.78,1,0.897,19.39,17.19,0.0,0,5,0.0646,0.0665,0.0572,0.0702
164.653,1,0.822,0.0,-0.64,5,63.7,20.44,0.07,0.0175,0.063,-0.006,0.005,1.524,-1.747,-85.89,11.77,-3.78,1,0.901,19.39,16.35,-1.746,1,5,0.0684,0.0665,0.048,0.0684
164.687,1,0.824,0.0,-0.71,5,64.0,20.56,0.07,0.0124,0.065,-0.006,0.015,1.524,-1.749,-85.89,11.77,-3.78,1,0.9,19.39,16.35,-1.739,1,5,0.0703,0.0684,0.0499,0.0703
164.754,1,0.843,0.5,-1.03,5,64.8,20.56,0.07,0.013,0.068,-0.001,-0.0,1.525,-1.753,-85.83,11.77,-3.78,1,0.901,19.39,17.19,0.075,1,5,0.0665,0.0684,0.0647,0.0721
164.787,1,0.852,0.5,-1.26,5,65.0,20.44,0.07,0.0125,0.068,0.0,0.012,1.525,-1.756,-85.83,11.77,-1.23,1,0.888,18.42,17.39,0.0,0,5,0.0628,0.0664,0.07,0.0736
164.82,1,0.862,0.5,-1.39,5,65.7,20.44,0.07,0.0167,0.07,0.004,0.013,1.525,-1.759,-85.77,11.77,-1.23,1,0.881,16.48,11.04,-2.634,1,5,0.0617,0.0705,0.0775,0.0722
164.883,1,0.873,0.5,-1.23,5,67.3,20.56,0.07,0.0193,0.076,0.008,0.021,1.526,-1.763,-85.77,11.77,-1.23,1,0.894,15.51,10.63,-4.45,1,5,0.0651,0.085,0.0814,0.0705
164.953,1,0.871,1.0,-1.37,5,67.0,20.44,0.07,0.0169,0.075,0.005,0.045,1.526,-1.768,-85.66,11.77,-1.23,1,0.869,13.09,7.98,-2.352,1,5,0.0644,0.0847,0.0736,0.0755
164.985,1,0.872,1.0,-1.37,5,67.0,20.2,0.07,0.0134,0.074,0.0,0.011,1.527,-1.771,-85.6,11.77,0.25,1,0.891,11.63,-0.08,-4.079,1,5,0.0664,0.0811,0.0664,0.0811
165.056,1,0.879,1.0,-0.84,5,67.8,20.44,0.07,0.0142,0.07,-0.004,0.017,1.527,-1.776,-85.43,11.77,0.25,1,0.896,12.6,1.12,-4.02,1,5,0.0758,0.074,0.0573,0.0721
165.085,1,0.883,1.0,-0.84,5,68.2,20.44,0.07,0.0051,0.071,-0.005,-0.024,1.527,-1.778,-85.43,11.77,0.25,1,0.896,12.6,1.12,-4.02,1,5,0.0777,0.0703,0.0629,0.074
165.154,1,0.888,1.25,-0.93,5,68.8,20.56,0.07,0.0054,0.078,-0.001,0.013,1.527,-1.783,-85.43,11.77,0.25,1,0.894,12.6,1.4,-3.169,1,5,0.0777,0.0722,0.0814,0.0814
165.189,1,0.894,1.25,-0.83,5,69.2,20.46,0.07,0.0042,0.078,0.001,-0.0,1.527,-1.786,-85.43,11.77,-0.2,1,0.896,12.6,2.07,-3.577,1,5,0.0759,0.0759,0.0814,0.0777
165.286,1,0.889,1.0,-0.71,5,68.6,20.56,0.07,0.0031,0.07,-0.0,0.005,1.528,-1.793,-85.37,11.77,-0.2,1,0.897,12.6,1.14,-4.029,1,5,0.0665,0.0721,0.0665,0.0739
165.355,1,0.894,0.5,-0.43,5,69.0,20.56,0.07,0.0038,0.066,-0.001,-0.027,1.528,-1.797,-85.43,11.77,-0.2,1,0.897,12.6,1.13,-4.015,1,5,0.0643,0.0662,0.0625,0.0698
165.383,1,0.896,0.5,-0.84,5,69.0,20.2,0.07,0.0047,0.065,-0.001,0.017,1.528,-1.799,-85.49,11.76,-0.87,1,0.897,12.6,1.13,-4.015,1,5,0.0662,0.0662,0.0606,0.0662
165.42,1,0.91,0.5,-0.74,5,70.3,20.44,0.07,0.0115,0.068,-0.003,0.002,1.528,-1.802,-85.37,11.76,-0.87,1,0.897,12.6,1.13,-4.015,1,5,0.0721,0.0684,0.061,0.0702
165.453,1,0.907,0.0,-0.55,5,69.7,20.56,0.07,0.0092,0.07,-0.003,-0.046,1.528,-1.804,-85.43,11.76,-0.87,1,0.899,12.6,3.72,-5.337,1,5,0.0758,0.0703,0.0647,0.0703
165.482,1,0.906,0.0,-1.08,5,70.0,20.44,0.07,0.0121,0.074,-0.004,0.005,1.529,-1.807,-85.49,11.76,-0.87,1,0.895,12.6,3.1,-6.422,1,5,0.0773,0.07,0.07,0.0773
165.589,1,0.892,0.0,-0.55,5,68.5,20.56,0.07,0.0196,0.075,0.0,0.004,1.529,-1.814,-85.31,11.76,-2.35,1,0.895,12.6,3.12,-6.391,1,5,0.0666,0.0759,0.074,0.0815
165.684,1,0.906,0.25,-0.73,5,69.7,20.46,0.07,0.0099,0.075,-0.0,0.024,1.53,-1.822,-85.2,11.76,-2.35,1,0.847,15.99,6.74,-6.36,1,5,0.0703,0.0796,0.0703,0.0815
165.784,1,0.903,0.25,-0.75,5,69.2,20.46,0.07,0.0101,0.076,-0.002,-0.049,1.53,-1.83,-85.14,11.76,-3.67,1,0.897,16.48,11.87,-4.384,1,5,0.0795,0.0777,0.0707,0.0777
165.816,1,0.909,0.0,-0.55,5,70.1,20.56,0.07,0.0106,0.075,-0.006,-0.014,1.53,-1.833,-85.26,11.76,-3.67,1,0.902,16.48,11.89,-4.387,1,5,0.083,0.0742,0.0636,0.0777
165.888,1,0.911,0.0,-0.27,5,70.1,20.44,0.07,0.01,0.075,-0.003,0.075,1.531,-1.837,-84.97,11.76,-3.67,1,0.897,16.48,11.89,-4.389,1,5,0.0722,0.074,0.0703,0.0851
165.956,1,0.913,0.0,-0.27,5,70.1,20.44,0.07,0.005,0.071,-0.005,0.025,1.531,-1.843,-84.86,11.76,-3.67,1,0.893,16.96,13.29,-2.629,1,5,0.0647,0.0684,0.0647,0.0868
165.989,1,0.91,0.0,-0.28,5,69.7,20.44,0.07,0.0049,0.07,-0.005,0.033,1.531,-1.844,-84.86,11.76,-3.45,1,0.894,16.96,13.28,-2.619,1,5,0.0665,0.0702,0.0591,0.0832
166.086,1,0.904,0.0,-0.01,5,69.5,20.56,0.07,0.0048,0.067,-0.002,0.032,1.531,-1.851,-84.68,11.76,-3.45,1,0.899,16.96,13.7,-3.209,1,5,0.0649,0.0704,0.0593,0.0723
166.152,1,0.889,0.0,-0.01,5,68.5,20.56,0.07,0.0001,0.065,-0.003,-0.032,1.531,-1.855,-84.63,11.76,-3.45,1,0.901,17.45,13.27,-3.566,1,5,0.0648,0.0685,0.0556,0.0704
166.185,1,0.88,0.0,0.12,5,67.6,20.57,0.07,0.0001,0.064,-0.006,-0.018,1.531,-1.857,-84.68,11.76,-2.0,1,0.897,17.45,14.95,0.022,1,5,0.0667,0.063,0.0537,0.0741
166.284,1,0.884,0.0,-0.01,5,68.2,20.81,0.07,-0.0021,0.069,-0.001,-0.003,1.532,-1.864,-84.68,11.76,-2.0,1,0.902,17.45,13.25,-3.556,1,5,0.0721,0.0703,0.0666,0.0684
166.386,1,0.88,0.0,0.11,5,67.8,20.81,0.07,0.0001,0.066,-0.001,0.033,1.532,-1.871,-84.57,11.76,-0.04,1,0.891,13.57,5.83,-4.843,1,5,0.0629,0.0666,0.0629,0.0722
166.453,1,0.863,0.25,-0.21,5,66.3,20.56,0.07,-0.002,0.064,-0.003,0.023,1.532,-1.875,-84.4,11.76,-0.04,1,0.891,13.57,5.83,-4.843,1,5,0.0629,0.0666,0.0555,0.0722
166.487,1,0.852,0.25,0.06,5,65.4,20.46,0.07,0.0007,0.065,-0.001,0.021,1.533,-1.877,-84.34,11.76,-0.04,1,0.895,14.06,7.76,-3.584,1,5,0.0629,0.0684,0.0592,0.0703
166.557,1,0.854,0.0,0.5,5,66.1,21.02,0.07,-0.0037,0.066,-0.004,-0.02,1.533,-1.883,-84.45,11.76,-0.04,1,0.895,14.06,7.76,-3.584,1,5,0.0685,0.0593,0.0648,0.0722
166.583,1,0.854,0.25,0.09,5,65.6,21.02,0.07,-0.0081,0.066,-0.005,0.017,1.533,-1.884,-84.4,11.76,0.31,1,0.887,13.57,8.6,-3.822,1,5,0.0685,0.0574,0.0648,0.0741
166.655,1,0.853,0.25,0.2,5,65.4,20.56,0.07,-0.0041,0.071,-0.002,-0.012,1.533,-1.888,-84.45,11.76,0.31,1,0.864,14.06,8.05,-1.144,1,5,0.0723,0.0667,0.0723,0.0741
166.687,1,0.856,0.25,0.08,5,65.8,20.81,0.07,-0.006,0.074,-0.0,-0.002,1.533,-1.891,-84.51,11.76,0.31,1,0.854,14.06,7.53,-0.559,1,5,0.076,0.0741,0.0741,0.0723
166.749,1,0.859,0.25,0.09,5,65.9,21.02,0.07,-0.0038,0.073,0.0,0.014,1.534,-1.896,-84.45,11.76,0.31,1,0.854,14.06,7.53,-0.559,1,5,0.072,0.072,0.0738,0.0738
166.785,1,0.859,0.25,-0.02,5,66.1,21.02,0.07,-0.0038,0.069,-0.001,0.004,1.534,-1.898,-84.4,11.75,0.74,1,0.854,14.06,7.53,-0.559,1,5,0.0665,0.0702,0.0665,0.0739
166.815,1,0.858,0.25,0.21,5,66.1,20.81,0.07,-0.002,0.068,-0.002,0.014,1.534,-1.9,-84.4,11.75,0.74,1,0.812,14.06,9.12,4.562,1,5,0.0667,0.0667,0.0649,0.0723
166.85,1,0.848,0.25,0.08,5,65.3,21.02,0.07,-0.006,0.065,-0.001,-0.006,1.534,-1.902,-84.4,11.75,0.74,1,0.812,14.06,9.12,4.562,1,5,0.0667,0.0648,0.063,0.0667
166.886,1,0.841,0.25,0.08,5,64.7,21.02,0.07,-0.0037,0.066,0.0,-0.041,1.535,-1.905,-84.45,11.75,0.74,1,0.812,14.06,9.12,4.562,1,5,0.0666,0.0629,0.0685,0.0648
166.916,1,0.846,-0.25,0.64,5,64.8,21.02,0.07,-0.0036,0.067,-0.001,-0.05,1.535,-1.908,-84.57,11.75,0.74,1,0.754,11.63,9.73,0.0,0,5,0.0703,0.0592,0.0722,0.0666
166.954,1,0.847,-0.25,0.52,5,64.7,20.56,0.07,-0.0075,0.067,-0.001,-0.023,1.535,-1.909,-84.63,11.75,0.74,1,0.754,11.63,9.73,0.0,0,5,0.0685,0.0592,0.0722,0.0666
166.987,1,0.848,-0.25,-0.35,5,64.6,21.02,0.07,-0.0059,0.067,-0.002,-0.031,1.535,-1.912,-84.68,11.75,3.4,1,0.765,9.21,8.84,0.0,0,5,0.0722,0.0574,0.0722,0.0666
167.016,1,0.855,-0.25,-0.33,5,64.9,20.56,0.07,0.0091,0.068,-0.004,-0.007,1.535,-1.915,-84.68,11.75,3.4,1,0.765,9.21,8.84,0.0,0,5,0.074,0.0574,0.0703,0.0666
167.083,1,0.858,-0.25,0.01,5,65.5,20.81,0.07,0.0084,0.068,-0.004,0.002,1.535,-1.918,-84.74,11.75,3.4,1,0.811,5.82,0.24,0.0,0,5,0.0759,0.0666,0.0611,0.0666
167.115,1,0.838,0.0,0.16,5,64.2,21.11,0.07,0.0023,0.067,-0.002,0.019,1.535,-1.92,-84.68,11.75,3.4,1,0.821,5.82,0.73,0.0,0,5,0.0703,0.0685,0.0611,0.0666
167.184,1,0.819,0.0,0.3,5,63.0,21.02,0.07,-0.0032,0.066,-0.001,0.022,1.536,-1.925,-84.57,11.75,4.05,1,0.821,5.82,0.73,0.0,0,5,0.0611,0.0666,0.0629,0.074
167.286,1,0.819,0.25,0.27,5,62.9,21.02,0.07,-0.0054,0.062,0.001,-0.013,1.537,-1.931,-84.57,11.75,4.05,1,0.824,6.3,7.36,0.0,0,5,0.0629,0.0629,0.0647,0.0592
167.316,1,0.822,-0.25,0.74,5,63.1,21.02,0.07,-0.008,0.063,0.002,-0.032,1.537,-1.934,-84.63,11.75,4.05,1,0.824,6.3,7.36,0.0,0,5,0.0629,0.0629,0.0666,0.0629
167.418,1,0.828,-0.25,-0.14,5,63.2,21.02,0.07,-0.0102,0.07,-0.003,-0.03,1.537,-1.941,-84.74,11.77,5.2,1,0.809,5.82,8.81,0.0,0,5,0.0684,0.0592,0.0721,0.0721
167.48,1,0.851,-0.75,-0.07,5,64.6,20.56,0.07,0.0049,0.07,-0.005,-0.03,1.537,-1.945,-84.86,11.77,5.2,1,0.707,0.48,17.43,0.0,0,5,0.0796,0.0667,0.063,0.0704
167.515,1,0.851,-0.75,-0.35,5,64.4,21.02,0.07,0.0096,0.07,-0.003,0.021,1.538,-1.948,-84.8,11.77,5.2,1,0.707,0.48,17.43,0.0,0,5,0.0778,0.0722,0.0611,0.0685
167.586,1,0.845,-0.75,-0.47,5,63.8,21.02,0.07,0.0135,0.071,0.002,0.013,1.538,-1.952,-84.63,11.77,5.44,1,0.719,0.0,20.84,0.0,0,5,0.0647,0.0758,0.0703,0.074
167.613,1,0.829,-0.75,-0.07,5,62.7,21.1,0.07,0.0154,0.069,0.001,0.029,1.538,-1.953,-84.63,11.77,5.44,1,0.709,0.0,24.75,0.0,0,5,0.0629,0.0721,0.0684,0.074
167.68,1,0.821,-0.75,0.21,5,61.8,20.57,0.07,0.0082,0.065,0.001,-0.004,1.539,-1.959,-84.63,11.77,5.44,1,0.694,0.0,30.27,0.0,0,5,0.0644,0.0681,0.0644,0.0644
167.78,1,0.834,-0.75,-0.33,5,62.8,20.57,0.07,0.0031,0.065,0.0,-0.016,1.539,-1.965,-84.68,11.77,8.7,1,0.669,-2.91,36.86,0.0,0,5,0.0666,0.0629,0.0666,0.0629
167.814,1,0.84,-0.75,-0.59,5,63.2,20.57,0.07,0.0125,0.067,0.0,-0.001,1.54,-1.967,-84.68,11.77,8.7,1,0.669,-2.91,36.86,0.0,0,5,0.0666,0.0648,0.0685,0.0666
167.88,1,0.835,-0.25,-0.35,5,63.1,21.02,0.07,0.017,0.069,-0.002,-0.012,1.54,-1.972,-84.63,11.77,8.7,1,0.686,-6.79,47.52,0.0,0,5,0.0684,0.0647,0.0684,0.074
167.919,1,0.822,-0.25,-0.35,5,62.0,21.02,0.07,0.0069,0.068,-0.002,-0.005,1.54,-1.975,-84.63,11.77,8.7,1,0.692,-6.79,54.39,0.0,0,5,0.0703,0.0721,0.061,0.0703
167.984,1,0.821,0.0,-0.57,5,61.9,20.96,0.07,0.0076,0.069,-0.0,0.041,1.54,-1.979,-84.51,11.77,13.13,1,0.673,-9.21,58.56,0.0,0,5,0.0666,0.0758,0.061,0.0721
168.013,1,0.824,-0.25,-0.33,5,62.3,20.81,0.07,0.0085,0.068,0.0,0.06,1.541,-1.98,-84.45,11.77,13.13,1,0.664,-13.09,61.14,0.0,0,5,0.0628,0.0721,0.0647,0.0739
168.082,1,0.839,0.0,0.0,5,63.7,21.02,0.07,0.0079,0.066,0.001,0.005,1.541,-1.985,-84.4,11.77,13.13,1,0.635,-15.03,62.27,0.0,0,5,0.061,0.0666,0.0666,0.0684
168.115,1,0.852,0.0,0.0,5,64.9,21.02,0.07,-0.0009,0.066,0.0,-0.029,1.541,-1.988,-84.4,11.77,13.13,1,0.622,-17.93,63.77,0.0,0,5,0.0629,0.0685,0.0648,0.0685
168.184,1,0.847,0.0,-0.4,5,63.9,20.56,0.07,-0.0004,0.065,-0.001,-0.012,1.542,-1.992,-84.51,11.77,20.44,1,0.616,-23.27,63.84,0.0,0,5,0.0655,0.0619,0.0655,0.0655
168.213,1,0.85,-0.25,-0.06,5,63.8,20.46,0.07,0.0066,0.065,-0.002,-0.002,1.542,-1.993,-84.51,11.77,20.44,1,0.588,-25.2,64.0,0.0,0,5,0.0673,0.0582,0.0673,0.0655
168.286,1,0.859,0.0,-0.28,5,64.9,20.56,0.07,0.0037,0.067,-0.002,0.007,1.542,-1.999,-84.45,11.77,20.44,1,0.613,-34.9,63.14,0.0,0,5,0.069,0.0618,0.0672,0.069
168.317,1,0.85,0.0,-0.28,5,64.0,20.56,0.07,0.0043,0.066,-0.002,-0.017,1.542,-2.0,-84.45,11.77,20.44,1,0.613,-34.9,63.14,0.0,0,5,0.069,0.0654,0.0636,0.0672
168.382,1,0.844,0.25,-0.22,5,63.7,21.02,0.07,0.0046,0.068,0.002,0.034,1.543,-2.006,-84.4,11.79,26.21,1,0.645,-37.81,63.77,0.0,0,5,0.0628,0.0794,0.061,0.0683
168.418,1,0.858,0.25,-0.1,5,64.7,20.81,0.07,0.0005,0.068,0.003,0.068,1.543,-2.007,-84.34,11.79,26.21,1,0.645,-37.81,63.77,0.0,0,5,0.061,0.0795,0.0628,0.0684
168.483,1,0.859,0.25,-0.22,5,65.1,20.81,0.07,-0.001,0.065,0.003,0.001,1.544,-2.011,-84.22,11.79,26.21,1,0.636,-43.14,64.23,0.0,0,5,0.061,0.074,0.0629,0.0629
168.517,1,0.864,0.25,-0.06,5,65.6,20.56,0.07,0.0013,0.063,0.002,-0.006,1.544,-2.013,-84.22,11.79,26.21,1,0.618,-45.08,63.27,0.0,0,5,0.0591,0.0665,0.0628,0.0628
168.582,1,0.86,0.0,-0.12,5,65.3,20.57,0.07,-0.0013,0.064,0.0,-0.01,1.544,-2.017,-84.28,11.79,31.07,1,0.605,-46.05,64.05,0.0,0,5,0.0609,0.059,0.0701,0.0664
168.613,1,0.86,0.0,-0.28,5,65.0,20.44,0.07,0.0028,0.065,0.001,-0.021,1.545,-2.018,-84.34,11.79,31.07,1,0.611,-49.44,63.99,0.0,0,5,0.0627,0.0627,0.0683,0.0646
168.684,1,0.864,0.25,-0.74,5,65.4,20.46,0.07,0.0053,0.068,-0.006,0.034,1.545,-2.024,-84.34,11.79,31.07,1,0.611,-49.44,63.99,0.0,0,5,0.0777,0.0592,0.0666,0.0703
168.713,1,0.867,0.25,0.06,5,65.4,20.46,0.07,0.01,0.069,-0.007,0.02,1.545,-2.025,-84.28,11.79,31.07,1,0.611,-49.92,63.91,0.0,0,5,0.0795,0.0592,0.0647,0.074
168.749,1,0.871,0.25,-0.21,5,65.8,20.56,0.07,-0.0037,0.07,-0.006,0.028,1.545,-2.028,-84.28,11.79,31.07,1,0.611,-49.92,63.91,0.0,0,5,0.0795,0.0703,0.0592,0.0721
168.785,1,0.876,0.5,-0.16,5,66.3,20.56,0.07,0.0011,0.07,-0.002,0.015,1.545,-2.031,-84.28,11.8,34.87,1,0.608,-44.59,63.2,0.0,0,5,0.0737,0.0774,0.059,0.07
168.813,1,0.88,0.75,-0.37,5,66.7,20.46,0.07,-0.0029,0.069,0.0,0.029,1.545,-2.032,-84.22,11.8,34.87,1,0.608,-44.59,63.2,0.0,0,5,0.0682,0.0756,0.0627,0.0682
168.881,1,0.884,0.75,-0.37,5,66.9,20.46,0.07,-0.0013,0.066,0.002,-0.001,1.546,-2.038,-84.17,11.8,34.87,1,0.624,-42.17,61.57,0.0,0,5,0.0608,0.07,0.0663,0.0663
168.918,1,0.889,0.5,0.12,5,67.1,20.44,0.07,-0.001,0.064,0.0,-0.022,1.546,-2.04,-84.17,11.8,34.87,1,0.648,-38.29,61.4,0.0,0,5,0.061,0.0647,0.0628,0.0665
168.981,1,0.903,0.5,-0.15,5,69.3,20.44,0.07,-0.0063,0.062,0.001,-0.03,1.547,-2.044,-84.22,11.8,34.87,1,0.648,-38.29,61.4,0.0,0,5,0.0574,0.0592,0.0666,0.0629
169.013,1,0.9,0.25,0.71,5,70.2,20.56,0.07,-0.0018,0.062,0.001,-0.03,1.547,-2.045,-84.28,11.8,38.4,1,0.642,-37.32,59.49,0.0,0,5,0.0574,0.0593,0.0667,0.063
169.083,1,0.868,-0.25,2.55,5,71.9,20.56,0.07,-0.014,0.068,-0.003,-0.013,1.547,-2.051,-84.4,11.8,38.4,1,0.642,-37.32,59.49,0.0,0,5,0.0722,0.0593,0.0704,0.0704
169.117,1,0.836,-0.5,2.34,5,72.3,20.44,0.07,-0.0405,0.071,-0.004,-0.01,1.547,-2.054,-84.45,11.8,38.4,1,0.67,-34.41,56.99,0.0,0,5,0.0756,0.0608,0.07,0.0719
169.147,1,0.809,-0.5,1.65,5,72.6,20.44,0.07,-0.0346,0.072,-0.003,-0.003,1.547,-2.055,-84.45,11.8,38.4,1,0.682,-32.96,56.79,0.0,0,5,0.0792,0.07,0.0682,0.0718
169.182,1,0.741,-0.25,-0.15,4,73.1,20.45,0.07,-0.0227,0.074,0.0,-0.001,1.548,-2.058,-84.45,11.8,43.77,1,0.682,-32.96,56.79,0.0,0,5,0.0755,0.0773,0.0718,0.0718
169.216,1,0.739,-0.25,-0.06,4,72.8,20.25,0.07,0.0051,0.073,0.003,0.02,1.548,-2.061,-84.4,11.8,43.77,1,0.685,-32.96,52.78,0.0,0,5,0.0739,0.0776,0.0758,0.0702
169.251,1,0.714,-0.25,2.79,4,72.6,20.56,0.07,0.0034,0.073,0.004,0.035,1.549,-2.062,-84.4,11.8,43.77,1,0.72,-31.02,51.75,0.0,0,5,0.0699,0.0754,0.079,0.068
169.282,1,0.68,-0.25,4.53,4,72.3,20.51,0.07,-0.0463,0.072,0.004,0.001,1.549,-2.065,-84.4,11.8,43.77,1,0.733,-30.05,51.05,0.0,0,5,0.0717,0.0753,0.0772,0.0643
169.316,1,0.657,-0.25,4.93,4,73.5,20.51,0.07,-0.0768,0.073,0.001,-0.011,1.549,-2.068,-84.4,11.8,43.77,1,0.749,-27.63,50.55,0.0,0,5,0.0717,0.0735,0.0754,0.0717
169.347,1,0.625,-0.25,4.38,4,72.4,20.51,0.07,-0.0837,0.073,-0.0,-0.012,1.549,-2.07,-84.4,11.8,43.77,1,0.741,-25.2,50.87,0.0,0,5,0.0702,0.0721,0.0739,0.0776
169.384,1,0.6,-0.5,3.55,4,72.8,20.3,0.07,-0.0741,0.073,-0.002,-0.038,1.549,-2.073,-84.45,11.77,45.0,1,0.741,-25.2,50.87,0.0,0,5,0.0722,0.0685,0.074,0.0777
169.415,1,0.582,-1.0,6.7,4,72.2,21.13,0.07,-0.0565,0.073,-0.003,-0.068,1.55,-2.075,-84.63,11.77,45.0,1,0.751,-23.27,49.85,0.0,0,5,0.0777,0.0648,0.0759,0.0703
169.45,1,0.556,-1.5,12.46,4,71.3,23.34,0.07,-0.106,0.073,-0.004,-0.048,1.55,-2.077,-84.68,11.77,45.0,1,0.755,-21.33,49.9,0.0,0,5,0.0869,0.0592,0.0777,0.0666
169.481,1,0.58,-2.0,27.21,5,70.9,21.42,0.07,-0.1997,0.074,-0.005,-0.074,1.55,-2.08,-84.86,11.77,45.0,1,0.758,-19.39,49.84,0.0,0,5,0.0919,0.0606,0.079,0.0661
169.516,1,0.583,-2.0,35.84,5,69.4,20.04,0.07,-0.4242,0.074,-0.003,-0.063,1.55,-2.083,-85.03,11.77,45.0,1,0.769,-17.45,49.55,0.0,0,5,0.0919,0.0625,0.0753,0.0662
169.548,1,0.465,-2.25,32.96,4,68.0,20.79,0.07,-0.4242,0.076,0.0,-0.049,1.55,-2.085,-85.08,11.77,45.0,1,0.776,-15.51,49.6,0.0,0,5,0.0894,0.0712,0.0821,0.062
169.58,1,0.395,-2.25,18.93,3,66.3,23.73,0.07,-0.4242,0.08,0.006,-0.066,1.551,-2.088,-85.2,11.77,45.0,1,0.776,-15.51,49.6,0.0,0,5,0.0881,0.0716,0.1009,0.0587
169.617,1,0.361,-2.5,27.72,3,63.3,28.48,0.07,-0.3084,0.084,0.011,-0.205,1.552,-2.091,-85.6,11.77,45.0,1,0.773,-10.66,49.22,0.0,0,5,0.0917,0.0697,0.1119,0.0569
169.647,1,0.419,-3.49,42.65,4,62.6,28.58,0.07,-0.4242,0.084,0.011,-0.307,1.552,-2.093,-85.94,11.77,45.0,1,0.779,-8.72,49.52,0.0,0,5,0.1054,0.061,0.1294,0.0407
169.685,1,0.45,-4.99,46.58,4,62.3,28.87,0.07,-0.4242,0.086,0.01,-0.335,1.553,-2.097,-86.8,11.77,45.0,1,0.786,-6.79,47.14,0.0,0,5,0.1258,0.0518,0.1388,0.0259
169.713,1,0.44,-4.49,47.05,4,58.8,28.87,0.07,-0.4242,0.085,0.01,-0.346,1.553,-2.098,-87.2,11.77,45.0,1,0.786,-6.79,47.14,0.0,0,5,0.1296,0.0463,0.1425,0.0204
169.746,1,0.342,-3.24,49.43,3,55.0,29.45,0.07,-0.4242,0.084,0.009,-0.273,1.553,-2.101,-87.83,11.77,45.0,1,0.786,-6.79,47.14,0.0,0,5,0.1352,0.0333,0.1518,0.0148
169.784,1,0.354,-3.74,51.17,3,54.2,32.44,0.07,-0.4242,0.082,0.009,-0.402,1.554,-2.104,-88.58,11.77,45.0,1,0.786,-6.79,47.14,0.0,0,5,0.1359,0.0272,0.1541,0.0091
169.815,1,0.332,-4.24,51.9,3,52.5,33.22,0.07,-0.4242,0.076,0.006,-0.402,1.554,-2.107,-89.55,11.77,45.0,1,0.81,-5.82,43.65,0.0,0,5,0.1365,0.0233,0.1526,0.0054
169.915,1,0.322,1.5,47.26,3,49.5,30.95,0.07,-0.4242,0.068,-0.004,-0.399,1.554,-2.112,-91.44,11.77,45.0,1,0.823,-7.27,36.69,0.0,0,5,0.1437,-0.0074,0.1363,0.0
169.949,1,0.316,2.75,46.5,3,48.3,30.45,0.07,-0.4242,0.07,-0.0,-0.396,1.554,-2.115,-92.3,11.77,45.0,1,0.831,-6.79,33.2,0.0,0,5,0.1404,0.0,0.1386,0.0
169.981,1,0.317,2.99,46.16,3,48.2,29.95,0.07,-0.4242,0.07,0.002,-0.437,1.553,-2.118,-93.22,11.77,45.0,1,0.843,-6.79,31.11,0.0,0,5,0.1368,0.0018,0.1423,0.0
170.017,1,0.312,3.49,45.24,3,47.5,29.95,0.07,-0.4242,0.069,0.0,-0.393,1.553,-2.121,-94.14,11.77,45.0,1,0.86,-8.24,26.88,0.0,0,5,0.1386,0.0018,0.1367,0.0
170.046,1,0.325,3.99,44.49,3,49.3,28.95,0.07,-0.4242,0.068,-0.001,-0.381,1.553,-2.122,-94.54,11.77,45.0,1,0.86,-8.24,26.88,0.0,0,5,0.1386,0.0,0.1331,0.0
170.083,1,0.325,4.74,43.56,3,49.6,29.45,0.07,-0.4242,0.067,-0.003,-0.406,1.553,-2.125,-95.45,11.77,45.0,1,0.878,-9.21,21.0,0.0,0,5,0.1403,0.0,0.1274,0.0
170.115,1,0.32,5.49,42.8,3,48.8,28.95,0.07,-0.4242,0.067,-0.004,-0.414,1.552,-2.126,-95.97,11.77,45.0,1,0.878,-9.21,21.0,0.0,0,5,0.1423,0.0,0.1275,0.0
170.183,1,0.401,5.99,41.4,4,48.3,27.87,0.07,-0.4242,0.071,-0.004,-0.394,1.551,-2.132,-97.75,11.77,45.0,1,0.885,-8.72,17.84,0.0,0,5,0.1498,0.0,0.135,0.0
170.212,1,0.407,6.24,40.58,4,48.3,27.62,0.07,-0.4242,0.071,-0.003,-0.401,1.551,-2.133,-98.2,11.77,45.0,1,0.885,-10.66,13.18,0.0,0,5,0.1479,0.0,0.1368,0.0
170.287,1,0.416,6.49,39.09,4,46.6,27.09,0.07,-0.4242,0.07,0.0,-0.437,1.55,-2.139,-100.1,11.77,45.0,1,0.893,-14.54,3.69,0.0,0,5,0.1386,0.0,0.1405,0.0
170.316,1,0.408,7.49,38.23,4,45.8,26.78,0.07,-0.4242,0.071,0.0,-0.361,1.55,-2.142,-101.01,11.77,45.0,1,0.893,-14.54,3.69,0.0,0,5,0.1425,0.0,0.1425,0.0
170.349,1,0.411,7.99,36.94,4,47.3,26.66,0.07,-0.4242,0.073,-0.0,-0.391,1.55,-2.143,-101.41,11.77,45.0,1,0.914,-15.03,-0.56,7.676,1,5,0.1461,0.0,0.1443,0.0
170.379,1,0.419,7.74,35.09,4,50.3,26.41,0.07,-0.4242,0.072,0.0,-0.41,1.549,-2.146,-102.39,11.79,45.0,1,0.92,-15.51,-2.29,7.094,1,5,0.1425,0.0,0.1443,0.0
170.414,1,0.437,7.49,34.25,4,51.0,25.9,0.07,-0.4242,0.072,0.0,-0.401,1.549,-2.147,-102.85,11.79,45.0,1,0.92,-15.51,-2.29,7.094,1,5,0.1424,0.0,0.1442,0.0
170.446,1,0.461,7.49,35.25,4,51.1,25.9,0.07,-0.4242,0.071,0.0,-0.401,1.548,-2.15,-103.76,11.79,45.0,1,0.918,-17.93,-9.57,5.906,1,5,0.1406,0.0,0.1424,0.0
170.481,1,0.46,7.74,34.86,4,52.7,25.38,0.07,-0.4242,0.07,0.0,-0.429,1.547,-2.153,-104.74,11.79,45.0,1,0.918,-17.93,-9.57,5.906,1,5,0.1405,0.0,0.1405,0.0
170.515,1,0.441,7.74,34.95,4,54.4,25.23,0.07,-0.4242,0.071,-0.0,-0.413,1.547,-2.154,-105.2,11.79,45.0,1,0.929,-19.87,-16.07,3.434,1,5,0.1424,0.0018,0.1406,0.0
170.585,1,0.442,6.49,34.89,4,53.6,24.74,0.07,-0.4242,0.073,-0.001,-0.369,1.545,-2.16,-107.09,11.79,45.0,1,0.935,-20.84,-19.42,0.0,0,5,0.148,0.0018,0.1406,0.0
170.615,1,0.489,6.24,33.9,4,54.9,24.49,0.07,-0.4242,0.071,-0.001,-0.417,1.545,-2.161,-107.54,11.79,45.0,1,0.94,-23.75,-26.23,0.0,0,5,0.1442,0.0,0.1387,0.0
170.65,1,0.604,5.74,33.2,5,56.4,24.26,0.07,-0.4242,0.07,-0.0,-0.398,1.544,-2.164,-108.46,11.79,45.0,1,0.94,-25.69,-28.14,0.0,0,5,0.1406,0.0,0.1388,0.0
170.685,1,0.617,4.49,33.14,5,58.4,24.26,0.07,-0.4242,0.069,-0.001,-0.399,1.543,-2.166,-109.38,11.79,45.0,1,0.946,-27.14,-30.84,0.0,0,5,0.1406,0.0,0.1369,0.0
170.745,1,0.702,3.24,32.26,5,59.6,24.52,0.07,-0.4242,0.07,-0.003,-0.446,1.541,-2.17,-110.75,11.79,45.0,1,0.95,-30.05,-35.18,0.0,0,5,0.1461,0.0,0.135,0.0
170.814,1,0.747,2.25,30.65,5,59.5,23.35,0.07,-0.4242,0.067,-0.002,-0.4,1.54,-2.174,-112.13,11.8,45.0,1,0.942,-33.93,-39.41,0.0,0,5,0.1372,-0.0037,0.1336,0.0
170.847,1,0.745,2.0,30.01,5,57.8,22.96,0.0741,-0.4492,0.067,-0.002,-0.413,1.539,-2.176,-113.1,11.8,45.0,1,0.941,-34.9,-42.68,0.0,0,5,0.1381,-0.0036,0.1345,0.0
170.878,1,0.73,2.5,28.34,5,55.9,22.78,0.0771,-0.4675,0.07,-0.0,-0.414,1.538,-2.179,-114.08,11.8,45.0,1,0.934,-36.84,-43.97,0.0,0,5,0.1414,0.0,0.1395,0.0
170.915,1,0.74,2.99,27.18,5,56.5,22.77,0.0851,-0.5147,0.072,-0.001,-0.376,1.537,-2.18,-114.53,11.8,45.0,1,0.934,-36.84,-43.97,0.0,0,5,0.1457,0.0,0.1403,0.0
170.946,1,0.739,1.75,26.79,5,57.1,22.77,0.0906,-0.5013,0.072,-0.003,-0.442,1.535,-2.183,-115.51,11.8,45.0,1,0.923,-39.74,-48.07,0.0,0,5,0.1497,0.0,0.1388,0.0
171.012,1,0.787,-2.25,26.33,5,63.5,22.19,0.0925,-0.4806,0.077,-0.002,-0.471,1.533,-2.187,-117.06,11.8,39.84,1,0.909,-44.59,-50.99,0.0,0,5,0.1583,0.0,0.1509,0.0
171.045,1,0.817,-2.99,25.24,5,63.8,22.15,0.0947,-0.4263,0.084,0.001,-0.515,1.532,-2.191,-118.2,11.8,39.84,1,0.909,-44.59,-50.99,0.0,0,5,0.1646,0.0018,0.1683,0.0
171.081,1,0.832,-3.49,24.19,5,64.3,22.04,0.0999,-0.4005,0.088,0.001,-0.453,1.53,-2.194,-119.35,11.8,39.84,1,0.909,-44.59,-50.99,0.0,0,5,0.172,0.0037,0.1738,0.0018
171.113,1,0.825,-4.99,23.77,5,64.0,21.96,0.1049,-0.381,0.089,0.001,-0.45,1.529,-2.195,-119.86,11.8,39.84,1,0.894,-40.71,-49.78,0.0,0,5,0.1721,0.0056,0.1758,0.0037
171.152,1,0.829,-6.24,22.58,5,64.7,21.6,0.1068,-0.3596,0.088,-0.004,-0.401,1.527,-2.198,-120.84,11.8,39.84,1,0.926,-36.35,-46.05,0.0,0,5,0.1702,0.0037,0.1646,0.0148
171.213,1,0.812,-8.49,20.83,5,65.3,21.6,0.1125,-0.3427,0.093,-0.012,-0.372,1.523,-2.203,-122.21,11.8,27.84,1,0.922,-34.41,-39.74,0.0,0,5,0.1647,0.0056,0.1555,0.0444
171.246,1,0.832,-8.98,20.25,5,66.1,21.1,0.1209,-0.3131,0.099,-0.009,-0.312,1.521,-2.206,-122.96,11.8,27.84,1,0.966,-33.93,-39.24,0.0,0,5,0.1666,0.0259,0.1555,0.05
171.282,1,0.824,-9.23,19.76,5,65.6,21.02,0.1236,-0.306,0.106,-0.001,-0.332,1.518,-2.21,-123.64,11.8,27.84,1,0.966,-33.93,-39.24,0.0,0,5,0.1645,0.0439,0.1645,0.0493
171.315,1,0.82,-9.73,19.18,5,65.3,21.1,0.1259,-0.3038,0.109,-0.003,-0.343,1.517,-2.212,-124.1,11.8,27.84,1,0.895,-26.17,-30.95,0.0,0,5,0.1682,0.0475,0.1646,0.0549
171.345,1,0.822,-9.98,18.64,5,65.7,21.02,0.1287,-0.2966,0.116,-0.002,-0.324,1.514,-2.216,-124.79,11.8,27.84,1,0.961,-24.23,-26.59,0.0,0,5,0.1701,0.0531,0.1738,0.0659
171.382,1,0.818,-9.73,17.7,5,64.8,21.02,0.1313,-0.2904,0.121,-0.0,-0.289,1.512,-2.22,-125.48,11.8,27.84,1,0.961,-24.23,-26.59,0.0,0,5,0.1721,0.0666,0.1758,0.0703
171.413,1,0.814,-9.23,17.16,5,64.2,20.81,0.1357,-0.287,0.125,0.003,-0.213,1.51,-2.222,-125.76,11.82,15.84,1,0.94,-19.39,-20.74,0.0,0,5,0.1738,0.0777,0.1775,0.0703
171.451,1,0.808,-9.23,16.89,5,63.7,20.46,0.1383,-0.2885,0.13,0.006,-0.321,1.507,-2.227,-126.34,11.82,15.84,1,0.88,-10.66,-4.86,0.642,1,5,0.1718,0.0905,0.1829,0.0758
171.481,1,0.809,-9.23,16.29,5,63.6,20.46,0.1396,-0.2856,0.136,0.007,-0.289,1.504,-2.231,-127.02,11.82,15.84,1,0.88,-10.66,-4.86,0.642,1,5,0.1757,0.0999,0.1868,0.0832
171.55,1,0.804,-9.23,15.26,5,62.8,20.81,0.1425,-0.279,0.141,0.002,-0.252,1.499,-2.238,-127.94,11.82,15.84,1,0.822,-0.97,8.24,1.132,1,5,0.1868,0.098,0.1886,0.0925
171.581,1,0.797,-9.73,14.77,5,62.3,20.44,0.1474,-0.266,0.144,-0.006,-0.316,1.495,-2.242,-128.57,11.82,15.84,1,0.871,2.91,21.22,0.0,0,5,0.1941,0.0887,0.1867,0.1054
171.615,1,0.796,-10.23,14.24,5,62.1,20.46,0.1375,-0.2295,0.146,-0.009,-0.284,1.493,-2.245,-128.92,11.82,4.4,1,0.871,2.91,21.22,0.0,0,5,0.196,0.0869,0.1867,0.1128
171.645,1,0.787,-10.73,13.61,5,61.5,20.56,0.1174,-0.1724,0.147,-0.01,-0.264,1.489,-2.249,-129.55,11.82,4.4,1,0.904,2.91,21.56,0.0,0,5,0.1997,0.0851,0.1904,0.1146
171.683,1,0.785,-10.48,13.02,5,61.2,20.2,0.1174,-0.1548,0.149,-0.007,-0.214,1.485,-2.253,-130.06,11.82,4.4,1,0.904,2.91,21.56,0.0,0,5,0.2015,0.0906,0.1923,0.1109
171.713,1,0.776,-10.48,12.35,5,61.0,20.04,0.105,-0.1315,0.149,-0.006,-0.196,1.483,-2.256,-130.29,11.82,4.4,1,0.893,7.76,31.1,0.0,0,5,0.1998,0.0944,0.1906,0.111
171.745,1,0.783,-10.48,12.13,5,61.4,20.44,0.0814,-0.1204,0.147,-0.002,-0.2,1.479,-2.26,-130.69,11.82,4.4,1,0.908,7.27,28.9,0.0,0,5,0.183,0.1072,0.183,0.1146
171.782,1,0.782,-9.98,11.59,5,61.5,20.56,0.072,-0.1166,0.145,0.004,-0.13,1.475,-2.265,-130.98,11.82,4.4,1,0.913,6.79,24.36,0.0,0,5,0.1683,0.1239,0.1738,0.1146
171.812,1,0.77,-9.48,11.46,5,61.1,20.04,0.072,-0.1134,0.144,0.007,-0.148,1.474,-2.267,-131.09,11.83,4.58,1,0.913,6.79,24.36,0.0,0,5,0.1607,0.133,0.1699,0.1127
171.846,1,0.781,-8.98,10.91,5,61.5,20.04,0.072,-0.1167,0.139,0.005,-0.112,1.47,-2.271,-131.44,11.83,4.58,1,0.913,6.79,24.36,0.0,0,5,0.1535,0.1294,0.159,0.1146
171.88,1,0.804,-8.24,10.71,5,62.2,20.44,0.072,-0.1129,0.129,0.002,-0.05,1.467,-2.275,-131.61,11.83,4.58,1,0.913,6.79,24.36,0.0,0,5,0.1401,0.1106,0.1512,0.1143
171.916,1,0.797,-7.99,10.75,5,62.3,20.44,0.072,-0.1171,0.117,-0.001,-0.105,1.464,-2.278,-131.78,11.83,4.58,1,0.914,7.27,22.31,0.0,0,5,0.1252,0.0902,0.1418,0.1123
171.981,1,0.785,-7.24,10.14,5,60.4,20.46,0.072,-0.1185,0.108,0.002,-0.053,1.46,-2.283,-132.01,11.83,4.58,1,0.917,7.76,21.04,0.0,0,5,0.1146,0.0943,0.1257,0.0961
172.016,1,0.773,-6.74,10.11,5,59.1,20.04,0.072,-0.1156,0.106,0.004,-0.04,1.457,-2.286,-132.12,11.83,7.95,1,0.899,3.88,13.15,4.948,1,5,0.1184,0.0999,0.1203,0.0925
172.043,1,0.749,-6.24,9.94,5,57.3,20.44,0.072,-0.1197,0.103,0.006,-0.086,1.456,-2.288,-132.24,11.83,7.95,1,0.899,3.88,13.15,4.948,1,5,0.1166,0.1036,0.1129,0.0777
172.078,1,0.733,-6.24,9.83,5,55.4,20.44,0.072,-0.1222,0.098,0.006,-0.021,1.454,-2.291,-132.35,11.83,7.95,1,0.899,3.88,13.15,4.948,1,5,0.1091,0.098,0.1091,0.0739
172.115,1,0.72,-5.99,9.89,5,54.4,20.56,0.072,-0.1185,0.092,0.005,-0.115,1.453,-2.292,-132.41,11.83,7.95,1,0.895,2.91,9.58,0.694,1,5,0.1016,0.0887,0.1053,0.0721
172.147,1,0.721,-5.99,9.51,5,54.5,20.2,0.072,-0.1214,0.086,-0.002,-0.121,1.45,-2.294,-132.75,11.83,7.95,1,0.895,2.91,9.58,0.694,1,5,0.096,0.0683,0.0997,0.0794
172.179,1,0.723,-5.99,9.49,5,54.5,20.0,0.072,-0.1141,0.077,-0.006,-0.127,1.448,-2.296,-132.93,11.83,7.95,1,0.873,0.0,4.33,2.53,1,5,0.0904,0.048,0.0941,0.0738
172.214,1,0.719,-6.24,9.29,5,54.1,20.46,0.072,-0.1132,0.074,-0.005,-0.096,1.447,-2.297,-133.04,11.83,10.8,1,0.914,-0.48,-1.98,-1.333,1,5,0.0904,0.0443,0.0941,0.0683
172.246,1,0.723,-6.49,8.96,5,54.5,20.2,0.072,-0.1061,0.07,-0.004,-0.14,1.445,-2.299,-133.33,11.83,10.8,1,0.889,-2.42,-0.43,-1.541,1,5,0.0924,0.0462,0.0868,0.0554
172.313,1,0.705,-7.74,8.8,5,53.3,20.44,0.072,-0.0974,0.067,-0.006,-0.138,1.442,-2.301,-133.79,11.83,10.8,1,0.914,-6.3,-11.45,-3.039,1,5,0.0981,0.0407,0.0796,0.0481
172.344,1,0.708,-8.49,8.77,5,53.4,20.0,0.072,-0.0792,0.062,-0.007,-0.107,1.44,-2.303,-134.01,11.83,10.8,1,0.932,-7.27,-12.63,-3.005,1,5,0.0925,0.0352,0.074,0.0463
172.377,1,0.705,-8.49,8.23,5,53.3,20.2,0.072,-0.071,0.059,-0.006,-0.057,1.439,-2.304,-134.19,11.83,10.8,1,0.932,-7.27,-12.63,-3.005,1,5,0.0826,0.0385,0.0661,0.0477
172.415,1,0.706,-8.73,7.91,5,53.5,20.2,0.072,-0.0637,0.056,-0.003,-0.037,1.437,-2.306,-134.24,11.83,8.73,1,0.932,-7.27,-12.63,-3.005,1,5,0.0752,0.0404,0.0642,0.0477
172.446,1,0.71,-8.73,7.91,5,53.9,20.2,0.072,-0.0564,0.056,-0.002,-0.012,1.436,-2.307,-134.24,11.83,8.73,1,0.931,-9.21,-14.51,-3.76,1,5,0.0656,0.0456,0.062,0.051
172.48,1,0.711,-8.49,7.84,5,53.9,19.97,0.072,-0.057,0.057,0.002,-0.02,1.435,-2.309,-134.3,11.83,8.73,1,0.931,-9.21,-14.51,-3.76,1,5,0.0606,0.0551,0.0624,0.0496
172.512,1,0.715,-7.99,7.82,5,54.2,20.0,0.072,-0.0597,0.057,0.002,-0.02,1.435,-2.309,-134.3,11.83,8.73,1,0.862,-4.36,-11.28,-4.893,1,5,0.0606,0.0551,0.0624,0.0496
172.546,1,0.723,-7.74,7.48,5,54.7,20.2,0.072,-0.0655,0.058,0.005,-0.08,1.432,-2.311,-134.42,11.83,8.73,1,0.904,-1.45,-2.73,-2.125,1,5,0.0603,0.0603,0.0658,0.0457
172.612,1,0.726,-8.49,7.7,5,55.1,20.0,0.072,-0.062,0.058,0.004,-0.069,1.431,-2.313,-134.7,11.83,4.82,1,0.904,-0.97,-0.06,-1.201,1,5,0.0637,0.0528,0.071,0.0455
172.647,1,0.727,-8.98,7.31,5,55.3,20.0,0.072,-0.0566,0.06,0.0,-0.112,1.429,-2.315,-134.99,11.83,4.82,1,0.893,-0.97,-1.21,0.0,1,5,0.0734,0.0441,0.0753,0.0459
172.747,1,0.752,-9.98,6.67,5,57.7,20.2,0.072,-0.0455,0.059,-0.005,-0.075,1.424,-2.318,-135.5,11.83,4.82,1,0.901,0.48,6.61,0.709,1,5,0.0868,0.0369,0.0702,0.0406
172.783,1,0.755,-9.98,6.28,5,58.0,20.56,0.072,-0.0221,0.055,-0.005,-0.069,1.423,-2.32,-135.68,11.83,4.82,1,0.899,0.48,5.73,2.791,1,5,0.0732,0.0366,0.0623,0.0476
172.814,1,0.761,-10.48,6.42,5,58.6,20.04,0.072,-0.0169,0.054,-0.005,-0.053,1.422,-2.32,-135.73,11.81,4.33,1,0.898,0.0,3.96,-0.205,1,5,0.0678,0.0366,0.0623,0.0494
172.847,1,0.765,-10.48,6.15,5,59.2,19.97,0.072,-0.0145,0.055,-0.005,-0.038,1.42,-2.322,-135.85,11.81,4.33,1,0.901,-0.48,3.09,-1.072,1,5,0.0659,0.0403,0.0604,0.0549
172.88,1,0.768,-10.48,5.88,5,59.4,20.2,0.072,-0.0104,0.057,-0.005,-0.04,1.418,-2.323,-135.91,11.81,4.33,1,0.901,-0.48,3.09,-1.072,1,5,0.0683,0.0425,0.0628,0.0554
172.912,1,0.776,-10.48,5.87,5,59.8,20.0,0.072,-0.0067,0.057,-0.005,-0.01,1.417,-2.324,-135.91,11.81,4.33,1,0.903,-0.97,3.66,1.92,1,5,0.0684,0.0444,0.061,0.0555
172.947,1,0.779,-10.48,6.03,5,60.2,20.44,0.072,-0.007,0.058,-0.005,-0.053,1.416,-2.326,-135.96,11.81,4.33,1,0.898,-0.97,2.76,-0.191,1,5,0.0666,0.0444,0.0629,0.0592
173.01,1,0.783,-10.48,5.49,5,60.3,19.97,0.072,-0.0104,0.064,-0.002,-0.008,1.413,-2.328,-136.08,11.81,4.14,1,0.897,-0.97,2.21,2.244,1,5,0.0666,0.0555,0.0685,0.0648
173.046,1,0.78,-10.23,5.55,5,59.8,20.46,0.072,-0.0011,0.069,0.0,0.005,1.411,-2.33,-136.08,11.81,4.14,1,0.897,-0.97,2.21,2.244,1,5,0.0702,0.0665,0.0721,0.0665
173.077,1,0.78,-9.98,5.33,5,59.6,20.0,0.072,-0.0053,0.071,0.0,-0.039,1.409,-2.332,-136.13,11.81,4.14,1,0.897,-0.97,1.32,0.146,1,5,0.0722,0.0703,0.0722,0.0703
173.114,1,0.777,-9.98,5.33,5,59.3,20.0,0.072,-0.0043,0.073,0.0,-0.102,1.407,-2.334,-136.25,11.81,4.14,1,0.897,-0.97,1.32,0.146,1,5,0.0721,0.074,0.0721,0.0721
173.142,1,0.774,-9.98,5.22,5,59.2,20.2,0.072,-0.0041,0.069,-0.001,-0.043,1.406,-2.335,-136.36,11.81,4.14,1,0.888,-1.45,0.8,-1.555,1,5,0.074,0.0666,0.0703,0.0666
173.211,1,0.773,-9.73,5.12,5,58.8,20.04,0.072,-0.0016,0.065,-0.001,-0.016,1.403,-2.338,-136.42,11.81,4.49,1,0.893,-1.45,0.98,1.017,1,5,0.0702,0.0591,0.0684,0.061
173.247,1,0.771,-9.73,5.12,5,58.7,20.04,0.072,-0.0027,0.064,-0.001,0.024,1.401,-2.34,-136.42,11.81,4.49,1,0.893,-1.45,0.98,1.017,1,5,0.0665,0.0591,0.0665,0.0647
173.28,1,0.766,-9.98,5.33,5,58.4,20.0,0.072,-0.0025,0.064,-0.002,0.006,1.399,-2.341,-136.42,11.81,4.49,1,0.89,-1.45,1.06,-0.704,1,5,0.0665,0.0591,0.0647,0.0665
173.311,1,0.757,-9.73,5.11,5,57.7,20.04,0.072,-0.0029,0.062,-0.003,-0.022,1.398,-2.342,-136.42,11.81,4.49,1,0.895,-1.45,0.98,1.019,1,5,0.0666,0.0555,0.0629,0.0647
173.347,1,0.759,-9.48,4.78,5,58.1,20.0,0.072,-0.0022,0.063,-0.003,-0.024,1.396,-2.344,-136.48,11.81,4.49,1,0.895,-1.45,0.98,1.019,1,5,0.0666,0.0555,0.0647,0.0647
173.413,1,0.763,-9.48,4.51,5,58.5,19.85,0.072,0.0011,0.067,-0.003,-0.034,1.393,-2.346,-136.59,11.78,4.18,1,0.899,-1.45,0.51,1.756,1,5,0.074,0.0555,0.0721,0.0666
173.445,1,0.768,-9.48,4.67,5,59.0,20.0,0.072,0.0061,0.07,-0.002,-0.009,1.391,-2.348,-136.59,11.78,4.18,1,0.9,-1.45,-0.44,1.336,1,5,0.0777,0.0629,0.0722,0.0666
173.477,1,0.769,-9.23,4.45,5,59.0,20.04,0.072,0.0034,0.074,0.0,-0.004,1.389,-2.351,-136.59,11.78,4.18,1,0.901,-1.45,-0.44,1.32,1,5,0.0778,0.074,0.074,0.0685
173.61,1,0.775,-8.98,4.24,5,59.0,20.04,0.072,0.0052,0.073,-0.001,-0.014,1.382,-2.357,-136.82,11.78,4.18,1,0.904,-1.45,-1.82,-0.0,1,5,0.0758,0.0703,0.074,0.0721
173.646,1,0.768,-9.23,4.45,5,58.5,20.2,0.072,0.0056,0.07,-0.001,-0.027,1.38,-2.358,-136.82,11.78,4.18,1,0.904,-1.45,-1.82,-0.0,1,5,0.0721,0.0629,0.074,0.0703
173.679,1,0.769,-9.48,3.98,5,58.6,20.04,0.072,0.0056,0.068,-0.002,-0.018,1.378,-2.36,-136.94,11.78,4.18,1,0.908,-1.45,-1.82,-0.0,1,5,0.0702,0.0591,0.0721,0.0702
173.715,1,0.774,-9.48,3.99,5,58.9,20.04,0.072,0.0166,0.068,-0.004,-0.027,1.377,-2.361,-136.94,11.78,4.18,1,0.893,-1.94,-1.27,-1.204,1,5,0.0739,0.0554,0.0721,0.0702
173.747,1,0.78,-8.98,3.57,5,59.4,20.04,0.072,0.0163,0.068,-0.006,0.024,1.375,-2.363,-136.94,11.78,4.18,1,0.893,-1.94,-1.27,-1.204,1,5,0.0777,0.0555,0.0703,0.0703
173.811,1,0.792,-8.98,4.11,5,60.6,20.0,0.072,0.0178,0.071,-0.004,-0.014,1.371,-2.366,-136.99,11.79,3.69,1,0.893,-1.94,-1.27,-1.208,1,5,0.077,0.0623,0.0715,0.0715
173.915,1,0.787,-8.49,3.56,5,59.9,20.44,0.072,0.0089,0.072,-0.003,-0.007,1.365,-2.371,-137.11,11.79,3.69,1,0.892,-1.45,-1.82,-0.0,1,5,0.0739,0.0739,0.0665,0.0721
173.948,1,0.784,-8.24,3.22,5,59.4,20.2,0.072,0.0127,0.072,-0.002,0.002,1.364,-2.372,-137.05,11.79,3.69,1,0.89,-0.97,-2.37,1.204,1,5,0.0736,0.0736,0.0663,0.0755
174.014,1,0.778,-7.99,3.81,5,58.9,20.2,0.072,0.0166,0.07,0.0,0.01,1.361,-2.375,-136.99,11.79,2.57,1,0.892,-0.97,-2.37,1.201,1,5,0.0663,0.07,0.0718,0.0737
174.041,1,0.773,-8.24,3.89,5,58.5,20.04,0.072,0.0035,0.068,-0.001,-0.018,1.359,-2.377,-136.99,11.79,2.57,1,0.869,0.0,-1.83,1.032,1,5,0.0624,0.0661,0.068,0.0753
174.076,1,0.776,-7.99,3.68,5,58.7,20.0,0.072,0.0056,0.069,-0.003,0.009,1.357,-2.379,-136.99,11.79,2.57,1,0.869,0.0,-1.83,1.032,1,5,0.0656,0.0637,0.0674,0.0783
174.113,1,0.779,-7.99,3.81,5,58.9,20.04,0.072,0.0066,0.069,-0.004,-0.004,1.355,-2.38,-136.99,11.79,2.57,1,0.869,0.0,-1.83,1.032,1,5,0.0674,0.0656,0.0656,0.0783
174.245,1,0.785,-7.49,3.4,5,59.3,20.0,0.072,0.0051,0.073,-0.0,-0.006,1.348,-2.387,-137.05,11.79,2.92,1,0.889,2.91,5.05,-0.362,1,5,0.074,0.0703,0.074,0.0722
174.281,1,0.788,-7.49,3.81,5,59.5,20.44,0.072,0.0061,0.073,-0.001,-0.045,1.346,-2.389,-137.11,11.79,2.92,1,0.89,2.91,5.05,-0.365,1,5,0.0733,0.0714,0.0714,0.0751
174.312,1,0.79,-7.24,3.59,5,59.7,20.46,0.072,-0.0003,0.072,-0.002,-0.041,1.345,-2.389,-137.17,11.79,2.92,1,0.892,2.91,5.05,-0.366,1,5,0.075,0.0695,0.0695,0.0732
174.346,1,0.795,-6.99,3.38,5,60.1,20.44,0.072,0.0006,0.072,-0.002,0.036,1.343,-2.392,-137.17,11.79,2.92,1,0.892,2.91,5.05,-0.354,1,5,0.075,0.0732,0.0677,0.0732
174.413,1,0.799,-6.74,3.71,5,60.4,20.46,0.0862,0.0026,0.074,0.0,0.026,1.339,-2.394,-137.05,11.8,3.64,1,0.893,2.91,4.77,-1.177,1,5,0.0722,0.0778,0.0703,0.0759
174.447,1,0.799,-6.74,3.71,5,60.5,20.46,0.1002,-0.0057,0.075,-0.002,0.021,1.337,-2.397,-136.99,11.8,3.64,1,0.88,3.88,6.2,1.218,1,5,0.0722,0.0759,0.0703,0.0833
174.475,1,0.801,-6.24,3.72,5,60.8,20.2,0.107,-0.0054,0.08,-0.005,0.023,1.334,-2.399,-136.94,11.8,3.64,1,0.88,3.88,6.2,1.218,1,5,0.0722,0.0778,0.0703,0.0889
174.546,1,0.806,-5.74,3.41,5,61.2,20.04,0.135,-0.0242,0.092,-0.004,0.007,1.33,-2.403,-136.88,11.8,3.64,1,0.883,4.36,5.43,-0.0,1,5,0.0926,0.0907,0.0852,0.0981
174.612,1,0.808,-5.49,3.75,5,61.4,20.44,0.1058,-0.0098,0.108,-0.0,-0.042,1.325,-2.407,-136.99,11.8,5.06,1,0.874,4.85,6.48,4.568,1,5,0.1092,0.1055,0.1092,0.1074
174.644,1,0.816,-5.24,3.3,5,62.0,20.44,0.1058,-0.0183,0.117,-0.0,-0.018,1.321,-2.41,-137.05,11.8,5.06,1,0.874,4.85,6.48,4.568,1,5,0.1204,0.1111,0.1223,0.1148
174.676,1,0.826,-5.24,3.69,5,62.9,20.46,0.1126,-0.0146,0.121,0.002,-0.01,1.318,-2.414,-137.05,11.8,5.06,1,0.866,2.91,4.78,2.994,1,5,0.1184,0.1184,0.1277,0.1184
174.711,1,0.832,-5.24,3.29,5,63.6,20.44,0.1268,-0.0285,0.12,0.002,-0.025,1.316,-2.416,-137.11,11.8,5.06,1,0.866,2.91,4.78,2.994,1,5,0.1166,0.1166,0.1277,0.1203
174.745,1,0.826,-5.24,3.29,5,62.9,20.46,0.1405,-0.0261,0.122,0.002,-0.012,1.312,-2.419,-137.17,11.8,5.06,1,0.892,0.48,-3.85,-2.752,1,5,0.1185,0.1185,0.1296,0.1222
174.776,1,0.808,-5.24,3.57,5,61.4,20.46,0.1476,-0.0289,0.127,-0.003,-0.013,1.308,-2.422,-137.17,11.8,5.06,1,0.891,0.48,-4.27,-1.918,1,5,0.1333,0.1185,0.1296,0.1259
174.849,1,0.808,-4.74,3.14,5,61.3,20.46,0.172,-0.0458,0.135,0.0,-0.045,1.302,-2.428,-137.4,11.79,6.5,1,0.897,0.97,-5.24,0.065,1,5,0.1425,0.1314,0.1388,0.1277
174.878,1,0.81,-4.49,3.2,5,61.7,20.44,0.1787,-0.0434,0.144,0.003,-0.013,1.298,-2.432,-137.45,11.79,6.5,1,0.891,0.97,-5.14,-1.537,1,5,0.1451,0.1414,0.1524,0.1359
174.948,1,0.817,-4.49,3.2,5,62.2,20.44,0.1916,-0.0513,0.164,0.001,-0.025,1.29,-2.439,-137.57,11.79,6.5,1,0.878,0.97,-5.28,0.125,1,5,0.167,0.156,0.1743,0.1596
174.975,1,0.813,-4.24,2.98,5,61.9,20.46,0.1926,-0.0514,0.176,0.0,-0.073,1.285,-2.444,-137.68,11.79,6.5,1,0.878,0.97,-5.28,0.125,1,5,0.1738,0.1627,0.1812,0.1646
175.047,1,0.817,-3.74,2.55,5,62.2,20.46,0.1919,-0.0469,0.19,0.002,-0.037,1.276,-2.452,-137.91,11.79,5.36,1,0.878,0.97,-5.28,0.125,1,5,0.1943,0.1832,0.2017,0.1813
175.109,1,0.786,-3.49,2.69,5,61.3,20.56,0.1557,-0.029,0.199,0.005,-0.033,1.268,-2.461,-138.03,11.79,5.36,1,0.894,0.97,-7.08,-4.177,1,5,0.2035,0.1924,0.2146,0.185
175.146,1,0.804,-3.24,2.44,5,61.5,20.46,0.132,-0.0263,0.197,0.004,-0.093,1.262,-2.466,-138.25,11.79,5.36,1,0.883,0.97,-7.0,-4.196,1,5,0.2017,0.1943,0.2091,0.185
175.21,1,0.804,-2.99,2.21,5,62.1,20.56,0.1151,-0.0171,0.191,0.004,-0.017,1.253,-2.474,-138.43,11.79,3.09,1,0.883,0.97,-7.0,-4.196,1,5,0.1938,0.1846,0.2049,0.1809
175.245,1,0.802,-2.75,2.11,5,62.3,20.46,0.1151,-0.0153,0.186,0.002,-0.046,1.248,-2.479,-138.48,11.79,3.09,1,0.883,0.97,-7.0,-4.196,1,5,0.194,0.1736,0.2032,0.1736
175.276,1,0.803,-2.99,2.22,5,62.7,20.56,0.1222,-0.0185,0.176,0.003,-0.116,1.243,-2.483,-138.66,11.79,3.09,1,0.814,1.94,-5.04,0.0,0,5,0.1832,0.1684,0.1888,0.1629
175.343,1,0.834,-3.99,1.98,5,64.1,20.56,0.143,-0.0232,0.157,0.002,-0.063,1.236,-2.489,-138.88,11.79,3.09,1,0.79,4.85,10.41,0.0,0,5,0.161,0.1536,0.1647,0.148
175.444,1,0.837,-3.99,1.41,5,64.5,20.56,0.1712,-0.0141,0.148,-0.004,0.008,1.225,-2.499,-139.06,11.79,1.39,1,0.817,3.88,10.25,0.0,0,5,0.1539,0.1411,0.1484,0.1502
175.478,1,0.835,-3.74,1.37,5,64.2,20.46,0.1585,0.0026,0.15,-0.0,-0.056,1.22,-2.503,-139.11,11.79,1.39,1,0.807,3.88,15.82,0.0,0,5,0.1467,0.1467,0.1522,0.154
175.546,1,0.846,-3.49,1.54,5,65.3,20.56,0.1114,0.0092,0.156,0.004,-0.022,1.213,-2.509,-139.11,11.79,1.39,1,0.767,3.88,33.16,0.0,0,5,0.1509,0.1564,0.1638,0.1527
175.645,1,0.836,-2.99,1.27,5,64.4,20.56,0.07,0.0042,0.14,0.001,0.017,1.203,-2.519,-139.17,11.79,3.56,1,0.766,4.36,43.78,0.0,0,5,0.1459,0.1385,0.1441,0.1312
175.676,1,0.849,-2.99,1.66,5,65.5,20.56,0.07,0.0027,0.132,0.005,-0.126,1.199,-2.522,-139.34,11.79,3.56,1,0.784,4.85,48.17,0.0,0,5,0.1294,0.1312,0.1423,0.1238
175.743,1,0.853,-3.49,1.16,5,65.6,20.56,0.07,-0.0031,0.125,0.003,0.007,1.193,-2.527,-139.46,11.79,3.56,1,0.781,3.39,52.4,0.0,0,5,0.124,0.1221,0.1351,0.1203
175.944,1,0.866,-3.24,1.2,5,66.9,20.46,0.07,0.0114,0.074,0.004,0.026,1.181,-2.538,-139.46,11.8,10.82,1,0.777,-0.48,53.05,0.0,0,5,0.0644,0.0773,0.0791,0.0773
175.975,1,0.866,-3.24,1.09,5,67.1,20.44,0.07,0.0076,0.068,0.0,-0.002,1.179,-2.539,-139.52,11.8,10.82,1,0.732,-16.96,51.14,0.0,0,5,0.0607,0.0736,0.0717,0.0773
176.043,1,0.878,-3.24,1.2,5,67.8,20.44,0.07,0.0098,0.056,-0.002,-0.04,1.176,-2.541,-139.57,11.8,18.59,1,0.732,-16.96,51.14,0.0,0,5,0.061,0.0536,0.0536,0.0554
176.144,1,0.867,-3.49,1.14,5,66.5,20.57,0.07,0.0081,0.047,0.0,0.021,1.173,-2.544,-139.57,11.8,18.59,1,0.832,-28.6,47.45,0.0,0,5,0.0444,0.0462,0.0481,0.0481
176.173,1,0.868,-3.24,1.05,5,66.4,20.46,0.07,0.0124,0.044,-0.0,-0.002,1.172,-2.545,-139.57,11.8,18.59,1,0.844,-31.99,45.03,0.0,0,5,0.0425,0.0443,0.0425,0.0462
176.242,1,0.869,-3.24,1.08,5,66.2,20.44,0.07,0.0107,0.037,-0.003,0.007,1.17,-2.546,-139.57,11.8,24.62,1,0.829,-38.29,40.48,0.0,0,5,0.0407,0.0407,0.0277,0.0407
176.344,1,0.865,-2.99,1.0,5,66.2,20.57,0.07,0.0103,0.042,0.0,0.021,1.167,-2.549,-139.46,11.8,24.62,1,0.858,-43.14,37.16,0.0,0,5,0.0388,0.0444,0.0388,0.0444
176.443,1,0.876,-2.5,1.13,5,67.5,20.57,0.07,0.0092,0.044,0.0,0.012,1.163,-2.552,-139.29,11.81,26.78,1,0.861,-42.17,39.89,0.0,0,5,0.0444,0.0481,0.0407,0.0444
176.474,1,0.887,-2.5,1.52,5,68.3,20.56,0.07,0.0008,0.046,0.002,0.009,1.162,-2.553,-139.29,11.81,26.78,1,0.861,-42.17,39.89,0.0,0,5,0.0444,0.0518,0.0444,0.0444
176.508,1,0.892,-2.25,1.07,5,68.9,20.46,0.07,-0.0054,0.051,0.001,0.011,1.161,-2.554,-139.17,11.81,26.78,1,0.861,-42.17,39.89,0.0,0,5,0.0443,0.0536,0.0499,0.0554
176.544,1,0.893,-2.25,1.33,5,69.0,20.46,0.07,-0.0003,0.052,-0.001,0.024,1.159,-2.555,-139.17,11.81,26.78,1,0.88,-44.59,38.41,0.0,0,5,0.0444,0.0518,0.0499,0.061
176.574,1,0.892,-2.25,1.34,5,68.7,20.46,0.07,-0.0043,0.051,0.0,0.003,1.159,-2.556,-139.17,11.81,26.78,1,0.88,-44.59,38.41,0.0,0,5,0.0425,0.0518,0.0499,0.0592
176.641,1,0.886,-2.0,1.25,5,68.2,20.56,0.07,-0.0038,0.054,-0.001,0.011,1.155,-2.559,-139.17,11.81,28.75,1,0.881,-42.65,38.94,0.0,0,5,0.0514,0.0532,0.0532,0.0551
176.674,1,0.88,-1.75,1.31,5,67.8,20.46,0.07,-0.005,0.057,-0.003,0.013,1.154,-2.56,-139.11,11.81,28.75,1,0.878,-39.74,38.35,0.0,0,5,0.0619,0.0546,0.0546,0.0583
176.742,1,0.875,-1.5,1.24,5,67.2,20.56,0.07,-0.0082,0.06,-0.0,-0.001,1.15,-2.563,-139.11,11.81,28.75,1,0.888,-38.29,38.75,0.0,0,5,0.0588,0.0624,0.0569,0.0606
176.777,1,0.871,-1.5,1.24,5,66.9,20.56,0.07,-0.0098,0.06,0.0,0.012,1.149,-2.564,-139.11,11.81,28.75,1,0.898,-38.29,35.46,0.0,0,5,0.0588,0.0624,0.0569,0.0624
176.873,1,0.892,-1.0,1.1,5,68.8,20.44,0.07,-0.0087,0.057,0.0,0.033,1.145,-2.567,-139.06,11.81,29.74,1,0.906,-34.41,34.28,0.0,0,5,0.0591,0.0627,0.052,0.0556
176.943,1,0.893,-0.75,2.05,5,69.9,20.56,0.07,-0.0116,0.059,0.002,0.03,1.142,-2.57,-138.94,11.81,29.74,1,0.906,-34.41,34.28,0.0,0,5,0.0537,0.0629,0.0592,0.0592
176.973,1,0.876,-0.5,2.66,5,69.4,20.57,0.07,-0.0308,0.06,0.003,0.016,1.141,-2.571,-138.94,11.81,29.74,1,0.901,-30.05,35.23,0.0,0,5,0.0518,0.0647,0.061,0.0629
177.04,1,0.852,-0.5,3.71,5,68.8,20.57,0.07,-0.0434,0.06,0.001,-0.033,1.137,-2.574,-139.0,11.81,31.75,1,0.901,-30.05,35.23,0.0,0,5,0.0517,0.0591,0.0628,0.0647
177.072,1,0.835,-1.0,3.97,5,69.0,20.96,0.07,-0.0611,0.059,0.0,-0.02,1.136,-2.575,-139.0,11.81,31.75,1,0.895,-26.17,36.91,0.0,0,5,0.0554,0.0554,0.0628,0.0628
177.106,1,0.827,-1.0,4.1,5,69.5,20.57,0.07,-0.0595,0.062,-0.0,-0.04,1.134,-2.577,-139.11,11.81,31.75,1,0.895,-26.17,36.91,0.0,0,5,0.0666,0.0555,0.0684,0.0592
177.141,1,0.845,-1.0,6.53,5,70.0,20.57,0.07,-0.062,0.067,-0.001,-0.064,1.132,-2.579,-139.23,11.81,31.75,1,0.895,-26.17,36.91,0.0,0,5,0.0759,0.0574,0.074,0.0611
177.172,1,0.848,-1.5,9.2,5,70.4,20.96,0.07,-0.1046,0.069,-0.001,-0.038,1.131,-2.58,-139.29,11.81,31.75,1,0.919,-28.6,28.32,0.0,0,5,0.0796,0.0592,0.0759,0.0611
177.244,1,0.834,-1.5,12.65,5,70.9,20.96,0.07,-0.1459,0.067,0.0,-0.064,1.127,-2.583,-139.52,11.81,36.45,1,0.946,-27.14,24.3,0.0,0,5,0.0759,0.0592,0.074,0.0574
177.341,1,0.799,-2.75,18.81,5,71.3,20.46,0.07,-0.2068,0.065,0.006,-0.094,1.123,-2.588,-140.15,11.81,36.45,1,0.938,-29.57,15.19,0.0,0,5,0.0851,0.05,0.0907,0.0333
177.374,1,0.816,-3.49,21.95,5,71.4,21.67,0.07,-0.2999,0.064,0.004,-0.181,1.121,-2.588,-140.32,11.81,36.45,1,0.957,-30.54,8.56,0.0,0,5,0.0869,0.0462,0.0906,0.0333
177.444,1,0.828,-5.49,25.2,5,72.9,23.94,0.07,-0.348,0.069,-0.003,-0.23,1.117,-2.592,-141.18,11.82,42.29,1,0.952,-32.47,-0.81,0.0,0,5,0.1017,0.0351,0.098,0.0425
177.473,1,0.823,-6.74,26.76,5,73.2,23.35,0.07,-0.3811,0.072,-0.001,-0.207,1.116,-2.593,-141.46,11.82,42.29,1,0.953,-34.9,-3.14,0.0,0,5,0.1055,0.0352,0.1055,0.0407
177.506,1,0.791,-7.74,28.57,5,72.9,23.35,0.07,-0.397,0.075,0.002,-0.273,1.114,-2.595,-142.04,11.82,42.29,1,0.953,-34.9,-3.14,0.0,0,5,0.1147,0.0389,0.1147,0.0315
177.541,1,0.803,-8.98,29.92,5,72.8,23.35,0.07,-0.418,0.076,0.006,-0.328,1.111,-2.597,-142.78,11.82,42.29,1,0.953,-34.9,-3.14,0.0,0,5,0.1185,0.0389,0.124,0.0222
177.577,1,0.812,-9.98,30.73,5,73.1,23.35,0.07,-0.4242,0.071,0.008,-0.339,1.11,-2.599,-143.53,11.82,42.29,1,0.917,-43.14,-27.98,0.0,0,5,0.1203,0.0296,0.1296,0.0056
177.61,1,0.81,-11.48,31.99,5,73.0,23.87,0.07,-0.4242,0.069,0.009,-0.372,1.109,-2.6,-143.98,11.82,45.0,1,0.986,-43.62,-31.19,0.0,0,5,0.1203,0.0185,0.137,0.0
177.64,1,0.797,-13.23,32.52,5,72.7,23.26,0.07,-0.4242,0.066,0.009,-0.412,1.106,-2.602,-144.9,11.82,45.0,1,0.996,-44.11,-32.65,0.0,0,5,0.1222,0.0,0.1499,-0.0074
177.673,1,0.767,-15.22,33.0,5,73.3,23.26,0.07,-0.4242,0.066,0.007,-0.372,1.105,-2.602,-145.3,11.82,45.0,1,0.996,-44.11,-32.65,0.0,0,5,0.1258,-0.0037,0.1499,-0.0074
177.707,1,0.773,-16.72,32.93,5,72.2,22.78,0.07,-0.4242,0.069,0.001,-0.426,1.103,-2.604,-146.22,11.82,45.0,1,0.996,-44.11,-32.65,0.0,0,5,0.1388,-0.0037,0.1443,-0.0037
177.742,1,0.796,-17.72,32.28,5,72.4,23.26,0.07,-0.4076,0.069,-0.002,-0.387,1.101,-2.605,-147.14,11.82,45.0,1,0.996,-44.11,-32.65,0.0,0,5,0.1424,0.0,0.1331,0.0
177.839,1,0.79,-18.22,29.89,5,70.7,22.22,0.07,-0.3966,0.07,0.003,-0.372,1.095,-2.609,-149.37,11.83,38.56,1,0.979,-49.92,-42.73,0.0,0,5,0.128,0.0037,0.1427,0.0055
177.872,1,0.812,-18.72,29.17,5,70.6,22.68,0.07,-0.3517,0.07,0.002,-0.382,1.094,-2.61,-149.83,11.83,38.56,1,0.979,-49.92,-42.73,0.0,0,5,0.1317,0.0037,0.1408,0.0055
177.908,1,0.815,-18.97,28.35,5,70.6,22.15,0.07,-0.3354,0.067,0.001,-0.363,1.091,-2.611,-150.69,11.83,38.56,1,0.987,-48.47,-44.19,0.0,0,5,0.1299,0.0018,0.1354,0.0018
177.938,1,0.822,-18.72,27.3,5,70.9,22.15,0.07,-0.3191,0.067,0.001,-0.352,1.089,-2.613,-151.49,11.83,38.56,1,0.987,-48.47,-44.19,0.0,0,5,0.1318,0.0,0.1354,0.0
177.971,1,0.817,-19.22,26.88,5,69.9,22.15,0.07,-0.3055,0.065,0.001,-0.353,1.088,-2.613,-151.89,11.83,38.56,1,0.987,-48.47,-44.19,0.0,0,5,0.1277,0.0,0.1332,0.0
178.007,1,0.816,-19.97,26.58,5,69.4,22.04,0.07,-0.2932,0.064,0.001,-0.35,1.087,-2.614,-152.29,11.83,38.56,1,0.987,-48.47,-44.19,0.0,0,5,0.1259,0.0,0.1295,0.0
178.043,1,0.822,-20.71,25.72,5,70.4,22.15,0.07,-0.2792,0.061,0.001,-0.331,1.084,-2.616,-153.5,11.83,26.56,1,0.987,-48.47,-44.19,0.0,0,5,0.1176,0.0018,0.1213,0.0018
178.071,1,0.823,-20.96,24.94,5,70.5,21.67,0.07,-0.2572,0.061,0.001,-0.331,1.084,-2.616,-153.5,11.83,26.56,1,0.867,-35.87,-24.45,0.0,0,5,0.1176,0.0018,0.1213,0.0018
178.106,1,0.821,-21.21,24.24,5,70.7,22.04,0.07,-0.2425,0.057,0.004,-0.288,1.081,-2.617,-154.53,11.83,26.56,1,0.867,-35.87,-24.45,0.0,0,5,0.1035,0.0037,0.1183,0.0018
178.144,1,0.821,-20.71,23.52,5,70.8,21.62,0.07,-0.2279,0.059,0.011,-0.244,1.079,-2.619,-155.1,11.83,26.56,1,0.918,-27.14,-11.57,6.406,1,5,0.0961,0.0222,0.1165,0.0
178.172,1,0.813,-20.46,22.98,5,69.9,21.96,0.07,-0.2232,0.059,0.011,-0.244,1.079,-2.619,-155.1,11.83,26.56,1,0.918,-27.14,-11.57,6.406,1,5,0.0961,0.0222,0.1165,0.0
178.207,1,0.804,-20.46,22.52,5,68.1,21.67,0.07,-0.217,0.064,0.015,-0.256,1.076,-2.621,-155.67,11.83,26.56,1,0.918,-27.14,-11.57,6.406,1,5,0.0942,0.0388,0.1201,0.0037
178.242,1,0.804,-20.71,22.46,5,68.3,21.67,0.07,-0.2089,0.065,0.007,-0.192,1.073,-2.622,-156.36,11.83,14.56,1,0.918,-27.14,-11.57,6.406,1,5,0.0942,0.0333,0.1109,0.0203
178.272,1,0.788,-20.71,21.81,5,67.4,21.46,0.07,-0.2047,0.065,0.007,-0.192,1.073,-2.622,-156.36,11.83,14.56,1,0.838,-16.96,8.39,0.0,0,5,0.0942,0.0333,0.1109,0.0203
178.306,1,0.786,-20.96,21.52,5,66.9,21.62,0.07,-0.1937,0.062,0.0,-0.199,1.071,-2.623,-156.82,11.83,14.56,1,0.838,-16.96,8.39,0.0,0,5,0.0936,0.0257,0.0991,0.0294
178.342,1,0.779,-20.96,21.17,5,65.4,21.11,0.07,-0.1856,0.063,-0.003,-0.196,1.068,-2.624,-157.28,11.83,14.56,1,0.838,-16.96,8.39,0.0,0,5,0.0991,0.0257,0.0954,0.033
178.375,1,0.775,-21.46,20.99,5,64.0,21.11,0.07,-0.18,0.065,-0.006,-0.207,1.066,-2.625,-157.74,11.83,14.56,1,0.788,-6.3,27.57,0.0,0,5,0.1028,0.0257,0.0954,0.0349
178.406,1,0.78,-21.71,20.26,5,64.2,21.46,0.07,-0.1712,0.067,-0.006,-0.23,1.064,-2.625,-157.96,11.83,14.56,1,0.87,-4.85,35.37,0.0,0,5,0.1054,0.0277,0.0943,0.0388
178.44,1,0.784,-20.96,19.47,5,64.6,21.11,0.07,-0.1557,0.069,-0.004,-0.115,1.062,-2.626,-158.31,11.83,8.13,1,0.87,-4.85,35.37,0.0,0,5,0.1053,0.0351,0.0942,0.0407
178.474,1,0.784,-20.96,19.82,5,64.6,21.11,0.07,-0.1517,0.069,-0.002,-0.165,1.06,-2.627,-158.48,11.83,8.13,1,0.861,-1.45,36.57,0.0,0,5,0.1017,0.0388,0.0961,0.0407
178.509,1,0.772,-20.96,19.48,5,63.5,21.11,0.07,-0.1576,0.072,0.001,-0.153,1.058,-2.628,-158.77,11.83,8.13,1,0.854,-0.48,41.12,0.0,0,5,0.0961,0.0443,0.1016,0.0462
178.576,1,0.772,-20.71,18.88,5,64.1,21.11,0.07,-0.1514,0.07,-0.001,-0.134,1.054,-2.629,-159.22,11.83,8.13,1,0.864,-1.94,37.67,0.0,0,5,0.0926,0.0444,0.0944,0.05
178.605,1,0.769,-20.71,18.26,5,63.8,21.11,0.07,-0.1439,0.068,-0.003,-0.138,1.051,-2.63,-159.57,11.83,8.13,1,0.864,-2.91,35.91,0.0,0,5,0.0926,0.0407,0.0889,0.0481
178.643,1,0.778,-20.71,18.16,5,64.2,21.11,0.07,-0.1329,0.068,-0.003,-0.123,1.049,-2.631,-159.86,11.83,11.71,1,0.864,-2.91,35.91,0.0,0,5,0.0981,0.0389,0.0907,0.0444
178.672,1,0.777,-20.71,17.73,5,63.8,21.11,0.07,-0.131,0.068,-0.004,-0.161,1.047,-2.631,-160.03,11.83,11.71,1,0.868,-7.76,29.83,0.0,0,5,0.1,0.037,0.0907,0.0444
178.71,1,0.772,-19.97,17.29,5,63.5,21.11,0.07,-0.1234,0.069,-0.003,-0.112,1.044,-2.632,-160.37,11.83,11.71,1,0.878,-12.12,19.63,0.0,0,5,0.1019,0.0445,0.0889,0.0426
178.741,1,0.777,-19.47,17.38,5,64.7,21.11,0.07,-0.125,0.074,-0.0,-0.114,1.042,-2.634,-160.54,11.83,11.71,1,0.878,-12.12,19.63,0.0,0,5,0.0981,0.0555,0.0907,0.05
178.772,1,0.776,-19.22,17.11,5,65.2,21.11,0.07,-0.1313,0.075,0.002,-0.098,1.04,-2.634,-160.66,11.83,11.71,1,0.92,-11.15,16.56,0.0,0,5,0.0944,0.0629,0.0926,0.0518
178.806,1,0.77,-19.22,17.0,5,65.1,21.1,0.07,-0.1285,0.075,0.003,-0.098,1.037,-2.635,-160.89,11.83,11.71,1,0.92,-11.15,16.56,0.0,0,5,0.0888,0.0629,0.0925,0.0555
178.873,1,0.766,-19.22,16.81,5,64.8,21.1,0.07,-0.1252,0.069,-0.001,-0.124,1.034,-2.636,-161.29,11.84,14.56,1,0.897,-14.54,15.49,0.0,0,5,0.0851,0.0481,0.0869,0.0555
178.908,1,0.765,-19.22,16.41,5,64.6,20.81,0.07,-0.1214,0.066,-0.002,-0.131,1.031,-2.637,-161.63,11.84,14.56,1,0.905,-15.99,6.85,0.0,0,5,0.0833,0.0407,0.087,0.0518
178.942,1,0.771,-19.22,15.76,5,65.5,21.11,0.07,-0.1141,0.068,-0.002,-0.114,1.028,-2.638,-161.86,11.84,14.56,1,0.915,-16.96,4.57,0.0,0,5,0.0889,0.0444,0.087,0.0518
178.974,1,0.785,-19.47,15.83,5,66.5,21.11,0.07,-0.1026,0.068,-0.004,-0.124,1.027,-2.638,-162.03,11.84,14.56,1,0.923,-16.96,4.38,0.0,0,5,0.0907,0.0407,0.087,0.0518
179.007,1,0.789,-19.47,15.27,5,67.3,21.1,0.0836,-0.1007,0.071,-0.006,-0.112,1.024,-2.639,-162.32,11.84,14.56,1,0.912,-17.93,3.4,6.667,1,5,0.098,0.0462,0.085,0.0555
179.039,1,0.783,-18.97,15.14,5,67.0,21.11,0.0904,-0.0911,0.072,-0.002,-0.101,1.021,-2.64,-162.55,11.84,14.47,1,0.918,-17.93,2.15,7.645,1,5,0.0943,0.0536,0.0851,0.0536
179.075,1,0.782,-18.72,14.85,5,67.1,21.1,0.1046,-0.0947,0.074,0.0,-0.061,1.02,-2.64,-162.66,11.84,14.47,1,0.918,-17.93,2.15,7.645,1,5,0.0924,0.0592,0.0887,0.0555
179.106,1,0.781,-18.72,15.07,5,66.9,21.11,0.1184,-0.1136,0.075,0.001,-0.07,1.017,-2.641,-162.83,11.84,14.47,1,0.918,-17.45,0.46,7.511,1,5,0.0888,0.061,0.0906,0.0592
179.146,1,0.785,-18.22,14.51,5,66.9,21.1,0.1328,-0.148,0.082,-0.001,-0.096,1.014,-2.642,-163.01,11.84,14.47,1,0.922,-17.45,-0.0,0.0,0,5,0.0958,0.0645,0.0958,0.07
179.175,1,0.784,-17.97,14.42,5,66.7,21.1,0.1396,-0.1557,0.085,-0.003,-0.09,1.012,-2.643,-163.12,11.84,14.47,1,0.922,-17.45,-0.0,0.0,0,5,0.1013,0.0663,0.0976,0.0737
179.207,1,0.778,-17.72,14.61,5,66.0,21.11,0.1514,-0.178,0.098,-0.003,-0.098,1.008,-2.644,-163.35,11.84,14.47,1,0.916,-17.45,-1.02,6.287,1,5,0.1197,0.0774,0.1124,0.0829
179.238,1,0.787,-17.72,14.06,5,67.7,21.1,0.1505,-0.1834,0.115,-0.004,-0.199,1.002,-2.645,-163.75,11.84,15.58,1,0.921,-16.96,-2.93,6.075,1,5,0.1424,0.0887,0.1331,0.0943
179.27,1,0.773,-16.72,13.63,5,67.9,21.11,0.1531,-0.1744,0.124,-0.003,-0.156,1.0,-2.646,-163.92,11.84,15.58,1,0.921,-16.96,-2.93,6.075,1,5,0.1516,0.0961,0.1461,0.1017
179.304,1,0.783,-16.72,13.62,5,68.9,20.56,0.1551,-0.179,0.141,-0.0,-0.2,0.994,-2.648,-164.32,11.84,15.58,1,0.921,-16.96,-2.93,6.075,1,5,0.1703,0.111,0.1703,0.1129
179.342,1,0.774,-16.22,13.06,5,67.4,20.56,0.1552,-0.1781,0.15,0.001,-0.206,0.988,-2.649,-164.78,11.84,15.58,1,0.921,-16.96,-2.93,6.075,1,5,0.1796,0.1185,0.1852,0.1185
179.369,1,0.768,-16.22,12.51,5,66.1,20.56,0.1578,-0.1737,0.153,0.001,-0.226,0.985,-2.65,-165.07,11.84,15.58,1,0.909,-18.42,-9.64,5.423,1,5,0.1833,0.1185,0.1907,0.1204
179.41,1,0.783,-15.72,11.92,5,67.7,20.56,0.1605,-0.1632,0.158,-0.0,-0.178,0.979,-2.652,-165.47,11.84,15.58,1,0.927,-18.9,-12.61,5.087,1,5,0.1924,0.1203,0.1961,0.124
179.473,1,0.804,-15.22,11.36,5,70.2,21.1,0.1633,-0.1575,0.168,0.004,-0.248,0.969,-2.655,-166.16,11.84,15.01,1,0.927,-18.9,-12.42,2.42,1,5,0.2015,0.1405,0.2033,0.1275
179.506,1,0.807,-15.22,10.75,5,70.1,20.56,0.1659,-0.1525,0.172,0.003,-0.176,0.962,-2.656,-166.56,11.84,15.01,1,0.914,-19.87,-14.67,3.246,1,5,0.2017,0.1462,0.2035,0.1351
179.54,1,0.818,-14.72,10.49,5,72.0,20.56,0.1688,-0.1402,0.173,-0.0,-0.18,0.955,-2.658,-166.96,11.84,15.01,1,0.914,-19.87,-14.67,3.246,1,5,0.2018,0.1444,0.2,0.1444
179.575,1,0.814,-13.98,10.0,5,71.6,20.56,0.1701,-0.1402,0.173,0.0,-0.122,0.952,-2.659,-167.13,11.84,15.01,1,0.925,-19.87,-18.12,0.0,0,5,0.2,0.1444,0.2018,0.1463
179.608,1,0.818,-13.48,9.79,5,71.8,20.56,0.1724,-0.1383,0.176,0.0,-0.118,0.944,-2.66,-167.42,11.84,15.01,1,0.93,-19.39,-18.58,0.0,0,5,0.1982,0.1455,0.2073,0.1528
179.645,1,0.81,-13.23,9.62,5,72.5,20.56,0.1734,-0.1384,0.178,-0.0,-0.183,0.937,-2.662,-167.82,11.84,11.82,1,0.92,-19.39,-19.87,0.0,0,5,0.2014,0.1492,0.2068,0.1564
179.67,1,0.808,-13.23,9.43,5,72.7,20.56,0.1742,-0.1373,0.18,-0.003,-0.157,0.933,-2.662,-167.99,11.84,11.82,1,0.92,-19.39,-19.87,0.0,0,5,0.207,0.1499,0.2052,0.1588
179.707,1,0.815,-12.73,8.92,5,72.9,20.56,0.1751,-0.1318,0.181,-0.003,-0.129,0.926,-2.664,-168.34,11.84,11.82,1,0.92,-19.39,-19.87,0.0,0,5,0.2105,0.1561,0.2014,0.1579
179.742,1,0.808,-12.73,8.68,5,73.5,20.56,0.1775,-0.1268,0.184,-0.002,-0.138,0.919,-2.665,-168.68,11.84,11.82,1,0.899,-15.03,-13.58,1.711,1,5,0.2093,0.1524,0.2111,0.1615
179.804,1,0.799,-12.23,7.86,5,72.1,20.0,0.1776,-0.1182,0.184,-0.003,-0.107,0.908,-2.667,-169.08,11.84,11.82,1,0.873,-11.63,-10.9,0.593,1,5,0.2164,0.1504,0.2109,0.1577
179.874,1,0.795,-12.48,7.51,5,71.3,20.0,0.1681,-0.0922,0.188,-0.002,-0.12,0.897,-2.669,-169.71,11.84,7.41,1,0.873,-11.63,-10.9,0.593,1,5,0.2161,0.1644,0.2087,0.1644
179.91,1,0.786,-12.23,7.09,5,70.8,20.56,0.1445,-0.0572,0.19,0.001,-0.089,0.889,-2.671,-169.94,11.84,7.41,1,0.836,-6.3,-5.6,-2.216,1,5,0.2037,0.1667,0.2167,0.1741
179.973,1,0.791,-10.98,7.3,5,76.2,20.81,0.1655,-0.0694,0.185,0.001,-0.105,0.878,-2.673,-170.17,11.84,7.41,1,0.861,-4.36,3.48,1.547,1,5,0.1998,0.161,0.2109,0.1665
